roi_id,bin_0,bin_1,bin_2,bin_3,bin_4,bin_5,bin_6,bin_7,bin_8,bin_9,bin_10,bin_11,bin_12,bin_13,bin_14,bin_15,bin_16,bin_17,bin_18,bin_19,bin_20,bin_21,bin_22,bin_23,bin_24,bin_25,bin_26,bin_27,bin_28,bin_29,bin_30,bin_31,bin_32,bin_33,bin_34,bin_35,bin_36,bin_37,bin_38,bin_39,bin_40,bin_41,bin_42,bin_43,bin_44,bin_45,bin_46,bin_47,bin_48,bin_49
0,,,,,,,,,,,,,,0.000010,0.000219,0.000143,0.000119,0.000101,0.000116,0.000113,0.000088,0.000066,0.000064,0.000062,0.000059,0.000048,0.000055,0.000056,0.000047,0.000040,0.000038,0.000021,0.000030,0.000059,0.000112,0.000195,0.000280,0.000178,0.000110,0.000250,0.000375,0.000341,0.000337,0.000342,0.000329,0.000248,0.000176,0.000329,0.000472,0.000522
1,,,,,,,,,,,,,,0.000006,0.000155,0.000149,0.000134,0.000128,0.000152,0.000152,0.000174,0.000140,0.000093,0.000109,0.000110,0.000117,0.000094,0.000114,0.000086,0.000085,0.000088,0.000104,0.000096,0.000090,0.000064,0.000057,0.000034,0.000018,0.000017,0.000061,0.000087,0.000071,0.000063,0.000059,0.000076,0.000068,0.000058,0.000045,0.000107,0.000155
2,,,,,,,,,,,,,,0.000007,0.000128,0.000120,0.000087,0.000094,0.000112,0.000102,0.000110,0.000110,0.000114,0.000113,0.000114,0.000128,0.000126,0.000118,0.000096,0.000076,0.000065,0.000056,0.000047,0.000097,0.000179,0.000369,0.000553,0.000268,0.000214,0.000567,0.000602,0.000594,0.000390,0.000383,0.000375,0.000367,0.000214,0.000143,0.000370,0.000556
3,,,,,,,,,,,,,,0.000014,0.000259,0.000192,0.000139,0.000134,0.000177,0.000410,0.000625,0.000587,0.000350,0.000182,0.000129,0.000115,0.000125,0.000129,0.000108,0.000129,0.000122,0.000150,0.000164,0.000189,0.000267,0.000447,0.000410,0.000216,0.000115,0.000420,0.000761,0.000666,0.000535,0.000363,0.000440,0.000399,0.000216,0.000174,0.000390,0.000572
4,,,,,,,,,,,,,,0.000006,0.000101,0.000107,0.000069,0.000066,0.000088,0.000091,0.000075,0.000067,0.000062,0.000056,0.000055,0.000059,0.000049,0.000051,0.000049,0.000046,0.000064,0.000072,0.000071,0.000062,0.000058,0.000054,0.000041,0.000044,0.000074,0.000144,0.000239,0.000311,0.000197,0.000220,0.000143,0.000138,0.000082,0.000174,0.000198,0.000268
5,,,,,,,,,,,,,,0.000013,0.000194,0.000150,0.000091,0.000109,0.000414,0.000443,0.000586,0.000606,0.000312,0.000151,0.000088,0.000099,0.000066,0.000059,0.000053,0.000055,0.000076,0.000116,0.000120,0.000097,0.000062,0.000040,0.000029,0.000021,0.000014,0.000042,0.000099,0.000137,0.000205,0.000224,0.000404,0.000318,0.000198,0.000214,0.000643,0.000934
6,,,,,,,,,,,,,,0.000003,0.000042,0.000041,0.000041,0.000035,0.000053,0.000063,0.000072,0.000062,0.000050,0.000061,0.000064,0.000068,0.000065,0.000066,0.000064,0.000060,0.000068,0.000108,0.000178,0.000317,0.000501,0.000712,0.000766,0.000221,0.000131,0.000284,0.000475,0.000451,0.000396,0.000325,0.000231,0.000163,0.000075,0.000060,0.000109,0.000127
7,,,,,,,,,,,,,,0.000006,0.000131,0.000095,0.000065,0.000055,0.000071,0.000107,0.000251,0.000909,0.000537,0.000442,0.000347,0.000219,0.000215,0.000174,0.000125,0.000145,0.000182,0.000250,0.000242,0.000220,0.000277,0.000242,0.000260,0.000180,0.000121,0.000360,0.000574,0.000539,0.000711,0.000532,0.000511,0.000411,0.000212,0.000146,0.000264,0.000319
8,,,,,,,,,,,,,,0.000006,0.000110,0.000096,0.000068,0.000059,0.000087,0.000138,0.000123,0.000078,0.000060,0.000032,0.000027,0.000032,0.000029,0.000029,0.000024,0.000030,0.000038,0.000038,0.000043,0.000085,0.000147,0.000290,0.000471,0.000211,0.000166,0.000323,0.000593,0.000666,0.000494,0.000409,0.000345,0.000243,0.000130,0.000119,0.000347,0.000317
9,,,,,,,,,,,,,,0.000010,0.000204,0.000162,0.000104,0.000103,0.000113,0.000139,0.000454,0.000422,0.000203,0.000123,0.000094,0.000097,0.000116,0.000146,0.000114,0.000215,0.000138,0.000148,0.000224,0.000205,0.000158,0.000114,0.000090,0.000043,0.000028,0.000104,0.000231,0.000483,0.000532,0.000470,0.000550,0.000594,0.000386,0.000346,0.000498,0.000476
10,,,,,,,,,,,,,,0.000009,0.000186,0.000145,0.000113,0.000100,0.000111,0.000105,0.000140,0.000120,0.000095,0.000102,0.000094,0.000084,0.000089,0.000086,0.000078,0.000064,0.000050,0.000050,0.000050,0.000042,0.000032,0.000023,0.000027,0.000048,0.000064,0.000116,0.000160,0.000165,0.000142,0.000139,0.000206,0.000192,0.000096,0.000109,0.000157,0.000242
11,,,,,,,,,,,,,,0.000004,0.000073,0.000051,0.000037,0.000044,0.000065,0.000068,0.000065,0.000057,0.000060,0.000049,0.000041,0.000034,0.000034,0.000032,0.000029,0.000038,0.000049,0.000063,0.000064,0.000084,0.000100,0.000122,0.000155,0.000076,0.000060,0.000080,0.000101,0.000086,0.000069,0.000076,0.000082,0.000067,0.000035,0.000034,0.000113,0.000164
12,,,,,,,,,,,,,,0.000005,0.000074,0.000055,0.000051,0.000047,0.000079,0.000078,0.000109,0.000095,0.000127,0.000099,0.000088,0.000168,0.000106,0.000120,0.000116,0.000163,0.000180,0.000207,0.000342,0.000533,0.000877,0.001162,0.001195,0.000363,0.000141,0.000370,0.000600,0.000517,0.000322,0.000303,0.000262,0.000228,0.000114,0.000097,0.000184,0.000280
13,,,,,,,,,,,,,,0.000005,0.000104,0.000071,0.000054,0.000055,0.000058,0.000058,0.000052,0.000045,0.000040,0.000036,0.000027,0.000054,0.000054,0.000053,0.000060,0.000108,0.000092,0.000106,0.000173,0.000185,0.000267,0.000305,0.000195,0.000057,0.000027,0.000101,0.000205,0.000189,0.000176,0.000136,0.000163,0.000179,0.000115,0.000198,0.000176,0.000260
14,,,,,,,,,,,,,,0.000007,0.000206,0.000169,0.000141,0.000119,0.000123,0.000127,0.000141,0.000095,0.000090,0.000078,0.000070,0.000083,0.000073,0.000061,0.000054,0.000046,0.000041,0.000046,0.000048,0.000060,0.000074,0.000108,0.000160,0.000154,0.000080,0.000107,0.000168,0.000148,0.000130,0.000155,0.000122,0.000119,0.000098,0.000093,0.000097,0.000112
15,,,,,,,,,,,,,,0.000006,0.000114,0.000092,0.000066,0.000044,0.000032,0.000088,0.000159,0.000179,0.000146,0.000123,0.000130,0.000155,0.000110,0.000126,0.000101,0.000099,0.000082,0.000089,0.000103,0.000175,0.000303,0.000532,0.000570,0.000192,0.000118,0.000301,0.000531,0.000506,0.000416,0.000423,0.000377,0.000313,0.000142,0.000132,0.000151,0.000203
16,,,,,,,,,,,,,,0.000008,0.000178,0.000241,0.000235,0.000398,0.000448,0.000372,0.000400,0.000328,0.000325,0.000290,0.000266,0.000221,0.000201,0.000187,0.000180,0.000174,0.000130,0.000180,0.000169,0.000250,0.000345,0.000435,0.000410,0.000135,0.000059,0.000375,0.000820,0.000901,0.000811,0.000648,0.000508,0.000425,0.000223,0.000160,0.000182,0.000233
17,,,,,,,,,,,,,,0.000011,0.000228,0.000172,0.000129,0.000125,0.000148,0.000175,0.000196,0.000293,0.000159,0.000139,0.000130,0.000170,0.000133,0.000129,0.000095,0.000072,0.000064,0.000061,0.000058,0.000052,0.000043,0.000032,0.000041,0.000022,0.000020,0.000037,0.000054,0.000069,0.000098,0.000194,0.000403,0.000493,0.000562,0.000790,0.000713,0.000630
18,,,,,,,,,,,,,,0.000007,0.000178,0.000167,0.000140,0.000123,0.000132,0.000136,0.000109,0.000080,0.000068,0.000062,0.000052,0.000052,0.000027,0.000013,0.000013,0.000021,0.000031,0.000022,0.000024,0.000038,0.000048,0.000061,0.000054,0.000218,0.000191,0.000406,0.000385,0.000338,0.000260,0.000237,0.000222,0.000185,0.000147,0.000235,0.000277,0.000370
19,,,,,,,,,,,,,,0.000005,0.000107,0.000123,0.000096,0.000119,0.000128,0.000133,0.000125,0.000109,0.000088,0.000081,0.000077,0.000078,0.000081,0.000103,0.000090,0.000089,0.000110,0.000095,0.000097,0.000132,0.000159,0.000167,0.000205,0.000111,0.000056,0.000115,0.000281,0.000316,0.000308,0.000343,0.000311,0.000268,0.000091,0.000094,0.000151,0.000177
20,,,,,,,,,,,,,,0.000018,0.000352,0.000371,0.000222,0.000186,0.000235,0.000363,0.000327,0.000239,0.000165,0.000177,0.000178,0.000194,0.000213,0.000251,0.000293,0.000301,0.000356,0.000417,0.000400,0.000361,0.000240,0.000193,0.000123,0.000025,0.000016,0.000038,0.000079,0.000073,0.000071,0.000072,0.000054,0.000043,0.000029,0.000019,0.000083,0.000129
21,,,,,,,,,,,,,,0.000005,0.000100,0.000080,0.000070,0.000081,0.000081,0.000077,0.000081,0.000076,0.000059,0.000047,0.000036,0.000041,0.000031,0.000028,0.000019,0.000032,0.000026,0.000021,0.000050,0.000125,0.000251,0.000421,0.000448,0.000156,0.000084,0.000322,0.000617,0.000557,0.000451,0.000448,0.000453,0.000433,0.000207,0.000309,0.000290,0.000315
22,,,,,,,,,,,,,,0.000005,0.000090,0.000063,0.000064,0.000120,0.000243,0.000509,0.000731,0.000725,0.000538,0.000488,0.000472,0.000615,0.000433,0.000435,0.000286,0.000225,0.000148,0.000126,0.000093,0.000071,0.000059,0.000058,0.000067,0.000030,0.000017,0.000148,0.000414,0.000488,0.000448,0.000435,0.000458,0.000458,0.000205,0.000248,0.000546,0.000321
23,,,,,,,,,,,,,,0.000003,0.000090,0.000108,0.000189,0.000250,0.000272,0.000300,0.000352,0.000408,0.000407,0.000266,0.000273,0.000454,0.000324,0.000360,0.000425,0.000494,0.000669,0.001032,0.001279,0.001320,0.001051,0.000811,0.000475,0.000084,0.000034,0.000072,0.000071,0.000078,0.000055,0.000064,0.000072,0.000088,0.000079,0.000066,0.000066,0.000112
24,,,,,,,,,,,,,,0.000007,0.000214,0.000227,0.000192,0.000188,0.000282,0.000255,0.000208,0.000155,0.000129,0.000134,0.000115,0.000087,0.000099,0.000103,0.000115,0.000115,0.000111,0.000082,0.000097,0.000133,0.000235,0.000370,0.000446,0.000133,0.000051,0.000206,0.000452,0.000518,0.000458,0.000260,0.000272,0.000252,0.000161,0.000171,0.000286,0.000382
25,,,,,,,,,,,,,,0.000006,0.001044,0.000662,0.000238,0.000238,0.000224,0.000257,0.000233,0.000214,0.000237,0.000183,0.000160,0.000136,0.000133,0.000102,0.000105,0.000082,0.000078,0.000117,0.000145,0.000201,0.000329,0.000227,0.000128,0.000039,0.000025,0.000077,0.000176,0.000162,0.000198,0.000176,0.000189,0.000219,0.000101,0.000080,0.000135,0.000182
26,,,,,,,,,,,,,,0.000024,0.000290,0.000186,0.000119,0.000139,0.000229,0.000253,0.000213,0.000172,0.000171,0.000132,0.000104,0.000070,0.000068,0.000048,0.000025,0.000018,0.000012,0.000028,0.000075,0.000189,0.000302,0.000310,0.000223,0.000061,0.000034,0.000098,0.000210,0.000260,0.000392,0.000480,0.000697,0.000875,0.000647,0.000789,0.001700,0.002395
27,,,,,,,,,,,,,,0.000006,0.000101,0.000086,0.000067,0.000071,0.000076,0.000084,0.000063,0.000068,0.000069,0.000070,0.000058,0.000063,0.000056,0.000050,0.000044,0.000037,0.000039,0.000035,0.000032,0.000023,0.000018,0.000028,0.000034,0.000074,0.000037,0.000096,0.000189,0.000321,0.000245,0.000339,0.000407,0.000236,0.000155,0.000136,0.000231,0.000319
28,,,,,,,,,,,,,,0.000009,0.000176,0.000096,0.000089,0.000094,0.000119,0.000124,0.000105,0.000076,0.000127,0.000092,0.000074,0.000063,0.000044,0.000037,0.000033,0.000041,0.000034,0.000061,0.000131,0.000296,0.000462,0.000501,0.000411,0.000122,0.000064,0.000150,0.000277,0.000295,0.000353,0.000356,0.000390,0.000401,0.000265,0.000333,0.000549,0.000747
29,,,,,,,,,,,,,,0.000005,0.000116,0.000073,0.000074,0.000085,0.000124,0.000110,0.000102,0.000081,0.000054,0.000067,0.000072,0.000054,0.000058,0.000047,0.000037,0.000034,0.000041,0.000057,0.000104,0.000195,0.000335,0.000606,0.000616,0.000236,0.000059,0.000144,0.000223,0.000261,0.000280,0.000326,0.000259,0.000303,0.000173,0.000126,0.000320,0.000333
30,,,,,,,,,,,,,,0.000009,0.000242,0.000214,0.000202,0.000172,0.000174,0.000144,0.000425,0.000248,0.000310,0.000132,0.000096,0.000090,0.000088,0.000110,0.000124,0.000124,0.000125,0.000123,0.000118,0.000148,0.000193,0.000221,0.000170,0.000046,0.000020,0.000127,0.000290,0.000396,0.000437,0.000454,0.000516,0.000593,0.000278,0.000364,0.000449,0.000457
31,,,,,,,,,,,,,,0.000048,0.000651,0.000510,0.000408,0.000325,0.000410,0.000327,0.000275,0.000235,0.000172,0.000190,0.000157,0.000125,0.000132,0.000133,0.000129,0.000132,0.000124,0.000102,0.000087,0.000086,0.000069,0.000075,0.000063,0.000022,0.000008,0.000036,0.000137,0.000177,0.000153,0.000140,0.000127,0.000103,0.000055,0.000040,0.000196,0.000594
32,,,,,,,,,,,,,,0.000002,0.000075,0.000091,0.000064,0.000056,0.000075,0.000104,0.000100,0.000095,0.000111,0.000137,0.000164,0.000190,0.000208,0.000302,0.000302,0.000269,0.000369,0.000465,0.000619,0.000619,0.000497,0.000316,0.000198,0.000077,0.000045,0.000092,0.000132,0.000114,0.000156,0.000169,0.000174,0.000141,0.000096,0.000093,0.000138,0.000150
33,,,,,,,,,,,,,,0.000005,0.000124,0.000095,0.000063,0.000047,0.000051,0.000043,0.000053,0.000081,0.000115,0.000081,0.000107,0.000263,0.000198,0.000304,0.000342,0.000463,0.000571,0.000885,0.000991,0.000969,0.000747,0.000494,0.000269,0.000057,0.000046,0.000159,0.000140,0.000151,0.000142,0.000159,0.000143,0.000134,0.000062,0.000062,0.000121,0.000131
34,,,,,,,,,,,,,,0.000007,0.000216,0.000171,0.000110,0.000089,0.000084,0.000153,0.000475,0.000347,0.000118,0.000077,0.000064,0.000070,0.000068,0.000071,0.000069,0.000078,0.000089,0.000087,0.000084,0.000072,0.000063,0.000059,0.000053,0.000050,0.000081,0.000161,0.000191,0.000174,0.000125,0.000159,0.000160,0.000135,0.000124,0.000073,0.000136,0.000171
35,,,,,,,,,,,,,,0.000003,0.000348,0.000240,0.000052,0.000064,0.000108,0.000111,0.000118,0.000105,0.000154,0.000173,0.000147,0.000130,0.000127,0.000125,0.000110,0.000083,0.000072,0.000074,0.000063,0.000071,0.000098,0.000162,0.000236,0.000114,0.000077,0.000138,0.000243,0.000304,0.000373,0.000490,0.000470,0.000407,0.000199,0.000125,0.000180,0.000219
36,,,,,,,,,,,,,,0.000011,0.000336,0.000397,0.000193,0.000183,0.000171,0.000251,0.000388,0.000212,0.000111,0.000116,0.000082,0.000068,0.000057,0.000053,0.000047,0.000053,0.000046,0.000031,0.000039,0.000035,0.000036,0.000043,0.000046,0.000082,0.000052,0.000101,0.000161,0.000201,0.000242,0.000232,0.000221,0.000223,0.000228,0.000330,0.000421,0.000278
37,,,,,,,,,,,,,,0.000007,0.000123,0.000120,0.000097,0.000112,0.000156,0.000201,0.000195,0.000154,0.000162,0.000184,0.000152,0.000125,0.000124,0.000096,0.000094,0.000088,0.000095,0.000128,0.000128,0.000123,0.000161,0.000238,0.000199,0.000036,0.000013,0.000050,0.000168,0.000196,0.000267,0.000408,0.000621,0.000729,0.000594,0.000435,0.000345,0.000425
38,,,,,,,,,,,,,,0.000003,0.000065,0.000072,0.000046,0.000068,0.000088,0.000089,0.000086,0.000119,0.000112,0.000183,0.000192,0.000192,0.000179,0.000135,0.000105,0.000088,0.000080,0.000087,0.000109,0.000195,0.000263,0.000357,0.000389,0.000117,0.000109,0.000354,0.000293,0.000218,0.000122,0.000105,0.000086,0.000084,0.000048,0.000047,0.000087,0.000119
39,,,,,,,,,,,,,,0.000007,0.000209,0.000386,0.000438,0.000547,0.000711,0.000697,0.000599,0.000455,0.000314,0.000369,0.000271,0.000163,0.000173,0.000141,0.000122,0.000081,0.000074,0.000076,0.000071,0.000113,0.000190,0.000259,0.000225,0.000053,0.000031,0.000192,0.000506,0.000562,0.000538,0.000446,0.000405,0.000244,0.000105,0.000050,0.000151,0.000154
40,,,,,,,,,,,,,,0.000024,0.000347,0.000270,0.000180,0.000137,0.000167,0.000143,0.000126,0.000122,0.000104,0.000109,0.000102,0.000090,0.000078,0.000067,0.000047,0.000043,0.000028,0.000027,0.000022,0.000034,0.000048,0.000053,0.000035,0.000024,0.000019,0.000057,0.000139,0.000168,0.000188,0.000212,0.000401,0.000689,0.000494,0.000349,0.001040,0.001811
41,,,,,,,,,,,,,,0.000020,0.000479,0.000527,0.000450,0.000376,0.000382,0.000345,0.000291,0.000218,0.000177,0.000178,0.000148,0.000139,0.000101,0.000083,0.000086,0.000066,0.000078,0.000083,0.000065,0.000058,0.000071,0.000063,0.000061,0.000043,0.000031,0.000085,0.000144,0.000181,0.000216,0.000234,0.000279,0.000346,0.000443,0.000798,0.000716,0.000415
42,,,,,,,,,,,,,,0.000012,0.000276,0.000212,0.000152,0.000154,0.000157,0.000153,0.000116,0.000088,0.000060,0.000071,0.000046,0.000038,0.000024,0.000018,0.000016,0.000028,0.000023,0.000031,0.000059,0.000094,0.000174,0.000218,0.000191,0.000089,0.000051,0.000157,0.000411,0.000433,0.000556,0.000525,0.000498,0.000484,0.000220,0.000180,0.000229,0.000350
43,,,,,,,,,,,,,,0.000011,0.000194,0.000203,0.000188,0.000153,0.000162,0.000148,0.000164,0.000111,0.000090,0.000132,0.000105,0.000100,0.000098,0.000092,0.000081,0.000078,0.000097,0.000186,0.000274,0.000258,0.000181,0.000143,0.000108,0.000063,0.000049,0.000168,0.000201,0.000202,0.000194,0.000227,0.000255,0.000209,0.000147,0.000169,0.000659,0.001134
44,,,,,,,,,,,,,,0.000006,0.000165,0.000103,0.000086,0.000067,0.000071,0.000067,0.000070,0.000075,0.000089,0.000088,0.000076,0.000075,0.000054,0.000037,0.000084,0.000145,0.000211,0.000086,0.000127,0.000202,0.000297,0.000412,0.000438,0.000175,0.000090,0.000235,0.000312,0.000282,0.000202,0.000185,0.000225,0.000285,0.000128,0.000104,0.000178,0.000232
45,,,,,,,,,,,,,,0.000003,0.000058,0.000061,0.000046,0.000036,0.000060,0.000084,0.000144,0.000252,0.000252,0.000316,0.000332,0.000589,0.000285,0.000315,0.000191,0.000174,0.000134,0.000116,0.000109,0.000181,0.000258,0.000386,0.000451,0.000170,0.000122,0.000325,0.000262,0.000159,0.000115,0.000102,0.000098,0.000088,0.000063,0.000052,0.000102,0.000135
46,,,,,,,,,,,,,,0.000005,0.000116,0.000096,0.000066,0.000058,0.000061,0.000076,0.000086,0.000059,0.000060,0.000064,0.000064,0.000068,0.000057,0.000045,0.000033,0.000022,0.000019,0.000026,0.000025,0.000022,0.000024,0.000029,0.000027,0.000069,0.000043,0.000096,0.000142,0.000142,0.000130,0.000192,0.000223,0.000201,0.000095,0.000107,0.000192,0.000221
47,,,,,,,,,,,,,,0.000009,0.000156,0.000099,0.000094,0.000085,0.000106,0.000108,0.000081,0.000079,0.000058,0.000069,0.000076,0.000068,0.000065,0.000064,0.000064,0.000065,0.000065,0.000073,0.000102,0.000343,0.000579,0.000685,0.000508,0.000140,0.000062,0.000359,0.000589,0.000590,0.000541,0.000525,0.000482,0.000443,0.000192,0.000164,0.000409,0.000700
48,,,,,,,,,,,,,,0.000006,0.000201,0.000184,0.000112,0.000112,0.000123,0.000117,0.000128,0.000099,0.000164,0.000142,0.000147,0.000166,0.000154,0.000145,0.000118,0.000095,0.000101,0.000100,0.000105,0.000133,0.000143,0.000179,0.000184,0.000090,0.000062,0.000155,0.000239,0.000209,0.000158,0.000154,0.000186,0.000166,0.000071,0.000050,0.000127,0.000169
49,,,,,,,,,,,,,,0.000013,0.000274,0.000241,0.000172,0.000167,0.000339,0.000480,0.000406,0.000433,0.000249,0.000145,0.000115,0.000079,0.000081,0.000078,0.000063,0.000043,0.000037,0.000026,0.000023,0.000026,0.000052,0.000148,0.000240,0.000095,0.000070,0.000114,0.000319,0.000304,0.000245,0.000250,0.000286,0.000184,0.000175,0.000191,0.000132,0.000191
50,,,,,,,,,,,,,,0.000014,0.000408,0.000899,0.000278,0.000250,0.000339,0.000347,0.000343,0.000291,0.000256,0.000311,0.000257,0.000182,0.000156,0.000100,0.000075,0.000056,0.000053,0.000064,0.000060,0.000052,0.000040,0.000038,0.000025,0.000037,0.000024,0.000052,0.000081,0.000093,0.000172,0.000218,0.000145,0.000137,0.000082,0.000119,0.000746,0.000298
51,,,,,,,,,,,,,,0.000010,0.000270,0.000251,0.000175,0.000147,0.000149,0.000136,0.000130,0.000076,0.000066,0.000077,0.000065,0.000069,0.000053,0.000109,0.000133,0.000097,0.000119,0.000091,0.000177,0.000392,0.000681,0.000935,0.000881,0.000252,0.000143,0.000317,0.000428,0.000357,0.000299,0.000264,0.000253,0.000162,0.000122,0.000134,0.000161,0.000145
52,,,,,,,,,,,,,,0.000007,0.000196,0.000213,0.000183,0.000227,0.000322,0.000381,0.000368,0.000322,0.000253,0.000284,0.000217,0.000193,0.000166,0.000151,0.000147,0.000128,0.000116,0.000119,0.000119,0.000160,0.000168,0.000170,0.000111,0.000074,0.000062,0.000110,0.000218,0.000190,0.000165,0.000129,0.000097,0.000079,0.000040,0.000033,0.000066,0.000135
53,,,,,,,,,,,,,,0.000003,0.000143,0.000199,0.000225,0.000393,0.000642,0.000851,0.001034,0.000948,0.000743,0.000992,0.000890,0.000757,0.000713,0.000633,0.000504,0.000395,0.000293,0.000252,0.000223,0.000294,0.000328,0.000413,0.000324,0.000131,0.000040,0.000107,0.000174,0.000148,0.000111,0.000073,0.000057,0.000039,0.000037,0.000040,0.000036,0.000060
54,,,,,,,,,,,,,,0.000042,0.001113,0.000875,0.000574,0.000554,0.000584,0.000549,0.000443,0.000353,0.000278,0.000319,0.000288,0.000197,0.000195,0.000165,0.000145,0.000113,0.000094,0.000098,0.000093,0.000091,0.000063,0.000060,0.000046,0.000013,0.000009,0.000034,0.000065,0.000063,0.000058,0.000039,0.000055,0.000054,0.000040,0.000049,0.000165,0.000396
55,,,,,,,,,,,,,,0.000006,0.000162,0.000127,0.000109,0.000113,0.000137,0.000152,0.000249,0.000383,0.000218,0.000210,0.000184,0.000157,0.000145,0.000148,0.000148,0.000147,0.000173,0.000180,0.000181,0.000207,0.000192,0.000169,0.000120,0.000129,0.000098,0.000307,0.000260,0.000215,0.000169,0.000142,0.000154,0.000121,0.000127,0.000143,0.000191,0.000253
56,,,,,,,,,,,,,,0.000006,0.000126,0.000109,0.000081,0.000081,0.000104,0.000110,0.000096,0.000101,0.000105,0.000107,0.000103,0.000083,0.000101,0.000112,0.000105,0.000115,0.000123,0.000142,0.000184,0.000194,0.000223,0.000248,0.000202,0.000072,0.000029,0.000198,0.000428,0.000470,0.000487,0.000397,0.000365,0.000374,0.000270,0.000213,0.000271,0.000356
57,,,,,,,,,,,,,,0.000012,0.000318,0.000356,0.000262,0.000241,0.000281,0.000338,0.000331,0.000249,0.000203,0.000208,0.000191,0.000200,0.000201,0.000180,0.000168,0.000181,0.000186,0.000244,0.000226,0.000181,0.000142,0.000095,0.000052,0.000030,0.000012,0.000036,0.000069,0.000123,0.000205,0.000327,0.000365,0.000348,0.000175,0.000231,0.000428,0.000429
58,,,,,,,,,,,,,,0.000043,0.000885,0.000996,0.000883,0.000989,0.001129,0.001261,0.001021,0.000808,0.000587,0.000664,0.000501,0.000378,0.000366,0.000295,0.000254,0.000181,0.000145,0.000133,0.000099,0.000082,0.000060,0.000046,0.000034,0.000018,0.000010,0.000027,0.000038,0.000049,0.000135,0.000104,0.000171,0.000254,0.000124,0.000222,0.001087,0.000731
59,,,,,,,,,,,,,,0.000005,0.000121,0.000130,0.000095,0.000096,0.000138,0.000159,0.000225,0.000242,0.000173,0.000185,0.000161,0.000171,0.000163,0.000117,0.000094,0.000070,0.000052,0.000041,0.000029,0.000040,0.000088,0.000192,0.000323,0.000172,0.000134,0.000246,0.000241,0.000148,0.000129,0.000115,0.000126,0.000110,0.000072,0.000042,0.000086,0.000151
60,,,,,,,,,,,,,,0.000006,0.000150,0.000139,0.000114,0.000096,0.000097,0.000106,0.000103,0.000094,0.000089,0.000098,0.000078,0.000054,0.000054,0.000044,0.000039,0.000036,0.000051,0.000038,0.000045,0.000048,0.000070,0.000109,0.000165,0.000152,0.000115,0.000278,0.000368,0.000316,0.000197,0.000178,0.000113,0.000069,0.000044,0.000031,0.000058,0.000082
61,,,,,,,,,,,,,,0.000003,0.000088,0.000061,0.000046,0.000044,0.000064,0.000068,0.000078,0.000053,0.000080,0.000134,0.000138,0.000355,0.000291,0.000225,0.000184,0.000184,0.000232,0.000343,0.000451,0.000572,0.000488,0.000407,0.000320,0.000096,0.000066,0.000154,0.000176,0.000246,0.000155,0.000168,0.000113,0.000114,0.000083,0.000069,0.000070,0.000092
62,,,,,,,,,,,,,,0.000006,0.000125,0.000097,0.000097,0.000115,0.000148,0.000176,0.000140,0.000095,0.000075,0.000093,0.000093,0.000098,0.000133,0.000153,0.000198,0.000204,0.000272,0.000385,0.000590,0.000960,0.001120,0.001287,0.001003,0.000219,0.000099,0.000223,0.000224,0.000188,0.000114,0.000085,0.000077,0.000052,0.000031,0.000063,0.000167,0.000268
63,,,,,,,,,,,,,,0.000004,0.000076,0.000055,0.000114,0.000169,0.000179,0.000203,0.000181,0.000183,0.000215,0.000145,0.000110,0.000144,0.000138,0.000159,0.000191,0.000317,0.000325,0.000513,0.000706,0.000922,0.000957,0.000615,0.000322,0.000067,0.000026,0.000074,0.000106,0.000090,0.000093,0.000096,0.000089,0.000085,0.000057,0.000046,0.000081,0.000121
64,,,,,,,,,,,,,,0.000009,0.000370,0.000457,0.000168,0.000167,0.000155,0.000164,0.000187,0.000132,0.000157,0.000147,0.000121,0.000111,0.000129,0.000082,0.000088,0.000086,0.000081,0.000092,0.000093,0.000084,0.000070,0.000063,0.000058,0.000023,0.000014,0.000070,0.000238,0.000162,0.000170,0.000122,0.000163,0.000108,0.000070,0.000060,0.000339,0.000288
65,,,,,,,,,,,,,,0.000009,0.000166,0.000135,0.000083,0.000094,0.000161,0.000236,0.000334,0.000382,0.000365,0.000352,0.000351,0.000490,0.000379,0.000409,0.000284,0.000246,0.000136,0.000132,0.000085,0.000060,0.000053,0.000033,0.000029,0.000029,0.000026,0.000059,0.000087,0.000114,0.000140,0.000226,0.000345,0.000199,0.000118,0.000108,0.000438,0.000518
66,,,,,,,,,,,,,,0.000004,0.000075,0.000093,0.000071,0.000078,0.000100,0.000087,0.000082,0.000067,0.000063,0.000040,0.000031,0.000027,0.000023,0.000029,0.000059,0.000080,0.000069,0.000093,0.000142,0.000204,0.000274,0.000309,0.000222,0.000068,0.000024,0.000237,0.000540,0.000502,0.000418,0.000354,0.000276,0.000195,0.000100,0.000047,0.000081,0.000124
67,,,,,,,,,,,,,,0.000012,0.000185,0.000134,0.000096,0.000086,0.000135,0.000196,0.000148,0.000108,0.000072,0.000097,0.000076,0.000068,0.000060,0.000057,0.000068,0.000085,0.000084,0.000086,0.000094,0.000180,0.000249,0.000206,0.000151,0.000044,0.000023,0.000047,0.000138,0.000190,0.000154,0.000114,0.000115,0.000118,0.000089,0.000190,0.000359,0.000635
68,,,,,,,,,,,,,,0.000021,0.000309,0.000252,0.000270,0.000213,0.000262,0.000254,0.000160,0.000138,0.000099,0.000115,0.000098,0.000074,0.000064,0.000050,0.000038,0.000032,0.000037,0.000027,0.000032,0.000040,0.000045,0.000045,0.000032,0.000024,0.000021,0.000077,0.000206,0.000282,0.000335,0.000418,0.000565,0.000640,0.000359,0.000303,0.001024,0.001743
69,,,,,,,,,,,,,,0.000004,0.000092,0.000070,0.000046,0.000055,0.000092,0.000116,0.000176,0.000201,0.000414,0.000335,0.000276,0.000230,0.000203,0.000149,0.000105,0.000082,0.000054,0.000058,0.000058,0.000087,0.000136,0.000193,0.000212,0.000085,0.000078,0.000286,0.000305,0.000253,0.000231,0.000200,0.000190,0.000194,0.000134,0.000129,0.000176,0.000258
70,,,,,,,,,,,,,,0.000009,0.000326,0.000214,0.000185,0.000212,0.000307,0.000293,0.000274,0.000294,0.000272,0.000257,0.000216,0.000180,0.000131,0.000105,0.000076,0.000076,0.000092,0.000103,0.000112,0.000151,0.000204,0.000238,0.000251,0.000125,0.000054,0.000172,0.000262,0.000255,0.000189,0.000140,0.000126,0.000097,0.000079,0.000082,0.000123,0.000183
71,,,,,,,,,,,,,,0.000004,0.000115,0.000163,0.000177,0.000247,0.000347,0.000389,0.000344,0.000302,0.000283,0.000277,0.000227,0.000190,0.000189,0.000196,0.000234,0.000245,0.000365,0.000541,0.000727,0.001026,0.001164,0.001117,0.000684,0.000114,0.000051,0.000268,0.000371,0.000293,0.000185,0.000150,0.000137,0.000122,0.000079,0.000042,0.000090,0.000106
72,,,,,,,,,,,,,,0.000042,0.000997,0.000935,0.000641,0.000612,0.000652,0.000630,0.000516,0.000409,0.000356,0.000359,0.000333,0.000274,0.000289,0.000273,0.000247,0.000218,0.000145,0.000109,0.000083,0.000067,0.000045,0.000033,0.000023,0.000013,0.000009,0.000020,0.000028,0.000038,0.000044,0.000047,0.000052,0.000055,0.000058,0.000082,0.000329,0.000724
73,,,,,,,,,,,,,,0.000002,0.000078,0.000066,0.000056,0.000063,0.000074,0.000081,0.000079,0.000082,0.000064,0.000062,0.000064,0.000049,0.000063,0.000069,0.000088,0.000108,0.000182,0.000407,0.000747,0.001064,0.001062,0.001037,0.000652,0.000111,0.000049,0.000100,0.000120,0.000100,0.000063,0.000054,0.000052,0.000034,0.000019,0.000023,0.000064,0.000087
74,,,,,,,,,,,,,,0.000008,0.000144,0.000117,0.000134,0.000171,0.000207,0.000229,0.000240,0.000199,0.000184,0.000274,0.000359,0.000410,0.000221,0.000227,0.000231,0.000263,0.000350,0.000499,0.000565,0.000505,0.000420,0.000329,0.000195,0.000038,0.000017,0.000083,0.000139,0.000135,0.000081,0.000094,0.000148,0.000177,0.000188,0.000140,0.000208,0.000428
75,,,,,,,,,,,,,,0.000007,0.000153,0.000154,0.000094,0.000091,0.000100,0.000121,0.000111,0.000109,0.000098,0.000129,0.000108,0.000098,0.000091,0.000073,0.000074,0.000056,0.000043,0.000036,0.000048,0.000075,0.000131,0.000249,0.000273,0.000092,0.000054,0.000219,0.000582,0.000662,0.000615,0.000544,0.000426,0.000370,0.000228,0.000085,0.000085,0.000110
76,,,,,,,,,,,,,,0.000004,0.000087,0.000075,0.000071,0.000068,0.000060,0.000054,0.000073,0.000153,0.000128,0.000099,0.000096,0.000109,0.000110,0.000121,0.000127,0.000138,0.000149,0.000173,0.000134,0.000097,0.000059,0.000041,0.000028,0.000016,0.000040,0.000187,0.000182,0.000144,0.000099,0.000091,0.000102,0.000090,0.000066,0.000051,0.000107,0.000121
77,,,,,,,,,,,,,,0.000011,0.000324,0.000297,0.000196,0.000174,0.000170,0.000171,0.000163,0.000180,0.000196,0.000225,0.000274,0.000354,0.000470,0.000473,0.000565,0.000513,0.000593,0.000855,0.000947,0.000961,0.000811,0.000521,0.000242,0.000047,0.000020,0.000039,0.000055,0.000044,0.000047,0.000064,0.000062,0.000035,0.000036,0.000028,0.000027,0.000008
78,,,,,,,,,,,,,,0.000006,0.000120,0.000114,0.000062,0.000055,0.000078,0.000073,0.000065,0.000040,0.000047,0.000035,0.000033,0.000050,0.000076,0.000110,0.000167,0.000229,0.000333,0.000426,0.000543,0.000660,0.000645,0.000610,0.000378,0.000063,0.000031,0.000123,0.000305,0.000292,0.000230,0.000167,0.000158,0.000296,0.000251,0.000166,0.000226,0.000230
79,,,,,,,,,,,,,,0.000005,0.000094,0.000071,0.000045,0.000038,0.000030,0.000040,0.000044,0.000039,0.000043,0.000060,0.000092,0.000122,0.000068,0.000083,0.000065,0.000057,0.000055,0.000064,0.000079,0.000099,0.000111,0.000183,0.000211,0.000122,0.000091,0.000281,0.000268,0.000199,0.000165,0.000138,0.000134,0.000134,0.000100,0.000096,0.000166,0.000253
80,,,,,,,,,,,,,,0.000057,0.001356,0.001336,0.000739,0.000692,0.000763,0.000753,0.000575,0.000463,0.000352,0.000418,0.000358,0.000264,0.000236,0.000201,0.000162,0.000115,0.000085,0.000060,0.000052,0.000055,0.000040,0.000029,0.000027,0.000024,0.000014,0.000034,0.000054,0.000043,0.000047,0.000038,0.000037,0.000042,0.000051,0.000047,0.000174,0.000414
81,,,,,,,,,,,,,,0.000003,0.000133,0.000128,0.000120,0.000147,0.000390,0.000643,0.000612,0.000480,0.000288,0.000215,0.000191,0.000284,0.000139,0.000127,0.000110,0.000118,0.000158,0.000256,0.000281,0.000270,0.000250,0.000247,0.000263,0.000117,0.000043,0.000188,0.000257,0.000301,0.000207,0.000338,0.000371,0.000347,0.000192,0.000169,0.000194,0.000123
82,,,,,,,,,,,,,,0.000024,0.000518,0.000456,0.000352,0.000367,0.000367,0.000360,0.000346,0.000296,0.000263,0.000301,0.000320,0.000256,0.000327,0.000356,0.000440,0.000384,0.000408,0.000393,0.000287,0.000273,0.000184,0.000159,0.000096,0.000028,0.000016,0.000079,0.000155,0.000133,0.000127,0.000112,0.000091,0.000083,0.000063,0.000054,0.000098,0.000181
83,,,,,,,,,,,,,,0.000040,0.000644,0.000542,0.000378,0.000287,0.000276,0.000256,0.000239,0.000180,0.000143,0.000166,0.000139,0.000120,0.000098,0.000091,0.000073,0.000053,0.000051,0.000048,0.000037,0.000051,0.000064,0.000042,0.000026,0.000012,0.000010,0.000031,0.000056,0.000063,0.000083,0.000121,0.000224,0.000264,0.000184,0.000187,0.000674,0.000873
84,,,,,,,,,,,,,,0.000006,0.000114,0.000107,0.000132,0.000157,0.000214,0.000279,0.000282,0.000339,0.000258,0.000297,0.000273,0.000215,0.000245,0.000218,0.000199,0.000164,0.000142,0.000147,0.000144,0.000145,0.000114,0.000090,0.000086,0.000028,0.000048,0.000317,0.000653,0.000572,0.000457,0.000359,0.000325,0.000272,0.000116,0.000090,0.000262,0.000444
85,,,,,,,,,,,,,,0.000002,0.000100,0.000074,0.000071,0.000076,0.000089,0.000121,0.000123,0.000126,0.000085,0.000100,0.000094,0.000087,0.000086,0.000080,0.000069,0.000066,0.000066,0.000056,0.000046,0.000046,0.000057,0.000069,0.000076,0.000063,0.000028,0.000086,0.000133,0.000209,0.000143,0.000192,0.000095,0.000088,0.000084,0.000077,0.000063,0.000094
86,,,,,,,,,,,,,,0.000017,0.000326,0.000284,0.000220,0.000181,0.000174,0.000134,0.000129,0.000101,0.000104,0.000081,0.000072,0.000077,0.000059,0.000057,0.000044,0.000036,0.000048,0.000036,0.000032,0.000032,0.000046,0.000081,0.000088,0.000034,0.000035,0.000077,0.000153,0.000194,0.000233,0.000202,0.000205,0.000210,0.000171,0.000108,0.000307,0.000339
87,,,,,,,,,,,,,,0.000012,0.000925,0.000606,0.000468,0.000458,0.000417,0.000372,0.000301,0.000364,0.000322,0.000303,0.000214,0.000146,0.000120,0.000102,0.000081,0.000129,0.000110,0.000092,0.000090,0.000077,0.000068,0.000064,0.000084,0.000038,0.000043,0.000186,0.000475,0.000598,0.000531,0.000499,0.000490,0.000412,0.000245,0.000119,0.000218,0.000252
88,,,,,,,,,,,,,,0.000007,0.000208,0.000171,0.000142,0.000142,0.000136,0.000131,0.000153,0.000144,0.000145,0.000205,0.000211,0.000212,0.000265,0.000239,0.000225,0.000187,0.000162,0.000146,0.000126,0.000126,0.000101,0.000091,0.000060,0.000034,0.000013,0.000028,0.000049,0.000056,0.000044,0.000057,0.000060,0.000054,0.000035,0.000036,0.000051,0.000072
89,,,,,,,,,,,,,,0.000004,0.000109,0.000105,0.000089,0.000082,0.000091,0.000099,0.000075,0.000060,0.000043,0.000055,0.000057,0.000066,0.000067,0.000067,0.000063,0.000063,0.000057,0.000059,0.000059,0.000063,0.000063,0.000101,0.000133,0.000066,0.000078,0.000213,0.000290,0.000276,0.000187,0.000151,0.000144,0.000099,0.000065,0.000039,0.000088,0.000081
90,,,,,,,,,,,,,,0.000005,0.000201,0.000161,0.000143,0.000146,0.000175,0.000180,0.000166,0.000146,0.000118,0.000102,0.000090,0.000109,0.000100,0.000110,0.000058,0.000045,0.000047,0.000050,0.000047,0.000039,0.000058,0.000093,0.000150,0.000097,0.000039,0.000121,0.000280,0.000310,0.000229,0.000212,0.000253,0.000293,0.000165,0.000128,0.000158,0.000193
91,,,,,,,,,,,,,,0.000010,0.000190,0.000149,0.000088,0.000098,0.000115,0.000142,0.000162,0.000154,0.000155,0.000133,0.000135,0.000132,0.000132,0.000143,0.000132,0.000120,0.000093,0.000091,0.000087,0.000066,0.000082,0.000092,0.000105,0.000073,0.000038,0.000060,0.000151,0.000147,0.000159,0.000172,0.000208,0.000247,0.000240,0.000447,0.000759,0.000688
92,,,,,,,,,,,,,,0.000004,0.000138,0.000190,0.000096,0.000080,0.000107,0.000118,0.000114,0.000081,0.000066,0.000060,0.000060,0.000095,0.000093,0.000106,0.000077,0.000080,0.000068,0.000084,0.000087,0.000090,0.000113,0.000168,0.000187,0.000095,0.000068,0.000199,0.000371,0.000322,0.000223,0.000161,0.000142,0.000122,0.000108,0.000105,0.000274,0.000206
93,,,,,,,,,,,,,,0.000005,0.000108,0.000097,0.000076,0.000074,0.000097,0.000109,0.000095,0.000090,0.000084,0.000138,0.000146,0.000151,0.000155,0.000165,0.000184,0.000148,0.000132,0.000124,0.000100,0.000129,0.000135,0.000165,0.000200,0.000085,0.000070,0.000151,0.000226,0.000190,0.000155,0.000132,0.000127,0.000105,0.000055,0.000039,0.000111,0.000224
94,,,,,,,,,,,,,,0.000004,0.000070,0.000081,0.000075,0.000088,0.000117,0.000107,0.000117,0.000092,0.000071,0.000064,0.000075,0.000082,0.000085,0.000099,0.000115,0.000123,0.000118,0.000111,0.000101,0.000092,0.000069,0.000064,0.000060,0.000025,0.000016,0.000059,0.000117,0.000161,0.000117,0.000143,0.000148,0.000151,0.000174,0.000438,0.000196,0.000207
95,,,,,,,,,,,,,,0.000024,0.000585,0.000479,0.000313,0.000296,0.000268,0.000269,0.000225,0.000160,0.000152,0.000160,0.000135,0.000123,0.000120,0.000140,0.000102,0.000100,0.000081,0.000088,0.000073,0.000076,0.000077,0.000066,0.000064,0.000051,0.000037,0.000063,0.000078,0.000096,0.000113,0.000104,0.000127,0.000117,0.000114,0.000108,0.000310,0.000512
96,,,,,,,,,,,,,,0.000020,0.000383,0.000321,0.000264,0.000276,0.000373,0.000397,0.000346,0.000325,0.000315,0.000405,0.000389,0.000324,0.000367,0.000371,0.000342,0.000269,0.000237,0.000233,0.000185,0.000178,0.000126,0.000117,0.000084,0.000025,0.000033,0.000259,0.000672,0.000747,0.000777,0.000724,0.000740,0.000707,0.000374,0.000244,0.000761,0.001172
97,,,,,,,,,,,,,,0.000009,0.000106,0.000102,0.000083,0.000090,0.000095,0.000162,0.000206,0.000146,0.000122,0.000127,0.000122,0.000111,0.000099,0.000099,0.000098,0.000132,0.000113,0.000086,0.000066,0.000068,0.000111,0.000098,0.000090,0.000047,0.000026,0.000151,0.000250,0.000253,0.000281,0.000309,0.000493,0.000520,0.000343,0.000410,0.000894,0.000539
98,,,,,,,,,,,,,,0.000009,0.000147,0.000171,0.000112,0.000104,0.000120,0.000118,0.000128,0.000112,0.000134,0.000073,0.000070,0.000073,0.000070,0.000068,0.000062,0.000069,0.000058,0.000060,0.000066,0.000059,0.000076,0.000112,0.000078,0.000066,0.000045,0.000097,0.000233,0.000310,0.000296,0.000385,0.000344,0.000326,0.000533,0.000389,0.000551,0.000466
99,,,,,,,,,,,,,,0.000005,0.000229,0.000304,0.000566,0.000693,0.000765,0.000627,0.000469,0.000341,0.000367,0.000267,0.000195,0.000157,0.000131,0.000137,0.000201,0.000260,0.000187,0.000196,0.000244,0.000310,0.000478,0.000498,0.000341,0.000069,0.000028,0.000084,0.000142,0.000307,0.000329,0.000219,0.000192,0.000147,0.000098,0.000174,0.000174,0.000242
100,,,,,,,,,,,,,,0.000004,0.000106,0.000074,0.000145,0.000158,0.000174,0.000179,0.000320,0.000427,0.000461,0.000402,0.000451,0.000571,0.000679,0.000858,0.000897,0.000807,0.000938,0.000816,0.000602,0.000457,0.000272,0.000191,0.000116,0.000035,0.000039,0.000114,0.000237,0.000192,0.000213,0.000125,0.000156,0.000194,0.000118,0.000055,0.000166,0.000161
101,,,,,,,,,,,,,,0.000006,0.000113,0.000114,0.000098,0.000092,0.000089,0.000087,0.000130,0.000108,0.000109,0.000123,0.000112,0.000128,0.000107,0.000105,0.000102,0.000130,0.000116,0.000103,0.000117,0.000167,0.000176,0.000251,0.000363,0.000169,0.000120,0.000278,0.000413,0.000334,0.000252,0.000237,0.000236,0.000209,0.000178,0.000082,0.000156,0.000246
102,,,,,,,,,,,,,,0.000010,0.000197,0.000155,0.000109,0.000108,0.000136,0.000133,0.000139,0.000093,0.000079,0.000089,0.000077,0.000086,0.000101,0.000097,0.000097,0.000082,0.000086,0.000096,0.000122,0.000187,0.000213,0.000242,0.000186,0.000048,0.000038,0.000064,0.000119,0.000132,0.000150,0.000184,0.000279,0.000212,0.000130,0.000090,0.000185,0.000241
103,,,,,,,,,,,,,,0.000003,0.000124,0.000105,0.000083,0.000094,0.000167,0.000276,0.000363,0.000480,0.000498,0.000776,0.000892,0.000784,0.000946,0.000889,0.000735,0.000484,0.000392,0.000281,0.000182,0.000152,0.000095,0.000073,0.000041,0.000017,0.000013,0.000038,0.000039,0.000030,0.000033,0.000032,0.000021,0.000013,0.000022,0.000026,0.000039,0.000056
104,,,,,,,,,,,,,,0.000005,0.000168,0.000215,0.000279,0.000345,0.000414,0.000472,0.000352,0.000334,0.000246,0.000293,0.000261,0.000212,0.000272,0.000319,0.000378,0.000350,0.000315,0.000250,0.000162,0.000147,0.000214,0.000251,0.000304,0.000104,0.000029,0.000051,0.000131,0.000129,0.000144,0.000108,0.000167,0.000185,0.000060,0.000063,0.000161,0.000224
105,,,,,,,,,,,,,,0.000014,0.000291,0.000212,0.000160,0.000194,0.000271,0.000284,0.000259,0.000191,0.000144,0.000200,0.000165,0.000148,0.000158,0.000147,0.000140,0.000118,0.000109,0.000109,0.000092,0.000080,0.000062,0.000054,0.000039,0.000020,0.000009,0.000057,0.000156,0.000179,0.000165,0.000154,0.000194,0.000179,0.000172,0.000120,0.000273,0.000509
106,,,,,,,,,,,,,,0.000003,0.000121,0.000099,0.000054,0.000057,0.000057,0.000050,0.000086,0.000086,0.000080,0.000084,0.000081,0.000073,0.000070,0.000071,0.000064,0.000043,0.000043,0.000043,0.000045,0.000053,0.000056,0.000053,0.000042,0.000030,0.000034,0.000267,0.000211,0.000260,0.000205,0.000203,0.000254,0.000289,0.000163,0.000102,0.000104,0.000121
107,,,,,,,,,,,,,,0.000005,0.000116,0.000102,0.000089,0.000111,0.000168,0.000249,0.000319,0.000404,0.000442,0.000644,0.000626,0.000453,0.000523,0.000427,0.000353,0.000283,0.000252,0.000301,0.000268,0.000257,0.000190,0.000125,0.000066,0.000027,0.000023,0.000059,0.000109,0.000113,0.000109,0.000108,0.000076,0.000054,0.000038,0.000039,0.000143,0.000134
108,,,,,,,,,,,,,,0.000014,0.000441,0.000374,0.000320,0.000283,0.000311,0.000388,0.000390,0.000454,0.000694,0.001012,0.001212,0.001186,0.001561,0.001564,0.001542,0.001234,0.000966,0.000813,0.000550,0.000397,0.000222,0.000158,0.000089,0.000016,0.000007,0.000030,0.000051,0.000044,0.000038,0.000033,0.000033,0.000046,0.000117,0.000102,0.000224,0.000301
109,,,,,,,,,,,,,,0.000016,0.000343,0.000285,0.000258,0.000209,0.000230,0.000234,0.000258,0.000170,0.000149,0.000162,0.000139,0.000104,0.000106,0.000098,0.000077,0.000069,0.000064,0.000075,0.000074,0.000080,0.000052,0.000045,0.000034,0.000026,0.000015,0.000094,0.000140,0.000150,0.000180,0.000181,0.000216,0.000285,0.000162,0.000105,0.000251,0.000454
110,,,,,,,,,,,,,,0.000007,0.000260,0.000235,0.000248,0.000209,0.000242,0.000306,0.000300,0.000283,0.000233,0.000232,0.000198,0.000179,0.000163,0.000131,0.000102,0.000115,0.000138,0.000158,0.000184,0.000209,0.000264,0.000375,0.000415,0.000164,0.000066,0.000281,0.000314,0.000323,0.000233,0.000213,0.000205,0.000185,0.000154,0.000116,0.000066,0.000052
111,,,,,,,,,,,,,,0.000004,0.000109,0.000143,0.000099,0.000108,0.000128,0.000140,0.000137,0.000144,0.000189,0.000252,0.000367,0.000391,0.000545,0.000604,0.000733,0.000751,0.000663,0.000556,0.000397,0.000336,0.000228,0.000169,0.000107,0.000031,0.000015,0.000045,0.000064,0.000058,0.000046,0.000044,0.000048,0.000044,0.000033,0.000045,0.000058,0.000090
112,,,,,,,,,,,,,,0.000006,0.000161,0.000175,0.000160,0.000169,0.000185,0.000153,0.000132,0.000122,0.000113,0.000115,0.000096,0.000071,0.000073,0.000065,0.000057,0.000051,0.000064,0.000075,0.000062,0.000051,0.000066,0.000094,0.000108,0.000054,0.000051,0.000248,0.000517,0.000464,0.000392,0.000204,0.000213,0.000215,0.000122,0.000072,0.000141,0.000195
113,,,,,,,,,,,,,,0.000003,0.000115,0.000115,0.000088,0.000105,0.000096,0.000111,0.000110,0.000096,0.000105,0.000106,0.000127,0.000153,0.000253,0.000314,0.000455,0.000473,0.000582,0.000793,0.000838,0.000816,0.000566,0.000416,0.000213,0.000040,0.000021,0.000064,0.000105,0.000092,0.000073,0.000061,0.000056,0.000042,0.000031,0.000044,0.000079,0.000114
114,,,,,,,,,,,,,,0.000014,0.000324,0.000295,0.000258,0.000323,0.000422,0.000415,0.000360,0.000398,0.000334,0.000340,0.000307,0.000265,0.000210,0.000198,0.000126,0.000102,0.000101,0.000075,0.000047,0.000059,0.000059,0.000085,0.000105,0.000075,0.000081,0.000327,0.000598,0.000560,0.000484,0.000441,0.000449,0.000397,0.000208,0.000143,0.000480,0.000716
115,,,,,,,,,,,,,,0.000004,0.000096,0.000112,0.000104,0.000108,0.000139,0.000130,0.000148,0.000180,0.000131,0.000162,0.000137,0.000124,0.000131,0.000121,0.000111,0.000087,0.000088,0.000085,0.000077,0.000085,0.000085,0.000073,0.000070,0.000017,0.000012,0.000128,0.000441,0.000539,0.000569,0.000591,0.000427,0.000326,0.000143,0.000105,0.000133,0.000118
116,,,,,,,,,,,,,,0.000006,0.000142,0.000142,0.000101,0.000136,0.000403,0.000330,0.000367,0.000552,0.000631,0.000851,0.000888,0.001096,0.001057,0.000968,0.000738,0.000500,0.000351,0.000246,0.000127,0.000077,0.000061,0.000051,0.000033,0.000020,0.000016,0.000060,0.000125,0.000168,0.000219,0.000311,0.000388,0.000352,0.000369,0.000399,0.000296,0.000285
117,,,,,,,,,,,,,,0.000035,0.000628,0.000681,0.000414,0.000385,0.000446,0.000397,0.000317,0.000245,0.000197,0.000236,0.000206,0.000182,0.000171,0.000170,0.000148,0.000144,0.000108,0.000122,0.000059,0.000067,0.000034,0.000027,0.000037,0.000033,0.000018,0.000041,0.000045,0.000034,0.000029,0.000027,0.000033,0.000027,0.000078,0.000066,0.000147,0.000236
118,,,,,,,,,,,,,,0.000013,0.000245,0.000203,0.000174,0.000139,0.000147,0.000153,0.000161,0.000118,0.000093,0.000119,0.000112,0.000104,0.000120,0.000147,0.000189,0.000193,0.000225,0.000251,0.000230,0.000267,0.000186,0.000204,0.000134,0.000029,0.000015,0.000097,0.000216,0.000182,0.000158,0.000166,0.000193,0.000134,0.000089,0.000080,0.000328,0.000473
119,,,,,,,,,,,,,,0.000008,0.000138,0.000137,0.000115,0.000123,0.000142,0.000149,0.000248,0.000327,0.000302,0.000248,0.000247,0.000374,0.000488,0.000400,0.000413,0.000432,0.000359,0.000390,0.000393,0.000282,0.000204,0.000147,0.000094,0.000021,0.000023,0.000118,0.000236,0.000288,0.000250,0.000203,0.000189,0.000152,0.000074,0.000059,0.000182,0.000307
120,,,,,,,,,,,,,,0.000003,0.000076,0.000077,0.000056,0.000056,0.000079,0.000126,0.000194,0.000223,0.000179,0.000189,0.000204,0.000347,0.000187,0.000182,0.000099,0.000076,0.000057,0.000071,0.000097,0.000173,0.000242,0.000306,0.000217,0.000043,0.000024,0.000114,0.000180,0.000244,0.000297,0.000319,0.000290,0.000229,0.000119,0.000112,0.000069,0.000083
121,,,,,,,,,,,,,,0.000004,0.000154,0.000230,0.000347,0.000607,0.001019,0.001426,0.001415,0.001276,0.000986,0.001206,0.000953,0.000807,0.000638,0.000501,0.000420,0.000300,0.000238,0.000214,0.000156,0.000132,0.000099,0.000087,0.000068,0.000026,0.000017,0.000126,0.000384,0.000398,0.000382,0.000326,0.000252,0.000194,0.000082,0.000072,0.000084,0.000115
122,,,,,,,,,,,,,,0.000018,0.000296,0.000259,0.000236,0.000304,0.000280,0.000402,0.000327,0.000298,0.000279,0.000400,0.000401,0.000305,0.000328,0.000312,0.000313,0.000276,0.000295,0.000296,0.000241,0.000240,0.000178,0.000150,0.000105,0.000024,0.000015,0.000118,0.000258,0.000247,0.000186,0.000152,0.000157,0.000112,0.000072,0.000089,0.000315,0.000653
123,,,,,,,,,,,,,,0.000004,0.000101,0.000077,0.000064,0.000055,0.000058,0.000064,0.000051,0.000037,0.000027,0.000032,0.000038,0.000043,0.000047,0.000054,0.000054,0.000069,0.000210,0.000180,0.000152,0.000097,0.000076,0.000074,0.000054,0.000050,0.000016,0.000057,0.000117,0.000121,0.000104,0.000098,0.000104,0.000089,0.000074,0.000035,0.000062,0.000127
124,,,,,,,,,,,,,,0.000009,0.000106,0.000083,0.000076,0.000116,0.000192,0.000295,0.000425,0.000418,0.000476,0.000804,0.000844,0.000842,0.000962,0.000928,0.000901,0.000711,0.000627,0.000606,0.000504,0.000412,0.000277,0.000209,0.000137,0.000047,0.000023,0.000082,0.000149,0.000204,0.000128,0.000159,0.000163,0.000152,0.000151,0.000198,0.000346,0.000689
125,,,,,,,,,,,,,,0.000002,0.000069,0.000063,0.000103,0.000215,0.000503,0.000910,0.001209,0.001397,0.001409,0.001844,0.001580,0.001149,0.001191,0.000930,0.000845,0.000591,0.000513,0.000489,0.000422,0.000367,0.000223,0.000170,0.000108,0.000031,0.000020,0.000057,0.000077,0.000071,0.000052,0.000039,0.000042,0.000046,0.000032,0.000043,0.000063,0.000092
126,,,,,,,,,,,,,,0.000024,0.000649,0.000532,0.000411,0.000455,0.000461,0.000396,0.000363,0.000266,0.000241,0.000218,0.000199,0.000177,0.000227,0.000287,0.000412,0.000499,0.000667,0.000988,0.001151,0.001158,0.000752,0.000543,0.000300,0.000061,0.000031,0.000138,0.000369,0.000421,0.000372,0.000291,0.000244,0.000161,0.000090,0.000050,0.000241,0.000363
127,,,,,,,,,,,,,,0.000004,0.000104,0.000127,0.000146,0.000167,0.000137,0.000105,0.000083,0.000104,0.000159,0.000107,0.000097,0.000093,0.000106,0.000105,0.000099,0.000208,0.000147,0.000137,0.000205,0.000357,0.000591,0.000501,0.000325,0.000105,0.000050,0.000110,0.000190,0.000140,0.000173,0.000125,0.000108,0.000083,0.000031,0.000033,0.000068,0.000119
128,,,,,,,,,,,,,,0.000017,0.000213,0.000172,0.000158,0.000136,0.000147,0.000139,0.000144,0.000121,0.000108,0.000108,0.000096,0.000089,0.000086,0.000079,0.000068,0.000060,0.000060,0.000074,0.000066,0.000053,0.000048,0.000055,0.000045,0.000022,0.000013,0.000127,0.000292,0.000447,0.000422,0.000382,0.000390,0.000391,0.000189,0.000125,0.000279,0.000536
129,,,,,,,,,,,,,,0.000008,0.000267,0.000244,0.000188,0.000204,0.000279,0.000336,0.000388,0.000426,0.000401,0.000526,0.000617,0.000924,0.001081,0.001292,0.001277,0.001045,0.000952,0.000886,0.000727,0.000510,0.000343,0.000237,0.000147,0.000033,0.000018,0.000042,0.000107,0.000181,0.000135,0.000094,0.000127,0.000238,0.000214,0.000106,0.000101,0.000134
130,,,,,,,,,,,,,,0.000004,0.000111,0.000123,0.000116,0.000101,0.000124,0.000157,0.000169,0.000185,0.000175,0.000228,0.000208,0.000190,0.000247,0.000243,0.000261,0.000227,0.000174,0.000150,0.000127,0.000146,0.000159,0.000189,0.000188,0.000070,0.000031,0.000099,0.000192,0.000174,0.000161,0.000183,0.000168,0.000128,0.000077,0.000046,0.000063,0.000074
131,,,,,,,,,,,,,,0.000005,0.000086,0.000051,0.000044,0.000044,0.000065,0.000076,0.000092,0.000103,0.000100,0.000127,0.000132,0.000114,0.000133,0.000121,0.000124,0.000122,0.000182,0.000193,0.000193,0.000259,0.000241,0.000291,0.000262,0.000088,0.000063,0.000216,0.000398,0.000328,0.000228,0.000187,0.000150,0.000164,0.000083,0.000058,0.000158,0.000270
132,,,,,,,,,,,,,,0.000006,0.000186,0.000157,0.000118,0.000113,0.000120,0.000118,0.000108,0.000081,0.000092,0.000094,0.000086,0.000086,0.000077,0.000088,0.000079,0.000088,0.000075,0.000064,0.000053,0.000103,0.000231,0.000347,0.000395,0.000184,0.000081,0.000275,0.000332,0.000235,0.000171,0.000133,0.000104,0.000062,0.000072,0.000057,0.000057,0.000046
133,,,,,,,,,,,,,,0.000005,0.000144,0.000114,0.000100,0.000098,0.000123,0.000136,0.000166,0.000187,0.000123,0.000104,0.000074,0.000057,0.000040,0.000016,0.000030,0.000051,0.000076,0.000120,0.000172,0.000261,0.000330,0.000383,0.000305,0.000094,0.000052,0.000101,0.000256,0.000299,0.000285,0.000212,0.000210,0.000178,0.000068,0.000053,0.000054,0.000086
134,,,,,,,,,,,,,,0.000005,0.000117,0.000087,0.000078,0.000066,0.000069,0.000066,0.000072,0.000064,0.000049,0.000050,0.000054,0.000194,0.000154,0.000254,0.000164,0.000105,0.000144,0.000175,0.000272,0.000220,0.000160,0.000115,0.000084,0.000046,0.000047,0.000144,0.000233,0.000207,0.000136,0.000173,0.000109,0.000086,0.000057,0.000051,0.000076,0.000119
135,,,,,,,,,,,,,,0.000019,0.000381,0.000401,0.000325,0.000310,0.000312,0.000330,0.000285,0.000262,0.000196,0.000212,0.000200,0.000150,0.000141,0.000120,0.000088,0.000066,0.000056,0.000048,0.000036,0.000037,0.000085,0.000212,0.000341,0.000131,0.000083,0.000245,0.000447,0.000489,0.000484,0.000522,0.000436,0.000388,0.000158,0.000136,0.000309,0.000542
136,,,,,,,,,,,,,,0.000004,0.000116,0.000100,0.000081,0.000080,0.000082,0.000084,0.000081,0.000071,0.000057,0.000072,0.000068,0.000076,0.000098,0.000113,0.000097,0.000089,0.000087,0.000070,0.000056,0.000068,0.000083,0.000101,0.000118,0.000073,0.000068,0.000185,0.000144,0.000117,0.000102,0.000092,0.000098,0.000098,0.000067,0.000048,0.000096,0.000140
137,,,,,,,,,,,,,,0.000006,0.000147,0.000136,0.000109,0.000064,0.000067,0.000066,0.000080,0.000078,0.000072,0.000092,0.000109,0.000182,0.000266,0.000311,0.000403,0.000407,0.000484,0.000612,0.000687,0.000765,0.000704,0.000651,0.000423,0.000092,0.000051,0.000140,0.000275,0.000219,0.000158,0.000138,0.000099,0.000108,0.000065,0.000070,0.000073,0.000092
138,,,,,,,,,,,,,,0.000011,0.000424,0.000469,0.000367,0.000317,0.000364,0.000499,0.000373,0.000289,0.000233,0.000311,0.000337,0.000306,0.000402,0.000411,0.000382,0.000302,0.000280,0.000268,0.000218,0.000232,0.000175,0.000210,0.000169,0.000043,0.000028,0.000136,0.000296,0.000251,0.000210,0.000155,0.000126,0.000086,0.000043,0.000021,0.000024,0.000041
139,,,,,,,,,,,,,,0.000004,0.000079,0.000057,0.000051,0.000066,0.000092,0.000099,0.000100,0.000078,0.000083,0.000098,0.000089,0.000099,0.000110,0.000099,0.000086,0.000065,0.000060,0.000060,0.000049,0.000044,0.000043,0.000072,0.000105,0.000045,0.000049,0.000112,0.000186,0.000250,0.000155,0.000155,0.000109,0.000087,0.000059,0.000070,0.000138,0.000147
140,,,,,,,,,,,,,,0.000006,0.000525,0.000405,0.000182,0.000177,0.000176,0.000172,0.000185,0.000163,0.000180,0.000225,0.000222,0.000198,0.000198,0.000170,0.000123,0.000104,0.000067,0.000086,0.000086,0.000097,0.000092,0.000095,0.000103,0.000040,0.000029,0.000097,0.000154,0.000130,0.000126,0.000139,0.000159,0.000137,0.000087,0.000061,0.000106,0.000125
141,,,,,,,,,,,,,,0.000003,0.000052,0.000047,0.000044,0.000053,0.000062,0.000075,0.000090,0.000085,0.000080,0.000105,0.000104,0.000090,0.000111,0.000116,0.000110,0.000120,0.000119,0.000132,0.000150,0.000098,0.000070,0.000054,0.000045,0.000027,0.000025,0.000072,0.000087,0.000079,0.000060,0.000046,0.000065,0.000062,0.000032,0.000029,0.000072,0.000106
142,,,,,,,,,,,,,,0.000012,0.000157,0.000131,0.000100,0.000098,0.000090,0.000110,0.000115,0.000097,0.000085,0.000123,0.000089,0.000094,0.000080,0.000100,0.000092,0.000100,0.000194,0.000108,0.000116,0.000096,0.000067,0.000060,0.000083,0.000052,0.000019,0.000077,0.000087,0.000089,0.000119,0.000115,0.000134,0.000158,0.000084,0.000109,0.000318,0.000546
143,,,,,,,,,,,,,,0.000007,0.000121,0.000097,0.000092,0.000081,0.000117,0.000080,0.000099,0.000097,0.000122,0.000167,0.000200,0.000215,0.000307,0.000377,0.000460,0.000456,0.000586,0.000604,0.000549,0.000495,0.000308,0.000254,0.000158,0.000036,0.000029,0.000212,0.000338,0.000339,0.000238,0.000210,0.000232,0.000235,0.000130,0.000089,0.000190,0.000290
144,,,,,,,,,,,,,,0.000007,0.000207,0.000190,0.000174,0.000285,0.000591,0.000624,0.000568,0.000497,0.000352,0.000405,0.000362,0.000279,0.000315,0.000276,0.000269,0.000247,0.000234,0.000218,0.000160,0.000152,0.000105,0.000130,0.000118,0.000066,0.000060,0.000135,0.000184,0.000250,0.000214,0.000211,0.000308,0.000249,0.000124,0.000129,0.000090,0.000119
145,,,,,,,,,,,,,,0.000009,0.000212,0.000181,0.000140,0.000135,0.000136,0.000136,0.000124,0.000113,0.000115,0.000116,0.000107,0.000095,0.000069,0.000052,0.000049,0.000031,0.000016,0.000006,0.000010,0.000020,0.000036,0.000041,0.000053,0.000038,0.000061,0.000164,0.000233,0.000160,0.000126,0.000115,0.000116,0.000075,0.000063,0.000067,0.000109,0.000139
146,,,,,,,,,,,,,,0.000004,0.000093,0.000239,0.000080,0.000073,0.000077,0.000133,0.000137,0.000140,0.000228,0.000350,0.000333,0.000327,0.000409,0.000419,0.000433,0.000462,0.000417,0.000401,0.000295,0.000208,0.000142,0.000108,0.000078,0.000051,0.000026,0.000095,0.000154,0.000140,0.000163,0.000201,0.000243,0.000235,0.000110,0.000091,0.000219,0.000207
147,,,,,,,,,,,,,,0.000033,0.001482,0.001340,0.000516,0.000491,0.000502,0.000447,0.000406,0.000300,0.000246,0.000312,0.000249,0.000207,0.000193,0.000138,0.000118,0.000087,0.000073,0.000074,0.000052,0.000044,0.000040,0.000045,0.000037,0.000020,0.000019,0.000083,0.000277,0.000454,0.000391,0.000421,0.000431,0.000371,0.000221,0.000132,0.000250,0.000432
148,,,,,,,,,,,,,,0.000008,0.000156,0.000141,0.000117,0.000146,0.000235,0.000330,0.000306,0.000212,0.000168,0.000188,0.000152,0.000170,0.000221,0.000212,0.000262,0.000286,0.000374,0.000587,0.000716,0.000782,0.000642,0.000618,0.000403,0.000074,0.000035,0.000187,0.000374,0.000312,0.000251,0.000184,0.000129,0.000082,0.000053,0.000051,0.000126,0.000201
149,,,,,,,,,,,,,,0.000009,0.000191,0.000143,0.000123,0.000105,0.000133,0.000407,0.000478,0.000290,0.000129,0.000125,0.000119,0.000104,0.000087,0.000097,0.000127,0.000105,0.000103,0.000075,0.000061,0.000064,0.000127,0.000102,0.000063,0.000046,0.000019,0.000086,0.000114,0.000138,0.000172,0.000177,0.000219,0.000281,0.000287,0.000251,0.000255,0.000355
150,,,,,,,,,,,,,,0.000005,0.000103,0.000100,0.000082,0.000108,0.000143,0.000148,0.000132,0.000109,0.000085,0.000078,0.000077,0.000068,0.000072,0.000079,0.000158,0.000173,0.000188,0.000091,0.000082,0.000064,0.000058,0.000052,0.000055,0.000026,0.000022,0.000059,0.000187,0.000332,0.000259,0.000224,0.000207,0.000156,0.000095,0.000065,0.000169,0.000250
151,,,,,,,,,,,,,,0.000033,0.000838,0.000740,0.000560,0.000515,0.000506,0.000467,0.000386,0.000317,0.000270,0.000259,0.000213,0.000162,0.000159,0.000128,0.000111,0.000109,0.000096,0.000085,0.000075,0.000084,0.000079,0.000076,0.000056,0.000020,0.000016,0.000126,0.000240,0.000273,0.000239,0.000218,0.000166,0.000149,0.000124,0.000048,0.000134,0.000176
152,,,,,,,,,,,,,,0.000007,0.000131,0.000135,0.000106,0.000113,0.000113,0.000138,0.000143,0.000121,0.000131,0.000143,0.000125,0.000097,0.000078,0.000069,0.000094,0.000096,0.000105,0.000166,0.000215,0.000231,0.000169,0.000127,0.000078,0.000021,0.000013,0.000082,0.000235,0.000320,0.000311,0.000415,0.000476,0.000522,0.000342,0.000134,0.000189,0.000218
153,,,,,,,,,,,,,,0.000026,0.000594,0.000632,0.000786,0.000973,0.001198,0.001293,0.001060,0.000825,0.000617,0.000678,0.000561,0.000426,0.000456,0.000423,0.000425,0.000359,0.000306,0.000277,0.000204,0.000180,0.000127,0.000107,0.000070,0.000010,0.000006,0.000044,0.000093,0.000091,0.000092,0.000074,0.000087,0.000112,0.000101,0.000178,0.000959,0.001338
154,,,,,,,,,,,,,,0.000003,0.000062,0.000070,0.000058,0.000056,0.000078,0.000080,0.000087,0.000096,0.000109,0.000135,0.000138,0.000145,0.000203,0.000235,0.000309,0.000337,0.000428,0.000477,0.000424,0.000354,0.000249,0.000236,0.000159,0.000037,0.000015,0.000128,0.000281,0.000224,0.000190,0.000141,0.000155,0.000106,0.000047,0.000035,0.000072,0.000102
155,,,,,,,,,,,,,,0.000010,0.000178,0.000166,0.000115,0.000119,0.000149,0.000177,0.000204,0.000206,0.000214,0.000265,0.000257,0.000195,0.000220,0.000190,0.000179,0.000150,0.000120,0.000113,0.000114,0.000065,0.000050,0.000060,0.000061,0.000023,0.000025,0.000142,0.000366,0.000421,0.000400,0.000410,0.000393,0.000371,0.000203,0.000257,0.000353,0.000360
156,,,,,,,,,,,,,,0.000005,0.000116,0.000099,0.000108,0.000210,0.000312,0.000354,0.000355,0.000314,0.000357,0.000279,0.000225,0.000276,0.000306,0.000261,0.000172,0.000186,0.000134,0.000159,0.000173,0.000144,0.000145,0.000135,0.000118,0.000043,0.000023,0.000118,0.000347,0.000514,0.000327,0.000223,0.000176,0.000127,0.000107,0.000060,0.000077,0.000078
157,,,,,,,,,,,,,,0.000018,0.000428,0.000395,0.000256,0.000264,0.000274,0.000245,0.000217,0.000174,0.000144,0.000189,0.000164,0.000142,0.000188,0.000208,0.000222,0.000240,0.000280,0.000313,0.000296,0.000284,0.000192,0.000154,0.000092,0.000020,0.000017,0.000072,0.000158,0.000201,0.000250,0.000186,0.000186,0.000175,0.000097,0.000071,0.000187,0.000302
158,,,,,,,,,,,,,,0.000028,0.000654,0.000627,0.000448,0.000439,0.000452,0.000409,0.000349,0.000269,0.000222,0.000245,0.000216,0.000190,0.000193,0.000185,0.000175,0.000124,0.000124,0.000131,0.000115,0.000112,0.000096,0.000076,0.000052,0.000013,0.000010,0.000034,0.000094,0.000177,0.000185,0.000195,0.000250,0.000280,0.000137,0.000184,0.000089,0.000125
159,,,,,,,,,,,,,,0.000006,0.000201,0.000170,0.000146,0.000166,0.000177,0.000299,0.000241,0.000186,0.000181,0.000225,0.000219,0.000232,0.000307,0.000355,0.000424,0.000496,0.000606,0.000791,0.000922,0.000863,0.000553,0.000418,0.000258,0.000042,0.000025,0.000125,0.000145,0.000112,0.000131,0.000100,0.000115,0.000099,0.000034,0.000033,0.000079,0.000140
160,,,,,,,,,,,,,,0.000005,0.000109,0.000092,0.000074,0.000078,0.000106,0.000110,0.000099,0.000092,0.000077,0.000070,0.000061,0.000061,0.000070,0.000066,0.000049,0.000043,0.000035,0.000045,0.000055,0.000054,0.000060,0.000066,0.000066,0.000068,0.000074,0.000115,0.000174,0.000145,0.000112,0.000099,0.000109,0.000090,0.000052,0.000041,0.000109,0.000195
161,,,,,,,,,,,,,,0.000004,0.000067,0.000087,0.000064,0.000074,0.000108,0.000173,0.000205,0.000205,0.000270,0.000302,0.000280,0.000266,0.000261,0.000199,0.000188,0.000126,0.000100,0.000079,0.000063,0.000063,0.000073,0.000115,0.000147,0.000086,0.000083,0.000167,0.000189,0.000151,0.000110,0.000139,0.000151,0.000136,0.000095,0.000123,0.000150,0.000194
162,,,,,,,,,,,,,,0.000004,0.000165,0.000256,0.000356,0.000627,0.000980,0.001162,0.001147,0.000935,0.000790,0.000929,0.000764,0.000549,0.000576,0.000440,0.000367,0.000236,0.000192,0.000161,0.000125,0.000098,0.000080,0.000080,0.000079,0.000035,0.000021,0.000041,0.000058,0.000078,0.000060,0.000078,0.000093,0.000080,0.000064,0.000050,0.000055,0.000056
163,,,,,,,,,,,,,,0.000002,0.000060,0.000053,0.000080,0.000086,0.000140,0.000217,0.000282,0.000346,0.000426,0.000706,0.000804,0.000726,0.000821,0.000755,0.000637,0.000383,0.000317,0.000249,0.000180,0.000175,0.000140,0.000134,0.000085,0.000035,0.000019,0.000096,0.000115,0.000103,0.000112,0.000101,0.000079,0.000069,0.000034,0.000018,0.000053,0.000105
164,,,,,,,,,,,,,,0.000014,0.000207,0.000207,0.000146,0.000129,0.000145,0.000110,0.000102,0.000063,0.000068,0.000101,0.000076,0.000105,0.000116,0.000106,0.000095,0.000078,0.000053,0.000043,0.000040,0.000032,0.000039,0.000044,0.000051,0.000034,0.000034,0.000086,0.000130,0.000129,0.000181,0.000268,0.000389,0.000422,0.000510,0.000338,0.000635,0.000915
165,,,,,,,,,,,,,,0.000008,0.000165,0.000163,0.000103,0.000127,0.000132,0.000127,0.000114,0.000107,0.000087,0.000116,0.000102,0.000086,0.000083,0.000068,0.000064,0.000054,0.000049,0.000062,0.000067,0.000062,0.000071,0.000068,0.000041,0.000015,0.000010,0.000065,0.000212,0.000309,0.000436,0.000479,0.000462,0.000377,0.000191,0.000152,0.000097,0.000131
166,,,,,,,,,,,,,,0.000004,0.000090,0.000100,0.000077,0.000086,0.000112,0.000135,0.000205,0.000323,0.000382,0.000450,0.000443,0.000570,0.000348,0.000351,0.000263,0.000182,0.000136,0.000121,0.000095,0.000092,0.000075,0.000087,0.000075,0.000031,0.000021,0.000063,0.000103,0.000136,0.000117,0.000109,0.000140,0.000179,0.000103,0.000050,0.000058,0.000076
167,,,,,,,,,,,,,,0.000019,0.000633,0.000670,0.000633,0.000744,0.000929,0.001080,0.000963,0.000787,0.000595,0.000667,0.000550,0.000401,0.000398,0.000350,0.000372,0.000311,0.000304,0.000319,0.000251,0.000277,0.000207,0.000198,0.000136,0.000030,0.000013,0.000078,0.000149,0.000117,0.000099,0.000081,0.000067,0.000054,0.000028,0.000024,0.000064,0.000144
168,,,,,,,,,,,,,,0.000020,0.000419,0.000364,0.000326,0.000298,0.000328,0.000369,0.000278,0.000265,0.000210,0.000208,0.000180,0.000215,0.000191,0.000168,0.000171,0.000214,0.000309,0.000534,0.000632,0.000607,0.000452,0.000413,0.000265,0.000063,0.000033,0.000174,0.000357,0.000358,0.000281,0.000218,0.000138,0.000094,0.000069,0.000041,0.000039,0.000048
169,,,,,,,,,,,,,,0.000005,0.000129,0.000114,0.000071,0.000055,0.000059,0.000061,0.000066,0.000072,0.000070,0.000087,0.000090,0.000079,0.000090,0.000095,0.000094,0.000112,0.000144,0.000190,0.000210,0.000196,0.000143,0.000115,0.000102,0.000044,0.000043,0.000242,0.000203,0.000113,0.000085,0.000078,0.000071,0.000076,0.000063,0.000044,0.000059,0.000075
170,,,,,,,,,,,,,,0.000026,0.000751,0.000763,0.000579,0.000517,0.000595,0.000567,0.000506,0.000441,0.000361,0.000416,0.000391,0.000299,0.000344,0.000325,0.000317,0.000242,0.000196,0.000171,0.000136,0.000143,0.000104,0.000120,0.000078,0.000016,0.000007,0.000043,0.000099,0.000102,0.000105,0.000122,0.000117,0.000115,0.000079,0.000059,0.000113,0.000148
171,,,,,,,,,,,,,,0.000009,0.000259,0.000282,0.000351,0.000364,0.000380,0.000367,0.000312,0.000258,0.000298,0.000202,0.000159,0.000170,0.000154,0.000152,0.000237,0.000303,0.000160,0.000161,0.000203,0.000230,0.000259,0.000159,0.000101,0.000031,0.000015,0.000056,0.000079,0.000084,0.000207,0.000168,0.000219,0.000171,0.000133,0.000102,0.000303,0.000443
172,,,,,,,,,,,,,,0.000012,0.000159,0.000160,0.000171,0.000160,0.000157,0.000152,0.000173,0.000144,0.000167,0.000216,0.000235,0.000158,0.000161,0.000143,0.000127,0.000117,0.000112,0.000103,0.000134,0.000130,0.000115,0.000088,0.000066,0.000016,0.000008,0.000028,0.000064,0.000067,0.000078,0.000108,0.000161,0.000210,0.000153,0.000136,0.000435,0.000788
173,,,,,,,,,,,,,,0.000008,0.000162,0.000186,0.000121,0.000120,0.000120,0.000108,0.000107,0.000076,0.000083,0.000099,0.000089,0.000062,0.000062,0.000063,0.000086,0.000178,0.000071,0.000065,0.000065,0.000075,0.000079,0.000067,0.000063,0.000031,0.000023,0.000120,0.000256,0.000271,0.000255,0.000233,0.000190,0.000170,0.000117,0.000129,0.000628,0.000363
174,,,,,,,,,,,,,,0.000004,0.000092,0.000084,0.000062,0.000077,0.000107,0.000112,0.000131,0.000096,0.000073,0.000078,0.000083,0.000068,0.000061,0.000062,0.000059,0.000051,0.000066,0.000060,0.000061,0.000084,0.000123,0.000195,0.000252,0.000079,0.000055,0.000105,0.000169,0.000180,0.000159,0.000181,0.000297,0.000311,0.000165,0.000292,0.000469,0.000182
175,,,,,,,,,,,,,,0.000010,0.000258,0.000268,0.000208,0.000199,0.000227,0.000214,0.000202,0.000155,0.000110,0.000134,0.000116,0.000105,0.000108,0.000134,0.000187,0.000196,0.000215,0.000314,0.000380,0.000442,0.000373,0.000312,0.000195,0.000035,0.000023,0.000101,0.000148,0.000127,0.000093,0.000071,0.000069,0.000053,0.000034,0.000021,0.000059,0.000113
176,,,,,,,,,,,,,,0.000053,0.001293,0.001204,0.000848,0.000796,0.000807,0.000827,0.000765,0.000630,0.000553,0.000721,0.000613,0.000471,0.000495,0.000390,0.000329,0.000243,0.000194,0.000171,0.000127,0.000109,0.000076,0.000073,0.000055,0.000018,0.000009,0.000025,0.000053,0.000059,0.000064,0.000049,0.000068,0.000085,0.000097,0.000086,0.000186,0.000185
177,,,,,,,,,,,,,,0.000007,0.000257,0.000393,0.000606,0.000910,0.001449,0.001843,0.001558,0.001387,0.001148,0.001169,0.000896,0.000635,0.000543,0.000439,0.000357,0.000259,0.000215,0.000200,0.000172,0.000196,0.000160,0.000196,0.000166,0.000038,0.000019,0.000183,0.000466,0.000438,0.000411,0.000380,0.000306,0.000282,0.000102,0.000086,0.000176,0.000285
178,,,,,,,,,,,,,,0.000029,0.000373,0.000247,0.000203,0.000228,0.000255,0.000248,0.000202,0.000155,0.000146,0.000119,0.000098,0.000089,0.000074,0.000070,0.000056,0.000059,0.000057,0.000097,0.000137,0.000187,0.000207,0.000207,0.000140,0.000031,0.000016,0.000048,0.000074,0.000059,0.000044,0.000042,0.000038,0.000045,0.000046,0.000186,0.000633,0.001243
179,,,,,,,,,,,,,,0.000006,0.000106,0.000083,0.000051,0.000047,0.000074,0.000080,0.000104,0.000171,0.000110,0.000129,0.000126,0.000138,0.000131,0.000163,0.000145,0.000123,0.000097,0.000115,0.000086,0.000088,0.000058,0.000045,0.000039,0.000032,0.000052,0.000095,0.000112,0.000133,0.000128,0.000183,0.000163,0.000155,0.000080,0.000067,0.000190,0.000334
180,,,,,,,,,,,,,,0.000006,0.000140,0.000098,0.000078,0.000075,0.000075,0.000079,0.000073,0.000055,0.000071,0.000077,0.000073,0.000084,0.000069,0.000061,0.000033,0.000030,0.000041,0.000048,0.000045,0.000039,0.000037,0.000035,0.000028,0.000017,0.000017,0.000048,0.000083,0.000120,0.000163,0.000252,0.000280,0.000313,0.000253,0.000663,0.000449,0.000468
181,,,,,,,,,,,,,,0.000005,0.000157,0.000114,0.000082,0.000092,0.000115,0.000113,0.000096,0.000096,0.000095,0.000087,0.000084,0.000083,0.000082,0.000119,0.000102,0.000078,0.000060,0.000056,0.000053,0.000056,0.000074,0.000077,0.000077,0.000071,0.000066,0.000088,0.000178,0.000185,0.000114,0.000102,0.000091,0.000108,0.000106,0.000094,0.000132,0.000180
182,,,,,,,,,,,,,,0.000008,0.000166,0.000136,0.000085,0.000083,0.000092,0.000086,0.000074,0.000079,0.000077,0.000101,0.000099,0.000108,0.000145,0.000150,0.000155,0.000156,0.000171,0.000242,0.000296,0.000261,0.000197,0.000156,0.000092,0.000040,0.000031,0.000085,0.000127,0.000131,0.000159,0.000187,0.000206,0.000194,0.000153,0.000127,0.000146,0.000227
183,,,,,,,,,,,,,,0.000018,0.000466,0.000440,0.000327,0.000298,0.000333,0.000408,0.000374,0.000244,0.000176,0.000209,0.000184,0.000181,0.000127,0.000123,0.000094,0.000067,0.000056,0.000046,0.000039,0.000040,0.000048,0.000051,0.000042,0.000022,0.000016,0.000107,0.000128,0.000113,0.000082,0.000120,0.000202,0.000155,0.000092,0.000067,0.000083,0.000127
184,,,,,,,,,,,,,,0.000003,0.000061,0.000061,0.000055,0.000082,0.000092,0.000105,0.000106,0.000089,0.000156,0.000104,0.000109,0.000110,0.000126,0.000139,0.000159,0.000246,0.000189,0.000178,0.000178,0.000210,0.000233,0.000191,0.000141,0.000050,0.000010,0.000053,0.000087,0.000078,0.000073,0.000061,0.000064,0.000070,0.000047,0.000048,0.000093,0.000147
185,,,,,,,,,,,,,,0.000005,0.000147,0.000151,0.000153,0.000233,0.000378,0.000510,0.000566,0.000603,0.000586,0.000856,0.000828,0.000772,0.000675,0.000640,0.000693,0.000582,0.000518,0.000322,0.000237,0.000183,0.000123,0.000093,0.000073,0.000013,0.000008,0.000046,0.000072,0.000080,0.000084,0.000061,0.000060,0.000080,0.000050,0.000060,0.000117,0.000176
186,,,,,,,,,,,,,,0.000007,0.000178,0.000123,0.000117,0.000084,0.000081,0.000095,0.000153,0.000302,0.000241,0.000216,0.000205,0.000185,0.000192,0.000210,0.000185,0.000138,0.000123,0.000101,0.000067,0.000054,0.000050,0.000096,0.000194,0.000045,0.000029,0.000100,0.000140,0.000193,0.000282,0.000352,0.000308,0.000182,0.000122,0.000118,0.000166,0.000170
187,,,,,,,,,,,,,,0.000012,0.000408,0.000345,0.000264,0.000251,0.000294,0.000233,0.000231,0.000195,0.000443,0.000318,0.000232,0.000202,0.000188,0.000180,0.000124,0.000097,0.000076,0.000074,0.000099,0.000118,0.000134,0.000133,0.000112,0.000050,0.000027,0.000111,0.000219,0.000208,0.000188,0.000164,0.000104,0.000076,0.000069,0.000058,0.000091,0.000085
188,,,,,,,,,,,,,,0.000008,0.000256,0.000237,0.000154,0.000182,0.000285,0.000462,0.000638,0.000897,0.000990,0.001226,0.001243,0.001425,0.001118,0.001061,0.000787,0.000583,0.000416,0.000292,0.000170,0.000120,0.000083,0.000066,0.000051,0.000029,0.000028,0.000056,0.000082,0.000172,0.000347,0.000224,0.000264,0.000286,0.000169,0.000111,0.000201,0.000202
189,,,,,,,,,,,,,,0.000008,0.000176,0.000131,0.000086,0.000087,0.000107,0.000159,0.000179,0.000187,0.000108,0.000134,0.000125,0.000108,0.000102,0.000087,0.000070,0.000058,0.000050,0.000045,0.000047,0.000057,0.000051,0.000041,0.000030,0.000017,0.000026,0.000040,0.000143,0.000181,0.000191,0.000115,0.000122,0.000088,0.000066,0.000064,0.000128,0.000246
190,,,,,,,,,,,,,,0.000006,0.000144,0.000132,0.000074,0.000070,0.000102,0.000104,0.000098,0.000096,0.000105,0.000093,0.000077,0.000082,0.000088,0.000082,0.000085,0.000073,0.000064,0.000065,0.000055,0.000053,0.000045,0.000046,0.000039,0.000035,0.000030,0.000134,0.000191,0.000324,0.000255,0.000280,0.000136,0.000110,0.000064,0.000056,0.000114,0.000149
191,,,,,,,,,,,,,,0.000010,0.000324,0.000303,0.000207,0.000203,0.000178,0.000190,0.000158,0.000096,0.000091,0.000099,0.000079,0.000073,0.000073,0.000075,0.000073,0.000077,0.000061,0.000075,0.000067,0.000093,0.000130,0.000112,0.000111,0.000048,0.000036,0.000170,0.000218,0.000202,0.000217,0.000254,0.000236,0.000173,0.000112,0.000110,0.000240,0.000379
192,,,,,,,,,,,,,,0.000003,0.000146,0.000151,0.000215,0.000352,0.000510,0.000679,0.000582,0.000543,0.000460,0.000470,0.000390,0.000311,0.000358,0.000384,0.000492,0.000547,0.000745,0.000934,0.000850,0.000648,0.000379,0.000275,0.000158,0.000029,0.000015,0.000046,0.000084,0.000066,0.000061,0.000069,0.000059,0.000057,0.000030,0.000028,0.000075,0.000105
193,,,,,,,,,,,,,,0.000009,0.000180,0.000167,0.000092,0.000104,0.000131,0.000185,0.000237,0.000265,0.000258,0.000376,0.000338,0.000300,0.000273,0.000216,0.000154,0.000106,0.000076,0.000052,0.000034,0.000034,0.000043,0.000053,0.000046,0.000035,0.000028,0.000183,0.000556,0.000698,0.000706,0.000703,0.000667,0.000571,0.000253,0.000184,0.000358,0.000413
194,,,,,,,,,,,,,,0.000010,0.000252,0.000231,0.000183,0.000197,0.000235,0.000288,0.000304,0.000312,0.000475,0.000484,0.000446,0.000341,0.000369,0.000315,0.000312,0.000275,0.000307,0.000406,0.000440,0.000450,0.000340,0.000212,0.000113,0.000021,0.000012,0.000083,0.000221,0.000275,0.000300,0.000245,0.000186,0.000106,0.000037,0.000058,0.000353,0.000314
195,,,,,,,,,,,,,,0.000006,0.000115,0.000105,0.000097,0.000079,0.000075,0.000063,0.000069,0.000063,0.000067,0.000073,0.000089,0.000105,0.000136,0.000232,0.000190,0.000197,0.000136,0.000178,0.000110,0.000141,0.000209,0.000188,0.000125,0.000034,0.000025,0.000140,0.000321,0.000277,0.000282,0.000385,0.000389,0.000302,0.000166,0.000178,0.000175,0.000202
196,,,,,,,,,,,,,,0.000005,0.000120,0.000115,0.000071,0.000083,0.000097,0.000115,0.000094,0.000090,0.000113,0.000098,0.000082,0.000080,0.000104,0.000148,0.000216,0.000283,0.000377,0.000568,0.000707,0.000799,0.000749,0.000627,0.000334,0.000053,0.000017,0.000172,0.000195,0.000242,0.000182,0.000089,0.000089,0.000081,0.000060,0.000087,0.000127,0.000172
197,,,,,,,,,,,,,,0.000008,0.000132,0.000112,0.000085,0.000105,0.000126,0.000170,0.000169,0.000173,0.000155,0.000159,0.000151,0.000160,0.000177,0.000221,0.000282,0.000338,0.000412,0.000435,0.000391,0.000301,0.000253,0.000268,0.000224,0.000052,0.000017,0.000098,0.000205,0.000297,0.000346,0.000324,0.000284,0.000238,0.000102,0.000178,0.000319,0.000499
198,,,,,,,,,,,,,,0.000006,0.000135,0.000113,0.000095,0.000105,0.000116,0.000133,0.000134,0.000161,0.000162,0.000196,0.000198,0.000288,0.000319,0.000302,0.000301,0.000299,0.000205,0.000166,0.000186,0.000299,0.000352,0.000350,0.000232,0.000046,0.000028,0.000091,0.000178,0.000150,0.000090,0.000067,0.000059,0.000054,0.000038,0.000053,0.000185,0.000202
199,,,,,,,,,,,,,,0.000003,0.000148,0.000164,0.000140,0.000155,0.000152,0.000193,0.000167,0.000158,0.000128,0.000138,0.000128,0.000122,0.000119,0.000122,0.000140,0.000136,0.000147,0.000176,0.000196,0.000236,0.000158,0.000132,0.000070,0.000020,0.000013,0.000047,0.000073,0.000071,0.000052,0.000054,0.000052,0.000044,0.000029,0.000022,0.000039,0.000059
200,,,,,,,,,,,,,,0.000028,0.000684,0.000578,0.000472,0.000425,0.000490,0.000481,0.000439,0.000345,0.000278,0.000330,0.000301,0.000232,0.000213,0.000201,0.000181,0.000134,0.000114,0.000103,0.000081,0.000072,0.000058,0.000041,0.000027,0.000009,0.000005,0.000029,0.000064,0.000066,0.000061,0.000055,0.000042,0.000041,0.000023,0.000030,0.000114,0.000274
201,,,,,,,,,,,,,,0.000015,0.000460,0.000562,0.000433,0.000483,0.000528,0.000571,0.000473,0.000404,0.000310,0.000318,0.000244,0.000222,0.000230,0.000243,0.000227,0.000196,0.000217,0.000131,0.000107,0.000172,0.000291,0.000462,0.000507,0.000215,0.000129,0.000437,0.000866,0.000784,0.000616,0.000506,0.000476,0.000510,0.000238,0.000178,0.000410,0.000545
202,,,,,,,,,,,,,,0.000035,0.001146,0.001018,0.000465,0.000358,0.000333,0.000294,0.000253,0.000225,0.000203,0.000203,0.000175,0.000145,0.000155,0.000166,0.000194,0.000178,0.000166,0.000133,0.000089,0.000078,0.000065,0.000052,0.000043,0.000023,0.000020,0.000039,0.000078,0.000079,0.000093,0.000124,0.000142,0.000162,0.000193,0.000080,0.000127,0.000192
203,,,,,,,,,,,,,,0.000009,0.000247,0.000234,0.000195,0.000239,0.000342,0.000485,0.000577,0.000482,0.000394,0.000377,0.000323,0.000306,0.000192,0.000214,0.000154,0.000169,0.000130,0.000114,0.000082,0.000119,0.000135,0.000184,0.000172,0.000099,0.000038,0.000167,0.000317,0.000333,0.000312,0.000279,0.000325,0.000330,0.000183,0.000154,0.000431,0.000637
204,,,,,,,,,,,,,,0.000004,0.000071,0.000071,0.000090,0.000107,0.000153,0.000193,0.000206,0.000169,0.000121,0.000135,0.000103,0.000078,0.000084,0.000076,0.000067,0.000055,0.000041,0.000033,0.000029,0.000026,0.000027,0.000039,0.000037,0.000038,0.000062,0.000162,0.000207,0.000244,0.000268,0.000249,0.000238,0.000182,0.000078,0.000045,0.000110,0.000135
205,,,,,,,,,,,,,,0.000007,0.000154,0.000144,0.000104,0.000108,0.000110,0.000112,0.000133,0.000108,0.000107,0.000104,0.000085,0.000139,0.000155,0.000178,0.000114,0.000086,0.000084,0.000136,0.000132,0.000201,0.000235,0.000245,0.000239,0.000066,0.000036,0.000111,0.000229,0.000248,0.000168,0.000195,0.000265,0.000266,0.000103,0.000093,0.000072,0.000122
206,,,,,,,,,,,,,,0.000008,0.000127,0.000124,0.000085,0.000120,0.000170,0.000270,0.000394,0.000459,0.000422,0.000549,0.000493,0.000387,0.000400,0.000322,0.000277,0.000215,0.000182,0.000152,0.000116,0.000099,0.000067,0.000046,0.000032,0.000016,0.000012,0.000044,0.000097,0.000099,0.000124,0.000099,0.000103,0.000104,0.000069,0.000162,0.000590,0.000423
207,,,,,,,,,,,,,,0.000004,0.000100,0.000078,0.000054,0.000068,0.000078,0.000125,0.000164,0.000202,0.000181,0.000228,0.000223,0.000229,0.000209,0.000222,0.000189,0.000189,0.000142,0.000120,0.000084,0.000077,0.000057,0.000051,0.000049,0.000038,0.000030,0.000089,0.000180,0.000261,0.000244,0.000284,0.000254,0.000351,0.000496,0.000418,0.000279,0.000380
208,,,,,,,,,,,,,,0.000019,0.000486,0.000399,0.000279,0.000215,0.000197,0.000229,0.000264,0.000185,0.000132,0.000134,0.000098,0.000080,0.000069,0.000066,0.000052,0.000037,0.000035,0.000027,0.000025,0.000014,0.000016,0.000020,0.000025,0.000037,0.000033,0.000089,0.000179,0.000263,0.000303,0.000309,0.000280,0.000231,0.000224,0.000228,0.000265,0.000191
209,,,,,,,,,,,,,,0.000004,0.000091,0.000081,0.000072,0.000053,0.000062,0.000063,0.000067,0.000058,0.000048,0.000056,0.000061,0.000091,0.000093,0.000135,0.000104,0.000094,0.000115,0.000149,0.000236,0.000310,0.000295,0.000290,0.000211,0.000070,0.000043,0.000132,0.000191,0.000128,0.000082,0.000106,0.000079,0.000054,0.000052,0.000047,0.000065,0.000101
210,,,,,,,,,,,,,,0.000006,0.000126,0.000095,0.000083,0.000083,0.000096,0.000122,0.000147,0.000123,0.000136,0.000177,0.000154,0.000129,0.000138,0.000131,0.000152,0.000119,0.000122,0.000113,0.000104,0.000125,0.000174,0.000264,0.000265,0.000094,0.000050,0.000136,0.000245,0.000184,0.000129,0.000136,0.000114,0.000094,0.000060,0.000052,0.000153,0.000207
211,,,,,,,,,,,,,,0.000010,0.000367,0.000380,0.000259,0.000225,0.000223,0.000226,0.000227,0.000180,0.000132,0.000118,0.000084,0.000087,0.000059,0.000049,0.000035,0.000029,0.000037,0.000056,0.000083,0.000173,0.000162,0.000133,0.000101,0.000043,0.000041,0.000140,0.000262,0.000310,0.000303,0.000270,0.000268,0.000248,0.000166,0.000112,0.000180,0.000278
212,,,,,,,,,,,,,,0.000005,0.000116,0.000080,0.000080,0.000078,0.000096,0.000107,0.000113,0.000087,0.000092,0.000102,0.000102,0.000083,0.000093,0.000101,0.000105,0.000093,0.000081,0.000078,0.000064,0.000054,0.000042,0.000029,0.000031,0.000027,0.000022,0.000103,0.000112,0.000090,0.000092,0.000079,0.000072,0.000066,0.000032,0.000026,0.000079,0.000120
213,,,,,,,,,,,,,,0.000016,0.000258,0.000292,0.000161,0.000170,0.000264,0.000324,0.000362,0.000346,0.000316,0.000394,0.000394,0.000372,0.000471,0.000386,0.000394,0.000349,0.000281,0.000233,0.000177,0.000128,0.000086,0.000072,0.000050,0.000020,0.000022,0.000208,0.000518,0.000617,0.000606,0.000606,0.000667,0.000636,0.000276,0.000215,0.000468,0.000662
214,,,,,,,,,,,,,,0.000008,0.000254,0.000255,0.000199,0.000153,0.000149,0.000161,0.000143,0.000121,0.000114,0.000119,0.000103,0.000069,0.000079,0.000072,0.000064,0.000043,0.000038,0.000035,0.000030,0.000052,0.000086,0.000128,0.000119,0.000040,0.000020,0.000100,0.000208,0.000224,0.000224,0.000242,0.000241,0.000196,0.000125,0.000177,0.000349,0.000155
215,,,,,,,,,,,,,,0.000010,0.000368,0.000385,0.000199,0.000206,0.000254,0.000355,0.000371,0.000375,0.000391,0.000451,0.000354,0.000253,0.000242,0.000217,0.000187,0.000131,0.000093,0.000099,0.000077,0.000100,0.000085,0.000074,0.000063,0.000030,0.000013,0.000066,0.000171,0.000140,0.000090,0.000099,0.000113,0.000108,0.000075,0.000054,0.000068,0.000096
216,,,,,,,,,,,,,,0.000007,0.000166,0.000143,0.000113,0.000108,0.000128,0.000132,0.000145,0.000144,0.000135,0.000185,0.000182,0.000186,0.000284,0.000404,0.000349,0.000246,0.000205,0.000112,0.000091,0.000076,0.000057,0.000053,0.000053,0.000024,0.000020,0.000053,0.000066,0.000057,0.000040,0.000054,0.000084,0.000062,0.000097,0.000049,0.000166,0.000271
217,,,,,,,,,,,,,,0.000006,0.000154,0.000084,0.000064,0.000089,0.000146,0.000159,0.000151,0.000121,0.000107,0.000117,0.000107,0.000103,0.000117,0.000122,0.000131,0.000122,0.000113,0.000110,0.000100,0.000097,0.000076,0.000071,0.000054,0.000051,0.000021,0.000045,0.000138,0.000203,0.000147,0.000146,0.000170,0.000159,0.000231,0.000122,0.000229,0.000400
218,,,,,,,,,,,,,,0.000006,0.000088,0.000088,0.000085,0.000097,0.000133,0.000137,0.000133,0.000108,0.000089,0.000091,0.000087,0.000068,0.000076,0.000096,0.000144,0.000216,0.000124,0.000121,0.000115,0.000103,0.000094,0.000117,0.000097,0.000044,0.000022,0.000104,0.000152,0.000159,0.000139,0.000196,0.000144,0.000150,0.000104,0.000162,0.000219,0.000399
219,,,,,,,,,,,,,,0.000005,0.000134,0.000112,0.000067,0.000078,0.000093,0.000121,0.000130,0.000322,0.000185,0.000153,0.000122,0.000105,0.000140,0.000222,0.000163,0.000131,0.000116,0.000137,0.000132,0.000138,0.000124,0.000101,0.000092,0.000036,0.000017,0.000045,0.000171,0.000205,0.000156,0.000248,0.000184,0.000166,0.000133,0.000081,0.000209,0.000287
220,,,,,,,,,,,,,,0.000022,0.000355,0.000312,0.000234,0.000194,0.000243,0.000259,0.000206,0.000155,0.000165,0.000137,0.000121,0.000086,0.000080,0.000084,0.000069,0.000074,0.000055,0.000062,0.000070,0.000067,0.000088,0.000056,0.000048,0.000028,0.000022,0.000077,0.000337,0.000365,0.000347,0.000448,0.000478,0.000411,0.000254,0.000407,0.000713,0.001429
221,,,,,,,,,,,,,,0.000034,0.000516,0.000393,0.000304,0.000289,0.000381,0.000372,0.000306,0.000295,0.000229,0.000255,0.000237,0.000196,0.000187,0.000166,0.000142,0.000117,0.000111,0.000098,0.000079,0.000077,0.000061,0.000059,0.000036,0.000009,0.000006,0.000049,0.000124,0.000114,0.000091,0.000097,0.000111,0.000153,0.000112,0.000144,0.000684,0.001582
222,,,,,,,,,,,,,,0.000011,0.000150,0.000108,0.000087,0.000092,0.000150,0.000196,0.000157,0.000146,0.000111,0.000140,0.000118,0.000136,0.000134,0.000141,0.000180,0.000140,0.000140,0.000116,0.000118,0.000112,0.000080,0.000076,0.000062,0.000018,0.000015,0.000040,0.000084,0.000070,0.000080,0.000102,0.000124,0.000113,0.000106,0.000149,0.000490,0.000889
223,,,,,,,,,,,,,,0.000014,0.000297,0.000300,0.000294,0.000281,0.000341,0.000294,0.000260,0.000194,0.000157,0.000176,0.000166,0.000156,0.000211,0.000230,0.000228,0.000199,0.000198,0.000181,0.000153,0.000119,0.000106,0.000088,0.000075,0.000021,0.000011,0.000051,0.000115,0.000149,0.000161,0.000189,0.000186,0.000130,0.000085,0.000093,0.000381,0.000754
224,,,,,,,,,,,,,,0.000005,0.000136,0.000093,0.000075,0.000081,0.000113,0.000109,0.000115,0.000148,0.000205,0.000363,0.000464,0.000701,0.000926,0.001037,0.001108,0.000970,0.000830,0.000627,0.000431,0.000338,0.000250,0.000226,0.000162,0.000045,0.000027,0.000062,0.000110,0.000202,0.000210,0.000221,0.000219,0.000220,0.000164,0.000121,0.000239,0.000168
225,,,,,,,,,,,,,,0.000014,0.000369,0.000340,0.000254,0.000225,0.000266,0.000225,0.000189,0.000175,0.000153,0.000181,0.000189,0.000210,0.000175,0.000157,0.000122,0.000081,0.000059,0.000028,0.000018,0.000023,0.000037,0.000065,0.000093,0.000059,0.000033,0.000061,0.000103,0.000109,0.000112,0.000129,0.000123,0.000123,0.000080,0.000073,0.000099,0.000135
226,,,,,,,,,,,,,,0.000003,0.000092,0.000086,0.000100,0.000125,0.000158,0.000170,0.000141,0.000118,0.000100,0.000116,0.000097,0.000073,0.000095,0.000086,0.000099,0.000101,0.000159,0.000280,0.000426,0.000505,0.000361,0.000265,0.000162,0.000035,0.000025,0.000132,0.000114,0.000108,0.000073,0.000061,0.000048,0.000053,0.000034,0.000024,0.000068,0.000109
227,,,,,,,,,,,,,,0.000006,0.000508,0.000504,0.000219,0.000202,0.000168,0.000213,0.000166,0.000134,0.000118,0.000093,0.000084,0.000092,0.000071,0.000060,0.000046,0.000037,0.000043,0.000055,0.000045,0.000048,0.000048,0.000061,0.000058,0.000037,0.000029,0.000083,0.000111,0.000113,0.000118,0.000130,0.000133,0.000106,0.000087,0.000079,0.000082,0.000088
228,,,,,,,,,,,,,,0.000006,0.000192,0.000163,0.000129,0.000104,0.000114,0.000119,0.000140,0.000108,0.000098,0.000102,0.000084,0.000085,0.000063,0.000038,0.000044,0.000034,0.000040,0.000035,0.000029,0.000028,0.000031,0.000042,0.000050,0.000039,0.000038,0.000131,0.000236,0.000259,0.000326,0.000389,0.000482,0.000328,0.000170,0.000091,0.000089,0.000126
229,,,,,,,,,,,,,,0.000003,0.000104,0.000076,0.000081,0.000115,0.000163,0.000190,0.000194,0.000151,0.000126,0.000136,0.000100,0.000068,0.000051,0.000033,0.000029,0.000022,0.000018,0.000021,0.000043,0.000081,0.000121,0.000194,0.000263,0.000108,0.000069,0.000105,0.000162,0.000225,0.000159,0.000123,0.000102,0.000071,0.000045,0.000049,0.000067,0.000080
230,,,,,,,,,,,,,,0.000008,0.000143,0.000152,0.000111,0.000082,0.000095,0.000099,0.000091,0.000071,0.000080,0.000081,0.000063,0.000068,0.000069,0.000059,0.000036,0.000031,0.000025,0.000028,0.000027,0.000040,0.000065,0.000089,0.000115,0.000061,0.000055,0.000085,0.000115,0.000098,0.000110,0.000105,0.000150,0.000197,0.000202,0.000136,0.000203,0.000301
231,,,,,,,,,,,,,,0.000013,0.000151,0.000143,0.000119,0.000079,0.000090,0.000104,0.000093,0.000091,0.000064,0.000137,0.000154,0.000105,0.000092,0.000093,0.000058,0.000047,0.000043,0.000047,0.000045,0.000053,0.000054,0.000052,0.000042,0.000014,0.000012,0.000040,0.000112,0.000125,0.000186,0.000272,0.000228,0.000272,0.000135,0.000180,0.000359,0.000653
232,,,,,,,,,,,,,,0.000007,0.000189,0.000232,0.000095,0.000115,0.000198,0.000278,0.000360,0.000370,0.000319,0.000367,0.000370,0.000407,0.000507,0.000518,0.000569,0.000504,0.000461,0.000423,0.000307,0.000246,0.000262,0.000348,0.000310,0.000089,0.000065,0.000175,0.000258,0.000225,0.000270,0.000311,0.000412,0.000433,0.000294,0.000294,0.000787,0.000574
233,,,,,,,,,,,,,,0.000008,0.000248,0.000214,0.000150,0.000102,0.000094,0.000188,0.000243,0.000232,0.000160,0.000154,0.000153,0.000186,0.000104,0.000109,0.000077,0.000066,0.000031,0.000024,0.000035,0.000044,0.000049,0.000056,0.000053,0.000045,0.000030,0.000070,0.000219,0.000170,0.000111,0.000094,0.000089,0.000074,0.000066,0.000036,0.000072,0.000127
234,,,,,,,,,,,,,,0.000004,0.000069,0.000066,0.000061,0.000080,0.000103,0.000102,0.000145,0.000154,0.000134,0.000125,0.000110,0.000135,0.000116,0.000122,0.000111,0.000098,0.000082,0.000089,0.000091,0.000119,0.000135,0.000141,0.000113,0.000039,0.000026,0.000162,0.000313,0.000293,0.000261,0.000249,0.000168,0.000135,0.000105,0.000090,0.000157,0.000184
235,,,,,,,,,,,,,,0.000004,0.000091,0.000083,0.000076,0.000079,0.000102,0.000124,0.000114,0.000089,0.000092,0.000118,0.000108,0.000089,0.000085,0.000073,0.000064,0.000047,0.000049,0.000062,0.000074,0.000083,0.000062,0.000044,0.000026,0.000030,0.000027,0.000056,0.000088,0.000086,0.000080,0.000099,0.000163,0.000132,0.000082,0.000085,0.000091,0.000144
236,,,,,,,,,,,,,,0.000033,0.000787,0.000723,0.000536,0.000541,0.000488,0.000464,0.000407,0.000372,0.000315,0.000429,0.000462,0.000449,0.000453,0.000360,0.000307,0.000205,0.000159,0.000128,0.000092,0.000089,0.000062,0.000049,0.000029,0.000012,0.000007,0.000030,0.000046,0.000053,0.000042,0.000051,0.000061,0.000049,0.000039,0.000061,0.000090,0.000133
237,,,,,,,,,,,,,,0.000030,0.000747,0.000794,0.000862,0.001085,0.001465,0.001648,0.001405,0.001171,0.000911,0.001063,0.000913,0.000689,0.000700,0.000635,0.000582,0.000451,0.000371,0.000328,0.000225,0.000201,0.000137,0.000110,0.000056,0.000013,0.000010,0.000073,0.000130,0.000130,0.000155,0.000127,0.000133,0.000136,0.000083,0.000129,0.000370,0.000648
238,,,,,,,,,,,,,,0.000007,0.000146,0.000146,0.000115,0.000103,0.000105,0.000141,0.000201,0.000242,0.000149,0.000092,0.000090,0.000087,0.000095,0.000098,0.000070,0.000072,0.000071,0.000054,0.000043,0.000041,0.000052,0.000065,0.000078,0.000052,0.000039,0.000093,0.000134,0.000161,0.000217,0.000299,0.000408,0.000498,0.000391,0.000322,0.000338,0.000280
239,,,,,,,,,,,,,,0.000007,0.000178,0.000198,0.000162,0.000153,0.000165,0.000190,0.000162,0.000133,0.000103,0.000102,0.000087,0.000084,0.000093,0.000117,0.000131,0.000131,0.000140,0.000203,0.000287,0.000324,0.000288,0.000202,0.000137,0.000057,0.000018,0.000132,0.000127,0.000115,0.000097,0.000087,0.000087,0.000072,0.000052,0.000044,0.000117,0.000180
240,,,,,,,,,,,,,,0.000007,0.000735,0.000592,0.000158,0.000155,0.000168,0.000165,0.000170,0.000135,0.000161,0.000126,0.000121,0.000105,0.000127,0.000097,0.000080,0.000063,0.000049,0.000048,0.000044,0.000061,0.000063,0.000073,0.000068,0.000031,0.000024,0.000115,0.000243,0.000221,0.000166,0.000147,0.000139,0.000106,0.000089,0.000075,0.000169,0.000205
241,,,,,,,,,,,,,,0.000006,0.000220,0.000255,0.000156,0.000140,0.000124,0.000141,0.000130,0.000110,0.000106,0.000124,0.000115,0.000125,0.000135,0.000140,0.000130,0.000116,0.000113,0.000110,0.000106,0.000155,0.000195,0.000255,0.000211,0.000050,0.000029,0.000067,0.000134,0.000111,0.000109,0.000105,0.000090,0.000071,0.000040,0.000017,0.000041,0.000080
242,,,,,,,,,,,,,,0.000025,0.000685,0.000663,0.000533,0.000509,0.000575,0.000533,0.000456,0.000349,0.000262,0.000256,0.000236,0.000227,0.000234,0.000243,0.000278,0.000294,0.000351,0.000440,0.000345,0.000278,0.000180,0.000125,0.000084,0.000037,0.000026,0.000050,0.000064,0.000094,0.000103,0.000097,0.000134,0.000180,0.000104,0.000072,0.000211,0.000098
243,,,,,,,,,,,,,,0.000006,0.000166,0.000160,0.000127,0.000152,0.000214,0.000283,0.000303,0.000321,0.000356,0.000400,0.000355,0.000303,0.000389,0.000413,0.000510,0.000495,0.000486,0.000513,0.000413,0.000336,0.000250,0.000233,0.000178,0.000038,0.000013,0.000073,0.000201,0.000177,0.000158,0.000129,0.000122,0.000102,0.000044,0.000038,0.000066,0.000068
244,,,,,,,,,,,,,,0.000003,0.000024,0.000037,0.000031,0.000026,0.000038,0.000169,0.000431,0.000292,0.000113,0.000096,0.000078,0.000073,0.000074,0.000093,0.000090,0.000084,0.000081,0.000089,0.000104,0.000107,0.000101,0.000105,0.000097,0.000076,0.000048,0.000110,0.000256,0.000273,0.000248,0.000229,0.000231,0.000215,0.000156,0.000094,0.000176,0.000234
245,,,,,,,,,,,,,,0.000003,0.000136,0.000135,0.000160,0.000172,0.000245,0.000413,0.000567,0.000683,0.000615,0.000666,0.000638,0.000749,0.000531,0.000519,0.000376,0.000306,0.000233,0.000207,0.000170,0.000152,0.000128,0.000108,0.000085,0.000024,0.000017,0.000047,0.000097,0.000116,0.000111,0.000120,0.000094,0.000055,0.000028,0.000020,0.000016,0.000017
246,,,,,,,,,,,,,,0.000018,0.000241,0.000246,0.000122,0.000134,0.000165,0.000158,0.000129,0.000102,0.000102,0.000143,0.000122,0.000131,0.000197,0.000239,0.000357,0.000376,0.000432,0.000485,0.000413,0.000405,0.000296,0.000192,0.000118,0.000025,0.000013,0.000057,0.000128,0.000112,0.000159,0.000139,0.000184,0.000217,0.000094,0.000113,0.000362,0.000708
247,,,,,,,,,,,,,,0.000005,0.000136,0.000157,0.000254,0.000219,0.000214,0.000160,0.000099,0.000088,0.000078,0.000041,0.000037,0.000036,0.000054,0.000075,0.000112,0.000123,0.000194,0.000311,0.000462,0.000535,0.000438,0.000370,0.000227,0.000066,0.000074,0.000287,0.000467,0.000448,0.000296,0.000225,0.000186,0.000126,0.000082,0.000045,0.000119,0.000190
248,,,,,,,,,,,,,,0.000004,0.000036,0.000033,0.000085,0.000091,0.000192,0.000372,0.000497,0.000668,0.000929,0.001124,0.001065,0.000895,0.000969,0.000867,0.000800,0.000604,0.000579,0.000525,0.000498,0.000371,0.000245,0.000169,0.000096,0.000021,0.000015,0.000095,0.000150,0.000140,0.000133,0.000111,0.000117,0.000112,0.000063,0.000072,0.000141,0.000255
249,,,,,,,,,,,,,,0.000003,0.000155,0.000091,0.000046,0.000051,0.000069,0.000073,0.000097,0.000085,0.000055,0.000055,0.000046,0.000051,0.000053,0.000057,0.000057,0.000071,0.000082,0.000141,0.000226,0.000347,0.000299,0.000270,0.000177,0.000048,0.000038,0.000146,0.000141,0.000119,0.000133,0.000116,0.000117,0.000146,0.000096,0.000080,0.000156,0.000218
250,,,,,,,,,,,,,,0.000014,0.000312,0.000269,0.000222,0.000175,0.000185,0.000186,0.000211,0.000125,0.000111,0.000122,0.000110,0.000102,0.000081,0.000083,0.000056,0.000041,0.000041,0.000046,0.000057,0.000055,0.000037,0.000040,0.000048,0.000064,0.000033,0.000166,0.000186,0.000199,0.000222,0.000249,0.000304,0.000436,0.000262,0.000154,0.000197,0.000339
251,,,,,,,,,,,,,,0.000007,0.000117,0.000180,0.000133,0.000157,0.000259,0.000278,0.000334,0.000303,0.000274,0.000376,0.000361,0.000371,0.000423,0.000408,0.000381,0.000298,0.000270,0.000232,0.000183,0.000155,0.000100,0.000067,0.000047,0.000016,0.000021,0.000098,0.000181,0.000159,0.000128,0.000128,0.000137,0.000117,0.000061,0.000064,0.000288,0.000348
252,,,,,,,,,,,,,,0.000005,0.000115,0.000105,0.000133,0.000233,0.000438,0.000661,0.000771,0.000799,0.000809,0.000918,0.000798,0.000635,0.000647,0.000616,0.000590,0.000517,0.000401,0.000341,0.000263,0.000209,0.000147,0.000097,0.000058,0.000011,0.000008,0.000053,0.000108,0.000115,0.000108,0.000092,0.000078,0.000077,0.000080,0.000086,0.000195,0.000341
253,,,,,,,,,,,,,,0.000006,0.000126,0.000132,0.000099,0.000089,0.000099,0.000112,0.000140,0.000209,0.000190,0.000133,0.000124,0.000104,0.000137,0.000113,0.000124,0.000135,0.000094,0.000099,0.000123,0.000129,0.000171,0.000197,0.000228,0.000096,0.000065,0.000231,0.000315,0.000280,0.000241,0.000265,0.000279,0.000208,0.000084,0.000064,0.000184,0.000300
254,,,,,,,,,,,,,,0.000040,0.000853,0.000769,0.000493,0.000431,0.000502,0.000430,0.000347,0.000300,0.000230,0.000282,0.000257,0.000199,0.000239,0.000236,0.000252,0.000225,0.000236,0.000267,0.000255,0.000235,0.000163,0.000122,0.000065,0.000014,0.000008,0.000042,0.000076,0.000074,0.000058,0.000053,0.000065,0.000053,0.000062,0.000036,0.000081,0.000136
255,,,,,,,,,,,,,,0.000007,0.000167,0.000129,0.000081,0.000065,0.000071,0.000076,0.000074,0.000066,0.000064,0.000059,0.000061,0.000052,0.000044,0.000041,0.000046,0.000033,0.000036,0.000037,0.000035,0.000045,0.000036,0.000037,0.000028,0.000041,0.000064,0.000111,0.000154,0.000205,0.000155,0.000172,0.000153,0.000153,0.000284,0.000229,0.000162,0.000150
256,,,,,,,,,,,,,,0.000008,0.000135,0.000136,0.000084,0.000076,0.000109,0.000131,0.000141,0.000163,0.000155,0.000203,0.000240,0.000184,0.000244,0.000190,0.000211,0.000154,0.000121,0.000113,0.000093,0.000081,0.000076,0.000072,0.000083,0.000038,0.000038,0.000235,0.000436,0.000430,0.000408,0.000459,0.000433,0.000376,0.000158,0.000127,0.000385,0.000585
257,,,,,,,,,,,,,,0.000036,0.000706,0.000587,0.000468,0.000441,0.000432,0.000398,0.000321,0.000244,0.000193,0.000252,0.000217,0.000216,0.000175,0.000143,0.000092,0.000082,0.000055,0.000048,0.000038,0.000034,0.000042,0.000056,0.000058,0.000034,0.000019,0.000035,0.000049,0.000061,0.000062,0.000077,0.000073,0.000059,0.000049,0.000064,0.000049,0.000045
258,,,,,,,,,,,,,,0.000004,0.000083,0.000090,0.000117,0.000109,0.000125,0.000117,0.000111,0.000098,0.000065,0.000083,0.000080,0.000068,0.000076,0.000074,0.000076,0.000077,0.000087,0.000106,0.000143,0.000245,0.000349,0.000459,0.000328,0.000061,0.000024,0.000072,0.000075,0.000067,0.000059,0.000064,0.000065,0.000056,0.000032,0.000028,0.000110,0.000172
259,,,,,,,,,,,,,,0.000019,0.000510,0.000539,0.000470,0.000432,0.000508,0.000489,0.000447,0.000417,0.000321,0.000355,0.000311,0.000246,0.000297,0.000312,0.000362,0.000369,0.000478,0.000599,0.000593,0.000503,0.000321,0.000238,0.000143,0.000023,0.000013,0.000114,0.000238,0.000227,0.000204,0.000166,0.000119,0.000110,0.000058,0.000064,0.000170,0.000323
260,,,,,,,,,,,,,,0.000009,0.000327,0.000394,0.000312,0.000342,0.000474,0.000621,0.000664,0.000699,0.000726,0.001073,0.001176,0.001149,0.001342,0.001169,0.000977,0.000648,0.000542,0.000531,0.000535,0.000525,0.000323,0.000224,0.000141,0.000038,0.000016,0.000039,0.000092,0.000095,0.000097,0.000094,0.000086,0.000100,0.000071,0.000045,0.000108,0.000179
261,,,,,,,,,,,,,,0.000009,0.000227,0.000215,0.000144,0.000135,0.000153,0.000164,0.000165,0.000160,0.000413,0.000175,0.000138,0.000128,0.000112,0.000091,0.000082,0.000094,0.000071,0.000074,0.000071,0.000062,0.000068,0.000055,0.000068,0.000029,0.000021,0.000059,0.000136,0.000134,0.000180,0.000223,0.000192,0.000226,0.000148,0.000173,0.000735,0.000269
262,,,,,,,,,,,,,,0.000014,0.000475,0.000569,0.000805,0.001033,0.001346,0.001572,0.001301,0.001041,0.000839,0.000919,0.000720,0.000517,0.000527,0.000462,0.000424,0.000339,0.000285,0.000276,0.000223,0.000197,0.000148,0.000119,0.000084,0.000018,0.000010,0.000098,0.000282,0.000328,0.000313,0.000326,0.000313,0.000218,0.000107,0.000065,0.000201,0.000343
263,,,,,,,,,,,,,,0.000006,0.000193,0.000190,0.000148,0.000155,0.000213,0.000247,0.000240,0.000219,0.000210,0.000219,0.000185,0.000155,0.000155,0.000139,0.000103,0.000079,0.000072,0.000066,0.000053,0.000049,0.000030,0.000027,0.000027,0.000020,0.000016,0.000038,0.000072,0.000066,0.000078,0.000091,0.000146,0.000165,0.000225,0.000134,0.000109,0.000166
264,,,,,,,,,,,,,,0.000041,0.000731,0.000632,0.000430,0.000381,0.000455,0.000446,0.000385,0.000334,0.000263,0.000309,0.000289,0.000214,0.000245,0.000211,0.000190,0.000155,0.000140,0.000128,0.000103,0.000099,0.000069,0.000061,0.000034,0.000010,0.000013,0.000035,0.000072,0.000081,0.000061,0.000067,0.000060,0.000058,0.000044,0.000062,0.000152,0.000325
265,,,,,,,,,,,,,,0.000023,0.000391,0.000293,0.000166,0.000169,0.000196,0.000199,0.000168,0.000132,0.000112,0.000128,0.000121,0.000130,0.000110,0.000126,0.000148,0.000160,0.000170,0.000159,0.000114,0.000102,0.000078,0.000065,0.000041,0.000013,0.000011,0.000046,0.000114,0.000129,0.000116,0.000089,0.000083,0.000105,0.000087,0.000188,0.000660,0.001262
266,,,,,,,,,,,,,,0.000020,0.000496,0.000497,0.000314,0.000261,0.000256,0.000234,0.000212,0.000169,0.000144,0.000116,0.000112,0.000099,0.000095,0.000085,0.000080,0.000073,0.000052,0.000040,0.000048,0.000070,0.000078,0.000053,0.000045,0.000029,0.000029,0.000067,0.000120,0.000126,0.000239,0.000408,0.000392,0.000287,0.000159,0.000152,0.000416,0.000212
267,,,,,,,,,,,,,,0.000010,0.000188,0.000212,0.000137,0.000133,0.000166,0.000126,0.000084,0.000092,0.000057,0.000046,0.000052,0.000067,0.000109,0.000223,0.000271,0.000268,0.000282,0.000232,0.000192,0.000140,0.000092,0.000094,0.000065,0.000033,0.000050,0.000329,0.000632,0.000584,0.000460,0.000404,0.000345,0.000295,0.000156,0.000123,0.000260,0.000455
268,,,,,,,,,,,,,,0.000033,0.000610,0.000504,0.000376,0.000353,0.000388,0.000328,0.000301,0.000227,0.000168,0.000157,0.000127,0.000094,0.000086,0.000078,0.000070,0.000054,0.000045,0.000034,0.000030,0.000034,0.000037,0.000030,0.000031,0.000017,0.000010,0.000031,0.000069,0.000064,0.000059,0.000079,0.000076,0.000088,0.000081,0.000166,0.000447,0.000548
269,,,,,,,,,,,,,,0.000006,0.000177,0.000169,0.000105,0.000102,0.000122,0.000130,0.000126,0.000121,0.000096,0.000098,0.000090,0.000075,0.000079,0.000064,0.000067,0.000068,0.000061,0.000062,0.000046,0.000044,0.000039,0.000060,0.000076,0.000036,0.000015,0.000123,0.000296,0.000351,0.000331,0.000322,0.000301,0.000301,0.000121,0.000085,0.000142,0.000247
270,,,,,,,,,,,,,,0.000011,0.000364,0.000380,0.000308,0.000362,0.000530,0.000782,0.000946,0.001109,0.001184,0.001744,0.001694,0.001362,0.001438,0.001099,0.000923,0.000597,0.000430,0.000349,0.000247,0.000200,0.000132,0.000107,0.000067,0.000015,0.000006,0.000034,0.000055,0.000052,0.000042,0.000047,0.000073,0.000076,0.000032,0.000040,0.000096,0.000150
271,,,,,,,,,,,,,,0.000013,0.000467,0.000412,0.000285,0.000250,0.000242,0.000213,0.000228,0.000188,0.000152,0.000168,0.000139,0.000130,0.000128,0.000108,0.000104,0.000078,0.000074,0.000072,0.000050,0.000055,0.000051,0.000061,0.000064,0.000073,0.000027,0.000057,0.000115,0.000103,0.000105,0.000109,0.000116,0.000098,0.000083,0.000050,0.000058,0.000058
272,,,,,,,,,,,,,,0.000007,0.000158,0.000219,0.000255,0.000293,0.000435,0.000567,0.000608,0.000710,0.000739,0.001142,0.001146,0.000919,0.000915,0.000739,0.000619,0.000405,0.000319,0.000255,0.000205,0.000176,0.000104,0.000083,0.000043,0.000009,0.000009,0.000045,0.000087,0.000094,0.000106,0.000102,0.000107,0.000128,0.000093,0.000073,0.000228,0.000376
273,,,,,,,,,,,,,,0.000009,0.000150,0.000119,0.000092,0.000088,0.000092,0.000127,0.000269,0.000403,0.000316,0.000403,0.000397,0.000431,0.000344,0.000339,0.000256,0.000213,0.000177,0.000164,0.000142,0.000135,0.000087,0.000078,0.000061,0.000027,0.000025,0.000169,0.000296,0.000384,0.000439,0.000516,0.000547,0.000383,0.000166,0.000142,0.000257,0.000376
274,,,,,,,,,,,,,,0.000012,0.000265,0.000249,0.000235,0.000224,0.000215,0.000242,0.000185,0.000139,0.000119,0.000120,0.000107,0.000101,0.000094,0.000106,0.000097,0.000079,0.000054,0.000050,0.000051,0.000045,0.000040,0.000033,0.000032,0.000023,0.000037,0.000122,0.000330,0.000299,0.000262,0.000215,0.000225,0.000195,0.000101,0.000083,0.000133,0.000217
275,,,,,,,,,,,,,,0.000028,0.000842,0.000913,0.000874,0.000941,0.001093,0.001155,0.000907,0.000754,0.000502,0.000639,0.000521,0.000356,0.000391,0.000333,0.000303,0.000220,0.000194,0.000183,0.000135,0.000128,0.000095,0.000080,0.000067,0.000016,0.000010,0.000077,0.000140,0.000140,0.000149,0.000149,0.000175,0.000156,0.000095,0.000079,0.000240,0.000378
276,,,,,,,,,,,,,,0.000003,0.000055,0.000048,0.000045,0.000045,0.000065,0.000124,0.000129,0.000178,0.000335,0.000251,0.000226,0.000272,0.000244,0.000237,0.000214,0.000237,0.000243,0.000253,0.000324,0.000346,0.000355,0.000267,0.000188,0.000063,0.000029,0.000059,0.000133,0.000265,0.000229,0.000141,0.000137,0.000127,0.000063,0.000057,0.000091,0.000155
277,,,,,,,,,,,,,,0.000007,0.000174,0.000176,0.000132,0.000124,0.000123,0.000140,0.000112,0.000085,0.000086,0.000084,0.000087,0.000082,0.000068,0.000057,0.000074,0.000092,0.000070,0.000055,0.000045,0.000042,0.000032,0.000030,0.000031,0.000023,0.000019,0.000047,0.000076,0.000086,0.000113,0.000136,0.000162,0.000237,0.000252,0.000220,0.000198,0.000185
278,,,,,,,,,,,,,,0.000009,0.000308,0.000368,0.000285,0.000297,0.000284,0.000262,0.000236,0.000162,0.000173,0.000163,0.000160,0.000171,0.000125,0.000126,0.000125,0.000172,0.000155,0.000179,0.000240,0.000323,0.000406,0.000380,0.000200,0.000054,0.000032,0.000134,0.000156,0.000206,0.000222,0.000111,0.000104,0.000097,0.000071,0.000056,0.000105,0.000149
279,,,,,,,,,,,,,,0.000012,0.000277,0.000265,0.000223,0.000206,0.000196,0.000214,0.000210,0.000162,0.000121,0.000131,0.000119,0.000084,0.000064,0.000036,0.000019,0.000024,0.000027,0.000018,0.000019,0.000064,0.000105,0.000170,0.000165,0.000050,0.000027,0.000061,0.000093,0.000069,0.000062,0.000068,0.000059,0.000131,0.000077,0.000174,0.000122,0.000143
280,,,,,,,,,,,,,,0.000007,0.000151,0.000153,0.000106,0.000107,0.000128,0.000139,0.000124,0.000095,0.000085,0.000095,0.000111,0.000144,0.000089,0.000075,0.000060,0.000059,0.000055,0.000063,0.000075,0.000090,0.000089,0.000105,0.000118,0.000080,0.000069,0.000103,0.000147,0.000176,0.000179,0.000212,0.000317,0.000356,0.000258,0.000132,0.000127,0.000106
281,,,,,,,,,,,,,,0.000005,0.000115,0.000077,0.000056,0.000057,0.000072,0.000200,0.000217,0.000192,0.000155,0.000143,0.000126,0.000151,0.000097,0.000130,0.000123,0.000174,0.000294,0.000547,0.000845,0.000899,0.000598,0.000449,0.000262,0.000047,0.000024,0.000074,0.000097,0.000089,0.000104,0.000089,0.000077,0.000078,0.000062,0.000056,0.000167,0.000239
282,,,,,,,,,,,,,,0.000006,0.000098,0.000075,0.000066,0.000072,0.000114,0.000238,0.000449,0.000696,0.000321,0.000239,0.000191,0.000189,0.000157,0.000167,0.000143,0.000150,0.000266,0.000263,0.000222,0.000210,0.000169,0.000150,0.000144,0.000044,0.000033,0.000209,0.000597,0.000680,0.000572,0.000548,0.000468,0.000353,0.000165,0.000095,0.000225,0.000331
283,,,,,,,,,,,,,,0.000005,0.000148,0.000160,0.000106,0.000126,0.000187,0.000353,0.000283,0.000285,0.000400,0.000422,0.000368,0.000319,0.000305,0.000264,0.000220,0.000176,0.000144,0.000107,0.000099,0.000093,0.000074,0.000058,0.000051,0.000013,0.000010,0.000036,0.000077,0.000109,0.000190,0.000270,0.000383,0.000398,0.000189,0.000216,0.000568,0.000283
284,,,,,,,,,,,,,,0.000025,0.000335,0.000248,0.000202,0.000261,0.000291,0.000287,0.000237,0.000183,0.000160,0.000142,0.000113,0.000140,0.000124,0.000111,0.000129,0.000115,0.000100,0.000072,0.000055,0.000055,0.000053,0.000043,0.000027,0.000025,0.000015,0.000081,0.000080,0.000085,0.000095,0.000122,0.000122,0.000100,0.000087,0.000107,0.000378,0.000923
285,,,,,,,,,,,,,,0.000018,0.000523,0.000504,0.000490,0.000467,0.000622,0.000693,0.000713,0.000788,0.000759,0.000949,0.000836,0.000590,0.000571,0.000399,0.000294,0.000193,0.000142,0.000115,0.000074,0.000061,0.000046,0.000042,0.000035,0.000022,0.000014,0.000066,0.000063,0.000063,0.000056,0.000058,0.000050,0.000063,0.000074,0.000046,0.000081,0.000125
286,,,,,,,,,,,,,,0.000005,0.000072,0.000065,0.000057,0.000060,0.000092,0.000127,0.000200,0.000427,0.000341,0.000222,0.000219,0.000264,0.000299,0.000325,0.000216,0.000178,0.000128,0.000122,0.000096,0.000104,0.000125,0.000122,0.000087,0.000023,0.000015,0.000092,0.000278,0.000347,0.000331,0.000346,0.000316,0.000212,0.000105,0.000069,0.000187,0.000289
287,,,,,,,,,,,,,,0.000029,0.000822,0.000842,0.000629,0.000529,0.000499,0.000528,0.000405,0.000342,0.000271,0.000307,0.000271,0.000227,0.000212,0.000180,0.000162,0.000111,0.000107,0.000095,0.000087,0.000103,0.000075,0.000062,0.000047,0.000018,0.000010,0.000043,0.000047,0.000055,0.000051,0.000053,0.000057,0.000062,0.000042,0.000033,0.000050,0.000069
288,,,,,,,,,,,,,,0.000013,0.000291,0.000274,0.000229,0.000245,0.000341,0.000356,0.000336,0.000216,0.000131,0.000132,0.000106,0.000092,0.000067,0.000058,0.000064,0.000078,0.000090,0.000097,0.000067,0.000076,0.000053,0.000046,0.000041,0.000023,0.000023,0.000050,0.000087,0.000079,0.000063,0.000089,0.000100,0.000092,0.000122,0.000103,0.000248,0.000374
289,,,,,,,,,,,,,,0.000007,0.000619,0.000548,0.000243,0.000260,0.000255,0.000249,0.000245,0.000196,0.000206,0.000201,0.000185,0.000164,0.000170,0.000157,0.000146,0.000104,0.000091,0.000100,0.000108,0.000100,0.000065,0.000067,0.000067,0.000024,0.000026,0.000045,0.000042,0.000033,0.000037,0.000047,0.000061,0.000070,0.000086,0.000078,0.000130,0.000149
290,,,,,,,,,,,,,,0.000032,0.000778,0.001094,0.000543,0.000452,0.000536,0.000499,0.000446,0.000371,0.000344,0.000414,0.000375,0.000312,0.000344,0.000274,0.000243,0.000208,0.000168,0.000113,0.000076,0.000062,0.000045,0.000048,0.000031,0.000012,0.000011,0.000066,0.000187,0.000230,0.000220,0.000219,0.000244,0.000236,0.000125,0.000092,0.000181,0.000253
291,,,,,,,,,,,,,,0.000022,0.000497,0.000502,0.000456,0.000540,0.000632,0.000711,0.000605,0.000452,0.000365,0.000374,0.000312,0.000251,0.000193,0.000169,0.000141,0.000117,0.000082,0.000093,0.000075,0.000080,0.000053,0.000053,0.000048,0.000021,0.000013,0.000051,0.000077,0.000071,0.000076,0.000085,0.000103,0.000098,0.000134,0.000121,0.000166,0.000205
292,,,,,,,,,,,,,,0.000021,0.000645,0.000696,0.000543,0.000442,0.000456,0.000446,0.000401,0.000343,0.000270,0.000291,0.000260,0.000199,0.000238,0.000228,0.000243,0.000242,0.000283,0.000332,0.000324,0.000279,0.000182,0.000142,0.000084,0.000017,0.000011,0.000068,0.000124,0.000110,0.000095,0.000074,0.000052,0.000033,0.000037,0.000037,0.000039,0.000063
293,,,,,,,,,,,,,,0.000015,0.000391,0.000415,0.000182,0.000152,0.000173,0.000171,0.000166,0.000139,0.000153,0.000129,0.000108,0.000124,0.000091,0.000067,0.000066,0.000061,0.000040,0.000041,0.000037,0.000035,0.000047,0.000076,0.000066,0.000051,0.000032,0.000088,0.000159,0.000150,0.000161,0.000208,0.000335,0.000406,0.000254,0.000209,0.000515,0.000705
294,,,,,,,,,,,,,,0.000007,0.000154,0.000174,0.000115,0.000095,0.000086,0.000084,0.000083,0.000064,0.000071,0.000051,0.000040,0.000048,0.000032,0.000028,0.000019,0.000026,0.000016,0.000036,0.000068,0.000076,0.000189,0.000138,0.000078,0.000040,0.000028,0.000077,0.000167,0.000213,0.000223,0.000205,0.000174,0.000161,0.000106,0.000089,0.000099,0.000124
295,,,,,,,,,,,,,,0.000006,0.000123,0.000129,0.000126,0.000147,0.000177,0.000190,0.000177,0.000148,0.000151,0.000190,0.000172,0.000148,0.000122,0.000102,0.000128,0.000141,0.000191,0.000332,0.000436,0.000435,0.000266,0.000181,0.000107,0.000030,0.000021,0.000063,0.000132,0.000120,0.000105,0.000099,0.000095,0.000075,0.000055,0.000048,0.000085,0.000123
296,,,,,,,,,,,,,,0.000004,0.000120,0.000132,0.000170,0.000226,0.000253,0.000262,0.000205,0.000148,0.000125,0.000125,0.000123,0.000114,0.000100,0.000083,0.000081,0.000073,0.000068,0.000071,0.000062,0.000056,0.000050,0.000047,0.000046,0.000018,0.000012,0.000034,0.000089,0.000082,0.000095,0.000112,0.000123,0.000165,0.000149,0.000080,0.000076,0.000111
297,,,,,,,,,,,,,,0.000008,0.000153,0.000145,0.000088,0.000076,0.000083,0.000091,0.000078,0.000083,0.000105,0.000091,0.000093,0.000080,0.000080,0.000085,0.000082,0.000103,0.000100,0.000125,0.000138,0.000154,0.000150,0.000137,0.000123,0.000051,0.000021,0.000114,0.000200,0.000211,0.000241,0.000403,0.000460,0.000415,0.000217,0.000189,0.000727,0.000531
298,,,,,,,,,,,,,,0.000006,0.000240,0.000255,0.000302,0.000399,0.000538,0.000618,0.000533,0.000433,0.000355,0.000322,0.000258,0.000192,0.000171,0.000149,0.000109,0.000113,0.000058,0.000053,0.000054,0.000062,0.000058,0.000063,0.000057,0.000037,0.000040,0.000075,0.000130,0.000180,0.000218,0.000220,0.000253,0.000193,0.000125,0.000096,0.000272,0.000192
299,,,,,,,,,,,,,,0.000002,0.000050,0.000062,0.000072,0.000109,0.000137,0.000211,0.000267,0.000352,0.000491,0.000691,0.000704,0.000564,0.000574,0.000466,0.000396,0.000317,0.000271,0.000300,0.000317,0.000342,0.000258,0.000216,0.000142,0.000034,0.000034,0.000224,0.000242,0.000194,0.000134,0.000102,0.000087,0.000069,0.000038,0.000032,0.000085,0.000102
300,,,,,,,,,,,,,,0.000003,0.000085,0.000068,0.000057,0.000102,0.000225,0.000483,0.000604,0.000750,0.000631,0.000942,0.000955,0.000977,0.000962,0.000862,0.000776,0.000512,0.000368,0.000289,0.000208,0.000162,0.000121,0.000105,0.000067,0.000025,0.000020,0.000094,0.000092,0.000088,0.000075,0.000077,0.000087,0.000099,0.000064,0.000063,0.000132,0.000141
301,,,,,,,,,,,,,,0.000032,0.000787,0.000640,0.000447,0.000437,0.000483,0.000479,0.000386,0.000283,0.000199,0.000208,0.000172,0.000153,0.000122,0.000108,0.000078,0.000052,0.000042,0.000037,0.000033,0.000035,0.000039,0.000042,0.000038,0.000027,0.000018,0.000056,0.000062,0.000048,0.000050,0.000049,0.000045,0.000049,0.000063,0.000035,0.000074,0.000128
302,,,,,,,,,,,,,,0.000006,0.000225,0.000220,0.000150,0.000146,0.000174,0.000180,0.000170,0.000166,0.000116,0.000111,0.000098,0.000100,0.000077,0.000059,0.000063,0.000067,0.000062,0.000077,0.000081,0.000084,0.000062,0.000054,0.000038,0.000038,0.000025,0.000059,0.000101,0.000127,0.000082,0.000090,0.000083,0.000082,0.000080,0.000070,0.000109,0.000144
303,,,,,,,,,,,,,,0.000005,0.000138,0.000096,0.000057,0.000068,0.000086,0.000084,0.000094,0.000139,0.000097,0.000121,0.000135,0.000147,0.000152,0.000132,0.000110,0.000095,0.000068,0.000068,0.000058,0.000065,0.000056,0.000066,0.000075,0.000061,0.000027,0.000083,0.000092,0.000083,0.000085,0.000139,0.000156,0.000170,0.000117,0.000279,0.000190,0.000204
304,,,,,,,,,,,,,,0.000016,0.000253,0.000279,0.000182,0.000175,0.000214,0.000221,0.000207,0.000143,0.000097,0.000134,0.000121,0.000118,0.000115,0.000111,0.000096,0.000104,0.000104,0.000094,0.000085,0.000075,0.000056,0.000058,0.000070,0.000051,0.000052,0.000097,0.000219,0.000182,0.000144,0.000091,0.000109,0.000099,0.000098,0.000077,0.000171,0.000232
305,,,,,,,,,,,,,,0.000005,0.000137,0.000108,0.000082,0.000094,0.000113,0.000128,0.000101,0.000109,0.000098,0.000118,0.000106,0.000094,0.000087,0.000070,0.000065,0.000067,0.000052,0.000073,0.000106,0.000144,0.000218,0.000252,0.000167,0.000067,0.000039,0.000205,0.000178,0.000163,0.000125,0.000101,0.000091,0.000092,0.000045,0.000041,0.000108,0.000143
306,,,,,,,,,,,,,,0.000023,0.000591,0.000510,0.000376,0.000323,0.000287,0.000265,0.000214,0.000181,0.000128,0.000161,0.000148,0.000135,0.000146,0.000174,0.000115,0.000072,0.000059,0.000047,0.000035,0.000029,0.000027,0.000032,0.000027,0.000020,0.000014,0.000045,0.000098,0.000124,0.000161,0.000198,0.000191,0.000224,0.000123,0.000314,0.000274,0.000322
307,,,,,,,,,,,,,,0.000009,0.000389,0.000285,0.000202,0.000179,0.000173,0.000190,0.000151,0.000148,0.000126,0.000140,0.000117,0.000320,0.000224,0.000282,0.000160,0.000154,0.000116,0.000104,0.000055,0.000053,0.000103,0.000091,0.000050,0.000017,0.000013,0.000043,0.000095,0.000213,0.000257,0.000154,0.000141,0.000295,0.000250,0.000104,0.000148,0.000204
308,,,,,,,,,,,,,,0.000004,0.000158,0.000132,0.000099,0.000088,0.000081,0.000101,0.000081,0.000082,0.000063,0.000101,0.000119,0.000147,0.000245,0.000336,0.000453,0.000485,0.000478,0.000505,0.000487,0.000496,0.000417,0.000352,0.000217,0.000039,0.000023,0.000106,0.000238,0.000245,0.000191,0.000146,0.000126,0.000114,0.000046,0.000029,0.000098,0.000156
309,,,,,,,,,,,,,,0.000007,0.000149,0.000138,0.000118,0.000122,0.000167,0.000179,0.000169,0.000170,0.000351,0.000233,0.000201,0.000184,0.000195,0.000207,0.000200,0.000175,0.000219,0.000257,0.000202,0.000172,0.000138,0.000126,0.000085,0.000016,0.000012,0.000071,0.000195,0.000226,0.000187,0.000169,0.000274,0.000193,0.000080,0.000042,0.000165,0.000221
310,,,,,,,,,,,,,,0.000003,0.000109,0.000082,0.000052,0.000044,0.000051,0.000135,0.000267,0.000141,0.000231,0.000148,0.000113,0.000110,0.000101,0.000100,0.000101,0.000107,0.000089,0.000081,0.000073,0.000067,0.000056,0.000057,0.000044,0.000019,0.000015,0.000043,0.000091,0.000118,0.000159,0.000308,0.000386,0.000344,0.000169,0.000187,0.000209,0.000111
311,,,,,,,,,,,,,,0.000005,0.000138,0.000115,0.000134,0.000174,0.000232,0.000254,0.000245,0.000181,0.000160,0.000151,0.000121,0.000084,0.000099,0.000098,0.000095,0.000072,0.000072,0.000073,0.000066,0.000063,0.000048,0.000041,0.000028,0.000016,0.000022,0.000072,0.000140,0.000131,0.000107,0.000106,0.000120,0.000124,0.000172,0.000215,0.000160,0.000202
312,,,,,,,,,,,,,,0.000014,0.000262,0.000236,0.000188,0.000168,0.000201,0.000191,0.000165,0.000149,0.000128,0.000138,0.000136,0.000117,0.000118,0.000153,0.000150,0.000217,0.000149,0.000098,0.000076,0.000060,0.000035,0.000030,0.000025,0.000016,0.000012,0.000082,0.000236,0.000293,0.000318,0.000422,0.000524,0.000483,0.000261,0.000219,0.000538,0.000776
313,,,,,,,,,,,,,,0.000025,0.000662,0.000606,0.000495,0.000583,0.000704,0.000750,0.000573,0.000485,0.000345,0.000366,0.000295,0.000264,0.000266,0.000218,0.000236,0.000193,0.000177,0.000150,0.000116,0.000109,0.000078,0.000080,0.000069,0.000032,0.000021,0.000050,0.000090,0.000107,0.000090,0.000104,0.000099,0.000088,0.000083,0.000084,0.000051,0.000054
314,,,,,,,,,,,,,,0.000004,0.000129,0.000115,0.000070,0.000047,0.000052,0.000094,0.000105,0.000156,0.000172,0.000185,0.000190,0.000237,0.000263,0.000342,0.000381,0.000472,0.000654,0.000802,0.000627,0.000454,0.000279,0.000200,0.000124,0.000035,0.000020,0.000071,0.000112,0.000106,0.000098,0.000089,0.000091,0.000070,0.000058,0.000048,0.000096,0.000135
315,,,,,,,,,,,,,,0.000022,0.000659,0.000738,0.000636,0.000564,0.000565,0.000559,0.000441,0.000361,0.000280,0.000304,0.000252,0.000217,0.000167,0.000132,0.000085,0.000049,0.000042,0.000041,0.000039,0.000037,0.000031,0.000036,0.000032,0.000017,0.000013,0.000029,0.000036,0.000042,0.000081,0.000131,0.000140,0.000160,0.000150,0.000102,0.000331,0.000655
316,,,,,,,,,,,,,,0.000008,0.000167,0.000148,0.000184,0.000349,0.000784,0.001067,0.001101,0.001364,0.001427,0.001556,0.001378,0.001051,0.000963,0.000718,0.000507,0.000340,0.000225,0.000189,0.000145,0.000113,0.000081,0.000061,0.000047,0.000018,0.000011,0.000077,0.000090,0.000114,0.000144,0.000169,0.000193,0.000209,0.000120,0.000099,0.000324,0.000555
317,,,,,,,,,,,,,,0.000004,0.000110,0.000111,0.000092,0.000099,0.000154,0.000160,0.000158,0.000141,0.000115,0.000144,0.000142,0.000127,0.000135,0.000131,0.000131,0.000135,0.000162,0.000174,0.000119,0.000098,0.000075,0.000078,0.000077,0.000038,0.000033,0.000066,0.000225,0.000239,0.000192,0.000178,0.000249,0.000269,0.000104,0.000091,0.000254,0.000304
318,,,,,,,,,,,,,,0.000007,0.000176,0.000178,0.000112,0.000089,0.000100,0.000082,0.000087,0.000083,0.000083,0.000065,0.000062,0.000073,0.000049,0.000039,0.000030,0.000041,0.000057,0.000088,0.000110,0.000138,0.000154,0.000198,0.000176,0.000045,0.000028,0.000078,0.000171,0.000200,0.000214,0.000255,0.000237,0.000136,0.000101,0.000052,0.000086,0.000082
319,,,,,,,,,,,,,,0.000006,0.000127,0.000120,0.000083,0.000099,0.000105,0.000102,0.000107,0.000102,0.000100,0.000093,0.000084,0.000071,0.000052,0.000040,0.000037,0.000049,0.000037,0.000037,0.000056,0.000063,0.000058,0.000066,0.000057,0.000039,0.000034,0.000074,0.000117,0.000165,0.000178,0.000199,0.000152,0.000195,0.000078,0.000085,0.000147,0.000172
320,,,,,,,,,,,,,,0.000014,0.000287,0.000225,0.000192,0.000175,0.000311,0.000646,0.000768,0.000758,0.000438,0.000497,0.000443,0.000403,0.000381,0.000336,0.000284,0.000224,0.000197,0.000195,0.000184,0.000146,0.000086,0.000060,0.000050,0.000019,0.000013,0.000026,0.000052,0.000063,0.000079,0.000084,0.000097,0.000128,0.000088,0.000086,0.000241,0.000432
321,,,,,,,,,,,,,,0.000011,0.000262,0.000232,0.000201,0.000179,0.000167,0.000163,0.000135,0.000116,0.000111,0.000136,0.000135,0.000127,0.000125,0.000137,0.000109,0.000085,0.000082,0.000064,0.000051,0.000056,0.000080,0.000062,0.000059,0.000042,0.000052,0.000085,0.000167,0.000146,0.000135,0.000144,0.000118,0.000127,0.000145,0.000122,0.000326,0.000470
322,,,,,,,,,,,,,,0.000006,0.000160,0.000152,0.000158,0.000221,0.000208,0.000220,0.000228,0.000169,0.000161,0.000152,0.000144,0.000142,0.000196,0.000322,0.000219,0.000156,0.000146,0.000142,0.000122,0.000099,0.000103,0.000157,0.000141,0.000065,0.000029,0.000160,0.000333,0.000473,0.000512,0.000389,0.000368,0.000313,0.000157,0.000133,0.000169,0.000176
323,,,,,,,,,,,,,,0.000008,0.000234,0.000245,0.000186,0.000177,0.000186,0.000209,0.000154,0.000113,0.000108,0.000121,0.000119,0.000112,0.000104,0.000091,0.000069,0.000070,0.000067,0.000075,0.000067,0.000059,0.000048,0.000043,0.000051,0.000054,0.000053,0.000088,0.000107,0.000113,0.000084,0.000086,0.000086,0.000060,0.000057,0.000054,0.000344,0.000152
324,,,,,,,,,,,,,,0.000024,0.000391,0.000304,0.000238,0.000192,0.000198,0.000210,0.000195,0.000161,0.000115,0.000145,0.000156,0.000217,0.000147,0.000155,0.000111,0.000116,0.000129,0.000157,0.000183,0.000207,0.000193,0.000219,0.000187,0.000065,0.000032,0.000118,0.000258,0.000200,0.000132,0.000143,0.000182,0.000205,0.000132,0.000137,0.000447,0.000829
325,,,,,,,,,,,,,,0.000015,0.000442,0.000417,0.000309,0.000292,0.000306,0.000319,0.000298,0.000228,0.000164,0.000191,0.000193,0.000144,0.000157,0.000142,0.000118,0.000100,0.000097,0.000102,0.000100,0.000108,0.000097,0.000089,0.000068,0.000018,0.000010,0.000039,0.000068,0.000066,0.000065,0.000055,0.000047,0.000036,0.000021,0.000021,0.000030,0.000045
326,,,,,,,,,,,,,,0.000016,0.000239,0.000192,0.000149,0.000125,0.000175,0.000180,0.000137,0.000116,0.000095,0.000124,0.000114,0.000090,0.000090,0.000095,0.000092,0.000067,0.000057,0.000071,0.000055,0.000063,0.000082,0.000094,0.000080,0.000037,0.000035,0.000305,0.000823,0.000968,0.000932,0.000884,0.000844,0.000761,0.000331,0.000252,0.000799,0.001306
327,,,,,,,,,,,,,,0.000006,0.000115,0.000110,0.000088,0.000097,0.000112,0.000139,0.000117,0.000124,0.000116,0.000157,0.000141,0.000133,0.000155,0.000179,0.000185,0.000175,0.000170,0.000181,0.000142,0.000115,0.000091,0.000084,0.000067,0.000048,0.000032,0.000111,0.000223,0.000224,0.000195,0.000165,0.000149,0.000125,0.000079,0.000035,0.000079,0.000145
328,,,,,,,,,,,,,,0.000004,0.000094,0.000136,0.000205,0.000344,0.000551,0.000799,0.000918,0.000965,0.000819,0.001076,0.000969,0.000757,0.000730,0.000630,0.000534,0.000393,0.000317,0.000275,0.000200,0.000148,0.000080,0.000050,0.000030,0.000025,0.000020,0.000056,0.000070,0.000085,0.000084,0.000080,0.000085,0.000073,0.000066,0.000070,0.000104,0.000170
329,,,,,,,,,,,,,,0.000007,0.000171,0.000138,0.000105,0.000108,0.000147,0.000197,0.000225,0.000291,0.000321,0.000322,0.000353,0.000439,0.000421,0.000476,0.000456,0.000494,0.000473,0.000540,0.000511,0.000503,0.000369,0.000248,0.000109,0.000016,0.000008,0.000060,0.000109,0.000112,0.000118,0.000104,0.000098,0.000107,0.000045,0.000065,0.000118,0.000179
330,,,,,,,,,,,,,,0.000007,0.000121,0.000102,0.000078,0.000083,0.000112,0.000145,0.000136,0.000135,0.000165,0.000175,0.000181,0.000161,0.000177,0.000163,0.000167,0.000138,0.000140,0.000151,0.000137,0.000118,0.000079,0.000063,0.000045,0.000022,0.000009,0.000048,0.000096,0.000070,0.000074,0.000083,0.000096,0.000081,0.000178,0.000062,0.000160,0.000259
331,,,,,,,,,,,,,,0.000006,0.000120,0.000125,0.000145,0.000171,0.000199,0.000253,0.000472,0.000350,0.000220,0.000189,0.000150,0.000120,0.000124,0.000087,0.000079,0.000086,0.000039,0.000037,0.000038,0.000038,0.000043,0.000040,0.000041,0.000024,0.000030,0.000097,0.000183,0.000220,0.000173,0.000147,0.000142,0.000121,0.000096,0.000072,0.000110,0.000173
332,,,,,,,,,,,,,,0.000009,0.000316,0.000350,0.000281,0.000200,0.000222,0.000258,0.000300,0.000240,0.000217,0.000224,0.000206,0.000190,0.000182,0.000153,0.000133,0.000117,0.000098,0.000093,0.000078,0.000067,0.000050,0.000041,0.000027,0.000028,0.000014,0.000036,0.000062,0.000062,0.000074,0.000085,0.000089,0.000074,0.000053,0.000040,0.000114,0.000166
333,,,,,,,,,,,,,,0.000007,0.000207,0.000196,0.000178,0.000165,0.000221,0.000303,0.000373,0.000470,0.000735,0.000775,0.000705,0.000596,0.000614,0.000490,0.000438,0.000367,0.000323,0.000290,0.000226,0.000209,0.000157,0.000137,0.000104,0.000022,0.000012,0.000044,0.000100,0.000094,0.000093,0.000092,0.000103,0.000088,0.000047,0.000036,0.000078,0.000148
334,,,,,,,,,,,,,,0.000003,0.000095,0.000089,0.000083,0.000119,0.000190,0.000245,0.000302,0.000342,0.000374,0.000543,0.000511,0.000421,0.000484,0.000438,0.000407,0.000308,0.000231,0.000192,0.000151,0.000135,0.000118,0.000108,0.000078,0.000032,0.000024,0.000075,0.000096,0.000120,0.000178,0.000186,0.000169,0.000128,0.000080,0.000057,0.000114,0.000126
335,,,,,,,,,,,,,,0.000008,0.000198,0.000133,0.000123,0.000167,0.000260,0.000356,0.000531,0.000466,0.000353,0.000451,0.000391,0.000344,0.000283,0.000171,0.000137,0.000116,0.000089,0.000079,0.000050,0.000030,0.000029,0.000037,0.000048,0.000037,0.000026,0.000093,0.000248,0.000257,0.000262,0.000402,0.000457,0.000548,0.000383,0.000262,0.000353,0.000468
336,,,,,,,,,,,,,,0.000033,0.000657,0.000579,0.000388,0.000364,0.000409,0.000420,0.000374,0.000329,0.000266,0.000361,0.000300,0.000239,0.000251,0.000227,0.000195,0.000165,0.000156,0.000151,0.000129,0.000130,0.000108,0.000101,0.000073,0.000015,0.000006,0.000046,0.000113,0.000112,0.000126,0.000135,0.000156,0.000162,0.000074,0.000051,0.000214,0.000452
337,,,,,,,,,,,,,,0.000009,0.000146,0.000125,0.000114,0.000109,0.000149,0.000131,0.000115,0.000124,0.000141,0.000208,0.000269,0.000295,0.000318,0.000360,0.000389,0.000333,0.000296,0.000258,0.000190,0.000220,0.000203,0.000216,0.000183,0.000062,0.000040,0.000107,0.000215,0.000189,0.000169,0.000148,0.000115,0.000105,0.000054,0.000041,0.000161,0.000342
338,,,,,,,,,,,,,,0.000007,0.000261,0.000291,0.000286,0.000346,0.000430,0.000450,0.000394,0.000390,0.000319,0.000401,0.000381,0.000332,0.000349,0.000383,0.000367,0.000324,0.000331,0.000287,0.000238,0.000182,0.000121,0.000113,0.000080,0.000028,0.000008,0.000039,0.000088,0.000076,0.000073,0.000062,0.000067,0.000066,0.000030,0.000021,0.000048,0.000090
339,,,,,,,,,,,,,,0.000006,0.000134,0.000107,0.000113,0.000107,0.000103,0.000108,0.000120,0.000102,0.000088,0.000119,0.000117,0.000099,0.000134,0.000152,0.000218,0.000283,0.000404,0.000584,0.000647,0.000565,0.000350,0.000246,0.000161,0.000034,0.000022,0.000055,0.000071,0.000071,0.000081,0.000082,0.000118,0.000095,0.000034,0.000026,0.000053,0.000060
340,,,,,,,,,,,,,,0.000013,0.000331,0.000349,0.000431,0.000535,0.000697,0.000820,0.000599,0.000462,0.000309,0.000326,0.000254,0.000212,0.000180,0.000149,0.000102,0.000068,0.000055,0.000049,0.000031,0.000031,0.000065,0.000138,0.000217,0.000069,0.000030,0.000121,0.000093,0.000119,0.000154,0.000206,0.000267,0.000289,0.000176,0.000130,0.000324,0.000465
341,,,,,,,,,,,,,,0.000006,0.000149,0.000126,0.000103,0.000090,0.000101,0.000098,0.000099,0.000076,0.000059,0.000075,0.000069,0.000084,0.000067,0.000065,0.000067,0.000059,0.000053,0.000050,0.000045,0.000054,0.000027,0.000018,0.000022,0.000012,0.000009,0.000028,0.000207,0.000225,0.000157,0.000166,0.000112,0.000098,0.000054,0.000047,0.000121,0.000212
342,,,,,,,,,,,,,,0.000011,0.000243,0.000198,0.000116,0.000087,0.000089,0.000075,0.000092,0.000106,0.000065,0.000055,0.000058,0.000070,0.000094,0.000127,0.000182,0.000249,0.000375,0.000571,0.000677,0.000666,0.000492,0.000328,0.000182,0.000045,0.000024,0.000106,0.000119,0.000104,0.000087,0.000079,0.000086,0.000090,0.000164,0.000073,0.000052,0.000079
343,,,,,,,,,,,,,,0.000003,0.000057,0.000048,0.000050,0.000079,0.000255,0.000196,0.000200,0.000199,0.000231,0.000406,0.000517,0.000547,0.000674,0.000636,0.000634,0.000496,0.000455,0.000412,0.000295,0.000213,0.000154,0.000113,0.000070,0.000024,0.000025,0.000058,0.000121,0.000093,0.000086,0.000056,0.000075,0.000089,0.000091,0.000060,0.000083,0.000096
344,,,,,,,,,,,,,,0.000034,0.000841,0.000761,0.000545,0.000517,0.000546,0.000551,0.000477,0.000393,0.000299,0.000330,0.000275,0.000231,0.000190,0.000170,0.000171,0.000189,0.000176,0.000144,0.000126,0.000114,0.000093,0.000088,0.000072,0.000033,0.000025,0.000054,0.000071,0.000076,0.000079,0.000085,0.000069,0.000065,0.000104,0.000156,0.000149,0.000311
345,,,,,,,,,,,,,,0.000003,0.000088,0.000090,0.000071,0.000089,0.000124,0.000144,0.000136,0.000144,0.000144,0.000163,0.000166,0.000141,0.000197,0.000214,0.000202,0.000194,0.000223,0.000207,0.000169,0.000137,0.000111,0.000120,0.000115,0.000048,0.000015,0.000110,0.000229,0.000265,0.000249,0.000262,0.000225,0.000175,0.000061,0.000053,0.000136,0.000179
346,,,,,,,,,,,,,,0.000024,0.000706,0.000852,0.000441,0.000389,0.000368,0.000329,0.000309,0.000210,0.000187,0.000196,0.000178,0.000146,0.000117,0.000104,0.000089,0.000077,0.000081,0.000081,0.000075,0.000074,0.000080,0.000069,0.000054,0.000022,0.000014,0.000033,0.000052,0.000068,0.000041,0.000057,0.000051,0.000041,0.000034,0.000024,0.000068,0.000090
347,,,,,,,,,,,,,,0.000012,0.000302,0.000282,0.000235,0.000241,0.000295,0.000267,0.000207,0.000184,0.000138,0.000170,0.000139,0.000124,0.000109,0.000105,0.000106,0.000081,0.000058,0.000042,0.000032,0.000030,0.000047,0.000067,0.000107,0.000073,0.000060,0.000245,0.000313,0.000262,0.000242,0.000240,0.000242,0.000208,0.000112,0.000121,0.000203,0.000230
348,,,,,,,,,,,,,,0.000004,0.000070,0.000083,0.000081,0.000081,0.000108,0.000286,0.000166,0.000128,0.000093,0.000102,0.000088,0.000084,0.000070,0.000056,0.000044,0.000031,0.000037,0.000045,0.000048,0.000052,0.000055,0.000075,0.000073,0.000081,0.000061,0.000128,0.000175,0.000159,0.000142,0.000143,0.000155,0.000127,0.000079,0.000089,0.000150,0.000154
349,,,,,,,,,,,,,,0.000007,0.000216,0.000342,0.000356,0.000506,0.000728,0.000797,0.000727,0.000645,0.000532,0.000684,0.000597,0.000485,0.000528,0.000489,0.000482,0.000444,0.000536,0.000722,0.000901,0.001014,0.000779,0.000598,0.000327,0.000053,0.000021,0.000073,0.000101,0.000087,0.000069,0.000070,0.000075,0.000075,0.000050,0.000041,0.000118,0.000190
350,,,,,,,,,,,,,,0.000017,0.000321,0.000310,0.000233,0.000254,0.000313,0.000424,0.000500,0.000481,0.000364,0.000447,0.000435,0.000466,0.000430,0.000437,0.000448,0.000393,0.000395,0.000358,0.000304,0.000262,0.000194,0.000194,0.000152,0.000029,0.000014,0.000052,0.000140,0.000162,0.000202,0.000214,0.000263,0.000243,0.000119,0.000198,0.000629,0.001121
351,,,,,,,,,,,,,,0.000006,0.000098,0.000071,0.000065,0.000070,0.000092,0.000109,0.000120,0.000078,0.000084,0.000104,0.000135,0.000174,0.000235,0.000274,0.000305,0.000297,0.000360,0.000342,0.000254,0.000190,0.000123,0.000098,0.000065,0.000037,0.000029,0.000066,0.000092,0.000101,0.000111,0.000101,0.000110,0.000089,0.000058,0.000111,0.000123,0.000166
352,,,,,,,,,,,,,,0.000017,0.000496,0.000496,0.000316,0.000375,0.000449,0.000481,0.000473,0.000413,0.000295,0.000370,0.000291,0.000236,0.000215,0.000153,0.000120,0.000084,0.000073,0.000066,0.000059,0.000060,0.000045,0.000040,0.000043,0.000028,0.000021,0.000078,0.000223,0.000287,0.000275,0.000226,0.000195,0.000135,0.000082,0.000050,0.000059,0.000059
353,,,,,,,,,,,,,,0.000029,0.000730,0.000663,0.000542,0.000542,0.000646,0.000636,0.000572,0.000460,0.000384,0.000445,0.000383,0.000297,0.000302,0.000274,0.000249,0.000196,0.000179,0.000153,0.000115,0.000113,0.000084,0.000072,0.000051,0.000014,0.000008,0.000059,0.000172,0.000196,0.000215,0.000218,0.000256,0.000222,0.000102,0.000095,0.000304,0.000497
354,,,,,,,,,,,,,,0.000005,0.000495,0.000258,0.000156,0.000143,0.000147,0.000164,0.000141,0.000126,0.000104,0.000116,0.000105,0.000090,0.000094,0.000089,0.000086,0.000074,0.000070,0.000091,0.000159,0.000221,0.000246,0.000242,0.000129,0.000028,0.000011,0.000032,0.000064,0.000091,0.000089,0.000088,0.000119,0.000106,0.000053,0.000036,0.000080,0.000114
355,,,,,,,,,,,,,,0.000007,0.000166,0.000160,0.000106,0.000095,0.000107,0.000124,0.000101,0.000096,0.000117,0.000120,0.000121,0.000113,0.000104,0.000080,0.000072,0.000063,0.000059,0.000055,0.000052,0.000046,0.000039,0.000039,0.000030,0.000018,0.000030,0.000069,0.000133,0.000158,0.000185,0.000227,0.000295,0.000434,0.000364,0.000158,0.000134,0.000191
356,,,,,,,,,,,,,,0.000005,0.000233,0.000220,0.000209,0.000142,0.000136,0.000143,0.000139,0.000132,0.000122,0.000125,0.000122,0.000096,0.000101,0.000102,0.000108,0.000115,0.000164,0.000229,0.000288,0.000293,0.000234,0.000194,0.000142,0.000033,0.000022,0.000085,0.000096,0.000082,0.000069,0.000055,0.000058,0.000053,0.000050,0.000049,0.000067,0.000058
357,,,,,,,,,,,,,,0.000006,0.000173,0.000136,0.000095,0.000085,0.000093,0.000108,0.000113,0.000115,0.000118,0.000109,0.000110,0.000100,0.000093,0.000080,0.000074,0.000068,0.000054,0.000056,0.000057,0.000043,0.000038,0.000042,0.000029,0.000023,0.000016,0.000052,0.000072,0.000108,0.000158,0.000220,0.000341,0.000601,0.000560,0.000361,0.000458,0.000304
358,,,,,,,,,,,,,,0.000002,0.000071,0.000093,0.000077,0.000112,0.000190,0.000305,0.000484,0.000581,0.000524,0.000687,0.000651,0.000668,0.000463,0.000351,0.000289,0.000213,0.000150,0.000110,0.000084,0.000072,0.000062,0.000063,0.000053,0.000023,0.000013,0.000053,0.000077,0.000064,0.000068,0.000061,0.000073,0.000084,0.000060,0.000030,0.000046,0.000056
359,,,,,,,,,,,,,,0.000005,0.000215,0.000163,0.000097,0.000108,0.000122,0.000132,0.000117,0.000126,0.000105,0.000108,0.000092,0.000109,0.000088,0.000082,0.000065,0.000058,0.000060,0.000055,0.000058,0.000055,0.000049,0.000046,0.000043,0.000038,0.000030,0.000061,0.000098,0.000131,0.000191,0.000233,0.000316,0.000266,0.000274,0.000283,0.000168,0.000205
360,,,,,,,,,,,,,,0.000004,0.000104,0.000097,0.000074,0.000069,0.000075,0.000080,0.000071,0.000080,0.000084,0.000087,0.000086,0.000084,0.000076,0.000063,0.000057,0.000049,0.000052,0.000050,0.000046,0.000047,0.000040,0.000031,0.000028,0.000029,0.000024,0.000116,0.000228,0.000262,0.000242,0.000202,0.000169,0.000146,0.000094,0.000139,0.000092,0.000119
361,,,,,,,,,,,,,,0.000008,0.000200,0.000153,0.000141,0.000136,0.000153,0.000198,0.000216,0.000204,0.000191,0.000210,0.000178,0.000170,0.000124,0.000133,0.000121,0.000098,0.000109,0.000167,0.000258,0.000338,0.000250,0.000183,0.000101,0.000026,0.000020,0.000046,0.000050,0.000089,0.000059,0.000065,0.000060,0.000043,0.000044,0.000051,0.000099,0.000148
362,,,,,,,,,,,,,,0.000008,0.000159,0.000155,0.000076,0.000087,0.000174,0.000323,0.000491,0.000783,0.000765,0.000945,0.000936,0.000918,0.000731,0.000656,0.000486,0.000346,0.000261,0.000187,0.000102,0.000074,0.000056,0.000041,0.000032,0.000020,0.000020,0.000047,0.000088,0.000083,0.000103,0.000126,0.000146,0.000172,0.000130,0.000174,0.000198,0.000331
363,,,,,,,,,,,,,,0.000006,0.000221,0.000192,0.000153,0.000152,0.000178,0.000205,0.000187,0.000184,0.000182,0.000225,0.000200,0.000185,0.000167,0.000136,0.000119,0.000094,0.000096,0.000107,0.000106,0.000118,0.000146,0.000152,0.000162,0.000058,0.000031,0.000072,0.000134,0.000116,0.000131,0.000132,0.000089,0.000069,0.000058,0.000056,0.000052,0.000085
364,,,,,,,,,,,,,,0.000003,0.000085,0.000067,0.000035,0.000043,0.000044,0.000105,0.000146,0.000191,0.000173,0.000211,0.000284,0.000425,0.000333,0.000289,0.000228,0.000177,0.000140,0.000151,0.000169,0.000188,0.000246,0.000348,0.000376,0.000097,0.000057,0.000121,0.000135,0.000098,0.000085,0.000079,0.000090,0.000092,0.000060,0.000058,0.000083,0.000116
365,,,,,,,,,,,,,,0.000003,0.000118,0.000081,0.000051,0.000049,0.000071,0.000081,0.000075,0.000039,0.000051,0.000031,0.000019,0.000017,0.000027,0.000040,0.000077,0.000107,0.000179,0.000317,0.000447,0.000614,0.000715,0.000725,0.000474,0.000095,0.000045,0.000095,0.000098,0.000097,0.000084,0.000069,0.000057,0.000069,0.000042,0.000033,0.000051,0.000089
366,,,,,,,,,,,,,,0.000007,0.000178,0.000145,0.000104,0.000096,0.000122,0.000135,0.000121,0.000096,0.000101,0.000091,0.000071,0.000074,0.000057,0.000049,0.000051,0.000041,0.000052,0.000045,0.000051,0.000064,0.000111,0.000165,0.000192,0.000068,0.000028,0.000141,0.000163,0.000187,0.000164,0.000133,0.000115,0.000105,0.000089,0.000068,0.000099,0.000129
367,,,,,,,,,,,,,,0.000003,0.000036,0.000038,0.000041,0.000060,0.000097,0.000114,0.000110,0.000096,0.000074,0.000102,0.000088,0.000064,0.000068,0.000052,0.000045,0.000035,0.000029,0.000039,0.000067,0.000127,0.000188,0.000266,0.000262,0.000071,0.000028,0.000094,0.000165,0.000198,0.000217,0.000218,0.000199,0.000160,0.000073,0.000045,0.000120,0.000165
368,,,,,,,,,,,,,,0.000008,0.000182,0.000177,0.000167,0.000160,0.000181,0.000173,0.000185,0.000223,0.000163,0.000194,0.000187,0.000163,0.000183,0.000166,0.000139,0.000093,0.000064,0.000085,0.000078,0.000080,0.000062,0.000076,0.000061,0.000022,0.000016,0.000140,0.000359,0.000386,0.000378,0.000347,0.000297,0.000247,0.000124,0.000125,0.000171,0.000249
369,,,,,,,,,,,,,,0.000014,0.000397,0.000427,0.000290,0.000285,0.000355,0.000295,0.000248,0.000192,0.000140,0.000137,0.000118,0.000118,0.000075,0.000068,0.000064,0.000056,0.000040,0.000046,0.000053,0.000041,0.000051,0.000055,0.000066,0.000044,0.000033,0.000047,0.000063,0.000071,0.000067,0.000088,0.000100,0.000088,0.000068,0.000060,0.000114,0.000187
370,,,,,,,,,,,,,,0.000009,0.000227,0.000214,0.000140,0.000149,0.000158,0.000167,0.000154,0.000148,0.000148,0.000125,0.000093,0.000087,0.000067,0.000049,0.000040,0.000031,0.000019,0.000017,0.000008,0.000019,0.000029,0.000050,0.000083,0.000080,0.000039,0.000092,0.000193,0.000142,0.000075,0.000078,0.000091,0.000090,0.000070,0.000059,0.000108,0.000152
371,,,,,,,,,,,,,,0.000017,0.000360,0.000337,0.000233,0.000243,0.000263,0.000272,0.000235,0.000189,0.000154,0.000203,0.000185,0.000137,0.000135,0.000098,0.000082,0.000062,0.000053,0.000048,0.000030,0.000027,0.000015,0.000017,0.000021,0.000014,0.000013,0.000024,0.000050,0.000048,0.000038,0.000042,0.000053,0.000045,0.000036,0.000049,0.000089,0.000143
372,,,,,,,,,,,,,,0.000006,0.000129,0.000099,0.000094,0.000117,0.000189,0.000263,0.000336,0.000403,0.000460,0.000585,0.000519,0.000418,0.000412,0.000310,0.000264,0.000205,0.000164,0.000157,0.000127,0.000103,0.000074,0.000069,0.000062,0.000027,0.000014,0.000049,0.000173,0.000260,0.000290,0.000232,0.000169,0.000114,0.000051,0.000028,0.000081,0.000171
373,,,,,,,,,,,,,,0.000003,0.000087,0.000082,0.000065,0.000065,0.000081,0.000089,0.000097,0.000089,0.000091,0.000150,0.000193,0.000232,0.000315,0.000313,0.000327,0.000355,0.000407,0.000591,0.000814,0.000904,0.000635,0.000434,0.000252,0.000041,0.000018,0.000060,0.000065,0.000065,0.000056,0.000052,0.000051,0.000043,0.000027,0.000019,0.000037,0.000057
374,,,,,,,,,,,,,,0.000004,0.000076,0.000090,0.000065,0.000065,0.000083,0.000103,0.000095,0.000074,0.000086,0.000090,0.000086,0.000087,0.000089,0.000104,0.000111,0.000118,0.000210,0.000421,0.000733,0.000997,0.000809,0.000630,0.000352,0.000052,0.000029,0.000061,0.000082,0.000080,0.000070,0.000063,0.000047,0.000060,0.000030,0.000030,0.000078,0.000124
375,,,,,,,,,,,,,,0.000037,0.000921,0.000762,0.000532,0.000465,0.000551,0.000465,0.000405,0.000345,0.000304,0.000359,0.000337,0.000279,0.000336,0.000266,0.000221,0.000133,0.000102,0.000085,0.000069,0.000057,0.000046,0.000067,0.000070,0.000030,0.000015,0.000041,0.000079,0.000091,0.000073,0.000052,0.000045,0.000031,0.000034,0.000023,0.000027,0.000087
376,,,,,,,,,,,,,,0.000006,0.000158,0.000167,0.000110,0.000098,0.000118,0.000141,0.000148,0.000146,0.000136,0.000131,0.000106,0.000095,0.000090,0.000075,0.000061,0.000053,0.000048,0.000048,0.000047,0.000065,0.000065,0.000081,0.000072,0.000065,0.000021,0.000089,0.000189,0.000270,0.000271,0.000293,0.000306,0.000353,0.000209,0.000082,0.000138,0.000207
377,,,,,,,,,,,,,,0.000022,0.000387,0.000312,0.000203,0.000189,0.000219,0.000214,0.000176,0.000160,0.000122,0.000143,0.000122,0.000115,0.000108,0.000095,0.000084,0.000079,0.000071,0.000058,0.000050,0.000048,0.000045,0.000027,0.000028,0.000012,0.000008,0.000036,0.000065,0.000060,0.000070,0.000073,0.000075,0.000082,0.000069,0.000052,0.000156,0.000381
378,,,,,,,,,,,,,,0.000011,0.000295,0.000325,0.000333,0.000411,0.000507,0.000516,0.000455,0.000349,0.000269,0.000303,0.000243,0.000181,0.000160,0.000117,0.000086,0.000069,0.000054,0.000043,0.000033,0.000024,0.000023,0.000031,0.000024,0.000016,0.000033,0.000103,0.000136,0.000130,0.000113,0.000117,0.000107,0.000108,0.000074,0.000066,0.000122,0.000199
379,,,,,,,,,,,,,,0.000004,0.000118,0.000109,0.000091,0.000101,0.000197,0.000324,0.000504,0.000681,0.000816,0.001229,0.001046,0.000751,0.000712,0.000497,0.000411,0.000291,0.000219,0.000194,0.000148,0.000148,0.000116,0.000082,0.000056,0.000024,0.000017,0.000036,0.000049,0.000057,0.000063,0.000056,0.000061,0.000050,0.000062,0.000069,0.000055,0.000074
380,,,,,,,,,,,,,,0.000008,0.000314,0.000345,0.000423,0.000595,0.000755,0.000849,0.000706,0.000581,0.000478,0.000719,0.000660,0.000525,0.000396,0.000283,0.000209,0.000134,0.000082,0.000069,0.000064,0.000068,0.000041,0.000033,0.000022,0.000015,0.000012,0.000027,0.000040,0.000056,0.000059,0.000059,0.000069,0.000067,0.000060,0.000068,0.000077,0.000083
381,,,,,,,,,,,,,,0.000013,0.000372,0.000403,0.000316,0.000249,0.000238,0.000280,0.000249,0.000254,0.000267,0.000284,0.000241,0.000219,0.000214,0.000202,0.000183,0.000143,0.000141,0.000107,0.000084,0.000096,0.000085,0.000089,0.000107,0.000033,0.000015,0.000092,0.000064,0.000088,0.000080,0.000095,0.000125,0.000115,0.000064,0.000044,0.000098,0.000151
382,,,,,,,,,,,,,,0.000007,0.000158,0.000130,0.000090,0.000094,0.000102,0.000107,0.000116,0.000130,0.000125,0.000137,0.000128,0.000122,0.000108,0.000094,0.000116,0.000214,0.000208,0.000170,0.000179,0.000163,0.000141,0.000146,0.000117,0.000053,0.000022,0.000062,0.000093,0.000109,0.000106,0.000084,0.000092,0.000071,0.000122,0.000052,0.000069,0.000071
383,,,,,,,,,,,,,,0.000030,0.000623,0.000555,0.000415,0.000366,0.000402,0.000409,0.000373,0.000381,0.000281,0.000289,0.000289,0.000259,0.000227,0.000233,0.000188,0.000157,0.000121,0.000088,0.000065,0.000069,0.000061,0.000063,0.000050,0.000027,0.000019,0.000092,0.000102,0.000070,0.000065,0.000063,0.000059,0.000053,0.000037,0.000029,0.000048,0.000072
384,,,,,,,,,,,,,,0.000011,0.000242,0.000219,0.000178,0.000192,0.000252,0.000298,0.000234,0.000245,0.000201,0.000241,0.000245,0.000223,0.000337,0.000371,0.000330,0.000288,0.000230,0.000223,0.000158,0.000137,0.000092,0.000077,0.000053,0.000015,0.000020,0.000178,0.000400,0.000423,0.000335,0.000258,0.000230,0.000198,0.000091,0.000089,0.000277,0.000508
385,,,,,,,,,,,,,,0.000010,0.000439,0.000278,0.000164,0.000175,0.000225,0.000226,0.000171,0.000157,0.000142,0.000161,0.000146,0.000136,0.000140,0.000121,0.000113,0.000092,0.000067,0.000040,0.000037,0.000065,0.000082,0.000101,0.000105,0.000040,0.000029,0.000136,0.000238,0.000224,0.000213,0.000269,0.000207,0.000215,0.000118,0.000091,0.000121,0.000197
386,,,,,,,,,,,,,,0.000002,0.000052,0.000060,0.000041,0.000058,0.000131,0.000215,0.000356,0.000450,0.000376,0.000440,0.000469,0.000518,0.000686,0.000842,0.000741,0.000640,0.000548,0.000500,0.000365,0.000249,0.000139,0.000106,0.000070,0.000021,0.000012,0.000041,0.000073,0.000089,0.000085,0.000075,0.000080,0.000079,0.000048,0.000047,0.000078,0.000106
387,,,,,,,,,,,,,,0.000005,0.000140,0.000118,0.000113,0.000113,0.000134,0.000124,0.000120,0.000110,0.000094,0.000090,0.000090,0.000092,0.000099,0.000106,0.000090,0.000061,0.000068,0.000069,0.000067,0.000090,0.000148,0.000220,0.000309,0.000122,0.000074,0.000194,0.000204,0.000172,0.000162,0.000164,0.000145,0.000132,0.000139,0.000053,0.000127,0.000174
388,,,,,,,,,,,,,,0.000030,0.000733,0.000593,0.000418,0.000390,0.000433,0.000405,0.000362,0.000336,0.000322,0.000373,0.000349,0.000332,0.000294,0.000251,0.000182,0.000128,0.000098,0.000059,0.000048,0.000039,0.000066,0.000171,0.000130,0.000066,0.000046,0.000086,0.000111,0.000135,0.000154,0.000122,0.000148,0.000152,0.000130,0.000147,0.000348,0.000514
389,,,,,,,,,,,,,,0.000005,0.000130,0.000122,0.000098,0.000087,0.000111,0.000129,0.000116,0.000086,0.000057,0.000081,0.000078,0.000064,0.000062,0.000060,0.000060,0.000060,0.000057,0.000053,0.000052,0.000077,0.000071,0.000098,0.000080,0.000028,0.000018,0.000067,0.000144,0.000196,0.000211,0.000366,0.000360,0.000246,0.000138,0.000082,0.000192,0.000210
390,,,,,,,,,,,,,,0.000004,0.000106,0.000108,0.000094,0.000110,0.000143,0.000225,0.000268,0.000342,0.000407,0.000738,0.000784,0.000652,0.000707,0.000535,0.000439,0.000272,0.000201,0.000163,0.000137,0.000132,0.000102,0.000105,0.000100,0.000045,0.000021,0.000091,0.000139,0.000134,0.000076,0.000087,0.000099,0.000110,0.000064,0.000072,0.000092,0.000096
391,,,,,,,,,,,,,,0.000013,0.000396,0.000392,0.000345,0.000343,0.000293,0.000307,0.000241,0.000198,0.000162,0.000177,0.000166,0.000130,0.000139,0.000147,0.000133,0.000104,0.000087,0.000093,0.000107,0.000108,0.000082,0.000073,0.000058,0.000017,0.000012,0.000051,0.000083,0.000101,0.000077,0.000054,0.000041,0.000043,0.000034,0.000030,0.000065,0.000117
392,,,,,,,,,,,,,,0.000027,0.000385,0.000334,0.000237,0.000247,0.000325,0.000300,0.000237,0.000212,0.000159,0.000194,0.000187,0.000146,0.000143,0.000133,0.000114,0.000093,0.000085,0.000101,0.000111,0.000139,0.000143,0.000131,0.000092,0.000017,0.000014,0.000167,0.000140,0.000092,0.000059,0.000053,0.000059,0.000050,0.000036,0.000056,0.000274,0.000749
393,,,,,,,,,,,,,,0.000015,0.000355,0.000475,0.000226,0.000195,0.000228,0.000203,0.000218,0.000157,0.000157,0.000186,0.000176,0.000164,0.000147,0.000128,0.000089,0.000076,0.000075,0.000069,0.000066,0.000074,0.000063,0.000060,0.000045,0.000022,0.000014,0.000055,0.000144,0.000196,0.000223,0.000227,0.000225,0.000262,0.000179,0.000116,0.000203,0.000386
394,,,,,,,,,,,,,,0.000005,0.000109,0.000091,0.000074,0.000080,0.000109,0.000143,0.000156,0.000113,0.000114,0.000121,0.000097,0.000151,0.000113,0.000112,0.000088,0.000079,0.000068,0.000115,0.000187,0.000261,0.000215,0.000199,0.000156,0.000055,0.000034,0.000121,0.000231,0.000222,0.000253,0.000261,0.000311,0.000340,0.000208,0.000255,0.000625,0.000584
395,,,,,,,,,,,,,,0.000025,0.000720,0.000631,0.000456,0.000460,0.000453,0.000469,0.000411,0.000320,0.000254,0.000288,0.000244,0.000207,0.000179,0.000143,0.000122,0.000096,0.000075,0.000066,0.000069,0.000074,0.000067,0.000050,0.000028,0.000011,0.000008,0.000024,0.000028,0.000035,0.000085,0.000153,0.000140,0.000087,0.000048,0.000057,0.000124,0.000167
396,,,,,,,,,,,,,,0.000005,0.000100,0.000090,0.000074,0.000082,0.000083,0.000118,0.000137,0.000155,0.000174,0.000153,0.000142,0.000187,0.000217,0.000318,0.000436,0.000547,0.000761,0.000913,0.000824,0.000600,0.000321,0.000215,0.000113,0.000026,0.000015,0.000038,0.000061,0.000053,0.000052,0.000077,0.000088,0.000112,0.000095,0.000210,0.000121,0.000179
397,,,,,,,,,,,,,,0.000006,0.000184,0.000187,0.000123,0.000119,0.000139,0.000131,0.000123,0.000092,0.000071,0.000066,0.000052,0.000055,0.000058,0.000075,0.000095,0.000108,0.000111,0.000107,0.000085,0.000096,0.000093,0.000116,0.000121,0.000100,0.000065,0.000122,0.000169,0.000183,0.000138,0.000141,0.000157,0.000150,0.000102,0.000088,0.000086,0.000067
398,,,,,,,,,,,,,,0.000018,0.000419,0.000421,0.000312,0.000296,0.000335,0.000352,0.000825,0.000605,0.000307,0.000314,0.000261,0.000239,0.000214,0.000194,0.000186,0.000158,0.000136,0.000118,0.000088,0.000070,0.000045,0.000045,0.000033,0.000020,0.000024,0.000077,0.000194,0.000231,0.000216,0.000243,0.000346,0.000264,0.000197,0.000191,0.000485,0.000730
399,,,,,,,,,,,,,,0.000005,0.000128,0.000151,0.000097,0.000101,0.000359,0.000502,0.000492,0.000590,0.000149,0.000168,0.000138,0.000109,0.000095,0.000105,0.000083,0.000053,0.000063,0.000057,0.000043,0.000048,0.000055,0.000050,0.000045,0.000028,0.000013,0.000047,0.000079,0.000087,0.000083,0.000077,0.000081,0.000077,0.000049,0.000044,0.000079,0.000135
400,,,,,,,,,,,,,,0.000007,0.000110,0.000088,0.000073,0.000092,0.000153,0.000208,0.000305,0.000368,0.000418,0.000548,0.000551,0.000564,0.000756,0.000842,0.000992,0.001064,0.001069,0.001024,0.000729,0.000471,0.000250,0.000189,0.000107,0.000029,0.000023,0.000129,0.000381,0.000491,0.000527,0.000541,0.000558,0.000457,0.000263,0.000143,0.000322,0.000447
401,,,,,,,,,,,,,,0.000012,0.000341,0.000339,0.000228,0.000245,0.000238,0.000225,0.000302,0.000219,0.000129,0.000159,0.000139,0.000112,0.000111,0.000094,0.000088,0.000062,0.000069,0.000074,0.000072,0.000074,0.000080,0.000081,0.000062,0.000020,0.000018,0.000038,0.000067,0.000076,0.000111,0.000117,0.000156,0.000121,0.000077,0.000057,0.000075,0.000103
402,,,,,,,,,,,,,,0.000016,0.000287,0.000292,0.000314,0.000392,0.000527,0.000558,0.000533,0.000508,0.000384,0.000395,0.000347,0.000361,0.000260,0.000228,0.000167,0.000136,0.000107,0.000092,0.000068,0.000054,0.000031,0.000033,0.000017,0.000015,0.000021,0.000068,0.000080,0.000117,0.000198,0.000296,0.000428,0.000504,0.000333,0.000308,0.000676,0.001099
403,,,,,,,,,,,,,,0.000007,0.000270,0.000398,0.000539,0.000701,0.000915,0.001024,0.000937,0.000724,0.000600,0.000622,0.000488,0.000402,0.000380,0.000377,0.000398,0.000346,0.000343,0.000315,0.000224,0.000195,0.000144,0.000112,0.000063,0.000023,0.000013,0.000062,0.000118,0.000106,0.000086,0.000080,0.000046,0.000052,0.000050,0.000056,0.000368,0.000179
404,,,,,,,,,,,,,,0.000007,0.000280,0.000220,0.000121,0.000165,0.000271,0.000414,0.000368,0.000326,0.000234,0.000256,0.000204,0.000165,0.000150,0.000101,0.000090,0.000080,0.000052,0.000043,0.000045,0.000046,0.000053,0.000063,0.000060,0.000045,0.000037,0.000152,0.000194,0.000175,0.000145,0.000142,0.000172,0.000148,0.000110,0.000120,0.000251,0.000290
405,,,,,,,,,,,,,,0.000007,0.000197,0.000175,0.000117,0.000125,0.000135,0.000150,0.000175,0.000201,0.000278,0.000201,0.000201,0.000259,0.000298,0.000359,0.000268,0.000229,0.000132,0.000111,0.000077,0.000055,0.000043,0.000042,0.000043,0.000039,0.000027,0.000049,0.000064,0.000069,0.000106,0.000225,0.000200,0.000175,0.000150,0.000220,0.000195,0.000112
406,,,,,,,,,,,,,,0.000009,0.000183,0.000168,0.000144,0.000169,0.000224,0.000268,0.000264,0.000202,0.000159,0.000173,0.000139,0.000108,0.000097,0.000080,0.000098,0.000100,0.000137,0.000111,0.000096,0.000100,0.000164,0.000214,0.000243,0.000119,0.000071,0.000169,0.000183,0.000119,0.000069,0.000058,0.000066,0.000065,0.000062,0.000041,0.000101,0.000105
407,,,,,,,,,,,,,,0.000029,0.000858,0.000767,0.000540,0.000521,0.000491,0.000463,0.000374,0.000333,0.000262,0.000327,0.000315,0.000281,0.000274,0.000213,0.000183,0.000123,0.000086,0.000078,0.000067,0.000056,0.000037,0.000027,0.000018,0.000011,0.000007,0.000027,0.000038,0.000043,0.000045,0.000055,0.000064,0.000065,0.000081,0.000111,0.000177,0.000186
408,,,,,,,,,,,,,,0.000003,0.000073,0.000064,0.000084,0.000112,0.000168,0.000230,0.000249,0.000321,0.000291,0.000316,0.000331,0.000344,0.000221,0.000214,0.000164,0.000151,0.000099,0.000102,0.000105,0.000103,0.000133,0.000224,0.000139,0.000037,0.000018,0.000120,0.000202,0.000185,0.000150,0.000119,0.000120,0.000087,0.000049,0.000046,0.000090,0.000111
409,,,,,,,,,,,,,,0.000019,0.000500,0.000448,0.000365,0.000396,0.000411,0.000315,0.000265,0.000214,0.000177,0.000180,0.000156,0.000130,0.000106,0.000076,0.000045,0.000041,0.000023,0.000016,0.000011,0.000017,0.000022,0.000032,0.000032,0.000027,0.000019,0.000059,0.000125,0.000139,0.000126,0.000120,0.000138,0.000142,0.000099,0.000072,0.000142,0.000220
410,,,,,,,,,,,,,,0.000006,0.000143,0.000141,0.000138,0.000114,0.000119,0.000109,0.000111,0.000081,0.000085,0.000120,0.000124,0.000180,0.000143,0.000133,0.000166,0.000155,0.000166,0.000155,0.000133,0.000126,0.000107,0.000109,0.000081,0.000022,0.000016,0.000070,0.000158,0.000230,0.000239,0.000197,0.000271,0.000193,0.000107,0.000134,0.000240,0.000215
411,,,,,,,,,,,,,,0.000009,0.000214,0.000239,0.000225,0.000428,0.000746,0.000602,0.000492,0.000353,0.000355,0.000432,0.000380,0.000298,0.000339,0.000246,0.000255,0.000189,0.000152,0.000155,0.000126,0.000113,0.000088,0.000070,0.000045,0.000014,0.000007,0.000043,0.000185,0.000138,0.000088,0.000091,0.000082,0.000087,0.000039,0.000038,0.000098,0.000169
412,,,,,,,,,,,,,,0.000011,0.000391,0.000368,0.000334,0.000240,0.000259,0.000268,0.000226,0.000178,0.000170,0.000202,0.000175,0.000163,0.000166,0.000160,0.000211,0.000201,0.000188,0.000187,0.000187,0.000185,0.000155,0.000119,0.000085,0.000021,0.000015,0.000059,0.000123,0.000127,0.000110,0.000098,0.000116,0.000096,0.000062,0.000060,0.000108,0.000188
413,,,,,,,,,,,,,,0.000009,0.000821,0.000635,0.000224,0.000247,0.000264,0.000310,0.000252,0.000229,0.000239,0.000243,0.000236,0.000209,0.000230,0.000211,0.000174,0.000124,0.000113,0.000129,0.000121,0.000126,0.000085,0.000076,0.000049,0.000014,0.000013,0.000060,0.000136,0.000153,0.000122,0.000102,0.000132,0.000121,0.000065,0.000058,0.000166,0.000281
414,,,,,,,,,,,,,,0.000010,0.000185,0.000153,0.000168,0.000237,0.000346,0.000439,0.000634,0.000626,0.000591,0.000856,0.000875,0.000788,0.000868,0.000761,0.000671,0.000519,0.000437,0.000396,0.000312,0.000247,0.000167,0.000112,0.000075,0.000018,0.000008,0.000021,0.000010,0.000043,0.000128,0.000144,0.000211,0.000219,0.000197,0.000285,0.000724,0.000994
415,,,,,,,,,,,,,,0.000005,0.000181,0.000166,0.000110,0.000100,0.000139,0.000183,0.000213,0.000222,0.000257,0.000402,0.000463,0.000468,0.000581,0.000526,0.000552,0.000449,0.000389,0.000304,0.000223,0.000170,0.000108,0.000091,0.000077,0.000038,0.000026,0.000050,0.000077,0.000090,0.000086,0.000093,0.000126,0.000097,0.000067,0.000048,0.000064,0.000065
416,,,,,,,,,,,,,,0.000011,0.000503,0.000428,0.000256,0.000242,0.000223,0.000239,0.000315,0.000230,0.000171,0.000165,0.000146,0.000125,0.000129,0.000138,0.000142,0.000143,0.000145,0.000158,0.000150,0.000149,0.000113,0.000086,0.000056,0.000021,0.000028,0.000062,0.000075,0.000066,0.000049,0.000074,0.000063,0.000045,0.000130,0.000019,0.000053,0.000109
417,,,,,,,,,,,,,,0.000004,0.000111,0.000089,0.000054,0.000065,0.000165,0.000141,0.000224,0.000299,0.000118,0.000126,0.000119,0.000111,0.000082,0.000072,0.000079,0.000062,0.000053,0.000049,0.000042,0.000039,0.000037,0.000048,0.000037,0.000024,0.000024,0.000044,0.000056,0.000067,0.000066,0.000073,0.000074,0.000057,0.000113,0.000094,0.000097,0.000110
418,,,,,,,,,,,,,,0.000004,0.000072,0.000056,0.000079,0.000127,0.000265,0.000429,0.000540,0.000650,0.000892,0.001041,0.000989,0.000784,0.000812,0.000636,0.000508,0.000356,0.000283,0.000271,0.000271,0.000268,0.000248,0.000237,0.000176,0.000054,0.000022,0.000056,0.000095,0.000124,0.000157,0.000184,0.000231,0.000250,0.000161,0.000097,0.000251,0.000398
419,,,,,,,,,,,,,,0.000007,0.000220,0.000193,0.000144,0.000127,0.000127,0.000133,0.000170,0.000149,0.000163,0.000151,0.000140,0.000124,0.000143,0.000131,0.000154,0.000118,0.000131,0.000136,0.000130,0.000145,0.000121,0.000120,0.000072,0.000026,0.000047,0.000069,0.000115,0.000099,0.000076,0.000064,0.000048,0.000043,0.000027,0.000040,0.000059,0.000086
420,,,,,,,,,,,,,,0.000006,0.000140,0.000115,0.000080,0.000082,0.000100,0.000107,0.000092,0.000078,0.000068,0.000075,0.000066,0.000085,0.000062,0.000038,0.000028,0.000017,0.000004,0.000009,0.000016,0.000024,0.000041,0.000040,0.000040,0.000030,0.000029,0.000052,0.000082,0.000111,0.000216,0.000290,0.000398,0.000324,0.000218,0.000242,0.000474,0.000323
421,,,,,,,,,,,,,,0.000016,0.000437,0.000425,0.000469,0.000537,0.000699,0.000780,0.000754,0.000554,0.000532,0.000454,0.000352,0.000270,0.000284,0.000258,0.000253,0.000238,0.000241,0.000240,0.000213,0.000208,0.000210,0.000188,0.000137,0.000057,0.000036,0.000172,0.000417,0.000420,0.000404,0.000219,0.000222,0.000257,0.000138,0.000174,0.000443,0.000428
422,,,,,,,,,,,,,,0.000041,0.000724,0.000587,0.000410,0.000344,0.000399,0.000366,0.000273,0.000234,0.000157,0.000203,0.000186,0.000167,0.000195,0.000226,0.000228,0.000207,0.000190,0.000183,0.000162,0.000155,0.000098,0.000084,0.000049,0.000017,0.000011,0.000023,0.000029,0.000031,0.000038,0.000049,0.000057,0.000078,0.000107,0.000091,0.000233,0.000606
423,,,,,,,,,,,,,,0.000003,0.000075,0.000070,0.000057,0.000043,0.000050,0.000067,0.000066,0.000060,0.000071,0.000076,0.000068,0.000055,0.000048,0.000032,0.000018,0.000019,0.000018,0.000023,0.000046,0.000074,0.000061,0.000051,0.000046,0.000033,0.000026,0.000057,0.000089,0.000098,0.000100,0.000091,0.000077,0.000062,0.000043,0.000039,0.000059,0.000062
424,,,,,,,,,,,,,,0.000022,0.000503,0.000455,0.000356,0.000305,0.000344,0.000371,0.000356,0.000324,0.000271,0.000358,0.000320,0.000239,0.000283,0.000233,0.000217,0.000156,0.000148,0.000128,0.000101,0.000105,0.000093,0.000091,0.000067,0.000018,0.000009,0.000038,0.000056,0.000044,0.000056,0.000048,0.000062,0.000072,0.000083,0.000053,0.000093,0.000141
425,,,,,,,,,,,,,,0.000013,0.000421,0.000416,0.000299,0.000270,0.000254,0.000264,0.000218,0.000177,0.000127,0.000126,0.000103,0.000105,0.000078,0.000068,0.000053,0.000045,0.000057,0.000061,0.000085,0.000156,0.000167,0.000138,0.000093,0.000033,0.000024,0.000055,0.000079,0.000067,0.000085,0.000095,0.000105,0.000071,0.000052,0.000063,0.000053,0.000060
426,,,,,,,,,,,,,,0.000004,0.000103,0.000106,0.000090,0.000116,0.000229,0.000344,0.000456,0.000498,0.000517,0.000679,0.000605,0.000520,0.000468,0.000382,0.000361,0.000280,0.000288,0.000229,0.000165,0.000114,0.000085,0.000067,0.000050,0.000019,0.000014,0.000065,0.000103,0.000174,0.000362,0.000257,0.000264,0.000225,0.000088,0.000067,0.000103,0.000128
427,,,,,,,,,,,,,,0.000004,0.000098,0.000082,0.000071,0.000079,0.000078,0.000060,0.000052,0.000053,0.000057,0.000063,0.000071,0.000087,0.000088,0.000095,0.000094,0.000098,0.000105,0.000168,0.000231,0.000147,0.000133,0.000078,0.000067,0.000032,0.000021,0.000056,0.000084,0.000072,0.000076,0.000091,0.000109,0.000115,0.000086,0.000059,0.000092,0.000081
428,,,,,,,,,,,,,,0.000005,0.000165,0.000218,0.000100,0.000082,0.000093,0.000125,0.000148,0.000215,0.000286,0.000443,0.000440,0.000397,0.000412,0.000339,0.000302,0.000203,0.000151,0.000124,0.000080,0.000052,0.000034,0.000038,0.000036,0.000036,0.000018,0.000041,0.000147,0.000142,0.000079,0.000077,0.000084,0.000113,0.000058,0.000054,0.000092,0.000117
429,,,,,,,,,,,,,,0.000015,0.000305,0.000316,0.000199,0.000170,0.000168,0.000225,0.000203,0.000186,0.000184,0.000222,0.000155,0.000125,0.000078,0.000059,0.000037,0.000047,0.000052,0.000046,0.000039,0.000036,0.000032,0.000042,0.000056,0.000033,0.000019,0.000079,0.000142,0.000157,0.000180,0.000229,0.000211,0.000226,0.000179,0.000245,0.000556,0.000431
430,,,,,,,,,,,,,,0.000013,0.000413,0.000375,0.000256,0.000276,0.000333,0.000388,0.000379,0.000320,0.000259,0.000311,0.000347,0.000382,0.000528,0.000553,0.000613,0.000587,0.000641,0.000642,0.000502,0.000411,0.000252,0.000180,0.000112,0.000026,0.000014,0.000081,0.000197,0.000174,0.000121,0.000122,0.000126,0.000114,0.000073,0.000057,0.000167,0.000266
431,,,,,,,,,,,,,,0.000014,0.000706,0.000528,0.000329,0.000320,0.000353,0.000377,0.000365,0.000307,0.000297,0.000340,0.000312,0.000270,0.000275,0.000252,0.000248,0.000201,0.000205,0.000224,0.000213,0.000206,0.000162,0.000133,0.000093,0.000017,0.000007,0.000061,0.000140,0.000137,0.000162,0.000186,0.000193,0.000172,0.000114,0.000096,0.000119,0.000200
432,,,,,,,,,,,,,,0.000007,0.000117,0.000090,0.000063,0.000120,0.000205,0.000354,0.000429,0.000566,0.000513,0.000574,0.000565,0.000686,0.000499,0.000432,0.000340,0.000247,0.000190,0.000171,0.000135,0.000145,0.000176,0.000167,0.000107,0.000030,0.000017,0.000089,0.000175,0.000191,0.000191,0.000205,0.000223,0.000269,0.000128,0.000142,0.000387,0.000522
433,,,,,,,,,,,,,,0.000007,0.000166,0.000134,0.000150,0.000185,0.000206,0.000137,0.000092,0.000263,0.000146,0.000133,0.000113,0.000074,0.000094,0.000100,0.000073,0.000067,0.000069,0.000082,0.000079,0.000085,0.000114,0.000136,0.000168,0.000065,0.000039,0.000222,0.000474,0.000528,0.000515,0.000376,0.000312,0.000264,0.000134,0.000072,0.000216,0.000345
434,,,,,,,,,,,,,,0.000003,0.000167,0.000292,0.000471,0.000698,0.000972,0.001097,0.000950,0.000727,0.000612,0.000613,0.000429,0.000312,0.000291,0.000219,0.000181,0.000151,0.000124,0.000117,0.000095,0.000082,0.000056,0.000054,0.000041,0.000024,0.000016,0.000043,0.000075,0.000055,0.000037,0.000030,0.000029,0.000036,0.000018,0.000018,0.000041,0.000056
435,,,,,,,,,,,,,,0.000006,0.000219,0.000213,0.000143,0.000142,0.000172,0.000225,0.000199,0.000196,0.000184,0.000233,0.000194,0.000170,0.000154,0.000127,0.000123,0.000105,0.000091,0.000078,0.000076,0.000087,0.000075,0.000053,0.000029,0.000027,0.000023,0.000041,0.000059,0.000049,0.000033,0.000033,0.000052,0.000047,0.000034,0.000033,0.000058,0.000090
436,,,,,,,,,,,,,,0.000003,0.000077,0.000097,0.000082,0.000089,0.000099,0.000113,0.000113,0.000095,0.000091,0.000158,0.000195,0.000197,0.000256,0.000291,0.000332,0.000310,0.000376,0.000506,0.000574,0.000590,0.000398,0.000300,0.000185,0.000038,0.000020,0.000042,0.000085,0.000079,0.000058,0.000049,0.000061,0.000047,0.000037,0.000023,0.000046,0.000052
437,,,,,,,,,,,,,,0.000008,0.000169,0.000139,0.000109,0.000092,0.000149,0.000354,0.000531,0.000529,0.000432,0.000294,0.000314,0.000374,0.000269,0.000268,0.000287,0.000353,0.000320,0.000319,0.000324,0.000230,0.000190,0.000133,0.000081,0.000020,0.000013,0.000056,0.000099,0.000110,0.000156,0.000210,0.000186,0.000130,0.000064,0.000064,0.000203,0.000397
438,,,,,,,,,,,,,,0.000012,0.000377,0.000383,0.000207,0.000184,0.000193,0.000201,0.000178,0.000144,0.000115,0.000145,0.000138,0.000128,0.000103,0.000085,0.000095,0.000070,0.000074,0.000070,0.000071,0.000074,0.000053,0.000043,0.000042,0.000019,0.000015,0.000042,0.000065,0.000065,0.000070,0.000091,0.000070,0.000053,0.000029,0.000036,0.000064,0.000097
439,,,,,,,,,,,,,,0.000019,0.000531,0.000427,0.000293,0.000237,0.000224,0.000217,0.000186,0.000140,0.000122,0.000151,0.000135,0.000119,0.000105,0.000091,0.000085,0.000069,0.000075,0.000061,0.000062,0.000042,0.000039,0.000035,0.000028,0.000015,0.000013,0.000040,0.000074,0.000084,0.000063,0.000088,0.000080,0.000072,0.000061,0.000062,0.000112,0.000125
440,,,,,,,,,,,,,,0.000005,0.000195,0.000172,0.000107,0.000114,0.000137,0.000162,0.000180,0.000175,0.000200,0.000262,0.000236,0.000180,0.000184,0.000136,0.000111,0.000079,0.000063,0.000056,0.000061,0.000075,0.000097,0.000152,0.000168,0.000061,0.000050,0.000088,0.000122,0.000076,0.000050,0.000063,0.000069,0.000071,0.000099,0.000128,0.000050,0.000047
441,,,,,,,,,,,,,,0.000008,0.000233,0.000199,0.000214,0.000266,0.000383,0.000444,0.000401,0.000295,0.000217,0.000247,0.000203,0.000161,0.000135,0.000108,0.000086,0.000078,0.000061,0.000046,0.000062,0.000058,0.000055,0.000055,0.000055,0.000029,0.000017,0.000037,0.000067,0.000163,0.000227,0.000146,0.000129,0.000125,0.000121,0.000184,0.000278,0.000424
442,,,,,,,,,,,,,,0.000006,0.000118,0.000103,0.000070,0.000078,0.000100,0.000098,0.000086,0.000060,0.000080,0.000068,0.000071,0.000124,0.000107,0.000108,0.000109,0.000139,0.000134,0.000178,0.000296,0.000264,0.000262,0.000196,0.000102,0.000032,0.000016,0.000066,0.000137,0.000196,0.000244,0.000189,0.000265,0.000219,0.000150,0.000262,0.000312,0.000435
443,,,,,,,,,,,,,,0.000005,0.000082,0.000073,0.000087,0.000098,0.000152,0.000230,0.000192,0.000227,0.000290,0.000205,0.000211,0.000330,0.000350,0.000470,0.000559,0.000554,0.000581,0.000545,0.000453,0.000386,0.000307,0.000217,0.000132,0.000032,0.000014,0.000073,0.000123,0.000114,0.000101,0.000110,0.000092,0.000084,0.000070,0.000057,0.000149,0.000264
444,,,,,,,,,,,,,,0.000005,0.000121,0.000114,0.000083,0.000083,0.000090,0.000100,0.000103,0.000127,0.000124,0.000118,0.000106,0.000122,0.000130,0.000147,0.000155,0.000128,0.000113,0.000144,0.000178,0.000205,0.000193,0.000230,0.000141,0.000032,0.000021,0.000062,0.000123,0.000142,0.000128,0.000128,0.000110,0.000091,0.000046,0.000068,0.000146,0.000216
445,,,,,,,,,,,,,,0.000031,0.000476,0.000362,0.000280,0.000264,0.000353,0.000328,0.000321,0.000301,0.000265,0.000344,0.000346,0.000277,0.000308,0.000315,0.000301,0.000260,0.000239,0.000238,0.000194,0.000169,0.000120,0.000111,0.000078,0.000015,0.000010,0.000076,0.000167,0.000156,0.000158,0.000200,0.000257,0.000328,0.000205,0.000233,0.000987,0.002007
446,,,,,,,,,,,,,,0.000005,0.000118,0.000100,0.000091,0.000123,0.000210,0.000339,0.000412,0.000487,0.000518,0.000865,0.000957,0.000884,0.000979,0.000867,0.000786,0.000586,0.000548,0.000393,0.000317,0.000233,0.000170,0.000107,0.000070,0.000019,0.000012,0.000050,0.000092,0.000095,0.000088,0.000084,0.000095,0.000082,0.000066,0.000063,0.000119,0.000195
447,,,,,,,,,,,,,,0.000013,0.000240,0.000205,0.000181,0.000175,0.000198,0.000195,0.000172,0.000144,0.000130,0.000145,0.000143,0.000124,0.000133,0.000122,0.000115,0.000085,0.000075,0.000066,0.000044,0.000029,0.000030,0.000030,0.000019,0.000013,0.000013,0.000095,0.000275,0.000366,0.000414,0.000429,0.000483,0.000475,0.000213,0.000164,0.000482,0.000765
448,,,,,,,,,,,,,,0.000011,0.000324,0.000288,0.000175,0.000192,0.000242,0.000296,0.000226,0.000169,0.000106,0.000130,0.000126,0.000119,0.000115,0.000122,0.000138,0.000162,0.000163,0.000212,0.000268,0.000263,0.000184,0.000158,0.000111,0.000027,0.000017,0.000046,0.000128,0.000155,0.000151,0.000113,0.000101,0.000078,0.000048,0.000032,0.000062,0.000121
449,,,,,,,,,,,,,,0.000023,0.000388,0.000296,0.000161,0.000157,0.000182,0.000197,0.000191,0.000161,0.000144,0.000143,0.000159,0.000143,0.000147,0.000121,0.000088,0.000068,0.000039,0.000033,0.000044,0.000061,0.000066,0.000073,0.000076,0.000037,0.000023,0.000060,0.000084,0.000108,0.000134,0.000123,0.000106,0.000110,0.000090,0.000075,0.000249,0.000698
450,,,,,,,,,,,,,,0.000004,0.000072,0.000062,0.000067,0.000091,0.000136,0.000160,0.000156,0.000142,0.000344,0.000177,0.000151,0.000153,0.000131,0.000127,0.000120,0.000106,0.000070,0.000078,0.000082,0.000075,0.000069,0.000054,0.000045,0.000033,0.000020,0.000055,0.000155,0.000235,0.000293,0.000405,0.000397,0.000353,0.000177,0.000119,0.000180,0.000219
451,,,,,,,,,,,,,,0.000009,0.000264,0.000270,0.000213,0.000186,0.000182,0.000186,0.000166,0.000147,0.000130,0.000142,0.000124,0.000091,0.000101,0.000084,0.000068,0.000068,0.000042,0.000072,0.000132,0.000199,0.000193,0.000182,0.000116,0.000039,0.000032,0.000182,0.000374,0.000331,0.000207,0.000158,0.000142,0.000129,0.000082,0.000048,0.000076,0.000076
452,,,,,,,,,,,,,,0.000002,0.000048,0.000032,0.000038,0.000047,0.000066,0.000069,0.000071,0.000070,0.000118,0.000111,0.000106,0.000114,0.000133,0.000144,0.000166,0.000144,0.000188,0.000182,0.000181,0.000144,0.000117,0.000079,0.000059,0.000026,0.000019,0.000084,0.000132,0.000142,0.000102,0.000109,0.000085,0.000069,0.000042,0.000068,0.000075,0.000120
453,,,,,,,,,,,,,,0.000007,0.000156,0.000137,0.000112,0.000116,0.000151,0.000171,0.000161,0.000154,0.000147,0.000171,0.000154,0.000121,0.000135,0.000129,0.000146,0.000106,0.000106,0.000081,0.000064,0.000069,0.000063,0.000061,0.000072,0.000023,0.000018,0.000051,0.000100,0.000102,0.000082,0.000077,0.000089,0.000084,0.000046,0.000045,0.000154,0.000276
454,,,,,,,,,,,,,,0.000011,0.000275,0.000233,0.000178,0.000180,0.000234,0.000261,0.000272,0.000223,0.000177,0.000221,0.000225,0.000171,0.000183,0.000170,0.000137,0.000127,0.000106,0.000075,0.000051,0.000053,0.000060,0.000068,0.000052,0.000025,0.000023,0.000077,0.000179,0.000208,0.000199,0.000201,0.000237,0.000273,0.000197,0.000160,0.000442,0.000605
455,,,,,,,,,,,,,,0.000012,0.000269,0.000274,0.000186,0.000213,0.000244,0.000259,0.000216,0.000219,0.000155,0.000228,0.000217,0.000193,0.000162,0.000158,0.000162,0.000128,0.000106,0.000090,0.000074,0.000069,0.000043,0.000047,0.000033,0.000015,0.000011,0.000047,0.000121,0.000121,0.000131,0.000155,0.000199,0.000220,0.000123,0.000109,0.000412,0.000730
456,,,,,,,,,,,,,,0.000004,0.000126,0.000178,0.000236,0.000335,0.000507,0.000631,0.000609,0.000564,0.000487,0.000636,0.000651,0.000590,0.000758,0.000868,0.000978,0.000911,0.000864,0.000806,0.000639,0.000525,0.000320,0.000219,0.000132,0.000022,0.000007,0.000046,0.000091,0.000101,0.000097,0.000081,0.000101,0.000095,0.000063,0.000059,0.000125,0.000171
457,,,,,,,,,,,,,,0.000005,0.000105,0.000079,0.000062,0.000087,0.000120,0.000103,0.000083,0.000074,0.000044,0.000044,0.000042,0.000059,0.000058,0.000073,0.000074,0.000090,0.000076,0.000080,0.000080,0.000092,0.000113,0.000109,0.000106,0.000060,0.000029,0.000106,0.000226,0.000305,0.000288,0.000228,0.000282,0.000271,0.000174,0.000167,0.000244,0.000356
458,,,,,,,,,,,,,,0.000004,0.000097,0.000077,0.000095,0.000132,0.000183,0.000278,0.000329,0.000384,0.000435,0.000713,0.000756,0.000616,0.000702,0.000619,0.000541,0.000423,0.000346,0.000287,0.000224,0.000184,0.000136,0.000119,0.000090,0.000024,0.000018,0.000044,0.000091,0.000105,0.000104,0.000090,0.000100,0.000079,0.000048,0.000040,0.000078,0.000149
459,,,,,,,,,,,,,,0.000011,0.000363,0.000367,0.000247,0.000247,0.000256,0.000306,0.000305,0.000291,0.000265,0.000249,0.000224,0.000202,0.000197,0.000183,0.000122,0.000074,0.000053,0.000045,0.000046,0.000043,0.000050,0.000054,0.000044,0.000025,0.000017,0.000041,0.000070,0.000068,0.000060,0.000059,0.000066,0.000053,0.000053,0.000045,0.000082,0.000105
460,,,,,,,,,,,,,,0.000007,0.000262,0.000254,0.000150,0.000151,0.000190,0.000269,0.000251,0.000191,0.000179,0.000336,0.000494,0.000585,0.000802,0.000865,0.000881,0.000683,0.000494,0.000381,0.000234,0.000167,0.000096,0.000063,0.000049,0.000020,0.000013,0.000034,0.000047,0.000056,0.000041,0.000045,0.000062,0.000046,0.000041,0.000062,0.000123,0.000157
461,,,,,,,,,,,,,,0.000005,0.000118,0.000102,0.000093,0.000096,0.000100,0.000106,0.000082,0.000092,0.000077,0.000082,0.000066,0.000062,0.000049,0.000051,0.000049,0.000050,0.000056,0.000073,0.000070,0.000071,0.000087,0.000074,0.000057,0.000035,0.000037,0.000089,0.000129,0.000119,0.000105,0.000097,0.000084,0.000098,0.000066,0.000102,0.000135,0.000196
462,,,,,,,,,,,,,,0.000006,0.000286,0.000232,0.000158,0.000140,0.000147,0.000183,0.000184,0.000172,0.000168,0.000217,0.000233,0.000211,0.000231,0.000230,0.000213,0.000175,0.000163,0.000162,0.000143,0.000139,0.000107,0.000103,0.000062,0.000012,0.000009,0.000163,0.000229,0.000205,0.000197,0.000193,0.000169,0.000151,0.000067,0.000054,0.000164,0.000256
463,,,,,,,,,,,,,,0.000004,0.000101,0.000106,0.000160,0.000217,0.000293,0.000323,0.000277,0.000229,0.000175,0.000195,0.000157,0.000113,0.000128,0.000128,0.000132,0.000139,0.000120,0.000123,0.000115,0.000122,0.000103,0.000106,0.000084,0.000036,0.000035,0.000092,0.000243,0.000222,0.000111,0.000103,0.000095,0.000084,0.000051,0.000055,0.000121,0.000213
464,,,,,,,,,,,,,,0.000040,0.001009,0.000947,0.000618,0.000595,0.000585,0.000552,0.000439,0.000341,0.000258,0.000288,0.000231,0.000176,0.000154,0.000121,0.000117,0.000087,0.000055,0.000058,0.000055,0.000046,0.000030,0.000035,0.000028,0.000019,0.000013,0.000068,0.000123,0.000125,0.000114,0.000091,0.000068,0.000065,0.000061,0.000056,0.000123,0.000251
465,,,,,,,,,,,,,,0.000005,0.000142,0.000129,0.000116,0.000127,0.000177,0.000214,0.000212,0.000209,0.000249,0.000263,0.000317,0.000291,0.000275,0.000279,0.000286,0.000217,0.000201,0.000166,0.000108,0.000088,0.000075,0.000048,0.000044,0.000022,0.000022,0.000059,0.000114,0.000136,0.000103,0.000130,0.000134,0.000118,0.000075,0.000070,0.000205,0.000299
466,,,,,,,,,,,,,,0.000004,0.000058,0.000036,0.000064,0.000085,0.000095,0.000159,0.000220,0.000214,0.000148,0.000103,0.000079,0.000078,0.000094,0.000100,0.000095,0.000077,0.000072,0.000073,0.000063,0.000068,0.000090,0.000142,0.000144,0.000086,0.000072,0.000307,0.000397,0.000331,0.000265,0.000181,0.000194,0.000174,0.000101,0.000074,0.000182,0.000260
467,,,,,,,,,,,,,,0.000028,0.000537,0.000478,0.000348,0.000388,0.000417,0.000414,0.000342,0.000269,0.000233,0.000280,0.000254,0.000216,0.000230,0.000218,0.000219,0.000198,0.000198,0.000204,0.000175,0.000163,0.000113,0.000095,0.000057,0.000013,0.000007,0.000050,0.000109,0.000100,0.000089,0.000096,0.000098,0.000109,0.000071,0.000047,0.000162,0.000340
468,,,,,,,,,,,,,,0.000027,0.000485,0.000409,0.000288,0.000239,0.000345,0.000325,0.000255,0.000278,0.000238,0.000294,0.000275,0.000225,0.000208,0.000182,0.000156,0.000122,0.000113,0.000113,0.000096,0.000097,0.000072,0.000065,0.000039,0.000010,0.000008,0.000051,0.000107,0.000106,0.000125,0.000117,0.000182,0.000228,0.000135,0.000158,0.000632,0.001371
469,,,,,,,,,,,,,,0.000005,0.000106,0.000106,0.000107,0.000097,0.000101,0.000103,0.000113,0.000088,0.000086,0.000080,0.000054,0.000057,0.000044,0.000035,0.000040,0.000034,0.000045,0.000070,0.000068,0.000090,0.000089,0.000141,0.000126,0.000040,0.000027,0.000134,0.000279,0.000242,0.000195,0.000143,0.000132,0.000097,0.000057,0.000065,0.000090,0.000109
470,,,,,,,,,,,,,,0.000010,0.000275,0.000253,0.000207,0.000201,0.000218,0.000203,0.000189,0.000147,0.000106,0.000121,0.000130,0.000176,0.000245,0.000353,0.000504,0.000550,0.000571,0.000561,0.000387,0.000266,0.000155,0.000118,0.000084,0.000048,0.000043,0.000076,0.000087,0.000088,0.000068,0.000060,0.000065,0.000068,0.000088,0.000058,0.000058,0.000040
471,,,,,,,,,,,,,,0.000008,0.000102,0.000102,0.000074,0.000079,0.000112,0.000213,0.000184,0.000123,0.000135,0.000133,0.000121,0.000112,0.000133,0.000131,0.000137,0.000112,0.000108,0.000105,0.000092,0.000080,0.000069,0.000063,0.000053,0.000016,0.000014,0.000049,0.000138,0.000206,0.000222,0.000250,0.000232,0.000232,0.000131,0.000163,0.000177,0.000261
472,,,,,,,,,,,,,,0.000007,0.000193,0.000167,0.000120,0.000097,0.000099,0.000135,0.000126,0.000120,0.000133,0.000117,0.000108,0.000104,0.000094,0.000095,0.000097,0.000110,0.000126,0.000159,0.000167,0.000198,0.000185,0.000172,0.000127,0.000039,0.000025,0.000124,0.000230,0.000218,0.000213,0.000229,0.000225,0.000169,0.000082,0.000074,0.000257,0.000139
473,,,,,,,,,,,,,,0.000007,0.000162,0.000163,0.000163,0.000146,0.000164,0.000176,0.000179,0.000167,0.000132,0.000187,0.000185,0.000196,0.000223,0.000268,0.000336,0.000372,0.000409,0.000452,0.000369,0.000290,0.000168,0.000125,0.000079,0.000018,0.000009,0.000054,0.000207,0.000210,0.000131,0.000131,0.000169,0.000183,0.000070,0.000060,0.000206,0.000345
474,,,,,,,,,,,,,,0.000008,0.000189,0.000197,0.000203,0.000207,0.000242,0.000275,0.000272,0.000191,0.000175,0.000195,0.000167,0.000124,0.000105,0.000099,0.000085,0.000085,0.000083,0.000106,0.000115,0.000138,0.000110,0.000106,0.000075,0.000016,0.000012,0.000044,0.000092,0.000095,0.000083,0.000076,0.000083,0.000063,0.000048,0.000037,0.000081,0.000135
475,,,,,,,,,,,,,,0.000005,0.000101,0.000085,0.000065,0.000075,0.000098,0.000148,0.000218,0.000160,0.000116,0.000160,0.000215,0.000221,0.000191,0.000242,0.000234,0.000204,0.000257,0.000171,0.000112,0.000083,0.000086,0.000071,0.000044,0.000014,0.000011,0.000040,0.000101,0.000108,0.000119,0.000190,0.000211,0.000113,0.000056,0.000049,0.000094,0.000131
476,,,,,,,,,,,,,,0.000007,0.000135,0.000136,0.000105,0.000127,0.000146,0.000153,0.000147,0.000154,0.000122,0.000121,0.000107,0.000269,0.000306,0.000237,0.000234,0.000207,0.000101,0.000112,0.000106,0.000101,0.000113,0.000112,0.000117,0.000028,0.000019,0.000075,0.000133,0.000142,0.000127,0.000139,0.000147,0.000159,0.000141,0.000261,0.000208,0.000200
477,,,,,,,,,,,,,,0.000003,0.000107,0.000087,0.000070,0.000072,0.000099,0.000112,0.000104,0.000096,0.000077,0.000080,0.000071,0.000055,0.000060,0.000059,0.000055,0.000051,0.000051,0.000051,0.000051,0.000049,0.000057,0.000072,0.000114,0.000037,0.000017,0.000049,0.000083,0.000087,0.000076,0.000074,0.000080,0.000066,0.000025,0.000022,0.000072,0.000101
478,,,,,,,,,,,,,,0.000006,0.000132,0.000109,0.000098,0.000090,0.000098,0.000109,0.000094,0.000082,0.000071,0.000104,0.000097,0.000102,0.000148,0.000289,0.000179,0.000175,0.000150,0.000189,0.000121,0.000125,0.000082,0.000056,0.000040,0.000013,0.000005,0.000032,0.000088,0.000078,0.000139,0.000185,0.000189,0.000169,0.000094,0.000070,0.000201,0.000323
479,,,,,,,,,,,,,,0.000007,0.000265,0.000299,0.000206,0.000195,0.000256,0.000297,0.000274,0.000240,0.000207,0.000234,0.000200,0.000179,0.000160,0.000159,0.000154,0.000152,0.000192,0.000256,0.000258,0.000222,0.000164,0.000108,0.000065,0.000025,0.000027,0.000193,0.000116,0.000103,0.000084,0.000079,0.000085,0.000084,0.000058,0.000063,0.000197,0.000285
480,,,,,,,,,,,,,,0.000022,0.000530,0.000560,0.000639,0.000871,0.001156,0.001255,0.001202,0.001127,0.000832,0.000893,0.000782,0.000721,0.000557,0.000496,0.000375,0.000301,0.000239,0.000209,0.000151,0.000123,0.000089,0.000099,0.000055,0.000017,0.000022,0.000096,0.000123,0.000134,0.000178,0.000275,0.000401,0.000473,0.000305,0.000377,0.000657,0.001100
481,,,,,,,,,,,,,,0.000011,0.000257,0.000306,0.000367,0.000477,0.000576,0.000606,0.000510,0.000398,0.000354,0.000391,0.000340,0.000316,0.000284,0.000321,0.000357,0.000284,0.000226,0.000163,0.000149,0.000152,0.000127,0.000126,0.000074,0.000012,0.000012,0.000048,0.000104,0.000126,0.000118,0.000121,0.000109,0.000111,0.000075,0.000079,0.000187,0.000289
482,,,,,,,,,,,,,,0.000005,0.000130,0.000108,0.000064,0.000058,0.000068,0.000095,0.000099,0.000089,0.000081,0.000093,0.000097,0.000166,0.000272,0.000494,0.000601,0.000624,0.000742,0.000876,0.000765,0.000459,0.000247,0.000162,0.000100,0.000038,0.000022,0.000074,0.000155,0.000175,0.000191,0.000167,0.000117,0.000110,0.000078,0.000061,0.000068,0.000094
483,,,,,,,,,,,,,,0.000020,0.000312,0.000308,0.000219,0.000220,0.000265,0.000286,0.000267,0.000249,0.000206,0.000288,0.000281,0.000218,0.000275,0.000284,0.000318,0.000297,0.000282,0.000256,0.000209,0.000203,0.000151,0.000133,0.000090,0.000016,0.000010,0.000052,0.000113,0.000098,0.000081,0.000082,0.000078,0.000092,0.000055,0.000068,0.000251,0.000541
484,,,,,,,,,,,,,,0.000011,0.000244,0.000219,0.000152,0.000140,0.000164,0.000212,0.000210,0.000224,0.000267,0.000345,0.000421,0.000429,0.000457,0.000389,0.000340,0.000293,0.000372,0.000532,0.000609,0.000524,0.000318,0.000219,0.000147,0.000037,0.000021,0.000044,0.000059,0.000076,0.000084,0.000085,0.000085,0.000094,0.000042,0.000038,0.000076,0.000120
485,,,,,,,,,,,,,,0.000017,0.000497,0.000649,0.000422,0.000393,0.000416,0.000399,0.000407,0.000311,0.000270,0.000300,0.000257,0.000209,0.000198,0.000164,0.000129,0.000100,0.000083,0.000072,0.000057,0.000053,0.000030,0.000029,0.000024,0.000008,0.000006,0.000035,0.000053,0.000060,0.000037,0.000042,0.000048,0.000037,0.000038,0.000043,0.000092,0.000160
486,,,,,,,,,,,,,,0.000004,0.000087,0.000082,0.000065,0.000056,0.000042,0.000044,0.000075,0.000068,0.000054,0.000050,0.000053,0.000061,0.000050,0.000058,0.000053,0.000053,0.000035,0.000043,0.000046,0.000060,0.000083,0.000117,0.000091,0.000055,0.000028,0.000091,0.000195,0.000227,0.000220,0.000196,0.000183,0.000145,0.000092,0.000121,0.000098,0.000117
487,,,,,,,,,,,,,,0.000006,0.000158,0.000200,0.000290,0.000438,0.000636,0.000787,0.000742,0.000646,0.000492,0.000537,0.000416,0.000319,0.000317,0.000238,0.000223,0.000173,0.000158,0.000182,0.000167,0.000181,0.000131,0.000137,0.000094,0.000029,0.000015,0.000111,0.000227,0.000209,0.000195,0.000156,0.000128,0.000109,0.000059,0.000044,0.000111,0.000140
488,,,,,,,,,,,,,,0.000004,0.000154,0.000206,0.000316,0.000552,0.000786,0.001063,0.000919,0.000833,0.000689,0.000722,0.000573,0.000419,0.000433,0.000392,0.000439,0.000406,0.000491,0.000582,0.000510,0.000411,0.000261,0.000194,0.000116,0.000023,0.000011,0.000048,0.000102,0.000085,0.000079,0.000087,0.000075,0.000063,0.000037,0.000026,0.000077,0.000110
489,,,,,,,,,,,,,,0.000012,0.000258,0.000240,0.000163,0.000166,0.000178,0.000169,0.000180,0.000163,0.000120,0.000149,0.000153,0.000234,0.000131,0.000126,0.000090,0.000060,0.000059,0.000068,0.000050,0.000049,0.000047,0.000051,0.000077,0.000020,0.000022,0.000051,0.000068,0.000069,0.000078,0.000091,0.000090,0.000108,0.000053,0.000057,0.000139,0.000192
490,,,,,,,,,,,,,,0.000014,0.000437,0.000442,0.000348,0.000313,0.000335,0.000352,0.000333,0.000300,0.000254,0.000302,0.000266,0.000255,0.000253,0.000327,0.000359,0.000236,0.000218,0.000156,0.000160,0.000185,0.000233,0.000249,0.000235,0.000073,0.000043,0.000113,0.000248,0.000270,0.000245,0.000274,0.000252,0.000168,0.000143,0.000156,0.000185,0.000096
491,,,,,,,,,,,,,,0.000003,0.000085,0.000066,0.000061,0.000074,0.000088,0.000081,0.000075,0.000054,0.000044,0.000047,0.000049,0.000049,0.000055,0.000064,0.000056,0.000070,0.000073,0.000071,0.000071,0.000074,0.000061,0.000058,0.000052,0.000038,0.000031,0.000118,0.000103,0.000100,0.000088,0.000093,0.000107,0.000086,0.000079,0.000074,0.000092,0.000117
492,,,,,,,,,,,,,,0.000010,0.000255,0.000241,0.000243,0.000281,0.000308,0.000346,0.000355,0.000307,0.000294,0.000372,0.000404,0.000391,0.000468,0.000530,0.000512,0.000455,0.000424,0.000404,0.000328,0.000275,0.000208,0.000188,0.000137,0.000025,0.000010,0.000064,0.000149,0.000160,0.000149,0.000148,0.000136,0.000130,0.000056,0.000065,0.000191,0.000308
493,,,,,,,,,,,,,,0.000006,0.000218,0.000214,0.000175,0.000135,0.000128,0.000179,0.000187,0.000199,0.000210,0.000335,0.000391,0.000338,0.000418,0.000329,0.000267,0.000159,0.000102,0.000078,0.000065,0.000093,0.000120,0.000181,0.000182,0.000063,0.000036,0.000080,0.000084,0.000066,0.000057,0.000050,0.000050,0.000076,0.000052,0.000074,0.000057,0.000064
494,,,,,,,,,,,,,,0.000008,0.000298,0.000328,0.000300,0.000401,0.000445,0.000474,0.000450,0.000350,0.000260,0.000328,0.000297,0.000223,0.000243,0.000215,0.000190,0.000155,0.000124,0.000119,0.000087,0.000081,0.000063,0.000047,0.000038,0.000011,0.000007,0.000057,0.000079,0.000099,0.000156,0.000107,0.000110,0.000089,0.000046,0.000040,0.000116,0.000178
495,,,,,,,,,,,,,,0.000004,0.000098,0.000084,0.000043,0.000036,0.000036,0.000040,0.000048,0.000055,0.000045,0.000049,0.000047,0.000075,0.000064,0.000069,0.000059,0.000052,0.000051,0.000063,0.000056,0.000059,0.000050,0.000050,0.000057,0.000042,0.000040,0.000056,0.000086,0.000094,0.000077,0.000078,0.000076,0.000059,0.000055,0.000050,0.000089,0.000093
496,,,,,,,,,,,,,,0.000007,0.000177,0.000145,0.000092,0.000067,0.000066,0.000059,0.000064,0.000053,0.000051,0.000085,0.000112,0.000128,0.000149,0.000191,0.000208,0.000191,0.000166,0.000154,0.000106,0.000094,0.000079,0.000082,0.000072,0.000030,0.000026,0.000082,0.000178,0.000224,0.000186,0.000156,0.000151,0.000142,0.000144,0.000086,0.000220,0.000403
497,,,,,,,,,,,,,,0.000017,0.000479,0.000417,0.000305,0.000296,0.000254,0.000286,0.000249,0.000211,0.000165,0.000184,0.000158,0.000169,0.000141,0.000133,0.000170,0.000224,0.000341,0.000515,0.000593,0.000514,0.000299,0.000212,0.000134,0.000037,0.000022,0.000031,0.000026,0.000033,0.000047,0.000058,0.000069,0.000099,0.000067,0.000070,0.000190,0.000297
498,,,,,,,,,,,,,,0.000011,0.000184,0.000155,0.000128,0.000118,0.000149,0.000144,0.000125,0.000113,0.000109,0.000170,0.000193,0.000185,0.000180,0.000150,0.000143,0.000109,0.000104,0.000091,0.000077,0.000084,0.000075,0.000072,0.000050,0.000015,0.000011,0.000040,0.000107,0.000133,0.000167,0.000210,0.000224,0.000290,0.000188,0.000117,0.000297,0.000499
499,,,,,,,,,,,,,,0.000006,0.000143,0.000136,0.000134,0.000202,0.000285,0.000312,0.000318,0.000287,0.000288,0.000308,0.000264,0.000256,0.000253,0.000194,0.000142,0.000128,0.000094,0.000103,0.000087,0.000065,0.000088,0.000079,0.000068,0.000035,0.000032,0.000216,0.000528,0.000672,0.000554,0.000465,0.000408,0.000316,0.000168,0.000103,0.000213,0.000278
500,,,,,,,,,,,,,,0.000007,0.000182,0.000187,0.000156,0.000165,0.000211,0.000248,0.000250,0.000268,0.000262,0.000397,0.000495,0.000512,0.000706,0.000715,0.000712,0.000529,0.000432,0.000358,0.000270,0.000215,0.000148,0.000115,0.000080,0.000017,0.000007,0.000035,0.000061,0.000053,0.000068,0.000055,0.000065,0.000057,0.000059,0.000060,0.000070,0.000130
501,,,,,,,,,,,,,,0.000019,0.000524,0.000544,0.000421,0.000363,0.000311,0.000308,0.000241,0.000214,0.000187,0.000226,0.000245,0.000248,0.000233,0.000246,0.000212,0.000161,0.000132,0.000098,0.000064,0.000072,0.000076,0.000123,0.000077,0.000023,0.000016,0.000062,0.000080,0.000098,0.000104,0.000138,0.000146,0.000139,0.000088,0.000082,0.000156,0.000179
502,,,,,,,,,,,,,,0.000003,0.000068,0.000144,0.000081,0.000058,0.000092,0.000133,0.000143,0.000134,0.000121,0.000089,0.000094,0.000183,0.000218,0.000250,0.000189,0.000185,0.000158,0.000176,0.000170,0.000138,0.000116,0.000121,0.000121,0.000070,0.000050,0.000191,0.000373,0.000314,0.000202,0.000143,0.000123,0.000087,0.000054,0.000060,0.000199,0.000179
503,,,,,,,,,,,,,,0.000004,0.000118,0.000115,0.000112,0.000135,0.000181,0.000223,0.000215,0.000227,0.000202,0.000245,0.000221,0.000177,0.000169,0.000138,0.000114,0.000082,0.000088,0.000130,0.000216,0.000269,0.000198,0.000158,0.000083,0.000020,0.000016,0.000042,0.000050,0.000042,0.000040,0.000031,0.000029,0.000024,0.000024,0.000020,0.000020,0.000034
504,,,,,,,,,,,,,,0.000014,0.000445,0.000458,0.000337,0.000307,0.000375,0.000387,0.000457,0.000451,0.000299,0.000331,0.000299,0.000224,0.000216,0.000165,0.000116,0.000072,0.000064,0.000036,0.000040,0.000063,0.000103,0.000077,0.000055,0.000034,0.000020,0.000064,0.000194,0.000233,0.000212,0.000165,0.000144,0.000104,0.000070,0.000064,0.000111,0.000134
505,,,,,,,,,,,,,,0.000006,0.000186,0.000146,0.000143,0.000178,0.000233,0.000274,0.000322,0.000336,0.000166,0.000172,0.000134,0.000171,0.000143,0.000127,0.000086,0.000098,0.000083,0.000068,0.000048,0.000063,0.000074,0.000099,0.000109,0.000039,0.000029,0.000137,0.000278,0.000315,0.000309,0.000316,0.000417,0.000351,0.000182,0.000117,0.000251,0.000342
506,,,,,,,,,,,,,,0.000010,0.000301,0.000280,0.000199,0.000161,0.000160,0.000232,0.000161,0.000141,0.000122,0.000156,0.000135,0.000112,0.000106,0.000098,0.000094,0.000106,0.000131,0.000226,0.000292,0.000312,0.000237,0.000224,0.000161,0.000056,0.000027,0.000181,0.000434,0.000395,0.000246,0.000179,0.000133,0.000099,0.000046,0.000022,0.000020,0.000039
507,,,,,,,,,,,,,,0.000008,0.000190,0.000166,0.000186,0.000226,0.000297,0.000275,0.000279,0.000194,0.000167,0.000209,0.000156,0.000092,0.000101,0.000097,0.000071,0.000072,0.000059,0.000073,0.000081,0.000084,0.000075,0.000068,0.000047,0.000016,0.000012,0.000047,0.000078,0.000086,0.000093,0.000088,0.000101,0.000083,0.000093,0.000234,0.000326,0.000430
508,,,,,,,,,,,,,,0.000004,0.000112,0.000163,0.000083,0.000080,0.000101,0.000128,0.000142,0.000125,0.000116,0.000126,0.000110,0.000100,0.000087,0.000083,0.000094,0.000105,0.000117,0.000103,0.000076,0.000065,0.000064,0.000084,0.000084,0.000067,0.000059,0.000095,0.000142,0.000159,0.000138,0.000160,0.000198,0.000202,0.000145,0.000110,0.000126,0.000085
509,,,,,,,,,,,,,,0.000009,0.000192,0.000150,0.000104,0.000109,0.000110,0.000082,0.000094,0.000082,0.000069,0.000055,0.000063,0.000062,0.000052,0.000055,0.000082,0.000089,0.000136,0.000187,0.000264,0.000317,0.000386,0.000385,0.000276,0.000081,0.000031,0.000091,0.000163,0.000126,0.000140,0.000115,0.000113,0.000112,0.000075,0.000078,0.000167,0.000286
510,,,,,,,,,,,,,,0.000005,0.000126,0.000113,0.000071,0.000061,0.000055,0.000050,0.000085,0.000098,0.000079,0.000103,0.000101,0.000128,0.000120,0.000116,0.000083,0.000083,0.000078,0.000077,0.000060,0.000048,0.000048,0.000055,0.000053,0.000023,0.000015,0.000043,0.000130,0.000170,0.000168,0.000145,0.000132,0.000123,0.000058,0.000037,0.000077,0.000082
511,,,,,,,,,,,,,,0.000009,0.000200,0.000202,0.000269,0.000297,0.000348,0.000219,0.000187,0.000323,0.000437,0.000276,0.000220,0.000272,0.000226,0.000213,0.000200,0.000196,0.000192,0.000261,0.000236,0.000225,0.000159,0.000087,0.000044,0.000012,0.000015,0.000062,0.000120,0.000115,0.000109,0.000120,0.000111,0.000112,0.000070,0.000147,0.000188,0.000335
512,,,,,,,,,,,,,,0.000006,0.000213,0.000180,0.000160,0.000170,0.000173,0.000173,0.000173,0.000113,0.000088,0.000059,0.000030,0.000058,0.000082,0.000132,0.000242,0.000478,0.000377,0.000359,0.000290,0.000220,0.000172,0.000185,0.000135,0.000041,0.000030,0.000137,0.000275,0.000263,0.000229,0.000237,0.000220,0.000195,0.000128,0.000095,0.000190,0.000174
513,,,,,,,,,,,,,,0.000005,0.000114,0.000111,0.000073,0.000065,0.000080,0.000119,0.000130,0.000135,0.000133,0.000140,0.000144,0.000165,0.000157,0.000135,0.000103,0.000107,0.000133,0.000193,0.000303,0.000446,0.000505,0.000534,0.000397,0.000078,0.000029,0.000090,0.000133,0.000129,0.000113,0.000108,0.000099,0.000082,0.000059,0.000045,0.000057,0.000050
514,,,,,,,,,,,,,,0.000008,0.000165,0.000167,0.000138,0.000146,0.000185,0.000197,0.000191,0.000146,0.000130,0.000141,0.000142,0.000134,0.000184,0.000247,0.000347,0.000283,0.000297,0.000230,0.000232,0.000235,0.000188,0.000157,0.000106,0.000030,0.000009,0.000068,0.000147,0.000132,0.000105,0.000093,0.000105,0.000090,0.000040,0.000022,0.000092,0.000206
515,,,,,,,,,,,,,,0.000020,0.000425,0.000363,0.000303,0.000227,0.000245,0.000222,0.000159,0.000132,0.000104,0.000102,0.000093,0.000093,0.000076,0.000064,0.000065,0.000064,0.000062,0.000064,0.000058,0.000069,0.000060,0.000043,0.000039,0.000010,0.000007,0.000079,0.000166,0.000196,0.000194,0.000173,0.000175,0.000145,0.000069,0.000057,0.000180,0.000384
516,,,,,,,,,,,,,,0.000004,0.000087,0.000108,0.000108,0.000124,0.000123,0.000127,0.000113,0.000084,0.000082,0.000087,0.000084,0.000067,0.000068,0.000074,0.000073,0.000063,0.000069,0.000054,0.000040,0.000046,0.000050,0.000049,0.000037,0.000029,0.000032,0.000101,0.000173,0.000178,0.000154,0.000180,0.000122,0.000103,0.000045,0.000039,0.000083,0.000127
517,,,,,,,,,,,,,,0.000007,0.000226,0.000266,0.000237,0.000264,0.000409,0.000438,0.000425,0.000399,0.000326,0.000381,0.000385,0.000329,0.000421,0.000434,0.000521,0.000445,0.000398,0.000366,0.000287,0.000262,0.000197,0.000157,0.000097,0.000019,0.000013,0.000074,0.000146,0.000128,0.000122,0.000096,0.000091,0.000101,0.000048,0.000042,0.000113,0.000210
518,,,,,,,,,,,,,,0.000007,0.000192,0.000163,0.000137,0.000118,0.000168,0.000222,0.000206,0.000291,0.000310,0.000430,0.000427,0.000349,0.000337,0.000287,0.000235,0.000163,0.000147,0.000188,0.000172,0.000151,0.000121,0.000114,0.000095,0.000045,0.000039,0.000233,0.000509,0.000482,0.000420,0.000411,0.000379,0.000294,0.000159,0.000117,0.000260,0.000400
519,,,,,,,,,,,,,,0.000009,0.000222,0.000161,0.000113,0.000124,0.000142,0.000150,0.000132,0.000094,0.000086,0.000115,0.000109,0.000104,0.000090,0.000082,0.000068,0.000071,0.000062,0.000064,0.000118,0.000112,0.000093,0.000100,0.000080,0.000029,0.000013,0.000096,0.000145,0.000129,0.000111,0.000119,0.000120,0.000087,0.000061,0.000043,0.000080,0.000144
520,,,,,,,,,,,,,,0.000007,0.000197,0.000182,0.000146,0.000134,0.000145,0.000142,0.000160,0.000132,0.000126,0.000141,0.000142,0.000128,0.000115,0.000098,0.000067,0.000075,0.000085,0.000135,0.000152,0.000224,0.000220,0.000206,0.000141,0.000054,0.000026,0.000059,0.000084,0.000081,0.000071,0.000083,0.000071,0.000076,0.000064,0.000050,0.000109,0.000136
521,,,,,,,,,,,,,,0.000013,0.000482,0.000471,0.000317,0.000293,0.000305,0.000304,0.000299,0.000275,0.000251,0.000274,0.000238,0.000225,0.000273,0.000352,0.000290,0.000187,0.000172,0.000155,0.000151,0.000141,0.000121,0.000116,0.000096,0.000043,0.000029,0.000070,0.000135,0.000121,0.000107,0.000109,0.000093,0.000081,0.000083,0.000055,0.000066,0.000039
522,,,,,,,,,,,,,,0.000008,0.000192,0.000166,0.000164,0.000177,0.000207,0.000226,0.000185,0.000158,0.000105,0.000106,0.000092,0.000088,0.000065,0.000083,0.000090,0.000104,0.000127,0.000135,0.000161,0.000189,0.000177,0.000163,0.000139,0.000056,0.000035,0.000142,0.000282,0.000250,0.000219,0.000193,0.000189,0.000171,0.000088,0.000070,0.000098,0.000147
523,,,,,,,,,,,,,,0.000008,0.000293,0.000323,0.000242,0.000276,0.000338,0.000349,0.000317,0.000268,0.000184,0.000214,0.000157,0.000121,0.000116,0.000137,0.000105,0.000098,0.000086,0.000087,0.000069,0.000083,0.000074,0.000067,0.000052,0.000032,0.000030,0.000051,0.000064,0.000069,0.000072,0.000072,0.000118,0.000094,0.000080,0.000056,0.000067,0.000073
524,,,,,,,,,,,,,,0.000005,0.000096,0.000111,0.000082,0.000084,0.000108,0.000138,0.000147,0.000109,0.000093,0.000110,0.000100,0.000091,0.000089,0.000081,0.000070,0.000056,0.000059,0.000067,0.000054,0.000065,0.000078,0.000102,0.000140,0.000063,0.000049,0.000122,0.000172,0.000144,0.000112,0.000115,0.000114,0.000105,0.000052,0.000045,0.000117,0.000210
525,,,,,,,,,,,,,,0.000006,0.000161,0.000191,0.000177,0.000230,0.000364,0.000519,0.000562,0.000493,0.000406,0.000458,0.000351,0.000314,0.000242,0.000178,0.000153,0.000180,0.000132,0.000087,0.000064,0.000047,0.000043,0.000058,0.000086,0.000041,0.000028,0.000252,0.000657,0.000673,0.000557,0.000413,0.000305,0.000239,0.000098,0.000070,0.000203,0.000202
526,,,,,,,,,,,,,,0.000011,0.000316,0.000181,0.000105,0.000098,0.000247,0.000316,0.000298,0.000380,0.000251,0.000252,0.000231,0.000214,0.000165,0.000131,0.000123,0.000104,0.000097,0.000058,0.000052,0.000066,0.000093,0.000071,0.000064,0.000034,0.000027,0.000130,0.000290,0.000324,0.000348,0.000396,0.000442,0.000477,0.000239,0.000193,0.000488,0.000757
527,,,,,,,,,,,,,,0.000005,0.000237,0.000299,0.000328,0.000426,0.000616,0.000672,0.000600,0.000514,0.000377,0.000434,0.000331,0.000199,0.000195,0.000152,0.000110,0.000079,0.000060,0.000050,0.000049,0.000052,0.000047,0.000047,0.000041,0.000023,0.000019,0.000063,0.000108,0.000111,0.000166,0.000156,0.000142,0.000102,0.000064,0.000054,0.000074,0.000080
528,,,,,,,,,,,,,,0.000007,0.000228,0.000196,0.000171,0.000151,0.000210,0.000227,0.000220,0.000187,0.000164,0.000192,0.000184,0.000162,0.000153,0.000113,0.000091,0.000059,0.000047,0.000043,0.000029,0.000054,0.000063,0.000077,0.000081,0.000039,0.000032,0.000122,0.000236,0.000309,0.000269,0.000290,0.000297,0.000302,0.000168,0.000152,0.000107,0.000126
529,,,,,,,,,,,,,,0.000005,0.000156,0.000132,0.000120,0.000135,0.000225,0.000305,0.000397,0.000539,0.000727,0.001191,0.001305,0.001053,0.001200,0.000916,0.000735,0.000473,0.000325,0.000270,0.000200,0.000169,0.000107,0.000100,0.000063,0.000016,0.000011,0.000037,0.000050,0.000069,0.000080,0.000061,0.000064,0.000065,0.000052,0.000036,0.000087,0.000168
530,,,,,,,,,,,,,,0.000015,0.000281,0.000237,0.000166,0.000171,0.000220,0.000223,0.000203,0.000188,0.000162,0.000202,0.000179,0.000138,0.000141,0.000143,0.000136,0.000110,0.000100,0.000105,0.000074,0.000070,0.000051,0.000055,0.000051,0.000016,0.000015,0.000178,0.000393,0.000417,0.000410,0.000387,0.000302,0.000186,0.000081,0.000063,0.000169,0.000262
531,,,,,,,,,,,,,,0.000004,0.000082,0.000073,0.000064,0.000083,0.000113,0.000165,0.000218,0.000224,0.000280,0.000413,0.000426,0.000361,0.000426,0.000341,0.000345,0.000283,0.000257,0.000291,0.000290,0.000249,0.000191,0.000133,0.000093,0.000024,0.000021,0.000123,0.000184,0.000148,0.000091,0.000082,0.000093,0.000069,0.000040,0.000040,0.000111,0.000187
532,,,,,,,,,,,,,,0.000007,0.000135,0.000148,0.000139,0.000066,0.000062,0.000082,0.000080,0.000086,0.000094,0.000109,0.000104,0.000111,0.000095,0.000067,0.000065,0.000089,0.000138,0.000214,0.000360,0.000528,0.000522,0.000444,0.000263,0.000061,0.000038,0.000143,0.000233,0.000227,0.000192,0.000175,0.000164,0.000144,0.000101,0.000106,0.000151,0.000257
533,,,,,,,,,,,,,,0.000017,0.000338,0.000350,0.000259,0.000289,0.000349,0.000421,0.000363,0.000313,0.000430,0.000352,0.000290,0.000259,0.000195,0.000182,0.000177,0.000169,0.000163,0.000158,0.000127,0.000118,0.000097,0.000119,0.000073,0.000015,0.000010,0.000046,0.000126,0.000200,0.000176,0.000104,0.000116,0.000122,0.000062,0.000074,0.000217,0.000448
534,,,,,,,,,,,,,,0.000004,0.000123,0.000122,0.000098,0.000096,0.000103,0.000099,0.000079,0.000071,0.000080,0.000085,0.000071,0.000070,0.000049,0.000036,0.000024,0.000020,0.000026,0.000030,0.000033,0.000040,0.000069,0.000073,0.000065,0.000048,0.000045,0.000095,0.000101,0.000096,0.000084,0.000090,0.000141,0.000144,0.000118,0.000141,0.000119,0.000130
535,,,,,,,,,,,,,,0.000005,0.000124,0.000096,0.000074,0.000073,0.000088,0.000104,0.000109,0.000100,0.000119,0.000087,0.000090,0.000082,0.000089,0.000076,0.000067,0.000063,0.000055,0.000065,0.000063,0.000069,0.000059,0.000051,0.000026,0.000011,0.000013,0.000035,0.000049,0.000045,0.000039,0.000052,0.000051,0.000039,0.000072,0.000196,0.000130,0.000113
536,,,,,,,,,,,,,,0.000005,0.000145,0.000112,0.000068,0.000093,0.000134,0.000169,0.000228,0.000244,0.000256,0.000344,0.000312,0.000240,0.000242,0.000198,0.000194,0.000185,0.000221,0.000330,0.000345,0.000320,0.000242,0.000228,0.000157,0.000046,0.000025,0.000036,0.000044,0.000039,0.000042,0.000073,0.000063,0.000053,0.000061,0.000051,0.000082,0.000108
537,,,,,,,,,,,,,,0.000005,0.000152,0.000148,0.000123,0.000128,0.000136,0.000133,0.000158,0.000141,0.000074,0.000063,0.000064,0.000063,0.000076,0.000076,0.000058,0.000048,0.000043,0.000043,0.000036,0.000032,0.000023,0.000029,0.000033,0.000041,0.000046,0.000192,0.000164,0.000138,0.000083,0.000086,0.000098,0.000182,0.000169,0.000057,0.000065,0.000090
538,,,,,,,,,,,,,,0.000013,0.000305,0.000248,0.000183,0.000175,0.000219,0.000226,0.000214,0.000186,0.000153,0.000181,0.000146,0.000111,0.000120,0.000115,0.000103,0.000109,0.000101,0.000114,0.000119,0.000129,0.000111,0.000086,0.000055,0.000009,0.000006,0.000027,0.000090,0.000118,0.000134,0.000230,0.000303,0.000292,0.000175,0.000121,0.000213,0.000359
539,,,,,,,,,,,,,,0.000004,0.000098,0.000095,0.000090,0.000081,0.000105,0.000133,0.000111,0.000122,0.000097,0.000123,0.000108,0.000090,0.000095,0.000079,0.000079,0.000072,0.000051,0.000058,0.000067,0.000074,0.000072,0.000073,0.000064,0.000039,0.000044,0.000116,0.000182,0.000206,0.000214,0.000189,0.000189,0.000144,0.000103,0.000076,0.000109,0.000114
540,,,,,,,,,,,,,,0.000006,0.000139,0.000134,0.000095,0.000107,0.000133,0.000172,0.000149,0.000117,0.000103,0.000170,0.000148,0.000127,0.000169,0.000108,0.000106,0.000074,0.000052,0.000051,0.000057,0.000051,0.000057,0.000062,0.000067,0.000033,0.000016,0.000070,0.000132,0.000139,0.000113,0.000121,0.000121,0.000135,0.000136,0.000079,0.000182,0.000197
541,,,,,,,,,,,,,,0.000007,0.000172,0.000172,0.000114,0.000098,0.000114,0.000129,0.000118,0.000104,0.000102,0.000108,0.000102,0.000089,0.000073,0.000054,0.000044,0.000040,0.000025,0.000022,0.000042,0.000072,0.000130,0.000200,0.000220,0.000079,0.000053,0.000256,0.000489,0.000459,0.000443,0.000351,0.000333,0.000376,0.000180,0.000225,0.000407,0.000256
542,,,,,,,,,,,,,,0.000009,0.000291,0.000310,0.000483,0.000717,0.000933,0.000713,0.000869,0.000687,0.000432,0.000490,0.000541,0.000554,0.000691,0.000632,0.000557,0.000410,0.000327,0.000286,0.000197,0.000144,0.000106,0.000072,0.000053,0.000032,0.000034,0.000083,0.000151,0.000176,0.000204,0.000230,0.000363,0.000516,0.000617,0.000371,0.000217,0.000308
543,,,,,,,,,,,,,,0.000003,0.000094,0.000096,0.000092,0.000106,0.000172,0.000194,0.000149,0.000164,0.000168,0.000286,0.000300,0.000266,0.000270,0.000232,0.000267,0.000208,0.000203,0.000180,0.000168,0.000157,0.000150,0.000180,0.000168,0.000057,0.000023,0.000102,0.000193,0.000245,0.000247,0.000247,0.000279,0.000316,0.000232,0.000178,0.000214,0.000255
544,,,,,,,,,,,,,,0.000008,0.000156,0.000144,0.000109,0.000107,0.000136,0.000161,0.000194,0.000186,0.000223,0.000275,0.000283,0.000258,0.000339,0.000330,0.000337,0.000295,0.000254,0.000239,0.000189,0.000137,0.000096,0.000082,0.000054,0.000016,0.000012,0.000058,0.000182,0.000219,0.000219,0.000246,0.000294,0.000279,0.000138,0.000110,0.000307,0.000570
545,,,,,,,,,,,,,,0.000008,0.000178,0.000145,0.000115,0.000131,0.000185,0.000224,0.000212,0.000194,0.000205,0.000271,0.000229,0.000237,0.000211,0.000240,0.000196,0.000170,0.000150,0.000129,0.000090,0.000083,0.000099,0.000114,0.000091,0.000025,0.000014,0.000088,0.000232,0.000212,0.000223,0.000227,0.000226,0.000196,0.000129,0.000114,0.000293,0.000444
546,,,,,,,,,,,,,,0.000006,0.000141,0.000138,0.000101,0.000088,0.000093,0.000107,0.000103,0.000077,0.000085,0.000082,0.000067,0.000069,0.000064,0.000051,0.000051,0.000069,0.000077,0.000090,0.000090,0.000084,0.000072,0.000074,0.000075,0.000037,0.000024,0.000136,0.000299,0.000258,0.000191,0.000151,0.000109,0.000084,0.000049,0.000035,0.000075,0.000094
547,,,,,,,,,,,,,,0.000015,0.000458,0.000486,0.000390,0.000400,0.000485,0.000512,0.000385,0.000310,0.000209,0.000229,0.000154,0.000145,0.000134,0.000124,0.000102,0.000085,0.000064,0.000046,0.000026,0.000016,0.000033,0.000064,0.000105,0.000035,0.000018,0.000074,0.000113,0.000139,0.000130,0.000150,0.000165,0.000165,0.000094,0.000070,0.000171,0.000254
548,,,,,,,,,,,,,,0.000018,0.000296,0.000237,0.000190,0.000185,0.000211,0.000246,0.000223,0.000174,0.000129,0.000140,0.000115,0.000082,0.000071,0.000052,0.000055,0.000052,0.000056,0.000064,0.000057,0.000062,0.000055,0.000052,0.000038,0.000016,0.000013,0.000105,0.000253,0.000272,0.000303,0.000288,0.000229,0.000246,0.000130,0.000193,0.000429,0.000394
549,,,,,,,,,,,,,,0.000013,0.000413,0.000415,0.000562,0.000751,0.001023,0.001121,0.000917,0.000737,0.000551,0.000599,0.000431,0.000320,0.000281,0.000200,0.000162,0.000145,0.000114,0.000099,0.000092,0.000088,0.000074,0.000066,0.000057,0.000037,0.000026,0.000075,0.000129,0.000150,0.000157,0.000135,0.000149,0.000171,0.000171,0.000172,0.000474,0.000825
550,,,,,,,,,,,,,,0.000020,0.000666,0.000638,0.000494,0.000423,0.000395,0.000397,0.000317,0.000255,0.000190,0.000213,0.000172,0.000119,0.000133,0.000098,0.000089,0.000081,0.000086,0.000085,0.000071,0.000067,0.000056,0.000056,0.000054,0.000023,0.000012,0.000057,0.000066,0.000061,0.000063,0.000058,0.000059,0.000066,0.000049,0.000037,0.000070,0.000100
551,,,,,,,,,,,,,,0.000004,0.000114,0.000121,0.000094,0.000092,0.000121,0.000120,0.000101,0.000088,0.000067,0.000064,0.000067,0.000051,0.000053,0.000056,0.000063,0.000054,0.000037,0.000036,0.000034,0.000060,0.000094,0.000121,0.000130,0.000092,0.000054,0.000145,0.000181,0.000150,0.000124,0.000102,0.000089,0.000077,0.000063,0.000075,0.000102,0.000115
552,,,,,,,,,,,,,,0.000012,0.000343,0.000350,0.000244,0.000214,0.000201,0.000237,0.000225,0.000213,0.000165,0.000141,0.000125,0.000125,0.000091,0.000046,0.000021,0.000016,0.000027,0.000022,0.000039,0.000060,0.000081,0.000093,0.000080,0.000044,0.000042,0.000115,0.000179,0.000206,0.000221,0.000266,0.000284,0.000268,0.000166,0.000084,0.000132,0.000158
553,,,,,,,,,,,,,,0.000005,0.000138,0.000123,0.000090,0.000105,0.000162,0.000235,0.000256,0.000209,0.000183,0.000209,0.000192,0.000154,0.000151,0.000185,0.000284,0.000390,0.000617,0.000936,0.000984,0.000781,0.000417,0.000241,0.000124,0.000048,0.000040,0.000106,0.000117,0.000098,0.000088,0.000092,0.000091,0.000078,0.000068,0.000078,0.000140,0.000189
554,,,,,,,,,,,,,,0.000007,0.000141,0.000117,0.000100,0.000091,0.000078,0.000119,0.000140,0.000152,0.000114,0.000111,0.000110,0.000172,0.000103,0.000123,0.000080,0.000077,0.000086,0.000128,0.000170,0.000198,0.000238,0.000299,0.000300,0.000112,0.000057,0.000214,0.000257,0.000207,0.000138,0.000147,0.000159,0.000172,0.000098,0.000092,0.000209,0.000312
555,,,,,,,,,,,,,,0.000004,0.000104,0.000098,0.000084,0.000071,0.000078,0.000114,0.000141,0.000156,0.000157,0.000207,0.000195,0.000176,0.000201,0.000165,0.000149,0.000116,0.000099,0.000094,0.000079,0.000075,0.000054,0.000042,0.000041,0.000022,0.000021,0.000070,0.000128,0.000156,0.000169,0.000260,0.000310,0.000219,0.000202,0.000116,0.000120,0.000153
556,,,,,,,,,,,,,,0.000015,0.000321,0.000293,0.000222,0.000224,0.000261,0.000270,0.000239,0.000200,0.000157,0.000231,0.000233,0.000200,0.000250,0.000277,0.000340,0.000388,0.000531,0.000735,0.000753,0.000629,0.000344,0.000214,0.000105,0.000018,0.000005,0.000031,0.000081,0.000079,0.000085,0.000086,0.000083,0.000063,0.000026,0.000019,0.000081,0.000164
557,,,,,,,,,,,,,,0.000010,0.000228,0.000244,0.000316,0.000335,0.000409,0.000447,0.000459,0.000332,0.000244,0.000244,0.000208,0.000165,0.000179,0.000157,0.000185,0.000160,0.000188,0.000198,0.000178,0.000175,0.000127,0.000103,0.000079,0.000021,0.000011,0.000061,0.000154,0.000148,0.000122,0.000110,0.000083,0.000061,0.000026,0.000029,0.000081,0.000161
558,,,,,,,,,,,,,,0.000011,0.000207,0.000175,0.000177,0.000264,0.000442,0.000463,0.000507,0.000460,0.000396,0.000508,0.000475,0.000410,0.000449,0.000399,0.000418,0.000349,0.000271,0.000226,0.000186,0.000201,0.000238,0.000253,0.000195,0.000040,0.000015,0.000124,0.000246,0.000217,0.000183,0.000144,0.000115,0.000110,0.000057,0.000051,0.000243,0.000497
559,,,,,,,,,,,,,,0.000007,0.000157,0.000157,0.000123,0.000119,0.000155,0.000145,0.000150,0.000345,0.000395,0.000148,0.000128,0.000117,0.000155,0.000160,0.000190,0.000160,0.000174,0.000180,0.000153,0.000155,0.000132,0.000093,0.000061,0.000019,0.000019,0.000087,0.000107,0.000078,0.000068,0.000082,0.000088,0.000079,0.000047,0.000044,0.000097,0.000115
560,,,,,,,,,,,,,,0.000016,0.000403,0.000346,0.000253,0.000202,0.000188,0.000184,0.000167,0.000128,0.000098,0.000094,0.000073,0.000085,0.000056,0.000055,0.000043,0.000050,0.000057,0.000081,0.000084,0.000066,0.000058,0.000045,0.000041,0.000029,0.000020,0.000050,0.000085,0.000104,0.000115,0.000132,0.000111,0.000123,0.000143,0.000233,0.000201,0.000188
561,,,,,,,,,,,,,,0.000009,0.000281,0.000230,0.000158,0.000186,0.000202,0.000230,0.000217,0.000205,0.000179,0.000174,0.000147,0.000126,0.000161,0.000161,0.000156,0.000123,0.000112,0.000092,0.000080,0.000102,0.000115,0.000146,0.000146,0.000045,0.000031,0.000198,0.000299,0.000257,0.000263,0.000288,0.000211,0.000208,0.000090,0.000079,0.000177,0.000296
562,,,,,,,,,,,,,,0.000007,0.000125,0.000128,0.000094,0.000136,0.000209,0.000294,0.000357,0.000396,0.000606,0.000653,0.000669,0.000544,0.000555,0.000484,0.000454,0.000378,0.000344,0.000371,0.000394,0.000355,0.000217,0.000138,0.000080,0.000025,0.000012,0.000036,0.000046,0.000044,0.000064,0.000084,0.000107,0.000130,0.000117,0.000086,0.000224,0.000317
563,,,,,,,,,,,,,,0.000009,0.000188,0.000250,0.000158,0.000141,0.000214,0.000253,0.000313,0.000275,0.000184,0.000200,0.000174,0.000166,0.000143,0.000145,0.000122,0.000104,0.000085,0.000064,0.000052,0.000057,0.000067,0.000060,0.000047,0.000040,0.000020,0.000041,0.000069,0.000076,0.000076,0.000074,0.000085,0.000065,0.000040,0.000028,0.000090,0.000175
564,,,,,,,,,,,,,,0.000006,0.000162,0.000244,0.000298,0.000440,0.000708,0.001020,0.001084,0.001007,0.000825,0.001008,0.000854,0.000719,0.000710,0.000570,0.000491,0.000344,0.000249,0.000201,0.000146,0.000108,0.000072,0.000056,0.000051,0.000020,0.000017,0.000132,0.000284,0.000303,0.000249,0.000185,0.000178,0.000141,0.000062,0.000049,0.000126,0.000217
565,,,,,,,,,,,,,,0.000011,0.000322,0.000358,0.000231,0.000200,0.000208,0.000202,0.000229,0.000165,0.000151,0.000177,0.000184,0.000171,0.000214,0.000231,0.000213,0.000177,0.000136,0.000111,0.000076,0.000057,0.000031,0.000030,0.000030,0.000018,0.000012,0.000049,0.000104,0.000175,0.000105,0.000062,0.000086,0.000073,0.000095,0.000111,0.000092,0.000134
566,,,,,,,,,,,,,,0.000010,0.000245,0.000253,0.000215,0.000207,0.000272,0.000339,0.000436,0.000668,0.000666,0.000938,0.000936,0.000942,0.000845,0.000736,0.000520,0.000325,0.000210,0.000166,0.000129,0.000121,0.000080,0.000059,0.000033,0.000011,0.000008,0.000030,0.000057,0.000050,0.000058,0.000076,0.000091,0.000096,0.000048,0.000048,0.000121,0.000182
567,,,,,,,,,,,,,,0.000003,0.000075,0.000059,0.000060,0.000075,0.000095,0.000104,0.000124,0.000114,0.000146,0.000247,0.000290,0.000322,0.000434,0.000508,0.000581,0.000585,0.000573,0.000577,0.000427,0.000306,0.000166,0.000128,0.000083,0.000027,0.000016,0.000048,0.000053,0.000043,0.000044,0.000044,0.000063,0.000055,0.000046,0.000034,0.000050,0.000057
568,,,,,,,,,,,,,,0.000003,0.000121,0.000213,0.000104,0.000110,0.000137,0.000147,0.000124,0.000108,0.000096,0.000108,0.000094,0.000103,0.000100,0.000095,0.000093,0.000074,0.000073,0.000080,0.000079,0.000075,0.000067,0.000062,0.000056,0.000016,0.000025,0.000048,0.000079,0.000078,0.000075,0.000072,0.000063,0.000056,0.000059,0.000037,0.000042,0.000060
569,,,,,,,,,,,,,,0.000021,0.000551,0.000349,0.000271,0.000356,0.000542,0.000554,0.000461,0.000357,0.000234,0.000271,0.000200,0.000156,0.000147,0.000124,0.000126,0.000105,0.000102,0.000096,0.000085,0.000074,0.000054,0.000061,0.000056,0.000032,0.000015,0.000056,0.000181,0.000255,0.000260,0.000286,0.000369,0.000395,0.000417,0.000251,0.000668,0.001169
570,,,,,,,,,,,,,,0.000007,0.000162,0.000159,0.000113,0.000104,0.000113,0.000121,0.000112,0.000093,0.000085,0.000090,0.000088,0.000092,0.000075,0.000053,0.000047,0.000038,0.000036,0.000039,0.000048,0.000044,0.000050,0.000052,0.000065,0.000040,0.000027,0.000086,0.000135,0.000166,0.000097,0.000122,0.000138,0.000148,0.000116,0.000082,0.000146,0.000174
571,,,,,,,,,,,,,,0.000007,0.000170,0.000136,0.000108,0.000101,0.000114,0.000140,0.000147,0.000158,0.000163,0.000206,0.000214,0.000204,0.000201,0.000138,0.000121,0.000080,0.000058,0.000045,0.000042,0.000046,0.000045,0.000051,0.000045,0.000018,0.000014,0.000039,0.000064,0.000077,0.000061,0.000087,0.000085,0.000069,0.000060,0.000198,0.000085,0.000140
572,,,,,,,,,,,,,,0.000013,0.000353,0.000357,0.000235,0.000230,0.000262,0.000272,0.000268,0.000257,0.000204,0.000248,0.000211,0.000197,0.000180,0.000161,0.000154,0.000127,0.000122,0.000111,0.000097,0.000094,0.000070,0.000064,0.000040,0.000014,0.000012,0.000043,0.000069,0.000064,0.000083,0.000095,0.000123,0.000104,0.000077,0.000076,0.000264,0.000467
573,,,,,,,,,,,,,,0.000004,0.000099,0.000094,0.000079,0.000078,0.000100,0.000109,0.000097,0.000081,0.000078,0.000088,0.000089,0.000081,0.000100,0.000098,0.000094,0.000087,0.000080,0.000079,0.000069,0.000064,0.000045,0.000035,0.000019,0.000008,0.000031,0.000040,0.000062,0.000048,0.000049,0.000045,0.000048,0.000039,0.000024,0.000030,0.000051,0.000100
574,,,,,,,,,,,,,,0.000008,0.000155,0.000114,0.000086,0.000076,0.000092,0.000107,0.000124,0.000104,0.000113,0.000184,0.000178,0.000151,0.000220,0.000229,0.000279,0.000276,0.000292,0.000282,0.000226,0.000163,0.000109,0.000091,0.000078,0.000024,0.000020,0.000073,0.000094,0.000087,0.000062,0.000067,0.000076,0.000051,0.000041,0.000077,0.000077,0.000123
575,,,,,,,,,,,,,,0.000013,0.000241,0.000215,0.000154,0.000166,0.000202,0.000195,0.000164,0.000133,0.000104,0.000131,0.000116,0.000078,0.000080,0.000078,0.000074,0.000065,0.000057,0.000077,0.000114,0.000182,0.000203,0.000199,0.000133,0.000025,0.000023,0.000260,0.000661,0.000737,0.000656,0.000551,0.000524,0.000468,0.000194,0.000128,0.000390,0.000670
576,,,,,,,,,,,,,,0.000004,0.000110,0.000105,0.000086,0.000087,0.000109,0.000111,0.000112,0.000099,0.000088,0.000104,0.000095,0.000089,0.000090,0.000082,0.000080,0.000073,0.000076,0.000097,0.000101,0.000110,0.000079,0.000057,0.000042,0.000016,0.000010,0.000034,0.000076,0.000087,0.000054,0.000042,0.000042,0.000036,0.000033,0.000024,0.000055,0.000108
577,,,,,,,,,,,,,,0.000005,0.000133,0.000154,0.000117,0.000121,0.000168,0.000170,0.000144,0.000130,0.000138,0.000112,0.000101,0.000081,0.000110,0.000111,0.000120,0.000111,0.000110,0.000137,0.000152,0.000155,0.000130,0.000075,0.000051,0.000014,0.000011,0.000063,0.000101,0.000113,0.000104,0.000081,0.000085,0.000095,0.000085,0.000052,0.000101,0.000161
578,,,,,,,,,,,,,,0.000007,0.000260,0.000431,0.000186,0.000152,0.000155,0.000158,0.000161,0.000121,0.000130,0.000145,0.000135,0.000122,0.000144,0.000139,0.000128,0.000095,0.000094,0.000112,0.000106,0.000097,0.000073,0.000050,0.000068,0.000053,0.000041,0.000118,0.000167,0.000171,0.000117,0.000142,0.000083,0.000063,0.000055,0.000106,0.000088,0.000168
579,,,,,,,,,,,,,,0.000009,0.000293,0.000247,0.000211,0.000198,0.000202,0.000235,0.000225,0.000188,0.000179,0.000204,0.000179,0.000145,0.000106,0.000087,0.000068,0.000049,0.000058,0.000071,0.000087,0.000095,0.000086,0.000134,0.000092,0.000042,0.000023,0.000081,0.000135,0.000090,0.000094,0.000109,0.000091,0.000111,0.000106,0.000107,0.000175,0.000222
580,,,,,,,,,,,,,,0.000013,0.000337,0.000342,0.000235,0.000266,0.000291,0.000283,0.000260,0.000220,0.000182,0.000222,0.000199,0.000153,0.000202,0.000191,0.000180,0.000140,0.000131,0.000124,0.000109,0.000102,0.000067,0.000054,0.000037,0.000008,0.000006,0.000044,0.000081,0.000080,0.000092,0.000138,0.000174,0.000164,0.000150,0.000086,0.000177,0.000239
581,,,,,,,,,,,,,,0.000006,0.000084,0.000064,0.000040,0.000035,0.000068,0.000126,0.000177,0.000266,0.000315,0.000466,0.000473,0.000411,0.000422,0.000301,0.000260,0.000164,0.000125,0.000113,0.000096,0.000078,0.000048,0.000055,0.000032,0.000019,0.000015,0.000084,0.000254,0.000347,0.000394,0.000484,0.000543,0.000563,0.000276,0.000251,0.000388,0.000491
582,,,,,,,,,,,,,,0.000004,0.000292,0.000208,0.000112,0.000104,0.000085,0.000097,0.000070,0.000058,0.000050,0.000046,0.000044,0.000056,0.000086,0.000095,0.000129,0.000130,0.000135,0.000139,0.000145,0.000145,0.000124,0.000107,0.000075,0.000026,0.000020,0.000057,0.000109,0.000122,0.000098,0.000090,0.000069,0.000060,0.000044,0.000045,0.000081,0.000106
583,,,,,,,,,,,,,,0.000004,0.000098,0.000101,0.000065,0.000082,0.000123,0.000147,0.000139,0.000126,0.000094,0.000106,0.000086,0.000080,0.000119,0.000117,0.000110,0.000097,0.000097,0.000089,0.000083,0.000058,0.000040,0.000049,0.000063,0.000063,0.000066,0.000120,0.000131,0.000082,0.000069,0.000110,0.000123,0.000089,0.000066,0.000058,0.000089,0.000122
584,,,,,,,,,,,,,,0.000006,0.000138,0.000110,0.000096,0.000158,0.000295,0.000441,0.000436,0.000432,0.000380,0.000493,0.000449,0.000410,0.000494,0.000511,0.000568,0.000546,0.000662,0.000668,0.000575,0.000390,0.000218,0.000144,0.000096,0.000028,0.000018,0.000072,0.000107,0.000090,0.000090,0.000102,0.000113,0.000110,0.000092,0.000098,0.000317,0.000492
585,,,,,,,,,,,,,,0.000029,0.000611,0.000519,0.000396,0.000386,0.000383,0.000355,0.000315,0.000248,0.000232,0.000244,0.000205,0.000178,0.000167,0.000150,0.000135,0.000124,0.000103,0.000126,0.000089,0.000064,0.000044,0.000048,0.000058,0.000036,0.000025,0.000039,0.000070,0.000098,0.000122,0.000138,0.000124,0.000114,0.000184,0.000207,0.000172,0.000234
586,,,,,,,,,,,,,,0.000006,0.000122,0.000153,0.000064,0.000062,0.000077,0.000106,0.000090,0.000074,0.000060,0.000048,0.000035,0.000042,0.000044,0.000045,0.000043,0.000047,0.000040,0.000044,0.000050,0.000061,0.000086,0.000087,0.000077,0.000038,0.000035,0.000130,0.000282,0.000219,0.000168,0.000143,0.000166,0.000122,0.000058,0.000046,0.000140,0.000223
587,,,,,,,,,,,,,,0.000008,0.000273,0.000322,0.000448,0.000448,0.000517,0.000541,0.000495,0.000416,0.000326,0.000334,0.000253,0.000212,0.000184,0.000162,0.000179,0.000157,0.000123,0.000124,0.000107,0.000106,0.000126,0.000151,0.000110,0.000039,0.000037,0.000112,0.000177,0.000176,0.000123,0.000119,0.000073,0.000064,0.000053,0.000037,0.000063,0.000071
588,,,,,,,,,,,,,,0.000013,0.000287,0.000301,0.000331,0.000502,0.000678,0.000736,0.000671,0.000526,0.000410,0.000469,0.000406,0.000327,0.000252,0.000213,0.000183,0.000167,0.000118,0.000115,0.000079,0.000067,0.000043,0.000038,0.000046,0.000028,0.000017,0.000059,0.000091,0.000091,0.000094,0.000159,0.000187,0.000162,0.000160,0.000167,0.000302,0.000335
589,,,,,,,,,,,,,,0.000006,0.000149,0.000164,0.000188,0.000290,0.000275,0.000298,0.000322,0.000387,0.000358,0.000546,0.000644,0.000560,0.000674,0.000645,0.000548,0.000444,0.000362,0.000327,0.000244,0.000221,0.000144,0.000131,0.000079,0.000018,0.000011,0.000057,0.000108,0.000119,0.000101,0.000087,0.000065,0.000073,0.000044,0.000037,0.000099,0.000153
590,,,,,,,,,,,,,,0.000009,0.000193,0.000168,0.000147,0.000115,0.000135,0.000162,0.000204,0.000180,0.000136,0.000132,0.000147,0.000130,0.000147,0.000137,0.000151,0.000120,0.000078,0.000088,0.000088,0.000062,0.000051,0.000068,0.000062,0.000028,0.000019,0.000108,0.000201,0.000272,0.000285,0.000294,0.000353,0.000375,0.000245,0.000338,0.000384,0.000486
591,,,,,,,,,,,,,,0.000008,0.000263,0.000242,0.000160,0.000169,0.000227,0.000252,0.000267,0.000221,0.000195,0.000272,0.000272,0.000219,0.000254,0.000245,0.000249,0.000230,0.000239,0.000255,0.000220,0.000222,0.000154,0.000126,0.000106,0.000027,0.000012,0.000070,0.000103,0.000110,0.000089,0.000085,0.000079,0.000071,0.000048,0.000056,0.000144,0.000230
592,,,,,,,,,,,,,,0.000006,0.000162,0.000153,0.000105,0.000108,0.000149,0.000188,0.000186,0.000206,0.000220,0.000197,0.000155,0.000122,0.000110,0.000098,0.000080,0.000087,0.000118,0.000153,0.000175,0.000193,0.000210,0.000203,0.000174,0.000058,0.000029,0.000061,0.000092,0.000105,0.000079,0.000084,0.000079,0.000085,0.000104,0.000110,0.000067,0.000080
593,,,,,,,,,,,,,,0.000007,0.000156,0.000140,0.000117,0.000124,0.000167,0.000191,0.000191,0.000212,0.000208,0.000204,0.000216,0.000203,0.000166,0.000157,0.000151,0.000136,0.000121,0.000110,0.000097,0.000081,0.000064,0.000055,0.000052,0.000021,0.000013,0.000053,0.000104,0.000093,0.000091,0.000092,0.000128,0.000134,0.000091,0.000062,0.000146,0.000237
594,,,,,,,,,,,,,,0.000012,0.000322,0.000279,0.000243,0.000261,0.000294,0.000301,0.000252,0.000252,0.000180,0.000216,0.000204,0.000171,0.000152,0.000130,0.000119,0.000085,0.000074,0.000066,0.000056,0.000047,0.000036,0.000028,0.000038,0.000034,0.000017,0.000045,0.000096,0.000101,0.000092,0.000092,0.000082,0.000053,0.000044,0.000042,0.000075,0.000101
595,,,,,,,,,,,,,,0.000008,0.000225,0.000293,0.000313,0.000317,0.000369,0.000314,0.000297,0.000337,0.000208,0.000227,0.000167,0.000128,0.000112,0.000077,0.000069,0.000069,0.000073,0.000082,0.000082,0.000076,0.000069,0.000062,0.000078,0.000053,0.000038,0.000101,0.000183,0.000204,0.000227,0.000208,0.000189,0.000234,0.000166,0.000130,0.000151,0.000095
596,,,,,,,,,,,,,,0.000005,0.000155,0.000140,0.000142,0.000117,0.000156,0.000151,0.000112,0.000100,0.000099,0.000134,0.000114,0.000101,0.000112,0.000109,0.000109,0.000084,0.000073,0.000085,0.000109,0.000217,0.000192,0.000105,0.000058,0.000021,0.000012,0.000038,0.000076,0.000057,0.000057,0.000079,0.000081,0.000075,0.000055,0.000056,0.000089,0.000105
597,,,,,,,,,,,,,,0.000008,0.000319,0.000318,0.000179,0.000148,0.000168,0.000152,0.000152,0.000116,0.000122,0.000106,0.000094,0.000120,0.000076,0.000082,0.000077,0.000063,0.000055,0.000067,0.000082,0.000091,0.000100,0.000084,0.000055,0.000022,0.000016,0.000049,0.000076,0.000106,0.000192,0.000073,0.000073,0.000079,0.000056,0.000033,0.000047,0.000076
598,,,,,,,,,,,,,,0.000005,0.000145,0.000118,0.000091,0.000091,0.000100,0.000119,0.000110,0.000110,0.000094,0.000093,0.000074,0.000054,0.000052,0.000054,0.000051,0.000039,0.000040,0.000052,0.000082,0.000065,0.000073,0.000105,0.000116,0.000030,0.000028,0.000069,0.000140,0.000129,0.000111,0.000098,0.000137,0.000188,0.000155,0.000081,0.000199,0.000298
599,,,,,,,,,,,,,,0.000006,0.000168,0.000164,0.000136,0.000161,0.000179,0.000219,0.000199,0.000166,0.000133,0.000143,0.000131,0.000119,0.000152,0.000244,0.000205,0.000175,0.000182,0.000222,0.000282,0.000330,0.000266,0.000244,0.000179,0.000044,0.000031,0.000136,0.000171,0.000167,0.000179,0.000121,0.000111,0.000098,0.000035,0.000035,0.000070,0.000119
600,,,,,,,,,,,,,,0.000010,0.000252,0.000208,0.000126,0.000160,0.000166,0.000173,0.000162,0.000126,0.000103,0.000082,0.000077,0.000079,0.000075,0.000057,0.000055,0.000047,0.000033,0.000032,0.000049,0.000050,0.000064,0.000052,0.000057,0.000053,0.000042,0.000102,0.000114,0.000112,0.000108,0.000130,0.000167,0.000172,0.000323,0.000332,0.000283,0.000361
601,,,,,,,,,,,,,,0.000012,0.000311,0.000396,0.000261,0.000239,0.000330,0.000306,0.000257,0.000210,0.000192,0.000230,0.000203,0.000182,0.000156,0.000139,0.000123,0.000106,0.000091,0.000086,0.000067,0.000063,0.000064,0.000074,0.000058,0.000014,0.000007,0.000034,0.000191,0.000203,0.000104,0.000108,0.000111,0.000124,0.000137,0.000066,0.000168,0.000262
602,,,,,,,,,,,,,,0.000022,0.000539,0.000536,0.000397,0.000413,0.000477,0.000508,0.000426,0.000375,0.000319,0.000394,0.000377,0.000305,0.000331,0.000308,0.000288,0.000233,0.000213,0.000206,0.000175,0.000167,0.000135,0.000122,0.000092,0.000019,0.000009,0.000067,0.000158,0.000156,0.000133,0.000106,0.000112,0.000108,0.000045,0.000041,0.000136,0.000223
603,,,,,,,,,,,,,,0.000005,0.000139,0.000102,0.000068,0.000059,0.000049,0.000050,0.000048,0.000054,0.000063,0.000051,0.000056,0.000064,0.000065,0.000054,0.000041,0.000036,0.000030,0.000037,0.000058,0.000063,0.000113,0.000186,0.000159,0.000075,0.000048,0.000120,0.000133,0.000124,0.000138,0.000133,0.000146,0.000133,0.000113,0.000135,0.000157,0.000200
604,,,,,,,,,,,,,,0.000010,0.000288,0.000348,0.000186,0.000177,0.000223,0.000275,0.000271,0.000282,0.000257,0.000321,0.000368,0.000329,0.000312,0.000296,0.000309,0.000252,0.000231,0.000182,0.000152,0.000115,0.000076,0.000060,0.000054,0.000039,0.000033,0.000068,0.000096,0.000098,0.000108,0.000077,0.000063,0.000058,0.000056,0.000054,0.000066,0.000091
605,,,,,,,,,,,,,,0.000004,0.000100,0.000090,0.000081,0.000053,0.000043,0.000052,0.000050,0.000055,0.000049,0.000070,0.000070,0.000062,0.000053,0.000055,0.000054,0.000051,0.000031,0.000026,0.000027,0.000090,0.000139,0.000162,0.000129,0.000056,0.000026,0.000098,0.000242,0.000240,0.000172,0.000161,0.000141,0.000112,0.000069,0.000045,0.000078,0.000151
606,,,,,,,,,,,,,,0.000008,0.000176,0.000161,0.000110,0.000113,0.000134,0.000140,0.000113,0.000091,0.000100,0.000142,0.000164,0.000167,0.000197,0.000227,0.000155,0.000129,0.000188,0.000116,0.000090,0.000084,0.000087,0.000094,0.000119,0.000055,0.000030,0.000054,0.000127,0.000185,0.000177,0.000171,0.000146,0.000115,0.000043,0.000042,0.000072,0.000110
607,,,,,,,,,,,,,,0.000020,0.000591,0.000550,0.000380,0.000377,0.000430,0.000470,0.000400,0.000326,0.000276,0.000324,0.000285,0.000219,0.000227,0.000185,0.000162,0.000128,0.000099,0.000093,0.000090,0.000107,0.000085,0.000090,0.000078,0.000023,0.000013,0.000039,0.000080,0.000091,0.000138,0.000145,0.000193,0.000252,0.000291,0.000274,0.000613,0.000278
608,,,,,,,,,,,,,,0.000006,0.000245,0.000242,0.000156,0.000174,0.000179,0.000185,0.000157,0.000143,0.000114,0.000139,0.000130,0.000119,0.000132,0.000128,0.000109,0.000100,0.000101,0.000095,0.000093,0.000121,0.000108,0.000114,0.000104,0.000038,0.000020,0.000099,0.000170,0.000154,0.000118,0.000093,0.000065,0.000062,0.000039,0.000043,0.000059,0.000102
609,,,,,,,,,,,,,,0.000008,0.000226,0.000184,0.000187,0.000160,0.000182,0.000200,0.000187,0.000150,0.000126,0.000168,0.000140,0.000116,0.000145,0.000148,0.000143,0.000123,0.000110,0.000120,0.000112,0.000119,0.000117,0.000126,0.000098,0.000020,0.000011,0.000112,0.000271,0.000259,0.000215,0.000178,0.000195,0.000170,0.000109,0.000076,0.000224,0.000342
610,,,,,,,,,,,,,,0.000004,0.000122,0.000141,0.000193,0.000219,0.000246,0.000282,0.000219,0.000171,0.000144,0.000145,0.000119,0.000099,0.000099,0.000104,0.000092,0.000077,0.000070,0.000114,0.000177,0.000297,0.000475,0.000436,0.000270,0.000052,0.000018,0.000057,0.000097,0.000090,0.000085,0.000149,0.000126,0.000141,0.000084,0.000036,0.000084,0.000101
611,,,,,,,,,,,,,,0.000014,0.000380,0.000277,0.000207,0.000215,0.000256,0.000276,0.000277,0.000264,0.000261,0.000267,0.000270,0.000285,0.000219,0.000217,0.000171,0.000150,0.000145,0.000141,0.000117,0.000118,0.000107,0.000091,0.000092,0.000022,0.000009,0.000052,0.000113,0.000109,0.000122,0.000161,0.000168,0.000168,0.000096,0.000104,0.000275,0.000380
612,,,,,,,,,,,,,,0.000012,0.000248,0.000195,0.000132,0.000120,0.000162,0.000176,0.000243,0.000218,0.000156,0.000123,0.000104,0.000100,0.000098,0.000065,0.000049,0.000022,0.000032,0.000049,0.000049,0.000082,0.000110,0.000199,0.000144,0.000054,0.000039,0.000189,0.000310,0.000338,0.000338,0.000364,0.000409,0.000377,0.000188,0.000132,0.000348,0.000530
613,,,,,,,,,,,,,,0.000008,0.000189,0.000136,0.000099,0.000079,0.000090,0.000084,0.000103,0.000099,0.000077,0.000087,0.000069,0.000058,0.000071,0.000089,0.000087,0.000071,0.000071,0.000077,0.000069,0.000068,0.000062,0.000083,0.000083,0.000030,0.000033,0.000141,0.000318,0.000346,0.000281,0.000195,0.000249,0.000251,0.000136,0.000064,0.000151,0.000275
614,,,,,,,,,,,,,,0.000006,0.000195,0.000199,0.000136,0.000119,0.000135,0.000153,0.000152,0.000153,0.000136,0.000155,0.000150,0.000120,0.000137,0.000125,0.000100,0.000103,0.000081,0.000081,0.000076,0.000087,0.000081,0.000070,0.000050,0.000040,0.000036,0.000067,0.000095,0.000087,0.000091,0.000094,0.000086,0.000068,0.000135,0.000097,0.000144,0.000197
615,,,,,,,,,,,,,,0.000008,0.000176,0.000196,0.000252,0.000339,0.000465,0.000630,0.000715,0.000698,0.000631,0.000768,0.000760,0.000792,0.000722,0.000671,0.000618,0.000475,0.000391,0.000320,0.000243,0.000190,0.000126,0.000104,0.000068,0.000010,0.000006,0.000029,0.000067,0.000073,0.000078,0.000092,0.000095,0.000089,0.000059,0.000050,0.000140,0.000230
616,,,,,,,,,,,,,,0.000015,0.000582,0.000414,0.000225,0.000196,0.000234,0.000246,0.000207,0.000188,0.000167,0.000186,0.000167,0.000148,0.000139,0.000140,0.000121,0.000119,0.000109,0.000095,0.000070,0.000059,0.000050,0.000052,0.000056,0.000025,0.000023,0.000104,0.000237,0.000245,0.000253,0.000260,0.000284,0.000212,0.000135,0.000106,0.000443,0.000297
617,,,,,,,,,,,,,,0.000030,0.000844,0.000886,0.000672,0.000605,0.000656,0.000740,0.000752,0.000719,0.000677,0.000915,0.000839,0.000638,0.000638,0.000525,0.000449,0.000314,0.000253,0.000217,0.000168,0.000160,0.000118,0.000101,0.000069,0.000016,0.000008,0.000024,0.000068,0.000072,0.000064,0.000066,0.000066,0.000091,0.000069,0.000052,0.000102,0.000117
618,,,,,,,,,,,,,,0.000021,0.000496,0.000439,0.000295,0.000272,0.000281,0.000269,0.000218,0.000206,0.000175,0.000208,0.000206,0.000172,0.000195,0.000190,0.000171,0.000136,0.000128,0.000128,0.000098,0.000088,0.000068,0.000059,0.000041,0.000012,0.000009,0.000058,0.000157,0.000209,0.000213,0.000186,0.000189,0.000174,0.000103,0.000072,0.000203,0.000318
619,,,,,,,,,,,,,,0.000005,0.000156,0.000202,0.000284,0.000434,0.000577,0.000750,0.000688,0.000609,0.000585,0.000698,0.000658,0.000537,0.000579,0.000506,0.000485,0.000381,0.000341,0.000357,0.000303,0.000308,0.000265,0.000251,0.000201,0.000047,0.000023,0.000138,0.000262,0.000243,0.000199,0.000155,0.000146,0.000130,0.000051,0.000046,0.000166,0.000225
620,,,,,,,,,,,,,,0.000002,0.000057,0.000058,0.000063,0.000078,0.000098,0.000118,0.000111,0.000105,0.000104,0.000128,0.000121,0.000127,0.000143,0.000258,0.000268,0.000207,0.000259,0.000416,0.000656,0.000854,0.000713,0.000562,0.000332,0.000055,0.000020,0.000046,0.000088,0.000082,0.000059,0.000056,0.000066,0.000052,0.000030,0.000037,0.000079,0.000082
621,,,,,,,,,,,,,,0.000006,0.000247,0.000194,0.000091,0.000089,0.000090,0.000104,0.000090,0.000082,0.000070,0.000079,0.000086,0.000078,0.000087,0.000080,0.000091,0.000096,0.000071,0.000063,0.000056,0.000065,0.000067,0.000079,0.000062,0.000036,0.000029,0.000080,0.000122,0.000125,0.000109,0.000104,0.000108,0.000101,0.000210,0.000117,0.000132,0.000099
622,,,,,,,,,,,,,,0.000018,0.000424,0.000389,0.000279,0.000243,0.000260,0.000276,0.000268,0.000255,0.000206,0.000212,0.000210,0.000181,0.000188,0.000173,0.000135,0.000121,0.000053,0.000055,0.000049,0.000047,0.000069,0.000082,0.000092,0.000048,0.000035,0.000167,0.000410,0.000466,0.000523,0.000553,0.000581,0.000533,0.000238,0.000171,0.000441,0.000675
623,,,,,,,,,,,,,,0.000008,0.000168,0.000145,0.000127,0.000102,0.000119,0.000118,0.000116,0.000069,0.000060,0.000069,0.000060,0.000064,0.000060,0.000062,0.000050,0.000043,0.000039,0.000035,0.000039,0.000049,0.000055,0.000068,0.000065,0.000021,0.000022,0.000088,0.000155,0.000152,0.000150,0.000133,0.000134,0.000142,0.000101,0.000237,0.000155,0.000223
624,,,,,,,,,,,,,,0.000007,0.000198,0.000267,0.000343,0.000414,0.000535,0.000621,0.000570,0.000542,0.000475,0.000513,0.000395,0.000308,0.000307,0.000254,0.000274,0.000230,0.000248,0.000270,0.000248,0.000221,0.000155,0.000114,0.000087,0.000047,0.000018,0.000040,0.000069,0.000073,0.000057,0.000068,0.000067,0.000061,0.000046,0.000033,0.000027,0.000021
625,,,,,,,,,,,,,,0.000008,0.000235,0.000211,0.000162,0.000139,0.000141,0.000132,0.000108,0.000098,0.000107,0.000104,0.000111,0.000205,0.000227,0.000299,0.000137,0.000129,0.000100,0.000108,0.000095,0.000104,0.000121,0.000119,0.000092,0.000056,0.000043,0.000080,0.000105,0.000119,0.000128,0.000200,0.000173,0.000153,0.000116,0.000206,0.000222,0.000131
626,,,,,,,,,,,,,,0.000008,0.000287,0.000333,0.000241,0.000211,0.000242,0.000242,0.000223,0.000165,0.000130,0.000122,0.000101,0.000095,0.000081,0.000076,0.000068,0.000073,0.000086,0.000084,0.000086,0.000091,0.000074,0.000056,0.000038,0.000025,0.000019,0.000070,0.000093,0.000104,0.000082,0.000107,0.000083,0.000078,0.000065,0.000069,0.000143,0.000233
627,,,,,,,,,,,,,,0.000006,0.000146,0.000146,0.000116,0.000104,0.000123,0.000169,0.000166,0.000152,0.000147,0.000155,0.000145,0.000117,0.000122,0.000125,0.000119,0.000105,0.000095,0.000106,0.000110,0.000123,0.000109,0.000085,0.000094,0.000039,0.000017,0.000040,0.000050,0.000059,0.000061,0.000078,0.000064,0.000061,0.000057,0.000163,0.000169,0.000107
628,,,,,,,,,,,,,,0.000009,0.000289,0.000261,0.000230,0.000221,0.000238,0.000279,0.000271,0.000224,0.000216,0.000253,0.000235,0.000200,0.000214,0.000202,0.000173,0.000147,0.000138,0.000137,0.000132,0.000136,0.000090,0.000074,0.000043,0.000015,0.000012,0.000034,0.000048,0.000072,0.000105,0.000164,0.000228,0.000162,0.000074,0.000035,0.000055,0.000053
629,,,,,,,,,,,,,,0.000005,0.000176,0.000202,0.000158,0.000125,0.000129,0.000135,0.000128,0.000088,0.000091,0.000120,0.000121,0.000113,0.000152,0.000164,0.000172,0.000137,0.000118,0.000123,0.000120,0.000108,0.000083,0.000080,0.000052,0.000026,0.000016,0.000041,0.000091,0.000081,0.000069,0.000089,0.000096,0.000093,0.000069,0.000058,0.000113,0.000192
630,,,,,,,,,,,,,,0.000005,0.000144,0.000143,0.000116,0.000140,0.000180,0.000193,0.000176,0.000145,0.000122,0.000149,0.000145,0.000134,0.000119,0.000149,0.000172,0.000170,0.000205,0.000315,0.000433,0.000442,0.000274,0.000181,0.000108,0.000020,0.000010,0.000040,0.000092,0.000099,0.000094,0.000107,0.000094,0.000097,0.000089,0.000088,0.000136,0.000195
631,,,,,,,,,,,,,,0.000013,0.000301,0.000259,0.000265,0.000202,0.000210,0.000217,0.000228,0.000174,0.000176,0.000190,0.000160,0.000131,0.000134,0.000134,0.000131,0.000108,0.000089,0.000091,0.000088,0.000099,0.000096,0.000080,0.000057,0.000014,0.000008,0.000028,0.000060,0.000073,0.000111,0.000152,0.000097,0.000090,0.000067,0.000095,0.000186,0.000286
632,,,,,,,,,,,,,,0.000003,0.000073,0.000088,0.000070,0.000075,0.000100,0.000123,0.000118,0.000112,0.000079,0.000071,0.000058,0.000058,0.000054,0.000063,0.000056,0.000048,0.000042,0.000043,0.000057,0.000054,0.000058,0.000067,0.000059,0.000043,0.000039,0.000066,0.000114,0.000113,0.000096,0.000082,0.000089,0.000078,0.000064,0.000061,0.000088,0.000090
633,,,,,,,,,,,,,,0.000011,0.000243,0.000242,0.000193,0.000276,0.000402,0.000516,0.000525,0.000451,0.000420,0.000429,0.000383,0.000293,0.000272,0.000267,0.000256,0.000194,0.000170,0.000166,0.000154,0.000154,0.000139,0.000190,0.000126,0.000020,0.000015,0.000059,0.000093,0.000104,0.000114,0.000108,0.000159,0.000209,0.000140,0.000218,0.000654,0.000581
634,,,,,,,,,,,,,,0.000016,0.000435,0.000416,0.000243,0.000232,0.000258,0.000236,0.000196,0.000180,0.000153,0.000166,0.000182,0.000178,0.000224,0.000207,0.000169,0.000142,0.000120,0.000125,0.000110,0.000119,0.000095,0.000101,0.000085,0.000032,0.000023,0.000058,0.000083,0.000115,0.000100,0.000060,0.000063,0.000106,0.000111,0.000085,0.000122,0.000238
635,,,,,,,,,,,,,,0.000007,0.000286,0.000315,0.000281,0.000355,0.000545,0.000646,0.000750,0.000707,0.000689,0.000871,0.000756,0.000578,0.000581,0.000475,0.000443,0.000323,0.000246,0.000203,0.000147,0.000132,0.000094,0.000073,0.000049,0.000013,0.000008,0.000043,0.000097,0.000091,0.000054,0.000053,0.000071,0.000045,0.000044,0.000047,0.000087,0.000130
636,,,,,,,,,,,,,,0.000016,0.000399,0.000382,0.000306,0.000290,0.000438,0.000386,0.000288,0.000226,0.000207,0.000239,0.000231,0.000218,0.000258,0.000265,0.000302,0.000280,0.000240,0.000216,0.000159,0.000140,0.000131,0.000085,0.000054,0.000014,0.000009,0.000042,0.000083,0.000071,0.000074,0.000094,0.000101,0.000103,0.000067,0.000055,0.000191,0.000296
637,,,,,,,,,,,,,,0.000009,0.000217,0.000178,0.000168,0.000170,0.000170,0.000186,0.000179,0.000135,0.000116,0.000117,0.000109,0.000090,0.000094,0.000102,0.000099,0.000095,0.000117,0.000150,0.000141,0.000128,0.000094,0.000064,0.000054,0.000025,0.000014,0.000040,0.000055,0.000045,0.000043,0.000068,0.000071,0.000082,0.000074,0.000194,0.000152,0.000163
638,,,,,,,,,,,,,,0.000013,0.000185,0.000154,0.000141,0.000161,0.000218,0.000252,0.000240,0.000264,0.000246,0.000373,0.000437,0.000408,0.000492,0.000452,0.000393,0.000288,0.000217,0.000176,0.000129,0.000104,0.000080,0.000066,0.000044,0.000011,0.000010,0.000086,0.000186,0.000361,0.000357,0.000329,0.000414,0.000465,0.000245,0.000212,0.000652,0.001029
639,,,,,,,,,,,,,,0.000024,0.000443,0.000409,0.000372,0.000355,0.000521,0.000591,0.000562,0.000519,0.000411,0.000464,0.000381,0.000270,0.000258,0.000212,0.000190,0.000158,0.000147,0.000168,0.000162,0.000156,0.000117,0.000144,0.000121,0.000024,0.000013,0.000121,0.000186,0.000195,0.000208,0.000276,0.000362,0.000410,0.000206,0.000170,0.000645,0.001066
640,,,,,,,,,,,,,,0.000007,0.000127,0.000118,0.000096,0.000097,0.000142,0.000134,0.000173,0.000163,0.000206,0.000161,0.000133,0.000097,0.000093,0.000079,0.000056,0.000044,0.000039,0.000056,0.000067,0.000085,0.000124,0.000158,0.000147,0.000066,0.000043,0.000165,0.000248,0.000234,0.000230,0.000232,0.000248,0.000273,0.000200,0.000185,0.000263,0.000402
641,,,,,,,,,,,,,,0.000009,0.000232,0.000206,0.000155,0.000157,0.000162,0.000166,0.000150,0.000126,0.000113,0.000113,0.000099,0.000086,0.000095,0.000079,0.000070,0.000067,0.000060,0.000047,0.000041,0.000050,0.000061,0.000072,0.000060,0.000031,0.000036,0.000113,0.000165,0.000139,0.000088,0.000086,0.000098,0.000074,0.000045,0.000036,0.000104,0.000089
642,,,,,,,,,,,,,,0.000008,0.000205,0.000214,0.000193,0.000209,0.000260,0.000329,0.000353,0.000363,0.000336,0.000485,0.000543,0.000526,0.000635,0.000634,0.000649,0.000512,0.000461,0.000416,0.000361,0.000347,0.000278,0.000270,0.000216,0.000045,0.000023,0.000086,0.000129,0.000115,0.000116,0.000118,0.000126,0.000128,0.000069,0.000063,0.000191,0.000331
643,,,,,,,,,,,,,,0.000022,0.000410,0.000331,0.000228,0.000207,0.000234,0.000221,0.000180,0.000157,0.000132,0.000145,0.000128,0.000107,0.000115,0.000119,0.000114,0.000092,0.000084,0.000074,0.000058,0.000050,0.000035,0.000033,0.000026,0.000014,0.000008,0.000032,0.000061,0.000076,0.000074,0.000069,0.000088,0.000104,0.000065,0.000088,0.000274,0.000630
644,,,,,,,,,,,,,,0.000005,0.000128,0.000115,0.000090,0.000097,0.000101,0.000124,0.000101,0.000091,0.000088,0.000097,0.000093,0.000086,0.000099,0.000101,0.000104,0.000096,0.000088,0.000104,0.000107,0.000147,0.000155,0.000198,0.000123,0.000030,0.000013,0.000046,0.000067,0.000100,0.000141,0.000144,0.000100,0.000081,0.000060,0.000079,0.000107,0.000133
645,,,,,,,,,,,,,,0.000005,0.000101,0.000066,0.000064,0.000061,0.000081,0.000143,0.000257,0.000316,0.000318,0.000429,0.000429,0.000365,0.000439,0.000377,0.000352,0.000274,0.000230,0.000174,0.000139,0.000117,0.000089,0.000073,0.000054,0.000020,0.000015,0.000060,0.000116,0.000108,0.000101,0.000125,0.000140,0.000106,0.000079,0.000049,0.000099,0.000126
646,,,,,,,,,,,,,,0.000005,0.000250,0.000340,0.000395,0.000470,0.000548,0.000571,0.000463,0.000290,0.000210,0.000226,0.000195,0.000142,0.000176,0.000198,0.000247,0.000248,0.000248,0.000233,0.000192,0.000186,0.000112,0.000106,0.000064,0.000024,0.000016,0.000056,0.000084,0.000076,0.000079,0.000081,0.000072,0.000063,0.000047,0.000052,0.000103,0.000147
647,,,,,,,,,,,,,,0.000006,0.000102,0.000072,0.000097,0.000110,0.000138,0.000132,0.000109,0.000082,0.000083,0.000101,0.000100,0.000087,0.000100,0.000103,0.000122,0.000121,0.000176,0.000185,0.000169,0.000156,0.000124,0.000101,0.000075,0.000030,0.000016,0.000099,0.000176,0.000197,0.000223,0.000250,0.000368,0.000290,0.000148,0.000142,0.000305,0.000449
648,,,,,,,,,,,,,,0.000005,0.000128,0.000100,0.000090,0.000093,0.000114,0.000146,0.000130,0.000103,0.000097,0.000111,0.000117,0.000126,0.000118,0.000109,0.000118,0.000094,0.000080,0.000079,0.000087,0.000107,0.000069,0.000044,0.000031,0.000018,0.000020,0.000058,0.000081,0.000070,0.000075,0.000106,0.000085,0.000069,0.000054,0.000062,0.000091,0.000172
649,,,,,,,,,,,,,,0.000003,0.000079,0.000079,0.000081,0.000106,0.000148,0.000190,0.000186,0.000174,0.000163,0.000208,0.000189,0.000157,0.000165,0.000162,0.000162,0.000135,0.000130,0.000142,0.000134,0.000137,0.000133,0.000121,0.000099,0.000024,0.000013,0.000110,0.000210,0.000214,0.000172,0.000153,0.000124,0.000110,0.000048,0.000037,0.000117,0.000161
650,,,,,,,,,,,,,,0.000009,0.000210,0.000162,0.000106,0.000095,0.000131,0.000141,0.000155,0.000156,0.000150,0.000124,0.000115,0.000097,0.000085,0.000078,0.000071,0.000059,0.000066,0.000066,0.000049,0.000055,0.000059,0.000053,0.000051,0.000046,0.000033,0.000094,0.000171,0.000179,0.000117,0.000123,0.000116,0.000104,0.000116,0.000093,0.000154,0.000165
651,,,,,,,,,,,,,,0.000006,0.000146,0.000138,0.000116,0.000126,0.000117,0.000101,0.000101,0.000127,0.000140,0.000137,0.000111,0.000147,0.000114,0.000109,0.000070,0.000064,0.000052,0.000042,0.000029,0.000031,0.000052,0.000105,0.000153,0.000089,0.000070,0.000195,0.000306,0.000331,0.000271,0.000321,0.000402,0.000345,0.000200,0.000171,0.000362,0.000518
652,,,,,,,,,,,,,,0.000012,0.000396,0.000399,0.000311,0.000261,0.000264,0.000254,0.000230,0.000192,0.000176,0.000182,0.000157,0.000118,0.000121,0.000146,0.000178,0.000167,0.000106,0.000087,0.000070,0.000062,0.000094,0.000103,0.000108,0.000033,0.000013,0.000054,0.000076,0.000079,0.000076,0.000087,0.000132,0.000129,0.000082,0.000094,0.000156,0.000219
653,,,,,,,,,,,,,,0.000004,0.000264,0.000405,0.000128,0.000131,0.000139,0.000130,0.000109,0.000068,0.000085,0.000074,0.000075,0.000097,0.000149,0.000158,0.000180,0.000151,0.000132,0.000128,0.000116,0.000102,0.000094,0.000077,0.000058,0.000021,0.000018,0.000042,0.000059,0.000058,0.000062,0.000056,0.000045,0.000041,0.000045,0.000061,0.000085,0.000117
654,,,,,,,,,,,,,,0.000009,0.000262,0.000254,0.000238,0.000252,0.000295,0.000315,0.000271,0.000219,0.000182,0.000177,0.000152,0.000137,0.000109,0.000080,0.000068,0.000071,0.000056,0.000048,0.000054,0.000047,0.000048,0.000052,0.000045,0.000030,0.000020,0.000048,0.000053,0.000066,0.000090,0.000121,0.000135,0.000115,0.000079,0.000093,0.000618,0.000190
655,,,,,,,,,,,,,,0.000003,0.000076,0.000048,0.000038,0.000057,0.000085,0.000083,0.000116,0.000132,0.000175,0.000268,0.000330,0.000400,0.000496,0.000521,0.000589,0.000501,0.000466,0.000448,0.000359,0.000261,0.000212,0.000137,0.000085,0.000040,0.000027,0.000057,0.000087,0.000081,0.000074,0.000088,0.000097,0.000089,0.000109,0.000104,0.000108,0.000107
656,,,,,,,,,,,,,,0.000006,0.000170,0.000158,0.000144,0.000157,0.000226,0.000312,0.000311,0.000268,0.000217,0.000300,0.000309,0.000283,0.000369,0.000405,0.000462,0.000457,0.000473,0.000534,0.000496,0.000416,0.000266,0.000218,0.000139,0.000032,0.000015,0.000069,0.000179,0.000197,0.000120,0.000102,0.000083,0.000050,0.000023,0.000029,0.000037,0.000060
657,,,,,,,,,,,,,,0.000006,0.000115,0.000130,0.000110,0.000177,0.000307,0.000293,0.000262,0.000196,0.000156,0.000187,0.000157,0.000115,0.000136,0.000141,0.000123,0.000099,0.000097,0.000119,0.000127,0.000141,0.000178,0.000180,0.000134,0.000047,0.000019,0.000124,0.000218,0.000197,0.000145,0.000136,0.000141,0.000147,0.000082,0.000060,0.000156,0.000218
658,,,,,,,,,,,,,,0.000027,0.000616,0.000561,0.000420,0.000408,0.000452,0.000481,0.000460,0.000418,0.000380,0.000501,0.000468,0.000394,0.000413,0.000367,0.000344,0.000262,0.000220,0.000196,0.000160,0.000146,0.000100,0.000081,0.000046,0.000011,0.000009,0.000114,0.000211,0.000177,0.000149,0.000170,0.000128,0.000195,0.000109,0.000150,0.000158,0.000265
659,,,,,,,,,,,,,,0.000006,0.000155,0.000144,0.000112,0.000106,0.000123,0.000127,0.000131,0.000110,0.000103,0.000103,0.000096,0.000091,0.000077,0.000069,0.000070,0.000056,0.000054,0.000048,0.000042,0.000059,0.000067,0.000092,0.000090,0.000045,0.000035,0.000170,0.000214,0.000199,0.000166,0.000134,0.000139,0.000112,0.000087,0.000088,0.000137,0.000181
660,,,,,,,,,,,,,,0.000018,0.000386,0.000324,0.000232,0.000223,0.000251,0.000251,0.000234,0.000206,0.000165,0.000199,0.000187,0.000164,0.000182,0.000194,0.000189,0.000152,0.000132,0.000116,0.000097,0.000090,0.000065,0.000048,0.000019,0.000012,0.000010,0.000050,0.000176,0.000237,0.000312,0.000390,0.000497,0.000515,0.000261,0.000231,0.000698,0.001153
661,,,,,,,,,,,,,,0.000009,0.000272,0.000277,0.000239,0.000342,0.000519,0.000737,0.000724,0.000653,0.000507,0.000617,0.000469,0.000380,0.000292,0.000224,0.000205,0.000187,0.000205,0.000150,0.000118,0.000105,0.000100,0.000096,0.000074,0.000029,0.000017,0.000054,0.000057,0.000060,0.000066,0.000080,0.000071,0.000088,0.000053,0.000044,0.000092,0.000139
662,,,,,,,,,,,,,,0.000018,0.000391,0.000314,0.000239,0.000242,0.000260,0.000259,0.000236,0.000155,0.000140,0.000147,0.000134,0.000149,0.000169,0.000245,0.000176,0.000187,0.000116,0.000105,0.000069,0.000061,0.000067,0.000072,0.000069,0.000050,0.000034,0.000073,0.000134,0.000186,0.000171,0.000117,0.000121,0.000089,0.000087,0.000074,0.000180,0.000278
663,,,,,,,,,,,,,,0.000028,0.000915,0.000917,0.000740,0.000745,0.000845,0.000857,0.000796,0.000685,0.000630,0.000704,0.000623,0.000488,0.000556,0.000498,0.000491,0.000375,0.000348,0.000348,0.000314,0.000282,0.000218,0.000184,0.000120,0.000020,0.000011,0.000076,0.000140,0.000155,0.000138,0.000135,0.000156,0.000147,0.000072,0.000112,0.000310,0.000560
664,,,,,,,,,,,,,,0.000012,0.000169,0.000119,0.000077,0.000080,0.000085,0.000096,0.000094,0.000052,0.000067,0.000061,0.000062,0.000046,0.000045,0.000052,0.000056,0.000058,0.000054,0.000056,0.000056,0.000059,0.000056,0.000049,0.000035,0.000019,0.000015,0.000059,0.000126,0.000127,0.000127,0.000128,0.000123,0.000114,0.000082,0.000135,0.000283,0.000448
665,,,,,,,,,,,,,,0.000004,0.000084,0.000062,0.000045,0.000047,0.000084,0.000090,0.000113,0.000101,0.000086,0.000111,0.000107,0.000099,0.000087,0.000097,0.000110,0.000121,0.000105,0.000129,0.000141,0.000143,0.000154,0.000198,0.000193,0.000081,0.000036,0.000078,0.000117,0.000117,0.000099,0.000105,0.000112,0.000087,0.000044,0.000043,0.000138,0.000221
666,,,,,,,,,,,,,,0.000005,0.000122,0.000109,0.000091,0.000095,0.000111,0.000153,0.000173,0.000215,0.000211,0.000307,0.000308,0.000299,0.000297,0.000283,0.000262,0.000243,0.000197,0.000189,0.000134,0.000099,0.000065,0.000062,0.000045,0.000013,0.000008,0.000055,0.000188,0.000232,0.000202,0.000179,0.000202,0.000190,0.000150,0.000124,0.000108,0.000174
667,,,,,,,,,,,,,,0.000007,0.000120,0.000113,0.000083,0.000072,0.000094,0.000110,0.000111,0.000107,0.000080,0.000078,0.000077,0.000136,0.000167,0.000124,0.000131,0.000127,0.000097,0.000101,0.000117,0.000133,0.000151,0.000172,0.000189,0.000042,0.000026,0.000146,0.000274,0.000261,0.000231,0.000190,0.000172,0.000171,0.000096,0.000132,0.000209,0.000296
668,,,,,,,,,,,,,,0.000004,0.000091,0.000067,0.000065,0.000091,0.000154,0.000237,0.000303,0.000368,0.000457,0.000807,0.000806,0.000710,0.000783,0.000690,0.000564,0.000438,0.000297,0.000208,0.000158,0.000121,0.000076,0.000058,0.000044,0.000015,0.000012,0.000036,0.000073,0.000062,0.000074,0.000054,0.000064,0.000065,0.000066,0.000058,0.000071,0.000102
669,,,,,,,,,,,,,,0.000009,0.000255,0.000248,0.000202,0.000194,0.000210,0.000209,0.000181,0.000153,0.000123,0.000152,0.000140,0.000115,0.000113,0.000098,0.000090,0.000067,0.000064,0.000065,0.000054,0.000054,0.000042,0.000041,0.000026,0.000009,0.000007,0.000040,0.000070,0.000071,0.000065,0.000072,0.000067,0.000053,0.000030,0.000030,0.000079,0.000123
670,,,,,,,,,,,,,,0.000011,0.000277,0.000267,0.000177,0.000218,0.000275,0.000394,0.000439,0.000419,0.000333,0.000470,0.000403,0.000323,0.000324,0.000274,0.000232,0.000160,0.000101,0.000083,0.000063,0.000058,0.000060,0.000062,0.000060,0.000025,0.000024,0.000147,0.000325,0.000309,0.000214,0.000244,0.000210,0.000219,0.000110,0.000092,0.000230,0.000309
671,,,,,,,,,,,,,,0.000003,0.000083,0.000081,0.000085,0.000077,0.000092,0.000120,0.000130,0.000151,0.000158,0.000208,0.000230,0.000219,0.000272,0.000199,0.000191,0.000140,0.000090,0.000074,0.000063,0.000046,0.000033,0.000038,0.000025,0.000009,0.000006,0.000028,0.000068,0.000111,0.000129,0.000105,0.000095,0.000129,0.000142,0.000076,0.000124,0.000155
672,,,,,,,,,,,,,,0.000026,0.000635,0.000645,0.000643,0.000700,0.000734,0.000736,0.000526,0.000426,0.000347,0.000394,0.000328,0.000258,0.000274,0.000242,0.000216,0.000153,0.000132,0.000123,0.000115,0.000115,0.000092,0.000078,0.000052,0.000009,0.000005,0.000037,0.000084,0.000081,0.000073,0.000073,0.000072,0.000068,0.000029,0.000031,0.000112,0.000213
673,,,,,,,,,,,,,,0.000008,0.000172,0.000166,0.000154,0.000127,0.000120,0.000141,0.000147,0.000113,0.000091,0.000113,0.000087,0.000077,0.000086,0.000083,0.000092,0.000077,0.000077,0.000070,0.000057,0.000077,0.000085,0.000098,0.000084,0.000018,0.000014,0.000062,0.000128,0.000130,0.000135,0.000122,0.000138,0.000108,0.000049,0.000032,0.000082,0.000095
674,,,,,,,,,,,,,,0.000006,0.000154,0.000155,0.000102,0.000111,0.000118,0.000131,0.000098,0.000084,0.000073,0.000084,0.000089,0.000115,0.000152,0.000205,0.000260,0.000256,0.000210,0.000224,0.000148,0.000147,0.000095,0.000084,0.000055,0.000015,0.000008,0.000031,0.000049,0.000043,0.000054,0.000059,0.000065,0.000065,0.000025,0.000035,0.000089,0.000137
675,,,,,,,,,,,,,,0.000004,0.000144,0.000127,0.000114,0.000112,0.000141,0.000179,0.000163,0.000167,0.000105,0.000121,0.000111,0.000096,0.000136,0.000149,0.000153,0.000121,0.000119,0.000120,0.000094,0.000093,0.000091,0.000107,0.000121,0.000065,0.000053,0.000130,0.000126,0.000099,0.000061,0.000066,0.000064,0.000065,0.000038,0.000025,0.000054,0.000092
676,,,,,,,,,,,,,,0.000011,0.000349,0.000427,0.000496,0.000614,0.000751,0.000745,0.000617,0.000463,0.000376,0.000466,0.000365,0.000259,0.000301,0.000259,0.000301,0.000276,0.000298,0.000343,0.000372,0.000392,0.000249,0.000188,0.000103,0.000029,0.000025,0.000169,0.000274,0.000248,0.000201,0.000167,0.000176,0.000193,0.000104,0.000093,0.000306,0.000450
677,,,,,,,,,,,,,,0.000009,0.000255,0.000220,0.000154,0.000110,0.000135,0.000127,0.000137,0.000122,0.000112,0.000118,0.000113,0.000095,0.000100,0.000099,0.000086,0.000081,0.000080,0.000093,0.000100,0.000104,0.000121,0.000150,0.000137,0.000030,0.000018,0.000072,0.000158,0.000143,0.000150,0.000135,0.000170,0.000151,0.000142,0.000110,0.000201,0.000302
678,,,,,,,,,,,,,,0.000004,0.000110,0.000116,0.000084,0.000093,0.000103,0.000168,0.000188,0.000310,0.000213,0.000199,0.000159,0.000122,0.000125,0.000120,0.000104,0.000096,0.000085,0.000098,0.000083,0.000091,0.000083,0.000071,0.000052,0.000018,0.000010,0.000062,0.000126,0.000142,0.000126,0.000129,0.000139,0.000158,0.000064,0.000061,0.000131,0.000170
679,,,,,,,,,,,,,,0.000006,0.000180,0.000219,0.000202,0.000207,0.000227,0.000269,0.000267,0.000203,0.000153,0.000170,0.000137,0.000119,0.000120,0.000101,0.000099,0.000087,0.000069,0.000055,0.000044,0.000041,0.000043,0.000041,0.000044,0.000032,0.000022,0.000050,0.000092,0.000124,0.000114,0.000081,0.000090,0.000078,0.000058,0.000042,0.000057,0.000071
680,,,,,,,,,,,,,,0.000019,0.000378,0.000363,0.000249,0.000279,0.000389,0.000438,0.000347,0.000355,0.000317,0.000431,0.000409,0.000331,0.000336,0.000294,0.000277,0.000211,0.000208,0.000211,0.000170,0.000149,0.000118,0.000106,0.000080,0.000014,0.000009,0.000066,0.000140,0.000130,0.000120,0.000100,0.000109,0.000131,0.000067,0.000040,0.000130,0.000232
681,,,,,,,,,,,,,,0.000009,0.000203,0.000186,0.000126,0.000092,0.000087,0.000157,0.000233,0.000401,0.000398,0.000409,0.000417,0.000512,0.000482,0.000371,0.000317,0.000227,0.000203,0.000217,0.000236,0.000277,0.000252,0.000243,0.000163,0.000048,0.000030,0.000097,0.000165,0.000149,0.000117,0.000080,0.000070,0.000082,0.000052,0.000036,0.000040,0.000028
682,,,,,,,,,,,,,,0.000038,0.000636,0.000495,0.000306,0.000260,0.000307,0.000286,0.000224,0.000188,0.000176,0.000142,0.000127,0.000138,0.000091,0.000075,0.000058,0.000061,0.000049,0.000035,0.000032,0.000046,0.000054,0.000039,0.000040,0.000032,0.000022,0.000045,0.000060,0.000064,0.000043,0.000055,0.000055,0.000058,0.000062,0.000063,0.000130,0.000342
683,,,,,,,,,,,,,,0.000004,0.000106,0.000137,0.000134,0.000188,0.000330,0.000409,0.000339,0.000281,0.000231,0.000255,0.000241,0.000207,0.000216,0.000232,0.000172,0.000135,0.000112,0.000101,0.000075,0.000084,0.000111,0.000169,0.000197,0.000074,0.000033,0.000083,0.000147,0.000135,0.000132,0.000120,0.000103,0.000106,0.000075,0.000074,0.000125,0.000154
684,,,,,,,,,,,,,,0.000006,0.000182,0.000169,0.000114,0.000130,0.000152,0.000219,0.000206,0.000190,0.000167,0.000211,0.000197,0.000245,0.000273,0.000340,0.000314,0.000284,0.000338,0.000435,0.000488,0.000416,0.000231,0.000150,0.000085,0.000025,0.000016,0.000048,0.000108,0.000106,0.000056,0.000054,0.000087,0.000087,0.000050,0.000050,0.000075,0.000074
685,,,,,,,,,,,,,,0.000005,0.000129,0.000119,0.000078,0.000078,0.000103,0.000117,0.000159,0.000149,0.000146,0.000179,0.000175,0.000166,0.000136,0.000118,0.000083,0.000083,0.000097,0.000091,0.000104,0.000116,0.000103,0.000111,0.000123,0.000053,0.000036,0.000068,0.000075,0.000065,0.000070,0.000071,0.000076,0.000094,0.000069,0.000063,0.000068,0.000103
686,,,,,,,,,,,,,,0.000007,0.000151,0.000148,0.000112,0.000146,0.000248,0.000325,0.000353,0.000319,0.000238,0.000288,0.000252,0.000228,0.000197,0.000194,0.000178,0.000152,0.000135,0.000129,0.000104,0.000102,0.000092,0.000080,0.000066,0.000032,0.000013,0.000142,0.000131,0.000103,0.000120,0.000112,0.000147,0.000142,0.000096,0.000085,0.000164,0.000268
687,,,,,,,,,,,,,,0.000007,0.000180,0.000166,0.000140,0.000149,0.000159,0.000176,0.000178,0.000148,0.000151,0.000137,0.000149,0.000126,0.000124,0.000130,0.000135,0.000127,0.000133,0.000135,0.000124,0.000134,0.000113,0.000115,0.000090,0.000026,0.000013,0.000037,0.000070,0.000078,0.000086,0.000087,0.000085,0.000075,0.000052,0.000019,0.000015,0.000019
688,,,,,,,,,,,,,,0.000007,0.000182,0.000182,0.000172,0.000162,0.000158,0.000171,0.000154,0.000135,0.000112,0.000166,0.000162,0.000178,0.000148,0.000165,0.000209,0.000211,0.000323,0.000287,0.000229,0.000209,0.000155,0.000149,0.000124,0.000042,0.000024,0.000097,0.000206,0.000216,0.000213,0.000197,0.000178,0.000138,0.000090,0.000056,0.000101,0.000153
689,,,,,,,,,,,,,,0.000006,0.000156,0.000132,0.000117,0.000113,0.000095,0.000103,0.000108,0.000106,0.000109,0.000077,0.000063,0.000091,0.000084,0.000080,0.000068,0.000058,0.000076,0.000092,0.000103,0.000148,0.000159,0.000205,0.000213,0.000075,0.000039,0.000074,0.000120,0.000112,0.000089,0.000082,0.000075,0.000078,0.000061,0.000064,0.000083,0.000092
690,,,,,,,,,,,,,,0.000008,0.000187,0.000221,0.000165,0.000170,0.000194,0.000216,0.000240,0.000191,0.000175,0.000179,0.000134,0.000119,0.000119,0.000117,0.000127,0.000129,0.000123,0.000127,0.000093,0.000096,0.000075,0.000052,0.000034,0.000024,0.000017,0.000061,0.000084,0.000088,0.000089,0.000076,0.000081,0.000063,0.000059,0.000045,0.000095,0.000180
691,,,,,,,,,,,,,,0.000005,0.000138,0.000134,0.000079,0.000074,0.000076,0.000110,0.000117,0.000118,0.000091,0.000124,0.000118,0.000167,0.000126,0.000127,0.000071,0.000061,0.000044,0.000043,0.000042,0.000032,0.000043,0.000034,0.000027,0.000019,0.000022,0.000133,0.000143,0.000180,0.000204,0.000205,0.000201,0.000151,0.000113,0.000120,0.000134,0.000176
692,,,,,,,,,,,,,,0.000006,0.000221,0.000253,0.000195,0.000209,0.000208,0.000215,0.000194,0.000171,0.000164,0.000175,0.000156,0.000137,0.000141,0.000140,0.000127,0.000100,0.000091,0.000090,0.000087,0.000104,0.000075,0.000068,0.000057,0.000023,0.000015,0.000053,0.000071,0.000068,0.000059,0.000067,0.000054,0.000061,0.000060,0.000049,0.000080,0.000130
693,,,,,,,,,,,,,,0.000006,0.000233,0.000224,0.000204,0.000245,0.000308,0.000378,0.000392,0.000379,0.000361,0.000519,0.000477,0.000401,0.000424,0.000364,0.000320,0.000233,0.000186,0.000173,0.000131,0.000112,0.000081,0.000063,0.000041,0.000010,0.000006,0.000024,0.000069,0.000063,0.000044,0.000045,0.000042,0.000026,0.000017,0.000026,0.000060,0.000112
694,,,,,,,,,,,,,,0.000004,0.000099,0.000094,0.000082,0.000077,0.000165,0.000416,0.000372,0.000471,0.000236,0.000202,0.000202,0.000414,0.000250,0.000276,0.000195,0.000194,0.000178,0.000215,0.000246,0.000293,0.000312,0.000295,0.000223,0.000069,0.000036,0.000114,0.000121,0.000113,0.000103,0.000107,0.000096,0.000098,0.000061,0.000071,0.000121,0.000166
695,,,,,,,,,,,,,,0.000006,0.000119,0.000138,0.000140,0.000227,0.000317,0.000352,0.000332,0.000276,0.000258,0.000333,0.000306,0.000307,0.000305,0.000250,0.000240,0.000181,0.000152,0.000142,0.000137,0.000126,0.000095,0.000090,0.000067,0.000017,0.000010,0.000048,0.000106,0.000128,0.000129,0.000133,0.000126,0.000114,0.000067,0.000052,0.000148,0.000234
696,,,,,,,,,,,,,,0.000007,0.000179,0.000167,0.000138,0.000120,0.000115,0.000095,0.000117,0.000106,0.000097,0.000099,0.000085,0.000084,0.000082,0.000084,0.000049,0.000015,0.000034,0.000037,0.000060,0.000100,0.000115,0.000122,0.000091,0.000035,0.000023,0.000149,0.000390,0.000414,0.000369,0.000319,0.000269,0.000202,0.000092,0.000057,0.000143,0.000211
697,,,,,,,,,,,,,,0.000003,0.000047,0.000065,0.000073,0.000190,0.000233,0.000275,0.000279,0.000286,0.000217,0.000203,0.000178,0.000237,0.000173,0.000171,0.000179,0.000162,0.000166,0.000180,0.000183,0.000242,0.000262,0.000323,0.000286,0.000085,0.000058,0.000178,0.000179,0.000120,0.000094,0.000081,0.000074,0.000077,0.000045,0.000043,0.000098,0.000167
698,,,,,,,,,,,,,,0.000006,0.000203,0.000185,0.000166,0.000134,0.000167,0.000158,0.000133,0.000098,0.000088,0.000085,0.000078,0.000060,0.000064,0.000103,0.000095,0.000069,0.000085,0.000067,0.000055,0.000050,0.000058,0.000057,0.000050,0.000036,0.000024,0.000061,0.000081,0.000066,0.000056,0.000056,0.000053,0.000047,0.000054,0.000064,0.000088,0.000120
699,,,,,,,,,,,,,,0.000007,0.000134,0.000142,0.000113,0.000112,0.000131,0.000166,0.000160,0.000163,0.000227,0.000233,0.000204,0.000238,0.000180,0.000194,0.000135,0.000137,0.000118,0.000144,0.000144,0.000134,0.000088,0.000062,0.000049,0.000025,0.000013,0.000065,0.000215,0.000298,0.000325,0.000344,0.000391,0.000389,0.000223,0.000107,0.000135,0.000165
700,,,,,,,,,,,,,,0.000004,0.000101,0.000112,0.000086,0.000095,0.000118,0.000125,0.000121,0.000108,0.000103,0.000129,0.000117,0.000099,0.000112,0.000105,0.000089,0.000069,0.000078,0.000075,0.000072,0.000080,0.000100,0.000149,0.000205,0.000046,0.000016,0.000083,0.000256,0.000330,0.000318,0.000330,0.000296,0.000218,0.000108,0.000084,0.000139,0.000160
701,,,,,,,,,,,,,,0.000005,0.000111,0.000086,0.000074,0.000076,0.000075,0.000085,0.000079,0.000075,0.000087,0.000096,0.000099,0.000089,0.000092,0.000084,0.000089,0.000074,0.000068,0.000076,0.000084,0.000084,0.000081,0.000077,0.000056,0.000027,0.000018,0.000090,0.000162,0.000152,0.000121,0.000129,0.000114,0.000093,0.000063,0.000074,0.000093,0.000157
702,,,,,,,,,,,,,,0.000007,0.000195,0.000320,0.000161,0.000226,0.000261,0.000269,0.000248,0.000173,0.000145,0.000156,0.000148,0.000122,0.000133,0.000117,0.000110,0.000082,0.000069,0.000064,0.000063,0.000066,0.000058,0.000047,0.000040,0.000024,0.000017,0.000039,0.000064,0.000075,0.000110,0.000122,0.000157,0.000153,0.000093,0.000067,0.000088,0.000114
703,,,,,,,,,,,,,,0.000004,0.000156,0.000164,0.000150,0.000148,0.000213,0.000286,0.000440,0.000421,0.000356,0.000406,0.000370,0.000329,0.000279,0.000223,0.000199,0.000151,0.000115,0.000106,0.000093,0.000080,0.000058,0.000056,0.000048,0.000016,0.000012,0.000057,0.000099,0.000116,0.000119,0.000127,0.000133,0.000135,0.000090,0.000093,0.000096,0.000119
704,,,,,,,,,,,,,,0.000007,0.000181,0.000178,0.000189,0.000151,0.000155,0.000163,0.000156,0.000135,0.000133,0.000162,0.000160,0.000165,0.000165,0.000162,0.000153,0.000121,0.000121,0.000120,0.000115,0.000105,0.000092,0.000091,0.000065,0.000013,0.000009,0.000076,0.000190,0.000225,0.000200,0.000205,0.000243,0.000199,0.000112,0.000104,0.000146,0.000231
705,,,,,,,,,,,,,,0.000005,0.000190,0.000195,0.000113,0.000119,0.000118,0.000112,0.000098,0.000091,0.000079,0.000087,0.000075,0.000064,0.000059,0.000061,0.000058,0.000045,0.000043,0.000045,0.000050,0.000048,0.000050,0.000061,0.000065,0.000026,0.000018,0.000048,0.000063,0.000062,0.000050,0.000120,0.000132,0.000157,0.000140,0.000140,0.000244,0.000114
706,,,,,,,,,,,,,,0.000009,0.000325,0.000371,0.000237,0.000211,0.000206,0.000206,0.000211,0.000188,0.000148,0.000168,0.000133,0.000114,0.000122,0.000109,0.000106,0.000096,0.000085,0.000107,0.000119,0.000121,0.000144,0.000114,0.000101,0.000037,0.000033,0.000135,0.000271,0.000314,0.000234,0.000206,0.000180,0.000195,0.000157,0.000152,0.000160,0.000265
707,,,,,,,,,,,,,,0.000018,0.000364,0.000315,0.000216,0.000197,0.000225,0.000275,0.000299,0.000314,0.000287,0.000393,0.000408,0.000535,0.000418,0.000469,0.000364,0.000263,0.000193,0.000146,0.000088,0.000084,0.000079,0.000065,0.000043,0.000012,0.000016,0.000076,0.000124,0.000131,0.000126,0.000164,0.000223,0.000203,0.000101,0.000081,0.000242,0.000425
708,,,,,,,,,,,,,,0.000013,0.000330,0.000344,0.000225,0.000166,0.000167,0.000190,0.000159,0.000122,0.000090,0.000114,0.000101,0.000114,0.000118,0.000115,0.000106,0.000083,0.000063,0.000057,0.000051,0.000041,0.000038,0.000040,0.000036,0.000022,0.000017,0.000067,0.000121,0.000122,0.000112,0.000103,0.000092,0.000087,0.000043,0.000037,0.000035,0.000045
709,,,,,,,,,,,,,,0.000013,0.000312,0.000379,0.000443,0.000468,0.000572,0.000647,0.000591,0.000549,0.000472,0.000654,0.000591,0.000462,0.000459,0.000382,0.000338,0.000248,0.000218,0.000193,0.000147,0.000129,0.000083,0.000073,0.000037,0.000009,0.000008,0.000042,0.000102,0.000115,0.000125,0.000153,0.000197,0.000263,0.000192,0.000157,0.000470,0.000815
710,,,,,,,,,,,,,,0.000004,0.000304,0.000210,0.000091,0.000089,0.000081,0.000096,0.000097,0.000081,0.000086,0.000076,0.000076,0.000075,0.000080,0.000064,0.000054,0.000049,0.000047,0.000071,0.000113,0.000181,0.000223,0.000186,0.000113,0.000042,0.000039,0.000131,0.000153,0.000124,0.000144,0.000119,0.000117,0.000114,0.000076,0.000066,0.000100,0.000138
711,,,,,,,,,,,,,,0.000015,0.000318,0.000296,0.000241,0.000234,0.000275,0.000290,0.000331,0.000318,0.000260,0.000305,0.000268,0.000206,0.000225,0.000217,0.000207,0.000182,0.000144,0.000119,0.000077,0.000068,0.000075,0.000100,0.000100,0.000031,0.000023,0.000145,0.000432,0.000594,0.000695,0.000693,0.000662,0.000508,0.000222,0.000173,0.000349,0.000514
712,,,,,,,,,,,,,,0.000009,0.000390,0.000372,0.000298,0.000307,0.000312,0.000347,0.000309,0.000283,0.000250,0.000302,0.000313,0.000287,0.000334,0.000327,0.000329,0.000265,0.000275,0.000269,0.000226,0.000195,0.000127,0.000094,0.000075,0.000018,0.000008,0.000056,0.000112,0.000107,0.000111,0.000097,0.000113,0.000096,0.000041,0.000024,0.000054,0.000066
713,,,,,,,,,,,,,,0.000004,0.000127,0.000135,0.000100,0.000102,0.000134,0.000149,0.000144,0.000139,0.000113,0.000184,0.000209,0.000198,0.000264,0.000259,0.000240,0.000169,0.000134,0.000104,0.000094,0.000108,0.000134,0.000150,0.000133,0.000051,0.000015,0.000055,0.000101,0.000099,0.000088,0.000083,0.000069,0.000065,0.000035,0.000032,0.000070,0.000113
714,,,,,,,,,,,,,,0.000015,0.000397,0.000398,0.000354,0.000384,0.000432,0.000519,0.000575,0.000603,0.000569,0.000581,0.000475,0.000390,0.000419,0.000311,0.000314,0.000240,0.000200,0.000202,0.000166,0.000126,0.000086,0.000070,0.000050,0.000017,0.000009,0.000047,0.000110,0.000111,0.000131,0.000151,0.000177,0.000188,0.000091,0.000056,0.000072,0.000153
715,,,,,,,,,,,,,,0.000007,0.000132,0.000135,0.000111,0.000114,0.000138,0.000142,0.000145,0.000117,0.000075,0.000077,0.000053,0.000049,0.000053,0.000062,0.000052,0.000045,0.000063,0.000061,0.000063,0.000060,0.000061,0.000053,0.000046,0.000023,0.000015,0.000079,0.000162,0.000177,0.000216,0.000252,0.000234,0.000252,0.000207,0.000082,0.000187,0.000313
716,,,,,,,,,,,,,,0.000005,0.000099,0.000093,0.000086,0.000093,0.000145,0.000233,0.000304,0.000401,0.000476,0.000768,0.000877,0.000809,0.000949,0.000765,0.000687,0.000458,0.000357,0.000265,0.000184,0.000143,0.000097,0.000073,0.000050,0.000016,0.000012,0.000048,0.000088,0.000109,0.000074,0.000081,0.000096,0.000084,0.000042,0.000044,0.000122,0.000186
717,,,,,,,,,,,,,,0.000003,0.000094,0.000090,0.000082,0.000078,0.000105,0.000116,0.000109,0.000098,0.000081,0.000092,0.000085,0.000084,0.000085,0.000084,0.000083,0.000069,0.000067,0.000077,0.000070,0.000072,0.000055,0.000063,0.000100,0.000035,0.000021,0.000053,0.000109,0.000086,0.000086,0.000094,0.000077,0.000056,0.000043,0.000027,0.000063,0.000114
718,,,,,,,,,,,,,,0.000005,0.000121,0.000155,0.000101,0.000124,0.000149,0.000169,0.000181,0.000202,0.000196,0.000202,0.000196,0.000198,0.000351,0.000376,0.000516,0.000573,0.000646,0.000755,0.000779,0.000716,0.000555,0.000375,0.000200,0.000036,0.000016,0.000066,0.000122,0.000117,0.000096,0.000074,0.000071,0.000064,0.000050,0.000040,0.000089,0.000150
719,,,,,,,,,,,,,,0.000019,0.000344,0.000283,0.000235,0.000203,0.000217,0.000209,0.000180,0.000160,0.000125,0.000154,0.000138,0.000109,0.000134,0.000151,0.000153,0.000132,0.000131,0.000127,0.000114,0.000117,0.000090,0.000095,0.000060,0.000011,0.000007,0.000037,0.000092,0.000096,0.000103,0.000116,0.000136,0.000142,0.000104,0.000098,0.000345,0.000707
720,,,,,,,,,,,,,,0.000008,0.000134,0.000160,0.000215,0.000173,0.000190,0.000197,0.000178,0.000174,0.000153,0.000193,0.000213,0.000278,0.000261,0.000281,0.000250,0.000226,0.000197,0.000196,0.000152,0.000146,0.000127,0.000100,0.000066,0.000014,0.000011,0.000062,0.000128,0.000103,0.000130,0.000209,0.000229,0.000256,0.000120,0.000109,0.000346,0.000509
721,,,,,,,,,,,,,,0.000007,0.000178,0.000189,0.000151,0.000134,0.000161,0.000175,0.000152,0.000162,0.000097,0.000102,0.000087,0.000078,0.000066,0.000043,0.000047,0.000045,0.000042,0.000058,0.000065,0.000072,0.000065,0.000075,0.000076,0.000025,0.000017,0.000104,0.000232,0.000229,0.000218,0.000182,0.000162,0.000109,0.000074,0.000048,0.000106,0.000172
722,,,,,,,,,,,,,,0.000003,0.000079,0.000069,0.000062,0.000064,0.000076,0.000086,0.000073,0.000065,0.000071,0.000067,0.000060,0.000053,0.000051,0.000056,0.000053,0.000049,0.000049,0.000056,0.000055,0.000059,0.000062,0.000060,0.000069,0.000039,0.000033,0.000067,0.000107,0.000115,0.000102,0.000101,0.000114,0.000111,0.000091,0.000066,0.000096,0.000122
723,,,,,,,,,,,,,,0.000011,0.000247,0.000262,0.000162,0.000157,0.000170,0.000183,0.000186,0.000150,0.000127,0.000139,0.000123,0.000107,0.000112,0.000120,0.000118,0.000103,0.000108,0.000108,0.000103,0.000112,0.000118,0.000145,0.000110,0.000037,0.000010,0.000046,0.000078,0.000075,0.000075,0.000079,0.000081,0.000071,0.000037,0.000024,0.000037,0.000067
724,,,,,,,,,,,,,,0.000011,0.000157,0.000133,0.000120,0.000112,0.000139,0.000149,0.000146,0.000123,0.000113,0.000165,0.000187,0.000237,0.000309,0.000459,0.000501,0.000543,0.000539,0.000631,0.000554,0.000439,0.000280,0.000172,0.000094,0.000014,0.000008,0.000056,0.000157,0.000120,0.000089,0.000090,0.000127,0.000174,0.000107,0.000126,0.000475,0.000910
725,,,,,,,,,,,,,,0.000003,0.000080,0.000077,0.000086,0.000105,0.000218,0.000332,0.000345,0.000288,0.000207,0.000235,0.000236,0.000249,0.000191,0.000195,0.000161,0.000147,0.000160,0.000206,0.000201,0.000180,0.000150,0.000151,0.000141,0.000052,0.000018,0.000127,0.000308,0.000313,0.000231,0.000277,0.000326,0.000329,0.000159,0.000138,0.000313,0.000211
726,,,,,,,,,,,,,,0.000009,0.000195,0.000202,0.000194,0.000185,0.000199,0.000211,0.000157,0.000162,0.000167,0.000207,0.000210,0.000256,0.000237,0.000230,0.000226,0.000188,0.000159,0.000130,0.000097,0.000098,0.000112,0.000140,0.000144,0.000055,0.000043,0.000175,0.000255,0.000227,0.000210,0.000156,0.000119,0.000115,0.000062,0.000058,0.000095,0.000143
727,,,,,,,,,,,,,,0.000004,0.000143,0.000099,0.000077,0.000077,0.000070,0.000124,0.000102,0.000070,0.000044,0.000051,0.000050,0.000077,0.000066,0.000068,0.000072,0.000057,0.000057,0.000058,0.000040,0.000038,0.000037,0.000046,0.000049,0.000025,0.000023,0.000076,0.000107,0.000105,0.000134,0.000182,0.000161,0.000140,0.000147,0.000123,0.000154,0.000146
728,,,,,,,,,,,,,,0.000008,0.000174,0.000179,0.000132,0.000146,0.000187,0.000214,0.000208,0.000181,0.000173,0.000231,0.000178,0.000192,0.000170,0.000177,0.000144,0.000119,0.000099,0.000089,0.000063,0.000070,0.000074,0.000079,0.000065,0.000018,0.000010,0.000055,0.000156,0.000151,0.000155,0.000141,0.000128,0.000127,0.000101,0.000089,0.000261,0.000402
729,,,,,,,,,,,,,,0.000013,0.000290,0.000262,0.000209,0.000179,0.000197,0.000213,0.000175,0.000178,0.000129,0.000148,0.000131,0.000105,0.000116,0.000102,0.000095,0.000085,0.000083,0.000101,0.000097,0.000091,0.000066,0.000062,0.000046,0.000016,0.000012,0.000073,0.000197,0.000202,0.000215,0.000186,0.000112,0.000092,0.000059,0.000041,0.000080,0.000131
730,,,,,,,,,,,,,,0.000012,0.000380,0.000416,0.000275,0.000223,0.000273,0.000365,0.000268,0.000212,0.000165,0.000180,0.000169,0.000144,0.000137,0.000117,0.000117,0.000097,0.000112,0.000123,0.000104,0.000098,0.000078,0.000071,0.000051,0.000017,0.000013,0.000047,0.000092,0.000087,0.000073,0.000071,0.000085,0.000064,0.000030,0.000026,0.000075,0.000128
731,,,,,,,,,,,,,,0.000002,0.000050,0.000049,0.000073,0.000096,0.000130,0.000213,0.000212,0.000176,0.000123,0.000145,0.000132,0.000110,0.000107,0.000078,0.000063,0.000054,0.000037,0.000049,0.000060,0.000125,0.000160,0.000220,0.000208,0.000069,0.000029,0.000074,0.000107,0.000122,0.000113,0.000097,0.000095,0.000076,0.000045,0.000036,0.000069,0.000080
732,,,,,,,,,,,,,,0.000006,0.000254,0.000305,0.000424,0.000445,0.000482,0.000492,0.000391,0.000294,0.000379,0.000305,0.000261,0.000286,0.000357,0.000447,0.000537,0.000530,0.000491,0.000484,0.000369,0.000294,0.000197,0.000156,0.000115,0.000033,0.000020,0.000065,0.000168,0.000154,0.000109,0.000091,0.000099,0.000073,0.000050,0.000033,0.000065,0.000066
733,,,,,,,,,,,,,,0.000004,0.000084,0.000088,0.000103,0.000110,0.000147,0.000181,0.000190,0.000169,0.000142,0.000206,0.000208,0.000174,0.000224,0.000215,0.000192,0.000160,0.000154,0.000144,0.000115,0.000106,0.000083,0.000068,0.000054,0.000017,0.000026,0.000094,0.000156,0.000129,0.000091,0.000074,0.000066,0.000080,0.000059,0.000050,0.000110,0.000174
734,,,,,,,,,,,,,,0.000032,0.000527,0.000425,0.000277,0.000285,0.000376,0.000418,0.000368,0.000351,0.000229,0.000185,0.000147,0.000123,0.000104,0.000094,0.000064,0.000036,0.000025,0.000027,0.000031,0.000027,0.000035,0.000100,0.000140,0.000068,0.000048,0.000091,0.000205,0.000191,0.000160,0.000162,0.000181,0.000127,0.000115,0.000133,0.000162,0.000338
735,,,,,,,,,,,,,,0.000008,0.000226,0.000181,0.000125,0.000132,0.000177,0.000207,0.000178,0.000146,0.000125,0.000154,0.000135,0.000108,0.000107,0.000107,0.000087,0.000067,0.000064,0.000058,0.000042,0.000050,0.000056,0.000058,0.000038,0.000019,0.000033,0.000258,0.000563,0.000539,0.000442,0.000353,0.000317,0.000266,0.000127,0.000119,0.000305,0.000450
736,,,,,,,,,,,,,,0.000006,0.000092,0.000080,0.000066,0.000078,0.000122,0.000162,0.000163,0.000152,0.000153,0.000209,0.000216,0.000207,0.000225,0.000219,0.000225,0.000211,0.000202,0.000223,0.000204,0.000195,0.000182,0.000174,0.000160,0.000033,0.000021,0.000116,0.000257,0.000323,0.000395,0.000421,0.000430,0.000403,0.000161,0.000103,0.000232,0.000344
737,,,,,,,,,,,,,,0.000009,0.000188,0.000197,0.000223,0.000199,0.000194,0.000201,0.000143,0.000102,0.000083,0.000092,0.000081,0.000071,0.000049,0.000065,0.000090,0.000108,0.000157,0.000096,0.000069,0.000070,0.000067,0.000064,0.000059,0.000024,0.000012,0.000039,0.000050,0.000062,0.000060,0.000059,0.000056,0.000053,0.000052,0.000043,0.000070,0.000093
738,,,,,,,,,,,,,,0.000011,0.000294,0.000277,0.000262,0.000284,0.000356,0.000350,0.000292,0.000299,0.000275,0.000423,0.000437,0.000434,0.000469,0.000436,0.000379,0.000274,0.000206,0.000158,0.000116,0.000091,0.000051,0.000041,0.000031,0.000021,0.000016,0.000093,0.000147,0.000165,0.000158,0.000147,0.000148,0.000111,0.000072,0.000071,0.000121,0.000210
739,,,,,,,,,,,,,,0.000008,0.000202,0.000193,0.000155,0.000139,0.000166,0.000163,0.000147,0.000127,0.000103,0.000120,0.000112,0.000089,0.000087,0.000084,0.000092,0.000091,0.000092,0.000108,0.000105,0.000105,0.000076,0.000068,0.000060,0.000022,0.000030,0.000167,0.000279,0.000218,0.000172,0.000149,0.000131,0.000132,0.000072,0.000063,0.000202,0.000335
740,,,,,,,,,,,,,,0.000004,0.000075,0.000063,0.000032,0.000050,0.000087,0.000134,0.000224,0.000317,0.000371,0.000561,0.000601,0.000514,0.000507,0.000416,0.000309,0.000209,0.000178,0.000135,0.000103,0.000079,0.000055,0.000057,0.000061,0.000024,0.000013,0.000056,0.000095,0.000098,0.000137,0.000169,0.000184,0.000187,0.000088,0.000100,0.000227,0.000307
741,,,,,,,,,,,,,,0.000009,0.000316,0.000328,0.000257,0.000418,0.000501,0.000360,0.000297,0.000266,0.000216,0.000241,0.000183,0.000159,0.000123,0.000099,0.000084,0.000066,0.000070,0.000056,0.000050,0.000038,0.000061,0.000072,0.000079,0.000061,0.000053,0.000217,0.000318,0.000303,0.000298,0.000229,0.000263,0.000260,0.000209,0.000161,0.000264,0.000304
742,,,,,,,,,,,,,,0.000006,0.000147,0.000125,0.000084,0.000083,0.000082,0.000093,0.000097,0.000085,0.000105,0.000140,0.000157,0.000183,0.000188,0.000187,0.000161,0.000122,0.000100,0.000091,0.000076,0.000059,0.000038,0.000046,0.000040,0.000017,0.000010,0.000049,0.000143,0.000173,0.000161,0.000154,0.000191,0.000184,0.000130,0.000072,0.000180,0.000269
743,,,,,,,,,,,,,,0.000006,0.000158,0.000152,0.000104,0.000102,0.000136,0.000152,0.000149,0.000116,0.000110,0.000120,0.000097,0.000095,0.000073,0.000055,0.000047,0.000050,0.000028,0.000019,0.000017,0.000027,0.000039,0.000045,0.000033,0.000040,0.000036,0.000091,0.000236,0.000171,0.000134,0.000110,0.000125,0.000117,0.000077,0.000077,0.000152,0.000181
744,,,,,,,,,,,,,,0.000003,0.000070,0.000080,0.000094,0.000176,0.000178,0.000197,0.000210,0.000178,0.000147,0.000184,0.000183,0.000185,0.000235,0.000258,0.000280,0.000261,0.000265,0.000289,0.000261,0.000256,0.000189,0.000167,0.000127,0.000033,0.000015,0.000093,0.000220,0.000195,0.000157,0.000134,0.000111,0.000096,0.000065,0.000040,0.000095,0.000139
745,,,,,,,,,,,,,,0.000009,0.000155,0.000138,0.000104,0.000097,0.000193,0.000249,0.000232,0.000176,0.000113,0.000103,0.000098,0.000097,0.000090,0.000091,0.000098,0.000087,0.000071,0.000059,0.000047,0.000046,0.000033,0.000030,0.000031,0.000020,0.000015,0.000061,0.000117,0.000140,0.000164,0.000241,0.000212,0.000252,0.000173,0.000073,0.000124,0.000172
746,,,,,,,,,,,,,,0.000006,0.000273,0.000275,0.000200,0.000203,0.000194,0.000181,0.000195,0.000165,0.000141,0.000164,0.000143,0.000117,0.000128,0.000122,0.000119,0.000093,0.000089,0.000093,0.000090,0.000081,0.000058,0.000063,0.000054,0.000022,0.000021,0.000055,0.000087,0.000080,0.000063,0.000079,0.000088,0.000077,0.000049,0.000049,0.000077,0.000098
747,,,,,,,,,,,,,,0.000009,0.000269,0.000287,0.000183,0.000160,0.000167,0.000178,0.000164,0.000131,0.000098,0.000099,0.000085,0.000066,0.000086,0.000107,0.000102,0.000113,0.000113,0.000117,0.000118,0.000144,0.000128,0.000127,0.000090,0.000031,0.000034,0.000075,0.000106,0.000115,0.000102,0.000109,0.000085,0.000065,0.000080,0.000106,0.000131,0.000108
748,,,,,,,,,,,,,,0.000008,0.000180,0.000213,0.000153,0.000155,0.000158,0.000185,0.000195,0.000168,0.000169,0.000183,0.000146,0.000114,0.000107,0.000102,0.000096,0.000076,0.000091,0.000077,0.000066,0.000076,0.000078,0.000049,0.000032,0.000025,0.000019,0.000052,0.000113,0.000156,0.000252,0.000326,0.000414,0.000519,0.000316,0.000201,0.000225,0.000201
749,,,,,,,,,,,,,,0.000019,0.000363,0.000250,0.000171,0.000172,0.000242,0.000203,0.000183,0.000191,0.000168,0.000231,0.000221,0.000206,0.000197,0.000167,0.000152,0.000123,0.000112,0.000099,0.000073,0.000055,0.000041,0.000043,0.000040,0.000024,0.000016,0.000042,0.000054,0.000094,0.000099,0.000087,0.000063,0.000051,0.000079,0.000076,0.000300,0.000714
750,,,,,,,,,,,,,,0.000012,0.000238,0.000235,0.000185,0.000191,0.000228,0.000259,0.000235,0.000258,0.000303,0.000347,0.000312,0.000232,0.000279,0.000250,0.000204,0.000145,0.000117,0.000107,0.000088,0.000087,0.000073,0.000089,0.000072,0.000015,0.000011,0.000108,0.000313,0.000365,0.000362,0.000363,0.000402,0.000424,0.000184,0.000113,0.000343,0.000495
751,,,,,,,,,,,,,,0.000007,0.000159,0.000133,0.000101,0.000083,0.000101,0.000111,0.000079,0.000093,0.000093,0.000119,0.000096,0.000080,0.000090,0.000077,0.000059,0.000064,0.000070,0.000091,0.000091,0.000104,0.000113,0.000117,0.000100,0.000049,0.000015,0.000085,0.000160,0.000176,0.000159,0.000131,0.000120,0.000106,0.000084,0.000060,0.000103,0.000143
752,,,,,,,,,,,,,,0.000008,0.000181,0.000122,0.000095,0.000081,0.000091,0.000073,0.000088,0.000089,0.000081,0.000089,0.000081,0.000063,0.000063,0.000060,0.000067,0.000060,0.000066,0.000101,0.000131,0.000225,0.000292,0.000346,0.000275,0.000054,0.000024,0.000081,0.000149,0.000122,0.000065,0.000050,0.000054,0.000055,0.000037,0.000036,0.000106,0.000177
753,,,,,,,,,,,,,,0.000008,0.000179,0.000143,0.000101,0.000092,0.000099,0.000110,0.000109,0.000104,0.000082,0.000100,0.000080,0.000072,0.000080,0.000078,0.000081,0.000078,0.000077,0.000082,0.000072,0.000058,0.000033,0.000026,0.000029,0.000017,0.000013,0.000054,0.000123,0.000138,0.000117,0.000130,0.000191,0.000214,0.000126,0.000154,0.000184,0.000207
754,,,,,,,,,,,,,,0.000005,0.000127,0.000135,0.000142,0.000164,0.000199,0.000254,0.000276,0.000267,0.000288,0.000469,0.000460,0.000371,0.000385,0.000292,0.000253,0.000190,0.000172,0.000160,0.000150,0.000122,0.000090,0.000061,0.000030,0.000011,0.000011,0.000046,0.000069,0.000076,0.000093,0.000081,0.000098,0.000107,0.000050,0.000056,0.000083,0.000144
755,,,,,,,,,,,,,,0.000010,0.000207,0.000225,0.000217,0.000205,0.000219,0.000222,0.000184,0.000165,0.000126,0.000164,0.000132,0.000128,0.000117,0.000098,0.000092,0.000078,0.000055,0.000047,0.000058,0.000065,0.000068,0.000086,0.000076,0.000027,0.000023,0.000049,0.000108,0.000122,0.000105,0.000099,0.000106,0.000088,0.000058,0.000057,0.000208,0.000424
756,,,,,,,,,,,,,,0.000007,0.000159,0.000181,0.000169,0.000154,0.000169,0.000192,0.000209,0.000141,0.000106,0.000121,0.000100,0.000097,0.000063,0.000050,0.000058,0.000040,0.000028,0.000033,0.000033,0.000033,0.000048,0.000071,0.000106,0.000054,0.000043,0.000087,0.000112,0.000105,0.000089,0.000094,0.000112,0.000098,0.000075,0.000050,0.000100,0.000153
757,,,,,,,,,,,,,,0.000022,0.000471,0.000430,0.000278,0.000215,0.000229,0.000239,0.000270,0.000261,0.000291,0.000331,0.000314,0.000276,0.000297,0.000260,0.000227,0.000176,0.000157,0.000128,0.000087,0.000071,0.000062,0.000061,0.000057,0.000019,0.000011,0.000062,0.000196,0.000240,0.000206,0.000158,0.000164,0.000210,0.000160,0.000070,0.000180,0.000188
758,,,,,,,,,,,,,,0.000004,0.000103,0.000096,0.000103,0.000105,0.000118,0.000141,0.000127,0.000089,0.000072,0.000066,0.000069,0.000079,0.000077,0.000066,0.000071,0.000068,0.000065,0.000071,0.000062,0.000079,0.000064,0.000065,0.000053,0.000022,0.000015,0.000055,0.000085,0.000089,0.000059,0.000069,0.000066,0.000062,0.000044,0.000046,0.000053,0.000060
759,,,,,,,,,,,,,,0.000005,0.000182,0.000168,0.000118,0.000121,0.000115,0.000117,0.000119,0.000102,0.000094,0.000107,0.000121,0.000124,0.000107,0.000096,0.000111,0.000129,0.000159,0.000242,0.000305,0.000303,0.000188,0.000131,0.000084,0.000031,0.000021,0.000065,0.000110,0.000204,0.000154,0.000160,0.000079,0.000091,0.000076,0.000067,0.000145,0.000132
760,,,,,,,,,,,,,,0.000006,0.000237,0.000214,0.000161,0.000230,0.000339,0.000443,0.000511,0.000574,0.000532,0.000524,0.000514,0.000638,0.000619,0.000647,0.000648,0.000584,0.000503,0.000486,0.000461,0.000450,0.000375,0.000359,0.000286,0.000107,0.000073,0.000178,0.000326,0.000295,0.000267,0.000268,0.000262,0.000217,0.000148,0.000130,0.000177,0.000260
761,,,,,,,,,,,,,,0.000017,0.000322,0.000308,0.000257,0.000227,0.000260,0.000226,0.000210,0.000153,0.000143,0.000145,0.000143,0.000124,0.000151,0.000177,0.000207,0.000177,0.000179,0.000163,0.000132,0.000115,0.000064,0.000064,0.000043,0.000011,0.000006,0.000030,0.000064,0.000051,0.000060,0.000080,0.000109,0.000155,0.000104,0.000108,0.000428,0.000880
762,,,,,,,,,,,,,,0.000005,0.000115,0.000104,0.000101,0.000076,0.000086,0.000122,0.000103,0.000090,0.000070,0.000085,0.000088,0.000102,0.000088,0.000064,0.000060,0.000079,0.000077,0.000089,0.000093,0.000093,0.000093,0.000078,0.000069,0.000047,0.000028,0.000068,0.000157,0.000166,0.000136,0.000157,0.000158,0.000122,0.000093,0.000175,0.000174,0.000213
763,,,,,,,,,,,,,,0.000012,0.000447,0.000553,0.000671,0.000791,0.000949,0.001002,0.000879,0.000690,0.000548,0.000639,0.000566,0.000434,0.000424,0.000429,0.000312,0.000223,0.000171,0.000141,0.000112,0.000114,0.000098,0.000084,0.000060,0.000019,0.000009,0.000053,0.000107,0.000116,0.000096,0.000084,0.000075,0.000048,0.000034,0.000037,0.000091,0.000158
764,,,,,,,,,,,,,,0.000008,0.000198,0.000175,0.000152,0.000151,0.000167,0.000185,0.000188,0.000168,0.000148,0.000167,0.000151,0.000137,0.000123,0.000114,0.000111,0.000081,0.000070,0.000076,0.000061,0.000054,0.000048,0.000057,0.000053,0.000017,0.000011,0.000040,0.000086,0.000094,0.000107,0.000140,0.000167,0.000132,0.000167,0.000084,0.000152,0.000210
765,,,,,,,,,,,,,,0.000006,0.000132,0.000131,0.000116,0.000146,0.000146,0.000144,0.000112,0.000078,0.000065,0.000079,0.000064,0.000059,0.000055,0.000052,0.000043,0.000041,0.000050,0.000054,0.000048,0.000051,0.000051,0.000047,0.000034,0.000015,0.000013,0.000035,0.000068,0.000066,0.000053,0.000051,0.000063,0.000069,0.000044,0.000042,0.000107,0.000165
766,,,,,,,,,,,,,,0.000016,0.000374,0.000328,0.000222,0.000241,0.000249,0.000243,0.000193,0.000181,0.000146,0.000161,0.000152,0.000118,0.000104,0.000104,0.000092,0.000068,0.000059,0.000054,0.000051,0.000060,0.000051,0.000051,0.000037,0.000012,0.000007,0.000034,0.000078,0.000073,0.000070,0.000065,0.000068,0.000060,0.000034,0.000030,0.000097,0.000168
767,,,,,,,,,,,,,,0.000007,0.000308,0.000230,0.000164,0.000138,0.000129,0.000146,0.000112,0.000099,0.000114,0.000123,0.000117,0.000112,0.000107,0.000095,0.000104,0.000112,0.000112,0.000145,0.000142,0.000135,0.000105,0.000099,0.000092,0.000046,0.000029,0.000083,0.000112,0.000138,0.000123,0.000103,0.000096,0.000133,0.000138,0.000067,0.000122,0.000128
768,,,,,,,,,,,,,,0.000005,0.000155,0.000188,0.000249,0.000325,0.000460,0.000615,0.000589,0.000549,0.000488,0.000513,0.000396,0.000297,0.000255,0.000257,0.000318,0.000311,0.000242,0.000250,0.000161,0.000159,0.000104,0.000096,0.000059,0.000021,0.000020,0.000077,0.000151,0.000158,0.000131,0.000106,0.000097,0.000091,0.000053,0.000071,0.000178,0.000296
769,,,,,,,,,,,,,,0.000009,0.000247,0.000190,0.000125,0.000140,0.000253,0.000232,0.000195,0.000191,0.000172,0.000186,0.000169,0.000165,0.000167,0.000165,0.000154,0.000112,0.000112,0.000102,0.000091,0.000085,0.000073,0.000103,0.000060,0.000015,0.000011,0.000056,0.000155,0.000152,0.000167,0.000215,0.000277,0.000278,0.000243,0.000240,0.000384,0.000575
770,,,,,,,,,,,,,,0.000006,0.000122,0.000117,0.000174,0.000160,0.000168,0.000190,0.000139,0.000142,0.000156,0.000174,0.000199,0.000208,0.000288,0.000362,0.000420,0.000418,0.000442,0.000446,0.000339,0.000249,0.000165,0.000121,0.000072,0.000017,0.000011,0.000091,0.000135,0.000139,0.000112,0.000078,0.000067,0.000067,0.000044,0.000032,0.000079,0.000141
771,,,,,,,,,,,,,,0.000009,0.000189,0.000179,0.000114,0.000108,0.000124,0.000154,0.000144,0.000139,0.000142,0.000132,0.000107,0.000122,0.000107,0.000105,0.000095,0.000088,0.000092,0.000103,0.000096,0.000073,0.000058,0.000046,0.000032,0.000020,0.000020,0.000049,0.000104,0.000141,0.000165,0.000304,0.000311,0.000396,0.000303,0.000210,0.000219,0.000231
772,,,,,,,,,,,,,,0.000005,0.000148,0.000152,0.000122,0.000113,0.000142,0.000140,0.000106,0.000133,0.000148,0.000124,0.000105,0.000103,0.000103,0.000089,0.000080,0.000083,0.000074,0.000108,0.000099,0.000115,0.000103,0.000094,0.000097,0.000030,0.000020,0.000047,0.000076,0.000071,0.000069,0.000057,0.000067,0.000062,0.000019,0.000022,0.000057,0.000103
773,,,,,,,,,,,,,,0.000007,0.000173,0.000132,0.000138,0.000112,0.000117,0.000134,0.000132,0.000103,0.000097,0.000094,0.000085,0.000080,0.000077,0.000084,0.000088,0.000070,0.000077,0.000091,0.000090,0.000119,0.000120,0.000157,0.000112,0.000029,0.000020,0.000111,0.000192,0.000152,0.000138,0.000115,0.000116,0.000095,0.000048,0.000036,0.000085,0.000168
774,,,,,,,,,,,,,,0.000005,0.000114,0.000120,0.000148,0.000160,0.000198,0.000202,0.000206,0.000168,0.000159,0.000129,0.000112,0.000098,0.000115,0.000130,0.000143,0.000136,0.000161,0.000221,0.000289,0.000356,0.000332,0.000299,0.000204,0.000038,0.000014,0.000051,0.000100,0.000097,0.000086,0.000085,0.000098,0.000088,0.000139,0.000072,0.000078,0.000137
775,,,,,,,,,,,,,,0.000003,0.000095,0.000079,0.000067,0.000089,0.000150,0.000239,0.000286,0.000317,0.000341,0.000431,0.000408,0.000353,0.000407,0.000356,0.000359,0.000316,0.000367,0.000515,0.000566,0.000528,0.000368,0.000265,0.000169,0.000044,0.000033,0.000147,0.000141,0.000084,0.000054,0.000045,0.000036,0.000035,0.000034,0.000037,0.000075,0.000086
776,,,,,,,,,,,,,,0.000025,0.000330,0.000239,0.000180,0.000170,0.000211,0.000187,0.000148,0.000141,0.000119,0.000132,0.000129,0.000123,0.000118,0.000127,0.000112,0.000110,0.000120,0.000136,0.000099,0.000096,0.000079,0.000063,0.000048,0.000017,0.000010,0.000072,0.000201,0.000183,0.000147,0.000095,0.000102,0.000096,0.000061,0.000061,0.000313,0.000754
777,,,,,,,,,,,,,,0.000008,0.000174,0.000172,0.000155,0.000184,0.000235,0.000235,0.000229,0.000197,0.000134,0.000120,0.000099,0.000112,0.000115,0.000161,0.000138,0.000132,0.000132,0.000094,0.000066,0.000065,0.000044,0.000056,0.000051,0.000031,0.000035,0.000147,0.000207,0.000337,0.000358,0.000191,0.000210,0.000189,0.000065,0.000065,0.000093,0.000159
778,,,,,,,,,,,,,,0.000007,0.000223,0.000224,0.000217,0.000202,0.000182,0.000174,0.000144,0.000126,0.000114,0.000101,0.000088,0.000087,0.000066,0.000054,0.000045,0.000041,0.000026,0.000023,0.000040,0.000036,0.000045,0.000058,0.000067,0.000045,0.000031,0.000086,0.000138,0.000128,0.000139,0.000167,0.000165,0.000162,0.000113,0.000094,0.000110,0.000081
779,,,,,,,,,,,,,,0.000008,0.000193,0.000161,0.000139,0.000231,0.000230,0.000231,0.000190,0.000144,0.000092,0.000108,0.000085,0.000050,0.000044,0.000031,0.000012,-0.000011,0.000002,0.000067,0.000175,0.000321,0.000364,0.000350,0.000203,0.000031,0.000018,0.000108,0.000249,0.000259,0.000229,0.000186,0.000163,0.000148,0.000071,0.000065,0.000145,0.000241
780,,,,,,,,,,,,,,0.000017,0.000331,0.000293,0.000244,0.000200,0.000221,0.000199,0.000173,0.000138,0.000120,0.000098,0.000102,0.000120,0.000139,0.000163,0.000163,0.000163,0.000118,0.000091,0.000070,0.000061,0.000057,0.000050,0.000061,0.000041,0.000034,0.000091,0.000118,0.000126,0.000122,0.000107,0.000102,0.000117,0.000096,0.000110,0.000209,0.000289
781,,,,,,,,,,,,,,0.000005,0.000143,0.000134,0.000118,0.000165,0.000271,0.000359,0.000378,0.000335,0.000270,0.000294,0.000275,0.000231,0.000239,0.000230,0.000223,0.000198,0.000170,0.000153,0.000114,0.000102,0.000082,0.000086,0.000066,0.000020,0.000013,0.000040,0.000068,0.000069,0.000053,0.000042,0.000042,0.000029,0.000023,0.000022,0.000040,0.000059
782,,,,,,,,,,,,,,0.000009,0.000162,0.000125,0.000078,0.000068,0.000064,0.000071,0.000099,0.000083,0.000106,0.000075,0.000075,0.000113,0.000120,0.000110,0.000090,0.000089,0.000073,0.000094,0.000122,0.000125,0.000131,0.000130,0.000118,0.000062,0.000038,0.000099,0.000160,0.000165,0.000173,0.000182,0.000157,0.000123,0.000081,0.000070,0.000081,0.000059
783,,,,,,,,,,,,,,0.000008,0.000182,0.000156,0.000141,0.000179,0.000210,0.000195,0.000171,0.000124,0.000116,0.000125,0.000099,0.000085,0.000096,0.000081,0.000059,0.000048,0.000052,0.000059,0.000109,0.000194,0.000229,0.000203,0.000107,0.000026,0.000020,0.000073,0.000080,0.000079,0.000058,0.000053,0.000054,0.000059,0.000059,0.000042,0.000112,0.000187
784,,,,,,,,,,,,,,0.000009,0.000207,0.000200,0.000165,0.000165,0.000208,0.000273,0.000268,0.000284,0.000256,0.000312,0.000286,0.000274,0.000260,0.000231,0.000210,0.000191,0.000172,0.000167,0.000129,0.000111,0.000075,0.000069,0.000052,0.000014,0.000013,0.000063,0.000102,0.000106,0.000132,0.000115,0.000136,0.000087,0.000073,0.000064,0.000152,0.000236
785,,,,,,,,,,,,,,0.000007,0.000178,0.000144,0.000154,0.000198,0.000270,0.000351,0.000318,0.000314,0.000307,0.000423,0.000504,0.000534,0.000497,0.000438,0.000327,0.000214,0.000169,0.000135,0.000108,0.000098,0.000076,0.000061,0.000045,0.000015,0.000012,0.000044,0.000067,0.000108,0.000128,0.000129,0.000163,0.000170,0.000133,0.000106,0.000258,0.000291
786,,,,,,,,,,,,,,0.000010,0.000313,0.000307,0.000272,0.000275,0.000276,0.000292,0.000311,0.000231,0.000218,0.000234,0.000198,0.000171,0.000149,0.000135,0.000112,0.000088,0.000072,0.000071,0.000053,0.000054,0.000046,0.000040,0.000036,0.000024,0.000015,0.000032,0.000049,0.000063,0.000054,0.000084,0.000107,0.000083,0.000061,0.000046,0.000077,0.000131
787,,,,,,,,,,,,,,0.000006,0.000218,0.000215,0.000204,0.000227,0.000348,0.000533,0.000553,0.000534,0.000499,0.000679,0.000541,0.000408,0.000337,0.000283,0.000225,0.000191,0.000176,0.000145,0.000122,0.000122,0.000101,0.000095,0.000071,0.000032,0.000020,0.000051,0.000070,0.000067,0.000068,0.000082,0.000046,0.000046,0.000057,0.000052,0.000169,0.000204
788,,,,,,,,,,,,,,0.000013,0.000279,0.000282,0.000180,0.000178,0.000196,0.000215,0.000190,0.000166,0.000131,0.000187,0.000176,0.000170,0.000171,0.000149,0.000140,0.000111,0.000111,0.000124,0.000152,0.000213,0.000223,0.000234,0.000165,0.000028,0.000011,0.000040,0.000078,0.000088,0.000091,0.000093,0.000082,0.000080,0.000034,0.000021,0.000055,0.000114
789,,,,,,,,,,,,,,0.000020,0.000374,0.000299,0.000289,0.000342,0.000431,0.000471,0.000435,0.000375,0.000281,0.000339,0.000288,0.000243,0.000232,0.000189,0.000123,0.000097,0.000085,0.000100,0.000092,0.000091,0.000062,0.000056,0.000050,0.000023,0.000014,0.000059,0.000114,0.000109,0.000124,0.000126,0.000153,0.000193,0.000093,0.000118,0.000420,0.000867
790,,,,,,,,,,,,,,0.000018,0.000234,0.000204,0.000140,0.000136,0.000179,0.000187,0.000188,0.000181,0.000150,0.000148,0.000117,0.000110,0.000077,0.000066,0.000071,0.000057,0.000033,0.000030,0.000048,0.000060,0.000079,0.000101,0.000075,0.000032,0.000022,0.000074,0.000130,0.000132,0.000117,0.000091,0.000084,0.000060,0.000035,0.000059,0.000123,0.000284
791,,,,,,,,,,,,,,0.000010,0.000322,0.000362,0.000262,0.000239,0.000297,0.000392,0.000402,0.000298,0.000307,0.000388,0.000378,0.000317,0.000335,0.000252,0.000211,0.000156,0.000135,0.000106,0.000081,0.000099,0.000082,0.000068,0.000053,0.000020,0.000016,0.000049,0.000081,0.000092,0.000084,0.000090,0.000100,0.000077,0.000043,0.000057,0.000121,0.000184
792,,,,,,,,,,,,,,0.000011,0.000236,0.000236,0.000149,0.000122,0.000116,0.000132,0.000131,0.000113,0.000137,0.000143,0.000146,0.000187,0.000126,0.000102,0.000097,0.000083,0.000071,0.000073,0.000059,0.000048,0.000051,0.000068,0.000058,0.000033,0.000023,0.000067,0.000085,0.000146,0.000156,0.000169,0.000195,0.000229,0.000265,0.000082,0.000294,0.000170
793,,,,,,,,,,,,,,0.000010,0.000262,0.000216,0.000194,0.000168,0.000200,0.000185,0.000222,0.000182,0.000154,0.000200,0.000202,0.000212,0.000200,0.000153,0.000130,0.000093,0.000070,0.000087,0.000100,0.000113,0.000118,0.000112,0.000089,0.000048,0.000035,0.000079,0.000127,0.000149,0.000157,0.000138,0.000188,0.000182,0.000210,0.000152,0.000355,0.000206
794,,,,,,,,,,,,,,0.000005,0.000112,0.000093,0.000075,0.000068,0.000092,0.000353,0.000445,0.000372,0.000432,0.000546,0.000468,0.000449,0.000328,0.000233,0.000182,0.000123,0.000113,0.000125,0.000114,0.000090,0.000065,0.000067,0.000062,0.000047,0.000038,0.000097,0.000140,0.000129,0.000120,0.000220,0.000210,0.000143,0.000100,0.000087,0.000128,0.000141
795,,,,,,,,,,,,,,0.000007,0.000228,0.000214,0.000135,0.000136,0.000155,0.000191,0.000229,0.000191,0.000163,0.000122,0.000123,0.000131,0.000122,0.000100,0.000098,0.000085,0.000085,0.000086,0.000077,0.000085,0.000067,0.000075,0.000113,0.000068,0.000033,0.000135,0.000179,0.000192,0.000160,0.000167,0.000138,0.000111,0.000065,0.000061,0.000114,0.000129
796,,,,,,,,,,,,,,0.000005,0.000172,0.000173,0.000099,0.000086,0.000093,0.000112,0.000110,0.000118,0.000132,0.000173,0.000212,0.000216,0.000240,0.000230,0.000205,0.000187,0.000149,0.000221,0.000137,0.000136,0.000095,0.000085,0.000054,0.000039,0.000022,0.000056,0.000083,0.000111,0.000117,0.000125,0.000128,0.000108,0.000078,0.000058,0.000134,0.000104
797,,,,,,,,,,,,,,0.000007,0.000202,0.000185,0.000138,0.000100,0.000110,0.000113,0.000113,0.000099,0.000075,0.000085,0.000081,0.000067,0.000047,0.000052,0.000058,0.000083,0.000131,0.000085,0.000058,0.000052,0.000060,0.000048,0.000034,0.000019,0.000015,0.000041,0.000060,0.000061,0.000055,0.000085,0.000070,0.000076,0.000075,0.000082,0.000177,0.000202
798,,,,,,,,,,,,,,0.000010,0.000273,0.000305,0.000248,0.000256,0.000275,0.000300,0.000270,0.000199,0.000164,0.000158,0.000116,0.000084,0.000079,0.000079,0.000072,0.000057,0.000060,0.000056,0.000043,0.000044,0.000048,0.000059,0.000050,0.000039,0.000035,0.000051,0.000078,0.000077,0.000100,0.000112,0.000201,0.000199,0.000173,0.000228,0.000261,0.000223
799,,,,,,,,,,,,,,0.000006,0.000225,0.000257,0.000270,0.000368,0.000597,0.000759,0.000840,0.000781,0.000701,0.000940,0.000799,0.000642,0.000600,0.000539,0.000483,0.000384,0.000301,0.000262,0.000196,0.000166,0.000123,0.000104,0.000075,0.000014,0.000008,0.000057,0.000112,0.000106,0.000096,0.000092,0.000082,0.000066,0.000029,0.000018,0.000071,0.000115
800,,,,,,,,,,,,,,0.000019,0.000335,0.000285,0.000196,0.000174,0.000157,0.000148,0.000112,0.000122,0.000089,0.000087,0.000091,0.000119,0.000184,0.000256,0.000312,0.000311,0.000298,0.000297,0.000256,0.000239,0.000169,0.000126,0.000077,0.000017,0.000016,0.000050,0.000080,0.000069,0.000068,0.000084,0.000096,0.000100,0.000133,0.000092,0.000171,0.000336
801,,,,,,,,,,,,,,0.000006,0.000145,0.000167,0.000224,0.000401,0.000620,0.000755,0.000696,0.000586,0.000418,0.000481,0.000366,0.000258,0.000250,0.000189,0.000165,0.000137,0.000114,0.000112,0.000084,0.000092,0.000066,0.000064,0.000044,0.000016,0.000011,0.000049,0.000094,0.000092,0.000081,0.000086,0.000094,0.000070,0.000059,0.000055,0.000136,0.000253
802,,,,,,,,,,,,,,0.000007,0.000211,0.000184,0.000172,0.000184,0.000200,0.000230,0.000197,0.000165,0.000117,0.000153,0.000145,0.000133,0.000156,0.000160,0.000191,0.000229,0.000329,0.000369,0.000417,0.000385,0.000212,0.000149,0.000082,0.000017,0.000012,0.000052,0.000091,0.000076,0.000053,0.000065,0.000067,0.000037,0.000029,0.000027,0.000070,0.000087
803,,,,,,,,,,,,,,0.000006,0.000128,0.000109,0.000097,0.000094,0.000122,0.000135,0.000161,0.000160,0.000163,0.000197,0.000162,0.000140,0.000173,0.000195,0.000179,0.000134,0.000136,0.000114,0.000106,0.000109,0.000120,0.000119,0.000139,0.000035,0.000027,0.000071,0.000197,0.000206,0.000108,0.000109,0.000117,0.000088,0.000051,0.000045,0.000141,0.000248
804,,,,,,,,,,,,,,0.000027,0.000535,0.000469,0.000309,0.000323,0.000367,0.000381,0.000332,0.000337,0.000276,0.000333,0.000305,0.000235,0.000287,0.000271,0.000253,0.000213,0.000219,0.000241,0.000252,0.000294,0.000245,0.000198,0.000105,0.000018,0.000010,0.000093,0.000204,0.000188,0.000160,0.000136,0.000150,0.000132,0.000055,0.000053,0.000169,0.000339
805,,,,,,,,,,,,,,0.000006,0.000162,0.000155,0.000125,0.000145,0.000175,0.000235,0.000247,0.000253,0.000220,0.000228,0.000190,0.000164,0.000137,0.000105,0.000081,0.000065,0.000050,0.000042,0.000038,0.000052,0.000052,0.000055,0.000048,0.000016,0.000015,0.000085,0.000180,0.000192,0.000209,0.000220,0.000157,0.000112,0.000056,0.000041,0.000067,0.000100
806,,,,,,,,,,,,,,0.000010,0.000635,0.000432,0.000204,0.000180,0.000162,0.000161,0.000163,0.000148,0.000137,0.000123,0.000101,0.000078,0.000092,0.000079,0.000065,0.000049,0.000037,0.000053,0.000054,0.000057,0.000052,0.000043,0.000035,0.000020,0.000016,0.000050,0.000062,0.000066,0.000056,0.000052,0.000064,0.000077,0.000075,0.000110,0.000077,0.000115
807,,,,,,,,,,,,,,0.000005,0.000123,0.000108,0.000089,0.000093,0.000091,0.000087,0.000073,0.000049,0.000055,0.000062,0.000066,0.000060,0.000062,0.000061,0.000058,0.000043,0.000040,0.000045,0.000034,0.000039,0.000055,0.000104,0.000079,0.000031,0.000018,0.000038,0.000057,0.000065,0.000064,0.000063,0.000073,0.000138,0.000069,0.000114,0.000089,0.000134
808,,,,,,,,,,,,,,0.000008,0.000178,0.000164,0.000139,0.000145,0.000199,0.000242,0.000253,0.000195,0.000170,0.000152,0.000098,0.000096,0.000070,0.000082,0.000074,0.000073,0.000080,0.000108,0.000100,0.000096,0.000117,0.000122,0.000108,0.000042,0.000028,0.000113,0.000290,0.000384,0.000350,0.000307,0.000339,0.000377,0.000185,0.000272,0.000577,0.000380
809,,,,,,,,,,,,,,0.000006,0.000102,0.000103,0.000095,0.000097,0.000134,0.000200,0.000257,0.000274,0.000216,0.000271,0.000250,0.000218,0.000196,0.000181,0.000164,0.000147,0.000151,0.000145,0.000128,0.000110,0.000091,0.000083,0.000061,0.000029,0.000018,0.000088,0.000146,0.000173,0.000157,0.000161,0.000154,0.000145,0.000227,0.000237,0.000203,0.000307
810,,,,,,,,,,,,,,0.000004,0.000075,0.000068,0.000052,0.000050,0.000071,0.000072,0.000082,0.000098,0.000077,0.000079,0.000065,0.000065,0.000069,0.000090,0.000098,0.000097,0.000116,0.000127,0.000109,0.000092,0.000061,0.000050,0.000037,0.000019,0.000017,0.000064,0.000073,0.000058,0.000052,0.000039,0.000060,0.000087,0.000057,0.000085,0.000096,0.000124
811,,,,,,,,,,,,,,0.000004,0.000107,0.000143,0.000152,0.000218,0.000389,0.000677,0.000824,0.001014,0.000721,0.000901,0.000826,0.000672,0.000632,0.000612,0.000533,0.000465,0.000443,0.000420,0.000313,0.000233,0.000158,0.000103,0.000067,0.000023,0.000016,0.000049,0.000081,0.000095,0.000110,0.000107,0.000129,0.000160,0.000138,0.000113,0.000095,0.000134
812,,,,,,,,,,,,,,0.000005,0.000122,0.000112,0.000063,0.000067,0.000061,0.000057,0.000078,0.000074,0.000095,0.000094,0.000083,0.000115,0.000088,0.000083,0.000073,0.000082,0.000079,0.000071,0.000049,0.000053,0.000062,0.000124,0.000197,0.000071,0.000045,0.000083,0.000116,0.000104,0.000113,0.000127,0.000135,0.000126,0.000081,0.000064,0.000085,0.000133
813,,,,,,,,,,,,,,0.000005,0.000089,0.000081,0.000073,0.000081,0.000112,0.000136,0.000136,0.000139,0.000124,0.000160,0.000160,0.000162,0.000183,0.000177,0.000161,0.000120,0.000106,0.000095,0.000078,0.000083,0.000073,0.000070,0.000055,0.000016,0.000014,0.000074,0.000142,0.000131,0.000138,0.000140,0.000202,0.000137,0.000049,0.000050,0.000099,0.000163
814,,,,,,,,,,,,,,0.000006,0.000156,0.000185,0.000246,0.000467,0.000734,0.000803,0.000726,0.000565,0.000440,0.000516,0.000415,0.000302,0.000274,0.000230,0.000206,0.000162,0.000152,0.000136,0.000113,0.000124,0.000096,0.000085,0.000067,0.000024,0.000011,0.000040,0.000057,0.000054,0.000064,0.000063,0.000069,0.000079,0.000035,0.000031,0.000100,0.000180
815,,,,,,,,,,,,,,0.000007,0.000206,0.000206,0.000170,0.000153,0.000154,0.000179,0.000172,0.000137,0.000148,0.000161,0.000147,0.000153,0.000147,0.000141,0.000146,0.000135,0.000152,0.000140,0.000113,0.000092,0.000063,0.000053,0.000050,0.000028,0.000023,0.000059,0.000111,0.000119,0.000105,0.000216,0.000154,0.000133,0.000109,0.000087,0.000099,0.000144
816,,,,,,,,,,,,,,0.000007,0.000186,0.000165,0.000130,0.000127,0.000180,0.000219,0.000290,0.000319,0.000255,0.000312,0.000301,0.000214,0.000206,0.000213,0.000203,0.000152,0.000150,0.000135,0.000118,0.000114,0.000079,0.000066,0.000045,0.000014,0.000010,0.000033,0.000073,0.000099,0.000129,0.000163,0.000147,0.000103,0.000063,0.000035,0.000100,0.000152
817,,,,,,,,,,,,,,0.000006,0.000149,0.000127,0.000091,0.000069,0.000095,0.000083,0.000085,0.000087,0.000085,0.000113,0.000121,0.000108,0.000115,0.000096,0.000104,0.000089,0.000079,0.000078,0.000066,0.000068,0.000062,0.000051,0.000046,0.000014,0.000009,0.000038,0.000180,0.000179,0.000142,0.000135,0.000108,0.000093,0.000054,0.000053,0.000106,0.000151
818,,,,,,,,,,,,,,0.000013,0.000324,0.000308,0.000253,0.000268,0.000272,0.000274,0.000216,0.000183,0.000160,0.000183,0.000178,0.000186,0.000194,0.000191,0.000209,0.000189,0.000182,0.000180,0.000136,0.000128,0.000114,0.000098,0.000070,0.000020,0.000013,0.000050,0.000101,0.000123,0.000112,0.000109,0.000122,0.000122,0.000057,0.000063,0.000064,0.000122
819,,,,,,,,,,,,,,0.000004,0.000105,0.000114,0.000112,0.000120,0.000125,0.000110,0.000082,0.000084,0.000080,0.000079,0.000071,0.000066,0.000064,0.000062,0.000054,0.000041,0.000057,0.000069,0.000071,0.000060,0.000052,0.000050,0.000035,0.000035,0.000026,0.000077,0.000102,0.000108,0.000085,0.000082,0.000093,0.000081,0.000045,0.000049,0.000097,0.000169
820,,,,,,,,,,,,,,0.000006,0.000136,0.000119,0.000092,0.000094,0.000105,0.000102,0.000097,0.000097,0.000097,0.000094,0.000087,0.000077,0.000087,0.000071,0.000080,0.000065,0.000059,0.000048,0.000054,0.000058,0.000061,0.000117,0.000099,0.000025,0.000009,0.000049,0.000107,0.000090,0.000078,0.000087,0.000099,0.000104,0.000064,0.000174,0.000182,0.000225
821,,,,,,,,,,,,,,0.000004,0.000109,0.000093,0.000076,0.000070,0.000082,0.000115,0.000118,0.000085,0.000057,0.000086,0.000087,0.000097,0.000093,0.000093,0.000075,0.000080,0.000097,0.000176,0.000174,0.000181,0.000138,0.000144,0.000146,0.000072,0.000030,0.000082,0.000155,0.000199,0.000151,0.000133,0.000144,0.000111,0.000074,0.000055,0.000062,0.000066
822,,,,,,,,,,,,,,0.000002,0.000046,0.000041,0.000039,0.000044,0.000056,0.000065,0.000070,0.000057,0.000050,0.000070,0.000058,0.000049,0.000060,0.000073,0.000069,0.000058,0.000066,0.000069,0.000071,0.000075,0.000079,0.000089,0.000088,0.000042,0.000032,0.000066,0.000105,0.000113,0.000102,0.000098,0.000116,0.000122,0.000065,0.000083,0.000156,0.000134
823,,,,,,,,,,,,,,0.000005,0.000109,0.000094,0.000086,0.000095,0.000118,0.000135,0.000116,0.000104,0.000074,0.000094,0.000083,0.000070,0.000086,0.000083,0.000084,0.000068,0.000065,0.000073,0.000073,0.000087,0.000090,0.000119,0.000127,0.000044,0.000017,0.000092,0.000180,0.000147,0.000138,0.000181,0.000200,0.000187,0.000085,0.000043,0.000119,0.000173
824,,,,,,,,,,,,,,0.000008,0.000207,0.000216,0.000156,0.000145,0.000157,0.000142,0.000134,0.000100,0.000089,0.000092,0.000100,0.000082,0.000087,0.000083,0.000089,0.000081,0.000073,0.000075,0.000080,0.000102,0.000115,0.000108,0.000067,0.000027,0.000018,0.000075,0.000182,0.000184,0.000257,0.000263,0.000201,0.000146,0.000115,0.000091,0.000127,0.000192
825,,,,,,,,,,,,,,0.000007,0.000166,0.000195,0.000172,0.000149,0.000146,0.000141,0.000132,0.000121,0.000098,0.000109,0.000103,0.000101,0.000112,0.000115,0.000121,0.000114,0.000097,0.000082,0.000083,0.000074,0.000062,0.000065,0.000052,0.000018,0.000013,0.000068,0.000157,0.000178,0.000165,0.000194,0.000187,0.000153,0.000117,0.000160,0.000569,0.000412
826,,,,,,,,,,,,,,0.000013,0.000198,0.000190,0.000150,0.000191,0.000310,0.000367,0.000363,0.000329,0.000287,0.000358,0.000367,0.000350,0.000409,0.000422,0.000449,0.000385,0.000356,0.000352,0.000296,0.000272,0.000185,0.000146,0.000104,0.000015,0.000009,0.000076,0.000201,0.000225,0.000240,0.000278,0.000362,0.000385,0.000190,0.000180,0.000654,0.001119
827,,,,,,,,,,,,,,0.000005,0.000157,0.000135,0.000099,0.000081,0.000096,0.000107,0.000098,0.000121,0.000149,0.000166,0.000164,0.000122,0.000118,0.000107,0.000100,0.000080,0.000058,0.000060,0.000069,0.000111,0.000149,0.000167,0.000140,0.000054,0.000020,0.000046,0.000100,0.000151,0.000138,0.000132,0.000109,0.000082,0.000077,0.000063,0.000097,0.000110
828,,,,,,,,,,,,,,0.000022,0.000389,0.000351,0.000232,0.000179,0.000202,0.000181,0.000161,0.000159,0.000131,0.000137,0.000115,0.000083,0.000078,0.000075,0.000069,0.000054,0.000044,0.000036,0.000034,0.000041,0.000038,0.000038,0.000030,0.000018,0.000012,0.000046,0.000088,0.000086,0.000077,0.000082,0.000090,0.000092,0.000060,0.000061,0.000243,0.000490
829,,,,,,,,,,,,,,0.000007,0.000106,0.000094,0.000087,0.000127,0.000222,0.000287,0.000353,0.000396,0.000423,0.000741,0.000807,0.000743,0.000814,0.000659,0.000531,0.000379,0.000235,0.000145,0.000095,0.000088,0.000077,0.000094,0.000072,0.000025,0.000011,0.000036,0.000063,0.000077,0.000076,0.000120,0.000197,0.000195,0.000133,0.000163,0.000368,0.000491
830,,,,,,,,,,,,,,0.000010,0.000245,0.000298,0.000306,0.000252,0.000282,0.000244,0.000200,0.000137,0.000116,0.000104,0.000096,0.000097,0.000074,0.000084,0.000081,0.000083,0.000086,0.000095,0.000085,0.000086,0.000133,0.000124,0.000091,0.000037,0.000025,0.000162,0.000326,0.000374,0.000293,0.000241,0.000204,0.000205,0.000215,0.000355,0.000347,0.000269
831,,,,,,,,,,,,,,0.000008,0.000212,0.000205,0.000148,0.000153,0.000151,0.000172,0.000185,0.000177,0.000170,0.000197,0.000167,0.000157,0.000130,0.000119,0.000115,0.000094,0.000081,0.000060,0.000044,0.000045,0.000037,0.000041,0.000037,0.000019,0.000016,0.000067,0.000138,0.000165,0.000211,0.000163,0.000120,0.000095,0.000065,0.000060,0.000060,0.000091
832,,,,,,,,,,,,,,0.000014,0.000242,0.000177,0.000134,0.000128,0.000154,0.000161,0.000147,0.000119,0.000098,0.000069,0.000069,0.000063,0.000075,0.000067,0.000070,0.000054,0.000047,0.000047,0.000050,0.000043,0.000057,0.000069,0.000068,0.000031,0.000018,0.000041,0.000073,0.000094,0.000101,0.000129,0.000137,0.000144,0.000089,0.000091,0.000282,0.000537
833,,,,,,,,,,,,,,0.000005,0.000114,0.000110,0.000106,0.000095,0.000098,0.000101,0.000097,0.000082,0.000093,0.000079,0.000074,0.000075,0.000062,0.000074,0.000074,0.000075,0.000075,0.000074,0.000063,0.000063,0.000060,0.000138,0.000113,0.000050,0.000040,0.000090,0.000156,0.000150,0.000140,0.000169,0.000178,0.000173,0.000129,0.000084,0.000161,0.000195
834,,,,,,,,,,,,,,0.000007,0.000156,0.000168,0.000135,0.000132,0.000204,0.000283,0.000250,0.000268,0.000195,0.000236,0.000229,0.000240,0.000271,0.000292,0.000274,0.000233,0.000211,0.000216,0.000209,0.000236,0.000251,0.000272,0.000234,0.000043,0.000026,0.000209,0.000300,0.000254,0.000207,0.000151,0.000138,0.000130,0.000058,0.000059,0.000187,0.000341
835,,,,,,,,,,,,,,0.000015,0.000255,0.000177,0.000154,0.000159,0.000172,0.000190,0.000163,0.000144,0.000113,0.000092,0.000085,0.000103,0.000093,0.000115,0.000142,0.000131,0.000142,0.000157,0.000132,0.000131,0.000123,0.000127,0.000094,0.000030,0.000018,0.000069,0.000173,0.000160,0.000129,0.000132,0.000182,0.000205,0.000129,0.000157,0.000422,0.000758
836,,,,,,,,,,,,,,0.000003,0.000057,0.000048,0.000064,0.000044,0.000045,0.000041,0.000037,0.000046,0.000038,0.000076,0.000093,0.000145,0.000195,0.000271,0.000364,0.000365,0.000359,0.000485,0.000423,0.000404,0.000334,0.000301,0.000215,0.000065,0.000044,0.000160,0.000188,0.000130,0.000109,0.000088,0.000076,0.000081,0.000049,0.000042,0.000088,0.000110
837,,,,,,,,,,,,,,0.000012,0.000283,0.000214,0.000135,0.000120,0.000127,0.000111,0.000102,0.000092,0.000099,0.000101,0.000103,0.000125,0.000112,0.000111,0.000113,0.000136,0.000135,0.000133,0.000106,0.000097,0.000071,0.000072,0.000051,0.000024,0.000017,0.000059,0.000086,0.000156,0.000176,0.000118,0.000093,0.000078,0.000096,0.000064,0.000130,0.000271
838,,,,,,,,,,,,,,0.000004,0.000087,0.000099,0.000110,0.000124,0.000134,0.000166,0.000149,0.000126,0.000098,0.000099,0.000078,0.000062,0.000065,0.000078,0.000069,0.000062,0.000058,0.000078,0.000091,0.000146,0.000138,0.000141,0.000120,0.000029,0.000018,0.000075,0.000153,0.000164,0.000157,0.000150,0.000113,0.000124,0.000066,0.000066,0.000142,0.000214
839,,,,,,,,,,,,,,0.000007,0.000137,0.000154,0.000104,0.000113,0.000151,0.000168,0.000161,0.000154,0.000126,0.000164,0.000150,0.000133,0.000141,0.000136,0.000139,0.000104,0.000087,0.000084,0.000069,0.000068,0.000078,0.000085,0.000062,0.000015,0.000010,0.000091,0.000132,0.000117,0.000099,0.000077,0.000078,0.000090,0.000050,0.000052,0.000467,0.000310
840,,,,,,,,,,,,,,0.000019,0.000474,0.000385,0.000265,0.000247,0.000281,0.000263,0.000221,0.000230,0.000189,0.000254,0.000233,0.000212,0.000184,0.000176,0.000185,0.000178,0.000168,0.000108,0.000086,0.000066,0.000055,0.000057,0.000043,0.000012,0.000006,0.000024,0.000063,0.000127,0.000103,0.000087,0.000116,0.000158,0.000107,0.000125,0.000440,0.000842
841,,,,,,,,,,,,,,0.000009,0.000217,0.000218,0.000142,0.000143,0.000155,0.000179,0.000169,0.000161,0.000145,0.000137,0.000127,0.000110,0.000105,0.000125,0.000109,0.000081,0.000074,0.000070,0.000060,0.000053,0.000045,0.000036,0.000035,0.000015,0.000011,0.000039,0.000086,0.000069,0.000084,0.000130,0.000147,0.000147,0.000132,0.000172,0.000195,0.000110
842,,,,,,,,,,,,,,0.000004,0.000077,0.000091,0.000055,0.000067,0.000091,0.000111,0.000144,0.000156,0.000161,0.000222,0.000250,0.000257,0.000302,0.000267,0.000211,0.000162,0.000114,0.000102,0.000067,0.000058,0.000061,0.000063,0.000062,0.000029,0.000022,0.000090,0.000149,0.000116,0.000133,0.000105,0.000101,0.000076,0.000048,0.000040,0.000052,0.000055
843,,,,,,,,,,,,,,0.000007,0.000163,0.000123,0.000106,0.000125,0.000161,0.000166,0.000168,0.000110,0.000122,0.000127,0.000124,0.000106,0.000105,0.000105,0.000101,0.000102,0.000110,0.000121,0.000083,0.000063,0.000062,0.000068,0.000074,0.000034,0.000042,0.000135,0.000132,0.000103,0.000093,0.000079,0.000087,0.000096,0.000062,0.000060,0.000170,0.000302
844,,,,,,,,,,,,,,0.000008,0.000154,0.000146,0.000156,0.000145,0.000165,0.000179,0.000164,0.000156,0.000166,0.000186,0.000167,0.000135,0.000124,0.000112,0.000101,0.000081,0.000076,0.000077,0.000086,0.000149,0.000188,0.000219,0.000175,0.000032,0.000017,0.000114,0.000302,0.000325,0.000312,0.000276,0.000263,0.000241,0.000092,0.000077,0.000133,0.000202
845,,,,,,,,,,,,,,0.000003,0.000112,0.000102,0.000064,0.000056,0.000067,0.000063,0.000061,0.000070,0.000055,0.000067,0.000074,0.000072,0.000076,0.000068,0.000075,0.000062,0.000054,0.000051,0.000041,0.000039,0.000039,0.000033,0.000027,0.000016,0.000012,0.000037,0.000057,0.000103,0.000122,0.000085,0.000132,0.000119,0.000089,0.000073,0.000082,0.000109
846,,,,,,,,,,,,,,0.000003,0.000066,0.000076,0.000057,0.000057,0.000078,0.000102,0.000128,0.000108,0.000084,0.000085,0.000078,0.000097,0.000107,0.000132,0.000168,0.000187,0.000224,0.000291,0.000296,0.000265,0.000166,0.000113,0.000061,0.000018,0.000011,0.000048,0.000078,0.000067,0.000048,0.000058,0.000065,0.000051,0.000042,0.000028,0.000071,0.000097
847,,,,,,,,,,,,,,0.000007,0.000161,0.000200,0.000090,0.000094,0.000129,0.000148,0.000148,0.000152,0.000120,0.000142,0.000127,0.000116,0.000117,0.000117,0.000109,0.000092,0.000084,0.000079,0.000068,0.000070,0.000055,0.000048,0.000036,0.000010,0.000008,0.000055,0.000120,0.000154,0.000147,0.000155,0.000161,0.000135,0.000099,0.000042,0.000120,0.000206
848,,,,,,,,,,,,,,0.000008,0.000241,0.000325,0.000147,0.000121,0.000136,0.000142,0.000155,0.000182,0.000214,0.000311,0.000294,0.000268,0.000270,0.000211,0.000178,0.000122,0.000102,0.000094,0.000072,0.000063,0.000051,0.000046,0.000036,0.000038,0.000015,0.000038,0.000091,0.000094,0.000063,0.000064,0.000081,0.000133,0.000059,0.000064,0.000130,0.000207
849,,,,,,,,,,,,,,0.000005,0.000182,0.000185,0.000177,0.000190,0.000220,0.000232,0.000234,0.000223,0.000231,0.000263,0.000264,0.000286,0.000335,0.000384,0.000510,0.000551,0.000645,0.000819,0.000817,0.000737,0.000494,0.000338,0.000173,0.000030,0.000015,0.000071,0.000124,0.000113,0.000088,0.000085,0.000082,0.000071,0.000048,0.000029,0.000056,0.000084
850,,,,,,,,,,,,,,0.000014,0.000160,0.000126,0.000093,0.000127,0.000185,0.000233,0.000259,0.000312,0.000304,0.000395,0.000447,0.000403,0.000472,0.000447,0.000415,0.000298,0.000263,0.000224,0.000172,0.000167,0.000128,0.000126,0.000104,0.000027,0.000019,0.000078,0.000125,0.000094,0.000083,0.000081,0.000123,0.000169,0.000120,0.000147,0.000478,0.000930
851,,,,,,,,,,,,,,0.000005,0.000121,0.000191,0.000098,0.000101,0.000110,0.000120,0.000109,0.000090,0.000098,0.000112,0.000104,0.000083,0.000086,0.000074,0.000070,0.000063,0.000064,0.000084,0.000086,0.000098,0.000081,0.000073,0.000047,0.000014,0.000018,0.000039,0.000069,0.000068,0.000062,0.000055,0.000051,0.000047,0.000036,0.000022,0.000044,0.000082
852,,,,,,,,,,,,,,0.000024,0.000555,0.000461,0.000314,0.000298,0.000312,0.000300,0.000240,0.000287,0.000159,0.000156,0.000138,0.000114,0.000104,0.000092,0.000093,0.000074,0.000055,0.000055,0.000049,0.000057,0.000057,0.000057,0.000049,0.000023,0.000017,0.000043,0.000074,0.000076,0.000071,0.000072,0.000087,0.000071,0.000035,0.000034,0.000051,0.000091
853,,,,,,,,,,,,,,0.000009,0.000277,0.000213,0.000170,0.000134,0.000143,0.000166,0.000144,0.000125,0.000127,0.000141,0.000120,0.000138,0.000105,0.000102,0.000113,0.000104,0.000093,0.000102,0.000089,0.000074,0.000050,0.000042,0.000028,0.000020,0.000022,0.000042,0.000071,0.000084,0.000073,0.000072,0.000103,0.000109,0.000072,0.000045,0.000063,0.000076
854,,,,,,,,,,,,,,0.000006,0.000192,0.000180,0.000119,0.000115,0.000134,0.000163,0.000162,0.000151,0.000161,0.000204,0.000192,0.000224,0.000200,0.000198,0.000143,0.000106,0.000069,0.000042,0.000032,0.000032,0.000040,0.000029,0.000045,0.000040,0.000044,0.000094,0.000134,0.000144,0.000140,0.000132,0.000142,0.000127,0.000101,0.000076,0.000101,0.000098
855,,,,,,,,,,,,,,0.000007,0.000145,0.000163,0.000094,0.000100,0.000126,0.000132,0.000105,0.000084,0.000066,0.000084,0.000063,0.000049,0.000056,0.000062,0.000061,0.000052,0.000059,0.000061,0.000065,0.000059,0.000053,0.000041,0.000032,0.000027,0.000019,0.000053,0.000093,0.000107,0.000135,0.000187,0.000153,0.000170,0.000087,0.000060,0.000111,0.000181
856,,,,,,,,,,,,,,0.000005,0.000127,0.000133,0.000098,0.000109,0.000127,0.000134,0.000139,0.000120,0.000117,0.000131,0.000113,0.000104,0.000097,0.000104,0.000118,0.000118,0.000103,0.000113,0.000101,0.000105,0.000082,0.000064,0.000053,0.000010,0.000007,0.000045,0.000108,0.000114,0.000105,0.000105,0.000117,0.000112,0.000069,0.000060,0.000160,0.000257
857,,,,,,,,,,,,,,0.000007,0.000258,0.000280,0.000353,0.000428,0.000498,0.000540,0.000473,0.000338,0.000281,0.000255,0.000216,0.000135,0.000127,0.000094,0.000101,0.000093,0.000079,0.000119,0.000160,0.000208,0.000150,0.000130,0.000086,0.000032,0.000023,0.000042,0.000060,0.000086,0.000111,0.000139,0.000130,0.000121,0.000088,0.000083,0.000167,0.000183
858,,,,,,,,,,,,,,0.000009,0.000239,0.000187,0.000154,0.000130,0.000145,0.000157,0.000150,0.000119,0.000105,0.000107,0.000102,0.000105,0.000121,0.000125,0.000131,0.000123,0.000126,0.000126,0.000111,0.000125,0.000094,0.000085,0.000055,0.000028,0.000018,0.000054,0.000081,0.000102,0.000088,0.000078,0.000059,0.000067,0.000097,0.000071,0.000147,0.000190
859,,,,,,,,,,,,,,0.000006,0.000113,0.000119,0.000070,0.000079,0.000098,0.000116,0.000106,0.000097,0.000084,0.000112,0.000102,0.000086,0.000095,0.000080,0.000076,0.000058,0.000057,0.000076,0.000100,0.000140,0.000135,0.000142,0.000119,0.000054,0.000065,0.000195,0.000223,0.000160,0.000140,0.000131,0.000109,0.000091,0.000049,0.000040,0.000110,0.000196
860,,,,,,,,,,,,,,0.000004,0.000101,0.000147,0.000132,0.000146,0.000212,0.000227,0.000215,0.000194,0.000195,0.000218,0.000180,0.000132,0.000124,0.000102,0.000114,0.000094,0.000115,0.000134,0.000146,0.000147,0.000169,0.000131,0.000106,0.000030,0.000017,0.000071,0.000134,0.000137,0.000104,0.000108,0.000094,0.000092,0.000057,0.000059,0.000090,0.000135
861,,,,,,,,,,,,,,0.000010,0.000282,0.000215,0.000172,0.000132,0.000166,0.000180,0.000173,0.000144,0.000125,0.000120,0.000099,0.000086,0.000088,0.000079,0.000078,0.000061,0.000056,0.000050,0.000048,0.000041,0.000034,0.000031,0.000028,0.000017,0.000012,0.000034,0.000051,0.000050,0.000052,0.000081,0.000087,0.000083,0.000049,0.000058,0.000122,0.000226
862,,,,,,,,,,,,,,0.000006,0.000204,0.000180,0.000076,0.000072,0.000097,0.000107,0.000121,0.000092,0.000087,0.000093,0.000085,0.000096,0.000080,0.000078,0.000075,0.000089,0.000068,0.000055,0.000048,0.000077,0.000073,0.000055,0.000049,0.000024,0.000014,0.000049,0.000089,0.000101,0.000107,0.000132,0.000215,0.000247,0.000142,0.000106,0.000230,0.000249
863,,,,,,,,,,,,,,0.000009,0.000270,0.000250,0.000252,0.000337,0.000359,0.000410,0.000407,0.000320,0.000307,0.000360,0.000305,0.000237,0.000277,0.000239,0.000223,0.000193,0.000176,0.000173,0.000146,0.000125,0.000100,0.000102,0.000073,0.000030,0.000019,0.000062,0.000084,0.000090,0.000072,0.000056,0.000064,0.000071,0.000048,0.000055,0.000117,0.000146
864,,,,,,,,,,,,,,0.000005,0.000193,0.000193,0.000249,0.000251,0.000349,0.000394,0.000378,0.000346,0.000290,0.000300,0.000264,0.000226,0.000184,0.000155,0.000116,0.000089,0.000066,0.000072,0.000075,0.000066,0.000057,0.000071,0.000077,0.000037,0.000026,0.000083,0.000153,0.000135,0.000099,0.000110,0.000118,0.000090,0.000075,0.000080,0.000153,0.000085
865,,,,,,,,,,,,,,0.000016,0.000336,0.000308,0.000295,0.000295,0.000375,0.000356,0.000313,0.000257,0.000190,0.000199,0.000165,0.000111,0.000118,0.000094,0.000094,0.000086,0.000069,0.000061,0.000055,0.000047,0.000040,0.000059,0.000066,0.000030,0.000035,0.000102,0.000211,0.000183,0.000138,0.000093,0.000088,0.000064,0.000042,0.000050,0.000122,0.000198
866,,,,,,,,,,,,,,0.000004,0.000097,0.000084,0.000089,0.000106,0.000150,0.000160,0.000137,0.000109,0.000095,0.000118,0.000102,0.000099,0.000087,0.000080,0.000077,0.000083,0.000083,0.000082,0.000056,0.000047,0.000036,0.000037,0.000033,0.000018,0.000014,0.000067,0.000104,0.000090,0.000071,0.000069,0.000081,0.000075,0.000049,0.000041,0.000117,0.000186
867,,,,,,,,,,,,,,0.000009,0.000214,0.000203,0.000165,0.000167,0.000201,0.000244,0.000309,0.000525,0.000370,0.000303,0.000253,0.000200,0.000159,0.000144,0.000125,0.000125,0.000142,0.000134,0.000127,0.000133,0.000101,0.000089,0.000054,0.000017,0.000018,0.000072,0.000138,0.000173,0.000159,0.000158,0.000123,0.000114,0.000106,0.000072,0.000142,0.000183
868,,,,,,,,,,,,,,0.000004,0.000092,0.000091,0.000090,0.000125,0.000178,0.000241,0.000318,0.000419,0.000509,0.000901,0.001020,0.000956,0.001073,0.000898,0.000745,0.000503,0.000325,0.000263,0.000154,0.000117,0.000077,0.000057,0.000040,0.000012,0.000010,0.000041,0.000078,0.000071,0.000067,0.000075,0.000068,0.000056,0.000060,0.000047,0.000085,0.000117
869,,,,,,,,,,,,,,0.000005,0.000137,0.000148,0.000147,0.000165,0.000224,0.000281,0.000288,0.000272,0.000232,0.000294,0.000247,0.000217,0.000233,0.000222,0.000212,0.000191,0.000173,0.000177,0.000153,0.000128,0.000122,0.000148,0.000150,0.000051,0.000030,0.000106,0.000153,0.000150,0.000133,0.000093,0.000087,0.000074,0.000045,0.000048,0.000071,0.000117
870,,,,,,,,,,,,,,0.000007,0.000178,0.000168,0.000114,0.000106,0.000141,0.000149,0.000135,0.000088,0.000086,0.000058,0.000053,0.000074,0.000079,0.000060,0.000052,0.000077,0.000069,0.000079,0.000105,0.000108,0.000075,0.000071,0.000067,0.000045,0.000034,0.000148,0.000187,0.000206,0.000186,0.000226,0.000186,0.000137,0.000127,0.000105,0.000151,0.000188
871,,,,,,,,,,,,,,0.000015,0.000237,0.000220,0.000177,0.000182,0.000261,0.000271,0.000272,0.000224,0.000190,0.000228,0.000215,0.000192,0.000199,0.000181,0.000179,0.000154,0.000112,0.000079,0.000072,0.000095,0.000121,0.000145,0.000115,0.000029,0.000012,0.000073,0.000116,0.000105,0.000074,0.000061,0.000063,0.000053,0.000041,0.000047,0.000240,0.000554
872,,,,,,,,,,,,,,0.000005,0.000157,0.000138,0.000122,0.000157,0.000181,0.000199,0.000208,0.000170,0.000124,0.000135,0.000123,0.000127,0.000118,0.000109,0.000108,0.000097,0.000089,0.000090,0.000082,0.000083,0.000066,0.000066,0.000053,0.000018,0.000009,0.000046,0.000079,0.000086,0.000073,0.000072,0.000068,0.000054,0.000028,0.000040,0.000102,0.000158
873,,,,,,,,,,,,,,0.000009,0.000241,0.000259,0.000180,0.000172,0.000195,0.000243,0.000224,0.000206,0.000173,0.000221,0.000214,0.000175,0.000231,0.000228,0.000241,0.000185,0.000163,0.000139,0.000102,0.000094,0.000078,0.000111,0.000068,0.000016,0.000013,0.000068,0.000169,0.000208,0.000186,0.000163,0.000179,0.000162,0.000089,0.000059,0.000122,0.000196
874,,,,,,,,,,,,,,0.000012,0.000356,0.000328,0.000270,0.000228,0.000334,0.000309,0.000237,0.000172,0.000139,0.000171,0.000137,0.000114,0.000103,0.000110,0.000121,0.000117,0.000128,0.000127,0.000112,0.000109,0.000081,0.000065,0.000054,0.000015,0.000007,0.000043,0.000089,0.000103,0.000086,0.000093,0.000114,0.000120,0.000069,0.000059,0.000184,0.000299
875,,,,,,,,,,,,,,0.000007,0.000189,0.000089,0.000102,0.000104,0.000133,0.000153,0.000107,0.000090,0.000082,0.000092,0.000084,0.000072,0.000076,0.000083,0.000095,0.000107,0.000159,0.000201,0.000216,0.000239,0.000219,0.000176,0.000134,0.000031,0.000019,0.000061,0.000097,0.000118,0.000128,0.000120,0.000184,0.000165,0.000132,0.000245,0.000316,0.000444
876,,,,,,,,,,,,,,0.000011,0.000278,0.000282,0.000229,0.000223,0.000252,0.000263,0.000255,0.000201,0.000161,0.000189,0.000184,0.000158,0.000205,0.000202,0.000229,0.000217,0.000223,0.000248,0.000183,0.000146,0.000102,0.000080,0.000059,0.000013,0.000006,0.000041,0.000079,0.000085,0.000076,0.000060,0.000082,0.000082,0.000040,0.000131,0.000121,0.000186
877,,,,,,,,,,,,,,0.000007,0.000148,0.000142,0.000099,0.000114,0.000145,0.000155,0.000188,0.000287,0.000269,0.000229,0.000237,0.000371,0.000224,0.000225,0.000133,0.000110,0.000071,0.000070,0.000053,0.000049,0.000059,0.000067,0.000060,0.000032,0.000030,0.000140,0.000276,0.000295,0.000285,0.000272,0.000243,0.000211,0.000095,0.000071,0.000140,0.000173
878,,,,,,,,,,,,,,0.000004,0.000092,0.000088,0.000079,0.000097,0.000133,0.000187,0.000224,0.000185,0.000138,0.000192,0.000180,0.000127,0.000107,0.000125,0.000119,0.000100,0.000106,0.000125,0.000106,0.000099,0.000079,0.000159,0.000166,0.000050,0.000023,0.000070,0.000138,0.000140,0.000143,0.000131,0.000143,0.000153,0.000076,0.000058,0.000126,0.000204
879,,,,,,,,,,,,,,0.000013,0.000345,0.000411,0.000363,0.000393,0.000497,0.000550,0.000514,0.000476,0.000450,0.000458,0.000422,0.000357,0.000477,0.000526,0.000567,0.000516,0.000513,0.000512,0.000407,0.000372,0.000278,0.000236,0.000161,0.000024,0.000018,0.000116,0.000231,0.000192,0.000175,0.000139,0.000155,0.000171,0.000080,0.000067,0.000240,0.000411
880,,,,,,,,,,,,,,0.000006,0.000202,0.000200,0.000241,0.000303,0.000342,0.000416,0.000438,0.000379,0.000370,0.000425,0.000431,0.000464,0.000495,0.000524,0.000572,0.000522,0.000548,0.000612,0.000586,0.000540,0.000395,0.000309,0.000201,0.000046,0.000040,0.000124,0.000241,0.000225,0.000178,0.000189,0.000180,0.000185,0.000120,0.000103,0.000153,0.000188
881,,,,,,,,,,,,,,0.000007,0.000120,0.000113,0.000109,0.000097,0.000099,0.000140,0.000136,0.000119,0.000101,0.000152,0.000135,0.000123,0.000099,0.000078,0.000051,0.000072,0.000058,0.000046,0.000075,0.000111,0.000120,0.000173,0.000203,0.000077,0.000055,0.000133,0.000187,0.000166,0.000158,0.000215,0.000215,0.000199,0.000113,0.000082,0.000160,0.000201
882,,,,,,,,,,,,,,0.000008,0.000190,0.000179,0.000117,0.000110,0.000110,0.000136,0.000149,0.000114,0.000115,0.000142,0.000161,0.000189,0.000174,0.000192,0.000180,0.000133,0.000109,0.000131,0.000146,0.000166,0.000165,0.000168,0.000122,0.000038,0.000028,0.000066,0.000100,0.000096,0.000067,0.000078,0.000094,0.000080,0.000061,0.000058,0.000104,0.000150
883,,,,,,,,,,,,,,0.000007,0.000305,0.000379,0.000576,0.000648,0.000795,0.000817,0.000647,0.000473,0.000337,0.000351,0.000271,0.000221,0.000177,0.000123,0.000103,0.000073,0.000069,0.000059,0.000064,0.000060,0.000054,0.000050,0.000039,0.000022,0.000012,0.000038,0.000065,0.000078,0.000080,0.000074,0.000054,0.000063,0.000053,0.000042,0.000068,0.000087
884,,,,,,,,,,,,,,0.000003,0.000084,0.000119,0.000114,0.000160,0.000222,0.000245,0.000223,0.000155,0.000143,0.000143,0.000117,0.000100,0.000095,0.000091,0.000083,0.000098,0.000086,0.000112,0.000141,0.000193,0.000207,0.000169,0.000160,0.000050,0.000020,0.000072,0.000116,0.000098,0.000083,0.000081,0.000089,0.000084,0.000037,0.000035,0.000070,0.000110
885,,,,,,,,,,,,,,0.000011,0.000285,0.000278,0.000306,0.000365,0.000468,0.000521,0.000434,0.000332,0.000251,0.000271,0.000232,0.000210,0.000187,0.000163,0.000157,0.000124,0.000105,0.000088,0.000084,0.000092,0.000088,0.000069,0.000048,0.000029,0.000024,0.000052,0.000100,0.000118,0.000143,0.000193,0.000219,0.000213,0.000149,0.000200,0.000201,0.000217
886,,,,,,,,,,,,,,0.000004,0.000113,0.000100,0.000088,0.000099,0.000109,0.000090,0.000101,0.000073,0.000071,0.000085,0.000092,0.000106,0.000110,0.000111,0.000102,0.000104,0.000105,0.000131,0.000148,0.000183,0.000187,0.000185,0.000125,0.000032,0.000018,0.000079,0.000124,0.000112,0.000082,0.000078,0.000128,0.000136,0.000091,0.000074,0.000110,0.000076
887,,,,,,,,,,,,,,0.000010,0.000352,0.000416,0.000363,0.000417,0.000485,0.000583,0.000496,0.000350,0.000275,0.000261,0.000224,0.000197,0.000166,0.000132,0.000086,0.000073,0.000046,0.000049,0.000051,0.000043,0.000037,0.000069,0.000057,0.000041,0.000031,0.000068,0.000098,0.000098,0.000088,0.000095,0.000098,0.000100,0.000107,0.000112,0.000149,0.000165
888,,,,,,,,,,,,,,0.000006,0.000120,0.000114,0.000098,0.000098,0.000129,0.000152,0.000160,0.000155,0.000336,0.000194,0.000182,0.000186,0.000188,0.000189,0.000201,0.000236,0.000299,0.000409,0.000481,0.000404,0.000325,0.000212,0.000130,0.000036,0.000013,0.000072,0.000105,0.000096,0.000080,0.000073,0.000072,0.000063,0.000040,0.000039,0.000110,0.000183
889,,,,,,,,,,,,,,0.000020,0.000374,0.000327,0.000245,0.000257,0.000285,0.000254,0.000243,0.000210,0.000172,0.000222,0.000192,0.000150,0.000180,0.000173,0.000176,0.000162,0.000153,0.000157,0.000128,0.000117,0.000089,0.000084,0.000054,0.000011,0.000015,0.000090,0.000174,0.000192,0.000133,0.000104,0.000112,0.000102,0.000059,0.000051,0.000145,0.000241
890,,,,,,,,,,,,,,0.000008,0.000202,0.000190,0.000141,0.000135,0.000181,0.000193,0.000153,0.000100,0.000104,0.000105,0.000108,0.000107,0.000110,0.000129,0.000099,0.000083,0.000061,0.000052,0.000047,0.000044,0.000057,0.000080,0.000109,0.000063,0.000028,0.000055,0.000067,0.000075,0.000108,0.000126,0.000120,0.000090,0.000084,0.000068,0.000152,0.000185
891,,,,,,,,,,,,,,0.000003,0.000140,0.000133,0.000150,0.000157,0.000150,0.000162,0.000163,0.000153,0.000142,0.000132,0.000117,0.000091,0.000105,0.000103,0.000093,0.000082,0.000071,0.000076,0.000088,0.000115,0.000125,0.000126,0.000093,0.000028,0.000021,0.000048,0.000075,0.000076,0.000078,0.000072,0.000083,0.000070,0.000043,0.000059,0.000069,0.000087
892,,,,,,,,,,,,,,0.000003,0.000078,0.000070,0.000051,0.000049,0.000057,0.000057,0.000060,0.000067,0.000064,0.000064,0.000077,0.000104,0.000100,0.000110,0.000095,0.000072,0.000090,0.000104,0.000087,0.000094,0.000098,0.000099,0.000104,0.000044,0.000029,0.000045,0.000088,0.000093,0.000091,0.000090,0.000085,0.000059,0.000035,0.000028,0.000063,0.000099
893,,,,,,,,,,,,,,0.000009,0.000232,0.000260,0.000233,0.000251,0.000314,0.000366,0.000346,0.000318,0.000295,0.000345,0.000307,0.000244,0.000265,0.000236,0.000212,0.000149,0.000134,0.000135,0.000123,0.000125,0.000106,0.000123,0.000125,0.000055,0.000034,0.000135,0.000128,0.000104,0.000083,0.000077,0.000079,0.000069,0.000025,0.000028,0.000084,0.000170
894,,,,,,,,,,,,,,0.000008,0.000444,0.000288,0.000198,0.000183,0.000208,0.000233,0.000239,0.000199,0.000156,0.000200,0.000181,0.000156,0.000172,0.000160,0.000201,0.000186,0.000196,0.000148,0.000137,0.000140,0.000160,0.000170,0.000143,0.000057,0.000011,0.000060,0.000098,0.000083,0.000077,0.000074,0.000084,0.000094,0.000053,0.000054,0.000100,0.000143
895,,,,,,,,,,,,,,0.000004,0.000077,0.000106,0.000170,0.000297,0.000464,0.000667,0.000681,0.000609,0.000488,0.000613,0.000480,0.000335,0.000335,0.000268,0.000229,0.000170,0.000139,0.000128,0.000102,0.000090,0.000079,0.000077,0.000050,0.000013,0.000006,0.000039,0.000088,0.000100,0.000110,0.000089,0.000084,0.000078,0.000028,0.000039,0.000108,0.000168
896,,,,,,,,,,,,,,0.000012,0.000179,0.000149,0.000120,0.000165,0.000221,0.000159,0.000128,0.000191,0.000200,0.000191,0.000188,0.000198,0.000180,0.000210,0.000185,0.000177,0.000172,0.000205,0.000211,0.000190,0.000163,0.000144,0.000134,0.000043,0.000034,0.000140,0.000305,0.000376,0.000400,0.000414,0.000482,0.000492,0.000290,0.000351,0.000696,0.000847
897,,,,,,,,,,,,,,0.000006,0.000118,0.000093,0.000082,0.000085,0.000128,0.000130,0.000134,0.000126,0.000107,0.000108,0.000115,0.000108,0.000125,0.000125,0.000119,0.000107,0.000095,0.000096,0.000096,0.000079,0.000076,0.000054,0.000042,0.000026,0.000028,0.000083,0.000149,0.000137,0.000110,0.000102,0.000114,0.000111,0.000052,0.000054,0.000159,0.000245
898,,,,,,,,,,,,,,0.000013,0.000373,0.000282,0.000202,0.000269,0.000280,0.000285,0.000265,0.000240,0.000192,0.000262,0.000229,0.000202,0.000150,0.000135,0.000098,0.000073,0.000058,0.000062,0.000069,0.000079,0.000078,0.000090,0.000062,0.000023,0.000018,0.000065,0.000096,0.000069,0.000068,0.000068,0.000075,0.000079,0.000071,0.000113,0.000156,0.000279
899,,,,,,,,,,,,,,0.000009,0.000391,0.000437,0.000499,0.000496,0.000555,0.000636,0.000608,0.000590,0.000494,0.000593,0.000527,0.000470,0.000432,0.000397,0.000351,0.000275,0.000238,0.000227,0.000194,0.000184,0.000145,0.000122,0.000087,0.000017,0.000011,0.000039,0.000080,0.000074,0.000068,0.000066,0.000065,0.000037,0.000020,0.000019,0.000048,0.000060
900,,,,,,,,,,,,,,0.000013,0.000248,0.000265,0.000244,0.000263,0.000346,0.000325,0.000276,0.000232,0.000219,0.000248,0.000208,0.000162,0.000195,0.000182,0.000188,0.000165,0.000166,0.000157,0.000115,0.000098,0.000068,0.000067,0.000049,0.000019,0.000016,0.000192,0.000332,0.000292,0.000223,0.000200,0.000182,0.000179,0.000106,0.000094,0.000369,0.000667
901,,,,,,,,,,,,,,0.000012,0.000205,0.000173,0.000144,0.000137,0.000187,0.000216,0.000215,0.000209,0.000185,0.000254,0.000238,0.000213,0.000237,0.000234,0.000221,0.000177,0.000157,0.000148,0.000121,0.000117,0.000089,0.000083,0.000066,0.000012,0.000009,0.000102,0.000287,0.000313,0.000310,0.000319,0.000326,0.000300,0.000139,0.000105,0.000371,0.000598
902,,,,,,,,,,,,,,0.000015,0.000441,0.000428,0.000328,0.000333,0.000366,0.000379,0.000319,0.000296,0.000234,0.000281,0.000253,0.000194,0.000234,0.000223,0.000243,0.000231,0.000218,0.000211,0.000178,0.000168,0.000117,0.000099,0.000061,0.000013,0.000008,0.000049,0.000109,0.000100,0.000097,0.000090,0.000101,0.000096,0.000052,0.000087,0.000155,0.000255
903,,,,,,,,,,,,,,0.000005,0.000183,0.000209,0.000199,0.000217,0.000316,0.000405,0.000425,0.000419,0.000424,0.000543,0.000424,0.000338,0.000357,0.000297,0.000262,0.000201,0.000181,0.000152,0.000134,0.000125,0.000101,0.000086,0.000061,0.000021,0.000013,0.000056,0.000113,0.000103,0.000093,0.000103,0.000107,0.000094,0.000062,0.000060,0.000135,0.000159
904,,,,,,,,,,,,,,0.000006,0.000119,0.000116,0.000094,0.000095,0.000143,0.000175,0.000187,0.000184,0.000161,0.000198,0.000184,0.000160,0.000166,0.000167,0.000149,0.000113,0.000115,0.000117,0.000106,0.000100,0.000070,0.000056,0.000041,0.000009,0.000006,0.000037,0.000089,0.000093,0.000118,0.000143,0.000154,0.000221,0.000215,0.000196,0.000147,0.000195
905,,,,,,,,,,,,,,0.000004,0.000106,0.000086,0.000071,0.000063,0.000065,0.000070,0.000085,0.000054,0.000070,0.000056,0.000048,0.000052,0.000041,0.000041,0.000039,0.000037,0.000034,0.000039,0.000034,0.000041,0.000049,0.000057,0.000043,0.000018,0.000012,0.000048,0.000086,0.000096,0.000086,0.000108,0.000146,0.000165,0.000093,0.000057,0.000081,0.000111
906,,,,,,,,,,,,,,0.000009,0.000187,0.000175,0.000140,0.000129,0.000123,0.000109,0.000078,0.000073,0.000069,0.000093,0.000095,0.000079,0.000071,0.000053,0.000026,0.000023,0.000023,0.000028,0.000036,0.000030,0.000028,0.000033,0.000037,0.000024,0.000022,0.000061,0.000093,0.000101,0.000077,0.000128,0.000153,0.000228,0.000154,0.000088,0.000148,0.000248
907,,,,,,,,,,,,,,0.000004,0.000097,0.000084,0.000063,0.000057,0.000074,0.000108,0.000129,0.000135,0.000149,0.000205,0.000240,0.000208,0.000242,0.000195,0.000161,0.000102,0.000065,0.000051,0.000058,0.000056,0.000060,0.000064,0.000073,0.000043,0.000032,0.000089,0.000119,0.000121,0.000120,0.000127,0.000143,0.000102,0.000079,0.000083,0.000148,0.000160
908,,,,,,,,,,,,,,0.000029,0.000584,0.000516,0.000358,0.000345,0.000415,0.000444,0.000382,0.000323,0.000265,0.000359,0.000304,0.000241,0.000256,0.000238,0.000217,0.000188,0.000177,0.000180,0.000165,0.000196,0.000164,0.000174,0.000121,0.000022,0.000011,0.000080,0.000137,0.000112,0.000123,0.000115,0.000102,0.000125,0.000060,0.000045,0.000202,0.000414
909,,,,,,,,,,,,,,0.000009,0.000186,0.000153,0.000136,0.000125,0.000122,0.000110,0.000112,0.000095,0.000097,0.000116,0.000114,0.000122,0.000119,0.000124,0.000133,0.000130,0.000166,0.000221,0.000282,0.000322,0.000268,0.000256,0.000146,0.000034,0.000018,0.000063,0.000084,0.000079,0.000084,0.000088,0.000112,0.000151,0.000113,0.000059,0.000091,0.000125
910,,,,,,,,,,,,,,0.000008,0.000206,0.000192,0.000221,0.000262,0.000345,0.000391,0.000334,0.000300,0.000253,0.000252,0.000201,0.000149,0.000147,0.000129,0.000117,0.000091,0.000092,0.000101,0.000109,0.000125,0.000105,0.000089,0.000059,0.000026,0.000015,0.000036,0.000038,0.000023,0.000025,0.000045,0.000043,0.000046,0.000027,0.000137,0.000095,0.000158
911,,,,,,,,,,,,,,0.000012,0.000397,0.000378,0.000338,0.000342,0.000411,0.000484,0.000474,0.000429,0.000398,0.000505,0.000476,0.000414,0.000475,0.000456,0.000451,0.000370,0.000344,0.000336,0.000283,0.000263,0.000216,0.000198,0.000130,0.000032,0.000016,0.000116,0.000286,0.000336,0.000322,0.000265,0.000221,0.000161,0.000084,0.000038,0.000060,0.000139
912,,,,,,,,,,,,,,0.000006,0.000124,0.000116,0.000093,0.000110,0.000122,0.000135,0.000142,0.000108,0.000150,0.000139,0.000124,0.000121,0.000126,0.000106,0.000128,0.000127,0.000166,0.000197,0.000174,0.000156,0.000128,0.000090,0.000059,0.000018,0.000011,0.000021,0.000050,0.000079,0.000071,0.000048,0.000074,0.000075,0.000053,0.000041,0.000071,0.000113
913,,,,,,,,,,,,,,0.000003,0.000070,0.000072,0.000066,0.000079,0.000137,0.000133,0.000106,0.000090,0.000070,0.000091,0.000095,0.000092,0.000117,0.000125,0.000129,0.000107,0.000110,0.000107,0.000116,0.000153,0.000163,0.000167,0.000122,0.000028,0.000009,0.000068,0.000192,0.000241,0.000248,0.000243,0.000196,0.000144,0.000061,0.000040,0.000066,0.000088
914,,,,,,,,,,,,,,0.000007,0.000184,0.000140,0.000120,0.000136,0.000177,0.000242,0.000235,0.000200,0.000160,0.000163,0.000142,0.000131,0.000145,0.000137,0.000146,0.000140,0.000128,0.000133,0.000149,0.000173,0.000153,0.000150,0.000134,0.000048,0.000023,0.000055,0.000110,0.000140,0.000148,0.000147,0.000108,0.000130,0.000087,0.000092,0.000156,0.000222
915,,,,,,,,,,,,,,0.000007,0.000202,0.000208,0.000126,0.000126,0.000126,0.000130,0.000135,0.000105,0.000103,0.000128,0.000128,0.000110,0.000145,0.000218,0.000154,0.000137,0.000123,0.000118,0.000097,0.000089,0.000077,0.000052,0.000045,0.000025,0.000017,0.000035,0.000075,0.000080,0.000089,0.000092,0.000081,0.000068,0.000077,0.000053,0.000097,0.000144
916,,,,,,,,,,,,,,0.000006,0.000122,0.000187,0.000152,0.000112,0.000136,0.000141,0.000159,0.000129,0.000133,0.000179,0.000190,0.000209,0.000310,0.000391,0.000475,0.000480,0.000396,0.000345,0.000255,0.000210,0.000136,0.000101,0.000060,0.000014,0.000008,0.000038,0.000044,0.000039,0.000037,0.000039,0.000050,0.000062,0.000039,0.000051,0.000178,0.000320
917,,,,,,,,,,,,,,0.000005,0.000114,0.000113,0.000097,0.000128,0.000224,0.000318,0.000357,0.000367,0.000379,0.000441,0.000392,0.000324,0.000330,0.000321,0.000293,0.000245,0.000188,0.000155,0.000119,0.000095,0.000062,0.000044,0.000028,0.000013,0.000010,0.000041,0.000089,0.000105,0.000093,0.000078,0.000072,0.000052,0.000054,0.000050,0.000086,0.000134
918,,,,,,,,,,,,,,0.000004,0.000115,0.000092,0.000123,0.000111,0.000122,0.000150,0.000157,0.000117,0.000107,0.000098,0.000087,0.000086,0.000073,0.000073,0.000068,0.000059,0.000067,0.000068,0.000081,0.000106,0.000095,0.000102,0.000090,0.000076,0.000058,0.000122,0.000187,0.000171,0.000168,0.000170,0.000172,0.000171,0.000113,0.000116,0.000186,0.000233
919,,,,,,,,,,,,,,0.000005,0.000188,0.000215,0.000277,0.000421,0.000583,0.000663,0.000527,0.000444,0.000327,0.000380,0.000298,0.000203,0.000178,0.000141,0.000111,0.000082,0.000060,0.000049,0.000040,0.000032,0.000022,0.000021,0.000027,0.000014,0.000014,0.000050,0.000085,0.000082,0.000099,0.000075,0.000077,0.000085,0.000062,0.000058,0.000104,0.000144
920,,,,,,,,,,,,,,0.000005,0.000039,0.000035,0.000021,0.000025,0.000032,0.000039,0.000051,0.000065,0.000066,0.000059,0.000054,0.000059,0.000057,0.000064,0.000061,0.000060,0.000056,0.000075,0.000092,0.000103,0.000135,0.000145,0.000147,0.000069,0.000042,0.000129,0.000232,0.000232,0.000175,0.000171,0.000184,0.000171,0.000135,0.000108,0.000203,0.000325
921,,,,,,,,,,,,,,0.000010,0.000191,0.000177,0.000177,0.000276,0.000431,0.000570,0.000563,0.000613,0.000481,0.000507,0.000434,0.000329,0.000341,0.000334,0.000288,0.000243,0.000215,0.000209,0.000167,0.000153,0.000117,0.000103,0.000075,0.000026,0.000012,0.000086,0.000164,0.000150,0.000156,0.000162,0.000177,0.000194,0.000120,0.000133,0.000462,0.000724
922,,,,,,,,,,,,,,0.000010,0.000213,0.000215,0.000165,0.000162,0.000170,0.000196,0.000415,0.000258,0.000142,0.000125,0.000101,0.000100,0.000094,0.000078,0.000067,0.000064,0.000054,0.000051,0.000044,0.000039,0.000033,0.000036,0.000024,0.000020,0.000021,0.000109,0.000307,0.000340,0.000260,0.000234,0.000235,0.000215,0.000143,0.000101,0.000121,0.000231
923,,,,,,,,,,,,,,0.000019,0.000544,0.000452,0.000330,0.000305,0.000334,0.000485,0.000503,0.000443,0.000263,0.000320,0.000267,0.000240,0.000220,0.000209,0.000241,0.000234,0.000278,0.000363,0.000394,0.000353,0.000211,0.000161,0.000113,0.000036,0.000020,0.000035,0.000049,0.000055,0.000062,0.000085,0.000094,0.000106,0.000066,0.000057,0.000133,0.000217
924,,,,,,,,,,,,,,0.000010,0.000425,0.000311,0.000263,0.000288,0.000334,0.000370,0.000330,0.000280,0.000220,0.000234,0.000195,0.000139,0.000156,0.000154,0.000160,0.000142,0.000151,0.000169,0.000157,0.000177,0.000151,0.000139,0.000099,0.000020,0.000008,0.000038,0.000069,0.000066,0.000054,0.000048,0.000054,0.000051,0.000051,0.000211,0.000113,0.000165
925,,,,,,,,,,,,,,0.000007,0.000149,0.000190,0.000158,0.000123,0.000119,0.000118,0.000132,0.000152,0.000147,0.000201,0.000210,0.000201,0.000182,0.000139,0.000102,0.000081,0.000073,0.000093,0.000090,0.000080,0.000066,0.000072,0.000080,0.000043,0.000048,0.000208,0.000244,0.000225,0.000203,0.000209,0.000178,0.000147,0.000064,0.000045,0.000115,0.000191
926,,,,,,,,,,,,,,0.000008,0.000209,0.000213,0.000199,0.000246,0.000317,0.000383,0.000361,0.000254,0.000204,0.000203,0.000176,0.000147,0.000160,0.000159,0.000158,0.000133,0.000112,0.000110,0.000093,0.000079,0.000069,0.000100,0.000101,0.000027,0.000018,0.000062,0.000122,0.000142,0.000146,0.000148,0.000124,0.000089,0.000060,0.000064,0.000141,0.000182
927,,,,,,,,,,,,,,0.000007,0.000163,0.000163,0.000116,0.000129,0.000149,0.000147,0.000162,0.000165,0.000130,0.000168,0.000185,0.000175,0.000251,0.000288,0.000396,0.000453,0.000493,0.000537,0.000416,0.000324,0.000209,0.000159,0.000092,0.000020,0.000011,0.000069,0.000135,0.000144,0.000139,0.000119,0.000125,0.000138,0.000080,0.000086,0.000225,0.000399
928,,,,,,,,,,,,,,0.000008,0.000135,0.000120,0.000119,0.000099,0.000118,0.000123,0.000138,0.000149,0.000171,0.000199,0.000189,0.000161,0.000161,0.000119,0.000096,0.000072,0.000052,0.000039,0.000037,0.000039,0.000039,0.000050,0.000038,0.000014,0.000015,0.000043,0.000112,0.000183,0.000167,0.000150,0.000170,0.000178,0.000158,0.000235,0.000301,0.000506
929,,,,,,,,,,,,,,0.000008,0.000139,0.000136,0.000109,0.000158,0.000181,0.000177,0.000132,0.000133,0.000124,0.000117,0.000114,0.000101,0.000104,0.000111,0.000102,0.000090,0.000093,0.000076,0.000065,0.000060,0.000055,0.000043,0.000032,0.000011,0.000012,0.000074,0.000139,0.000133,0.000120,0.000134,0.000138,0.000125,0.000082,0.000087,0.000290,0.000242
930,,,,,,,,,,,,,,0.000008,0.000271,0.000273,0.000257,0.000359,0.000514,0.000601,0.000620,0.000471,0.000358,0.000415,0.000416,0.000361,0.000296,0.000245,0.000186,0.000127,0.000096,0.000096,0.000086,0.000087,0.000055,0.000066,0.000057,0.000031,0.000018,0.000070,0.000130,0.000135,0.000128,0.000115,0.000108,0.000117,0.000106,0.000066,0.000183,0.000278
931,,,,,,,,,,,,,,0.000007,0.000208,0.000244,0.000169,0.000142,0.000162,0.000156,0.000166,0.000155,0.000121,0.000164,0.000151,0.000142,0.000120,0.000099,0.000101,0.000100,0.000106,0.000100,0.000109,0.000099,0.000081,0.000058,0.000056,0.000031,0.000027,0.000081,0.000126,0.000130,0.000132,0.000152,0.000154,0.000200,0.000191,0.000225,0.000293,0.000255
932,,,,,,,,,,,,,,0.000007,0.000341,0.000383,0.000156,0.000147,0.000165,0.000179,0.000187,0.000127,0.000138,0.000143,0.000135,0.000139,0.000160,0.000145,0.000121,0.000098,0.000073,0.000059,0.000042,0.000074,0.000130,0.000086,0.000058,0.000042,0.000031,0.000082,0.000135,0.000151,0.000167,0.000242,0.000247,0.000251,0.000169,0.000110,0.000224,0.000253
933,,,,,,,,,,,,,,0.000008,0.000360,0.000256,0.000122,0.000114,0.000142,0.000138,0.000128,0.000109,0.000102,0.000118,0.000109,0.000096,0.000087,0.000129,0.000121,0.000122,0.000101,0.000093,0.000070,0.000057,0.000060,0.000098,0.000098,0.000036,0.000041,0.000197,0.000401,0.000349,0.000260,0.000208,0.000198,0.000147,0.000114,0.000155,0.000273,0.000299
934,,,,,,,,,,,,,,0.000005,0.000126,0.000134,0.000068,0.000075,0.000099,0.000122,0.000100,0.000089,0.000095,0.000090,0.000062,0.000051,0.000052,0.000042,0.000043,0.000035,0.000034,0.000029,0.000032,0.000050,0.000050,0.000056,0.000038,0.000017,0.000019,0.000059,0.000143,0.000152,0.000152,0.000180,0.000187,0.000215,0.000194,0.000091,0.000088,0.000105
935,,,,,,,,,,,,,,0.000014,0.000392,0.000380,0.000226,0.000211,0.000223,0.000220,0.000222,0.000170,0.000178,0.000190,0.000172,0.000144,0.000156,0.000158,0.000151,0.000125,0.000117,0.000117,0.000109,0.000103,0.000076,0.000094,0.000052,0.000013,0.000012,0.000063,0.000172,0.000188,0.000189,0.000236,0.000291,0.000361,0.000223,0.000129,0.000243,0.000298
936,,,,,,,,,,,,,,0.000008,0.000209,0.000183,0.000114,0.000114,0.000120,0.000122,0.000107,0.000108,0.000125,0.000149,0.000133,0.000156,0.000146,0.000140,0.000120,0.000095,0.000075,0.000068,0.000055,0.000046,0.000037,0.000038,0.000029,0.000018,0.000015,0.000066,0.000132,0.000134,0.000126,0.000153,0.000181,0.000173,0.000193,0.000137,0.000256,0.000373
937,,,,,,,,,,,,,,0.000005,0.000185,0.000175,0.000132,0.000135,0.000167,0.000190,0.000167,0.000163,0.000126,0.000143,0.000156,0.000137,0.000143,0.000163,0.000168,0.000099,0.000091,0.000094,0.000084,0.000073,0.000058,0.000053,0.000035,0.000022,0.000019,0.000045,0.000051,0.000050,0.000063,0.000060,0.000048,0.000041,0.000037,0.000036,0.000078,0.000128
938,,,,,,,,,,,,,,0.000008,0.000199,0.000197,0.000149,0.000115,0.000128,0.000123,0.000137,0.000123,0.000097,0.000109,0.000085,0.000084,0.000040,0.000016,0.000002,0.000005,0.000030,0.000028,0.000080,0.000200,0.000268,0.000330,0.000265,0.000100,0.000065,0.000215,0.000470,0.000475,0.000349,0.000318,0.000388,0.000350,0.000183,0.000141,0.000300,0.000408
939,,,,,,,,,,,,,,0.000008,0.000196,0.000183,0.000103,0.000120,0.000141,0.000178,0.000269,0.000250,0.000197,0.000218,0.000248,0.000272,0.000284,0.000237,0.000225,0.000150,0.000125,0.000126,0.000130,0.000095,0.000074,0.000072,0.000055,0.000023,0.000020,0.000151,0.000088,0.000101,0.000077,0.000073,0.000071,0.000059,0.000053,0.000055,0.000101,0.000177
940,,,,,,,,,,,,,,0.000015,0.000270,0.000246,0.000216,0.000195,0.000222,0.000230,0.000219,0.000178,0.000176,0.000183,0.000193,0.000180,0.000214,0.000233,0.000247,0.000238,0.000203,0.000179,0.000126,0.000103,0.000072,0.000058,0.000037,0.000012,0.000007,0.000032,0.000092,0.000098,0.000104,0.000101,0.000136,0.000164,0.000145,0.000136,0.000430,0.000789
941,,,,,,,,,,,,,,0.000009,0.000213,0.000203,0.000171,0.000162,0.000175,0.000172,0.000150,0.000136,0.000104,0.000128,0.000118,0.000095,0.000095,0.000088,0.000075,0.000055,0.000055,0.000033,0.000019,0.000030,0.000066,0.000138,0.000193,0.000093,0.000061,0.000150,0.000196,0.000176,0.000118,0.000101,0.000070,0.000056,0.000038,0.000025,0.000071,0.000110
942,,,,,,,,,,,,,,0.000004,0.000084,0.000069,0.000058,0.000076,0.000098,0.000089,0.000094,0.000165,0.000134,0.000143,0.000165,0.000172,0.000110,0.000106,0.000086,0.000085,0.000111,0.000083,0.000086,0.000107,0.000116,0.000097,0.000073,0.000019,0.000011,0.000033,0.000111,0.000130,0.000126,0.000140,0.000191,0.000157,0.000152,0.000085,0.000093,0.000126
943,,,,,,,,,,,,,,0.000004,0.000106,0.000120,0.000085,0.000086,0.000087,0.000101,0.000097,0.000091,0.000092,0.000108,0.000115,0.000107,0.000110,0.000115,0.000122,0.000084,0.000068,0.000079,0.000090,0.000108,0.000090,0.000070,0.000056,0.000047,0.000028,0.000064,0.000075,0.000101,0.000097,0.000092,0.000090,0.000092,0.000052,0.000051,0.000175,0.000107
944,,,,,,,,,,,,,,0.000014,0.000422,0.000326,0.000205,0.000187,0.000157,0.000139,0.000131,0.000095,0.000083,0.000084,0.000076,0.000066,0.000065,0.000075,0.000075,0.000079,0.000087,0.000104,0.000096,0.000081,0.000069,0.000059,0.000065,0.000038,0.000028,0.000105,0.000155,0.000157,0.000148,0.000141,0.000134,0.000111,0.000074,0.000052,0.000092,0.000128
945,,,,,,,,,,,,,,0.000015,0.000278,0.000233,0.000192,0.000213,0.000273,0.000314,0.000278,0.000169,0.000117,0.000141,0.000127,0.000148,0.000111,0.000098,0.000131,0.000152,0.000176,0.000200,0.000144,0.000157,0.000104,0.000089,0.000061,0.000025,0.000022,0.000042,0.000069,0.000074,0.000066,0.000073,0.000103,0.000096,0.000124,0.000101,0.000324,0.000645
946,,,,,,,,,,,,,,0.000008,0.000282,0.000201,0.000156,0.000146,0.000150,0.000155,0.000147,0.000160,0.000131,0.000148,0.000119,0.000075,0.000082,0.000074,0.000053,0.000041,0.000045,0.000040,0.000033,0.000047,0.000048,0.000059,0.000065,0.000035,0.000027,0.000092,0.000209,0.000165,0.000129,0.000097,0.000090,0.000076,0.000088,0.000073,0.000136,0.000177
947,,,,,,,,,,,,,,0.000012,0.000545,0.000337,0.000217,0.000240,0.000353,0.000431,0.000389,0.000338,0.000270,0.000210,0.000150,0.000125,0.000110,0.000096,0.000104,0.000100,0.000107,0.000135,0.000137,0.000135,0.000126,0.000133,0.000095,0.000052,0.000038,0.000098,0.000100,0.000070,0.000070,0.000073,0.000088,0.000081,0.000179,0.000071,0.000112,0.000123
948,,,,,,,,,,,,,,0.000009,0.000265,0.000281,0.000269,0.000354,0.000509,0.000656,0.000603,0.000534,0.000419,0.000521,0.000451,0.000338,0.000350,0.000327,0.000303,0.000249,0.000236,0.000229,0.000206,0.000216,0.000155,0.000132,0.000068,0.000012,0.000008,0.000052,0.000085,0.000067,0.000064,0.000050,0.000050,0.000041,0.000026,0.000027,0.000078,0.000143
949,,,,,,,,,,,,,,0.000008,0.000252,0.000292,0.000149,0.000135,0.000152,0.000151,0.000157,0.000164,0.000156,0.000191,0.000161,0.000149,0.000135,0.000110,0.000130,0.000102,0.000070,0.000066,0.000060,0.000060,0.000053,0.000070,0.000069,0.000033,0.000029,0.000065,0.000070,0.000094,0.000124,0.000089,0.000174,0.000127,0.000118,0.000137,0.000422,0.000272
950,,,,,,,,,,,,,,0.000006,0.000142,0.000158,0.000129,0.000128,0.000136,0.000173,0.000172,0.000107,0.000094,0.000118,0.000118,0.000107,0.000124,0.000126,0.000128,0.000107,0.000112,0.000121,0.000108,0.000096,0.000075,0.000067,0.000048,0.000012,0.000006,0.000044,0.000125,0.000098,0.000068,0.000062,0.000072,0.000055,0.000061,0.000090,0.000223,0.000261
951,,,,,,,,,,,,,,0.000008,0.000246,0.000250,0.000191,0.000187,0.000194,0.000239,0.000204,0.000164,0.000175,0.000191,0.000171,0.000151,0.000174,0.000148,0.000109,0.000104,0.000082,0.000074,0.000066,0.000066,0.000051,0.000061,0.000054,0.000021,0.000014,0.000052,0.000099,0.000099,0.000074,0.000081,0.000078,0.000077,0.000092,0.000104,0.000068,0.000090
952,,,,,,,,,,,,,,0.000009,0.000209,0.000208,0.000145,0.000162,0.000229,0.000297,0.000316,0.000306,0.000276,0.000393,0.000367,0.000334,0.000355,0.000332,0.000310,0.000236,0.000195,0.000176,0.000126,0.000111,0.000075,0.000060,0.000039,0.000009,0.000009,0.000060,0.000114,0.000109,0.000140,0.000096,0.000110,0.000112,0.000058,0.000064,0.000206,0.000433
953,,,,,,,,,,,,,,0.000005,0.000113,0.000102,0.000088,0.000094,0.000123,0.000138,0.000145,0.000155,0.000158,0.000249,0.000236,0.000207,0.000229,0.000225,0.000232,0.000201,0.000190,0.000212,0.000198,0.000201,0.000172,0.000156,0.000128,0.000035,0.000026,0.000088,0.000187,0.000254,0.000276,0.000297,0.000319,0.000278,0.000150,0.000085,0.000067,0.000066
954,,,,,,,,,,,,,,0.000007,0.000198,0.000175,0.000137,0.000131,0.000129,0.000131,0.000100,0.000092,0.000065,0.000059,0.000057,0.000051,0.000049,0.000056,0.000079,0.000090,0.000069,0.000073,0.000060,0.000070,0.000084,0.000095,0.000088,0.000038,0.000043,0.000138,0.000227,0.000172,0.000158,0.000174,0.000183,0.000150,0.000121,0.000150,0.000132,0.000126
955,,,,,,,,,,,,,,0.000005,0.000167,0.000304,0.000091,0.000086,0.000105,0.000099,0.000102,0.000074,0.000083,0.000101,0.000079,0.000064,0.000049,0.000058,0.000055,0.000052,0.000053,0.000066,0.000088,0.000131,0.000137,0.000149,0.000104,0.000021,0.000011,0.000031,0.000041,0.000042,0.000045,0.000057,0.000066,0.000066,0.000063,0.000044,0.000081,0.000139
956,,,,,,,,,,,,,,0.000005,0.000176,0.000167,0.000110,0.000094,0.000109,0.000142,0.000135,0.000145,0.000351,0.000245,0.000313,0.000334,0.000405,0.000387,0.000373,0.000321,0.000230,0.000212,0.000150,0.000138,0.000098,0.000073,0.000051,0.000028,0.000021,0.000056,0.000072,0.000086,0.000081,0.000078,0.000109,0.000079,0.000055,0.000103,0.000065,0.000098
957,,,,,,,,,,,,,,0.000006,0.000273,0.000240,0.000165,0.000154,0.000162,0.000166,0.000141,0.000138,0.000121,0.000131,0.000138,0.000132,0.000157,0.000133,0.000126,0.000103,0.000110,0.000057,0.000058,0.000080,0.000094,0.000117,0.000136,0.000069,0.000032,0.000179,0.000174,0.000156,0.000152,0.000163,0.000221,0.000248,0.000135,0.000113,0.000304,0.000433
958,,,,,,,,,,,,,,0.000007,0.000182,0.000171,0.000151,0.000195,0.000264,0.000357,0.000388,0.000394,0.000394,0.000492,0.000458,0.000396,0.000327,0.000259,0.000207,0.000137,0.000101,0.000091,0.000080,0.000102,0.000153,0.000224,0.000174,0.000038,0.000026,0.000205,0.000430,0.000432,0.000368,0.000315,0.000269,0.000208,0.000100,0.000075,0.000193,0.000309
959,,,,,,,,,,,,,,0.000005,0.000097,0.000096,0.000062,0.000062,0.000086,0.000103,0.000100,0.000081,0.000080,0.000071,0.000055,0.000053,0.000042,0.000044,0.000054,0.000069,0.000077,0.000097,0.000079,0.000054,0.000042,0.000093,0.000119,0.000053,0.000047,0.000091,0.000116,0.000119,0.000100,0.000092,0.000104,0.000103,0.000070,0.000062,0.000153,0.000174
960,,,,,,,,,,,,,,0.000006,0.000156,0.000135,0.000081,0.000079,0.000089,0.000127,0.000120,0.000123,0.000118,0.000103,0.000095,0.000113,0.000117,0.000144,0.000136,0.000131,0.000140,0.000171,0.000182,0.000194,0.000173,0.000173,0.000115,0.000041,0.000026,0.000134,0.000259,0.000247,0.000210,0.000150,0.000142,0.000105,0.000087,0.000049,0.000036,0.000049
961,,,,,,,,,,,,,,0.000005,0.000093,0.000092,0.000067,0.000072,0.000134,0.000148,0.000153,0.000163,0.000141,0.000160,0.000146,0.000113,0.000121,0.000114,0.000106,0.000080,0.000081,0.000104,0.000106,0.000133,0.000143,0.000163,0.000137,0.000031,0.000022,0.000045,0.000091,0.000092,0.000076,0.000077,0.000094,0.000068,0.000056,0.000057,0.000135,0.000199
962,,,,,,,,,,,,,,0.000008,0.000217,0.000200,0.000148,0.000169,0.000197,0.000227,0.000233,0.000224,0.000210,0.000203,0.000216,0.000190,0.000200,0.000197,0.000185,0.000167,0.000176,0.000186,0.000183,0.000155,0.000106,0.000100,0.000073,0.000027,0.000014,0.000071,0.000143,0.000180,0.000277,0.000286,0.000303,0.000271,0.000200,0.000098,0.000153,0.000221
963,,,,,,,,,,,,,,0.000013,0.000490,0.000408,0.000325,0.000285,0.000256,0.000278,0.000237,0.000185,0.000154,0.000171,0.000156,0.000129,0.000127,0.000103,0.000097,0.000080,0.000077,0.000074,0.000070,0.000091,0.000109,0.000109,0.000093,0.000037,0.000016,0.000081,0.000094,0.000084,0.000066,0.000063,0.000084,0.000088,0.000056,0.000054,0.000073,0.000094
964,,,,,,,,,,,,,,0.000009,0.000183,0.000167,0.000143,0.000168,0.000264,0.000302,0.000265,0.000260,0.000260,0.000366,0.000345,0.000276,0.000274,0.000215,0.000178,0.000122,0.000114,0.000123,0.000096,0.000081,0.000071,0.000074,0.000070,0.000020,0.000011,0.000063,0.000130,0.000103,0.000083,0.000075,0.000072,0.000065,0.000041,0.000029,0.000048,0.000069
965,,,,,,,,,,,,,,0.000012,0.000306,0.000275,0.000237,0.000226,0.000254,0.000303,0.000294,0.000259,0.000235,0.000314,0.000319,0.000308,0.000345,0.000344,0.000337,0.000294,0.000305,0.000357,0.000414,0.000502,0.000513,0.000507,0.000354,0.000065,0.000022,0.000060,0.000088,0.000101,0.000096,0.000098,0.000097,0.000072,0.000042,0.000035,0.000070,0.000178
966,,,,,,,,,,,,,,0.000014,0.000341,0.000282,0.000212,0.000196,0.000215,0.000240,0.000231,0.000219,0.000195,0.000220,0.000180,0.000161,0.000123,0.000119,0.000080,0.000060,0.000050,0.000047,0.000045,0.000054,0.000052,0.000062,0.000048,0.000021,0.000019,0.000063,0.000133,0.000126,0.000126,0.000101,0.000088,0.000052,0.000045,0.000028,0.000039,0.000046
967,,,,,,,,,,,,,,0.000013,0.000355,0.000364,0.000260,0.000216,0.000192,0.000204,0.000163,0.000133,0.000121,0.000123,0.000110,0.000104,0.000070,0.000060,0.000049,0.000031,0.000029,0.000041,0.000065,0.000131,0.000110,0.000073,0.000057,0.000035,0.000030,0.000047,0.000066,0.000073,0.000059,0.000067,0.000059,0.000062,0.000104,0.000051,0.000071,0.000087
968,,,,,,,,,,,,,,0.000003,0.000077,0.000069,0.000054,0.000070,0.000106,0.000121,0.000130,0.000137,0.000149,0.000158,0.000157,0.000137,0.000129,0.000117,0.000114,0.000108,0.000152,0.000298,0.000441,0.000511,0.000335,0.000244,0.000134,0.000026,0.000014,0.000055,0.000111,0.000105,0.000111,0.000105,0.000111,0.000117,0.000068,0.000079,0.000191,0.000252
969,,,,,,,,,,,,,,0.000010,0.000213,0.000199,0.000146,0.000163,0.000194,0.000200,0.000156,0.000135,0.000107,0.000095,0.000071,0.000056,0.000035,0.000044,0.000077,0.000061,0.000054,0.000051,0.000069,0.000088,0.000117,0.000116,0.000093,0.000039,0.000027,0.000096,0.000215,0.000218,0.000254,0.000220,0.000211,0.000205,0.000110,0.000101,0.000196,0.000381
970,,,,,,,,,,,,,,0.000010,0.000233,0.000248,0.000176,0.000181,0.000250,0.000244,0.000217,0.000193,0.000167,0.000231,0.000196,0.000190,0.000181,0.000189,0.000217,0.000190,0.000205,0.000207,0.000223,0.000242,0.000178,0.000145,0.000097,0.000026,0.000016,0.000072,0.000193,0.000162,0.000140,0.000125,0.000114,0.000118,0.000064,0.000053,0.000131,0.000239
971,,,,,,,,,,,,,,0.000008,0.000132,0.000110,0.000078,0.000082,0.000091,0.000092,0.000076,0.000076,0.000060,0.000059,0.000053,0.000045,0.000053,0.000052,0.000048,0.000045,0.000026,0.000028,0.000027,0.000020,0.000023,0.000031,0.000038,0.000017,0.000012,0.000038,0.000075,0.000095,0.000115,0.000164,0.000219,0.000253,0.000138,0.000122,0.000355,0.000581
972,,,,,,,,,,,,,,0.000012,0.000316,0.000283,0.000212,0.000201,0.000222,0.000184,0.000173,0.000138,0.000113,0.000129,0.000118,0.000090,0.000100,0.000095,0.000085,0.000083,0.000082,0.000100,0.000113,0.000127,0.000095,0.000091,0.000062,0.000018,0.000014,0.000049,0.000088,0.000084,0.000078,0.000066,0.000072,0.000080,0.000078,0.000028,0.000041,0.000041
973,,,,,,,,,,,,,,0.000007,0.000153,0.000171,0.000239,0.000208,0.000239,0.000272,0.000266,0.000201,0.000188,0.000152,0.000114,0.000153,0.000124,0.000091,0.000085,0.000076,0.000076,0.000067,0.000064,0.000066,0.000071,0.000086,0.000083,0.000057,0.000043,0.000107,0.000170,0.000190,0.000158,0.000172,0.000214,0.000223,0.000175,0.000203,0.000283,0.000364
974,,,,,,,,,,,,,,0.000006,0.000154,0.000150,0.000126,0.000102,0.000128,0.000134,0.000120,0.000086,0.000079,0.000092,0.000080,0.000070,0.000072,0.000067,0.000064,0.000059,0.000055,0.000060,0.000055,0.000053,0.000055,0.000054,0.000043,0.000013,0.000012,0.000035,0.000078,0.000066,0.000062,0.000049,0.000064,0.000053,0.000060,0.000041,0.000066,0.000112
975,,,,,,,,,,,,,,0.000010,0.000209,0.000207,0.000172,0.000186,0.000220,0.000223,0.000192,0.000187,0.000154,0.000216,0.000213,0.000182,0.000208,0.000198,0.000207,0.000183,0.000176,0.000176,0.000152,0.000147,0.000107,0.000097,0.000070,0.000009,0.000009,0.000091,0.000254,0.000293,0.000266,0.000253,0.000234,0.000213,0.000087,0.000074,0.000233,0.000374
976,,,,,,,,,,,,,,0.000005,0.000133,0.000116,0.000106,0.000113,0.000208,0.000266,0.000285,0.000271,0.000209,0.000191,0.000176,0.000158,0.000173,0.000168,0.000168,0.000150,0.000134,0.000119,0.000099,0.000097,0.000138,0.000098,0.000052,0.000011,0.000007,0.000040,0.000075,0.000074,0.000079,0.000082,0.000081,0.000087,0.000129,0.000073,0.000140,0.000179
977,,,,,,,,,,,,,,0.000008,0.000195,0.000194,0.000145,0.000160,0.000154,0.000164,0.000192,0.000157,0.000113,0.000138,0.000127,0.000086,0.000079,0.000066,0.000061,0.000071,0.000085,0.000094,0.000082,0.000061,0.000053,0.000063,0.000048,0.000014,0.000011,0.000033,0.000066,0.000077,0.000124,0.000148,0.000242,0.000206,0.000103,0.000099,0.000097,0.000156
978,,,,,,,,,,,,,,0.000007,0.000133,0.000140,0.000099,0.000120,0.000174,0.000199,0.000234,0.000257,0.000247,0.000300,0.000295,0.000279,0.000271,0.000273,0.000252,0.000224,0.000228,0.000202,0.000186,0.000160,0.000115,0.000097,0.000065,0.000022,0.000010,0.000057,0.000124,0.000114,0.000110,0.000104,0.000109,0.000107,0.000165,0.000078,0.000206,0.000305
979,,,,,,,,,,,,,,0.000014,0.000366,0.000327,0.000194,0.000175,0.000175,0.000170,0.000150,0.000123,0.000139,0.000156,0.000151,0.000142,0.000140,0.000126,0.000125,0.000125,0.000119,0.000134,0.000140,0.000126,0.000075,0.000054,0.000027,0.000025,0.000019,0.000038,0.000035,0.000038,0.000042,0.000043,0.000057,0.000054,0.000046,0.000048,0.000070,0.000079
980,,,,,,,,,,,,,,0.000007,0.000188,0.000162,0.000115,0.000104,0.000109,0.000093,0.000124,0.000130,0.000101,0.000134,0.000122,0.000125,0.000134,0.000160,0.000164,0.000159,0.000192,0.000236,0.000214,0.000182,0.000148,0.000112,0.000075,0.000023,0.000015,0.000061,0.000113,0.000127,0.000111,0.000118,0.000174,0.000158,0.000098,0.000083,0.000186,0.000305
981,,,,,,,,,,,,,,0.000010,0.000256,0.000223,0.000162,0.000157,0.000161,0.000151,0.000146,0.000130,0.000130,0.000150,0.000145,0.000142,0.000124,0.000117,0.000094,0.000087,0.000089,0.000083,0.000064,0.000054,0.000043,0.000042,0.000034,0.000017,0.000014,0.000038,0.000077,0.000134,0.000152,0.000220,0.000241,0.000187,0.000103,0.000105,0.000224,0.000392
982,,,,,,,,,,,,,,0.000005,0.000094,0.000083,0.000062,0.000038,0.000057,0.000066,0.000092,0.000097,0.000078,0.000090,0.000104,0.000120,0.000117,0.000147,0.000185,0.000217,0.000275,0.000398,0.000399,0.000350,0.000223,0.000169,0.000137,0.000041,0.000033,0.000109,0.000112,0.000086,0.000062,0.000060,0.000059,0.000065,0.000054,0.000044,0.000099,0.000157
983,,,,,,,,,,,,,,0.000008,0.000444,0.000221,0.000131,0.000136,0.000145,0.000162,0.000149,0.000130,0.000113,0.000172,0.000125,0.000112,0.000098,0.000072,0.000072,0.000057,0.000051,0.000063,0.000056,0.000049,0.000045,0.000036,0.000029,0.000012,0.000013,0.000045,0.000098,0.000089,0.000060,0.000056,0.000057,0.000054,0.000034,0.000044,0.000093,0.000179
984,,,,,,,,,,,,,,0.000009,0.000215,0.000204,0.000180,0.000202,0.000225,0.000211,0.000175,0.000138,0.000124,0.000138,0.000118,0.000078,0.000075,0.000088,0.000101,0.000092,0.000089,0.000095,0.000098,0.000108,0.000083,0.000075,0.000056,0.000020,0.000012,0.000035,0.000053,0.000142,0.000148,0.000176,0.000194,0.000227,0.000136,0.000158,0.000369,0.000499
985,,,,,,,,,,,,,,0.000005,0.000143,0.000116,0.000084,0.000069,0.000065,0.000078,0.000072,0.000068,0.000076,0.000069,0.000074,0.000072,0.000086,0.000081,0.000071,0.000058,0.000051,0.000039,0.000037,0.000044,0.000046,0.000045,0.000054,0.000026,0.000019,0.000069,0.000147,0.000143,0.000138,0.000193,0.000227,0.000233,0.000253,0.000146,0.000088,0.000065
986,,,,,,,,,,,,,,0.000007,0.000161,0.000166,0.000123,0.000144,0.000173,0.000178,0.000173,0.000166,0.000151,0.000193,0.000188,0.000160,0.000171,0.000160,0.000166,0.000143,0.000155,0.000166,0.000136,0.000105,0.000073,0.000059,0.000035,0.000009,0.000008,0.000070,0.000181,0.000238,0.000207,0.000176,0.000164,0.000138,0.000073,0.000061,0.000180,0.000298
987,,,,,,,,,,,,,,0.000006,0.000129,0.000097,0.000086,0.000075,0.000077,0.000074,0.000065,0.000056,0.000062,0.000072,0.000074,0.000073,0.000090,0.000082,0.000098,0.000091,0.000105,0.000150,0.000164,0.000186,0.000177,0.000171,0.000169,0.000078,0.000044,0.000092,0.000139,0.000125,0.000135,0.000178,0.000174,0.000110,0.000083,0.000145,0.000154,0.000167
988,,,,,,,,,,,,,,0.000002,0.000051,0.000059,0.000052,0.000088,0.000114,0.000122,0.000128,0.000105,0.000094,0.000113,0.000107,0.000094,0.000142,0.000170,0.000181,0.000159,0.000152,0.000149,0.000126,0.000114,0.000093,0.000117,0.000100,0.000036,0.000021,0.000073,0.000129,0.000132,0.000130,0.000123,0.000130,0.000116,0.000119,0.000052,0.000125,0.000148
989,,,,,,,,,,,,,,0.000015,0.000277,0.000235,0.000178,0.000161,0.000193,0.000202,0.000162,0.000139,0.000106,0.000143,0.000136,0.000106,0.000120,0.000112,0.000117,0.000123,0.000151,0.000192,0.000182,0.000142,0.000079,0.000052,0.000026,0.000009,0.000011,0.000079,0.000225,0.000255,0.000277,0.000281,0.000244,0.000210,0.000143,0.000074,0.000206,0.000344
990,,,,,,,,,,,,,,0.000003,0.000139,0.000138,0.000159,0.000167,0.000228,0.000287,0.000315,0.000363,0.000388,0.000573,0.000557,0.000468,0.000532,0.000449,0.000406,0.000328,0.000272,0.000272,0.000212,0.000170,0.000102,0.000081,0.000064,0.000020,0.000007,0.000052,0.000154,0.000183,0.000207,0.000172,0.000163,0.000203,0.000115,0.000042,0.000068,0.000101
991,,,,,,,,,,,,,,0.000006,0.000169,0.000156,0.000123,0.000114,0.000127,0.000138,0.000144,0.000140,0.000117,0.000127,0.000122,0.000131,0.000105,0.000083,0.000064,0.000065,0.000048,0.000049,0.000048,0.000067,0.000077,0.000084,0.000071,0.000024,0.000013,0.000050,0.000114,0.000110,0.000089,0.000090,0.000070,0.000048,0.000039,0.000031,0.000048,0.000092
992,,,,,,,,,,,,,,0.000004,0.000098,0.000099,0.000077,0.000080,0.000133,0.000159,0.000145,0.000137,0.000122,0.000135,0.000134,0.000098,0.000088,0.000061,0.000037,0.000021,0.000012,0.000014,0.000024,0.000064,0.000103,0.000171,0.000195,0.000065,0.000031,0.000149,0.000254,0.000225,0.000135,0.000106,0.000093,0.000088,0.000070,0.000073,0.000167,0.000151
993,,,,,,,,,,,,,,0.000014,0.000294,0.000280,0.000200,0.000191,0.000229,0.000247,0.000239,0.000190,0.000173,0.000216,0.000197,0.000147,0.000170,0.000152,0.000144,0.000121,0.000099,0.000099,0.000102,0.000077,0.000073,0.000080,0.000062,0.000019,0.000018,0.000094,0.000239,0.000272,0.000238,0.000248,0.000244,0.000226,0.000121,0.000148,0.000227,0.000247
994,,,,,,,,,,,,,,0.000007,0.000155,0.000133,0.000096,0.000084,0.000104,0.000141,0.000146,0.000127,0.000163,0.000168,0.000167,0.000183,0.000187,0.000188,0.000182,0.000170,0.000147,0.000143,0.000131,0.000113,0.000089,0.000067,0.000046,0.000015,0.000010,0.000040,0.000059,0.000061,0.000060,0.000067,0.000047,0.000046,0.000035,0.000030,0.000043,0.000077
995,,,,,,,,,,,,,,0.000005,0.000189,0.000161,0.000103,0.000093,0.000089,0.000100,0.000105,0.000089,0.000088,0.000077,0.000073,0.000080,0.000072,0.000061,0.000061,0.000062,0.000063,0.000075,0.000065,0.000057,0.000052,0.000045,0.000034,0.000030,0.000032,0.000078,0.000116,0.000124,0.000133,0.000125,0.000121,0.000115,0.000089,0.000099,0.000140,0.000122
996,,,,,,,,,,,,,,0.000006,0.000164,0.000176,0.000139,0.000125,0.000175,0.000201,0.000138,0.000090,0.000077,0.000101,0.000092,0.000073,0.000071,0.000077,0.000072,0.000081,0.000073,0.000083,0.000098,0.000116,0.000129,0.000122,0.000077,0.000029,0.000034,0.000117,0.000109,0.000116,0.000111,0.000082,0.000091,0.000084,0.000041,0.000045,0.000132,0.000230
997,,,,,,,,,,,,,,0.000003,0.000075,0.000072,0.000067,0.000084,0.000093,0.000125,0.000103,0.000078,0.000056,0.000079,0.000069,0.000067,0.000078,0.000082,0.000079,0.000081,0.000089,0.000091,0.000102,0.000100,0.000095,0.000070,0.000056,0.000021,0.000014,0.000104,0.000131,0.000112,0.000084,0.000073,0.000077,0.000079,0.000047,0.000040,0.000093,0.000143
998,,,,,,,,,,,,,,0.000005,0.000103,0.000103,0.000074,0.000077,0.000107,0.000135,0.000130,0.000113,0.000110,0.000115,0.000106,0.000089,0.000085,0.000072,0.000055,0.000056,0.000050,0.000055,0.000054,0.000062,0.000049,0.000048,0.000020,0.000008,0.000005,0.000028,0.000066,0.000078,0.000065,0.000054,0.000061,0.000054,0.000027,0.000092,0.000214,0.000307
999,,,,,,,,,,,,,,0.000009,0.000187,0.000133,0.000101,0.000115,0.000137,0.000150,0.000168,0.000134,0.000127,0.000143,0.000122,0.000108,0.000127,0.000151,0.000189,0.000181,0.000164,0.000155,0.000136,0.000126,0.000100,0.000090,0.000064,0.000014,0.000007,0.000038,0.000099,0.000092,0.000082,0.000081,0.000068,0.000069,0.000038,0.000114,0.000349,0.000505
1000,,,,,,,,,,,,,,0.000008,0.000145,0.000127,0.000081,0.000071,0.000099,0.000119,0.000109,0.000120,0.000084,0.000103,0.000099,0.000088,0.000092,0.000096,0.000110,0.000078,0.000128,0.000099,0.000132,0.000095,0.000062,0.000033,0.000034,0.000020,0.000018,0.000055,0.000086,0.000086,0.000085,0.000124,0.000127,0.000122,0.000083,0.000076,0.000163,0.000260
1001,,,,,,,,,,,,,,0.000005,0.000100,0.000094,0.000104,0.000133,0.000177,0.000212,0.000224,0.000233,0.000191,0.000250,0.000246,0.000246,0.000257,0.000282,0.000295,0.000300,0.000359,0.000508,0.000539,0.000471,0.000323,0.000223,0.000138,0.000027,0.000015,0.000088,0.000182,0.000183,0.000182,0.000190,0.000209,0.000182,0.000095,0.000091,0.000189,0.000285
1002,,,,,,,,,,,,,,0.000007,0.000238,0.000243,0.000180,0.000167,0.000205,0.000243,0.000222,0.000189,0.000185,0.000163,0.000150,0.000148,0.000112,0.000082,0.000063,0.000061,0.000048,0.000045,0.000046,0.000039,0.000026,0.000024,0.000025,0.000022,0.000018,0.000042,0.000061,0.000071,0.000069,0.000071,0.000071,0.000069,0.000079,0.000063,0.000118,0.000155
1003,,,,,,,,,,,,,,0.000006,0.000181,0.000196,0.000103,0.000102,0.000103,0.000101,0.000106,0.000099,0.000101,0.000120,0.000113,0.000128,0.000087,0.000088,0.000080,0.000070,0.000069,0.000068,0.000058,0.000054,0.000049,0.000045,0.000052,0.000017,0.000028,0.000071,0.000080,0.000081,0.000073,0.000078,0.000089,0.000087,0.000051,0.000043,0.000083,0.000111
1004,,,,,,,,,,,,,,0.000010,0.000168,0.000167,0.000117,0.000124,0.000164,0.000194,0.000220,0.000233,0.000263,0.000419,0.000483,0.000432,0.000478,0.000432,0.000386,0.000280,0.000234,0.000190,0.000136,0.000087,0.000065,0.000049,0.000047,0.000018,0.000009,0.000088,0.000270,0.000311,0.000313,0.000323,0.000338,0.000335,0.000148,0.000114,0.000369,0.000647
1005,,,,,,,,,,,,,,0.000008,0.000191,0.000166,0.000153,0.000156,0.000219,0.000274,0.000312,0.000306,0.000310,0.000415,0.000416,0.000425,0.000436,0.000439,0.000479,0.000417,0.000414,0.000453,0.000397,0.000357,0.000211,0.000171,0.000093,0.000026,0.000017,0.000071,0.000123,0.000099,0.000097,0.000101,0.000071,0.000101,0.000075,0.000082,0.000180,0.000303
1006,,,,,,,,,,,,,,0.000009,0.000243,0.000257,0.000220,0.000220,0.000285,0.000323,0.000315,0.000306,0.000300,0.000405,0.000410,0.000356,0.000385,0.000350,0.000339,0.000271,0.000233,0.000209,0.000178,0.000152,0.000100,0.000077,0.000057,0.000022,0.000012,0.000047,0.000099,0.000106,0.000105,0.000109,0.000085,0.000068,0.000040,0.000038,0.000085,0.000099
1007,,,,,,,,,,,,,,0.000007,0.000168,0.000161,0.000105,0.000086,0.000102,0.000127,0.000125,0.000096,0.000104,0.000121,0.000112,0.000116,0.000125,0.000130,0.000152,0.000115,0.000097,0.000091,0.000077,0.000077,0.000060,0.000066,0.000058,0.000033,0.000020,0.000048,0.000084,0.000086,0.000152,0.000197,0.000208,0.000274,0.000231,0.000212,0.000330,0.000372
1008,,,,,,,,,,,,,,0.000011,0.000284,0.000261,0.000200,0.000194,0.000273,0.000391,0.000314,0.000311,0.000298,0.000198,0.000170,0.000126,0.000147,0.000139,0.000112,0.000084,0.000070,0.000070,0.000061,0.000060,0.000060,0.000098,0.000133,0.000042,0.000030,0.000057,0.000169,0.000163,0.000150,0.000182,0.000230,0.000157,0.000139,0.000152,0.000090,0.000093
1009,,,,,,,,,,,,,,0.000003,0.000110,0.000090,0.000067,0.000087,0.000131,0.000182,0.000164,0.000151,0.000113,0.000132,0.000116,0.000093,0.000075,0.000067,0.000063,0.000057,0.000040,0.000042,0.000045,0.000055,0.000060,0.000071,0.000050,0.000019,0.000013,0.000081,0.000137,0.000101,0.000059,0.000057,0.000059,0.000052,0.000039,0.000040,0.000097,0.000107
1010,,,,,,,,,,,,,,0.000006,0.000278,0.000176,0.000105,0.000109,0.000155,0.000183,0.000163,0.000145,0.000098,0.000112,0.000109,0.000106,0.000125,0.000139,0.000137,0.000120,0.000140,0.000156,0.000142,0.000138,0.000124,0.000116,0.000085,0.000017,0.000013,0.000065,0.000140,0.000145,0.000119,0.000126,0.000128,0.000124,0.000061,0.000054,0.000160,0.000266
1011,,,,,,,,,,,,,,0.000009,0.000195,0.000186,0.000166,0.000159,0.000208,0.000237,0.000224,0.000236,0.000202,0.000236,0.000221,0.000181,0.000229,0.000229,0.000225,0.000189,0.000171,0.000159,0.000130,0.000122,0.000097,0.000085,0.000048,0.000011,0.000011,0.000110,0.000309,0.000346,0.000328,0.000296,0.000290,0.000256,0.000118,0.000097,0.000267,0.000447
1012,,,,,,,,,,,,,,0.000004,0.000119,0.000102,0.000072,0.000066,0.000080,0.000105,0.000071,0.000052,0.000038,0.000037,0.000041,0.000062,0.000061,0.000060,0.000055,0.000056,0.000044,0.000031,0.000031,0.000050,0.000088,0.000100,0.000083,0.000046,0.000026,0.000080,0.000169,0.000197,0.000178,0.000142,0.000165,0.000161,0.000155,0.000102,0.000181,0.000231
1013,,,,,,,,,,,,,,0.000006,0.000106,0.000099,0.000100,0.000117,0.000149,0.000184,0.000222,0.000249,0.000262,0.000313,0.000323,0.000327,0.000362,0.000351,0.000334,0.000323,0.000332,0.000442,0.000442,0.000390,0.000233,0.000142,0.000069,0.000015,0.000010,0.000039,0.000088,0.000090,0.000087,0.000073,0.000086,0.000084,0.000085,0.000091,0.000302,0.000222
1014,,,,,,,,,,,,,,0.000005,0.000132,0.000108,0.000133,0.000145,0.000136,0.000175,0.000161,0.000163,0.000163,0.000214,0.000226,0.000211,0.000203,0.000184,0.000173,0.000119,0.000109,0.000103,0.000078,0.000085,0.000067,0.000059,0.000038,0.000012,0.000019,0.000086,0.000171,0.000161,0.000175,0.000199,0.000214,0.000210,0.000097,0.000086,0.000206,0.000304
1015,,,,,,,,,,,,,,0.000012,0.000298,0.000270,0.000245,0.000211,0.000245,0.000251,0.000214,0.000176,0.000162,0.000175,0.000145,0.000122,0.000133,0.000120,0.000105,0.000092,0.000130,0.000173,0.000175,0.000153,0.000121,0.000113,0.000087,0.000021,0.000016,0.000072,0.000129,0.000177,0.000123,0.000071,0.000036,0.000024,0.000040,0.000033,0.000058,0.000102
1016,,,,,,,,,,,,,,0.000010,0.000301,0.000289,0.000242,0.000305,0.000376,0.000358,0.000322,0.000229,0.000199,0.000203,0.000176,0.000135,0.000122,0.000108,0.000081,0.000079,0.000083,0.000068,0.000066,0.000092,0.000095,0.000109,0.000070,0.000028,0.000022,0.000130,0.000323,0.000302,0.000265,0.000204,0.000153,0.000105,0.000091,0.000049,0.000104,0.000149
1017,,,,,,,,,,,,,,0.000008,0.000295,0.000314,0.000249,0.000248,0.000252,0.000264,0.000220,0.000182,0.000150,0.000182,0.000176,0.000169,0.000215,0.000256,0.000256,0.000180,0.000159,0.000122,0.000087,0.000090,0.000088,0.000094,0.000068,0.000016,0.000008,0.000031,0.000080,0.000085,0.000091,0.000124,0.000112,0.000091,0.000055,0.000039,0.000091,0.000092
1018,,,,,,,,,,,,,,0.000014,0.000480,0.000424,0.000288,0.000223,0.000204,0.000182,0.000177,0.000118,0.000123,0.000122,0.000122,0.000111,0.000109,0.000110,0.000099,0.000081,0.000065,0.000062,0.000076,0.000086,0.000062,0.000070,0.000051,0.000026,0.000015,0.000065,0.000125,0.000121,0.000075,0.000077,0.000094,0.000097,0.000062,0.000046,0.000086,0.000127
1019,,,,,,,,,,,,,,0.000009,0.000166,0.000155,0.000121,0.000129,0.000191,0.000221,0.000221,0.000258,0.000233,0.000252,0.000226,0.000180,0.000212,0.000213,0.000217,0.000180,0.000152,0.000141,0.000136,0.000152,0.000146,0.000118,0.000088,0.000024,0.000014,0.000090,0.000157,0.000170,0.000145,0.000124,0.000131,0.000120,0.000069,0.000102,0.000339,0.000521
1020,,,,,,,,,,,,,,0.000007,0.000183,0.000165,0.000113,0.000091,0.000089,0.000104,0.000098,0.000114,0.000118,0.000158,0.000166,0.000174,0.000203,0.000231,0.000238,0.000241,0.000219,0.000225,0.000169,0.000126,0.000090,0.000073,0.000056,0.000033,0.000022,0.000061,0.000117,0.000122,0.000122,0.000128,0.000122,0.000119,0.000078,0.000050,0.000064,0.000083
1021,,,,,,,,,,,,,,0.000007,0.000201,0.000189,0.000158,0.000170,0.000197,0.000206,0.000218,0.000179,0.000165,0.000207,0.000234,0.000211,0.000214,0.000185,0.000133,0.000116,0.000099,0.000099,0.000094,0.000106,0.000078,0.000085,0.000059,0.000018,0.000014,0.000047,0.000095,0.000091,0.000082,0.000092,0.000076,0.000087,0.000063,0.000101,0.000176,0.000257
1022,,,,,,,,,,,,,,0.000006,0.000146,0.000186,0.000122,0.000118,0.000129,0.000148,0.000124,0.000085,0.000072,0.000078,0.000065,0.000072,0.000065,0.000052,0.000060,0.000057,0.000070,0.000099,0.000173,0.000287,0.000307,0.000318,0.000205,0.000035,0.000016,0.000036,0.000044,0.000036,0.000039,0.000032,0.000032,0.000031,0.000025,0.000018,0.000037,0.000071
1023,,,,,,,,,,,,,,0.000011,0.000289,0.000271,0.000221,0.000220,0.000260,0.000316,0.000319,0.000274,0.000247,0.000285,0.000266,0.000245,0.000263,0.000265,0.000240,0.000188,0.000189,0.000161,0.000124,0.000094,0.000065,0.000065,0.000059,0.000015,0.000008,0.000057,0.000122,0.000124,0.000133,0.000137,0.000114,0.000091,0.000052,0.000043,0.000078,0.000120
1024,,,,,,,,,,,,,,0.000005,0.000086,0.000098,0.000089,0.000096,0.000140,0.000136,0.000146,0.000121,0.000121,0.000165,0.000159,0.000277,0.000260,0.000306,0.000247,0.000237,0.000163,0.000154,0.000125,0.000100,0.000077,0.000055,0.000043,0.000014,0.000008,0.000048,0.000084,0.000089,0.000096,0.000114,0.000092,0.000071,0.000052,0.000046,0.000102,0.000167
1025,,,,,,,,,,,,,,0.000004,0.000115,0.000089,0.000070,0.000073,0.000089,0.000094,0.000076,0.000053,0.000054,0.000054,0.000043,0.000046,0.000043,0.000043,0.000046,0.000040,0.000045,0.000071,0.000110,0.000127,0.000096,0.000080,0.000050,0.000024,0.000010,0.000043,0.000059,0.000058,0.000047,0.000037,0.000041,0.000054,0.000031,0.000034,0.000058,0.000108
1026,,,,,,,,,,,,,,0.000005,0.000124,0.000111,0.000099,0.000107,0.000145,0.000174,0.000157,0.000140,0.000121,0.000152,0.000147,0.000126,0.000153,0.000152,0.000142,0.000115,0.000105,0.000114,0.000110,0.000109,0.000080,0.000068,0.000047,0.000014,0.000008,0.000043,0.000100,0.000107,0.000110,0.000095,0.000103,0.000101,0.000100,0.000113,0.000179,0.000167
1027,,,,,,,,,,,,,,0.000011,0.000226,0.000174,0.000118,0.000102,0.000101,0.000080,0.000064,0.000086,0.000072,0.000089,0.000145,0.000198,0.000313,0.000429,0.000502,0.000407,0.000324,0.000217,0.000113,0.000089,0.000104,0.000088,0.000103,0.000054,0.000039,0.000131,0.000278,0.000287,0.000220,0.000204,0.000168,0.000146,0.000122,0.000175,0.000089,0.000114
1028,,,,,,,,,,,,,,0.000010,0.000191,0.000190,0.000158,0.000174,0.000242,0.000303,0.000311,0.000386,0.000378,0.000532,0.000521,0.000455,0.000528,0.000489,0.000461,0.000386,0.000377,0.000423,0.000418,0.000396,0.000268,0.000216,0.000136,0.000022,0.000013,0.000088,0.000181,0.000177,0.000167,0.000150,0.000168,0.000183,0.000088,0.000086,0.000272,0.000486
1029,,,,,,,,,,,,,,0.000006,0.000146,0.000168,0.000084,0.000085,0.000090,0.000096,0.000100,0.000100,0.000113,0.000126,0.000122,0.000107,0.000114,0.000095,0.000085,0.000055,0.000065,0.000066,0.000084,0.000067,0.000056,0.000051,0.000036,0.000015,0.000013,0.000051,0.000067,0.000050,0.000090,0.000074,0.000089,0.000093,0.000036,0.000043,0.000068,0.000104
1030,,,,,,,,,,,,,,0.000013,0.000400,0.000400,0.000323,0.000337,0.000392,0.000468,0.000452,0.000420,0.000379,0.000472,0.000447,0.000385,0.000415,0.000378,0.000378,0.000304,0.000269,0.000291,0.000260,0.000251,0.000198,0.000176,0.000121,0.000034,0.000014,0.000117,0.000285,0.000284,0.000214,0.000167,0.000151,0.000111,0.000062,0.000034,0.000122,0.000103
1031,,,,,,,,,,,,,,0.000007,0.000206,0.000211,0.000167,0.000195,0.000328,0.000431,0.000417,0.000504,0.000516,0.000574,0.000534,0.000511,0.000354,0.000287,0.000173,0.000127,0.000070,0.000068,0.000048,0.000050,0.000061,0.000077,0.000054,0.000041,0.000029,0.000076,0.000106,0.000189,0.000286,0.000286,0.000277,0.000221,0.000137,0.000110,0.000188,0.000249
1032,,,,,,,,,,,,,,0.000006,0.000145,0.000131,0.000104,0.000109,0.000125,0.000121,0.000114,0.000111,0.000079,0.000088,0.000081,0.000073,0.000080,0.000083,0.000075,0.000067,0.000068,0.000072,0.000060,0.000058,0.000050,0.000049,0.000037,0.000025,0.000029,0.000071,0.000124,0.000116,0.000072,0.000069,0.000070,0.000071,0.000037,0.000017,0.000082,0.000130
1033,,,,,,,,,,,,,,0.000005,0.000107,0.000112,0.000085,0.000105,0.000149,0.000134,0.000125,0.000093,0.000074,0.000112,0.000108,0.000106,0.000133,0.000137,0.000150,0.000132,0.000130,0.000137,0.000122,0.000126,0.000091,0.000071,0.000041,0.000009,0.000012,0.000053,0.000084,0.000077,0.000075,0.000063,0.000077,0.000090,0.000079,0.000059,0.000133,0.000212
1034,,,,,,,,,,,,,,0.000013,0.000320,0.000309,0.000215,0.000193,0.000213,0.000235,0.000298,0.000238,0.000177,0.000159,0.000123,0.000109,0.000086,0.000084,0.000081,0.000111,0.000101,0.000082,0.000084,0.000067,0.000066,0.000064,0.000065,0.000032,0.000028,0.000040,0.000064,0.000057,0.000056,0.000071,0.000079,0.000084,0.000132,0.000122,0.000123,0.000162
1035,,,,,,,,,,,,,,0.000004,0.000118,0.000121,0.000102,0.000109,0.000147,0.000185,0.000194,0.000189,0.000146,0.000172,0.000156,0.000136,0.000145,0.000135,0.000123,0.000098,0.000085,0.000088,0.000091,0.000097,0.000104,0.000127,0.000111,0.000025,0.000014,0.000062,0.000154,0.000128,0.000073,0.000062,0.000057,0.000037,0.000043,0.000056,0.000055,0.000080
1036,,,,,,,,,,,,,,0.000006,0.000159,0.000153,0.000115,0.000110,0.000121,0.000112,0.000133,0.000107,0.000309,0.000176,0.000165,0.000218,0.000206,0.000207,0.000145,0.000127,0.000097,0.000102,0.000114,0.000104,0.000091,0.000088,0.000078,0.000039,0.000022,0.000064,0.000081,0.000085,0.000071,0.000068,0.000077,0.000075,0.000042,0.000028,0.000071,0.000114
1037,,,,,,,,,,,,,,0.000012,0.000333,0.000283,0.000244,0.000226,0.000228,0.000225,0.000211,0.000140,0.000135,0.000131,0.000113,0.000125,0.000099,0.000088,0.000070,0.000065,0.000075,0.000120,0.000190,0.000234,0.000172,0.000145,0.000131,0.000060,0.000041,0.000076,0.000119,0.000106,0.000109,0.000106,0.000094,0.000074,0.000080,0.000060,0.000103,0.000067
1038,,,,,,,,,,,,,,0.000009,0.000172,0.000154,0.000118,0.000142,0.000168,0.000182,0.000149,0.000143,0.000095,0.000120,0.000100,0.000094,0.000099,0.000103,0.000109,0.000089,0.000087,0.000082,0.000072,0.000072,0.000058,0.000042,0.000028,0.000016,0.000012,0.000048,0.000091,0.000082,0.000083,0.000085,0.000098,0.000132,0.000098,0.000169,0.000547,0.000433
1039,,,,,,,,,,,,,,0.000008,0.000203,0.000209,0.000201,0.000325,0.000698,0.000766,0.000670,0.000529,0.000359,0.000372,0.000301,0.000217,0.000213,0.000168,0.000147,0.000137,0.000125,0.000091,0.000063,0.000053,0.000030,0.000060,0.000086,0.000045,0.000046,0.000128,0.000178,0.000196,0.000153,0.000143,0.000156,0.000136,0.000074,0.000088,0.000166,0.000264
1040,,,,,,,,,,,,,,0.000004,0.000123,0.000110,0.000103,0.000096,0.000122,0.000118,0.000143,0.000104,0.000115,0.000138,0.000136,0.000108,0.000128,0.000145,0.000174,0.000192,0.000233,0.000253,0.000238,0.000205,0.000147,0.000129,0.000097,0.000024,0.000015,0.000056,0.000111,0.000111,0.000119,0.000091,0.000091,0.000076,0.000033,0.000043,0.000111,0.000149
1041,,,,,,,,,,,,,,0.000016,0.000416,0.000348,0.000253,0.000239,0.000392,0.000386,0.000318,0.000253,0.000191,0.000221,0.000188,0.000145,0.000152,0.000136,0.000124,0.000108,0.000098,0.000093,0.000069,0.000069,0.000053,0.000049,0.000026,0.000024,0.000014,0.000046,0.000089,0.000073,0.000104,0.000176,0.000195,0.000167,0.000129,0.000189,0.000369,0.000493
1042,,,,,,,,,,,,,,0.000007,0.000206,0.000219,0.000183,0.000145,0.000165,0.000186,0.000189,0.000166,0.000149,0.000157,0.000164,0.000148,0.000144,0.000120,0.000104,0.000086,0.000091,0.000076,0.000068,0.000069,0.000058,0.000057,0.000054,0.000028,0.000016,0.000054,0.000087,0.000082,0.000067,0.000087,0.000076,0.000075,0.000050,0.000045,0.000075,0.000120
1043,,,,,,,,,,,,,,0.000005,0.000136,0.000148,0.000088,0.000095,0.000123,0.000163,0.000173,0.000137,0.000135,0.000118,0.000129,0.000106,0.000123,0.000097,0.000070,0.000055,0.000053,0.000056,0.000057,0.000068,0.000054,0.000068,0.000059,0.000027,0.000019,0.000076,0.000119,0.000117,0.000106,0.000114,0.000116,0.000108,0.000104,0.000074,0.000104,0.000150
1044,,,,,,,,,,,,,,0.000002,0.000046,0.000032,0.000042,0.000048,0.000088,0.000102,0.000126,0.000103,0.000070,0.000103,0.000099,0.000080,0.000077,0.000094,0.000087,0.000083,0.000073,0.000066,0.000049,0.000060,0.000082,0.000104,0.000117,0.000053,0.000022,0.000088,0.000203,0.000274,0.000263,0.000224,0.000224,0.000160,0.000078,0.000051,0.000119,0.000155
1045,,,,,,,,,,,,,,0.000004,0.000077,0.000062,0.000058,0.000059,0.000067,0.000080,0.000108,0.000211,0.000101,0.000067,0.000050,0.000028,0.000041,0.000073,0.000054,0.000051,0.000065,0.000052,0.000056,0.000082,0.000127,0.000183,0.000175,0.000118,0.000104,0.000276,0.000403,0.000379,0.000357,0.000340,0.000376,0.000358,0.000154,0.000182,0.000219,0.000256
1046,,,,,,,,,,,,,,0.000012,0.000299,0.000268,0.000234,0.000215,0.000245,0.000269,0.000230,0.000227,0.000189,0.000220,0.000209,0.000164,0.000174,0.000173,0.000167,0.000146,0.000146,0.000150,0.000129,0.000131,0.000105,0.000092,0.000059,0.000011,0.000007,0.000054,0.000129,0.000121,0.000110,0.000101,0.000089,0.000075,0.000041,0.000059,0.000130,0.000246
1047,,,,,,,,,,,,,,0.000004,0.000134,0.000127,0.000114,0.000115,0.000163,0.000198,0.000237,0.000239,0.000203,0.000242,0.000267,0.000208,0.000197,0.000172,0.000166,0.000113,0.000106,0.000088,0.000081,0.000086,0.000080,0.000086,0.000056,0.000026,0.000016,0.000056,0.000106,0.000088,0.000085,0.000078,0.000088,0.000077,0.000070,0.000065,0.000104,0.000153
1048,,,,,,,,,,,,,,0.000009,0.000167,0.000168,0.000101,0.000090,0.000098,0.000114,0.000100,0.000096,0.000075,0.000087,0.000072,0.000066,0.000058,0.000044,0.000052,0.000056,0.000067,0.000064,0.000055,0.000053,0.000049,0.000085,0.000072,0.000027,0.000028,0.000146,0.000278,0.000340,0.000219,0.000151,0.000132,0.000112,0.000091,0.000048,0.000144,0.000214
1049,,,,,,,,,,,,,,0.000010,0.000191,0.000157,0.000126,0.000121,0.000142,0.000130,0.000104,0.000090,0.000088,0.000107,0.000091,0.000066,0.000069,0.000065,0.000071,0.000066,0.000066,0.000077,0.000065,0.000078,0.000065,0.000075,0.000054,0.000015,0.000009,0.000065,0.000122,0.000097,0.000086,0.000076,0.000081,0.000079,0.000056,0.000066,0.000189,0.000365
1050,,,,,,,,,,,,,,0.000003,0.000081,0.000093,0.000079,0.000129,0.000200,0.000152,0.000130,0.000109,0.000098,0.000070,0.000066,0.000064,0.000088,0.000120,0.000195,0.000177,0.000182,0.000178,0.000132,0.000095,0.000085,0.000078,0.000051,0.000019,0.000014,0.000054,0.000114,0.000138,0.000146,0.000130,0.000115,0.000092,0.000059,0.000062,0.000107,0.000140
1051,,,,,,,,,,,,,,0.000005,0.000144,0.000121,0.000098,0.000136,0.000131,0.000104,0.000119,0.000097,0.000091,0.000111,0.000120,0.000131,0.000119,0.000094,0.000079,0.000062,0.000059,0.000059,0.000062,0.000055,0.000059,0.000061,0.000054,0.000019,0.000012,0.000048,0.000094,0.000127,0.000147,0.000145,0.000198,0.000115,0.000055,0.000043,0.000097,0.000112
1052,,,,,,,,,,,,,,0.000006,0.000168,0.000149,0.000135,0.000162,0.000200,0.000240,0.000237,0.000201,0.000158,0.000189,0.000176,0.000148,0.000162,0.000162,0.000176,0.000149,0.000180,0.000114,0.000071,0.000051,0.000044,0.000038,0.000024,0.000022,0.000015,0.000040,0.000090,0.000073,0.000076,0.000071,0.000073,0.000073,0.000067,0.000072,0.000165,0.000183
1053,,,,,,,,,,,,,,0.000005,0.000088,0.000061,0.000057,0.000073,0.000102,0.000120,0.000153,0.000135,0.000110,0.000125,0.000120,0.000148,0.000156,0.000190,0.000131,0.000087,0.000068,0.000073,0.000074,0.000080,0.000068,0.000066,0.000042,0.000021,0.000012,0.000043,0.000090,0.000111,0.000113,0.000089,0.000132,0.000156,0.000112,0.000070,0.000193,0.000324
1054,,,,,,,,,,,,,,0.000009,0.000260,0.000286,0.000216,0.000207,0.000250,0.000258,0.000243,0.000212,0.000195,0.000224,0.000205,0.000177,0.000137,0.000152,0.000164,0.000164,0.000160,0.000152,0.000122,0.000102,0.000089,0.000093,0.000098,0.000064,0.000042,0.000142,0.000380,0.000404,0.000385,0.000325,0.000263,0.000185,0.000134,0.000104,0.000062,0.000063
1055,,,,,,,,,,,,,,0.000010,0.000263,0.000236,0.000223,0.000216,0.000278,0.000289,0.000240,0.000198,0.000173,0.000209,0.000197,0.000159,0.000158,0.000170,0.000187,0.000159,0.000168,0.000158,0.000128,0.000133,0.000096,0.000086,0.000052,0.000012,0.000010,0.000032,0.000052,0.000047,0.000055,0.000058,0.000057,0.000066,0.000038,0.000047,0.000122,0.000214
1056,,,,,,,,,,,,,,0.000009,0.000218,0.000174,0.000144,0.000162,0.000182,0.000175,0.000196,0.000158,0.000117,0.000126,0.000119,0.000090,0.000086,0.000090,0.000103,0.000102,0.000094,0.000094,0.000083,0.000078,0.000057,0.000039,0.000023,0.000016,0.000023,0.000068,0.000114,0.000107,0.000098,0.000097,0.000125,0.000110,0.000083,0.000122,0.000428,0.000505
1057,,,,,,,,,,,,,,0.000011,0.000287,0.000311,0.000335,0.000348,0.000366,0.000420,0.000388,0.000320,0.000279,0.000327,0.000307,0.000275,0.000262,0.000250,0.000178,0.000134,0.000143,0.000138,0.000116,0.000119,0.000102,0.000101,0.000090,0.000030,0.000016,0.000060,0.000142,0.000191,0.000157,0.000124,0.000109,0.000077,0.000053,0.000030,0.000119,0.000225
1058,,,,,,,,,,,,,,0.000012,0.000215,0.000171,0.000144,0.000146,0.000180,0.000226,0.000247,0.000247,0.000253,0.000316,0.000349,0.000332,0.000351,0.000294,0.000259,0.000199,0.000152,0.000137,0.000116,0.000085,0.000073,0.000076,0.000040,0.000020,0.000014,0.000067,0.000096,0.000076,0.000102,0.000077,0.000096,0.000108,0.000079,0.000090,0.000321,0.000588
1059,,,,,,,,,,,,,,0.000004,0.000057,0.000057,0.000052,0.000092,0.000126,0.000130,0.000150,0.000150,0.000124,0.000107,0.000117,0.000151,0.000200,0.000253,0.000195,0.000165,0.000148,0.000143,0.000106,0.000081,0.000051,0.000047,0.000043,0.000028,0.000029,0.000055,0.000076,0.000123,0.000132,0.000093,0.000097,0.000083,0.000063,0.000066,0.000124,0.000164
1060,,,,,,,,,,,,,,0.000008,0.000245,0.000239,0.000155,0.000135,0.000186,0.000177,0.000148,0.000145,0.000124,0.000134,0.000120,0.000099,0.000083,0.000077,0.000075,0.000057,0.000062,0.000062,0.000056,0.000053,0.000046,0.000042,0.000025,0.000011,0.000011,0.000048,0.000107,0.000146,0.000178,0.000188,0.000192,0.000140,0.000088,0.000060,0.000150,0.000188
1061,,,,,,,,,,,,,,0.000004,0.000063,0.000054,0.000063,0.000084,0.000106,0.000098,0.000092,0.000097,0.000075,0.000080,0.000074,0.000078,0.000093,0.000103,0.000111,0.000108,0.000135,0.000146,0.000106,0.000104,0.000068,0.000055,0.000036,0.000013,0.000009,0.000039,0.000089,0.000130,0.000197,0.000196,0.000171,0.000131,0.000044,0.000047,0.000100,0.000168
1062,,,,,,,,,,,,,,0.000005,0.000177,0.000181,0.000206,0.000189,0.000151,0.000163,0.000160,0.000104,0.000103,0.000109,0.000096,0.000113,0.000100,0.000096,0.000089,0.000093,0.000112,0.000124,0.000120,0.000131,0.000102,0.000080,0.000068,0.000041,0.000024,0.000064,0.000087,0.000083,0.000081,0.000088,0.000091,0.000099,0.000096,0.000057,0.000102,0.000123
1063,,,,,,,,,,,,,,0.000009,0.000162,0.000163,0.000109,0.000148,0.000257,0.000299,0.000302,0.000292,0.000226,0.000282,0.000221,0.000163,0.000151,0.000118,0.000106,0.000085,0.000076,0.000079,0.000071,0.000061,0.000063,0.000075,0.000049,0.000017,0.000009,0.000042,0.000069,0.000068,0.000059,0.000115,0.000103,0.000085,0.000041,0.000052,0.000133,0.000261
1064,,,,,,,,,,,,,,0.000004,0.000123,0.000170,0.000156,0.000200,0.000239,0.000222,0.000197,0.000149,0.000095,0.000108,0.000079,0.000050,0.000058,0.000057,0.000042,0.000030,0.000027,0.000039,0.000047,0.000095,0.000135,0.000148,0.000115,0.000032,0.000026,0.000120,0.000226,0.000231,0.000229,0.000218,0.000246,0.000168,0.000117,0.000042,0.000080,0.000073
1065,,,,,,,,,,,,,,0.000005,0.000163,0.000170,0.000134,0.000129,0.000150,0.000177,0.000207,0.000215,0.000286,0.000262,0.000244,0.000185,0.000206,0.000193,0.000199,0.000158,0.000148,0.000132,0.000104,0.000092,0.000077,0.000068,0.000042,0.000013,0.000010,0.000055,0.000160,0.000132,0.000117,0.000104,0.000118,0.000095,0.000051,0.000050,0.000143,0.000200
1066,,,,,,,,,,,,,,0.000003,0.000073,0.000066,0.000063,0.000068,0.000109,0.000145,0.000142,0.000166,0.000142,0.000189,0.000189,0.000174,0.000175,0.000166,0.000159,0.000153,0.000137,0.000150,0.000142,0.000148,0.000156,0.000164,0.000128,0.000041,0.000017,0.000037,0.000080,0.000120,0.000127,0.000125,0.000114,0.000116,0.000138,0.000081,0.000120,0.000197
1067,,,,,,,,,,,,,,0.000005,0.000167,0.000174,0.000112,0.000128,0.000151,0.000162,0.000170,0.000161,0.000127,0.000129,0.000108,0.000092,0.000062,0.000051,0.000045,0.000037,0.000046,0.000055,0.000053,0.000058,0.000057,0.000058,0.000057,0.000028,0.000027,0.000097,0.000177,0.000141,0.000102,0.000091,0.000072,0.000069,0.000064,0.000052,0.000081,0.000103
1068,,,,,,,,,,,,,,0.000007,0.000223,0.000208,0.000142,0.000135,0.000155,0.000178,0.000160,0.000124,0.000103,0.000126,0.000142,0.000115,0.000153,0.000177,0.000220,0.000162,0.000163,0.000170,0.000177,0.000180,0.000120,0.000075,0.000052,0.000016,0.000012,0.000056,0.000124,0.000100,0.000100,0.000091,0.000069,0.000060,0.000048,0.000044,0.000084,0.000137
1069,,,,,,,,,,,,,,0.000012,0.000381,0.000366,0.000281,0.000262,0.000252,0.000262,0.000228,0.000164,0.000151,0.000166,0.000157,0.000155,0.000149,0.000130,0.000101,0.000082,0.000052,0.000035,0.000025,0.000017,0.000021,0.000023,0.000042,0.000033,0.000049,0.000114,0.000189,0.000154,0.000126,0.000116,0.000121,0.000123,0.000078,0.000070,0.000078,0.000100
1070,,,,,,,,,,,,,,0.000005,0.000117,0.000100,0.000078,0.000104,0.000132,0.000141,0.000120,0.000095,0.000082,0.000086,0.000077,0.000071,0.000065,0.000055,0.000048,0.000035,0.000032,0.000032,0.000036,0.000042,0.000053,0.000058,0.000053,0.000025,0.000012,0.000044,0.000085,0.000077,0.000080,0.000104,0.000128,0.000134,0.000098,0.000107,0.000228,0.000327
1071,,,,,,,,,,,,,,0.000011,0.000250,0.000248,0.000209,0.000220,0.000247,0.000273,0.000259,0.000238,0.000208,0.000288,0.000278,0.000257,0.000314,0.000332,0.000345,0.000276,0.000266,0.000260,0.000216,0.000192,0.000145,0.000124,0.000082,0.000013,0.000007,0.000055,0.000098,0.000107,0.000081,0.000080,0.000086,0.000088,0.000061,0.000082,0.000390,0.000362
1072,,,,,,,,,,,,,,0.000004,0.000137,0.000128,0.000107,0.000113,0.000110,0.000115,0.000106,0.000100,0.000088,0.000090,0.000087,0.000077,0.000087,0.000098,0.000089,0.000085,0.000092,0.000099,0.000113,0.000108,0.000085,0.000064,0.000063,0.000027,0.000027,0.000087,0.000168,0.000146,0.000090,0.000115,0.000091,0.000071,0.000036,0.000046,0.000063,0.000093
1073,,,,,,,,,,,,,,0.000009,0.000222,0.000215,0.000176,0.000176,0.000178,0.000179,0.000187,0.000180,0.000156,0.000163,0.000150,0.000133,0.000119,0.000105,0.000112,0.000088,0.000081,0.000072,0.000052,0.000059,0.000047,0.000046,0.000037,0.000020,0.000011,0.000074,0.000171,0.000188,0.000169,0.000179,0.000148,0.000133,0.000074,0.000119,0.000123,0.000209
1074,,,,,,,,,,,,,,0.000007,0.000285,0.000458,0.000160,0.000150,0.000168,0.000179,0.000158,0.000122,0.000121,0.000121,0.000108,0.000086,0.000098,0.000091,0.000099,0.000087,0.000067,0.000084,0.000098,0.000115,0.000116,0.000111,0.000071,0.000017,0.000009,0.000044,0.000078,0.000079,0.000080,0.000078,0.000093,0.000097,0.000060,0.000099,0.000202,0.000296
1075,,,,,,,,,,,,,,0.000006,0.000143,0.000139,0.000107,0.000106,0.000142,0.000161,0.000175,0.000141,0.000130,0.000138,0.000128,0.000108,0.000124,0.000107,0.000112,0.000103,0.000107,0.000097,0.000085,0.000092,0.000090,0.000118,0.000098,0.000022,0.000012,0.000063,0.000115,0.000112,0.000105,0.000103,0.000085,0.000066,0.000036,0.000042,0.000124,0.000205
1076,,,,,,,,,,,,,,0.000014,0.000379,0.000409,0.000427,0.000433,0.000463,0.000526,0.000525,0.000458,0.000473,0.000492,0.000461,0.000429,0.000462,0.000446,0.000431,0.000352,0.000345,0.000353,0.000304,0.000256,0.000162,0.000129,0.000086,0.000023,0.000016,0.000065,0.000154,0.000161,0.000146,0.000189,0.000202,0.000211,0.000183,0.000146,0.000192,0.000318
1077,,,,,,,,,,,,,,0.000008,0.000218,0.000179,0.000118,0.000113,0.000153,0.000173,0.000194,0.000178,0.000163,0.000202,0.000206,0.000207,0.000225,0.000239,0.000282,0.000244,0.000228,0.000216,0.000164,0.000131,0.000071,0.000063,0.000020,0.000021,0.000017,0.000058,0.000060,0.000051,0.000058,0.000071,0.000104,0.000092,0.000216,0.000084,0.000161,0.000258
1078,,,,,,,,,,,,,,0.000012,0.000270,0.000256,0.000226,0.000235,0.000329,0.000377,0.000380,0.000379,0.000339,0.000467,0.000432,0.000361,0.000443,0.000434,0.000470,0.000403,0.000388,0.000393,0.000324,0.000283,0.000215,0.000186,0.000116,0.000020,0.000015,0.000088,0.000195,0.000165,0.000150,0.000138,0.000142,0.000147,0.000067,0.000175,0.000282,0.000468
1079,,,,,,,,,,,,,,0.000007,0.000234,0.000222,0.000168,0.000157,0.000195,0.000223,0.000262,0.000199,0.000339,0.000270,0.000279,0.000430,0.000272,0.000263,0.000198,0.000137,0.000125,0.000112,0.000095,0.000092,0.000075,0.000064,0.000041,0.000010,0.000008,0.000041,0.000076,0.000081,0.000095,0.000074,0.000078,0.000070,0.000034,0.000032,0.000040,0.000064
1080,,,,,,,,,,,,,,0.000004,0.000087,0.000083,0.000067,0.000064,0.000092,0.000147,0.000157,0.000111,0.000079,0.000105,0.000090,0.000077,0.000066,0.000065,0.000052,0.000058,0.000061,0.000086,0.000097,0.000118,0.000131,0.000153,0.000129,0.000032,0.000016,0.000054,0.000096,0.000122,0.000173,0.000198,0.000202,0.000155,0.000077,0.000056,0.000144,0.000144
1081,,,,,,,,,,,,,,0.000011,0.000285,0.000249,0.000155,0.000158,0.000218,0.000216,0.000199,0.000172,0.000149,0.000169,0.000167,0.000146,0.000176,0.000181,0.000188,0.000165,0.000145,0.000150,0.000111,0.000084,0.000044,0.000029,0.000026,0.000011,0.000011,0.000053,0.000171,0.000181,0.000134,0.000113,0.000130,0.000128,0.000067,0.000080,0.000327,0.000597
1082,,,,,,,,,,,,,,0.000015,0.000351,0.000361,0.000256,0.000254,0.000266,0.000259,0.000264,0.000242,0.000217,0.000200,0.000166,0.000161,0.000098,0.000081,0.000043,0.000033,0.000043,0.000023,0.000034,0.000039,0.000045,0.000042,0.000047,0.000038,0.000028,0.000086,0.000154,0.000198,0.000234,0.000242,0.000266,0.000266,0.000155,0.000194,0.000313,0.000359
1083,,,,,,,,,,,,,,0.000014,0.000297,0.000342,0.000306,0.000348,0.000398,0.000420,0.000402,0.000350,0.000274,0.000273,0.000213,0.000166,0.000167,0.000150,0.000169,0.000173,0.000159,0.000180,0.000151,0.000123,0.000089,0.000080,0.000055,0.000015,0.000011,0.000090,0.000207,0.000228,0.000251,0.000194,0.000223,0.000235,0.000132,0.000149,0.000525,0.000869
1084,,,,,,,,,,,,,,0.000007,0.000331,0.000334,0.000366,0.000443,0.000526,0.000506,0.000415,0.000321,0.000273,0.000260,0.000189,0.000168,0.000153,0.000091,0.000087,0.000061,0.000064,0.000075,0.000071,0.000073,0.000064,0.000058,0.000057,0.000041,0.000035,0.000154,0.000369,0.000415,0.000364,0.000311,0.000317,0.000246,0.000146,0.000101,0.000142,0.000196
1085,,,,,,,,,,,,,,0.000007,0.000190,0.000206,0.000183,0.000155,0.000170,0.000182,0.000182,0.000179,0.000158,0.000154,0.000133,0.000111,0.000108,0.000113,0.000089,0.000074,0.000059,0.000069,0.000077,0.000089,0.000087,0.000097,0.000081,0.000045,0.000032,0.000062,0.000090,0.000077,0.000051,0.000061,0.000077,0.000066,0.000051,0.000055,0.000101,0.000094
1086,,,,,,,,,,,,,,0.000010,0.000298,0.000320,0.000212,0.000195,0.000216,0.000224,0.000210,0.000186,0.000150,0.000161,0.000147,0.000141,0.000129,0.000118,0.000104,0.000096,0.000093,0.000098,0.000106,0.000144,0.000152,0.000137,0.000085,0.000018,0.000015,0.000056,0.000109,0.000086,0.000070,0.000052,0.000060,0.000054,0.000040,0.000032,0.000061,0.000104
1087,,,,,,,,,,,,,,0.000010,0.000206,0.000160,0.000132,0.000140,0.000156,0.000180,0.000184,0.000129,0.000118,0.000117,0.000119,0.000137,0.000121,0.000109,0.000086,0.000080,0.000089,0.000080,0.000059,0.000057,0.000055,0.000035,0.000035,0.000032,0.000028,0.000090,0.000159,0.000206,0.000285,0.000347,0.000400,0.000403,0.000241,0.000174,0.000362,0.000554
1088,,,,,,,,,,,,,,0.000013,0.000332,0.000247,0.000209,0.000212,0.000248,0.000242,0.000222,0.000218,0.000187,0.000226,0.000217,0.000179,0.000196,0.000196,0.000176,0.000131,0.000122,0.000113,0.000085,0.000075,0.000051,0.000038,0.000028,0.000013,0.000011,0.000053,0.000097,0.000099,0.000098,0.000084,0.000086,0.000095,0.000065,0.000081,0.000226,0.000370
1089,,,,,,,,,,,,,,0.000016,0.000251,0.000197,0.000228,0.000294,0.000320,0.000336,0.000312,0.000231,0.000212,0.000174,0.000150,0.000119,0.000108,0.000106,0.000104,0.000119,0.000131,0.000223,0.000316,0.000443,0.000495,0.000491,0.000331,0.000056,0.000023,0.000113,0.000205,0.000168,0.000123,0.000097,0.000085,0.000073,0.000032,0.000089,0.000328,0.000696
1090,,,,,,,,,,,,,,0.000006,0.000185,0.000191,0.000125,0.000120,0.000130,0.000136,0.000118,0.000106,0.000130,0.000116,0.000101,0.000116,0.000098,0.000084,0.000093,0.000099,0.000116,0.000155,0.000171,0.000185,0.000160,0.000108,0.000061,0.000041,0.000024,0.000085,0.000129,0.000118,0.000104,0.000095,0.000089,0.000084,0.000063,0.000062,0.000074,0.000103
1091,,,,,,,,,,,,,,0.000020,0.000461,0.000515,0.000330,0.000307,0.000336,0.000341,0.000321,0.000255,0.000204,0.000220,0.000199,0.000167,0.000150,0.000110,0.000093,0.000066,0.000049,0.000033,0.000041,0.000053,0.000054,0.000047,0.000042,0.000022,0.000014,0.000048,0.000081,0.000079,0.000081,0.000101,0.000094,0.000062,0.000057,0.000038,0.000097,0.000193
1092,,,,,,,,,,,,,,0.000006,0.000169,0.000152,0.000108,0.000098,0.000096,0.000109,0.000121,0.000105,0.000106,0.000123,0.000122,0.000118,0.000102,0.000094,0.000081,0.000066,0.000064,0.000052,0.000046,0.000053,0.000056,0.000063,0.000054,0.000024,0.000026,0.000054,0.000070,0.000078,0.000095,0.000112,0.000128,0.000163,0.000160,0.000111,0.000162,0.000228
1093,,,,,,,,,,,,,,0.000025,0.000584,0.000565,0.000465,0.000473,0.000656,0.000609,0.000475,0.000358,0.000274,0.000299,0.000250,0.000200,0.000212,0.000210,0.000212,0.000172,0.000162,0.000129,0.000102,0.000107,0.000085,0.000077,0.000060,0.000013,0.000007,0.000046,0.000077,0.000078,0.000085,0.000075,0.000081,0.000074,0.000042,0.000048,0.000163,0.000307
1094,,,,,,,,,,,,,,0.000004,0.000105,0.000073,0.000058,0.000056,0.000076,0.000084,0.000093,0.000103,0.000113,0.000182,0.000208,0.000220,0.000205,0.000183,0.000171,0.000138,0.000115,0.000103,0.000080,0.000073,0.000080,0.000110,0.000110,0.000042,0.000031,0.000097,0.000151,0.000151,0.000113,0.000108,0.000086,0.000066,0.000047,0.000049,0.000074,0.000073
1095,,,,,,,,,,,,,,0.000005,0.000109,0.000116,0.000101,0.000118,0.000154,0.000194,0.000180,0.000176,0.000145,0.000182,0.000171,0.000171,0.000139,0.000122,0.000093,0.000064,0.000061,0.000057,0.000055,0.000057,0.000062,0.000078,0.000080,0.000031,0.000023,0.000190,0.000268,0.000260,0.000189,0.000155,0.000161,0.000142,0.000072,0.000061,0.000131,0.000207
1096,,,,,,,,,,,,,,0.000006,0.000113,0.000110,0.000094,0.000125,0.000182,0.000266,0.000332,0.000298,0.000203,0.000284,0.000269,0.000277,0.000342,0.000375,0.000407,0.000402,0.000364,0.000355,0.000294,0.000218,0.000126,0.000098,0.000075,0.000015,0.000013,0.000067,0.000165,0.000168,0.000139,0.000124,0.000126,0.000142,0.000062,0.000076,0.000232,0.000356
1097,,,,,,,,,,,,,,0.000008,0.000133,0.000106,0.000067,0.000072,0.000077,0.000084,0.000074,0.000077,0.000085,0.000095,0.000086,0.000072,0.000075,0.000068,0.000065,0.000055,0.000044,0.000042,0.000038,0.000045,0.000039,0.000037,0.000027,0.000011,0.000009,0.000031,0.000063,0.000071,0.000069,0.000079,0.000074,0.000091,0.000116,0.000194,0.000206,0.000324
1098,,,,,,,,,,,,,,0.000006,0.000191,0.000156,0.000112,0.000108,0.000111,0.000108,0.000099,0.000115,0.000114,0.000104,0.000082,0.000070,0.000059,0.000059,0.000038,0.000039,0.000036,0.000036,0.000035,0.000031,0.000032,0.000063,0.000094,0.000079,0.000039,0.000104,0.000225,0.000266,0.000204,0.000213,0.000192,0.000188,0.000115,0.000064,0.000090,0.000146
1099,,,,,,,,,,,,,,0.000007,0.000187,0.000212,0.000155,0.000148,0.000170,0.000205,0.000202,0.000197,0.000177,0.000220,0.000227,0.000202,0.000212,0.000197,0.000190,0.000153,0.000141,0.000116,0.000094,0.000071,0.000053,0.000060,0.000042,0.000013,0.000014,0.000042,0.000113,0.000128,0.000148,0.000097,0.000072,0.000064,0.000033,0.000028,0.000062,0.000112
1100,,,,,,,,,,,,,,0.000005,0.000171,0.000148,0.000107,0.000106,0.000133,0.000170,0.000151,0.000118,0.000088,0.000101,0.000098,0.000094,0.000076,0.000074,0.000062,0.000050,0.000065,0.000074,0.000085,0.000108,0.000129,0.000155,0.000117,0.000059,0.000035,0.000100,0.000132,0.000126,0.000120,0.000117,0.000114,0.000113,0.000095,0.000084,0.000115,0.000096
1101,,,,,,,,,,,,,,0.000005,0.000143,0.000146,0.000138,0.000166,0.000227,0.000290,0.000361,0.000295,0.000277,0.000264,0.000182,0.000173,0.000153,0.000117,0.000101,0.000087,0.000083,0.000097,0.000116,0.000160,0.000182,0.000210,0.000183,0.000065,0.000035,0.000084,0.000102,0.000120,0.000113,0.000095,0.000093,0.000087,0.000056,0.000049,0.000081,0.000094
1102,,,,,,,,,,,,,,0.000009,0.000283,0.000273,0.000186,0.000196,0.000255,0.000306,0.000266,0.000229,0.000178,0.000213,0.000189,0.000157,0.000164,0.000158,0.000151,0.000120,0.000094,0.000092,0.000087,0.000099,0.000105,0.000106,0.000074,0.000021,0.000024,0.000156,0.000296,0.000283,0.000196,0.000146,0.000130,0.000100,0.000046,0.000046,0.000140,0.000261
1103,,,,,,,,,,,,,,0.000008,0.000264,0.000250,0.000190,0.000182,0.000197,0.000177,0.000159,0.000145,0.000140,0.000118,0.000096,0.000103,0.000095,0.000098,0.000088,0.000074,0.000064,0.000064,0.000050,0.000048,0.000049,0.000038,0.000044,0.000038,0.000029,0.000087,0.000183,0.000189,0.000171,0.000156,0.000122,0.000115,0.000108,0.000074,0.000121,0.000124
1104,,,,,,,,,,,,,,0.000003,0.000110,0.000091,0.000063,0.000056,0.000078,0.000102,0.000107,0.000114,0.000095,0.000110,0.000116,0.000125,0.000149,0.000209,0.000190,0.000151,0.000154,0.000156,0.000151,0.000139,0.000116,0.000106,0.000071,0.000021,0.000014,0.000039,0.000064,0.000079,0.000082,0.000086,0.000075,0.000073,0.000045,0.000039,0.000045,0.000066
1105,,,,,,,,,,,,,,0.000008,0.000218,0.000289,0.000273,0.000346,0.000535,0.000606,0.000607,0.000625,0.000562,0.000763,0.000698,0.000561,0.000699,0.000600,0.000581,0.000468,0.000465,0.000567,0.000643,0.000668,0.000456,0.000333,0.000186,0.000030,0.000012,0.000043,0.000096,0.000077,0.000088,0.000097,0.000129,0.000140,0.000091,0.000064,0.000152,0.000215
1106,,,,,,,,,,,,,,0.000004,0.000082,0.000082,0.000066,0.000094,0.000105,0.000129,0.000130,0.000204,0.000131,0.000129,0.000097,0.000070,0.000080,0.000100,0.000074,0.000077,0.000075,0.000082,0.000100,0.000145,0.000193,0.000263,0.000259,0.000057,0.000032,0.000094,0.000250,0.000244,0.000262,0.000237,0.000277,0.000272,0.000120,0.000122,0.000185,0.000277
1107,,,,,,,,,,,,,,0.000007,0.000211,0.000182,0.000135,0.000147,0.000163,0.000194,0.000186,0.000195,0.000203,0.000196,0.000198,0.000197,0.000191,0.000198,0.000182,0.000183,0.000168,0.000192,0.000173,0.000129,0.000097,0.000069,0.000039,0.000019,0.000018,0.000042,0.000057,0.000067,0.000068,0.000089,0.000174,0.000298,0.000223,0.000233,0.000262,0.000205
1108,,,,,,,,,,,,,,0.000013,0.000284,0.000264,0.000159,0.000154,0.000165,0.000164,0.000149,0.000103,0.000111,0.000110,0.000096,0.000086,0.000083,0.000074,0.000063,0.000057,0.000050,0.000049,0.000041,0.000054,0.000067,0.000067,0.000047,0.000026,0.000015,0.000052,0.000090,0.000089,0.000088,0.000100,0.000127,0.000106,0.000102,0.000244,0.000129,0.000147
1109,,,,,,,,,,,,,,0.000008,0.000290,0.000378,0.000337,0.000429,0.000526,0.000599,0.000503,0.000431,0.000342,0.000367,0.000302,0.000230,0.000240,0.000202,0.000158,0.000126,0.000102,0.000088,0.000093,0.000123,0.000126,0.000151,0.000133,0.000032,0.000013,0.000040,0.000078,0.000103,0.000087,0.000077,0.000087,0.000077,0.000039,0.000030,0.000047,0.000072
1110,,,,,,,,,,,,,,0.000008,0.000201,0.000189,0.000181,0.000162,0.000179,0.000187,0.000188,0.000180,0.000152,0.000210,0.000222,0.000249,0.000334,0.000373,0.000347,0.000278,0.000238,0.000215,0.000161,0.000127,0.000089,0.000074,0.000062,0.000028,0.000014,0.000052,0.000125,0.000141,0.000241,0.000260,0.000268,0.000184,0.000122,0.000117,0.000254,0.000409
1111,,,,,,,,,,,,,,0.000008,0.000198,0.000176,0.000168,0.000130,0.000153,0.000246,0.000257,0.000180,0.000132,0.000157,0.000125,0.000104,0.000102,0.000092,0.000105,0.000088,0.000068,0.000069,0.000060,0.000063,0.000070,0.000065,0.000046,0.000021,0.000008,0.000033,0.000053,0.000063,0.000057,0.000064,0.000062,0.000088,0.000080,0.000091,0.000137,0.000212
1112,,,,,,,,,,,,,,0.000003,0.000057,0.000051,0.000029,0.000031,0.000050,0.000109,0.000112,0.000146,0.000098,0.000081,0.000069,0.000058,0.000055,0.000078,0.000058,0.000042,0.000054,0.000050,0.000045,0.000062,0.000110,0.000189,0.000248,0.000106,0.000063,0.000127,0.000247,0.000284,0.000234,0.000212,0.000206,0.000181,0.000096,0.000152,0.000307,0.000175
1113,,,,,,,,,,,,,,0.000005,0.000126,0.000104,0.000082,0.000072,0.000069,0.000076,0.000103,0.000091,0.000078,0.000113,0.000112,0.000112,0.000101,0.000095,0.000077,0.000061,0.000052,0.000054,0.000074,0.000107,0.000134,0.000156,0.000125,0.000029,0.000025,0.000100,0.000196,0.000159,0.000122,0.000087,0.000094,0.000060,0.000039,0.000043,0.000073,0.000105
1114,,,,,,,,,,,,,,0.000010,0.000283,0.000242,0.000203,0.000240,0.000332,0.000391,0.000365,0.000349,0.000293,0.000378,0.000349,0.000288,0.000296,0.000267,0.000264,0.000191,0.000164,0.000142,0.000093,0.000080,0.000049,0.000044,0.000017,0.000026,0.000025,0.000077,0.000146,0.000162,0.000212,0.000306,0.000321,0.000351,0.000270,0.000163,0.000337,0.000563
1115,,,,,,,,,,,,,,0.000006,0.000319,0.000187,0.000135,0.000159,0.000177,0.000173,0.000144,0.000113,0.000093,0.000110,0.000098,0.000094,0.000102,0.000107,0.000132,0.000147,0.000165,0.000209,0.000185,0.000129,0.000073,0.000049,0.000032,0.000020,0.000018,0.000065,0.000142,0.000155,0.000124,0.000098,0.000099,0.000110,0.000077,0.000072,0.000144,0.000135
1116,,,,,,,,,,,,,,0.000006,0.000186,0.000143,0.000113,0.000107,0.000145,0.000163,0.000154,0.000149,0.000137,0.000148,0.000137,0.000123,0.000122,0.000100,0.000105,0.000100,0.000091,0.000073,0.000074,0.000080,0.000078,0.000079,0.000076,0.000024,0.000013,0.000046,0.000077,0.000079,0.000062,0.000053,0.000065,0.000053,0.000026,0.000027,0.000043,0.000049
1117,,,,,,,,,,,,,,0.000005,0.000195,0.000177,0.000180,0.000204,0.000233,0.000268,0.000234,0.000188,0.000173,0.000194,0.000188,0.000190,0.000241,0.000288,0.000327,0.000277,0.000253,0.000190,0.000139,0.000122,0.000089,0.000079,0.000062,0.000017,0.000009,0.000025,0.000062,0.000089,0.000084,0.000083,0.000076,0.000055,0.000033,0.000023,0.000047,0.000067
1118,,,,,,,,,,,,,,0.000010,0.000220,0.000181,0.000151,0.000133,0.000155,0.000144,0.000129,0.000126,0.000125,0.000140,0.000137,0.000125,0.000125,0.000134,0.000136,0.000106,0.000094,0.000082,0.000068,0.000058,0.000042,0.000035,0.000033,0.000013,0.000017,0.000153,0.000391,0.000383,0.000343,0.000330,0.000270,0.000201,0.000092,0.000093,0.000165,0.000274
1119,,,,,,,,,,,,,,0.000007,0.000169,0.000179,0.000156,0.000168,0.000208,0.000251,0.000255,0.000270,0.000219,0.000289,0.000260,0.000219,0.000262,0.000278,0.000327,0.000347,0.000458,0.000603,0.000631,0.000530,0.000320,0.000220,0.000133,0.000021,0.000012,0.000105,0.000225,0.000197,0.000147,0.000120,0.000103,0.000108,0.000049,0.000043,0.000155,0.000256
1120,,,,,,,,,,,,,,0.000006,0.000116,0.000126,0.000109,0.000132,0.000158,0.000166,0.000164,0.000142,0.000135,0.000143,0.000134,0.000117,0.000115,0.000136,0.000140,0.000141,0.000170,0.000251,0.000326,0.000367,0.000248,0.000189,0.000115,0.000035,0.000025,0.000073,0.000118,0.000115,0.000114,0.000113,0.000120,0.000141,0.000078,0.000066,0.000150,0.000264
1121,,,,,,,,,,,,,,0.000004,0.000102,0.000128,0.000154,0.000186,0.000275,0.000317,0.000277,0.000236,0.000186,0.000233,0.000188,0.000165,0.000181,0.000167,0.000182,0.000164,0.000174,0.000191,0.000158,0.000146,0.000130,0.000121,0.000089,0.000020,0.000012,0.000072,0.000157,0.000177,0.000158,0.000184,0.000233,0.000209,0.000094,0.000068,0.000135,0.000195
1122,,,,,,,,,,,,,,0.000007,0.000197,0.000199,0.000139,0.000159,0.000140,0.000208,0.000227,0.000190,0.000155,0.000186,0.000182,0.000166,0.000171,0.000175,0.000143,0.000133,0.000117,0.000110,0.000086,0.000080,0.000071,0.000065,0.000070,0.000028,0.000019,0.000079,0.000310,0.000309,0.000191,0.000134,0.000107,0.000088,0.000050,0.000076,0.000146,0.000159
1123,,,,,,,,,,,,,,0.000009,0.000173,0.000147,0.000102,0.000123,0.000182,0.000214,0.000189,0.000160,0.000103,0.000135,0.000113,0.000095,0.000103,0.000102,0.000111,0.000096,0.000093,0.000081,0.000066,0.000068,0.000065,0.000059,0.000046,0.000010,0.000008,0.000061,0.000116,0.000125,0.000118,0.000119,0.000108,0.000106,0.000055,0.000051,0.000139,0.000236
1124,,,,,,,,,,,,,,0.000007,0.000149,0.000158,0.000119,0.000096,0.000096,0.000120,0.000109,0.000108,0.000103,0.000104,0.000109,0.000094,0.000096,0.000086,0.000087,0.000072,0.000075,0.000068,0.000052,0.000044,0.000036,0.000039,0.000025,0.000012,0.000008,0.000032,0.000046,0.000046,0.000043,0.000058,0.000060,0.000096,0.000084,0.000076,0.000090,0.000110
1125,,,,,,,,,,,,,,0.000006,0.000141,0.000120,0.000088,0.000098,0.000146,0.000136,0.000146,0.000131,0.000109,0.000131,0.000118,0.000088,0.000109,0.000113,0.000118,0.000111,0.000098,0.000098,0.000099,0.000082,0.000060,0.000050,0.000040,0.000013,0.000011,0.000066,0.000153,0.000153,0.000152,0.000135,0.000149,0.000157,0.000092,0.000114,0.000458,0.000438
1126,,,,,,,,,,,,,,0.000006,0.000120,0.000120,0.000068,0.000068,0.000092,0.000098,0.000081,0.000052,0.000052,0.000068,0.000060,0.000051,0.000046,0.000033,0.000036,0.000040,0.000046,0.000057,0.000056,0.000046,0.000045,0.000042,0.000031,0.000022,0.000022,0.000058,0.000083,0.000090,0.000100,0.000116,0.000112,0.000113,0.000084,0.000048,0.000080,0.000106
1127,,,,,,,,,,,,,,0.000006,0.000157,0.000141,0.000105,0.000109,0.000133,0.000141,0.000148,0.000122,0.000106,0.000122,0.000108,0.000101,0.000093,0.000084,0.000076,0.000063,0.000048,0.000042,0.000033,0.000039,0.000038,0.000036,0.000026,0.000018,0.000019,0.000089,0.000171,0.000151,0.000124,0.000125,0.000103,0.000085,0.000049,0.000054,0.000109,0.000167
1128,,,,,,,,,,,,,,0.000005,0.000137,0.000119,0.000092,0.000089,0.000076,0.000117,0.000130,0.000118,0.000159,0.000148,0.000146,0.000140,0.000155,0.000254,0.000200,0.000126,0.000109,0.000078,0.000077,0.000079,0.000071,0.000067,0.000072,0.000032,0.000033,0.000093,0.000152,0.000094,0.000080,0.000082,0.000094,0.000088,0.000048,0.000041,0.000097,0.000126
1129,,,,,,,,,,,,,,0.000007,0.000187,0.000149,0.000105,0.000092,0.000107,0.000122,0.000113,0.000097,0.000098,0.000106,0.000092,0.000099,0.000113,0.000129,0.000146,0.000144,0.000138,0.000127,0.000111,0.000071,0.000060,0.000057,0.000076,0.000044,0.000035,0.000124,0.000183,0.000183,0.000181,0.000134,0.000146,0.000121,0.000083,0.000095,0.000148,0.000259
1130,,,,,,,,,,,,,,0.000011,0.000231,0.000242,0.000155,0.000175,0.000199,0.000195,0.000192,0.000169,0.000138,0.000138,0.000111,0.000118,0.000111,0.000093,0.000077,0.000082,0.000081,0.000081,0.000064,0.000051,0.000036,0.000037,0.000042,0.000022,0.000015,0.000077,0.000178,0.000201,0.000192,0.000183,0.000180,0.000190,0.000124,0.000085,0.000221,0.000322
1131,,,,,,,,,,,,,,0.000007,0.000149,0.000132,0.000146,0.000144,0.000170,0.000147,0.000133,0.000112,0.000105,0.000111,0.000104,0.000096,0.000093,0.000092,0.000074,0.000061,0.000056,0.000063,0.000054,0.000061,0.000068,0.000063,0.000046,0.000012,0.000014,0.000096,0.000239,0.000264,0.000229,0.000169,0.000154,0.000141,0.000074,0.000067,0.000167,0.000287
1132,,,,,,,,,,,,,,0.000017,0.000517,0.000465,0.000399,0.000378,0.000394,0.000373,0.000315,0.000256,0.000188,0.000208,0.000162,0.000122,0.000105,0.000103,0.000095,0.000089,0.000071,0.000055,0.000040,0.000029,0.000033,0.000038,0.000032,0.000018,0.000014,0.000037,0.000056,0.000075,0.000054,0.000044,0.000045,0.000052,0.000035,0.000040,0.000086,0.000212
1133,,,,,,,,,,,,,,0.000007,0.000177,0.000190,0.000169,0.000163,0.000206,0.000213,0.000205,0.000196,0.000171,0.000201,0.000178,0.000131,0.000127,0.000104,0.000076,0.000048,0.000038,0.000032,0.000044,0.000055,0.000062,0.000075,0.000061,0.000029,0.000020,0.000074,0.000142,0.000172,0.000200,0.000218,0.000212,0.000183,0.000095,0.000110,0.000139,0.000188
1134,,,,,,,,,,,,,,0.000015,0.000377,0.000334,0.000258,0.000258,0.000285,0.000296,0.000259,0.000215,0.000182,0.000186,0.000140,0.000119,0.000098,0.000078,0.000089,0.000161,0.000132,0.000086,0.000071,0.000046,0.000060,0.000061,0.000069,0.000035,0.000022,0.000046,0.000068,0.000064,0.000070,0.000099,0.000110,0.000135,0.000178,0.000194,0.000190,0.000258
1135,,,,,,,,,,,,,,0.000009,0.000246,0.000258,0.000196,0.000165,0.000191,0.000210,0.000211,0.000172,0.000128,0.000167,0.000151,0.000138,0.000171,0.000198,0.000218,0.000194,0.000178,0.000196,0.000202,0.000206,0.000174,0.000131,0.000081,0.000028,0.000009,0.000070,0.000088,0.000083,0.000063,0.000061,0.000063,0.000056,0.000035,0.000031,0.000090,0.000177
1136,,,,,,,,,,,,,,0.000017,0.000337,0.000310,0.000262,0.000260,0.000352,0.000374,0.000385,0.000330,0.000309,0.000395,0.000363,0.000325,0.000340,0.000307,0.000290,0.000237,0.000212,0.000214,0.000188,0.000178,0.000146,0.000115,0.000079,0.000015,0.000009,0.000062,0.000149,0.000141,0.000133,0.000138,0.000126,0.000141,0.000079,0.000076,0.000296,0.000628
1137,,,,,,,,,,,,,,0.000021,0.000448,0.000346,0.000238,0.000238,0.000265,0.000253,0.000187,0.000156,0.000136,0.000166,0.000153,0.000127,0.000131,0.000142,0.000099,0.000093,0.000091,0.000071,0.000065,0.000064,0.000046,0.000050,0.000040,0.000032,0.000022,0.000058,0.000084,0.000098,0.000114,0.000125,0.000136,0.000134,0.000138,0.000132,0.000263,0.000367
1138,,,,,,,,,,,,,,0.000004,0.000108,0.000115,0.000143,0.000117,0.000143,0.000171,0.000134,0.000204,0.000278,0.000452,0.000482,0.000402,0.000442,0.000389,0.000410,0.000329,0.000301,0.000288,0.000265,0.000225,0.000153,0.000134,0.000094,0.000032,0.000016,0.000091,0.000193,0.000241,0.000226,0.000203,0.000242,0.000240,0.000162,0.000126,0.000206,0.000257
1139,,,,,,,,,,,,,,0.000009,0.000194,0.000167,0.000124,0.000128,0.000153,0.000174,0.000136,0.000150,0.000124,0.000138,0.000129,0.000123,0.000109,0.000106,0.000090,0.000069,0.000063,0.000059,0.000064,0.000062,0.000058,0.000069,0.000059,0.000040,0.000022,0.000095,0.000144,0.000126,0.000121,0.000110,0.000072,0.000081,0.000065,0.000058,0.000127,0.000157
1140,,,,,,,,,,,,,,0.000005,0.000140,0.000140,0.000116,0.000127,0.000144,0.000145,0.000131,0.000104,0.000088,0.000081,0.000067,0.000075,0.000075,0.000078,0.000074,0.000061,0.000049,0.000048,0.000033,0.000028,0.000039,0.000046,0.000060,0.000039,0.000022,0.000085,0.000169,0.000168,0.000121,0.000107,0.000090,0.000073,0.000064,0.000047,0.000076,0.000083
1141,,,,,,,,,,,,,,0.000005,0.000145,0.000161,0.000112,0.000108,0.000110,0.000119,0.000131,0.000100,0.000091,0.000084,0.000085,0.000112,0.000070,0.000069,0.000065,0.000052,0.000051,0.000061,0.000079,0.000078,0.000101,0.000137,0.000168,0.000063,0.000038,0.000097,0.000103,0.000087,0.000064,0.000091,0.000093,0.000083,0.000059,0.000057,0.000124,0.000113
1142,,,,,,,,,,,,,,0.000003,0.000102,0.000079,0.000084,0.000088,0.000294,0.000378,0.000241,0.000135,0.000077,0.000093,0.000077,0.000059,0.000066,0.000075,0.000058,0.000054,0.000051,0.000058,0.000064,0.000069,0.000066,0.000056,0.000051,0.000023,0.000014,0.000038,0.000073,0.000067,0.000058,0.000062,0.000068,0.000074,0.000047,0.000045,0.000099,0.000102
1143,,,,,,,,,,,,,,0.000009,0.000236,0.000163,0.000137,0.000155,0.000163,0.000151,0.000148,0.000132,0.000092,0.000106,0.000090,0.000066,0.000063,0.000051,0.000042,0.000033,0.000031,0.000038,0.000051,0.000075,0.000073,0.000063,0.000046,0.000015,0.000012,0.000038,0.000067,0.000065,0.000058,0.000063,0.000059,0.000061,0.000039,0.000038,0.000096,0.000150
1144,,,,,,,,,,,,,,0.000006,0.000167,0.000140,0.000117,0.000122,0.000125,0.000136,0.000133,0.000121,0.000098,0.000080,0.000071,0.000056,0.000058,0.000062,0.000061,0.000057,0.000078,0.000089,0.000092,0.000119,0.000124,0.000125,0.000085,0.000018,0.000011,0.000047,0.000121,0.000170,0.000124,0.000144,0.000121,0.000098,0.000075,0.000083,0.000149,0.000205
1145,,,,,,,,,,,,,,0.000008,0.000267,0.000220,0.000163,0.000128,0.000133,0.000154,0.000130,0.000134,0.000122,0.000130,0.000118,0.000115,0.000121,0.000116,0.000107,0.000103,0.000081,0.000097,0.000096,0.000087,0.000090,0.000081,0.000055,0.000028,0.000018,0.000057,0.000101,0.000070,0.000060,0.000075,0.000079,0.000101,0.000180,0.000116,0.000113,0.000150
1146,,,,,,,,,,,,,,0.000006,0.000195,0.000172,0.000163,0.000147,0.000185,0.000210,0.000234,0.000209,0.000184,0.000205,0.000181,0.000142,0.000147,0.000125,0.000102,0.000077,0.000073,0.000075,0.000060,0.000063,0.000047,0.000039,0.000022,0.000023,0.000020,0.000053,0.000115,0.000132,0.000116,0.000095,0.000089,0.000098,0.000080,0.000081,0.000110,0.000116
1147,,,,,,,,,,,,,,0.000006,0.000158,0.000139,0.000135,0.000160,0.000204,0.000241,0.000222,0.000205,0.000171,0.000186,0.000169,0.000187,0.000194,0.000222,0.000207,0.000217,0.000225,0.000217,0.000179,0.000126,0.000104,0.000094,0.000097,0.000040,0.000027,0.000088,0.000179,0.000191,0.000167,0.000174,0.000173,0.000151,0.000095,0.000063,0.000091,0.000068
1148,,,,,,,,,,,,,,0.000006,0.000166,0.000168,0.000122,0.000109,0.000111,0.000140,0.000119,0.000116,0.000113,0.000127,0.000112,0.000102,0.000100,0.000113,0.000108,0.000106,0.000131,0.000163,0.000226,0.000326,0.000423,0.000475,0.000323,0.000063,0.000023,0.000073,0.000143,0.000128,0.000100,0.000073,0.000079,0.000073,0.000034,0.000027,0.000062,0.000104
1149,,,,,,,,,,,,,,0.000006,0.000118,0.000120,0.000117,0.000134,0.000181,0.000191,0.000182,0.000179,0.000167,0.000197,0.000191,0.000165,0.000173,0.000173,0.000187,0.000213,0.000186,0.000179,0.000159,0.000165,0.000166,0.000138,0.000099,0.000026,0.000008,0.000051,0.000100,0.000094,0.000077,0.000076,0.000086,0.000120,0.000068,0.000078,0.000145,0.000239
1150,,,,,,,,,,,,,,0.000010,0.000214,0.000182,0.000146,0.000162,0.000174,0.000221,0.000244,0.000207,0.000181,0.000219,0.000204,0.000189,0.000230,0.000180,0.000179,0.000165,0.000165,0.000168,0.000172,0.000180,0.000124,0.000104,0.000072,0.000035,0.000022,0.000123,0.000191,0.000207,0.000167,0.000205,0.000310,0.000326,0.000193,0.000145,0.000188,0.000298
1151,,,,,,,,,,,,,,0.000017,0.000260,0.000208,0.000189,0.000177,0.000234,0.000200,0.000170,0.000122,0.000100,0.000129,0.000120,0.000091,0.000099,0.000099,0.000089,0.000075,0.000077,0.000073,0.000072,0.000081,0.000081,0.000071,0.000060,0.000016,0.000013,0.000061,0.000136,0.000137,0.000109,0.000086,0.000078,0.000090,0.000063,0.000074,0.000256,0.000493
1152,,,,,,,,,,,,,,0.000007,0.000174,0.000153,0.000126,0.000126,0.000116,0.000094,0.000089,0.000082,0.000080,0.000073,0.000059,0.000059,0.000055,0.000055,0.000051,0.000063,0.000077,0.000091,0.000116,0.000161,0.000153,0.000174,0.000131,0.000042,0.000024,0.000082,0.000109,0.000165,0.000135,0.000115,0.000087,0.000064,0.000056,0.000056,0.000108,0.000090
1153,,,,,,,,,,,,,,0.000008,0.000195,0.000161,0.000136,0.000145,0.000177,0.000192,0.000183,0.000185,0.000136,0.000164,0.000147,0.000116,0.000116,0.000101,0.000092,0.000066,0.000064,0.000069,0.000060,0.000052,0.000046,0.000043,0.000042,0.000032,0.000013,0.000041,0.000124,0.000141,0.000137,0.000118,0.000113,0.000079,0.000048,0.000049,0.000133,0.000173
1154,,,,,,,,,,,,,,0.000009,0.000263,0.000250,0.000194,0.000189,0.000221,0.000237,0.000217,0.000195,0.000175,0.000203,0.000179,0.000173,0.000196,0.000215,0.000192,0.000164,0.000149,0.000153,0.000141,0.000128,0.000103,0.000091,0.000073,0.000028,0.000010,0.000066,0.000138,0.000131,0.000116,0.000119,0.000124,0.000153,0.000086,0.000069,0.000137,0.000226
1155,,,,,,,,,,,,,,0.000007,0.000179,0.000214,0.000127,0.000156,0.000196,0.000215,0.000223,0.000180,0.000145,0.000180,0.000144,0.000112,0.000114,0.000114,0.000092,0.000069,0.000075,0.000076,0.000089,0.000101,0.000082,0.000074,0.000060,0.000026,0.000022,0.000111,0.000178,0.000154,0.000132,0.000139,0.000130,0.000117,0.000054,0.000057,0.000099,0.000150
1156,,,,,,,,,,,,,,0.000015,0.000476,0.000444,0.000240,0.000200,0.000207,0.000204,0.000189,0.000181,0.000155,0.000180,0.000200,0.000227,0.000335,0.000470,0.000610,0.000611,0.000541,0.000428,0.000266,0.000192,0.000142,0.000104,0.000056,0.000015,0.000013,0.000076,0.000091,0.000102,0.000108,0.000101,0.000142,0.000219,0.000236,0.000196,0.000107,0.000141
1157,,,,,,,,,,,,,,0.000011,0.000303,0.000288,0.000204,0.000178,0.000200,0.000235,0.000223,0.000191,0.000181,0.000208,0.000177,0.000127,0.000135,0.000160,0.000153,0.000116,0.000138,0.000146,0.000166,0.000120,0.000098,0.000096,0.000060,0.000017,0.000018,0.000114,0.000328,0.000400,0.000354,0.000313,0.000286,0.000313,0.000205,0.000102,0.000192,0.000302
1158,,,,,,,,,,,,,,0.000006,0.000185,0.000185,0.000149,0.000134,0.000165,0.000196,0.000176,0.000140,0.000136,0.000154,0.000142,0.000123,0.000132,0.000114,0.000124,0.000115,0.000095,0.000097,0.000098,0.000112,0.000083,0.000091,0.000064,0.000018,0.000010,0.000061,0.000110,0.000091,0.000079,0.000076,0.000080,0.000086,0.000037,0.000032,0.000090,0.000180
1159,,,,,,,,,,,,,,0.000007,0.000206,0.000190,0.000244,0.000282,0.000368,0.000421,0.000418,0.000335,0.000278,0.000283,0.000267,0.000272,0.000224,0.000184,0.000150,0.000105,0.000066,0.000049,0.000044,0.000057,0.000058,0.000082,0.000073,0.000034,0.000018,0.000037,0.000098,0.000104,0.000134,0.000117,0.000132,0.000112,0.000088,0.000075,0.000080,0.000085
1160,,,,,,,,,,,,,,0.000006,0.000155,0.000141,0.000110,0.000139,0.000185,0.000166,0.000146,0.000158,0.000152,0.000171,0.000164,0.000137,0.000154,0.000175,0.000177,0.000170,0.000167,0.000173,0.000154,0.000158,0.000133,0.000115,0.000076,0.000031,0.000013,0.000069,0.000179,0.000202,0.000199,0.000216,0.000209,0.000147,0.000078,0.000054,0.000125,0.000174
1161,,,,,,,,,,,,,,0.000006,0.000256,0.000298,0.000282,0.000253,0.000271,0.000271,0.000224,0.000186,0.000142,0.000153,0.000132,0.000123,0.000111,0.000082,0.000069,0.000046,0.000047,0.000046,0.000047,0.000028,0.000040,0.000037,0.000035,0.000032,0.000023,0.000067,0.000070,0.000085,0.000079,0.000084,0.000092,0.000081,0.000081,0.000064,0.000076,0.000095
1162,,,,,,,,,,,,,,0.000004,0.000159,0.000117,0.000068,0.000058,0.000073,0.000103,0.000157,0.000158,0.000151,0.000185,0.000159,0.000127,0.000112,0.000091,0.000090,0.000090,0.000071,0.000058,0.000066,0.000079,0.000092,0.000105,0.000107,0.000058,0.000037,0.000163,0.000184,0.000153,0.000122,0.000097,0.000068,0.000058,0.000053,0.000038,0.000045,0.000053
1163,,,,,,,,,,,,,,0.000005,0.000110,0.000099,0.000089,0.000103,0.000136,0.000168,0.000167,0.000154,0.000143,0.000175,0.000184,0.000169,0.000207,0.000211,0.000220,0.000187,0.000184,0.000176,0.000140,0.000125,0.000082,0.000067,0.000042,0.000025,0.000011,0.000053,0.000083,0.000090,0.000068,0.000066,0.000057,0.000034,0.000030,0.000027,0.000069,0.000115
1164,,,,,,,,,,,,,,0.000003,0.000072,0.000059,0.000047,0.000056,0.000077,0.000105,0.000148,0.000108,0.000099,0.000088,0.000088,0.000067,0.000065,0.000061,0.000074,0.000064,0.000057,0.000064,0.000064,0.000060,0.000055,0.000052,0.000035,0.000020,0.000012,0.000044,0.000088,0.000074,0.000074,0.000067,0.000067,0.000074,0.000052,0.000038,0.000078,0.000084
1165,,,,,,,,,,,,,,0.000005,0.000147,0.000159,0.000118,0.000112,0.000135,0.000163,0.000149,0.000133,0.000129,0.000144,0.000140,0.000120,0.000123,0.000110,0.000094,0.000082,0.000078,0.000075,0.000084,0.000100,0.000077,0.000075,0.000059,0.000037,0.000033,0.000067,0.000075,0.000076,0.000067,0.000072,0.000059,0.000060,0.000050,0.000076,0.000167,0.000132
1166,,,,,,,,,,,,,,0.000010,0.000221,0.000186,0.000116,0.000103,0.000141,0.000141,0.000138,0.000131,0.000113,0.000153,0.000183,0.000186,0.000230,0.000244,0.000239,0.000180,0.000132,0.000106,0.000080,0.000059,0.000047,0.000036,0.000036,0.000023,0.000015,0.000041,0.000037,0.000027,0.000018,0.000023,0.000033,0.000033,0.000020,0.000059,0.000121,0.000143
1167,,,,,,,,,,,,,,0.000004,0.000093,0.000082,0.000100,0.000128,0.000165,0.000193,0.000164,0.000116,0.000082,0.000106,0.000092,0.000069,0.000087,0.000087,0.000084,0.000080,0.000081,0.000079,0.000075,0.000064,0.000063,0.000070,0.000053,0.000019,0.000026,0.000059,0.000087,0.000082,0.000064,0.000077,0.000076,0.000069,0.000036,0.000029,0.000049,0.000082
1168,,,,,,,,,,,,,,0.000005,0.000098,0.000072,0.000053,0.000064,0.000073,0.000074,0.000095,0.000096,0.000109,0.000107,0.000097,0.000095,0.000118,0.000158,0.000198,0.000229,0.000259,0.000308,0.000278,0.000245,0.000184,0.000142,0.000080,0.000025,0.000019,0.000076,0.000108,0.000107,0.000092,0.000120,0.000129,0.000113,0.000072,0.000086,0.000152,0.000229
1169,,,,,,,,,,,,,,0.000008,0.000222,0.000203,0.000167,0.000146,0.000186,0.000205,0.000236,0.000234,0.000198,0.000224,0.000189,0.000184,0.000194,0.000187,0.000151,0.000133,0.000113,0.000118,0.000109,0.000125,0.000108,0.000103,0.000089,0.000054,0.000034,0.000092,0.000162,0.000132,0.000132,0.000098,0.000113,0.000102,0.000076,0.000048,0.000119,0.000182
1170,,,,,,,,,,,,,,0.000005,0.000098,0.000125,0.000088,0.000088,0.000156,0.000280,0.000326,0.000444,0.000524,0.000846,0.000845,0.000744,0.000853,0.000710,0.000658,0.000512,0.000427,0.000378,0.000303,0.000252,0.000162,0.000125,0.000073,0.000018,0.000014,0.000077,0.000147,0.000144,0.000133,0.000147,0.000157,0.000137,0.000068,0.000066,0.000205,0.000246
1171,,,,,,,,,,,,,,0.000008,0.000224,0.000176,0.000132,0.000123,0.000134,0.000143,0.000132,0.000141,0.000150,0.000161,0.000157,0.000155,0.000124,0.000084,0.000057,0.000045,0.000028,0.000029,0.000019,0.000020,0.000029,0.000040,0.000039,0.000035,0.000029,0.000091,0.000122,0.000095,0.000142,0.000192,0.000175,0.000161,0.000091,0.000087,0.000165,0.000206
1172,,,,,,,,,,,,,,0.000006,0.000128,0.000125,0.000094,0.000084,0.000127,0.000153,0.000175,0.000178,0.000180,0.000217,0.000207,0.000164,0.000199,0.000188,0.000168,0.000149,0.000151,0.000165,0.000179,0.000143,0.000116,0.000089,0.000085,0.000022,0.000023,0.000112,0.000224,0.000205,0.000218,0.000167,0.000174,0.000143,0.000059,0.000063,0.000193,0.000320
1173,,,,,,,,,,,,,,0.000007,0.000165,0.000169,0.000159,0.000171,0.000218,0.000257,0.000258,0.000253,0.000229,0.000279,0.000264,0.000222,0.000248,0.000245,0.000244,0.000191,0.000168,0.000162,0.000143,0.000124,0.000089,0.000078,0.000058,0.000012,0.000009,0.000065,0.000126,0.000122,0.000109,0.000101,0.000097,0.000094,0.000047,0.000050,0.000162,0.000298
1174,,,,,,,,,,,,,,0.000006,0.000157,0.000141,0.000096,0.000118,0.000131,0.000155,0.000144,0.000146,0.000114,0.000139,0.000115,0.000153,0.000138,0.000109,0.000103,0.000092,0.000089,0.000102,0.000093,0.000096,0.000094,0.000090,0.000083,0.000024,0.000025,0.000092,0.000196,0.000167,0.000140,0.000129,0.000116,0.000095,0.000054,0.000045,0.000108,0.000176
1175,,,,,,,,,,,,,,0.000007,0.000157,0.000127,0.000115,0.000128,0.000123,0.000129,0.000145,0.000140,0.000316,0.000191,0.000158,0.000137,0.000179,0.000146,0.000135,0.000109,0.000104,0.000109,0.000099,0.000082,0.000071,0.000065,0.000053,0.000020,0.000018,0.000062,0.000103,0.000103,0.000116,0.000133,0.000136,0.000145,0.000080,0.000064,0.000089,0.000136
1176,,,,,,,,,,,,,,0.000009,0.000262,0.000292,0.000233,0.000233,0.000265,0.000333,0.000410,0.000401,0.000410,0.000502,0.000463,0.000385,0.000346,0.000279,0.000208,0.000114,0.000104,0.000080,0.000055,0.000064,0.000050,0.000052,0.000037,0.000015,0.000015,0.000046,0.000102,0.000121,0.000223,0.000255,0.000234,0.000204,0.000113,0.000083,0.000208,0.000344
1177,,,,,,,,,,,,,,0.000007,0.000219,0.000211,0.000186,0.000245,0.000344,0.000422,0.000438,0.000445,0.000418,0.000557,0.000541,0.000458,0.000477,0.000443,0.000407,0.000317,0.000267,0.000255,0.000195,0.000172,0.000126,0.000115,0.000079,0.000014,0.000011,0.000072,0.000176,0.000174,0.000189,0.000180,0.000191,0.000185,0.000064,0.000068,0.000187,0.000303
1178,,,,,,,,,,,,,,0.000012,0.000200,0.000178,0.000174,0.000158,0.000151,0.000174,0.000150,0.000153,0.000120,0.000138,0.000127,0.000130,0.000112,0.000127,0.000104,0.000090,0.000071,0.000069,0.000058,0.000061,0.000052,0.000041,0.000023,0.000011,0.000010,0.000037,0.000065,0.000074,0.000105,0.000123,0.000159,0.000206,0.000179,0.000114,0.000320,0.000432
1179,,,,,,,,,,,,,,0.000011,0.000315,0.000277,0.000254,0.000257,0.000309,0.000312,0.000273,0.000275,0.000256,0.000274,0.000263,0.000226,0.000238,0.000215,0.000175,0.000133,0.000107,0.000114,0.000110,0.000120,0.000124,0.000149,0.000130,0.000038,0.000017,0.000080,0.000140,0.000159,0.000100,0.000079,0.000074,0.000065,0.000045,0.000044,0.000084,0.000178
1180,,,,,,,,,,,,,,0.000008,0.000227,0.000127,0.000099,0.000102,0.000126,0.000155,0.000160,0.000129,0.000119,0.000159,0.000151,0.000126,0.000123,0.000091,0.000072,0.000056,0.000049,0.000036,0.000020,0.000028,0.000040,0.000049,0.000036,0.000019,0.000015,0.000047,0.000085,0.000085,0.000100,0.000100,0.000098,0.000072,0.000041,0.000053,0.000118,0.000235
1181,,,,,,,,,,,,,,0.000013,0.000428,0.000426,0.000279,0.000206,0.000205,0.000207,0.000182,0.000137,0.000120,0.000121,0.000113,0.000097,0.000115,0.000113,0.000110,0.000101,0.000074,0.000088,0.000089,0.000090,0.000069,0.000069,0.000044,0.000020,0.000014,0.000052,0.000090,0.000097,0.000102,0.000081,0.000098,0.000093,0.000084,0.000119,0.000154,0.000176
1182,,,,,,,,,,,,,,0.000005,0.000127,0.000114,0.000112,0.000126,0.000191,0.000208,0.000229,0.000245,0.000153,0.000150,0.000137,0.000114,0.000115,0.000118,0.000113,0.000095,0.000091,0.000080,0.000068,0.000078,0.000069,0.000083,0.000061,0.000022,0.000020,0.000048,0.000073,0.000059,0.000071,0.000065,0.000066,0.000061,0.000034,0.000033,0.000065,0.000098
1183,,,,,,,,,,,,,,0.000006,0.000147,0.000138,0.000105,0.000099,0.000111,0.000100,0.000118,0.000112,0.000100,0.000126,0.000114,0.000101,0.000102,0.000079,0.000078,0.000067,0.000079,0.000094,0.000140,0.000091,0.000078,0.000065,0.000049,0.000017,0.000010,0.000031,0.000069,0.000065,0.000066,0.000062,0.000070,0.000072,0.000048,0.000031,0.000081,0.000112
1184,,,,,,,,,,,,,,0.000011,0.000163,0.000170,0.000139,0.000147,0.000192,0.000222,0.000194,0.000176,0.000159,0.000192,0.000179,0.000175,0.000244,0.000256,0.000223,0.000188,0.000149,0.000151,0.000131,0.000145,0.000135,0.000126,0.000092,0.000023,0.000011,0.000093,0.000173,0.000166,0.000151,0.000136,0.000128,0.000124,0.000073,0.000083,0.000255,0.000480
1185,,,,,,,,,,,,,,0.000004,0.000100,0.000111,0.000051,0.000056,0.000075,0.000086,0.000073,0.000078,0.000076,0.000102,0.000099,0.000073,0.000082,0.000064,0.000062,0.000056,0.000054,0.000057,0.000059,0.000058,0.000049,0.000045,0.000036,0.000027,0.000023,0.000052,0.000065,0.000063,0.000054,0.000062,0.000050,0.000051,0.000048,0.000077,0.000108,0.000166
1186,,,,,,,,,,,,,,0.000005,0.000153,0.000108,0.000077,0.000075,0.000088,0.000091,0.000072,0.000056,0.000065,0.000062,0.000070,0.000081,0.000099,0.000108,0.000118,0.000121,0.000108,0.000105,0.000089,0.000076,0.000110,0.000125,0.000122,0.000048,0.000041,0.000163,0.000299,0.000254,0.000192,0.000168,0.000189,0.000152,0.000090,0.000085,0.000215,0.000286
1187,,,,,,,,,,,,,,0.000006,0.000136,0.000125,0.000126,0.000172,0.000226,0.000247,0.000202,0.000159,0.000136,0.000129,0.000106,0.000089,0.000085,0.000076,0.000062,0.000046,0.000040,0.000055,0.000068,0.000079,0.000080,0.000089,0.000083,0.000046,0.000039,0.000058,0.000095,0.000082,0.000082,0.000077,0.000084,0.000061,0.000037,0.000035,0.000117,0.000226
1188,,,,,,,,,,,,,,0.000005,0.000137,0.000152,0.000143,0.000161,0.000221,0.000263,0.000233,0.000230,0.000190,0.000222,0.000199,0.000153,0.000178,0.000189,0.000200,0.000184,0.000160,0.000166,0.000139,0.000132,0.000102,0.000080,0.000062,0.000013,0.000009,0.000105,0.000136,0.000126,0.000104,0.000110,0.000147,0.000119,0.000051,0.000109,0.000117,0.000204
1189,,,,,,,,,,,,,,0.000007,0.000330,0.000222,0.000138,0.000127,0.000147,0.000126,0.000130,0.000105,0.000110,0.000122,0.000125,0.000120,0.000130,0.000123,0.000084,0.000074,0.000091,0.000092,0.000107,0.000081,0.000067,0.000051,0.000033,0.000023,0.000015,0.000057,0.000137,0.000133,0.000114,0.000134,0.000155,0.000121,0.000064,0.000065,0.000179,0.000245
1190,,,,,,,,,,,,,,0.000009,0.000174,0.000141,0.000115,0.000118,0.000161,0.000141,0.000132,0.000125,0.000108,0.000118,0.000124,0.000129,0.000155,0.000155,0.000141,0.000110,0.000097,0.000102,0.000107,0.000115,0.000091,0.000065,0.000041,0.000010,0.000008,0.000032,0.000078,0.000078,0.000070,0.000065,0.000055,0.000070,0.000054,0.000055,0.000149,0.000311
1191,,,,,,,,,,,,,,0.000010,0.000213,0.000163,0.000157,0.000158,0.000179,0.000173,0.000184,0.000138,0.000123,0.000140,0.000124,0.000111,0.000102,0.000087,0.000077,0.000054,0.000055,0.000058,0.000049,0.000054,0.000055,0.000059,0.000039,0.000011,0.000006,0.000028,0.000063,0.000078,0.000081,0.000086,0.000104,0.000098,0.000044,0.000034,0.000117,0.000177
1192,,,,,,,,,,,,,,0.000011,0.000215,0.000190,0.000151,0.000147,0.000176,0.000196,0.000234,0.000182,0.000162,0.000213,0.000200,0.000186,0.000196,0.000200,0.000192,0.000183,0.000218,0.000279,0.000254,0.000190,0.000105,0.000065,0.000046,0.000015,0.000006,0.000055,0.000182,0.000234,0.000273,0.000325,0.000380,0.000358,0.000172,0.000143,0.000441,0.000711
1193,,,,,,,,,,,,,,0.000011,0.000253,0.000247,0.000207,0.000246,0.000325,0.000481,0.000489,0.000404,0.000351,0.000467,0.000455,0.000407,0.000440,0.000425,0.000427,0.000337,0.000310,0.000310,0.000288,0.000290,0.000254,0.000245,0.000200,0.000042,0.000019,0.000106,0.000198,0.000191,0.000120,0.000109,0.000126,0.000112,0.000078,0.000060,0.000151,0.000267
1194,,,,,,,,,,,,,,0.000004,0.000100,0.000072,0.000062,0.000074,0.000080,0.000105,0.000100,0.000106,0.000130,0.000115,0.000115,0.000128,0.000141,0.000165,0.000152,0.000108,0.000098,0.000104,0.000125,0.000083,0.000070,0.000055,0.000038,0.000023,0.000014,0.000039,0.000076,0.000065,0.000058,0.000046,0.000049,0.000057,0.000040,0.000038,0.000063,0.000092
1195,,,,,,,,,,,,,,0.000008,0.000122,0.000119,0.000105,0.000122,0.000212,0.000312,0.000344,0.000355,0.000288,0.000349,0.000323,0.000302,0.000309,0.000327,0.000277,0.000247,0.000260,0.000283,0.000287,0.000240,0.000152,0.000112,0.000064,0.000015,0.000013,0.000054,0.000074,0.000046,0.000040,0.000050,0.000073,0.000082,0.000051,0.000058,0.000198,0.000382
1196,,,,,,,,,,,,,,0.000006,0.000132,0.000129,0.000103,0.000098,0.000176,0.000165,0.000170,0.000159,0.000180,0.000207,0.000197,0.000172,0.000194,0.000190,0.000208,0.000177,0.000152,0.000142,0.000108,0.000096,0.000081,0.000077,0.000056,0.000025,0.000012,0.000055,0.000120,0.000132,0.000104,0.000092,0.000130,0.000090,0.000057,0.000056,0.000125,0.000162
1197,,,,,,,,,,,,,,0.000015,0.000350,0.000311,0.000216,0.000216,0.000225,0.000219,0.000172,0.000302,0.000150,0.000124,0.000114,0.000107,0.000098,0.000085,0.000080,0.000073,0.000050,0.000048,0.000035,0.000028,0.000028,0.000032,0.000039,0.000026,0.000023,0.000040,0.000063,0.000056,0.000060,0.000062,0.000055,0.000057,0.000058,0.000049,0.000085,0.000111
1198,,,,,,,,,,,,,,0.000005,0.000136,0.000120,0.000122,0.000147,0.000188,0.000200,0.000193,0.000149,0.000101,0.000110,0.000090,0.000077,0.000072,0.000046,0.000043,0.000045,0.000032,0.000024,0.000021,0.000043,0.000050,0.000060,0.000085,0.000037,0.000038,0.000056,0.000084,0.000111,0.000097,0.000082,0.000087,0.000072,0.000050,0.000051,0.000071,0.000100
1199,,,,,,,,,,,,,,0.000004,0.000092,0.000066,0.000064,0.000065,0.000081,0.000133,0.000149,0.000146,0.000148,0.000197,0.000172,0.000135,0.000110,0.000092,0.000091,0.000108,0.000096,0.000100,0.000152,0.000200,0.000138,0.000111,0.000090,0.000038,0.000026,0.000054,0.000084,0.000072,0.000075,0.000091,0.000078,0.000068,0.000080,0.000051,0.000092,0.000147
1200,,,,,,,,,,,,,,0.000011,0.000347,0.000319,0.000246,0.000266,0.000326,0.000356,0.000293,0.000264,0.000260,0.000283,0.000259,0.000224,0.000244,0.000235,0.000229,0.000184,0.000185,0.000172,0.000126,0.000120,0.000101,0.000079,0.000061,0.000013,0.000015,0.000074,0.000138,0.000140,0.000127,0.000130,0.000127,0.000146,0.000078,0.000083,0.000237,0.000364
1201,,,,,,,,,,,,,,0.000017,0.000303,0.000288,0.000187,0.000166,0.000166,0.000135,0.000109,0.000099,0.000084,0.000080,0.000074,0.000068,0.000058,0.000063,0.000057,0.000059,0.000047,0.000056,0.000071,0.000085,0.000075,0.000064,0.000053,0.000019,0.000017,0.000052,0.000068,0.000075,0.000070,0.000084,0.000075,0.000078,0.000067,0.000097,0.000079,0.000122
1202,,,,,,,,,,,,,,0.000009,0.000226,0.000185,0.000138,0.000139,0.000159,0.000164,0.000155,0.000152,0.000108,0.000133,0.000124,0.000099,0.000127,0.000141,0.000165,0.000151,0.000149,0.000156,0.000137,0.000143,0.000127,0.000155,0.000125,0.000033,0.000024,0.000055,0.000102,0.000071,0.000073,0.000085,0.000093,0.000092,0.000066,0.000090,0.000120,0.000198
1203,,,,,,,,,,,,,,0.000005,0.000107,0.000103,0.000164,0.000209,0.000175,0.000180,0.000147,0.000120,0.000087,0.000093,0.000090,0.000090,0.000094,0.000094,0.000097,0.000083,0.000089,0.000091,0.000085,0.000075,0.000059,0.000058,0.000054,0.000020,0.000010,0.000044,0.000057,0.000083,0.000076,0.000065,0.000080,0.000073,0.000046,0.000040,0.000080,0.000103
1204,,,,,,,,,,,,,,0.000016,0.000343,0.000314,0.000238,0.000262,0.000369,0.000372,0.000333,0.000270,0.000237,0.000239,0.000202,0.000134,0.000143,0.000121,0.000145,0.000135,0.000143,0.000145,0.000144,0.000161,0.000144,0.000121,0.000073,0.000015,0.000012,0.000043,0.000102,0.000118,0.000110,0.000091,0.000093,0.000111,0.000071,0.000081,0.000182,0.000340
1205,,,,,,,,,,,,,,0.000010,0.000228,0.000221,0.000171,0.000172,0.000215,0.000234,0.000214,0.000203,0.000175,0.000205,0.000193,0.000164,0.000197,0.000205,0.000215,0.000193,0.000174,0.000201,0.000208,0.000233,0.000195,0.000158,0.000106,0.000019,0.000013,0.000079,0.000174,0.000157,0.000138,0.000128,0.000145,0.000146,0.000078,0.000081,0.000239,0.000378
1206,,,,,,,,,,,,,,0.000006,0.000188,0.000224,0.000322,0.000411,0.000462,0.000512,0.000460,0.000416,0.000359,0.000523,0.000492,0.000397,0.000511,0.000479,0.000485,0.000417,0.000422,0.000452,0.000372,0.000316,0.000206,0.000164,0.000107,0.000021,0.000012,0.000060,0.000122,0.000126,0.000118,0.000095,0.000102,0.000107,0.000057,0.000027,0.000060,0.000118
1207,,,,,,,,,,,,,,0.000011,0.000231,0.000214,0.000136,0.000145,0.000140,0.000143,0.000149,0.000111,0.000072,0.000074,0.000101,0.000101,0.000093,0.000129,0.000105,0.000089,0.000061,0.000074,0.000077,0.000126,0.000132,0.000120,0.000101,0.000028,0.000017,0.000095,0.000089,0.000096,0.000083,0.000071,0.000075,0.000081,0.000056,0.000054,0.000108,0.000155
1208,,,,,,,,,,,,,,0.000007,0.000213,0.000219,0.000178,0.000148,0.000151,0.000168,0.000157,0.000141,0.000136,0.000173,0.000158,0.000131,0.000142,0.000125,0.000109,0.000080,0.000077,0.000070,0.000060,0.000058,0.000044,0.000036,0.000024,0.000008,0.000006,0.000019,0.000034,0.000040,0.000031,0.000036,0.000039,0.000040,0.000034,0.000033,0.000084,0.000102
1209,,,,,,,,,,,,,,0.000011,0.000228,0.000194,0.000145,0.000130,0.000130,0.000135,0.000124,0.000117,0.000097,0.000098,0.000098,0.000085,0.000076,0.000082,0.000077,0.000076,0.000072,0.000072,0.000059,0.000051,0.000035,0.000042,0.000029,0.000013,0.000011,0.000066,0.000122,0.000096,0.000105,0.000086,0.000089,0.000085,0.000057,0.000059,0.000141,0.000215
1210,,,,,,,,,,,,,,0.000004,0.000156,0.000164,0.000103,0.000093,0.000103,0.000124,0.000147,0.000136,0.000116,0.000116,0.000109,0.000098,0.000083,0.000077,0.000087,0.000083,0.000087,0.000074,0.000069,0.000078,0.000069,0.000070,0.000063,0.000028,0.000019,0.000076,0.000167,0.000192,0.000136,0.000171,0.000129,0.000097,0.000069,0.000052,0.000069,0.000080
1211,,,,,,,,,,,,,,0.000006,0.000114,0.000140,0.000117,0.000144,0.000202,0.000221,0.000206,0.000217,0.000194,0.000230,0.000215,0.000168,0.000203,0.000188,0.000178,0.000139,0.000123,0.000112,0.000089,0.000090,0.000080,0.000061,0.000071,0.000037,0.000037,0.000088,0.000168,0.000141,0.000116,0.000101,0.000102,0.000099,0.000052,0.000045,0.000146,0.000264
1212,,,,,,,,,,,,,,0.000004,0.000151,0.000162,0.000129,0.000120,0.000139,0.000164,0.000153,0.000136,0.000131,0.000133,0.000120,0.000104,0.000106,0.000103,0.000104,0.000081,0.000079,0.000078,0.000064,0.000068,0.000070,0.000089,0.000077,0.000017,0.000017,0.000056,0.000093,0.000087,0.000081,0.000076,0.000093,0.000087,0.000055,0.000056,0.000144,0.000177
1213,,,,,,,,,,,,,,0.000009,0.000253,0.000253,0.000188,0.000176,0.000196,0.000205,0.000209,0.000210,0.000184,0.000206,0.000182,0.000155,0.000148,0.000152,0.000150,0.000128,0.000131,0.000163,0.000194,0.000206,0.000153,0.000113,0.000065,0.000018,0.000013,0.000033,0.000028,0.000053,0.000033,0.000045,0.000046,0.000041,0.000028,0.000037,0.000058,0.000090
1214,,,,,,,,,,,,,,0.000006,0.000210,0.000246,0.000208,0.000224,0.000277,0.000298,0.000291,0.000218,0.000211,0.000175,0.000130,0.000107,0.000087,0.000095,0.000096,0.000085,0.000082,0.000096,0.000093,0.000085,0.000076,0.000057,0.000034,0.000025,0.000017,0.000063,0.000086,0.000092,0.000076,0.000072,0.000087,0.000086,0.000069,0.000050,0.000134,0.000163
1215,,,,,,,,,,,,,,0.000009,0.000216,0.000197,0.000153,0.000148,0.000187,0.000199,0.000174,0.000166,0.000153,0.000163,0.000141,0.000140,0.000128,0.000129,0.000129,0.000107,0.000102,0.000100,0.000105,0.000096,0.000072,0.000055,0.000026,0.000011,0.000013,0.000031,0.000034,0.000045,0.000064,0.000072,0.000086,0.000098,0.000049,0.000044,0.000110,0.000222
1216,,,,,,,,,,,,,,0.000003,0.000098,0.000082,0.000047,0.000047,0.000075,0.000087,0.000090,0.000076,0.000073,0.000081,0.000073,0.000066,0.000088,0.000084,0.000081,0.000066,0.000072,0.000082,0.000076,0.000067,0.000057,0.000069,0.000047,0.000020,0.000012,0.000035,0.000046,0.000064,0.000071,0.000056,0.000064,0.000058,0.000080,0.000063,0.000063,0.000077
1217,,,,,,,,,,,,,,0.000010,0.000343,0.000299,0.000201,0.000180,0.000204,0.000213,0.000223,0.000211,0.000176,0.000203,0.000216,0.000196,0.000185,0.000174,0.000163,0.000127,0.000093,0.000107,0.000093,0.000094,0.000083,0.000080,0.000044,0.000020,0.000013,0.000047,0.000110,0.000134,0.000120,0.000104,0.000126,0.000163,0.000081,0.000056,0.000129,0.000206
1218,,,,,,,,,,,,,,0.000008,0.000109,0.000092,0.000075,0.000079,0.000100,0.000137,0.000145,0.000161,0.000138,0.000111,0.000100,0.000089,0.000119,0.000151,0.000146,0.000134,0.000113,0.000109,0.000086,0.000062,0.000061,0.000054,0.000041,0.000027,0.000016,0.000060,0.000099,0.000096,0.000102,0.000130,0.000165,0.000179,0.000151,0.000241,0.000506,0.000657
1219,,,,,,,,,,,,,,0.000004,0.000088,0.000059,0.000054,0.000065,0.000085,0.000110,0.000114,0.000096,0.000078,0.000105,0.000102,0.000082,0.000089,0.000098,0.000098,0.000072,0.000078,0.000090,0.000073,0.000072,0.000074,0.000062,0.000046,0.000015,0.000013,0.000059,0.000127,0.000128,0.000083,0.000068,0.000055,0.000047,0.000046,0.000051,0.000087,0.000111
1220,,,,,,,,,,,,,,0.000004,0.000094,0.000076,0.000050,0.000058,0.000073,0.000080,0.000066,0.000060,0.000058,0.000054,0.000044,0.000047,0.000062,0.000057,0.000047,0.000051,0.000065,0.000068,0.000061,0.000069,0.000050,0.000048,0.000040,0.000025,0.000012,0.000035,0.000068,0.000061,0.000057,0.000046,0.000059,0.000059,0.000049,0.000043,0.000102,0.000162
1221,,,,,,,,,,,,,,0.000006,0.000135,0.000126,0.000114,0.000101,0.000107,0.000111,0.000127,0.000096,0.000105,0.000119,0.000120,0.000116,0.000127,0.000141,0.000153,0.000180,0.000219,0.000281,0.000309,0.000268,0.000187,0.000135,0.000097,0.000035,0.000029,0.000053,0.000042,0.000042,0.000059,0.000073,0.000090,0.000090,0.000052,0.000044,0.000063,0.000056
1222,,,,,,,,,,,,,,0.000018,0.000351,0.000344,0.000281,0.000290,0.000339,0.000390,0.000356,0.000338,0.000346,0.000401,0.000392,0.000355,0.000419,0.000430,0.000444,0.000395,0.000396,0.000434,0.000376,0.000342,0.000246,0.000190,0.000119,0.000020,0.000010,0.000045,0.000099,0.000098,0.000084,0.000090,0.000078,0.000076,0.000042,0.000089,0.000248,0.000465
1223,,,,,,,,,,,,,,0.000004,0.000110,0.000107,0.000100,0.000094,0.000110,0.000139,0.000148,0.000154,0.000135,0.000158,0.000157,0.000141,0.000160,0.000159,0.000179,0.000161,0.000150,0.000136,0.000106,0.000094,0.000069,0.000061,0.000048,0.000015,0.000008,0.000039,0.000099,0.000091,0.000070,0.000084,0.000102,0.000111,0.000044,0.000031,0.000104,0.000131
1224,,,,,,,,,,,,,,0.000005,0.000131,0.000158,0.000105,0.000095,0.000098,0.000100,0.000117,0.000104,0.000116,0.000109,0.000132,0.000117,0.000118,0.000118,0.000107,0.000089,0.000077,0.000079,0.000086,0.000128,0.000109,0.000090,0.000060,0.000030,0.000021,0.000069,0.000116,0.000096,0.000076,0.000092,0.000102,0.000058,0.000051,0.000056,0.000072,0.000061
1225,,,,,,,,,,,,,,0.000005,0.000158,0.000144,0.000102,0.000084,0.000074,0.000105,0.000095,0.000093,0.000064,0.000059,0.000062,0.000064,0.000072,0.000079,0.000079,0.000077,0.000084,0.000075,0.000073,0.000065,0.000071,0.000067,0.000052,0.000018,0.000016,0.000037,0.000070,0.000077,0.000084,0.000085,0.000076,0.000068,0.000043,0.000055,0.000078,0.000133
1226,,,,,,,,,,,,,,0.000004,0.000066,0.000058,0.000073,0.000074,0.000085,0.000085,0.000088,0.000095,0.000130,0.000166,0.000169,0.000187,0.000224,0.000245,0.000267,0.000234,0.000237,0.000237,0.000224,0.000182,0.000124,0.000092,0.000070,0.000021,0.000022,0.000092,0.000127,0.000130,0.000112,0.000116,0.000107,0.000082,0.000049,0.000075,0.000103,0.000180
1227,,,,,,,,,,,,,,0.000010,0.000286,0.000259,0.000184,0.000182,0.000210,0.000215,0.000213,0.000199,0.000159,0.000166,0.000157,0.000148,0.000116,0.000098,0.000095,0.000079,0.000117,0.000127,0.000128,0.000143,0.000114,0.000096,0.000083,0.000048,0.000036,0.000088,0.000121,0.000122,0.000129,0.000118,0.000127,0.000102,0.000113,0.000103,0.000209,0.000161
1228,,,,,,,,,,,,,,0.000006,0.000139,0.000148,0.000113,0.000131,0.000152,0.000219,0.000235,0.000241,0.000189,0.000221,0.000222,0.000188,0.000234,0.000257,0.000315,0.000308,0.000350,0.000354,0.000280,0.000242,0.000159,0.000105,0.000054,0.000015,0.000007,0.000048,0.000070,0.000061,0.000046,0.000038,0.000058,0.000072,0.000066,0.000044,0.000101,0.000152
1229,,,,,,,,,,,,,,0.000004,0.000090,0.000081,0.000053,0.000049,0.000061,0.000066,0.000050,0.000052,0.000054,0.000058,0.000054,0.000051,0.000047,0.000029,0.000018,0.000008,0.000010,0.000017,0.000032,0.000039,0.000066,0.000055,0.000041,0.000027,0.000024,0.000049,0.000070,0.000090,0.000121,0.000141,0.000165,0.000138,0.000095,0.000111,0.000212,0.000199
1230,,,,,,,,,,,,,,0.000008,0.000169,0.000202,0.000211,0.000237,0.000346,0.000443,0.000462,0.000485,0.000429,0.000536,0.000509,0.000416,0.000425,0.000337,0.000279,0.000168,0.000112,0.000075,0.000046,0.000053,0.000058,0.000055,0.000048,0.000026,0.000020,0.000115,0.000194,0.000182,0.000160,0.000142,0.000139,0.000122,0.000066,0.000051,0.000140,0.000245
1231,,,,,,,,,,,,,,0.000007,0.000144,0.000151,0.000117,0.000113,0.000132,0.000137,0.000122,0.000094,0.000214,0.000169,0.000145,0.000126,0.000126,0.000116,0.000120,0.000104,0.000093,0.000096,0.000083,0.000077,0.000065,0.000066,0.000043,0.000014,0.000011,0.000046,0.000107,0.000112,0.000097,0.000122,0.000163,0.000165,0.000089,0.000069,0.000207,0.000314
1232,,,,,,,,,,,,,,0.000005,0.000124,0.000131,0.000090,0.000100,0.000111,0.000129,0.000127,0.000125,0.000083,0.000100,0.000089,0.000083,0.000092,0.000098,0.000157,0.000198,0.000235,0.000333,0.000345,0.000290,0.000203,0.000137,0.000093,0.000027,0.000011,0.000075,0.000124,0.000095,0.000095,0.000100,0.000096,0.000074,0.000044,0.000034,0.000121,0.000172
1233,,,,,,,,,,,,,,0.000008,0.000260,0.000263,0.000215,0.000240,0.000349,0.000380,0.000394,0.000318,0.000318,0.000358,0.000293,0.000214,0.000216,0.000184,0.000172,0.000156,0.000136,0.000121,0.000087,0.000076,0.000067,0.000053,0.000038,0.000028,0.000018,0.000065,0.000105,0.000121,0.000092,0.000089,0.000076,0.000081,0.000050,0.000050,0.000084,0.000090
1234,,,,,,,,,,,,,,0.000014,0.000236,0.000193,0.000144,0.000145,0.000155,0.000137,0.000130,0.000103,0.000101,0.000139,0.000149,0.000128,0.000136,0.000118,0.000112,0.000080,0.000080,0.000091,0.000100,0.000128,0.000155,0.000130,0.000078,0.000020,0.000006,0.000031,0.000090,0.000106,0.000110,0.000105,0.000110,0.000103,0.000051,0.000069,0.000191,0.000297
1235,,,,,,,,,,,,,,0.000008,0.000290,0.000293,0.000216,0.000215,0.000241,0.000264,0.000254,0.000224,0.000247,0.000263,0.000232,0.000213,0.000235,0.000236,0.000301,0.000293,0.000285,0.000301,0.000242,0.000194,0.000152,0.000145,0.000130,0.000042,0.000018,0.000075,0.000157,0.000146,0.000138,0.000113,0.000108,0.000098,0.000062,0.000040,0.000045,0.000063
1236,,,,,,,,,,,,,,0.000008,0.000235,0.000214,0.000164,0.000180,0.000215,0.000208,0.000186,0.000150,0.000123,0.000154,0.000146,0.000126,0.000122,0.000114,0.000104,0.000106,0.000089,0.000102,0.000085,0.000076,0.000064,0.000080,0.000080,0.000030,0.000019,0.000057,0.000110,0.000117,0.000102,0.000083,0.000074,0.000081,0.000051,0.000082,0.000256,0.000139
1237,,,,,,,,,,,,,,0.000007,0.000223,0.000196,0.000130,0.000110,0.000117,0.000169,0.000257,0.000222,0.000221,0.000332,0.000407,0.000431,0.000578,0.000604,0.000631,0.000521,0.000460,0.000430,0.000326,0.000222,0.000144,0.000129,0.000116,0.000054,0.000035,0.000068,0.000112,0.000120,0.000149,0.000143,0.000130,0.000119,0.000094,0.000108,0.000079,0.000072
1238,,,,,,,,,,,,,,0.000011,0.000200,0.000165,0.000112,0.000094,0.000157,0.000264,0.000189,0.000178,0.000134,0.000158,0.000151,0.000137,0.000129,0.000109,0.000133,0.000112,0.000110,0.000092,0.000087,0.000102,0.000080,0.000073,0.000058,0.000026,0.000033,0.000107,0.000190,0.000256,0.000281,0.000400,0.000489,0.000503,0.000247,0.000209,0.000579,0.000839
1239,,,,,,,,,,,,,,0.000008,0.000240,0.000346,0.000179,0.000148,0.000184,0.000211,0.000198,0.000167,0.000165,0.000185,0.000175,0.000147,0.000158,0.000153,0.000149,0.000123,0.000117,0.000114,0.000107,0.000107,0.000096,0.000095,0.000075,0.000018,0.000009,0.000036,0.000044,0.000049,0.000043,0.000036,0.000067,0.000090,0.000099,0.000161,0.000223,0.000163
1240,,,,,,,,,,,,,,0.000006,0.000128,0.000133,0.000093,0.000099,0.000140,0.000155,0.000158,0.000143,0.000132,0.000169,0.000162,0.000159,0.000165,0.000164,0.000163,0.000156,0.000149,0.000147,0.000156,0.000134,0.000091,0.000064,0.000038,0.000009,0.000010,0.000070,0.000152,0.000136,0.000117,0.000112,0.000115,0.000109,0.000055,0.000055,0.000225,0.000293
1241,,,,,,,,,,,,,,0.000005,0.000153,0.000165,0.000182,0.000117,0.000156,0.000185,0.000204,0.000177,0.000152,0.000175,0.000165,0.000129,0.000135,0.000112,0.000101,0.000082,0.000086,0.000066,0.000078,0.000101,0.000102,0.000085,0.000074,0.000035,0.000019,0.000059,0.000118,0.000226,0.000160,0.000120,0.000113,0.000149,0.000110,0.000077,0.000081,0.000092
1242,,,,,,,,,,,,,,0.000007,0.000245,0.000253,0.000199,0.000243,0.000325,0.000355,0.000308,0.000273,0.000213,0.000210,0.000172,0.000118,0.000129,0.000115,0.000084,0.000055,0.000053,0.000069,0.000066,0.000068,0.000045,0.000051,0.000060,0.000022,0.000017,0.000045,0.000086,0.000101,0.000095,0.000094,0.000112,0.000096,0.000085,0.000074,0.000090,0.000135
1243,,,,,,,,,,,,,,0.000003,0.000062,0.000058,0.000068,0.000081,0.000113,0.000123,0.000126,0.000110,0.000095,0.000128,0.000133,0.000144,0.000172,0.000212,0.000245,0.000265,0.000258,0.000319,0.000267,0.000245,0.000186,0.000146,0.000110,0.000024,0.000013,0.000091,0.000134,0.000152,0.000164,0.000167,0.000171,0.000173,0.000079,0.000067,0.000152,0.000194
1244,,,,,,,,,,,,,,0.000005,0.000110,0.000118,0.000107,0.000114,0.000146,0.000155,0.000156,0.000120,0.000113,0.000138,0.000117,0.000095,0.000110,0.000099,0.000082,0.000057,0.000057,0.000061,0.000062,0.000069,0.000069,0.000075,0.000072,0.000021,0.000013,0.000059,0.000116,0.000126,0.000126,0.000093,0.000097,0.000083,0.000056,0.000060,0.000108,0.000159
1245,,,,,,,,,,,,,,0.000009,0.000228,0.000237,0.000179,0.000180,0.000171,0.000157,0.000143,0.000135,0.000110,0.000126,0.000124,0.000089,0.000123,0.000121,0.000130,0.000109,0.000102,0.000113,0.000124,0.000129,0.000108,0.000105,0.000073,0.000029,0.000018,0.000062,0.000098,0.000102,0.000107,0.000095,0.000106,0.000088,0.000050,0.000053,0.000120,0.000158
1246,,,,,,,,,,,,,,0.000014,0.000324,0.000331,0.000244,0.000213,0.000231,0.000238,0.000243,0.000219,0.000180,0.000218,0.000202,0.000152,0.000161,0.000145,0.000123,0.000112,0.000086,0.000107,0.000115,0.000116,0.000087,0.000070,0.000045,0.000018,0.000025,0.000096,0.000126,0.000117,0.000095,0.000101,0.000080,0.000067,0.000035,0.000046,0.000117,0.000189
1247,,,,,,,,,,,,,,0.000005,0.000092,0.000098,0.000090,0.000130,0.000216,0.000185,0.000162,0.000112,0.000091,0.000083,0.000070,0.000068,0.000045,0.000043,0.000030,0.000026,0.000014,0.000024,0.000028,0.000054,0.000078,0.000096,0.000087,0.000026,0.000017,0.000044,0.000074,0.000078,0.000085,0.000094,0.000095,0.000089,0.000062,0.000043,0.000100,0.000128
1248,,,,,,,,,,,,,,0.000007,0.000135,0.000108,0.000089,0.000079,0.000123,0.000162,0.000175,0.000159,0.000141,0.000186,0.000164,0.000145,0.000139,0.000110,0.000091,0.000057,0.000058,0.000076,0.000078,0.000067,0.000054,0.000046,0.000046,0.000024,0.000015,0.000045,0.000083,0.000083,0.000066,0.000081,0.000088,0.000078,0.000067,0.000101,0.000274,0.000436
1249,,,,,,,,,,,,,,0.000006,0.000164,0.000151,0.000131,0.000162,0.000205,0.000256,0.000223,0.000199,0.000136,0.000157,0.000147,0.000096,0.000105,0.000102,0.000099,0.000077,0.000086,0.000092,0.000092,0.000120,0.000132,0.000159,0.000135,0.000033,0.000016,0.000040,0.000058,0.000049,0.000041,0.000053,0.000045,0.000061,0.000046,0.000060,0.000227,0.000148
1250,,,,,,,,,,,,,,0.000007,0.000167,0.000173,0.000105,0.000064,0.000048,0.000031,0.000064,0.000078,0.000094,0.000066,0.000067,0.000081,0.000096,0.000099,0.000131,0.000131,0.000180,0.000220,0.000276,0.000368,0.000401,0.000456,0.000358,0.000067,0.000040,0.000111,0.000110,0.000084,0.000097,0.000119,0.000105,0.000093,0.000083,0.000077,0.000160,0.000359
1251,,,,,,,,,,,,,,0.000018,0.000498,0.000456,0.000396,0.000416,0.000486,0.000504,0.000432,0.000355,0.000298,0.000321,0.000286,0.000244,0.000240,0.000223,0.000195,0.000159,0.000140,0.000134,0.000104,0.000102,0.000077,0.000066,0.000052,0.000013,0.000007,0.000046,0.000114,0.000144,0.000135,0.000137,0.000155,0.000144,0.000071,0.000058,0.000210,0.000334
1252,,,,,,,,,,,,,,0.000006,0.000193,0.000196,0.000148,0.000165,0.000189,0.000200,0.000392,0.000200,0.000154,0.000148,0.000168,0.000156,0.000192,0.000218,0.000252,0.000259,0.000247,0.000257,0.000200,0.000185,0.000138,0.000126,0.000080,0.000023,0.000012,0.000041,0.000073,0.000084,0.000065,0.000065,0.000077,0.000079,0.000066,0.000059,0.000112,0.000146
1253,,,,,,,,,,,,,,0.000006,0.000180,0.000185,0.000152,0.000131,0.000175,0.000184,0.000160,0.000155,0.000113,0.000146,0.000134,0.000119,0.000139,0.000126,0.000132,0.000118,0.000117,0.000113,0.000092,0.000109,0.000082,0.000067,0.000051,0.000012,0.000006,0.000038,0.000083,0.000084,0.000088,0.000088,0.000093,0.000091,0.000097,0.000089,0.000172,0.000246
1254,,,,,,,,,,,,,,0.000010,0.000269,0.000202,0.000193,0.000185,0.000189,0.000185,0.000175,0.000180,0.000183,0.000226,0.000256,0.000275,0.000311,0.000309,0.000278,0.000205,0.000160,0.000136,0.000097,0.000085,0.000065,0.000054,0.000032,0.000019,0.000011,0.000036,0.000040,0.000029,0.000052,0.000067,0.000071,0.000087,0.000083,0.000073,0.000183,0.000338
1255,,,,,,,,,,,,,,0.000006,0.000153,0.000136,0.000106,0.000104,0.000124,0.000128,0.000128,0.000122,0.000110,0.000110,0.000100,0.000096,0.000126,0.000146,0.000153,0.000123,0.000093,0.000092,0.000082,0.000075,0.000066,0.000073,0.000049,0.000016,0.000009,0.000037,0.000066,0.000070,0.000063,0.000064,0.000080,0.000095,0.000119,0.000120,0.000128,0.000193
1256,,,,,,,,,,,,,,0.000006,0.000145,0.000109,0.000080,0.000076,0.000074,0.000076,0.000094,0.000113,0.000115,0.000127,0.000136,0.000168,0.000194,0.000238,0.000237,0.000239,0.000182,0.000203,0.000125,0.000121,0.000063,0.000044,0.000025,0.000024,0.000027,0.000051,0.000069,0.000094,0.000063,0.000075,0.000066,0.000071,0.000059,0.000059,0.000117,0.000221
1257,,,,,,,,,,,,,,0.000005,0.000110,0.000097,0.000071,0.000062,0.000052,0.000057,0.000059,0.000075,0.000083,0.000108,0.000108,0.000103,0.000108,0.000112,0.000110,0.000090,0.000084,0.000094,0.000097,0.000091,0.000097,0.000120,0.000091,0.000046,0.000032,0.000092,0.000151,0.000127,0.000116,0.000111,0.000138,0.000128,0.000069,0.000081,0.000176,0.000222
1258,,,,,,,,,,,,,,0.000007,0.000131,0.000135,0.000108,0.000113,0.000150,0.000167,0.000168,0.000160,0.000117,0.000158,0.000164,0.000135,0.000157,0.000166,0.000175,0.000158,0.000158,0.000162,0.000137,0.000133,0.000104,0.000090,0.000058,0.000012,0.000008,0.000100,0.000112,0.000099,0.000094,0.000087,0.000092,0.000096,0.000057,0.000069,0.000172,0.000292
1259,,,,,,,,,,,,,,0.000007,0.000175,0.000182,0.000118,0.000108,0.000118,0.000127,0.000132,0.000122,0.000102,0.000134,0.000117,0.000120,0.000086,0.000074,0.000048,0.000052,0.000046,0.000037,0.000038,0.000028,0.000028,0.000027,0.000022,0.000015,0.000020,0.000073,0.000098,0.000111,0.000132,0.000138,0.000156,0.000123,0.000142,0.000165,0.000116,0.000141
1260,,,,,,,,,,,,,,0.000008,0.000176,0.000172,0.000116,0.000129,0.000118,0.000122,0.000132,0.000093,0.000108,0.000083,0.000059,0.000095,0.000117,0.000135,0.000117,0.000104,0.000087,0.000099,0.000140,0.000202,0.000300,0.000388,0.000353,0.000075,0.000035,0.000133,0.000128,0.000125,0.000099,0.000117,0.000112,0.000124,0.000077,0.000082,0.000168,0.000276
1261,,,,,,,,,,,,,,0.000004,0.000071,0.000078,0.000083,0.000100,0.000162,0.000222,0.000246,0.000257,0.000274,0.000335,0.000332,0.000282,0.000275,0.000246,0.000233,0.000174,0.000138,0.000141,0.000107,0.000093,0.000101,0.000078,0.000042,0.000012,0.000009,0.000070,0.000122,0.000169,0.000236,0.000171,0.000207,0.000192,0.000093,0.000068,0.000172,0.000260
1262,,,,,,,,,,,,,,0.000011,0.000338,0.000306,0.000221,0.000222,0.000255,0.000279,0.000269,0.000270,0.000209,0.000231,0.000197,0.000150,0.000171,0.000149,0.000158,0.000149,0.000153,0.000155,0.000125,0.000106,0.000096,0.000073,0.000064,0.000016,0.000012,0.000065,0.000133,0.000119,0.000116,0.000109,0.000112,0.000105,0.000061,0.000068,0.000194,0.000329
1263,,,,,,,,,,,,,,0.000005,0.000101,0.000095,0.000059,0.000058,0.000069,0.000073,0.000063,0.000062,0.000060,0.000034,0.000030,0.000048,0.000021,0.000021,0.000023,0.000029,0.000028,0.000042,0.000053,0.000064,0.000085,0.000113,0.000140,0.000075,0.000056,0.000103,0.000166,0.000170,0.000149,0.000140,0.000129,0.000109,0.000132,0.000104,0.000152,0.000168
1264,,,,,,,,,,,,,,0.000012,0.000269,0.000231,0.000162,0.000170,0.000179,0.000184,0.000181,0.000162,0.000150,0.000158,0.000138,0.000114,0.000099,0.000106,0.000111,0.000122,0.000116,0.000122,0.000120,0.000114,0.000089,0.000095,0.000087,0.000042,0.000028,0.000067,0.000107,0.000083,0.000084,0.000085,0.000089,0.000064,0.000038,0.000035,0.000076,0.000039
1265,,,,,,,,,,,,,,0.000005,0.000132,0.000133,0.000110,0.000086,0.000087,0.000096,0.000124,0.000102,0.000099,0.000125,0.000120,0.000124,0.000169,0.000189,0.000225,0.000185,0.000187,0.000165,0.000114,0.000114,0.000080,0.000084,0.000061,0.000035,0.000020,0.000052,0.000085,0.000086,0.000073,0.000065,0.000077,0.000084,0.000041,0.000046,0.000073,0.000101
1266,,,,,,,,,,,,,,0.000012,0.000310,0.000333,0.000245,0.000211,0.000241,0.000241,0.000247,0.000230,0.000202,0.000268,0.000263,0.000231,0.000255,0.000215,0.000191,0.000121,0.000095,0.000088,0.000073,0.000068,0.000044,0.000042,0.000035,0.000018,0.000019,0.000049,0.000079,0.000067,0.000062,0.000059,0.000059,0.000067,0.000046,0.000041,0.000156,0.000266
1267,,,,,,,,,,,,,,0.000006,0.000185,0.000313,0.000171,0.000163,0.000166,0.000165,0.000144,0.000123,0.000117,0.000117,0.000104,0.000092,0.000118,0.000104,0.000103,0.000093,0.000093,0.000107,0.000096,0.000109,0.000108,0.000123,0.000088,0.000020,0.000013,0.000034,0.000067,0.000080,0.000110,0.000112,0.000111,0.000075,0.000045,0.000037,0.000064,0.000103
1268,,,,,,,,,,,,,,0.000008,0.000191,0.000199,0.000137,0.000132,0.000141,0.000145,0.000135,0.000098,0.000091,0.000116,0.000101,0.000098,0.000099,0.000090,0.000083,0.000075,0.000076,0.000076,0.000078,0.000070,0.000057,0.000065,0.000052,0.000014,0.000008,0.000032,0.000068,0.000067,0.000083,0.000071,0.000089,0.000078,0.000057,0.000062,0.000224,0.000394
1269,,,,,,,,,,,,,,0.000016,0.000375,0.000346,0.000248,0.000213,0.000230,0.000222,0.000183,0.000150,0.000149,0.000151,0.000129,0.000102,0.000110,0.000114,0.000106,0.000104,0.000106,0.000111,0.000101,0.000105,0.000076,0.000067,0.000042,0.000014,0.000009,0.000050,0.000106,0.000099,0.000096,0.000093,0.000118,0.000098,0.000054,0.000038,0.000127,0.000252
1270,,,,,,,,,,,,,,0.000009,0.000158,0.000146,0.000111,0.000112,0.000116,0.000120,0.000108,0.000110,0.000079,0.000069,0.000071,0.000081,0.000067,0.000074,0.000052,0.000047,0.000065,0.000099,0.000151,0.000200,0.000280,0.000335,0.000235,0.000065,0.000020,0.000076,0.000126,0.000112,0.000105,0.000078,0.000094,0.000092,0.000046,0.000043,0.000111,0.000238
1271,,,,,,,,,,,,,,0.000004,0.000102,0.000106,0.000068,0.000071,0.000072,0.000088,0.000081,0.000075,0.000056,0.000058,0.000067,0.000058,0.000055,0.000057,0.000065,0.000055,0.000048,0.000044,0.000043,0.000035,0.000040,0.000029,0.000026,0.000018,0.000015,0.000039,0.000059,0.000076,0.000075,0.000065,0.000100,0.000108,0.000117,0.000122,0.000124,0.000142
1272,,,,,,,,,,,,,,0.000011,0.000219,0.000196,0.000131,0.000116,0.000121,0.000125,0.000110,0.000081,0.000072,0.000081,0.000075,0.000061,0.000056,0.000036,0.000033,0.000028,0.000027,0.000029,0.000029,0.000039,0.000046,0.000053,0.000049,0.000022,0.000015,0.000038,0.000045,0.000046,0.000047,0.000040,0.000039,0.000047,0.000044,0.000048,0.000056,0.000059
1273,,,,,,,,,,,,,,0.000004,0.000105,0.000111,0.000066,0.000065,0.000056,0.000082,0.000073,0.000062,0.000085,0.000094,0.000084,0.000083,0.000068,0.000050,0.000046,0.000065,0.000060,0.000062,0.000064,0.000080,0.000072,0.000091,0.000078,0.000037,0.000023,0.000058,0.000089,0.000093,0.000078,0.000072,0.000075,0.000061,0.000079,0.000068,0.000091,0.000095
1274,,,,,,,,,,,,,,0.000006,0.000212,0.000233,0.000183,0.000196,0.000198,0.000241,0.000234,0.000199,0.000160,0.000161,0.000158,0.000184,0.000170,0.000154,0.000141,0.000108,0.000117,0.000095,0.000061,0.000047,0.000040,0.000044,0.000036,0.000019,0.000016,0.000051,0.000076,0.000080,0.000068,0.000053,0.000062,0.000062,0.000046,0.000054,0.000095,0.000135
1275,,,,,,,,,,,,,,0.000011,0.000252,0.000196,0.000122,0.000142,0.000183,0.000213,0.000180,0.000154,0.000168,0.000194,0.000188,0.000175,0.000209,0.000199,0.000183,0.000155,0.000116,0.000107,0.000092,0.000076,0.000065,0.000071,0.000043,0.000017,0.000012,0.000048,0.000060,0.000068,0.000063,0.000081,0.000076,0.000075,0.000049,0.000104,0.000193,0.000312
1276,,,,,,,,,,,,,,0.000009,0.000188,0.000158,0.000129,0.000136,0.000144,0.000150,0.000123,0.000109,0.000085,0.000109,0.000097,0.000076,0.000083,0.000076,0.000073,0.000073,0.000074,0.000085,0.000081,0.000077,0.000072,0.000081,0.000072,0.000033,0.000021,0.000064,0.000138,0.000142,0.000160,0.000143,0.000150,0.000155,0.000058,0.000047,0.000049,0.000047
1277,,,,,,,,,,,,,,0.000005,0.000152,0.000116,0.000115,0.000132,0.000155,0.000182,0.000191,0.000174,0.000153,0.000205,0.000184,0.000145,0.000175,0.000161,0.000144,0.000102,0.000097,0.000074,0.000058,0.000056,0.000055,0.000055,0.000037,0.000025,0.000015,0.000040,0.000046,0.000059,0.000072,0.000076,0.000058,0.000069,0.000047,0.000035,0.000070,0.000071
1278,,,,,,,,,,,,,,0.000006,0.000129,0.000144,0.000125,0.000114,0.000138,0.000160,0.000171,0.000144,0.000110,0.000128,0.000094,0.000073,0.000084,0.000106,0.000125,0.000116,0.000116,0.000142,0.000145,0.000140,0.000123,0.000101,0.000080,0.000033,0.000018,0.000076,0.000175,0.000198,0.000147,0.000143,0.000143,0.000150,0.000110,0.000102,0.000174,0.000247
1279,,,,,,,,,,,,,,0.000007,0.000232,0.000193,0.000127,0.000124,0.000145,0.000173,0.000194,0.000183,0.000192,0.000188,0.000197,0.000225,0.000153,0.000132,0.000113,0.000091,0.000074,0.000047,0.000040,0.000024,0.000024,0.000039,0.000041,0.000030,0.000022,0.000060,0.000080,0.000065,0.000088,0.000113,0.000109,0.000104,0.000083,0.000060,0.000128,0.000175
1280,,,,,,,,,,,,,,0.000003,0.000088,0.000079,0.000061,0.000073,0.000117,0.000203,0.000318,0.000430,0.000543,0.000494,0.000458,0.000545,0.000476,0.000491,0.000451,0.000449,0.000485,0.000457,0.000390,0.000295,0.000199,0.000138,0.000086,0.000021,0.000013,0.000039,0.000102,0.000082,0.000063,0.000075,0.000089,0.000092,0.000092,0.000094,0.000112,0.000157
1281,,,,,,,,,,,,,,0.000011,0.000220,0.000201,0.000155,0.000169,0.000194,0.000207,0.000208,0.000174,0.000153,0.000167,0.000158,0.000123,0.000149,0.000162,0.000144,0.000159,0.000122,0.000103,0.000079,0.000069,0.000043,0.000024,0.000027,0.000016,0.000013,0.000071,0.000160,0.000192,0.000204,0.000225,0.000233,0.000230,0.000144,0.000112,0.000257,0.000372
1282,,,,,,,,,,,,,,0.000009,0.000253,0.000270,0.000161,0.000144,0.000160,0.000164,0.000154,0.000130,0.000098,0.000118,0.000096,0.000091,0.000086,0.000092,0.000093,0.000086,0.000079,0.000078,0.000063,0.000046,0.000032,0.000042,0.000036,0.000013,0.000010,0.000045,0.000070,0.000075,0.000068,0.000056,0.000057,0.000073,0.000085,0.000094,0.000240,0.000273
1283,,,,,,,,,,,,,,0.000009,0.000257,0.000287,0.000306,0.000289,0.000285,0.000270,0.000234,0.000184,0.000151,0.000161,0.000134,0.000117,0.000103,0.000093,0.000096,0.000095,0.000100,0.000091,0.000088,0.000078,0.000070,0.000084,0.000083,0.000031,0.000030,0.000191,0.000273,0.000246,0.000191,0.000160,0.000143,0.000096,0.000048,0.000042,0.000118,0.000186
1284,,,,,,,,,,,,,,0.000008,0.000174,0.000151,0.000122,0.000122,0.000129,0.000135,0.000107,0.000072,0.000049,0.000053,0.000053,0.000059,0.000059,0.000068,0.000057,0.000042,0.000028,0.000028,0.000029,0.000024,0.000028,0.000036,0.000024,0.000012,0.000009,0.000035,0.000063,0.000067,0.000065,0.000046,0.000054,0.000046,0.000045,0.000037,0.000213,0.000215
1285,,,,,,,,,,,,,,0.000006,0.000134,0.000141,0.000119,0.000141,0.000196,0.000222,0.000218,0.000186,0.000158,0.000174,0.000138,0.000108,0.000136,0.000155,0.000177,0.000176,0.000160,0.000176,0.000134,0.000137,0.000134,0.000131,0.000100,0.000021,0.000013,0.000088,0.000166,0.000146,0.000148,0.000128,0.000138,0.000119,0.000072,0.000061,0.000158,0.000268
1286,,,,,,,,,,,,,,0.000007,0.000218,0.000237,0.000153,0.000151,0.000175,0.000214,0.000260,0.000246,0.000263,0.000289,0.000293,0.000265,0.000291,0.000240,0.000235,0.000211,0.000225,0.000226,0.000198,0.000202,0.000144,0.000145,0.000123,0.000031,0.000022,0.000093,0.000180,0.000185,0.000159,0.000143,0.000119,0.000122,0.000073,0.000051,0.000075,0.000100
1287,,,,,,,,,,,,,,0.000005,0.000138,0.000120,0.000122,0.000122,0.000166,0.000170,0.000178,0.000178,0.000219,0.000211,0.000210,0.000185,0.000190,0.000207,0.000194,0.000164,0.000179,0.000169,0.000124,0.000111,0.000078,0.000066,0.000047,0.000013,0.000012,0.000071,0.000154,0.000160,0.000127,0.000109,0.000147,0.000119,0.000054,0.000049,0.000120,0.000176
1288,,,,,,,,,,,,,,0.000005,0.000094,0.000117,0.000102,0.000100,0.000137,0.000155,0.000143,0.000119,0.000111,0.000124,0.000127,0.000127,0.000132,0.000160,0.000143,0.000136,0.000156,0.000148,0.000141,0.000147,0.000115,0.000107,0.000074,0.000019,0.000013,0.000070,0.000151,0.000145,0.000119,0.000119,0.000105,0.000088,0.000043,0.000043,0.000114,0.000167
1289,,,,,,,,,,,,,,0.000009,0.000204,0.000204,0.000165,0.000133,0.000155,0.000176,0.000228,0.000273,0.000380,0.000396,0.000348,0.000297,0.000311,0.000253,0.000231,0.000208,0.000159,0.000151,0.000104,0.000093,0.000070,0.000060,0.000052,0.000027,0.000021,0.000045,0.000060,0.000072,0.000062,0.000084,0.000080,0.000089,0.000075,0.000106,0.000068,0.000088
1290,,,,,,,,,,,,,,0.000016,0.000314,0.000234,0.000173,0.000160,0.000171,0.000161,0.000188,0.000151,0.000132,0.000134,0.000114,0.000100,0.000070,0.000062,0.000078,0.000075,0.000086,0.000104,0.000116,0.000142,0.000129,0.000146,0.000112,0.000042,0.000029,0.000065,0.000112,0.000097,0.000074,0.000080,0.000052,0.000084,0.000089,0.000072,0.000141,0.000166
1291,,,,,,,,,,,,,,0.000005,0.000122,0.000084,0.000071,0.000081,0.000094,0.000121,0.000096,0.000083,0.000098,0.000100,0.000093,0.000079,0.000081,0.000078,0.000060,0.000056,0.000056,0.000059,0.000052,0.000070,0.000062,0.000061,0.000060,0.000025,0.000019,0.000048,0.000076,0.000092,0.000099,0.000107,0.000094,0.000092,0.000105,0.000095,0.000085,0.000116
1292,,,,,,,,,,,,,,0.000005,0.000094,0.000105,0.000074,0.000089,0.000129,0.000161,0.000161,0.000160,0.000135,0.000180,0.000172,0.000166,0.000161,0.000179,0.000187,0.000159,0.000154,0.000170,0.000140,0.000132,0.000117,0.000110,0.000075,0.000017,0.000014,0.000065,0.000168,0.000128,0.000094,0.000105,0.000116,0.000115,0.000054,0.000038,0.000127,0.000217
1293,,,,,,,,,,,,,,0.000009,0.000241,0.000236,0.000237,0.000268,0.000318,0.000374,0.000381,0.000352,0.000297,0.000384,0.000378,0.000350,0.000399,0.000362,0.000317,0.000245,0.000191,0.000184,0.000144,0.000129,0.000089,0.000086,0.000062,0.000019,0.000011,0.000050,0.000096,0.000082,0.000087,0.000066,0.000100,0.000081,0.000059,0.000047,0.000125,0.000173
1294,,,,,,,,,,,,,,0.000009,0.000213,0.000180,0.000153,0.000160,0.000190,0.000190,0.000177,0.000154,0.000127,0.000129,0.000109,0.000094,0.000095,0.000095,0.000078,0.000059,0.000048,0.000048,0.000039,0.000037,0.000027,0.000033,0.000028,0.000015,0.000014,0.000042,0.000062,0.000076,0.000073,0.000073,0.000068,0.000066,0.000043,0.000071,0.000155,0.000240
1295,,,,,,,,,,,,,,0.000006,0.000180,0.000165,0.000159,0.000113,0.000140,0.000159,0.000167,0.000128,0.000114,0.000122,0.000123,0.000086,0.000098,0.000102,0.000153,0.000134,0.000069,0.000073,0.000082,0.000074,0.000060,0.000052,0.000048,0.000021,0.000008,0.000071,0.000092,0.000109,0.000114,0.000127,0.000135,0.000139,0.000075,0.000089,0.000170,0.000226
1296,,,,,,,,,,,,,,0.000003,0.000092,0.000080,0.000068,0.000069,0.000105,0.000117,0.000121,0.000123,0.000116,0.000133,0.000127,0.000110,0.000137,0.000151,0.000142,0.000119,0.000108,0.000103,0.000095,0.000086,0.000064,0.000049,0.000036,0.000009,0.000007,0.000045,0.000081,0.000076,0.000068,0.000067,0.000065,0.000062,0.000033,0.000087,0.000094,0.000136
1297,,,,,,,,,,,,,,0.000006,0.000101,0.000098,0.000112,0.000116,0.000170,0.000201,0.000200,0.000214,0.000198,0.000255,0.000220,0.000186,0.000198,0.000188,0.000226,0.000194,0.000175,0.000166,0.000137,0.000140,0.000106,0.000096,0.000070,0.000017,0.000010,0.000061,0.000121,0.000150,0.000120,0.000100,0.000100,0.000071,0.000043,0.000043,0.000131,0.000212
1298,,,,,,,,,,,,,,0.000008,0.000191,0.000196,0.000150,0.000187,0.000252,0.000301,0.000274,0.000259,0.000224,0.000310,0.000300,0.000280,0.000312,0.000312,0.000297,0.000231,0.000203,0.000189,0.000153,0.000132,0.000106,0.000098,0.000084,0.000025,0.000019,0.000087,0.000148,0.000139,0.000123,0.000093,0.000101,0.000097,0.000045,0.000055,0.000162,0.000348
1299,,,,,,,,,,,,,,0.000005,0.000150,0.000128,0.000156,0.000164,0.000219,0.000247,0.000211,0.000131,0.000092,0.000077,0.000057,0.000043,0.000026,0.000016,0.000013,0.000017,0.000036,0.000044,0.000042,0.000055,0.000063,0.000061,0.000046,0.000024,0.000018,0.000066,0.000148,0.000171,0.000174,0.000195,0.000256,0.000245,0.000131,0.000130,0.000228,0.000313
1300,,,,,,,,,,,,,,0.000004,0.000118,0.000099,0.000068,0.000073,0.000094,0.000112,0.000118,0.000140,0.000126,0.000144,0.000137,0.000165,0.000197,0.000169,0.000157,0.000135,0.000113,0.000126,0.000134,0.000116,0.000097,0.000087,0.000059,0.000017,0.000022,0.000059,0.000108,0.000105,0.000119,0.000096,0.000105,0.000075,0.000035,0.000039,0.000082,0.000153
1301,,,,,,,,,,,,,,0.000011,0.000242,0.000245,0.000225,0.000224,0.000265,0.000272,0.000243,0.000203,0.000181,0.000224,0.000232,0.000208,0.000237,0.000265,0.000302,0.000246,0.000239,0.000220,0.000184,0.000172,0.000119,0.000100,0.000057,0.000011,0.000007,0.000038,0.000081,0.000075,0.000068,0.000079,0.000086,0.000098,0.000071,0.000074,0.000256,0.000519
1302,,,,,,,,,,,,,,0.000003,0.000068,0.000069,0.000060,0.000071,0.000096,0.000119,0.000125,0.000100,0.000090,0.000096,0.000085,0.000103,0.000102,0.000127,0.000144,0.000180,0.000203,0.000217,0.000181,0.000157,0.000143,0.000126,0.000098,0.000045,0.000024,0.000050,0.000097,0.000129,0.000112,0.000104,0.000113,0.000093,0.000119,0.000059,0.000076,0.000061
1303,,,,,,,,,,,,,,0.000006,0.000194,0.000169,0.000123,0.000097,0.000092,0.000103,0.000114,0.000124,0.000122,0.000136,0.000150,0.000172,0.000202,0.000214,0.000223,0.000172,0.000157,0.000143,0.000106,0.000082,0.000067,0.000076,0.000082,0.000045,0.000032,0.000099,0.000158,0.000163,0.000154,0.000134,0.000131,0.000127,0.000091,0.000161,0.000140,0.000149
1304,,,,,,,,,,,,,,0.000005,0.000180,0.000160,0.000137,0.000156,0.000180,0.000203,0.000222,0.000177,0.000187,0.000155,0.000125,0.000109,0.000106,0.000100,0.000074,0.000066,0.000059,0.000060,0.000061,0.000057,0.000050,0.000046,0.000049,0.000029,0.000020,0.000080,0.000128,0.000113,0.000106,0.000108,0.000108,0.000102,0.000076,0.000049,0.000185,0.000094
1305,,,,,,,,,,,,,,0.000003,0.000097,0.000092,0.000075,0.000077,0.000105,0.000162,0.000172,0.000190,0.000199,0.000223,0.000195,0.000159,0.000174,0.000161,0.000142,0.000110,0.000099,0.000088,0.000079,0.000076,0.000052,0.000040,0.000028,0.000008,0.000009,0.000031,0.000079,0.000086,0.000072,0.000075,0.000080,0.000075,0.000084,0.000089,0.000091,0.000156
1306,,,,,,,,,,,,,,0.000009,0.000255,0.000205,0.000158,0.000147,0.000148,0.000165,0.000137,0.000120,0.000117,0.000137,0.000150,0.000154,0.000134,0.000109,0.000095,0.000073,0.000068,0.000071,0.000055,0.000059,0.000066,0.000056,0.000045,0.000027,0.000023,0.000049,0.000060,0.000059,0.000059,0.000078,0.000076,0.000072,0.000060,0.000145,0.000167,0.000276
1307,,,,,,,,,,,,,,0.000009,0.000136,0.000151,0.000114,0.000120,0.000137,0.000155,0.000124,0.000108,0.000068,0.000080,0.000081,0.000106,0.000142,0.000170,0.000242,0.000270,0.000331,0.000412,0.000401,0.000333,0.000180,0.000119,0.000063,0.000015,0.000010,0.000034,0.000056,0.000067,0.000050,0.000055,0.000057,0.000072,0.000053,0.000061,0.000195,0.000346
1308,,,,,,,,,,,,,,0.000013,0.000225,0.000225,0.000174,0.000161,0.000180,0.000201,0.000193,0.000164,0.000132,0.000154,0.000133,0.000102,0.000126,0.000131,0.000125,0.000095,0.000096,0.000090,0.000072,0.000071,0.000059,0.000055,0.000037,0.000008,0.000007,0.000038,0.000089,0.000094,0.000077,0.000091,0.000116,0.000129,0.000143,0.000081,0.000252,0.000382
1309,,,,,,,,,,,,,,0.000006,0.000137,0.000122,0.000105,0.000086,0.000089,0.000203,0.000246,0.000189,0.000236,0.000259,0.000217,0.000216,0.000174,0.000144,0.000102,0.000084,0.000071,0.000061,0.000053,0.000049,0.000039,0.000047,0.000052,0.000028,0.000022,0.000104,0.000188,0.000176,0.000189,0.000199,0.000190,0.000130,0.000078,0.000059,0.000116,0.000183
1310,,,,,,,,,,,,,,0.000005,0.000196,0.000193,0.000133,0.000109,0.000152,0.000202,0.000295,0.000355,0.000406,0.000599,0.000529,0.000396,0.000378,0.000285,0.000254,0.000188,0.000159,0.000157,0.000148,0.000138,0.000097,0.000078,0.000067,0.000020,0.000014,0.000042,0.000059,0.000065,0.000077,0.000072,0.000095,0.000082,0.000059,0.000062,0.000134,0.000205
1311,,,,,,,,,,,,,,0.000005,0.000121,0.000108,0.000091,0.000100,0.000120,0.000153,0.000153,0.000125,0.000112,0.000134,0.000104,0.000065,0.000067,0.000049,0.000043,0.000037,0.000046,0.000047,0.000067,0.000113,0.000134,0.000128,0.000086,0.000017,0.000015,0.000036,0.000068,0.000080,0.000086,0.000081,0.000102,0.000109,0.000075,0.000078,0.000201,0.000303
1312,,,,,,,,,,,,,,0.000005,0.000225,0.000205,0.000169,0.000198,0.000234,0.000248,0.000217,0.000182,0.000174,0.000155,0.000126,0.000119,0.000103,0.000084,0.000089,0.000090,0.000089,0.000096,0.000080,0.000069,0.000049,0.000059,0.000039,0.000037,0.000025,0.000073,0.000083,0.000077,0.000105,0.000095,0.000088,0.000085,0.000083,0.000067,0.000141,0.000233
1313,,,,,,,,,,,,,,0.000012,0.000286,0.000285,0.000320,0.000451,0.000623,0.000681,0.000645,0.000617,0.000440,0.000452,0.000384,0.000358,0.000274,0.000239,0.000158,0.000132,0.000095,0.000089,0.000068,0.000059,0.000058,0.000061,0.000044,0.000017,0.000022,0.000084,0.000135,0.000120,0.000103,0.000160,0.000235,0.000256,0.000184,0.000231,0.000337,0.000513
1314,,,,,,,,,,,,,,0.000008,0.000145,0.000137,0.000104,0.000082,0.000104,0.000099,0.000094,0.000082,0.000061,0.000071,0.000061,0.000069,0.000052,0.000052,0.000060,0.000052,0.000049,0.000049,0.000056,0.000052,0.000029,0.000026,0.000025,0.000011,0.000008,0.000048,0.000146,0.000155,0.000137,0.000115,0.000114,0.000106,0.000061,0.000049,0.000150,0.000247
1315,,,,,,,,,,,,,,0.000015,0.000506,0.000437,0.000310,0.000275,0.000265,0.000238,0.000234,0.000212,0.000180,0.000190,0.000159,0.000131,0.000144,0.000119,0.000097,0.000075,0.000058,0.000052,0.000054,0.000056,0.000061,0.000086,0.000095,0.000084,0.000043,0.000089,0.000181,0.000143,0.000126,0.000165,0.000161,0.000149,0.000140,0.000108,0.000110,0.000098
1316,,,,,,,,,,,,,,0.000006,0.000108,0.000075,0.000065,0.000057,0.000064,0.000058,0.000065,0.000040,0.000036,0.000027,0.000034,0.000044,0.000048,0.000059,0.000048,0.000045,0.000048,0.000055,0.000061,0.000060,0.000050,0.000049,0.000039,0.000016,0.000016,0.000060,0.000118,0.000142,0.000122,0.000106,0.000119,0.000116,0.000094,0.000112,0.000340,0.000294
1317,,,,,,,,,,,,,,0.000008,0.000311,0.000293,0.000162,0.000162,0.000171,0.000173,0.000155,0.000129,0.000124,0.000135,0.000125,0.000101,0.000113,0.000102,0.000086,0.000071,0.000074,0.000076,0.000074,0.000091,0.000098,0.000108,0.000112,0.000047,0.000038,0.000077,0.000099,0.000077,0.000061,0.000070,0.000065,0.000067,0.000144,0.000188,0.000110,0.000119
1318,,,,,,,,,,,,,,0.000010,0.000293,0.000298,0.000216,0.000173,0.000216,0.000207,0.000202,0.000185,0.000186,0.000207,0.000183,0.000169,0.000150,0.000126,0.000141,0.000139,0.000125,0.000119,0.000124,0.000120,0.000088,0.000086,0.000063,0.000020,0.000013,0.000040,0.000078,0.000073,0.000050,0.000056,0.000056,0.000066,0.000066,0.000058,0.000082,0.000110
1319,,,,,,,,,,,,,,0.000007,0.000254,0.000409,0.000152,0.000141,0.000149,0.000160,0.000154,0.000110,0.000084,0.000075,0.000073,0.000058,0.000074,0.000069,0.000071,0.000058,0.000046,0.000044,0.000033,0.000044,0.000045,0.000049,0.000041,0.000020,0.000016,0.000059,0.000079,0.000067,0.000054,0.000079,0.000080,0.000061,0.000049,0.000041,0.000050,0.000070
1320,,,,,,,,,,,,,,0.000008,0.000155,0.000169,0.000130,0.000142,0.000159,0.000166,0.000148,0.000140,0.000122,0.000143,0.000132,0.000091,0.000118,0.000120,0.000120,0.000120,0.000129,0.000134,0.000114,0.000107,0.000090,0.000075,0.000055,0.000014,0.000009,0.000053,0.000089,0.000087,0.000085,0.000084,0.000080,0.000082,0.000039,0.000043,0.000111,0.000185
1321,,,,,,,,,,,,,,0.000016,0.000261,0.000219,0.000177,0.000196,0.000258,0.000282,0.000283,0.000244,0.000184,0.000210,0.000209,0.000154,0.000204,0.000217,0.000217,0.000194,0.000179,0.000183,0.000161,0.000162,0.000143,0.000125,0.000096,0.000017,0.000013,0.000074,0.000181,0.000183,0.000181,0.000181,0.000224,0.000263,0.000136,0.000159,0.000535,0.000932
1322,,,,,,,,,,,,,,0.000007,0.000289,0.000225,0.000168,0.000158,0.000175,0.000185,0.000178,0.000158,0.000122,0.000155,0.000142,0.000218,0.000176,0.000207,0.000155,0.000157,0.000125,0.000132,0.000114,0.000106,0.000108,0.000088,0.000054,0.000012,0.000009,0.000037,0.000081,0.000137,0.000167,0.000106,0.000106,0.000160,0.000117,0.000053,0.000111,0.000187
1323,,,,,,,,,,,,,,0.000008,0.000256,0.000315,0.000194,0.000188,0.000200,0.000212,0.000214,0.000149,0.000125,0.000151,0.000121,0.000099,0.000081,0.000065,0.000067,0.000059,0.000053,0.000060,0.000062,0.000066,0.000076,0.000064,0.000055,0.000017,0.000010,0.000042,0.000079,0.000074,0.000067,0.000072,0.000069,0.000075,0.000045,0.000058,0.000121,0.000171
1324,,,,,,,,,,,,,,0.000006,0.000132,0.000088,0.000069,0.000075,0.000088,0.000115,0.000107,0.000140,0.000140,0.000127,0.000116,0.000113,0.000133,0.000117,0.000102,0.000100,0.000090,0.000111,0.000152,0.000143,0.000113,0.000081,0.000055,0.000024,0.000018,0.000054,0.000096,0.000099,0.000095,0.000094,0.000091,0.000078,0.000057,0.000054,0.000100,0.000109
1325,,,,,,,,,,,,,,0.000015,0.000254,0.000279,0.000217,0.000227,0.000299,0.000338,0.000323,0.000266,0.000235,0.000234,0.000209,0.000166,0.000192,0.000196,0.000193,0.000170,0.000156,0.000165,0.000153,0.000158,0.000136,0.000128,0.000089,0.000016,0.000013,0.000082,0.000168,0.000159,0.000132,0.000131,0.000176,0.000162,0.000097,0.000121,0.000408,0.000776
1326,,,,,,,,,,,,,,0.000005,0.000115,0.000151,0.000160,0.000246,0.000352,0.000375,0.000376,0.000285,0.000175,0.000190,0.000139,0.000119,0.000137,0.000152,0.000154,0.000145,0.000132,0.000123,0.000106,0.000098,0.000079,0.000069,0.000051,0.000018,0.000016,0.000054,0.000107,0.000127,0.000096,0.000085,0.000132,0.000109,0.000082,0.000077,0.000203,0.000277
1327,,,,,,,,,,,,,,0.000006,0.000168,0.000160,0.000109,0.000097,0.000141,0.000116,0.000112,0.000111,0.000096,0.000083,0.000072,0.000069,0.000086,0.000081,0.000084,0.000077,0.000047,0.000050,0.000046,0.000052,0.000045,0.000043,0.000037,0.000020,0.000016,0.000036,0.000059,0.000063,0.000065,0.000079,0.000089,0.000079,0.000059,0.000058,0.000108,0.000148
1328,,,,,,,,,,,,,,0.000007,0.000186,0.000198,0.000172,0.000213,0.000264,0.000309,0.000301,0.000252,0.000322,0.000221,0.000182,0.000171,0.000128,0.000112,0.000085,0.000084,0.000071,0.000073,0.000057,0.000038,0.000024,0.000046,0.000044,0.000029,0.000026,0.000078,0.000130,0.000147,0.000177,0.000152,0.000184,0.000211,0.000184,0.000151,0.000306,0.000342
1329,,,,,,,,,,,,,,0.000004,0.000090,0.000067,0.000080,0.000080,0.000113,0.000147,0.000152,0.000183,0.000179,0.000210,0.000211,0.000270,0.000295,0.000275,0.000261,0.000242,0.000214,0.000251,0.000245,0.000241,0.000200,0.000164,0.000129,0.000035,0.000018,0.000051,0.000114,0.000120,0.000148,0.000146,0.000152,0.000147,0.000087,0.000068,0.000159,0.000208
1330,,,,,,,,,,,,,,0.000007,0.000209,0.000248,0.000287,0.000376,0.000463,0.000477,0.000362,0.000280,0.000198,0.000212,0.000175,0.000118,0.000136,0.000144,0.000135,0.000111,0.000100,0.000109,0.000095,0.000084,0.000080,0.000072,0.000048,0.000010,0.000010,0.000040,0.000072,0.000071,0.000068,0.000063,0.000072,0.000074,0.000043,0.000060,0.000138,0.000242
1331,,,,,,,,,,,,,,0.000011,0.000174,0.000144,0.000128,0.000147,0.000189,0.000213,0.000226,0.000217,0.000187,0.000235,0.000229,0.000176,0.000182,0.000173,0.000166,0.000161,0.000142,0.000146,0.000145,0.000174,0.000122,0.000105,0.000077,0.000017,0.000010,0.000066,0.000153,0.000175,0.000198,0.000240,0.000307,0.000330,0.000175,0.000162,0.000453,0.000745
1332,,,,,,,,,,,,,,0.000007,0.000310,0.000359,0.000163,0.000149,0.000172,0.000185,0.000189,0.000154,0.000143,0.000132,0.000104,0.000116,0.000134,0.000124,0.000094,0.000073,0.000056,0.000047,0.000057,0.000060,0.000052,0.000058,0.000049,0.000018,0.000011,0.000046,0.000115,0.000127,0.000129,0.000115,0.000127,0.000149,0.000063,0.000061,0.000132,0.000207
1333,,,,,,,,,,,,,,0.000009,0.000188,0.000182,0.000131,0.000132,0.000130,0.000132,0.000120,0.000119,0.000094,0.000110,0.000095,0.000062,0.000062,0.000079,0.000089,0.000093,0.000086,0.000092,0.000081,0.000086,0.000062,0.000051,0.000064,0.000026,0.000014,0.000079,0.000136,0.000150,0.000135,0.000139,0.000117,0.000070,0.000038,0.000061,0.000161,0.000215
1334,,,,,,,,,,,,,,0.000009,0.000227,0.000247,0.000186,0.000166,0.000185,0.000178,0.000162,0.000151,0.000128,0.000148,0.000110,0.000072,0.000091,0.000077,0.000070,0.000057,0.000055,0.000055,0.000081,0.000077,0.000065,0.000044,0.000031,0.000018,0.000016,0.000048,0.000112,0.000130,0.000079,0.000081,0.000074,0.000069,0.000068,0.000077,0.000115,0.000163
1335,,,,,,,,,,,,,,0.000008,0.000218,0.000181,0.000165,0.000184,0.000252,0.000326,0.000325,0.000318,0.000305,0.000428,0.000411,0.000339,0.000373,0.000332,0.000293,0.000215,0.000186,0.000179,0.000133,0.000127,0.000098,0.000094,0.000069,0.000014,0.000007,0.000044,0.000086,0.000096,0.000101,0.000089,0.000074,0.000087,0.000047,0.000040,0.000115,0.000188
1336,,,,,,,,,,,,,,0.000006,0.000253,0.000338,0.000336,0.000362,0.000485,0.000510,0.000489,0.000450,0.000333,0.000397,0.000318,0.000247,0.000267,0.000233,0.000219,0.000184,0.000177,0.000163,0.000134,0.000128,0.000099,0.000075,0.000062,0.000019,0.000014,0.000052,0.000088,0.000100,0.000086,0.000087,0.000079,0.000084,0.000063,0.000065,0.000074,0.000064
1337,,,,,,,,,,,,,,0.000009,0.000167,0.000179,0.000115,0.000153,0.000191,0.000195,0.000171,0.000130,0.000092,0.000105,0.000104,0.000102,0.000101,0.000101,0.000093,0.000079,0.000093,0.000107,0.000089,0.000076,0.000067,0.000070,0.000049,0.000014,0.000010,0.000049,0.000108,0.000104,0.000092,0.000104,0.000101,0.000116,0.000072,0.000093,0.000205,0.000311
1338,,,,,,,,,,,,,,0.000005,0.000102,0.000085,0.000077,0.000081,0.000103,0.000140,0.000127,0.000097,0.000111,0.000120,0.000111,0.000109,0.000116,0.000127,0.000154,0.000193,0.000303,0.000425,0.000483,0.000479,0.000372,0.000272,0.000145,0.000022,0.000014,0.000057,0.000114,0.000105,0.000089,0.000079,0.000082,0.000073,0.000039,0.000035,0.000095,0.000166
1339,,,,,,,,,,,,,,0.000009,0.000179,0.000177,0.000126,0.000138,0.000169,0.000174,0.000164,0.000163,0.000133,0.000156,0.000138,0.000110,0.000126,0.000134,0.000129,0.000127,0.000120,0.000167,0.000166,0.000152,0.000106,0.000083,0.000053,0.000012,0.000008,0.000048,0.000090,0.000100,0.000093,0.000079,0.000079,0.000077,0.000041,0.000042,0.000111,0.000155
1340,,,,,,,,,,,,,,0.000010,0.000205,0.000190,0.000169,0.000186,0.000215,0.000247,0.000236,0.000212,0.000155,0.000146,0.000116,0.000094,0.000071,0.000054,0.000045,0.000039,0.000046,0.000037,0.000021,0.000031,0.000053,0.000080,0.000073,0.000020,0.000015,0.000093,0.000117,0.000087,0.000074,0.000069,0.000079,0.000067,0.000049,0.000060,0.000079,0.000101
1341,,,,,,,,,,,,,,0.000005,0.000168,0.000126,0.000135,0.000129,0.000160,0.000190,0.000179,0.000178,0.000154,0.000173,0.000163,0.000133,0.000160,0.000171,0.000189,0.000170,0.000128,0.000153,0.000107,0.000102,0.000078,0.000079,0.000056,0.000024,0.000013,0.000035,0.000067,0.000100,0.000095,0.000076,0.000088,0.000090,0.000057,0.000052,0.000062,0.000074
1342,,,,,,,,,,,,,,0.000012,0.000184,0.000151,0.000130,0.000126,0.000172,0.000187,0.000182,0.000147,0.000108,0.000125,0.000109,0.000098,0.000096,0.000081,0.000070,0.000063,0.000079,0.000084,0.000086,0.000089,0.000091,0.000087,0.000068,0.000016,0.000010,0.000055,0.000115,0.000117,0.000104,0.000089,0.000103,0.000104,0.000070,0.000061,0.000197,0.000417
1343,,,,,,,,,,,,,,0.000009,0.000221,0.000173,0.000147,0.000125,0.000154,0.000168,0.000129,0.000120,0.000107,0.000099,0.000092,0.000100,0.000102,0.000092,0.000088,0.000085,0.000066,0.000063,0.000045,0.000046,0.000036,0.000030,0.000027,0.000018,0.000013,0.000043,0.000105,0.000105,0.000093,0.000090,0.000109,0.000160,0.000106,0.000059,0.000099,0.000127
1344,,,,,,,,,,,,,,0.000006,0.000155,0.000134,0.000115,0.000131,0.000158,0.000185,0.000148,0.000145,0.000115,0.000119,0.000107,0.000111,0.000085,0.000073,0.000068,0.000057,0.000050,0.000052,0.000057,0.000056,0.000072,0.000066,0.000052,0.000022,0.000019,0.000067,0.000089,0.000097,0.000124,0.000125,0.000101,0.000072,0.000054,0.000047,0.000090,0.000142
1345,,,,,,,,,,,,,,0.000015,0.000359,0.000331,0.000295,0.000286,0.000305,0.000327,0.000312,0.000275,0.000270,0.000332,0.000319,0.000300,0.000316,0.000311,0.000327,0.000293,0.000295,0.000313,0.000309,0.000330,0.000303,0.000294,0.000238,0.000060,0.000031,0.000105,0.000172,0.000165,0.000158,0.000165,0.000154,0.000138,0.000085,0.000036,0.000132,0.000229
1346,,,,,,,,,,,,,,0.000008,0.000152,0.000161,0.000114,0.000109,0.000133,0.000136,0.000136,0.000116,0.000090,0.000116,0.000110,0.000093,0.000087,0.000092,0.000092,0.000064,0.000052,0.000056,0.000050,0.000041,0.000031,0.000042,0.000043,0.000016,0.000010,0.000045,0.000121,0.000134,0.000106,0.000104,0.000106,0.000103,0.000059,0.000066,0.000141,0.000218
1347,,,,,,,,,,,,,,0.000003,0.000086,0.000082,0.000069,0.000065,0.000100,0.000116,0.000133,0.000146,0.000179,0.000240,0.000256,0.000262,0.000290,0.000270,0.000269,0.000212,0.000186,0.000174,0.000140,0.000121,0.000106,0.000088,0.000063,0.000025,0.000015,0.000046,0.000079,0.000085,0.000073,0.000093,0.000108,0.000081,0.000137,0.000115,0.000074,0.000088
1348,,,,,,,,,,,,,,0.000009,0.000188,0.000185,0.000120,0.000129,0.000161,0.000185,0.000179,0.000150,0.000116,0.000127,0.000109,0.000106,0.000106,0.000128,0.000147,0.000133,0.000138,0.000150,0.000137,0.000136,0.000092,0.000066,0.000061,0.000019,0.000012,0.000051,0.000097,0.000100,0.000090,0.000077,0.000058,0.000056,0.000033,0.000032,0.000048,0.000096
1349,,,,,,,,,,,,,,0.000016,0.000290,0.000315,0.000173,0.000173,0.000230,0.000223,0.000185,0.000142,0.000113,0.000136,0.000104,0.000090,0.000086,0.000076,0.000070,0.000062,0.000061,0.000065,0.000054,0.000050,0.000047,0.000046,0.000043,0.000018,0.000010,0.000042,0.000071,0.000079,0.000099,0.000116,0.000100,0.000095,0.000038,0.000039,0.000096,0.000222
1350,,,,,,,,,,,,,,0.000009,0.000252,0.000243,0.000193,0.000185,0.000234,0.000254,0.000284,0.000234,0.000220,0.000272,0.000248,0.000218,0.000211,0.000190,0.000156,0.000137,0.000114,0.000110,0.000100,0.000156,0.000188,0.000201,0.000143,0.000032,0.000022,0.000095,0.000119,0.000137,0.000142,0.000147,0.000145,0.000125,0.000057,0.000057,0.000112,0.000191
1351,,,,,,,,,,,,,,0.000005,0.000113,0.000088,0.000063,0.000079,0.000097,0.000092,0.000088,0.000076,0.000062,0.000073,0.000073,0.000067,0.000080,0.000066,0.000059,0.000051,0.000052,0.000063,0.000065,0.000062,0.000071,0.000073,0.000074,0.000041,0.000024,0.000082,0.000104,0.000105,0.000071,0.000083,0.000095,0.000085,0.000069,0.000058,0.000067,0.000082
1352,,,,,,,,,,,,,,0.000005,0.000120,0.000116,0.000096,0.000091,0.000107,0.000128,0.000115,0.000127,0.000130,0.000188,0.000201,0.000173,0.000196,0.000166,0.000156,0.000116,0.000095,0.000115,0.000118,0.000108,0.000080,0.000073,0.000051,0.000024,0.000013,0.000071,0.000157,0.000144,0.000089,0.000073,0.000060,0.000045,0.000027,0.000019,0.000024,0.000036
1353,,,,,,,,,,,,,,0.000010,0.000192,0.000194,0.000134,0.000134,0.000199,0.000303,0.000266,0.000278,0.000255,0.000314,0.000302,0.000283,0.000354,0.000327,0.000303,0.000248,0.000202,0.000210,0.000184,0.000166,0.000111,0.000096,0.000063,0.000013,0.000010,0.000065,0.000138,0.000151,0.000136,0.000129,0.000134,0.000127,0.000065,0.000069,0.000217,0.000371
1354,,,,,,,,,,,,,,0.000012,0.000353,0.000288,0.000208,0.000191,0.000229,0.000227,0.000203,0.000204,0.000150,0.000201,0.000194,0.000169,0.000202,0.000222,0.000250,0.000234,0.000209,0.000126,0.000087,0.000069,0.000060,0.000068,0.000035,0.000010,0.000007,0.000030,0.000071,0.000165,0.000142,0.000099,0.000121,0.000140,0.000104,0.000111,0.000304,0.000544
1355,,,,,,,,,,,,,,0.000008,0.000197,0.000192,0.000126,0.000169,0.000291,0.000508,0.000601,0.000602,0.000444,0.000662,0.000575,0.000467,0.000476,0.000411,0.000357,0.000269,0.000202,0.000187,0.000154,0.000137,0.000101,0.000089,0.000079,0.000019,0.000015,0.000100,0.000197,0.000191,0.000150,0.000154,0.000138,0.000131,0.000068,0.000052,0.000143,0.000229
1356,,,,,,,,,,,,,,0.000024,0.000577,0.000531,0.000395,0.000404,0.000474,0.000497,0.000376,0.000291,0.000232,0.000270,0.000240,0.000202,0.000202,0.000202,0.000196,0.000153,0.000141,0.000131,0.000108,0.000110,0.000079,0.000081,0.000052,0.000015,0.000011,0.000043,0.000060,0.000058,0.000041,0.000040,0.000035,0.000028,0.000027,0.000040,0.000126,0.000259
1357,,,,,,,,,,,,,,0.000006,0.000174,0.000164,0.000113,0.000106,0.000134,0.000127,0.000121,0.000096,0.000086,0.000075,0.000078,0.000069,0.000060,0.000049,0.000039,0.000037,0.000041,0.000042,0.000051,0.000049,0.000047,0.000056,0.000053,0.000026,0.000018,0.000048,0.000067,0.000058,0.000064,0.000083,0.000088,0.000079,0.000071,0.000052,0.000072,0.000078
1358,,,,,,,,,,,,,,0.000009,0.000314,0.000404,0.000348,0.000440,0.000621,0.000730,0.000695,0.000618,0.000521,0.000573,0.000461,0.000352,0.000339,0.000293,0.000279,0.000223,0.000197,0.000175,0.000136,0.000120,0.000086,0.000065,0.000036,0.000012,0.000008,0.000037,0.000075,0.000083,0.000058,0.000067,0.000048,0.000049,0.000036,0.000047,0.000143,0.000152
1359,,,,,,,,,,,,,,0.000005,0.000149,0.000156,0.000118,0.000108,0.000141,0.000164,0.000190,0.000177,0.000153,0.000231,0.000232,0.000180,0.000197,0.000185,0.000168,0.000132,0.000114,0.000105,0.000098,0.000097,0.000072,0.000055,0.000039,0.000011,0.000008,0.000036,0.000110,0.000120,0.000129,0.000104,0.000106,0.000095,0.000047,0.000054,0.000120,0.000205
1360,,,,,,,,,,,,,,0.000005,0.000102,0.000083,0.000082,0.000096,0.000113,0.000089,0.000094,0.000100,0.000089,0.000081,0.000074,0.000073,0.000072,0.000063,0.000057,0.000049,0.000049,0.000059,0.000076,0.000101,0.000092,0.000092,0.000053,0.000019,0.000015,0.000058,0.000083,0.000088,0.000067,0.000066,0.000074,0.000081,0.000119,0.000059,0.000074,0.000124
1361,,,,,,,,,,,,,,0.000005,0.000194,0.000176,0.000109,0.000107,0.000117,0.000142,0.000141,0.000159,0.000155,0.000206,0.000228,0.000223,0.000233,0.000235,0.000196,0.000146,0.000115,0.000103,0.000080,0.000084,0.000065,0.000064,0.000040,0.000010,0.000008,0.000090,0.000162,0.000164,0.000166,0.000173,0.000180,0.000148,0.000066,0.000052,0.000149,0.000264
1362,,,,,,,,,,,,,,0.000004,0.000141,0.000129,0.000110,0.000116,0.000147,0.000176,0.000172,0.000174,0.000164,0.000199,0.000187,0.000155,0.000160,0.000150,0.000142,0.000134,0.000150,0.000223,0.000275,0.000311,0.000221,0.000161,0.000090,0.000020,0.000010,0.000044,0.000099,0.000085,0.000063,0.000057,0.000066,0.000057,0.000032,0.000023,0.000076,0.000113
1363,,,,,,,,,,,,,,0.000008,0.000178,0.000164,0.000156,0.000181,0.000237,0.000251,0.000225,0.000184,0.000159,0.000188,0.000162,0.000140,0.000144,0.000133,0.000156,0.000146,0.000148,0.000161,0.000131,0.000121,0.000117,0.000111,0.000072,0.000015,0.000009,0.000059,0.000130,0.000118,0.000108,0.000088,0.000105,0.000113,0.000043,0.000080,0.000170,0.000272
1364,,,,,,,,,,,,,,0.000012,0.000381,0.000389,0.000313,0.000341,0.000344,0.000324,0.000294,0.000199,0.000160,0.000150,0.000140,0.000118,0.000128,0.000125,0.000118,0.000092,0.000083,0.000080,0.000060,0.000075,0.000077,0.000084,0.000060,0.000020,0.000013,0.000068,0.000120,0.000080,0.000077,0.000104,0.000098,0.000089,0.000050,0.000043,0.000128,0.000191
1365,,,,,,,,,,,,,,0.000005,0.000198,0.000217,0.000166,0.000177,0.000204,0.000231,0.000215,0.000219,0.000160,0.000199,0.000186,0.000162,0.000177,0.000173,0.000175,0.000145,0.000148,0.000143,0.000124,0.000117,0.000097,0.000086,0.000066,0.000014,0.000009,0.000078,0.000114,0.000098,0.000072,0.000077,0.000085,0.000063,0.000035,0.000021,0.000056,0.000105
1366,,,,,,,,,,,,,,0.000009,0.000243,0.000223,0.000228,0.000278,0.000364,0.000410,0.000417,0.000367,0.000283,0.000338,0.000275,0.000220,0.000244,0.000234,0.000238,0.000213,0.000199,0.000201,0.000167,0.000184,0.000144,0.000117,0.000079,0.000019,0.000014,0.000097,0.000206,0.000193,0.000192,0.000145,0.000170,0.000171,0.000072,0.000071,0.000227,0.000376
1367,,,,,,,,,,,,,,0.000007,0.000230,0.000249,0.000175,0.000185,0.000191,0.000215,0.000188,0.000170,0.000118,0.000127,0.000134,0.000121,0.000114,0.000102,0.000107,0.000093,0.000095,0.000091,0.000091,0.000091,0.000076,0.000089,0.000078,0.000046,0.000025,0.000096,0.000150,0.000133,0.000120,0.000092,0.000066,0.000055,0.000042,0.000060,0.000080,0.000112
1368,,,,,,,,,,,,,,0.000005,0.000105,0.000086,0.000083,0.000085,0.000117,0.000136,0.000134,0.000112,0.000097,0.000116,0.000109,0.000098,0.000111,0.000106,0.000110,0.000102,0.000100,0.000117,0.000122,0.000150,0.000120,0.000103,0.000072,0.000018,0.000011,0.000046,0.000081,0.000064,0.000051,0.000062,0.000087,0.000087,0.000098,0.000048,0.000095,0.000152
1369,,,,,,,,,,,,,,0.000013,0.000288,0.000278,0.000283,0.000293,0.000331,0.000350,0.000323,0.000298,0.000259,0.000308,0.000278,0.000209,0.000236,0.000215,0.000200,0.000175,0.000162,0.000153,0.000125,0.000118,0.000089,0.000077,0.000050,0.000011,0.000010,0.000060,0.000116,0.000111,0.000089,0.000081,0.000080,0.000063,0.000049,0.000051,0.000161,0.000261
1370,,,,,,,,,,,,,,0.000006,0.000134,0.000126,0.000110,0.000117,0.000131,0.000153,0.000159,0.000148,0.000170,0.000128,0.000127,0.000107,0.000107,0.000091,0.000102,0.000118,0.000148,0.000235,0.000369,0.000471,0.000392,0.000249,0.000118,0.000032,0.000019,0.000044,0.000047,0.000058,0.000042,0.000063,0.000076,0.000080,0.000076,0.000076,0.000114,0.000094
1371,,,,,,,,,,,,,,0.000005,0.000130,0.000171,0.000086,0.000090,0.000119,0.000133,0.000128,0.000112,0.000084,0.000117,0.000104,0.000119,0.000131,0.000110,0.000135,0.000128,0.000117,0.000142,0.000180,0.000242,0.000295,0.000343,0.000220,0.000034,0.000013,0.000072,0.000142,0.000145,0.000122,0.000114,0.000107,0.000106,0.000058,0.000079,0.000131,0.000167
1372,,,,,,,,,,,,,,0.000008,0.000190,0.000188,0.000120,0.000121,0.000150,0.000144,0.000161,0.000150,0.000132,0.000190,0.000187,0.000175,0.000195,0.000203,0.000237,0.000258,0.000344,0.000495,0.000526,0.000479,0.000295,0.000232,0.000154,0.000022,0.000012,0.000055,0.000123,0.000096,0.000101,0.000107,0.000091,0.000096,0.000057,0.000079,0.000194,0.000320
1373,,,,,,,,,,,,,,0.000004,0.000111,0.000092,0.000066,0.000072,0.000102,0.000123,0.000140,0.000112,0.000100,0.000130,0.000113,0.000096,0.000093,0.000118,0.000143,0.000136,0.000131,0.000142,0.000106,0.000088,0.000062,0.000056,0.000052,0.000018,0.000015,0.000050,0.000110,0.000136,0.000140,0.000150,0.000139,0.000108,0.000073,0.000049,0.000091,0.000119
1374,,,,,,,,,,,,,,0.000009,0.000200,0.000174,0.000132,0.000123,0.000176,0.000176,0.000136,0.000129,0.000134,0.000121,0.000103,0.000111,0.000121,0.000123,0.000132,0.000129,0.000108,0.000102,0.000082,0.000075,0.000073,0.000047,0.000045,0.000019,0.000013,0.000047,0.000101,0.000124,0.000119,0.000097,0.000090,0.000077,0.000060,0.000052,0.000132,0.000166
1375,,,,,,,,,,,,,,0.000007,0.000106,0.000101,0.000105,0.000105,0.000149,0.000166,0.000141,0.000161,0.000132,0.000177,0.000168,0.000152,0.000142,0.000149,0.000174,0.000177,0.000192,0.000200,0.000165,0.000155,0.000108,0.000098,0.000066,0.000016,0.000010,0.000063,0.000140,0.000142,0.000126,0.000129,0.000129,0.000126,0.000076,0.000049,0.000166,0.000286
1376,,,,,,,,,,,,,,0.000006,0.000155,0.000113,0.000108,0.000094,0.000117,0.000136,0.000126,0.000110,0.000077,0.000087,0.000081,0.000071,0.000063,0.000068,0.000077,0.000068,0.000082,0.000087,0.000093,0.000102,0.000094,0.000104,0.000077,0.000034,0.000017,0.000078,0.000127,0.000099,0.000090,0.000070,0.000057,0.000049,0.000037,0.000036,0.000051,0.000089
1377,,,,,,,,,,,,,,0.000004,0.000105,0.000118,0.000134,0.000161,0.000194,0.000223,0.000211,0.000147,0.000111,0.000138,0.000120,0.000099,0.000119,0.000115,0.000098,0.000086,0.000086,0.000099,0.000091,0.000105,0.000084,0.000071,0.000058,0.000043,0.000025,0.000060,0.000119,0.000113,0.000090,0.000102,0.000113,0.000092,0.000048,0.000036,0.000078,0.000138
1378,,,,,,,,,,,,,,0.000011,0.000271,0.000280,0.000170,0.000184,0.000197,0.000221,0.000193,0.000172,0.000160,0.000182,0.000175,0.000158,0.000138,0.000128,0.000108,0.000071,0.000063,0.000052,0.000061,0.000064,0.000071,0.000059,0.000048,0.000030,0.000021,0.000044,0.000076,0.000076,0.000077,0.000073,0.000087,0.000084,0.000054,0.000057,0.000100,0.000176
1379,,,,,,,,,,,,,,0.000020,0.000389,0.000415,0.000291,0.000258,0.000284,0.000278,0.000264,0.000201,0.000201,0.000189,0.000172,0.000157,0.000162,0.000175,0.000194,0.000173,0.000186,0.000158,0.000119,0.000110,0.000070,0.000061,0.000044,0.000014,0.000008,0.000042,0.000083,0.000074,0.000088,0.000096,0.000133,0.000157,0.000085,0.000095,0.000371,0.000728
1380,,,,,,,,,,,,,,0.000004,0.000091,0.000075,0.000074,0.000079,0.000091,0.000113,0.000119,0.000119,0.000097,0.000136,0.000147,0.000104,0.000113,0.000103,0.000087,0.000068,0.000070,0.000059,0.000053,0.000051,0.000043,0.000039,0.000033,0.000018,0.000013,0.000048,0.000075,0.000067,0.000063,0.000087,0.000080,0.000065,0.000051,0.000045,0.000078,0.000107
1381,,,,,,,,,,,,,,0.000004,0.000104,0.000084,0.000065,0.000078,0.000118,0.000123,0.000119,0.000109,0.000142,0.000217,0.000257,0.000305,0.000408,0.000404,0.000378,0.000266,0.000182,0.000148,0.000112,0.000086,0.000057,0.000047,0.000031,0.000017,0.000011,0.000037,0.000045,0.000044,0.000048,0.000056,0.000059,0.000033,0.000054,0.000054,0.000057,0.000056
1382,,,,,,,,,,,,,,0.000007,0.000208,0.000189,0.000142,0.000141,0.000145,0.000152,0.000142,0.000132,0.000137,0.000130,0.000134,0.000118,0.000074,0.000069,0.000060,0.000065,0.000051,0.000040,0.000042,0.000049,0.000058,0.000075,0.000087,0.000058,0.000041,0.000102,0.000140,0.000152,0.000143,0.000132,0.000123,0.000097,0.000115,0.000088,0.000129,0.000081
1383,,,,,,,,,,,,,,0.000004,0.000140,0.000129,0.000105,0.000108,0.000133,0.000132,0.000118,0.000101,0.000085,0.000104,0.000092,0.000072,0.000085,0.000079,0.000074,0.000061,0.000045,0.000049,0.000051,0.000063,0.000064,0.000058,0.000048,0.000021,0.000013,0.000044,0.000076,0.000085,0.000097,0.000101,0.000115,0.000127,0.000106,0.000052,0.000107,0.000159
1384,,,,,,,,,,,,,,0.000003,0.000133,0.000093,0.000059,0.000061,0.000083,0.000106,0.000120,0.000108,0.000104,0.000122,0.000118,0.000097,0.000101,0.000108,0.000094,0.000078,0.000062,0.000064,0.000062,0.000071,0.000061,0.000059,0.000059,0.000024,0.000011,0.000062,0.000123,0.000118,0.000116,0.000112,0.000121,0.000085,0.000041,0.000033,0.000091,0.000122
1385,,,,,,,,,,,,,,0.000004,0.000084,0.000094,0.000080,0.000064,0.000060,0.000096,0.000100,0.000090,0.000083,0.000082,0.000082,0.000087,0.000107,0.000099,0.000103,0.000081,0.000077,0.000090,0.000072,0.000064,0.000075,0.000058,0.000068,0.000023,0.000017,0.000065,0.000092,0.000101,0.000095,0.000096,0.000106,0.000091,0.000060,0.000059,0.000107,0.000148
1386,,,,,,,,,,,,,,0.000009,0.000224,0.000195,0.000181,0.000192,0.000237,0.000247,0.000229,0.000197,0.000138,0.000174,0.000132,0.000107,0.000106,0.000095,0.000095,0.000092,0.000136,0.000091,0.000096,0.000080,0.000072,0.000054,0.000061,0.000040,0.000020,0.000061,0.000087,0.000098,0.000091,0.000085,0.000079,0.000070,0.000055,0.000038,0.000077,0.000099
1387,,,,,,,,,,,,,,0.000007,0.000253,0.000205,0.000185,0.000138,0.000177,0.000203,0.000179,0.000171,0.000121,0.000142,0.000127,0.000112,0.000106,0.000089,0.000096,0.000109,0.000106,0.000090,0.000100,0.000103,0.000080,0.000079,0.000054,0.000019,0.000017,0.000042,0.000082,0.000102,0.000080,0.000105,0.000124,0.000135,0.000089,0.000067,0.000148,0.000236
1388,,,,,,,,,,,,,,0.000018,0.000319,0.000266,0.000208,0.000229,0.000289,0.000322,0.000325,0.000247,0.000222,0.000215,0.000171,0.000150,0.000121,0.000091,0.000064,0.000044,0.000041,0.000028,0.000044,0.000077,0.000089,0.000082,0.000057,0.000032,0.000018,0.000069,0.000110,0.000119,0.000122,0.000124,0.000128,0.000106,0.000094,0.000090,0.000237,0.000480
1389,,,,,,,,,,,,,,0.000006,0.000150,0.000155,0.000111,0.000117,0.000142,0.000171,0.000167,0.000160,0.000128,0.000164,0.000157,0.000123,0.000145,0.000143,0.000165,0.000154,0.000172,0.000192,0.000183,0.000148,0.000097,0.000070,0.000048,0.000022,0.000007,0.000043,0.000071,0.000072,0.000071,0.000075,0.000077,0.000092,0.000042,0.000052,0.000089,0.000136
1390,,,,,,,,,,,,,,0.000008,0.000180,0.000159,0.000132,0.000133,0.000172,0.000177,0.000160,0.000139,0.000120,0.000118,0.000094,0.000076,0.000074,0.000064,0.000062,0.000057,0.000048,0.000056,0.000042,0.000030,0.000024,0.000022,0.000038,0.000025,0.000012,0.000038,0.000090,0.000115,0.000123,0.000123,0.000145,0.000142,0.000076,0.000053,0.000174,0.000321
1391,,,,,,,,,,,,,,0.000005,0.000138,0.000151,0.000113,0.000130,0.000152,0.000150,0.000140,0.000161,0.000147,0.000195,0.000206,0.000278,0.000258,0.000252,0.000210,0.000179,0.000140,0.000132,0.000119,0.000112,0.000095,0.000105,0.000065,0.000018,0.000012,0.000042,0.000088,0.000086,0.000073,0.000066,0.000051,0.000046,0.000028,0.000034,0.000060,0.000079
1392,,,,,,,,,,,,,,0.000010,0.000316,0.000288,0.000206,0.000203,0.000198,0.000183,0.000143,0.000125,0.000124,0.000128,0.000127,0.000119,0.000143,0.000171,0.000196,0.000128,0.000100,0.000041,0.000030,0.000037,0.000056,0.000094,0.000089,0.000047,0.000029,0.000072,0.000143,0.000152,0.000172,0.000231,0.000189,0.000136,0.000096,0.000104,0.000156,0.000162
1393,,,,,,,,,,,,,,0.000006,0.000173,0.000167,0.000109,0.000131,0.000204,0.000262,0.000212,0.000188,0.000176,0.000189,0.000183,0.000157,0.000175,0.000176,0.000178,0.000154,0.000162,0.000145,0.000123,0.000128,0.000147,0.000105,0.000079,0.000018,0.000010,0.000049,0.000113,0.000130,0.000115,0.000111,0.000115,0.000122,0.000062,0.000091,0.000214,0.000254
1394,,,,,,,,,,,,,,0.000005,0.000114,0.000107,0.000104,0.000117,0.000152,0.000223,0.000256,0.000178,0.000118,0.000122,0.000107,0.000104,0.000092,0.000086,0.000084,0.000080,0.000070,0.000077,0.000076,0.000084,0.000069,0.000071,0.000073,0.000033,0.000019,0.000055,0.000081,0.000070,0.000068,0.000055,0.000076,0.000081,0.000067,0.000050,0.000090,0.000145
1395,,,,,,,,,,,,,,0.000006,0.000180,0.000175,0.000122,0.000129,0.000152,0.000165,0.000165,0.000122,0.000119,0.000145,0.000132,0.000123,0.000108,0.000099,0.000100,0.000072,0.000089,0.000078,0.000062,0.000065,0.000054,0.000052,0.000045,0.000019,0.000014,0.000037,0.000057,0.000067,0.000060,0.000056,0.000043,0.000042,0.000028,0.000034,0.000060,0.000096
1396,,,,,,,,,,,,,,0.000008,0.000163,0.000161,0.000132,0.000152,0.000160,0.000148,0.000153,0.000180,0.000157,0.000193,0.000155,0.000136,0.000135,0.000136,0.000142,0.000118,0.000129,0.000151,0.000130,0.000126,0.000105,0.000093,0.000053,0.000013,0.000009,0.000043,0.000093,0.000084,0.000093,0.000102,0.000092,0.000070,0.000029,0.000094,0.000105,0.000153
1397,,,,,,,,,,,,,,0.000005,0.000151,0.000155,0.000107,0.000118,0.000136,0.000146,0.000133,0.000116,0.000097,0.000123,0.000109,0.000099,0.000082,0.000066,0.000070,0.000063,0.000075,0.000076,0.000070,0.000075,0.000070,0.000068,0.000060,0.000029,0.000025,0.000073,0.000115,0.000115,0.000093,0.000076,0.000069,0.000057,0.000045,0.000053,0.000092,0.000077
1398,,,,,,,,,,,,,,0.000007,0.000247,0.000279,0.000213,0.000225,0.000236,0.000275,0.000271,0.000266,0.000256,0.000248,0.000212,0.000174,0.000179,0.000135,0.000116,0.000086,0.000070,0.000078,0.000087,0.000104,0.000143,0.000141,0.000093,0.000039,0.000024,0.000069,0.000090,0.000080,0.000073,0.000074,0.000087,0.000091,0.000071,0.000058,0.000056,0.000063
1399,,,,,,,,,,,,,,0.000010,0.000215,0.000223,0.000190,0.000186,0.000198,0.000199,0.000207,0.000163,0.000158,0.000156,0.000146,0.000133,0.000115,0.000106,0.000097,0.000076,0.000058,0.000050,0.000042,0.000040,0.000041,0.000058,0.000053,0.000025,0.000020,0.000061,0.000115,0.000112,0.000093,0.000096,0.000092,0.000106,0.000101,0.000068,0.000123,0.000215
1400,,,,,,,,,,,,,,0.000006,0.000168,0.000172,0.000116,0.000119,0.000126,0.000114,0.000081,0.000110,0.000100,0.000114,0.000100,0.000140,0.000107,0.000095,0.000072,0.000053,0.000038,0.000044,0.000045,0.000060,0.000085,0.000145,0.000154,0.000066,0.000044,0.000139,0.000275,0.000296,0.000321,0.000312,0.000294,0.000239,0.000151,0.000083,0.000170,0.000158
1401,,,,,,,,,,,,,,0.000004,0.000125,0.000098,0.000099,0.000100,0.000134,0.000140,0.000142,0.000138,0.000147,0.000211,0.000216,0.000172,0.000194,0.000169,0.000162,0.000130,0.000129,0.000132,0.000117,0.000109,0.000096,0.000097,0.000067,0.000015,0.000013,0.000072,0.000140,0.000133,0.000123,0.000115,0.000098,0.000083,0.000046,0.000043,0.000130,0.000175
1402,,,,,,,,,,,,,,0.000004,0.000155,0.000114,0.000091,0.000108,0.000112,0.000114,0.000124,0.000140,0.000144,0.000143,0.000131,0.000124,0.000127,0.000117,0.000109,0.000092,0.000085,0.000086,0.000084,0.000083,0.000075,0.000064,0.000056,0.000034,0.000021,0.000064,0.000099,0.000106,0.000107,0.000146,0.000153,0.000189,0.000137,0.000136,0.000161,0.000226
1403,,,,,,,,,,,,,,0.000006,0.000137,0.000139,0.000117,0.000133,0.000176,0.000201,0.000199,0.000152,0.000123,0.000168,0.000155,0.000129,0.000136,0.000123,0.000121,0.000097,0.000079,0.000092,0.000086,0.000089,0.000098,0.000097,0.000084,0.000022,0.000016,0.000074,0.000137,0.000117,0.000123,0.000115,0.000130,0.000144,0.000056,0.000060,0.000130,0.000195
1404,,,,,,,,,,,,,,0.000017,0.000443,0.000373,0.000261,0.000235,0.000282,0.000256,0.000241,0.000200,0.000154,0.000201,0.000177,0.000151,0.000166,0.000146,0.000140,0.000112,0.000103,0.000096,0.000076,0.000064,0.000051,0.000062,0.000069,0.000025,0.000014,0.000047,0.000107,0.000123,0.000095,0.000070,0.000062,0.000056,0.000046,0.000032,0.000045,0.000106
1405,,,,,,,,,,,,,,0.000011,0.000303,0.000262,0.000246,0.000222,0.000267,0.000297,0.000312,0.000241,0.000203,0.000243,0.000218,0.000205,0.000178,0.000146,0.000121,0.000109,0.000097,0.000095,0.000083,0.000089,0.000071,0.000108,0.000067,0.000019,0.000013,0.000047,0.000063,0.000068,0.000072,0.000114,0.000076,0.000084,0.000108,0.000076,0.000178,0.000269
1406,,,,,,,,,,,,,,0.000004,0.000097,0.000093,0.000074,0.000075,0.000089,0.000107,0.000105,0.000098,0.000097,0.000087,0.000095,0.000086,0.000092,0.000092,0.000102,0.000106,0.000099,0.000085,0.000085,0.000081,0.000062,0.000063,0.000049,0.000023,0.000018,0.000047,0.000075,0.000084,0.000079,0.000091,0.000120,0.000117,0.000073,0.000043,0.000076,0.000056
1407,,,,,,,,,,,,,,0.000005,0.000153,0.000142,0.000151,0.000146,0.000140,0.000158,0.000163,0.000129,0.000120,0.000131,0.000113,0.000093,0.000093,0.000096,0.000103,0.000076,0.000085,0.000103,0.000086,0.000081,0.000078,0.000096,0.000088,0.000021,0.000013,0.000074,0.000156,0.000140,0.000109,0.000089,0.000101,0.000083,0.000048,0.000040,0.000119,0.000171
1408,,,,,,,,,,,,,,0.000009,0.000161,0.000176,0.000144,0.000153,0.000214,0.000232,0.000219,0.000176,0.000147,0.000162,0.000138,0.000117,0.000116,0.000121,0.000122,0.000086,0.000082,0.000081,0.000077,0.000072,0.000068,0.000067,0.000047,0.000016,0.000013,0.000046,0.000088,0.000117,0.000120,0.000121,0.000109,0.000080,0.000057,0.000039,0.000092,0.000172
1409,,,,,,,,,,,,,,0.000007,0.000133,0.000141,0.000070,0.000064,0.000069,0.000089,0.000257,0.000234,0.000104,0.000085,0.000066,0.000071,0.000071,0.000088,0.000079,0.000114,0.000078,0.000086,0.000118,0.000100,0.000071,0.000054,0.000041,0.000021,0.000015,0.000061,0.000124,0.000240,0.000244,0.000211,0.000253,0.000276,0.000181,0.000151,0.000246,0.000273
1410,,,,,,,,,,,,,,0.000007,0.000168,0.000149,0.000129,0.000134,0.000181,0.000246,0.000272,0.000245,0.000219,0.000294,0.000254,0.000223,0.000218,0.000194,0.000182,0.000140,0.000112,0.000104,0.000100,0.000113,0.000094,0.000088,0.000057,0.000014,0.000010,0.000033,0.000059,0.000044,0.000048,0.000077,0.000072,0.000069,0.000058,0.000055,0.000179,0.000169
1411,,,,,,,,,,,,,,0.000005,0.000112,0.000093,0.000086,0.000083,0.000097,0.000095,0.000101,0.000094,0.000122,0.000134,0.000114,0.000099,0.000113,0.000106,0.000101,0.000103,0.000107,0.000122,0.000124,0.000116,0.000100,0.000101,0.000085,0.000028,0.000013,0.000052,0.000094,0.000078,0.000056,0.000048,0.000057,0.000067,0.000028,0.000027,0.000031,0.000077
1412,,,,,,,,,,,,,,0.000015,0.000412,0.000415,0.000339,0.000273,0.000319,0.000318,0.000323,0.000227,0.000172,0.000222,0.000203,0.000163,0.000175,0.000145,0.000127,0.000103,0.000126,0.000127,0.000112,0.000106,0.000103,0.000088,0.000069,0.000030,0.000023,0.000076,0.000119,0.000099,0.000107,0.000148,0.000132,0.000171,0.000093,0.000114,0.000144,0.000161
1413,,,,,,,,,,,,,,0.000007,0.000151,0.000133,0.000086,0.000099,0.000164,0.000184,0.000195,0.000197,0.000174,0.000203,0.000192,0.000165,0.000159,0.000155,0.000151,0.000125,0.000120,0.000128,0.000103,0.000099,0.000085,0.000071,0.000050,0.000010,0.000011,0.000052,0.000137,0.000161,0.000101,0.000096,0.000110,0.000095,0.000098,0.000144,0.000180,0.000305
1414,,,,,,,,,,,,,,0.000006,0.000143,0.000139,0.000116,0.000097,0.000095,0.000110,0.000105,0.000096,0.000112,0.000164,0.000180,0.000158,0.000190,0.000131,0.000097,0.000062,0.000043,0.000046,0.000056,0.000113,0.000168,0.000249,0.000240,0.000070,0.000035,0.000072,0.000106,0.000072,0.000059,0.000048,0.000049,0.000082,0.000052,0.000084,0.000066,0.000087
1415,,,,,,,,,,,,,,0.000006,0.000134,0.000139,0.000094,0.000092,0.000096,0.000111,0.000105,0.000111,0.000120,0.000132,0.000118,0.000101,0.000105,0.000078,0.000065,0.000052,0.000038,0.000036,0.000041,0.000043,0.000042,0.000049,0.000048,0.000019,0.000015,0.000040,0.000073,0.000088,0.000105,0.000145,0.000134,0.000122,0.000129,0.000109,0.000116,0.000168
1416,,,,,,,,,,,,,,0.000006,0.000151,0.000169,0.000121,0.000140,0.000186,0.000215,0.000197,0.000205,0.000189,0.000261,0.000264,0.000203,0.000251,0.000241,0.000231,0.000200,0.000206,0.000247,0.000268,0.000259,0.000173,0.000143,0.000111,0.000029,0.000013,0.000063,0.000158,0.000164,0.000135,0.000115,0.000129,0.000108,0.000061,0.000062,0.000175,0.000289
1417,,,,,,,,,,,,,,0.000020,0.000338,0.000315,0.000242,0.000232,0.000349,0.000331,0.000268,0.000192,0.000155,0.000166,0.000133,0.000115,0.000106,0.000102,0.000096,0.000092,0.000086,0.000093,0.000080,0.000069,0.000054,0.000047,0.000033,0.000011,0.000011,0.000044,0.000095,0.000173,0.000149,0.000135,0.000197,0.000228,0.000142,0.000131,0.000463,0.000858
1418,,,,,,,,,,,,,,0.000003,0.000102,0.000131,0.000199,0.000391,0.000628,0.000942,0.000970,0.000946,0.000884,0.001062,0.000912,0.000729,0.000724,0.000628,0.000575,0.000451,0.000409,0.000388,0.000312,0.000299,0.000230,0.000194,0.000130,0.000029,0.000019,0.000109,0.000203,0.000199,0.000162,0.000147,0.000135,0.000118,0.000078,0.000043,0.000136,0.000236
1419,,,,,,,,,,,,,,0.000008,0.000293,0.000266,0.000188,0.000191,0.000218,0.000242,0.000262,0.000271,0.000303,0.000369,0.000304,0.000242,0.000248,0.000215,0.000185,0.000146,0.000124,0.000108,0.000096,0.000085,0.000060,0.000045,0.000030,0.000011,0.000009,0.000051,0.000122,0.000143,0.000118,0.000121,0.000143,0.000146,0.000091,0.000079,0.000179,0.000280
1420,,,,,,,,,,,,,,0.000006,0.000142,0.000134,0.000144,0.000145,0.000169,0.000169,0.000163,0.000129,0.000103,0.000113,0.000110,0.000114,0.000092,0.000103,0.000118,0.000119,0.000126,0.000128,0.000092,0.000088,0.000083,0.000092,0.000077,0.000019,0.000013,0.000058,0.000137,0.000156,0.000121,0.000091,0.000089,0.000093,0.000076,0.000057,0.000111,0.000188
1421,,,,,,,,,,,,,,0.000005,0.000153,0.000151,0.000130,0.000123,0.000143,0.000151,0.000158,0.000126,0.000132,0.000094,0.000080,0.000100,0.000111,0.000119,0.000126,0.000123,0.000110,0.000089,0.000077,0.000094,0.000079,0.000083,0.000069,0.000036,0.000024,0.000072,0.000107,0.000120,0.000105,0.000158,0.000129,0.000116,0.000089,0.000051,0.000073,0.000082
1422,,,,,,,,,,,,,,0.000006,0.000190,0.000184,0.000178,0.000210,0.000204,0.000230,0.000236,0.000171,0.000141,0.000188,0.000185,0.000171,0.000196,0.000223,0.000201,0.000172,0.000168,0.000175,0.000155,0.000140,0.000116,0.000106,0.000094,0.000028,0.000012,0.000043,0.000083,0.000086,0.000094,0.000081,0.000078,0.000077,0.000027,0.000035,0.000082,0.000117
1423,,,,,,,,,,,,,,0.000007,0.000179,0.000167,0.000118,0.000168,0.000226,0.000264,0.000293,0.000345,0.000213,0.000214,0.000193,0.000193,0.000192,0.000195,0.000179,0.000148,0.000157,0.000147,0.000121,0.000113,0.000073,0.000065,0.000050,0.000015,0.000014,0.000076,0.000178,0.000191,0.000188,0.000184,0.000182,0.000162,0.000089,0.000076,0.000146,0.000195
1424,,,,,,,,,,,,,,0.000006,0.000107,0.000107,0.000107,0.000145,0.000189,0.000228,0.000215,0.000192,0.000181,0.000175,0.000148,0.000116,0.000162,0.000162,0.000180,0.000145,0.000143,0.000150,0.000147,0.000153,0.000139,0.000139,0.000115,0.000028,0.000012,0.000067,0.000128,0.000117,0.000099,0.000081,0.000098,0.000115,0.000056,0.000064,0.000157,0.000260
1425,,,,,,,,,,,,,,0.000007,0.000187,0.000178,0.000123,0.000134,0.000172,0.000198,0.000183,0.000182,0.000160,0.000159,0.000147,0.000149,0.000183,0.000185,0.000192,0.000165,0.000155,0.000138,0.000094,0.000087,0.000096,0.000128,0.000111,0.000037,0.000024,0.000076,0.000134,0.000128,0.000148,0.000155,0.000181,0.000201,0.000170,0.000157,0.000412,0.000446
1426,,,,,,,,,,,,,,0.000008,0.000221,0.000189,0.000148,0.000131,0.000152,0.000130,0.000137,0.000110,0.000095,0.000101,0.000084,0.000108,0.000100,0.000085,0.000054,0.000050,0.000036,0.000034,0.000029,0.000029,0.000033,0.000045,0.000052,0.000038,0.000035,0.000082,0.000111,0.000120,0.000127,0.000120,0.000132,0.000135,0.000102,0.000105,0.000133,0.000190
1427,,,,,,,,,,,,,,0.000006,0.000119,0.000107,0.000089,0.000108,0.000162,0.000181,0.000161,0.000147,0.000134,0.000144,0.000137,0.000125,0.000140,0.000152,0.000172,0.000206,0.000156,0.000145,0.000142,0.000139,0.000131,0.000130,0.000098,0.000049,0.000017,0.000094,0.000131,0.000124,0.000090,0.000136,0.000121,0.000133,0.000075,0.000107,0.000174,0.000300
1428,,,,,,,,,,,,,,0.000011,0.000202,0.000190,0.000139,0.000172,0.000236,0.000287,0.000271,0.000278,0.000245,0.000315,0.000314,0.000307,0.000304,0.000312,0.000299,0.000244,0.000223,0.000227,0.000210,0.000181,0.000136,0.000110,0.000078,0.000016,0.000008,0.000055,0.000125,0.000130,0.000110,0.000106,0.000103,0.000120,0.000077,0.000051,0.000176,0.000340
1429,,,,,,,,,,,,,,0.000004,0.000074,0.000079,0.000064,0.000059,0.000096,0.000101,0.000111,0.000130,0.000132,0.000181,0.000216,0.000200,0.000235,0.000207,0.000184,0.000140,0.000105,0.000095,0.000080,0.000065,0.000056,0.000045,0.000040,0.000018,0.000014,0.000051,0.000115,0.000110,0.000103,0.000104,0.000116,0.000122,0.000079,0.000074,0.000149,0.000217
1430,,,,,,,,,,,,,,0.000006,0.000145,0.000130,0.000105,0.000105,0.000140,0.000170,0.000152,0.000111,0.000109,0.000121,0.000112,0.000095,0.000104,0.000100,0.000085,0.000056,0.000049,0.000043,0.000040,0.000049,0.000052,0.000052,0.000053,0.000029,0.000040,0.000148,0.000194,0.000138,0.000092,0.000088,0.000085,0.000075,0.000057,0.000066,0.000136,0.000202
1431,,,,,,,,,,,,,,0.000004,0.000136,0.000134,0.000110,0.000112,0.000132,0.000165,0.000133,0.000108,0.000114,0.000138,0.000134,0.000125,0.000150,0.000129,0.000131,0.000110,0.000121,0.000112,0.000090,0.000094,0.000084,0.000085,0.000055,0.000017,0.000010,0.000054,0.000093,0.000091,0.000094,0.000090,0.000084,0.000068,0.000028,0.000028,0.000060,0.000122
1432,,,,,,,,,,,,,,0.000006,0.000148,0.000141,0.000095,0.000094,0.000108,0.000128,0.000124,0.000127,0.000107,0.000114,0.000099,0.000090,0.000092,0.000089,0.000090,0.000076,0.000062,0.000055,0.000048,0.000052,0.000040,0.000031,0.000023,0.000009,0.000009,0.000053,0.000119,0.000144,0.000127,0.000128,0.000114,0.000114,0.000065,0.000061,0.000114,0.000192
1433,,,,,,,,,,,,,,0.000005,0.000140,0.000373,0.000148,0.000134,0.000151,0.000147,0.000149,0.000108,0.000106,0.000123,0.000114,0.000105,0.000120,0.000107,0.000109,0.000103,0.000103,0.000125,0.000131,0.000137,0.000095,0.000072,0.000069,0.000020,0.000015,0.000068,0.000105,0.000094,0.000111,0.000100,0.000084,0.000079,0.000038,0.000039,0.000093,0.000142
1434,,,,,,,,,,,,,,0.000006,0.000166,0.000201,0.000214,0.000269,0.000369,0.000389,0.000359,0.000340,0.000252,0.000271,0.000222,0.000181,0.000190,0.000192,0.000225,0.000202,0.000204,0.000212,0.000195,0.000211,0.000158,0.000132,0.000087,0.000022,0.000012,0.000042,0.000075,0.000076,0.000055,0.000049,0.000061,0.000059,0.000025,0.000023,0.000026,0.000058
1435,,,,,,,,,,,,,,0.000011,0.000260,0.000233,0.000186,0.000215,0.000278,0.000323,0.000295,0.000251,0.000197,0.000257,0.000222,0.000175,0.000190,0.000176,0.000178,0.000137,0.000125,0.000125,0.000110,0.000110,0.000077,0.000070,0.000043,0.000007,0.000006,0.000048,0.000120,0.000122,0.000104,0.000107,0.000123,0.000103,0.000059,0.000073,0.000258,0.000415
1436,,,,,,,,,,,,,,0.000009,0.000154,0.000152,0.000116,0.000138,0.000197,0.000211,0.000198,0.000188,0.000162,0.000202,0.000187,0.000177,0.000211,0.000240,0.000256,0.000225,0.000208,0.000207,0.000183,0.000164,0.000131,0.000109,0.000085,0.000015,0.000011,0.000072,0.000143,0.000126,0.000193,0.000170,0.000156,0.000153,0.000080,0.000094,0.000222,0.000380
1437,,,,,,,,,,,,,,0.000006,0.000140,0.000106,0.000076,0.000075,0.000072,0.000053,0.000070,0.000053,0.000039,0.000052,0.000048,0.000068,0.000060,0.000052,0.000058,0.000065,0.000051,0.000048,0.000052,0.000058,0.000066,0.000073,0.000068,0.000064,0.000059,0.000164,0.000192,0.000185,0.000155,0.000154,0.000185,0.000175,0.000106,0.000080,0.000118,0.000173
1438,,,,,,,,,,,,,,0.000010,0.000316,0.000297,0.000220,0.000223,0.000247,0.000306,0.000258,0.000204,0.000166,0.000206,0.000210,0.000195,0.000178,0.000152,0.000136,0.000103,0.000113,0.000115,0.000112,0.000115,0.000084,0.000070,0.000053,0.000017,0.000015,0.000061,0.000132,0.000142,0.000119,0.000120,0.000114,0.000087,0.000102,0.000147,0.000202,0.000293
1439,,,,,,,,,,,,,,0.000007,0.000177,0.000147,0.000139,0.000144,0.000168,0.000174,0.000185,0.000145,0.000147,0.000177,0.000157,0.000145,0.000156,0.000143,0.000118,0.000108,0.000095,0.000103,0.000098,0.000085,0.000073,0.000056,0.000044,0.000018,0.000014,0.000047,0.000072,0.000088,0.000078,0.000081,0.000079,0.000083,0.000048,0.000044,0.000109,0.000190
1440,,,,,,,,,,,,,,0.000008,0.000218,0.000179,0.000148,0.000155,0.000205,0.000229,0.000217,0.000187,0.000149,0.000198,0.000190,0.000154,0.000159,0.000127,0.000133,0.000139,0.000113,0.000084,0.000051,0.000070,0.000078,0.000079,0.000058,0.000023,0.000021,0.000087,0.000194,0.000248,0.000216,0.000222,0.000261,0.000247,0.000152,0.000127,0.000255,0.000380
1441,,,,,,,,,,,,,,0.000008,0.000149,0.000148,0.000154,0.000188,0.000291,0.000395,0.000402,0.000389,0.000459,0.000450,0.000417,0.000377,0.000429,0.000446,0.000417,0.000392,0.000367,0.000344,0.000284,0.000251,0.000200,0.000168,0.000108,0.000022,0.000010,0.000068,0.000150,0.000147,0.000138,0.000131,0.000152,0.000157,0.000066,0.000070,0.000224,0.000383
1442,,,,,,,,,,,,,,0.000008,0.000196,0.000169,0.000135,0.000131,0.000158,0.000206,0.000183,0.000150,0.000149,0.000151,0.000142,0.000134,0.000136,0.000132,0.000111,0.000093,0.000088,0.000082,0.000077,0.000075,0.000062,0.000058,0.000043,0.000014,0.000011,0.000041,0.000043,0.000055,0.000062,0.000051,0.000049,0.000035,0.000044,0.000041,0.000104,0.000161
1443,,,,,,,,,,,,,,0.000005,0.000147,0.000126,0.000100,0.000095,0.000109,0.000103,0.000132,0.000138,0.000139,0.000159,0.000172,0.000167,0.000237,0.000224,0.000226,0.000171,0.000147,0.000133,0.000108,0.000083,0.000061,0.000053,0.000038,0.000011,0.000011,0.000054,0.000085,0.000089,0.000074,0.000054,0.000054,0.000044,0.000022,0.000037,0.000077,0.000120
1444,,,,,,,,,,,,,,0.000010,0.000236,0.000203,0.000142,0.000209,0.000370,0.000436,0.000532,0.000538,0.000466,0.000565,0.000509,0.000443,0.000331,0.000288,0.000195,0.000114,0.000078,0.000051,0.000040,0.000035,0.000026,0.000036,0.000028,0.000022,0.000016,0.000102,0.000165,0.000180,0.000185,0.000145,0.000134,0.000131,0.000067,0.000059,0.000099,0.000200
1445,,,,,,,,,,,,,,0.000007,0.000211,0.000176,0.000133,0.000123,0.000145,0.000134,0.000121,0.000098,0.000080,0.000101,0.000108,0.000084,0.000092,0.000086,0.000084,0.000072,0.000074,0.000083,0.000086,0.000076,0.000061,0.000053,0.000064,0.000032,0.000019,0.000056,0.000081,0.000076,0.000069,0.000064,0.000065,0.000055,0.000029,0.000020,0.000044,0.000032
1446,,,,,,,,,,,,,,0.000009,0.000254,0.000241,0.000229,0.000195,0.000220,0.000243,0.000241,0.000196,0.000185,0.000216,0.000205,0.000208,0.000200,0.000175,0.000153,0.000121,0.000121,0.000146,0.000138,0.000135,0.000124,0.000123,0.000099,0.000037,0.000021,0.000045,0.000073,0.000098,0.000109,0.000127,0.000150,0.000138,0.000124,0.000131,0.000143,0.000124
1447,,,,,,,,,,,,,,0.000021,0.000495,0.000368,0.000337,0.000343,0.000378,0.000348,0.000326,0.000242,0.000229,0.000294,0.000254,0.000184,0.000178,0.000165,0.000138,0.000103,0.000094,0.000116,0.000127,0.000159,0.000134,0.000128,0.000093,0.000025,0.000018,0.000068,0.000113,0.000117,0.000090,0.000090,0.000073,0.000086,0.000074,0.000057,0.000149,0.000269
1448,,,,,,,,,,,,,,0.000017,0.000537,0.000477,0.000336,0.000336,0.000362,0.000369,0.000311,0.000260,0.000206,0.000240,0.000219,0.000189,0.000217,0.000237,0.000263,0.000248,0.000280,0.000373,0.000377,0.000357,0.000252,0.000180,0.000107,0.000018,0.000011,0.000068,0.000135,0.000134,0.000114,0.000102,0.000104,0.000085,0.000036,0.000041,0.000159,0.000283
1449,,,,,,,,,,,,,,0.000006,0.000222,0.000254,0.000327,0.000471,0.000628,0.000717,0.000613,0.000487,0.000371,0.000463,0.000393,0.000310,0.000314,0.000276,0.000224,0.000163,0.000140,0.000111,0.000075,0.000065,0.000054,0.000055,0.000038,0.000013,0.000006,0.000017,0.000045,0.000051,0.000067,0.000083,0.000095,0.000069,0.000051,0.000042,0.000070,0.000124
1450,,,,,,,,,,,,,,0.000005,0.000105,0.000103,0.000082,0.000085,0.000105,0.000135,0.000128,0.000092,0.000104,0.000120,0.000120,0.000102,0.000104,0.000106,0.000120,0.000110,0.000113,0.000103,0.000084,0.000089,0.000068,0.000053,0.000043,0.000014,0.000014,0.000058,0.000119,0.000130,0.000137,0.000149,0.000104,0.000103,0.000077,0.000059,0.000147,0.000200
1451,,,,,,,,,,,,,,0.000005,0.000140,0.000116,0.000089,0.000091,0.000113,0.000131,0.000128,0.000139,0.000155,0.000131,0.000130,0.000122,0.000161,0.000168,0.000169,0.000166,0.000168,0.000159,0.000209,0.000131,0.000110,0.000081,0.000054,0.000018,0.000011,0.000063,0.000088,0.000106,0.000098,0.000072,0.000069,0.000061,0.000044,0.000050,0.000114,0.000146
1452,,,,,,,,,,,,,,0.000008,0.000202,0.000143,0.000108,0.000114,0.000145,0.000161,0.000138,0.000137,0.000164,0.000153,0.000124,0.000122,0.000136,0.000166,0.000164,0.000149,0.000142,0.000152,0.000126,0.000123,0.000099,0.000090,0.000072,0.000028,0.000020,0.000043,0.000079,0.000079,0.000062,0.000060,0.000072,0.000087,0.000108,0.000111,0.000182,0.000284
1453,,,,,,,,,,,,,,0.000007,0.000190,0.000174,0.000137,0.000136,0.000202,0.000196,0.000207,0.000155,0.000196,0.000221,0.000196,0.000149,0.000149,0.000124,0.000125,0.000128,0.000117,0.000113,0.000095,0.000095,0.000084,0.000083,0.000080,0.000024,0.000014,0.000051,0.000079,0.000087,0.000064,0.000052,0.000071,0.000069,0.000040,0.000041,0.000106,0.000144
1454,,,,,,,,,,,,,,0.000007,0.000197,0.000171,0.000119,0.000120,0.000124,0.000115,0.000095,0.000069,0.000071,0.000090,0.000091,0.000086,0.000092,0.000100,0.000095,0.000088,0.000060,0.000062,0.000064,0.000067,0.000062,0.000070,0.000068,0.000039,0.000026,0.000056,0.000118,0.000157,0.000179,0.000188,0.000180,0.000113,0.000076,0.000067,0.000102,0.000145
1455,,,,,,,,,,,,,,0.000008,0.000237,0.000213,0.000163,0.000143,0.000131,0.000138,0.000118,0.000108,0.000086,0.000117,0.000105,0.000102,0.000105,0.000107,0.000122,0.000113,0.000119,0.000141,0.000136,0.000160,0.000159,0.000215,0.000202,0.000056,0.000044,0.000200,0.000434,0.000426,0.000392,0.000312,0.000251,0.000187,0.000094,0.000054,0.000067,0.000101
1456,,,,,,,,,,,,,,0.000005,0.000077,0.000067,0.000055,0.000084,0.000121,0.000139,0.000152,0.000130,0.000091,0.000100,0.000071,0.000068,0.000088,0.000127,0.000130,0.000121,0.000123,0.000140,0.000158,0.000184,0.000179,0.000203,0.000180,0.000044,0.000039,0.000224,0.000463,0.000431,0.000354,0.000281,0.000257,0.000240,0.000124,0.000156,0.000265,0.000396
1457,,,,,,,,,,,,,,0.000008,0.000152,0.000124,0.000112,0.000113,0.000140,0.000180,0.000171,0.000183,0.000159,0.000194,0.000189,0.000172,0.000175,0.000164,0.000172,0.000153,0.000141,0.000136,0.000125,0.000103,0.000063,0.000043,0.000043,0.000017,0.000013,0.000053,0.000105,0.000088,0.000088,0.000082,0.000081,0.000083,0.000046,0.000040,0.000139,0.000243
1458,,,,,,,,,,,,,,0.000023,0.000583,0.000749,0.000398,0.000423,0.000587,0.000645,0.000590,0.000541,0.000469,0.000558,0.000467,0.000329,0.000327,0.000245,0.000199,0.000159,0.000145,0.000138,0.000104,0.000100,0.000088,0.000085,0.000061,0.000018,0.000012,0.000056,0.000108,0.000103,0.000163,0.000159,0.000144,0.000145,0.000079,0.000112,0.000440,0.000395
1459,,,,,,,,,,,,,,0.000006,0.000176,0.000159,0.000146,0.000143,0.000159,0.000156,0.000163,0.000137,0.000123,0.000150,0.000131,0.000112,0.000083,0.000077,0.000090,0.000085,0.000077,0.000072,0.000070,0.000128,0.000127,0.000092,0.000065,0.000043,0.000024,0.000092,0.000130,0.000125,0.000107,0.000114,0.000102,0.000110,0.000070,0.000104,0.000098,0.000143
1460,,,,,,,,,,,,,,0.000015,0.000282,0.000260,0.000189,0.000175,0.000199,0.000207,0.000184,0.000166,0.000127,0.000148,0.000126,0.000101,0.000118,0.000124,0.000108,0.000085,0.000092,0.000096,0.000086,0.000092,0.000084,0.000082,0.000069,0.000015,0.000006,0.000031,0.000080,0.000082,0.000077,0.000070,0.000075,0.000083,0.000039,0.000035,0.000147,0.000359
1461,,,,,,,,,,,,,,0.000012,0.000242,0.000213,0.000194,0.000213,0.000215,0.000210,0.000191,0.000166,0.000134,0.000151,0.000156,0.000139,0.000140,0.000130,0.000132,0.000112,0.000102,0.000116,0.000102,0.000090,0.000067,0.000051,0.000043,0.000016,0.000010,0.000045,0.000074,0.000076,0.000085,0.000093,0.000098,0.000075,0.000069,0.000040,0.000082,0.000175
1462,,,,,,,,,,,,,,0.000009,0.000198,0.000203,0.000151,0.000153,0.000204,0.000223,0.000234,0.000215,0.000203,0.000250,0.000245,0.000206,0.000242,0.000228,0.000216,0.000182,0.000176,0.000176,0.000147,0.000136,0.000102,0.000081,0.000044,0.000008,0.000008,0.000054,0.000116,0.000128,0.000156,0.000151,0.000145,0.000139,0.000087,0.000072,0.000205,0.000355
1463,,,,,,,,,,,,,,0.000006,0.000195,0.000188,0.000124,0.000131,0.000172,0.000180,0.000170,0.000172,0.000154,0.000184,0.000156,0.000125,0.000126,0.000127,0.000131,0.000104,0.000089,0.000095,0.000110,0.000108,0.000089,0.000084,0.000059,0.000021,0.000019,0.000062,0.000107,0.000107,0.000089,0.000089,0.000075,0.000099,0.000055,0.000046,0.000110,0.000170
1464,,,,,,,,,,,,,,0.000008,0.000203,0.000178,0.000140,0.000134,0.000140,0.000138,0.000130,0.000143,0.000118,0.000138,0.000119,0.000101,0.000107,0.000110,0.000091,0.000069,0.000063,0.000056,0.000037,0.000035,0.000042,0.000044,0.000049,0.000025,0.000016,0.000027,0.000019,0.000032,0.000051,0.000053,0.000077,0.000101,0.000087,0.000081,0.000191,0.000324
1465,,,,,,,,,,,,,,0.000003,0.000144,0.000171,0.000151,0.000199,0.000299,0.000376,0.000424,0.000448,0.000363,0.000334,0.000291,0.000223,0.000184,0.000127,0.000107,0.000106,0.000086,0.000076,0.000068,0.000075,0.000064,0.000070,0.000063,0.000024,0.000018,0.000057,0.000085,0.000073,0.000063,0.000071,0.000082,0.000075,0.000064,0.000057,0.000086,0.000090
1466,,,,,,,,,,,,,,0.000005,0.000111,0.000103,0.000091,0.000088,0.000086,0.000112,0.000106,0.000089,0.000071,0.000085,0.000083,0.000062,0.000080,0.000074,0.000074,0.000068,0.000059,0.000062,0.000057,0.000060,0.000074,0.000118,0.000077,0.000032,0.000017,0.000045,0.000100,0.000108,0.000072,0.000063,0.000073,0.000078,0.000049,0.000042,0.000084,0.000130
1467,,,,,,,,,,,,,,0.000009,0.000145,0.000138,0.000087,0.000099,0.000143,0.000149,0.000130,0.000153,0.000146,0.000161,0.000138,0.000122,0.000173,0.000195,0.000166,0.000144,0.000128,0.000130,0.000106,0.000103,0.000088,0.000073,0.000057,0.000011,0.000006,0.000059,0.000113,0.000129,0.000110,0.000094,0.000109,0.000130,0.000101,0.000101,0.000229,0.000359
1468,,,,,,,,,,,,,,0.000004,0.000087,0.000100,0.000113,0.000121,0.000135,0.000143,0.000141,0.000114,0.000083,0.000097,0.000087,0.000066,0.000092,0.000096,0.000125,0.000122,0.000118,0.000124,0.000106,0.000103,0.000094,0.000089,0.000076,0.000024,0.000017,0.000089,0.000146,0.000111,0.000079,0.000075,0.000080,0.000072,0.000038,0.000071,0.000122,0.000167
1469,,,,,,,,,,,,,,0.000009,0.000161,0.000132,0.000114,0.000089,0.000078,0.000077,0.000058,0.000047,0.000049,0.000037,0.000041,0.000048,0.000046,0.000059,0.000064,0.000062,0.000068,0.000067,0.000076,0.000114,0.000128,0.000138,0.000112,0.000034,0.000016,0.000080,0.000143,0.000118,0.000120,0.000109,0.000111,0.000130,0.000078,0.000073,0.000125,0.000191
1470,,,,,,,,,,,,,,0.000005,0.000183,0.000169,0.000155,0.000180,0.000223,0.000218,0.000194,0.000169,0.000141,0.000133,0.000116,0.000124,0.000140,0.000122,0.000105,0.000093,0.000090,0.000105,0.000088,0.000086,0.000090,0.000094,0.000075,0.000061,0.000051,0.000155,0.000293,0.000312,0.000299,0.000275,0.000271,0.000241,0.000134,0.000117,0.000174,0.000206
1471,,,,,,,,,,,,,,0.000012,0.000317,0.000320,0.000209,0.000216,0.000237,0.000255,0.000220,0.000180,0.000156,0.000179,0.000169,0.000141,0.000134,0.000137,0.000157,0.000123,0.000131,0.000132,0.000099,0.000098,0.000073,0.000057,0.000046,0.000019,0.000008,0.000040,0.000080,0.000073,0.000056,0.000052,0.000045,0.000042,0.000023,0.000032,0.000074,0.000127
1472,,,,,,,,,,,,,,0.000012,0.000228,0.000223,0.000141,0.000143,0.000173,0.000179,0.000168,0.000164,0.000117,0.000133,0.000105,0.000106,0.000089,0.000083,0.000071,0.000053,0.000065,0.000073,0.000075,0.000062,0.000049,0.000040,0.000035,0.000018,0.000013,0.000032,0.000058,0.000055,0.000075,0.000094,0.000145,0.000166,0.000167,0.000188,0.000174,0.000228
1473,,,,,,,,,,,,,,0.000006,0.000191,0.000221,0.000130,0.000117,0.000125,0.000153,0.000134,0.000085,0.000101,0.000121,0.000105,0.000103,0.000086,0.000090,0.000067,0.000051,0.000057,0.000072,0.000079,0.000085,0.000065,0.000069,0.000064,0.000031,0.000024,0.000080,0.000155,0.000148,0.000124,0.000098,0.000093,0.000087,0.000079,0.000049,0.000057,0.000053
1474,,,,,,,,,,,,,,0.000006,0.000150,0.000186,0.000164,0.000176,0.000249,0.000302,0.000283,0.000233,0.000209,0.000263,0.000203,0.000147,0.000152,0.000147,0.000144,0.000131,0.000110,0.000116,0.000110,0.000108,0.000088,0.000082,0.000053,0.000015,0.000011,0.000043,0.000092,0.000079,0.000051,0.000066,0.000098,0.000066,0.000047,0.000077,0.000093,0.000140
1475,,,,,,,,,,,,,,0.000007,0.000153,0.000162,0.000133,0.000123,0.000138,0.000155,0.000139,0.000099,0.000093,0.000090,0.000078,0.000080,0.000071,0.000072,0.000074,0.000073,0.000074,0.000095,0.000097,0.000118,0.000110,0.000093,0.000059,0.000017,0.000011,0.000027,0.000044,0.000063,0.000083,0.000102,0.000104,0.000076,0.000054,0.000046,0.000099,0.000169
1476,,,,,,,,,,,,,,0.000004,0.000082,0.000069,0.000055,0.000072,0.000089,0.000100,0.000097,0.000094,0.000062,0.000074,0.000070,0.000071,0.000075,0.000084,0.000087,0.000076,0.000064,0.000085,0.000092,0.000072,0.000073,0.000055,0.000049,0.000029,0.000018,0.000048,0.000071,0.000070,0.000067,0.000078,0.000096,0.000100,0.000079,0.000068,0.000139,0.000173
1477,,,,,,,,,,,,,,0.000009,0.000246,0.000201,0.000168,0.000174,0.000203,0.000251,0.000220,0.000176,0.000155,0.000183,0.000176,0.000160,0.000161,0.000136,0.000111,0.000089,0.000067,0.000068,0.000062,0.000067,0.000077,0.000067,0.000051,0.000020,0.000018,0.000081,0.000125,0.000140,0.000131,0.000116,0.000127,0.000130,0.000075,0.000065,0.000167,0.000272
1478,,,,,,,,,,,,,,0.000006,0.000135,0.000136,0.000118,0.000129,0.000159,0.000215,0.000201,0.000160,0.000133,0.000154,0.000139,0.000126,0.000100,0.000086,0.000077,0.000061,0.000059,0.000059,0.000061,0.000060,0.000053,0.000039,0.000025,0.000014,0.000012,0.000029,0.000048,0.000056,0.000052,0.000064,0.000069,0.000060,0.000043,0.000038,0.000083,0.000136
1479,,,,,,,,,,,,,,0.000010,0.000233,0.000211,0.000153,0.000145,0.000196,0.000200,0.000183,0.000135,0.000089,0.000080,0.000052,0.000037,0.000037,0.000035,0.000034,0.000029,0.000027,0.000024,0.000019,0.000038,0.000071,0.000098,0.000076,0.000028,0.000026,0.000127,0.000307,0.000324,0.000270,0.000249,0.000196,0.000178,0.000103,0.000096,0.000145,0.000223
1480,,,,,,,,,,,,,,0.000006,0.000161,0.000167,0.000125,0.000126,0.000165,0.000190,0.000187,0.000175,0.000139,0.000162,0.000155,0.000145,0.000163,0.000165,0.000172,0.000141,0.000134,0.000151,0.000122,0.000104,0.000081,0.000067,0.000049,0.000014,0.000008,0.000040,0.000077,0.000095,0.000092,0.000100,0.000108,0.000102,0.000054,0.000071,0.000140,0.000225
1481,,,,,,,,,,,,,,0.000005,0.000135,0.000170,0.000088,0.000107,0.000118,0.000142,0.000140,0.000128,0.000087,0.000108,0.000096,0.000216,0.000133,0.000108,0.000095,0.000069,0.000075,0.000081,0.000073,0.000082,0.000074,0.000059,0.000040,0.000019,0.000012,0.000048,0.000081,0.000081,0.000069,0.000058,0.000079,0.000075,0.000050,0.000055,0.000106,0.000177
1482,,,,,,,,,,,,,,0.000005,0.000138,0.000135,0.000113,0.000091,0.000102,0.000101,0.000107,0.000099,0.000099,0.000117,0.000087,0.000072,0.000041,0.000026,0.000033,0.000053,0.000076,0.000087,0.000094,0.000119,0.000111,0.000109,0.000081,0.000032,0.000026,0.000093,0.000169,0.000145,0.000122,0.000122,0.000118,0.000103,0.000075,0.000053,0.000088,0.000096
1483,,,,,,,,,,,,,,0.000005,0.000110,0.000111,0.000087,0.000085,0.000106,0.000125,0.000114,0.000101,0.000100,0.000138,0.000134,0.000122,0.000123,0.000105,0.000097,0.000083,0.000059,0.000057,0.000054,0.000056,0.000052,0.000054,0.000042,0.000023,0.000016,0.000032,0.000054,0.000058,0.000061,0.000064,0.000066,0.000049,0.000044,0.000047,0.000085,0.000094
1484,,,,,,,,,,,,,,0.000004,0.000124,0.000102,0.000074,0.000073,0.000087,0.000115,0.000109,0.000083,0.000070,0.000079,0.000074,0.000091,0.000086,0.000075,0.000074,0.000068,0.000048,0.000043,0.000059,0.000077,0.000103,0.000132,0.000130,0.000056,0.000028,0.000066,0.000104,0.000101,0.000099,0.000078,0.000068,0.000084,0.000067,0.000044,0.000082,0.000090
1485,,,,,,,,,,,,,,0.000018,0.000385,0.000349,0.000271,0.000275,0.000294,0.000294,0.000263,0.000221,0.000177,0.000221,0.000203,0.000160,0.000187,0.000186,0.000187,0.000158,0.000153,0.000150,0.000126,0.000110,0.000082,0.000066,0.000045,0.000010,0.000007,0.000057,0.000117,0.000138,0.000129,0.000135,0.000138,0.000129,0.000106,0.000060,0.000196,0.000340
1486,,,,,,,,,,,,,,0.000011,0.000244,0.000236,0.000212,0.000212,0.000248,0.000282,0.000256,0.000234,0.000204,0.000248,0.000234,0.000193,0.000220,0.000203,0.000200,0.000177,0.000171,0.000180,0.000173,0.000173,0.000158,0.000154,0.000112,0.000019,0.000008,0.000055,0.000136,0.000146,0.000130,0.000134,0.000130,0.000128,0.000058,0.000043,0.000167,0.000235
