roi_id,bin_0,bin_1,bin_2,bin_3,bin_4,bin_5,bin_6,bin_7,bin_8,bin_9,bin_10,bin_11,bin_12,bin_13,bin_14,bin_15,bin_16,bin_17,bin_18,bin_19,bin_20,bin_21,bin_22,bin_23,bin_24,bin_25,bin_26,bin_27,bin_28,bin_29,bin_30,bin_31,bin_32,bin_33,bin_34,bin_35,bin_36,bin_37,bin_38,bin_39,bin_40,bin_41,bin_42,bin_43,bin_44,bin_45,bin_46,bin_47,bin_48,bin_49
0,,,,,,,,,,,,,,0.000017,0.000229,0.000106,0.000120,0.000107,0.000080,0.000090,0.000085,0.000093,0.000070,0.000070,0.000048,0.000045,0.000057,0.000062,0.000095,0.000172,0.000229,0.000259,0.000317,0.000370,0.000461,0.000434,0.000461,0.000191,0.000095,0.000260,0.000215,0.000196,0.000224,0.000288,0.000323,0.000560,0.000103,0.000305,0.000608,0.001014
1,,,,,,,,,,,,,,0.000007,0.000100,0.000060,0.000098,0.000071,0.000048,0.000050,0.000037,0.000030,0.000023,0.000019,0.000022,0.000016,0.000025,0.000038,0.000054,0.000079,0.000125,0.000170,0.000177,0.000122,0.000093,0.000069,0.000062,0.000028,0.000024,0.000042,0.000045,0.000059,0.000083,0.000140,0.000164,0.000173,0.000040,0.000091,0.000175,0.000277
2,,,,,,,,,,,,,,0.000011,0.000225,0.000118,0.000140,0.000140,0.000125,0.000121,0.000126,0.000116,0.000099,0.000098,0.000084,0.000072,0.000080,0.000094,0.000116,0.000166,0.000213,0.000266,0.000388,0.000341,0.000449,0.000499,0.000545,0.000560,0.000175,0.000158,0.000100,0.000082,0.000071,0.000069,0.000065,0.000064,0.000010,0.000060,0.000144,0.000283
3,,,,,,,,,,,,,,0.000059,0.001356,0.000835,0.000825,0.000760,0.000589,0.000510,0.000478,0.000475,0.000374,0.000387,0.000347,0.000276,0.000248,0.000190,0.000181,0.000163,0.000126,0.000099,0.000100,0.000095,0.000076,0.000066,0.000065,0.000029,0.000024,0.000058,0.000054,0.000055,0.000044,0.000036,0.000030,0.000026,0.000003,0.000013,0.000031,0.000098
4,,,,,,,,,,,,,,0.000007,0.000057,0.000028,0.000033,0.000056,0.000074,0.000100,0.000121,0.000129,0.000120,0.000138,0.000137,0.000143,0.000141,0.000120,0.000125,0.000155,0.000234,0.000241,0.000210,0.000122,0.000083,0.000056,0.000072,0.000061,0.000038,0.000149,0.000201,0.000234,0.000269,0.000285,0.000277,0.000280,0.000046,0.000220,0.000275,0.000357
5,,,,,,,,,,,,,,0.000004,0.000061,0.000035,0.000086,0.000105,0.000115,0.000121,0.000120,0.000128,0.000097,0.000114,0.000101,0.000086,0.000094,0.000080,0.000082,0.000095,0.000088,0.000090,0.000097,0.000073,0.000078,0.000082,0.000090,0.000052,0.000050,0.000317,0.000514,0.000718,0.000854,0.000872,0.000739,0.000549,0.000042,0.000115,0.000149,0.000187
6,,,,,,,,,,,,,,0.000009,0.000297,0.000328,0.000294,0.000375,0.000405,0.000443,0.000498,0.000514,0.000396,0.000378,0.000247,0.000220,0.000185,0.000141,0.000117,0.000104,0.000084,0.000062,0.000067,0.000063,0.000066,0.000072,0.000067,0.000037,0.000051,0.000136,0.000158,0.000166,0.000135,0.000113,0.000088,0.000076,0.000007,0.000052,0.000092,0.000131
7,,,,,,,,,,,,,,0.000021,0.000508,0.000333,0.000323,0.000296,0.000227,0.000207,0.000206,0.000197,0.000163,0.000191,0.000166,0.000159,0.000135,0.000110,0.000083,0.000082,0.000065,0.000063,0.000057,0.000039,0.000032,0.000025,0.000021,0.000011,0.000010,0.000024,0.000022,0.000022,0.000017,0.000012,0.000007,0.000005,0.000003,0.000032,0.000035,0.000049
8,,,,,,,,,,,,,,0.000002,0.000025,0.000016,0.000019,0.000020,0.000014,0.000029,0.000054,0.000081,0.000099,0.000146,0.000175,0.000202,0.000233,0.000296,0.000339,0.000453,0.000551,0.000666,0.000778,0.000800,0.000911,0.000914,0.000945,0.000335,0.000233,0.000802,0.000650,0.000460,0.000322,0.000211,0.000125,0.000069,0.000006,0.000019,0.000023,0.000035
9,,,,,,,,,,,,,,0.000005,0.000053,0.000031,0.000026,0.000028,0.000028,0.000029,0.000034,0.000038,0.000036,0.000042,0.000033,0.000039,0.000042,0.000047,0.000056,0.000059,0.000048,0.000052,0.000061,0.000043,0.000034,0.000026,0.000026,0.000024,0.000026,0.000152,0.000246,0.000335,0.000425,0.000464,0.000423,0.000376,0.000058,0.000164,0.000204,0.000243
10,,,,,,,,,,,,,,0.000004,0.000109,0.000088,0.000122,0.000108,0.000072,0.000063,0.000057,0.000048,0.000043,0.000043,0.000023,0.000025,0.000014,0.000005,0.000006,0.000003,0.000007,0.000017,0.000042,0.000057,0.000090,0.000107,0.000125,0.000061,0.000044,0.000134,0.000179,0.000259,0.000362,0.000430,0.000377,0.000288,0.000042,0.000222,0.000114,0.000129
11,,,,,,,,,,,,,,0.000008,0.000145,0.000072,0.000075,0.000056,0.000038,0.000037,0.000038,0.000036,0.000023,0.000021,0.000015,0.000012,0.000018,0.000023,0.000022,0.000019,0.000026,0.000034,0.000038,0.000035,0.000059,0.000077,0.000112,0.000116,0.000088,0.000402,0.000465,0.000470,0.000477,0.000503,0.000428,0.000366,0.000059,0.000151,0.000182,0.000252
12,,,,,,,,,,,,,,0.000022,0.000417,0.000297,0.000219,0.000198,0.000144,0.000137,0.000135,0.000134,0.000123,0.000138,0.000131,0.000127,0.000131,0.000121,0.000116,0.000117,0.000093,0.000079,0.000062,0.000042,0.000037,0.000035,0.000032,0.000016,0.000013,0.000024,0.000016,0.000010,0.000007,0.000005,0.000005,0.000004,0.000006,0.000018,0.000046,0.000103
13,,,,,,,,,,,,,,0.000005,0.000093,0.000068,0.000081,0.000142,0.000265,0.000422,0.000603,0.000712,0.000702,0.000676,0.000648,0.000650,0.000684,0.000759,0.000855,0.001083,0.001240,0.001236,0.001125,0.000713,0.000543,0.000406,0.000335,0.000139,0.000068,0.000234,0.000228,0.000193,0.000146,0.000095,0.000058,0.000029,0.000006,0.000024,0.000027,0.000034
14,,,,,,,,,,,,,,0.000003,0.000065,0.000038,0.000039,0.000035,0.000026,0.000026,0.000029,0.000028,0.000032,0.000033,0.000031,0.000020,0.000020,0.000024,0.000032,0.000044,0.000044,0.000071,0.000110,0.000198,0.000327,0.000421,0.000419,0.000211,0.000104,0.000252,0.000211,0.000190,0.000204,0.000232,0.000223,0.000203,0.000031,0.000059,0.000084,0.000122
15,,,,,,,,,,,,,,0.000002,0.000063,0.000094,0.000147,0.000326,0.000520,0.000761,0.001055,0.001234,0.001081,0.001143,0.000908,0.000767,0.000643,0.000571,0.000511,0.000521,0.000483,0.000358,0.000272,0.000150,0.000121,0.000084,0.000066,0.000025,0.000018,0.000048,0.000042,0.000031,0.000020,0.000014,0.000015,0.000013,0.000004,0.000014,0.000032,0.000064
16,,,,,,,,,,,,,,0.000009,0.000253,0.000167,0.000211,0.000288,0.000317,0.000457,0.000630,0.000813,0.000838,0.001019,0.001050,0.000963,0.000970,0.000944,0.000920,0.000910,0.000739,0.000548,0.000478,0.000309,0.000307,0.000250,0.000207,0.000051,0.000031,0.000063,0.000045,0.000037,0.000033,0.000029,0.000029,0.000028,0.000006,0.000031,0.000085,0.000122
17,,,,,,,,,,,,,,0.000007,0.000094,0.000048,0.000052,0.000039,0.000036,0.000040,0.000039,0.000034,0.000034,0.000039,0.000039,0.000038,0.000035,0.000029,0.000028,0.000022,0.000022,0.000042,0.000039,0.000033,0.000039,0.000043,0.000035,0.000031,0.000019,0.000035,0.000037,0.000057,0.000098,0.000145,0.000197,0.000280,0.000081,0.000136,0.000175,0.000246
18,,,,,,,,,,,,,,0.000005,0.000044,0.000034,0.000023,0.000031,0.000064,0.000168,0.000345,0.000681,0.000948,0.000970,0.000935,0.000856,0.000721,0.000485,0.000316,0.000213,0.000150,0.000113,0.000078,0.000047,0.000034,0.000023,0.000015,0.000013,0.000017,0.000053,0.000096,0.000160,0.000200,0.000222,0.000242,0.000236,0.000072,0.000251,0.000275,0.000280
19,,,,,,,,,,,,,,0.000036,0.000505,0.000261,0.000289,0.000262,0.000231,0.000180,0.000179,0.000163,0.000129,0.000153,0.000142,0.000143,0.000131,0.000116,0.000099,0.000102,0.000111,0.000139,0.000262,0.000311,0.000364,0.000323,0.000282,0.000384,0.000124,0.000189,0.000140,0.000112,0.000078,0.000062,0.000043,0.000033,0.000004,0.000013,0.000036,0.000094
20,,,,,,,,,,,,,,0.000004,0.000031,0.000019,0.000025,0.000032,0.000047,0.000074,0.000125,0.000173,0.000181,0.000250,0.000213,0.000197,0.000215,0.000223,0.000262,0.000392,0.000570,0.000767,0.000996,0.000993,0.001023,0.000875,0.000794,0.000225,0.000117,0.000435,0.000382,0.000285,0.000230,0.000173,0.000111,0.000089,0.000008,0.000060,0.000167,0.000266
21,,,,,,,,,,,,,,0.000025,0.000386,0.000225,0.000256,0.000308,0.000327,0.000432,0.000571,0.000601,0.000486,0.000534,0.000453,0.000444,0.000386,0.000330,0.000312,0.000336,0.000341,0.000366,0.000435,0.000436,0.000529,0.000569,0.000638,0.000235,0.000139,0.000512,0.000398,0.000293,0.000220,0.000163,0.000101,0.000056,0.000003,0.000007,0.000057,0.000199
22,,,,,,,,,,,,,,0.000018,0.000213,0.000106,0.000110,0.000086,0.000063,0.000057,0.000059,0.000059,0.000070,0.000064,0.000055,0.000055,0.000044,0.000045,0.000055,0.000065,0.000059,0.000052,0.000048,0.000048,0.000037,0.000014,0.000012,0.000029,0.000025,0.000077,0.000100,0.000133,0.000169,0.000212,0.000188,0.000139,0.000066,0.000368,0.000647,0.000756
23,,,,,,,,,,,,,,0.000008,0.000055,0.000022,0.000022,0.000042,0.000079,0.000139,0.000210,0.000255,0.000256,0.000305,0.000306,0.000277,0.000257,0.000223,0.000223,0.000217,0.000195,0.000164,0.000166,0.000114,0.000107,0.000092,0.000085,0.000034,0.000024,0.000091,0.000109,0.000127,0.000169,0.000208,0.000214,0.000213,0.000040,0.000129,0.000241,0.000295
24,,,,,,,,,,,,,,0.000010,0.000264,0.000141,0.000145,0.000138,0.000069,0.000067,0.000064,0.000068,0.000057,0.000073,0.000067,0.000050,0.000043,0.000032,0.000022,0.000025,0.000026,0.000032,0.000051,0.000071,0.000128,0.000166,0.000206,0.000201,0.000110,0.000320,0.000355,0.000348,0.000260,0.000180,0.000107,0.000053,0.000015,0.000042,0.000093,0.000225
25,,,,,,,,,,,,,,0.000009,0.000072,0.000030,0.000029,0.000022,0.000015,0.000021,0.000019,0.000025,0.000029,0.000043,0.000038,0.000042,0.000043,0.000044,0.000040,0.000049,0.000055,0.000070,0.000086,0.000081,0.000077,0.000072,0.000063,0.000028,0.000019,0.000101,0.000130,0.000134,0.000128,0.000108,0.000081,0.000087,0.000032,0.000159,0.000319,0.000418
26,,,,,,,,,,,,,,0.000003,0.000051,0.000038,0.000042,0.000038,0.000039,0.000045,0.000064,0.000098,0.000115,0.000132,0.000125,0.000107,0.000094,0.000070,0.000048,0.000050,0.000039,0.000025,0.000023,0.000027,0.000030,0.000036,0.000048,0.000054,0.000074,0.000404,0.000512,0.000533,0.000435,0.000350,0.000222,0.000125,0.000020,0.000082,0.000102,0.000144
27,,,,,,,,,,,,,,0.000004,0.000054,0.000033,0.000033,0.000041,0.000040,0.000057,0.000081,0.000074,0.000062,0.000072,0.000050,0.000035,0.000026,0.000021,0.000023,0.000030,0.000037,0.000041,0.000066,0.000063,0.000082,0.000073,0.000060,0.000046,0.000018,0.000037,0.000046,0.000056,0.000078,0.000105,0.000134,0.000109,0.000024,0.000062,0.000103,0.000160
28,,,,,,,,,,,,,,0.000023,0.000848,0.000698,0.000847,0.000912,0.000803,0.000755,0.000699,0.000588,0.000437,0.000451,0.000386,0.000319,0.000255,0.000202,0.000162,0.000156,0.000139,0.000124,0.000108,0.000075,0.000080,0.000072,0.000087,0.000055,0.000073,0.000061,0.000033,0.000023,0.000014,0.000012,0.000010,0.000012,0.000009,0.000029,0.000043,0.000074
29,,,,,,,,,,,,,,0.000003,0.000037,0.000027,0.000032,0.000039,0.000048,0.000077,0.000138,0.000291,0.000338,0.000479,0.000467,0.000500,0.000498,0.000438,0.000471,0.000375,0.000244,0.000178,0.000177,0.000097,0.000072,0.000050,0.000043,0.000019,0.000015,0.000085,0.000146,0.000202,0.000235,0.000250,0.000252,0.000211,0.000034,0.000095,0.000092,0.000114
30,,,,,,,,,,,,,,0.000004,0.000215,0.000286,0.000657,0.000816,0.000873,0.001092,0.001274,0.001256,0.001051,0.001080,0.000885,0.000693,0.000562,0.000416,0.000329,0.000289,0.000236,0.000181,0.000169,0.000114,0.000085,0.000059,0.000056,0.000020,0.000017,0.000054,0.000055,0.000046,0.000039,0.000032,0.000023,0.000019,0.000003,0.000010,0.000022,0.000056
31,,,,,,,,,,,,,,0.000049,0.000724,0.000304,0.000283,0.000240,0.000159,0.000160,0.000164,0.000156,0.000140,0.000164,0.000143,0.000139,0.000139,0.000140,0.000159,0.000207,0.000263,0.000386,0.000463,0.000385,0.000336,0.000215,0.000147,0.000042,0.000024,0.000070,0.000055,0.000040,0.000027,0.000017,0.000010,0.000007,0.000006,0.000050,0.000251,0.000957
32,,,,,,,,,,,,,,0.000002,0.000043,0.000033,0.000035,0.000032,0.000024,0.000024,0.000026,0.000024,0.000026,0.000033,0.000027,0.000025,0.000023,0.000018,0.000024,0.000029,0.000040,0.000055,0.000069,0.000074,0.000098,0.000111,0.000141,0.000065,0.000044,0.000151,0.000173,0.000251,0.000389,0.000451,0.000464,0.000387,0.000030,0.000050,0.000045,0.000058
33,,,,,,,,,,,,,,0.000032,0.000661,0.000368,0.000365,0.000316,0.000260,0.000251,0.000250,0.000239,0.000210,0.000221,0.000206,0.000163,0.000130,0.000115,0.000107,0.000114,0.000120,0.000127,0.000137,0.000099,0.000075,0.000050,0.000042,0.000020,0.000016,0.000051,0.000050,0.000041,0.000026,0.000015,0.000010,0.000006,0.000004,0.000019,0.000064,0.000199
34,,,,,,,,,,,,,,0.000003,0.000108,0.000392,0.000182,0.000295,0.000308,0.000340,0.000417,0.000479,0.000427,0.000452,0.000427,0.000371,0.000334,0.000261,0.000222,0.000196,0.000187,0.000171,0.000151,0.000102,0.000082,0.000058,0.000049,0.000019,0.000014,0.000037,0.000028,0.000022,0.000014,0.000010,0.000006,0.000006,0.000003,0.000012,0.000027,0.000045
35,,,,,,,,,,,,,,0.000008,0.000123,0.000061,0.000051,0.000042,0.000038,0.000041,0.000054,0.000051,0.000044,0.000053,0.000053,0.000047,0.000050,0.000046,0.000033,0.000035,0.000032,0.000043,0.000051,0.000042,0.000041,0.000044,0.000043,0.000031,0.000019,0.000057,0.000066,0.000069,0.000076,0.000094,0.000125,0.000124,0.000044,0.000128,0.000226,0.000258
36,,,,,,,,,,,,,,0.000003,0.000070,0.000064,0.000051,0.000083,0.000177,0.000327,0.000526,0.000578,0.000524,0.000516,0.000435,0.000313,0.000227,0.000151,0.000117,0.000109,0.000114,0.000146,0.000219,0.000256,0.000349,0.000412,0.000567,0.000291,0.000221,0.001017,0.000971,0.000784,0.000510,0.000302,0.000153,0.000068,0.000013,0.000036,0.000041,0.000064
37,,,,,,,,,,,,,,0.000008,0.000106,0.000045,0.000042,0.000046,0.000041,0.000041,0.000050,0.000060,0.000058,0.000072,0.000066,0.000054,0.000050,0.000043,0.000039,0.000046,0.000041,0.000035,0.000033,0.000021,0.000029,0.000026,0.000029,0.000016,0.000016,0.000046,0.000068,0.000102,0.000168,0.000234,0.000251,0.000212,0.000046,0.000220,0.000239,0.000317
38,,,,,,,,,,,,,,0.000007,0.000142,0.000076,0.000107,0.000081,0.000048,0.000055,0.000059,0.000089,0.000118,0.000160,0.000167,0.000221,0.000280,0.000376,0.000507,0.000685,0.000706,0.000656,0.000607,0.000330,0.000238,0.000160,0.000102,0.000054,0.000024,0.000054,0.000062,0.000079,0.000074,0.000071,0.000051,0.000040,0.000013,0.000073,0.000157,0.000243
39,,,,,,,,,,,,,,0.000004,0.000072,0.000049,0.000072,0.000072,0.000062,0.000073,0.000091,0.000094,0.000091,0.000112,0.000095,0.000100,0.000088,0.000095,0.000093,0.000127,0.000180,0.000223,0.000251,0.000210,0.000306,0.000390,0.000461,0.000400,0.000127,0.000114,0.000086,0.000070,0.000061,0.000050,0.000048,0.000042,0.000007,0.000019,0.000035,0.000064
40,,,,,,,,,,,,,,0.000020,0.000235,0.000102,0.000096,0.000092,0.000076,0.000070,0.000056,0.000049,0.000040,0.000039,0.000026,0.000017,0.000013,0.000005,0.000023,0.000051,0.000052,0.000056,0.000068,0.000053,0.000048,0.000025,0.000030,0.000023,0.000017,0.000040,0.000054,0.000078,0.000108,0.000127,0.000126,0.000173,0.000047,0.000259,0.000664,0.001023
41,,,,,,,,,,,,,,0.000010,0.000147,0.000072,0.000064,0.000065,0.000046,0.000038,0.000042,0.000036,0.000034,0.000047,0.000061,0.000075,0.000099,0.000137,0.000163,0.000230,0.000280,0.000371,0.000569,0.000427,0.000354,0.000223,0.000165,0.000129,0.000049,0.000117,0.000128,0.000127,0.000145,0.000170,0.000148,0.000101,0.000009,0.000027,0.000067,0.000115
42,,,,,,,,,,,,,,0.000007,0.000157,0.000070,0.000072,0.000055,0.000042,0.000039,0.000048,0.000051,0.000048,0.000059,0.000060,0.000058,0.000055,0.000050,0.000057,0.000070,0.000095,0.000116,0.000200,0.000230,0.000228,0.000177,0.000147,0.000137,0.000065,0.000129,0.000104,0.000089,0.000081,0.000083,0.000078,0.000063,0.000011,0.000042,0.000094,0.000151
43,,,,,,,,,,,,,,0.000045,0.000651,0.000313,0.000312,0.000271,0.000164,0.000172,0.000175,0.000158,0.000118,0.000117,0.000090,0.000081,0.000065,0.000049,0.000046,0.000051,0.000041,0.000036,0.000044,0.000039,0.000041,0.000036,0.000038,0.000034,0.000020,0.000051,0.000048,0.000038,0.000028,0.000035,0.000033,0.000026,0.000011,0.000061,0.000282,0.000697
44,,,,,,,,,,,,,,0.000003,0.000103,0.000081,0.000166,0.000247,0.000388,0.000537,0.000757,0.001008,0.000931,0.000953,0.000761,0.000638,0.000554,0.000454,0.000351,0.000277,0.000212,0.000183,0.000186,0.000133,0.000110,0.000083,0.000066,0.000042,0.000032,0.000073,0.000087,0.000089,0.000114,0.000127,0.000088,0.000042,0.000010,0.000032,0.000037,0.000054
45,,,,,,,,,,,,,,0.000009,0.000139,0.000083,0.000091,0.000075,0.000067,0.000097,0.000175,0.000316,0.000448,0.000513,0.000519,0.000526,0.000499,0.000441,0.000467,0.000402,0.000314,0.000277,0.000299,0.000176,0.000143,0.000097,0.000068,0.000030,0.000017,0.000025,0.000018,0.000018,0.000015,0.000013,0.000009,0.000007,0.000003,0.000012,0.000026,0.000053
46,,,,,,,,,,,,,,0.000004,0.000088,0.000061,0.000062,0.000115,0.000110,0.000119,0.000118,0.000116,0.000089,0.000096,0.000076,0.000062,0.000043,0.000042,0.000038,0.000037,0.000029,0.000024,0.000030,0.000030,0.000045,0.000067,0.000100,0.000064,0.000058,0.000263,0.000312,0.000299,0.000267,0.000253,0.000230,0.000214,0.000034,0.000088,0.000099,0.000123
47,,,,,,,,,,,,,,0.000017,0.000394,0.000220,0.000233,0.000168,0.000119,0.000104,0.000096,0.000084,0.000070,0.000076,0.000065,0.000054,0.000044,0.000033,0.000032,0.000029,0.000028,0.000037,0.000034,0.000038,0.000059,0.000032,0.000027,0.000025,0.000013,0.000022,0.000029,0.000043,0.000058,0.000066,0.000071,0.000072,0.000025,0.000080,0.000175,0.000345
48,,,,,,,,,,,,,,0.000013,0.000200,0.000102,0.000101,0.000084,0.000067,0.000086,0.000113,0.000137,0.000118,0.000129,0.000102,0.000089,0.000079,0.000064,0.000062,0.000049,0.000044,0.000039,0.000031,0.000027,0.000026,0.000015,0.000027,0.000023,0.000021,0.000076,0.000109,0.000117,0.000121,0.000160,0.000185,0.000237,0.000051,0.000156,0.000292,0.000416
49,,,,,,,,,,,,,,0.000003,0.000067,0.000033,0.000028,0.000033,0.000034,0.000042,0.000045,0.000050,0.000039,0.000049,0.000055,0.000048,0.000045,0.000042,0.000047,0.000051,0.000056,0.000034,0.000032,0.000026,0.000035,0.000033,0.000038,0.000027,0.000025,0.000123,0.000197,0.000276,0.000308,0.000324,0.000242,0.000167,0.000027,0.000051,0.000091,0.000112
50,,,,,,,,,,,,,,0.000015,0.000319,0.000149,0.000131,0.000100,0.000068,0.000069,0.000062,0.000073,0.000080,0.000096,0.000089,0.000099,0.000098,0.000088,0.000081,0.000066,0.000046,0.000039,0.000028,0.000021,0.000024,0.000015,0.000019,0.000035,0.000028,0.000070,0.000107,0.000167,0.000253,0.000302,0.000257,0.000203,0.000034,0.000196,0.000279,0.000554
51,,,,,,,,,,,,,,0.000016,0.000520,0.000279,0.000340,0.000395,0.000371,0.000317,0.000314,0.000290,0.000198,0.000190,0.000134,0.000115,0.000101,0.000084,0.000075,0.000078,0.000063,0.000050,0.000048,0.000033,0.000085,0.000140,0.000183,0.000157,0.000047,0.000067,0.000059,0.000035,0.000027,0.000019,0.000015,0.000014,0.000006,0.000017,0.000028,0.000050
52,,,,,,,,,,,,,,0.000005,0.000118,0.000063,0.000061,0.000068,0.000069,0.000105,0.000143,0.000160,0.000151,0.000155,0.000117,0.000087,0.000072,0.000063,0.000056,0.000059,0.000040,0.000031,0.000040,0.000039,0.000053,0.000069,0.000100,0.000124,0.000083,0.000389,0.000409,0.000390,0.000306,0.000227,0.000156,0.000129,0.000017,0.000050,0.000095,0.000143
53,,,,,,,,,,,,,,0.000004,0.000073,0.000039,0.000043,0.000043,0.000037,0.000039,0.000036,0.000051,0.000053,0.000058,0.000065,0.000076,0.000091,0.000116,0.000157,0.000250,0.000312,0.000383,0.000540,0.000621,0.000764,0.000712,0.000634,0.000204,0.000100,0.000270,0.000183,0.000120,0.000087,0.000069,0.000050,0.000035,0.000007,0.000038,0.000091,0.000146
54,,,,,,,,,,,,,,0.000005,0.000089,0.000046,0.000051,0.000048,0.000042,0.000043,0.000046,0.000045,0.000049,0.000047,0.000047,0.000053,0.000059,0.000071,0.000092,0.000073,0.000065,0.000058,0.000060,0.000064,0.000068,0.000079,0.000110,0.000072,0.000044,0.000085,0.000103,0.000121,0.000181,0.000236,0.000211,0.000139,0.000019,0.000033,0.000040,0.000060
55,,,,,,,,,,,,,,0.000009,0.000287,0.000166,0.000200,0.000204,0.000198,0.000242,0.000322,0.000392,0.000418,0.000494,0.000466,0.000469,0.000432,0.000378,0.000326,0.000274,0.000194,0.000146,0.000139,0.000108,0.000088,0.000066,0.000056,0.000028,0.000019,0.000047,0.000044,0.000038,0.000036,0.000035,0.000030,0.000028,0.000006,0.000011,0.000034,0.000061
56,,,,,,,,,,,,,,0.000002,0.000042,0.000029,0.000026,0.000020,0.000017,0.000027,0.000043,0.000063,0.000078,0.000118,0.000165,0.000147,0.000144,0.000149,0.000172,0.000147,0.000099,0.000088,0.000098,0.000103,0.000139,0.000180,0.000239,0.000124,0.000114,0.000562,0.000540,0.000403,0.000261,0.000158,0.000084,0.000045,0.000005,0.000025,0.000047,0.000113
57,,,,,,,,,,,,,,0.000007,0.000117,0.000085,0.000061,0.000062,0.000072,0.000093,0.000116,0.000131,0.000110,0.000100,0.000091,0.000088,0.000117,0.000088,0.000076,0.000060,0.000057,0.000046,0.000042,0.000043,0.000038,0.000053,0.000062,0.000051,0.000036,0.000097,0.000102,0.000117,0.000105,0.000116,0.000129,0.000122,0.000052,0.000128,0.000094,0.000130
58,,,,,,,,,,,,,,0.000002,0.000035,0.000027,0.000031,0.000036,0.000035,0.000043,0.000060,0.000109,0.000157,0.000274,0.000346,0.000430,0.000483,0.000524,0.000604,0.000683,0.000592,0.000489,0.000423,0.000305,0.000281,0.000219,0.000168,0.000061,0.000029,0.000091,0.000067,0.000057,0.000056,0.000053,0.000041,0.000038,0.000007,0.000032,0.000059,0.000081
59,,,,,,,,,,,,,,0.000002,0.000043,0.000033,0.000060,0.000037,0.000019,0.000020,0.000025,0.000028,0.000029,0.000035,0.000029,0.000023,0.000027,0.000024,0.000027,0.000036,0.000047,0.000057,0.000069,0.000062,0.000069,0.000098,0.000137,0.000085,0.000083,0.000484,0.000533,0.000498,0.000436,0.000389,0.000324,0.000250,0.000031,0.000075,0.000057,0.000062
60,,,,,,,,,,,,,,0.000007,0.000199,0.000176,0.000304,0.000432,0.000475,0.000581,0.000712,0.000746,0.000624,0.000601,0.000475,0.000405,0.000342,0.000291,0.000293,0.000256,0.000203,0.000143,0.000116,0.000075,0.000067,0.000049,0.000044,0.000031,0.000027,0.000092,0.000075,0.000049,0.000024,0.000014,0.000008,0.000005,0.000007,0.000043,0.000106,0.000143
61,,,,,,,,,,,,,,0.000003,0.000121,0.000103,0.000104,0.000071,0.000038,0.000036,0.000047,0.000048,0.000056,0.000052,0.000043,0.000041,0.000045,0.000048,0.000055,0.000079,0.000114,0.000152,0.000217,0.000261,0.000400,0.000459,0.000498,0.000207,0.000131,0.000499,0.000375,0.000239,0.000156,0.000107,0.000064,0.000034,0.000005,0.000017,0.000022,0.000043
62,,,,,,,,,,,,,,0.000020,0.000185,0.000231,0.000083,0.000074,0.000055,0.000073,0.000112,0.000180,0.000216,0.000295,0.000284,0.000337,0.000362,0.000366,0.000455,0.000382,0.000277,0.000230,0.000190,0.000153,0.000177,0.000132,0.000112,0.000054,0.000034,0.000050,0.000034,0.000034,0.000017,0.000014,0.000016,0.000026,0.000021,0.000195,0.000673,0.001110
63,,,,,,,,,,,,,,0.000002,0.000033,0.000013,0.000016,0.000026,0.000045,0.000079,0.000117,0.000138,0.000115,0.000125,0.000097,0.000089,0.000092,0.000096,0.000122,0.000157,0.000173,0.000195,0.000306,0.000331,0.000434,0.000417,0.000343,0.000203,0.000102,0.000248,0.000201,0.000150,0.000113,0.000087,0.000059,0.000038,0.000004,0.000013,0.000022,0.000048
64,,,,,,,,,,,,,,0.000006,0.000193,0.000151,0.000167,0.000112,0.000091,0.000090,0.000097,0.000086,0.000068,0.000062,0.000048,0.000034,0.000027,0.000024,0.000020,0.000030,0.000044,0.000061,0.000084,0.000072,0.000046,0.000047,0.000046,0.000037,0.000054,0.000092,0.000075,0.000054,0.000041,0.000030,0.000026,0.000019,0.000005,0.000024,0.000043,0.000062
65,,,,,,,,,,,,,,0.000009,0.000200,0.000106,0.000119,0.000115,0.000093,0.000091,0.000089,0.000093,0.000068,0.000069,0.000057,0.000057,0.000056,0.000048,0.000044,0.000045,0.000046,0.000043,0.000044,0.000038,0.000033,0.000026,0.000034,0.000013,0.000017,0.000031,0.000032,0.000037,0.000072,0.000121,0.000144,0.000156,0.000029,0.000077,0.000106,0.000202
66,,,,,,,,,,,,,,0.000002,0.000096,0.000096,0.000205,0.000325,0.000389,0.000397,0.000463,0.000552,0.000588,0.000680,0.000729,0.000826,0.000947,0.001051,0.001167,0.001218,0.000965,0.000656,0.000406,0.000232,0.000173,0.000145,0.000185,0.000126,0.000033,0.000056,0.000052,0.000042,0.000032,0.000029,0.000025,0.000020,0.000006,0.000022,0.000037,0.000047
67,,,,,,,,,,,,,,0.000010,0.000150,0.000068,0.000068,0.000064,0.000054,0.000066,0.000071,0.000087,0.000074,0.000089,0.000074,0.000064,0.000054,0.000044,0.000042,0.000047,0.000050,0.000068,0.000093,0.000099,0.000158,0.000206,0.000244,0.000091,0.000053,0.000214,0.000186,0.000148,0.000119,0.000114,0.000101,0.000086,0.000023,0.000147,0.000270,0.000437
68,,,,,,,,,,,,,,0.000004,0.000125,0.000070,0.000092,0.000096,0.000078,0.000085,0.000096,0.000102,0.000088,0.000097,0.000074,0.000075,0.000075,0.000074,0.000063,0.000057,0.000054,0.000050,0.000056,0.000044,0.000029,0.000030,0.000039,0.000020,0.000017,0.000092,0.000144,0.000205,0.000242,0.000291,0.000312,0.000299,0.000023,0.000059,0.000078,0.000120
69,,,,,,,,,,,,,,0.000010,0.000091,0.000047,0.000056,0.000063,0.000061,0.000055,0.000060,0.000058,0.000056,0.000051,0.000057,0.000063,0.000058,0.000048,0.000039,0.000041,0.000041,0.000040,0.000054,0.000044,0.000050,0.000055,0.000070,0.000043,0.000033,0.000081,0.000064,0.000047,0.000051,0.000069,0.000092,0.000144,0.000050,0.000157,0.000325,0.000349
70,,,,,,,,,,,,,,0.000005,0.000135,0.000087,0.000127,0.000243,0.000358,0.000423,0.000541,0.000694,0.000788,0.000873,0.000866,0.000885,0.000866,0.000768,0.000637,0.000577,0.000462,0.000379,0.000339,0.000235,0.000192,0.000142,0.000127,0.000044,0.000034,0.000083,0.000067,0.000048,0.000033,0.000022,0.000017,0.000009,0.000004,0.000017,0.000038,0.000062
71,,,,,,,,,,,,,,0.000003,0.000059,0.000038,0.000044,0.000051,0.000044,0.000057,0.000073,0.000074,0.000064,0.000073,0.000080,0.000074,0.000072,0.000073,0.000093,0.000116,0.000129,0.000140,0.000212,0.000185,0.000163,0.000115,0.000091,0.000173,0.000081,0.000124,0.000092,0.000068,0.000044,0.000032,0.000020,0.000012,0.000003,0.000018,0.000043,0.000073
72,,,,,,,,,,,,,,0.000007,0.000079,0.000044,0.000044,0.000041,0.000031,0.000031,0.000031,0.000028,0.000024,0.000029,0.000036,0.000027,0.000025,0.000029,0.000027,0.000030,0.000020,0.000026,0.000030,0.000035,0.000042,0.000034,0.000040,0.000039,0.000018,0.000068,0.000114,0.000173,0.000205,0.000239,0.000252,0.000271,0.000059,0.000206,0.000304,0.000311
73,,,,,,,,,,,,,,0.000007,0.000129,0.000105,0.000117,0.000097,0.000077,0.000062,0.000071,0.000080,0.000104,0.000107,0.000109,0.000081,0.000089,0.000105,0.000144,0.000225,0.000249,0.000208,0.000207,0.000162,0.000172,0.000244,0.000361,0.000326,0.000108,0.000159,0.000127,0.000118,0.000104,0.000092,0.000065,0.000046,0.000005,0.000017,0.000034,0.000063
74,,,,,,,,,,,,,,0.000011,0.000159,0.000077,0.000064,0.000061,0.000049,0.000062,0.000089,0.000123,0.000142,0.000187,0.000179,0.000211,0.000237,0.000265,0.000302,0.000364,0.000371,0.000380,0.000360,0.000235,0.000177,0.000125,0.000095,0.000037,0.000029,0.000164,0.000263,0.000357,0.000391,0.000307,0.000180,0.000102,0.000008,0.000067,0.000196,0.000428
75,,,,,,,,,,,,,,0.000005,0.000056,0.000032,0.000032,0.000036,0.000028,0.000031,0.000031,0.000037,0.000037,0.000041,0.000039,0.000031,0.000026,0.000028,0.000035,0.000033,0.000033,0.000037,0.000047,0.000041,0.000046,0.000033,0.000030,0.000029,0.000041,0.000037,0.000043,0.000050,0.000059,0.000069,0.000078,0.000094,0.000045,0.000112,0.000147,0.000200
76,,,,,,,,,,,,,,0.000001,0.000059,0.000059,0.000115,0.000177,0.000280,0.000548,0.000950,0.001408,0.001505,0.001822,0.001675,0.001518,0.001331,0.001028,0.000866,0.000727,0.000587,0.000466,0.000411,0.000241,0.000205,0.000157,0.000132,0.000056,0.000044,0.000218,0.000252,0.000259,0.000223,0.000170,0.000114,0.000063,0.000009,0.000031,0.000015,0.000013
77,,,,,,,,,,,,,,0.000004,0.000090,0.000072,0.000065,0.000058,0.000047,0.000063,0.000084,0.000086,0.000084,0.000099,0.000100,0.000087,0.000078,0.000078,0.000090,0.000120,0.000177,0.000254,0.000385,0.000497,0.000662,0.000591,0.000493,0.000142,0.000065,0.000150,0.000093,0.000064,0.000044,0.000035,0.000026,0.000020,0.000004,0.000020,0.000041,0.000073
78,,,,,,,,,,,,,,0.000020,0.000323,0.000162,0.000180,0.000158,0.000088,0.000063,0.000054,0.000056,0.000040,0.000048,0.000045,0.000042,0.000042,0.000039,0.000049,0.000064,0.000056,0.000045,0.000055,0.000046,0.000041,0.000036,0.000035,0.000023,0.000023,0.000032,0.000031,0.000030,0.000037,0.000056,0.000067,0.000049,0.000014,0.000115,0.000390,0.000732
79,,,,,,,,,,,,,,0.000002,0.000020,0.000012,0.000013,0.000026,0.000079,0.000201,0.000397,0.000653,0.000853,0.000927,0.000853,0.000788,0.000641,0.000463,0.000340,0.000254,0.000184,0.000135,0.000121,0.000085,0.000074,0.000060,0.000044,0.000019,0.000015,0.000040,0.000048,0.000062,0.000074,0.000075,0.000078,0.000075,0.000022,0.000073,0.000086,0.000086
80,,,,,,,,,,,,,,0.000002,0.000054,0.000040,0.000060,0.000092,0.000130,0.000206,0.000338,0.000553,0.000645,0.000689,0.000676,0.000684,0.000675,0.000642,0.000581,0.000533,0.000412,0.000332,0.000272,0.000182,0.000158,0.000124,0.000107,0.000033,0.000021,0.000083,0.000080,0.000070,0.000058,0.000049,0.000037,0.000029,0.000002,0.000013,0.000026,0.000042
81,,,,,,,,,,,,,,0.000037,0.000631,0.000287,0.000254,0.000191,0.000125,0.000108,0.000107,0.000110,0.000104,0.000111,0.000088,0.000071,0.000063,0.000044,0.000041,0.000047,0.000051,0.000055,0.000055,0.000040,0.000046,0.000044,0.000040,0.000029,0.000019,0.000029,0.000030,0.000028,0.000020,0.000020,0.000013,0.000012,0.000007,0.000024,0.000035,0.000066
82,,,,,,,,,,,,,,0.000005,0.000054,0.000027,0.000037,0.000032,0.000036,0.000053,0.000069,0.000093,0.000076,0.000065,0.000050,0.000034,0.000032,0.000044,0.000073,0.000139,0.000201,0.000222,0.000239,0.000214,0.000144,0.000088,0.000063,0.000021,0.000019,0.000083,0.000097,0.000127,0.000164,0.000164,0.000136,0.000106,0.000025,0.000092,0.000147,0.000218
83,,,,,,,,,,,,,,0.000006,0.000069,0.000047,0.000048,0.000048,0.000033,0.000044,0.000050,0.000048,0.000047,0.000059,0.000061,0.000053,0.000050,0.000047,0.000055,0.000055,0.000075,0.000073,0.000084,0.000061,0.000055,0.000058,0.000065,0.000130,0.000080,0.000124,0.000101,0.000072,0.000056,0.000049,0.000036,0.000027,0.000013,0.000068,0.000132,0.000156
84,,,,,,,,,,,,,,0.000012,0.000158,0.000088,0.000091,0.000085,0.000057,0.000063,0.000063,0.000061,0.000060,0.000064,0.000050,0.000052,0.000047,0.000049,0.000062,0.000064,0.000051,0.000048,0.000045,0.000030,0.000037,0.000037,0.000035,0.000018,0.000013,0.000032,0.000035,0.000034,0.000036,0.000047,0.000062,0.000098,0.000036,0.000202,0.000504,0.000562
85,,,,,,,,,,,,,,0.000004,0.000076,0.000041,0.000055,0.000056,0.000047,0.000059,0.000103,0.000183,0.000226,0.000296,0.000320,0.000359,0.000366,0.000400,0.000352,0.000272,0.000186,0.000134,0.000121,0.000101,0.000110,0.000121,0.000155,0.000077,0.000059,0.000245,0.000211,0.000165,0.000127,0.000098,0.000065,0.000037,0.000004,0.000031,0.000052,0.000090
86,,,,,,,,,,,,,,0.000008,0.000187,0.000103,0.000111,0.000151,0.000109,0.000116,0.000115,0.000122,0.000123,0.000122,0.000123,0.000141,0.000142,0.000135,0.000113,0.000106,0.000077,0.000056,0.000064,0.000053,0.000062,0.000065,0.000086,0.000032,0.000021,0.000067,0.000059,0.000051,0.000059,0.000088,0.000069,0.000053,0.000010,0.000040,0.000089,0.000140
87,,,,,,,,,,,,,,0.000029,0.000311,0.000145,0.000130,0.000116,0.000079,0.000080,0.000082,0.000090,0.000073,0.000077,0.000064,0.000060,0.000056,0.000053,0.000066,0.000081,0.000077,0.000075,0.000077,0.000038,0.000037,0.000031,0.000024,0.000016,0.000017,0.000066,0.000079,0.000078,0.000075,0.000076,0.000046,0.000033,0.000011,0.000106,0.000451,0.000923
88,,,,,,,,,,,,,,0.000003,0.000061,0.000056,0.000055,0.000062,0.000078,0.000150,0.000301,0.000540,0.000805,0.000915,0.000975,0.000955,0.000881,0.000716,0.000526,0.000421,0.000310,0.000217,0.000169,0.000102,0.000088,0.000070,0.000057,0.000028,0.000020,0.000038,0.000027,0.000021,0.000015,0.000015,0.000009,0.000005,0.000004,0.000015,0.000027,0.000046
89,,,,,,,,,,,,,,0.000004,0.000056,0.000039,0.000036,0.000035,0.000038,0.000070,0.000123,0.000186,0.000203,0.000267,0.000237,0.000232,0.000248,0.000296,0.000375,0.000502,0.000450,0.000414,0.000372,0.000272,0.000199,0.000111,0.000089,0.000034,0.000027,0.000063,0.000052,0.000039,0.000031,0.000025,0.000021,0.000014,0.000005,0.000030,0.000059,0.000074
90,,,,,,,,,,,,,,0.000007,0.000154,0.000090,0.000106,0.000104,0.000094,0.000097,0.000099,0.000101,0.000078,0.000083,0.000073,0.000075,0.000089,0.000097,0.000114,0.000149,0.000167,0.000160,0.000156,0.000110,0.000098,0.000071,0.000071,0.000028,0.000021,0.000069,0.000086,0.000099,0.000111,0.000145,0.000174,0.000151,0.000030,0.000084,0.000103,0.000220
91,,,,,,,,,,,,,,0.000002,0.000045,0.000042,0.000048,0.000053,0.000049,0.000053,0.000065,0.000064,0.000057,0.000073,0.000075,0.000083,0.000094,0.000107,0.000112,0.000111,0.000093,0.000081,0.000072,0.000061,0.000058,0.000058,0.000069,0.000034,0.000036,0.000224,0.000329,0.000387,0.000362,0.000297,0.000240,0.000168,0.000017,0.000064,0.000046,0.000054
92,,,,,,,,,,,,,,0.000003,0.000061,0.000047,0.000062,0.000073,0.000065,0.000082,0.000122,0.000171,0.000170,0.000244,0.000254,0.000318,0.000371,0.000435,0.000539,0.000760,0.000972,0.001050,0.000999,0.000610,0.000448,0.000304,0.000235,0.000075,0.000050,0.000143,0.000122,0.000088,0.000073,0.000063,0.000048,0.000044,0.000007,0.000025,0.000047,0.000074
93,,,,,,,,,,,,,,0.000002,0.000052,0.000032,0.000037,0.000037,0.000057,0.000104,0.000181,0.000372,0.000564,0.000645,0.000663,0.000684,0.000708,0.000581,0.000443,0.000332,0.000235,0.000186,0.000176,0.000153,0.000201,0.000195,0.000195,0.000165,0.000063,0.000065,0.000051,0.000041,0.000033,0.000029,0.000022,0.000018,0.000003,0.000015,0.000026,0.000043
94,,,,,,,,,,,,,,0.000015,0.000401,0.000312,0.000282,0.000329,0.000282,0.000341,0.000408,0.000493,0.000455,0.000520,0.000441,0.000369,0.000320,0.000236,0.000206,0.000192,0.000163,0.000156,0.000151,0.000145,0.000161,0.000238,0.000251,0.000082,0.000059,0.000162,0.000109,0.000073,0.000042,0.000030,0.000018,0.000014,0.000011,0.000064,0.000052,0.000071
95,,,,,,,,,,,,,,0.000009,0.000292,0.000223,0.000318,0.000408,0.000388,0.000399,0.000456,0.000430,0.000382,0.000418,0.000401,0.000414,0.000477,0.000519,0.000669,0.000829,0.000892,0.000835,0.000803,0.000525,0.000433,0.000295,0.000251,0.000095,0.000043,0.000150,0.000126,0.000102,0.000076,0.000063,0.000049,0.000042,0.000008,0.000025,0.000054,0.000122
96,,,,,,,,,,,,,,0.000004,0.000082,0.000059,0.000075,0.000073,0.000069,0.000081,0.000107,0.000133,0.000145,0.000149,0.000131,0.000131,0.000150,0.000186,0.000227,0.000266,0.000277,0.000316,0.000408,0.000286,0.000227,0.000131,0.000083,0.000032,0.000018,0.000027,0.000022,0.000021,0.000019,0.000018,0.000014,0.000016,0.000009,0.000058,0.000104,0.000100
97,,,,,,,,,,,,,,0.000007,0.000183,0.000484,0.000267,0.000396,0.000424,0.000475,0.000533,0.000574,0.000488,0.000480,0.000414,0.000361,0.000329,0.000272,0.000235,0.000223,0.000180,0.000164,0.000142,0.000103,0.000104,0.000092,0.000091,0.000058,0.000025,0.000057,0.000040,0.000027,0.000020,0.000015,0.000008,0.000011,0.000008,0.000055,0.000122,0.000169
98,,,,,,,,,,,,,,0.000002,0.000040,0.000037,0.000042,0.000076,0.000128,0.000222,0.000388,0.000538,0.000566,0.000677,0.000653,0.000701,0.000801,0.000911,0.000973,0.001048,0.000938,0.000771,0.000598,0.000352,0.000282,0.000214,0.000202,0.000080,0.000058,0.000254,0.000223,0.000168,0.000116,0.000070,0.000041,0.000019,0.000003,0.000013,0.000024,0.000044
99,,,,,,,,,,,,,,0.000013,0.000204,0.000113,0.000094,0.000084,0.000098,0.000124,0.000174,0.000182,0.000153,0.000161,0.000109,0.000095,0.000093,0.000097,0.000116,0.000169,0.000236,0.000312,0.000488,0.000449,0.000470,0.000400,0.000331,0.000124,0.000049,0.000143,0.000134,0.000118,0.000096,0.000075,0.000056,0.000042,0.000006,0.000012,0.000024,0.000043
100,,,,,,,,,,,,,,0.000005,0.000077,0.000039,0.000049,0.000042,0.000034,0.000041,0.000053,0.000060,0.000075,0.000075,0.000060,0.000063,0.000065,0.000062,0.000087,0.000141,0.000193,0.000246,0.000352,0.000276,0.000260,0.000171,0.000109,0.000052,0.000030,0.000057,0.000069,0.000069,0.000054,0.000034,0.000027,0.000056,0.000020,0.000065,0.000124,0.000168
101,,,,,,,,,,,,,,0.000008,0.000124,0.000108,0.000135,0.000280,0.000431,0.000623,0.000779,0.000810,0.000692,0.000718,0.000640,0.000476,0.000364,0.000247,0.000181,0.000156,0.000134,0.000111,0.000111,0.000085,0.000080,0.000066,0.000055,0.000025,0.000023,0.000048,0.000043,0.000036,0.000026,0.000025,0.000023,0.000015,0.000003,0.000014,0.000030,0.000066
102,,,,,,,,,,,,,,0.000009,0.000175,0.000116,0.000151,0.000192,0.000195,0.000263,0.000355,0.000464,0.000402,0.000407,0.000300,0.000263,0.000237,0.000214,0.000245,0.000252,0.000286,0.000374,0.000479,0.000431,0.000411,0.000369,0.000352,0.000128,0.000076,0.000243,0.000160,0.000099,0.000053,0.000034,0.000022,0.000020,0.000011,0.000040,0.000080,0.000096
103,,,,,,,,,,,,,,0.000005,0.000093,0.000061,0.000090,0.000098,0.000112,0.000154,0.000218,0.000290,0.000318,0.000440,0.000389,0.000391,0.000374,0.000364,0.000409,0.000385,0.000319,0.000284,0.000296,0.000184,0.000156,0.000118,0.000115,0.000044,0.000030,0.000116,0.000147,0.000184,0.000239,0.000247,0.000228,0.000218,0.000032,0.000068,0.000083,0.000115
104,,,,,,,,,,,,,,0.000002,0.000064,0.000068,0.000120,0.000174,0.000239,0.000383,0.000486,0.000513,0.000419,0.000438,0.000361,0.000297,0.000233,0.000183,0.000161,0.000168,0.000237,0.000209,0.000149,0.000078,0.000060,0.000049,0.000047,0.000027,0.000018,0.000042,0.000039,0.000033,0.000024,0.000020,0.000018,0.000016,0.000005,0.000023,0.000079,0.000086
105,,,,,,,,,,,,,,0.000011,0.000305,0.000145,0.000120,0.000091,0.000065,0.000065,0.000084,0.000122,0.000081,0.000072,0.000059,0.000047,0.000039,0.000030,0.000031,0.000033,0.000037,0.000049,0.000077,0.000132,0.000189,0.000203,0.000247,0.000194,0.000112,0.000369,0.000291,0.000183,0.000106,0.000062,0.000030,0.000013,0.000002,0.000011,0.000035,0.000067
106,,,,,,,,,,,,,,0.000004,0.000159,0.000170,0.000340,0.000394,0.000330,0.000296,0.000243,0.000198,0.000159,0.000157,0.000146,0.000118,0.000117,0.000098,0.000103,0.000114,0.000119,0.000149,0.000218,0.000351,0.000453,0.000267,0.000206,0.000075,0.000068,0.000329,0.000296,0.000228,0.000150,0.000107,0.000069,0.000047,0.000005,0.000016,0.000033,0.000044
107,,,,,,,,,,,,,,0.000005,0.000047,0.000031,0.000049,0.000110,0.000203,0.000360,0.000541,0.000664,0.000663,0.000773,0.000785,0.000713,0.000666,0.000570,0.000551,0.000518,0.000440,0.000336,0.000311,0.000193,0.000186,0.000160,0.000163,0.000072,0.000057,0.000263,0.000276,0.000259,0.000262,0.000252,0.000194,0.000144,0.000016,0.000052,0.000122,0.000170
108,,,,,,,,,,,,,,0.000016,0.000384,0.000272,0.000328,0.000305,0.000236,0.000209,0.000190,0.000173,0.000127,0.000127,0.000087,0.000068,0.000055,0.000047,0.000041,0.000038,0.000033,0.000035,0.000046,0.000034,0.000042,0.000040,0.000045,0.000030,0.000020,0.000031,0.000026,0.000020,0.000024,0.000028,0.000032,0.000035,0.000009,0.000026,0.000038,0.000057
109,,,,,,,,,,,,,,0.000003,0.000055,0.000041,0.000046,0.000067,0.000087,0.000082,0.000083,0.000093,0.000089,0.000104,0.000096,0.000114,0.000118,0.000096,0.000110,0.000143,0.000145,0.000163,0.000265,0.000260,0.000223,0.000141,0.000090,0.000047,0.000020,0.000047,0.000056,0.000077,0.000101,0.000116,0.000109,0.000085,0.000012,0.000026,0.000035,0.000048
110,,,,,,,,,,,,,,0.000008,0.000074,0.000041,0.000044,0.000039,0.000021,0.000027,0.000038,0.000047,0.000055,0.000099,0.000107,0.000127,0.000127,0.000134,0.000151,0.000174,0.000150,0.000135,0.000151,0.000150,0.000211,0.000211,0.000208,0.000066,0.000036,0.000109,0.000093,0.000105,0.000113,0.000126,0.000122,0.000145,0.000034,0.000151,0.000344,0.000426
111,,,,,,,,,,,,,,0.000006,0.000113,0.000093,0.000082,0.000082,0.000076,0.000074,0.000078,0.000075,0.000059,0.000051,0.000031,0.000021,0.000017,0.000020,0.000023,0.000028,0.000039,0.000053,0.000071,0.000082,0.000080,0.000076,0.000071,0.000221,0.000101,0.000112,0.000093,0.000116,0.000137,0.000138,0.000123,0.000086,0.000014,0.000062,0.000122,0.000137
112,,,,,,,,,,,,,,0.000011,0.000170,0.000081,0.000097,0.000109,0.000145,0.000202,0.000313,0.000396,0.000355,0.000409,0.000359,0.000351,0.000333,0.000345,0.000371,0.000433,0.000384,0.000311,0.000275,0.000190,0.000161,0.000115,0.000087,0.000036,0.000037,0.000099,0.000080,0.000073,0.000062,0.000055,0.000051,0.000051,0.000006,0.000049,0.000130,0.000214
113,,,,,,,,,,,,,,0.000002,0.000037,0.000027,0.000029,0.000023,0.000023,0.000058,0.000159,0.000313,0.000431,0.000645,0.000724,0.000781,0.000794,0.000770,0.000708,0.000670,0.000598,0.000505,0.000455,0.000307,0.000236,0.000181,0.000141,0.000054,0.000030,0.000095,0.000092,0.000090,0.000082,0.000073,0.000052,0.000029,0.000006,0.000014,0.000008,0.000019
114,,,,,,,,,,,,,,0.000004,0.000096,0.000076,0.000076,0.000065,0.000044,0.000045,0.000051,0.000048,0.000043,0.000047,0.000041,0.000036,0.000030,0.000023,0.000021,0.000020,0.000020,0.000022,0.000036,0.000057,0.000101,0.000143,0.000170,0.000092,0.000054,0.000195,0.000169,0.000122,0.000095,0.000084,0.000068,0.000044,0.000009,0.000023,0.000044,0.000074
115,,,,,,,,,,,,,,0.000004,0.000062,0.000064,0.000054,0.000058,0.000068,0.000098,0.000218,0.000426,0.000569,0.000818,0.000883,0.000943,0.000987,0.000952,0.000943,0.000874,0.000675,0.000504,0.000453,0.000278,0.000218,0.000149,0.000110,0.000043,0.000029,0.000065,0.000062,0.000045,0.000031,0.000025,0.000019,0.000017,0.000007,0.000024,0.000050,0.000075
116,,,,,,,,,,,,,,0.000005,0.000085,0.000052,0.000053,0.000052,0.000042,0.000041,0.000043,0.000045,0.000044,0.000046,0.000045,0.000051,0.000056,0.000071,0.000074,0.000076,0.000094,0.000130,0.000168,0.000172,0.000229,0.000299,0.000383,0.000278,0.000098,0.000129,0.000099,0.000089,0.000078,0.000071,0.000061,0.000053,0.000005,0.000040,0.000101,0.000169
117,,,,,,,,,,,,,,0.000037,0.000572,0.000335,0.000353,0.000351,0.000274,0.000306,0.000321,0.000309,0.000250,0.000269,0.000208,0.000168,0.000138,0.000109,0.000097,0.000109,0.000096,0.000105,0.000098,0.000054,0.000036,0.000033,0.000036,0.000017,0.000017,0.000047,0.000053,0.000057,0.000067,0.000082,0.000070,0.000080,0.000019,0.000134,0.000605,0.001300
118,,,,,,,,,,,,,,0.000025,0.000423,0.000288,0.000307,0.000290,0.000199,0.000193,0.000187,0.000155,0.000126,0.000145,0.000132,0.000128,0.000091,0.000069,0.000053,0.000056,0.000046,0.000029,0.000042,0.000038,0.000042,0.000044,0.000047,0.000019,0.000015,0.000062,0.000077,0.000085,0.000077,0.000078,0.000066,0.000058,0.000013,0.000102,0.000247,0.000411
119,,,,,,,,,,,,,,0.000038,0.000640,0.000336,0.000340,0.000280,0.000195,0.000179,0.000161,0.000140,0.000113,0.000115,0.000095,0.000078,0.000064,0.000051,0.000040,0.000044,0.000041,0.000043,0.000065,0.000093,0.000113,0.000112,0.000116,0.000100,0.000079,0.000104,0.000087,0.000076,0.000062,0.000055,0.000044,0.000052,0.000020,0.000111,0.000244,0.000369
120,,,,,,,,,,,,,,0.000003,0.000070,0.000043,0.000044,0.000049,0.000073,0.000141,0.000280,0.000453,0.000603,0.000712,0.000582,0.000571,0.000517,0.000426,0.000317,0.000243,0.000164,0.000116,0.000106,0.000074,0.000068,0.000050,0.000040,0.000019,0.000017,0.000044,0.000044,0.000041,0.000031,0.000023,0.000015,0.000011,0.000004,0.000023,0.000034,0.000060
121,,,,,,,,,,,,,,0.000003,0.000051,0.000038,0.000042,0.000042,0.000035,0.000040,0.000045,0.000038,0.000039,0.000040,0.000036,0.000031,0.000032,0.000035,0.000030,0.000033,0.000034,0.000040,0.000039,0.000032,0.000040,0.000032,0.000026,0.000019,0.000014,0.000031,0.000032,0.000036,0.000050,0.000070,0.000115,0.000137,0.000021,0.000063,0.000090,0.000109
122,,,,,,,,,,,,,,0.000007,0.000135,0.000095,0.000080,0.000084,0.000070,0.000080,0.000091,0.000120,0.000153,0.000257,0.000336,0.000467,0.000622,0.000764,0.000828,0.000881,0.000686,0.000480,0.000337,0.000185,0.000148,0.000108,0.000090,0.000031,0.000025,0.000078,0.000072,0.000066,0.000056,0.000044,0.000029,0.000020,0.000002,0.000010,0.000033,0.000061
123,,,,,,,,,,,,,,0.000011,0.000275,0.000161,0.000190,0.000182,0.000128,0.000120,0.000137,0.000138,0.000115,0.000135,0.000121,0.000104,0.000098,0.000088,0.000084,0.000082,0.000069,0.000057,0.000057,0.000045,0.000040,0.000034,0.000034,0.000021,0.000015,0.000028,0.000022,0.000018,0.000013,0.000010,0.000007,0.000008,0.000005,0.000041,0.000101,0.000159
124,,,,,,,,,,,,,,0.000002,0.000048,0.000037,0.000049,0.000085,0.000095,0.000126,0.000183,0.000254,0.000340,0.000453,0.000496,0.000538,0.000577,0.000551,0.000445,0.000363,0.000286,0.000218,0.000171,0.000113,0.000102,0.000088,0.000089,0.000039,0.000029,0.000106,0.000111,0.000096,0.000079,0.000074,0.000058,0.000042,0.000006,0.000016,0.000027,0.000039
125,,,,,,,,,,,,,,0.000003,0.000047,0.000061,0.000066,0.000077,0.000080,0.000108,0.000155,0.000235,0.000239,0.000269,0.000221,0.000246,0.000284,0.000275,0.000278,0.000274,0.000257,0.000172,0.000148,0.000093,0.000063,0.000033,0.000030,0.000020,0.000012,0.000019,0.000013,0.000010,0.000013,0.000014,0.000021,0.000052,0.000017,0.000062,0.000112,0.000164
126,,,,,,,,,,,,,,0.000008,0.000297,0.000518,0.000623,0.000507,0.000368,0.000368,0.000344,0.000312,0.000236,0.000213,0.000174,0.000133,0.000127,0.000106,0.000082,0.000071,0.000079,0.000074,0.000066,0.000052,0.000063,0.000048,0.000046,0.000045,0.000028,0.000029,0.000019,0.000019,0.000018,0.000017,0.000017,0.000011,0.000012,0.000050,0.000081,0.000123
127,,,,,,,,,,,,,,0.000023,0.000312,0.000137,0.000135,0.000121,0.000090,0.000090,0.000085,0.000079,0.000071,0.000074,0.000056,0.000050,0.000046,0.000035,0.000032,0.000027,0.000029,0.000030,0.000040,0.000043,0.000045,0.000029,0.000025,0.000017,0.000010,0.000029,0.000030,0.000027,0.000021,0.000022,0.000020,0.000027,0.000007,0.000050,0.000146,0.000295
128,,,,,,,,,,,,,,0.000005,0.000113,0.000057,0.000055,0.000060,0.000044,0.000053,0.000064,0.000080,0.000075,0.000078,0.000066,0.000060,0.000059,0.000056,0.000060,0.000066,0.000073,0.000086,0.000098,0.000072,0.000068,0.000046,0.000042,0.000016,0.000014,0.000048,0.000048,0.000048,0.000042,0.000035,0.000028,0.000027,0.000010,0.000065,0.000124,0.000151
129,,,,,,,,,,,,,,0.000001,0.000030,0.000025,0.000024,0.000028,0.000021,0.000021,0.000029,0.000036,0.000059,0.000054,0.000061,0.000075,0.000083,0.000092,0.000100,0.000100,0.000097,0.000093,0.000090,0.000071,0.000068,0.000049,0.000037,0.000018,0.000010,0.000025,0.000023,0.000020,0.000018,0.000016,0.000014,0.000010,0.000003,0.000010,0.000016,0.000026
130,,,,,,,,,,,,,,0.000010,0.000217,0.000110,0.000122,0.000103,0.000073,0.000065,0.000071,0.000084,0.000117,0.000137,0.000164,0.000155,0.000200,0.000248,0.000315,0.000440,0.000525,0.000565,0.000485,0.000308,0.000236,0.000171,0.000146,0.000051,0.000032,0.000065,0.000048,0.000031,0.000023,0.000022,0.000020,0.000015,0.000005,0.000025,0.000077,0.000172
131,,,,,,,,,,,,,,0.000021,0.000435,0.000183,0.000152,0.000096,0.000074,0.000066,0.000068,0.000068,0.000078,0.000077,0.000061,0.000050,0.000044,0.000029,0.000026,0.000029,0.000015,0.000024,0.000024,0.000024,0.000037,0.000052,0.000093,0.000102,0.000049,0.000069,0.000057,0.000057,0.000052,0.000054,0.000057,0.000043,0.000013,0.000046,0.000125,0.000416
132,,,,,,,,,,,,,,0.000011,0.000185,0.000106,0.000101,0.000080,0.000066,0.000072,0.000107,0.000196,0.000310,0.000395,0.000409,0.000482,0.000535,0.000461,0.000400,0.000363,0.000306,0.000298,0.000360,0.000282,0.000296,0.000261,0.000226,0.000102,0.000069,0.000204,0.000178,0.000124,0.000074,0.000055,0.000029,0.000018,0.000005,0.000020,0.000052,0.000127
133,,,,,,,,,,,,,,0.000003,0.000074,0.000053,0.000050,0.000044,0.000034,0.000048,0.000083,0.000133,0.000170,0.000228,0.000260,0.000202,0.000183,0.000162,0.000140,0.000122,0.000086,0.000065,0.000057,0.000034,0.000032,0.000023,0.000033,0.000023,0.000024,0.000127,0.000203,0.000269,0.000342,0.000386,0.000296,0.000180,0.000018,0.000040,0.000042,0.000063
134,,,,,,,,,,,,,,0.000007,0.000131,0.000080,0.000083,0.000090,0.000075,0.000077,0.000074,0.000071,0.000075,0.000068,0.000085,0.000085,0.000118,0.000157,0.000234,0.000363,0.000354,0.000283,0.000269,0.000184,0.000132,0.000084,0.000080,0.000035,0.000031,0.000067,0.000057,0.000056,0.000056,0.000062,0.000056,0.000046,0.000007,0.000027,0.000062,0.000065
135,,,,,,,,,,,,,,0.000010,0.000246,0.000123,0.000103,0.000075,0.000052,0.000058,0.000066,0.000055,0.000051,0.000064,0.000065,0.000064,0.000066,0.000056,0.000049,0.000060,0.000054,0.000044,0.000053,0.000064,0.000079,0.000080,0.000076,0.000134,0.000132,0.000114,0.000068,0.000048,0.000033,0.000030,0.000033,0.000033,0.000018,0.000063,0.000122,0.000227
136,,,,,,,,,,,,,,0.000005,0.000100,0.000057,0.000055,0.000054,0.000038,0.000033,0.000035,0.000037,0.000031,0.000036,0.000034,0.000035,0.000038,0.000031,0.000028,0.000030,0.000026,0.000035,0.000042,0.000035,0.000042,0.000053,0.000071,0.000048,0.000043,0.000141,0.000190,0.000233,0.000246,0.000247,0.000201,0.000151,0.000020,0.000043,0.000048,0.000061
137,,,,,,,,,,,,,,0.000001,0.000032,0.000027,0.000026,0.000061,0.000134,0.000290,0.000496,0.000676,0.000698,0.000844,0.000763,0.000644,0.000575,0.000454,0.000384,0.000359,0.000394,0.000415,0.000453,0.000327,0.000325,0.000285,0.000270,0.000131,0.000108,0.000566,0.000666,0.000676,0.000574,0.000444,0.000300,0.000172,0.000021,0.000082,0.000048,0.000041
138,,,,,,,,,,,,,,0.000009,0.000173,0.000134,0.000142,0.000155,0.000153,0.000179,0.000224,0.000289,0.000364,0.000467,0.000493,0.000587,0.000643,0.000654,0.000612,0.000559,0.000435,0.000351,0.000376,0.000280,0.000241,0.000150,0.000102,0.000042,0.000023,0.000038,0.000027,0.000020,0.000009,0.000009,0.000004,0.000002,0.000006,0.000034,0.000083,0.000147
139,,,,,,,,,,,,,,0.000002,0.000036,0.000026,0.000025,0.000021,0.000018,0.000016,0.000019,0.000023,0.000023,0.000025,0.000024,0.000028,0.000024,0.000024,0.000027,0.000031,0.000037,0.000041,0.000055,0.000122,0.000149,0.000144,0.000120,0.000221,0.000077,0.000073,0.000047,0.000037,0.000028,0.000023,0.000021,0.000019,0.000008,0.000017,0.000022,0.000031
140,,,,,,,,,,,,,,0.000005,0.000051,0.000029,0.000036,0.000028,0.000021,0.000017,0.000015,0.000018,0.000027,0.000033,0.000029,0.000028,0.000028,0.000031,0.000030,0.000031,0.000024,0.000021,0.000035,0.000044,0.000099,0.000186,0.000224,0.000102,0.000040,0.000089,0.000090,0.000088,0.000080,0.000072,0.000054,0.000052,0.000015,0.000085,0.000148,0.000180
141,,,,,,,,,,,,,,0.000007,0.000095,0.000073,0.000095,0.000099,0.000074,0.000083,0.000103,0.000115,0.000105,0.000127,0.000103,0.000077,0.000059,0.000060,0.000068,0.000065,0.000065,0.000095,0.000104,0.000085,0.000068,0.000050,0.000041,0.000028,0.000024,0.000041,0.000037,0.000036,0.000063,0.000099,0.000112,0.000153,0.000039,0.000112,0.000164,0.000253
142,,,,,,,,,,,,,,0.000040,0.000529,0.000245,0.000255,0.000223,0.000145,0.000158,0.000159,0.000151,0.000135,0.000167,0.000154,0.000147,0.000147,0.000134,0.000134,0.000131,0.000114,0.000103,0.000107,0.000075,0.000071,0.000058,0.000060,0.000024,0.000022,0.000093,0.000117,0.000116,0.000123,0.000115,0.000123,0.000092,0.000018,0.000077,0.000154,0.000337
143,,,,,,,,,,,,,,0.000013,0.000232,0.000143,0.000110,0.000090,0.000061,0.000046,0.000034,0.000027,0.000031,0.000039,0.000033,0.000037,0.000031,0.000029,0.000038,0.000052,0.000075,0.000130,0.000227,0.000307,0.000463,0.000543,0.000573,0.000243,0.000131,0.000376,0.000255,0.000155,0.000092,0.000062,0.000040,0.000028,0.000005,0.000018,0.000027,0.000077
144,,,,,,,,,,,,,,0.000011,0.000164,0.000086,0.000095,0.000100,0.000084,0.000091,0.000087,0.000100,0.000188,0.000163,0.000147,0.000145,0.000159,0.000161,0.000189,0.000222,0.000248,0.000263,0.000348,0.000382,0.000483,0.000390,0.000265,0.000077,0.000039,0.000081,0.000054,0.000041,0.000028,0.000029,0.000024,0.000030,0.000009,0.000034,0.000077,0.000166
145,,,,,,,,,,,,,,0.000008,0.000281,0.000268,0.000388,0.000523,0.000383,0.000340,0.000297,0.000263,0.000192,0.000183,0.000133,0.000094,0.000073,0.000055,0.000049,0.000041,0.000034,0.000029,0.000031,0.000022,0.000016,0.000021,0.000026,0.000027,0.000020,0.000021,0.000020,0.000024,0.000035,0.000043,0.000056,0.000050,0.000012,0.000049,0.000039,0.000066
146,,,,,,,,,,,,,,0.000010,0.000142,0.000071,0.000088,0.000081,0.000072,0.000096,0.000123,0.000166,0.000191,0.000280,0.000332,0.000383,0.000428,0.000419,0.000507,0.000537,0.000520,0.000523,0.000514,0.000438,0.000542,0.000497,0.000378,0.000144,0.000060,0.000128,0.000109,0.000086,0.000064,0.000049,0.000028,0.000021,0.000002,0.000024,0.000074,0.000126
147,,,,,,,,,,,,,,0.000010,0.000179,0.000105,0.000099,0.000083,0.000059,0.000050,0.000058,0.000076,0.000109,0.000130,0.000115,0.000128,0.000136,0.000113,0.000102,0.000088,0.000072,0.000072,0.000087,0.000086,0.000103,0.000116,0.000110,0.000046,0.000062,0.000186,0.000185,0.000175,0.000137,0.000136,0.000093,0.000061,0.000012,0.000026,0.000036,0.000056
148,,,,,,,,,,,,,,0.000003,0.000048,0.000033,0.000046,0.000069,0.000078,0.000098,0.000106,0.000100,0.000069,0.000056,0.000045,0.000037,0.000031,0.000020,0.000031,0.000061,0.000116,0.000216,0.000366,0.000538,0.000670,0.000603,0.000453,0.000140,0.000072,0.000220,0.000158,0.000104,0.000068,0.000048,0.000032,0.000022,0.000006,0.000026,0.000041,0.000070
149,,,,,,,,,,,,,,0.000005,0.000096,0.000053,0.000059,0.000057,0.000054,0.000068,0.000088,0.000117,0.000112,0.000158,0.000170,0.000170,0.000177,0.000153,0.000120,0.000108,0.000103,0.000109,0.000129,0.000148,0.000268,0.000336,0.000355,0.000128,0.000066,0.000210,0.000155,0.000127,0.000100,0.000076,0.000090,0.000081,0.000017,0.000099,0.000105,0.000144
150,,,,,,,,,,,,,,0.000011,0.000123,0.000058,0.000078,0.000085,0.000076,0.000104,0.000150,0.000144,0.000106,0.000145,0.000130,0.000115,0.000100,0.000099,0.000100,0.000111,0.000157,0.000156,0.000107,0.000065,0.000064,0.000069,0.000081,0.000042,0.000031,0.000106,0.000100,0.000096,0.000081,0.000087,0.000108,0.000206,0.000031,0.000075,0.000194,0.000380
151,,,,,,,,,,,,,,0.000004,0.000101,0.000055,0.000058,0.000040,0.000033,0.000034,0.000039,0.000039,0.000042,0.000041,0.000045,0.000041,0.000033,0.000033,0.000032,0.000039,0.000049,0.000059,0.000078,0.000054,0.000053,0.000054,0.000046,0.000029,0.000081,0.000042,0.000049,0.000065,0.000087,0.000102,0.000078,0.000048,0.000008,0.000034,0.000069,0.000095
152,,,,,,,,,,,,,,0.000013,0.000252,0.000121,0.000125,0.000115,0.000109,0.000130,0.000180,0.000249,0.000295,0.000392,0.000454,0.000527,0.000578,0.000618,0.000614,0.000580,0.000498,0.000438,0.000380,0.000226,0.000154,0.000095,0.000061,0.000027,0.000021,0.000042,0.000034,0.000025,0.000011,0.000007,0.000007,0.000004,0.000006,0.000029,0.000086,0.000227
153,,,,,,,,,,,,,,0.000003,0.000066,0.000049,0.000058,0.000064,0.000087,0.000179,0.000364,0.000594,0.000677,0.000927,0.000871,0.000861,0.000870,0.000736,0.000620,0.000498,0.000344,0.000247,0.000206,0.000136,0.000127,0.000092,0.000072,0.000027,0.000021,0.000058,0.000057,0.000054,0.000048,0.000039,0.000029,0.000028,0.000005,0.000014,0.000026,0.000047
154,,,,,,,,,,,,,,0.000005,0.000123,0.000094,0.000161,0.000225,0.000315,0.000438,0.000584,0.000719,0.000653,0.000640,0.000479,0.000336,0.000256,0.000196,0.000160,0.000135,0.000099,0.000081,0.000076,0.000057,0.000054,0.000035,0.000034,0.000021,0.000015,0.000030,0.000041,0.000042,0.000042,0.000048,0.000052,0.000062,0.000021,0.000066,0.000123,0.000188
155,,,,,,,,,,,,,,0.000009,0.000145,0.000081,0.000102,0.000121,0.000119,0.000115,0.000129,0.000125,0.000113,0.000139,0.000133,0.000146,0.000178,0.000208,0.000255,0.000334,0.000329,0.000333,0.000263,0.000161,0.000137,0.000129,0.000114,0.000078,0.000061,0.000079,0.000081,0.000077,0.000066,0.000059,0.000049,0.000044,0.000012,0.000062,0.000207,0.000349
156,,,,,,,,,,,,,,0.000005,0.000078,0.000042,0.000037,0.000039,0.000046,0.000087,0.000160,0.000192,0.000162,0.000188,0.000173,0.000148,0.000143,0.000121,0.000102,0.000107,0.000089,0.000072,0.000060,0.000042,0.000034,0.000025,0.000024,0.000026,0.000018,0.000038,0.000047,0.000059,0.000086,0.000108,0.000108,0.000095,0.000024,0.000053,0.000063,0.000118
157,,,,,,,,,,,,,,0.000011,0.000251,0.000144,0.000184,0.000200,0.000185,0.000248,0.000277,0.000253,0.000186,0.000183,0.000146,0.000103,0.000074,0.000050,0.000038,0.000032,0.000030,0.000026,0.000025,0.000020,0.000031,0.000032,0.000044,0.000026,0.000016,0.000042,0.000054,0.000066,0.000091,0.000126,0.000136,0.000190,0.000037,0.000096,0.000173,0.000292
158,,,,,,,,,,,,,,0.000025,0.000283,0.000134,0.000110,0.000096,0.000067,0.000059,0.000050,0.000053,0.000055,0.000046,0.000024,0.000018,0.000017,0.000030,0.000060,0.000120,0.000207,0.000313,0.000351,0.000247,0.000203,0.000146,0.000127,0.000053,0.000032,0.000103,0.000080,0.000060,0.000043,0.000035,0.000026,0.000019,0.000006,0.000026,0.000105,0.000334
159,,,,,,,,,,,,,,0.000012,0.000198,0.000110,0.000120,0.000106,0.000072,0.000059,0.000060,0.000060,0.000055,0.000059,0.000052,0.000048,0.000041,0.000027,0.000023,0.000032,0.000031,0.000025,0.000035,0.000030,0.000030,0.000027,0.000028,0.000027,0.000020,0.000036,0.000038,0.000037,0.000031,0.000027,0.000026,0.000039,0.000017,0.000150,0.000350,0.000506
160,,,,,,,,,,,,,,0.000002,0.000056,0.000041,0.000048,0.000058,0.000066,0.000101,0.000134,0.000164,0.000169,0.000215,0.000225,0.000242,0.000300,0.000406,0.000503,0.000673,0.000813,0.000788,0.000619,0.000322,0.000221,0.000151,0.000127,0.000041,0.000028,0.000087,0.000073,0.000057,0.000039,0.000032,0.000026,0.000019,0.000003,0.000008,0.000016,0.000029
161,,,,,,,,,,,,,,0.000007,0.000136,0.000099,0.000096,0.000082,0.000078,0.000072,0.000088,0.000101,0.000090,0.000093,0.000085,0.000070,0.000068,0.000065,0.000067,0.000077,0.000084,0.000109,0.000125,0.000100,0.000101,0.000086,0.000072,0.000136,0.000055,0.000075,0.000054,0.000038,0.000024,0.000018,0.000013,0.000006,0.000015,0.000035,0.000060,0.000105
162,,,,,,,,,,,,,,0.000005,0.000111,0.000076,0.000062,0.000045,0.000035,0.000042,0.000059,0.000070,0.000065,0.000072,0.000068,0.000057,0.000052,0.000055,0.000047,0.000070,0.000110,0.000195,0.000304,0.000285,0.000262,0.000336,0.000446,0.000313,0.000127,0.000106,0.000065,0.000052,0.000041,0.000037,0.000028,0.000021,0.000007,0.000023,0.000045,0.000066
163,,,,,,,,,,,,,,0.000030,0.000357,0.000141,0.000122,0.000101,0.000062,0.000064,0.000059,0.000072,0.000052,0.000074,0.000060,0.000062,0.000051,0.000037,0.000046,0.000046,0.000041,0.000050,0.000062,0.000056,0.000051,0.000053,0.000070,0.000035,0.000022,0.000065,0.000073,0.000088,0.000123,0.000181,0.000167,0.000150,0.000041,0.000213,0.000422,0.000773
164,,,,,,,,,,,,,,0.000002,0.000034,0.000026,0.000023,0.000035,0.000036,0.000043,0.000054,0.000071,0.000071,0.000090,0.000090,0.000099,0.000127,0.000149,0.000200,0.000299,0.000438,0.000577,0.000653,0.000453,0.000339,0.000226,0.000176,0.000051,0.000032,0.000102,0.000094,0.000079,0.000063,0.000051,0.000036,0.000030,0.000002,0.000014,0.000040,0.000065
165,,,,,,,,,,,,,,0.000007,0.000123,0.000072,0.000092,0.000099,0.000078,0.000077,0.000076,0.000065,0.000048,0.000051,0.000045,0.000043,0.000045,0.000045,0.000051,0.000065,0.000071,0.000078,0.000116,0.000165,0.000296,0.000360,0.000326,0.000112,0.000112,0.000147,0.000093,0.000070,0.000061,0.000056,0.000043,0.000044,0.000010,0.000027,0.000081,0.000130
166,,,,,,,,,,,,,,0.000023,0.000374,0.000184,0.000202,0.000160,0.000101,0.000094,0.000081,0.000077,0.000078,0.000061,0.000045,0.000043,0.000028,0.000015,0.000008,0.000005,0.000016,0.000031,0.000042,0.000045,0.000052,0.000048,0.000049,0.000034,0.000018,0.000043,0.000046,0.000058,0.000068,0.000067,0.000056,0.000050,0.000011,0.000029,0.000048,0.000091
167,,,,,,,,,,,,,,0.000004,0.000067,0.000061,0.000041,0.000030,0.000025,0.000039,0.000054,0.000070,0.000063,0.000073,0.000064,0.000064,0.000063,0.000070,0.000073,0.000076,0.000074,0.000083,0.000112,0.000161,0.000295,0.000361,0.000369,0.000137,0.000127,0.000259,0.000162,0.000098,0.000059,0.000038,0.000026,0.000020,0.000006,0.000033,0.000094,0.000157
168,,,,,,,,,,,,,,0.000003,0.000072,0.000063,0.000100,0.000163,0.000215,0.000349,0.000530,0.000678,0.000723,0.000846,0.000812,0.000736,0.000677,0.000553,0.000446,0.000365,0.000240,0.000175,0.000154,0.000092,0.000075,0.000051,0.000038,0.000020,0.000015,0.000030,0.000025,0.000021,0.000012,0.000012,0.000008,0.000008,0.000005,0.000016,0.000030,0.000051
169,,,,,,,,,,,,,,0.000003,0.000037,0.000042,0.000063,0.000088,0.000074,0.000072,0.000073,0.000093,0.000141,0.000215,0.000247,0.000250,0.000298,0.000339,0.000384,0.000309,0.000251,0.000202,0.000177,0.000127,0.000112,0.000084,0.000083,0.000054,0.000023,0.000058,0.000058,0.000061,0.000063,0.000063,0.000052,0.000049,0.000016,0.000064,0.000160,0.000194
170,,,,,,,,,,,,,,0.000006,0.000112,0.000067,0.000055,0.000055,0.000049,0.000056,0.000061,0.000062,0.000053,0.000066,0.000070,0.000065,0.000068,0.000058,0.000064,0.000081,0.000107,0.000141,0.000181,0.000263,0.000433,0.000459,0.000479,0.000234,0.000143,0.000441,0.000343,0.000238,0.000154,0.000107,0.000059,0.000040,0.000009,0.000040,0.000074,0.000123
171,,,,,,,,,,,,,,0.000023,0.000486,0.000250,0.000290,0.000240,0.000145,0.000125,0.000126,0.000120,0.000094,0.000128,0.000103,0.000099,0.000096,0.000082,0.000077,0.000078,0.000059,0.000045,0.000052,0.000054,0.000043,0.000037,0.000035,0.000025,0.000014,0.000033,0.000023,0.000024,0.000018,0.000024,0.000026,0.000028,0.000012,0.000076,0.000245,0.000486
172,,,,,,,,,,,,,,0.000015,0.000344,0.000174,0.000202,0.000182,0.000158,0.000107,0.000111,0.000110,0.000089,0.000110,0.000107,0.000113,0.000136,0.000161,0.000215,0.000255,0.000269,0.000309,0.000301,0.000205,0.000159,0.000122,0.000105,0.000043,0.000027,0.000074,0.000060,0.000050,0.000045,0.000042,0.000035,0.000029,0.000005,0.000028,0.000073,0.000130
173,,,,,,,,,,,,,,0.000006,0.000119,0.000098,0.000073,0.000051,0.000047,0.000084,0.000143,0.000249,0.000232,0.000274,0.000319,0.000202,0.000162,0.000127,0.000089,0.000064,0.000050,0.000046,0.000047,0.000036,0.000080,0.000114,0.000175,0.000157,0.000114,0.000316,0.000267,0.000202,0.000134,0.000090,0.000063,0.000048,0.000030,0.000134,0.000219,0.000343
174,,,,,,,,,,,,,,0.000009,0.000194,0.000165,0.000302,0.000442,0.000367,0.000311,0.000261,0.000253,0.000176,0.000144,0.000115,0.000082,0.000078,0.000063,0.000054,0.000065,0.000086,0.000105,0.000118,0.000074,0.000058,0.000040,0.000035,0.000026,0.000019,0.000023,0.000014,0.000010,0.000010,0.000014,0.000017,0.000027,0.000017,0.000075,0.000147,0.000199
175,,,,,,,,,,,,,,0.000007,0.000177,0.000182,0.000329,0.000502,0.000470,0.000431,0.000382,0.000312,0.000216,0.000242,0.000202,0.000190,0.000184,0.000173,0.000195,0.000194,0.000156,0.000150,0.000194,0.000227,0.000324,0.000320,0.000323,0.000111,0.000056,0.000144,0.000098,0.000064,0.000048,0.000037,0.000030,0.000028,0.000003,0.000028,0.000089,0.000203
176,,,,,,,,,,,,,,0.000005,0.000106,0.000055,0.000056,0.000053,0.000038,0.000038,0.000039,0.000045,0.000046,0.000057,0.000050,0.000048,0.000040,0.000037,0.000041,0.000050,0.000065,0.000101,0.000153,0.000169,0.000225,0.000275,0.000372,0.000163,0.000120,0.000486,0.000353,0.000218,0.000139,0.000091,0.000049,0.000030,0.000005,0.000024,0.000041,0.000058
177,,,,,,,,,,,,,,0.000005,0.000122,0.000076,0.000080,0.000108,0.000106,0.000132,0.000216,0.000414,0.000719,0.000921,0.001179,0.001326,0.001358,0.001192,0.000965,0.000844,0.000645,0.000507,0.000402,0.000266,0.000221,0.000188,0.000189,0.000072,0.000051,0.000176,0.000193,0.000175,0.000145,0.000134,0.000100,0.000077,0.000007,0.000023,0.000046,0.000087
178,,,,,,,,,,,,,,0.000003,0.000065,0.000061,0.000051,0.000077,0.000130,0.000240,0.000430,0.000630,0.000671,0.000789,0.000690,0.000671,0.000622,0.000520,0.000409,0.000329,0.000224,0.000155,0.000138,0.000095,0.000071,0.000055,0.000038,0.000049,0.000046,0.000033,0.000020,0.000014,0.000018,0.000022,0.000022,0.000025,0.000012,0.000040,0.000046,0.000066
179,,,,,,,,,,,,,,0.000006,0.000082,0.000041,0.000080,0.000071,0.000065,0.000079,0.000092,0.000126,0.000176,0.000225,0.000236,0.000252,0.000307,0.000290,0.000261,0.000251,0.000219,0.000167,0.000152,0.000124,0.000125,0.000094,0.000092,0.000043,0.000025,0.000056,0.000047,0.000044,0.000066,0.000089,0.000074,0.000109,0.000026,0.000093,0.000206,0.000307
180,,,,,,,,,,,,,,0.000007,0.000172,0.000125,0.000140,0.000147,0.000142,0.000165,0.000227,0.000300,0.000320,0.000436,0.000496,0.000590,0.000652,0.000654,0.000660,0.000700,0.000634,0.000530,0.000444,0.000296,0.000258,0.000203,0.000185,0.000054,0.000035,0.000128,0.000107,0.000080,0.000059,0.000042,0.000028,0.000016,0.000002,0.000021,0.000045,0.000078
181,,,,,,,,,,,,,,0.000003,0.000069,0.000046,0.000055,0.000050,0.000054,0.000060,0.000076,0.000093,0.000084,0.000103,0.000101,0.000126,0.000155,0.000205,0.000311,0.000336,0.000268,0.000213,0.000170,0.000092,0.000089,0.000073,0.000058,0.000069,0.000039,0.000080,0.000063,0.000055,0.000050,0.000039,0.000023,0.000022,0.000004,0.000043,0.000048,0.000066
182,,,,,,,,,,,,,,0.000005,0.000093,0.000082,0.000063,0.000072,0.000100,0.000186,0.000380,0.000593,0.000692,0.000962,0.001083,0.001038,0.000980,0.000845,0.000676,0.000614,0.000462,0.000350,0.000280,0.000169,0.000151,0.000112,0.000108,0.000045,0.000030,0.000081,0.000070,0.000054,0.000035,0.000026,0.000022,0.000028,0.000009,0.000036,0.000068,0.000105
183,,,,,,,,,,,,,,0.000004,0.000106,0.000056,0.000045,0.000037,0.000025,0.000022,0.000021,0.000027,0.000030,0.000038,0.000035,0.000034,0.000032,0.000028,0.000032,0.000042,0.000037,0.000037,0.000048,0.000040,0.000053,0.000062,0.000101,0.000067,0.000065,0.000385,0.000428,0.000368,0.000251,0.000169,0.000102,0.000061,0.000011,0.000068,0.000143,0.000153
184,,,,,,,,,,,,,,0.000008,0.000110,0.000046,0.000037,0.000046,0.000042,0.000043,0.000045,0.000036,0.000028,0.000039,0.000033,0.000014,0.000019,0.000024,0.000035,0.000045,0.000050,0.000065,0.000097,0.000110,0.000185,0.000211,0.000195,0.000068,0.000043,0.000179,0.000139,0.000128,0.000114,0.000107,0.000142,0.000118,0.000029,0.000196,0.000447,0.000446
185,,,,,,,,,,,,,,0.000005,0.000086,0.000054,0.000051,0.000057,0.000058,0.000064,0.000085,0.000108,0.000112,0.000134,0.000093,0.000073,0.000051,0.000048,0.000053,0.000083,0.000136,0.000221,0.000296,0.000237,0.000224,0.000164,0.000158,0.000064,0.000061,0.000273,0.000304,0.000305,0.000288,0.000247,0.000184,0.000137,0.000020,0.000125,0.000143,0.000152
186,,,,,,,,,,,,,,0.000010,0.000187,0.000161,0.000139,0.000148,0.000135,0.000146,0.000151,0.000160,0.000126,0.000150,0.000120,0.000107,0.000093,0.000084,0.000079,0.000113,0.000116,0.000107,0.000135,0.000115,0.000167,0.000245,0.000234,0.000168,0.000064,0.000097,0.000070,0.000053,0.000053,0.000053,0.000066,0.000127,0.000035,0.000113,0.000239,0.000461
187,,,,,,,,,,,,,,0.000007,0.000185,0.000097,0.000092,0.000076,0.000057,0.000052,0.000052,0.000049,0.000044,0.000045,0.000048,0.000049,0.000062,0.000061,0.000055,0.000056,0.000083,0.000116,0.000172,0.000203,0.000261,0.000241,0.000224,0.000103,0.000079,0.000278,0.000246,0.000199,0.000177,0.000184,0.000141,0.000088,0.000010,0.000032,0.000037,0.000051
188,,,,,,,,,,,,,,0.000005,0.000128,0.000084,0.000070,0.000060,0.000056,0.000057,0.000051,0.000053,0.000040,0.000039,0.000038,0.000036,0.000029,0.000029,0.000037,0.000051,0.000072,0.000115,0.000155,0.000132,0.000113,0.000103,0.000089,0.000038,0.000033,0.000083,0.000104,0.000134,0.000175,0.000190,0.000165,0.000123,0.000023,0.000055,0.000082,0.000098
189,,,,,,,,,,,,,,0.000007,0.000151,0.000302,0.000107,0.000102,0.000075,0.000093,0.000131,0.000156,0.000171,0.000230,0.000215,0.000209,0.000197,0.000189,0.000186,0.000205,0.000181,0.000152,0.000158,0.000144,0.000132,0.000115,0.000100,0.000066,0.000031,0.000050,0.000034,0.000025,0.000018,0.000013,0.000010,0.000007,0.000007,0.000029,0.000050,0.000083
190,,,,,,,,,,,,,,0.000008,0.000133,0.000083,0.000116,0.000216,0.000372,0.000649,0.000939,0.001120,0.000990,0.001120,0.001007,0.000849,0.000680,0.000523,0.000405,0.000368,0.000310,0.000253,0.000215,0.000126,0.000100,0.000084,0.000073,0.000025,0.000026,0.000056,0.000066,0.000067,0.000055,0.000044,0.000030,0.000018,0.000003,0.000027,0.000080,0.000149
191,,,,,,,,,,,,,,0.000006,0.000210,0.000115,0.000119,0.000078,0.000056,0.000061,0.000069,0.000071,0.000057,0.000062,0.000062,0.000049,0.000043,0.000043,0.000044,0.000040,0.000041,0.000036,0.000037,0.000040,0.000059,0.000073,0.000068,0.000157,0.000069,0.000071,0.000055,0.000040,0.000031,0.000027,0.000022,0.000020,0.000006,0.000028,0.000038,0.000062
192,,,,,,,,,,,,,,0.000003,0.000050,0.000033,0.000048,0.000049,0.000057,0.000072,0.000088,0.000118,0.000096,0.000087,0.000066,0.000056,0.000059,0.000070,0.000097,0.000176,0.000291,0.000521,0.000657,0.000476,0.000340,0.000214,0.000179,0.000060,0.000034,0.000112,0.000105,0.000103,0.000111,0.000110,0.000083,0.000057,0.000008,0.000030,0.000065,0.000074
193,,,,,,,,,,,,,,0.000004,0.000064,0.000040,0.000053,0.000046,0.000039,0.000049,0.000058,0.000055,0.000042,0.000049,0.000034,0.000031,0.000031,0.000031,0.000033,0.000036,0.000029,0.000045,0.000061,0.000074,0.000118,0.000122,0.000102,0.000060,0.000054,0.000125,0.000126,0.000116,0.000080,0.000063,0.000050,0.000039,0.000004,0.000024,0.000057,0.000091
194,,,,,,,,,,,,,,0.000005,0.000125,0.000065,0.000058,0.000049,0.000037,0.000037,0.000051,0.000060,0.000064,0.000078,0.000066,0.000049,0.000044,0.000041,0.000047,0.000064,0.000083,0.000084,0.000102,0.000111,0.000138,0.000162,0.000177,0.000088,0.000066,0.000196,0.000166,0.000114,0.000078,0.000058,0.000042,0.000029,0.000008,0.000033,0.000054,0.000071
195,,,,,,,,,,,,,,0.000005,0.000107,0.000060,0.000063,0.000058,0.000080,0.000089,0.000163,0.000313,0.000612,0.000693,0.000802,0.000851,0.000925,0.000909,0.000780,0.000635,0.000448,0.000314,0.000211,0.000137,0.000104,0.000073,0.000054,0.000028,0.000018,0.000040,0.000028,0.000017,0.000014,0.000015,0.000015,0.000017,0.000008,0.000033,0.000079,0.000155
196,,,,,,,,,,,,,,0.000010,0.000260,0.000152,0.000129,0.000086,0.000054,0.000045,0.000038,0.000041,0.000051,0.000038,0.000034,0.000037,0.000035,0.000020,0.000013,0.000019,0.000028,0.000025,0.000032,0.000026,0.000031,0.000046,0.000051,0.000040,0.000046,0.000061,0.000075,0.000083,0.000103,0.000173,0.000172,0.000125,0.000025,0.000072,0.000096,0.000133
197,,,,,,,,,,,,,,0.000003,0.000054,0.000038,0.000033,0.000032,0.000047,0.000050,0.000048,0.000047,0.000043,0.000063,0.000054,0.000057,0.000061,0.000080,0.000189,0.000207,0.000247,0.000348,0.000497,0.000464,0.000353,0.000236,0.000177,0.000064,0.000039,0.000088,0.000063,0.000048,0.000039,0.000038,0.000028,0.000024,0.000008,0.000023,0.000026,0.000036
198,,,,,,,,,,,,,,0.000005,0.000067,0.000033,0.000044,0.000036,0.000022,0.000020,0.000023,0.000030,0.000038,0.000037,0.000038,0.000045,0.000051,0.000048,0.000056,0.000069,0.000083,0.000084,0.000078,0.000073,0.000072,0.000084,0.000125,0.000093,0.000096,0.000551,0.000640,0.000601,0.000484,0.000376,0.000231,0.000131,0.000020,0.000076,0.000140,0.000136
199,,,,,,,,,,,,,,0.000019,0.000401,0.000249,0.000316,0.000333,0.000340,0.000415,0.000444,0.000375,0.000296,0.000308,0.000274,0.000243,0.000191,0.000151,0.000118,0.000110,0.000105,0.000090,0.000090,0.000067,0.000061,0.000050,0.000054,0.000031,0.000025,0.000059,0.000055,0.000052,0.000039,0.000035,0.000028,0.000021,0.000005,0.000032,0.000070,0.000114
200,,,,,,,,,,,,,,0.000003,0.000054,0.000027,0.000035,0.000023,0.000018,0.000029,0.000042,0.000047,0.000039,0.000038,0.000039,0.000045,0.000036,0.000032,0.000032,0.000030,0.000026,0.000021,0.000032,0.000032,0.000026,0.000024,0.000033,0.000025,0.000020,0.000041,0.000067,0.000115,0.000199,0.000241,0.000185,0.000133,0.000022,0.000046,0.000039,0.000044
201,,,,,,,,,,,,,,0.000003,0.000051,0.000030,0.000042,0.000057,0.000075,0.000095,0.000118,0.000161,0.000189,0.000247,0.000241,0.000256,0.000249,0.000189,0.000157,0.000131,0.000124,0.000121,0.000143,0.000126,0.000110,0.000087,0.000070,0.000078,0.000051,0.000130,0.000110,0.000090,0.000066,0.000057,0.000040,0.000035,0.000012,0.000027,0.000077,0.000158
202,,,,,,,,,,,,,,0.000015,0.000357,0.000186,0.000182,0.000151,0.000098,0.000098,0.000102,0.000105,0.000089,0.000096,0.000079,0.000063,0.000052,0.000040,0.000035,0.000044,0.000052,0.000049,0.000054,0.000048,0.000046,0.000048,0.000054,0.000024,0.000019,0.000054,0.000057,0.000071,0.000051,0.000046,0.000048,0.000039,0.000016,0.000087,0.000240,0.000411
203,,,,,,,,,,,,,,0.000003,0.000075,0.000042,0.000052,0.000044,0.000024,0.000023,0.000040,0.000056,0.000050,0.000066,0.000064,0.000059,0.000045,0.000050,0.000047,0.000045,0.000051,0.000055,0.000057,0.000051,0.000060,0.000085,0.000128,0.000102,0.000102,0.000590,0.000648,0.000535,0.000350,0.000234,0.000147,0.000078,0.000008,0.000034,0.000063,0.000090
204,,,,,,,,,,,,,,0.000003,0.000067,0.000050,0.000058,0.000062,0.000053,0.000060,0.000055,0.000059,0.000059,0.000068,0.000057,0.000058,0.000068,0.000062,0.000054,0.000044,0.000036,0.000029,0.000039,0.000031,0.000036,0.000040,0.000060,0.000040,0.000042,0.000215,0.000254,0.000225,0.000207,0.000189,0.000152,0.000096,0.000011,0.000027,0.000047,0.000086
205,,,,,,,,,,,,,,0.000005,0.000071,0.000042,0.000037,0.000030,0.000031,0.000031,0.000027,0.000029,0.000053,0.000052,0.000045,0.000040,0.000034,0.000033,0.000045,0.000065,0.000079,0.000088,0.000107,0.000099,0.000102,0.000077,0.000089,0.000050,0.000038,0.000144,0.000215,0.000331,0.000459,0.000542,0.000443,0.000346,0.000034,0.000082,0.000109,0.000144
206,,,,,,,,,,,,,,0.000004,0.000075,0.000053,0.000052,0.000048,0.000044,0.000041,0.000041,0.000041,0.000043,0.000044,0.000046,0.000039,0.000034,0.000032,0.000039,0.000064,0.000064,0.000088,0.000105,0.000193,0.000208,0.000201,0.000133,0.000046,0.000027,0.000068,0.000050,0.000045,0.000039,0.000034,0.000023,0.000016,0.000008,0.000042,0.000056,0.000085
207,,,,,,,,,,,,,,0.000007,0.000103,0.000046,0.000045,0.000045,0.000036,0.000036,0.000047,0.000060,0.000062,0.000067,0.000052,0.000043,0.000039,0.000032,0.000024,0.000025,0.000020,0.000018,0.000025,0.000013,0.000024,0.000019,0.000016,0.000006,0.000009,0.000025,0.000030,0.000038,0.000042,0.000048,0.000046,0.000044,0.000016,0.000177,0.000413,0.000552
208,,,,,,,,,,,,,,0.000002,0.000056,0.000050,0.000051,0.000060,0.000100,0.000185,0.000304,0.000404,0.000373,0.000417,0.000308,0.000269,0.000227,0.000185,0.000153,0.000138,0.000124,0.000122,0.000197,0.000228,0.000278,0.000267,0.000267,0.000151,0.000129,0.000446,0.000377,0.000255,0.000181,0.000148,0.000117,0.000084,0.000015,0.000033,0.000025,0.000042
209,,,,,,,,,,,,,,0.000018,0.000364,0.000276,0.000276,0.000263,0.000188,0.000154,0.000138,0.000127,0.000105,0.000112,0.000102,0.000093,0.000081,0.000070,0.000071,0.000069,0.000066,0.000062,0.000070,0.000050,0.000042,0.000038,0.000035,0.000019,0.000014,0.000046,0.000048,0.000044,0.000037,0.000037,0.000031,0.000021,0.000003,0.000015,0.000031,0.000051
210,,,,,,,,,,,,,,0.000006,0.000132,0.000075,0.000094,0.000107,0.000113,0.000132,0.000149,0.000144,0.000115,0.000117,0.000103,0.000095,0.000090,0.000070,0.000058,0.000070,0.000080,0.000089,0.000141,0.000181,0.000231,0.000177,0.000117,0.000068,0.000041,0.000042,0.000032,0.000030,0.000022,0.000020,0.000024,0.000026,0.000013,0.000032,0.000059,0.000093
211,,,,,,,,,,,,,,0.000005,0.000093,0.000062,0.000071,0.000069,0.000061,0.000068,0.000072,0.000078,0.000063,0.000066,0.000061,0.000053,0.000047,0.000041,0.000047,0.000057,0.000060,0.000073,0.000093,0.000085,0.000090,0.000092,0.000073,0.000036,0.000026,0.000088,0.000084,0.000080,0.000112,0.000141,0.000127,0.000092,0.000010,0.000023,0.000023,0.000035
212,,,,,,,,,,,,,,0.000005,0.000130,0.000095,0.000116,0.000097,0.000068,0.000047,0.000053,0.000051,0.000054,0.000057,0.000062,0.000049,0.000048,0.000036,0.000039,0.000037,0.000043,0.000040,0.000039,0.000032,0.000037,0.000027,0.000026,0.000045,0.000058,0.000109,0.000130,0.000160,0.000179,0.000155,0.000132,0.000107,0.000013,0.000026,0.000026,0.000033
213,,,,,,,,,,,,,,0.000004,0.000072,0.000047,0.000049,0.000057,0.000053,0.000057,0.000069,0.000080,0.000087,0.000094,0.000101,0.000109,0.000111,0.000117,0.000131,0.000190,0.000255,0.000324,0.000433,0.000448,0.000348,0.000181,0.000123,0.000032,0.000027,0.000075,0.000073,0.000067,0.000053,0.000041,0.000029,0.000018,0.000002,0.000011,0.000028,0.000056
214,,,,,,,,,,,,,,0.000004,0.000064,0.000037,0.000044,0.000040,0.000029,0.000031,0.000042,0.000050,0.000045,0.000045,0.000034,0.000031,0.000028,0.000035,0.000034,0.000030,0.000025,0.000029,0.000032,0.000037,0.000044,0.000041,0.000054,0.000026,0.000019,0.000059,0.000061,0.000076,0.000097,0.000124,0.000158,0.000175,0.000027,0.000071,0.000089,0.000116
215,,,,,,,,,,,,,,0.000005,0.000100,0.000091,0.000094,0.000080,0.000056,0.000059,0.000063,0.000079,0.000076,0.000075,0.000056,0.000058,0.000060,0.000056,0.000050,0.000050,0.000050,0.000042,0.000043,0.000033,0.000035,0.000030,0.000032,0.000029,0.000021,0.000033,0.000028,0.000035,0.000060,0.000091,0.000107,0.000061,0.000012,0.000107,0.000088,0.000114
216,,,,,,,,,,,,,,0.000002,0.000042,0.000030,0.000034,0.000038,0.000049,0.000082,0.000128,0.000182,0.000198,0.000296,0.000285,0.000306,0.000318,0.000282,0.000277,0.000264,0.000232,0.000171,0.000140,0.000095,0.000090,0.000069,0.000053,0.000021,0.000014,0.000049,0.000047,0.000043,0.000035,0.000031,0.000026,0.000019,0.000002,0.000013,0.000032,0.000055
217,,,,,,,,,,,,,,0.000010,0.000179,0.000110,0.000107,0.000103,0.000092,0.000100,0.000131,0.000168,0.000174,0.000174,0.000177,0.000169,0.000162,0.000153,0.000139,0.000142,0.000134,0.000135,0.000135,0.000110,0.000099,0.000092,0.000091,0.000037,0.000027,0.000106,0.000116,0.000119,0.000110,0.000101,0.000083,0.000064,0.000005,0.000033,0.000107,0.000230
218,,,,,,,,,,,,,,0.000010,0.000168,0.000081,0.000088,0.000082,0.000053,0.000049,0.000056,0.000068,0.000066,0.000068,0.000049,0.000044,0.000037,0.000041,0.000038,0.000046,0.000050,0.000053,0.000060,0.000057,0.000064,0.000079,0.000081,0.000082,0.000045,0.000145,0.000146,0.000178,0.000238,0.000275,0.000272,0.000202,0.000044,0.000134,0.000125,0.000153
219,,,,,,,,,,,,,,0.000009,0.000251,0.000130,0.000123,0.000085,0.000060,0.000045,0.000043,0.000046,0.000040,0.000038,0.000038,0.000038,0.000038,0.000044,0.000049,0.000059,0.000068,0.000073,0.000084,0.000066,0.000059,0.000045,0.000039,0.000026,0.000071,0.000080,0.000099,0.000072,0.000060,0.000075,0.000064,0.000058,0.000009,0.000015,0.000014,0.000019
220,,,,,,,,,,,,,,0.000004,0.000057,0.000040,0.000038,0.000042,0.000030,0.000031,0.000029,0.000038,0.000026,0.000035,0.000046,0.000055,0.000061,0.000076,0.000087,0.000116,0.000165,0.000226,0.000387,0.000420,0.000512,0.000414,0.000297,0.000101,0.000047,0.000140,0.000125,0.000113,0.000102,0.000088,0.000063,0.000045,0.000007,0.000028,0.000049,0.000093
221,,,,,,,,,,,,,,0.000009,0.000186,0.000100,0.000111,0.000088,0.000054,0.000062,0.000081,0.000113,0.000120,0.000151,0.000152,0.000139,0.000152,0.000182,0.000208,0.000263,0.000295,0.000270,0.000225,0.000140,0.000122,0.000098,0.000101,0.000046,0.000038,0.000135,0.000119,0.000112,0.000110,0.000113,0.000088,0.000066,0.000016,0.000058,0.000089,0.000148
222,,,,,,,,,,,,,,0.000005,0.000111,0.000317,0.000069,0.000052,0.000033,0.000040,0.000047,0.000052,0.000063,0.000084,0.000077,0.000066,0.000059,0.000054,0.000061,0.000073,0.000057,0.000045,0.000050,0.000034,0.000044,0.000046,0.000042,0.000094,0.000032,0.000052,0.000057,0.000087,0.000109,0.000104,0.000087,0.000080,0.000017,0.000089,0.000119,0.000142
223,,,,,,,,,,,,,,0.000005,0.000099,0.000071,0.000080,0.000133,0.000259,0.000463,0.000634,0.000681,0.000581,0.000690,0.000694,0.000707,0.000674,0.000627,0.000551,0.000497,0.000390,0.000263,0.000193,0.000108,0.000087,0.000067,0.000057,0.000031,0.000023,0.000041,0.000046,0.000048,0.000074,0.000078,0.000060,0.000054,0.000010,0.000025,0.000039,0.000076
224,,,,,,,,,,,,,,0.000009,0.000256,0.000137,0.000170,0.000132,0.000109,0.000103,0.000105,0.000123,0.000168,0.000138,0.000115,0.000115,0.000128,0.000123,0.000138,0.000142,0.000120,0.000123,0.000127,0.000108,0.000100,0.000100,0.000107,0.000046,0.000033,0.000070,0.000068,0.000067,0.000062,0.000059,0.000053,0.000040,0.000008,0.000045,0.000041,0.000047
225,,,,,,,,,,,,,,0.000004,0.000073,0.000054,0.000053,0.000040,0.000036,0.000055,0.000085,0.000135,0.000122,0.000145,0.000159,0.000105,0.000092,0.000065,0.000048,0.000037,0.000042,0.000050,0.000052,0.000064,0.000138,0.000225,0.000328,0.000214,0.000185,0.000760,0.000682,0.000509,0.000314,0.000178,0.000096,0.000055,0.000018,0.000075,0.000125,0.000172
226,,,,,,,,,,,,,,0.000004,0.000128,0.000088,0.000108,0.000168,0.000175,0.000234,0.000295,0.000367,0.000488,0.000437,0.000371,0.000407,0.000418,0.000317,0.000223,0.000163,0.000116,0.000102,0.000093,0.000089,0.000100,0.000092,0.000077,0.000035,0.000025,0.000072,0.000068,0.000051,0.000041,0.000032,0.000025,0.000016,0.000005,0.000016,0.000034,0.000077
227,,,,,,,,,,,,,,0.000009,0.000212,0.000130,0.000134,0.000111,0.000080,0.000074,0.000104,0.000122,0.000116,0.000138,0.000126,0.000122,0.000117,0.000104,0.000090,0.000091,0.000079,0.000063,0.000062,0.000049,0.000038,0.000034,0.000031,0.000022,0.000017,0.000023,0.000013,0.000009,0.000008,0.000011,0.000011,0.000014,0.000007,0.000024,0.000033,0.000051
228,,,,,,,,,,,,,,0.000002,0.000042,0.000039,0.000023,0.000031,0.000035,0.000041,0.000051,0.000057,0.000052,0.000058,0.000053,0.000052,0.000057,0.000057,0.000047,0.000055,0.000057,0.000057,0.000066,0.000059,0.000070,0.000068,0.000105,0.000060,0.000050,0.000285,0.000383,0.000411,0.000328,0.000237,0.000141,0.000083,0.000008,0.000019,0.000030,0.000036
229,,,,,,,,,,,,,,0.000002,0.000067,0.000096,0.000307,0.000348,0.000361,0.000357,0.000302,0.000327,0.000234,0.000208,0.000151,0.000114,0.000103,0.000077,0.000052,0.000046,0.000037,0.000036,0.000044,0.000035,0.000039,0.000029,0.000028,0.000035,0.000020,0.000049,0.000066,0.000078,0.000092,0.000093,0.000081,0.000067,0.000009,0.000035,0.000059,0.000070
230,,,,,,,,,,,,,,0.000005,0.000090,0.000057,0.000069,0.000068,0.000064,0.000076,0.000097,0.000102,0.000098,0.000115,0.000093,0.000092,0.000097,0.000088,0.000091,0.000090,0.000082,0.000083,0.000095,0.000078,0.000083,0.000113,0.000153,0.000205,0.000070,0.000099,0.000085,0.000084,0.000069,0.000056,0.000045,0.000033,0.000003,0.000024,0.000065,0.000093
231,,,,,,,,,,,,,,0.000007,0.000134,0.000093,0.000132,0.000163,0.000121,0.000107,0.000094,0.000087,0.000074,0.000060,0.000043,0.000040,0.000035,0.000027,0.000035,0.000039,0.000046,0.000055,0.000059,0.000037,0.000037,0.000045,0.000039,0.000019,0.000014,0.000033,0.000032,0.000027,0.000029,0.000028,0.000024,0.000040,0.000015,0.000080,0.000215,0.000271
232,,,,,,,,,,,,,,0.000004,0.000070,0.000054,0.000062,0.000084,0.000087,0.000096,0.000108,0.000126,0.000114,0.000132,0.000120,0.000128,0.000126,0.000119,0.000116,0.000123,0.000104,0.000101,0.000112,0.000093,0.000090,0.000104,0.000121,0.000057,0.000063,0.000428,0.000564,0.000578,0.000455,0.000318,0.000194,0.000127,0.000008,0.000029,0.000064,0.000116
233,,,,,,,,,,,,,,0.000005,0.000098,0.000061,0.000067,0.000052,0.000035,0.000031,0.000026,0.000026,0.000029,0.000025,0.000021,0.000012,0.000013,0.000010,0.000020,0.000029,0.000034,0.000039,0.000057,0.000081,0.000073,0.000071,0.000072,0.000059,0.000047,0.000217,0.000289,0.000327,0.000306,0.000275,0.000198,0.000130,0.000021,0.000056,0.000066,0.000083
234,,,,,,,,,,,,,,0.000003,0.000051,0.000039,0.000058,0.000092,0.000124,0.000189,0.000309,0.000431,0.000475,0.000617,0.000661,0.000785,0.000844,0.000844,0.000795,0.000725,0.000567,0.000404,0.000278,0.000158,0.000116,0.000090,0.000077,0.000029,0.000031,0.000058,0.000050,0.000041,0.000031,0.000024,0.000018,0.000013,0.000002,0.000011,0.000032,0.000052
235,,,,,,,,,,,,,,0.000018,0.000459,0.000229,0.000214,0.000209,0.000129,0.000126,0.000127,0.000133,0.000125,0.000132,0.000121,0.000098,0.000087,0.000077,0.000068,0.000070,0.000066,0.000072,0.000080,0.000063,0.000066,0.000069,0.000090,0.000048,0.000029,0.000052,0.000041,0.000034,0.000038,0.000036,0.000025,0.000019,0.000006,0.000044,0.000149,0.000353
236,,,,,,,,,,,,,,0.000003,0.000047,0.000032,0.000034,0.000034,0.000028,0.000028,0.000038,0.000044,0.000041,0.000041,0.000040,0.000035,0.000038,0.000044,0.000042,0.000040,0.000038,0.000042,0.000059,0.000074,0.000099,0.000164,0.000208,0.000099,0.000071,0.000280,0.000301,0.000297,0.000262,0.000210,0.000144,0.000088,0.000009,0.000052,0.000073,0.000092
237,,,,,,,,,,,,,,0.000004,0.000082,0.000061,0.000061,0.000065,0.000050,0.000051,0.000055,0.000054,0.000047,0.000049,0.000036,0.000034,0.000033,0.000030,0.000030,0.000031,0.000037,0.000045,0.000069,0.000071,0.000086,0.000095,0.000112,0.000063,0.000050,0.000216,0.000257,0.000294,0.000334,0.000314,0.000258,0.000173,0.000018,0.000067,0.000041,0.000065
238,,,,,,,,,,,,,,0.000010,0.000233,0.000183,0.000200,0.000181,0.000128,0.000116,0.000111,0.000120,0.000094,0.000090,0.000068,0.000065,0.000054,0.000048,0.000044,0.000040,0.000032,0.000032,0.000037,0.000029,0.000027,0.000030,0.000035,0.000027,0.000020,0.000031,0.000031,0.000031,0.000033,0.000034,0.000031,0.000027,0.000007,0.000018,0.000031,0.000050
239,,,,,,,,,,,,,,0.000014,0.000262,0.000140,0.000127,0.000078,0.000049,0.000043,0.000039,0.000047,0.000058,0.000048,0.000030,0.000031,0.000029,0.000032,0.000026,0.000026,0.000025,0.000034,0.000047,0.000041,0.000044,0.000043,0.000037,0.000037,0.000029,0.000096,0.000136,0.000181,0.000241,0.000278,0.000236,0.000185,0.000032,0.000119,0.000197,0.000322
240,,,,,,,,,,,,,,0.000012,0.000265,0.000169,0.000253,0.000377,0.000344,0.000327,0.000325,0.000305,0.000235,0.000251,0.000199,0.000180,0.000141,0.000099,0.000081,0.000075,0.000069,0.000057,0.000063,0.000064,0.000090,0.000090,0.000096,0.000035,0.000017,0.000038,0.000031,0.000026,0.000016,0.000014,0.000011,0.000018,0.000008,0.000097,0.000339,0.000641
241,,,,,,,,,,,,,,0.000006,0.000091,0.000050,0.000060,0.000049,0.000033,0.000040,0.000052,0.000063,0.000066,0.000082,0.000078,0.000069,0.000067,0.000053,0.000051,0.000046,0.000050,0.000053,0.000052,0.000043,0.000045,0.000050,0.000054,0.000043,0.000041,0.000175,0.000217,0.000205,0.000194,0.000135,0.000087,0.000054,0.000009,0.000043,0.000090,0.000170
242,,,,,,,,,,,,,,0.000009,0.000185,0.000118,0.000136,0.000129,0.000123,0.000137,0.000149,0.000142,0.000116,0.000117,0.000102,0.000082,0.000083,0.000074,0.000075,0.000085,0.000090,0.000093,0.000130,0.000161,0.000261,0.000342,0.000426,0.000174,0.000150,0.000520,0.000448,0.000324,0.000228,0.000161,0.000108,0.000066,0.000006,0.000013,0.000022,0.000049
243,,,,,,,,,,,,,,0.000008,0.000152,0.000088,0.000139,0.000218,0.000275,0.000316,0.000326,0.000261,0.000187,0.000153,0.000110,0.000089,0.000073,0.000066,0.000064,0.000078,0.000072,0.000063,0.000097,0.000127,0.000186,0.000184,0.000166,0.000058,0.000051,0.000174,0.000155,0.000134,0.000101,0.000076,0.000049,0.000036,0.000005,0.000036,0.000128,0.000284
244,,,,,,,,,,,,,,0.000018,0.000366,0.000185,0.000209,0.000178,0.000153,0.000132,0.000115,0.000096,0.000071,0.000078,0.000062,0.000050,0.000050,0.000040,0.000035,0.000027,0.000019,0.000017,0.000015,0.000026,0.000046,0.000043,0.000047,0.000040,0.000025,0.000055,0.000047,0.000037,0.000036,0.000039,0.000034,0.000032,0.000010,0.000047,0.000099,0.000156
245,,,,,,,,,,,,,,0.000010,0.000244,0.000130,0.000137,0.000128,0.000102,0.000097,0.000098,0.000101,0.000082,0.000082,0.000066,0.000061,0.000059,0.000054,0.000050,0.000051,0.000053,0.000054,0.000062,0.000049,0.000049,0.000046,0.000046,0.000021,0.000015,0.000044,0.000048,0.000051,0.000048,0.000043,0.000035,0.000027,0.000003,0.000010,0.000028,0.000052
246,,,,,,,,,,,,,,0.000004,0.000068,0.000054,0.000058,0.000058,0.000043,0.000041,0.000046,0.000068,0.000082,0.000086,0.000075,0.000066,0.000055,0.000044,0.000038,0.000020,0.000014,0.000011,0.000016,0.000029,0.000043,0.000055,0.000057,0.000046,0.000040,0.000068,0.000079,0.000107,0.000140,0.000157,0.000151,0.000108,0.000022,0.000083,0.000109,0.000117
247,,,,,,,,,,,,,,0.000002,0.000074,0.000066,0.000060,0.000058,0.000063,0.000071,0.000074,0.000093,0.000132,0.000124,0.000124,0.000119,0.000111,0.000112,0.000108,0.000138,0.000168,0.000189,0.000180,0.000112,0.000099,0.000082,0.000078,0.000035,0.000027,0.000132,0.000198,0.000276,0.000321,0.000334,0.000268,0.000161,0.000014,0.000046,0.000035,0.000039
248,,,,,,,,,,,,,,0.000008,0.000192,0.000104,0.000101,0.000075,0.000051,0.000043,0.000038,0.000031,0.000030,0.000020,0.000011,0.000006,0.000009,0.000012,0.000023,0.000034,0.000051,0.000070,0.000104,0.000126,0.000194,0.000237,0.000282,0.000159,0.000124,0.000554,0.000476,0.000340,0.000186,0.000110,0.000063,0.000038,0.000008,0.000023,0.000042,0.000084
249,,,,,,,,,,,,,,0.000020,0.000193,0.000095,0.000088,0.000084,0.000063,0.000061,0.000065,0.000071,0.000071,0.000074,0.000059,0.000065,0.000060,0.000048,0.000047,0.000049,0.000042,0.000049,0.000052,0.000043,0.000051,0.000052,0.000045,0.000021,0.000018,0.000028,0.000025,0.000024,0.000021,0.000020,0.000018,0.000015,0.000004,0.000019,0.000055,0.000175
250,,,,,,,,,,,,,,0.000018,0.000360,0.000160,0.000167,0.000169,0.000099,0.000094,0.000083,0.000091,0.000103,0.000101,0.000081,0.000042,0.000043,0.000048,0.000050,0.000064,0.000062,0.000086,0.000150,0.000192,0.000302,0.000358,0.000337,0.000166,0.000057,0.000065,0.000053,0.000056,0.000055,0.000047,0.000047,0.000077,0.000012,0.000036,0.000102,0.000272
251,,,,,,,,,,,,,,0.000018,0.000235,0.000127,0.000135,0.000142,0.000101,0.000115,0.000112,0.000104,0.000093,0.000107,0.000109,0.000094,0.000077,0.000059,0.000058,0.000062,0.000071,0.000075,0.000096,0.000079,0.000120,0.000134,0.000138,0.000076,0.000057,0.000061,0.000043,0.000032,0.000024,0.000015,0.000007,0.000006,0.000008,0.000072,0.000241,0.000481
252,,,,,,,,,,,,,,0.000006,0.000141,0.000100,0.000121,0.000101,0.000077,0.000085,0.000091,0.000091,0.000078,0.000086,0.000090,0.000102,0.000113,0.000137,0.000152,0.000198,0.000271,0.000383,0.000462,0.000402,0.000428,0.000373,0.000356,0.000139,0.000068,0.000154,0.000109,0.000080,0.000057,0.000042,0.000031,0.000024,0.000003,0.000031,0.000085,0.000141
253,,,,,,,,,,,,,,0.000025,0.000677,0.000459,0.000507,0.000485,0.000361,0.000336,0.000332,0.000303,0.000254,0.000281,0.000257,0.000250,0.000242,0.000258,0.000285,0.000333,0.000296,0.000242,0.000207,0.000123,0.000097,0.000077,0.000060,0.000033,0.000038,0.000083,0.000075,0.000077,0.000076,0.000074,0.000058,0.000046,0.000006,0.000032,0.000072,0.000107
254,,,,,,,,,,,,,,0.000004,0.000077,0.000052,0.000052,0.000050,0.000053,0.000075,0.000124,0.000235,0.000564,0.000368,0.000307,0.000286,0.000296,0.000271,0.000193,0.000149,0.000123,0.000111,0.000108,0.000085,0.000079,0.000057,0.000047,0.000024,0.000021,0.000044,0.000035,0.000026,0.000016,0.000015,0.000011,0.000008,0.000004,0.000021,0.000041,0.000071
255,,,,,,,,,,,,,,0.000017,0.000253,0.000136,0.000129,0.000148,0.000207,0.000366,0.000622,0.000864,0.000882,0.001056,0.000907,0.000847,0.000766,0.000681,0.000603,0.000504,0.000391,0.000319,0.000309,0.000202,0.000196,0.000178,0.000184,0.000065,0.000035,0.000116,0.000091,0.000076,0.000071,0.000060,0.000045,0.000038,0.000007,0.000026,0.000043,0.000171
256,,,,,,,,,,,,,,0.000004,0.000087,0.000070,0.000096,0.000115,0.000119,0.000141,0.000167,0.000172,0.000149,0.000154,0.000125,0.000106,0.000090,0.000081,0.000087,0.000083,0.000069,0.000060,0.000048,0.000037,0.000036,0.000024,0.000025,0.000028,0.000015,0.000023,0.000017,0.000010,0.000007,0.000005,0.000007,0.000011,0.000011,0.000051,0.000087,0.000060
257,,,,,,,,,,,,,,0.000005,0.000101,0.000062,0.000088,0.000118,0.000128,0.000142,0.000152,0.000144,0.000107,0.000095,0.000094,0.000080,0.000074,0.000075,0.000091,0.000114,0.000121,0.000163,0.000250,0.000356,0.000382,0.000226,0.000175,0.000054,0.000035,0.000113,0.000113,0.000108,0.000098,0.000088,0.000064,0.000055,0.000010,0.000023,0.000044,0.000085
258,,,,,,,,,,,,,,0.000006,0.000104,0.000067,0.000074,0.000063,0.000054,0.000050,0.000072,0.000086,0.000073,0.000077,0.000063,0.000050,0.000045,0.000036,0.000036,0.000044,0.000062,0.000066,0.000096,0.000101,0.000128,0.000124,0.000106,0.000056,0.000047,0.000220,0.000202,0.000142,0.000091,0.000062,0.000050,0.000069,0.000013,0.000026,0.000035,0.000049
259,,,,,,,,,,,,,,0.000005,0.000103,0.000064,0.000081,0.000059,0.000050,0.000050,0.000054,0.000058,0.000056,0.000057,0.000058,0.000051,0.000041,0.000040,0.000039,0.000054,0.000059,0.000065,0.000063,0.000046,0.000036,0.000030,0.000028,0.000023,0.000068,0.000066,0.000071,0.000057,0.000041,0.000039,0.000034,0.000027,0.000004,0.000017,0.000038,0.000073
260,,,,,,,,,,,,,,0.000004,0.000090,0.000061,0.000057,0.000054,0.000037,0.000034,0.000037,0.000053,0.000061,0.000063,0.000072,0.000075,0.000082,0.000088,0.000122,0.000213,0.000345,0.000448,0.000428,0.000270,0.000198,0.000146,0.000112,0.000048,0.000030,0.000070,0.000108,0.000178,0.000256,0.000306,0.000268,0.000162,0.000012,0.000020,0.000030,0.000049
261,,,,,,,,,,,,,,0.000011,0.000273,0.000157,0.000194,0.000189,0.000165,0.000197,0.000297,0.000420,0.000471,0.000572,0.000550,0.000557,0.000484,0.000408,0.000331,0.000301,0.000218,0.000184,0.000164,0.000114,0.000104,0.000055,0.000059,0.000110,0.000044,0.000065,0.000048,0.000038,0.000026,0.000016,0.000016,0.000017,0.000008,0.000027,0.000053,0.000125
262,,,,,,,,,,,,,,0.000015,0.000350,0.000225,0.000189,0.000142,0.000115,0.000118,0.000130,0.000116,0.000112,0.000123,0.000110,0.000077,0.000069,0.000053,0.000052,0.000057,0.000055,0.000054,0.000074,0.000072,0.000085,0.000076,0.000079,0.000069,0.000027,0.000077,0.000086,0.000090,0.000116,0.000128,0.000110,0.000097,0.000017,0.000044,0.000033,0.000048
263,,,,,,,,,,,,,,0.000006,0.000071,0.000038,0.000035,0.000040,0.000037,0.000054,0.000075,0.000106,0.000106,0.000139,0.000130,0.000127,0.000130,0.000113,0.000115,0.000123,0.000110,0.000084,0.000072,0.000048,0.000042,0.000035,0.000030,0.000016,0.000012,0.000032,0.000028,0.000020,0.000016,0.000019,0.000019,0.000025,0.000013,0.000126,0.000313,0.000479
264,,,,,,,,,,,,,,0.000004,0.000074,0.000063,0.000062,0.000058,0.000047,0.000049,0.000057,0.000068,0.000077,0.000083,0.000072,0.000068,0.000077,0.000066,0.000061,0.000062,0.000072,0.000073,0.000072,0.000094,0.000150,0.000245,0.000274,0.000328,0.000098,0.000153,0.000105,0.000089,0.000067,0.000055,0.000044,0.000037,0.000010,0.000037,0.000056,0.000066
265,,,,,,,,,,,,,,0.000013,0.000263,0.000149,0.000155,0.000206,0.000194,0.000202,0.000216,0.000221,0.000202,0.000230,0.000216,0.000219,0.000229,0.000270,0.000356,0.000508,0.000511,0.000429,0.000299,0.000151,0.000111,0.000072,0.000056,0.000027,0.000022,0.000034,0.000030,0.000027,0.000035,0.000052,0.000047,0.000057,0.000015,0.000113,0.000330,0.000630
266,,,,,,,,,,,,,,0.000022,0.000383,0.000251,0.000314,0.000232,0.000147,0.000153,0.000143,0.000125,0.000109,0.000135,0.000101,0.000091,0.000082,0.000071,0.000067,0.000060,0.000060,0.000060,0.000068,0.000050,0.000050,0.000044,0.000038,0.000015,0.000031,0.000026,0.000026,0.000021,0.000020,0.000020,0.000018,0.000020,0.000009,0.000084,0.000251,0.000510
267,,,,,,,,,,,,,,0.000003,0.000063,0.000041,0.000042,0.000034,0.000029,0.000035,0.000041,0.000047,0.000052,0.000058,0.000053,0.000049,0.000044,0.000032,0.000025,0.000025,0.000029,0.000026,0.000026,0.000025,0.000030,0.000029,0.000027,0.000039,0.000046,0.000144,0.000130,0.000099,0.000065,0.000051,0.000029,0.000019,0.000006,0.000029,0.000057,0.000084
268,,,,,,,,,,,,,,0.000004,0.000066,0.000042,0.000047,0.000055,0.000045,0.000054,0.000059,0.000065,0.000064,0.000075,0.000074,0.000072,0.000079,0.000073,0.000067,0.000069,0.000062,0.000064,0.000069,0.000047,0.000042,0.000037,0.000040,0.000016,0.000013,0.000051,0.000056,0.000060,0.000063,0.000063,0.000043,0.000029,0.000006,0.000048,0.000092,0.000143
269,,,,,,,,,,,,,,0.000017,0.000196,0.000094,0.000086,0.000071,0.000063,0.000079,0.000131,0.000198,0.000241,0.000349,0.000395,0.000414,0.000382,0.000304,0.000255,0.000210,0.000163,0.000121,0.000092,0.000059,0.000052,0.000041,0.000036,0.000020,0.000017,0.000042,0.000030,0.000025,0.000022,0.000034,0.000028,0.000027,0.000010,0.000037,0.000084,0.000176
270,,,,,,,,,,,,,,0.000006,0.000123,0.000077,0.000105,0.000112,0.000123,0.000169,0.000223,0.000261,0.000252,0.000301,0.000299,0.000308,0.000327,0.000319,0.000375,0.000446,0.000390,0.000312,0.000279,0.000205,0.000188,0.000144,0.000119,0.000036,0.000027,0.000084,0.000080,0.000070,0.000057,0.000045,0.000028,0.000018,0.000002,0.000017,0.000051,0.000086
271,,,,,,,,,,,,,,0.000007,0.000199,0.000167,0.000128,0.000118,0.000127,0.000127,0.000108,0.000109,0.000088,0.000086,0.000070,0.000076,0.000092,0.000132,0.000180,0.000279,0.000378,0.000433,0.000389,0.000190,0.000125,0.000089,0.000083,0.000044,0.000024,0.000102,0.000149,0.000204,0.000248,0.000234,0.000184,0.000142,0.000010,0.000050,0.000039,0.000056
272,,,,,,,,,,,,,,0.000003,0.000080,0.000081,0.000138,0.000195,0.000234,0.000316,0.000357,0.000326,0.000268,0.000309,0.000256,0.000267,0.000228,0.000184,0.000161,0.000133,0.000110,0.000093,0.000091,0.000064,0.000054,0.000045,0.000046,0.000018,0.000014,0.000036,0.000037,0.000037,0.000032,0.000031,0.000028,0.000024,0.000003,0.000014,0.000029,0.000050
273,,,,,,,,,,,,,,0.000005,0.000085,0.000059,0.000068,0.000085,0.000092,0.000108,0.000151,0.000186,0.000169,0.000171,0.000144,0.000130,0.000113,0.000101,0.000098,0.000106,0.000116,0.000143,0.000203,0.000240,0.000328,0.000316,0.000230,0.000052,0.000026,0.000062,0.000046,0.000033,0.000024,0.000020,0.000015,0.000012,0.000003,0.000017,0.000045,0.000079
274,,,,,,,,,,,,,,0.000004,0.000080,0.000060,0.000082,0.000086,0.000067,0.000078,0.000104,0.000145,0.000164,0.000249,0.000262,0.000302,0.000342,0.000382,0.000430,0.000558,0.000584,0.000503,0.000388,0.000208,0.000151,0.000112,0.000088,0.000035,0.000030,0.000082,0.000090,0.000095,0.000088,0.000087,0.000069,0.000058,0.000006,0.000032,0.000090,0.000154
275,,,,,,,,,,,,,,0.000005,0.000114,0.000094,0.000155,0.000247,0.000324,0.000455,0.000574,0.000594,0.000481,0.000496,0.000412,0.000328,0.000234,0.000166,0.000124,0.000104,0.000086,0.000071,0.000065,0.000050,0.000040,0.000039,0.000033,0.000021,0.000014,0.000019,0.000015,0.000014,0.000015,0.000015,0.000018,0.000017,0.000005,0.000020,0.000060,0.000127
276,,,,,,,,,,,,,,0.000013,0.000254,0.000181,0.000204,0.000199,0.000131,0.000112,0.000098,0.000089,0.000071,0.000070,0.000062,0.000047,0.000035,0.000028,0.000027,0.000036,0.000045,0.000058,0.000082,0.000096,0.000110,0.000176,0.000223,0.000072,0.000045,0.000136,0.000088,0.000058,0.000038,0.000027,0.000024,0.000026,0.000006,0.000031,0.000083,0.000156
277,,,,,,,,,,,,,,0.000003,0.000066,0.000037,0.000045,0.000039,0.000030,0.000028,0.000028,0.000035,0.000034,0.000043,0.000055,0.000049,0.000054,0.000046,0.000039,0.000039,0.000039,0.000038,0.000042,0.000039,0.000039,0.000039,0.000036,0.000022,0.000019,0.000046,0.000070,0.000097,0.000117,0.000124,0.000111,0.000090,0.000019,0.000035,0.000055,0.000084
278,,,,,,,,,,,,,,0.000003,0.000056,0.000057,0.000061,0.000048,0.000037,0.000039,0.000035,0.000044,0.000040,0.000035,0.000037,0.000035,0.000031,0.000030,0.000032,0.000030,0.000033,0.000039,0.000038,0.000051,0.000057,0.000069,0.000062,0.000054,0.000084,0.000062,0.000057,0.000055,0.000052,0.000047,0.000038,0.000035,0.000009,0.000019,0.000028,0.000038
279,,,,,,,,,,,,,,0.000003,0.000047,0.000035,0.000044,0.000036,0.000031,0.000041,0.000056,0.000071,0.000089,0.000109,0.000121,0.000132,0.000141,0.000148,0.000125,0.000113,0.000101,0.000068,0.000061,0.000044,0.000039,0.000041,0.000062,0.000031,0.000082,0.000046,0.000040,0.000045,0.000050,0.000060,0.000053,0.000041,0.000010,0.000022,0.000035,0.000055
280,,,,,,,,,,,,,,0.000003,0.000045,0.000033,0.000034,0.000042,0.000045,0.000053,0.000065,0.000066,0.000068,0.000061,0.000054,0.000050,0.000054,0.000050,0.000052,0.000084,0.000106,0.000152,0.000241,0.000265,0.000335,0.000359,0.000275,0.000103,0.000040,0.000072,0.000059,0.000042,0.000027,0.000019,0.000014,0.000017,0.000005,0.000017,0.000031,0.000046
281,,,,,,,,,,,,,,0.000006,0.000245,0.000259,0.000387,0.000601,0.000544,0.000515,0.000447,0.000394,0.000306,0.000315,0.000262,0.000230,0.000199,0.000153,0.000117,0.000117,0.000096,0.000086,0.000088,0.000065,0.000065,0.000063,0.000058,0.000027,0.000021,0.000053,0.000040,0.000025,0.000021,0.000019,0.000017,0.000013,0.000004,0.000016,0.000040,0.000074
282,,,,,,,,,,,,,,0.000006,0.000169,0.000171,0.000339,0.000449,0.000468,0.000474,0.000468,0.000390,0.000293,0.000288,0.000230,0.000190,0.000175,0.000152,0.000135,0.000147,0.000157,0.000174,0.000248,0.000250,0.000321,0.000349,0.000339,0.000109,0.000064,0.000187,0.000150,0.000113,0.000089,0.000071,0.000056,0.000042,0.000003,0.000028,0.000085,0.000197
283,,,,,,,,,,,,,,0.000003,0.000082,0.000053,0.000050,0.000043,0.000038,0.000041,0.000063,0.000100,0.000079,0.000096,0.000096,0.000119,0.000138,0.000146,0.000161,0.000148,0.000138,0.000101,0.000087,0.000077,0.000119,0.000158,0.000206,0.000115,0.000080,0.000335,0.000339,0.000298,0.000208,0.000148,0.000100,0.000073,0.000017,0.000040,0.000035,0.000047
284,,,,,,,,,,,,,,0.000016,0.000186,0.000096,0.000091,0.000083,0.000065,0.000073,0.000075,0.000080,0.000071,0.000068,0.000056,0.000044,0.000045,0.000050,0.000051,0.000058,0.000059,0.000061,0.000073,0.000054,0.000044,0.000037,0.000028,0.000011,0.000012,0.000032,0.000042,0.000061,0.000075,0.000072,0.000052,0.000038,0.000005,0.000028,0.000137,0.000432
285,,,,,,,,,,,,,,0.000009,0.000315,0.000270,0.000445,0.000442,0.000369,0.000386,0.000385,0.000324,0.000248,0.000234,0.000175,0.000141,0.000122,0.000106,0.000099,0.000095,0.000079,0.000070,0.000073,0.000057,0.000055,0.000043,0.000040,0.000020,0.000015,0.000033,0.000031,0.000027,0.000018,0.000016,0.000012,0.000006,0.000003,0.000023,0.000046,0.000070
286,,,,,,,,,,,,,,0.000003,0.000123,0.000180,0.000312,0.000220,0.000139,0.000151,0.000144,0.000139,0.000127,0.000128,0.000114,0.000098,0.000082,0.000074,0.000058,0.000058,0.000064,0.000076,0.000087,0.000072,0.000078,0.000063,0.000052,0.000019,0.000018,0.000026,0.000021,0.000019,0.000016,0.000013,0.000014,0.000012,0.000003,0.000017,0.000037,0.000057
287,,,,,,,,,,,,,,0.000003,0.000065,0.000049,0.000052,0.000060,0.000060,0.000063,0.000075,0.000076,0.000068,0.000070,0.000068,0.000066,0.000074,0.000070,0.000066,0.000068,0.000069,0.000065,0.000064,0.000051,0.000048,0.000042,0.000047,0.000026,0.000028,0.000119,0.000125,0.000127,0.000106,0.000094,0.000060,0.000037,0.000005,0.000031,0.000068,0.000098
288,,,,,,,,,,,,,,0.000004,0.000081,0.000056,0.000058,0.000049,0.000035,0.000036,0.000041,0.000045,0.000037,0.000038,0.000036,0.000030,0.000027,0.000020,0.000019,0.000020,0.000023,0.000033,0.000043,0.000043,0.000053,0.000038,0.000045,0.000083,0.000104,0.000129,0.000082,0.000056,0.000043,0.000044,0.000052,0.000043,0.000009,0.000058,0.000151,0.000144
289,,,,,,,,,,,,,,0.000010,0.000340,0.000337,0.000528,0.000727,0.000667,0.000635,0.000570,0.000469,0.000353,0.000358,0.000285,0.000226,0.000173,0.000134,0.000103,0.000128,0.000141,0.000154,0.000157,0.000106,0.000088,0.000065,0.000059,0.000025,0.000021,0.000041,0.000036,0.000020,0.000015,0.000023,0.000021,0.000016,0.000006,0.000039,0.000131,0.000133
290,,,,,,,,,,,,,,0.000017,0.000320,0.000210,0.000180,0.000162,0.000140,0.000130,0.000120,0.000105,0.000090,0.000086,0.000084,0.000080,0.000074,0.000071,0.000077,0.000099,0.000103,0.000085,0.000078,0.000054,0.000045,0.000035,0.000038,0.000044,0.000038,0.000097,0.000077,0.000063,0.000054,0.000061,0.000059,0.000033,0.000010,0.000046,0.000097,0.000111
291,,,,,,,,,,,,,,0.000004,0.000102,0.000060,0.000064,0.000073,0.000083,0.000140,0.000238,0.000334,0.000367,0.000507,0.000487,0.000520,0.000576,0.000586,0.000606,0.000519,0.000370,0.000299,0.000277,0.000198,0.000149,0.000105,0.000092,0.000027,0.000026,0.000081,0.000087,0.000086,0.000076,0.000072,0.000076,0.000069,0.000006,0.000031,0.000068,0.000100
292,,,,,,,,,,,,,,0.000008,0.000216,0.000193,0.000167,0.000145,0.000124,0.000105,0.000100,0.000114,0.000100,0.000077,0.000067,0.000052,0.000045,0.000045,0.000046,0.000042,0.000028,0.000025,0.000036,0.000030,0.000033,0.000042,0.000035,0.000042,0.000022,0.000040,0.000038,0.000028,0.000027,0.000024,0.000025,0.000037,0.000009,0.000028,0.000064,0.000141
293,,,,,,,,,,,,,,0.000005,0.000112,0.000066,0.000078,0.000093,0.000100,0.000133,0.000165,0.000171,0.000157,0.000177,0.000153,0.000153,0.000157,0.000149,0.000156,0.000154,0.000157,0.000158,0.000192,0.000152,0.000181,0.000236,0.000303,0.000161,0.000139,0.000593,0.000488,0.000325,0.000182,0.000109,0.000054,0.000021,0.000003,0.000033,0.000076,0.000116
294,,,,,,,,,,,,,,0.000004,0.000092,0.000063,0.000060,0.000045,0.000053,0.000084,0.000181,0.000368,0.000528,0.000780,0.000780,0.000817,0.000738,0.000635,0.000487,0.000385,0.000287,0.000224,0.000193,0.000133,0.000116,0.000096,0.000079,0.000086,0.000055,0.000125,0.000095,0.000083,0.000064,0.000050,0.000036,0.000035,0.000005,0.000017,0.000032,0.000053
295,,,,,,,,,,,,,,0.000003,0.000070,0.000061,0.000103,0.000095,0.000078,0.000078,0.000082,0.000097,0.000104,0.000105,0.000115,0.000140,0.000201,0.000304,0.000433,0.000631,0.000803,0.000865,0.000677,0.000344,0.000209,0.000127,0.000101,0.000039,0.000025,0.000070,0.000058,0.000048,0.000036,0.000023,0.000015,0.000013,0.000004,0.000033,0.000086,0.000122
296,,,,,,,,,,,,,,0.000004,0.000083,0.000053,0.000057,0.000046,0.000034,0.000029,0.000031,0.000034,0.000034,0.000039,0.000042,0.000047,0.000070,0.000107,0.000166,0.000272,0.000370,0.000462,0.000472,0.000326,0.000238,0.000164,0.000135,0.000045,0.000030,0.000059,0.000041,0.000026,0.000020,0.000019,0.000017,0.000012,0.000005,0.000020,0.000028,0.000044
297,,,,,,,,,,,,,,0.000009,0.000212,0.000144,0.000225,0.000259,0.000231,0.000258,0.000290,0.000316,0.000253,0.000244,0.000155,0.000134,0.000107,0.000082,0.000065,0.000051,0.000045,0.000047,0.000054,0.000059,0.000064,0.000065,0.000074,0.000031,0.000026,0.000096,0.000126,0.000159,0.000191,0.000226,0.000248,0.000251,0.000036,0.000093,0.000153,0.000225
298,,,,,,,,,,,,,,0.000003,0.000062,0.000056,0.000043,0.000043,0.000033,0.000038,0.000049,0.000063,0.000065,0.000097,0.000093,0.000103,0.000099,0.000089,0.000097,0.000113,0.000122,0.000098,0.000088,0.000070,0.000058,0.000055,0.000053,0.000099,0.000038,0.000081,0.000099,0.000118,0.000135,0.000140,0.000101,0.000060,0.000010,0.000023,0.000030,0.000043
299,,,,,,,,,,,,,,0.000022,0.000526,0.000255,0.000216,0.000185,0.000107,0.000091,0.000085,0.000073,0.000054,0.000045,0.000043,0.000033,0.000036,0.000032,0.000025,0.000019,0.000024,0.000024,0.000036,0.000030,0.000036,0.000037,0.000038,0.000079,0.000051,0.000103,0.000109,0.000113,0.000108,0.000121,0.000094,0.000063,0.000009,0.000027,0.000048,0.000090
300,,,,,,,,,,,,,,0.000014,0.000458,0.000397,0.000611,0.000800,0.000813,0.000842,0.000860,0.000767,0.000561,0.000529,0.000390,0.000318,0.000259,0.000234,0.000231,0.000286,0.000301,0.000346,0.000349,0.000246,0.000193,0.000130,0.000101,0.000042,0.000027,0.000090,0.000071,0.000060,0.000047,0.000036,0.000031,0.000026,0.000004,0.000035,0.000114,0.000241
301,,,,,,,,,,,,,,0.000004,0.000134,0.000121,0.000256,0.000420,0.000482,0.000480,0.000509,0.000467,0.000322,0.000287,0.000208,0.000177,0.000146,0.000112,0.000101,0.000090,0.000084,0.000066,0.000063,0.000044,0.000045,0.000039,0.000043,0.000024,0.000017,0.000020,0.000017,0.000013,0.000012,0.000014,0.000013,0.000008,0.000005,0.000019,0.000036,0.000052
302,,,,,,,,,,,,,,0.000005,0.000103,0.000075,0.000064,0.000054,0.000040,0.000038,0.000039,0.000054,0.000053,0.000059,0.000054,0.000049,0.000042,0.000026,0.000021,0.000031,0.000043,0.000039,0.000063,0.000084,0.000106,0.000171,0.000138,0.000093,0.000079,0.000341,0.000382,0.000322,0.000240,0.000167,0.000088,0.000047,0.000010,0.000038,0.000065,0.000091
303,,,,,,,,,,,,,,0.000004,0.000086,0.000049,0.000049,0.000048,0.000042,0.000045,0.000053,0.000056,0.000050,0.000053,0.000056,0.000052,0.000057,0.000072,0.000097,0.000155,0.000224,0.000314,0.000408,0.000422,0.000503,0.000433,0.000380,0.000099,0.000049,0.000144,0.000106,0.000080,0.000062,0.000046,0.000030,0.000022,0.000003,0.000011,0.000018,0.000052
304,,,,,,,,,,,,,,0.000019,0.000324,0.000171,0.000185,0.000191,0.000119,0.000099,0.000086,0.000086,0.000089,0.000096,0.000081,0.000069,0.000056,0.000047,0.000038,0.000039,0.000038,0.000033,0.000039,0.000033,0.000029,0.000025,0.000028,0.000013,0.000012,0.000036,0.000039,0.000038,0.000038,0.000043,0.000035,0.000030,0.000009,0.000069,0.000144,0.000184
305,,,,,,,,,,,,,,0.000010,0.000200,0.000124,0.000135,0.000103,0.000074,0.000077,0.000084,0.000093,0.000088,0.000114,0.000124,0.000133,0.000143,0.000140,0.000163,0.000186,0.000210,0.000232,0.000301,0.000272,0.000282,0.000216,0.000155,0.000063,0.000034,0.000078,0.000047,0.000028,0.000014,0.000015,0.000010,0.000011,0.000008,0.000035,0.000091,0.000144
306,,,,,,,,,,,,,,0.000011,0.000223,0.000126,0.000138,0.000125,0.000104,0.000122,0.000142,0.000151,0.000147,0.000179,0.000153,0.000149,0.000147,0.000132,0.000123,0.000128,0.000110,0.000109,0.000123,0.000095,0.000084,0.000060,0.000062,0.000032,0.000028,0.000066,0.000051,0.000045,0.000038,0.000034,0.000021,0.000017,0.000005,0.000028,0.000063,0.000136
307,,,,,,,,,,,,,,0.000007,0.000180,0.000104,0.000116,0.000104,0.000089,0.000122,0.000161,0.000202,0.000207,0.000272,0.000259,0.000279,0.000275,0.000271,0.000263,0.000244,0.000203,0.000182,0.000158,0.000105,0.000082,0.000061,0.000066,0.000026,0.000025,0.000142,0.000256,0.000390,0.000488,0.000486,0.000401,0.000295,0.000021,0.000060,0.000074,0.000176
308,,,,,,,,,,,,,,0.000024,0.000393,0.000188,0.000191,0.000160,0.000135,0.000152,0.000201,0.000224,0.000220,0.000255,0.000234,0.000233,0.000229,0.000210,0.000184,0.000180,0.000143,0.000113,0.000106,0.000071,0.000059,0.000037,0.000034,0.000017,0.000015,0.000027,0.000027,0.000033,0.000034,0.000039,0.000031,0.000027,0.000004,0.000017,0.000037,0.000086
309,,,,,,,,,,,,,,0.000013,0.000323,0.000264,0.000249,0.000327,0.000355,0.000456,0.000555,0.000590,0.000481,0.000486,0.000417,0.000333,0.000273,0.000206,0.000150,0.000143,0.000110,0.000084,0.000070,0.000046,0.000037,0.000031,0.000021,0.000019,0.000017,0.000012,0.000013,0.000013,0.000018,0.000031,0.000038,0.000036,0.000008,0.000022,0.000029,0.000035
310,,,,,,,,,,,,,,0.000019,0.000344,0.000182,0.000195,0.000172,0.000117,0.000101,0.000104,0.000106,0.000088,0.000092,0.000088,0.000073,0.000064,0.000056,0.000046,0.000049,0.000049,0.000053,0.000051,0.000041,0.000049,0.000036,0.000023,0.000015,0.000012,0.000024,0.000027,0.000027,0.000023,0.000021,0.000020,0.000014,0.000006,0.000040,0.000108,0.000242
311,,,,,,,,,,,,,,0.000012,0.000270,0.000172,0.000156,0.000123,0.000086,0.000072,0.000076,0.000077,0.000096,0.000058,0.000049,0.000036,0.000036,0.000035,0.000039,0.000035,0.000050,0.000073,0.000055,0.000036,0.000047,0.000077,0.000160,0.000128,0.000104,0.000422,0.000341,0.000235,0.000137,0.000103,0.000064,0.000043,0.000011,0.000023,0.000032,0.000061
312,,,,,,,,,,,,,,0.000014,0.000246,0.000133,0.000193,0.000257,0.000267,0.000344,0.000410,0.000397,0.000312,0.000348,0.000288,0.000262,0.000224,0.000181,0.000179,0.000183,0.000164,0.000128,0.000104,0.000061,0.000060,0.000043,0.000040,0.000026,0.000020,0.000028,0.000025,0.000022,0.000016,0.000009,0.000008,0.000013,0.000007,0.000054,0.000209,0.000573
313,,,,,,,,,,,,,,0.000017,0.000349,0.000166,0.000165,0.000121,0.000094,0.000080,0.000085,0.000079,0.000068,0.000064,0.000065,0.000056,0.000044,0.000038,0.000045,0.000053,0.000055,0.000056,0.000058,0.000052,0.000066,0.000061,0.000052,0.000028,0.000018,0.000048,0.000034,0.000030,0.000023,0.000022,0.000021,0.000014,0.000005,0.000036,0.000125,0.000259
314,,,,,,,,,,,,,,0.000009,0.000182,0.000150,0.000127,0.000129,0.000107,0.000103,0.000107,0.000110,0.000097,0.000102,0.000104,0.000091,0.000061,0.000058,0.000064,0.000056,0.000064,0.000065,0.000083,0.000108,0.000176,0.000249,0.000262,0.000127,0.000050,0.000077,0.000049,0.000036,0.000030,0.000035,0.000031,0.000023,0.000004,0.000015,0.000018,0.000021
315,,,,,,,,,,,,,,0.000002,0.000030,0.000020,0.000019,0.000018,0.000016,0.000019,0.000024,0.000033,0.000029,0.000038,0.000039,0.000038,0.000034,0.000024,0.000026,0.000027,0.000029,0.000043,0.000072,0.000154,0.000157,0.000166,0.000176,0.000064,0.000046,0.000115,0.000088,0.000066,0.000047,0.000035,0.000024,0.000021,0.000003,0.000014,0.000034,0.000060
316,,,,,,,,,,,,,,0.000006,0.000147,0.000119,0.000206,0.000234,0.000194,0.000229,0.000282,0.000271,0.000227,0.000221,0.000164,0.000138,0.000112,0.000093,0.000081,0.000074,0.000060,0.000058,0.000062,0.000066,0.000113,0.000152,0.000186,0.000086,0.000051,0.000168,0.000144,0.000118,0.000103,0.000077,0.000052,0.000036,0.000004,0.000028,0.000072,0.000119
317,,,,,,,,,,,,,,0.000003,0.000083,0.000054,0.000074,0.000071,0.000058,0.000065,0.000069,0.000069,0.000057,0.000082,0.000116,0.000101,0.000090,0.000077,0.000067,0.000064,0.000073,0.000105,0.000157,0.000215,0.000342,0.000361,0.000255,0.000063,0.000033,0.000082,0.000072,0.000069,0.000065,0.000070,0.000058,0.000045,0.000008,0.000024,0.000047,0.000065
318,,,,,,,,,,,,,,0.000012,0.000169,0.000089,0.000085,0.000070,0.000054,0.000056,0.000059,0.000053,0.000049,0.000057,0.000037,0.000032,0.000033,0.000035,0.000035,0.000030,0.000024,0.000024,0.000028,0.000028,0.000038,0.000035,0.000041,0.000025,0.000023,0.000044,0.000033,0.000033,0.000038,0.000042,0.000037,0.000031,0.000009,0.000027,0.000053,0.000144
319,,,,,,,,,,,,,,0.000003,0.000049,0.000046,0.000029,0.000034,0.000038,0.000048,0.000066,0.000066,0.000059,0.000066,0.000059,0.000062,0.000065,0.000065,0.000063,0.000066,0.000068,0.000068,0.000074,0.000070,0.000069,0.000069,0.000056,0.000029,0.000022,0.000053,0.000061,0.000066,0.000068,0.000060,0.000047,0.000044,0.000017,0.000059,0.000045,0.000073
320,,,,,,,,,,,,,,0.000007,0.000149,0.000103,0.000182,0.000260,0.000331,0.000463,0.000578,0.000579,0.000439,0.000374,0.000256,0.000195,0.000161,0.000134,0.000122,0.000113,0.000111,0.000107,0.000100,0.000062,0.000054,0.000046,0.000038,0.000018,0.000018,0.000034,0.000029,0.000025,0.000021,0.000017,0.000012,0.000013,0.000005,0.000028,0.000055,0.000096
321,,,,,,,,,,,,,,0.000004,0.000117,0.000086,0.000119,0.000103,0.000080,0.000082,0.000108,0.000140,0.000124,0.000099,0.000067,0.000055,0.000042,0.000033,0.000030,0.000026,0.000033,0.000039,0.000040,0.000029,0.000030,0.000027,0.000027,0.000012,0.000014,0.000018,0.000022,0.000024,0.000024,0.000026,0.000024,0.000017,0.000005,0.000022,0.000041,0.000058
322,,,,,,,,,,,,,,0.000012,0.000324,0.000174,0.000209,0.000191,0.000146,0.000148,0.000137,0.000154,0.000138,0.000157,0.000147,0.000145,0.000160,0.000208,0.000259,0.000348,0.000416,0.000423,0.000374,0.000244,0.000205,0.000164,0.000185,0.000069,0.000068,0.000180,0.000154,0.000125,0.000102,0.000085,0.000069,0.000064,0.000007,0.000030,0.000062,0.000101
323,,,,,,,,,,,,,,0.000012,0.000294,0.000170,0.000186,0.000208,0.000171,0.000140,0.000146,0.000146,0.000139,0.000124,0.000104,0.000099,0.000096,0.000085,0.000076,0.000080,0.000083,0.000085,0.000085,0.000068,0.000077,0.000060,0.000067,0.000035,0.000025,0.000087,0.000087,0.000078,0.000071,0.000051,0.000038,0.000031,0.000005,0.000024,0.000057,0.000121
324,,,,,,,,,,,,,,0.000004,0.000095,0.000087,0.000168,0.000281,0.000446,0.000703,0.000963,0.001050,0.000907,0.000948,0.000747,0.000622,0.000503,0.000399,0.000321,0.000262,0.000204,0.000148,0.000121,0.000083,0.000063,0.000043,0.000042,0.000017,0.000016,0.000042,0.000039,0.000032,0.000025,0.000017,0.000011,0.000009,0.000003,0.000013,0.000032,0.000059
325,,,,,,,,,,,,,,0.000005,0.000123,0.000120,0.000247,0.000332,0.000367,0.000434,0.000497,0.000477,0.000351,0.000341,0.000253,0.000199,0.000158,0.000131,0.000133,0.000129,0.000117,0.000106,0.000110,0.000091,0.000075,0.000086,0.000083,0.000061,0.000031,0.000037,0.000032,0.000037,0.000038,0.000033,0.000025,0.000023,0.000009,0.000081,0.000205,0.000208
326,,,,,,,,,,,,,,0.000010,0.000162,0.000079,0.000119,0.000099,0.000072,0.000082,0.000083,0.000081,0.000063,0.000075,0.000065,0.000064,0.000059,0.000052,0.000054,0.000058,0.000053,0.000050,0.000052,0.000041,0.000045,0.000039,0.000042,0.000039,0.000019,0.000058,0.000062,0.000062,0.000055,0.000045,0.000033,0.000029,0.000008,0.000033,0.000100,0.000180
327,,,,,,,,,,,,,,0.000005,0.000134,0.000132,0.000208,0.000310,0.000319,0.000331,0.000369,0.000338,0.000285,0.000293,0.000216,0.000165,0.000139,0.000112,0.000081,0.000069,0.000057,0.000059,0.000054,0.000045,0.000055,0.000042,0.000042,0.000019,0.000092,0.000041,0.000046,0.000049,0.000048,0.000045,0.000042,0.000039,0.000006,0.000018,0.000030,0.000045
328,,,,,,,,,,,,,,0.000015,0.000415,0.000257,0.000423,0.000357,0.000275,0.000215,0.000228,0.000223,0.000401,0.000264,0.000205,0.000187,0.000176,0.000172,0.000167,0.000161,0.000125,0.000100,0.000095,0.000084,0.000073,0.000070,0.000094,0.000053,0.000054,0.000161,0.000188,0.000184,0.000155,0.000135,0.000098,0.000065,0.000005,0.000025,0.000086,0.000193
329,,,,,,,,,,,,,,0.000005,0.000102,0.000071,0.000070,0.000073,0.000056,0.000063,0.000076,0.000094,0.000082,0.000083,0.000061,0.000053,0.000059,0.000049,0.000030,0.000035,0.000039,0.000040,0.000042,0.000039,0.000078,0.000169,0.000253,0.000141,0.000045,0.000051,0.000045,0.000039,0.000036,0.000048,0.000047,0.000049,0.000010,0.000046,0.000068,0.000099
330,,,,,,,,,,,,,,0.000007,0.000173,0.000119,0.000107,0.000087,0.000066,0.000067,0.000074,0.000120,0.000201,0.000237,0.000217,0.000226,0.000227,0.000172,0.000121,0.000089,0.000070,0.000072,0.000065,0.000046,0.000041,0.000041,0.000043,0.000024,0.000014,0.000026,0.000027,0.000028,0.000027,0.000023,0.000021,0.000018,0.000006,0.000026,0.000039,0.000054
331,,,,,,,,,,,,,,0.000015,0.000336,0.000219,0.000181,0.000149,0.000114,0.000101,0.000106,0.000102,0.000103,0.000129,0.000121,0.000112,0.000107,0.000096,0.000082,0.000081,0.000073,0.000050,0.000043,0.000042,0.000052,0.000043,0.000038,0.000027,0.000024,0.000026,0.000020,0.000025,0.000030,0.000039,0.000039,0.000036,0.000014,0.000054,0.000136,0.000169
332,,,,,,,,,,,,,,0.000005,0.000082,0.000044,0.000046,0.000053,0.000068,0.000096,0.000123,0.000135,0.000111,0.000131,0.000124,0.000103,0.000092,0.000068,0.000066,0.000090,0.000103,0.000136,0.000156,0.000133,0.000114,0.000112,0.000131,0.000130,0.000065,0.000144,0.000096,0.000060,0.000034,0.000030,0.000019,0.000016,0.000005,0.000023,0.000042,0.000087
333,,,,,,,,,,,,,,0.000004,0.000057,0.000044,0.000054,0.000046,0.000036,0.000035,0.000031,0.000030,0.000032,0.000036,0.000030,0.000018,0.000019,0.000018,0.000021,0.000031,0.000035,0.000046,0.000061,0.000041,0.000034,0.000028,0.000028,0.000021,0.000014,0.000028,0.000027,0.000027,0.000036,0.000047,0.000052,0.000050,0.000011,0.000046,0.000065,0.000100
334,,,,,,,,,,,,,,0.000004,0.000092,0.000061,0.000080,0.000123,0.000205,0.000377,0.000580,0.000667,0.000586,0.000659,0.000562,0.000454,0.000359,0.000285,0.000242,0.000221,0.000196,0.000189,0.000181,0.000133,0.000119,0.000098,0.000089,0.000030,0.000029,0.000068,0.000057,0.000047,0.000036,0.000026,0.000017,0.000010,0.000002,0.000017,0.000048,0.000083
335,,,,,,,,,,,,,,0.000013,0.000259,0.000138,0.000148,0.000136,0.000100,0.000105,0.000106,0.000097,0.000070,0.000062,0.000054,0.000041,0.000035,0.000026,0.000022,0.000021,0.000027,0.000033,0.000034,0.000028,0.000047,0.000055,0.000077,0.000039,0.000033,0.000143,0.000177,0.000199,0.000221,0.000236,0.000209,0.000183,0.000029,0.000089,0.000131,0.000245
336,,,,,,,,,,,,,,0.000002,0.000039,0.000022,0.000021,0.000020,0.000019,0.000023,0.000029,0.000038,0.000035,0.000052,0.000046,0.000039,0.000048,0.000058,0.000068,0.000084,0.000092,0.000110,0.000134,0.000155,0.000200,0.000234,0.000278,0.000100,0.000064,0.000199,0.000133,0.000079,0.000045,0.000029,0.000023,0.000016,0.000004,0.000023,0.000034,0.000055
337,,,,,,,,,,,,,,0.000022,0.000410,0.000204,0.000230,0.000195,0.000149,0.000172,0.000233,0.000349,0.000412,0.000531,0.000618,0.000512,0.000468,0.000470,0.000377,0.000308,0.000227,0.000183,0.000159,0.000118,0.000091,0.000064,0.000052,0.000036,0.000071,0.000040,0.000039,0.000026,0.000007,0.000005,0.000014,0.000013,0.000013,0.000087,0.000249,0.000455
338,,,,,,,,,,,,,,0.000014,0.000148,0.000082,0.000090,0.000104,0.000104,0.000116,0.000139,0.000164,0.000159,0.000167,0.000140,0.000114,0.000109,0.000094,0.000098,0.000098,0.000091,0.000086,0.000089,0.000073,0.000058,0.000039,0.000039,0.000023,0.000014,0.000022,0.000028,0.000030,0.000020,0.000026,0.000022,0.000030,0.000012,0.000088,0.000330,0.000655
339,,,,,,,,,,,,,,0.000010,0.000207,0.000112,0.000111,0.000101,0.000091,0.000099,0.000101,0.000090,0.000080,0.000095,0.000083,0.000092,0.000089,0.000087,0.000092,0.000094,0.000094,0.000086,0.000110,0.000108,0.000124,0.000149,0.000250,0.000198,0.000073,0.000107,0.000104,0.000102,0.000097,0.000083,0.000072,0.000065,0.000007,0.000024,0.000049,0.000089
340,,,,,,,,,,,,,,0.000014,0.000192,0.000091,0.000091,0.000078,0.000061,0.000066,0.000076,0.000084,0.000074,0.000079,0.000069,0.000069,0.000062,0.000051,0.000055,0.000057,0.000052,0.000056,0.000066,0.000046,0.000042,0.000039,0.000028,0.000026,0.000015,0.000030,0.000022,0.000021,0.000017,0.000011,0.000007,0.000007,0.000009,0.000064,0.000127,0.000214
341,,,,,,,,,,,,,,0.000003,0.000090,0.000048,0.000043,0.000033,0.000021,0.000029,0.000051,0.000122,0.000232,0.000221,0.000209,0.000198,0.000181,0.000184,0.000149,0.000113,0.000078,0.000055,0.000041,0.000027,0.000034,0.000028,0.000025,0.000016,0.000014,0.000029,0.000030,0.000032,0.000036,0.000041,0.000033,0.000028,0.000008,0.000039,0.000047,0.000055
342,,,,,,,,,,,,,,0.000009,0.000238,0.000202,0.000241,0.000366,0.000258,0.000196,0.000156,0.000143,0.000118,0.000142,0.000110,0.000096,0.000082,0.000076,0.000095,0.000132,0.000158,0.000161,0.000133,0.000073,0.000062,0.000050,0.000034,0.000030,0.000017,0.000032,0.000035,0.000035,0.000026,0.000024,0.000023,0.000018,0.000007,0.000061,0.000101,0.000183
343,,,,,,,,,,,,,,0.000004,0.000085,0.000166,0.000064,0.000105,0.000121,0.000131,0.000147,0.000152,0.000158,0.000171,0.000156,0.000159,0.000130,0.000105,0.000085,0.000077,0.000075,0.000084,0.000127,0.000162,0.000267,0.000392,0.000561,0.000272,0.000212,0.000774,0.000562,0.000344,0.000204,0.000124,0.000061,0.000038,0.000006,0.000022,0.000058,0.000096
344,,,,,,,,,,,,,,0.000010,0.000240,0.000166,0.000138,0.000122,0.000080,0.000078,0.000081,0.000089,0.000082,0.000080,0.000066,0.000060,0.000062,0.000065,0.000079,0.000088,0.000088,0.000086,0.000095,0.000083,0.000102,0.000113,0.000200,0.000229,0.000052,0.000067,0.000066,0.000063,0.000072,0.000077,0.000066,0.000055,0.000009,0.000040,0.000063,0.000100
345,,,,,,,,,,,,,,0.000010,0.000147,0.000106,0.000122,0.000111,0.000089,0.000086,0.000088,0.000095,0.000114,0.000131,0.000118,0.000097,0.000091,0.000093,0.000123,0.000152,0.000133,0.000125,0.000120,0.000088,0.000110,0.000095,0.000086,0.000070,0.000031,0.000067,0.000076,0.000087,0.000115,0.000144,0.000153,0.000128,0.000040,0.000196,0.000285,0.000353
346,,,,,,,,,,,,,,0.000003,0.000079,0.000051,0.000066,0.000061,0.000066,0.000111,0.000206,0.000472,0.000626,0.000648,0.000555,0.000515,0.000440,0.000331,0.000259,0.000226,0.000180,0.000150,0.000150,0.000115,0.000111,0.000103,0.000106,0.000045,0.000031,0.000102,0.000093,0.000072,0.000050,0.000037,0.000027,0.000018,0.000003,0.000016,0.000027,0.000044
347,,,,,,,,,,,,,,0.000017,0.000376,0.000314,0.000229,0.000223,0.000155,0.000164,0.000166,0.000250,0.000282,0.000360,0.000366,0.000377,0.000352,0.000281,0.000169,0.000123,0.000092,0.000074,0.000049,0.000038,0.000034,0.000038,0.000039,0.000029,0.000019,0.000051,0.000062,0.000060,0.000057,0.000053,0.000042,0.000030,0.000007,0.000035,0.000087,0.000156
348,,,,,,,,,,,,,,0.000017,0.000238,0.000110,0.000120,0.000083,0.000061,0.000057,0.000060,0.000057,0.000047,0.000051,0.000050,0.000047,0.000043,0.000046,0.000045,0.000057,0.000070,0.000092,0.000151,0.000141,0.000130,0.000082,0.000067,0.000035,0.000023,0.000055,0.000067,0.000070,0.000065,0.000069,0.000059,0.000050,0.000007,0.000019,0.000035,0.000107
349,,,,,,,,,,,,,,0.000006,0.000096,0.000168,0.000081,0.000075,0.000060,0.000058,0.000070,0.000077,0.000073,0.000066,0.000058,0.000048,0.000040,0.000039,0.000030,0.000026,0.000035,0.000036,0.000040,0.000041,0.000047,0.000030,0.000031,0.000038,0.000046,0.000050,0.000041,0.000035,0.000030,0.000032,0.000026,0.000022,0.000015,0.000051,0.000068,0.000094
350,,,,,,,,,,,,,,0.000002,0.000041,0.000021,0.000023,0.000019,0.000015,0.000027,0.000061,0.000110,0.000152,0.000227,0.000256,0.000310,0.000343,0.000327,0.000286,0.000296,0.000233,0.000175,0.000135,0.000093,0.000078,0.000057,0.000054,0.000017,0.000020,0.000046,0.000061,0.000074,0.000071,0.000066,0.000056,0.000048,0.000007,0.000037,0.000052,0.000073
351,,,,,,,,,,,,,,0.000007,0.000131,0.000071,0.000074,0.000061,0.000063,0.000067,0.000103,0.000162,0.000293,0.000316,0.000365,0.000373,0.000420,0.000418,0.000372,0.000314,0.000232,0.000179,0.000125,0.000086,0.000073,0.000062,0.000039,0.000027,0.000020,0.000023,0.000007,0.000008,0.000017,0.000047,0.000055,0.000070,0.000020,0.000065,0.000174,0.000346
352,,,,,,,,,,,,,,0.000008,0.000201,0.000163,0.000243,0.000408,0.000429,0.000439,0.000478,0.000494,0.000400,0.000416,0.000362,0.000284,0.000219,0.000158,0.000119,0.000105,0.000092,0.000076,0.000087,0.000072,0.000060,0.000056,0.000049,0.000023,0.000017,0.000050,0.000050,0.000047,0.000040,0.000034,0.000017,0.000014,0.000004,0.000016,0.000029,0.000045
353,,,,,,,,,,,,,,0.000016,0.000192,0.000147,0.000195,0.000156,0.000108,0.000122,0.000107,0.000104,0.000086,0.000085,0.000060,0.000041,0.000054,0.000050,0.000052,0.000048,0.000043,0.000034,0.000044,0.000039,0.000048,0.000048,0.000056,0.000042,0.000029,0.000060,0.000052,0.000050,0.000042,0.000038,0.000031,0.000042,0.000020,0.000192,0.000633,0.001024
354,,,,,,,,,,,,,,0.000011,0.000229,0.000148,0.000186,0.000228,0.000237,0.000255,0.000290,0.000271,0.000218,0.000216,0.000180,0.000153,0.000149,0.000146,0.000163,0.000204,0.000191,0.000190,0.000163,0.000122,0.000140,0.000130,0.000104,0.000070,0.000050,0.000081,0.000088,0.000080,0.000072,0.000058,0.000042,0.000033,0.000008,0.000033,0.000106,0.000176
355,,,,,,,,,,,,,,0.000002,0.000041,0.000022,0.000027,0.000032,0.000031,0.000039,0.000046,0.000044,0.000048,0.000058,0.000049,0.000065,0.000078,0.000076,0.000080,0.000082,0.000086,0.000100,0.000170,0.000235,0.000168,0.000143,0.000162,0.000045,0.000033,0.000110,0.000113,0.000108,0.000093,0.000082,0.000071,0.000062,0.000008,0.000027,0.000049,0.000080
356,,,,,,,,,,,,,,0.000007,0.000146,0.000082,0.000103,0.000092,0.000087,0.000108,0.000153,0.000204,0.000199,0.000202,0.000134,0.000088,0.000081,0.000088,0.000078,0.000088,0.000086,0.000162,0.000165,0.000138,0.000102,0.000081,0.000068,0.000036,0.000020,0.000046,0.000043,0.000037,0.000036,0.000038,0.000043,0.000039,0.000012,0.000032,0.000040,0.000067
357,,,,,,,,,,,,,,0.000005,0.000123,0.000079,0.000115,0.000175,0.000242,0.000355,0.000520,0.000697,0.000565,0.000607,0.000490,0.000421,0.000331,0.000244,0.000259,0.000233,0.000168,0.000145,0.000139,0.000113,0.000089,0.000056,0.000041,0.000021,0.000019,0.000046,0.000045,0.000048,0.000048,0.000055,0.000043,0.000043,0.000007,0.000046,0.000060,0.000136
358,,,,,,,,,,,,,,0.000010,0.000202,0.000125,0.000124,0.000108,0.000087,0.000096,0.000110,0.000125,0.000120,0.000135,0.000110,0.000086,0.000075,0.000071,0.000072,0.000074,0.000059,0.000066,0.000051,0.000030,0.000036,0.000041,0.000036,0.000049,0.000037,0.000076,0.000081,0.000091,0.000107,0.000113,0.000085,0.000063,0.000028,0.000084,0.000135,0.000186
359,,,,,,,,,,,,,,0.000003,0.000081,0.000100,0.000157,0.000202,0.000235,0.000263,0.000282,0.000285,0.000234,0.000229,0.000194,0.000162,0.000140,0.000119,0.000094,0.000088,0.000082,0.000069,0.000082,0.000082,0.000106,0.000111,0.000145,0.000073,0.000054,0.000218,0.000159,0.000098,0.000060,0.000040,0.000025,0.000013,0.000003,0.000009,0.000022,0.000046
360,,,,,,,,,,,,,,0.000006,0.000143,0.000110,0.000133,0.000121,0.000081,0.000071,0.000072,0.000063,0.000053,0.000051,0.000049,0.000044,0.000040,0.000044,0.000044,0.000061,0.000084,0.000126,0.000197,0.000229,0.000315,0.000342,0.000399,0.000166,0.000106,0.000308,0.000232,0.000179,0.000150,0.000130,0.000099,0.000067,0.000009,0.000060,0.000048,0.000060
361,,,,,,,,,,,,,,0.000003,0.000057,0.000047,0.000072,0.000072,0.000051,0.000050,0.000072,0.000087,0.000102,0.000116,0.000107,0.000109,0.000120,0.000133,0.000134,0.000141,0.000127,0.000102,0.000100,0.000081,0.000132,0.000126,0.000117,0.000056,0.000050,0.000246,0.000289,0.000300,0.000254,0.000170,0.000110,0.000063,0.000008,0.000033,0.000032,0.000047
362,,,,,,,,,,,,,,0.000015,0.000351,0.000178,0.000177,0.000159,0.000125,0.000109,0.000101,0.000098,0.000095,0.000101,0.000083,0.000057,0.000043,0.000042,0.000049,0.000087,0.000121,0.000168,0.000196,0.000163,0.000163,0.000130,0.000120,0.000046,0.000036,0.000113,0.000114,0.000106,0.000103,0.000098,0.000076,0.000066,0.000009,0.000060,0.000127,0.000263
363,,,,,,,,,,,,,,0.000009,0.000217,0.000106,0.000108,0.000104,0.000094,0.000086,0.000101,0.000092,0.000076,0.000088,0.000067,0.000063,0.000064,0.000058,0.000056,0.000071,0.000075,0.000071,0.000069,0.000050,0.000046,0.000046,0.000058,0.000041,0.000027,0.000077,0.000067,0.000056,0.000042,0.000034,0.000039,0.000031,0.000005,0.000018,0.000036,0.000065
364,,,,,,,,,,,,,,0.000002,0.000049,0.000024,0.000054,0.000053,0.000049,0.000057,0.000066,0.000064,0.000055,0.000072,0.000079,0.000080,0.000088,0.000096,0.000110,0.000135,0.000140,0.000142,0.000150,0.000130,0.000166,0.000161,0.000199,0.000134,0.000080,0.000133,0.000143,0.000155,0.000178,0.000190,0.000154,0.000110,0.000010,0.000034,0.000044,0.000068
365,,,,,,,,,,,,,,0.000017,0.000374,0.000204,0.000205,0.000167,0.000115,0.000112,0.000120,0.000119,0.000102,0.000108,0.000099,0.000098,0.000098,0.000092,0.000099,0.000102,0.000096,0.000094,0.000096,0.000073,0.000081,0.000073,0.000067,0.000032,0.000021,0.000058,0.000053,0.000043,0.000024,0.000016,0.000006,0.000002,0.000005,0.000037,0.000084,0.000148
366,,,,,,,,,,,,,,0.000005,0.000109,0.000174,0.000063,0.000073,0.000055,0.000053,0.000059,0.000067,0.000060,0.000075,0.000075,0.000081,0.000088,0.000079,0.000069,0.000082,0.000080,0.000075,0.000077,0.000050,0.000050,0.000049,0.000054,0.000023,0.000017,0.000060,0.000062,0.000060,0.000053,0.000049,0.000043,0.000037,0.000006,0.000047,0.000133,0.000118
367,,,,,,,,,,,,,,0.000007,0.000198,0.000157,0.000226,0.000295,0.000281,0.000268,0.000265,0.000231,0.000168,0.000171,0.000132,0.000107,0.000103,0.000085,0.000080,0.000078,0.000058,0.000054,0.000063,0.000055,0.000055,0.000057,0.000063,0.000039,0.000027,0.000043,0.000040,0.000033,0.000021,0.000022,0.000029,0.000043,0.000014,0.000077,0.000137,0.000192
368,,,,,,,,,,,,,,0.000018,0.000374,0.000216,0.000201,0.000164,0.000119,0.000089,0.000094,0.000095,0.000090,0.000076,0.000058,0.000052,0.000048,0.000039,0.000038,0.000046,0.000048,0.000040,0.000038,0.000044,0.000045,0.000045,0.000048,0.000031,0.000027,0.000036,0.000022,0.000022,0.000028,0.000029,0.000027,0.000020,0.000009,0.000038,0.000066,0.000104
369,,,,,,,,,,,,,,0.000002,0.000063,0.000047,0.000047,0.000044,0.000040,0.000058,0.000101,0.000182,0.000227,0.000321,0.000316,0.000337,0.000351,0.000334,0.000302,0.000275,0.000225,0.000155,0.000134,0.000090,0.000076,0.000058,0.000053,0.000026,0.000019,0.000029,0.000035,0.000038,0.000033,0.000032,0.000022,0.000019,0.000006,0.000088,0.000060,0.000077
370,,,,,,,,,,,,,,0.000010,0.000301,0.000430,0.000220,0.000167,0.000144,0.000142,0.000137,0.000132,0.000089,0.000093,0.000071,0.000070,0.000069,0.000056,0.000045,0.000055,0.000059,0.000048,0.000049,0.000058,0.000078,0.000091,0.000084,0.000044,0.000025,0.000052,0.000043,0.000039,0.000040,0.000032,0.000031,0.000039,0.000010,0.000034,0.000050,0.000062
371,,,,,,,,,,,,,,0.000003,0.000094,0.000226,0.000147,0.000258,0.000323,0.000378,0.000519,0.000684,0.000745,0.000747,0.000703,0.000582,0.000504,0.000359,0.000271,0.000194,0.000147,0.000114,0.000102,0.000080,0.000080,0.000060,0.000057,0.000026,0.000019,0.000034,0.000033,0.000031,0.000021,0.000017,0.000014,0.000010,0.000007,0.000021,0.000034,0.000057
372,,,,,,,,,,,,,,0.000010,0.000146,0.000057,0.000061,0.000039,0.000021,0.000024,0.000026,0.000028,0.000036,0.000039,0.000034,0.000028,0.000026,0.000020,0.000022,0.000023,0.000030,0.000059,0.000085,0.000103,0.000135,0.000128,0.000117,0.000046,0.000040,0.000090,0.000103,0.000122,0.000138,0.000147,0.000116,0.000091,0.000016,0.000070,0.000159,0.000347
373,,,,,,,,,,,,,,0.000003,0.000074,0.000062,0.000043,0.000041,0.000050,0.000063,0.000074,0.000077,0.000078,0.000068,0.000057,0.000046,0.000042,0.000036,0.000033,0.000040,0.000046,0.000051,0.000077,0.000125,0.000211,0.000217,0.000207,0.000065,0.000031,0.000066,0.000047,0.000031,0.000024,0.000017,0.000018,0.000016,0.000007,0.000019,0.000031,0.000052
374,,,,,,,,,,,,,,0.000016,0.000444,0.000273,0.000214,0.000137,0.000088,0.000070,0.000065,0.000059,0.000069,0.000057,0.000046,0.000038,0.000037,0.000020,0.000014,0.000011,0.000011,0.000013,0.000015,0.000023,0.000026,0.000030,0.000036,0.000048,0.000033,0.000072,0.000081,0.000073,0.000069,0.000090,0.000084,0.000066,0.000018,0.000065,0.000093,0.000097
375,,,,,,,,,,,,,,0.000017,0.000305,0.000163,0.000137,0.000121,0.000104,0.000104,0.000101,0.000103,0.000097,0.000100,0.000080,0.000072,0.000067,0.000059,0.000052,0.000058,0.000055,0.000047,0.000058,0.000058,0.000066,0.000055,0.000057,0.000026,0.000017,0.000039,0.000042,0.000041,0.000038,0.000037,0.000030,0.000023,0.000004,0.000024,0.000042,0.000089
376,,,,,,,,,,,,,,0.000007,0.000158,0.000094,0.000098,0.000074,0.000064,0.000084,0.000145,0.000249,0.000282,0.000360,0.000340,0.000348,0.000324,0.000285,0.000285,0.000290,0.000298,0.000350,0.000331,0.000244,0.000240,0.000188,0.000174,0.000064,0.000037,0.000093,0.000079,0.000066,0.000064,0.000064,0.000045,0.000027,0.000005,0.000025,0.000029,0.000032
377,,,,,,,,,,,,,,0.000013,0.000268,0.000126,0.000122,0.000120,0.000092,0.000092,0.000098,0.000117,0.000140,0.000151,0.000133,0.000136,0.000133,0.000108,0.000126,0.000165,0.000197,0.000226,0.000188,0.000099,0.000080,0.000052,0.000039,0.000029,0.000022,0.000057,0.000055,0.000048,0.000039,0.000039,0.000031,0.000025,0.000006,0.000069,0.000219,0.000498
378,,,,,,,,,,,,,,0.000004,0.000085,0.000063,0.000062,0.000038,0.000033,0.000038,0.000039,0.000043,0.000050,0.000064,0.000052,0.000053,0.000048,0.000048,0.000039,0.000028,0.000037,0.000063,0.000126,0.000175,0.000273,0.000323,0.000345,0.000145,0.000112,0.000412,0.000422,0.000443,0.000441,0.000393,0.000268,0.000150,0.000012,0.000041,0.000058,0.000077
379,,,,,,,,,,,,,,0.000007,0.000178,0.000187,0.000285,0.000214,0.000171,0.000178,0.000165,0.000159,0.000140,0.000117,0.000081,0.000068,0.000062,0.000056,0.000053,0.000045,0.000048,0.000051,0.000064,0.000066,0.000092,0.000103,0.000089,0.000029,0.000019,0.000045,0.000042,0.000034,0.000032,0.000030,0.000024,0.000018,0.000005,0.000024,0.000049,0.000096
380,,,,,,,,,,,,,,0.000002,0.000051,0.000044,0.000040,0.000045,0.000038,0.000039,0.000038,0.000033,0.000042,0.000050,0.000051,0.000040,0.000038,0.000039,0.000042,0.000062,0.000094,0.000129,0.000165,0.000119,0.000094,0.000066,0.000076,0.000067,0.000028,0.000055,0.000055,0.000046,0.000037,0.000031,0.000028,0.000023,0.000005,0.000014,0.000023,0.000034
381,,,,,,,,,,,,,,0.000010,0.000211,0.000126,0.000147,0.000118,0.000088,0.000094,0.000107,0.000114,0.000098,0.000125,0.000098,0.000068,0.000059,0.000045,0.000043,0.000042,0.000033,0.000022,0.000018,0.000012,0.000025,0.000032,0.000048,0.000116,0.000080,0.000099,0.000084,0.000081,0.000084,0.000102,0.000115,0.000118,0.000045,0.000152,0.000258,0.000360
382,,,,,,,,,,,,,,0.000003,0.000107,0.000096,0.000169,0.000281,0.000386,0.000512,0.000633,0.000582,0.000430,0.000363,0.000221,0.000173,0.000130,0.000096,0.000074,0.000073,0.000069,0.000062,0.000059,0.000050,0.000047,0.000055,0.000051,0.000035,0.000029,0.000056,0.000053,0.000041,0.000034,0.000032,0.000026,0.000020,0.000006,0.000021,0.000040,0.000054
383,,,,,,,,,,,,,,0.000012,0.000240,0.000150,0.000130,0.000099,0.000070,0.000064,0.000066,0.000075,0.000060,0.000084,0.000083,0.000077,0.000084,0.000073,0.000074,0.000063,0.000051,0.000039,0.000037,0.000034,0.000035,0.000030,0.000031,0.000032,0.000025,0.000060,0.000075,0.000089,0.000082,0.000079,0.000068,0.000041,0.000009,0.000042,0.000098,0.000157
384,,,,,,,,,,,,,,0.000007,0.000152,0.000511,0.000197,0.000230,0.000135,0.000142,0.000165,0.000155,0.000133,0.000149,0.000128,0.000129,0.000115,0.000100,0.000087,0.000096,0.000095,0.000098,0.000082,0.000054,0.000044,0.000040,0.000048,0.000047,0.000041,0.000057,0.000046,0.000048,0.000054,0.000063,0.000056,0.000040,0.000016,0.000033,0.000066,0.000135
385,,,,,,,,,,,,,,0.000006,0.000064,0.000044,0.000046,0.000043,0.000035,0.000042,0.000055,0.000056,0.000055,0.000054,0.000051,0.000047,0.000042,0.000044,0.000049,0.000039,0.000040,0.000046,0.000057,0.000053,0.000070,0.000105,0.000198,0.000177,0.000095,0.000089,0.000090,0.000084,0.000087,0.000095,0.000080,0.000054,0.000008,0.000043,0.000036,0.000059
386,,,,,,,,,,,,,,0.000007,0.000128,0.000082,0.000084,0.000075,0.000056,0.000049,0.000054,0.000058,0.000059,0.000054,0.000046,0.000038,0.000032,0.000027,0.000026,0.000026,0.000030,0.000030,0.000026,0.000025,0.000026,0.000020,0.000023,0.000036,0.000026,0.000029,0.000023,0.000024,0.000027,0.000027,0.000025,0.000022,0.000011,0.000039,0.000062,0.000085
387,,,,,,,,,,,,,,0.000006,0.000121,0.000064,0.000054,0.000043,0.000027,0.000027,0.000024,0.000021,0.000026,0.000038,0.000034,0.000031,0.000023,0.000023,0.000025,0.000024,0.000031,0.000032,0.000039,0.000036,0.000043,0.000045,0.000049,0.000032,0.000040,0.000174,0.000228,0.000249,0.000190,0.000130,0.000075,0.000045,0.000011,0.000068,0.000187,0.000174
388,,,,,,,,,,,,,,0.000004,0.000078,0.000073,0.000137,0.000188,0.000143,0.000135,0.000141,0.000133,0.000113,0.000141,0.000123,0.000127,0.000117,0.000110,0.000105,0.000109,0.000108,0.000111,0.000138,0.000147,0.000168,0.000164,0.000192,0.000071,0.000050,0.000158,0.000130,0.000102,0.000083,0.000069,0.000051,0.000038,0.000003,0.000017,0.000038,0.000067
389,,,,,,,,,,,,,,0.000013,0.000255,0.000169,0.000160,0.000232,0.000264,0.000337,0.000405,0.000385,0.000306,0.000274,0.000191,0.000148,0.000121,0.000100,0.000082,0.000069,0.000062,0.000050,0.000047,0.000042,0.000041,0.000044,0.000053,0.000022,0.000050,0.000035,0.000031,0.000029,0.000031,0.000033,0.000028,0.000026,0.000005,0.000017,0.000038,0.000076
390,,,,,,,,,,,,,,0.000017,0.000346,0.000287,0.000282,0.000276,0.000211,0.000206,0.000221,0.000241,0.000191,0.000210,0.000179,0.000175,0.000176,0.000160,0.000178,0.000222,0.000251,0.000252,0.000229,0.000136,0.000094,0.000069,0.000045,0.000016,0.000016,0.000024,0.000023,0.000025,0.000032,0.000049,0.000060,0.000053,0.000009,0.000066,0.000171,0.000284
391,,,,,,,,,,,,,,0.000002,0.000057,0.000035,0.000040,0.000040,0.000037,0.000051,0.000070,0.000079,0.000073,0.000084,0.000078,0.000073,0.000083,0.000084,0.000091,0.000129,0.000168,0.000212,0.000315,0.000228,0.000186,0.000135,0.000117,0.000051,0.000025,0.000060,0.000059,0.000056,0.000047,0.000037,0.000026,0.000021,0.000002,0.000012,0.000031,0.000054
392,,,,,,,,,,,,,,0.000011,0.000157,0.000092,0.000117,0.000111,0.000094,0.000105,0.000116,0.000121,0.000107,0.000116,0.000097,0.000094,0.000083,0.000059,0.000060,0.000056,0.000055,0.000055,0.000055,0.000044,0.000047,0.000037,0.000032,0.000033,0.000036,0.000039,0.000034,0.000035,0.000048,0.000041,0.000047,0.000044,0.000014,0.000050,0.000135,0.000270
393,,,,,,,,,,,,,,0.000007,0.000137,0.000140,0.000115,0.000115,0.000132,0.000195,0.000317,0.000398,0.000342,0.000403,0.000362,0.000360,0.000316,0.000320,0.000302,0.000275,0.000278,0.000268,0.000213,0.000129,0.000111,0.000084,0.000109,0.000041,0.000048,0.000084,0.000099,0.000127,0.000175,0.000195,0.000144,0.000093,0.000015,0.000041,0.000051,0.000081
394,,,,,,,,,,,,,,0.000003,0.000078,0.000054,0.000066,0.000070,0.000088,0.000138,0.000195,0.000220,0.000198,0.000228,0.000204,0.000174,0.000150,0.000131,0.000123,0.000143,0.000182,0.000247,0.000269,0.000233,0.000212,0.000188,0.000176,0.000056,0.000063,0.000077,0.000051,0.000035,0.000019,0.000013,0.000008,0.000003,0.000002,0.000011,0.000029,0.000049
395,,,,,,,,,,,,,,0.000008,0.000184,0.000099,0.000120,0.000111,0.000101,0.000093,0.000106,0.000114,0.000131,0.000163,0.000155,0.000175,0.000215,0.000240,0.000299,0.000367,0.000427,0.000520,0.000520,0.000362,0.000276,0.000208,0.000165,0.000059,0.000032,0.000093,0.000070,0.000050,0.000036,0.000029,0.000020,0.000012,0.000003,0.000034,0.000071,0.000112
396,,,,,,,,,,,,,,0.000003,0.000051,0.000035,0.000038,0.000030,0.000039,0.000054,0.000068,0.000077,0.000081,0.000084,0.000080,0.000065,0.000065,0.000062,0.000065,0.000066,0.000074,0.000067,0.000063,0.000071,0.000148,0.000184,0.000159,0.000088,0.000125,0.000214,0.000184,0.000137,0.000092,0.000061,0.000040,0.000031,0.000008,0.000032,0.000092,0.000106
397,,,,,,,,,,,,,,0.000003,0.000081,0.000057,0.000058,0.000050,0.000045,0.000044,0.000047,0.000048,0.000061,0.000087,0.000104,0.000111,0.000113,0.000128,0.000105,0.000078,0.000070,0.000078,0.000111,0.000134,0.000179,0.000189,0.000215,0.000090,0.000073,0.000262,0.000262,0.000221,0.000159,0.000106,0.000070,0.000045,0.000009,0.000019,0.000028,0.000038
398,,,,,,,,,,,,,,0.000003,0.000045,0.000038,0.000036,0.000038,0.000036,0.000051,0.000080,0.000087,0.000100,0.000110,0.000093,0.000088,0.000066,0.000063,0.000085,0.000121,0.000178,0.000261,0.000349,0.000354,0.000433,0.000359,0.000262,0.000071,0.000043,0.000098,0.000081,0.000066,0.000061,0.000053,0.000042,0.000031,0.000005,0.000024,0.000034,0.000047
399,,,,,,,,,,,,,,0.000008,0.000125,0.000084,0.000079,0.000081,0.000054,0.000051,0.000072,0.000087,0.000081,0.000083,0.000074,0.000055,0.000059,0.000062,0.000056,0.000052,0.000048,0.000059,0.000081,0.000066,0.000080,0.000083,0.000105,0.000055,0.000043,0.000134,0.000125,0.000128,0.000138,0.000139,0.000131,0.000150,0.000023,0.000079,0.000247,0.000353
400,,,,,,,,,,,,,,0.000004,0.000118,0.000091,0.000091,0.000063,0.000057,0.000070,0.000073,0.000070,0.000072,0.000075,0.000039,0.000045,0.000037,0.000035,0.000046,0.000059,0.000053,0.000060,0.000064,0.000063,0.000060,0.000062,0.000062,0.000037,0.000024,0.000068,0.000081,0.000076,0.000068,0.000064,0.000074,0.000072,0.000021,0.000058,0.000088,0.000069
401,,,,,,,,,,,,,,0.000005,0.000100,0.000057,0.000060,0.000059,0.000051,0.000052,0.000049,0.000049,0.000043,0.000052,0.000042,0.000045,0.000044,0.000051,0.000057,0.000063,0.000061,0.000057,0.000054,0.000043,0.000045,0.000096,0.000092,0.000025,0.000025,0.000064,0.000061,0.000050,0.000040,0.000039,0.000036,0.000031,0.000010,0.000082,0.000168,0.000195
402,,,,,,,,,,,,,,0.000010,0.000093,0.000043,0.000044,0.000042,0.000033,0.000038,0.000043,0.000044,0.000045,0.000059,0.000058,0.000061,0.000062,0.000063,0.000075,0.000092,0.000096,0.000103,0.000128,0.000135,0.000163,0.000149,0.000123,0.000048,0.000025,0.000066,0.000052,0.000046,0.000043,0.000053,0.000045,0.000040,0.000019,0.000147,0.000411,0.000651
403,,,,,,,,,,,,,,0.000002,0.000056,0.000057,0.000050,0.000074,0.000052,0.000057,0.000080,0.000134,0.000198,0.000285,0.000361,0.000389,0.000430,0.000443,0.000423,0.000423,0.000354,0.000240,0.000170,0.000101,0.000084,0.000068,0.000068,0.000035,0.000028,0.000066,0.000063,0.000057,0.000061,0.000060,0.000049,0.000044,0.000009,0.000015,0.000026,0.000047
404,,,,,,,,,,,,,,0.000010,0.000193,0.000100,0.000103,0.000084,0.000074,0.000086,0.000094,0.000091,0.000081,0.000079,0.000059,0.000054,0.000045,0.000037,0.000038,0.000054,0.000059,0.000054,0.000056,0.000080,0.000094,0.000080,0.000078,0.000041,0.000025,0.000062,0.000045,0.000039,0.000034,0.000031,0.000019,0.000014,0.000004,0.000021,0.000051,0.000139
405,,,,,,,,,,,,,,0.000007,0.000154,0.000117,0.000097,0.000081,0.000055,0.000052,0.000060,0.000064,0.000060,0.000079,0.000077,0.000069,0.000068,0.000064,0.000058,0.000059,0.000047,0.000040,0.000033,0.000024,0.000021,0.000022,0.000023,0.000016,0.000019,0.000013,0.000012,0.000016,0.000020,0.000026,0.000032,0.000044,0.000011,0.000039,0.000042,0.000070
406,,,,,,,,,,,,,,0.000007,0.000099,0.000058,0.000046,0.000043,0.000036,0.000038,0.000040,0.000050,0.000040,0.000040,0.000031,0.000027,0.000019,0.000020,0.000018,0.000025,0.000023,0.000027,0.000028,0.000030,0.000029,0.000024,0.000021,0.000018,0.000018,0.000028,0.000028,0.000041,0.000074,0.000093,0.000112,0.000129,0.000033,0.000151,0.000205,0.000197
407,,,,,,,,,,,,,,0.000003,0.000059,0.000040,0.000041,0.000049,0.000061,0.000123,0.000162,0.000231,0.000385,0.000355,0.000298,0.000331,0.000313,0.000340,0.000289,0.000280,0.000204,0.000152,0.000122,0.000074,0.000072,0.000076,0.000092,0.000046,0.000028,0.000079,0.000066,0.000061,0.000054,0.000057,0.000052,0.000046,0.000010,0.000029,0.000048,0.000069
408,,,,,,,,,,,,,,0.000010,0.000347,0.000297,0.000200,0.000141,0.000085,0.000073,0.000063,0.000061,0.000061,0.000074,0.000063,0.000060,0.000062,0.000065,0.000088,0.000123,0.000152,0.000161,0.000175,0.000140,0.000119,0.000076,0.000064,0.000033,0.000021,0.000063,0.000061,0.000053,0.000043,0.000037,0.000032,0.000028,0.000005,0.000022,0.000050,0.000078
409,,,,,,,,,,,,,,0.000008,0.000221,0.000135,0.000171,0.000188,0.000137,0.000124,0.000126,0.000126,0.000098,0.000111,0.000097,0.000085,0.000071,0.000063,0.000059,0.000055,0.000047,0.000037,0.000037,0.000037,0.000034,0.000037,0.000039,0.000034,0.000021,0.000033,0.000034,0.000037,0.000047,0.000067,0.000090,0.000084,0.000018,0.000072,0.000048,0.000066
410,,,,,,,,,,,,,,0.000011,0.000240,0.000134,0.000156,0.000145,0.000110,0.000093,0.000101,0.000114,0.000115,0.000150,0.000133,0.000137,0.000140,0.000133,0.000167,0.000202,0.000247,0.000292,0.000417,0.000370,0.000301,0.000210,0.000173,0.000106,0.000045,0.000067,0.000051,0.000045,0.000037,0.000045,0.000039,0.000035,0.000006,0.000059,0.000115,0.000147
411,,,,,,,,,,,,,,0.000012,0.000192,0.000107,0.000125,0.000129,0.000148,0.000145,0.000149,0.000134,0.000101,0.000135,0.000155,0.000202,0.000243,0.000292,0.000344,0.000448,0.000437,0.000354,0.000324,0.000192,0.000150,0.000102,0.000109,0.000110,0.000054,0.000130,0.000133,0.000123,0.000096,0.000093,0.000070,0.000050,0.000006,0.000067,0.000206,0.000435
412,,,,,,,,,,,,,,0.000005,0.000095,0.000067,0.000055,0.000046,0.000034,0.000035,0.000046,0.000057,0.000056,0.000068,0.000059,0.000062,0.000068,0.000053,0.000046,0.000046,0.000050,0.000076,0.000167,0.000201,0.000193,0.000120,0.000075,0.000037,0.000021,0.000027,0.000036,0.000040,0.000059,0.000088,0.000078,0.000063,0.000012,0.000030,0.000044,0.000070
413,,,,,,,,,,,,,,0.000006,0.000093,0.000048,0.000044,0.000050,0.000055,0.000052,0.000054,0.000068,0.000076,0.000090,0.000078,0.000068,0.000068,0.000073,0.000070,0.000066,0.000067,0.000068,0.000072,0.000066,0.000059,0.000053,0.000049,0.000030,0.000023,0.000045,0.000037,0.000034,0.000028,0.000025,0.000029,0.000025,0.000016,0.000076,0.000102,0.000163
414,,,,,,,,,,,,,,0.000008,0.000174,0.000087,0.000086,0.000088,0.000075,0.000074,0.000081,0.000081,0.000074,0.000080,0.000068,0.000067,0.000062,0.000060,0.000064,0.000068,0.000059,0.000057,0.000058,0.000038,0.000036,0.000033,0.000030,0.000044,0.000022,0.000058,0.000049,0.000046,0.000043,0.000042,0.000040,0.000028,0.000006,0.000034,0.000069,0.000138
415,,,,,,,,,,,,,,0.000018,0.000360,0.000218,0.000191,0.000207,0.000245,0.000360,0.000507,0.000593,0.000521,0.000522,0.000404,0.000385,0.000359,0.000361,0.000356,0.000379,0.000308,0.000238,0.000174,0.000097,0.000072,0.000056,0.000047,0.000018,0.000019,0.000042,0.000034,0.000027,0.000022,0.000019,0.000020,0.000025,0.000006,0.000037,0.000140,0.000326
416,,,,,,,,,,,,,,0.000013,0.000450,0.000312,0.000348,0.000306,0.000243,0.000209,0.000201,0.000177,0.000151,0.000167,0.000131,0.000113,0.000093,0.000080,0.000070,0.000065,0.000057,0.000057,0.000069,0.000058,0.000060,0.000042,0.000039,0.000019,0.000022,0.000054,0.000050,0.000050,0.000041,0.000038,0.000028,0.000017,0.000003,0.000015,0.000028,0.000053
417,,,,,,,,,,,,,,0.000007,0.000084,0.000044,0.000062,0.000060,0.000050,0.000062,0.000078,0.000083,0.000084,0.000095,0.000080,0.000081,0.000083,0.000075,0.000066,0.000065,0.000069,0.000062,0.000061,0.000057,0.000059,0.000048,0.000040,0.000020,0.000018,0.000048,0.000049,0.000047,0.000047,0.000042,0.000027,0.000026,0.000013,0.000044,0.000085,0.000154
418,,,,,,,,,,,,,,0.000017,0.000332,0.000199,0.000186,0.000188,0.000137,0.000109,0.000106,0.000113,0.000086,0.000089,0.000082,0.000056,0.000048,0.000049,0.000052,0.000040,0.000032,0.000038,0.000039,0.000035,0.000044,0.000043,0.000040,0.000025,0.000015,0.000024,0.000028,0.000036,0.000044,0.000049,0.000045,0.000045,0.000010,0.000028,0.000063,0.000102
419,,,,,,,,,,,,,,0.000015,0.000325,0.000236,0.000174,0.000148,0.000102,0.000088,0.000081,0.000088,0.000080,0.000072,0.000069,0.000060,0.000048,0.000047,0.000051,0.000057,0.000056,0.000059,0.000066,0.000050,0.000056,0.000058,0.000060,0.000025,0.000021,0.000042,0.000042,0.000047,0.000043,0.000044,0.000033,0.000025,0.000004,0.000023,0.000056,0.000100
420,,,,,,,,,,,,,,0.000005,0.000120,0.000068,0.000077,0.000076,0.000070,0.000073,0.000076,0.000094,0.000088,0.000127,0.000109,0.000149,0.000204,0.000271,0.000256,0.000195,0.000143,0.000109,0.000096,0.000105,0.000169,0.000202,0.000209,0.000110,0.000049,0.000067,0.000056,0.000054,0.000048,0.000049,0.000040,0.000034,0.000006,0.000025,0.000040,0.000054
421,,,,,,,,,,,,,,0.000005,0.000071,0.000048,0.000048,0.000051,0.000040,0.000051,0.000074,0.000088,0.000070,0.000079,0.000055,0.000049,0.000049,0.000052,0.000053,0.000059,0.000063,0.000082,0.000094,0.000073,0.000062,0.000062,0.000060,0.000032,0.000027,0.000069,0.000062,0.000047,0.000033,0.000025,0.000027,0.000037,0.000019,0.000126,0.000133,0.000176
422,,,,,,,,,,,,,,0.000009,0.000172,0.000115,0.000106,0.000111,0.000102,0.000116,0.000122,0.000124,0.000110,0.000128,0.000117,0.000113,0.000094,0.000088,0.000082,0.000086,0.000083,0.000087,0.000102,0.000082,0.000087,0.000078,0.000096,0.000175,0.000109,0.000166,0.000127,0.000091,0.000067,0.000050,0.000036,0.000029,0.000004,0.000014,0.000038,0.000076
423,,,,,,,,,,,,,,0.000003,0.000088,0.000171,0.000144,0.000166,0.000229,0.000208,0.000229,0.000245,0.000200,0.000177,0.000132,0.000118,0.000106,0.000081,0.000070,0.000084,0.000093,0.000085,0.000094,0.000099,0.000139,0.000131,0.000113,0.000052,0.000035,0.000074,0.000053,0.000037,0.000034,0.000030,0.000023,0.000021,0.000005,0.000016,0.000022,0.000037
424,,,,,,,,,,,,,,0.000004,0.000108,0.000083,0.000116,0.000198,0.000301,0.000401,0.000470,0.000442,0.000364,0.000347,0.000294,0.000216,0.000162,0.000120,0.000099,0.000104,0.000114,0.000132,0.000146,0.000105,0.000098,0.000075,0.000070,0.000036,0.000025,0.000049,0.000039,0.000028,0.000030,0.000033,0.000028,0.000022,0.000008,0.000028,0.000045,0.000059
425,,,,,,,,,,,,,,0.000008,0.000151,0.000075,0.000077,0.000065,0.000052,0.000051,0.000053,0.000063,0.000069,0.000055,0.000046,0.000043,0.000052,0.000056,0.000063,0.000072,0.000068,0.000069,0.000070,0.000066,0.000070,0.000075,0.000088,0.000068,0.000050,0.000070,0.000057,0.000051,0.000055,0.000064,0.000058,0.000065,0.000020,0.000081,0.000172,0.000254
426,,,,,,,,,,,,,,0.000003,0.000061,0.000049,0.000056,0.000065,0.000056,0.000057,0.000065,0.000085,0.000079,0.000095,0.000086,0.000081,0.000087,0.000090,0.000094,0.000117,0.000142,0.000171,0.000237,0.000261,0.000332,0.000313,0.000230,0.000058,0.000033,0.000082,0.000060,0.000044,0.000029,0.000019,0.000011,0.000007,0.000003,0.000018,0.000038,0.000062
427,,,,,,,,,,,,,,0.000003,0.000068,0.000048,0.000029,0.000036,0.000031,0.000059,0.000095,0.000156,0.000213,0.000310,0.000314,0.000323,0.000325,0.000351,0.000358,0.000392,0.000324,0.000219,0.000177,0.000124,0.000098,0.000079,0.000075,0.000036,0.000024,0.000054,0.000045,0.000039,0.000034,0.000036,0.000029,0.000035,0.000009,0.000023,0.000045,0.000084
428,,,,,,,,,,,,,,0.000007,0.000128,0.000068,0.000069,0.000061,0.000053,0.000074,0.000121,0.000159,0.000152,0.000172,0.000127,0.000099,0.000079,0.000066,0.000069,0.000100,0.000102,0.000116,0.000113,0.000118,0.000138,0.000140,0.000122,0.000156,0.000094,0.000141,0.000127,0.000121,0.000090,0.000070,0.000057,0.000051,0.000021,0.000102,0.000169,0.000232
429,,,,,,,,,,,,,,0.000003,0.000063,0.000033,0.000039,0.000038,0.000037,0.000045,0.000054,0.000058,0.000057,0.000079,0.000082,0.000080,0.000089,0.000088,0.000093,0.000116,0.000135,0.000174,0.000226,0.000262,0.000291,0.000294,0.000303,0.000144,0.000080,0.000226,0.000214,0.000224,0.000204,0.000166,0.000108,0.000057,0.000006,0.000014,0.000042,0.000071
430,,,,,,,,,,,,,,0.000004,0.000111,0.000060,0.000061,0.000048,0.000036,0.000044,0.000048,0.000050,0.000045,0.000047,0.000036,0.000041,0.000038,0.000030,0.000028,0.000026,0.000026,0.000029,0.000038,0.000046,0.000054,0.000061,0.000067,0.000044,0.000023,0.000044,0.000033,0.000029,0.000030,0.000033,0.000034,0.000041,0.000013,0.000035,0.000058,0.000080
431,,,,,,,,,,,,,,0.000005,0.000088,0.000057,0.000069,0.000064,0.000041,0.000028,0.000025,0.000035,0.000040,0.000050,0.000040,0.000030,0.000026,0.000021,0.000026,0.000038,0.000062,0.000106,0.000135,0.000160,0.000145,0.000122,0.000081,0.000084,0.000028,0.000067,0.000056,0.000057,0.000044,0.000040,0.000032,0.000024,0.000007,0.000020,0.000038,0.000064
432,,,,,,,,,,,,,,0.000019,0.000231,0.000095,0.000102,0.000084,0.000079,0.000094,0.000110,0.000129,0.000122,0.000144,0.000124,0.000127,0.000135,0.000144,0.000186,0.000240,0.000296,0.000306,0.000358,0.000251,0.000204,0.000150,0.000124,0.000041,0.000026,0.000076,0.000078,0.000085,0.000088,0.000092,0.000087,0.000081,0.000012,0.000055,0.000142,0.000292
433,,,,,,,,,,,,,,0.000002,0.000044,0.000032,0.000033,0.000029,0.000032,0.000045,0.000055,0.000064,0.000067,0.000066,0.000070,0.000063,0.000059,0.000048,0.000045,0.000046,0.000047,0.000051,0.000062,0.000055,0.000070,0.000106,0.000123,0.000067,0.000061,0.000291,0.000299,0.000238,0.000158,0.000105,0.000068,0.000039,0.000006,0.000027,0.000030,0.000043
434,,,,,,,,,,,,,,0.000009,0.000116,0.000059,0.000081,0.000064,0.000044,0.000047,0.000051,0.000060,0.000043,0.000054,0.000051,0.000052,0.000042,0.000035,0.000041,0.000048,0.000046,0.000040,0.000042,0.000036,0.000037,0.000035,0.000035,0.000017,0.000012,0.000029,0.000024,0.000023,0.000024,0.000020,0.000020,0.000015,0.000003,0.000011,0.000021,0.000050
435,,,,,,,,,,,,,,0.000012,0.000316,0.000260,0.000304,0.000272,0.000197,0.000188,0.000167,0.000167,0.000141,0.000135,0.000119,0.000101,0.000072,0.000053,0.000049,0.000048,0.000057,0.000072,0.000114,0.000138,0.000225,0.000226,0.000264,0.000158,0.000125,0.000573,0.000551,0.000386,0.000232,0.000139,0.000074,0.000040,0.000004,0.000026,0.000097,0.000254
436,,,,,,,,,,,,,,0.000013,0.000242,0.000123,0.000129,0.000096,0.000051,0.000053,0.000051,0.000050,0.000049,0.000055,0.000038,0.000039,0.000035,0.000030,0.000025,0.000030,0.000039,0.000040,0.000053,0.000059,0.000067,0.000081,0.000098,0.000040,0.000030,0.000100,0.000073,0.000051,0.000038,0.000030,0.000022,0.000018,0.000006,0.000028,0.000053,0.000087
437,,,,,,,,,,,,,,0.000006,0.000089,0.000043,0.000058,0.000046,0.000036,0.000045,0.000056,0.000078,0.000076,0.000100,0.000095,0.000095,0.000086,0.000088,0.000081,0.000070,0.000068,0.000061,0.000069,0.000066,0.000122,0.000125,0.000136,0.000160,0.000050,0.000126,0.000104,0.000096,0.000074,0.000061,0.000040,0.000027,0.000005,0.000025,0.000073,0.000108
438,,,,,,,,,,,,,,0.000004,0.000100,0.000075,0.000105,0.000164,0.000272,0.000455,0.000599,0.000572,0.000410,0.000414,0.000336,0.000278,0.000244,0.000219,0.000168,0.000144,0.000121,0.000124,0.000156,0.000168,0.000228,0.000253,0.000300,0.000125,0.000086,0.000317,0.000304,0.000240,0.000160,0.000095,0.000046,0.000024,0.000006,0.000024,0.000033,0.000062
439,,,,,,,,,,,,,,0.000010,0.000220,0.000134,0.000148,0.000158,0.000152,0.000167,0.000198,0.000224,0.000214,0.000228,0.000209,0.000204,0.000186,0.000174,0.000170,0.000183,0.000180,0.000187,0.000215,0.000190,0.000187,0.000148,0.000139,0.000049,0.000031,0.000142,0.000141,0.000129,0.000110,0.000092,0.000073,0.000054,0.000003,0.000028,0.000089,0.000178
440,,,,,,,,,,,,,,0.000006,0.000212,0.000137,0.000130,0.000164,0.000170,0.000215,0.000265,0.000273,0.000221,0.000227,0.000193,0.000155,0.000130,0.000092,0.000070,0.000059,0.000046,0.000049,0.000074,0.000097,0.000114,0.000114,0.000127,0.000046,0.000026,0.000052,0.000039,0.000035,0.000031,0.000028,0.000024,0.000021,0.000008,0.000038,0.000067,0.000138
441,,,,,,,,,,,,,,0.000006,0.000232,0.000140,0.000154,0.000136,0.000082,0.000075,0.000058,0.000061,0.000049,0.000066,0.000066,0.000054,0.000046,0.000047,0.000042,0.000046,0.000040,0.000034,0.000030,0.000035,0.000036,0.000033,0.000040,0.000026,0.000019,0.000043,0.000041,0.000044,0.000041,0.000043,0.000039,0.000033,0.000007,0.000020,0.000026,0.000057
442,,,,,,,,,,,,,,0.000004,0.000105,0.000073,0.000080,0.000083,0.000075,0.000073,0.000068,0.000067,0.000071,0.000069,0.000058,0.000057,0.000048,0.000030,0.000018,0.000024,0.000028,0.000027,0.000030,0.000025,0.000023,0.000028,0.000035,0.000044,0.000038,0.000075,0.000092,0.000102,0.000109,0.000115,0.000101,0.000086,0.000015,0.000039,0.000048,0.000073
443,,,,,,,,,,,,,,0.000007,0.000145,0.000074,0.000073,0.000060,0.000043,0.000036,0.000046,0.000048,0.000044,0.000053,0.000052,0.000059,0.000064,0.000060,0.000063,0.000080,0.000094,0.000124,0.000146,0.000129,0.000151,0.000180,0.000170,0.000055,0.000046,0.000050,0.000028,0.000020,0.000017,0.000014,0.000015,0.000015,0.000004,0.000014,0.000035,0.000075
444,,,,,,,,,,,,,,0.000001,0.000033,0.000018,0.000023,0.000020,0.000023,0.000045,0.000101,0.000175,0.000244,0.000346,0.000404,0.000491,0.000536,0.000485,0.000401,0.000371,0.000280,0.000203,0.000151,0.000092,0.000068,0.000049,0.000045,0.000013,0.000010,0.000031,0.000036,0.000042,0.000043,0.000044,0.000043,0.000038,0.000006,0.000031,0.000064,0.000096
445,,,,,,,,,,,,,,0.000017,0.000287,0.000163,0.000235,0.000259,0.000229,0.000228,0.000229,0.000217,0.000172,0.000148,0.000122,0.000103,0.000094,0.000100,0.000100,0.000097,0.000085,0.000083,0.000065,0.000043,0.000045,0.000041,0.000032,0.000018,0.000014,0.000022,0.000019,0.000015,0.000017,0.000017,0.000014,0.000009,0.000005,0.000021,0.000037,0.000087
446,,,,,,,,,,,,,,0.000007,0.000086,0.000038,0.000035,0.000029,0.000025,0.000029,0.000041,0.000057,0.000058,0.000056,0.000044,0.000042,0.000032,0.000026,0.000027,0.000026,0.000024,0.000023,0.000026,0.000026,0.000027,0.000020,0.000016,0.000013,0.000010,0.000035,0.000070,0.000121,0.000176,0.000193,0.000145,0.000098,0.000011,0.000029,0.000068,0.000183
447,,,,,,,,,,,,,,0.000007,0.000165,0.000091,0.000126,0.000070,0.000044,0.000042,0.000040,0.000054,0.000051,0.000067,0.000061,0.000061,0.000060,0.000061,0.000066,0.000068,0.000060,0.000054,0.000060,0.000051,0.000058,0.000055,0.000055,0.000024,0.000018,0.000040,0.000045,0.000047,0.000042,0.000041,0.000034,0.000028,0.000003,0.000020,0.000057,0.000118
448,,,,,,,,,,,,,,0.000013,0.000171,0.000130,0.000113,0.000086,0.000048,0.000052,0.000046,0.000051,0.000046,0.000054,0.000051,0.000037,0.000036,0.000042,0.000047,0.000037,0.000033,0.000041,0.000061,0.000053,0.000054,0.000045,0.000044,0.000038,0.000039,0.000098,0.000077,0.000056,0.000041,0.000042,0.000038,0.000031,0.000015,0.000069,0.000103,0.000131
449,,,,,,,,,,,,,,0.000011,0.000272,0.000151,0.000125,0.000107,0.000091,0.000102,0.000139,0.000194,0.000269,0.000327,0.000324,0.000335,0.000305,0.000259,0.000197,0.000168,0.000136,0.000128,0.000136,0.000100,0.000084,0.000074,0.000069,0.000054,0.000042,0.000073,0.000050,0.000048,0.000048,0.000052,0.000055,0.000091,0.000013,0.000034,0.000052,0.000069
450,,,,,,,,,,,,,,0.000003,0.000052,0.000036,0.000040,0.000037,0.000038,0.000051,0.000069,0.000073,0.000058,0.000064,0.000061,0.000090,0.000081,0.000084,0.000069,0.000069,0.000067,0.000070,0.000068,0.000043,0.000044,0.000042,0.000047,0.000021,0.000027,0.000066,0.000074,0.000076,0.000081,0.000083,0.000062,0.000053,0.000016,0.000037,0.000067,0.000124
451,,,,,,,,,,,,,,0.000014,0.000167,0.000081,0.000077,0.000089,0.000058,0.000062,0.000063,0.000065,0.000055,0.000064,0.000068,0.000071,0.000074,0.000093,0.000125,0.000178,0.000219,0.000207,0.000201,0.000137,0.000117,0.000080,0.000060,0.000029,0.000018,0.000048,0.000050,0.000055,0.000053,0.000051,0.000042,0.000031,0.000006,0.000027,0.000092,0.000218
452,,,,,,,,,,,,,,0.000011,0.000137,0.000074,0.000084,0.000082,0.000115,0.000218,0.000327,0.000359,0.000314,0.000367,0.000320,0.000241,0.000168,0.000121,0.000103,0.000075,0.000058,0.000058,0.000052,0.000041,0.000044,0.000050,0.000074,0.000046,0.000042,0.000134,0.000174,0.000193,0.000197,0.000173,0.000117,0.000088,0.000012,0.000022,0.000045,0.000103
453,,,,,,,,,,,,,,0.000007,0.000125,0.000082,0.000067,0.000075,0.000075,0.000089,0.000104,0.000117,0.000109,0.000102,0.000067,0.000058,0.000059,0.000042,0.000047,0.000051,0.000047,0.000056,0.000066,0.000068,0.000061,0.000066,0.000073,0.000053,0.000072,0.000063,0.000055,0.000057,0.000049,0.000041,0.000034,0.000042,0.000012,0.000069,0.000127,0.000173
454,,,,,,,,,,,,,,0.000010,0.000295,0.000160,0.000132,0.000105,0.000085,0.000073,0.000071,0.000065,0.000054,0.000059,0.000049,0.000041,0.000034,0.000028,0.000028,0.000034,0.000038,0.000040,0.000046,0.000042,0.000043,0.000058,0.000090,0.000057,0.000031,0.000069,0.000049,0.000044,0.000042,0.000031,0.000026,0.000034,0.000007,0.000026,0.000068,0.000127
455,,,,,,,,,,,,,,0.000005,0.000109,0.000076,0.000104,0.000097,0.000080,0.000093,0.000102,0.000097,0.000091,0.000117,0.000102,0.000102,0.000113,0.000118,0.000124,0.000105,0.000077,0.000062,0.000065,0.000047,0.000041,0.000036,0.000040,0.000034,0.000047,0.000075,0.000065,0.000074,0.000081,0.000084,0.000067,0.000053,0.000013,0.000072,0.000117,0.000107
456,,,,,,,,,,,,,,0.000008,0.000181,0.000137,0.000218,0.000289,0.000355,0.000390,0.000472,0.000509,0.000403,0.000361,0.000292,0.000269,0.000245,0.000204,0.000183,0.000185,0.000178,0.000166,0.000169,0.000138,0.000149,0.000143,0.000168,0.000097,0.000054,0.000155,0.000148,0.000125,0.000108,0.000095,0.000070,0.000055,0.000004,0.000014,0.000036,0.000081
457,,,,,,,,,,,,,,0.000007,0.000086,0.000051,0.000038,0.000030,0.000024,0.000031,0.000042,0.000064,0.000087,0.000089,0.000084,0.000072,0.000065,0.000062,0.000053,0.000041,0.000036,0.000027,0.000033,0.000034,0.000045,0.000039,0.000041,0.000052,0.000025,0.000045,0.000037,0.000037,0.000040,0.000045,0.000036,0.000031,0.000011,0.000101,0.000235,0.000297
458,,,,,,,,,,,,,,0.000005,0.000101,0.000059,0.000070,0.000104,0.000135,0.000217,0.000313,0.000481,0.000469,0.000482,0.000372,0.000308,0.000236,0.000167,0.000151,0.000153,0.000126,0.000112,0.000111,0.000090,0.000098,0.000080,0.000062,0.000026,0.000016,0.000034,0.000030,0.000023,0.000017,0.000010,0.000009,0.000007,0.000005,0.000022,0.000045,0.000071
459,,,,,,,,,,,,,,0.000002,0.000048,0.000033,0.000030,0.000021,0.000014,0.000011,0.000015,0.000021,0.000036,0.000033,0.000027,0.000029,0.000027,0.000031,0.000040,0.000040,0.000046,0.000054,0.000068,0.000071,0.000100,0.000128,0.000183,0.000076,0.000041,0.000098,0.000064,0.000040,0.000028,0.000024,0.000018,0.000016,0.000009,0.000026,0.000041,0.000048
460,,,,,,,,,,,,,,0.000003,0.000063,0.000055,0.000076,0.000096,0.000090,0.000093,0.000101,0.000098,0.000085,0.000079,0.000066,0.000070,0.000069,0.000077,0.000091,0.000114,0.000173,0.000217,0.000173,0.000151,0.000198,0.000231,0.000269,0.000077,0.000048,0.000110,0.000082,0.000062,0.000052,0.000047,0.000042,0.000039,0.000005,0.000019,0.000034,0.000068
461,,,,,,,,,,,,,,0.000003,0.000058,0.000065,0.000033,0.000032,0.000031,0.000035,0.000050,0.000129,0.000219,0.000159,0.000113,0.000099,0.000099,0.000089,0.000048,0.000056,0.000059,0.000054,0.000052,0.000041,0.000042,0.000050,0.000060,0.000078,0.000036,0.000052,0.000046,0.000043,0.000048,0.000062,0.000071,0.000074,0.000017,0.000054,0.000072,0.000105
462,,,,,,,,,,,,,,0.000010,0.000195,0.000092,0.000068,0.000031,0.000013,0.000021,0.000049,0.000079,0.000111,0.000189,0.000232,0.000309,0.000313,0.000290,0.000193,0.000134,0.000102,0.000105,0.000113,0.000095,0.000106,0.000114,0.000128,0.000050,0.000035,0.000054,0.000040,0.000031,0.000030,0.000039,0.000046,0.000061,0.000012,0.000034,0.000050,0.000097
463,,,,,,,,,,,,,,0.000004,0.000049,0.000029,0.000036,0.000048,0.000038,0.000036,0.000040,0.000057,0.000093,0.000122,0.000118,0.000147,0.000184,0.000240,0.000340,0.000431,0.000480,0.000560,0.000714,0.000637,0.000531,0.000327,0.000225,0.000071,0.000034,0.000084,0.000073,0.000074,0.000060,0.000062,0.000059,0.000053,0.000021,0.000076,0.000092,0.000132
464,,,,,,,,,,,,,,0.000019,0.000336,0.000194,0.000189,0.000148,0.000106,0.000080,0.000075,0.000077,0.000077,0.000094,0.000114,0.000138,0.000177,0.000240,0.000331,0.000477,0.000559,0.000574,0.000502,0.000304,0.000229,0.000162,0.000132,0.000053,0.000030,0.000091,0.000081,0.000065,0.000045,0.000036,0.000027,0.000016,0.000003,0.000015,0.000033,0.000067
465,,,,,,,,,,,,,,0.000005,0.000080,0.000046,0.000057,0.000059,0.000052,0.000056,0.000056,0.000057,0.000062,0.000066,0.000057,0.000064,0.000061,0.000060,0.000052,0.000067,0.000097,0.000134,0.000243,0.000255,0.000262,0.000155,0.000093,0.000049,0.000040,0.000084,0.000085,0.000077,0.000060,0.000048,0.000032,0.000020,0.000003,0.000022,0.000046,0.000084
466,,,,,,,,,,,,,,0.000004,0.000088,0.000056,0.000049,0.000037,0.000027,0.000025,0.000029,0.000037,0.000038,0.000047,0.000045,0.000037,0.000028,0.000023,0.000032,0.000054,0.000064,0.000083,0.000104,0.000154,0.000250,0.000267,0.000263,0.000090,0.000047,0.000094,0.000066,0.000050,0.000038,0.000030,0.000018,0.000013,0.000007,0.000023,0.000033,0.000048
467,,,,,,,,,,,,,,0.000005,0.000116,0.000089,0.000109,0.000146,0.000098,0.000077,0.000073,0.000076,0.000066,0.000072,0.000065,0.000067,0.000091,0.000134,0.000233,0.000416,0.000566,0.000598,0.000458,0.000242,0.000172,0.000111,0.000099,0.000036,0.000022,0.000052,0.000046,0.000039,0.000027,0.000024,0.000019,0.000013,0.000004,0.000032,0.000053,0.000093
468,,,,,,,,,,,,,,0.000005,0.000045,0.000023,0.000026,0.000028,0.000024,0.000036,0.000037,0.000033,0.000020,0.000031,0.000021,0.000020,0.000031,0.000049,0.000069,0.000109,0.000155,0.000277,0.000349,0.000334,0.000375,0.000301,0.000257,0.000082,0.000045,0.000147,0.000145,0.000149,0.000143,0.000135,0.000119,0.000090,0.000013,0.000068,0.000175,0.000292
469,,,,,,,,,,,,,,0.000003,0.000060,0.000038,0.000042,0.000055,0.000067,0.000108,0.000174,0.000261,0.000372,0.000422,0.000454,0.000532,0.000563,0.000520,0.000376,0.000298,0.000220,0.000162,0.000127,0.000077,0.000065,0.000049,0.000050,0.000022,0.000016,0.000037,0.000036,0.000029,0.000019,0.000017,0.000013,0.000011,0.000003,0.000024,0.000037,0.000053
470,,,,,,,,,,,,,,0.000003,0.000037,0.000033,0.000034,0.000047,0.000036,0.000037,0.000044,0.000055,0.000054,0.000055,0.000056,0.000056,0.000051,0.000052,0.000049,0.000044,0.000033,0.000032,0.000038,0.000035,0.000028,0.000030,0.000028,0.000015,0.000013,0.000036,0.000044,0.000043,0.000039,0.000045,0.000044,0.000040,0.000013,0.000052,0.000077,0.000073
471,,,,,,,,,,,,,,0.000006,0.000146,0.000070,0.000074,0.000069,0.000052,0.000058,0.000070,0.000102,0.000133,0.000238,0.000356,0.000475,0.000618,0.000706,0.000678,0.000619,0.000434,0.000306,0.000230,0.000135,0.000123,0.000090,0.000082,0.000027,0.000018,0.000064,0.000080,0.000098,0.000112,0.000123,0.000117,0.000089,0.000021,0.000124,0.000205,0.000278
472,,,,,,,,,,,,,,0.000016,0.000241,0.000153,0.000156,0.000126,0.000087,0.000093,0.000092,0.000088,0.000071,0.000084,0.000077,0.000070,0.000073,0.000061,0.000057,0.000049,0.000053,0.000072,0.000087,0.000115,0.000181,0.000100,0.000069,0.000035,0.000022,0.000042,0.000031,0.000025,0.000015,0.000013,0.000017,0.000021,0.000011,0.000063,0.000191,0.000429
473,,,,,,,,,,,,,,0.000003,0.000042,0.000037,0.000027,0.000022,0.000019,0.000030,0.000043,0.000076,0.000095,0.000141,0.000118,0.000114,0.000098,0.000084,0.000073,0.000061,0.000046,0.000044,0.000041,0.000034,0.000028,0.000024,0.000025,0.000019,0.000020,0.000026,0.000026,0.000026,0.000025,0.000023,0.000019,0.000019,0.000011,0.000046,0.000085,0.000112
474,,,,,,,,,,,,,,0.000006,0.000115,0.000068,0.000081,0.000080,0.000081,0.000118,0.000173,0.000202,0.000221,0.000277,0.000279,0.000296,0.000315,0.000342,0.000335,0.000322,0.000275,0.000226,0.000200,0.000147,0.000127,0.000118,0.000105,0.000056,0.000029,0.000083,0.000066,0.000049,0.000036,0.000036,0.000041,0.000039,0.000009,0.000035,0.000051,0.000086
475,,,,,,,,,,,,,,0.000002,0.000049,0.000038,0.000034,0.000030,0.000024,0.000029,0.000040,0.000046,0.000050,0.000048,0.000042,0.000042,0.000048,0.000068,0.000143,0.000230,0.000233,0.000220,0.000223,0.000114,0.000093,0.000077,0.000068,0.000036,0.000025,0.000093,0.000092,0.000083,0.000061,0.000052,0.000037,0.000026,0.000005,0.000025,0.000045,0.000069
476,,,,,,,,,,,,,,0.000005,0.000083,0.000064,0.000042,0.000033,0.000025,0.000034,0.000053,0.000078,0.000073,0.000080,0.000080,0.000096,0.000089,0.000076,0.000075,0.000072,0.000061,0.000052,0.000048,0.000040,0.000043,0.000052,0.000069,0.000043,0.000019,0.000060,0.000071,0.000107,0.000116,0.000114,0.000081,0.000068,0.000016,0.000079,0.000148,0.000220
477,,,,,,,,,,,,,,0.000003,0.000059,0.000050,0.000040,0.000038,0.000036,0.000041,0.000045,0.000054,0.000071,0.000071,0.000068,0.000060,0.000059,0.000052,0.000056,0.000077,0.000070,0.000071,0.000075,0.000089,0.000061,0.000044,0.000049,0.000130,0.000096,0.000107,0.000066,0.000052,0.000045,0.000041,0.000037,0.000045,0.000017,0.000054,0.000074,0.000083
478,,,,,,,,,,,,,,0.000004,0.000078,0.000046,0.000063,0.000059,0.000045,0.000057,0.000076,0.000100,0.000107,0.000122,0.000139,0.000140,0.000163,0.000190,0.000219,0.000216,0.000203,0.000178,0.000127,0.000082,0.000056,0.000050,0.000042,0.000038,0.000022,0.000075,0.000102,0.000106,0.000103,0.000114,0.000091,0.000079,0.000015,0.000045,0.000070,0.000103
479,,,,,,,,,,,,,,0.000003,0.000074,0.000061,0.000083,0.000082,0.000073,0.000101,0.000147,0.000196,0.000235,0.000294,0.000331,0.000320,0.000334,0.000342,0.000375,0.000419,0.000423,0.000388,0.000319,0.000189,0.000148,0.000108,0.000095,0.000036,0.000026,0.000103,0.000100,0.000086,0.000061,0.000040,0.000023,0.000013,0.000001,0.000021,0.000052,0.000086
480,,,,,,,,,,,,,,0.000008,0.000161,0.000156,0.000231,0.000240,0.000142,0.000131,0.000115,0.000115,0.000114,0.000136,0.000142,0.000178,0.000213,0.000279,0.000296,0.000339,0.000319,0.000256,0.000180,0.000106,0.000086,0.000061,0.000057,0.000019,0.000015,0.000044,0.000039,0.000031,0.000025,0.000017,0.000016,0.000017,0.000003,0.000054,0.000164,0.000312
481,,,,,,,,,,,,,,0.000009,0.000196,0.000102,0.000131,0.000108,0.000095,0.000092,0.000107,0.000098,0.000084,0.000083,0.000061,0.000045,0.000036,0.000046,0.000093,0.000130,0.000120,0.000110,0.000097,0.000073,0.000069,0.000062,0.000071,0.000029,0.000022,0.000049,0.000049,0.000045,0.000041,0.000040,0.000033,0.000038,0.000005,0.000018,0.000038,0.000068
482,,,,,,,,,,,,,,0.000009,0.000231,0.000449,0.000335,0.000470,0.000512,0.000540,0.000586,0.000581,0.000477,0.000436,0.000351,0.000297,0.000263,0.000214,0.000181,0.000165,0.000127,0.000122,0.000103,0.000074,0.000071,0.000066,0.000074,0.000079,0.000031,0.000053,0.000034,0.000023,0.000020,0.000016,0.000012,0.000024,0.000012,0.000087,0.000197,0.000258
483,,,,,,,,,,,,,,0.000003,0.000077,0.000049,0.000060,0.000056,0.000046,0.000053,0.000059,0.000059,0.000059,0.000055,0.000043,0.000036,0.000033,0.000034,0.000040,0.000049,0.000047,0.000042,0.000047,0.000030,0.000027,0.000021,0.000023,0.000013,0.000010,0.000022,0.000020,0.000018,0.000015,0.000013,0.000010,0.000008,0.000005,0.000023,0.000034,0.000054
484,,,,,,,,,,,,,,0.000011,0.000205,0.000160,0.000226,0.000285,0.000344,0.000451,0.000576,0.000585,0.000489,0.000513,0.000414,0.000309,0.000221,0.000153,0.000116,0.000112,0.000098,0.000096,0.000093,0.000073,0.000063,0.000047,0.000041,0.000027,0.000022,0.000038,0.000034,0.000042,0.000034,0.000028,0.000027,0.000031,0.000011,0.000072,0.000201,0.000408
485,,,,,,,,,,,,,,0.000021,0.000423,0.000274,0.000263,0.000196,0.000116,0.000095,0.000076,0.000074,0.000061,0.000066,0.000068,0.000053,0.000055,0.000074,0.000112,0.000133,0.000149,0.000140,0.000111,0.000068,0.000062,0.000052,0.000047,0.000031,0.000016,0.000031,0.000021,0.000021,0.000024,0.000021,0.000023,0.000024,0.000007,0.000020,0.000013,0.000025
486,,,,,,,,,,,,,,0.000005,0.000118,0.000061,0.000077,0.000072,0.000053,0.000052,0.000059,0.000066,0.000070,0.000086,0.000083,0.000082,0.000079,0.000081,0.000076,0.000072,0.000060,0.000060,0.000065,0.000048,0.000044,0.000043,0.000056,0.000022,0.000017,0.000075,0.000090,0.000096,0.000095,0.000096,0.000093,0.000095,0.000012,0.000046,0.000075,0.000094
487,,,,,,,,,,,,,,0.000005,0.000108,0.000063,0.000086,0.000091,0.000071,0.000067,0.000069,0.000066,0.000058,0.000064,0.000044,0.000051,0.000049,0.000048,0.000037,0.000032,0.000022,0.000024,0.000041,0.000100,0.000154,0.000190,0.000211,0.000099,0.000098,0.000167,0.000112,0.000070,0.000050,0.000040,0.000022,0.000016,0.000005,0.000045,0.000074,0.000101
488,,,,,,,,,,,,,,0.000003,0.000063,0.000058,0.000058,0.000061,0.000083,0.000121,0.000168,0.000229,0.000331,0.000349,0.000414,0.000376,0.000304,0.000203,0.000119,0.000103,0.000083,0.000056,0.000054,0.000047,0.000039,0.000033,0.000028,0.000021,0.000049,0.000043,0.000052,0.000064,0.000067,0.000071,0.000054,0.000036,0.000007,0.000023,0.000039,0.000065
489,,,,,,,,,,,,,,0.000020,0.000301,0.000161,0.000150,0.000130,0.000094,0.000094,0.000093,0.000094,0.000082,0.000076,0.000056,0.000050,0.000049,0.000041,0.000031,0.000030,0.000038,0.000036,0.000039,0.000046,0.000055,0.000059,0.000065,0.000047,0.000040,0.000057,0.000052,0.000040,0.000035,0.000035,0.000032,0.000037,0.000008,0.000023,0.000039,0.000091
490,,,,,,,,,,,,,,0.000008,0.000167,0.000093,0.000105,0.000094,0.000068,0.000060,0.000054,0.000054,0.000052,0.000048,0.000039,0.000032,0.000028,0.000030,0.000029,0.000026,0.000026,0.000026,0.000022,0.000022,0.000024,0.000020,0.000017,0.000042,0.000020,0.000043,0.000042,0.000042,0.000050,0.000049,0.000045,0.000034,0.000009,0.000036,0.000073,0.000099
491,,,,,,,,,,,,,,0.000009,0.000231,0.000163,0.000168,0.000185,0.000208,0.000248,0.000310,0.000343,0.000314,0.000348,0.000260,0.000197,0.000150,0.000108,0.000102,0.000102,0.000109,0.000126,0.000164,0.000174,0.000251,0.000211,0.000164,0.000065,0.000039,0.000105,0.000101,0.000091,0.000085,0.000077,0.000065,0.000058,0.000010,0.000070,0.000132,0.000147
492,,,,,,,,,,,,,,0.000010,0.000198,0.000134,0.000208,0.000196,0.000140,0.000174,0.000241,0.000306,0.000337,0.000445,0.000468,0.000441,0.000474,0.000462,0.000440,0.000413,0.000313,0.000221,0.000173,0.000104,0.000086,0.000071,0.000058,0.000021,0.000018,0.000037,0.000038,0.000036,0.000034,0.000029,0.000033,0.000038,0.000007,0.000036,0.000107,0.000193
493,,,,,,,,,,,,,,0.000011,0.000155,0.000075,0.000085,0.000082,0.000070,0.000085,0.000103,0.000117,0.000111,0.000123,0.000101,0.000093,0.000088,0.000082,0.000078,0.000091,0.000077,0.000071,0.000076,0.000054,0.000044,0.000033,0.000034,0.000016,0.000015,0.000034,0.000037,0.000039,0.000031,0.000027,0.000016,0.000014,0.000005,0.000075,0.000339,0.000560
494,,,,,,,,,,,,,,0.000009,0.000192,0.000107,0.000154,0.000124,0.000105,0.000115,0.000126,0.000125,0.000101,0.000113,0.000098,0.000090,0.000087,0.000084,0.000076,0.000079,0.000078,0.000075,0.000095,0.000100,0.000142,0.000180,0.000217,0.000201,0.000097,0.000148,0.000101,0.000075,0.000057,0.000045,0.000030,0.000018,0.000002,0.000031,0.000074,0.000120
495,,,,,,,,,,,,,,0.000012,0.000255,0.000137,0.000151,0.000145,0.000125,0.000122,0.000125,0.000118,0.000114,0.000122,0.000110,0.000114,0.000119,0.000113,0.000115,0.000115,0.000126,0.000138,0.000177,0.000187,0.000229,0.000227,0.000216,0.000065,0.000040,0.000133,0.000114,0.000088,0.000064,0.000056,0.000042,0.000032,0.000004,0.000020,0.000049,0.000096
496,,,,,,,,,,,,,,0.000005,0.000102,0.000068,0.000083,0.000104,0.000108,0.000124,0.000139,0.000149,0.000135,0.000170,0.000141,0.000156,0.000140,0.000119,0.000130,0.000157,0.000178,0.000201,0.000251,0.000196,0.000172,0.000139,0.000155,0.000074,0.000049,0.000177,0.000162,0.000163,0.000184,0.000200,0.000174,0.000168,0.000015,0.000048,0.000051,0.000102
497,,,,,,,,,,,,,,0.000003,0.000041,0.000060,0.000025,0.000023,0.000016,0.000015,0.000019,0.000032,0.000038,0.000056,0.000049,0.000052,0.000049,0.000043,0.000053,0.000052,0.000047,0.000052,0.000058,0.000052,0.000047,0.000039,0.000035,0.000034,0.000040,0.000030,0.000029,0.000027,0.000029,0.000028,0.000022,0.000021,0.000013,0.000035,0.000061,0.000077
498,,,,,,,,,,,,,,0.000012,0.000224,0.000130,0.000146,0.000140,0.000137,0.000162,0.000207,0.000222,0.000191,0.000209,0.000177,0.000143,0.000125,0.000106,0.000092,0.000086,0.000072,0.000063,0.000066,0.000051,0.000050,0.000042,0.000043,0.000021,0.000019,0.000042,0.000039,0.000035,0.000024,0.000018,0.000011,0.000005,0.000002,0.000019,0.000049,0.000085
499,,,,,,,,,,,,,,0.000002,0.000036,0.000022,0.000032,0.000060,0.000105,0.000164,0.000212,0.000209,0.000165,0.000169,0.000149,0.000116,0.000105,0.000099,0.000102,0.000143,0.000177,0.000240,0.000293,0.000241,0.000209,0.000158,0.000147,0.000060,0.000064,0.000175,0.000142,0.000102,0.000062,0.000042,0.000027,0.000020,0.000004,0.000037,0.000044,0.000060
500,,,,,,,,,,,,,,0.000005,0.000136,0.000088,0.000073,0.000075,0.000067,0.000077,0.000097,0.000105,0.000107,0.000114,0.000096,0.000075,0.000061,0.000054,0.000051,0.000045,0.000049,0.000038,0.000035,0.000029,0.000026,0.000030,0.000030,0.000025,0.000015,0.000028,0.000026,0.000024,0.000024,0.000021,0.000026,0.000027,0.000014,0.000031,0.000037,0.000053
501,,,,,,,,,,,,,,0.000003,0.000064,0.000043,0.000049,0.000058,0.000057,0.000069,0.000087,0.000090,0.000085,0.000110,0.000102,0.000093,0.000088,0.000086,0.000088,0.000102,0.000088,0.000089,0.000100,0.000085,0.000073,0.000066,0.000064,0.000027,0.000075,0.000081,0.000082,0.000077,0.000076,0.000072,0.000062,0.000048,0.000004,0.000018,0.000046,0.000063
502,,,,,,,,,,,,,,0.000004,0.000067,0.000044,0.000043,0.000036,0.000026,0.000022,0.000018,0.000020,0.000025,0.000030,0.000031,0.000036,0.000039,0.000033,0.000037,0.000042,0.000043,0.000060,0.000069,0.000093,0.000148,0.000116,0.000082,0.000030,0.000018,0.000037,0.000041,0.000039,0.000042,0.000050,0.000048,0.000040,0.000011,0.000032,0.000055,0.000092
503,,,,,,,,,,,,,,0.000004,0.000067,0.000045,0.000052,0.000064,0.000091,0.000147,0.000213,0.000256,0.000257,0.000320,0.000315,0.000305,0.000337,0.000345,0.000388,0.000431,0.000392,0.000346,0.000332,0.000198,0.000179,0.000153,0.000166,0.000107,0.000071,0.000302,0.000288,0.000226,0.000147,0.000105,0.000071,0.000057,0.000005,0.000032,0.000033,0.000042
504,,,,,,,,,,,,,,0.000003,0.000059,0.000048,0.000094,0.000153,0.000227,0.000298,0.000405,0.000419,0.000368,0.000358,0.000238,0.000201,0.000163,0.000141,0.000134,0.000125,0.000102,0.000090,0.000099,0.000078,0.000076,0.000067,0.000068,0.000026,0.000021,0.000070,0.000079,0.000077,0.000075,0.000077,0.000065,0.000057,0.000006,0.000019,0.000051,0.000088
505,,,,,,,,,,,,,,0.000002,0.000049,0.000046,0.000033,0.000037,0.000036,0.000038,0.000035,0.000034,0.000029,0.000039,0.000039,0.000036,0.000043,0.000044,0.000048,0.000057,0.000062,0.000067,0.000079,0.000071,0.000077,0.000070,0.000068,0.000027,0.000024,0.000076,0.000084,0.000079,0.000077,0.000077,0.000066,0.000056,0.000010,0.000025,0.000033,0.000044
506,,,,,,,,,,,,,,0.000002,0.000037,0.000020,0.000011,0.000016,0.000031,0.000061,0.000113,0.000148,0.000140,0.000156,0.000154,0.000117,0.000105,0.000082,0.000072,0.000069,0.000064,0.000066,0.000065,0.000076,0.000133,0.000122,0.000129,0.000070,0.000054,0.000229,0.000247,0.000238,0.000194,0.000142,0.000093,0.000068,0.000014,0.000039,0.000064,0.000090
507,,,,,,,,,,,,,,0.000006,0.000225,0.000207,0.000216,0.000237,0.000212,0.000215,0.000199,0.000189,0.000150,0.000178,0.000141,0.000137,0.000139,0.000144,0.000150,0.000176,0.000195,0.000201,0.000229,0.000185,0.000173,0.000137,0.000110,0.000063,0.000031,0.000068,0.000052,0.000046,0.000043,0.000037,0.000031,0.000026,0.000008,0.000036,0.000064,0.000076
508,,,,,,,,,,,,,,0.000004,0.000073,0.000041,0.000051,0.000058,0.000059,0.000068,0.000084,0.000097,0.000090,0.000106,0.000089,0.000091,0.000088,0.000082,0.000096,0.000084,0.000058,0.000045,0.000038,0.000027,0.000033,0.000033,0.000031,0.000022,0.000011,0.000022,0.000022,0.000015,0.000016,0.000016,0.000015,0.000022,0.000012,0.000048,0.000051,0.000066
509,,,,,,,,,,,,,,0.000006,0.000116,0.000077,0.000088,0.000112,0.000146,0.000208,0.000270,0.000317,0.000281,0.000337,0.000302,0.000292,0.000282,0.000246,0.000259,0.000227,0.000171,0.000126,0.000110,0.000061,0.000040,0.000031,0.000041,0.000050,0.000034,0.000120,0.000108,0.000099,0.000076,0.000060,0.000043,0.000031,0.000022,0.000109,0.000097,0.000139
510,,,,,,,,,,,,,,0.000002,0.000056,0.000035,0.000039,0.000033,0.000042,0.000056,0.000058,0.000065,0.000051,0.000068,0.000059,0.000064,0.000083,0.000109,0.000153,0.000281,0.000468,0.000696,0.000717,0.000499,0.000363,0.000226,0.000174,0.000067,0.000042,0.000134,0.000130,0.000128,0.000121,0.000089,0.000061,0.000051,0.000009,0.000028,0.000045,0.000053
511,,,,,,,,,,,,,,0.000004,0.000080,0.000046,0.000044,0.000047,0.000040,0.000038,0.000036,0.000032,0.000033,0.000041,0.000025,0.000022,0.000031,0.000032,0.000030,0.000030,0.000033,0.000045,0.000064,0.000059,0.000051,0.000043,0.000042,0.000034,0.000031,0.000137,0.000158,0.000143,0.000102,0.000088,0.000061,0.000046,0.000008,0.000026,0.000045,0.000081
512,,,,,,,,,,,,,,0.000013,0.000153,0.000069,0.000084,0.000083,0.000071,0.000088,0.000112,0.000136,0.000125,0.000141,0.000117,0.000114,0.000094,0.000073,0.000056,0.000061,0.000058,0.000056,0.000060,0.000055,0.000052,0.000054,0.000068,0.000053,0.000042,0.000165,0.000134,0.000092,0.000070,0.000058,0.000044,0.000057,0.000013,0.000072,0.000216,0.000383
513,,,,,,,,,,,,,,0.000013,0.000323,0.000186,0.000164,0.000146,0.000096,0.000092,0.000099,0.000106,0.000100,0.000094,0.000087,0.000093,0.000086,0.000079,0.000071,0.000080,0.000080,0.000084,0.000091,0.000071,0.000058,0.000053,0.000047,0.000031,0.000020,0.000038,0.000029,0.000019,0.000012,0.000012,0.000013,0.000010,0.000009,0.000032,0.000049,0.000077
514,,,,,,,,,,,,,,0.000003,0.000087,0.000062,0.000103,0.000189,0.000249,0.000345,0.000497,0.000560,0.000467,0.000460,0.000322,0.000260,0.000215,0.000195,0.000220,0.000277,0.000330,0.000374,0.000420,0.000295,0.000264,0.000191,0.000159,0.000053,0.000032,0.000101,0.000086,0.000066,0.000051,0.000043,0.000037,0.000029,0.000005,0.000020,0.000041,0.000050
515,,,,,,,,,,,,,,0.000003,0.000049,0.000046,0.000032,0.000023,0.000018,0.000019,0.000022,0.000043,0.000044,0.000058,0.000088,0.000096,0.000114,0.000117,0.000119,0.000126,0.000117,0.000084,0.000071,0.000054,0.000046,0.000040,0.000037,0.000028,0.000019,0.000031,0.000048,0.000087,0.000149,0.000179,0.000165,0.000116,0.000014,0.000062,0.000057,0.000066
516,,,,,,,,,,,,,,0.000003,0.000117,0.000127,0.000286,0.000327,0.000292,0.000315,0.000291,0.000245,0.000173,0.000182,0.000144,0.000132,0.000112,0.000087,0.000077,0.000080,0.000072,0.000056,0.000054,0.000044,0.000041,0.000037,0.000043,0.000024,0.000018,0.000041,0.000049,0.000050,0.000039,0.000037,0.000033,0.000030,0.000004,0.000019,0.000029,0.000048
517,,,,,,,,,,,,,,0.000009,0.000219,0.000106,0.000117,0.000098,0.000075,0.000082,0.000096,0.000117,0.000110,0.000122,0.000112,0.000111,0.000109,0.000095,0.000081,0.000076,0.000069,0.000058,0.000065,0.000057,0.000063,0.000058,0.000058,0.000027,0.000017,0.000042,0.000046,0.000048,0.000047,0.000051,0.000047,0.000044,0.000006,0.000020,0.000038,0.000076
518,,,,,,,,,,,,,,0.000004,0.000083,0.000050,0.000069,0.000081,0.000094,0.000107,0.000118,0.000115,0.000107,0.000115,0.000093,0.000098,0.000088,0.000084,0.000086,0.000089,0.000082,0.000077,0.000071,0.000058,0.000067,0.000105,0.000211,0.000128,0.000042,0.000058,0.000053,0.000051,0.000039,0.000030,0.000021,0.000017,0.000003,0.000020,0.000046,0.000075
519,,,,,,,,,,,,,,0.000015,0.000269,0.000157,0.000167,0.000179,0.000150,0.000158,0.000158,0.000139,0.000115,0.000111,0.000100,0.000079,0.000073,0.000063,0.000058,0.000059,0.000049,0.000034,0.000041,0.000042,0.000048,0.000067,0.000103,0.000109,0.000051,0.000074,0.000047,0.000037,0.000025,0.000026,0.000015,0.000017,0.000012,0.000074,0.000148,0.000239
520,,,,,,,,,,,,,,0.000003,0.000059,0.000034,0.000046,0.000051,0.000045,0.000056,0.000076,0.000075,0.000070,0.000101,0.000085,0.000079,0.000069,0.000063,0.000061,0.000073,0.000090,0.000119,0.000157,0.000137,0.000135,0.000106,0.000107,0.000046,0.000035,0.000155,0.000169,0.000129,0.000083,0.000055,0.000030,0.000018,0.000002,0.000013,0.000027,0.000049
521,,,,,,,,,,,,,,0.000003,0.000037,0.000022,0.000026,0.000030,0.000032,0.000044,0.000065,0.000078,0.000071,0.000081,0.000085,0.000082,0.000085,0.000082,0.000078,0.000089,0.000094,0.000082,0.000092,0.000074,0.000075,0.000066,0.000070,0.000039,0.000034,0.000160,0.000164,0.000135,0.000098,0.000069,0.000050,0.000030,0.000006,0.000022,0.000034,0.000050
522,,,,,,,,,,,,,,0.000003,0.000050,0.000033,0.000035,0.000034,0.000026,0.000019,0.000029,0.000049,0.000046,0.000058,0.000055,0.000050,0.000042,0.000048,0.000061,0.000080,0.000112,0.000164,0.000273,0.000317,0.000419,0.000394,0.000389,0.000139,0.000075,0.000226,0.000172,0.000121,0.000085,0.000060,0.000042,0.000028,0.000007,0.000028,0.000036,0.000062
523,,,,,,,,,,,,,,0.000017,0.000366,0.000186,0.000183,0.000192,0.000168,0.000146,0.000177,0.000235,0.000235,0.000299,0.000297,0.000303,0.000278,0.000255,0.000246,0.000243,0.000198,0.000170,0.000139,0.000092,0.000063,0.000046,0.000051,0.000032,0.000031,0.000054,0.000048,0.000043,0.000035,0.000029,0.000029,0.000025,0.000008,0.000041,0.000126,0.000315
524,,,,,,,,,,,,,,0.000008,0.000229,0.000161,0.000201,0.000191,0.000162,0.000171,0.000198,0.000225,0.000213,0.000245,0.000228,0.000219,0.000215,0.000219,0.000240,0.000300,0.000341,0.000343,0.000381,0.000286,0.000261,0.000199,0.000167,0.000056,0.000033,0.000123,0.000128,0.000134,0.000135,0.000122,0.000089,0.000061,0.000005,0.000013,0.000018,0.000035
525,,,,,,,,,,,,,,0.000003,0.000058,0.000044,0.000032,0.000027,0.000026,0.000033,0.000049,0.000075,0.000104,0.000148,0.000156,0.000211,0.000278,0.000390,0.000407,0.000400,0.000274,0.000191,0.000145,0.000108,0.000109,0.000097,0.000098,0.000039,0.000026,0.000091,0.000096,0.000094,0.000093,0.000092,0.000071,0.000061,0.000007,0.000026,0.000042,0.000056
526,,,,,,,,,,,,,,0.000008,0.000193,0.000102,0.000122,0.000121,0.000104,0.000110,0.000146,0.000197,0.000221,0.000357,0.000375,0.000401,0.000382,0.000299,0.000243,0.000189,0.000138,0.000098,0.000101,0.000074,0.000067,0.000049,0.000041,0.000034,0.000015,0.000028,0.000023,0.000021,0.000016,0.000019,0.000017,0.000018,0.000008,0.000047,0.000106,0.000169
527,,,,,,,,,,,,,,0.000010,0.000171,0.000099,0.000138,0.000091,0.000065,0.000073,0.000081,0.000090,0.000083,0.000090,0.000085,0.000073,0.000062,0.000063,0.000067,0.000079,0.000085,0.000093,0.000143,0.000141,0.000169,0.000173,0.000193,0.000096,0.000069,0.000250,0.000271,0.000272,0.000264,0.000245,0.000154,0.000082,0.000011,0.000030,0.000072,0.000136
528,,,,,,,,,,,,,,0.000014,0.000248,0.000117,0.000117,0.000102,0.000081,0.000090,0.000099,0.000110,0.000099,0.000109,0.000109,0.000108,0.000106,0.000094,0.000091,0.000091,0.000079,0.000075,0.000065,0.000044,0.000044,0.000036,0.000041,0.000024,0.000019,0.000044,0.000040,0.000032,0.000019,0.000014,0.000012,0.000009,0.000005,0.000027,0.000080,0.000173
529,,,,,,,,,,,,,,0.000002,0.000046,0.000031,0.000038,0.000033,0.000031,0.000043,0.000066,0.000074,0.000091,0.000104,0.000081,0.000073,0.000077,0.000090,0.000105,0.000146,0.000223,0.000340,0.000488,0.000455,0.000438,0.000334,0.000285,0.000092,0.000058,0.000171,0.000137,0.000105,0.000090,0.000070,0.000055,0.000046,0.000006,0.000022,0.000035,0.000063
530,,,,,,,,,,,,,,0.000008,0.000219,0.000103,0.000126,0.000133,0.000139,0.000202,0.000333,0.000469,0.000434,0.000479,0.000364,0.000298,0.000254,0.000214,0.000186,0.000168,0.000144,0.000120,0.000127,0.000099,0.000102,0.000089,0.000101,0.000039,0.000029,0.000088,0.000095,0.000102,0.000107,0.000110,0.000098,0.000083,0.000008,0.000027,0.000068,0.000108
531,,,,,,,,,,,,,,0.000010,0.000192,0.000114,0.000133,0.000132,0.000132,0.000165,0.000222,0.000313,0.000443,0.000401,0.000372,0.000401,0.000445,0.000378,0.000297,0.000295,0.000250,0.000234,0.000217,0.000153,0.000131,0.000096,0.000076,0.000031,0.000023,0.000062,0.000052,0.000037,0.000023,0.000016,0.000009,0.000005,0.000008,0.000041,0.000113,0.000186
532,,,,,,,,,,,,,,0.000002,0.000039,0.000055,0.000034,0.000026,0.000021,0.000027,0.000043,0.000063,0.000078,0.000089,0.000067,0.000054,0.000049,0.000038,0.000035,0.000039,0.000044,0.000053,0.000067,0.000077,0.000108,0.000129,0.000170,0.000089,0.000085,0.000390,0.000361,0.000292,0.000198,0.000149,0.000088,0.000058,0.000007,0.000017,0.000029,0.000052
533,,,,,,,,,,,,,,0.000005,0.000160,0.000079,0.000089,0.000080,0.000062,0.000065,0.000068,0.000071,0.000063,0.000070,0.000066,0.000063,0.000059,0.000051,0.000042,0.000045,0.000035,0.000038,0.000047,0.000049,0.000058,0.000064,0.000063,0.000025,0.000016,0.000044,0.000041,0.000034,0.000032,0.000032,0.000032,0.000028,0.000004,0.000018,0.000034,0.000067
534,,,,,,,,,,,,,,0.000020,0.000399,0.000240,0.000196,0.000162,0.000128,0.000122,0.000121,0.000112,0.000103,0.000110,0.000096,0.000088,0.000088,0.000089,0.000097,0.000115,0.000118,0.000113,0.000123,0.000096,0.000090,0.000079,0.000070,0.000031,0.000044,0.000063,0.000056,0.000051,0.000046,0.000045,0.000038,0.000028,0.000003,0.000013,0.000029,0.000059
535,,,,,,,,,,,,,,0.000013,0.000198,0.000089,0.000090,0.000078,0.000059,0.000060,0.000069,0.000073,0.000069,0.000070,0.000065,0.000052,0.000045,0.000041,0.000042,0.000038,0.000033,0.000035,0.000038,0.000028,0.000025,0.000017,0.000017,0.000011,0.000011,0.000017,0.000017,0.000021,0.000028,0.000038,0.000043,0.000050,0.000019,0.000089,0.000182,0.000240
536,,,,,,,,,,,,,,0.000007,0.000160,0.000104,0.000114,0.000119,0.000110,0.000119,0.000140,0.000160,0.000156,0.000171,0.000169,0.000168,0.000156,0.000145,0.000153,0.000185,0.000208,0.000238,0.000284,0.000269,0.000241,0.000176,0.000153,0.000049,0.000033,0.000129,0.000131,0.000122,0.000110,0.000094,0.000072,0.000053,0.000003,0.000017,0.000040,0.000079
537,,,,,,,,,,,,,,0.000008,0.000158,0.000080,0.000093,0.000088,0.000054,0.000062,0.000062,0.000065,0.000060,0.000062,0.000055,0.000061,0.000056,0.000049,0.000049,0.000061,0.000066,0.000066,0.000075,0.000046,0.000054,0.000059,0.000063,0.000029,0.000021,0.000064,0.000079,0.000081,0.000079,0.000072,0.000063,0.000054,0.000012,0.000035,0.000088,0.000108
538,,,,,,,,,,,,,,0.000003,0.000062,0.000038,0.000028,0.000026,0.000020,0.000022,0.000023,0.000027,0.000027,0.000032,0.000023,0.000012,0.000011,0.000017,0.000018,0.000030,0.000041,0.000045,0.000048,0.000038,0.000035,0.000031,0.000022,0.000017,0.000016,0.000039,0.000048,0.000053,0.000057,0.000056,0.000050,0.000039,0.000007,0.000028,0.000056,0.000080
539,,,,,,,,,,,,,,0.000007,0.000140,0.000091,0.000086,0.000081,0.000066,0.000086,0.000114,0.000139,0.000138,0.000183,0.000187,0.000213,0.000240,0.000276,0.000362,0.000523,0.000618,0.000664,0.000724,0.000548,0.000412,0.000257,0.000205,0.000063,0.000045,0.000167,0.000152,0.000125,0.000099,0.000084,0.000060,0.000044,0.000003,0.000015,0.000045,0.000088
540,,,,,,,,,,,,,,0.000006,0.000111,0.000063,0.000067,0.000070,0.000045,0.000047,0.000043,0.000054,0.000045,0.000045,0.000038,0.000041,0.000045,0.000029,0.000027,0.000030,0.000030,0.000031,0.000038,0.000029,0.000024,0.000032,0.000037,0.000028,0.000023,0.000075,0.000075,0.000073,0.000063,0.000052,0.000034,0.000025,0.000006,0.000036,0.000071,0.000122
541,,,,,,,,,,,,,,0.000005,0.000134,0.000092,0.000116,0.000116,0.000095,0.000082,0.000081,0.000083,0.000080,0.000064,0.000052,0.000046,0.000048,0.000044,0.000042,0.000040,0.000033,0.000031,0.000031,0.000024,0.000023,0.000020,0.000018,0.000014,0.000012,0.000022,0.000018,0.000018,0.000016,0.000013,0.000009,0.000011,0.000005,0.000017,0.000025,0.000041
542,,,,,,,,,,,,,,0.000004,0.000097,0.000064,0.000057,0.000049,0.000039,0.000044,0.000053,0.000061,0.000062,0.000058,0.000054,0.000049,0.000049,0.000046,0.000045,0.000043,0.000038,0.000043,0.000036,0.000035,0.000037,0.000034,0.000029,0.000060,0.000052,0.000058,0.000046,0.000041,0.000042,0.000040,0.000048,0.000039,0.000015,0.000046,0.000064,0.000086
543,,,,,,,,,,,,,,0.000003,0.000048,0.000027,0.000035,0.000035,0.000028,0.000038,0.000056,0.000069,0.000077,0.000087,0.000086,0.000096,0.000098,0.000099,0.000125,0.000175,0.000184,0.000177,0.000203,0.000147,0.000135,0.000109,0.000103,0.000042,0.000034,0.000094,0.000086,0.000067,0.000050,0.000032,0.000027,0.000017,0.000005,0.000019,0.000035,0.000048
544,,,,,,,,,,,,,,0.000003,0.000071,0.000040,0.000041,0.000045,0.000036,0.000046,0.000053,0.000062,0.000052,0.000061,0.000050,0.000045,0.000050,0.000054,0.000051,0.000055,0.000054,0.000041,0.000046,0.000041,0.000057,0.000064,0.000086,0.000048,0.000045,0.000224,0.000241,0.000193,0.000134,0.000095,0.000070,0.000052,0.000010,0.000028,0.000059,0.000089
545,,,,,,,,,,,,,,0.000004,0.000090,0.000051,0.000049,0.000049,0.000037,0.000043,0.000052,0.000056,0.000053,0.000063,0.000056,0.000043,0.000030,0.000041,0.000051,0.000053,0.000049,0.000068,0.000077,0.000071,0.000084,0.000096,0.000122,0.000080,0.000061,0.000248,0.000268,0.000300,0.000329,0.000313,0.000288,0.000210,0.000024,0.000064,0.000111,0.000129
546,,,,,,,,,,,,,,0.000006,0.000145,0.000080,0.000097,0.000088,0.000080,0.000088,0.000107,0.000113,0.000122,0.000147,0.000163,0.000202,0.000260,0.000329,0.000381,0.000440,0.000367,0.000246,0.000214,0.000154,0.000133,0.000131,0.000148,0.000072,0.000057,0.000196,0.000170,0.000145,0.000118,0.000088,0.000068,0.000042,0.000006,0.000023,0.000039,0.000060
547,,,,,,,,,,,,,,0.000004,0.000073,0.000041,0.000040,0.000035,0.000029,0.000033,0.000040,0.000043,0.000043,0.000052,0.000037,0.000037,0.000038,0.000040,0.000041,0.000050,0.000054,0.000053,0.000078,0.000077,0.000079,0.000090,0.000117,0.000072,0.000066,0.000088,0.000084,0.000078,0.000080,0.000080,0.000066,0.000055,0.000009,0.000041,0.000064,0.000150
548,,,,,,,,,,,,,,0.000010,0.000311,0.000146,0.000140,0.000156,0.000185,0.000251,0.000380,0.000437,0.000394,0.000401,0.000309,0.000276,0.000256,0.000265,0.000287,0.000346,0.000407,0.000413,0.000370,0.000251,0.000215,0.000155,0.000116,0.000063,0.000054,0.000114,0.000090,0.000066,0.000047,0.000037,0.000035,0.000033,0.000007,0.000027,0.000056,0.000178
549,,,,,,,,,,,,,,0.000009,0.000138,0.000091,0.000124,0.000108,0.000076,0.000063,0.000065,0.000071,0.000064,0.000077,0.000068,0.000062,0.000059,0.000056,0.000066,0.000075,0.000091,0.000119,0.000126,0.000091,0.000085,0.000070,0.000068,0.000119,0.000069,0.000195,0.000217,0.000182,0.000125,0.000113,0.000098,0.000067,0.000011,0.000035,0.000069,0.000178
550,,,,,,,,,,,,,,0.000006,0.000199,0.000203,0.000390,0.000450,0.000384,0.000371,0.000360,0.000350,0.000272,0.000236,0.000183,0.000160,0.000139,0.000117,0.000105,0.000100,0.000087,0.000079,0.000081,0.000063,0.000058,0.000044,0.000041,0.000018,0.000017,0.000044,0.000039,0.000038,0.000030,0.000035,0.000029,0.000024,0.000004,0.000025,0.000075,0.000124
551,,,,,,,,,,,,,,0.000011,0.000160,0.000092,0.000090,0.000083,0.000071,0.000074,0.000084,0.000086,0.000087,0.000085,0.000071,0.000059,0.000051,0.000043,0.000038,0.000037,0.000037,0.000040,0.000044,0.000035,0.000042,0.000036,0.000033,0.000023,0.000014,0.000018,0.000012,0.000010,0.000005,0.000007,0.000016,0.000020,0.000009,0.000065,0.000210,0.000479
552,,,,,,,,,,,,,,0.000009,0.000236,0.000129,0.000143,0.000124,0.000091,0.000077,0.000079,0.000072,0.000054,0.000064,0.000051,0.000055,0.000047,0.000040,0.000037,0.000048,0.000039,0.000038,0.000043,0.000034,0.000040,0.000036,0.000034,0.000021,0.000020,0.000030,0.000025,0.000024,0.000021,0.000018,0.000016,0.000014,0.000003,0.000012,0.000024,0.000054
553,,,,,,,,,,,,,,0.000004,0.000078,0.000060,0.000061,0.000052,0.000040,0.000047,0.000063,0.000066,0.000067,0.000076,0.000065,0.000058,0.000047,0.000051,0.000060,0.000071,0.000094,0.000116,0.000145,0.000195,0.000291,0.000315,0.000313,0.000086,0.000040,0.000079,0.000067,0.000060,0.000058,0.000059,0.000049,0.000039,0.000007,0.000019,0.000035,0.000058
554,,,,,,,,,,,,,,0.000004,0.000082,0.000070,0.000093,0.000118,0.000118,0.000136,0.000138,0.000115,0.000102,0.000108,0.000079,0.000066,0.000056,0.000052,0.000048,0.000047,0.000043,0.000049,0.000048,0.000038,0.000049,0.000048,0.000046,0.000025,0.000026,0.000095,0.000097,0.000098,0.000086,0.000082,0.000072,0.000058,0.000011,0.000041,0.000049,0.000073
555,,,,,,,,,,,,,,0.000006,0.000109,0.000074,0.000073,0.000079,0.000064,0.000074,0.000118,0.000185,0.000240,0.000324,0.000378,0.000446,0.000547,0.000662,0.000570,0.000586,0.000468,0.000375,0.000337,0.000236,0.000235,0.000189,0.000165,0.000090,0.000055,0.000130,0.000115,0.000087,0.000070,0.000075,0.000058,0.000042,0.000013,0.000038,0.000065,0.000104
556,,,,,,,,,,,,,,0.000010,0.000217,0.000127,0.000126,0.000102,0.000059,0.000051,0.000050,0.000055,0.000048,0.000061,0.000050,0.000064,0.000079,0.000093,0.000113,0.000165,0.000202,0.000250,0.000263,0.000186,0.000147,0.000105,0.000082,0.000042,0.000050,0.000044,0.000033,0.000028,0.000024,0.000022,0.000016,0.000011,0.000005,0.000029,0.000060,0.000116
557,,,,,,,,,,,,,,0.000004,0.000086,0.000074,0.000071,0.000085,0.000092,0.000174,0.000290,0.000369,0.000333,0.000370,0.000298,0.000278,0.000236,0.000174,0.000132,0.000105,0.000075,0.000054,0.000052,0.000039,0.000038,0.000029,0.000025,0.000021,0.000015,0.000014,0.000017,0.000021,0.000023,0.000023,0.000022,0.000019,0.000007,0.000019,0.000032,0.000055
558,,,,,,,,,,,,,,0.000003,0.000105,0.000107,0.000175,0.000232,0.000227,0.000251,0.000269,0.000240,0.000180,0.000153,0.000114,0.000086,0.000071,0.000064,0.000061,0.000061,0.000059,0.000061,0.000066,0.000057,0.000065,0.000084,0.000112,0.000065,0.000048,0.000038,0.000025,0.000016,0.000015,0.000016,0.000016,0.000017,0.000009,0.000028,0.000024,0.000029
559,,,,,,,,,,,,,,0.000012,0.000315,0.000166,0.000181,0.000134,0.000102,0.000090,0.000099,0.000105,0.000095,0.000086,0.000070,0.000067,0.000096,0.000088,0.000073,0.000067,0.000063,0.000073,0.000112,0.000148,0.000167,0.000128,0.000107,0.000040,0.000030,0.000064,0.000055,0.000041,0.000033,0.000034,0.000022,0.000018,0.000006,0.000022,0.000060,0.000158
560,,,,,,,,,,,,,,0.000006,0.000141,0.000079,0.000080,0.000065,0.000045,0.000041,0.000048,0.000044,0.000034,0.000029,0.000022,0.000023,0.000024,0.000023,0.000029,0.000031,0.000032,0.000024,0.000024,0.000038,0.000038,0.000047,0.000053,0.000030,0.000022,0.000038,0.000047,0.000054,0.000064,0.000066,0.000062,0.000061,0.000015,0.000051,0.000082,0.000111
561,,,,,,,,,,,,,,0.000005,0.000118,0.000102,0.000100,0.000082,0.000068,0.000067,0.000074,0.000072,0.000070,0.000062,0.000053,0.000050,0.000051,0.000053,0.000064,0.000076,0.000086,0.000112,0.000213,0.000275,0.000330,0.000220,0.000151,0.000062,0.000057,0.000074,0.000067,0.000055,0.000051,0.000061,0.000060,0.000083,0.000011,0.000030,0.000050,0.000083
562,,,,,,,,,,,,,,0.000005,0.000088,0.000090,0.000063,0.000065,0.000054,0.000054,0.000060,0.000065,0.000064,0.000075,0.000073,0.000068,0.000064,0.000059,0.000053,0.000060,0.000058,0.000062,0.000077,0.000090,0.000126,0.000100,0.000064,0.000026,0.000022,0.000041,0.000037,0.000033,0.000024,0.000020,0.000014,0.000011,0.000002,0.000021,0.000075,0.000173
563,,,,,,,,,,,,,,0.000007,0.000157,0.000113,0.000112,0.000087,0.000075,0.000088,0.000114,0.000134,0.000103,0.000114,0.000109,0.000092,0.000070,0.000061,0.000063,0.000071,0.000091,0.000119,0.000169,0.000135,0.000117,0.000095,0.000072,0.000046,0.000042,0.000113,0.000148,0.000195,0.000218,0.000242,0.000233,0.000157,0.000025,0.000103,0.000144,0.000187
564,,,,,,,,,,,,,,0.000006,0.000124,0.000081,0.000099,0.000077,0.000059,0.000060,0.000077,0.000077,0.000108,0.000116,0.000105,0.000081,0.000059,0.000061,0.000060,0.000057,0.000050,0.000049,0.000048,0.000042,0.000056,0.000061,0.000064,0.000033,0.000025,0.000072,0.000090,0.000090,0.000087,0.000077,0.000068,0.000054,0.000008,0.000024,0.000051,0.000088
565,,,,,,,,,,,,,,0.000002,0.000042,0.000038,0.000015,0.000045,0.000107,0.000191,0.000304,0.000321,0.000284,0.000267,0.000175,0.000145,0.000120,0.000073,0.000054,0.000050,0.000081,0.000109,0.000156,0.000159,0.000164,0.000118,0.000110,0.000066,0.000043,0.000189,0.000246,0.000252,0.000234,0.000173,0.000118,0.000097,0.000020,0.000053,0.000077,0.000082
566,,,,,,,,,,,,,,0.000007,0.000100,0.000063,0.000084,0.000106,0.000102,0.000122,0.000136,0.000136,0.000120,0.000139,0.000118,0.000116,0.000104,0.000088,0.000098,0.000133,0.000174,0.000224,0.000326,0.000323,0.000357,0.000281,0.000208,0.000062,0.000033,0.000082,0.000064,0.000045,0.000027,0.000024,0.000018,0.000013,0.000003,0.000033,0.000092,0.000166
567,,,,,,,,,,,,,,0.000002,0.000068,0.000051,0.000061,0.000104,0.000143,0.000119,0.000132,0.000162,0.000143,0.000160,0.000160,0.000168,0.000171,0.000125,0.000109,0.000093,0.000073,0.000060,0.000052,0.000036,0.000033,0.000031,0.000025,0.000020,0.000014,0.000018,0.000016,0.000012,0.000008,0.000007,0.000010,0.000010,0.000005,0.000018,0.000032,0.000049
568,,,,,,,,,,,,,,0.000008,0.000185,0.000113,0.000120,0.000088,0.000059,0.000056,0.000058,0.000052,0.000053,0.000065,0.000066,0.000055,0.000050,0.000044,0.000036,0.000032,0.000024,0.000027,0.000030,0.000025,0.000034,0.000033,0.000038,0.000019,0.000019,0.000066,0.000073,0.000065,0.000055,0.000050,0.000045,0.000041,0.000008,0.000027,0.000039,0.000055
569,,,,,,,,,,,,,,0.000017,0.000279,0.000134,0.000141,0.000111,0.000079,0.000072,0.000084,0.000087,0.000080,0.000069,0.000051,0.000041,0.000046,0.000027,0.000023,0.000029,0.000033,0.000036,0.000066,0.000087,0.000133,0.000160,0.000165,0.000088,0.000040,0.000100,0.000079,0.000070,0.000058,0.000055,0.000051,0.000048,0.000009,0.000052,0.000118,0.000189
570,,,,,,,,,,,,,,0.000005,0.000110,0.000051,0.000053,0.000050,0.000033,0.000034,0.000042,0.000051,0.000045,0.000057,0.000055,0.000058,0.000057,0.000047,0.000041,0.000039,0.000038,0.000033,0.000037,0.000040,0.000055,0.000069,0.000083,0.000039,0.000026,0.000090,0.000080,0.000065,0.000055,0.000052,0.000050,0.000049,0.000012,0.000054,0.000142,0.000260
571,,,,,,,,,,,,,,0.000015,0.000241,0.000122,0.000152,0.000122,0.000072,0.000078,0.000101,0.000123,0.000124,0.000123,0.000111,0.000096,0.000083,0.000068,0.000052,0.000045,0.000048,0.000070,0.000092,0.000110,0.000181,0.000275,0.000325,0.000219,0.000070,0.000062,0.000053,0.000073,0.000077,0.000069,0.000067,0.000060,0.000019,0.000069,0.000109,0.000159
572,,,,,,,,,,,,,,0.000003,0.000081,0.000063,0.000055,0.000046,0.000045,0.000043,0.000051,0.000065,0.000060,0.000059,0.000065,0.000059,0.000058,0.000044,0.000041,0.000040,0.000044,0.000041,0.000054,0.000054,0.000072,0.000063,0.000062,0.000055,0.000055,0.000222,0.000261,0.000267,0.000274,0.000228,0.000178,0.000149,0.000014,0.000021,0.000018,0.000021
573,,,,,,,,,,,,,,0.000006,0.000095,0.000098,0.000124,0.000172,0.000139,0.000125,0.000124,0.000128,0.000100,0.000094,0.000082,0.000068,0.000058,0.000051,0.000048,0.000053,0.000053,0.000054,0.000055,0.000042,0.000045,0.000040,0.000029,0.000017,0.000020,0.000035,0.000027,0.000025,0.000023,0.000024,0.000022,0.000023,0.000018,0.000090,0.000154,0.000200
574,,,,,,,,,,,,,,0.000007,0.000161,0.000153,0.000179,0.000206,0.000141,0.000134,0.000152,0.000211,0.000325,0.000282,0.000232,0.000222,0.000226,0.000253,0.000280,0.000293,0.000252,0.000215,0.000191,0.000137,0.000113,0.000082,0.000056,0.000024,0.000023,0.000031,0.000013,0.000014,0.000023,0.000030,0.000033,0.000035,0.000012,0.000060,0.000145,0.000229
575,,,,,,,,,,,,,,0.000014,0.000258,0.000137,0.000156,0.000104,0.000084,0.000085,0.000086,0.000079,0.000065,0.000069,0.000063,0.000061,0.000061,0.000059,0.000054,0.000065,0.000061,0.000058,0.000057,0.000045,0.000050,0.000046,0.000042,0.000027,0.000023,0.000119,0.000142,0.000139,0.000122,0.000094,0.000067,0.000042,0.000006,0.000025,0.000071,0.000197
576,,,,,,,,,,,,,,0.000011,0.000172,0.000078,0.000075,0.000070,0.000065,0.000071,0.000072,0.000077,0.000053,0.000066,0.000045,0.000047,0.000048,0.000038,0.000031,0.000035,0.000035,0.000037,0.000046,0.000042,0.000037,0.000032,0.000034,0.000015,0.000013,0.000035,0.000038,0.000042,0.000028,0.000027,0.000022,0.000020,0.000004,0.000028,0.000085,0.000200
577,,,,,,,,,,,,,,0.000004,0.000050,0.000039,0.000055,0.000058,0.000082,0.000142,0.000211,0.000283,0.000284,0.000307,0.000293,0.000273,0.000262,0.000246,0.000192,0.000153,0.000128,0.000099,0.000106,0.000093,0.000119,0.000134,0.000116,0.000049,0.000040,0.000060,0.000051,0.000051,0.000059,0.000059,0.000052,0.000050,0.000015,0.000102,0.000147,0.000167
578,,,,,,,,,,,,,,0.000005,0.000109,0.000075,0.000064,0.000052,0.000041,0.000039,0.000046,0.000051,0.000050,0.000056,0.000052,0.000050,0.000048,0.000032,0.000033,0.000047,0.000048,0.000053,0.000053,0.000046,0.000055,0.000044,0.000038,0.000032,0.000022,0.000045,0.000039,0.000035,0.000030,0.000038,0.000039,0.000051,0.000019,0.000057,0.000079,0.000106
579,,,,,,,,,,,,,,0.000006,0.000164,0.000165,0.000113,0.000097,0.000086,0.000089,0.000090,0.000088,0.000077,0.000073,0.000072,0.000069,0.000062,0.000051,0.000054,0.000071,0.000063,0.000054,0.000058,0.000062,0.000082,0.000126,0.000123,0.000045,0.000033,0.000071,0.000070,0.000069,0.000070,0.000073,0.000075,0.000087,0.000014,0.000054,0.000052,0.000061
580,,,,,,,,,,,,,,0.000018,0.000285,0.000173,0.000167,0.000118,0.000080,0.000076,0.000085,0.000110,0.000137,0.000151,0.000148,0.000144,0.000134,0.000114,0.000112,0.000101,0.000086,0.000077,0.000086,0.000051,0.000040,0.000029,0.000028,0.000019,0.000011,0.000020,0.000019,0.000022,0.000022,0.000018,0.000013,0.000012,0.000004,0.000020,0.000051,0.000119
581,,,,,,,,,,,,,,0.000008,0.000167,0.000124,0.000127,0.000119,0.000101,0.000119,0.000131,0.000130,0.000115,0.000127,0.000101,0.000092,0.000092,0.000086,0.000087,0.000089,0.000087,0.000082,0.000094,0.000068,0.000064,0.000053,0.000047,0.000021,0.000018,0.000043,0.000044,0.000042,0.000032,0.000026,0.000017,0.000011,0.000004,0.000038,0.000093,0.000152
582,,,,,,,,,,,,,,0.000016,0.000519,0.000345,0.000367,0.000336,0.000235,0.000208,0.000209,0.000216,0.000196,0.000194,0.000166,0.000157,0.000134,0.000102,0.000095,0.000091,0.000081,0.000139,0.000133,0.000071,0.000079,0.000093,0.000102,0.000144,0.000059,0.000073,0.000060,0.000048,0.000044,0.000049,0.000042,0.000032,0.000010,0.000044,0.000104,0.000241
583,,,,,,,,,,,,,,0.000007,0.000113,0.000055,0.000061,0.000066,0.000062,0.000067,0.000084,0.000098,0.000113,0.000110,0.000085,0.000089,0.000086,0.000068,0.000061,0.000065,0.000064,0.000060,0.000065,0.000053,0.000048,0.000043,0.000047,0.000024,0.000024,0.000093,0.000117,0.000146,0.000167,0.000173,0.000143,0.000114,0.000009,0.000043,0.000052,0.000074
584,,,,,,,,,,,,,,0.000004,0.000104,0.000071,0.000107,0.000150,0.000196,0.000281,0.000407,0.000494,0.000519,0.000599,0.000558,0.000485,0.000431,0.000345,0.000283,0.000222,0.000161,0.000119,0.000106,0.000058,0.000065,0.000051,0.000054,0.000027,0.000020,0.000062,0.000058,0.000043,0.000031,0.000027,0.000026,0.000025,0.000004,0.000021,0.000034,0.000072
585,,,,,,,,,,,,,,0.000005,0.000105,0.000072,0.000085,0.000083,0.000103,0.000170,0.000285,0.000498,0.000550,0.000633,0.000504,0.000404,0.000338,0.000259,0.000230,0.000229,0.000222,0.000257,0.000341,0.000259,0.000195,0.000139,0.000107,0.000057,0.000046,0.000194,0.000178,0.000130,0.000096,0.000085,0.000057,0.000042,0.000007,0.000022,0.000040,0.000075
586,,,,,,,,,,,,,,0.000011,0.000303,0.000237,0.000308,0.000388,0.000391,0.000442,0.000491,0.000463,0.000323,0.000303,0.000245,0.000208,0.000183,0.000147,0.000121,0.000118,0.000104,0.000102,0.000094,0.000072,0.000066,0.000053,0.000047,0.000027,0.000022,0.000044,0.000029,0.000023,0.000016,0.000011,0.000007,0.000009,0.000006,0.000033,0.000067,0.000133
587,,,,,,,,,,,,,,0.000012,0.000177,0.000093,0.000118,0.000111,0.000095,0.000099,0.000102,0.000113,0.000106,0.000121,0.000099,0.000099,0.000104,0.000133,0.000133,0.000124,0.000119,0.000127,0.000109,0.000090,0.000111,0.000115,0.000111,0.000052,0.000032,0.000048,0.000045,0.000048,0.000062,0.000077,0.000059,0.000039,0.000011,0.000057,0.000082,0.000124
588,,,,,,,,,,,,,,0.000019,0.000443,0.000389,0.000621,0.000776,0.000635,0.000606,0.000591,0.000564,0.000475,0.000510,0.000450,0.000401,0.000368,0.000298,0.000268,0.000265,0.000231,0.000205,0.000192,0.000129,0.000117,0.000097,0.000083,0.000038,0.000034,0.000078,0.000057,0.000043,0.000027,0.000021,0.000010,0.000007,0.000007,0.000063,0.000160,0.000292
589,,,,,,,,,,,,,,0.000003,0.000082,0.000068,0.000110,0.000174,0.000241,0.000321,0.000352,0.000359,0.000282,0.000259,0.000169,0.000145,0.000127,0.000102,0.000082,0.000064,0.000058,0.000051,0.000071,0.000071,0.000136,0.000181,0.000225,0.000141,0.000083,0.000139,0.000129,0.000107,0.000083,0.000071,0.000063,0.000047,0.000007,0.000028,0.000059,0.000134
590,,,,,,,,,,,,,,0.000003,0.000077,0.000055,0.000071,0.000113,0.000173,0.000283,0.000385,0.000399,0.000369,0.000330,0.000264,0.000206,0.000188,0.000167,0.000141,0.000134,0.000092,0.000073,0.000059,0.000041,0.000039,0.000026,0.000023,0.000021,0.000024,0.000044,0.000041,0.000041,0.000041,0.000035,0.000024,0.000018,0.000005,0.000027,0.000034,0.000046
591,,,,,,,,,,,,,,0.000008,0.000211,0.000102,0.000117,0.000118,0.000087,0.000074,0.000088,0.000093,0.000090,0.000090,0.000077,0.000075,0.000065,0.000058,0.000049,0.000036,0.000037,0.000030,0.000031,0.000028,0.000048,0.000051,0.000083,0.000043,0.000041,0.000058,0.000045,0.000043,0.000038,0.000032,0.000028,0.000020,0.000006,0.000034,0.000060,0.000094
592,,,,,,,,,,,,,,0.000022,0.000303,0.000145,0.000143,0.000123,0.000107,0.000121,0.000151,0.000164,0.000152,0.000187,0.000177,0.000164,0.000149,0.000141,0.000120,0.000135,0.000120,0.000110,0.000099,0.000079,0.000100,0.000114,0.000113,0.000129,0.000080,0.000202,0.000161,0.000125,0.000098,0.000088,0.000069,0.000042,0.000005,0.000020,0.000051,0.000112
593,,,,,,,,,,,,,,0.000007,0.000189,0.000108,0.000115,0.000086,0.000056,0.000055,0.000057,0.000054,0.000040,0.000047,0.000045,0.000044,0.000046,0.000040,0.000045,0.000049,0.000047,0.000051,0.000056,0.000039,0.000039,0.000044,0.000042,0.000021,0.000014,0.000044,0.000044,0.000043,0.000037,0.000035,0.000030,0.000024,0.000003,0.000010,0.000030,0.000051
594,,,,,,,,,,,,,,0.000004,0.000169,0.000106,0.000130,0.000134,0.000127,0.000140,0.000153,0.000133,0.000116,0.000115,0.000095,0.000088,0.000071,0.000054,0.000051,0.000056,0.000048,0.000044,0.000055,0.000056,0.000057,0.000044,0.000040,0.000023,0.000045,0.000039,0.000033,0.000030,0.000030,0.000023,0.000022,0.000019,0.000004,0.000015,0.000028,0.000037
595,,,,,,,,,,,,,,0.000006,0.000154,0.000171,0.000164,0.000214,0.000193,0.000181,0.000190,0.000182,0.000175,0.000185,0.000176,0.000156,0.000142,0.000133,0.000107,0.000089,0.000062,0.000063,0.000063,0.000047,0.000052,0.000038,0.000048,0.000033,0.000021,0.000046,0.000041,0.000038,0.000027,0.000023,0.000014,0.000016,0.000008,0.000027,0.000057,0.000095
596,,,,,,,,,,,,,,0.000004,0.000072,0.000041,0.000049,0.000053,0.000050,0.000072,0.000117,0.000205,0.000281,0.000393,0.000448,0.000523,0.000591,0.000648,0.000578,0.000535,0.000445,0.000365,0.000261,0.000154,0.000116,0.000082,0.000061,0.000026,0.000017,0.000041,0.000026,0.000016,0.000011,0.000014,0.000014,0.000010,0.000005,0.000019,0.000026,0.000036
597,,,,,,,,,,,,,,0.000006,0.000161,0.000166,0.000219,0.000173,0.000125,0.000106,0.000100,0.000102,0.000081,0.000073,0.000060,0.000060,0.000068,0.000105,0.000153,0.000248,0.000355,0.000422,0.000344,0.000223,0.000139,0.000084,0.000056,0.000028,0.000058,0.000045,0.000043,0.000040,0.000036,0.000039,0.000030,0.000021,0.000004,0.000021,0.000041,0.000051
598,,,,,,,,,,,,,,0.000004,0.000062,0.000030,0.000033,0.000034,0.000030,0.000033,0.000039,0.000046,0.000039,0.000049,0.000038,0.000039,0.000043,0.000044,0.000041,0.000063,0.000046,0.000042,0.000040,0.000032,0.000036,0.000033,0.000032,0.000013,0.000013,0.000052,0.000061,0.000066,0.000073,0.000077,0.000071,0.000070,0.000020,0.000111,0.000219,0.000283
599,,,,,,,,,,,,,,0.000004,0.000098,0.000066,0.000066,0.000059,0.000039,0.000033,0.000033,0.000041,0.000051,0.000047,0.000040,0.000070,0.000085,0.000059,0.000052,0.000056,0.000053,0.000054,0.000059,0.000071,0.000071,0.000056,0.000057,0.000043,0.000045,0.000071,0.000071,0.000061,0.000060,0.000063,0.000070,0.000087,0.000030,0.000054,0.000063,0.000080
600,,,,,,,,,,,,,,0.000007,0.000156,0.000105,0.000088,0.000082,0.000068,0.000066,0.000069,0.000060,0.000041,0.000041,0.000032,0.000022,0.000026,0.000026,0.000029,0.000046,0.000048,0.000049,0.000056,0.000044,0.000045,0.000042,0.000045,0.000076,0.000061,0.000112,0.000104,0.000102,0.000094,0.000083,0.000060,0.000043,0.000006,0.000025,0.000034,0.000059
601,,,,,,,,,,,,,,0.000009,0.000187,0.000100,0.000098,0.000079,0.000071,0.000080,0.000104,0.000144,0.000188,0.000301,0.000351,0.000434,0.000466,0.000424,0.000364,0.000308,0.000225,0.000161,0.000136,0.000088,0.000066,0.000037,0.000027,0.000026,0.000022,0.000034,0.000038,0.000045,0.000060,0.000070,0.000057,0.000042,0.000013,0.000070,0.000094,0.000188
602,,,,,,,,,,,,,,0.000007,0.000176,0.000104,0.000118,0.000107,0.000093,0.000113,0.000154,0.000194,0.000213,0.000265,0.000244,0.000256,0.000260,0.000245,0.000223,0.000197,0.000171,0.000133,0.000118,0.000086,0.000075,0.000058,0.000050,0.000036,0.000029,0.000074,0.000096,0.000111,0.000123,0.000152,0.000127,0.000080,0.000021,0.000041,0.000063,0.000077
603,,,,,,,,,,,,,,0.000005,0.000086,0.000045,0.000041,0.000051,0.000047,0.000067,0.000100,0.000121,0.000124,0.000150,0.000145,0.000129,0.000106,0.000090,0.000088,0.000102,0.000119,0.000132,0.000196,0.000215,0.000247,0.000210,0.000172,0.000060,0.000040,0.000169,0.000217,0.000231,0.000228,0.000196,0.000139,0.000090,0.000007,0.000036,0.000044,0.000069
604,,,,,,,,,,,,,,0.000004,0.000089,0.000054,0.000058,0.000077,0.000097,0.000121,0.000141,0.000136,0.000115,0.000125,0.000114,0.000119,0.000109,0.000090,0.000097,0.000106,0.000116,0.000137,0.000136,0.000099,0.000100,0.000081,0.000082,0.000030,0.000036,0.000157,0.000167,0.000165,0.000158,0.000131,0.000098,0.000072,0.000005,0.000025,0.000069,0.000123
605,,,,,,,,,,,,,,0.000006,0.000106,0.000105,0.000059,0.000054,0.000048,0.000055,0.000057,0.000049,0.000047,0.000042,0.000040,0.000041,0.000044,0.000031,0.000031,0.000039,0.000043,0.000038,0.000041,0.000048,0.000060,0.000063,0.000071,0.000069,0.000061,0.000115,0.000103,0.000087,0.000072,0.000063,0.000064,0.000056,0.000011,0.000036,0.000066,0.000095
606,,,,,,,,,,,,,,0.000005,0.000085,0.000064,0.000054,0.000040,0.000025,0.000022,0.000023,0.000022,0.000022,0.000032,0.000032,0.000032,0.000024,0.000016,0.000017,0.000016,0.000022,0.000021,0.000026,0.000034,0.000054,0.000070,0.000092,0.000035,0.000054,0.000072,0.000080,0.000097,0.000124,0.000135,0.000117,0.000102,0.000013,0.000037,0.000068,0.000117
607,,,,,,,,,,,,,,0.000003,0.000066,0.000042,0.000040,0.000033,0.000026,0.000030,0.000043,0.000057,0.000055,0.000059,0.000054,0.000049,0.000040,0.000044,0.000053,0.000068,0.000100,0.000157,0.000212,0.000188,0.000148,0.000110,0.000100,0.000056,0.000043,0.000260,0.000369,0.000396,0.000381,0.000312,0.000198,0.000116,0.000014,0.000071,0.000062,0.000102
608,,,,,,,,,,,,,,0.000005,0.000128,0.000082,0.000087,0.000077,0.000062,0.000071,0.000095,0.000124,0.000119,0.000164,0.000151,0.000153,0.000167,0.000180,0.000232,0.000247,0.000196,0.000145,0.000129,0.000076,0.000068,0.000058,0.000072,0.000027,0.000020,0.000052,0.000045,0.000039,0.000029,0.000027,0.000026,0.000021,0.000002,0.000015,0.000031,0.000064
609,,,,,,,,,,,,,,0.000006,0.000105,0.000060,0.000066,0.000056,0.000041,0.000033,0.000038,0.000073,0.000087,0.000108,0.000128,0.000140,0.000184,0.000235,0.000314,0.000336,0.000272,0.000237,0.000230,0.000144,0.000138,0.000139,0.000132,0.000102,0.000077,0.000089,0.000076,0.000071,0.000054,0.000049,0.000040,0.000041,0.000011,0.000047,0.000115,0.000189
610,,,,,,,,,,,,,,0.000005,0.000166,0.000116,0.000183,0.000169,0.000126,0.000146,0.000148,0.000127,0.000116,0.000126,0.000104,0.000098,0.000092,0.000078,0.000074,0.000074,0.000068,0.000062,0.000074,0.000058,0.000061,0.000063,0.000065,0.000026,0.000017,0.000055,0.000068,0.000073,0.000073,0.000067,0.000052,0.000040,0.000003,0.000012,0.000028,0.000052
611,,,,,,,,,,,,,,0.000003,0.000065,0.000046,0.000048,0.000044,0.000041,0.000046,0.000063,0.000086,0.000082,0.000090,0.000099,0.000102,0.000109,0.000103,0.000091,0.000087,0.000080,0.000099,0.000186,0.000237,0.000381,0.000295,0.000211,0.000079,0.000031,0.000050,0.000041,0.000032,0.000034,0.000034,0.000023,0.000021,0.000005,0.000021,0.000036,0.000065
612,,,,,,,,,,,,,,0.000009,0.000197,0.000122,0.000115,0.000113,0.000107,0.000130,0.000159,0.000161,0.000155,0.000173,0.000176,0.000185,0.000179,0.000160,0.000155,0.000165,0.000172,0.000194,0.000273,0.000283,0.000330,0.000272,0.000206,0.000065,0.000045,0.000153,0.000161,0.000139,0.000111,0.000109,0.000071,0.000045,0.000003,0.000019,0.000039,0.000067
613,,,,,,,,,,,,,,0.000004,0.000086,0.000052,0.000052,0.000042,0.000034,0.000040,0.000047,0.000053,0.000066,0.000088,0.000084,0.000071,0.000058,0.000048,0.000049,0.000053,0.000043,0.000035,0.000037,0.000032,0.000028,0.000031,0.000034,0.000042,0.000036,0.000184,0.000282,0.000326,0.000305,0.000254,0.000166,0.000079,0.000012,0.000032,0.000043,0.000072
614,,,,,,,,,,,,,,0.000008,0.000176,0.000101,0.000122,0.000112,0.000093,0.000122,0.000178,0.000209,0.000194,0.000219,0.000190,0.000150,0.000125,0.000106,0.000093,0.000090,0.000089,0.000096,0.000123,0.000087,0.000071,0.000058,0.000073,0.000050,0.000047,0.000274,0.000322,0.000317,0.000246,0.000156,0.000089,0.000048,0.000005,0.000033,0.000067,0.000111
615,,,,,,,,,,,,,,0.000002,0.000048,0.000031,0.000045,0.000050,0.000038,0.000043,0.000051,0.000066,0.000074,0.000069,0.000055,0.000068,0.000057,0.000045,0.000048,0.000054,0.000053,0.000052,0.000056,0.000044,0.000040,0.000052,0.000057,0.000029,0.000020,0.000042,0.000045,0.000043,0.000037,0.000037,0.000033,0.000024,0.000005,0.000012,0.000021,0.000036
616,,,,,,,,,,,,,,0.000012,0.000244,0.000170,0.000156,0.000159,0.000140,0.000151,0.000160,0.000160,0.000140,0.000156,0.000140,0.000128,0.000111,0.000095,0.000084,0.000084,0.000075,0.000066,0.000065,0.000048,0.000043,0.000044,0.000039,0.000024,0.000016,0.000037,0.000036,0.000040,0.000031,0.000021,0.000015,0.000011,0.000003,0.000023,0.000071,0.000137
617,,,,,,,,,,,,,,0.000008,0.000162,0.000084,0.000093,0.000088,0.000082,0.000090,0.000100,0.000105,0.000085,0.000096,0.000086,0.000087,0.000088,0.000080,0.000078,0.000078,0.000079,0.000066,0.000070,0.000056,0.000059,0.000049,0.000047,0.000023,0.000018,0.000058,0.000055,0.000045,0.000032,0.000025,0.000018,0.000015,0.000003,0.000031,0.000078,0.000135
618,,,,,,,,,,,,,,0.000005,0.000075,0.000044,0.000058,0.000061,0.000049,0.000066,0.000093,0.000107,0.000107,0.000120,0.000098,0.000108,0.000120,0.000114,0.000116,0.000125,0.000116,0.000115,0.000111,0.000079,0.000080,0.000082,0.000153,0.000117,0.000040,0.000077,0.000069,0.000059,0.000040,0.000031,0.000028,0.000024,0.000006,0.000046,0.000082,0.000121
619,,,,,,,,,,,,,,0.000006,0.000213,0.000235,0.000278,0.000326,0.000270,0.000253,0.000227,0.000199,0.000161,0.000170,0.000133,0.000101,0.000084,0.000072,0.000057,0.000059,0.000055,0.000056,0.000061,0.000050,0.000048,0.000044,0.000048,0.000025,0.000020,0.000031,0.000021,0.000018,0.000014,0.000014,0.000010,0.000010,0.000008,0.000022,0.000033,0.000055
620,,,,,,,,,,,,,,0.000008,0.000164,0.000125,0.000128,0.000126,0.000113,0.000136,0.000162,0.000206,0.000221,0.000272,0.000281,0.000303,0.000280,0.000243,0.000235,0.000220,0.000213,0.000202,0.000248,0.000260,0.000311,0.000231,0.000144,0.000052,0.000036,0.000090,0.000093,0.000104,0.000112,0.000107,0.000089,0.000058,0.000008,0.000035,0.000058,0.000081
621,,,,,,,,,,,,,,0.000009,0.000205,0.000101,0.000119,0.000095,0.000061,0.000055,0.000065,0.000077,0.000068,0.000089,0.000080,0.000084,0.000099,0.000092,0.000121,0.000163,0.000148,0.000144,0.000117,0.000074,0.000063,0.000044,0.000035,0.000016,0.000012,0.000041,0.000047,0.000048,0.000039,0.000032,0.000027,0.000022,0.000004,0.000031,0.000085,0.000149
622,,,,,,,,,,,,,,0.000008,0.000128,0.000065,0.000078,0.000087,0.000095,0.000137,0.000196,0.000227,0.000206,0.000212,0.000188,0.000168,0.000159,0.000163,0.000165,0.000193,0.000204,0.000181,0.000157,0.000096,0.000065,0.000050,0.000070,0.000031,0.000089,0.000057,0.000071,0.000071,0.000056,0.000046,0.000031,0.000022,0.000004,0.000022,0.000049,0.000083
623,,,,,,,,,,,,,,0.000006,0.000132,0.000081,0.000104,0.000092,0.000073,0.000071,0.000074,0.000076,0.000082,0.000087,0.000076,0.000067,0.000065,0.000071,0.000096,0.000096,0.000107,0.000129,0.000099,0.000061,0.000061,0.000056,0.000081,0.000053,0.000045,0.000155,0.000106,0.000059,0.000034,0.000022,0.000014,0.000010,0.000004,0.000023,0.000047,0.000080
624,,,,,,,,,,,,,,0.000004,0.000081,0.000171,0.000068,0.000070,0.000070,0.000075,0.000090,0.000103,0.000095,0.000121,0.000106,0.000105,0.000107,0.000120,0.000133,0.000152,0.000175,0.000221,0.000309,0.000335,0.000310,0.000258,0.000194,0.000058,0.000043,0.000124,0.000122,0.000114,0.000102,0.000105,0.000064,0.000049,0.000005,0.000023,0.000047,0.000090
625,,,,,,,,,,,,,,0.000007,0.000149,0.000082,0.000103,0.000086,0.000056,0.000049,0.000047,0.000054,0.000063,0.000081,0.000071,0.000062,0.000054,0.000041,0.000034,0.000027,0.000022,0.000029,0.000024,0.000015,0.000017,0.000028,0.000042,0.000047,0.000028,0.000153,0.000210,0.000216,0.000186,0.000153,0.000135,0.000117,0.000020,0.000056,0.000070,0.000119
626,,,,,,,,,,,,,,0.000004,0.000088,0.000072,0.000081,0.000075,0.000057,0.000067,0.000097,0.000140,0.000191,0.000198,0.000177,0.000194,0.000210,0.000159,0.000119,0.000105,0.000097,0.000086,0.000083,0.000059,0.000066,0.000064,0.000061,0.000031,0.000026,0.000089,0.000104,0.000114,0.000117,0.000114,0.000105,0.000082,0.000009,0.000048,0.000046,0.000063
627,,,,,,,,,,,,,,0.000003,0.000061,0.000043,0.000047,0.000054,0.000041,0.000050,0.000062,0.000064,0.000063,0.000068,0.000061,0.000065,0.000064,0.000055,0.000051,0.000054,0.000053,0.000055,0.000064,0.000055,0.000050,0.000035,0.000030,0.000016,0.000019,0.000055,0.000063,0.000059,0.000040,0.000029,0.000017,0.000009,0.000002,0.000016,0.000037,0.000058
628,,,,,,,,,,,,,,0.000010,0.000258,0.000136,0.000135,0.000114,0.000103,0.000098,0.000103,0.000112,0.000109,0.000156,0.000177,0.000204,0.000211,0.000175,0.000163,0.000156,0.000153,0.000133,0.000146,0.000108,0.000113,0.000096,0.000106,0.000052,0.000037,0.000113,0.000098,0.000091,0.000090,0.000094,0.000090,0.000085,0.000010,0.000022,0.000038,0.000112
629,,,,,,,,,,,,,,0.000007,0.000167,0.000100,0.000122,0.000099,0.000070,0.000063,0.000066,0.000075,0.000069,0.000069,0.000060,0.000050,0.000038,0.000044,0.000058,0.000083,0.000088,0.000073,0.000105,0.000103,0.000108,0.000079,0.000055,0.000026,0.000018,0.000057,0.000061,0.000051,0.000049,0.000051,0.000048,0.000029,0.000009,0.000094,0.000242,0.000312
630,,,,,,,,,,,,,,0.000003,0.000175,0.000236,0.000304,0.000270,0.000187,0.000165,0.000137,0.000132,0.000115,0.000109,0.000098,0.000082,0.000070,0.000056,0.000045,0.000041,0.000030,0.000029,0.000033,0.000041,0.000043,0.000042,0.000040,0.000033,0.000029,0.000057,0.000061,0.000080,0.000111,0.000113,0.000080,0.000052,0.000011,0.000021,0.000016,0.000026
631,,,,,,,,,,,,,,0.000009,0.000206,0.000107,0.000129,0.000127,0.000117,0.000096,0.000109,0.000128,0.000112,0.000132,0.000130,0.000143,0.000163,0.000186,0.000255,0.000280,0.000231,0.000194,0.000173,0.000111,0.000086,0.000073,0.000059,0.000035,0.000027,0.000084,0.000063,0.000056,0.000051,0.000046,0.000037,0.000031,0.000003,0.000018,0.000056,0.000145
632,,,,,,,,,,,,,,0.000003,0.000109,0.000089,0.000129,0.000118,0.000077,0.000070,0.000072,0.000075,0.000057,0.000053,0.000053,0.000050,0.000038,0.000031,0.000032,0.000033,0.000035,0.000036,0.000038,0.000032,0.000035,0.000032,0.000038,0.000025,0.000023,0.000087,0.000110,0.000129,0.000134,0.000125,0.000111,0.000087,0.000013,0.000021,0.000025,0.000038
633,,,,,,,,,,,,,,0.000007,0.000145,0.000101,0.000083,0.000065,0.000066,0.000063,0.000068,0.000073,0.000068,0.000063,0.000057,0.000058,0.000059,0.000062,0.000070,0.000083,0.000090,0.000088,0.000080,0.000069,0.000065,0.000056,0.000054,0.000037,0.000028,0.000043,0.000037,0.000035,0.000035,0.000045,0.000049,0.000044,0.000017,0.000065,0.000108,0.000146
634,,,,,,,,,,,,,,0.000003,0.000073,0.000053,0.000062,0.000064,0.000049,0.000051,0.000059,0.000078,0.000089,0.000109,0.000105,0.000099,0.000096,0.000099,0.000095,0.000093,0.000088,0.000102,0.000156,0.000189,0.000263,0.000202,0.000182,0.000064,0.000037,0.000131,0.000120,0.000103,0.000088,0.000092,0.000072,0.000072,0.000008,0.000016,0.000034,0.000068
635,,,,,,,,,,,,,,0.000005,0.000140,0.000101,0.000151,0.000209,0.000247,0.000305,0.000330,0.000354,0.000276,0.000252,0.000194,0.000180,0.000178,0.000148,0.000125,0.000112,0.000095,0.000089,0.000085,0.000068,0.000080,0.000097,0.000165,0.000115,0.000107,0.000515,0.000501,0.000384,0.000242,0.000181,0.000099,0.000048,0.000005,0.000026,0.000051,0.000076
636,,,,,,,,,,,,,,0.000003,0.000047,0.000031,0.000039,0.000042,0.000068,0.000114,0.000193,0.000277,0.000264,0.000285,0.000209,0.000169,0.000149,0.000122,0.000101,0.000089,0.000065,0.000051,0.000050,0.000031,0.000028,0.000023,0.000015,0.000008,0.000011,0.000026,0.000029,0.000030,0.000028,0.000029,0.000026,0.000019,0.000006,0.000058,0.000106,0.000141
637,,,,,,,,,,,,,,0.000017,0.000310,0.000174,0.000165,0.000119,0.000086,0.000083,0.000103,0.000110,0.000110,0.000135,0.000138,0.000134,0.000124,0.000122,0.000116,0.000127,0.000116,0.000103,0.000095,0.000073,0.000074,0.000064,0.000048,0.000036,0.000027,0.000030,0.000029,0.000021,0.000018,0.000020,0.000021,0.000022,0.000013,0.000038,0.000052,0.000091
638,,,,,,,,,,,,,,0.000006,0.000154,0.000099,0.000087,0.000067,0.000076,0.000092,0.000110,0.000117,0.000103,0.000092,0.000088,0.000081,0.000083,0.000093,0.000104,0.000160,0.000213,0.000246,0.000307,0.000261,0.000315,0.000362,0.000409,0.000177,0.000103,0.000348,0.000257,0.000169,0.000110,0.000067,0.000036,0.000026,0.000007,0.000020,0.000023,0.000029
639,,,,,,,,,,,,,,0.000003,0.000068,0.000046,0.000063,0.000076,0.000064,0.000064,0.000074,0.000098,0.000114,0.000144,0.000143,0.000140,0.000114,0.000092,0.000072,0.000061,0.000054,0.000052,0.000055,0.000037,0.000044,0.000051,0.000052,0.000042,0.000083,0.000088,0.000097,0.000099,0.000091,0.000086,0.000068,0.000049,0.000010,0.000043,0.000057,0.000076
640,,,,,,,,,,,,,,0.000015,0.000230,0.000126,0.000124,0.000105,0.000073,0.000073,0.000074,0.000070,0.000071,0.000056,0.000051,0.000040,0.000035,0.000035,0.000038,0.000041,0.000040,0.000034,0.000024,0.000027,0.000034,0.000030,0.000030,0.000049,0.000028,0.000036,0.000024,0.000021,0.000021,0.000019,0.000016,0.000015,0.000009,0.000033,0.000056,0.000093
641,,,,,,,,,,,,,,0.000010,0.000231,0.000142,0.000138,0.000113,0.000085,0.000087,0.000092,0.000096,0.000092,0.000102,0.000089,0.000096,0.000118,0.000141,0.000160,0.000172,0.000132,0.000114,0.000119,0.000107,0.000125,0.000119,0.000131,0.000062,0.000039,0.000108,0.000078,0.000057,0.000040,0.000026,0.000018,0.000010,0.000003,0.000021,0.000043,0.000075
642,,,,,,,,,,,,,,0.000003,0.000073,0.000052,0.000045,0.000031,0.000023,0.000021,0.000025,0.000033,0.000030,0.000032,0.000030,0.000032,0.000028,0.000025,0.000024,0.000031,0.000029,0.000028,0.000036,0.000035,0.000037,0.000036,0.000032,0.000023,0.000014,0.000031,0.000032,0.000036,0.000045,0.000055,0.000043,0.000029,0.000006,0.000023,0.000044,0.000063
643,,,,,,,,,,,,,,0.000003,0.000082,0.000069,0.000093,0.000099,0.000085,0.000072,0.000068,0.000077,0.000070,0.000077,0.000067,0.000055,0.000047,0.000045,0.000047,0.000050,0.000054,0.000050,0.000058,0.000050,0.000062,0.000061,0.000076,0.000052,0.000041,0.000176,0.000156,0.000118,0.000093,0.000078,0.000053,0.000031,0.000005,0.000019,0.000028,0.000042
644,,,,,,,,,,,,,,0.000002,0.000048,0.000034,0.000045,0.000036,0.000030,0.000033,0.000040,0.000047,0.000058,0.000060,0.000050,0.000046,0.000055,0.000047,0.000037,0.000035,0.000027,0.000027,0.000029,0.000024,0.000025,0.000018,0.000019,0.000016,0.000011,0.000020,0.000013,0.000011,0.000011,0.000011,0.000008,0.000008,0.000004,0.000015,0.000025,0.000036
645,,,,,,,,,,,,,,0.000005,0.000068,0.000041,0.000053,0.000047,0.000044,0.000050,0.000058,0.000064,0.000077,0.000092,0.000094,0.000103,0.000107,0.000092,0.000073,0.000073,0.000058,0.000053,0.000057,0.000049,0.000068,0.000092,0.000106,0.000054,0.000049,0.000193,0.000182,0.000130,0.000090,0.000074,0.000053,0.000037,0.000005,0.000021,0.000049,0.000100
646,,,,,,,,,,,,,,0.000003,0.000046,0.000037,0.000037,0.000043,0.000067,0.000132,0.000222,0.000259,0.000248,0.000248,0.000187,0.000147,0.000114,0.000087,0.000067,0.000067,0.000058,0.000043,0.000046,0.000039,0.000041,0.000029,0.000030,0.000019,0.000016,0.000032,0.000029,0.000028,0.000025,0.000020,0.000019,0.000017,0.000005,0.000022,0.000033,0.000050
647,,,,,,,,,,,,,,0.000004,0.000084,0.000069,0.000121,0.000128,0.000200,0.000270,0.000318,0.000262,0.000193,0.000165,0.000134,0.000119,0.000102,0.000101,0.000142,0.000193,0.000245,0.000287,0.000254,0.000142,0.000102,0.000079,0.000081,0.000044,0.000033,0.000134,0.000147,0.000158,0.000188,0.000166,0.000112,0.000066,0.000006,0.000028,0.000044,0.000064
648,,,,,,,,,,,,,,0.000004,0.000075,0.000043,0.000046,0.000040,0.000032,0.000040,0.000052,0.000068,0.000052,0.000066,0.000070,0.000067,0.000055,0.000044,0.000037,0.000044,0.000051,0.000063,0.000085,0.000101,0.000184,0.000252,0.000326,0.000142,0.000101,0.000401,0.000309,0.000205,0.000133,0.000101,0.000077,0.000056,0.000012,0.000060,0.000107,0.000178
649,,,,,,,,,,,,,,0.000006,0.000148,0.000084,0.000100,0.000082,0.000067,0.000067,0.000080,0.000090,0.000077,0.000101,0.000104,0.000100,0.000086,0.000083,0.000085,0.000095,0.000095,0.000111,0.000158,0.000174,0.000226,0.000193,0.000155,0.000069,0.000042,0.000103,0.000104,0.000104,0.000092,0.000081,0.000064,0.000048,0.000004,0.000025,0.000044,0.000075
650,,,,,,,,,,,,,,0.000006,0.000109,0.000093,0.000140,0.000124,0.000109,0.000118,0.000121,0.000128,0.000108,0.000118,0.000108,0.000113,0.000107,0.000104,0.000103,0.000101,0.000092,0.000084,0.000083,0.000066,0.000076,0.000074,0.000078,0.000026,0.000017,0.000070,0.000077,0.000070,0.000061,0.000061,0.000048,0.000037,0.000004,0.000030,0.000096,0.000181
651,,,,,,,,,,,,,,0.000004,0.000086,0.000061,0.000056,0.000041,0.000039,0.000053,0.000103,0.000149,0.000180,0.000240,0.000272,0.000313,0.000370,0.000397,0.000445,0.000486,0.000419,0.000290,0.000194,0.000114,0.000090,0.000070,0.000040,0.000029,0.000017,0.000018,0.000011,0.000013,0.000013,0.000018,0.000020,0.000020,0.000009,0.000032,0.000058,0.000115
652,,,,,,,,,,,,,,0.000004,0.000075,0.000035,0.000033,0.000037,0.000038,0.000044,0.000057,0.000059,0.000080,0.000077,0.000066,0.000059,0.000063,0.000060,0.000068,0.000103,0.000090,0.000081,0.000080,0.000051,0.000046,0.000044,0.000052,0.000091,0.000030,0.000079,0.000069,0.000062,0.000064,0.000061,0.000044,0.000028,0.000004,0.000021,0.000048,0.000089
653,,,,,,,,,,,,,,0.000003,0.000052,0.000054,0.000076,0.000139,0.000254,0.000432,0.000600,0.000675,0.000659,0.000746,0.000664,0.000630,0.000584,0.000532,0.000519,0.000500,0.000442,0.000355,0.000285,0.000155,0.000116,0.000087,0.000065,0.000026,0.000021,0.000047,0.000063,0.000070,0.000073,0.000065,0.000045,0.000027,0.000006,0.000034,0.000057,0.000090
654,,,,,,,,,,,,,,0.000006,0.000105,0.000064,0.000085,0.000110,0.000101,0.000089,0.000088,0.000096,0.000081,0.000067,0.000059,0.000069,0.000075,0.000061,0.000068,0.000091,0.000100,0.000107,0.000133,0.000131,0.000126,0.000113,0.000091,0.000052,0.000029,0.000081,0.000079,0.000067,0.000058,0.000049,0.000036,0.000028,0.000004,0.000024,0.000057,0.000125
655,,,,,,,,,,,,,,0.000011,0.000135,0.000061,0.000049,0.000052,0.000045,0.000056,0.000073,0.000079,0.000064,0.000076,0.000063,0.000054,0.000053,0.000052,0.000055,0.000048,0.000040,0.000044,0.000044,0.000026,0.000036,0.000034,0.000033,0.000020,0.000018,0.000048,0.000052,0.000067,0.000081,0.000102,0.000106,0.000084,0.000018,0.000085,0.000101,0.000157
656,,,,,,,,,,,,,,0.000004,0.000170,0.000177,0.000274,0.000303,0.000302,0.000292,0.000294,0.000258,0.000199,0.000187,0.000165,0.000139,0.000130,0.000122,0.000125,0.000128,0.000120,0.000127,0.000111,0.000089,0.000082,0.000077,0.000091,0.000041,0.000039,0.000160,0.000207,0.000231,0.000206,0.000174,0.000146,0.000115,0.000017,0.000064,0.000075,0.000080
657,,,,,,,,,,,,,,0.000004,0.000068,0.000042,0.000050,0.000050,0.000046,0.000062,0.000071,0.000074,0.000074,0.000083,0.000075,0.000072,0.000067,0.000065,0.000063,0.000064,0.000058,0.000060,0.000058,0.000040,0.000040,0.000034,0.000040,0.000022,0.000016,0.000037,0.000034,0.000030,0.000021,0.000017,0.000018,0.000013,0.000003,0.000017,0.000029,0.000058
658,,,,,,,,,,,,,,0.000013,0.000272,0.000203,0.000135,0.000107,0.000084,0.000100,0.000122,0.000138,0.000132,0.000137,0.000103,0.000075,0.000074,0.000066,0.000053,0.000053,0.000056,0.000050,0.000054,0.000042,0.000051,0.000045,0.000052,0.000032,0.000026,0.000049,0.000045,0.000039,0.000037,0.000037,0.000031,0.000024,0.000008,0.000023,0.000039,0.000061
659,,,,,,,,,,,,,,0.000002,0.000052,0.000036,0.000041,0.000046,0.000048,0.000063,0.000077,0.000089,0.000082,0.000087,0.000093,0.000092,0.000099,0.000091,0.000098,0.000101,0.000098,0.000088,0.000083,0.000062,0.000065,0.000068,0.000077,0.000049,0.000051,0.000291,0.000414,0.000463,0.000399,0.000324,0.000220,0.000123,0.000013,0.000029,0.000042,0.000066
660,,,,,,,,,,,,,,0.000003,0.000096,0.000090,0.000153,0.000210,0.000197,0.000145,0.000128,0.000116,0.000111,0.000089,0.000070,0.000064,0.000059,0.000044,0.000050,0.000059,0.000060,0.000054,0.000056,0.000044,0.000038,0.000027,0.000030,0.000017,0.000016,0.000078,0.000086,0.000069,0.000046,0.000046,0.000042,0.000042,0.000012,0.000040,0.000086,0.000119
661,,,,,,,,,,,,,,0.000003,0.000079,0.000066,0.000039,0.000037,0.000027,0.000030,0.000045,0.000051,0.000042,0.000049,0.000045,0.000038,0.000031,0.000040,0.000037,0.000038,0.000043,0.000056,0.000070,0.000053,0.000056,0.000060,0.000062,0.000067,0.000049,0.000070,0.000074,0.000071,0.000073,0.000077,0.000065,0.000059,0.000016,0.000031,0.000056,0.000083
662,,,,,,,,,,,,,,0.000007,0.000120,0.000056,0.000059,0.000062,0.000056,0.000056,0.000067,0.000068,0.000051,0.000042,0.000030,0.000025,0.000027,0.000033,0.000025,0.000034,0.000038,0.000048,0.000063,0.000059,0.000062,0.000063,0.000069,0.000032,0.000027,0.000111,0.000132,0.000114,0.000083,0.000065,0.000043,0.000030,0.000005,0.000017,0.000038,0.000077
663,,,,,,,,,,,,,,0.000008,0.000073,0.000035,0.000035,0.000037,0.000031,0.000038,0.000054,0.000069,0.000070,0.000071,0.000060,0.000075,0.000071,0.000074,0.000078,0.000077,0.000074,0.000065,0.000068,0.000059,0.000062,0.000059,0.000058,0.000023,0.000018,0.000061,0.000057,0.000051,0.000039,0.000030,0.000022,0.000022,0.000005,0.000079,0.000282,0.000500
664,,,,,,,,,,,,,,0.000003,0.000064,0.000052,0.000073,0.000144,0.000257,0.000403,0.000523,0.000517,0.000418,0.000418,0.000342,0.000270,0.000215,0.000172,0.000146,0.000137,0.000105,0.000082,0.000071,0.000055,0.000057,0.000075,0.000077,0.000024,0.000016,0.000043,0.000042,0.000042,0.000036,0.000031,0.000024,0.000019,0.000002,0.000013,0.000034,0.000064
665,,,,,,,,,,,,,,0.000006,0.000129,0.000095,0.000098,0.000100,0.000084,0.000084,0.000092,0.000103,0.000108,0.000125,0.000114,0.000108,0.000105,0.000091,0.000086,0.000096,0.000103,0.000110,0.000102,0.000070,0.000071,0.000066,0.000073,0.000035,0.000031,0.000119,0.000118,0.000102,0.000086,0.000075,0.000061,0.000047,0.000006,0.000028,0.000066,0.000131
666,,,,,,,,,,,,,,0.000006,0.000111,0.000064,0.000066,0.000053,0.000041,0.000035,0.000037,0.000038,0.000040,0.000046,0.000056,0.000049,0.000043,0.000048,0.000050,0.000054,0.000052,0.000048,0.000046,0.000026,0.000036,0.000039,0.000042,0.000049,0.000037,0.000045,0.000035,0.000034,0.000030,0.000032,0.000027,0.000029,0.000015,0.000046,0.000062,0.000073
667,,,,,,,,,,,,,,0.000010,0.000187,0.000143,0.000147,0.000128,0.000143,0.000176,0.000209,0.000224,0.000232,0.000208,0.000151,0.000122,0.000104,0.000085,0.000068,0.000060,0.000059,0.000046,0.000057,0.000068,0.000129,0.000166,0.000145,0.000037,0.000019,0.000050,0.000049,0.000042,0.000042,0.000048,0.000036,0.000027,0.000005,0.000021,0.000047,0.000092
668,,,,,,,,,,,,,,0.000013,0.000203,0.000110,0.000111,0.000115,0.000106,0.000105,0.000108,0.000102,0.000087,0.000088,0.000073,0.000066,0.000064,0.000055,0.000048,0.000055,0.000059,0.000061,0.000066,0.000047,0.000061,0.000053,0.000054,0.000023,0.000020,0.000049,0.000038,0.000028,0.000024,0.000020,0.000013,0.000012,0.000003,0.000012,0.000040,0.000108
669,,,,,,,,,,,,,,0.000009,0.000225,0.000166,0.000217,0.000246,0.000199,0.000188,0.000183,0.000157,0.000162,0.000142,0.000115,0.000098,0.000096,0.000079,0.000078,0.000087,0.000075,0.000065,0.000052,0.000038,0.000047,0.000045,0.000049,0.000028,0.000023,0.000043,0.000037,0.000028,0.000020,0.000023,0.000017,0.000014,0.000006,0.000021,0.000027,0.000046
670,,,,,,,,,,,,,,0.000005,0.000129,0.000061,0.000055,0.000049,0.000052,0.000061,0.000074,0.000086,0.000070,0.000080,0.000074,0.000075,0.000072,0.000071,0.000072,0.000069,0.000066,0.000062,0.000062,0.000058,0.000050,0.000038,0.000041,0.000031,0.000025,0.000042,0.000044,0.000044,0.000043,0.000052,0.000050,0.000038,0.000008,0.000037,0.000073,0.000112
671,,,,,,,,,,,,,,0.000007,0.000175,0.000104,0.000107,0.000096,0.000096,0.000101,0.000131,0.000152,0.000164,0.000235,0.000249,0.000292,0.000329,0.000318,0.000321,0.000255,0.000193,0.000175,0.000150,0.000099,0.000096,0.000100,0.000105,0.000058,0.000044,0.000116,0.000106,0.000088,0.000062,0.000049,0.000037,0.000028,0.000005,0.000044,0.000116,0.000152
672,,,,,,,,,,,,,,0.000006,0.000091,0.000058,0.000055,0.000044,0.000028,0.000026,0.000031,0.000039,0.000040,0.000044,0.000038,0.000031,0.000038,0.000046,0.000058,0.000084,0.000095,0.000098,0.000110,0.000075,0.000056,0.000044,0.000036,0.000023,0.000018,0.000037,0.000037,0.000036,0.000037,0.000039,0.000038,0.000027,0.000007,0.000034,0.000055,0.000085
673,,,,,,,,,,,,,,0.000010,0.000232,0.000120,0.000158,0.000127,0.000089,0.000074,0.000077,0.000082,0.000083,0.000092,0.000100,0.000096,0.000112,0.000126,0.000137,0.000168,0.000188,0.000198,0.000176,0.000138,0.000122,0.000105,0.000108,0.000048,0.000030,0.000047,0.000037,0.000032,0.000022,0.000016,0.000015,0.000012,0.000006,0.000028,0.000063,0.000149
674,,,,,,,,,,,,,,0.000008,0.000170,0.000087,0.000085,0.000068,0.000052,0.000048,0.000056,0.000060,0.000052,0.000053,0.000046,0.000041,0.000032,0.000025,0.000025,0.000030,0.000032,0.000039,0.000043,0.000049,0.000047,0.000040,0.000030,0.000014,0.000011,0.000023,0.000017,0.000019,0.000020,0.000025,0.000022,0.000019,0.000006,0.000022,0.000037,0.000060
675,,,,,,,,,,,,,,0.000003,0.000071,0.000044,0.000054,0.000069,0.000074,0.000095,0.000128,0.000158,0.000141,0.000134,0.000102,0.000096,0.000076,0.000056,0.000055,0.000051,0.000047,0.000045,0.000051,0.000046,0.000049,0.000038,0.000040,0.000018,0.000019,0.000055,0.000056,0.000065,0.000087,0.000099,0.000108,0.000092,0.000011,0.000035,0.000044,0.000062
676,,,,,,,,,,,,,,0.000003,0.000060,0.000043,0.000056,0.000072,0.000102,0.000145,0.000201,0.000223,0.000197,0.000183,0.000118,0.000091,0.000070,0.000053,0.000035,0.000031,0.000027,0.000032,0.000029,0.000022,0.000023,0.000021,0.000022,0.000019,0.000020,0.000080,0.000105,0.000112,0.000090,0.000074,0.000050,0.000033,0.000005,0.000032,0.000043,0.000070
677,,,,,,,,,,,,,,0.000012,0.000226,0.000130,0.000121,0.000119,0.000094,0.000092,0.000084,0.000086,0.000067,0.000084,0.000074,0.000069,0.000066,0.000064,0.000073,0.000092,0.000104,0.000106,0.000095,0.000051,0.000049,0.000046,0.000046,0.000020,0.000013,0.000047,0.000063,0.000076,0.000085,0.000079,0.000063,0.000051,0.000003,0.000024,0.000058,0.000130
678,,,,,,,,,,,,,,0.000004,0.000091,0.000051,0.000064,0.000065,0.000060,0.000063,0.000066,0.000074,0.000083,0.000086,0.000082,0.000102,0.000123,0.000159,0.000206,0.000224,0.000165,0.000113,0.000082,0.000055,0.000040,0.000034,0.000037,0.000029,0.000019,0.000053,0.000064,0.000084,0.000078,0.000083,0.000065,0.000055,0.000007,0.000031,0.000078,0.000109
679,,,,,,,,,,,,,,0.000003,0.000050,0.000034,0.000031,0.000029,0.000027,0.000032,0.000060,0.000084,0.000098,0.000128,0.000120,0.000104,0.000096,0.000108,0.000130,0.000164,0.000186,0.000170,0.000164,0.000120,0.000163,0.000166,0.000186,0.000059,0.000036,0.000075,0.000046,0.000033,0.000027,0.000029,0.000022,0.000016,0.000006,0.000028,0.000064,0.000084
680,,,,,,,,,,,,,,0.000002,0.000041,0.000035,0.000050,0.000065,0.000094,0.000103,0.000152,0.000203,0.000198,0.000200,0.000149,0.000157,0.000208,0.000225,0.000201,0.000177,0.000123,0.000091,0.000075,0.000065,0.000046,0.000041,0.000040,0.000018,0.000015,0.000048,0.000048,0.000044,0.000040,0.000032,0.000025,0.000021,0.000003,0.000011,0.000023,0.000039
681,,,,,,,,,,,,,,0.000005,0.000110,0.000060,0.000101,0.000110,0.000108,0.000108,0.000111,0.000099,0.000088,0.000084,0.000072,0.000065,0.000054,0.000070,0.000091,0.000088,0.000082,0.000077,0.000088,0.000082,0.000084,0.000072,0.000068,0.000027,0.000023,0.000074,0.000076,0.000082,0.000078,0.000073,0.000063,0.000065,0.000009,0.000054,0.000164,0.000174
682,,,,,,,,,,,,,,0.000009,0.000200,0.000110,0.000119,0.000102,0.000077,0.000074,0.000078,0.000082,0.000082,0.000077,0.000071,0.000060,0.000046,0.000045,0.000062,0.000104,0.000173,0.000238,0.000273,0.000195,0.000152,0.000106,0.000083,0.000036,0.000029,0.000106,0.000109,0.000085,0.000052,0.000033,0.000026,0.000018,0.000004,0.000015,0.000024,0.000062
683,,,,,,,,,,,,,,0.000015,0.000325,0.000164,0.000205,0.000197,0.000140,0.000149,0.000150,0.000147,0.000111,0.000110,0.000090,0.000091,0.000089,0.000070,0.000061,0.000070,0.000064,0.000063,0.000075,0.000063,0.000069,0.000050,0.000055,0.000026,0.000020,0.000040,0.000049,0.000049,0.000053,0.000053,0.000043,0.000041,0.000004,0.000016,0.000036,0.000101
684,,,,,,,,,,,,,,0.000004,0.000071,0.000050,0.000072,0.000086,0.000080,0.000098,0.000117,0.000127,0.000113,0.000124,0.000107,0.000108,0.000102,0.000095,0.000090,0.000088,0.000094,0.000128,0.000163,0.000127,0.000117,0.000105,0.000094,0.000030,0.000033,0.000084,0.000086,0.000088,0.000080,0.000075,0.000054,0.000044,0.000003,0.000023,0.000049,0.000084
685,,,,,,,,,,,,,,0.000003,0.000055,0.000039,0.000060,0.000058,0.000054,0.000061,0.000063,0.000062,0.000062,0.000066,0.000068,0.000073,0.000100,0.000132,0.000186,0.000301,0.000412,0.000467,0.000483,0.000308,0.000227,0.000140,0.000099,0.000043,0.000024,0.000037,0.000025,0.000025,0.000030,0.000037,0.000041,0.000038,0.000010,0.000037,0.000059,0.000083
686,,,,,,,,,,,,,,0.000012,0.000336,0.000134,0.000135,0.000136,0.000093,0.000102,0.000116,0.000133,0.000135,0.000169,0.000122,0.000115,0.000111,0.000107,0.000107,0.000116,0.000100,0.000092,0.000092,0.000071,0.000095,0.000087,0.000095,0.000047,0.000035,0.000084,0.000087,0.000097,0.000099,0.000094,0.000070,0.000052,0.000008,0.000035,0.000087,0.000161
687,,,,,,,,,,,,,,0.000002,0.000050,0.000038,0.000036,0.000030,0.000025,0.000020,0.000021,0.000026,0.000029,0.000035,0.000026,0.000021,0.000026,0.000025,0.000022,0.000020,0.000019,0.000021,0.000026,0.000021,0.000025,0.000027,0.000029,0.000032,0.000017,0.000044,0.000051,0.000060,0.000063,0.000056,0.000049,0.000033,0.000006,0.000027,0.000045,0.000073
688,,,,,,,,,,,,,,0.000014,0.000224,0.000095,0.000095,0.000076,0.000066,0.000075,0.000095,0.000128,0.000127,0.000139,0.000155,0.000181,0.000264,0.000351,0.000399,0.000451,0.000449,0.000331,0.000216,0.000131,0.000098,0.000059,0.000043,0.000033,0.000032,0.000031,0.000032,0.000036,0.000020,0.000036,0.000049,0.000057,0.000028,0.000166,0.000391,0.000585
689,,,,,,,,,,,,,,0.000007,0.000188,0.000119,0.000122,0.000152,0.000189,0.000248,0.000332,0.000395,0.000340,0.000351,0.000282,0.000239,0.000202,0.000171,0.000145,0.000146,0.000131,0.000106,0.000078,0.000049,0.000038,0.000037,0.000036,0.000026,0.000039,0.000124,0.000140,0.000106,0.000083,0.000067,0.000046,0.000029,0.000006,0.000029,0.000047,0.000064
690,,,,,,,,,,,,,,0.000007,0.000170,0.000087,0.000096,0.000083,0.000051,0.000049,0.000058,0.000054,0.000046,0.000048,0.000046,0.000040,0.000028,0.000041,0.000043,0.000040,0.000035,0.000047,0.000055,0.000052,0.000054,0.000039,0.000040,0.000047,0.000030,0.000045,0.000043,0.000052,0.000071,0.000082,0.000078,0.000048,0.000011,0.000039,0.000071,0.000090
691,,,,,,,,,,,,,,0.000015,0.000369,0.000195,0.000179,0.000149,0.000094,0.000083,0.000090,0.000096,0.000082,0.000105,0.000096,0.000111,0.000112,0.000130,0.000140,0.000163,0.000151,0.000131,0.000128,0.000097,0.000086,0.000082,0.000080,0.000028,0.000020,0.000075,0.000081,0.000078,0.000073,0.000065,0.000061,0.000050,0.000007,0.000046,0.000080,0.000192
692,,,,,,,,,,,,,,0.000005,0.000081,0.000054,0.000049,0.000042,0.000035,0.000047,0.000065,0.000084,0.000096,0.000134,0.000170,0.000218,0.000280,0.000322,0.000338,0.000398,0.000404,0.000404,0.000381,0.000258,0.000224,0.000165,0.000147,0.000053,0.000037,0.000152,0.000149,0.000123,0.000085,0.000063,0.000039,0.000023,0.000003,0.000020,0.000044,0.000081
693,,,,,,,,,,,,,,0.000001,0.000026,0.000033,0.000028,0.000023,0.000019,0.000027,0.000041,0.000064,0.000078,0.000115,0.000103,0.000109,0.000110,0.000111,0.000098,0.000083,0.000086,0.000115,0.000139,0.000144,0.000129,0.000154,0.000117,0.000044,0.000033,0.000064,0.000057,0.000055,0.000055,0.000049,0.000042,0.000033,0.000008,0.000022,0.000027,0.000044
694,,,,,,,,,,,,,,0.000003,0.000056,0.000037,0.000036,0.000045,0.000053,0.000051,0.000061,0.000073,0.000063,0.000072,0.000066,0.000062,0.000062,0.000057,0.000059,0.000062,0.000055,0.000052,0.000058,0.000052,0.000053,0.000057,0.000055,0.000024,0.000020,0.000059,0.000065,0.000073,0.000076,0.000073,0.000066,0.000058,0.000007,0.000038,0.000090,0.000142
695,,,,,,,,,,,,,,0.000003,0.000063,0.000067,0.000096,0.000125,0.000122,0.000141,0.000178,0.000223,0.000239,0.000304,0.000267,0.000267,0.000258,0.000232,0.000236,0.000228,0.000206,0.000191,0.000195,0.000140,0.000131,0.000111,0.000115,0.000042,0.000031,0.000116,0.000122,0.000122,0.000107,0.000091,0.000071,0.000049,0.000005,0.000016,0.000031,0.000059
696,,,,,,,,,,,,,,0.000008,0.000193,0.000125,0.000154,0.000134,0.000112,0.000122,0.000140,0.000142,0.000128,0.000173,0.000140,0.000120,0.000108,0.000094,0.000079,0.000077,0.000065,0.000038,0.000048,0.000044,0.000047,0.000043,0.000060,0.000025,0.000023,0.000071,0.000090,0.000106,0.000102,0.000093,0.000079,0.000063,0.000009,0.000061,0.000139,0.000206
697,,,,,,,,,,,,,,0.000006,0.000191,0.000110,0.000128,0.000128,0.000107,0.000105,0.000106,0.000104,0.000087,0.000087,0.000078,0.000078,0.000083,0.000092,0.000122,0.000170,0.000180,0.000201,0.000195,0.000122,0.000090,0.000087,0.000140,0.000064,0.000027,0.000039,0.000029,0.000020,0.000011,0.000008,0.000011,0.000009,0.000004,0.000015,0.000026,0.000046
698,,,,,,,,,,,,,,0.000012,0.000337,0.000218,0.000169,0.000122,0.000087,0.000078,0.000067,0.000068,0.000056,0.000058,0.000046,0.000044,0.000047,0.000040,0.000035,0.000041,0.000035,0.000041,0.000051,0.000050,0.000050,0.000036,0.000032,0.000027,0.000028,0.000023,0.000016,0.000012,0.000014,0.000016,0.000016,0.000013,0.000005,0.000018,0.000033,0.000060
699,,,,,,,,,,,,,,0.000004,0.000073,0.000039,0.000048,0.000049,0.000038,0.000049,0.000055,0.000060,0.000056,0.000066,0.000069,0.000071,0.000073,0.000065,0.000059,0.000063,0.000083,0.000129,0.000206,0.000243,0.000317,0.000290,0.000277,0.000083,0.000047,0.000172,0.000138,0.000104,0.000075,0.000050,0.000030,0.000019,0.000002,0.000019,0.000043,0.000077
700,,,,,,,,,,,,,,0.000002,0.000043,0.000032,0.000032,0.000034,0.000031,0.000030,0.000035,0.000046,0.000042,0.000045,0.000049,0.000046,0.000040,0.000045,0.000049,0.000054,0.000075,0.000113,0.000192,0.000236,0.000323,0.000268,0.000211,0.000079,0.000042,0.000118,0.000092,0.000067,0.000047,0.000033,0.000021,0.000014,0.000005,0.000018,0.000023,0.000044
701,,,,,,,,,,,,,,0.000004,0.000106,0.000088,0.000074,0.000042,0.000033,0.000040,0.000052,0.000073,0.000077,0.000135,0.000142,0.000180,0.000172,0.000140,0.000110,0.000089,0.000080,0.000087,0.000101,0.000083,0.000081,0.000075,0.000069,0.000054,0.000049,0.000083,0.000085,0.000086,0.000094,0.000102,0.000105,0.000115,0.000043,0.000081,0.000098,0.000113
702,,,,,,,,,,,,,,0.000008,0.000245,0.000141,0.000171,0.000152,0.000112,0.000118,0.000129,0.000120,0.000098,0.000095,0.000073,0.000059,0.000046,0.000037,0.000035,0.000032,0.000029,0.000032,0.000033,0.000034,0.000037,0.000034,0.000035,0.000020,0.000015,0.000039,0.000036,0.000040,0.000037,0.000036,0.000040,0.000029,0.000004,0.000024,0.000053,0.000093
703,,,,,,,,,,,,,,0.000008,0.000115,0.000077,0.000081,0.000081,0.000072,0.000081,0.000096,0.000102,0.000089,0.000088,0.000083,0.000079,0.000073,0.000075,0.000075,0.000076,0.000073,0.000075,0.000078,0.000054,0.000053,0.000044,0.000041,0.000013,0.000015,0.000056,0.000062,0.000065,0.000055,0.000046,0.000033,0.000024,0.000003,0.000020,0.000063,0.000160
704,,,,,,,,,,,,,,0.000005,0.000086,0.000043,0.000049,0.000042,0.000039,0.000052,0.000061,0.000117,0.000114,0.000119,0.000103,0.000098,0.000104,0.000108,0.000085,0.000068,0.000058,0.000046,0.000042,0.000039,0.000051,0.000060,0.000070,0.000034,0.000025,0.000103,0.000088,0.000068,0.000056,0.000044,0.000034,0.000027,0.000004,0.000028,0.000062,0.000124
705,,,,,,,,,,,,,,0.000009,0.000188,0.000104,0.000117,0.000109,0.000093,0.000088,0.000093,0.000096,0.000088,0.000085,0.000084,0.000082,0.000071,0.000062,0.000072,0.000100,0.000132,0.000149,0.000204,0.000208,0.000244,0.000220,0.000190,0.000059,0.000033,0.000077,0.000055,0.000042,0.000032,0.000020,0.000017,0.000011,0.000004,0.000031,0.000098,0.000211
706,,,,,,,,,,,,,,0.000004,0.000092,0.000071,0.000089,0.000091,0.000085,0.000106,0.000167,0.000253,0.000298,0.000381,0.000416,0.000457,0.000478,0.000486,0.000513,0.000496,0.000440,0.000345,0.000303,0.000196,0.000164,0.000131,0.000112,0.000046,0.000028,0.000090,0.000085,0.000080,0.000064,0.000051,0.000038,0.000025,0.000003,0.000016,0.000039,0.000068
707,,,,,,,,,,,,,,0.000002,0.000038,0.000041,0.000082,0.000067,0.000062,0.000073,0.000076,0.000077,0.000068,0.000072,0.000061,0.000051,0.000041,0.000030,0.000025,0.000026,0.000025,0.000027,0.000024,0.000017,0.000023,0.000027,0.000032,0.000015,0.000014,0.000053,0.000057,0.000056,0.000058,0.000062,0.000058,0.000053,0.000007,0.000030,0.000042,0.000055
708,,,,,,,,,,,,,,0.000009,0.000239,0.000121,0.000141,0.000146,0.000139,0.000175,0.000233,0.000291,0.000283,0.000390,0.000397,0.000403,0.000399,0.000396,0.000332,0.000263,0.000177,0.000165,0.000157,0.000119,0.000104,0.000084,0.000086,0.000035,0.000026,0.000099,0.000095,0.000088,0.000076,0.000061,0.000045,0.000032,0.000003,0.000024,0.000062,0.000121
709,,,,,,,,,,,,,,0.000008,0.000140,0.000064,0.000066,0.000062,0.000050,0.000054,0.000049,0.000037,0.000039,0.000042,0.000046,0.000033,0.000033,0.000038,0.000049,0.000055,0.000051,0.000056,0.000058,0.000054,0.000059,0.000087,0.000145,0.000058,0.000042,0.000111,0.000079,0.000049,0.000037,0.000034,0.000029,0.000025,0.000007,0.000031,0.000068,0.000114
710,,,,,,,,,,,,,,0.000006,0.000101,0.000052,0.000055,0.000056,0.000048,0.000060,0.000069,0.000086,0.000066,0.000081,0.000081,0.000076,0.000084,0.000072,0.000078,0.000082,0.000086,0.000097,0.000114,0.000116,0.000122,0.000095,0.000088,0.000028,0.000032,0.000064,0.000070,0.000073,0.000081,0.000105,0.000122,0.000122,0.000023,0.000078,0.000135,0.000317
711,,,,,,,,,,,,,,0.000003,0.000076,0.000036,0.000030,0.000029,0.000034,0.000080,0.000183,0.000324,0.000421,0.000554,0.000610,0.000661,0.000701,0.000715,0.000724,0.000712,0.000586,0.000467,0.000394,0.000243,0.000193,0.000145,0.000134,0.000052,0.000032,0.000101,0.000091,0.000083,0.000070,0.000058,0.000050,0.000038,0.000005,0.000017,0.000056,0.000086
712,,,,,,,,,,,,,,0.000003,0.000091,0.000073,0.000114,0.000136,0.000120,0.000111,0.000120,0.000119,0.000085,0.000081,0.000057,0.000052,0.000042,0.000041,0.000032,0.000030,0.000036,0.000066,0.000081,0.000069,0.000068,0.000061,0.000064,0.000025,0.000023,0.000062,0.000056,0.000053,0.000044,0.000041,0.000034,0.000029,0.000007,0.000038,0.000075,0.000113
713,,,,,,,,,,,,,,0.000006,0.000169,0.000137,0.000236,0.000311,0.000268,0.000297,0.000312,0.000281,0.000237,0.000281,0.000247,0.000213,0.000181,0.000149,0.000110,0.000115,0.000126,0.000155,0.000185,0.000117,0.000089,0.000074,0.000084,0.000037,0.000032,0.000095,0.000091,0.000078,0.000059,0.000059,0.000044,0.000032,0.000005,0.000017,0.000044,0.000076
714,,,,,,,,,,,,,,0.000004,0.000057,0.000034,0.000045,0.000049,0.000045,0.000045,0.000059,0.000068,0.000062,0.000071,0.000058,0.000056,0.000055,0.000057,0.000056,0.000064,0.000069,0.000083,0.000091,0.000086,0.000079,0.000068,0.000062,0.000026,0.000023,0.000106,0.000171,0.000221,0.000221,0.000216,0.000181,0.000148,0.000014,0.000037,0.000074,0.000107
715,,,,,,,,,,,,,,0.000004,0.000065,0.000084,0.000103,0.000120,0.000124,0.000138,0.000174,0.000195,0.000158,0.000165,0.000128,0.000127,0.000125,0.000145,0.000148,0.000154,0.000161,0.000144,0.000123,0.000085,0.000067,0.000051,0.000039,0.000031,0.000035,0.000041,0.000044,0.000057,0.000081,0.000105,0.000108,0.000112,0.000021,0.000047,0.000086,0.000126
716,,,,,,,,,,,,,,0.000013,0.000291,0.000174,0.000161,0.000153,0.000128,0.000142,0.000157,0.000172,0.000151,0.000138,0.000117,0.000104,0.000091,0.000083,0.000091,0.000101,0.000102,0.000129,0.000175,0.000160,0.000160,0.000135,0.000129,0.000051,0.000036,0.000091,0.000059,0.000037,0.000024,0.000021,0.000016,0.000018,0.000008,0.000039,0.000069,0.000101
717,,,,,,,,,,,,,,0.000009,0.000127,0.000069,0.000077,0.000058,0.000041,0.000040,0.000038,0.000043,0.000048,0.000061,0.000061,0.000061,0.000066,0.000059,0.000068,0.000073,0.000078,0.000090,0.000122,0.000105,0.000078,0.000048,0.000048,0.000033,0.000019,0.000035,0.000034,0.000039,0.000051,0.000068,0.000069,0.000082,0.000014,0.000092,0.000197,0.000221
718,,,,,,,,,,,,,,0.000008,0.000204,0.000116,0.000120,0.000110,0.000095,0.000106,0.000128,0.000139,0.000118,0.000137,0.000110,0.000110,0.000108,0.000091,0.000079,0.000084,0.000081,0.000075,0.000072,0.000051,0.000044,0.000034,0.000032,0.000016,0.000017,0.000048,0.000053,0.000052,0.000038,0.000030,0.000026,0.000023,0.000003,0.000027,0.000061,0.000096
719,,,,,,,,,,,,,,0.000007,0.000109,0.000068,0.000069,0.000078,0.000064,0.000065,0.000075,0.000072,0.000070,0.000083,0.000090,0.000110,0.000150,0.000182,0.000194,0.000182,0.000132,0.000114,0.000109,0.000072,0.000060,0.000046,0.000043,0.000022,0.000016,0.000050,0.000054,0.000054,0.000049,0.000045,0.000033,0.000027,0.000003,0.000012,0.000045,0.000139
720,,,,,,,,,,,,,,0.000005,0.000119,0.000075,0.000082,0.000087,0.000073,0.000077,0.000103,0.000153,0.000244,0.000215,0.000195,0.000209,0.000232,0.000201,0.000156,0.000156,0.000137,0.000132,0.000114,0.000088,0.000079,0.000049,0.000047,0.000020,0.000017,0.000038,0.000037,0.000026,0.000020,0.000019,0.000015,0.000013,0.000009,0.000030,0.000052,0.000074
721,,,,,,,,,,,,,,0.000004,0.000068,0.000055,0.000070,0.000095,0.000143,0.000297,0.000513,0.000646,0.000612,0.000676,0.000611,0.000473,0.000344,0.000239,0.000194,0.000173,0.000138,0.000104,0.000083,0.000065,0.000075,0.000063,0.000057,0.000028,0.000050,0.000071,0.000061,0.000059,0.000064,0.000050,0.000038,0.000031,0.000006,0.000019,0.000033,0.000052
722,,,,,,,,,,,,,,0.000009,0.000181,0.000122,0.000128,0.000096,0.000086,0.000102,0.000132,0.000171,0.000202,0.000227,0.000220,0.000224,0.000220,0.000206,0.000195,0.000208,0.000197,0.000196,0.000250,0.000222,0.000221,0.000142,0.000088,0.000027,0.000019,0.000051,0.000047,0.000041,0.000031,0.000021,0.000015,0.000012,0.000003,0.000019,0.000079,0.000203
723,,,,,,,,,,,,,,0.000015,0.000199,0.000115,0.000115,0.000116,0.000095,0.000113,0.000120,0.000122,0.000111,0.000125,0.000112,0.000105,0.000094,0.000101,0.000102,0.000109,0.000088,0.000067,0.000060,0.000046,0.000050,0.000044,0.000043,0.000022,0.000019,0.000047,0.000041,0.000035,0.000027,0.000019,0.000015,0.000010,0.000008,0.000030,0.000054,0.000121
724,,,,,,,,,,,,,,0.000006,0.000123,0.000071,0.000073,0.000069,0.000045,0.000055,0.000063,0.000061,0.000064,0.000074,0.000065,0.000066,0.000064,0.000064,0.000074,0.000093,0.000117,0.000143,0.000164,0.000119,0.000101,0.000073,0.000056,0.000024,0.000019,0.000050,0.000046,0.000038,0.000027,0.000018,0.000015,0.000010,0.000003,0.000016,0.000033,0.000063
725,,,,,,,,,,,,,,0.000006,0.000170,0.000106,0.000145,0.000136,0.000103,0.000125,0.000163,0.000194,0.000189,0.000176,0.000143,0.000131,0.000122,0.000103,0.000087,0.000070,0.000064,0.000053,0.000057,0.000044,0.000046,0.000039,0.000031,0.000027,0.000018,0.000030,0.000021,0.000022,0.000022,0.000023,0.000022,0.000016,0.000007,0.000030,0.000057,0.000092
726,,,,,,,,,,,,,,0.000003,0.000067,0.000035,0.000038,0.000028,0.000030,0.000047,0.000060,0.000085,0.000134,0.000126,0.000115,0.000130,0.000116,0.000106,0.000080,0.000072,0.000054,0.000051,0.000045,0.000038,0.000038,0.000060,0.000069,0.000052,0.000027,0.000064,0.000056,0.000063,0.000078,0.000094,0.000102,0.000099,0.000023,0.000079,0.000075,0.000102
727,,,,,,,,,,,,,,0.000003,0.000086,0.000088,0.000095,0.000122,0.000068,0.000057,0.000056,0.000068,0.000072,0.000062,0.000052,0.000046,0.000045,0.000042,0.000043,0.000038,0.000030,0.000032,0.000032,0.000033,0.000048,0.000041,0.000041,0.000030,0.000017,0.000031,0.000025,0.000020,0.000018,0.000018,0.000013,0.000011,0.000006,0.000041,0.000064,0.000074
728,,,,,,,,,,,,,,0.000006,0.000137,0.000077,0.000074,0.000071,0.000068,0.000077,0.000088,0.000098,0.000095,0.000114,0.000106,0.000100,0.000100,0.000098,0.000091,0.000086,0.000072,0.000066,0.000070,0.000063,0.000105,0.000121,0.000136,0.000070,0.000051,0.000179,0.000153,0.000113,0.000092,0.000076,0.000054,0.000041,0.000008,0.000025,0.000049,0.000076
729,,,,,,,,,,,,,,0.000019,0.000221,0.000101,0.000113,0.000106,0.000114,0.000175,0.000248,0.000260,0.000230,0.000255,0.000212,0.000168,0.000132,0.000097,0.000081,0.000068,0.000056,0.000051,0.000049,0.000043,0.000050,0.000056,0.000073,0.000053,0.000039,0.000126,0.000154,0.000162,0.000169,0.000156,0.000118,0.000097,0.000014,0.000021,0.000044,0.000114
730,,,,,,,,,,,,,,0.000002,0.000049,0.000042,0.000042,0.000037,0.000031,0.000039,0.000054,0.000074,0.000076,0.000093,0.000094,0.000094,0.000099,0.000093,0.000101,0.000113,0.000110,0.000103,0.000090,0.000057,0.000056,0.000054,0.000077,0.000044,0.000045,0.000246,0.000260,0.000204,0.000135,0.000099,0.000061,0.000044,0.000005,0.000020,0.000028,0.000046
731,,,,,,,,,,,,,,0.000004,0.000071,0.000047,0.000041,0.000044,0.000038,0.000041,0.000044,0.000055,0.000067,0.000094,0.000093,0.000087,0.000083,0.000072,0.000072,0.000080,0.000088,0.000088,0.000100,0.000080,0.000097,0.000113,0.000094,0.000041,0.000035,0.000097,0.000097,0.000078,0.000065,0.000063,0.000054,0.000044,0.000007,0.000020,0.000048,0.000089
732,,,,,,,,,,,,,,0.000005,0.000122,0.000101,0.000110,0.000083,0.000052,0.000052,0.000056,0.000053,0.000063,0.000068,0.000063,0.000060,0.000056,0.000044,0.000043,0.000040,0.000032,0.000024,0.000055,0.000073,0.000122,0.000131,0.000161,0.000082,0.000045,0.000148,0.000133,0.000107,0.000088,0.000092,0.000066,0.000048,0.000014,0.000039,0.000045,0.000076
733,,,,,,,,,,,,,,0.000008,0.000124,0.000069,0.000058,0.000054,0.000046,0.000046,0.000053,0.000062,0.000066,0.000065,0.000063,0.000062,0.000060,0.000052,0.000054,0.000061,0.000055,0.000060,0.000068,0.000057,0.000064,0.000053,0.000042,0.000027,0.000023,0.000043,0.000030,0.000022,0.000007,0.000005,0.000007,0.000008,0.000006,0.000036,0.000135,0.000247
734,,,,,,,,,,,,,,0.000003,0.000056,0.000030,0.000033,0.000046,0.000054,0.000064,0.000097,0.000154,0.000237,0.000338,0.000436,0.000437,0.000453,0.000430,0.000370,0.000320,0.000249,0.000214,0.000219,0.000144,0.000122,0.000098,0.000095,0.000052,0.000034,0.000085,0.000078,0.000065,0.000055,0.000048,0.000039,0.000030,0.000005,0.000016,0.000039,0.000065
735,,,,,,,,,,,,,,0.000005,0.000083,0.000074,0.000053,0.000047,0.000032,0.000029,0.000040,0.000053,0.000059,0.000064,0.000055,0.000055,0.000059,0.000059,0.000103,0.000095,0.000087,0.000092,0.000107,0.000084,0.000070,0.000049,0.000046,0.000046,0.000030,0.000029,0.000023,0.000028,0.000034,0.000036,0.000033,0.000031,0.000011,0.000027,0.000044,0.000064
736,,,,,,,,,,,,,,0.000010,0.000280,0.000198,0.000255,0.000229,0.000153,0.000140,0.000147,0.000142,0.000126,0.000154,0.000140,0.000142,0.000145,0.000154,0.000178,0.000207,0.000191,0.000177,0.000181,0.000151,0.000178,0.000187,0.000238,0.000092,0.000050,0.000164,0.000122,0.000092,0.000067,0.000052,0.000039,0.000028,0.000002,0.000015,0.000048,0.000084
737,,,,,,,,,,,,,,0.000010,0.000189,0.000111,0.000130,0.000142,0.000140,0.000167,0.000207,0.000235,0.000205,0.000224,0.000198,0.000183,0.000182,0.000175,0.000206,0.000193,0.000133,0.000098,0.000081,0.000066,0.000072,0.000055,0.000036,0.000021,0.000019,0.000035,0.000027,0.000027,0.000016,0.000010,0.000012,0.000018,0.000016,0.000101,0.000264,0.000424
738,,,,,,,,,,,,,,0.000010,0.000312,0.000284,0.000420,0.000559,0.000402,0.000325,0.000260,0.000233,0.000165,0.000157,0.000129,0.000099,0.000086,0.000085,0.000086,0.000120,0.000182,0.000251,0.000298,0.000216,0.000166,0.000110,0.000074,0.000031,0.000022,0.000051,0.000045,0.000038,0.000025,0.000025,0.000025,0.000020,0.000005,0.000022,0.000041,0.000088
739,,,,,,,,,,,,,,0.000010,0.000166,0.000108,0.000125,0.000138,0.000116,0.000114,0.000125,0.000145,0.000131,0.000153,0.000146,0.000161,0.000163,0.000166,0.000156,0.000159,0.000151,0.000147,0.000147,0.000110,0.000099,0.000081,0.000071,0.000038,0.000030,0.000074,0.000064,0.000048,0.000031,0.000033,0.000043,0.000038,0.000007,0.000060,0.000154,0.000238
740,,,,,,,,,,,,,,0.000005,0.000099,0.000056,0.000056,0.000046,0.000050,0.000046,0.000045,0.000049,0.000054,0.000055,0.000048,0.000044,0.000040,0.000029,0.000031,0.000036,0.000034,0.000031,0.000040,0.000033,0.000033,0.000040,0.000043,0.000025,0.000017,0.000039,0.000033,0.000025,0.000020,0.000018,0.000014,0.000013,0.000013,0.000063,0.000134,0.000173
741,,,,,,,,,,,,,,0.000005,0.000097,0.000071,0.000098,0.000082,0.000058,0.000051,0.000048,0.000040,0.000044,0.000057,0.000037,0.000032,0.000031,0.000031,0.000025,0.000031,0.000048,0.000042,0.000057,0.000065,0.000073,0.000067,0.000054,0.000037,0.000028,0.000041,0.000036,0.000043,0.000054,0.000062,0.000081,0.000077,0.000016,0.000046,0.000078,0.000101
742,,,,,,,,,,,,,,0.000005,0.000196,0.000115,0.000117,0.000095,0.000076,0.000070,0.000078,0.000088,0.000079,0.000096,0.000085,0.000068,0.000059,0.000058,0.000057,0.000054,0.000046,0.000040,0.000038,0.000035,0.000046,0.000038,0.000035,0.000014,0.000012,0.000019,0.000026,0.000025,0.000024,0.000025,0.000021,0.000021,0.000005,0.000018,0.000024,0.000037
743,,,,,,,,,,,,,,0.000010,0.000141,0.000133,0.000141,0.000132,0.000100,0.000114,0.000134,0.000150,0.000129,0.000166,0.000136,0.000093,0.000083,0.000060,0.000068,0.000093,0.000130,0.000143,0.000147,0.000121,0.000131,0.000128,0.000125,0.000046,0.000040,0.000146,0.000140,0.000129,0.000107,0.000084,0.000059,0.000047,0.000011,0.000057,0.000155,0.000325
744,,,,,,,,,,,,,,0.000018,0.000410,0.000300,0.000196,0.000171,0.000133,0.000126,0.000147,0.000183,0.000175,0.000186,0.000182,0.000178,0.000179,0.000181,0.000182,0.000221,0.000277,0.000333,0.000285,0.000175,0.000142,0.000129,0.000156,0.000118,0.000038,0.000082,0.000081,0.000084,0.000087,0.000096,0.000083,0.000063,0.000010,0.000038,0.000076,0.000151
745,,,,,,,,,,,,,,0.000005,0.000091,0.000069,0.000068,0.000059,0.000041,0.000040,0.000038,0.000050,0.000087,0.000045,0.000045,0.000036,0.000044,0.000035,0.000034,0.000040,0.000037,0.000048,0.000075,0.000079,0.000076,0.000067,0.000071,0.000113,0.000039,0.000057,0.000051,0.000042,0.000035,0.000037,0.000038,0.000034,0.000014,0.000062,0.000113,0.000137
746,,,,,,,,,,,,,,0.000008,0.000174,0.000091,0.000093,0.000083,0.000073,0.000072,0.000079,0.000080,0.000069,0.000081,0.000071,0.000065,0.000064,0.000057,0.000064,0.000066,0.000058,0.000054,0.000050,0.000041,0.000048,0.000037,0.000033,0.000017,0.000013,0.000035,0.000040,0.000039,0.000033,0.000032,0.000026,0.000020,0.000003,0.000020,0.000064,0.000141
747,,,,,,,,,,,,,,0.000009,0.000156,0.000088,0.000111,0.000097,0.000079,0.000075,0.000082,0.000078,0.000064,0.000075,0.000068,0.000074,0.000068,0.000063,0.000056,0.000058,0.000065,0.000067,0.000095,0.000100,0.000094,0.000059,0.000047,0.000021,0.000022,0.000036,0.000037,0.000032,0.000025,0.000026,0.000031,0.000026,0.000007,0.000023,0.000057,0.000138
748,,,,,,,,,,,,,,0.000003,0.000047,0.000034,0.000038,0.000033,0.000032,0.000036,0.000045,0.000050,0.000052,0.000058,0.000053,0.000048,0.000038,0.000038,0.000039,0.000037,0.000034,0.000043,0.000059,0.000050,0.000044,0.000032,0.000030,0.000017,0.000013,0.000032,0.000035,0.000035,0.000031,0.000027,0.000028,0.000026,0.000009,0.000054,0.000084,0.000105
749,,,,,,,,,,,,,,0.000004,0.000137,0.000102,0.000153,0.000211,0.000226,0.000270,0.000312,0.000323,0.000272,0.000282,0.000254,0.000249,0.000238,0.000221,0.000233,0.000228,0.000228,0.000136,0.000083,0.000047,0.000048,0.000046,0.000058,0.000055,0.000062,0.000230,0.000191,0.000131,0.000076,0.000048,0.000031,0.000016,0.000008,0.000036,0.000089,0.000143
750,,,,,,,,,,,,,,0.000006,0.000128,0.000059,0.000056,0.000041,0.000021,0.000015,0.000019,0.000024,0.000020,0.000037,0.000029,0.000032,0.000030,0.000041,0.000044,0.000057,0.000071,0.000113,0.000179,0.000210,0.000288,0.000299,0.000305,0.000101,0.000073,0.000166,0.000115,0.000076,0.000053,0.000042,0.000028,0.000024,0.000005,0.000039,0.000088,0.000140
751,,,,,,,,,,,,,,0.000010,0.000272,0.000143,0.000149,0.000134,0.000103,0.000096,0.000100,0.000114,0.000114,0.000093,0.000068,0.000059,0.000048,0.000040,0.000041,0.000050,0.000057,0.000057,0.000074,0.000075,0.000100,0.000098,0.000103,0.000050,0.000042,0.000162,0.000139,0.000102,0.000055,0.000027,0.000016,0.000008,0.000004,0.000018,0.000041,0.000083
752,,,,,,,,,,,,,,0.000002,0.000051,0.000036,0.000025,0.000019,0.000024,0.000041,0.000051,0.000047,0.000055,0.000069,0.000076,0.000081,0.000102,0.000107,0.000092,0.000104,0.000099,0.000088,0.000089,0.000070,0.000068,0.000070,0.000086,0.000036,0.000030,0.000067,0.000063,0.000063,0.000064,0.000061,0.000055,0.000061,0.000012,0.000033,0.000050,0.000058
753,,,,,,,,,,,,,,0.000012,0.000182,0.000084,0.000072,0.000082,0.000074,0.000102,0.000149,0.000199,0.000210,0.000269,0.000230,0.000228,0.000218,0.000235,0.000245,0.000232,0.000224,0.000230,0.000258,0.000159,0.000133,0.000100,0.000072,0.000027,0.000019,0.000072,0.000077,0.000077,0.000071,0.000066,0.000051,0.000041,0.000004,0.000034,0.000159,0.000389
754,,,,,,,,,,,,,,0.000015,0.000307,0.000169,0.000165,0.000141,0.000115,0.000090,0.000099,0.000096,0.000095,0.000091,0.000077,0.000086,0.000080,0.000073,0.000068,0.000071,0.000078,0.000076,0.000074,0.000051,0.000043,0.000037,0.000037,0.000025,0.000017,0.000041,0.000035,0.000032,0.000035,0.000028,0.000015,0.000013,0.000003,0.000015,0.000039,0.000076
755,,,,,,,,,,,,,,0.000008,0.000161,0.000096,0.000074,0.000090,0.000097,0.000116,0.000129,0.000133,0.000127,0.000157,0.000121,0.000111,0.000099,0.000082,0.000061,0.000070,0.000077,0.000079,0.000098,0.000070,0.000077,0.000076,0.000083,0.000034,0.000034,0.000077,0.000073,0.000064,0.000052,0.000050,0.000042,0.000036,0.000007,0.000033,0.000089,0.000154
756,,,,,,,,,,,,,,0.000009,0.000173,0.000077,0.000083,0.000075,0.000051,0.000048,0.000043,0.000047,0.000061,0.000063,0.000050,0.000049,0.000049,0.000038,0.000033,0.000043,0.000051,0.000051,0.000060,0.000054,0.000062,0.000074,0.000075,0.000031,0.000031,0.000107,0.000114,0.000120,0.000115,0.000110,0.000090,0.000069,0.000009,0.000029,0.000041,0.000061
757,,,,,,,,,,,,,,0.000003,0.000056,0.000040,0.000054,0.000053,0.000049,0.000054,0.000067,0.000092,0.000104,0.000154,0.000169,0.000205,0.000202,0.000195,0.000211,0.000193,0.000147,0.000129,0.000145,0.000105,0.000095,0.000064,0.000058,0.000023,0.000018,0.000053,0.000056,0.000059,0.000057,0.000061,0.000048,0.000038,0.000003,0.000018,0.000040,0.000070
758,,,,,,,,,,,,,,0.000005,0.000096,0.000054,0.000070,0.000076,0.000063,0.000069,0.000079,0.000085,0.000081,0.000096,0.000096,0.000097,0.000097,0.000077,0.000067,0.000068,0.000068,0.000062,0.000069,0.000076,0.000078,0.000074,0.000059,0.000063,0.000044,0.000067,0.000055,0.000051,0.000045,0.000048,0.000041,0.000029,0.000006,0.000035,0.000044,0.000071
759,,,,,,,,,,,,,,0.000004,0.000071,0.000049,0.000046,0.000040,0.000043,0.000037,0.000051,0.000074,0.000090,0.000112,0.000121,0.000135,0.000127,0.000138,0.000120,0.000083,0.000062,0.000050,0.000055,0.000039,0.000040,0.000052,0.000066,0.000045,0.000032,0.000107,0.000094,0.000076,0.000062,0.000053,0.000036,0.000024,0.000009,0.000043,0.000089,0.000099
760,,,,,,,,,,,,,,0.000003,0.000081,0.000068,0.000129,0.000197,0.000206,0.000205,0.000181,0.000171,0.000126,0.000145,0.000155,0.000153,0.000149,0.000164,0.000142,0.000147,0.000131,0.000128,0.000171,0.000169,0.000183,0.000128,0.000084,0.000035,0.000019,0.000039,0.000029,0.000030,0.000038,0.000048,0.000076,0.000065,0.000015,0.000034,0.000043,0.000055
761,,,,,,,,,,,,,,0.000004,0.000088,0.000053,0.000071,0.000065,0.000042,0.000035,0.000041,0.000049,0.000055,0.000063,0.000052,0.000049,0.000050,0.000044,0.000042,0.000049,0.000063,0.000094,0.000178,0.000189,0.000220,0.000147,0.000093,0.000042,0.000022,0.000032,0.000035,0.000035,0.000032,0.000029,0.000032,0.000032,0.000009,0.000024,0.000043,0.000081
762,,,,,,,,,,,,,,0.000008,0.000208,0.000118,0.000120,0.000111,0.000086,0.000071,0.000080,0.000083,0.000072,0.000075,0.000067,0.000070,0.000062,0.000052,0.000041,0.000042,0.000043,0.000043,0.000042,0.000034,0.000029,0.000022,0.000021,0.000023,0.000017,0.000026,0.000024,0.000021,0.000016,0.000017,0.000012,0.000007,0.000004,0.000019,0.000041,0.000071
763,,,,,,,,,,,,,,0.000009,0.000188,0.000088,0.000067,0.000057,0.000041,0.000046,0.000054,0.000074,0.000084,0.000119,0.000111,0.000124,0.000149,0.000195,0.000198,0.000239,0.000208,0.000180,0.000159,0.000110,0.000086,0.000056,0.000049,0.000032,0.000018,0.000048,0.000040,0.000033,0.000032,0.000041,0.000037,0.000059,0.000012,0.000087,0.000254,0.000347
764,,,,,,,,,,,,,,0.000003,0.000069,0.000042,0.000058,0.000054,0.000040,0.000055,0.000068,0.000087,0.000078,0.000083,0.000060,0.000053,0.000057,0.000053,0.000056,0.000076,0.000090,0.000119,0.000179,0.000216,0.000302,0.000344,0.000415,0.000136,0.000092,0.000240,0.000181,0.000145,0.000116,0.000108,0.000081,0.000076,0.000009,0.000030,0.000046,0.000069
765,,,,,,,,,,,,,,0.000009,0.000202,0.000108,0.000105,0.000130,0.000161,0.000217,0.000264,0.000232,0.000201,0.000214,0.000180,0.000194,0.000223,0.000254,0.000274,0.000291,0.000267,0.000222,0.000157,0.000115,0.000106,0.000101,0.000106,0.000053,0.000032,0.000094,0.000090,0.000093,0.000084,0.000067,0.000050,0.000042,0.000005,0.000017,0.000045,0.000115
766,,,,,,,,,,,,,,0.000010,0.000157,0.000114,0.000107,0.000122,0.000105,0.000139,0.000185,0.000174,0.000129,0.000140,0.000111,0.000093,0.000081,0.000078,0.000080,0.000081,0.000069,0.000064,0.000061,0.000049,0.000044,0.000047,0.000061,0.000059,0.000029,0.000102,0.000095,0.000079,0.000059,0.000042,0.000033,0.000020,0.000003,0.000026,0.000090,0.000179
767,,,,,,,,,,,,,,0.000003,0.000061,0.000038,0.000046,0.000029,0.000016,0.000018,0.000021,0.000025,0.000028,0.000028,0.000040,0.000041,0.000050,0.000049,0.000047,0.000049,0.000054,0.000059,0.000067,0.000080,0.000148,0.000192,0.000217,0.000088,0.000046,0.000083,0.000053,0.000033,0.000025,0.000025,0.000022,0.000020,0.000008,0.000028,0.000035,0.000052
768,,,,,,,,,,,,,,0.000013,0.000258,0.000167,0.000140,0.000114,0.000109,0.000140,0.000156,0.000176,0.000159,0.000164,0.000140,0.000142,0.000140,0.000136,0.000125,0.000138,0.000145,0.000137,0.000128,0.000093,0.000093,0.000081,0.000075,0.000037,0.000029,0.000052,0.000051,0.000047,0.000033,0.000030,0.000026,0.000025,0.000007,0.000022,0.000039,0.000068
769,,,,,,,,,,,,,,0.000010,0.000186,0.000104,0.000099,0.000088,0.000078,0.000104,0.000141,0.000172,0.000191,0.000250,0.000263,0.000288,0.000267,0.000262,0.000260,0.000227,0.000161,0.000140,0.000136,0.000092,0.000088,0.000074,0.000074,0.000039,0.000033,0.000082,0.000064,0.000051,0.000041,0.000040,0.000032,0.000027,0.000006,0.000027,0.000032,0.000056
770,,,,,,,,,,,,,,0.000003,0.000058,0.000032,0.000032,0.000038,0.000045,0.000077,0.000107,0.000147,0.000143,0.000169,0.000178,0.000163,0.000151,0.000131,0.000142,0.000161,0.000127,0.000121,0.000103,0.000102,0.000095,0.000107,0.000076,0.000031,0.000039,0.000039,0.000040,0.000036,0.000030,0.000032,0.000021,0.000020,0.000005,0.000015,0.000035,0.000061
771,,,,,,,,,,,,,,0.000010,0.000229,0.000124,0.000099,0.000074,0.000072,0.000083,0.000097,0.000088,0.000095,0.000107,0.000091,0.000091,0.000081,0.000066,0.000060,0.000063,0.000066,0.000066,0.000058,0.000049,0.000047,0.000033,0.000037,0.000034,0.000028,0.000055,0.000055,0.000051,0.000048,0.000045,0.000038,0.000034,0.000008,0.000029,0.000036,0.000067
772,,,,,,,,,,,,,,0.000005,0.000095,0.000058,0.000074,0.000072,0.000054,0.000059,0.000069,0.000076,0.000058,0.000063,0.000057,0.000052,0.000080,0.000111,0.000159,0.000233,0.000279,0.000301,0.000303,0.000157,0.000122,0.000094,0.000092,0.000046,0.000031,0.000069,0.000077,0.000071,0.000066,0.000054,0.000044,0.000034,0.000009,0.000032,0.000053,0.000077
773,,,,,,,,,,,,,,0.000003,0.000058,0.000042,0.000044,0.000037,0.000038,0.000040,0.000047,0.000044,0.000045,0.000069,0.000061,0.000065,0.000063,0.000059,0.000061,0.000076,0.000102,0.000124,0.000129,0.000089,0.000072,0.000056,0.000054,0.000023,0.000027,0.000055,0.000055,0.000055,0.000051,0.000047,0.000052,0.000061,0.000010,0.000031,0.000044,0.000079
774,,,,,,,,,,,,,,0.000009,0.000179,0.000110,0.000124,0.000112,0.000092,0.000136,0.000213,0.000360,0.000409,0.000496,0.000500,0.000436,0.000392,0.000317,0.000267,0.000245,0.000233,0.000217,0.000194,0.000121,0.000108,0.000076,0.000059,0.000031,0.000031,0.000056,0.000044,0.000043,0.000038,0.000041,0.000032,0.000024,0.000009,0.000061,0.000107,0.000180
775,,,,,,,,,,,,,,0.000010,0.000170,0.000093,0.000098,0.000090,0.000073,0.000077,0.000096,0.000131,0.000125,0.000150,0.000137,0.000131,0.000121,0.000127,0.000149,0.000186,0.000209,0.000206,0.000208,0.000146,0.000119,0.000079,0.000057,0.000028,0.000021,0.000051,0.000046,0.000043,0.000028,0.000025,0.000019,0.000013,0.000004,0.000025,0.000069,0.000173
776,,,,,,,,,,,,,,0.000007,0.000119,0.000076,0.000101,0.000088,0.000067,0.000071,0.000082,0.000104,0.000096,0.000112,0.000096,0.000099,0.000100,0.000088,0.000073,0.000065,0.000057,0.000049,0.000048,0.000038,0.000038,0.000029,0.000024,0.000016,0.000016,0.000026,0.000029,0.000029,0.000024,0.000019,0.000015,0.000010,0.000004,0.000028,0.000065,0.000117
777,,,,,,,,,,,,,,0.000002,0.000052,0.000037,0.000049,0.000051,0.000047,0.000045,0.000050,0.000061,0.000063,0.000097,0.000104,0.000130,0.000167,0.000226,0.000222,0.000223,0.000187,0.000166,0.000125,0.000082,0.000067,0.000060,0.000054,0.000023,0.000029,0.000118,0.000159,0.000183,0.000175,0.000147,0.000125,0.000094,0.000011,0.000048,0.000062,0.000081
778,,,,,,,,,,,,,,0.000005,0.000093,0.000058,0.000061,0.000049,0.000028,0.000029,0.000041,0.000046,0.000038,0.000046,0.000049,0.000041,0.000043,0.000048,0.000050,0.000057,0.000072,0.000104,0.000130,0.000204,0.000186,0.000144,0.000105,0.000046,0.000030,0.000081,0.000077,0.000075,0.000081,0.000106,0.000090,0.000078,0.000016,0.000047,0.000069,0.000093
779,,,,,,,,,,,,,,0.000005,0.000094,0.000051,0.000065,0.000076,0.000061,0.000068,0.000068,0.000058,0.000046,0.000076,0.000074,0.000068,0.000054,0.000045,0.000045,0.000059,0.000057,0.000067,0.000075,0.000089,0.000113,0.000118,0.000132,0.000057,0.000055,0.000207,0.000198,0.000172,0.000127,0.000098,0.000064,0.000047,0.000005,0.000038,0.000100,0.000171
780,,,,,,,,,,,,,,0.000004,0.000090,0.000057,0.000055,0.000052,0.000048,0.000058,0.000069,0.000078,0.000085,0.000096,0.000087,0.000088,0.000080,0.000066,0.000063,0.000064,0.000072,0.000078,0.000093,0.000090,0.000118,0.000117,0.000087,0.000036,0.000023,0.000053,0.000039,0.000029,0.000023,0.000021,0.000010,0.000006,0.000004,0.000016,0.000041,0.000074
781,,,,,,,,,,,,,,0.000010,0.000235,0.000166,0.000150,0.000129,0.000092,0.000086,0.000085,0.000089,0.000079,0.000087,0.000079,0.000074,0.000062,0.000052,0.000052,0.000048,0.000039,0.000039,0.000059,0.000076,0.000126,0.000127,0.000127,0.000061,0.000041,0.000084,0.000077,0.000068,0.000057,0.000055,0.000043,0.000039,0.000012,0.000056,0.000093,0.000129
782,,,,,,,,,,,,,,0.000005,0.000115,0.000085,0.000091,0.000092,0.000085,0.000100,0.000142,0.000163,0.000151,0.000172,0.000151,0.000144,0.000147,0.000137,0.000153,0.000197,0.000276,0.000384,0.000565,0.000590,0.000528,0.000375,0.000308,0.000089,0.000048,0.000159,0.000145,0.000135,0.000118,0.000094,0.000068,0.000049,0.000003,0.000023,0.000061,0.000110
783,,,,,,,,,,,,,,0.000003,0.000047,0.000031,0.000037,0.000036,0.000031,0.000035,0.000043,0.000053,0.000061,0.000074,0.000072,0.000073,0.000087,0.000107,0.000143,0.000174,0.000177,0.000182,0.000254,0.000187,0.000151,0.000114,0.000081,0.000034,0.000024,0.000080,0.000093,0.000087,0.000072,0.000059,0.000044,0.000027,0.000006,0.000032,0.000047,0.000071
784,,,,,,,,,,,,,,0.000007,0.000146,0.000101,0.000162,0.000223,0.000207,0.000243,0.000267,0.000243,0.000198,0.000208,0.000165,0.000151,0.000145,0.000130,0.000114,0.000105,0.000096,0.000093,0.000099,0.000064,0.000065,0.000051,0.000046,0.000020,0.000021,0.000057,0.000055,0.000048,0.000036,0.000029,0.000021,0.000012,0.000003,0.000045,0.000097,0.000158
785,,,,,,,,,,,,,,0.000004,0.000074,0.000051,0.000060,0.000055,0.000046,0.000052,0.000069,0.000081,0.000078,0.000088,0.000092,0.000081,0.000072,0.000060,0.000058,0.000068,0.000087,0.000116,0.000134,0.000116,0.000144,0.000171,0.000250,0.000131,0.000073,0.000233,0.000219,0.000204,0.000163,0.000112,0.000066,0.000032,0.000005,0.000031,0.000062,0.000104
786,,,,,,,,,,,,,,0.000006,0.000132,0.000119,0.000122,0.000175,0.000118,0.000099,0.000103,0.000122,0.000128,0.000131,0.000126,0.000111,0.000108,0.000106,0.000100,0.000126,0.000152,0.000158,0.000230,0.000222,0.000202,0.000179,0.000151,0.000128,0.000077,0.000151,0.000133,0.000118,0.000101,0.000088,0.000072,0.000069,0.000007,0.000034,0.000071,0.000101
787,,,,,,,,,,,,,,0.000007,0.000082,0.000052,0.000064,0.000059,0.000047,0.000047,0.000045,0.000044,0.000040,0.000046,0.000041,0.000030,0.000031,0.000035,0.000029,0.000019,0.000018,0.000024,0.000031,0.000023,0.000029,0.000025,0.000033,0.000022,0.000042,0.000114,0.000120,0.000114,0.000102,0.000089,0.000076,0.000060,0.000019,0.000097,0.000158,0.000200
788,,,,,,,,,,,,,,0.000003,0.000061,0.000109,0.000136,0.000093,0.000064,0.000081,0.000091,0.000102,0.000088,0.000102,0.000091,0.000080,0.000077,0.000067,0.000062,0.000061,0.000057,0.000054,0.000056,0.000050,0.000058,0.000058,0.000069,0.000034,0.000026,0.000088,0.000082,0.000065,0.000047,0.000033,0.000022,0.000015,0.000004,0.000012,0.000025,0.000043
789,,,,,,,,,,,,,,0.000003,0.000061,0.000043,0.000042,0.000033,0.000025,0.000027,0.000029,0.000039,0.000036,0.000044,0.000048,0.000053,0.000042,0.000035,0.000041,0.000045,0.000051,0.000040,0.000040,0.000031,0.000030,0.000022,0.000014,0.000027,0.000034,0.000022,0.000022,0.000022,0.000018,0.000016,0.000017,0.000016,0.000013,0.000036,0.000038,0.000053
790,,,,,,,,,,,,,,0.000009,0.000158,0.000086,0.000085,0.000078,0.000061,0.000068,0.000093,0.000127,0.000121,0.000143,0.000136,0.000134,0.000136,0.000132,0.000126,0.000128,0.000119,0.000107,0.000097,0.000079,0.000073,0.000063,0.000061,0.000030,0.000029,0.000117,0.000146,0.000150,0.000141,0.000094,0.000063,0.000048,0.000011,0.000022,0.000059,0.000130
791,,,,,,,,,,,,,,0.000007,0.000151,0.000096,0.000105,0.000082,0.000067,0.000069,0.000078,0.000093,0.000085,0.000087,0.000082,0.000086,0.000080,0.000070,0.000058,0.000056,0.000056,0.000058,0.000065,0.000057,0.000069,0.000089,0.000097,0.000049,0.000032,0.000064,0.000061,0.000070,0.000097,0.000100,0.000087,0.000099,0.000017,0.000041,0.000090,0.000145
792,,,,,,,,,,,,,,0.000005,0.000093,0.000062,0.000051,0.000042,0.000030,0.000026,0.000027,0.000032,0.000039,0.000043,0.000050,0.000051,0.000057,0.000058,0.000076,0.000068,0.000066,0.000071,0.000072,0.000051,0.000056,0.000047,0.000052,0.000053,0.000038,0.000063,0.000053,0.000048,0.000044,0.000039,0.000033,0.000026,0.000011,0.000030,0.000029,0.000031
793,,,,,,,,,,,,,,0.000004,0.000062,0.000033,0.000027,0.000019,0.000016,0.000026,0.000032,0.000041,0.000051,0.000057,0.000059,0.000054,0.000047,0.000044,0.000039,0.000045,0.000061,0.000063,0.000057,0.000046,0.000046,0.000047,0.000049,0.000040,0.000071,0.000092,0.000072,0.000060,0.000046,0.000035,0.000026,0.000020,0.000008,0.000024,0.000043,0.000059
794,,,,,,,,,,,,,,0.000012,0.000199,0.000125,0.000113,0.000099,0.000061,0.000053,0.000067,0.000078,0.000062,0.000065,0.000061,0.000059,0.000048,0.000045,0.000048,0.000060,0.000071,0.000082,0.000103,0.000112,0.000153,0.000168,0.000177,0.000077,0.000036,0.000083,0.000060,0.000052,0.000056,0.000056,0.000045,0.000035,0.000008,0.000040,0.000060,0.000100
795,,,,,,,,,,,,,,0.000005,0.000083,0.000047,0.000055,0.000045,0.000039,0.000036,0.000042,0.000047,0.000052,0.000043,0.000045,0.000039,0.000041,0.000027,0.000031,0.000055,0.000075,0.000117,0.000165,0.000195,0.000196,0.000174,0.000158,0.000052,0.000031,0.000098,0.000081,0.000063,0.000046,0.000034,0.000022,0.000017,0.000004,0.000020,0.000041,0.000081
796,,,,,,,,,,,,,,0.000003,0.000062,0.000041,0.000054,0.000061,0.000054,0.000060,0.000071,0.000087,0.000102,0.000121,0.000112,0.000106,0.000105,0.000101,0.000094,0.000090,0.000086,0.000078,0.000087,0.000077,0.000076,0.000072,0.000074,0.000036,0.000021,0.000050,0.000055,0.000058,0.000067,0.000076,0.000073,0.000062,0.000008,0.000017,0.000039,0.000060
797,,,,,,,,,,,,,,0.000009,0.000178,0.000093,0.000108,0.000139,0.000178,0.000279,0.000437,0.000598,0.000684,0.000867,0.000869,0.000883,0.000918,0.000889,0.000830,0.000805,0.000659,0.000507,0.000362,0.000213,0.000149,0.000102,0.000077,0.000031,0.000025,0.000067,0.000057,0.000049,0.000039,0.000028,0.000021,0.000017,0.000004,0.000021,0.000050,0.000102
798,,,,,,,,,,,,,,0.000004,0.000067,0.000047,0.000046,0.000062,0.000063,0.000085,0.000107,0.000128,0.000125,0.000131,0.000104,0.000101,0.000099,0.000087,0.000068,0.000076,0.000073,0.000058,0.000073,0.000073,0.000080,0.000097,0.000155,0.000091,0.000078,0.000364,0.000374,0.000327,0.000278,0.000237,0.000182,0.000129,0.000013,0.000025,0.000017,0.000014
799,,,,,,,,,,,,,,0.000004,0.000090,0.000069,0.000057,0.000052,0.000047,0.000039,0.000051,0.000041,0.000038,0.000039,0.000038,0.000035,0.000031,0.000031,0.000043,0.000051,0.000061,0.000083,0.000096,0.000084,0.000088,0.000083,0.000118,0.000081,0.000062,0.000301,0.000397,0.000413,0.000362,0.000293,0.000209,0.000133,0.000019,0.000058,0.000080,0.000092
800,,,,,,,,,,,,,,0.000009,0.000208,0.000185,0.000227,0.000233,0.000158,0.000139,0.000136,0.000121,0.000110,0.000122,0.000111,0.000085,0.000073,0.000074,0.000060,0.000057,0.000047,0.000044,0.000041,0.000037,0.000039,0.000035,0.000033,0.000026,0.000017,0.000032,0.000035,0.000033,0.000029,0.000031,0.000024,0.000014,0.000006,0.000026,0.000045,0.000079
801,,,,,,,,,,,,,,0.000004,0.000098,0.000074,0.000104,0.000135,0.000175,0.000245,0.000298,0.000283,0.000227,0.000222,0.000181,0.000139,0.000108,0.000091,0.000080,0.000078,0.000072,0.000054,0.000051,0.000037,0.000034,0.000036,0.000037,0.000034,0.000030,0.000054,0.000049,0.000044,0.000038,0.000035,0.000028,0.000027,0.000011,0.000027,0.000047,0.000071
802,,,,,,,,,,,,,,0.000006,0.000145,0.000097,0.000104,0.000106,0.000104,0.000125,0.000154,0.000166,0.000143,0.000148,0.000118,0.000104,0.000101,0.000103,0.000102,0.000113,0.000112,0.000097,0.000086,0.000061,0.000055,0.000044,0.000033,0.000038,0.000023,0.000040,0.000023,0.000023,0.000023,0.000031,0.000033,0.000034,0.000018,0.000067,0.000077,0.000094
803,,,,,,,,,,,,,,0.000005,0.000133,0.000113,0.000203,0.000257,0.000272,0.000317,0.000316,0.000280,0.000240,0.000259,0.000226,0.000196,0.000180,0.000160,0.000171,0.000172,0.000134,0.000111,0.000111,0.000082,0.000076,0.000069,0.000052,0.000024,0.000017,0.000034,0.000028,0.000023,0.000018,0.000019,0.000012,0.000005,0.000004,0.000015,0.000024,0.000041
804,,,,,,,,,,,,,,0.000004,0.000094,0.000059,0.000065,0.000058,0.000058,0.000072,0.000084,0.000106,0.000098,0.000089,0.000065,0.000046,0.000028,0.000015,0.000016,0.000016,0.000022,0.000029,0.000042,0.000044,0.000056,0.000050,0.000044,0.000042,0.000019,0.000050,0.000048,0.000045,0.000037,0.000039,0.000036,0.000035,0.000010,0.000032,0.000055,0.000089
805,,,,,,,,,,,,,,0.000006,0.000117,0.000066,0.000072,0.000069,0.000059,0.000075,0.000114,0.000187,0.000221,0.000216,0.000192,0.000188,0.000182,0.000191,0.000177,0.000154,0.000140,0.000134,0.000161,0.000122,0.000099,0.000076,0.000075,0.000032,0.000025,0.000076,0.000083,0.000085,0.000084,0.000078,0.000063,0.000057,0.000008,0.000020,0.000026,0.000049
806,,,,,,,,,,,,,,0.000013,0.000331,0.000181,0.000188,0.000172,0.000127,0.000133,0.000151,0.000149,0.000133,0.000111,0.000087,0.000075,0.000066,0.000061,0.000041,0.000049,0.000035,0.000038,0.000044,0.000049,0.000050,0.000052,0.000061,0.000045,0.000026,0.000043,0.000045,0.000048,0.000043,0.000038,0.000033,0.000030,0.000010,0.000036,0.000053,0.000101
807,,,,,,,,,,,,,,0.000002,0.000086,0.000054,0.000037,0.000037,0.000034,0.000048,0.000078,0.000136,0.000169,0.000249,0.000277,0.000300,0.000302,0.000286,0.000264,0.000250,0.000226,0.000200,0.000192,0.000220,0.000194,0.000180,0.000118,0.000046,0.000028,0.000052,0.000042,0.000043,0.000050,0.000054,0.000050,0.000040,0.000008,0.000022,0.000032,0.000055
808,,,,,,,,,,,,,,0.000005,0.000111,0.000061,0.000066,0.000071,0.000066,0.000087,0.000112,0.000126,0.000111,0.000119,0.000095,0.000099,0.000092,0.000086,0.000085,0.000094,0.000105,0.000093,0.000083,0.000060,0.000064,0.000066,0.000060,0.000027,0.000017,0.000049,0.000043,0.000042,0.000036,0.000029,0.000020,0.000017,0.000005,0.000061,0.000067,0.000096
809,,,,,,,,,,,,,,0.000006,0.000111,0.000067,0.000077,0.000082,0.000076,0.000091,0.000104,0.000105,0.000088,0.000115,0.000099,0.000088,0.000088,0.000099,0.000108,0.000157,0.000165,0.000164,0.000148,0.000097,0.000087,0.000063,0.000053,0.000023,0.000019,0.000050,0.000051,0.000044,0.000027,0.000022,0.000013,0.000011,0.000003,0.000021,0.000076,0.000156
810,,,,,,,,,,,,,,0.000005,0.000076,0.000055,0.000056,0.000060,0.000058,0.000056,0.000062,0.000073,0.000091,0.000098,0.000096,0.000089,0.000073,0.000059,0.000065,0.000073,0.000067,0.000067,0.000064,0.000048,0.000059,0.000050,0.000047,0.000032,0.000023,0.000046,0.000050,0.000066,0.000084,0.000094,0.000094,0.000068,0.000012,0.000031,0.000051,0.000079
811,,,,,,,,,,,,,,0.000008,0.000150,0.000082,0.000094,0.000080,0.000067,0.000083,0.000112,0.000152,0.000248,0.000247,0.000376,0.000398,0.000449,0.000429,0.000375,0.000356,0.000243,0.000180,0.000157,0.000102,0.000088,0.000071,0.000066,0.000030,0.000035,0.000090,0.000078,0.000067,0.000057,0.000055,0.000040,0.000030,0.000002,0.000029,0.000068,0.000114
812,,,,,,,,,,,,,,0.000005,0.000092,0.000059,0.000073,0.000075,0.000067,0.000084,0.000104,0.000118,0.000114,0.000133,0.000122,0.000117,0.000106,0.000093,0.000087,0.000096,0.000082,0.000073,0.000072,0.000068,0.000100,0.000121,0.000124,0.000084,0.000041,0.000105,0.000091,0.000069,0.000041,0.000031,0.000016,0.000010,0.000003,0.000022,0.000060,0.000101
813,,,,,,,,,,,,,,0.000006,0.000162,0.000097,0.000116,0.000130,0.000109,0.000100,0.000122,0.000134,0.000125,0.000134,0.000102,0.000086,0.000071,0.000053,0.000037,0.000043,0.000042,0.000048,0.000057,0.000047,0.000036,0.000036,0.000036,0.000023,0.000027,0.000046,0.000050,0.000046,0.000049,0.000045,0.000036,0.000038,0.000005,0.000033,0.000042,0.000066
814,,,,,,,,,,,,,,0.000005,0.000138,0.000158,0.000148,0.000178,0.000200,0.000246,0.000282,0.000370,0.000382,0.000445,0.000460,0.000473,0.000525,0.000494,0.000436,0.000403,0.000351,0.000275,0.000213,0.000126,0.000109,0.000089,0.000088,0.000038,0.000023,0.000066,0.000071,0.000063,0.000058,0.000055,0.000047,0.000044,0.000006,0.000021,0.000039,0.000070
815,,,,,,,,,,,,,,0.000008,0.000160,0.000103,0.000137,0.000131,0.000101,0.000101,0.000118,0.000144,0.000158,0.000175,0.000184,0.000202,0.000210,0.000185,0.000203,0.000217,0.000215,0.000226,0.000253,0.000201,0.000177,0.000127,0.000117,0.000043,0.000029,0.000090,0.000096,0.000095,0.000098,0.000101,0.000088,0.000073,0.000008,0.000047,0.000079,0.000130
816,,,,,,,,,,,,,,0.000004,0.000089,0.000063,0.000070,0.000081,0.000073,0.000101,0.000131,0.000147,0.000093,0.000106,0.000094,0.000082,0.000067,0.000068,0.000067,0.000054,0.000051,0.000056,0.000059,0.000038,0.000034,0.000030,0.000032,0.000018,0.000018,0.000042,0.000041,0.000038,0.000038,0.000042,0.000040,0.000034,0.000004,0.000016,0.000022,0.000043
817,,,,,,,,,,,,,,0.000004,0.000109,0.000100,0.000098,0.000088,0.000065,0.000052,0.000050,0.000058,0.000061,0.000058,0.000039,0.000031,0.000029,0.000035,0.000040,0.000051,0.000079,0.000147,0.000217,0.000294,0.000314,0.000261,0.000157,0.000051,0.000035,0.000064,0.000048,0.000039,0.000033,0.000033,0.000024,0.000015,0.000006,0.000022,0.000027,0.000042
818,,,,,,,,,,,,,,0.000005,0.000067,0.000072,0.000042,0.000037,0.000026,0.000032,0.000043,0.000059,0.000064,0.000079,0.000091,0.000095,0.000085,0.000083,0.000103,0.000100,0.000096,0.000110,0.000126,0.000211,0.000220,0.000142,0.000096,0.000034,0.000033,0.000129,0.000140,0.000131,0.000109,0.000098,0.000072,0.000047,0.000011,0.000066,0.000147,0.000211
819,,,,,,,,,,,,,,0.000004,0.000086,0.000063,0.000070,0.000061,0.000055,0.000052,0.000058,0.000069,0.000061,0.000076,0.000078,0.000075,0.000068,0.000055,0.000056,0.000061,0.000058,0.000055,0.000067,0.000059,0.000072,0.000054,0.000057,0.000030,0.000022,0.000061,0.000073,0.000074,0.000075,0.000086,0.000053,0.000039,0.000007,0.000035,0.000054,0.000094
820,,,,,,,,,,,,,,0.000006,0.000114,0.000067,0.000076,0.000076,0.000062,0.000066,0.000084,0.000116,0.000135,0.000178,0.000178,0.000194,0.000198,0.000186,0.000201,0.000221,0.000187,0.000143,0.000123,0.000086,0.000080,0.000055,0.000052,0.000037,0.000021,0.000034,0.000029,0.000029,0.000040,0.000051,0.000043,0.000049,0.000011,0.000044,0.000088,0.000170
821,,,,,,,,,,,,,,0.000003,0.000083,0.000076,0.000075,0.000064,0.000041,0.000045,0.000054,0.000057,0.000068,0.000052,0.000036,0.000037,0.000033,0.000034,0.000035,0.000048,0.000056,0.000048,0.000055,0.000042,0.000052,0.000074,0.000107,0.000077,0.000068,0.000318,0.000309,0.000254,0.000169,0.000153,0.000107,0.000082,0.000017,0.000040,0.000044,0.000075
822,,,,,,,,,,,,,,0.000006,0.000119,0.000082,0.000091,0.000079,0.000064,0.000055,0.000062,0.000053,0.000053,0.000061,0.000063,0.000064,0.000067,0.000060,0.000083,0.000088,0.000085,0.000118,0.000133,0.000108,0.000109,0.000107,0.000150,0.000117,0.000047,0.000065,0.000056,0.000044,0.000031,0.000031,0.000029,0.000034,0.000015,0.000053,0.000098,0.000141
823,,,,,,,,,,,,,,0.000007,0.000154,0.000110,0.000089,0.000114,0.000164,0.000228,0.000337,0.000447,0.000467,0.000472,0.000371,0.000347,0.000326,0.000284,0.000251,0.000257,0.000290,0.000319,0.000336,0.000291,0.000259,0.000195,0.000147,0.000043,0.000035,0.000065,0.000046,0.000033,0.000032,0.000033,0.000031,0.000031,0.000018,0.000049,0.000075,0.000093
824,,,,,,,,,,,,,,0.000004,0.000080,0.000042,0.000043,0.000042,0.000030,0.000044,0.000056,0.000071,0.000065,0.000059,0.000051,0.000044,0.000052,0.000046,0.000032,0.000032,0.000032,0.000032,0.000043,0.000051,0.000063,0.000062,0.000064,0.000032,0.000028,0.000076,0.000078,0.000081,0.000090,0.000086,0.000058,0.000046,0.000009,0.000042,0.000078,0.000119
825,,,,,,,,,,,,,,0.000010,0.000253,0.000142,0.000146,0.000138,0.000097,0.000095,0.000115,0.000135,0.000109,0.000127,0.000121,0.000112,0.000098,0.000084,0.000091,0.000095,0.000082,0.000081,0.000084,0.000079,0.000091,0.000073,0.000070,0.000037,0.000025,0.000059,0.000057,0.000057,0.000053,0.000048,0.000035,0.000025,0.000003,0.000023,0.000055,0.000106
826,,,,,,,,,,,,,,0.000008,0.000176,0.000098,0.000081,0.000084,0.000061,0.000056,0.000064,0.000073,0.000065,0.000083,0.000086,0.000075,0.000061,0.000075,0.000071,0.000054,0.000039,0.000051,0.000051,0.000036,0.000041,0.000028,0.000034,0.000034,0.000028,0.000070,0.000095,0.000109,0.000106,0.000093,0.000074,0.000077,0.000013,0.000072,0.000148,0.000186
827,,,,,,,,,,,,,,0.000003,0.000066,0.000040,0.000049,0.000033,0.000033,0.000039,0.000042,0.000043,0.000047,0.000055,0.000051,0.000050,0.000046,0.000038,0.000050,0.000054,0.000053,0.000066,0.000069,0.000061,0.000078,0.000080,0.000129,0.000075,0.000044,0.000127,0.000107,0.000092,0.000085,0.000079,0.000067,0.000056,0.000015,0.000050,0.000047,0.000075
828,,,,,,,,,,,,,,0.000008,0.000170,0.000093,0.000100,0.000090,0.000065,0.000064,0.000060,0.000062,0.000052,0.000066,0.000064,0.000055,0.000061,0.000061,0.000060,0.000071,0.000062,0.000058,0.000065,0.000055,0.000043,0.000039,0.000029,0.000027,0.000023,0.000037,0.000030,0.000021,0.000010,0.000009,0.000009,0.000009,0.000008,0.000028,0.000041,0.000074
829,,,,,,,,,,,,,,0.000009,0.000168,0.000092,0.000103,0.000102,0.000080,0.000085,0.000096,0.000108,0.000087,0.000106,0.000093,0.000084,0.000089,0.000090,0.000100,0.000114,0.000103,0.000093,0.000109,0.000084,0.000082,0.000078,0.000094,0.000037,0.000033,0.000106,0.000116,0.000134,0.000130,0.000107,0.000077,0.000065,0.000008,0.000033,0.000085,0.000205
830,,,,,,,,,,,,,,0.000008,0.000148,0.000077,0.000095,0.000085,0.000072,0.000073,0.000071,0.000071,0.000057,0.000066,0.000062,0.000069,0.000080,0.000093,0.000113,0.000160,0.000188,0.000200,0.000165,0.000095,0.000067,0.000046,0.000044,0.000024,0.000021,0.000044,0.000034,0.000029,0.000020,0.000020,0.000016,0.000021,0.000009,0.000078,0.000194,0.000268
831,,,,,,,,,,,,,,0.000010,0.000208,0.000129,0.000102,0.000147,0.000104,0.000081,0.000049,0.000037,0.000025,0.000028,0.000016,0.000020,0.000032,0.000022,0.000037,0.000068,0.000093,0.000116,0.000122,0.000094,0.000076,0.000061,0.000059,0.000050,0.000036,0.000129,0.000120,0.000110,0.000097,0.000092,0.000066,0.000048,0.000012,0.000035,0.000050,0.000085
832,,,,,,,,,,,,,,0.000004,0.000105,0.000069,0.000098,0.000089,0.000054,0.000042,0.000041,0.000045,0.000037,0.000040,0.000031,0.000027,0.000032,0.000037,0.000029,0.000030,0.000031,0.000030,0.000036,0.000045,0.000058,0.000075,0.000104,0.000050,0.000032,0.000083,0.000061,0.000048,0.000040,0.000051,0.000049,0.000040,0.000008,0.000020,0.000035,0.000042
833,,,,,,,,,,,,,,0.000009,0.000185,0.000126,0.000131,0.000149,0.000144,0.000175,0.000218,0.000239,0.000205,0.000211,0.000186,0.000159,0.000136,0.000107,0.000089,0.000083,0.000077,0.000068,0.000067,0.000042,0.000037,0.000030,0.000026,0.000030,0.000020,0.000034,0.000024,0.000020,0.000016,0.000018,0.000018,0.000016,0.000011,0.000039,0.000094,0.000166
834,,,,,,,,,,,,,,0.000008,0.000207,0.000135,0.000192,0.000153,0.000088,0.000087,0.000093,0.000096,0.000071,0.000069,0.000058,0.000064,0.000053,0.000045,0.000041,0.000044,0.000046,0.000050,0.000067,0.000062,0.000066,0.000067,0.000063,0.000030,0.000029,0.000051,0.000047,0.000047,0.000054,0.000053,0.000042,0.000033,0.000006,0.000019,0.000034,0.000065
835,,,,,,,,,,,,,,0.000006,0.000144,0.000075,0.000106,0.000090,0.000067,0.000069,0.000075,0.000085,0.000064,0.000062,0.000064,0.000060,0.000063,0.000070,0.000075,0.000071,0.000064,0.000069,0.000066,0.000065,0.000068,0.000060,0.000044,0.000026,0.000019,0.000047,0.000050,0.000045,0.000041,0.000045,0.000045,0.000041,0.000013,0.000054,0.000079,0.000106
836,,,,,,,,,,,,,,0.000003,0.000069,0.000052,0.000073,0.000159,0.000220,0.000302,0.000361,0.000404,0.000296,0.000280,0.000216,0.000174,0.000156,0.000133,0.000114,0.000103,0.000088,0.000076,0.000079,0.000065,0.000073,0.000069,0.000073,0.000033,0.000027,0.000077,0.000084,0.000081,0.000071,0.000066,0.000058,0.000046,0.000004,0.000016,0.000041,0.000070
837,,,,,,,,,,,,,,0.000005,0.000084,0.000058,0.000064,0.000076,0.000086,0.000132,0.000188,0.000286,0.000229,0.000208,0.000149,0.000128,0.000097,0.000079,0.000063,0.000062,0.000047,0.000054,0.000053,0.000044,0.000053,0.000046,0.000048,0.000023,0.000020,0.000052,0.000045,0.000044,0.000037,0.000029,0.000025,0.000018,0.000003,0.000015,0.000036,0.000075
838,,,,,,,,,,,,,,0.000002,0.000063,0.000056,0.000068,0.000078,0.000079,0.000114,0.000167,0.000202,0.000191,0.000219,0.000197,0.000159,0.000134,0.000110,0.000101,0.000098,0.000097,0.000086,0.000086,0.000063,0.000063,0.000057,0.000059,0.000038,0.000023,0.000043,0.000045,0.000040,0.000041,0.000037,0.000029,0.000026,0.000005,0.000021,0.000033,0.000047
839,,,,,,,,,,,,,,0.000004,0.000069,0.000036,0.000036,0.000036,0.000031,0.000040,0.000047,0.000052,0.000046,0.000057,0.000057,0.000052,0.000048,0.000044,0.000051,0.000053,0.000053,0.000047,0.000040,0.000043,0.000045,0.000047,0.000047,0.000024,0.000017,0.000036,0.000033,0.000031,0.000030,0.000037,0.000035,0.000033,0.000007,0.000033,0.000078,0.000098
840,,,,,,,,,,,,,,0.000014,0.000273,0.000171,0.000145,0.000134,0.000112,0.000104,0.000104,0.000112,0.000089,0.000099,0.000088,0.000078,0.000060,0.000049,0.000049,0.000045,0.000038,0.000046,0.000073,0.000066,0.000073,0.000065,0.000057,0.000033,0.000022,0.000044,0.000048,0.000041,0.000039,0.000034,0.000024,0.000027,0.000007,0.000030,0.000054,0.000080
841,,,,,,,,,,,,,,0.000008,0.000285,0.000234,0.000309,0.000220,0.000129,0.000110,0.000115,0.000118,0.000127,0.000124,0.000107,0.000108,0.000110,0.000105,0.000078,0.000070,0.000073,0.000069,0.000062,0.000044,0.000044,0.000038,0.000035,0.000037,0.000027,0.000031,0.000024,0.000021,0.000021,0.000026,0.000025,0.000017,0.000010,0.000030,0.000036,0.000052
842,,,,,,,,,,,,,,0.000004,0.000093,0.000077,0.000130,0.000194,0.000164,0.000149,0.000153,0.000144,0.000107,0.000115,0.000111,0.000093,0.000086,0.000079,0.000069,0.000065,0.000069,0.000074,0.000070,0.000115,0.000118,0.000085,0.000067,0.000037,0.000026,0.000068,0.000068,0.000054,0.000048,0.000044,0.000032,0.000023,0.000006,0.000023,0.000032,0.000044
843,,,,,,,,,,,,,,0.000008,0.000164,0.000107,0.000117,0.000105,0.000085,0.000079,0.000074,0.000081,0.000073,0.000053,0.000041,0.000035,0.000051,0.000057,0.000039,0.000051,0.000043,0.000035,0.000051,0.000049,0.000055,0.000059,0.000058,0.000039,0.000025,0.000050,0.000043,0.000043,0.000046,0.000054,0.000047,0.000038,0.000009,0.000035,0.000102,0.000229
844,,,,,,,,,,,,,,0.000005,0.000088,0.000044,0.000057,0.000049,0.000039,0.000043,0.000049,0.000051,0.000045,0.000053,0.000048,0.000045,0.000044,0.000038,0.000037,0.000039,0.000038,0.000036,0.000055,0.000052,0.000043,0.000033,0.000042,0.000059,0.000028,0.000060,0.000057,0.000059,0.000066,0.000070,0.000067,0.000057,0.000014,0.000050,0.000095,0.000125
845,,,,,,,,,,,,,,0.000010,0.000190,0.000131,0.000160,0.000181,0.000180,0.000229,0.000321,0.000430,0.000474,0.000649,0.000689,0.000754,0.000737,0.000645,0.000532,0.000467,0.000356,0.000279,0.000242,0.000161,0.000151,0.000123,0.000107,0.000039,0.000028,0.000097,0.000101,0.000095,0.000079,0.000068,0.000051,0.000036,0.000002,0.000032,0.000095,0.000175
846,,,,,,,,,,,,,,0.000005,0.000069,0.000059,0.000064,0.000070,0.000092,0.000123,0.000167,0.000217,0.000218,0.000281,0.000307,0.000334,0.000312,0.000298,0.000270,0.000259,0.000227,0.000203,0.000187,0.000135,0.000137,0.000122,0.000136,0.000060,0.000054,0.000280,0.000301,0.000284,0.000224,0.000171,0.000119,0.000071,0.000007,0.000029,0.000019,0.000018
847,,,,,,,,,,,,,,0.000006,0.000167,0.000124,0.000182,0.000171,0.000138,0.000134,0.000128,0.000123,0.000109,0.000109,0.000098,0.000083,0.000066,0.000060,0.000068,0.000084,0.000118,0.000203,0.000280,0.000270,0.000201,0.000138,0.000097,0.000033,0.000022,0.000053,0.000043,0.000034,0.000023,0.000013,0.000009,0.000005,0.000004,0.000023,0.000050,0.000091
848,,,,,,,,,,,,,,0.000011,0.000228,0.000115,0.000103,0.000080,0.000055,0.000061,0.000069,0.000067,0.000050,0.000070,0.000064,0.000057,0.000051,0.000045,0.000047,0.000059,0.000048,0.000044,0.000050,0.000034,0.000040,0.000046,0.000051,0.000048,0.000022,0.000052,0.000052,0.000056,0.000053,0.000052,0.000041,0.000033,0.000005,0.000023,0.000056,0.000095
849,,,,,,,,,,,,,,0.000003,0.000083,0.000064,0.000066,0.000060,0.000044,0.000049,0.000056,0.000062,0.000070,0.000090,0.000092,0.000070,0.000072,0.000073,0.000091,0.000102,0.000107,0.000113,0.000120,0.000088,0.000089,0.000069,0.000072,0.000112,0.000055,0.000069,0.000053,0.000043,0.000037,0.000033,0.000029,0.000022,0.000006,0.000020,0.000030,0.000041
850,,,,,,,,,,,,,,0.000004,0.000072,0.000058,0.000049,0.000054,0.000041,0.000029,0.000028,0.000027,0.000034,0.000036,0.000038,0.000037,0.000040,0.000047,0.000049,0.000050,0.000054,0.000059,0.000074,0.000073,0.000070,0.000080,0.000123,0.000095,0.000068,0.000296,0.000298,0.000261,0.000213,0.000179,0.000137,0.000113,0.000017,0.000043,0.000065,0.000109
851,,,,,,,,,,,,,,0.000009,0.000213,0.000120,0.000144,0.000136,0.000103,0.000086,0.000091,0.000090,0.000076,0.000086,0.000073,0.000069,0.000078,0.000060,0.000048,0.000045,0.000051,0.000053,0.000054,0.000060,0.000059,0.000051,0.000048,0.000039,0.000025,0.000053,0.000045,0.000043,0.000038,0.000031,0.000029,0.000024,0.000009,0.000034,0.000083,0.000173
852,,,,,,,,,,,,,,0.000005,0.000084,0.000058,0.000079,0.000088,0.000073,0.000070,0.000075,0.000084,0.000078,0.000094,0.000089,0.000070,0.000064,0.000058,0.000058,0.000069,0.000078,0.000070,0.000062,0.000037,0.000031,0.000026,0.000015,0.000010,0.000016,0.000018,0.000022,0.000026,0.000028,0.000027,0.000026,0.000022,0.000010,0.000047,0.000104,0.000153
853,,,,,,,,,,,,,,0.000005,0.000080,0.000052,0.000057,0.000066,0.000062,0.000091,0.000142,0.000180,0.000209,0.000300,0.000334,0.000402,0.000445,0.000385,0.000372,0.000360,0.000332,0.000319,0.000324,0.000243,0.000222,0.000277,0.000164,0.000068,0.000043,0.000093,0.000074,0.000062,0.000044,0.000046,0.000040,0.000027,0.000008,0.000037,0.000063,0.000096
854,,,,,,,,,,,,,,0.000003,0.000060,0.000054,0.000042,0.000047,0.000055,0.000102,0.000179,0.000297,0.000306,0.000353,0.000315,0.000251,0.000219,0.000177,0.000139,0.000121,0.000087,0.000068,0.000077,0.000061,0.000063,0.000055,0.000045,0.000024,0.000022,0.000050,0.000055,0.000052,0.000054,0.000051,0.000035,0.000029,0.000006,0.000018,0.000031,0.000047
855,,,,,,,,,,,,,,0.000007,0.000144,0.000093,0.000094,0.000090,0.000082,0.000100,0.000140,0.000204,0.000253,0.000313,0.000347,0.000402,0.000430,0.000447,0.000375,0.000326,0.000272,0.000185,0.000144,0.000090,0.000073,0.000054,0.000061,0.000030,0.000039,0.000050,0.000047,0.000048,0.000043,0.000047,0.000039,0.000021,0.000009,0.000020,0.000038,0.000077
856,,,,,,,,,,,,,,0.000007,0.000122,0.000080,0.000092,0.000086,0.000077,0.000083,0.000094,0.000112,0.000114,0.000139,0.000113,0.000091,0.000070,0.000068,0.000067,0.000077,0.000089,0.000134,0.000201,0.000186,0.000164,0.000098,0.000062,0.000026,0.000019,0.000040,0.000039,0.000040,0.000031,0.000028,0.000019,0.000012,0.000005,0.000031,0.000062,0.000127
857,,,,,,,,,,,,,,0.000008,0.000189,0.000104,0.000103,0.000109,0.000080,0.000085,0.000087,0.000097,0.000085,0.000080,0.000072,0.000069,0.000057,0.000045,0.000041,0.000043,0.000027,0.000019,0.000034,0.000034,0.000035,0.000039,0.000050,0.000027,0.000021,0.000045,0.000043,0.000035,0.000037,0.000047,0.000045,0.000044,0.000008,0.000035,0.000051,0.000088
858,,,,,,,,,,,,,,0.000004,0.000089,0.000045,0.000046,0.000041,0.000022,0.000022,0.000034,0.000036,0.000066,0.000049,0.000041,0.000048,0.000049,0.000045,0.000040,0.000045,0.000039,0.000036,0.000041,0.000039,0.000055,0.000064,0.000062,0.000038,0.000026,0.000065,0.000055,0.000045,0.000035,0.000034,0.000033,0.000040,0.000015,0.000052,0.000078,0.000120
859,,,,,,,,,,,,,,0.000003,0.000091,0.000070,0.000088,0.000098,0.000079,0.000078,0.000082,0.000074,0.000069,0.000067,0.000052,0.000044,0.000035,0.000026,0.000020,0.000023,0.000025,0.000021,0.000028,0.000031,0.000023,0.000023,0.000027,0.000027,0.000027,0.000059,0.000079,0.000097,0.000105,0.000123,0.000119,0.000113,0.000017,0.000041,0.000050,0.000068
860,,,,,,,,,,,,,,0.000004,0.000086,0.000056,0.000058,0.000049,0.000035,0.000047,0.000051,0.000056,0.000048,0.000052,0.000043,0.000040,0.000030,0.000026,0.000028,0.000026,0.000029,0.000034,0.000038,0.000034,0.000037,0.000036,0.000036,0.000027,0.000020,0.000029,0.000025,0.000025,0.000034,0.000045,0.000042,0.000032,0.000010,0.000033,0.000056,0.000074
861,,,,,,,,,,,,,,0.000014,0.000296,0.000246,0.000410,0.000333,0.000218,0.000203,0.000201,0.000192,0.000151,0.000170,0.000136,0.000121,0.000130,0.000133,0.000119,0.000130,0.000135,0.000134,0.000131,0.000103,0.000111,0.000099,0.000106,0.000033,0.000020,0.000065,0.000063,0.000058,0.000053,0.000052,0.000042,0.000037,0.000005,0.000028,0.000057,0.000161
862,,,,,,,,,,,,,,0.000017,0.000340,0.000212,0.000264,0.000246,0.000203,0.000226,0.000256,0.000287,0.000287,0.000304,0.000290,0.000286,0.000278,0.000246,0.000216,0.000225,0.000185,0.000181,0.000199,0.000200,0.000269,0.000255,0.000282,0.000140,0.000084,0.000219,0.000155,0.000106,0.000068,0.000052,0.000029,0.000019,0.000008,0.000047,0.000122,0.000233
863,,,,,,,,,,,,,,0.000004,0.000081,0.000064,0.000070,0.000078,0.000069,0.000078,0.000085,0.000092,0.000088,0.000091,0.000079,0.000070,0.000076,0.000073,0.000062,0.000066,0.000065,0.000068,0.000078,0.000072,0.000089,0.000084,0.000083,0.000033,0.000028,0.000114,0.000124,0.000102,0.000068,0.000051,0.000029,0.000012,0.000002,0.000011,0.000028,0.000048
864,,,,,,,,,,,,,,0.000011,0.000187,0.000119,0.000121,0.000175,0.000209,0.000254,0.000283,0.000297,0.000233,0.000263,0.000221,0.000188,0.000183,0.000169,0.000173,0.000170,0.000134,0.000105,0.000105,0.000074,0.000062,0.000042,0.000033,0.000018,0.000014,0.000025,0.000031,0.000035,0.000035,0.000035,0.000029,0.000026,0.000006,0.000047,0.000149,0.000251
865,,,,,,,,,,,,,,0.000004,0.000105,0.000087,0.000156,0.000168,0.000142,0.000178,0.000224,0.000259,0.000207,0.000235,0.000203,0.000165,0.000133,0.000110,0.000112,0.000120,0.000115,0.000149,0.000199,0.000201,0.000190,0.000137,0.000113,0.000049,0.000038,0.000118,0.000129,0.000135,0.000165,0.000188,0.000156,0.000131,0.000014,0.000032,0.000043,0.000080
866,,,,,,,,,,,,,,0.000004,0.000072,0.000042,0.000036,0.000038,0.000029,0.000028,0.000040,0.000049,0.000062,0.000066,0.000056,0.000046,0.000051,0.000051,0.000049,0.000047,0.000052,0.000056,0.000069,0.000072,0.000087,0.000093,0.000098,0.000049,0.000030,0.000112,0.000108,0.000094,0.000088,0.000095,0.000085,0.000073,0.000009,0.000038,0.000083,0.000152
867,,,,,,,,,,,,,,0.000004,0.000066,0.000047,0.000059,0.000098,0.000124,0.000204,0.000306,0.000346,0.000278,0.000284,0.000253,0.000220,0.000194,0.000170,0.000155,0.000162,0.000149,0.000108,0.000104,0.000072,0.000065,0.000050,0.000046,0.000020,0.000016,0.000046,0.000045,0.000040,0.000033,0.000029,0.000018,0.000014,0.000003,0.000022,0.000040,0.000071
868,,,,,,,,,,,,,,0.000004,0.000093,0.000063,0.000079,0.000085,0.000078,0.000079,0.000084,0.000070,0.000051,0.000063,0.000059,0.000055,0.000054,0.000053,0.000062,0.000067,0.000062,0.000070,0.000113,0.000155,0.000149,0.000141,0.000126,0.000066,0.000044,0.000078,0.000061,0.000048,0.000034,0.000029,0.000024,0.000022,0.000006,0.000029,0.000065,0.000107
869,,,,,,,,,,,,,,0.000006,0.000151,0.000094,0.000087,0.000085,0.000063,0.000072,0.000089,0.000089,0.000085,0.000083,0.000069,0.000051,0.000039,0.000023,0.000018,0.000021,0.000030,0.000036,0.000042,0.000030,0.000034,0.000030,0.000027,0.000026,0.000021,0.000051,0.000061,0.000059,0.000047,0.000040,0.000033,0.000024,0.000007,0.000026,0.000050,0.000097
870,,,,,,,,,,,,,,0.000004,0.000061,0.000037,0.000046,0.000046,0.000038,0.000045,0.000049,0.000048,0.000049,0.000059,0.000055,0.000062,0.000065,0.000057,0.000053,0.000049,0.000054,0.000059,0.000063,0.000044,0.000054,0.000039,0.000037,0.000027,0.000017,0.000035,0.000074,0.000091,0.000072,0.000066,0.000056,0.000045,0.000005,0.000019,0.000043,0.000076
871,,,,,,,,,,,,,,0.000002,0.000055,0.000037,0.000035,0.000037,0.000035,0.000032,0.000035,0.000033,0.000034,0.000037,0.000037,0.000043,0.000034,0.000030,0.000031,0.000034,0.000036,0.000033,0.000030,0.000028,0.000033,0.000029,0.000036,0.000044,0.000018,0.000041,0.000038,0.000032,0.000025,0.000023,0.000020,0.000018,0.000004,0.000012,0.000025,0.000035
872,,,,,,,,,,,,,,0.000004,0.000088,0.000051,0.000053,0.000056,0.000074,0.000133,0.000255,0.000380,0.000374,0.000433,0.000364,0.000324,0.000308,0.000272,0.000244,0.000217,0.000187,0.000181,0.000158,0.000088,0.000084,0.000063,0.000058,0.000028,0.000024,0.000048,0.000052,0.000054,0.000041,0.000041,0.000026,0.000017,0.000005,0.000017,0.000040,0.000059
873,,,,,,,,,,,,,,0.000004,0.000066,0.000047,0.000068,0.000058,0.000045,0.000060,0.000078,0.000082,0.000078,0.000081,0.000079,0.000069,0.000071,0.000074,0.000071,0.000083,0.000067,0.000068,0.000065,0.000044,0.000044,0.000058,0.000076,0.000050,0.000045,0.000093,0.000100,0.000098,0.000103,0.000079,0.000070,0.000078,0.000010,0.000040,0.000061,0.000106
874,,,,,,,,,,,,,,0.000007,0.000152,0.000100,0.000115,0.000121,0.000118,0.000171,0.000265,0.000382,0.000456,0.000528,0.000523,0.000522,0.000520,0.000512,0.000548,0.000543,0.000403,0.000292,0.000230,0.000145,0.000123,0.000102,0.000087,0.000034,0.000029,0.000079,0.000073,0.000062,0.000043,0.000036,0.000022,0.000013,0.000004,0.000026,0.000062,0.000117
875,,,,,,,,,,,,,,0.000011,0.000291,0.000180,0.000249,0.000240,0.000211,0.000242,0.000280,0.000307,0.000281,0.000284,0.000236,0.000199,0.000158,0.000126,0.000109,0.000101,0.000095,0.000094,0.000093,0.000089,0.000106,0.000084,0.000077,0.000034,0.000022,0.000049,0.000030,0.000030,0.000024,0.000023,0.000022,0.000022,0.000013,0.000070,0.000159,0.000274
876,,,,,,,,,,,,,,0.000008,0.000163,0.000085,0.000085,0.000069,0.000053,0.000052,0.000055,0.000057,0.000049,0.000051,0.000039,0.000046,0.000056,0.000057,0.000062,0.000066,0.000067,0.000083,0.000098,0.000074,0.000052,0.000041,0.000043,0.000028,0.000028,0.000098,0.000118,0.000118,0.000136,0.000151,0.000087,0.000043,0.000005,0.000022,0.000055,0.000127
877,,,,,,,,,,,,,,0.000004,0.000158,0.000119,0.000157,0.000223,0.000205,0.000211,0.000201,0.000179,0.000153,0.000159,0.000143,0.000135,0.000109,0.000085,0.000070,0.000063,0.000056,0.000054,0.000055,0.000039,0.000039,0.000034,0.000035,0.000016,0.000018,0.000079,0.000078,0.000057,0.000036,0.000028,0.000023,0.000018,0.000002,0.000009,0.000025,0.000056
878,,,,,,,,,,,,,,0.000006,0.000119,0.000074,0.000072,0.000077,0.000068,0.000090,0.000123,0.000130,0.000115,0.000131,0.000128,0.000113,0.000095,0.000080,0.000105,0.000156,0.000172,0.000173,0.000247,0.000296,0.000316,0.000239,0.000175,0.000073,0.000043,0.000086,0.000070,0.000055,0.000038,0.000034,0.000022,0.000023,0.000012,0.000045,0.000079,0.000113
879,,,,,,,,,,,,,,0.000006,0.000135,0.000087,0.000094,0.000098,0.000086,0.000086,0.000092,0.000097,0.000090,0.000104,0.000096,0.000086,0.000069,0.000058,0.000061,0.000063,0.000054,0.000054,0.000062,0.000058,0.000087,0.000059,0.000046,0.000038,0.000020,0.000023,0.000015,0.000011,0.000013,0.000016,0.000020,0.000027,0.000015,0.000049,0.000101,0.000155
880,,,,,,,,,,,,,,0.000007,0.000261,0.000144,0.000108,0.000080,0.000052,0.000054,0.000057,0.000054,0.000048,0.000047,0.000033,0.000037,0.000035,0.000031,0.000030,0.000039,0.000026,0.000023,0.000029,0.000029,0.000034,0.000035,0.000040,0.000033,0.000031,0.000146,0.000164,0.000145,0.000106,0.000079,0.000052,0.000033,0.000005,0.000017,0.000026,0.000059
881,,,,,,,,,,,,,,0.000004,0.000087,0.000073,0.000074,0.000044,0.000033,0.000028,0.000020,0.000024,0.000028,0.000033,0.000044,0.000059,0.000085,0.000108,0.000151,0.000242,0.000349,0.000434,0.000507,0.000371,0.000316,0.000222,0.000183,0.000096,0.000046,0.000115,0.000081,0.000060,0.000050,0.000046,0.000044,0.000042,0.000013,0.000036,0.000061,0.000091
882,,,,,,,,,,,,,,0.000004,0.000090,0.000054,0.000059,0.000048,0.000043,0.000041,0.000042,0.000048,0.000054,0.000053,0.000051,0.000053,0.000058,0.000059,0.000055,0.000060,0.000062,0.000056,0.000056,0.000054,0.000060,0.000063,0.000059,0.000038,0.000020,0.000032,0.000035,0.000037,0.000038,0.000069,0.000055,0.000043,0.000009,0.000037,0.000053,0.000084
883,,,,,,,,,,,,,,0.000005,0.000137,0.000085,0.000076,0.000057,0.000038,0.000035,0.000042,0.000059,0.000077,0.000082,0.000077,0.000068,0.000056,0.000047,0.000046,0.000040,0.000031,0.000031,0.000025,0.000016,0.000021,0.000020,0.000020,0.000025,0.000023,0.000049,0.000058,0.000060,0.000046,0.000029,0.000018,0.000011,0.000006,0.000034,0.000064,0.000069
884,,,,,,,,,,,,,,0.000010,0.000154,0.000090,0.000084,0.000074,0.000061,0.000072,0.000089,0.000085,0.000085,0.000077,0.000069,0.000068,0.000069,0.000066,0.000060,0.000065,0.000064,0.000066,0.000077,0.000095,0.000162,0.000206,0.000235,0.000114,0.000051,0.000125,0.000110,0.000103,0.000095,0.000084,0.000059,0.000043,0.000008,0.000045,0.000125,0.000238
885,,,,,,,,,,,,,,0.000004,0.000072,0.000047,0.000057,0.000053,0.000053,0.000070,0.000091,0.000107,0.000099,0.000108,0.000092,0.000101,0.000090,0.000081,0.000079,0.000079,0.000070,0.000068,0.000069,0.000055,0.000061,0.000058,0.000057,0.000022,0.000017,0.000043,0.000033,0.000034,0.000036,0.000035,0.000029,0.000029,0.000015,0.000063,0.000095,0.000122
886,,,,,,,,,,,,,,0.000008,0.000126,0.000062,0.000062,0.000056,0.000053,0.000069,0.000098,0.000116,0.000130,0.000171,0.000188,0.000182,0.000176,0.000120,0.000096,0.000092,0.000075,0.000074,0.000077,0.000062,0.000058,0.000058,0.000064,0.000062,0.000032,0.000068,0.000047,0.000033,0.000022,0.000018,0.000012,0.000011,0.000008,0.000031,0.000078,0.000207
887,,,,,,,,,,,,,,0.000007,0.000169,0.000105,0.000119,0.000130,0.000117,0.000126,0.000136,0.000151,0.000147,0.000181,0.000178,0.000188,0.000207,0.000210,0.000229,0.000195,0.000134,0.000110,0.000100,0.000081,0.000083,0.000094,0.000093,0.000064,0.000025,0.000048,0.000040,0.000032,0.000025,0.000019,0.000018,0.000013,0.000005,0.000019,0.000024,0.000043
888,,,,,,,,,,,,,,0.000004,0.000103,0.000067,0.000070,0.000053,0.000033,0.000041,0.000045,0.000049,0.000039,0.000044,0.000034,0.000038,0.000039,0.000063,0.000066,0.000079,0.000106,0.000130,0.000145,0.000126,0.000117,0.000094,0.000094,0.000062,0.000055,0.000284,0.000346,0.000323,0.000265,0.000205,0.000143,0.000080,0.000011,0.000044,0.000061,0.000102
889,,,,,,,,,,,,,,0.000006,0.000142,0.000088,0.000091,0.000085,0.000066,0.000067,0.000072,0.000083,0.000066,0.000096,0.000084,0.000083,0.000090,0.000083,0.000076,0.000062,0.000065,0.000076,0.000115,0.000123,0.000148,0.000159,0.000166,0.000138,0.000080,0.000208,0.000214,0.000171,0.000137,0.000108,0.000084,0.000057,0.000015,0.000054,0.000063,0.000093
890,,,,,,,,,,,,,,0.000005,0.000109,0.000058,0.000072,0.000108,0.000160,0.000263,0.000402,0.000509,0.000423,0.000464,0.000363,0.000279,0.000227,0.000198,0.000188,0.000154,0.000137,0.000124,0.000105,0.000082,0.000068,0.000068,0.000081,0.000045,0.000037,0.000069,0.000068,0.000059,0.000053,0.000050,0.000038,0.000050,0.000017,0.000067,0.000081,0.000114
891,,,,,,,,,,,,,,0.000007,0.000127,0.000080,0.000081,0.000068,0.000059,0.000056,0.000060,0.000075,0.000086,0.000118,0.000124,0.000118,0.000114,0.000109,0.000089,0.000085,0.000070,0.000064,0.000064,0.000057,0.000057,0.000046,0.000038,0.000028,0.000022,0.000044,0.000039,0.000035,0.000029,0.000023,0.000019,0.000019,0.000008,0.000070,0.000186,0.000230
892,,,,,,,,,,,,,,0.000002,0.000049,0.000040,0.000040,0.000048,0.000067,0.000098,0.000131,0.000149,0.000147,0.000143,0.000153,0.000158,0.000181,0.000225,0.000278,0.000393,0.000486,0.000534,0.000510,0.000322,0.000247,0.000169,0.000127,0.000056,0.000045,0.000100,0.000093,0.000090,0.000077,0.000055,0.000043,0.000030,0.000008,0.000048,0.000059,0.000055
893,,,,,,,,,,,,,,0.000013,0.000228,0.000122,0.000133,0.000106,0.000092,0.000104,0.000155,0.000228,0.000307,0.000368,0.000302,0.000291,0.000265,0.000217,0.000235,0.000244,0.000249,0.000273,0.000360,0.000303,0.000282,0.000178,0.000116,0.000053,0.000036,0.000096,0.000095,0.000125,0.000160,0.000174,0.000144,0.000092,0.000014,0.000054,0.000093,0.000151
894,,,,,,,,,,,,,,0.000020,0.000409,0.000281,0.000281,0.000265,0.000242,0.000230,0.000224,0.000202,0.000156,0.000140,0.000127,0.000126,0.000111,0.000095,0.000076,0.000064,0.000060,0.000059,0.000049,0.000044,0.000037,0.000047,0.000042,0.000038,0.000034,0.000063,0.000055,0.000041,0.000041,0.000044,0.000041,0.000028,0.000008,0.000035,0.000055,0.000074
895,,,,,,,,,,,,,,0.000006,0.000055,0.000029,0.000034,0.000032,0.000028,0.000037,0.000037,0.000029,0.000024,0.000033,0.000027,0.000028,0.000036,0.000051,0.000082,0.000146,0.000201,0.000307,0.000331,0.000293,0.000298,0.000221,0.000177,0.000054,0.000031,0.000108,0.000124,0.000145,0.000145,0.000142,0.000121,0.000093,0.000013,0.000084,0.000231,0.000396
896,,,,,,,,,,,,,,0.000005,0.000103,0.000070,0.000055,0.000046,0.000043,0.000050,0.000053,0.000063,0.000060,0.000063,0.000069,0.000076,0.000092,0.000080,0.000075,0.000069,0.000051,0.000041,0.000044,0.000062,0.000102,0.000130,0.000183,0.000088,0.000060,0.000134,0.000086,0.000059,0.000048,0.000044,0.000030,0.000017,0.000005,0.000025,0.000051,0.000057
897,,,,,,,,,,,,,,0.000015,0.000331,0.000182,0.000231,0.000217,0.000174,0.000179,0.000217,0.000278,0.000320,0.000318,0.000291,0.000269,0.000235,0.000188,0.000152,0.000113,0.000069,0.000043,0.000035,0.000030,0.000030,0.000037,0.000047,0.000053,0.000033,0.000056,0.000064,0.000080,0.000099,0.000128,0.000138,0.000140,0.000033,0.000078,0.000135,0.000254
898,,,,,,,,,,,,,,0.000016,0.000227,0.000109,0.000096,0.000090,0.000080,0.000087,0.000094,0.000101,0.000104,0.000107,0.000107,0.000103,0.000089,0.000065,0.000059,0.000065,0.000070,0.000065,0.000069,0.000050,0.000047,0.000053,0.000044,0.000029,0.000021,0.000055,0.000046,0.000042,0.000039,0.000034,0.000027,0.000021,0.000005,0.000018,0.000045,0.000099
899,,,,,,,,,,,,,,0.000006,0.000143,0.000062,0.000090,0.000096,0.000071,0.000065,0.000072,0.000073,0.000065,0.000069,0.000071,0.000082,0.000066,0.000069,0.000062,0.000070,0.000091,0.000119,0.000200,0.000228,0.000209,0.000145,0.000107,0.000037,0.000027,0.000074,0.000071,0.000056,0.000047,0.000048,0.000041,0.000039,0.000009,0.000026,0.000052,0.000084
900,,,,,,,,,,,,,,0.000002,0.000081,0.000089,0.000155,0.000165,0.000141,0.000125,0.000112,0.000079,0.000066,0.000070,0.000057,0.000036,0.000036,0.000032,0.000033,0.000039,0.000036,0.000041,0.000048,0.000048,0.000046,0.000038,0.000038,0.000018,0.000015,0.000039,0.000044,0.000043,0.000042,0.000044,0.000045,0.000040,0.000009,0.000034,0.000078,0.000117
901,,,,,,,,,,,,,,0.000008,0.000155,0.000086,0.000082,0.000095,0.000092,0.000100,0.000100,0.000108,0.000112,0.000130,0.000109,0.000099,0.000094,0.000078,0.000071,0.000082,0.000070,0.000065,0.000069,0.000056,0.000082,0.000086,0.000081,0.000035,0.000032,0.000075,0.000079,0.000075,0.000070,0.000059,0.000047,0.000042,0.000010,0.000057,0.000157,0.000264
902,,,,,,,,,,,,,,0.000012,0.000175,0.000089,0.000091,0.000072,0.000053,0.000048,0.000051,0.000089,0.000105,0.000113,0.000089,0.000090,0.000079,0.000075,0.000065,0.000070,0.000099,0.000139,0.000212,0.000216,0.000215,0.000163,0.000147,0.000072,0.000050,0.000127,0.000153,0.000191,0.000241,0.000269,0.000207,0.000137,0.000013,0.000045,0.000085,0.000126
903,,,,,,,,,,,,,,0.000008,0.000157,0.000098,0.000095,0.000071,0.000045,0.000048,0.000071,0.000082,0.000068,0.000064,0.000047,0.000055,0.000066,0.000071,0.000067,0.000086,0.000099,0.000092,0.000085,0.000059,0.000051,0.000041,0.000035,0.000019,0.000018,0.000038,0.000042,0.000056,0.000077,0.000091,0.000085,0.000087,0.000023,0.000094,0.000117,0.000169
904,,,,,,,,,,,,,,0.000005,0.000094,0.000077,0.000057,0.000050,0.000042,0.000044,0.000039,0.000049,0.000045,0.000049,0.000050,0.000042,0.000051,0.000048,0.000057,0.000068,0.000069,0.000068,0.000062,0.000052,0.000058,0.000055,0.000059,0.000040,0.000025,0.000054,0.000058,0.000065,0.000083,0.000081,0.000076,0.000078,0.000012,0.000042,0.000084,0.000136
905,,,,,,,,,,,,,,0.000002,0.000052,0.000042,0.000042,0.000053,0.000040,0.000047,0.000070,0.000095,0.000103,0.000126,0.000162,0.000147,0.000123,0.000101,0.000104,0.000112,0.000110,0.000105,0.000104,0.000075,0.000072,0.000066,0.000067,0.000042,0.000043,0.000176,0.000215,0.000199,0.000135,0.000091,0.000063,0.000047,0.000010,0.000019,0.000035,0.000062
906,,,,,,,,,,,,,,0.000009,0.000258,0.000145,0.000146,0.000123,0.000089,0.000096,0.000097,0.000085,0.000076,0.000079,0.000071,0.000059,0.000050,0.000041,0.000045,0.000059,0.000048,0.000056,0.000069,0.000072,0.000088,0.000083,0.000089,0.000103,0.000069,0.000086,0.000053,0.000045,0.000040,0.000030,0.000030,0.000024,0.000011,0.000049,0.000067,0.000105
907,,,,,,,,,,,,,,0.000003,0.000060,0.000048,0.000053,0.000048,0.000040,0.000039,0.000043,0.000043,0.000051,0.000049,0.000050,0.000046,0.000057,0.000071,0.000092,0.000145,0.000196,0.000224,0.000237,0.000159,0.000131,0.000096,0.000082,0.000040,0.000024,0.000056,0.000038,0.000037,0.000055,0.000066,0.000064,0.000047,0.000010,0.000025,0.000030,0.000031
908,,,,,,,,,,,,,,0.000003,0.000063,0.000044,0.000041,0.000029,0.000025,0.000033,0.000047,0.000056,0.000045,0.000036,0.000035,0.000036,0.000045,0.000052,0.000053,0.000062,0.000071,0.000083,0.000061,0.000053,0.000047,0.000058,0.000077,0.000053,0.000036,0.000146,0.000153,0.000171,0.000187,0.000165,0.000119,0.000083,0.000013,0.000036,0.000045,0.000063
909,,,,,,,,,,,,,,0.000004,0.000120,0.000107,0.000160,0.000286,0.000308,0.000304,0.000275,0.000252,0.000204,0.000209,0.000186,0.000146,0.000137,0.000121,0.000115,0.000123,0.000122,0.000127,0.000120,0.000099,0.000077,0.000063,0.000062,0.000037,0.000026,0.000060,0.000048,0.000040,0.000041,0.000030,0.000021,0.000016,0.000005,0.000017,0.000027,0.000050
910,,,,,,,,,,,,,,0.000010,0.000246,0.000233,0.000269,0.000325,0.000306,0.000302,0.000316,0.000349,0.000346,0.000352,0.000320,0.000305,0.000273,0.000206,0.000180,0.000156,0.000128,0.000113,0.000102,0.000066,0.000056,0.000048,0.000054,0.000034,0.000030,0.000133,0.000134,0.000112,0.000083,0.000061,0.000044,0.000030,0.000005,0.000015,0.000046,0.000099
911,,,,,,,,,,,,,,0.000007,0.000159,0.000100,0.000100,0.000070,0.000048,0.000048,0.000055,0.000070,0.000077,0.000074,0.000075,0.000064,0.000055,0.000049,0.000043,0.000042,0.000049,0.000043,0.000043,0.000037,0.000033,0.000031,0.000022,0.000033,0.000021,0.000016,0.000011,0.000023,0.000040,0.000063,0.000086,0.000098,0.000025,0.000084,0.000063,0.000082
912,,,,,,,,,,,,,,0.000011,0.000298,0.000301,0.000267,0.000198,0.000142,0.000129,0.000121,0.000119,0.000104,0.000124,0.000119,0.000122,0.000114,0.000094,0.000081,0.000090,0.000077,0.000064,0.000073,0.000067,0.000077,0.000082,0.000102,0.000043,0.000032,0.000100,0.000091,0.000077,0.000058,0.000062,0.000047,0.000043,0.000006,0.000026,0.000062,0.000145
913,,,,,,,,,,,,,,0.000005,0.000129,0.000073,0.000091,0.000188,0.000241,0.000300,0.000365,0.000387,0.000352,0.000388,0.000309,0.000253,0.000228,0.000201,0.000187,0.000173,0.000129,0.000118,0.000122,0.000092,0.000074,0.000068,0.000055,0.000026,0.000025,0.000059,0.000056,0.000053,0.000045,0.000044,0.000036,0.000030,0.000004,0.000018,0.000038,0.000072
914,,,,,,,,,,,,,,0.000007,0.000172,0.000109,0.000109,0.000108,0.000104,0.000112,0.000132,0.000148,0.000137,0.000150,0.000127,0.000103,0.000097,0.000091,0.000082,0.000090,0.000091,0.000095,0.000099,0.000080,0.000077,0.000056,0.000054,0.000028,0.000021,0.000083,0.000100,0.000086,0.000078,0.000067,0.000057,0.000038,0.000006,0.000019,0.000042,0.000082
915,,,,,,,,,,,,,,0.000003,0.000063,0.000042,0.000048,0.000059,0.000051,0.000047,0.000049,0.000056,0.000046,0.000064,0.000051,0.000042,0.000042,0.000035,0.000038,0.000039,0.000042,0.000042,0.000036,0.000037,0.000042,0.000036,0.000033,0.000019,0.000017,0.000036,0.000043,0.000049,0.000058,0.000074,0.000060,0.000050,0.000011,0.000025,0.000049,0.000078
916,,,,,,,,,,,,,,0.000004,0.000060,0.000046,0.000104,0.000047,0.000038,0.000050,0.000064,0.000079,0.000097,0.000107,0.000095,0.000094,0.000094,0.000079,0.000062,0.000053,0.000046,0.000051,0.000053,0.000041,0.000040,0.000031,0.000033,0.000016,0.000013,0.000036,0.000039,0.000038,0.000036,0.000032,0.000023,0.000018,0.000002,0.000013,0.000033,0.000056
917,,,,,,,,,,,,,,0.000003,0.000072,0.000053,0.000090,0.000074,0.000053,0.000052,0.000062,0.000061,0.000047,0.000044,0.000041,0.000037,0.000034,0.000027,0.000038,0.000037,0.000039,0.000044,0.000056,0.000068,0.000079,0.000076,0.000058,0.000032,0.000023,0.000072,0.000063,0.000056,0.000054,0.000054,0.000041,0.000037,0.000008,0.000025,0.000046,0.000064
918,,,,,,,,,,,,,,0.000009,0.000231,0.000109,0.000104,0.000075,0.000046,0.000044,0.000045,0.000055,0.000049,0.000055,0.000039,0.000043,0.000036,0.000037,0.000046,0.000055,0.000051,0.000055,0.000068,0.000071,0.000081,0.000087,0.000101,0.000044,0.000035,0.000113,0.000090,0.000066,0.000045,0.000037,0.000026,0.000019,0.000007,0.000035,0.000066,0.000113
919,,,,,,,,,,,,,,0.000005,0.000100,0.000077,0.000063,0.000068,0.000063,0.000084,0.000163,0.000303,0.000371,0.000536,0.000570,0.000639,0.000673,0.000590,0.000466,0.000359,0.000257,0.000172,0.000148,0.000102,0.000093,0.000085,0.000068,0.000036,0.000025,0.000044,0.000045,0.000048,0.000045,0.000043,0.000034,0.000029,0.000006,0.000027,0.000048,0.000085
920,,,,,,,,,,,,,,0.000004,0.000073,0.000058,0.000085,0.000119,0.000156,0.000179,0.000204,0.000250,0.000272,0.000330,0.000311,0.000349,0.000368,0.000337,0.000279,0.000200,0.000132,0.000103,0.000098,0.000074,0.000062,0.000058,0.000057,0.000021,0.000019,0.000044,0.000037,0.000034,0.000029,0.000028,0.000021,0.000013,0.000004,0.000015,0.000029,0.000067
921,,,,,,,,,,,,,,0.000006,0.000113,0.000104,0.000074,0.000072,0.000061,0.000068,0.000074,0.000083,0.000083,0.000080,0.000085,0.000101,0.000106,0.000086,0.000079,0.000072,0.000065,0.000057,0.000075,0.000060,0.000061,0.000056,0.000049,0.000030,0.000019,0.000033,0.000030,0.000031,0.000029,0.000034,0.000034,0.000023,0.000006,0.000022,0.000047,0.000086
922,,,,,,,,,,,,,,0.000009,0.000197,0.000100,0.000099,0.000097,0.000080,0.000072,0.000073,0.000080,0.000071,0.000060,0.000049,0.000046,0.000038,0.000029,0.000032,0.000035,0.000037,0.000034,0.000044,0.000043,0.000050,0.000055,0.000066,0.000029,0.000027,0.000095,0.000102,0.000097,0.000072,0.000057,0.000040,0.000029,0.000004,0.000015,0.000029,0.000060
923,,,,,,,,,,,,,,0.000005,0.000134,0.000082,0.000098,0.000103,0.000090,0.000110,0.000124,0.000121,0.000105,0.000120,0.000102,0.000102,0.000097,0.000088,0.000086,0.000095,0.000085,0.000088,0.000098,0.000072,0.000072,0.000070,0.000074,0.000036,0.000024,0.000074,0.000066,0.000057,0.000049,0.000040,0.000021,0.000015,0.000003,0.000021,0.000044,0.000079
924,,,,,,,,,,,,,,0.000002,0.000037,0.000037,0.000061,0.000073,0.000088,0.000122,0.000165,0.000200,0.000216,0.000257,0.000229,0.000225,0.000226,0.000206,0.000215,0.000221,0.000222,0.000231,0.000270,0.000219,0.000168,0.000106,0.000091,0.000046,0.000032,0.000106,0.000086,0.000066,0.000046,0.000040,0.000027,0.000019,0.000005,0.000019,0.000048,0.000076
925,,,,,,,,,,,,,,0.000004,0.000096,0.000059,0.000051,0.000049,0.000040,0.000053,0.000063,0.000062,0.000062,0.000058,0.000049,0.000050,0.000060,0.000057,0.000050,0.000039,0.000044,0.000053,0.000063,0.000054,0.000063,0.000054,0.000084,0.000084,0.000068,0.000063,0.000049,0.000043,0.000042,0.000039,0.000038,0.000033,0.000008,0.000023,0.000029,0.000049
926,,,,,,,,,,,,,,0.000006,0.000150,0.000084,0.000101,0.000098,0.000090,0.000136,0.000196,0.000233,0.000215,0.000256,0.000238,0.000232,0.000198,0.000164,0.000146,0.000140,0.000151,0.000153,0.000150,0.000132,0.000177,0.000180,0.000239,0.000115,0.000091,0.000346,0.000268,0.000180,0.000123,0.000095,0.000069,0.000045,0.000005,0.000032,0.000067,0.000107
927,,,,,,,,,,,,,,0.000009,0.000198,0.000106,0.000075,0.000069,0.000067,0.000076,0.000095,0.000111,0.000111,0.000123,0.000097,0.000076,0.000068,0.000062,0.000078,0.000088,0.000090,0.000078,0.000067,0.000048,0.000061,0.000065,0.000063,0.000032,0.000024,0.000056,0.000055,0.000055,0.000056,0.000056,0.000059,0.000057,0.000010,0.000028,0.000067,0.000099
928,,,,,,,,,,,,,,0.000002,0.000040,0.000030,0.000040,0.000038,0.000034,0.000045,0.000051,0.000059,0.000054,0.000050,0.000034,0.000028,0.000025,0.000031,0.000033,0.000043,0.000049,0.000067,0.000076,0.000067,0.000070,0.000062,0.000071,0.000040,0.000035,0.000171,0.000209,0.000201,0.000150,0.000108,0.000074,0.000044,0.000006,0.000015,0.000019,0.000029
929,,,,,,,,,,,,,,0.000003,0.000059,0.000061,0.000075,0.000073,0.000068,0.000076,0.000088,0.000083,0.000070,0.000064,0.000053,0.000051,0.000040,0.000047,0.000065,0.000083,0.000108,0.000107,0.000120,0.000131,0.000117,0.000115,0.000121,0.000078,0.000057,0.000149,0.000113,0.000084,0.000057,0.000049,0.000029,0.000026,0.000007,0.000025,0.000039,0.000071
930,,,,,,,,,,,,,,0.000003,0.000062,0.000051,0.000033,0.000033,0.000032,0.000047,0.000067,0.000078,0.000056,0.000065,0.000104,0.000098,0.000072,0.000050,0.000052,0.000042,0.000045,0.000035,0.000045,0.000056,0.000091,0.000088,0.000076,0.000046,0.000026,0.000068,0.000075,0.000079,0.000083,0.000086,0.000079,0.000068,0.000012,0.000029,0.000046,0.000071
931,,,,,,,,,,,,,,0.000004,0.000110,0.000063,0.000083,0.000096,0.000109,0.000123,0.000137,0.000124,0.000093,0.000094,0.000061,0.000050,0.000043,0.000029,0.000034,0.000051,0.000043,0.000034,0.000038,0.000041,0.000045,0.000056,0.000064,0.000056,0.000042,0.000054,0.000039,0.000032,0.000025,0.000016,0.000018,0.000012,0.000004,0.000017,0.000027,0.000051
932,,,,,,,,,,,,,,0.000006,0.000197,0.000144,0.000133,0.000154,0.000127,0.000132,0.000152,0.000152,0.000127,0.000112,0.000105,0.000104,0.000095,0.000066,0.000055,0.000051,0.000043,0.000048,0.000065,0.000073,0.000082,0.000110,0.000131,0.000066,0.000035,0.000078,0.000058,0.000046,0.000040,0.000031,0.000023,0.000023,0.000006,0.000022,0.000049,0.000084
933,,,,,,,,,,,,,,0.000003,0.000064,0.000056,0.000082,0.000143,0.000239,0.000385,0.000553,0.000651,0.000575,0.000652,0.000540,0.000508,0.000514,0.000533,0.000586,0.000691,0.000700,0.000541,0.000376,0.000200,0.000159,0.000106,0.000082,0.000040,0.000024,0.000040,0.000042,0.000036,0.000033,0.000030,0.000022,0.000018,0.000006,0.000021,0.000041,0.000068
934,,,,,,,,,,,,,,0.000018,0.000432,0.000321,0.000431,0.000383,0.000254,0.000228,0.000223,0.000235,0.000204,0.000232,0.000201,0.000185,0.000169,0.000147,0.000135,0.000152,0.000150,0.000149,0.000158,0.000114,0.000107,0.000091,0.000082,0.000031,0.000024,0.000081,0.000081,0.000071,0.000056,0.000051,0.000036,0.000022,0.000003,0.000027,0.000089,0.000241
935,,,,,,,,,,,,,,0.000009,0.000154,0.000073,0.000076,0.000088,0.000108,0.000146,0.000217,0.000274,0.000264,0.000309,0.000296,0.000295,0.000291,0.000271,0.000277,0.000299,0.000268,0.000212,0.000197,0.000140,0.000122,0.000097,0.000075,0.000028,0.000021,0.000058,0.000047,0.000041,0.000044,0.000046,0.000045,0.000043,0.000006,0.000041,0.000131,0.000219
936,,,,,,,,,,,,,,0.000013,0.000191,0.000134,0.000200,0.000276,0.000319,0.000399,0.000422,0.000434,0.000369,0.000351,0.000283,0.000240,0.000237,0.000221,0.000204,0.000174,0.000128,0.000100,0.000066,0.000045,0.000036,0.000030,0.000029,0.000028,0.000021,0.000030,0.000018,0.000019,0.000013,0.000014,0.000016,0.000024,0.000015,0.000113,0.000330,0.000576
937,,,,,,,,,,,,,,0.000003,0.000067,0.000043,0.000050,0.000044,0.000036,0.000043,0.000048,0.000066,0.000061,0.000076,0.000069,0.000077,0.000078,0.000082,0.000090,0.000100,0.000134,0.000184,0.000262,0.000328,0.000255,0.000153,0.000105,0.000037,0.000022,0.000063,0.000060,0.000054,0.000045,0.000041,0.000037,0.000023,0.000003,0.000013,0.000028,0.000058
938,,,,,,,,,,,,,,0.000006,0.000141,0.000083,0.000073,0.000067,0.000055,0.000056,0.000067,0.000083,0.000076,0.000084,0.000074,0.000062,0.000060,0.000055,0.000057,0.000060,0.000055,0.000057,0.000064,0.000057,0.000065,0.000059,0.000063,0.000025,0.000023,0.000059,0.000060,0.000058,0.000058,0.000056,0.000044,0.000035,0.000004,0.000018,0.000044,0.000070
939,,,,,,,,,,,,,,0.000008,0.000173,0.000079,0.000078,0.000062,0.000052,0.000062,0.000070,0.000072,0.000075,0.000087,0.000094,0.000101,0.000101,0.000096,0.000107,0.000113,0.000103,0.000096,0.000082,0.000061,0.000071,0.000065,0.000073,0.000032,0.000021,0.000072,0.000068,0.000064,0.000055,0.000045,0.000040,0.000034,0.000003,0.000019,0.000052,0.000097
940,,,,,,,,,,,,,,0.000004,0.000106,0.000099,0.000162,0.000258,0.000355,0.000470,0.000592,0.000602,0.000433,0.000354,0.000219,0.000145,0.000093,0.000072,0.000052,0.000048,0.000042,0.000047,0.000041,0.000036,0.000042,0.000050,0.000041,0.000028,0.000027,0.000055,0.000054,0.000056,0.000051,0.000049,0.000042,0.000034,0.000009,0.000021,0.000028,0.000044
941,,,,,,,,,,,,,,0.000014,0.000261,0.000175,0.000138,0.000117,0.000085,0.000079,0.000076,0.000078,0.000079,0.000083,0.000080,0.000082,0.000083,0.000074,0.000073,0.000080,0.000068,0.000054,0.000050,0.000034,0.000033,0.000040,0.000034,0.000026,0.000017,0.000028,0.000019,0.000014,0.000013,0.000010,0.000011,0.000011,0.000008,0.000027,0.000082,0.000144
942,,,,,,,,,,,,,,0.000019,0.000519,0.000326,0.000343,0.000307,0.000248,0.000232,0.000227,0.000198,0.000162,0.000197,0.000213,0.000231,0.000276,0.000350,0.000416,0.000498,0.000457,0.000369,0.000281,0.000158,0.000128,0.000094,0.000080,0.000029,0.000026,0.000075,0.000063,0.000054,0.000055,0.000060,0.000048,0.000036,0.000005,0.000027,0.000081,0.000146
943,,,,,,,,,,,,,,0.000008,0.000162,0.000084,0.000094,0.000085,0.000066,0.000060,0.000069,0.000080,0.000081,0.000086,0.000089,0.000085,0.000078,0.000068,0.000066,0.000071,0.000069,0.000077,0.000089,0.000076,0.000089,0.000093,0.000099,0.000046,0.000030,0.000082,0.000064,0.000056,0.000043,0.000031,0.000020,0.000012,0.000004,0.000031,0.000078,0.000163
944,,,,,,,,,,,,,,0.000012,0.000176,0.000087,0.000105,0.000091,0.000071,0.000073,0.000082,0.000080,0.000082,0.000087,0.000066,0.000070,0.000075,0.000063,0.000054,0.000058,0.000057,0.000053,0.000062,0.000051,0.000048,0.000053,0.000059,0.000030,0.000026,0.000083,0.000078,0.000060,0.000040,0.000027,0.000018,0.000013,0.000003,0.000016,0.000043,0.000076
945,,,,,,,,,,,,,,0.000006,0.000114,0.000053,0.000055,0.000067,0.000055,0.000057,0.000062,0.000070,0.000046,0.000055,0.000056,0.000061,0.000059,0.000063,0.000065,0.000068,0.000066,0.000048,0.000053,0.000042,0.000050,0.000045,0.000055,0.000039,0.000037,0.000179,0.000224,0.000248,0.000208,0.000176,0.000123,0.000085,0.000014,0.000042,0.000113,0.000207
946,,,,,,,,,,,,,,0.000011,0.000191,0.000155,0.000204,0.000226,0.000199,0.000223,0.000210,0.000193,0.000151,0.000156,0.000126,0.000110,0.000099,0.000087,0.000077,0.000070,0.000061,0.000056,0.000055,0.000055,0.000057,0.000063,0.000073,0.000032,0.000024,0.000068,0.000066,0.000060,0.000061,0.000057,0.000045,0.000038,0.000006,0.000037,0.000088,0.000135
947,,,,,,,,,,,,,,0.000009,0.000161,0.000096,0.000131,0.000133,0.000118,0.000136,0.000150,0.000155,0.000144,0.000159,0.000160,0.000150,0.000136,0.000117,0.000108,0.000126,0.000121,0.000118,0.000137,0.000129,0.000139,0.000106,0.000071,0.000032,0.000035,0.000046,0.000039,0.000034,0.000020,0.000014,0.000012,0.000008,0.000009,0.000047,0.000101,0.000159
948,,,,,,,,,,,,,,0.000004,0.000089,0.000055,0.000043,0.000046,0.000047,0.000061,0.000075,0.000078,0.000076,0.000075,0.000062,0.000057,0.000058,0.000052,0.000040,0.000039,0.000048,0.000051,0.000063,0.000060,0.000074,0.000068,0.000062,0.000038,0.000029,0.000054,0.000035,0.000024,0.000019,0.000021,0.000017,0.000017,0.000006,0.000015,0.000028,0.000038
949,,,,,,,,,,,,,,0.000003,0.000077,0.000045,0.000052,0.000059,0.000046,0.000061,0.000077,0.000085,0.000077,0.000089,0.000083,0.000073,0.000074,0.000081,0.000112,0.000144,0.000142,0.000161,0.000154,0.000126,0.000097,0.000074,0.000063,0.000029,0.000041,0.000076,0.000078,0.000073,0.000062,0.000059,0.000054,0.000040,0.000003,0.000019,0.000050,0.000069
950,,,,,,,,,,,,,,0.000003,0.000076,0.000049,0.000052,0.000050,0.000035,0.000043,0.000049,0.000053,0.000057,0.000054,0.000043,0.000052,0.000043,0.000046,0.000053,0.000051,0.000057,0.000061,0.000071,0.000063,0.000079,0.000069,0.000063,0.000029,0.000020,0.000056,0.000055,0.000052,0.000051,0.000056,0.000049,0.000038,0.000009,0.000024,0.000042,0.000066
951,,,,,,,,,,,,,,0.000004,0.000068,0.000040,0.000059,0.000053,0.000053,0.000069,0.000082,0.000090,0.000074,0.000078,0.000069,0.000063,0.000066,0.000063,0.000060,0.000073,0.000071,0.000087,0.000097,0.000082,0.000070,0.000051,0.000048,0.000021,0.000018,0.000048,0.000039,0.000036,0.000026,0.000020,0.000014,0.000014,0.000009,0.000072,0.000108,0.000128
952,,,,,,,,,,,,,,0.000009,0.000170,0.000091,0.000106,0.000086,0.000061,0.000049,0.000046,0.000053,0.000059,0.000066,0.000069,0.000053,0.000048,0.000048,0.000038,0.000043,0.000076,0.000157,0.000174,0.000128,0.000107,0.000092,0.000094,0.000054,0.000054,0.000212,0.000199,0.000135,0.000071,0.000035,0.000022,0.000042,0.000012,0.000042,0.000119,0.000299
953,,,,,,,,,,,,,,0.000004,0.000079,0.000052,0.000060,0.000056,0.000048,0.000054,0.000064,0.000076,0.000080,0.000081,0.000061,0.000061,0.000052,0.000038,0.000042,0.000049,0.000052,0.000054,0.000086,0.000083,0.000089,0.000070,0.000059,0.000027,0.000022,0.000059,0.000058,0.000056,0.000051,0.000047,0.000037,0.000032,0.000006,0.000025,0.000066,0.000135
954,,,,,,,,,,,,,,0.000005,0.000091,0.000081,0.000094,0.000111,0.000080,0.000075,0.000087,0.000087,0.000073,0.000078,0.000082,0.000079,0.000089,0.000081,0.000068,0.000067,0.000066,0.000076,0.000126,0.000158,0.000231,0.000221,0.000153,0.000059,0.000035,0.000064,0.000056,0.000049,0.000038,0.000031,0.000019,0.000019,0.000006,0.000022,0.000040,0.000066
955,,,,,,,,,,,,,,0.000007,0.000129,0.000079,0.000097,0.000113,0.000107,0.000124,0.000139,0.000141,0.000124,0.000137,0.000124,0.000118,0.000108,0.000100,0.000094,0.000101,0.000099,0.000100,0.000114,0.000108,0.000116,0.000107,0.000123,0.000047,0.000041,0.000182,0.000211,0.000212,0.000197,0.000178,0.000139,0.000110,0.000009,0.000016,0.000036,0.000075
956,,,,,,,,,,,,,,0.000005,0.000111,0.000068,0.000063,0.000064,0.000051,0.000052,0.000061,0.000073,0.000072,0.000089,0.000082,0.000077,0.000075,0.000069,0.000068,0.000075,0.000073,0.000067,0.000069,0.000051,0.000048,0.000044,0.000035,0.000023,0.000015,0.000021,0.000025,0.000034,0.000034,0.000033,0.000032,0.000025,0.000009,0.000032,0.000040,0.000056
957,,,,,,,,,,,,,,0.000006,0.000099,0.000071,0.000087,0.000073,0.000051,0.000057,0.000049,0.000050,0.000035,0.000040,0.000035,0.000032,0.000025,0.000022,0.000020,0.000021,0.000023,0.000029,0.000035,0.000034,0.000049,0.000060,0.000079,0.000058,0.000037,0.000110,0.000068,0.000046,0.000030,0.000024,0.000023,0.000024,0.000008,0.000045,0.000126,0.000241
958,,,,,,,,,,,,,,0.000006,0.000150,0.000091,0.000090,0.000099,0.000092,0.000090,0.000088,0.000086,0.000065,0.000063,0.000057,0.000049,0.000040,0.000037,0.000046,0.000056,0.000060,0.000067,0.000072,0.000054,0.000053,0.000053,0.000060,0.000024,0.000021,0.000042,0.000032,0.000022,0.000019,0.000016,0.000011,0.000008,0.000002,0.000007,0.000016,0.000033
959,,,,,,,,,,,,,,0.000004,0.000077,0.000047,0.000052,0.000047,0.000047,0.000050,0.000059,0.000064,0.000068,0.000077,0.000067,0.000060,0.000045,0.000034,0.000039,0.000046,0.000048,0.000042,0.000055,0.000053,0.000055,0.000058,0.000067,0.000054,0.000036,0.000065,0.000080,0.000091,0.000092,0.000079,0.000060,0.000045,0.000007,0.000029,0.000057,0.000095
960,,,,,,,,,,,,,,0.000005,0.000100,0.000059,0.000056,0.000051,0.000041,0.000046,0.000051,0.000051,0.000050,0.000058,0.000044,0.000043,0.000036,0.000030,0.000051,0.000131,0.000195,0.000212,0.000250,0.000194,0.000172,0.000135,0.000105,0.000043,0.000027,0.000099,0.000083,0.000055,0.000029,0.000022,0.000014,0.000011,0.000006,0.000019,0.000034,0.000059
961,,,,,,,,,,,,,,0.000011,0.000179,0.000096,0.000105,0.000106,0.000096,0.000098,0.000101,0.000117,0.000107,0.000127,0.000107,0.000100,0.000102,0.000090,0.000082,0.000083,0.000076,0.000073,0.000069,0.000050,0.000053,0.000060,0.000062,0.000037,0.000028,0.000086,0.000080,0.000057,0.000038,0.000029,0.000022,0.000016,0.000004,0.000023,0.000053,0.000104
962,,,,,,,,,,,,,,0.000007,0.000123,0.000071,0.000079,0.000100,0.000115,0.000167,0.000192,0.000199,0.000156,0.000174,0.000133,0.000128,0.000108,0.000098,0.000102,0.000103,0.000101,0.000091,0.000074,0.000048,0.000034,0.000028,0.000022,0.000017,0.000025,0.000058,0.000059,0.000059,0.000043,0.000031,0.000026,0.000019,0.000006,0.000039,0.000097,0.000263
963,,,,,,,,,,,,,,0.000007,0.000110,0.000065,0.000059,0.000065,0.000081,0.000134,0.000200,0.000237,0.000213,0.000226,0.000208,0.000177,0.000132,0.000079,0.000066,0.000054,0.000056,0.000054,0.000086,0.000090,0.000105,0.000119,0.000138,0.000072,0.000059,0.000190,0.000152,0.000111,0.000079,0.000074,0.000061,0.000056,0.000009,0.000042,0.000131,0.000255
964,,,,,,,,,,,,,,0.000006,0.000118,0.000069,0.000081,0.000074,0.000062,0.000064,0.000071,0.000080,0.000072,0.000082,0.000082,0.000082,0.000075,0.000064,0.000061,0.000067,0.000063,0.000051,0.000053,0.000036,0.000034,0.000025,0.000030,0.000048,0.000017,0.000048,0.000046,0.000035,0.000027,0.000024,0.000017,0.000015,0.000005,0.000027,0.000059,0.000100
965,,,,,,,,,,,,,,0.000006,0.000107,0.000089,0.000071,0.000070,0.000056,0.000059,0.000081,0.000112,0.000108,0.000121,0.000100,0.000082,0.000080,0.000081,0.000076,0.000080,0.000074,0.000062,0.000062,0.000038,0.000053,0.000069,0.000085,0.000071,0.000063,0.000088,0.000070,0.000065,0.000055,0.000053,0.000041,0.000032,0.000009,0.000035,0.000057,0.000102
966,,,,,,,,,,,,,,0.000005,0.000117,0.000065,0.000058,0.000056,0.000037,0.000038,0.000046,0.000043,0.000037,0.000059,0.000051,0.000043,0.000039,0.000033,0.000032,0.000038,0.000035,0.000036,0.000041,0.000043,0.000043,0.000042,0.000050,0.000020,0.000019,0.000052,0.000049,0.000047,0.000047,0.000047,0.000038,0.000032,0.000005,0.000022,0.000062,0.000091
967,,,,,,,,,,,,,,0.000006,0.000191,0.000125,0.000129,0.000101,0.000063,0.000058,0.000054,0.000050,0.000039,0.000050,0.000050,0.000047,0.000043,0.000039,0.000039,0.000038,0.000041,0.000034,0.000036,0.000035,0.000071,0.000103,0.000109,0.000050,0.000020,0.000037,0.000049,0.000058,0.000062,0.000062,0.000057,0.000057,0.000012,0.000053,0.000114,0.000128
968,,,,,,,,,,,,,,0.000003,0.000054,0.000057,0.000035,0.000043,0.000044,0.000060,0.000075,0.000095,0.000078,0.000082,0.000086,0.000084,0.000084,0.000078,0.000090,0.000086,0.000080,0.000075,0.000075,0.000043,0.000035,0.000044,0.000063,0.000049,0.000045,0.000189,0.000171,0.000130,0.000102,0.000088,0.000062,0.000039,0.000006,0.000038,0.000105,0.000178
969,,,,,,,,,,,,,,0.000018,0.000228,0.000115,0.000131,0.000110,0.000090,0.000094,0.000078,0.000086,0.000083,0.000084,0.000060,0.000056,0.000061,0.000066,0.000069,0.000068,0.000058,0.000060,0.000059,0.000052,0.000066,0.000062,0.000057,0.000043,0.000026,0.000043,0.000042,0.000040,0.000040,0.000034,0.000026,0.000026,0.000009,0.000030,0.000059,0.000123
970,,,,,,,,,,,,,,0.000004,0.000062,0.000041,0.000054,0.000049,0.000055,0.000088,0.000118,0.000116,0.000088,0.000106,0.000085,0.000079,0.000075,0.000073,0.000091,0.000134,0.000177,0.000257,0.000342,0.000295,0.000266,0.000192,0.000158,0.000056,0.000040,0.000137,0.000125,0.000097,0.000067,0.000049,0.000032,0.000023,0.000003,0.000018,0.000039,0.000064
971,,,,,,,,,,,,,,0.000003,0.000077,0.000048,0.000058,0.000062,0.000065,0.000072,0.000082,0.000082,0.000104,0.000111,0.000089,0.000076,0.000065,0.000061,0.000064,0.000070,0.000070,0.000069,0.000075,0.000072,0.000076,0.000075,0.000081,0.000035,0.000025,0.000079,0.000073,0.000068,0.000065,0.000061,0.000061,0.000036,0.000006,0.000017,0.000026,0.000052
972,,,,,,,,,,,,,,0.000005,0.000100,0.000060,0.000058,0.000068,0.000062,0.000072,0.000088,0.000096,0.000092,0.000100,0.000109,0.000104,0.000102,0.000101,0.000085,0.000092,0.000102,0.000129,0.000192,0.000227,0.000230,0.000181,0.000170,0.000072,0.000047,0.000152,0.000124,0.000096,0.000066,0.000053,0.000041,0.000027,0.000003,0.000015,0.000038,0.000078
973,,,,,,,,,,,,,,0.000005,0.000091,0.000051,0.000060,0.000060,0.000037,0.000037,0.000047,0.000063,0.000068,0.000076,0.000066,0.000057,0.000047,0.000048,0.000058,0.000076,0.000089,0.000099,0.000134,0.000160,0.000223,0.000201,0.000161,0.000046,0.000023,0.000043,0.000031,0.000022,0.000016,0.000017,0.000016,0.000009,0.000005,0.000024,0.000049,0.000095
974,,,,,,,,,,,,,,0.000008,0.000109,0.000061,0.000045,0.000041,0.000034,0.000047,0.000074,0.000080,0.000062,0.000064,0.000058,0.000045,0.000043,0.000055,0.000066,0.000098,0.000103,0.000107,0.000093,0.000058,0.000047,0.000040,0.000037,0.000044,0.000022,0.000047,0.000042,0.000038,0.000044,0.000052,0.000052,0.000048,0.000013,0.000028,0.000049,0.000135
975,,,,,,,,,,,,,,0.000003,0.000048,0.000045,0.000054,0.000050,0.000052,0.000078,0.000118,0.000124,0.000128,0.000153,0.000124,0.000107,0.000105,0.000093,0.000092,0.000085,0.000081,0.000090,0.000102,0.000086,0.000092,0.000090,0.000108,0.000064,0.000034,0.000084,0.000095,0.000107,0.000106,0.000100,0.000073,0.000073,0.000010,0.000038,0.000079,0.000102
976,,,,,,,,,,,,,,0.000005,0.000093,0.000062,0.000071,0.000077,0.000072,0.000097,0.000137,0.000199,0.000229,0.000330,0.000377,0.000434,0.000461,0.000460,0.000443,0.000417,0.000302,0.000233,0.000189,0.000122,0.000116,0.000090,0.000075,0.000033,0.000025,0.000069,0.000066,0.000055,0.000048,0.000032,0.000020,0.000021,0.000005,0.000021,0.000038,0.000083
977,,,,,,,,,,,,,,0.000003,0.000083,0.000051,0.000069,0.000075,0.000061,0.000049,0.000058,0.000068,0.000055,0.000067,0.000066,0.000061,0.000059,0.000050,0.000064,0.000070,0.000085,0.000110,0.000137,0.000118,0.000124,0.000127,0.000153,0.000054,0.000041,0.000101,0.000067,0.000057,0.000044,0.000040,0.000035,0.000025,0.000006,0.000030,0.000040,0.000056
978,,,,,,,,,,,,,,0.000004,0.000071,0.000047,0.000052,0.000051,0.000048,0.000055,0.000062,0.000064,0.000060,0.000073,0.000065,0.000051,0.000049,0.000045,0.000040,0.000040,0.000043,0.000045,0.000051,0.000039,0.000035,0.000036,0.000034,0.000024,0.000018,0.000035,0.000034,0.000033,0.000033,0.000029,0.000026,0.000024,0.000006,0.000027,0.000062,0.000114
979,,,,,,,,,,,,,,0.000008,0.000123,0.000065,0.000070,0.000059,0.000053,0.000058,0.000070,0.000077,0.000058,0.000079,0.000078,0.000068,0.000066,0.000067,0.000077,0.000078,0.000077,0.000063,0.000063,0.000048,0.000039,0.000032,0.000041,0.000034,0.000034,0.000112,0.000132,0.000150,0.000136,0.000118,0.000079,0.000049,0.000007,0.000032,0.000091,0.000172
980,,,,,,,,,,,,,,0.000005,0.000086,0.000050,0.000048,0.000049,0.000063,0.000112,0.000138,0.000148,0.000131,0.000121,0.000091,0.000075,0.000062,0.000045,0.000032,0.000025,0.000026,0.000026,0.000029,0.000021,0.000026,0.000023,0.000023,0.000016,0.000016,0.000037,0.000056,0.000072,0.000080,0.000087,0.000065,0.000045,0.000010,0.000051,0.000135,0.000243
981,,,,,,,,,,,,,,0.000009,0.000194,0.000126,0.000162,0.000139,0.000106,0.000113,0.000125,0.000137,0.000120,0.000135,0.000117,0.000123,0.000112,0.000094,0.000081,0.000090,0.000093,0.000099,0.000116,0.000095,0.000104,0.000087,0.000081,0.000025,0.000018,0.000052,0.000045,0.000041,0.000035,0.000028,0.000019,0.000010,0.000004,0.000019,0.000050,0.000090
982,,,,,,,,,,,,,,0.000008,0.000140,0.000071,0.000081,0.000072,0.000063,0.000069,0.000079,0.000086,0.000089,0.000111,0.000095,0.000092,0.000094,0.000089,0.000103,0.000132,0.000118,0.000114,0.000099,0.000072,0.000059,0.000038,0.000034,0.000018,0.000020,0.000047,0.000056,0.000057,0.000045,0.000038,0.000027,0.000024,0.000005,0.000054,0.000157,0.000278
983,,,,,,,,,,,,,,0.000004,0.000072,0.000046,0.000044,0.000046,0.000041,0.000056,0.000067,0.000078,0.000066,0.000085,0.000079,0.000078,0.000072,0.000071,0.000074,0.000073,0.000071,0.000075,0.000086,0.000067,0.000065,0.000066,0.000088,0.000076,0.000031,0.000066,0.000068,0.000067,0.000063,0.000066,0.000057,0.000049,0.000005,0.000032,0.000088,0.000175
984,,,,,,,,,,,,,,0.000011,0.000327,0.000180,0.000217,0.000147,0.000104,0.000091,0.000090,0.000096,0.000095,0.000113,0.000106,0.000098,0.000105,0.000104,0.000118,0.000134,0.000132,0.000125,0.000139,0.000095,0.000073,0.000054,0.000036,0.000023,0.000018,0.000040,0.000036,0.000042,0.000041,0.000038,0.000035,0.000028,0.000008,0.000039,0.000067,0.000139
985,,,,,,,,,,,,,,0.000004,0.000076,0.000058,0.000046,0.000058,0.000064,0.000073,0.000090,0.000099,0.000094,0.000092,0.000073,0.000061,0.000049,0.000058,0.000075,0.000121,0.000132,0.000151,0.000199,0.000213,0.000237,0.000145,0.000097,0.000031,0.000024,0.000048,0.000047,0.000041,0.000036,0.000038,0.000038,0.000038,0.000008,0.000045,0.000112,0.000162
986,,,,,,,,,,,,,,0.000004,0.000054,0.000032,0.000034,0.000032,0.000035,0.000051,0.000074,0.000097,0.000106,0.000157,0.000155,0.000164,0.000164,0.000133,0.000124,0.000140,0.000137,0.000144,0.000173,0.000134,0.000110,0.000091,0.000095,0.000124,0.000069,0.000099,0.000085,0.000075,0.000059,0.000052,0.000038,0.000031,0.000008,0.000026,0.000065,0.000129
987,,,,,,,,,,,,,,0.000015,0.000261,0.000154,0.000182,0.000184,0.000140,0.000143,0.000150,0.000160,0.000138,0.000154,0.000159,0.000140,0.000131,0.000115,0.000109,0.000110,0.000092,0.000092,0.000087,0.000054,0.000051,0.000042,0.000037,0.000021,0.000016,0.000031,0.000028,0.000027,0.000021,0.000017,0.000011,0.000009,0.000007,0.000073,0.000236,0.000443
988,,,,,,,,,,,,,,0.000005,0.000104,0.000077,0.000094,0.000109,0.000098,0.000114,0.000139,0.000150,0.000138,0.000155,0.000145,0.000145,0.000133,0.000125,0.000127,0.000145,0.000155,0.000193,0.000290,0.000332,0.000385,0.000327,0.000280,0.000083,0.000046,0.000114,0.000087,0.000071,0.000058,0.000048,0.000037,0.000025,0.000003,0.000019,0.000038,0.000075
989,,,,,,,,,,,,,,0.000006,0.000129,0.000076,0.000087,0.000089,0.000079,0.000095,0.000110,0.000130,0.000130,0.000148,0.000143,0.000158,0.000157,0.000151,0.000148,0.000154,0.000162,0.000152,0.000173,0.000152,0.000128,0.000105,0.000096,0.000037,0.000025,0.000094,0.000099,0.000093,0.000083,0.000071,0.000056,0.000038,0.000003,0.000019,0.000056,0.000108
990,,,,,,,,,,,,,,0.000006,0.000131,0.000115,0.000111,0.000106,0.000089,0.000091,0.000083,0.000077,0.000073,0.000073,0.000078,0.000060,0.000054,0.000049,0.000042,0.000044,0.000039,0.000036,0.000034,0.000037,0.000040,0.000035,0.000031,0.000029,0.000016,0.000041,0.000043,0.000059,0.000078,0.000088,0.000096,0.000089,0.000011,0.000043,0.000044,0.000057
991,,,,,,,,,,,,,,0.000004,0.000072,0.000045,0.000069,0.000058,0.000044,0.000049,0.000054,0.000051,0.000059,0.000053,0.000046,0.000052,0.000056,0.000042,0.000046,0.000045,0.000036,0.000038,0.000048,0.000045,0.000079,0.000045,0.000051,0.000042,0.000029,0.000094,0.000145,0.000183,0.000184,0.000184,0.000150,0.000111,0.000012,0.000039,0.000062,0.000096
992,,,,,,,,,,,,,,0.000003,0.000069,0.000044,0.000043,0.000045,0.000038,0.000044,0.000055,0.000063,0.000054,0.000061,0.000051,0.000049,0.000052,0.000054,0.000052,0.000053,0.000053,0.000050,0.000056,0.000052,0.000046,0.000035,0.000031,0.000021,0.000017,0.000036,0.000032,0.000035,0.000027,0.000022,0.000019,0.000020,0.000005,0.000015,0.000025,0.000042
993,,,,,,,,,,,,,,0.000008,0.000150,0.000092,0.000097,0.000085,0.000068,0.000070,0.000078,0.000091,0.000079,0.000100,0.000081,0.000076,0.000070,0.000061,0.000059,0.000063,0.000057,0.000061,0.000066,0.000050,0.000051,0.000044,0.000043,0.000023,0.000016,0.000038,0.000035,0.000033,0.000022,0.000013,0.000008,0.000008,0.000004,0.000027,0.000089,0.000194
994,,,,,,,,,,,,,,0.000006,0.000145,0.000098,0.000094,0.000073,0.000051,0.000052,0.000066,0.000071,0.000064,0.000070,0.000063,0.000070,0.000066,0.000055,0.000043,0.000043,0.000045,0.000044,0.000045,0.000037,0.000032,0.000028,0.000032,0.000047,0.000014,0.000041,0.000036,0.000037,0.000034,0.000024,0.000019,0.000020,0.000002,0.000023,0.000045,0.000077
995,,,,,,,,,,,,,,0.000008,0.000168,0.000083,0.000083,0.000065,0.000051,0.000047,0.000050,0.000053,0.000048,0.000054,0.000056,0.000055,0.000050,0.000049,0.000038,0.000032,0.000034,0.000035,0.000034,0.000033,0.000034,0.000038,0.000037,0.000028,0.000018,0.000028,0.000030,0.000032,0.000034,0.000036,0.000033,0.000031,0.000009,0.000022,0.000038,0.000092
996,,,,,,,,,,,,,,0.000007,0.000119,0.000075,0.000111,0.000123,0.000126,0.000148,0.000199,0.000277,0.000299,0.000313,0.000302,0.000296,0.000272,0.000209,0.000164,0.000126,0.000099,0.000068,0.000062,0.000042,0.000030,0.000029,0.000026,0.000024,0.000034,0.000038,0.000042,0.000049,0.000045,0.000056,0.000049,0.000044,0.000017,0.000106,0.000255,0.000356
997,,,,,,,,,,,,,,0.000004,0.000109,0.000061,0.000064,0.000060,0.000048,0.000048,0.000062,0.000082,0.000077,0.000080,0.000073,0.000072,0.000063,0.000063,0.000081,0.000090,0.000076,0.000072,0.000071,0.000061,0.000058,0.000048,0.000050,0.000026,0.000026,0.000054,0.000051,0.000054,0.000049,0.000046,0.000039,0.000041,0.000011,0.000023,0.000048,0.000056
998,,,,,,,,,,,,,,0.000010,0.000206,0.000137,0.000159,0.000126,0.000094,0.000107,0.000122,0.000132,0.000120,0.000141,0.000121,0.000121,0.000103,0.000090,0.000075,0.000074,0.000063,0.000054,0.000061,0.000052,0.000056,0.000046,0.000055,0.000046,0.000021,0.000039,0.000031,0.000025,0.000023,0.000025,0.000026,0.000040,0.000007,0.000047,0.000086,0.000121
999,,,,,,,,,,,,,,0.000002,0.000069,0.000050,0.000051,0.000046,0.000042,0.000044,0.000058,0.000074,0.000059,0.000061,0.000058,0.000059,0.000052,0.000042,0.000041,0.000046,0.000053,0.000054,0.000051,0.000037,0.000038,0.000031,0.000036,0.000029,0.000023,0.000065,0.000070,0.000070,0.000071,0.000046,0.000037,0.000028,0.000009,0.000036,0.000033,0.000043
1000,,,,,,,,,,,,,,0.000005,0.000084,0.000043,0.000052,0.000057,0.000040,0.000036,0.000033,0.000037,0.000039,0.000042,0.000032,0.000035,0.000033,0.000026,0.000039,0.000048,0.000058,0.000066,0.000063,0.000046,0.000044,0.000048,0.000039,0.000024,0.000015,0.000040,0.000046,0.000062,0.000078,0.000082,0.000082,0.000076,0.000012,0.000034,0.000035,0.000057
1001,,,,,,,,,,,,,,0.000006,0.000133,0.000091,0.000083,0.000073,0.000045,0.000056,0.000064,0.000067,0.000079,0.000089,0.000073,0.000073,0.000069,0.000069,0.000071,0.000082,0.000091,0.000114,0.000139,0.000119,0.000130,0.000113,0.000106,0.000047,0.000026,0.000055,0.000040,0.000044,0.000040,0.000033,0.000025,0.000022,0.000003,0.000020,0.000051,0.000088
1002,,,,,,,,,,,,,,0.000013,0.000242,0.000131,0.000124,0.000098,0.000071,0.000064,0.000064,0.000073,0.000070,0.000070,0.000063,0.000050,0.000041,0.000038,0.000039,0.000040,0.000038,0.000038,0.000032,0.000026,0.000040,0.000028,0.000036,0.000031,0.000019,0.000057,0.000069,0.000067,0.000064,0.000058,0.000042,0.000028,0.000007,0.000025,0.000035,0.000070
1003,,,,,,,,,,,,,,0.000015,0.000171,0.000078,0.000082,0.000071,0.000054,0.000057,0.000054,0.000056,0.000044,0.000048,0.000032,0.000029,0.000025,0.000018,0.000019,0.000021,0.000025,0.000033,0.000059,0.000071,0.000077,0.000043,0.000031,0.000018,0.000012,0.000028,0.000031,0.000035,0.000032,0.000031,0.000024,0.000033,0.000008,0.000069,0.000258,0.000491
1004,,,,,,,,,,,,,,0.000005,0.000096,0.000072,0.000145,0.000084,0.000061,0.000070,0.000069,0.000072,0.000061,0.000056,0.000043,0.000042,0.000041,0.000044,0.000045,0.000049,0.000039,0.000046,0.000043,0.000042,0.000051,0.000072,0.000066,0.000029,0.000019,0.000054,0.000044,0.000040,0.000026,0.000021,0.000018,0.000015,0.000003,0.000014,0.000034,0.000069
1005,,,,,,,,,,,,,,0.000003,0.000058,0.000043,0.000033,0.000037,0.000035,0.000047,0.000062,0.000092,0.000102,0.000122,0.000107,0.000105,0.000094,0.000082,0.000078,0.000082,0.000072,0.000066,0.000078,0.000059,0.000059,0.000043,0.000035,0.000016,0.000022,0.000047,0.000050,0.000059,0.000066,0.000063,0.000053,0.000035,0.000006,0.000019,0.000031,0.000055
1006,,,,,,,,,,,,,,0.000003,0.000068,0.000042,0.000042,0.000036,0.000028,0.000028,0.000037,0.000034,0.000045,0.000052,0.000035,0.000034,0.000042,0.000043,0.000046,0.000043,0.000047,0.000061,0.000088,0.000101,0.000133,0.000168,0.000193,0.000080,0.000048,0.000127,0.000079,0.000052,0.000040,0.000029,0.000021,0.000016,0.000007,0.000026,0.000044,0.000066
1007,,,,,,,,,,,,,,0.000002,0.000076,0.000113,0.000130,0.000164,0.000189,0.000231,0.000223,0.000172,0.000132,0.000119,0.000099,0.000076,0.000077,0.000075,0.000073,0.000065,0.000061,0.000054,0.000058,0.000055,0.000050,0.000049,0.000049,0.000026,0.000018,0.000041,0.000036,0.000037,0.000039,0.000034,0.000026,0.000017,0.000004,0.000017,0.000031,0.000054
1008,,,,,,,,,,,,,,0.000002,0.000053,0.000045,0.000048,0.000038,0.000025,0.000032,0.000036,0.000039,0.000040,0.000038,0.000045,0.000048,0.000055,0.000074,0.000093,0.000122,0.000129,0.000107,0.000101,0.000071,0.000065,0.000051,0.000043,0.000024,0.000014,0.000027,0.000023,0.000022,0.000019,0.000017,0.000015,0.000008,0.000005,0.000019,0.000034,0.000057
1009,,,,,,,,,,,,,,0.000002,0.000035,0.000025,0.000032,0.000030,0.000028,0.000032,0.000039,0.000052,0.000052,0.000051,0.000041,0.000040,0.000046,0.000044,0.000048,0.000045,0.000040,0.000037,0.000046,0.000042,0.000051,0.000064,0.000090,0.000106,0.000041,0.000065,0.000068,0.000085,0.000077,0.000072,0.000065,0.000058,0.000008,0.000024,0.000048,0.000064
1010,,,,,,,,,,,,,,0.000004,0.000088,0.000059,0.000059,0.000060,0.000053,0.000069,0.000095,0.000110,0.000102,0.000113,0.000094,0.000080,0.000070,0.000062,0.000058,0.000050,0.000046,0.000040,0.000036,0.000032,0.000037,0.000038,0.000064,0.000076,0.000021,0.000048,0.000053,0.000061,0.000064,0.000062,0.000057,0.000037,0.000005,0.000021,0.000031,0.000045
1011,,,,,,,,,,,,,,0.000003,0.000068,0.000031,0.000032,0.000027,0.000026,0.000038,0.000054,0.000068,0.000066,0.000070,0.000065,0.000058,0.000052,0.000040,0.000040,0.000049,0.000060,0.000069,0.000066,0.000058,0.000069,0.000057,0.000056,0.000029,0.000024,0.000065,0.000056,0.000048,0.000042,0.000041,0.000043,0.000041,0.000012,0.000054,0.000054,0.000090
1012,,,,,,,,,,,,,,0.000004,0.000074,0.000043,0.000043,0.000043,0.000043,0.000049,0.000053,0.000053,0.000043,0.000045,0.000043,0.000039,0.000035,0.000035,0.000039,0.000035,0.000032,0.000030,0.000030,0.000033,0.000033,0.000039,0.000039,0.000035,0.000042,0.000086,0.000084,0.000071,0.000062,0.000064,0.000056,0.000044,0.000008,0.000029,0.000051,0.000077
1013,,,,,,,,,,,,,,0.000003,0.000104,0.000152,0.000164,0.000229,0.000166,0.000136,0.000122,0.000114,0.000112,0.000108,0.000099,0.000072,0.000068,0.000061,0.000061,0.000065,0.000069,0.000064,0.000063,0.000063,0.000070,0.000058,0.000053,0.000042,0.000030,0.000056,0.000044,0.000036,0.000033,0.000033,0.000029,0.000022,0.000008,0.000019,0.000026,0.000036
1014,,,,,,,,,,,,,,0.000003,0.000083,0.000056,0.000052,0.000066,0.000061,0.000067,0.000063,0.000053,0.000043,0.000056,0.000046,0.000038,0.000038,0.000038,0.000035,0.000051,0.000051,0.000062,0.000074,0.000075,0.000086,0.000070,0.000060,0.000038,0.000024,0.000041,0.000035,0.000025,0.000023,0.000023,0.000036,0.000047,0.000009,0.000021,0.000024,0.000038
1015,,,,,,,,,,,,,,0.000005,0.000097,0.000066,0.000090,0.000154,0.000177,0.000186,0.000184,0.000190,0.000215,0.000192,0.000166,0.000154,0.000148,0.000122,0.000104,0.000104,0.000096,0.000090,0.000100,0.000069,0.000064,0.000056,0.000050,0.000023,0.000020,0.000044,0.000034,0.000027,0.000017,0.000010,0.000012,0.000008,0.000004,0.000020,0.000040,0.000068
1016,,,,,,,,,,,,,,0.000006,0.000163,0.000100,0.000111,0.000111,0.000103,0.000116,0.000144,0.000167,0.000159,0.000200,0.000181,0.000169,0.000165,0.000146,0.000136,0.000136,0.000125,0.000121,0.000133,0.000102,0.000094,0.000072,0.000076,0.000030,0.000026,0.000058,0.000067,0.000074,0.000072,0.000059,0.000049,0.000037,0.000005,0.000033,0.000057,0.000093
1017,,,,,,,,,,,,,,0.000003,0.000059,0.000038,0.000038,0.000038,0.000046,0.000066,0.000093,0.000130,0.000142,0.000145,0.000127,0.000109,0.000094,0.000074,0.000064,0.000063,0.000054,0.000053,0.000055,0.000057,0.000074,0.000070,0.000068,0.000024,0.000022,0.000062,0.000056,0.000050,0.000045,0.000039,0.000025,0.000019,0.000003,0.000012,0.000025,0.000037
1018,,,,,,,,,,,,,,0.000005,0.000105,0.000062,0.000065,0.000053,0.000040,0.000040,0.000047,0.000045,0.000044,0.000042,0.000033,0.000029,0.000028,0.000031,0.000032,0.000030,0.000032,0.000034,0.000045,0.000033,0.000039,0.000038,0.000047,0.000024,0.000023,0.000069,0.000070,0.000064,0.000054,0.000047,0.000037,0.000029,0.000004,0.000015,0.000029,0.000047
1019,,,,,,,,,,,,,,0.000008,0.000172,0.000097,0.000088,0.000088,0.000078,0.000054,0.000057,0.000061,0.000061,0.000058,0.000049,0.000049,0.000049,0.000037,0.000035,0.000032,0.000039,0.000039,0.000048,0.000050,0.000059,0.000052,0.000058,0.000036,0.000032,0.000052,0.000049,0.000057,0.000061,0.000061,0.000052,0.000043,0.000011,0.000026,0.000038,0.000053
1020,,,,,,,,,,,,,,0.000002,0.000095,0.000117,0.000163,0.000124,0.000086,0.000078,0.000080,0.000077,0.000064,0.000075,0.000068,0.000067,0.000063,0.000058,0.000047,0.000047,0.000050,0.000048,0.000050,0.000038,0.000040,0.000034,0.000036,0.000025,0.000018,0.000034,0.000040,0.000049,0.000056,0.000061,0.000061,0.000041,0.000006,0.000018,0.000015,0.000024
1021,,,,,,,,,,,,,,0.000008,0.000137,0.000078,0.000104,0.000109,0.000101,0.000118,0.000127,0.000129,0.000106,0.000118,0.000094,0.000090,0.000084,0.000074,0.000069,0.000073,0.000068,0.000068,0.000080,0.000078,0.000087,0.000085,0.000092,0.000035,0.000031,0.000153,0.000175,0.000177,0.000163,0.000148,0.000112,0.000080,0.000006,0.000019,0.000048,0.000102
1022,,,,,,,,,,,,,,0.000006,0.000110,0.000070,0.000072,0.000069,0.000055,0.000060,0.000083,0.000121,0.000383,0.000171,0.000147,0.000117,0.000098,0.000094,0.000086,0.000085,0.000070,0.000071,0.000080,0.000060,0.000070,0.000051,0.000052,0.000057,0.000031,0.000040,0.000036,0.000032,0.000027,0.000024,0.000022,0.000019,0.000012,0.000044,0.000075,0.000114
1023,,,,,,,,,,,,,,0.000006,0.000117,0.000065,0.000079,0.000084,0.000076,0.000078,0.000088,0.000086,0.000065,0.000084,0.000063,0.000056,0.000055,0.000049,0.000045,0.000053,0.000059,0.000060,0.000070,0.000058,0.000063,0.000054,0.000061,0.000033,0.000032,0.000151,0.000151,0.000103,0.000063,0.000050,0.000030,0.000025,0.000004,0.000021,0.000058,0.000109
1024,,,,,,,,,,,,,,0.000003,0.000086,0.000063,0.000110,0.000192,0.000237,0.000320,0.000394,0.000397,0.000320,0.000286,0.000181,0.000138,0.000101,0.000072,0.000064,0.000059,0.000055,0.000059,0.000058,0.000079,0.000069,0.000078,0.000079,0.000040,0.000019,0.000041,0.000034,0.000032,0.000028,0.000026,0.000019,0.000017,0.000005,0.000017,0.000036,0.000054
1025,,,,,,,,,,,,,,0.000005,0.000087,0.000048,0.000069,0.000068,0.000054,0.000054,0.000072,0.000079,0.000079,0.000084,0.000065,0.000070,0.000072,0.000066,0.000071,0.000082,0.000096,0.000115,0.000165,0.000192,0.000194,0.000169,0.000145,0.000049,0.000033,0.000094,0.000079,0.000068,0.000053,0.000041,0.000028,0.000023,0.000005,0.000051,0.000129,0.000196
1026,,,,,,,,,,,,,,0.000008,0.000101,0.000055,0.000067,0.000061,0.000051,0.000065,0.000082,0.000095,0.000112,0.000122,0.000118,0.000108,0.000111,0.000100,0.000092,0.000095,0.000087,0.000084,0.000084,0.000059,0.000057,0.000044,0.000040,0.000016,0.000015,0.000050,0.000052,0.000039,0.000029,0.000029,0.000016,0.000013,0.000004,0.000059,0.000186,0.000309
1027,,,,,,,,,,,,,,0.000005,0.000098,0.000066,0.000079,0.000105,0.000134,0.000178,0.000234,0.000274,0.000234,0.000264,0.000201,0.000173,0.000147,0.000111,0.000096,0.000086,0.000080,0.000070,0.000076,0.000059,0.000057,0.000054,0.000049,0.000021,0.000018,0.000053,0.000054,0.000052,0.000044,0.000035,0.000027,0.000019,0.000002,0.000012,0.000024,0.000050
1028,,,,,,,,,,,,,,0.000006,0.000125,0.000091,0.000108,0.000091,0.000066,0.000069,0.000081,0.000095,0.000087,0.000094,0.000078,0.000079,0.000093,0.000141,0.000212,0.000345,0.000509,0.000625,0.000536,0.000270,0.000159,0.000103,0.000081,0.000041,0.000021,0.000036,0.000032,0.000028,0.000031,0.000025,0.000019,0.000018,0.000007,0.000034,0.000065,0.000105
1029,,,,,,,,,,,,,,0.000004,0.000077,0.000044,0.000038,0.000032,0.000021,0.000024,0.000033,0.000039,0.000046,0.000040,0.000039,0.000034,0.000038,0.000048,0.000052,0.000055,0.000063,0.000098,0.000125,0.000110,0.000090,0.000068,0.000062,0.000024,0.000019,0.000054,0.000052,0.000046,0.000046,0.000046,0.000039,0.000029,0.000004,0.000022,0.000053,0.000082
1030,,,,,,,,,,,,,,0.000010,0.000211,0.000125,0.000159,0.000164,0.000143,0.000172,0.000209,0.000232,0.000207,0.000251,0.000233,0.000229,0.000243,0.000249,0.000274,0.000329,0.000341,0.000350,0.000372,0.000281,0.000236,0.000165,0.000111,0.000039,0.000031,0.000099,0.000098,0.000088,0.000067,0.000059,0.000047,0.000030,0.000004,0.000033,0.000084,0.000164
1031,,,,,,,,,,,,,,0.000002,0.000033,0.000025,0.000033,0.000036,0.000036,0.000042,0.000054,0.000062,0.000065,0.000065,0.000055,0.000057,0.000065,0.000059,0.000056,0.000063,0.000068,0.000077,0.000095,0.000095,0.000079,0.000051,0.000048,0.000024,0.000018,0.000051,0.000049,0.000045,0.000037,0.000031,0.000022,0.000017,0.000004,0.000013,0.000022,0.000033
1032,,,,,,,,,,,,,,0.000008,0.000178,0.000144,0.000144,0.000189,0.000147,0.000141,0.000135,0.000125,0.000114,0.000128,0.000118,0.000103,0.000099,0.000089,0.000077,0.000070,0.000056,0.000051,0.000045,0.000032,0.000036,0.000034,0.000032,0.000023,0.000016,0.000035,0.000031,0.000029,0.000024,0.000023,0.000021,0.000015,0.000004,0.000024,0.000060,0.000119
1033,,,,,,,,,,,,,,0.000003,0.000053,0.000074,0.000187,0.000215,0.000173,0.000157,0.000133,0.000124,0.000109,0.000121,0.000114,0.000106,0.000108,0.000089,0.000084,0.000080,0.000080,0.000071,0.000090,0.000084,0.000101,0.000089,0.000083,0.000042,0.000028,0.000078,0.000083,0.000077,0.000075,0.000068,0.000051,0.000040,0.000004,0.000014,0.000029,0.000043
1034,,,,,,,,,,,,,,0.000003,0.000048,0.000036,0.000042,0.000048,0.000047,0.000060,0.000086,0.000107,0.000095,0.000103,0.000099,0.000097,0.000112,0.000113,0.000105,0.000105,0.000088,0.000095,0.000124,0.000121,0.000116,0.000100,0.000101,0.000041,0.000030,0.000075,0.000071,0.000060,0.000047,0.000038,0.000028,0.000018,0.000002,0.000013,0.000032,0.000057
1035,,,,,,,,,,,,,,0.000004,0.000111,0.000092,0.000067,0.000059,0.000043,0.000056,0.000074,0.000080,0.000082,0.000096,0.000100,0.000091,0.000097,0.000092,0.000093,0.000109,0.000099,0.000095,0.000089,0.000064,0.000065,0.000060,0.000062,0.000029,0.000026,0.000093,0.000095,0.000092,0.000080,0.000068,0.000057,0.000048,0.000007,0.000019,0.000026,0.000044
1036,,,,,,,,,,,,,,0.000002,0.000048,0.000041,0.000067,0.000051,0.000039,0.000049,0.000049,0.000055,0.000063,0.000074,0.000063,0.000067,0.000070,0.000066,0.000061,0.000054,0.000049,0.000050,0.000059,0.000046,0.000050,0.000048,0.000047,0.000028,0.000021,0.000049,0.000052,0.000051,0.000052,0.000050,0.000040,0.000030,0.000005,0.000019,0.000039,0.000067
1037,,,,,,,,,,,,,,0.000007,0.000140,0.000084,0.000096,0.000085,0.000071,0.000065,0.000073,0.000080,0.000075,0.000070,0.000063,0.000052,0.000049,0.000052,0.000054,0.000070,0.000076,0.000094,0.000113,0.000109,0.000124,0.000130,0.000110,0.000055,0.000047,0.000091,0.000083,0.000072,0.000055,0.000050,0.000034,0.000017,0.000010,0.000054,0.000096,0.000150
1038,,,,,,,,,,,,,,0.000004,0.000086,0.000085,0.000109,0.000130,0.000115,0.000105,0.000095,0.000093,0.000083,0.000064,0.000059,0.000045,0.000037,0.000038,0.000050,0.000050,0.000053,0.000053,0.000043,0.000040,0.000054,0.000048,0.000051,0.000113,0.000046,0.000100,0.000085,0.000063,0.000044,0.000037,0.000032,0.000031,0.000009,0.000038,0.000066,0.000116
1039,,,,,,,,,,,,,,0.000004,0.000086,0.000062,0.000047,0.000044,0.000045,0.000056,0.000074,0.000085,0.000086,0.000097,0.000078,0.000079,0.000069,0.000065,0.000075,0.000101,0.000134,0.000150,0.000202,0.000189,0.000216,0.000150,0.000095,0.000035,0.000027,0.000057,0.000047,0.000034,0.000024,0.000025,0.000019,0.000009,0.000006,0.000022,0.000026,0.000047
1040,,,,,,,,,,,,,,0.000006,0.000155,0.000063,0.000051,0.000064,0.000067,0.000103,0.000153,0.000198,0.000229,0.000263,0.000270,0.000276,0.000311,0.000336,0.000345,0.000383,0.000380,0.000305,0.000217,0.000113,0.000089,0.000062,0.000044,0.000025,0.000034,0.000063,0.000073,0.000082,0.000083,0.000071,0.000057,0.000044,0.000008,0.000030,0.000077,0.000195
1041,,,,,,,,,,,,,,0.000005,0.000112,0.000076,0.000090,0.000113,0.000141,0.000222,0.000348,0.000491,0.000518,0.000621,0.000580,0.000553,0.000519,0.000471,0.000458,0.000405,0.000307,0.000256,0.000227,0.000138,0.000115,0.000098,0.000085,0.000036,0.000030,0.000101,0.000082,0.000056,0.000040,0.000031,0.000027,0.000020,0.000006,0.000038,0.000039,0.000073
1042,,,,,,,,,,,,,,0.000004,0.000068,0.000053,0.000032,0.000030,0.000027,0.000023,0.000027,0.000037,0.000033,0.000042,0.000045,0.000064,0.000064,0.000063,0.000066,0.000066,0.000066,0.000069,0.000084,0.000075,0.000070,0.000065,0.000066,0.000037,0.000037,0.000098,0.000100,0.000104,0.000109,0.000111,0.000102,0.000080,0.000009,0.000031,0.000049,0.000065
1043,,,,,,,,,,,,,,0.000005,0.000092,0.000062,0.000059,0.000053,0.000044,0.000036,0.000041,0.000042,0.000040,0.000042,0.000036,0.000041,0.000032,0.000034,0.000033,0.000040,0.000043,0.000040,0.000051,0.000039,0.000035,0.000031,0.000028,0.000025,0.000016,0.000036,0.000034,0.000030,0.000026,0.000023,0.000018,0.000019,0.000008,0.000037,0.000056,0.000089
1044,,,,,,,,,,,,,,0.000002,0.000032,0.000026,0.000027,0.000032,0.000029,0.000033,0.000034,0.000034,0.000034,0.000038,0.000031,0.000029,0.000032,0.000034,0.000040,0.000036,0.000035,0.000041,0.000048,0.000061,0.000065,0.000088,0.000092,0.000054,0.000048,0.000115,0.000108,0.000103,0.000108,0.000111,0.000100,0.000075,0.000011,0.000043,0.000063,0.000082
1045,,,,,,,,,,,,,,0.000006,0.000165,0.000088,0.000087,0.000081,0.000061,0.000059,0.000057,0.000054,0.000037,0.000046,0.000037,0.000035,0.000032,0.000040,0.000045,0.000046,0.000033,0.000037,0.000042,0.000045,0.000058,0.000055,0.000057,0.000026,0.000024,0.000054,0.000043,0.000036,0.000036,0.000028,0.000025,0.000019,0.000007,0.000026,0.000045,0.000075
1046,,,,,,,,,,,,,,0.000002,0.000049,0.000029,0.000028,0.000040,0.000050,0.000053,0.000063,0.000098,0.000119,0.000176,0.000221,0.000223,0.000234,0.000226,0.000206,0.000176,0.000134,0.000131,0.000133,0.000101,0.000093,0.000076,0.000063,0.000070,0.000045,0.000063,0.000051,0.000046,0.000048,0.000040,0.000029,0.000027,0.000008,0.000019,0.000036,0.000057
1047,,,,,,,,,,,,,,0.000002,0.000043,0.000030,0.000043,0.000034,0.000030,0.000037,0.000049,0.000044,0.000041,0.000048,0.000039,0.000038,0.000040,0.000050,0.000065,0.000087,0.000108,0.000129,0.000144,0.000094,0.000078,0.000058,0.000055,0.000024,0.000018,0.000055,0.000058,0.000054,0.000044,0.000041,0.000035,0.000028,0.000003,0.000013,0.000026,0.000040
1048,,,,,,,,,,,,,,0.000002,0.000055,0.000037,0.000047,0.000072,0.000125,0.000158,0.000186,0.000225,0.000186,0.000177,0.000138,0.000132,0.000110,0.000079,0.000066,0.000061,0.000059,0.000060,0.000063,0.000051,0.000044,0.000035,0.000036,0.000019,0.000012,0.000042,0.000047,0.000045,0.000037,0.000029,0.000025,0.000021,0.000005,0.000022,0.000045,0.000063
1049,,,,,,,,,,,,,,0.000005,0.000081,0.000052,0.000083,0.000072,0.000056,0.000057,0.000066,0.000081,0.000064,0.000079,0.000068,0.000065,0.000060,0.000050,0.000054,0.000061,0.000056,0.000052,0.000051,0.000040,0.000042,0.000034,0.000032,0.000016,0.000014,0.000027,0.000024,0.000022,0.000019,0.000014,0.000011,0.000007,0.000003,0.000015,0.000037,0.000066
1050,,,,,,,,,,,,,,0.000003,0.000073,0.000114,0.000048,0.000047,0.000035,0.000032,0.000040,0.000048,0.000049,0.000052,0.000055,0.000054,0.000054,0.000049,0.000048,0.000054,0.000055,0.000054,0.000057,0.000054,0.000052,0.000049,0.000048,0.000028,0.000019,0.000026,0.000023,0.000017,0.000014,0.000015,0.000016,0.000018,0.000009,0.000028,0.000048,0.000097
1051,,,,,,,,,,,,,,0.000007,0.000148,0.000077,0.000077,0.000063,0.000052,0.000067,0.000075,0.000082,0.000084,0.000088,0.000076,0.000077,0.000068,0.000057,0.000048,0.000050,0.000055,0.000061,0.000067,0.000054,0.000047,0.000045,0.000046,0.000031,0.000022,0.000074,0.000064,0.000058,0.000052,0.000050,0.000040,0.000041,0.000010,0.000037,0.000063,0.000112
1052,,,,,,,,,,,,,,0.000013,0.000242,0.000131,0.000139,0.000134,0.000180,0.000256,0.000322,0.000342,0.000286,0.000318,0.000279,0.000278,0.000258,0.000250,0.000237,0.000208,0.000169,0.000125,0.000113,0.000090,0.000077,0.000071,0.000067,0.000041,0.000029,0.000056,0.000050,0.000042,0.000043,0.000047,0.000041,0.000032,0.000010,0.000037,0.000067,0.000131
1053,,,,,,,,,,,,,,0.000007,0.000135,0.000085,0.000094,0.000087,0.000050,0.000057,0.000053,0.000061,0.000059,0.000067,0.000058,0.000062,0.000054,0.000049,0.000056,0.000056,0.000048,0.000046,0.000041,0.000033,0.000027,0.000021,0.000027,0.000014,0.000015,0.000031,0.000034,0.000031,0.000028,0.000033,0.000025,0.000020,0.000004,0.000019,0.000029,0.000056
1054,,,,,,,,,,,,,,0.000004,0.000078,0.000067,0.000096,0.000131,0.000151,0.000172,0.000195,0.000213,0.000178,0.000177,0.000143,0.000113,0.000110,0.000097,0.000085,0.000097,0.000092,0.000072,0.000067,0.000062,0.000060,0.000063,0.000075,0.000027,0.000020,0.000045,0.000041,0.000037,0.000034,0.000029,0.000020,0.000017,0.000003,0.000026,0.000088,0.000146
1055,,,,,,,,,,,,,,0.000004,0.000095,0.000056,0.000048,0.000042,0.000035,0.000050,0.000066,0.000076,0.000085,0.000111,0.000105,0.000108,0.000103,0.000103,0.000106,0.000114,0.000110,0.000106,0.000095,0.000062,0.000057,0.000044,0.000048,0.000020,0.000017,0.000053,0.000047,0.000040,0.000027,0.000016,0.000011,0.000010,0.000004,0.000022,0.000056,0.000098
1056,,,,,,,,,,,,,,0.000003,0.000060,0.000046,0.000057,0.000060,0.000058,0.000069,0.000083,0.000104,0.000108,0.000136,0.000131,0.000139,0.000128,0.000117,0.000123,0.000145,0.000137,0.000147,0.000162,0.000117,0.000091,0.000070,0.000064,0.000033,0.000028,0.000075,0.000082,0.000094,0.000107,0.000110,0.000089,0.000071,0.000005,0.000034,0.000067,0.000116
1057,,,,,,,,,,,,,,0.000006,0.000129,0.000085,0.000093,0.000087,0.000088,0.000121,0.000167,0.000208,0.000261,0.000301,0.000281,0.000268,0.000238,0.000197,0.000154,0.000154,0.000162,0.000158,0.000152,0.000093,0.000082,0.000071,0.000056,0.000032,0.000025,0.000062,0.000061,0.000051,0.000052,0.000050,0.000047,0.000039,0.000006,0.000025,0.000053,0.000086
1058,,,,,,,,,,,,,,0.000015,0.000339,0.000189,0.000217,0.000230,0.000178,0.000180,0.000184,0.000197,0.000180,0.000211,0.000204,0.000221,0.000233,0.000228,0.000248,0.000273,0.000245,0.000229,0.000236,0.000177,0.000161,0.000129,0.000131,0.000058,0.000041,0.000097,0.000079,0.000063,0.000045,0.000039,0.000026,0.000020,0.000007,0.000041,0.000100,0.000178
1059,,,,,,,,,,,,,,0.000004,0.000095,0.000062,0.000082,0.000073,0.000065,0.000078,0.000087,0.000088,0.000073,0.000084,0.000076,0.000067,0.000068,0.000067,0.000063,0.000057,0.000039,0.000033,0.000035,0.000019,0.000021,0.000039,0.000037,0.000026,0.000026,0.000033,0.000027,0.000029,0.000022,0.000026,0.000026,0.000022,0.000011,0.000038,0.000070,0.000098
1060,,,,,,,,,,,,,,0.000008,0.000168,0.000094,0.000113,0.000097,0.000073,0.000080,0.000085,0.000095,0.000094,0.000108,0.000097,0.000091,0.000086,0.000080,0.000081,0.000081,0.000075,0.000071,0.000074,0.000046,0.000045,0.000036,0.000034,0.000022,0.000020,0.000057,0.000056,0.000046,0.000033,0.000026,0.000017,0.000008,0.000004,0.000034,0.000077,0.000128
1061,,,,,,,,,,,,,,0.000008,0.000158,0.000088,0.000092,0.000087,0.000071,0.000088,0.000106,0.000129,0.000122,0.000151,0.000138,0.000147,0.000152,0.000141,0.000140,0.000145,0.000144,0.000151,0.000170,0.000191,0.000249,0.000276,0.000324,0.000117,0.000065,0.000205,0.000161,0.000137,0.000102,0.000084,0.000054,0.000039,0.000004,0.000033,0.000084,0.000156
1062,,,,,,,,,,,,,,0.000015,0.000263,0.000139,0.000144,0.000133,0.000106,0.000117,0.000141,0.000145,0.000131,0.000141,0.000132,0.000113,0.000098,0.000089,0.000102,0.000105,0.000095,0.000091,0.000082,0.000070,0.000073,0.000063,0.000054,0.000028,0.000020,0.000055,0.000049,0.000047,0.000033,0.000029,0.000027,0.000020,0.000006,0.000080,0.000280,0.000547
1063,,,,,,,,,,,,,,0.000007,0.000115,0.000067,0.000069,0.000054,0.000043,0.000056,0.000073,0.000093,0.000087,0.000094,0.000091,0.000090,0.000098,0.000110,0.000130,0.000192,0.000174,0.000156,0.000134,0.000083,0.000063,0.000053,0.000036,0.000029,0.000019,0.000028,0.000019,0.000011,0.000005,0.000011,0.000016,0.000019,0.000012,0.000066,0.000173,0.000257
1064,,,,,,,,,,,,,,0.000004,0.000084,0.000050,0.000047,0.000033,0.000031,0.000042,0.000048,0.000080,0.000077,0.000087,0.000088,0.000082,0.000079,0.000084,0.000083,0.000120,0.000160,0.000199,0.000234,0.000159,0.000145,0.000119,0.000124,0.000065,0.000050,0.000156,0.000178,0.000191,0.000178,0.000149,0.000109,0.000080,0.000008,0.000031,0.000066,0.000100
1065,,,,,,,,,,,,,,0.000002,0.000042,0.000039,0.000035,0.000032,0.000028,0.000034,0.000040,0.000078,0.000226,0.000095,0.000098,0.000078,0.000054,0.000048,0.000036,0.000032,0.000031,0.000034,0.000037,0.000029,0.000025,0.000024,0.000026,0.000021,0.000014,0.000031,0.000035,0.000034,0.000030,0.000031,0.000028,0.000020,0.000004,0.000016,0.000031,0.000055
1066,,,,,,,,,,,,,,0.000006,0.000090,0.000058,0.000080,0.000073,0.000064,0.000076,0.000084,0.000088,0.000071,0.000081,0.000066,0.000076,0.000071,0.000063,0.000088,0.000140,0.000159,0.000164,0.000227,0.000230,0.000273,0.000239,0.000185,0.000064,0.000030,0.000070,0.000059,0.000044,0.000038,0.000039,0.000028,0.000021,0.000011,0.000052,0.000085,0.000135
1067,,,,,,,,,,,,,,0.000003,0.000105,0.000192,0.000326,0.000318,0.000209,0.000162,0.000134,0.000115,0.000097,0.000099,0.000077,0.000059,0.000044,0.000036,0.000035,0.000039,0.000043,0.000044,0.000048,0.000050,0.000061,0.000055,0.000059,0.000029,0.000035,0.000069,0.000065,0.000059,0.000053,0.000043,0.000033,0.000026,0.000004,0.000019,0.000035,0.000042
1068,,,,,,,,,,,,,,0.000005,0.000095,0.000057,0.000073,0.000076,0.000070,0.000080,0.000096,0.000094,0.000103,0.000097,0.000078,0.000076,0.000069,0.000061,0.000057,0.000053,0.000053,0.000060,0.000067,0.000050,0.000041,0.000032,0.000031,0.000036,0.000023,0.000037,0.000032,0.000040,0.000046,0.000040,0.000036,0.000030,0.000005,0.000038,0.000096,0.000131
1069,,,,,,,,,,,,,,0.000006,0.000127,0.000091,0.000135,0.000205,0.000282,0.000372,0.000477,0.000543,0.000468,0.000458,0.000336,0.000277,0.000259,0.000233,0.000198,0.000167,0.000125,0.000095,0.000079,0.000062,0.000059,0.000049,0.000052,0.000024,0.000022,0.000054,0.000058,0.000051,0.000048,0.000049,0.000032,0.000031,0.000005,0.000022,0.000050,0.000101
1070,,,,,,,,,,,,,,0.000009,0.000160,0.000124,0.000082,0.000065,0.000047,0.000049,0.000055,0.000058,0.000062,0.000057,0.000048,0.000044,0.000044,0.000031,0.000025,0.000023,0.000027,0.000026,0.000031,0.000032,0.000044,0.000045,0.000060,0.000053,0.000030,0.000041,0.000038,0.000036,0.000037,0.000049,0.000056,0.000054,0.000014,0.000054,0.000113,0.000268
1071,,,,,,,,,,,,,,0.000003,0.000076,0.000039,0.000046,0.000052,0.000049,0.000063,0.000079,0.000085,0.000073,0.000087,0.000079,0.000087,0.000085,0.000076,0.000096,0.000150,0.000188,0.000219,0.000292,0.000234,0.000200,0.000163,0.000143,0.000053,0.000034,0.000113,0.000103,0.000093,0.000078,0.000070,0.000054,0.000048,0.000006,0.000023,0.000040,0.000094
1072,,,,,,,,,,,,,,0.000006,0.000137,0.000096,0.000100,0.000079,0.000060,0.000056,0.000064,0.000070,0.000075,0.000066,0.000070,0.000059,0.000050,0.000047,0.000045,0.000043,0.000044,0.000042,0.000050,0.000044,0.000040,0.000040,0.000035,0.000039,0.000024,0.000021,0.000012,0.000013,0.000013,0.000024,0.000032,0.000034,0.000014,0.000053,0.000058,0.000089
1073,,,,,,,,,,,,,,0.000004,0.000077,0.000047,0.000044,0.000036,0.000038,0.000063,0.000114,0.000230,0.000383,0.000512,0.000620,0.000693,0.000754,0.000715,0.000626,0.000524,0.000384,0.000270,0.000187,0.000108,0.000095,0.000078,0.000058,0.000032,0.000026,0.000054,0.000049,0.000035,0.000032,0.000028,0.000025,0.000017,0.000006,0.000030,0.000047,0.000073
1074,,,,,,,,,,,,,,0.000006,0.000114,0.000068,0.000082,0.000075,0.000056,0.000052,0.000059,0.000063,0.000055,0.000064,0.000068,0.000064,0.000079,0.000070,0.000070,0.000072,0.000058,0.000065,0.000073,0.000062,0.000065,0.000080,0.000069,0.000063,0.000062,0.000048,0.000032,0.000035,0.000035,0.000047,0.000057,0.000056,0.000020,0.000088,0.000137,0.000189
1075,,,,,,,,,,,,,,0.000004,0.000096,0.000089,0.000076,0.000076,0.000065,0.000071,0.000080,0.000092,0.000075,0.000086,0.000081,0.000069,0.000061,0.000050,0.000044,0.000035,0.000029,0.000026,0.000035,0.000039,0.000063,0.000089,0.000087,0.000048,0.000018,0.000017,0.000013,0.000010,0.000007,0.000009,0.000011,0.000012,0.000005,0.000016,0.000026,0.000038
1076,,,,,,,,,,,,,,0.000005,0.000064,0.000070,0.000059,0.000102,0.000109,0.000138,0.000171,0.000174,0.000121,0.000122,0.000105,0.000112,0.000085,0.000073,0.000085,0.000100,0.000125,0.000153,0.000168,0.000230,0.000220,0.000179,0.000150,0.000058,0.000053,0.000152,0.000138,0.000139,0.000130,0.000131,0.000108,0.000097,0.000012,0.000032,0.000062,0.000102
1077,,,,,,,,,,,,,,0.000003,0.000075,0.000055,0.000052,0.000058,0.000061,0.000074,0.000111,0.000195,0.000254,0.000233,0.000193,0.000197,0.000187,0.000201,0.000180,0.000157,0.000137,0.000128,0.000140,0.000104,0.000084,0.000068,0.000083,0.000029,0.000021,0.000077,0.000082,0.000081,0.000083,0.000077,0.000061,0.000049,0.000004,0.000012,0.000022,0.000037
1078,,,,,,,,,,,,,,0.000004,0.000079,0.000063,0.000065,0.000049,0.000039,0.000039,0.000060,0.000070,0.000054,0.000076,0.000066,0.000063,0.000050,0.000043,0.000047,0.000060,0.000065,0.000068,0.000087,0.000080,0.000082,0.000074,0.000057,0.000032,0.000025,0.000051,0.000052,0.000047,0.000051,0.000049,0.000044,0.000034,0.000007,0.000023,0.000039,0.000072
1079,,,,,,,,,,,,,,0.000003,0.000046,0.000025,0.000037,0.000062,0.000089,0.000159,0.000234,0.000263,0.000221,0.000245,0.000196,0.000167,0.000168,0.000176,0.000216,0.000266,0.000277,0.000277,0.000318,0.000307,0.000359,0.000344,0.000313,0.000146,0.000082,0.000242,0.000199,0.000149,0.000113,0.000085,0.000055,0.000039,0.000003,0.000018,0.000034,0.000071
1080,,,,,,,,,,,,,,0.000007,0.000140,0.000084,0.000136,0.000170,0.000187,0.000205,0.000258,0.000280,0.000252,0.000303,0.000228,0.000191,0.000183,0.000162,0.000134,0.000117,0.000093,0.000081,0.000075,0.000053,0.000048,0.000040,0.000033,0.000019,0.000016,0.000045,0.000044,0.000039,0.000031,0.000028,0.000023,0.000019,0.000003,0.000025,0.000084,0.000185
1081,,,,,,,,,,,,,,0.000011,0.000190,0.000102,0.000098,0.000063,0.000041,0.000052,0.000064,0.000081,0.000085,0.000111,0.000114,0.000116,0.000111,0.000111,0.000126,0.000134,0.000124,0.000109,0.000129,0.000156,0.000112,0.000097,0.000073,0.000043,0.000038,0.000118,0.000129,0.000106,0.000086,0.000065,0.000036,0.000031,0.000011,0.000084,0.000196,0.000249
1082,,,,,,,,,,,,,,0.000007,0.000254,0.000236,0.000323,0.000283,0.000193,0.000180,0.000196,0.000188,0.000158,0.000167,0.000131,0.000119,0.000092,0.000076,0.000071,0.000066,0.000058,0.000058,0.000059,0.000043,0.000041,0.000035,0.000034,0.000025,0.000018,0.000029,0.000027,0.000019,0.000012,0.000016,0.000018,0.000018,0.000005,0.000019,0.000038,0.000065
1083,,,,,,,,,,,,,,0.000012,0.000321,0.000222,0.000159,0.000107,0.000077,0.000068,0.000059,0.000060,0.000115,0.000073,0.000064,0.000072,0.000091,0.000046,0.000038,0.000042,0.000033,0.000032,0.000037,0.000040,0.000039,0.000036,0.000051,0.000061,0.000055,0.000163,0.000192,0.000172,0.000143,0.000141,0.000126,0.000109,0.000027,0.000122,0.000217,0.000240
1084,,,,,,,,,,,,,,0.000011,0.000347,0.000265,0.000319,0.000333,0.000286,0.000275,0.000250,0.000210,0.000175,0.000177,0.000153,0.000132,0.000112,0.000098,0.000093,0.000098,0.000090,0.000080,0.000090,0.000066,0.000066,0.000063,0.000073,0.000041,0.000039,0.000054,0.000039,0.000034,0.000024,0.000021,0.000020,0.000013,0.000009,0.000030,0.000061,0.000099
1085,,,,,,,,,,,,,,0.000005,0.000118,0.000081,0.000096,0.000078,0.000067,0.000075,0.000082,0.000082,0.000088,0.000084,0.000077,0.000064,0.000054,0.000047,0.000045,0.000050,0.000051,0.000056,0.000065,0.000048,0.000036,0.000033,0.000027,0.000019,0.000020,0.000041,0.000034,0.000022,0.000015,0.000011,0.000008,0.000007,0.000004,0.000019,0.000038,0.000061
1086,,,,,,,,,,,,,,0.000004,0.000112,0.000107,0.000105,0.000121,0.000117,0.000119,0.000149,0.000163,0.000146,0.000167,0.000144,0.000150,0.000146,0.000142,0.000144,0.000152,0.000150,0.000146,0.000144,0.000111,0.000118,0.000099,0.000092,0.000032,0.000021,0.000080,0.000074,0.000068,0.000063,0.000053,0.000036,0.000027,0.000003,0.000025,0.000026,0.000052
1087,,,,,,,,,,,,,,0.000005,0.000115,0.000079,0.000085,0.000080,0.000048,0.000053,0.000064,0.000069,0.000062,0.000071,0.000062,0.000057,0.000056,0.000052,0.000048,0.000052,0.000049,0.000046,0.000049,0.000037,0.000037,0.000041,0.000051,0.000039,0.000016,0.000037,0.000051,0.000058,0.000061,0.000068,0.000061,0.000045,0.000005,0.000016,0.000027,0.000040
1088,,,,,,,,,,,,,,0.000003,0.000049,0.000065,0.000039,0.000054,0.000082,0.000136,0.000226,0.000311,0.000259,0.000234,0.000168,0.000135,0.000126,0.000112,0.000106,0.000127,0.000115,0.000138,0.000168,0.000155,0.000172,0.000190,0.000189,0.000075,0.000044,0.000097,0.000081,0.000074,0.000065,0.000046,0.000038,0.000034,0.000013,0.000059,0.000104,0.000113
1089,,,,,,,,,,,,,,0.000002,0.000045,0.000036,0.000035,0.000030,0.000026,0.000033,0.000057,0.000099,0.000138,0.000125,0.000128,0.000136,0.000120,0.000083,0.000056,0.000044,0.000035,0.000028,0.000025,0.000027,0.000040,0.000038,0.000051,0.000041,0.000056,0.000121,0.000127,0.000126,0.000105,0.000082,0.000055,0.000031,0.000007,0.000031,0.000036,0.000058
1090,,,,,,,,,,,,,,0.000005,0.000094,0.000067,0.000050,0.000042,0.000027,0.000040,0.000061,0.000081,0.000067,0.000091,0.000095,0.000098,0.000098,0.000101,0.000114,0.000135,0.000133,0.000141,0.000161,0.000126,0.000128,0.000111,0.000075,0.000032,0.000020,0.000059,0.000086,0.000114,0.000131,0.000107,0.000068,0.000046,0.000006,0.000033,0.000083,0.000155
1091,,,,,,,,,,,,,,0.000003,0.000071,0.000059,0.000032,0.000029,0.000040,0.000070,0.000109,0.000164,0.000250,0.000174,0.000181,0.000152,0.000106,0.000084,0.000060,0.000048,0.000050,0.000050,0.000044,0.000038,0.000035,0.000035,0.000043,0.000031,0.000028,0.000050,0.000047,0.000040,0.000034,0.000035,0.000032,0.000030,0.000011,0.000034,0.000039,0.000052
1092,,,,,,,,,,,,,,0.000005,0.000085,0.000055,0.000063,0.000062,0.000053,0.000071,0.000084,0.000096,0.000092,0.000107,0.000094,0.000088,0.000084,0.000082,0.000090,0.000085,0.000072,0.000067,0.000073,0.000045,0.000054,0.000049,0.000045,0.000026,0.000022,0.000101,0.000159,0.000199,0.000201,0.000174,0.000119,0.000077,0.000008,0.000032,0.000070,0.000126
1093,,,,,,,,,,,,,,0.000004,0.000082,0.000051,0.000056,0.000051,0.000051,0.000043,0.000047,0.000068,0.000082,0.000084,0.000084,0.000072,0.000065,0.000059,0.000063,0.000058,0.000049,0.000049,0.000048,0.000035,0.000039,0.000039,0.000058,0.000052,0.000019,0.000041,0.000040,0.000045,0.000034,0.000028,0.000028,0.000026,0.000007,0.000035,0.000039,0.000065
1094,,,,,,,,,,,,,,0.000006,0.000142,0.000080,0.000071,0.000064,0.000061,0.000069,0.000098,0.000162,0.000287,0.000307,0.000326,0.000384,0.000414,0.000358,0.000227,0.000171,0.000142,0.000147,0.000213,0.000252,0.000293,0.000290,0.000298,0.000102,0.000065,0.000192,0.000156,0.000128,0.000100,0.000083,0.000060,0.000043,0.000009,0.000024,0.000032,0.000052
1095,,,,,,,,,,,,,,0.000003,0.000060,0.000032,0.000034,0.000054,0.000076,0.000115,0.000167,0.000232,0.000340,0.000367,0.000261,0.000248,0.000227,0.000155,0.000124,0.000105,0.000079,0.000070,0.000067,0.000051,0.000049,0.000043,0.000036,0.000016,0.000013,0.000039,0.000039,0.000036,0.000039,0.000040,0.000040,0.000033,0.000008,0.000040,0.000088,0.000130
1096,,,,,,,,,,,,,,0.000004,0.000085,0.000047,0.000061,0.000062,0.000066,0.000102,0.000146,0.000194,0.000226,0.000256,0.000227,0.000217,0.000189,0.000144,0.000104,0.000089,0.000086,0.000096,0.000109,0.000128,0.000180,0.000172,0.000138,0.000037,0.000020,0.000062,0.000061,0.000055,0.000049,0.000040,0.000035,0.000026,0.000004,0.000027,0.000046,0.000072
1097,,,,,,,,,,,,,,0.000009,0.000141,0.000081,0.000098,0.000108,0.000086,0.000097,0.000117,0.000143,0.000157,0.000210,0.000215,0.000210,0.000202,0.000180,0.000166,0.000176,0.000168,0.000157,0.000162,0.000111,0.000093,0.000093,0.000112,0.000046,0.000035,0.000104,0.000122,0.000126,0.000112,0.000107,0.000081,0.000066,0.000006,0.000045,0.000144,0.000373
1098,,,,,,,,,,,,,,0.000004,0.000083,0.000046,0.000054,0.000048,0.000042,0.000044,0.000051,0.000063,0.000064,0.000081,0.000069,0.000057,0.000057,0.000057,0.000060,0.000069,0.000064,0.000060,0.000062,0.000050,0.000064,0.000051,0.000051,0.000030,0.000032,0.000104,0.000119,0.000121,0.000116,0.000108,0.000078,0.000051,0.000008,0.000038,0.000052,0.000094
1099,,,,,,,,,,,,,,0.000003,0.000070,0.000062,0.000062,0.000063,0.000066,0.000078,0.000085,0.000089,0.000078,0.000101,0.000086,0.000080,0.000083,0.000075,0.000071,0.000074,0.000072,0.000084,0.000105,0.000098,0.000134,0.000117,0.000124,0.000090,0.000042,0.000095,0.000070,0.000053,0.000048,0.000045,0.000044,0.000039,0.000008,0.000026,0.000039,0.000038
1100,,,,,,,,,,,,,,0.000010,0.000178,0.000096,0.000089,0.000074,0.000060,0.000053,0.000058,0.000066,0.000062,0.000054,0.000048,0.000052,0.000058,0.000063,0.000069,0.000074,0.000061,0.000049,0.000044,0.000045,0.000044,0.000036,0.000030,0.000021,0.000020,0.000031,0.000030,0.000021,0.000016,0.000015,0.000018,0.000014,0.000007,0.000023,0.000039,0.000061
1101,,,,,,,,,,,,,,0.000007,0.000132,0.000066,0.000079,0.000080,0.000073,0.000081,0.000094,0.000100,0.000082,0.000107,0.000086,0.000078,0.000082,0.000080,0.000073,0.000079,0.000081,0.000081,0.000103,0.000116,0.000168,0.000185,0.000164,0.000079,0.000036,0.000092,0.000091,0.000081,0.000061,0.000056,0.000047,0.000037,0.000004,0.000028,0.000109,0.000212
1102,,,,,,,,,,,,,,0.000003,0.000090,0.000057,0.000065,0.000070,0.000068,0.000093,0.000122,0.000135,0.000152,0.000165,0.000156,0.000161,0.000150,0.000133,0.000110,0.000102,0.000080,0.000076,0.000073,0.000062,0.000062,0.000069,0.000087,0.000043,0.000032,0.000120,0.000120,0.000090,0.000063,0.000044,0.000027,0.000020,0.000005,0.000018,0.000021,0.000039
1103,,,,,,,,,,,,,,0.000005,0.000099,0.000066,0.000068,0.000055,0.000046,0.000052,0.000065,0.000072,0.000078,0.000092,0.000079,0.000078,0.000082,0.000070,0.000066,0.000072,0.000084,0.000107,0.000187,0.000182,0.000201,0.000136,0.000118,0.000054,0.000035,0.000088,0.000071,0.000057,0.000057,0.000045,0.000037,0.000030,0.000005,0.000032,0.000094,0.000171
1104,,,,,,,,,,,,,,0.000020,0.000324,0.000160,0.000151,0.000129,0.000097,0.000096,0.000113,0.000114,0.000089,0.000089,0.000073,0.000083,0.000076,0.000063,0.000066,0.000074,0.000064,0.000065,0.000082,0.000065,0.000053,0.000037,0.000036,0.000023,0.000016,0.000021,0.000014,0.000018,0.000023,0.000028,0.000028,0.000023,0.000006,0.000027,0.000043,0.000082
1105,,,,,,,,,,,,,,0.000010,0.000190,0.000276,0.000125,0.000109,0.000070,0.000077,0.000091,0.000110,0.000128,0.000135,0.000117,0.000123,0.000135,0.000127,0.000108,0.000099,0.000089,0.000092,0.000098,0.000074,0.000083,0.000067,0.000067,0.000036,0.000031,0.000079,0.000081,0.000063,0.000047,0.000042,0.000032,0.000028,0.000004,0.000026,0.000065,0.000119
1106,,,,,,,,,,,,,,0.000004,0.000073,0.000055,0.000055,0.000054,0.000048,0.000055,0.000072,0.000077,0.000073,0.000081,0.000076,0.000069,0.000073,0.000062,0.000057,0.000051,0.000066,0.000069,0.000086,0.000080,0.000074,0.000072,0.000089,0.000048,0.000043,0.000142,0.000166,0.000191,0.000197,0.000189,0.000156,0.000123,0.000026,0.000057,0.000079,0.000097
1107,,,,,,,,,,,,,,0.000003,0.000080,0.000063,0.000093,0.000086,0.000081,0.000098,0.000116,0.000124,0.000117,0.000139,0.000129,0.000138,0.000147,0.000151,0.000168,0.000193,0.000216,0.000263,0.000252,0.000195,0.000167,0.000139,0.000117,0.000044,0.000051,0.000102,0.000106,0.000109,0.000097,0.000085,0.000070,0.000054,0.000008,0.000033,0.000046,0.000055
1108,,,,,,,,,,,,,,0.000004,0.000131,0.000101,0.000157,0.000183,0.000164,0.000186,0.000236,0.000258,0.000218,0.000234,0.000213,0.000180,0.000148,0.000120,0.000102,0.000098,0.000087,0.000077,0.000077,0.000061,0.000060,0.000058,0.000052,0.000022,0.000018,0.000046,0.000045,0.000039,0.000032,0.000027,0.000018,0.000013,0.000003,0.000018,0.000036,0.000065
1109,,,,,,,,,,,,,,0.000004,0.000073,0.000040,0.000045,0.000043,0.000038,0.000037,0.000042,0.000058,0.000056,0.000063,0.000062,0.000058,0.000063,0.000061,0.000060,0.000069,0.000061,0.000053,0.000053,0.000038,0.000041,0.000035,0.000035,0.000024,0.000017,0.000027,0.000024,0.000029,0.000029,0.000033,0.000032,0.000029,0.000015,0.000074,0.000155,0.000162
1110,,,,,,,,,,,,,,0.000006,0.000106,0.000059,0.000061,0.000065,0.000053,0.000063,0.000078,0.000092,0.000088,0.000101,0.000104,0.000111,0.000114,0.000108,0.000102,0.000112,0.000107,0.000101,0.000097,0.000071,0.000076,0.000066,0.000067,0.000023,0.000020,0.000054,0.000052,0.000037,0.000027,0.000018,0.000013,0.000009,0.000003,0.000023,0.000070,0.000110
1111,,,,,,,,,,,,,,0.000015,0.000295,0.000184,0.000194,0.000206,0.000180,0.000196,0.000213,0.000208,0.000173,0.000173,0.000141,0.000115,0.000098,0.000083,0.000080,0.000078,0.000071,0.000075,0.000083,0.000061,0.000067,0.000061,0.000050,0.000021,0.000020,0.000030,0.000024,0.000024,0.000025,0.000026,0.000022,0.000016,0.000003,0.000008,0.000018,0.000026
1112,,,,,,,,,,,,,,0.000006,0.000111,0.000064,0.000059,0.000049,0.000035,0.000036,0.000047,0.000058,0.000059,0.000063,0.000061,0.000055,0.000048,0.000038,0.000033,0.000032,0.000027,0.000024,0.000029,0.000028,0.000024,0.000018,0.000023,0.000028,0.000019,0.000049,0.000060,0.000063,0.000059,0.000052,0.000037,0.000027,0.000010,0.000033,0.000041,0.000079
1113,,,,,,,,,,,,,,0.000009,0.000198,0.000127,0.000139,0.000119,0.000090,0.000088,0.000102,0.000131,0.000122,0.000144,0.000140,0.000114,0.000125,0.000132,0.000126,0.000140,0.000147,0.000140,0.000116,0.000079,0.000072,0.000072,0.000105,0.000050,0.000033,0.000066,0.000049,0.000034,0.000031,0.000037,0.000035,0.000031,0.000013,0.000041,0.000056,0.000113
1114,,,,,,,,,,,,,,0.000005,0.000081,0.000057,0.000070,0.000059,0.000051,0.000063,0.000070,0.000070,0.000066,0.000074,0.000066,0.000060,0.000062,0.000057,0.000056,0.000055,0.000053,0.000056,0.000064,0.000052,0.000048,0.000037,0.000031,0.000017,0.000015,0.000025,0.000033,0.000039,0.000043,0.000037,0.000027,0.000019,0.000005,0.000034,0.000090,0.000155
1115,,,,,,,,,,,,,,0.000004,0.000081,0.000052,0.000057,0.000053,0.000044,0.000052,0.000071,0.000090,0.000094,0.000104,0.000105,0.000110,0.000109,0.000108,0.000108,0.000105,0.000099,0.000090,0.000091,0.000068,0.000060,0.000043,0.000031,0.000016,0.000013,0.000038,0.000035,0.000030,0.000022,0.000016,0.000011,0.000005,0.000003,0.000024,0.000052,0.000096
1116,,,,,,,,,,,,,,0.000007,0.000205,0.000239,0.000312,0.000253,0.000152,0.000141,0.000122,0.000104,0.000089,0.000099,0.000080,0.000076,0.000077,0.000077,0.000057,0.000063,0.000064,0.000073,0.000063,0.000049,0.000048,0.000037,0.000030,0.000029,0.000024,0.000038,0.000031,0.000032,0.000031,0.000036,0.000032,0.000027,0.000009,0.000037,0.000057,0.000085
1117,,,,,,,,,,,,,,0.000003,0.000067,0.000042,0.000048,0.000045,0.000038,0.000041,0.000041,0.000049,0.000053,0.000053,0.000053,0.000058,0.000052,0.000041,0.000044,0.000052,0.000057,0.000087,0.000114,0.000074,0.000064,0.000060,0.000053,0.000028,0.000019,0.000053,0.000043,0.000035,0.000030,0.000023,0.000015,0.000011,0.000004,0.000011,0.000021,0.000036
1118,,,,,,,,,,,,,,0.000010,0.000178,0.000098,0.000105,0.000109,0.000097,0.000108,0.000119,0.000123,0.000104,0.000118,0.000103,0.000100,0.000099,0.000097,0.000099,0.000119,0.000112,0.000109,0.000092,0.000063,0.000058,0.000048,0.000039,0.000029,0.000023,0.000036,0.000037,0.000035,0.000028,0.000025,0.000017,0.000015,0.000005,0.000024,0.000066,0.000125
1119,,,,,,,,,,,,,,0.000006,0.000124,0.000078,0.000081,0.000077,0.000064,0.000058,0.000069,0.000073,0.000063,0.000078,0.000068,0.000055,0.000051,0.000045,0.000038,0.000037,0.000048,0.000050,0.000054,0.000036,0.000036,0.000033,0.000046,0.000027,0.000021,0.000048,0.000043,0.000040,0.000039,0.000041,0.000038,0.000029,0.000005,0.000020,0.000041,0.000061
1120,,,,,,,,,,,,,,0.000003,0.000070,0.000039,0.000047,0.000031,0.000034,0.000041,0.000070,0.000108,0.000183,0.000184,0.000189,0.000203,0.000223,0.000211,0.000166,0.000130,0.000094,0.000077,0.000068,0.000057,0.000051,0.000041,0.000038,0.000022,0.000015,0.000029,0.000023,0.000034,0.000038,0.000039,0.000037,0.000032,0.000010,0.000051,0.000051,0.000063
1121,,,,,,,,,,,,,,0.000005,0.000119,0.000101,0.000069,0.000052,0.000040,0.000052,0.000068,0.000058,0.000061,0.000061,0.000044,0.000050,0.000045,0.000038,0.000054,0.000079,0.000094,0.000147,0.000182,0.000167,0.000152,0.000106,0.000081,0.000030,0.000058,0.000064,0.000066,0.000059,0.000055,0.000050,0.000038,0.000028,0.000004,0.000013,0.000040,0.000075
1122,,,,,,,,,,,,,,0.000004,0.000100,0.000070,0.000063,0.000058,0.000041,0.000048,0.000052,0.000060,0.000068,0.000081,0.000083,0.000090,0.000095,0.000089,0.000094,0.000109,0.000112,0.000106,0.000117,0.000090,0.000082,0.000068,0.000061,0.000032,0.000038,0.000057,0.000045,0.000038,0.000030,0.000020,0.000015,0.000011,0.000007,0.000019,0.000031,0.000039
1123,,,,,,,,,,,,,,0.000003,0.000085,0.000064,0.000056,0.000051,0.000043,0.000043,0.000053,0.000054,0.000047,0.000058,0.000046,0.000035,0.000043,0.000044,0.000050,0.000044,0.000053,0.000064,0.000105,0.000124,0.000153,0.000107,0.000071,0.000034,0.000019,0.000038,0.000034,0.000028,0.000032,0.000040,0.000037,0.000042,0.000008,0.000022,0.000021,0.000038
1124,,,,,,,,,,,,,,0.000006,0.000160,0.000105,0.000085,0.000068,0.000051,0.000056,0.000057,0.000063,0.000057,0.000061,0.000055,0.000046,0.000042,0.000036,0.000038,0.000048,0.000051,0.000057,0.000071,0.000059,0.000055,0.000041,0.000034,0.000031,0.000057,0.000034,0.000024,0.000019,0.000019,0.000018,0.000018,0.000015,0.000005,0.000018,0.000045,0.000079
1125,,,,,,,,,,,,,,0.000005,0.000088,0.000056,0.000072,0.000079,0.000069,0.000080,0.000087,0.000097,0.000097,0.000126,0.000117,0.000123,0.000117,0.000103,0.000097,0.000100,0.000091,0.000098,0.000119,0.000099,0.000101,0.000069,0.000051,0.000022,0.000046,0.000059,0.000061,0.000058,0.000046,0.000040,0.000025,0.000015,0.000002,0.000024,0.000054,0.000105
1126,,,,,,,,,,,,,,0.000005,0.000088,0.000059,0.000068,0.000056,0.000038,0.000042,0.000047,0.000057,0.000060,0.000056,0.000053,0.000052,0.000047,0.000037,0.000032,0.000044,0.000050,0.000050,0.000048,0.000038,0.000044,0.000037,0.000034,0.000030,0.000020,0.000033,0.000023,0.000020,0.000016,0.000014,0.000011,0.000012,0.000010,0.000037,0.000062,0.000099
1127,,,,,,,,,,,,,,0.000020,0.000424,0.000225,0.000205,0.000145,0.000115,0.000125,0.000147,0.000172,0.000179,0.000216,0.000211,0.000208,0.000220,0.000208,0.000221,0.000213,0.000171,0.000138,0.000114,0.000087,0.000078,0.000060,0.000047,0.000029,0.000026,0.000032,0.000032,0.000032,0.000034,0.000034,0.000031,0.000028,0.000009,0.000029,0.000054,0.000113
1128,,,,,,,,,,,,,,0.000007,0.000135,0.000079,0.000092,0.000096,0.000078,0.000098,0.000139,0.000182,0.000163,0.000169,0.000138,0.000128,0.000118,0.000113,0.000104,0.000090,0.000084,0.000075,0.000071,0.000053,0.000049,0.000038,0.000033,0.000016,0.000016,0.000036,0.000035,0.000032,0.000022,0.000015,0.000016,0.000014,0.000005,0.000029,0.000075,0.000128
1129,,,,,,,,,,,,,,0.000007,0.000177,0.000095,0.000103,0.000102,0.000090,0.000097,0.000109,0.000125,0.000122,0.000121,0.000105,0.000089,0.000078,0.000072,0.000068,0.000074,0.000084,0.000090,0.000110,0.000116,0.000151,0.000129,0.000122,0.000039,0.000024,0.000069,0.000054,0.000042,0.000029,0.000021,0.000014,0.000010,0.000004,0.000018,0.000042,0.000078
1130,,,,,,,,,,,,,,0.000003,0.000062,0.000046,0.000083,0.000074,0.000054,0.000063,0.000074,0.000087,0.000073,0.000082,0.000071,0.000061,0.000055,0.000048,0.000039,0.000042,0.000041,0.000038,0.000032,0.000032,0.000029,0.000047,0.000066,0.000036,0.000026,0.000059,0.000047,0.000032,0.000026,0.000024,0.000016,0.000013,0.000006,0.000021,0.000029,0.000048
1131,,,,,,,,,,,,,,0.000004,0.000110,0.000075,0.000080,0.000069,0.000057,0.000063,0.000073,0.000084,0.000095,0.000103,0.000103,0.000094,0.000082,0.000075,0.000080,0.000095,0.000082,0.000073,0.000079,0.000100,0.000148,0.000221,0.000202,0.000060,0.000036,0.000084,0.000071,0.000066,0.000057,0.000051,0.000050,0.000052,0.000008,0.000036,0.000050,0.000072
1132,,,,,,,,,,,,,,0.000005,0.000103,0.000067,0.000080,0.000078,0.000055,0.000064,0.000074,0.000080,0.000082,0.000098,0.000111,0.000123,0.000134,0.000118,0.000095,0.000083,0.000074,0.000076,0.000113,0.000104,0.000099,0.000090,0.000098,0.000048,0.000026,0.000073,0.000064,0.000057,0.000063,0.000075,0.000050,0.000034,0.000009,0.000034,0.000058,0.000092
1133,,,,,,,,,,,,,,0.000011,0.000198,0.000106,0.000081,0.000062,0.000044,0.000038,0.000036,0.000047,0.000057,0.000051,0.000050,0.000043,0.000041,0.000035,0.000043,0.000055,0.000067,0.000089,0.000145,0.000196,0.000299,0.000350,0.000380,0.000207,0.000118,0.000286,0.000190,0.000110,0.000065,0.000043,0.000021,0.000016,0.000006,0.000028,0.000054,0.000131
1134,,,,,,,,,,,,,,0.000009,0.000187,0.000109,0.000124,0.000103,0.000074,0.000081,0.000085,0.000098,0.000087,0.000073,0.000070,0.000066,0.000058,0.000041,0.000022,0.000022,0.000030,0.000029,0.000032,0.000035,0.000063,0.000052,0.000062,0.000062,0.000060,0.000087,0.000064,0.000046,0.000044,0.000045,0.000044,0.000039,0.000013,0.000047,0.000083,0.000099
1135,,,,,,,,,,,,,,0.000005,0.000116,0.000095,0.000098,0.000094,0.000083,0.000091,0.000105,0.000120,0.000099,0.000122,0.000135,0.000144,0.000155,0.000159,0.000143,0.000183,0.000149,0.000127,0.000129,0.000121,0.000150,0.000132,0.000115,0.000074,0.000043,0.000098,0.000089,0.000083,0.000085,0.000086,0.000076,0.000064,0.000012,0.000039,0.000094,0.000122
1136,,,,,,,,,,,,,,0.000009,0.000135,0.000080,0.000093,0.000075,0.000063,0.000066,0.000068,0.000076,0.000055,0.000056,0.000043,0.000041,0.000047,0.000048,0.000051,0.000067,0.000071,0.000067,0.000054,0.000048,0.000052,0.000039,0.000039,0.000027,0.000021,0.000067,0.000095,0.000120,0.000123,0.000097,0.000068,0.000056,0.000011,0.000078,0.000179,0.000276
1137,,,,,,,,,,,,,,0.000012,0.000263,0.000128,0.000135,0.000104,0.000079,0.000069,0.000077,0.000086,0.000089,0.000084,0.000083,0.000068,0.000062,0.000055,0.000051,0.000050,0.000034,0.000026,0.000030,0.000032,0.000035,0.000046,0.000058,0.000033,0.000017,0.000046,0.000041,0.000033,0.000027,0.000029,0.000026,0.000030,0.000007,0.000040,0.000084,0.000149
1138,,,,,,,,,,,,,,0.000005,0.000142,0.000064,0.000068,0.000067,0.000055,0.000066,0.000076,0.000081,0.000069,0.000078,0.000070,0.000073,0.000077,0.000071,0.000067,0.000059,0.000050,0.000051,0.000062,0.000047,0.000048,0.000044,0.000044,0.000023,0.000015,0.000046,0.000059,0.000059,0.000054,0.000053,0.000040,0.000032,0.000003,0.000016,0.000036,0.000062
1139,,,,,,,,,,,,,,0.000005,0.000112,0.000053,0.000050,0.000052,0.000050,0.000059,0.000074,0.000077,0.000075,0.000077,0.000067,0.000058,0.000057,0.000045,0.000044,0.000052,0.000057,0.000057,0.000067,0.000071,0.000087,0.000064,0.000045,0.000033,0.000019,0.000030,0.000028,0.000025,0.000023,0.000029,0.000039,0.000036,0.000008,0.000037,0.000080,0.000113
1140,,,,,,,,,,,,,,0.000008,0.000154,0.000090,0.000113,0.000081,0.000055,0.000066,0.000079,0.000095,0.000093,0.000101,0.000100,0.000093,0.000090,0.000085,0.000072,0.000060,0.000043,0.000035,0.000034,0.000022,0.000024,0.000031,0.000027,0.000032,0.000038,0.000040,0.000036,0.000036,0.000032,0.000033,0.000034,0.000032,0.000020,0.000068,0.000114,0.000162
1141,,,,,,,,,,,,,,0.000003,0.000061,0.000039,0.000054,0.000086,0.000096,0.000127,0.000135,0.000147,0.000133,0.000145,0.000117,0.000114,0.000113,0.000090,0.000093,0.000108,0.000104,0.000097,0.000096,0.000074,0.000077,0.000062,0.000067,0.000027,0.000031,0.000089,0.000096,0.000086,0.000074,0.000072,0.000051,0.000043,0.000004,0.000020,0.000045,0.000082
1142,,,,,,,,,,,,,,0.000004,0.000101,0.000055,0.000061,0.000079,0.000080,0.000093,0.000116,0.000129,0.000124,0.000125,0.000092,0.000087,0.000092,0.000090,0.000089,0.000087,0.000072,0.000063,0.000068,0.000068,0.000055,0.000054,0.000063,0.000045,0.000030,0.000080,0.000077,0.000077,0.000087,0.000077,0.000070,0.000069,0.000014,0.000045,0.000074,0.000109
1143,,,,,,,,,,,,,,0.000004,0.000101,0.000056,0.000062,0.000070,0.000050,0.000041,0.000045,0.000042,0.000034,0.000039,0.000044,0.000034,0.000039,0.000037,0.000041,0.000052,0.000056,0.000075,0.000097,0.000075,0.000076,0.000068,0.000070,0.000030,0.000018,0.000064,0.000053,0.000041,0.000030,0.000029,0.000028,0.000021,0.000006,0.000052,0.000073,0.000101
1144,,,,,,,,,,,,,,0.000003,0.000089,0.000062,0.000067,0.000064,0.000051,0.000052,0.000061,0.000068,0.000065,0.000070,0.000068,0.000070,0.000065,0.000051,0.000055,0.000048,0.000045,0.000043,0.000045,0.000045,0.000051,0.000052,0.000064,0.000034,0.000027,0.000091,0.000093,0.000084,0.000059,0.000053,0.000045,0.000036,0.000007,0.000016,0.000022,0.000039
1145,,,,,,,,,,,,,,0.000005,0.000114,0.000067,0.000064,0.000063,0.000053,0.000064,0.000076,0.000138,0.000185,0.000293,0.000319,0.000376,0.000405,0.000369,0.000343,0.000314,0.000252,0.000202,0.000186,0.000121,0.000095,0.000065,0.000058,0.000023,0.000019,0.000050,0.000046,0.000048,0.000033,0.000022,0.000015,0.000009,0.000002,0.000018,0.000045,0.000106
1146,,,,,,,,,,,,,,0.000004,0.000102,0.000077,0.000088,0.000091,0.000067,0.000066,0.000077,0.000084,0.000083,0.000078,0.000062,0.000058,0.000055,0.000055,0.000048,0.000048,0.000046,0.000047,0.000053,0.000045,0.000051,0.000046,0.000043,0.000023,0.000019,0.000038,0.000035,0.000032,0.000035,0.000033,0.000026,0.000020,0.000005,0.000017,0.000035,0.000049
1147,,,,,,,,,,,,,,0.000010,0.000176,0.000115,0.000136,0.000123,0.000082,0.000076,0.000073,0.000083,0.000077,0.000079,0.000070,0.000058,0.000052,0.000045,0.000042,0.000047,0.000038,0.000037,0.000053,0.000047,0.000050,0.000040,0.000039,0.000043,0.000027,0.000053,0.000053,0.000056,0.000085,0.000102,0.000090,0.000082,0.000029,0.000155,0.000296,0.000443
1148,,,,,,,,,,,,,,0.000004,0.000061,0.000049,0.000070,0.000072,0.000060,0.000072,0.000088,0.000104,0.000096,0.000121,0.000125,0.000131,0.000136,0.000131,0.000127,0.000148,0.000162,0.000176,0.000198,0.000164,0.000144,0.000140,0.000154,0.000105,0.000088,0.000460,0.000536,0.000488,0.000361,0.000255,0.000151,0.000080,0.000005,0.000026,0.000046,0.000084
1149,,,,,,,,,,,,,,0.000005,0.000136,0.000083,0.000083,0.000066,0.000054,0.000049,0.000050,0.000042,0.000032,0.000037,0.000032,0.000019,0.000022,0.000033,0.000043,0.000049,0.000051,0.000057,0.000060,0.000069,0.000065,0.000048,0.000052,0.000046,0.000028,0.000046,0.000037,0.000032,0.000034,0.000035,0.000033,0.000029,0.000015,0.000048,0.000083,0.000101
1150,,,,,,,,,,,,,,0.000003,0.000072,0.000050,0.000042,0.000033,0.000028,0.000039,0.000066,0.000092,0.000106,0.000115,0.000112,0.000095,0.000087,0.000071,0.000061,0.000053,0.000056,0.000050,0.000045,0.000033,0.000032,0.000022,0.000030,0.000023,0.000023,0.000053,0.000060,0.000056,0.000051,0.000058,0.000053,0.000035,0.000010,0.000026,0.000044,0.000056
1151,,,,,,,,,,,,,,0.000006,0.000119,0.000066,0.000073,0.000074,0.000061,0.000063,0.000070,0.000064,0.000059,0.000061,0.000063,0.000056,0.000059,0.000051,0.000045,0.000053,0.000061,0.000073,0.000056,0.000042,0.000044,0.000048,0.000046,0.000031,0.000019,0.000033,0.000026,0.000026,0.000020,0.000014,0.000011,0.000016,0.000006,0.000042,0.000070,0.000124
1152,,,,,,,,,,,,,,0.000003,0.000056,0.000037,0.000040,0.000041,0.000031,0.000036,0.000040,0.000046,0.000049,0.000050,0.000047,0.000050,0.000050,0.000061,0.000078,0.000112,0.000145,0.000178,0.000218,0.000149,0.000123,0.000113,0.000075,0.000023,0.000020,0.000049,0.000052,0.000045,0.000041,0.000034,0.000030,0.000023,0.000003,0.000015,0.000035,0.000054
1153,,,,,,,,,,,,,,0.000006,0.000181,0.000106,0.000144,0.000103,0.000069,0.000073,0.000092,0.000098,0.000087,0.000102,0.000093,0.000084,0.000089,0.000090,0.000090,0.000097,0.000098,0.000096,0.000082,0.000063,0.000059,0.000046,0.000044,0.000034,0.000035,0.000058,0.000055,0.000059,0.000065,0.000075,0.000066,0.000055,0.000014,0.000059,0.000075,0.000119
1154,,,,,,,,,,,,,,0.000004,0.000084,0.000047,0.000054,0.000054,0.000039,0.000043,0.000043,0.000057,0.000051,0.000051,0.000045,0.000044,0.000041,0.000041,0.000042,0.000043,0.000047,0.000051,0.000056,0.000053,0.000057,0.000100,0.000070,0.000028,0.000019,0.000047,0.000050,0.000050,0.000042,0.000037,0.000027,0.000021,0.000004,0.000016,0.000037,0.000070
1155,,,,,,,,,,,,,,0.000004,0.000072,0.000045,0.000047,0.000039,0.000034,0.000035,0.000037,0.000038,0.000042,0.000046,0.000043,0.000049,0.000044,0.000040,0.000047,0.000051,0.000046,0.000040,0.000046,0.000039,0.000035,0.000032,0.000028,0.000018,0.000013,0.000032,0.000038,0.000042,0.000038,0.000038,0.000029,0.000022,0.000006,0.000030,0.000063,0.000103
1156,,,,,,,,,,,,,,0.000011,0.000231,0.000176,0.000212,0.000277,0.000272,0.000323,0.000381,0.000426,0.000390,0.000484,0.000468,0.000490,0.000494,0.000439,0.000393,0.000368,0.000320,0.000306,0.000333,0.000240,0.000215,0.000171,0.000161,0.000057,0.000044,0.000127,0.000129,0.000127,0.000100,0.000086,0.000060,0.000043,0.000003,0.000041,0.000126,0.000221
1157,,,,,,,,,,,,,,0.000023,0.000490,0.000321,0.000338,0.000346,0.000315,0.000320,0.000329,0.000340,0.000298,0.000341,0.000323,0.000313,0.000278,0.000245,0.000215,0.000206,0.000182,0.000159,0.000145,0.000101,0.000112,0.000098,0.000082,0.000063,0.000045,0.000078,0.000059,0.000041,0.000026,0.000021,0.000016,0.000014,0.000011,0.000051,0.000087,0.000178
1158,,,,,,,,,,,,,,0.000005,0.000108,0.000086,0.000070,0.000082,0.000102,0.000178,0.000288,0.000444,0.000489,0.000575,0.000524,0.000451,0.000372,0.000266,0.000196,0.000159,0.000101,0.000070,0.000068,0.000046,0.000044,0.000036,0.000045,0.000057,0.000030,0.000041,0.000031,0.000032,0.000027,0.000036,0.000046,0.000044,0.000019,0.000059,0.000095,0.000136
1159,,,,,,,,,,,,,,0.000004,0.000106,0.000086,0.000112,0.000125,0.000115,0.000133,0.000143,0.000158,0.000146,0.000154,0.000131,0.000124,0.000115,0.000102,0.000096,0.000103,0.000100,0.000096,0.000093,0.000070,0.000068,0.000058,0.000056,0.000025,0.000024,0.000074,0.000073,0.000063,0.000049,0.000037,0.000022,0.000013,0.000002,0.000012,0.000028,0.000051
1160,,,,,,,,,,,,,,0.000004,0.000082,0.000059,0.000046,0.000048,0.000024,0.000022,0.000029,0.000040,0.000047,0.000065,0.000067,0.000086,0.000093,0.000102,0.000094,0.000112,0.000139,0.000170,0.000237,0.000197,0.000210,0.000168,0.000141,0.000092,0.000066,0.000078,0.000057,0.000049,0.000039,0.000027,0.000028,0.000027,0.000006,0.000024,0.000035,0.000061
1161,,,,,,,,,,,,,,0.000002,0.000038,0.000028,0.000052,0.000058,0.000043,0.000049,0.000053,0.000064,0.000069,0.000078,0.000069,0.000070,0.000069,0.000068,0.000061,0.000056,0.000047,0.000048,0.000063,0.000067,0.000130,0.000110,0.000084,0.000054,0.000026,0.000058,0.000063,0.000059,0.000053,0.000050,0.000039,0.000032,0.000005,0.000018,0.000040,0.000060
1162,,,,,,,,,,,,,,0.000007,0.000118,0.000071,0.000079,0.000069,0.000054,0.000050,0.000054,0.000057,0.000056,0.000059,0.000060,0.000049,0.000049,0.000050,0.000047,0.000063,0.000061,0.000069,0.000113,0.000118,0.000118,0.000088,0.000082,0.000071,0.000034,0.000064,0.000053,0.000043,0.000037,0.000034,0.000022,0.000016,0.000005,0.000030,0.000050,0.000089
1163,,,,,,,,,,,,,,0.000009,0.000194,0.000124,0.000161,0.000237,0.000176,0.000178,0.000190,0.000197,0.000185,0.000218,0.000176,0.000155,0.000141,0.000131,0.000116,0.000119,0.000114,0.000110,0.000108,0.000089,0.000078,0.000064,0.000056,0.000027,0.000021,0.000048,0.000034,0.000027,0.000027,0.000033,0.000039,0.000034,0.000007,0.000023,0.000041,0.000068
1164,,,,,,,,,,,,,,0.000004,0.000100,0.000066,0.000085,0.000085,0.000078,0.000084,0.000092,0.000101,0.000091,0.000095,0.000076,0.000080,0.000079,0.000081,0.000077,0.000085,0.000085,0.000087,0.000107,0.000120,0.000136,0.000127,0.000117,0.000049,0.000030,0.000084,0.000067,0.000046,0.000027,0.000022,0.000014,0.000010,0.000003,0.000015,0.000035,0.000072
1165,,,,,,,,,,,,,,0.000007,0.000123,0.000076,0.000113,0.000149,0.000126,0.000158,0.000189,0.000194,0.000174,0.000187,0.000151,0.000123,0.000124,0.000109,0.000097,0.000100,0.000087,0.000078,0.000118,0.000128,0.000157,0.000121,0.000118,0.000040,0.000039,0.000142,0.000146,0.000144,0.000122,0.000098,0.000067,0.000051,0.000006,0.000061,0.000169,0.000267
1166,,,,,,,,,,,,,,0.000004,0.000102,0.000063,0.000056,0.000042,0.000036,0.000046,0.000054,0.000058,0.000065,0.000066,0.000064,0.000060,0.000049,0.000038,0.000028,0.000022,0.000037,0.000039,0.000056,0.000047,0.000051,0.000050,0.000049,0.000036,0.000025,0.000057,0.000064,0.000068,0.000063,0.000064,0.000060,0.000057,0.000014,0.000044,0.000057,0.000076
1167,,,,,,,,,,,,,,0.000006,0.000112,0.000068,0.000077,0.000078,0.000067,0.000059,0.000062,0.000075,0.000071,0.000073,0.000067,0.000061,0.000061,0.000060,0.000064,0.000068,0.000071,0.000072,0.000079,0.000089,0.000110,0.000090,0.000073,0.000027,0.000018,0.000063,0.000063,0.000070,0.000085,0.000110,0.000092,0.000063,0.000007,0.000023,0.000054,0.000094
1168,,,,,,,,,,,,,,0.000011,0.000120,0.000068,0.000068,0.000079,0.000090,0.000098,0.000128,0.000153,0.000155,0.000181,0.000160,0.000154,0.000159,0.000142,0.000126,0.000086,0.000060,0.000068,0.000075,0.000069,0.000089,0.000086,0.000075,0.000033,0.000023,0.000042,0.000036,0.000034,0.000032,0.000031,0.000024,0.000018,0.000005,0.000020,0.000051,0.000140
1169,,,,,,,,,,,,,,0.000010,0.000177,0.000095,0.000094,0.000083,0.000074,0.000078,0.000078,0.000078,0.000072,0.000066,0.000060,0.000050,0.000045,0.000044,0.000040,0.000045,0.000058,0.000073,0.000074,0.000066,0.000060,0.000050,0.000049,0.000019,0.000014,0.000034,0.000031,0.000022,0.000015,0.000009,0.000006,0.000005,0.000004,0.000013,0.000038,0.000090
1170,,,,,,,,,,,,,,0.000004,0.000067,0.000041,0.000049,0.000044,0.000038,0.000048,0.000065,0.000092,0.000098,0.000134,0.000115,0.000113,0.000109,0.000092,0.000076,0.000084,0.000076,0.000074,0.000078,0.000063,0.000054,0.000052,0.000055,0.000050,0.000022,0.000055,0.000061,0.000061,0.000062,0.000060,0.000044,0.000034,0.000005,0.000034,0.000072,0.000118
1171,,,,,,,,,,,,,,0.000010,0.000201,0.000110,0.000138,0.000129,0.000087,0.000088,0.000109,0.000117,0.000104,0.000107,0.000094,0.000091,0.000091,0.000079,0.000071,0.000064,0.000057,0.000060,0.000060,0.000051,0.000048,0.000042,0.000032,0.000045,0.000023,0.000027,0.000017,0.000016,0.000016,0.000021,0.000027,0.000035,0.000018,0.000087,0.000184,0.000295
1172,,,,,,,,,,,,,,0.000004,0.000079,0.000045,0.000052,0.000041,0.000037,0.000053,0.000074,0.000106,0.000109,0.000149,0.000142,0.000152,0.000151,0.000148,0.000150,0.000117,0.000116,0.000118,0.000151,0.000132,0.000133,0.000145,0.000180,0.000088,0.000067,0.000227,0.000160,0.000096,0.000054,0.000035,0.000025,0.000016,0.000004,0.000023,0.000059,0.000088
1173,,,,,,,,,,,,,,0.000004,0.000083,0.000050,0.000050,0.000041,0.000039,0.000047,0.000066,0.000098,0.000110,0.000158,0.000177,0.000191,0.000222,0.000213,0.000200,0.000172,0.000151,0.000132,0.000133,0.000114,0.000115,0.000095,0.000087,0.000040,0.000036,0.000057,0.000054,0.000051,0.000051,0.000052,0.000041,0.000033,0.000008,0.000024,0.000039,0.000047
1174,,,,,,,,,,,,,,0.000003,0.000085,0.000046,0.000051,0.000046,0.000034,0.000037,0.000041,0.000039,0.000040,0.000048,0.000044,0.000043,0.000036,0.000036,0.000035,0.000033,0.000039,0.000043,0.000044,0.000042,0.000041,0.000035,0.000045,0.000023,0.000018,0.000031,0.000036,0.000038,0.000045,0.000046,0.000038,0.000027,0.000005,0.000025,0.000029,0.000047
1175,,,,,,,,,,,,,,0.000002,0.000051,0.000032,0.000031,0.000027,0.000026,0.000037,0.000050,0.000061,0.000062,0.000079,0.000087,0.000101,0.000089,0.000074,0.000074,0.000073,0.000069,0.000065,0.000063,0.000044,0.000049,0.000048,0.000051,0.000023,0.000017,0.000069,0.000096,0.000115,0.000124,0.000115,0.000080,0.000047,0.000006,0.000016,0.000026,0.000047
1176,,,,,,,,,,,,,,0.000010,0.000214,0.000158,0.000170,0.000135,0.000096,0.000091,0.000083,0.000069,0.000052,0.000065,0.000057,0.000056,0.000060,0.000056,0.000044,0.000036,0.000037,0.000035,0.000056,0.000066,0.000099,0.000121,0.000126,0.000054,0.000044,0.000115,0.000102,0.000077,0.000067,0.000058,0.000052,0.000042,0.000009,0.000031,0.000073,0.000099
1177,,,,,,,,,,,,,,0.000012,0.000286,0.000181,0.000195,0.000179,0.000134,0.000130,0.000137,0.000138,0.000122,0.000152,0.000141,0.000137,0.000131,0.000123,0.000110,0.000112,0.000091,0.000082,0.000081,0.000060,0.000056,0.000043,0.000039,0.000019,0.000019,0.000059,0.000058,0.000060,0.000048,0.000038,0.000025,0.000015,0.000003,0.000048,0.000076,0.000124
1178,,,,,,,,,,,,,,0.000004,0.000080,0.000043,0.000044,0.000041,0.000042,0.000045,0.000072,0.000109,0.000120,0.000137,0.000129,0.000112,0.000116,0.000099,0.000087,0.000069,0.000054,0.000051,0.000050,0.000041,0.000055,0.000048,0.000047,0.000032,0.000027,0.000069,0.000097,0.000111,0.000106,0.000091,0.000070,0.000064,0.000011,0.000029,0.000037,0.000046
1179,,,,,,,,,,,,,,0.000010,0.000186,0.000114,0.000132,0.000137,0.000121,0.000156,0.000194,0.000221,0.000205,0.000234,0.000216,0.000199,0.000183,0.000172,0.000161,0.000166,0.000139,0.000115,0.000106,0.000075,0.000076,0.000070,0.000074,0.000028,0.000019,0.000067,0.000066,0.000060,0.000047,0.000039,0.000022,0.000016,0.000003,0.000033,0.000113,0.000219
1180,,,,,,,,,,,,,,0.000007,0.000135,0.000079,0.000080,0.000081,0.000060,0.000063,0.000074,0.000100,0.000095,0.000118,0.000141,0.000139,0.000154,0.000185,0.000232,0.000316,0.000357,0.000313,0.000226,0.000142,0.000111,0.000080,0.000065,0.000027,0.000022,0.000061,0.000055,0.000049,0.000042,0.000035,0.000029,0.000026,0.000005,0.000026,0.000075,0.000129
1181,,,,,,,,,,,,,,0.000006,0.000080,0.000044,0.000042,0.000037,0.000030,0.000042,0.000061,0.000080,0.000104,0.000147,0.000160,0.000168,0.000155,0.000118,0.000099,0.000082,0.000069,0.000060,0.000056,0.000037,0.000034,0.000027,0.000027,0.000015,0.000012,0.000041,0.000035,0.000030,0.000023,0.000023,0.000017,0.000014,0.000005,0.000025,0.000056,0.000096
1182,,,,,,,,,,,,,,0.000006,0.000132,0.000117,0.000176,0.000187,0.000169,0.000189,0.000219,0.000224,0.000234,0.000297,0.000292,0.000325,0.000288,0.000254,0.000224,0.000212,0.000155,0.000125,0.000126,0.000094,0.000101,0.000115,0.000103,0.000087,0.000042,0.000058,0.000061,0.000069,0.000062,0.000057,0.000039,0.000026,0.000008,0.000034,0.000072,0.000102
1183,,,,,,,,,,,,,,0.000008,0.000213,0.000156,0.000191,0.000184,0.000141,0.000132,0.000123,0.000113,0.000107,0.000100,0.000080,0.000070,0.000059,0.000065,0.000057,0.000054,0.000052,0.000049,0.000048,0.000035,0.000040,0.000035,0.000034,0.000023,0.000018,0.000037,0.000031,0.000028,0.000028,0.000026,0.000018,0.000014,0.000004,0.000020,0.000039,0.000070
1184,,,,,,,,,,,,,,0.000005,0.000102,0.000055,0.000061,0.000042,0.000025,0.000019,0.000026,0.000031,0.000034,0.000027,0.000022,0.000020,0.000021,0.000027,0.000043,0.000085,0.000133,0.000169,0.000239,0.000246,0.000226,0.000201,0.000157,0.000065,0.000043,0.000132,0.000120,0.000105,0.000085,0.000078,0.000070,0.000070,0.000018,0.000071,0.000076,0.000159
1185,,,,,,,,,,,,,,0.000003,0.000075,0.000044,0.000042,0.000039,0.000057,0.000103,0.000154,0.000195,0.000164,0.000175,0.000147,0.000121,0.000102,0.000092,0.000103,0.000109,0.000113,0.000107,0.000099,0.000071,0.000068,0.000075,0.000060,0.000020,0.000017,0.000059,0.000065,0.000067,0.000071,0.000075,0.000063,0.000054,0.000006,0.000011,0.000013,0.000021
1186,,,,,,,,,,,,,,0.000003,0.000067,0.000042,0.000051,0.000055,0.000046,0.000046,0.000050,0.000054,0.000050,0.000059,0.000051,0.000058,0.000065,0.000065,0.000072,0.000081,0.000084,0.000098,0.000098,0.000084,0.000112,0.000133,0.000149,0.000099,0.000058,0.000109,0.000102,0.000111,0.000121,0.000122,0.000111,0.000073,0.000007,0.000025,0.000051,0.000066
1187,,,,,,,,,,,,,,0.000003,0.000060,0.000044,0.000040,0.000036,0.000031,0.000034,0.000047,0.000055,0.000076,0.000111,0.000121,0.000147,0.000155,0.000140,0.000151,0.000127,0.000093,0.000066,0.000058,0.000046,0.000043,0.000030,0.000029,0.000023,0.000018,0.000033,0.000042,0.000038,0.000042,0.000042,0.000038,0.000028,0.000007,0.000028,0.000048,0.000066
1188,,,,,,,,,,,,,,0.000006,0.000128,0.000081,0.000088,0.000095,0.000081,0.000092,0.000118,0.000153,0.000161,0.000197,0.000192,0.000214,0.000239,0.000242,0.000258,0.000289,0.000292,0.000302,0.000306,0.000194,0.000163,0.000124,0.000107,0.000037,0.000024,0.000085,0.000086,0.000084,0.000074,0.000061,0.000044,0.000033,0.000002,0.000017,0.000056,0.000111
1189,,,,,,,,,,,,,,0.000004,0.000067,0.000035,0.000020,0.000039,0.000110,0.000241,0.000378,0.000433,0.000333,0.000339,0.000268,0.000218,0.000172,0.000129,0.000100,0.000087,0.000078,0.000072,0.000056,0.000048,0.000046,0.000042,0.000053,0.000044,0.000044,0.000185,0.000189,0.000166,0.000150,0.000132,0.000115,0.000089,0.000012,0.000030,0.000059,0.000076
1190,,,,,,,,,,,,,,0.000011,0.000172,0.000102,0.000118,0.000119,0.000085,0.000089,0.000100,0.000127,0.000119,0.000141,0.000148,0.000162,0.000192,0.000211,0.000230,0.000271,0.000236,0.000189,0.000155,0.000111,0.000102,0.000088,0.000063,0.000021,0.000022,0.000056,0.000057,0.000052,0.000043,0.000042,0.000034,0.000022,0.000004,0.000024,0.000067,0.000133
1191,,,,,,,,,,,,,,0.000004,0.000151,0.000152,0.000209,0.000199,0.000125,0.000126,0.000122,0.000111,0.000088,0.000093,0.000082,0.000068,0.000047,0.000031,0.000032,0.000033,0.000031,0.000041,0.000037,0.000031,0.000035,0.000039,0.000036,0.000028,0.000018,0.000041,0.000071,0.000122,0.000191,0.000230,0.000204,0.000153,0.000024,0.000132,0.000073,0.000094
1192,,,,,,,,,,,,,,0.000003,0.000076,0.000046,0.000043,0.000042,0.000037,0.000044,0.000049,0.000043,0.000034,0.000046,0.000040,0.000041,0.000035,0.000031,0.000025,0.000027,0.000033,0.000046,0.000062,0.000075,0.000097,0.000116,0.000137,0.000056,0.000029,0.000067,0.000057,0.000051,0.000045,0.000043,0.000036,0.000039,0.000009,0.000029,0.000055,0.000077
1193,,,,,,,,,,,,,,0.000009,0.000080,0.000041,0.000055,0.000069,0.000060,0.000077,0.000085,0.000101,0.000097,0.000117,0.000081,0.000080,0.000080,0.000072,0.000072,0.000086,0.000070,0.000079,0.000084,0.000061,0.000056,0.000055,0.000058,0.000032,0.000027,0.000096,0.000115,0.000146,0.000172,0.000187,0.000145,0.000117,0.000018,0.000120,0.000387,0.000622
1194,,,,,,,,,,,,,,0.000007,0.000180,0.000107,0.000134,0.000189,0.000212,0.000228,0.000254,0.000222,0.000180,0.000176,0.000122,0.000099,0.000088,0.000075,0.000067,0.000066,0.000057,0.000058,0.000068,0.000053,0.000049,0.000047,0.000047,0.000026,0.000025,0.000037,0.000043,0.000045,0.000045,0.000046,0.000039,0.000030,0.000005,0.000019,0.000041,0.000065
1195,,,,,,,,,,,,,,0.000003,0.000075,0.000067,0.000119,0.000149,0.000118,0.000118,0.000147,0.000168,0.000155,0.000171,0.000161,0.000153,0.000152,0.000132,0.000121,0.000130,0.000139,0.000142,0.000150,0.000136,0.000153,0.000141,0.000150,0.000052,0.000041,0.000159,0.000173,0.000192,0.000195,0.000184,0.000142,0.000084,0.000008,0.000023,0.000028,0.000047
1196,,,,,,,,,,,,,,0.000003,0.000054,0.000040,0.000046,0.000056,0.000044,0.000051,0.000061,0.000070,0.000065,0.000061,0.000066,0.000063,0.000063,0.000051,0.000055,0.000054,0.000054,0.000046,0.000054,0.000054,0.000068,0.000080,0.000088,0.000046,0.000044,0.000178,0.000180,0.000154,0.000119,0.000090,0.000065,0.000042,0.000005,0.000022,0.000046,0.000080
1197,,,,,,,,,,,,,,0.000005,0.000092,0.000050,0.000055,0.000050,0.000057,0.000066,0.000061,0.000063,0.000054,0.000061,0.000057,0.000058,0.000059,0.000049,0.000057,0.000050,0.000042,0.000057,0.000069,0.000062,0.000055,0.000041,0.000049,0.000030,0.000021,0.000049,0.000051,0.000048,0.000051,0.000055,0.000048,0.000038,0.000008,0.000019,0.000040,0.000071
1198,,,,,,,,,,,,,,0.000004,0.000098,0.000064,0.000072,0.000073,0.000058,0.000077,0.000088,0.000094,0.000076,0.000090,0.000089,0.000079,0.000081,0.000069,0.000059,0.000063,0.000053,0.000044,0.000047,0.000036,0.000039,0.000037,0.000040,0.000023,0.000018,0.000042,0.000044,0.000045,0.000041,0.000047,0.000046,0.000039,0.000008,0.000025,0.000034,0.000053
1199,,,,,,,,,,,,,,0.000004,0.000134,0.000125,0.000201,0.000196,0.000124,0.000094,0.000069,0.000052,0.000047,0.000038,0.000027,0.000033,0.000038,0.000035,0.000036,0.000033,0.000033,0.000031,0.000028,0.000026,0.000041,0.000027,0.000023,0.000023,0.000016,0.000018,0.000017,0.000019,0.000021,0.000023,0.000026,0.000026,0.000010,0.000032,0.000049,0.000077
1200,,,,,,,,,,,,,,0.000004,0.000084,0.000082,0.000049,0.000051,0.000047,0.000047,0.000061,0.000063,0.000051,0.000072,0.000064,0.000056,0.000047,0.000045,0.000036,0.000039,0.000048,0.000068,0.000074,0.000073,0.000064,0.000060,0.000051,0.000032,0.000018,0.000033,0.000026,0.000027,0.000031,0.000034,0.000030,0.000029,0.000012,0.000031,0.000044,0.000067
1201,,,,,,,,,,,,,,0.000003,0.000061,0.000041,0.000042,0.000041,0.000033,0.000037,0.000049,0.000067,0.000067,0.000084,0.000072,0.000062,0.000061,0.000053,0.000054,0.000050,0.000042,0.000056,0.000059,0.000054,0.000057,0.000056,0.000056,0.000029,0.000023,0.000072,0.000070,0.000079,0.000075,0.000060,0.000047,0.000037,0.000005,0.000036,0.000038,0.000069
1202,,,,,,,,,,,,,,0.000004,0.000089,0.000052,0.000061,0.000068,0.000065,0.000071,0.000084,0.000089,0.000075,0.000092,0.000076,0.000078,0.000080,0.000067,0.000068,0.000074,0.000064,0.000066,0.000074,0.000066,0.000070,0.000064,0.000090,0.000049,0.000046,0.000214,0.000179,0.000121,0.000076,0.000051,0.000034,0.000023,0.000004,0.000018,0.000034,0.000067
1203,,,,,,,,,,,,,,0.000005,0.000109,0.000073,0.000070,0.000058,0.000056,0.000061,0.000079,0.000083,0.000088,0.000100,0.000089,0.000066,0.000065,0.000059,0.000072,0.000078,0.000062,0.000059,0.000065,0.000071,0.000064,0.000057,0.000056,0.000030,0.000023,0.000045,0.000046,0.000052,0.000039,0.000033,0.000043,0.000049,0.000013,0.000037,0.000057,0.000077
1204,,,,,,,,,,,,,,0.000010,0.000244,0.000181,0.000176,0.000208,0.000203,0.000282,0.000383,0.000492,0.000478,0.000580,0.000508,0.000420,0.000361,0.000262,0.000219,0.000191,0.000158,0.000142,0.000132,0.000111,0.000114,0.000154,0.000163,0.000053,0.000039,0.000117,0.000092,0.000069,0.000055,0.000051,0.000036,0.000025,0.000005,0.000055,0.000047,0.000072
1205,,,,,,,,,,,,,,0.000004,0.000096,0.000078,0.000071,0.000063,0.000057,0.000062,0.000069,0.000075,0.000077,0.000077,0.000071,0.000058,0.000047,0.000039,0.000037,0.000039,0.000035,0.000037,0.000039,0.000031,0.000034,0.000028,0.000027,0.000031,0.000020,0.000036,0.000031,0.000024,0.000021,0.000015,0.000013,0.000013,0.000005,0.000014,0.000027,0.000050
1206,,,,,,,,,,,,,,0.000005,0.000113,0.000067,0.000081,0.000075,0.000066,0.000075,0.000082,0.000081,0.000060,0.000074,0.000064,0.000058,0.000052,0.000053,0.000043,0.000048,0.000052,0.000055,0.000064,0.000055,0.000053,0.000045,0.000043,0.000021,0.000017,0.000049,0.000062,0.000066,0.000066,0.000062,0.000053,0.000032,0.000005,0.000015,0.000026,0.000054
1207,,,,,,,,,,,,,,0.000004,0.000092,0.000073,0.000078,0.000081,0.000071,0.000079,0.000094,0.000103,0.000109,0.000121,0.000110,0.000106,0.000108,0.000124,0.000169,0.000186,0.000204,0.000218,0.000235,0.000186,0.000147,0.000121,0.000096,0.000035,0.000023,0.000056,0.000031,0.000029,0.000034,0.000032,0.000027,0.000024,0.000005,0.000023,0.000056,0.000099
1208,,,,,,,,,,,,,,0.000005,0.000089,0.000067,0.000060,0.000059,0.000047,0.000048,0.000051,0.000057,0.000068,0.000054,0.000050,0.000056,0.000060,0.000051,0.000056,0.000052,0.000067,0.000135,0.000186,0.000137,0.000097,0.000076,0.000085,0.000060,0.000034,0.000089,0.000087,0.000071,0.000061,0.000061,0.000047,0.000039,0.000010,0.000037,0.000056,0.000085
1209,,,,,,,,,,,,,,0.000007,0.000114,0.000070,0.000080,0.000096,0.000089,0.000101,0.000139,0.000170,0.000179,0.000219,0.000225,0.000239,0.000278,0.000309,0.000359,0.000392,0.000338,0.000283,0.000263,0.000183,0.000138,0.000106,0.000095,0.000039,0.000047,0.000104,0.000099,0.000090,0.000080,0.000082,0.000065,0.000051,0.000004,0.000029,0.000088,0.000158
1210,,,,,,,,,,,,,,0.000017,0.000237,0.000144,0.000148,0.000167,0.000174,0.000204,0.000224,0.000244,0.000189,0.000214,0.000180,0.000160,0.000158,0.000154,0.000155,0.000154,0.000114,0.000089,0.000099,0.000070,0.000057,0.000052,0.000038,0.000026,0.000017,0.000033,0.000029,0.000032,0.000029,0.000027,0.000023,0.000020,0.000008,0.000084,0.000294,0.000551
1211,,,,,,,,,,,,,,0.000006,0.000130,0.000099,0.000155,0.000199,0.000220,0.000293,0.000383,0.000431,0.000389,0.000444,0.000393,0.000339,0.000280,0.000212,0.000185,0.000162,0.000126,0.000103,0.000101,0.000078,0.000084,0.000069,0.000070,0.000030,0.000023,0.000071,0.000064,0.000051,0.000036,0.000033,0.000024,0.000014,0.000005,0.000033,0.000063,0.000092
1212,,,,,,,,,,,,,,0.000006,0.000113,0.000072,0.000089,0.000086,0.000069,0.000073,0.000078,0.000085,0.000078,0.000099,0.000089,0.000077,0.000080,0.000082,0.000093,0.000100,0.000101,0.000103,0.000122,0.000094,0.000095,0.000087,0.000093,0.000051,0.000036,0.000106,0.000092,0.000067,0.000047,0.000036,0.000026,0.000015,0.000003,0.000032,0.000078,0.000130
1213,,,,,,,,,,,,,,0.000003,0.000062,0.000037,0.000031,0.000019,0.000016,0.000011,0.000013,0.000019,0.000025,0.000026,0.000034,0.000029,0.000033,0.000030,0.000032,0.000038,0.000042,0.000047,0.000050,0.000042,0.000043,0.000046,0.000046,0.000049,0.000017,0.000034,0.000042,0.000046,0.000053,0.000056,0.000045,0.000037,0.000008,0.000027,0.000035,0.000052
1214,,,,,,,,,,,,,,0.000007,0.000190,0.000133,0.000183,0.000147,0.000090,0.000088,0.000095,0.000105,0.000087,0.000103,0.000083,0.000092,0.000110,0.000161,0.000191,0.000231,0.000195,0.000162,0.000137,0.000078,0.000065,0.000057,0.000057,0.000030,0.000020,0.000048,0.000038,0.000031,0.000021,0.000018,0.000015,0.000012,0.000004,0.000034,0.000088,0.000136
1215,,,,,,,,,,,,,,0.000005,0.000113,0.000072,0.000063,0.000059,0.000064,0.000089,0.000116,0.000172,0.000231,0.000210,0.000207,0.000216,0.000207,0.000202,0.000207,0.000187,0.000171,0.000186,0.000186,0.000134,0.000098,0.000068,0.000044,0.000023,0.000019,0.000036,0.000023,0.000017,0.000013,0.000008,0.000003,0.000005,0.000007,0.000029,0.000044,0.000073
1216,,,,,,,,,,,,,,0.000005,0.000190,0.000206,0.000265,0.000387,0.000325,0.000259,0.000235,0.000225,0.000177,0.000190,0.000156,0.000168,0.000160,0.000163,0.000199,0.000192,0.000162,0.000162,0.000157,0.000127,0.000126,0.000136,0.000182,0.000081,0.000053,0.000146,0.000113,0.000079,0.000054,0.000041,0.000029,0.000018,0.000004,0.000017,0.000039,0.000071
1217,,,,,,,,,,,,,,0.000004,0.000067,0.000044,0.000051,0.000046,0.000040,0.000034,0.000040,0.000054,0.000067,0.000052,0.000061,0.000060,0.000058,0.000051,0.000055,0.000054,0.000054,0.000054,0.000066,0.000059,0.000067,0.000050,0.000052,0.000033,0.000035,0.000116,0.000130,0.000127,0.000128,0.000130,0.000107,0.000084,0.000011,0.000045,0.000066,0.000103
1218,,,,,,,,,,,,,,0.000006,0.000125,0.000092,0.000098,0.000096,0.000098,0.000133,0.000164,0.000187,0.000172,0.000185,0.000168,0.000149,0.000128,0.000107,0.000093,0.000096,0.000096,0.000095,0.000085,0.000060,0.000067,0.000065,0.000064,0.000040,0.000021,0.000047,0.000031,0.000030,0.000021,0.000012,0.000008,0.000003,0.000006,0.000022,0.000041,0.000079
1219,,,,,,,,,,,,,,0.000008,0.000157,0.000109,0.000164,0.000201,0.000184,0.000226,0.000257,0.000257,0.000219,0.000224,0.000181,0.000174,0.000151,0.000141,0.000126,0.000120,0.000116,0.000136,0.000140,0.000108,0.000086,0.000073,0.000068,0.000046,0.000029,0.000058,0.000049,0.000035,0.000029,0.000026,0.000021,0.000013,0.000007,0.000037,0.000087,0.000163
1220,,,,,,,,,,,,,,0.000007,0.000093,0.000064,0.000046,0.000026,0.000028,0.000034,0.000040,0.000051,0.000065,0.000073,0.000067,0.000063,0.000064,0.000066,0.000075,0.000087,0.000104,0.000112,0.000148,0.000133,0.000123,0.000092,0.000072,0.000045,0.000026,0.000054,0.000055,0.000056,0.000059,0.000059,0.000052,0.000061,0.000024,0.000144,0.000292,0.000367
1221,,,,,,,,,,,,,,0.000003,0.000068,0.000038,0.000041,0.000037,0.000034,0.000045,0.000059,0.000066,0.000071,0.000076,0.000067,0.000057,0.000060,0.000054,0.000070,0.000078,0.000063,0.000053,0.000067,0.000047,0.000049,0.000043,0.000039,0.000027,0.000018,0.000072,0.000095,0.000115,0.000138,0.000140,0.000109,0.000070,0.000006,0.000029,0.000071,0.000117
1222,,,,,,,,,,,,,,0.000007,0.000167,0.000082,0.000100,0.000092,0.000075,0.000086,0.000091,0.000104,0.000108,0.000118,0.000106,0.000099,0.000102,0.000090,0.000077,0.000080,0.000083,0.000082,0.000093,0.000073,0.000062,0.000057,0.000063,0.000027,0.000032,0.000089,0.000093,0.000084,0.000079,0.000079,0.000066,0.000049,0.000005,0.000021,0.000047,0.000076
1223,,,,,,,,,,,,,,0.000003,0.000052,0.000032,0.000053,0.000060,0.000055,0.000058,0.000065,0.000074,0.000069,0.000082,0.000078,0.000079,0.000077,0.000066,0.000061,0.000057,0.000051,0.000054,0.000064,0.000049,0.000047,0.000041,0.000043,0.000018,0.000018,0.000052,0.000052,0.000049,0.000044,0.000039,0.000028,0.000024,0.000002,0.000018,0.000043,0.000076
1224,,,,,,,,,,,,,,0.000010,0.000208,0.000127,0.000141,0.000134,0.000116,0.000134,0.000170,0.000194,0.000188,0.000215,0.000217,0.000211,0.000191,0.000163,0.000147,0.000144,0.000124,0.000114,0.000105,0.000081,0.000082,0.000076,0.000071,0.000037,0.000028,0.000067,0.000054,0.000043,0.000024,0.000023,0.000028,0.000026,0.000006,0.000043,0.000093,0.000174
1225,,,,,,,,,,,,,,0.000007,0.000149,0.000084,0.000088,0.000061,0.000052,0.000050,0.000059,0.000066,0.000074,0.000073,0.000078,0.000079,0.000076,0.000071,0.000064,0.000068,0.000074,0.000084,0.000098,0.000090,0.000065,0.000039,0.000028,0.000017,0.000016,0.000034,0.000029,0.000020,0.000016,0.000019,0.000013,0.000010,0.000004,0.000018,0.000035,0.000075
1226,,,,,,,,,,,,,,0.000004,0.000147,0.000149,0.000290,0.000344,0.000288,0.000257,0.000209,0.000149,0.000113,0.000083,0.000065,0.000063,0.000068,0.000054,0.000038,0.000035,0.000039,0.000035,0.000026,0.000054,0.000064,0.000104,0.000159,0.000106,0.000064,0.000155,0.000099,0.000081,0.000076,0.000068,0.000052,0.000044,0.000012,0.000047,0.000074,0.000109
1227,,,,,,,,,,,,,,0.000007,0.000123,0.000082,0.000095,0.000094,0.000084,0.000099,0.000114,0.000131,0.000128,0.000150,0.000141,0.000129,0.000132,0.000126,0.000117,0.000121,0.000099,0.000090,0.000092,0.000070,0.000074,0.000064,0.000063,0.000027,0.000021,0.000080,0.000087,0.000091,0.000080,0.000065,0.000042,0.000022,0.000003,0.000029,0.000086,0.000149
1228,,,,,,,,,,,,,,0.000003,0.000151,0.000195,0.000357,0.000408,0.000292,0.000243,0.000193,0.000168,0.000130,0.000137,0.000106,0.000087,0.000079,0.000069,0.000051,0.000045,0.000039,0.000027,0.000031,0.000028,0.000029,0.000029,0.000039,0.000026,0.000016,0.000032,0.000026,0.000023,0.000023,0.000024,0.000025,0.000016,0.000005,0.000025,0.000034,0.000059
1229,,,,,,,,,,,,,,0.000005,0.000093,0.000063,0.000080,0.000094,0.000107,0.000158,0.000226,0.000261,0.000255,0.000346,0.000331,0.000332,0.000318,0.000276,0.000248,0.000220,0.000177,0.000121,0.000099,0.000061,0.000064,0.000048,0.000042,0.000017,0.000018,0.000042,0.000033,0.000028,0.000021,0.000017,0.000014,0.000014,0.000003,0.000018,0.000043,0.000076
1230,,,,,,,,,,,,,,0.000007,0.000081,0.000044,0.000054,0.000045,0.000038,0.000040,0.000044,0.000047,0.000050,0.000059,0.000053,0.000053,0.000055,0.000045,0.000053,0.000065,0.000087,0.000112,0.000111,0.000087,0.000080,0.000078,0.000091,0.000049,0.000046,0.000229,0.000226,0.000185,0.000144,0.000116,0.000089,0.000078,0.000008,0.000027,0.000074,0.000163
1231,,,,,,,,,,,,,,0.000003,0.000057,0.000038,0.000051,0.000047,0.000044,0.000062,0.000087,0.000086,0.000067,0.000070,0.000064,0.000058,0.000048,0.000041,0.000039,0.000042,0.000040,0.000046,0.000065,0.000058,0.000061,0.000048,0.000042,0.000020,0.000016,0.000059,0.000059,0.000049,0.000036,0.000031,0.000024,0.000022,0.000003,0.000014,0.000033,0.000057
1232,,,,,,,,,,,,,,0.000009,0.000193,0.000103,0.000165,0.000111,0.000080,0.000089,0.000090,0.000077,0.000081,0.000076,0.000086,0.000092,0.000090,0.000086,0.000080,0.000086,0.000069,0.000081,0.000092,0.000095,0.000091,0.000083,0.000076,0.000042,0.000027,0.000045,0.000045,0.000054,0.000043,0.000042,0.000046,0.000041,0.000008,0.000055,0.000146,0.000309
1233,,,,,,,,,,,,,,0.000005,0.000099,0.000053,0.000065,0.000061,0.000052,0.000056,0.000066,0.000075,0.000078,0.000090,0.000070,0.000072,0.000081,0.000075,0.000066,0.000066,0.000065,0.000085,0.000077,0.000059,0.000051,0.000039,0.000042,0.000018,0.000016,0.000046,0.000049,0.000053,0.000046,0.000043,0.000035,0.000030,0.000004,0.000025,0.000052,0.000080
1234,,,,,,,,,,,,,,0.000007,0.000164,0.000113,0.000094,0.000114,0.000147,0.000222,0.000288,0.000344,0.000286,0.000274,0.000222,0.000158,0.000148,0.000133,0.000112,0.000104,0.000077,0.000056,0.000052,0.000034,0.000031,0.000035,0.000034,0.000022,0.000018,0.000039,0.000036,0.000033,0.000031,0.000029,0.000027,0.000022,0.000007,0.000018,0.000036,0.000061
1235,,,,,,,,,,,,,,0.000007,0.000115,0.000079,0.000070,0.000061,0.000048,0.000061,0.000100,0.000166,0.000246,0.000328,0.000398,0.000420,0.000465,0.000382,0.000305,0.000232,0.000161,0.000119,0.000093,0.000060,0.000063,0.000063,0.000047,0.000030,0.000031,0.000093,0.000093,0.000077,0.000059,0.000056,0.000055,0.000055,0.000014,0.000060,0.000150,0.000297
1236,,,,,,,,,,,,,,0.000005,0.000140,0.000073,0.000079,0.000071,0.000057,0.000056,0.000065,0.000069,0.000056,0.000061,0.000056,0.000063,0.000064,0.000059,0.000052,0.000059,0.000057,0.000060,0.000066,0.000053,0.000054,0.000048,0.000045,0.000030,0.000015,0.000056,0.000053,0.000049,0.000044,0.000037,0.000028,0.000024,0.000003,0.000014,0.000024,0.000040
1237,,,,,,,,,,,,,,0.000009,0.000167,0.000090,0.000097,0.000092,0.000076,0.000082,0.000088,0.000092,0.000087,0.000093,0.000086,0.000075,0.000071,0.000071,0.000072,0.000070,0.000062,0.000056,0.000054,0.000042,0.000040,0.000036,0.000036,0.000022,0.000017,0.000032,0.000023,0.000020,0.000013,0.000012,0.000012,0.000006,0.000014,0.000044,0.000069,0.000115
1238,,,,,,,,,,,,,,0.000003,0.000053,0.000034,0.000037,0.000034,0.000038,0.000058,0.000098,0.000138,0.000168,0.000195,0.000158,0.000150,0.000138,0.000119,0.000088,0.000063,0.000039,0.000032,0.000038,0.000036,0.000035,0.000035,0.000031,0.000026,0.000021,0.000054,0.000052,0.000051,0.000048,0.000039,0.000029,0.000021,0.000004,0.000021,0.000026,0.000047
1239,,,,,,,,,,,,,,0.000004,0.000086,0.000055,0.000056,0.000040,0.000032,0.000035,0.000034,0.000034,0.000039,0.000045,0.000046,0.000039,0.000038,0.000030,0.000030,0.000034,0.000037,0.000055,0.000076,0.000070,0.000067,0.000059,0.000058,0.000032,0.000023,0.000088,0.000086,0.000077,0.000058,0.000050,0.000034,0.000022,0.000006,0.000024,0.000047,0.000082
1240,,,,,,,,,,,,,,0.000005,0.000099,0.000079,0.000074,0.000072,0.000052,0.000054,0.000057,0.000054,0.000055,0.000060,0.000050,0.000041,0.000042,0.000043,0.000052,0.000056,0.000052,0.000045,0.000049,0.000040,0.000043,0.000039,0.000036,0.000020,0.000015,0.000023,0.000024,0.000022,0.000019,0.000021,0.000019,0.000018,0.000008,0.000040,0.000047,0.000071
1241,,,,,,,,,,,,,,0.000012,0.000172,0.000098,0.000094,0.000078,0.000061,0.000069,0.000081,0.000104,0.000084,0.000094,0.000091,0.000082,0.000072,0.000062,0.000056,0.000068,0.000070,0.000071,0.000079,0.000065,0.000062,0.000045,0.000038,0.000022,0.000017,0.000027,0.000033,0.000033,0.000028,0.000020,0.000016,0.000014,0.000007,0.000071,0.000233,0.000440
1242,,,,,,,,,,,,,,0.000005,0.000079,0.000043,0.000057,0.000062,0.000056,0.000067,0.000074,0.000077,0.000062,0.000064,0.000051,0.000047,0.000042,0.000042,0.000047,0.000036,0.000033,0.000036,0.000050,0.000053,0.000061,0.000050,0.000044,0.000016,0.000014,0.000049,0.000072,0.000090,0.000090,0.000092,0.000092,0.000086,0.000014,0.000043,0.000123,0.000156
1243,,,,,,,,,,,,,,0.000007,0.000169,0.000099,0.000121,0.000116,0.000096,0.000103,0.000108,0.000111,0.000087,0.000091,0.000076,0.000070,0.000068,0.000076,0.000074,0.000078,0.000093,0.000090,0.000089,0.000072,0.000077,0.000064,0.000063,0.000052,0.000037,0.000059,0.000046,0.000039,0.000036,0.000032,0.000043,0.000041,0.000013,0.000058,0.000084,0.000122
1244,,,,,,,,,,,,,,0.000010,0.000166,0.000108,0.000099,0.000098,0.000077,0.000076,0.000077,0.000077,0.000062,0.000077,0.000067,0.000068,0.000070,0.000073,0.000093,0.000132,0.000154,0.000174,0.000172,0.000133,0.000135,0.000109,0.000098,0.000047,0.000033,0.000051,0.000047,0.000046,0.000045,0.000048,0.000040,0.000033,0.000006,0.000028,0.000062,0.000119
1245,,,,,,,,,,,,,,0.000005,0.000099,0.000056,0.000067,0.000050,0.000034,0.000043,0.000068,0.000079,0.000071,0.000067,0.000041,0.000024,0.000011,0.000018,0.000030,0.000044,0.000052,0.000065,0.000088,0.000072,0.000074,0.000074,0.000087,0.000047,0.000037,0.000155,0.000183,0.000188,0.000170,0.000160,0.000130,0.000110,0.000020,0.000038,0.000048,0.000077
1246,,,,,,,,,,,,,,0.000009,0.000092,0.000038,0.000028,0.000027,0.000031,0.000045,0.000073,0.000114,0.000129,0.000137,0.000128,0.000140,0.000158,0.000158,0.000135,0.000109,0.000088,0.000084,0.000090,0.000073,0.000066,0.000049,0.000059,0.000023,0.000029,0.000037,0.000039,0.000043,0.000052,0.000075,0.000086,0.000102,0.000032,0.000107,0.000243,0.000327
1247,,,,,,,,,,,,,,0.000002,0.000043,0.000028,0.000024,0.000019,0.000012,0.000016,0.000019,0.000033,0.000039,0.000051,0.000050,0.000049,0.000061,0.000086,0.000089,0.000086,0.000069,0.000052,0.000060,0.000056,0.000079,0.000085,0.000099,0.000045,0.000031,0.000116,0.000105,0.000084,0.000066,0.000052,0.000036,0.000028,0.000006,0.000019,0.000027,0.000045
1248,,,,,,,,,,,,,,0.000005,0.000097,0.000072,0.000068,0.000063,0.000050,0.000051,0.000062,0.000067,0.000080,0.000091,0.000099,0.000088,0.000085,0.000069,0.000057,0.000061,0.000068,0.000061,0.000083,0.000090,0.000133,0.000188,0.000236,0.000119,0.000088,0.000317,0.000229,0.000134,0.000081,0.000049,0.000025,0.000018,0.000007,0.000022,0.000031,0.000068
1249,,,,,,,,,,,,,,0.000005,0.000091,0.000055,0.000050,0.000023,0.000024,0.000022,0.000018,0.000018,0.000023,0.000042,0.000047,0.000054,0.000074,0.000087,0.000096,0.000097,0.000103,0.000086,0.000089,0.000064,0.000061,0.000052,0.000042,0.000043,0.000025,0.000064,0.000077,0.000088,0.000087,0.000087,0.000079,0.000080,0.000024,0.000099,0.000144,0.000163
1250,,,,,,,,,,,,,,0.000002,0.000053,0.000046,0.000047,0.000046,0.000039,0.000042,0.000053,0.000058,0.000062,0.000060,0.000057,0.000052,0.000048,0.000050,0.000048,0.000044,0.000043,0.000050,0.000046,0.000042,0.000041,0.000037,0.000039,0.000021,0.000017,0.000027,0.000034,0.000052,0.000039,0.000034,0.000029,0.000031,0.000007,0.000017,0.000022,0.000040
1251,,,,,,,,,,,,,,0.000007,0.000119,0.000074,0.000070,0.000063,0.000050,0.000062,0.000072,0.000082,0.000078,0.000084,0.000079,0.000076,0.000075,0.000070,0.000071,0.000078,0.000063,0.000062,0.000066,0.000050,0.000051,0.000047,0.000035,0.000021,0.000018,0.000045,0.000039,0.000038,0.000030,0.000026,0.000019,0.000011,0.000004,0.000018,0.000032,0.000053
1252,,,,,,,,,,,,,,0.000003,0.000060,0.000035,0.000040,0.000039,0.000033,0.000043,0.000054,0.000067,0.000073,0.000075,0.000052,0.000053,0.000053,0.000054,0.000056,0.000081,0.000112,0.000143,0.000152,0.000146,0.000173,0.000156,0.000160,0.000099,0.000067,0.000175,0.000139,0.000106,0.000071,0.000055,0.000040,0.000032,0.000005,0.000037,0.000054,0.000073
1253,,,,,,,,,,,,,,0.000004,0.000123,0.000104,0.000143,0.000139,0.000146,0.000170,0.000246,0.000332,0.000376,0.000415,0.000422,0.000432,0.000449,0.000426,0.000385,0.000319,0.000228,0.000171,0.000126,0.000088,0.000080,0.000067,0.000065,0.000036,0.000027,0.000053,0.000046,0.000037,0.000028,0.000025,0.000019,0.000016,0.000007,0.000024,0.000050,0.000066
1254,,,,,,,,,,,,,,0.000006,0.000105,0.000045,0.000050,0.000054,0.000047,0.000052,0.000064,0.000081,0.000070,0.000078,0.000060,0.000061,0.000061,0.000055,0.000065,0.000075,0.000065,0.000066,0.000081,0.000075,0.000090,0.000071,0.000076,0.000035,0.000029,0.000079,0.000078,0.000070,0.000063,0.000061,0.000050,0.000041,0.000009,0.000038,0.000087,0.000179
1255,,,,,,,,,,,,,,0.000003,0.000068,0.000049,0.000048,0.000049,0.000047,0.000053,0.000069,0.000096,0.000115,0.000130,0.000137,0.000179,0.000204,0.000172,0.000134,0.000128,0.000111,0.000108,0.000112,0.000089,0.000080,0.000061,0.000055,0.000024,0.000017,0.000048,0.000053,0.000060,0.000060,0.000057,0.000044,0.000029,0.000004,0.000012,0.000021,0.000028
1256,,,,,,,,,,,,,,0.000006,0.000154,0.000078,0.000093,0.000087,0.000068,0.000065,0.000071,0.000070,0.000068,0.000076,0.000059,0.000056,0.000057,0.000058,0.000052,0.000059,0.000056,0.000061,0.000069,0.000053,0.000061,0.000064,0.000055,0.000029,0.000023,0.000053,0.000050,0.000042,0.000037,0.000031,0.000024,0.000021,0.000004,0.000013,0.000029,0.000052
1257,,,,,,,,,,,,,,0.000006,0.000143,0.000221,0.000129,0.000082,0.000069,0.000057,0.000056,0.000061,0.000063,0.000061,0.000059,0.000052,0.000045,0.000044,0.000038,0.000036,0.000032,0.000036,0.000038,0.000039,0.000034,0.000041,0.000039,0.000034,0.000030,0.000047,0.000037,0.000030,0.000026,0.000028,0.000025,0.000031,0.000009,0.000032,0.000057,0.000105
1258,,,,,,,,,,,,,,0.000002,0.000050,0.000040,0.000039,0.000036,0.000022,0.000021,0.000026,0.000031,0.000028,0.000032,0.000037,0.000040,0.000039,0.000038,0.000046,0.000052,0.000070,0.000078,0.000081,0.000057,0.000065,0.000065,0.000081,0.000090,0.000036,0.000048,0.000043,0.000044,0.000050,0.000050,0.000039,0.000033,0.000008,0.000029,0.000050,0.000061
1259,,,,,,,,,,,,,,0.000009,0.000179,0.000117,0.000129,0.000136,0.000113,0.000106,0.000107,0.000119,0.000110,0.000117,0.000087,0.000066,0.000055,0.000051,0.000049,0.000047,0.000042,0.000039,0.000042,0.000025,0.000024,0.000026,0.000023,0.000027,0.000026,0.000037,0.000044,0.000047,0.000049,0.000052,0.000048,0.000043,0.000011,0.000055,0.000089,0.000111
1260,,,,,,,,,,,,,,0.000003,0.000082,0.000047,0.000042,0.000039,0.000032,0.000030,0.000028,0.000040,0.000045,0.000042,0.000041,0.000048,0.000041,0.000032,0.000029,0.000042,0.000052,0.000051,0.000052,0.000045,0.000044,0.000047,0.000055,0.000034,0.000029,0.000069,0.000075,0.000077,0.000077,0.000073,0.000068,0.000060,0.000010,0.000024,0.000035,0.000056
1261,,,,,,,,,,,,,,0.000004,0.000080,0.000041,0.000040,0.000036,0.000030,0.000037,0.000042,0.000058,0.000068,0.000088,0.000123,0.000136,0.000165,0.000209,0.000240,0.000305,0.000303,0.000253,0.000199,0.000134,0.000119,0.000108,0.000111,0.000051,0.000037,0.000084,0.000085,0.000086,0.000096,0.000105,0.000102,0.000080,0.000014,0.000051,0.000100,0.000135
1262,,,,,,,,,,,,,,0.000008,0.000158,0.000096,0.000121,0.000144,0.000137,0.000156,0.000153,0.000182,0.000154,0.000178,0.000157,0.000140,0.000131,0.000112,0.000111,0.000116,0.000096,0.000085,0.000079,0.000059,0.000062,0.000058,0.000052,0.000027,0.000030,0.000056,0.000055,0.000057,0.000047,0.000043,0.000028,0.000020,0.000005,0.000036,0.000083,0.000145
1263,,,,,,,,,,,,,,0.000003,0.000059,0.000043,0.000057,0.000070,0.000081,0.000106,0.000137,0.000136,0.000145,0.000175,0.000181,0.000163,0.000145,0.000132,0.000129,0.000101,0.000088,0.000074,0.000068,0.000059,0.000054,0.000048,0.000042,0.000028,0.000020,0.000038,0.000040,0.000045,0.000047,0.000041,0.000034,0.000025,0.000009,0.000035,0.000072,0.000110
1264,,,,,,,,,,,,,,0.000009,0.000118,0.000061,0.000060,0.000089,0.000122,0.000207,0.000326,0.000395,0.000396,0.000491,0.000445,0.000385,0.000328,0.000263,0.000194,0.000175,0.000131,0.000110,0.000099,0.000070,0.000063,0.000054,0.000061,0.000029,0.000020,0.000079,0.000072,0.000063,0.000051,0.000051,0.000041,0.000036,0.000008,0.000050,0.000133,0.000263
1265,,,,,,,,,,,,,,0.000004,0.000094,0.000108,0.000066,0.000068,0.000049,0.000057,0.000067,0.000070,0.000065,0.000077,0.000065,0.000057,0.000048,0.000042,0.000049,0.000071,0.000086,0.000095,0.000124,0.000102,0.000082,0.000045,0.000040,0.000034,0.000018,0.000040,0.000046,0.000059,0.000059,0.000056,0.000040,0.000027,0.000008,0.000036,0.000065,0.000102
1266,,,,,,,,,,,,,,0.000006,0.000131,0.000081,0.000088,0.000100,0.000129,0.000175,0.000262,0.000294,0.000275,0.000270,0.000239,0.000174,0.000127,0.000089,0.000080,0.000075,0.000072,0.000081,0.000112,0.000130,0.000171,0.000200,0.000274,0.000152,0.000113,0.000499,0.000480,0.000393,0.000249,0.000144,0.000073,0.000032,0.000008,0.000031,0.000060,0.000125
1267,,,,,,,,,,,,,,0.000015,0.000303,0.000173,0.000164,0.000130,0.000094,0.000099,0.000101,0.000099,0.000093,0.000100,0.000095,0.000093,0.000101,0.000099,0.000108,0.000121,0.000125,0.000124,0.000127,0.000098,0.000096,0.000082,0.000083,0.000037,0.000025,0.000087,0.000083,0.000076,0.000061,0.000046,0.000028,0.000018,0.000002,0.000024,0.000047,0.000090
1268,,,,,,,,,,,,,,0.000003,0.000075,0.000050,0.000049,0.000046,0.000041,0.000045,0.000064,0.000092,0.000104,0.000102,0.000090,0.000091,0.000088,0.000071,0.000063,0.000068,0.000055,0.000056,0.000053,0.000040,0.000038,0.000039,0.000035,0.000029,0.000022,0.000054,0.000057,0.000057,0.000045,0.000047,0.000039,0.000030,0.000008,0.000030,0.000039,0.000075
1269,,,,,,,,,,,,,,0.000003,0.000053,0.000044,0.000049,0.000044,0.000044,0.000055,0.000069,0.000087,0.000077,0.000085,0.000082,0.000070,0.000057,0.000051,0.000050,0.000060,0.000064,0.000065,0.000064,0.000043,0.000038,0.000036,0.000037,0.000021,0.000016,0.000045,0.000047,0.000057,0.000037,0.000033,0.000024,0.000018,0.000004,0.000021,0.000035,0.000055
1270,,,,,,,,,,,,,,0.000010,0.000181,0.000121,0.000137,0.000118,0.000098,0.000099,0.000100,0.000112,0.000086,0.000113,0.000099,0.000091,0.000068,0.000059,0.000062,0.000066,0.000068,0.000086,0.000102,0.000100,0.000130,0.000151,0.000155,0.000088,0.000052,0.000135,0.000113,0.000085,0.000062,0.000046,0.000028,0.000022,0.000008,0.000046,0.000110,0.000212
1271,,,,,,,,,,,,,,0.000003,0.000054,0.000043,0.000065,0.000050,0.000041,0.000042,0.000048,0.000054,0.000042,0.000048,0.000033,0.000024,0.000025,0.000026,0.000024,0.000025,0.000035,0.000039,0.000044,0.000035,0.000046,0.000056,0.000065,0.000046,0.000032,0.000100,0.000087,0.000058,0.000037,0.000025,0.000018,0.000013,0.000006,0.000024,0.000042,0.000070
1272,,,,,,,,,,,,,,0.000010,0.000154,0.000099,0.000117,0.000119,0.000091,0.000103,0.000114,0.000122,0.000101,0.000115,0.000114,0.000105,0.000098,0.000082,0.000074,0.000071,0.000079,0.000087,0.000109,0.000107,0.000159,0.000169,0.000188,0.000098,0.000073,0.000166,0.000128,0.000073,0.000037,0.000024,0.000013,0.000003,0.000006,0.000048,0.000117,0.000218
1273,,,,,,,,,,,,,,0.000003,0.000081,0.000048,0.000043,0.000040,0.000030,0.000031,0.000041,0.000044,0.000052,0.000064,0.000068,0.000076,0.000074,0.000064,0.000065,0.000070,0.000069,0.000067,0.000057,0.000044,0.000041,0.000030,0.000036,0.000026,0.000015,0.000023,0.000025,0.000021,0.000021,0.000022,0.000020,0.000018,0.000006,0.000021,0.000047,0.000062
1274,,,,,,,,,,,,,,0.000005,0.000120,0.000081,0.000092,0.000075,0.000056,0.000065,0.000073,0.000076,0.000068,0.000083,0.000067,0.000052,0.000050,0.000045,0.000040,0.000035,0.000027,0.000019,0.000012,0.000006,0.000011,0.000012,0.000016,0.000051,0.000034,0.000038,0.000032,0.000034,0.000035,0.000043,0.000050,0.000049,0.000018,0.000064,0.000118,0.000168
1275,,,,,,,,,,,,,,0.000007,0.000170,0.000105,0.000104,0.000090,0.000083,0.000093,0.000099,0.000112,0.000103,0.000108,0.000125,0.000124,0.000107,0.000092,0.000079,0.000090,0.000094,0.000108,0.000120,0.000126,0.000173,0.000173,0.000181,0.000084,0.000058,0.000180,0.000145,0.000103,0.000058,0.000040,0.000037,0.000037,0.000011,0.000058,0.000084,0.000112
1276,,,,,,,,,,,,,,0.000009,0.000135,0.000072,0.000097,0.000103,0.000080,0.000087,0.000107,0.000123,0.000102,0.000125,0.000107,0.000101,0.000108,0.000093,0.000086,0.000097,0.000093,0.000087,0.000087,0.000067,0.000079,0.000071,0.000087,0.000042,0.000028,0.000093,0.000101,0.000093,0.000087,0.000076,0.000061,0.000045,0.000004,0.000029,0.000110,0.000253
1277,,,,,,,,,,,,,,0.000002,0.000061,0.000025,0.000016,0.000019,0.000028,0.000070,0.000134,0.000198,0.000237,0.000251,0.000227,0.000194,0.000163,0.000127,0.000108,0.000095,0.000090,0.000089,0.000100,0.000078,0.000088,0.000096,0.000111,0.000060,0.000051,0.000194,0.000160,0.000136,0.000112,0.000092,0.000064,0.000042,0.000008,0.000029,0.000030,0.000046
1278,,,,,,,,,,,,,,0.000008,0.000176,0.000103,0.000112,0.000126,0.000106,0.000113,0.000136,0.000139,0.000118,0.000134,0.000125,0.000111,0.000112,0.000109,0.000110,0.000111,0.000098,0.000087,0.000079,0.000063,0.000062,0.000051,0.000055,0.000024,0.000015,0.000047,0.000044,0.000040,0.000036,0.000032,0.000027,0.000022,0.000004,0.000029,0.000064,0.000126
1279,,,,,,,,,,,,,,0.000002,0.000041,0.000032,0.000044,0.000036,0.000028,0.000032,0.000037,0.000036,0.000039,0.000032,0.000036,0.000034,0.000032,0.000031,0.000036,0.000032,0.000031,0.000031,0.000036,0.000030,0.000028,0.000031,0.000032,0.000022,0.000014,0.000034,0.000035,0.000036,0.000032,0.000031,0.000028,0.000025,0.000007,0.000026,0.000041,0.000058
1280,,,,,,,,,,,,,,0.000011,0.000136,0.000102,0.000126,0.000108,0.000086,0.000083,0.000099,0.000106,0.000102,0.000104,0.000094,0.000078,0.000075,0.000065,0.000066,0.000069,0.000066,0.000046,0.000066,0.000065,0.000081,0.000072,0.000067,0.000066,0.000056,0.000134,0.000124,0.000101,0.000082,0.000078,0.000064,0.000050,0.000011,0.000040,0.000080,0.000167
1281,,,,,,,,,,,,,,0.000004,0.000108,0.000089,0.000122,0.000103,0.000063,0.000056,0.000064,0.000087,0.000094,0.000108,0.000106,0.000121,0.000122,0.000121,0.000159,0.000224,0.000233,0.000212,0.000187,0.000088,0.000050,0.000035,0.000031,0.000023,0.000019,0.000020,0.000025,0.000025,0.000018,0.000023,0.000028,0.000033,0.000011,0.000037,0.000059,0.000071
1282,,,,,,,,,,,,,,0.000005,0.000104,0.000066,0.000101,0.000091,0.000075,0.000078,0.000097,0.000119,0.000124,0.000155,0.000157,0.000145,0.000147,0.000135,0.000131,0.000126,0.000099,0.000077,0.000057,0.000037,0.000034,0.000028,0.000030,0.000021,0.000026,0.000061,0.000062,0.000057,0.000044,0.000042,0.000033,0.000026,0.000006,0.000030,0.000073,0.000125
1283,,,,,,,,,,,,,,0.000004,0.000106,0.000070,0.000073,0.000058,0.000043,0.000045,0.000054,0.000067,0.000085,0.000108,0.000104,0.000101,0.000107,0.000114,0.000120,0.000131,0.000117,0.000107,0.000099,0.000087,0.000097,0.000094,0.000080,0.000034,0.000021,0.000041,0.000034,0.000030,0.000028,0.000026,0.000023,0.000018,0.000004,0.000017,0.000024,0.000047
1284,,,,,,,,,,,,,,0.000008,0.000157,0.000092,0.000117,0.000116,0.000106,0.000124,0.000147,0.000164,0.000155,0.000186,0.000157,0.000153,0.000143,0.000129,0.000129,0.000117,0.000099,0.000086,0.000090,0.000061,0.000061,0.000054,0.000057,0.000024,0.000016,0.000044,0.000034,0.000031,0.000029,0.000022,0.000015,0.000017,0.000003,0.000032,0.000065,0.000109
1285,,,,,,,,,,,,,,0.000004,0.000076,0.000042,0.000057,0.000058,0.000048,0.000057,0.000062,0.000066,0.000061,0.000075,0.000063,0.000067,0.000071,0.000074,0.000086,0.000084,0.000073,0.000070,0.000077,0.000052,0.000049,0.000071,0.000080,0.000019,0.000021,0.000066,0.000073,0.000073,0.000066,0.000065,0.000054,0.000041,0.000006,0.000046,0.000106,0.000145
1286,,,,,,,,,,,,,,0.000007,0.000216,0.000151,0.000154,0.000167,0.000144,0.000154,0.000169,0.000179,0.000180,0.000201,0.000202,0.000187,0.000185,0.000167,0.000163,0.000182,0.000179,0.000181,0.000193,0.000149,0.000141,0.000132,0.000141,0.000058,0.000040,0.000172,0.000179,0.000173,0.000156,0.000142,0.000101,0.000075,0.000006,0.000023,0.000026,0.000045
1287,,,,,,,,,,,,,,0.000012,0.000190,0.000100,0.000105,0.000144,0.000203,0.000348,0.000561,0.000766,0.000748,0.000883,0.000771,0.000744,0.000670,0.000610,0.000536,0.000455,0.000384,0.000334,0.000305,0.000198,0.000169,0.000144,0.000145,0.000058,0.000037,0.000102,0.000082,0.000072,0.000069,0.000062,0.000047,0.000038,0.000005,0.000026,0.000051,0.000151
1288,,,,,,,,,,,,,,0.000005,0.000094,0.000063,0.000064,0.000073,0.000069,0.000075,0.000092,0.000096,0.000080,0.000089,0.000089,0.000087,0.000080,0.000073,0.000068,0.000083,0.000083,0.000097,0.000117,0.000124,0.000153,0.000182,0.000185,0.000081,0.000051,0.000169,0.000148,0.000102,0.000068,0.000043,0.000028,0.000020,0.000005,0.000027,0.000051,0.000074
1289,,,,,,,,,,,,,,0.000003,0.000062,0.000034,0.000049,0.000057,0.000064,0.000072,0.000083,0.000093,0.000107,0.000133,0.000131,0.000133,0.000124,0.000109,0.000113,0.000107,0.000097,0.000089,0.000087,0.000068,0.000068,0.000062,0.000071,0.000025,0.000023,0.000068,0.000074,0.000072,0.000066,0.000053,0.000039,0.000031,0.000004,0.000021,0.000049,0.000062
1290,,,,,,,,,,,,,,0.000006,0.000118,0.000072,0.000082,0.000077,0.000050,0.000062,0.000073,0.000096,0.000097,0.000108,0.000110,0.000112,0.000116,0.000111,0.000082,0.000091,0.000093,0.000099,0.000123,0.000129,0.000189,0.000193,0.000178,0.000073,0.000048,0.000120,0.000083,0.000063,0.000046,0.000038,0.000027,0.000013,0.000006,0.000035,0.000058,0.000109
1291,,,,,,,,,,,,,,0.000004,0.000102,0.000060,0.000070,0.000077,0.000071,0.000068,0.000074,0.000081,0.000080,0.000087,0.000068,0.000060,0.000064,0.000067,0.000065,0.000060,0.000045,0.000039,0.000057,0.000080,0.000108,0.000126,0.000139,0.000065,0.000067,0.000116,0.000090,0.000070,0.000055,0.000049,0.000033,0.000023,0.000005,0.000022,0.000034,0.000062
1292,,,,,,,,,,,,,,0.000003,0.000076,0.000058,0.000051,0.000040,0.000035,0.000035,0.000046,0.000059,0.000065,0.000063,0.000057,0.000050,0.000052,0.000051,0.000056,0.000070,0.000069,0.000078,0.000073,0.000063,0.000060,0.000057,0.000057,0.000033,0.000030,0.000089,0.000091,0.000088,0.000092,0.000094,0.000071,0.000051,0.000007,0.000021,0.000029,0.000048
1293,,,,,,,,,,,,,,0.000002,0.000050,0.000031,0.000024,0.000040,0.000048,0.000051,0.000063,0.000063,0.000064,0.000073,0.000068,0.000062,0.000059,0.000055,0.000061,0.000062,0.000051,0.000048,0.000043,0.000035,0.000045,0.000042,0.000042,0.000020,0.000017,0.000048,0.000048,0.000045,0.000036,0.000035,0.000025,0.000021,0.000005,0.000016,0.000037,0.000059
1294,,,,,,,,,,,,,,0.000003,0.000075,0.000059,0.000082,0.000090,0.000079,0.000103,0.000155,0.000235,0.000307,0.000471,0.000479,0.000455,0.000401,0.000315,0.000237,0.000201,0.000161,0.000146,0.000147,0.000105,0.000106,0.000103,0.000082,0.000032,0.000033,0.000072,0.000070,0.000070,0.000063,0.000055,0.000047,0.000039,0.000005,0.000014,0.000037,0.000061
1295,,,,,,,,,,,,,,0.000004,0.000119,0.000070,0.000096,0.000105,0.000109,0.000117,0.000130,0.000130,0.000111,0.000104,0.000079,0.000077,0.000054,0.000044,0.000048,0.000073,0.000072,0.000062,0.000060,0.000045,0.000041,0.000032,0.000041,0.000022,0.000020,0.000039,0.000032,0.000029,0.000028,0.000022,0.000015,0.000014,0.000005,0.000033,0.000058,0.000080
1296,,,,,,,,,,,,,,0.000007,0.000160,0.000096,0.000106,0.000117,0.000098,0.000103,0.000125,0.000168,0.000200,0.000231,0.000252,0.000261,0.000238,0.000187,0.000152,0.000145,0.000111,0.000102,0.000107,0.000076,0.000086,0.000075,0.000090,0.000038,0.000029,0.000097,0.000107,0.000103,0.000097,0.000091,0.000074,0.000060,0.000006,0.000024,0.000047,0.000089
1297,,,,,,,,,,,,,,0.000004,0.000102,0.000057,0.000055,0.000057,0.000041,0.000037,0.000041,0.000035,0.000029,0.000037,0.000038,0.000031,0.000044,0.000041,0.000034,0.000037,0.000038,0.000047,0.000051,0.000042,0.000031,0.000042,0.000041,0.000028,0.000022,0.000045,0.000048,0.000049,0.000045,0.000043,0.000036,0.000030,0.000007,0.000023,0.000041,0.000063
1298,,,,,,,,,,,,,,0.000004,0.000105,0.000069,0.000069,0.000069,0.000053,0.000054,0.000061,0.000062,0.000046,0.000052,0.000040,0.000032,0.000036,0.000034,0.000036,0.000044,0.000048,0.000050,0.000060,0.000045,0.000047,0.000040,0.000041,0.000032,0.000026,0.000050,0.000038,0.000032,0.000026,0.000026,0.000024,0.000020,0.000006,0.000024,0.000044,0.000073
1299,,,,,,,,,,,,,,0.000005,0.000138,0.000096,0.000102,0.000077,0.000058,0.000063,0.000068,0.000070,0.000060,0.000065,0.000064,0.000064,0.000068,0.000068,0.000076,0.000095,0.000084,0.000070,0.000045,0.000028,0.000025,0.000022,0.000028,0.000031,0.000025,0.000048,0.000046,0.000045,0.000040,0.000033,0.000034,0.000025,0.000008,0.000026,0.000037,0.000052
1300,,,,,,,,,,,,,,0.000003,0.000081,0.000055,0.000055,0.000053,0.000048,0.000051,0.000063,0.000085,0.000082,0.000094,0.000085,0.000077,0.000068,0.000058,0.000065,0.000070,0.000077,0.000088,0.000097,0.000088,0.000079,0.000061,0.000069,0.000039,0.000023,0.000045,0.000047,0.000046,0.000049,0.000050,0.000044,0.000037,0.000004,0.000017,0.000032,0.000051
1301,,,,,,,,,,,,,,0.000003,0.000052,0.000023,0.000029,0.000026,0.000032,0.000043,0.000044,0.000046,0.000077,0.000095,0.000064,0.000056,0.000054,0.000068,0.000086,0.000082,0.000088,0.000102,0.000140,0.000135,0.000120,0.000115,0.000111,0.000043,0.000025,0.000056,0.000056,0.000054,0.000053,0.000058,0.000050,0.000045,0.000009,0.000037,0.000067,0.000077
1302,,,,,,,,,,,,,,0.000009,0.000184,0.000101,0.000088,0.000055,0.000039,0.000030,0.000030,0.000045,0.000046,0.000062,0.000055,0.000045,0.000044,0.000039,0.000053,0.000048,0.000055,0.000072,0.000075,0.000060,0.000067,0.000059,0.000062,0.000038,0.000025,0.000056,0.000051,0.000042,0.000034,0.000036,0.000037,0.000028,0.000008,0.000035,0.000048,0.000075
1303,,,,,,,,,,,,,,0.000012,0.000192,0.000101,0.000105,0.000105,0.000081,0.000096,0.000111,0.000121,0.000107,0.000136,0.000131,0.000129,0.000115,0.000106,0.000102,0.000106,0.000090,0.000084,0.000069,0.000058,0.000052,0.000049,0.000048,0.000032,0.000022,0.000057,0.000059,0.000062,0.000055,0.000053,0.000042,0.000031,0.000005,0.000025,0.000064,0.000155
1304,,,,,,,,,,,,,,0.000007,0.000151,0.000093,0.000111,0.000091,0.000074,0.000076,0.000087,0.000096,0.000088,0.000092,0.000088,0.000085,0.000077,0.000080,0.000080,0.000079,0.000063,0.000068,0.000075,0.000068,0.000070,0.000071,0.000068,0.000055,0.000032,0.000093,0.000072,0.000051,0.000037,0.000034,0.000031,0.000028,0.000007,0.000038,0.000083,0.000125
1305,,,,,,,,,,,,,,0.000008,0.000184,0.000099,0.000093,0.000078,0.000057,0.000056,0.000067,0.000084,0.000096,0.000110,0.000087,0.000073,0.000072,0.000059,0.000057,0.000057,0.000045,0.000036,0.000042,0.000032,0.000039,0.000035,0.000028,0.000026,0.000019,0.000042,0.000036,0.000029,0.000024,0.000019,0.000014,0.000012,0.000004,0.000018,0.000042,0.000081
1306,,,,,,,,,,,,,,0.000004,0.000099,0.000068,0.000087,0.000087,0.000062,0.000042,0.000039,0.000037,0.000032,0.000025,0.000017,0.000030,0.000033,0.000035,0.000023,0.000018,0.000032,0.000048,0.000052,0.000048,0.000057,0.000064,0.000060,0.000036,0.000023,0.000074,0.000103,0.000127,0.000141,0.000135,0.000130,0.000101,0.000016,0.000044,0.000061,0.000089
1307,,,,,,,,,,,,,,0.000006,0.000138,0.000080,0.000098,0.000093,0.000065,0.000066,0.000074,0.000072,0.000064,0.000072,0.000057,0.000056,0.000053,0.000045,0.000037,0.000041,0.000048,0.000041,0.000050,0.000049,0.000043,0.000039,0.000039,0.000018,0.000015,0.000050,0.000054,0.000055,0.000054,0.000054,0.000043,0.000039,0.000007,0.000043,0.000094,0.000125
1308,,,,,,,,,,,,,,0.000003,0.000081,0.000253,0.000115,0.000229,0.000287,0.000344,0.000382,0.000365,0.000324,0.000371,0.000340,0.000333,0.000289,0.000239,0.000193,0.000165,0.000137,0.000121,0.000124,0.000101,0.000103,0.000110,0.000139,0.000061,0.000078,0.000150,0.000134,0.000106,0.000089,0.000072,0.000059,0.000046,0.000004,0.000014,0.000036,0.000067
1309,,,,,,,,,,,,,,0.000002,0.000073,0.000202,0.000124,0.000172,0.000189,0.000204,0.000226,0.000246,0.000201,0.000201,0.000183,0.000167,0.000179,0.000155,0.000160,0.000157,0.000141,0.000141,0.000135,0.000079,0.000067,0.000069,0.000085,0.000045,0.000032,0.000100,0.000113,0.000114,0.000100,0.000086,0.000068,0.000052,0.000008,0.000033,0.000059,0.000065
1310,,,,,,,,,,,,,,0.000010,0.000199,0.000146,0.000185,0.000277,0.000394,0.000622,0.000834,0.000909,0.000776,0.000892,0.000845,0.000754,0.000670,0.000530,0.000425,0.000349,0.000252,0.000202,0.000170,0.000123,0.000118,0.000101,0.000095,0.000055,0.000051,0.000107,0.000106,0.000084,0.000057,0.000055,0.000044,0.000032,0.000010,0.000045,0.000110,0.000177
1311,,,,,,,,,,,,,,0.000003,0.000063,0.000046,0.000082,0.000057,0.000037,0.000035,0.000040,0.000038,0.000040,0.000041,0.000044,0.000041,0.000039,0.000038,0.000039,0.000052,0.000057,0.000062,0.000066,0.000048,0.000043,0.000032,0.000030,0.000015,0.000013,0.000036,0.000035,0.000034,0.000031,0.000028,0.000022,0.000020,0.000003,0.000015,0.000030,0.000056
1312,,,,,,,,,,,,,,0.000005,0.000131,0.000084,0.000081,0.000073,0.000058,0.000066,0.000088,0.000108,0.000107,0.000119,0.000109,0.000085,0.000081,0.000076,0.000079,0.000088,0.000103,0.000121,0.000126,0.000108,0.000105,0.000082,0.000076,0.000032,0.000021,0.000068,0.000072,0.000077,0.000079,0.000077,0.000066,0.000051,0.000005,0.000020,0.000039,0.000059
1313,,,,,,,,,,,,,,0.000010,0.000205,0.000122,0.000134,0.000094,0.000066,0.000067,0.000076,0.000097,0.000095,0.000091,0.000075,0.000080,0.000082,0.000089,0.000098,0.000087,0.000070,0.000085,0.000080,0.000075,0.000083,0.000104,0.000098,0.000045,0.000026,0.000056,0.000045,0.000035,0.000024,0.000022,0.000014,0.000010,0.000005,0.000019,0.000046,0.000120
1314,,,,,,,,,,,,,,0.000004,0.000101,0.000072,0.000090,0.000106,0.000074,0.000067,0.000067,0.000067,0.000062,0.000064,0.000055,0.000047,0.000049,0.000051,0.000063,0.000080,0.000092,0.000094,0.000081,0.000051,0.000043,0.000037,0.000031,0.000016,0.000014,0.000027,0.000030,0.000034,0.000020,0.000018,0.000018,0.000010,0.000004,0.000024,0.000042,0.000082
1315,,,,,,,,,,,,,,0.000005,0.000114,0.000077,0.000055,0.000056,0.000041,0.000041,0.000050,0.000050,0.000053,0.000067,0.000059,0.000053,0.000057,0.000055,0.000083,0.000097,0.000093,0.000095,0.000108,0.000095,0.000108,0.000093,0.000093,0.000035,0.000029,0.000097,0.000106,0.000110,0.000106,0.000105,0.000075,0.000046,0.000005,0.000018,0.000038,0.000081
1316,,,,,,,,,,,,,,0.000006,0.000162,0.000126,0.000160,0.000137,0.000096,0.000099,0.000102,0.000107,0.000091,0.000096,0.000095,0.000085,0.000081,0.000080,0.000086,0.000095,0.000091,0.000089,0.000075,0.000048,0.000043,0.000028,0.000030,0.000017,0.000017,0.000035,0.000035,0.000032,0.000023,0.000022,0.000018,0.000014,0.000003,0.000025,0.000062,0.000100
1317,,,,,,,,,,,,,,0.000005,0.000183,0.000245,0.000258,0.000279,0.000206,0.000188,0.000186,0.000167,0.000134,0.000132,0.000110,0.000103,0.000089,0.000081,0.000075,0.000073,0.000072,0.000078,0.000087,0.000081,0.000073,0.000076,0.000071,0.000028,0.000024,0.000072,0.000077,0.000086,0.000089,0.000085,0.000077,0.000076,0.000007,0.000023,0.000058,0.000123
1318,,,,,,,,,,,,,,0.000004,0.000096,0.000077,0.000096,0.000091,0.000085,0.000140,0.000215,0.000290,0.000314,0.000393,0.000428,0.000418,0.000407,0.000390,0.000333,0.000338,0.000283,0.000223,0.000197,0.000128,0.000121,0.000109,0.000096,0.000048,0.000030,0.000075,0.000070,0.000064,0.000049,0.000041,0.000033,0.000019,0.000008,0.000024,0.000038,0.000063
1319,,,,,,,,,,,,,,0.000010,0.000197,0.000111,0.000129,0.000121,0.000098,0.000096,0.000108,0.000106,0.000093,0.000105,0.000103,0.000078,0.000084,0.000083,0.000076,0.000078,0.000088,0.000092,0.000090,0.000067,0.000067,0.000064,0.000058,0.000046,0.000054,0.000082,0.000076,0.000066,0.000052,0.000045,0.000036,0.000027,0.000010,0.000041,0.000085,0.000136
1320,,,,,,,,,,,,,,0.000005,0.000079,0.000051,0.000055,0.000057,0.000049,0.000047,0.000057,0.000065,0.000059,0.000069,0.000067,0.000069,0.000075,0.000071,0.000079,0.000103,0.000117,0.000124,0.000159,0.000156,0.000153,0.000131,0.000106,0.000039,0.000026,0.000078,0.000067,0.000056,0.000041,0.000032,0.000021,0.000018,0.000003,0.000032,0.000091,0.000189
1321,,,,,,,,,,,,,,0.000006,0.000139,0.000089,0.000104,0.000151,0.000178,0.000194,0.000227,0.000243,0.000200,0.000188,0.000157,0.000141,0.000137,0.000106,0.000092,0.000095,0.000093,0.000077,0.000074,0.000055,0.000066,0.000063,0.000074,0.000034,0.000026,0.000072,0.000067,0.000060,0.000055,0.000042,0.000032,0.000032,0.000006,0.000025,0.000054,0.000091
1322,,,,,,,,,,,,,,0.000016,0.000349,0.000230,0.000246,0.000234,0.000173,0.000149,0.000155,0.000164,0.000138,0.000156,0.000135,0.000111,0.000101,0.000100,0.000087,0.000094,0.000092,0.000095,0.000101,0.000082,0.000079,0.000072,0.000057,0.000035,0.000028,0.000054,0.000045,0.000029,0.000021,0.000017,0.000014,0.000011,0.000008,0.000024,0.000053,0.000088
1323,,,,,,,,,,,,,,0.000005,0.000130,0.000093,0.000134,0.000203,0.000260,0.000366,0.000490,0.000550,0.000522,0.000590,0.000484,0.000415,0.000368,0.000290,0.000231,0.000213,0.000196,0.000164,0.000129,0.000077,0.000063,0.000069,0.000081,0.000054,0.000055,0.000165,0.000101,0.000065,0.000056,0.000050,0.000049,0.000036,0.000010,0.000040,0.000064,0.000088
1324,,,,,,,,,,,,,,0.000013,0.000283,0.000194,0.000143,0.000114,0.000070,0.000063,0.000056,0.000067,0.000073,0.000094,0.000097,0.000097,0.000108,0.000117,0.000135,0.000157,0.000174,0.000194,0.000183,0.000132,0.000119,0.000117,0.000186,0.000217,0.000054,0.000061,0.000057,0.000066,0.000084,0.000098,0.000082,0.000065,0.000012,0.000044,0.000059,0.000102
1325,,,,,,,,,,,,,,0.000003,0.000043,0.000030,0.000045,0.000057,0.000053,0.000065,0.000067,0.000080,0.000078,0.000087,0.000084,0.000087,0.000073,0.000066,0.000060,0.000067,0.000074,0.000084,0.000093,0.000073,0.000076,0.000080,0.000077,0.000030,0.000036,0.000076,0.000075,0.000064,0.000050,0.000044,0.000043,0.000039,0.000006,0.000031,0.000066,0.000084
1326,,,,,,,,,,,,,,0.000005,0.000123,0.000073,0.000085,0.000101,0.000112,0.000162,0.000236,0.000315,0.000364,0.000406,0.000354,0.000324,0.000289,0.000242,0.000187,0.000154,0.000122,0.000100,0.000093,0.000065,0.000072,0.000056,0.000057,0.000027,0.000018,0.000053,0.000048,0.000041,0.000031,0.000026,0.000021,0.000015,0.000002,0.000014,0.000031,0.000059
1327,,,,,,,,,,,,,,0.000004,0.000108,0.000062,0.000065,0.000070,0.000072,0.000073,0.000078,0.000086,0.000080,0.000068,0.000070,0.000065,0.000061,0.000073,0.000112,0.000177,0.000273,0.000339,0.000307,0.000223,0.000151,0.000096,0.000084,0.000040,0.000030,0.000060,0.000061,0.000054,0.000053,0.000063,0.000057,0.000047,0.000011,0.000048,0.000041,0.000049
1328,,,,,,,,,,,,,,0.000003,0.000057,0.000046,0.000048,0.000052,0.000053,0.000064,0.000077,0.000072,0.000068,0.000117,0.000121,0.000123,0.000129,0.000101,0.000092,0.000104,0.000102,0.000108,0.000129,0.000119,0.000155,0.000165,0.000152,0.000056,0.000039,0.000126,0.000119,0.000112,0.000105,0.000090,0.000069,0.000058,0.000006,0.000030,0.000048,0.000070
1329,,,,,,,,,,,,,,0.000005,0.000096,0.000062,0.000068,0.000061,0.000048,0.000059,0.000067,0.000069,0.000068,0.000081,0.000085,0.000086,0.000081,0.000071,0.000064,0.000064,0.000053,0.000053,0.000060,0.000058,0.000051,0.000043,0.000034,0.000023,0.000018,0.000050,0.000043,0.000032,0.000027,0.000022,0.000016,0.000007,0.000003,0.000018,0.000033,0.000061
1330,,,,,,,,,,,,,,0.000006,0.000099,0.000062,0.000075,0.000056,0.000045,0.000045,0.000043,0.000037,0.000055,0.000060,0.000041,0.000037,0.000055,0.000080,0.000116,0.000130,0.000114,0.000087,0.000074,0.000060,0.000057,0.000064,0.000071,0.000039,0.000029,0.000097,0.000109,0.000101,0.000076,0.000069,0.000061,0.000054,0.000012,0.000044,0.000099,0.000193
1331,,,,,,,,,,,,,,0.000003,0.000058,0.000044,0.000044,0.000060,0.000059,0.000067,0.000071,0.000073,0.000067,0.000084,0.000085,0.000089,0.000085,0.000077,0.000071,0.000068,0.000054,0.000052,0.000055,0.000044,0.000048,0.000050,0.000056,0.000025,0.000019,0.000069,0.000088,0.000098,0.000086,0.000067,0.000055,0.000035,0.000004,0.000026,0.000040,0.000069
1332,,,,,,,,,,,,,,0.000005,0.000097,0.000067,0.000071,0.000056,0.000049,0.000053,0.000060,0.000060,0.000055,0.000059,0.000059,0.000059,0.000053,0.000056,0.000064,0.000098,0.000144,0.000154,0.000176,0.000149,0.000178,0.000142,0.000112,0.000036,0.000023,0.000067,0.000056,0.000047,0.000032,0.000023,0.000015,0.000011,0.000004,0.000020,0.000051,0.000087
1333,,,,,,,,,,,,,,0.000004,0.000080,0.000071,0.000089,0.000087,0.000063,0.000069,0.000068,0.000076,0.000084,0.000099,0.000099,0.000114,0.000126,0.000138,0.000132,0.000140,0.000132,0.000107,0.000085,0.000057,0.000051,0.000040,0.000043,0.000022,0.000017,0.000039,0.000036,0.000027,0.000022,0.000019,0.000019,0.000014,0.000005,0.000042,0.000064,0.000113
1334,,,,,,,,,,,,,,0.000007,0.000112,0.000090,0.000098,0.000089,0.000062,0.000054,0.000067,0.000074,0.000070,0.000073,0.000062,0.000055,0.000049,0.000039,0.000035,0.000032,0.000041,0.000060,0.000070,0.000084,0.000080,0.000071,0.000053,0.000052,0.000024,0.000041,0.000034,0.000033,0.000023,0.000015,0.000015,0.000015,0.000006,0.000018,0.000034,0.000079
1335,,,,,,,,,,,,,,0.000004,0.000112,0.000065,0.000069,0.000065,0.000051,0.000062,0.000078,0.000072,0.000097,0.000084,0.000070,0.000071,0.000072,0.000070,0.000073,0.000074,0.000070,0.000071,0.000079,0.000063,0.000069,0.000064,0.000059,0.000025,0.000022,0.000062,0.000066,0.000069,0.000063,0.000058,0.000050,0.000041,0.000003,0.000017,0.000031,0.000056
1336,,,,,,,,,,,,,,0.000008,0.000188,0.000108,0.000120,0.000126,0.000100,0.000093,0.000110,0.000127,0.000114,0.000136,0.000120,0.000120,0.000126,0.000119,0.000125,0.000131,0.000120,0.000117,0.000127,0.000106,0.000109,0.000110,0.000111,0.000040,0.000032,0.000123,0.000114,0.000096,0.000072,0.000053,0.000043,0.000032,0.000004,0.000027,0.000061,0.000112
1337,,,,,,,,,,,,,,0.000006,0.000064,0.000033,0.000035,0.000029,0.000037,0.000060,0.000093,0.000130,0.000150,0.000208,0.000210,0.000220,0.000218,0.000186,0.000162,0.000148,0.000136,0.000171,0.000152,0.000084,0.000056,0.000042,0.000039,0.000017,0.000016,0.000041,0.000050,0.000054,0.000049,0.000054,0.000048,0.000040,0.000006,0.000028,0.000089,0.000214
1338,,,,,,,,,,,,,,0.000003,0.000066,0.000044,0.000035,0.000035,0.000032,0.000028,0.000034,0.000038,0.000041,0.000047,0.000047,0.000048,0.000047,0.000049,0.000060,0.000059,0.000056,0.000054,0.000053,0.000045,0.000048,0.000045,0.000044,0.000021,0.000019,0.000047,0.000047,0.000041,0.000040,0.000039,0.000029,0.000025,0.000005,0.000017,0.000030,0.000042
1339,,,,,,,,,,,,,,0.000005,0.000101,0.000081,0.000145,0.000107,0.000068,0.000086,0.000080,0.000065,0.000051,0.000043,0.000040,0.000030,0.000026,0.000029,0.000025,0.000021,0.000027,0.000028,0.000040,0.000039,0.000042,0.000043,0.000044,0.000030,0.000026,0.000081,0.000069,0.000054,0.000046,0.000046,0.000036,0.000034,0.000008,0.000046,0.000103,0.000144
1340,,,,,,,,,,,,,,0.000004,0.000080,0.000057,0.000063,0.000072,0.000074,0.000093,0.000123,0.000155,0.000160,0.000195,0.000183,0.000180,0.000175,0.000157,0.000179,0.000180,0.000161,0.000154,0.000172,0.000150,0.000168,0.000146,0.000150,0.000053,0.000033,0.000112,0.000097,0.000083,0.000072,0.000062,0.000043,0.000027,0.000002,0.000005,0.000014,0.000044
1341,,,,,,,,,,,,,,0.000003,0.000054,0.000050,0.000038,0.000050,0.000044,0.000059,0.000082,0.000104,0.000109,0.000133,0.000124,0.000127,0.000131,0.000128,0.000141,0.000152,0.000138,0.000121,0.000113,0.000081,0.000080,0.000082,0.000109,0.000055,0.000052,0.000230,0.000207,0.000159,0.000121,0.000087,0.000060,0.000043,0.000005,0.000019,0.000033,0.000066
1342,,,,,,,,,,,,,,0.000004,0.000090,0.000063,0.000058,0.000080,0.000080,0.000091,0.000115,0.000143,0.000134,0.000127,0.000109,0.000088,0.000072,0.000072,0.000083,0.000083,0.000069,0.000054,0.000052,0.000048,0.000045,0.000040,0.000046,0.000027,0.000025,0.000065,0.000064,0.000056,0.000049,0.000041,0.000036,0.000031,0.000007,0.000021,0.000034,0.000070
1343,,,,,,,,,,,,,,0.000005,0.000121,0.000085,0.000142,0.000121,0.000089,0.000101,0.000126,0.000152,0.000139,0.000174,0.000152,0.000138,0.000122,0.000097,0.000078,0.000066,0.000061,0.000069,0.000087,0.000068,0.000064,0.000058,0.000055,0.000027,0.000018,0.000059,0.000062,0.000051,0.000042,0.000037,0.000035,0.000037,0.000005,0.000031,0.000085,0.000150
1344,,,,,,,,,,,,,,0.000010,0.000183,0.000111,0.000119,0.000126,0.000112,0.000110,0.000112,0.000105,0.000108,0.000106,0.000085,0.000076,0.000076,0.000074,0.000066,0.000068,0.000067,0.000060,0.000073,0.000063,0.000066,0.000066,0.000074,0.000042,0.000038,0.000052,0.000037,0.000025,0.000028,0.000032,0.000028,0.000033,0.000009,0.000026,0.000042,0.000053
1345,,,,,,,,,,,,,,0.000003,0.000071,0.000050,0.000067,0.000068,0.000055,0.000062,0.000067,0.000070,0.000067,0.000082,0.000083,0.000079,0.000079,0.000081,0.000090,0.000094,0.000094,0.000083,0.000086,0.000070,0.000073,0.000067,0.000082,0.000034,0.000024,0.000086,0.000085,0.000072,0.000064,0.000054,0.000049,0.000040,0.000004,0.000011,0.000025,0.000052
1346,,,,,,,,,,,,,,0.000008,0.000188,0.000125,0.000159,0.000139,0.000111,0.000123,0.000163,0.000202,0.000173,0.000157,0.000094,0.000059,0.000017,0.000004,0.000010,0.000029,0.000052,0.000073,0.000104,0.000086,0.000112,0.000101,0.000102,0.000048,0.000089,0.000113,0.000109,0.000117,0.000115,0.000105,0.000093,0.000081,0.000016,0.000040,0.000075,0.000108
1347,,,,,,,,,,,,,,0.000007,0.000192,0.000153,0.000291,0.000349,0.000256,0.000189,0.000153,0.000141,0.000127,0.000139,0.000117,0.000117,0.000114,0.000094,0.000076,0.000084,0.000085,0.000065,0.000068,0.000059,0.000046,0.000046,0.000048,0.000030,0.000026,0.000049,0.000048,0.000048,0.000035,0.000033,0.000020,0.000018,0.000006,0.000041,0.000109,0.000248
1348,,,,,,,,,,,,,,0.000010,0.000230,0.000173,0.000216,0.000277,0.000291,0.000303,0.000399,0.000450,0.000430,0.000474,0.000416,0.000396,0.000401,0.000381,0.000383,0.000388,0.000323,0.000246,0.000209,0.000135,0.000118,0.000084,0.000071,0.000037,0.000022,0.000060,0.000055,0.000041,0.000024,0.000015,0.000010,0.000008,0.000004,0.000028,0.000062,0.000113
1349,,,,,,,,,,,,,,0.000011,0.000192,0.000118,0.000141,0.000135,0.000102,0.000114,0.000131,0.000143,0.000133,0.000131,0.000116,0.000107,0.000106,0.000100,0.000087,0.000076,0.000073,0.000082,0.000104,0.000086,0.000086,0.000057,0.000047,0.000033,0.000025,0.000055,0.000050,0.000044,0.000035,0.000033,0.000020,0.000012,0.000004,0.000032,0.000079,0.000144
1350,,,,,,,,,,,,,,0.000013,0.000324,0.000206,0.000257,0.000324,0.000329,0.000384,0.000419,0.000390,0.000324,0.000339,0.000293,0.000221,0.000199,0.000160,0.000135,0.000129,0.000113,0.000096,0.000084,0.000070,0.000065,0.000063,0.000068,0.000036,0.000026,0.000050,0.000042,0.000037,0.000035,0.000040,0.000032,0.000033,0.000006,0.000020,0.000037,0.000067
1351,,,,,,,,,,,,,,0.000002,0.000056,0.000035,0.000044,0.000046,0.000041,0.000044,0.000052,0.000056,0.000046,0.000046,0.000047,0.000051,0.000052,0.000047,0.000045,0.000048,0.000051,0.000054,0.000049,0.000050,0.000047,0.000041,0.000043,0.000024,0.000028,0.000046,0.000045,0.000037,0.000030,0.000026,0.000025,0.000024,0.000006,0.000022,0.000021,0.000032
1352,,,,,,,,,,,,,,0.000005,0.000085,0.000051,0.000061,0.000056,0.000043,0.000043,0.000053,0.000062,0.000061,0.000079,0.000069,0.000059,0.000064,0.000047,0.000052,0.000053,0.000057,0.000053,0.000057,0.000052,0.000054,0.000052,0.000072,0.000036,0.000030,0.000142,0.000126,0.000101,0.000077,0.000058,0.000043,0.000028,0.000003,0.000019,0.000048,0.000087
1353,,,,,,,,,,,,,,0.000011,0.000168,0.000108,0.000093,0.000100,0.000103,0.000129,0.000156,0.000174,0.000160,0.000192,0.000162,0.000137,0.000136,0.000115,0.000109,0.000120,0.000094,0.000088,0.000091,0.000065,0.000057,0.000051,0.000039,0.000026,0.000020,0.000050,0.000052,0.000042,0.000030,0.000028,0.000020,0.000013,0.000006,0.000032,0.000098,0.000237
1354,,,,,,,,,,,,,,0.000003,0.000082,0.000078,0.000125,0.000141,0.000129,0.000166,0.000202,0.000222,0.000228,0.000308,0.000311,0.000325,0.000341,0.000357,0.000334,0.000294,0.000216,0.000138,0.000106,0.000071,0.000060,0.000052,0.000049,0.000032,0.000032,0.000060,0.000052,0.000056,0.000062,0.000059,0.000049,0.000039,0.000010,0.000043,0.000060,0.000047
1355,,,,,,,,,,,,,,0.000003,0.000067,0.000045,0.000045,0.000051,0.000066,0.000137,0.000245,0.000311,0.000297,0.000332,0.000274,0.000219,0.000172,0.000129,0.000109,0.000108,0.000096,0.000086,0.000094,0.000065,0.000058,0.000053,0.000048,0.000027,0.000022,0.000048,0.000052,0.000054,0.000047,0.000045,0.000036,0.000028,0.000005,0.000022,0.000033,0.000053
1356,,,,,,,,,,,,,,0.000006,0.000097,0.000056,0.000064,0.000078,0.000072,0.000082,0.000101,0.000120,0.000118,0.000146,0.000132,0.000132,0.000134,0.000124,0.000122,0.000125,0.000121,0.000123,0.000128,0.000149,0.000184,0.000136,0.000109,0.000040,0.000031,0.000106,0.000104,0.000100,0.000085,0.000078,0.000060,0.000041,0.000004,0.000022,0.000053,0.000093
1357,,,,,,,,,,,,,,0.000003,0.000064,0.000200,0.000075,0.000079,0.000067,0.000077,0.000089,0.000113,0.000131,0.000152,0.000149,0.000142,0.000148,0.000152,0.000149,0.000167,0.000185,0.000169,0.000150,0.000096,0.000079,0.000069,0.000063,0.000031,0.000023,0.000088,0.000087,0.000075,0.000066,0.000056,0.000043,0.000028,0.000003,0.000017,0.000036,0.000061
1358,,,,,,,,,,,,,,0.000003,0.000059,0.000055,0.000063,0.000115,0.000121,0.000133,0.000132,0.000129,0.000113,0.000127,0.000104,0.000094,0.000086,0.000081,0.000068,0.000071,0.000061,0.000061,0.000066,0.000054,0.000057,0.000052,0.000047,0.000022,0.000020,0.000045,0.000044,0.000037,0.000026,0.000027,0.000020,0.000013,0.000004,0.000017,0.000027,0.000051
1359,,,,,,,,,,,,,,0.000004,0.000093,0.000057,0.000078,0.000076,0.000059,0.000056,0.000063,0.000088,0.000101,0.000127,0.000121,0.000133,0.000158,0.000158,0.000163,0.000173,0.000155,0.000136,0.000114,0.000091,0.000086,0.000067,0.000061,0.000032,0.000021,0.000067,0.000057,0.000041,0.000031,0.000031,0.000023,0.000017,0.000004,0.000015,0.000026,0.000057
1360,,,,,,,,,,,,,,0.000011,0.000251,0.000174,0.000173,0.000149,0.000116,0.000113,0.000113,0.000123,0.000113,0.000135,0.000113,0.000093,0.000087,0.000087,0.000088,0.000101,0.000088,0.000071,0.000085,0.000073,0.000103,0.000079,0.000075,0.000035,0.000028,0.000092,0.000104,0.000100,0.000080,0.000063,0.000057,0.000048,0.000005,0.000039,0.000107,0.000179
1361,,,,,,,,,,,,,,0.000003,0.000073,0.000063,0.000062,0.000070,0.000059,0.000075,0.000090,0.000092,0.000079,0.000094,0.000091,0.000091,0.000084,0.000074,0.000067,0.000063,0.000057,0.000053,0.000057,0.000047,0.000048,0.000040,0.000046,0.000021,0.000017,0.000049,0.000053,0.000046,0.000040,0.000036,0.000029,0.000026,0.000003,0.000017,0.000043,0.000079
1362,,,,,,,,,,,,,,0.000003,0.000070,0.000052,0.000054,0.000059,0.000058,0.000060,0.000062,0.000058,0.000057,0.000074,0.000066,0.000058,0.000067,0.000053,0.000034,0.000044,0.000044,0.000044,0.000042,0.000039,0.000048,0.000042,0.000044,0.000022,0.000021,0.000057,0.000061,0.000055,0.000055,0.000054,0.000046,0.000036,0.000006,0.000015,0.000031,0.000050
1363,,,,,,,,,,,,,,0.000004,0.000077,0.000047,0.000050,0.000040,0.000035,0.000032,0.000035,0.000041,0.000037,0.000046,0.000044,0.000042,0.000043,0.000034,0.000037,0.000042,0.000041,0.000052,0.000069,0.000080,0.000111,0.000120,0.000129,0.000059,0.000036,0.000088,0.000065,0.000049,0.000038,0.000026,0.000019,0.000012,0.000004,0.000024,0.000048,0.000069
1364,,,,,,,,,,,,,,0.000006,0.000132,0.000082,0.000076,0.000071,0.000048,0.000047,0.000051,0.000065,0.000077,0.000082,0.000091,0.000100,0.000110,0.000114,0.000107,0.000100,0.000083,0.000066,0.000056,0.000038,0.000036,0.000040,0.000049,0.000034,0.000026,0.000056,0.000047,0.000032,0.000018,0.000014,0.000012,0.000010,0.000004,0.000021,0.000033,0.000050
1365,,,,,,,,,,,,,,0.000007,0.000134,0.000077,0.000103,0.000094,0.000075,0.000085,0.000099,0.000112,0.000113,0.000115,0.000112,0.000096,0.000105,0.000108,0.000088,0.000088,0.000087,0.000125,0.000194,0.000226,0.000295,0.000281,0.000288,0.000093,0.000055,0.000157,0.000116,0.000077,0.000050,0.000035,0.000020,0.000013,0.000006,0.000032,0.000066,0.000102
1366,,,,,,,,,,,,,,0.000005,0.000103,0.000055,0.000058,0.000056,0.000039,0.000047,0.000059,0.000061,0.000047,0.000060,0.000063,0.000065,0.000063,0.000056,0.000052,0.000053,0.000045,0.000042,0.000046,0.000033,0.000037,0.000033,0.000034,0.000024,0.000022,0.000064,0.000064,0.000052,0.000040,0.000037,0.000029,0.000027,0.000005,0.000018,0.000047,0.000119
1367,,,,,,,,,,,,,,0.000002,0.000043,0.000037,0.000045,0.000116,0.000184,0.000250,0.000297,0.000282,0.000210,0.000205,0.000174,0.000146,0.000114,0.000088,0.000074,0.000082,0.000088,0.000110,0.000155,0.000190,0.000231,0.000197,0.000141,0.000049,0.000027,0.000068,0.000053,0.000042,0.000033,0.000030,0.000027,0.000023,0.000007,0.000021,0.000036,0.000044
1368,,,,,,,,,,,,,,0.000005,0.000116,0.000060,0.000078,0.000064,0.000035,0.000032,0.000034,0.000050,0.000049,0.000066,0.000071,0.000088,0.000106,0.000143,0.000189,0.000265,0.000278,0.000264,0.000248,0.000145,0.000111,0.000079,0.000067,0.000050,0.000027,0.000039,0.000034,0.000036,0.000036,0.000038,0.000030,0.000026,0.000010,0.000051,0.000118,0.000175
1369,,,,,,,,,,,,,,0.000010,0.000181,0.000112,0.000172,0.000191,0.000160,0.000186,0.000228,0.000258,0.000230,0.000279,0.000273,0.000278,0.000263,0.000241,0.000237,0.000238,0.000215,0.000200,0.000207,0.000151,0.000144,0.000138,0.000151,0.000058,0.000048,0.000177,0.000162,0.000134,0.000100,0.000083,0.000052,0.000033,0.000003,0.000035,0.000093,0.000176
1370,,,,,,,,,,,,,,0.000005,0.000102,0.000087,0.000173,0.000238,0.000241,0.000273,0.000319,0.000330,0.000274,0.000303,0.000234,0.000173,0.000140,0.000117,0.000108,0.000123,0.000136,0.000159,0.000188,0.000172,0.000131,0.000111,0.000097,0.000051,0.000027,0.000048,0.000042,0.000030,0.000030,0.000031,0.000022,0.000020,0.000010,0.000067,0.000145,0.000167
1371,,,,,,,,,,,,,,0.000010,0.000291,0.000218,0.000323,0.000378,0.000314,0.000290,0.000287,0.000281,0.000235,0.000262,0.000245,0.000229,0.000210,0.000185,0.000173,0.000172,0.000148,0.000124,0.000127,0.000088,0.000085,0.000081,0.000077,0.000031,0.000033,0.000061,0.000067,0.000074,0.000065,0.000060,0.000043,0.000031,0.000004,0.000035,0.000104,0.000175
1372,,,,,,,,,,,,,,0.000005,0.000043,0.000024,0.000027,0.000034,0.000041,0.000065,0.000085,0.000098,0.000091,0.000099,0.000089,0.000098,0.000110,0.000112,0.000144,0.000222,0.000367,0.000422,0.000386,0.000222,0.000148,0.000094,0.000093,0.000054,0.000037,0.000123,0.000150,0.000175,0.000206,0.000216,0.000212,0.000221,0.000034,0.000167,0.000202,0.000263
1373,,,,,,,,,,,,,,0.000005,0.000088,0.000050,0.000061,0.000052,0.000038,0.000046,0.000062,0.000064,0.000081,0.000090,0.000080,0.000078,0.000070,0.000068,0.000066,0.000070,0.000060,0.000059,0.000064,0.000046,0.000066,0.000063,0.000071,0.000085,0.000059,0.000177,0.000171,0.000130,0.000088,0.000072,0.000052,0.000035,0.000007,0.000029,0.000054,0.000081
1374,,,,,,,,,,,,,,0.000008,0.000141,0.000093,0.000097,0.000117,0.000111,0.000148,0.000195,0.000228,0.000234,0.000289,0.000272,0.000268,0.000259,0.000232,0.000232,0.000234,0.000202,0.000171,0.000176,0.000125,0.000118,0.000102,0.000090,0.000030,0.000021,0.000062,0.000070,0.000069,0.000061,0.000053,0.000041,0.000030,0.000004,0.000033,0.000098,0.000201
1375,,,,,,,,,,,,,,0.000007,0.000166,0.000093,0.000094,0.000080,0.000052,0.000057,0.000077,0.000082,0.000079,0.000088,0.000091,0.000093,0.000092,0.000091,0.000104,0.000116,0.000110,0.000101,0.000107,0.000075,0.000068,0.000057,0.000050,0.000025,0.000018,0.000056,0.000058,0.000056,0.000063,0.000058,0.000050,0.000035,0.000004,0.000031,0.000057,0.000111
1376,,,,,,,,,,,,,,0.000005,0.000142,0.000080,0.000074,0.000056,0.000047,0.000049,0.000053,0.000057,0.000052,0.000048,0.000040,0.000040,0.000032,0.000024,0.000025,0.000038,0.000039,0.000041,0.000046,0.000035,0.000040,0.000045,0.000052,0.000031,0.000020,0.000049,0.000046,0.000045,0.000038,0.000031,0.000028,0.000027,0.000005,0.000015,0.000037,0.000054
1377,,,,,,,,,,,,,,0.000004,0.000106,0.000081,0.000139,0.000167,0.000142,0.000120,0.000107,0.000094,0.000078,0.000062,0.000038,0.000039,0.000042,0.000036,0.000031,0.000045,0.000053,0.000072,0.000103,0.000108,0.000137,0.000115,0.000099,0.000050,0.000023,0.000049,0.000043,0.000035,0.000031,0.000032,0.000031,0.000031,0.000008,0.000041,0.000107,0.000177
1378,,,,,,,,,,,,,,0.000003,0.000047,0.000028,0.000039,0.000036,0.000047,0.000091,0.000149,0.000231,0.000274,0.000276,0.000236,0.000251,0.000255,0.000208,0.000159,0.000128,0.000112,0.000097,0.000060,0.000044,0.000047,0.000046,0.000040,0.000024,0.000016,0.000035,0.000040,0.000044,0.000039,0.000034,0.000028,0.000021,0.000006,0.000021,0.000035,0.000043
1379,,,,,,,,,,,,,,0.000007,0.000158,0.000087,0.000116,0.000123,0.000111,0.000118,0.000129,0.000134,0.000119,0.000142,0.000123,0.000116,0.000108,0.000100,0.000103,0.000112,0.000104,0.000098,0.000096,0.000066,0.000059,0.000057,0.000058,0.000021,0.000021,0.000054,0.000054,0.000051,0.000042,0.000034,0.000026,0.000021,0.000003,0.000024,0.000057,0.000097
1380,,,,,,,,,,,,,,0.000005,0.000096,0.000073,0.000077,0.000077,0.000064,0.000055,0.000055,0.000069,0.000076,0.000075,0.000065,0.000051,0.000044,0.000052,0.000070,0.000111,0.000122,0.000108,0.000122,0.000097,0.000104,0.000144,0.000203,0.000167,0.000066,0.000164,0.000173,0.000188,0.000189,0.000175,0.000126,0.000079,0.000008,0.000023,0.000030,0.000053
1381,,,,,,,,,,,,,,0.000007,0.000156,0.000104,0.000136,0.000136,0.000110,0.000103,0.000121,0.000139,0.000159,0.000155,0.000147,0.000146,0.000132,0.000104,0.000099,0.000106,0.000094,0.000089,0.000088,0.000075,0.000074,0.000071,0.000044,0.000035,0.000026,0.000049,0.000046,0.000039,0.000033,0.000025,0.000021,0.000019,0.000008,0.000033,0.000054,0.000092
1382,,,,,,,,,,,,,,0.000003,0.000073,0.000055,0.000064,0.000097,0.000093,0.000122,0.000149,0.000171,0.000163,0.000178,0.000167,0.000148,0.000144,0.000120,0.000105,0.000106,0.000100,0.000091,0.000087,0.000065,0.000055,0.000056,0.000056,0.000029,0.000026,0.000071,0.000076,0.000072,0.000059,0.000049,0.000035,0.000022,0.000005,0.000016,0.000031,0.000042
1383,,,,,,,,,,,,,,0.000005,0.000110,0.000066,0.000102,0.000101,0.000084,0.000089,0.000101,0.000120,0.000114,0.000123,0.000102,0.000092,0.000088,0.000081,0.000072,0.000083,0.000091,0.000095,0.000102,0.000076,0.000069,0.000070,0.000063,0.000037,0.000029,0.000081,0.000078,0.000060,0.000044,0.000035,0.000033,0.000026,0.000006,0.000039,0.000071,0.000111
1384,,,,,,,,,,,,,,0.000009,0.000215,0.000138,0.000164,0.000186,0.000177,0.000197,0.000237,0.000263,0.000239,0.000281,0.000248,0.000221,0.000215,0.000192,0.000183,0.000202,0.000195,0.000207,0.000268,0.000248,0.000275,0.000249,0.000215,0.000122,0.000080,0.000181,0.000146,0.000122,0.000104,0.000087,0.000075,0.000063,0.000004,0.000022,0.000056,0.000087
1385,,,,,,,,,,,,,,0.000003,0.000117,0.000125,0.000187,0.000202,0.000144,0.000143,0.000147,0.000129,0.000104,0.000101,0.000086,0.000072,0.000061,0.000051,0.000056,0.000065,0.000063,0.000065,0.000068,0.000049,0.000049,0.000044,0.000050,0.000029,0.000022,0.000053,0.000048,0.000039,0.000038,0.000036,0.000028,0.000021,0.000004,0.000016,0.000035,0.000054
1386,,,,,,,,,,,,,,0.000005,0.000135,0.000169,0.000244,0.000190,0.000123,0.000108,0.000112,0.000109,0.000104,0.000109,0.000092,0.000079,0.000071,0.000063,0.000054,0.000061,0.000060,0.000055,0.000059,0.000052,0.000048,0.000052,0.000047,0.000028,0.000024,0.000043,0.000040,0.000035,0.000027,0.000024,0.000016,0.000012,0.000006,0.000024,0.000046,0.000078
1387,,,,,,,,,,,,,,0.000006,0.000127,0.000108,0.000120,0.000115,0.000092,0.000090,0.000090,0.000094,0.000082,0.000093,0.000088,0.000084,0.000079,0.000075,0.000082,0.000097,0.000088,0.000076,0.000065,0.000050,0.000059,0.000052,0.000043,0.000029,0.000015,0.000023,0.000017,0.000014,0.000014,0.000012,0.000008,0.000008,0.000005,0.000019,0.000045,0.000074
1388,,,,,,,,,,,,,,0.000006,0.000113,0.000068,0.000083,0.000086,0.000087,0.000114,0.000131,0.000141,0.000138,0.000150,0.000147,0.000140,0.000135,0.000129,0.000122,0.000129,0.000125,0.000133,0.000156,0.000115,0.000102,0.000077,0.000074,0.000032,0.000026,0.000084,0.000073,0.000059,0.000037,0.000021,0.000015,0.000012,0.000003,0.000044,0.000072,0.000124
1389,,,,,,,,,,,,,,0.000004,0.000082,0.000052,0.000060,0.000062,0.000051,0.000063,0.000083,0.000116,0.000148,0.000164,0.000131,0.000129,0.000117,0.000086,0.000072,0.000059,0.000054,0.000049,0.000051,0.000036,0.000036,0.000028,0.000024,0.000024,0.000017,0.000035,0.000031,0.000028,0.000025,0.000023,0.000020,0.000013,0.000005,0.000027,0.000057,0.000103
1390,,,,,,,,,,,,,,0.000004,0.000077,0.000046,0.000048,0.000060,0.000056,0.000069,0.000087,0.000104,0.000093,0.000114,0.000106,0.000104,0.000110,0.000115,0.000135,0.000170,0.000188,0.000210,0.000269,0.000266,0.000324,0.000286,0.000227,0.000064,0.000040,0.000092,0.000069,0.000056,0.000046,0.000037,0.000034,0.000032,0.000004,0.000021,0.000046,0.000086
1391,,,,,,,,,,,,,,0.000008,0.000223,0.000222,0.000231,0.000224,0.000187,0.000165,0.000151,0.000132,0.000111,0.000107,0.000109,0.000083,0.000063,0.000052,0.000047,0.000049,0.000059,0.000066,0.000091,0.000095,0.000108,0.000103,0.000099,0.000059,0.000035,0.000084,0.000062,0.000043,0.000038,0.000041,0.000032,0.000018,0.000007,0.000021,0.000023,0.000038
1392,,,,,,,,,,,,,,0.000016,0.000372,0.000322,0.000486,0.000379,0.000239,0.000225,0.000241,0.000245,0.000218,0.000242,0.000220,0.000207,0.000188,0.000161,0.000146,0.000144,0.000121,0.000107,0.000112,0.000073,0.000074,0.000072,0.000074,0.000026,0.000024,0.000052,0.000049,0.000036,0.000022,0.000021,0.000019,0.000014,0.000004,0.000020,0.000053,0.000106
1393,,,,,,,,,,,,,,0.000010,0.000291,0.000248,0.000239,0.000214,0.000172,0.000170,0.000160,0.000143,0.000137,0.000156,0.000125,0.000122,0.000103,0.000081,0.000081,0.000080,0.000060,0.000052,0.000052,0.000040,0.000043,0.000050,0.000058,0.000035,0.000027,0.000095,0.000076,0.000077,0.000059,0.000046,0.000034,0.000029,0.000004,0.000016,0.000040,0.000075
1394,,,,,,,,,,,,,,0.000006,0.000113,0.000076,0.000093,0.000085,0.000075,0.000085,0.000093,0.000103,0.000092,0.000101,0.000086,0.000077,0.000075,0.000069,0.000064,0.000059,0.000052,0.000052,0.000049,0.000035,0.000038,0.000034,0.000032,0.000036,0.000018,0.000024,0.000022,0.000019,0.000015,0.000011,0.000009,0.000005,0.000006,0.000027,0.000057,0.000102
1395,,,,,,,,,,,,,,0.000010,0.000170,0.000096,0.000112,0.000120,0.000104,0.000106,0.000114,0.000115,0.000105,0.000104,0.000088,0.000081,0.000082,0.000072,0.000069,0.000080,0.000072,0.000068,0.000069,0.000051,0.000060,0.000050,0.000048,0.000023,0.000016,0.000048,0.000046,0.000041,0.000033,0.000030,0.000022,0.000012,0.000003,0.000018,0.000068,0.000172
1396,,,,,,,,,,,,,,0.000005,0.000098,0.000073,0.000059,0.000050,0.000030,0.000023,0.000031,0.000046,0.000049,0.000057,0.000048,0.000040,0.000036,0.000032,0.000034,0.000026,0.000022,0.000032,0.000053,0.000055,0.000094,0.000110,0.000106,0.000065,0.000028,0.000054,0.000045,0.000035,0.000024,0.000035,0.000029,0.000023,0.000007,0.000032,0.000039,0.000060
1397,,,,,,,,,,,,,,0.000009,0.000161,0.000110,0.000112,0.000110,0.000099,0.000108,0.000123,0.000143,0.000138,0.000148,0.000130,0.000125,0.000128,0.000111,0.000097,0.000092,0.000081,0.000069,0.000066,0.000051,0.000061,0.000055,0.000052,0.000036,0.000034,0.000053,0.000052,0.000058,0.000051,0.000054,0.000048,0.000042,0.000008,0.000045,0.000104,0.000194
1398,,,,,,,,,,,,,,0.000010,0.000124,0.000056,0.000070,0.000064,0.000055,0.000066,0.000073,0.000088,0.000072,0.000103,0.000092,0.000082,0.000078,0.000074,0.000059,0.000059,0.000060,0.000060,0.000077,0.000068,0.000069,0.000062,0.000066,0.000028,0.000021,0.000066,0.000057,0.000052,0.000046,0.000036,0.000032,0.000020,0.000010,0.000060,0.000145,0.000289
1399,,,,,,,,,,,,,,0.000008,0.000137,0.000078,0.000097,0.000094,0.000088,0.000084,0.000086,0.000078,0.000072,0.000063,0.000055,0.000050,0.000064,0.000077,0.000126,0.000148,0.000117,0.000090,0.000068,0.000046,0.000047,0.000048,0.000055,0.000027,0.000022,0.000044,0.000043,0.000040,0.000034,0.000036,0.000028,0.000029,0.000008,0.000026,0.000037,0.000084
1400,,,,,,,,,,,,,,0.000006,0.000162,0.000095,0.000096,0.000078,0.000064,0.000074,0.000076,0.000084,0.000084,0.000083,0.000077,0.000079,0.000068,0.000079,0.000089,0.000105,0.000096,0.000097,0.000088,0.000064,0.000051,0.000070,0.000080,0.000029,0.000026,0.000068,0.000064,0.000052,0.000049,0.000052,0.000050,0.000047,0.000011,0.000069,0.000132,0.000162
1401,,,,,,,,,,,,,,0.000004,0.000095,0.000056,0.000060,0.000046,0.000033,0.000029,0.000033,0.000045,0.000066,0.000054,0.000053,0.000052,0.000046,0.000036,0.000027,0.000029,0.000042,0.000044,0.000050,0.000043,0.000046,0.000046,0.000045,0.000031,0.000021,0.000035,0.000037,0.000038,0.000034,0.000038,0.000037,0.000034,0.000007,0.000033,0.000063,0.000125
1402,,,,,,,,,,,,,,0.000006,0.000113,0.000070,0.000106,0.000181,0.000234,0.000325,0.000408,0.000386,0.000295,0.000290,0.000216,0.000200,0.000181,0.000143,0.000135,0.000139,0.000127,0.000107,0.000102,0.000073,0.000079,0.000079,0.000097,0.000039,0.000031,0.000111,0.000120,0.000123,0.000108,0.000093,0.000075,0.000060,0.000005,0.000021,0.000055,0.000098
1403,,,,,,,,,,,,,,0.000005,0.000126,0.000071,0.000070,0.000062,0.000069,0.000094,0.000128,0.000162,0.000156,0.000163,0.000146,0.000136,0.000123,0.000110,0.000106,0.000108,0.000108,0.000105,0.000106,0.000093,0.000096,0.000091,0.000086,0.000034,0.000024,0.000092,0.000095,0.000083,0.000077,0.000070,0.000055,0.000042,0.000004,0.000010,0.000005,0.000008
1404,,,,,,,,,,,,,,0.000003,0.000102,0.000093,0.000158,0.000167,0.000132,0.000107,0.000098,0.000102,0.000093,0.000081,0.000067,0.000067,0.000057,0.000047,0.000036,0.000038,0.000042,0.000044,0.000055,0.000051,0.000062,0.000053,0.000048,0.000024,0.000017,0.000024,0.000030,0.000029,0.000028,0.000023,0.000020,0.000017,0.000005,0.000023,0.000052,0.000087
1405,,,,,,,,,,,,,,0.000006,0.000138,0.000083,0.000079,0.000097,0.000088,0.000099,0.000127,0.000167,0.000170,0.000187,0.000174,0.000163,0.000147,0.000117,0.000091,0.000090,0.000087,0.000084,0.000088,0.000076,0.000065,0.000055,0.000047,0.000023,0.000021,0.000060,0.000058,0.000049,0.000039,0.000032,0.000030,0.000027,0.000005,0.000030,0.000095,0.000188
1406,,,,,,,,,,,,,,0.000004,0.000090,0.000057,0.000068,0.000059,0.000039,0.000043,0.000049,0.000060,0.000075,0.000088,0.000088,0.000087,0.000082,0.000077,0.000096,0.000125,0.000121,0.000122,0.000103,0.000061,0.000053,0.000039,0.000026,0.000020,0.000017,0.000032,0.000031,0.000022,0.000017,0.000020,0.000021,0.000022,0.000009,0.000033,0.000059,0.000087
1407,,,,,,,,,,,,,,0.000005,0.000089,0.000069,0.000084,0.000085,0.000084,0.000107,0.000143,0.000199,0.000206,0.000263,0.000276,0.000277,0.000294,0.000289,0.000270,0.000237,0.000194,0.000153,0.000151,0.000114,0.000138,0.000114,0.000093,0.000037,0.000025,0.000059,0.000060,0.000055,0.000046,0.000037,0.000026,0.000016,0.000003,0.000019,0.000060,0.000100
1408,,,,,,,,,,,,,,0.000005,0.000118,0.000067,0.000067,0.000051,0.000036,0.000036,0.000047,0.000061,0.000064,0.000077,0.000077,0.000077,0.000081,0.000073,0.000068,0.000064,0.000063,0.000061,0.000061,0.000052,0.000049,0.000038,0.000036,0.000033,0.000028,0.000029,0.000022,0.000019,0.000019,0.000019,0.000017,0.000012,0.000007,0.000031,0.000053,0.000088
1409,,,,,,,,,,,,,,0.000006,0.000113,0.000058,0.000066,0.000074,0.000070,0.000075,0.000085,0.000093,0.000097,0.000119,0.000084,0.000095,0.000092,0.000088,0.000091,0.000095,0.000078,0.000078,0.000075,0.000079,0.000076,0.000068,0.000077,0.000044,0.000033,0.000134,0.000167,0.000187,0.000196,0.000153,0.000103,0.000059,0.000007,0.000030,0.000053,0.000082
1410,,,,,,,,,,,,,,0.000003,0.000075,0.000046,0.000057,0.000065,0.000064,0.000080,0.000105,0.000121,0.000112,0.000124,0.000107,0.000102,0.000094,0.000093,0.000091,0.000094,0.000095,0.000099,0.000114,0.000084,0.000079,0.000069,0.000064,0.000026,0.000022,0.000075,0.000074,0.000067,0.000060,0.000053,0.000048,0.000039,0.000004,0.000016,0.000044,0.000075
1411,,,,,,,,,,,,,,0.000004,0.000055,0.000039,0.000039,0.000052,0.000044,0.000050,0.000060,0.000075,0.000069,0.000087,0.000086,0.000090,0.000089,0.000085,0.000088,0.000105,0.000104,0.000105,0.000099,0.000076,0.000075,0.000063,0.000069,0.000030,0.000026,0.000111,0.000114,0.000100,0.000089,0.000077,0.000062,0.000046,0.000006,0.000032,0.000032,0.000076
1412,,,,,,,,,,,,,,0.000010,0.000226,0.000214,0.000333,0.000371,0.000260,0.000235,0.000221,0.000213,0.000178,0.000175,0.000149,0.000124,0.000106,0.000089,0.000080,0.000080,0.000069,0.000058,0.000059,0.000053,0.000052,0.000048,0.000039,0.000042,0.000024,0.000031,0.000016,0.000016,0.000017,0.000024,0.000017,0.000012,0.000013,0.000066,0.000138,0.000229
1413,,,,,,,,,,,,,,0.000007,0.000181,0.000171,0.000264,0.000311,0.000260,0.000234,0.000218,0.000195,0.000152,0.000155,0.000131,0.000111,0.000094,0.000088,0.000076,0.000084,0.000080,0.000085,0.000101,0.000072,0.000076,0.000068,0.000071,0.000030,0.000025,0.000064,0.000058,0.000051,0.000040,0.000034,0.000023,0.000016,0.000002,0.000019,0.000054,0.000114
1414,,,,,,,,,,,,,,0.000005,0.000118,0.000076,0.000079,0.000074,0.000063,0.000071,0.000082,0.000104,0.000108,0.000156,0.000167,0.000180,0.000202,0.000229,0.000267,0.000330,0.000264,0.000223,0.000214,0.000162,0.000141,0.000106,0.000099,0.000039,0.000029,0.000085,0.000078,0.000065,0.000051,0.000040,0.000029,0.000017,0.000004,0.000013,0.000033,0.000060
1415,,,,,,,,,,,,,,0.000006,0.000124,0.000079,0.000086,0.000085,0.000071,0.000071,0.000083,0.000099,0.000100,0.000124,0.000118,0.000115,0.000108,0.000099,0.000095,0.000099,0.000096,0.000087,0.000085,0.000060,0.000061,0.000046,0.000036,0.000026,0.000018,0.000032,0.000028,0.000021,0.000011,0.000010,0.000005,0.000002,0.000007,0.000029,0.000059,0.000104
1416,,,,,,,,,,,,,,0.000005,0.000081,0.000061,0.000064,0.000069,0.000052,0.000055,0.000051,0.000051,0.000056,0.000063,0.000061,0.000060,0.000056,0.000061,0.000070,0.000077,0.000082,0.000077,0.000072,0.000046,0.000042,0.000036,0.000026,0.000013,0.000012,0.000026,0.000036,0.000042,0.000044,0.000043,0.000031,0.000027,0.000007,0.000039,0.000070,0.000120
1417,,,,,,,,,,,,,,0.000003,0.000052,0.000033,0.000035,0.000038,0.000045,0.000070,0.000118,0.000184,0.000215,0.000286,0.000349,0.000352,0.000348,0.000369,0.000335,0.000320,0.000241,0.000168,0.000121,0.000068,0.000055,0.000040,0.000040,0.000025,0.000019,0.000039,0.000033,0.000030,0.000029,0.000025,0.000022,0.000016,0.000004,0.000015,0.000031,0.000056
1418,,,,,,,,,,,,,,0.000005,0.000122,0.000114,0.000143,0.000140,0.000109,0.000098,0.000089,0.000071,0.000047,0.000059,0.000067,0.000066,0.000070,0.000067,0.000060,0.000067,0.000081,0.000108,0.000184,0.000255,0.000283,0.000202,0.000156,0.000059,0.000041,0.000087,0.000069,0.000055,0.000049,0.000051,0.000047,0.000049,0.000009,0.000023,0.000046,0.000065
1419,,,,,,,,,,,,,,0.000005,0.000092,0.000060,0.000047,0.000039,0.000038,0.000041,0.000055,0.000066,0.000077,0.000096,0.000091,0.000087,0.000084,0.000088,0.000078,0.000079,0.000072,0.000067,0.000064,0.000058,0.000056,0.000056,0.000060,0.000039,0.000034,0.000069,0.000069,0.000061,0.000059,0.000058,0.000055,0.000051,0.000009,0.000026,0.000055,0.000095
1420,,,,,,,,,,,,,,0.000004,0.000084,0.000059,0.000074,0.000062,0.000036,0.000038,0.000041,0.000047,0.000058,0.000065,0.000063,0.000054,0.000062,0.000059,0.000054,0.000055,0.000042,0.000039,0.000039,0.000027,0.000037,0.000034,0.000030,0.000016,0.000016,0.000050,0.000060,0.000067,0.000067,0.000066,0.000049,0.000031,0.000004,0.000025,0.000058,0.000087
1421,,,,,,,,,,,,,,0.000004,0.000104,0.000048,0.000043,0.000044,0.000044,0.000045,0.000047,0.000052,0.000052,0.000068,0.000060,0.000057,0.000055,0.000050,0.000043,0.000047,0.000048,0.000053,0.000059,0.000052,0.000053,0.000046,0.000054,0.000021,0.000025,0.000061,0.000063,0.000062,0.000064,0.000066,0.000059,0.000053,0.000007,0.000027,0.000062,0.000063
