roi_id,bin_0,bin_1,bin_2,bin_3,bin_4,bin_5,bin_6,bin_7,bin_8,bin_9,bin_10,bin_11,bin_12,bin_13,bin_14,bin_15,bin_16,bin_17,bin_18,bin_19,bin_20,bin_21,bin_22,bin_23,bin_24,bin_25,bin_26,bin_27,bin_28,bin_29,bin_30,bin_31,bin_32,bin_33,bin_34,bin_35,bin_36,bin_37,bin_38,bin_39,bin_40,bin_41,bin_42,bin_43,bin_44,bin_45,bin_46,bin_47,bin_48,bin_49
0,,,,,,,,,,,,,,0.000008,0.000208,0.000161,0.000089,0.000141,0.000233,0.000394,0.000181,0.000106,0.000090,0.000068,0.000050,0.000056,0.000139,0.000182,0.000227,0.000185,0.000181,0.000151,0.000141,0.000137,0.000118,0.000103,0.000092,0.000047,0.000044,0.000091,0.000099,0.000111,0.000113,0.000242,0.000448,0.000545,0.000089,0.000181,0.000411,0.000485
1,,,,,,,,,,,,,,0.000004,0.000051,0.000047,0.000060,0.000064,0.000075,0.000079,0.000074,0.000056,0.000054,0.000043,0.000043,0.000039,0.000040,0.000032,0.000035,0.000032,0.000020,0.000019,0.000018,0.000045,0.000176,0.000377,0.000464,0.000262,0.000318,0.000218,0.000233,0.000220,0.000211,0.000266,0.000339,0.000346,0.000054,0.000111,0.000151,0.000179
2,,,,,,,,,,,,,,0.000007,0.000109,0.000082,0.000070,0.000057,0.000047,0.000050,0.000044,0.000038,0.000038,0.000036,0.000032,0.000035,0.000037,0.000036,0.000036,0.000033,0.000033,0.000037,0.000055,0.000063,0.000062,0.000053,0.000060,0.000031,0.000035,0.000099,0.000161,0.000202,0.000234,0.000338,0.000405,0.000391,0.000066,0.000166,0.000273,0.000392
3,,,,,,,,,,,,,,0.000002,0.000030,0.000028,0.000024,0.000023,0.000020,0.000024,0.000023,0.000024,0.000025,0.000020,0.000018,0.000013,0.000011,0.000010,0.000013,0.000014,0.000022,0.000026,0.000041,0.000074,0.000160,0.000278,0.000440,0.000168,0.000281,0.001024,0.001248,0.001595,0.001385,0.001413,0.001048,0.000613,0.000046,0.000094,0.000122,0.000148
4,,,,,,,,,,,,,,0.000009,0.000122,0.000099,0.000089,0.000103,0.000116,0.000109,0.000112,0.000100,0.000093,0.000076,0.000065,0.000065,0.000064,0.000056,0.000074,0.000080,0.000097,0.000086,0.000086,0.000076,0.000077,0.000069,0.000068,0.000029,0.000034,0.000080,0.000076,0.000106,0.000079,0.000074,0.000075,0.000069,0.000045,0.000172,0.000663,0.001166
5,,,,,,,,,,,,,,0.000030,0.000731,0.000667,0.000703,0.000684,0.000721,0.000639,0.000649,0.000542,0.000555,0.000469,0.000361,0.000389,0.000333,0.000289,0.000306,0.000271,0.000235,0.000186,0.000226,0.000240,0.000241,0.000211,0.000172,0.000061,0.000116,0.000144,0.000112,0.000099,0.000071,0.000054,0.000030,0.000012,0.000004,0.000010,0.000029,0.000085
6,,,,,,,,,,,,,,0.000003,0.000196,0.000239,0.000164,0.000245,0.000245,0.000371,0.000247,0.000187,0.000181,0.000139,0.000130,0.000137,0.000146,0.000124,0.000133,0.000132,0.000130,0.000128,0.000147,0.000144,0.000145,0.000143,0.000133,0.000100,0.000320,0.000624,0.000556,0.000542,0.000474,0.000264,0.000142,0.000071,0.000003,0.000015,0.000043,0.000091
7,,,,,,,,,,,,,,0.000002,0.000034,0.000011,-0.000002,-0.000004,-0.000013,-0.000006,-0.000006,0.000024,0.000031,0.000080,0.000128,0.000218,0.000311,0.000441,0.000633,0.000805,0.000903,0.001047,0.001453,0.001702,0.001822,0.001699,0.001595,0.000444,0.000575,0.002285,0.002181,0.002305,0.001569,0.001175,0.000620,0.000278,0.000021,0.000037,0.000047,0.000059
8,,,,,,,,,,,,,,0.000007,0.000162,0.000231,0.000211,0.000246,0.000243,0.000292,0.000230,0.000178,0.000169,0.000150,0.000125,0.000145,0.000156,0.000146,0.000155,0.000145,0.000127,0.000116,0.000155,0.000209,0.000320,0.000493,0.000833,0.000564,0.000665,0.000611,0.000606,0.000440,0.000590,0.000172,0.000063,0.000024,0.000005,0.000030,0.000072,0.000159
9,,,,,,,,,,,,,,0.000002,0.000028,0.000025,0.000024,0.000027,0.000036,0.000042,0.000065,0.000065,0.000095,0.000140,0.000189,0.000318,0.000461,0.000612,0.000918,0.001168,0.001381,0.001509,0.001816,0.001873,0.001854,0.001590,0.001426,0.000341,0.000410,0.001671,0.001572,0.001627,0.001158,0.000987,0.000627,0.000320,0.000018,0.000033,0.000100,0.000171
10,,,,,,,,,,,,,,0.000004,0.000060,0.000046,0.000044,0.000052,0.000053,0.000046,0.000050,0.000038,0.000046,0.000032,0.000042,0.000045,0.000066,0.000079,0.000110,0.000139,0.000161,0.000153,0.000175,0.000163,0.000138,0.000100,0.000087,0.000070,0.000105,0.000098,0.000085,0.000078,0.000055,0.000049,0.000044,0.000034,0.000043,0.000136,0.000176,0.000255
11,,,,,,,,,,,,,,0.000008,0.000201,0.000184,0.000196,0.000207,0.000238,0.000276,0.000275,0.000250,0.000222,0.000197,0.000172,0.000162,0.000142,0.000121,0.000110,0.000101,0.000082,0.000063,0.000059,0.000054,0.000052,0.000041,0.000030,0.000017,0.000018,0.000030,0.000038,0.000055,0.000041,0.000038,0.000036,0.000061,0.000017,0.000079,0.000421,0.000651
12,,,,,,,,,,,,,,0.000004,0.000082,0.000098,0.000135,0.000150,0.000181,0.000178,0.000182,0.000143,0.000136,0.000107,0.000086,0.000084,0.000069,0.000081,0.000098,0.000104,0.000083,0.000064,0.000085,0.000096,0.000152,0.000230,0.000429,0.000353,0.000328,0.000512,0.000500,0.000360,0.000499,0.000165,0.000071,0.000042,0.000006,0.000017,0.000039,0.000195
13,,,,,,,,,,,,,,0.000002,0.000038,0.000032,0.000039,0.000051,0.000060,0.000072,0.000080,0.000084,0.000097,0.000092,0.000089,0.000110,0.000113,0.000109,0.000131,0.000131,0.000127,0.000110,0.000131,0.000125,0.000139,0.000138,0.000143,0.000042,0.000051,0.000183,0.000171,0.000170,0.000122,0.000109,0.000119,0.000137,0.000033,0.000121,0.000168,0.000141
14,,,,,,,,,,,,,,0.000035,0.000878,0.000754,0.000665,0.000611,0.000653,0.000586,0.000535,0.000447,0.000410,0.000339,0.000263,0.000254,0.000229,0.000168,0.000168,0.000147,0.000118,0.000103,0.000109,0.000094,0.000084,0.000079,0.000074,0.000030,0.000019,0.000043,0.000037,0.000030,0.000025,0.000021,0.000014,0.000008,0.000008,0.000103,0.000293,0.000590
15,,,,,,,,,,,,,,0.000026,0.000239,0.000146,0.000115,0.000131,0.000142,0.000113,0.000123,0.000122,0.000087,0.000117,0.000111,0.000094,0.000167,0.000150,0.000208,0.000226,0.000250,0.000248,0.000310,0.000326,0.000312,0.000230,0.000272,0.000183,0.000298,0.000291,0.000286,0.000222,0.000111,0.000074,0.000053,0.000043,0.000031,0.000326,0.001326,0.002668
16,,,,,,,,,,,,,,0.000005,0.000093,0.000082,0.000071,0.000070,0.000077,0.000061,0.000035,0.000023,0.000017,0.000014,0.000011,0.000012,0.000016,0.000018,0.000026,0.000027,0.000038,0.000026,0.000025,0.000040,0.000054,0.000061,0.000098,0.000203,0.000236,0.000313,0.000299,0.000285,0.000341,0.000318,0.000284,0.000224,0.000034,0.000088,0.000092,0.000128
17,,,,,,,,,,,,,,0.000003,0.000055,0.000056,0.000063,0.000066,0.000079,0.000076,0.000079,0.000075,0.000071,0.000065,0.000053,0.000063,0.000065,0.000064,0.000070,0.000063,0.000058,0.000047,0.000046,0.000047,0.000043,0.000029,0.000025,0.000019,0.000019,0.000055,0.000053,0.000078,0.000075,0.000118,0.000095,0.000091,0.000016,0.000047,0.000114,0.000170
18,,,,,,,,,,,,,,0.000042,0.000665,0.000552,0.000538,0.000500,0.000538,0.000505,0.000485,0.000426,0.000396,0.000326,0.000305,0.000257,0.000224,0.000180,0.000161,0.000137,0.000112,0.000087,0.000102,0.000098,0.000098,0.000090,0.000082,0.000046,0.000032,0.000087,0.000072,0.000077,0.000058,0.000055,0.000026,0.000015,0.000003,0.000010,0.000044,0.000166
19,,,,,,,,,,,,,,0.000021,0.000391,0.000334,0.000325,0.000323,0.000325,0.000366,0.000328,0.000237,0.000227,0.000190,0.000158,0.000155,0.000143,0.000127,0.000121,0.000101,0.000085,0.000067,0.000068,0.000059,0.000074,0.000087,0.000111,0.000154,0.000086,0.000127,0.000235,0.000168,0.000200,0.000061,0.000038,0.000020,0.000005,0.000011,0.000029,0.000086
20,,,,,,,,,,,,,,0.000002,0.000095,0.000167,0.000421,0.000938,0.001806,0.002320,0.002679,0.002458,0.002464,0.002135,0.001870,0.001805,0.001657,0.001513,0.001488,0.001322,0.001225,0.001024,0.001159,0.001114,0.000977,0.000768,0.000671,0.000222,0.000183,0.000369,0.000332,0.000297,0.000185,0.000141,0.000078,0.000039,0.000005,0.000008,0.000008,0.000019
21,,,,,,,,,,,,,,0.000002,0.000050,0.000056,0.000088,0.000092,0.000097,0.000086,0.000095,0.000087,0.000079,0.000071,0.000059,0.000062,0.000071,0.000068,0.000077,0.000080,0.000073,0.000066,0.000077,0.000081,0.000090,0.000088,0.000122,0.000069,0.000148,0.000571,0.000704,0.000934,0.000897,0.001016,0.000874,0.000548,0.000037,0.000060,0.000082,0.000131
22,,,,,,,,,,,,,,0.000005,0.000084,0.000063,0.000066,0.000067,0.000084,0.000069,0.000089,0.000078,0.000092,0.000083,0.000074,0.000059,0.000054,0.000040,0.000041,0.000040,0.000029,0.000030,0.000037,0.000045,0.000048,0.000036,0.000034,0.000026,0.000039,0.000054,0.000045,0.000054,0.000051,0.000081,0.000102,0.000111,0.000062,0.000182,0.000196,0.000315
23,,,,,,,,,,,,,,0.000004,0.000062,0.000047,0.000050,0.000048,0.000046,0.000058,0.000063,0.000052,0.000051,0.000046,0.000039,0.000045,0.000049,0.000055,0.000066,0.000076,0.000094,0.000099,0.000150,0.000206,0.000327,0.000609,0.001113,0.000697,0.000638,0.000549,0.000485,0.000328,0.000370,0.000156,0.000075,0.000050,0.000004,0.000013,0.000038,0.000075
24,,,,,,,,,,,,,,0.000009,0.000118,0.000091,0.000083,0.000079,0.000080,0.000069,0.000092,0.000083,0.000097,0.000089,0.000112,0.000066,0.000090,0.000063,0.000069,0.000058,0.000041,0.000039,0.000040,0.000034,0.000048,0.000026,0.000026,0.000037,0.000034,0.000044,0.000057,0.000068,0.000068,0.000085,0.000112,0.000133,0.000049,0.000186,0.000329,0.000519
25,,,,,,,,,,,,,,0.000003,0.000063,0.000048,0.000044,0.000042,0.000046,0.000040,0.000052,0.000047,0.000048,0.000049,0.000036,0.000051,0.000056,0.000051,0.000062,0.000059,0.000062,0.000065,0.000068,0.000068,0.000069,0.000062,0.000051,0.000034,0.000048,0.000080,0.000102,0.000176,0.000255,0.000512,0.000654,0.000612,0.000061,0.000097,0.000134,0.000155
26,,,,,,,,,,,,,,0.000005,0.000080,0.000055,0.000047,0.000051,0.000064,0.000190,0.000190,0.000195,0.000222,0.000266,0.000306,0.000383,0.000435,0.000501,0.000592,0.000566,0.000506,0.000575,0.000548,0.000449,0.000390,0.000286,0.000236,0.000096,0.000134,0.000182,0.000177,0.000183,0.000153,0.000162,0.000133,0.000101,0.000047,0.000088,0.000191,0.000428
27,,,,,,,,,,,,,,0.000002,0.000048,0.000061,0.000113,0.000130,0.000147,0.000146,0.000154,0.000147,0.000114,0.000105,0.000086,0.000097,0.000083,0.000074,0.000079,0.000071,0.000072,0.000081,0.000059,0.000052,0.000041,0.000033,0.000031,0.000013,0.000014,0.000028,0.000032,0.000030,0.000026,0.000023,0.000013,0.000010,0.000002,0.000010,0.000020,0.000038
28,,,,,,,,,,,,,,0.000001,0.000029,0.000029,0.000040,0.000055,0.000072,0.000084,0.000097,0.000079,0.000100,0.000109,0.000121,0.000174,0.000216,0.000267,0.000410,0.000551,0.000720,0.000853,0.001310,0.001567,0.001607,0.001455,0.001222,0.000262,0.000272,0.000980,0.000839,0.000870,0.000723,0.000768,0.000653,0.000463,0.000030,0.000060,0.000107,0.000068
29,,,,,,,,,,,,,,0.000004,0.000070,0.000055,0.000064,0.000104,0.000201,0.000227,0.000243,0.000247,0.000196,0.000162,0.000127,0.000114,0.000099,0.000115,0.000059,0.000053,0.000048,0.000030,0.000030,0.000027,0.000024,0.000018,0.000007,0.000009,0.000018,0.000037,0.000053,0.000079,0.000091,0.000173,0.000252,0.000238,0.000043,0.000105,0.000120,0.000186
30,,,,,,,,,,,,,,0.000009,0.000201,0.000128,0.000107,0.000105,0.000132,0.000147,0.000145,0.000138,0.000107,0.000090,0.000084,0.000069,0.000064,0.000056,0.000052,0.000056,0.000040,0.000047,0.000043,0.000047,0.000048,0.000040,0.000046,0.000073,0.000100,0.000104,0.000146,0.000195,0.000142,0.000113,0.000055,0.000029,0.000038,0.000177,0.000257,0.000422
31,,,,,,,,,,,,,,0.000019,0.000456,0.000336,0.000273,0.000252,0.000252,0.000232,0.000231,0.000201,0.000180,0.000164,0.000138,0.000149,0.000135,0.000128,0.000127,0.000119,0.000103,0.000088,0.000101,0.000104,0.000110,0.000104,0.000125,0.000041,0.000063,0.000259,0.000278,0.000314,0.000242,0.000199,0.000121,0.000066,0.000005,0.000024,0.000037,0.000077
32,,,,,,,,,,,,,,0.000002,0.000034,0.000038,0.000059,0.000056,0.000073,0.000072,0.000069,0.000070,0.000075,0.000065,0.000051,0.000057,0.000047,0.000041,0.000050,0.000046,0.000053,0.000053,0.000063,0.000060,0.000068,0.000067,0.000072,0.000032,0.000038,0.000110,0.000134,0.000178,0.000229,0.000467,0.000569,0.000445,0.000036,0.000060,0.000083,0.000101
33,,,,,,,,,,,,,,0.000025,0.000640,0.000603,0.000640,0.000677,0.000678,0.000576,0.000593,0.000509,0.000451,0.000415,0.000304,0.000352,0.000307,0.000264,0.000275,0.000242,0.000221,0.000192,0.000198,0.000207,0.000267,0.000288,0.000301,0.000145,0.000100,0.000133,0.000118,0.000115,0.000113,0.000083,0.000052,0.000037,0.000004,0.000017,0.000038,0.000148
34,,,,,,,,,,,,,,0.000003,0.000148,0.000158,0.000162,0.000157,0.000191,0.000183,0.000187,0.000188,0.000222,0.000210,0.000210,0.000324,0.000434,0.000637,0.000977,0.001337,0.001608,0.001757,0.002054,0.001951,0.001669,0.001281,0.001015,0.000230,0.000268,0.000923,0.000784,0.000762,0.000527,0.000434,0.000276,0.000139,0.000010,0.000017,0.000029,0.000080
35,,,,,,,,,,,,,,0.000011,0.000127,0.000091,0.000084,0.000086,0.000094,0.000081,0.000083,0.000081,0.000070,0.000077,0.000068,0.000048,0.000058,0.000049,0.000050,0.000048,0.000055,0.000047,0.000054,0.000063,0.000066,0.000055,0.000043,0.000081,0.000201,0.000180,0.000099,0.000075,0.000066,0.000029,0.000017,0.000013,0.000040,0.000346,0.000597,0.000957
36,,,,,,,,,,,,,,0.000037,0.000963,0.001012,0.001136,0.001167,0.001167,0.001053,0.001130,0.000879,0.000798,0.000682,0.000512,0.000519,0.000448,0.000383,0.000366,0.000288,0.000253,0.000191,0.000194,0.000174,0.000171,0.000155,0.000146,0.000063,0.000060,0.000145,0.000121,0.000110,0.000076,0.000052,0.000035,0.000017,0.000002,0.000014,0.000087,0.000349
37,,,,,,,,,,,,,,0.000019,0.000332,0.000283,0.000275,0.000360,0.000379,0.000395,0.000315,0.000251,0.000253,0.000221,0.000184,0.000195,0.000219,0.000182,0.000170,0.000155,0.000127,0.000106,0.000100,0.000087,0.000069,0.000060,0.000068,0.000051,0.000109,0.000148,0.000110,0.000092,0.000076,0.000047,0.000034,0.000013,0.000014,0.000143,0.000333,0.000512
38,,,,,,,,,,,,,,0.000002,0.000044,0.000046,0.000062,0.000097,0.000119,0.000128,0.000145,0.000134,0.000129,0.000109,0.000080,0.000085,0.000074,0.000058,0.000054,0.000048,0.000045,0.000037,0.000044,0.000037,0.000038,0.000032,0.000041,0.000020,0.000026,0.000110,0.000181,0.000301,0.000361,0.000542,0.000555,0.000415,0.000039,0.000092,0.000154,0.000212
39,,,,,,,,,,,,,,0.000016,0.000237,0.000177,0.000176,0.000170,0.000174,0.000153,0.000144,0.000117,0.000124,0.000119,0.000112,0.000092,0.000123,0.000088,0.000079,0.000074,0.000065,0.000058,0.000056,0.000059,0.000059,0.000036,0.000041,0.000030,0.000017,0.000011,0.000020,0.000027,0.000020,0.000027,0.000032,0.000028,0.000045,0.000378,0.000670,0.000974
40,,,,,,,,,,,,,,0.000001,0.000011,0.000002,0.000007,0.000051,0.000148,0.000323,0.000575,0.000780,0.001091,0.001342,0.001548,0.001846,0.001935,0.002045,0.002258,0.002133,0.002004,0.001610,0.001524,0.001255,0.001011,0.000712,0.000562,0.000129,0.000142,0.000395,0.000354,0.000360,0.000253,0.000211,0.000130,0.000072,0.000008,0.000044,0.000109,0.000143
41,,,,,,,,,,,,,,0.000023,0.000513,0.000423,0.000366,0.000309,0.000327,0.000329,0.000312,0.000269,0.000251,0.000217,0.000186,0.000187,0.000177,0.000149,0.000148,0.000135,0.000116,0.000102,0.000104,0.000102,0.000095,0.000076,0.000056,0.000027,0.000032,0.000073,0.000075,0.000078,0.000076,0.000058,0.000038,0.000018,0.000003,0.000016,0.000036,0.000077
42,,,,,,,,,,,,,,0.000018,0.000233,0.000167,0.000152,0.000156,0.000155,0.000144,0.000125,0.000127,0.000109,0.000135,0.000117,0.000076,0.000099,0.000069,0.000069,0.000067,0.000062,0.000077,0.000066,0.000067,0.000060,0.000045,0.000037,0.000042,0.000053,0.000080,0.000090,0.000067,0.000056,0.000025,0.000019,0.000019,0.000017,0.000216,0.000855,0.001741
43,,,,,,,,,,,,,,0.000030,0.000735,0.000796,0.000928,0.000932,0.000929,0.000840,0.000859,0.000677,0.000606,0.000516,0.000383,0.000394,0.000344,0.000293,0.000295,0.000262,0.000231,0.000198,0.000207,0.000183,0.000154,0.000111,0.000077,0.000036,0.000032,0.000077,0.000080,0.000067,0.000045,0.000037,0.000018,0.000008,0.000003,0.000012,0.000020,0.000049
44,,,,,,,,,,,,,,0.000002,0.000038,0.000035,0.000058,0.000051,0.000052,0.000041,0.000066,0.000078,0.000057,0.000042,0.000039,0.000051,0.000054,0.000036,0.000043,0.000046,0.000051,0.000050,0.000063,0.000083,0.000115,0.000178,0.000331,0.000338,0.000324,0.000214,0.000288,0.000300,0.000322,0.000404,0.000429,0.000339,0.000037,0.000074,0.000089,0.000124
45,,,,,,,,,,,,,,0.000003,0.000039,0.000031,0.000028,0.000038,0.000056,0.000064,0.000064,0.000054,0.000056,0.000051,0.000048,0.000062,0.000059,0.000043,0.000044,0.000045,0.000050,0.000042,0.000055,0.000055,0.000045,0.000035,0.000052,0.000035,0.000039,0.000079,0.000097,0.000133,0.000172,0.000291,0.000374,0.000327,0.000049,0.000114,0.000118,0.000154
46,,,,,,,,,,,,,,0.000003,0.000109,0.000100,0.000170,0.000227,0.000363,0.000476,0.000639,0.000618,0.000764,0.000813,0.000781,0.000987,0.001109,0.001205,0.001363,0.001399,0.001217,0.001120,0.001135,0.000992,0.000786,0.000583,0.000485,0.000155,0.000154,0.000543,0.000537,0.000600,0.000419,0.000327,0.000203,0.000116,0.000014,0.000036,0.000031,0.000052
47,,,,,,,,,,,,,,0.000002,0.000049,0.000062,0.000114,0.000225,0.000409,0.000661,0.001023,0.001190,0.001364,0.001289,0.001136,0.001209,0.001115,0.000974,0.001004,0.000863,0.000737,0.000573,0.000625,0.000612,0.000540,0.000429,0.000398,0.000093,0.000091,0.000219,0.000208,0.000210,0.000154,0.000153,0.000120,0.000076,0.000007,0.000018,0.000031,0.000058
48,,,,,,,,,,,,,,0.000001,0.000025,0.000061,0.000167,0.000390,0.000861,0.001354,0.001626,0.001723,0.001671,0.001498,0.001251,0.001283,0.001081,0.000940,0.000830,0.000696,0.000569,0.000450,0.000390,0.000328,0.000273,0.000186,0.000172,0.000063,0.000068,0.000240,0.000273,0.000335,0.000276,0.000266,0.000161,0.000071,0.000009,0.000032,0.000022,0.000034
49,,,,,,,,,,,,,,0.000003,0.000054,0.000057,0.000062,0.000086,0.000135,0.000216,0.000366,0.000445,0.000659,0.000852,0.000987,0.001393,0.001522,0.001571,0.001858,0.001819,0.001769,0.001357,0.001492,0.001385,0.001278,0.001057,0.000990,0.000313,0.000291,0.000822,0.000809,0.000815,0.000557,0.000440,0.000258,0.000143,0.000008,0.000015,0.000022,0.000047
50,,,,,,,,,,,,,,0.000001,0.000047,0.000048,0.000056,0.000066,0.000078,0.000095,0.000113,0.000137,0.000134,0.000130,0.000141,0.000179,0.000197,0.000274,0.000411,0.000600,0.000876,0.001212,0.001819,0.002037,0.001866,0.001489,0.001074,0.000215,0.000207,0.000717,0.000621,0.000596,0.000391,0.000318,0.000199,0.000110,0.000006,0.000016,0.000031,0.000049
51,,,,,,,,,,,,,,0.000007,0.000089,0.000069,0.000070,0.000077,0.000078,0.000074,0.000074,0.000059,0.000064,0.000060,0.000058,0.000043,0.000058,0.000058,0.000070,0.000088,0.000185,0.000306,0.000234,0.000170,0.000110,0.000084,0.000051,0.000043,0.000048,0.000112,0.000119,0.000198,0.000180,0.000115,0.000089,0.000082,0.000073,0.000323,0.000505,0.000672
52,,,,,,,,,,,,,,0.000003,0.000090,0.000088,0.000080,0.000099,0.000146,0.000191,0.000284,0.000290,0.000315,0.000293,0.000214,0.000204,0.000189,0.000147,0.000145,0.000118,0.000101,0.000070,0.000072,0.000062,0.000056,0.000038,0.000028,0.000020,0.000027,0.000073,0.000099,0.000172,0.000167,0.000218,0.000183,0.000143,0.000025,0.000035,0.000094,0.000128
53,,,,,,,,,,,,,,0.000009,0.000145,0.000121,0.000116,0.000111,0.000130,0.000160,0.000200,0.000199,0.000202,0.000213,0.000222,0.000302,0.000350,0.000454,0.000614,0.000791,0.001012,0.001169,0.001149,0.001001,0.000797,0.000587,0.000368,0.000090,0.000085,0.000210,0.000210,0.000181,0.000107,0.000051,0.000019,0.000005,0.000005,0.000025,0.000132,0.000277
54,,,,,,,,,,,,,,0.000003,0.000052,0.000057,0.000084,0.000125,0.000235,0.000385,0.000621,0.000754,0.001012,0.001107,0.001149,0.001435,0.001543,0.001538,0.001663,0.001461,0.001265,0.000919,0.000922,0.000733,0.000591,0.000419,0.000328,0.000081,0.000068,0.000187,0.000168,0.000179,0.000127,0.000114,0.000078,0.000043,0.000003,0.000012,0.000027,0.000066
55,,,,,,,,,,,,,,0.000002,0.000048,0.000035,0.000032,0.000047,0.000057,0.000073,0.000097,0.000089,0.000086,0.000094,0.000130,0.000238,0.000215,0.000200,0.000187,0.000135,0.000117,0.000105,0.000110,0.000107,0.000090,0.000076,0.000054,0.000066,0.000059,0.000087,0.000097,0.000104,0.000094,0.000131,0.000139,0.000126,0.000031,0.000093,0.000097,0.000147
56,,,,,,,,,,,,,,0.000001,0.000022,0.000013,0.000018,0.000028,0.000087,0.000129,0.000187,0.000228,0.000328,0.000347,0.000370,0.000523,0.000631,0.000689,0.000828,0.000889,0.000917,0.000906,0.000911,0.000834,0.000623,0.000451,0.000325,0.000106,0.000117,0.000275,0.000245,0.000267,0.000183,0.000172,0.000140,0.000093,0.000016,0.000025,0.000032,0.000054
57,,,,,,,,,,,,,,0.000005,0.000059,0.000037,0.000032,0.000034,0.000039,0.000042,0.000053,0.000058,0.000065,0.000058,0.000053,0.000059,0.000070,0.000057,0.000066,0.000065,0.000064,0.000062,0.000071,0.000083,0.000087,0.000082,0.000091,0.000036,0.000037,0.000098,0.000098,0.000101,0.000087,0.000082,0.000070,0.000049,0.000028,0.000157,0.000245,0.000366
58,,,,,,,,,,,,,,0.000008,0.000119,0.000088,0.000096,0.000108,0.000136,0.000125,0.000125,0.000096,0.000094,0.000095,0.000077,0.000077,0.000085,0.000085,0.000084,0.000076,0.000067,0.000056,0.000059,0.000073,0.000104,0.000155,0.000265,0.000261,0.000271,0.000183,0.000145,0.000092,0.000100,0.000033,0.000014,0.000005,0.000027,0.000161,0.000252,0.000368
59,,,,,,,,,,,,,,0.000007,0.000145,0.000124,0.000135,0.000150,0.000172,0.000180,0.000195,0.000183,0.000173,0.000181,0.000155,0.000188,0.000215,0.000231,0.000281,0.000326,0.000349,0.000358,0.000440,0.000458,0.000463,0.000400,0.000365,0.000093,0.000098,0.000372,0.000352,0.000374,0.000287,0.000258,0.000170,0.000091,0.000005,0.000044,0.000358,0.000682
60,,,,,,,,,,,,,,0.000023,0.000456,0.000386,0.000353,0.000304,0.000325,0.000323,0.000314,0.000290,0.000293,0.000250,0.000240,0.000250,0.000250,0.000219,0.000226,0.000207,0.000178,0.000150,0.000150,0.000135,0.000123,0.000096,0.000080,0.000046,0.000038,0.000069,0.000055,0.000054,0.000032,0.000021,0.000011,0.000007,0.000003,0.000013,0.000022,0.000056
61,,,,,,,,,,,,,,0.000003,0.000077,0.000063,0.000076,0.000087,0.000108,0.000125,0.000155,0.000166,0.000164,0.000153,0.000138,0.000175,0.000205,0.000201,0.000230,0.000238,0.000249,0.000263,0.000409,0.000555,0.000732,0.000814,0.000917,0.000280,0.000358,0.001519,0.001490,0.001565,0.001055,0.000812,0.000464,0.000221,0.000011,0.000017,0.000022,0.000079
62,,,,,,,,,,,,,,0.000004,0.000058,0.000058,0.000092,0.000146,0.000246,0.000290,0.000351,0.000327,0.000292,0.000277,0.000241,0.000258,0.000271,0.000302,0.000316,0.000311,0.000291,0.000266,0.000371,0.000426,0.000462,0.000392,0.000332,0.000099,0.000081,0.000032,0.000018,0.000018,0.000034,0.000076,0.000106,0.000114,0.000040,0.000135,0.000235,0.000316
63,,,,,,,,,,,,,,0.000038,0.000949,0.000769,0.000701,0.000692,0.000697,0.000693,0.000736,0.000688,0.000679,0.000584,0.000596,0.000598,0.000562,0.000602,0.000635,0.000614,0.000523,0.000481,0.000513,0.000454,0.000363,0.000307,0.000228,0.000066,0.000083,0.000197,0.000186,0.000186,0.000353,0.000125,0.000063,0.000036,0.000003,0.000011,0.000024,0.000063
64,,,,,,,,,,,,,,0.000007,0.000137,0.000112,0.000116,0.000125,0.000133,0.000152,0.000161,0.000163,0.000162,0.000156,0.000144,0.000160,0.000160,0.000154,0.000178,0.000184,0.000191,0.000184,0.000229,0.000247,0.000249,0.000238,0.000232,0.000098,0.000139,0.000455,0.000458,0.000436,0.000303,0.000249,0.000182,0.000109,0.000008,0.000027,0.000183,0.000302
65,,,,,,,,,,,,,,0.000003,0.000072,0.000065,0.000070,0.000075,0.000084,0.000082,0.000106,0.000111,0.000140,0.000137,0.000160,0.000200,0.000222,0.000132,0.000138,0.000118,0.000119,0.000095,0.000104,0.000095,0.000085,0.000071,0.000071,0.000027,0.000067,0.000331,0.000405,0.000362,0.000234,0.000256,0.000303,0.000270,0.000024,0.000028,0.000059,0.000140
66,,,,,,,,,,,,,,0.000003,0.000048,0.000057,0.000109,0.000215,0.000444,0.000686,0.001076,0.001155,0.001392,0.001373,0.001243,0.001386,0.001415,0.001391,0.001552,0.001531,0.001438,0.001240,0.001276,0.001051,0.000878,0.000634,0.000514,0.000119,0.000121,0.000376,0.000339,0.000337,0.000248,0.000196,0.000122,0.000058,0.000004,0.000012,0.000023,0.000063
67,,,,,,,,,,,,,,0.000038,0.000557,0.000434,0.000422,0.000479,0.000548,0.000595,0.000733,0.000759,0.000874,0.000922,0.000881,0.001004,0.001029,0.001018,0.001111,0.001087,0.001058,0.000901,0.000869,0.000740,0.000593,0.000416,0.000332,0.000081,0.000068,0.000217,0.000200,0.000179,0.000126,0.000082,0.000043,0.000014,0.000006,0.000110,0.000347,0.000854
68,,,,,,,,,,,,,,0.000003,0.000052,0.000041,0.000036,0.000030,0.000029,0.000019,0.000020,0.000016,0.000026,0.000020,0.000029,0.000030,0.000032,0.000029,0.000038,0.000061,0.000083,0.000135,0.000187,0.000215,0.000197,0.000158,0.000124,0.000046,0.000059,0.000147,0.000154,0.000164,0.000137,0.000154,0.000161,0.000136,0.000038,0.000127,0.000174,0.000183
69,,,,,,,,,,,,,,0.000005,0.000107,0.000094,0.000122,0.000165,0.000223,0.000280,0.000363,0.000368,0.000437,0.000417,0.000417,0.000543,0.000710,0.000859,0.001209,0.001480,0.001626,0.001557,0.001643,0.001436,0.001104,0.000728,0.000523,0.000108,0.000110,0.000361,0.000311,0.000300,0.000191,0.000138,0.000078,0.000035,0.000004,0.000039,0.000116,0.000228
70,,,,,,,,,,,,,,0.000002,0.000067,0.000104,0.000173,0.000245,0.000297,0.000314,0.000354,0.000299,0.000264,0.000203,0.000152,0.000155,0.000158,0.000132,0.000131,0.000115,0.000111,0.000082,0.000092,0.000096,0.000102,0.000095,0.000127,0.000047,0.000079,0.000469,0.000724,0.001051,0.001049,0.001178,0.000971,0.000616,0.000035,0.000044,0.000052,0.000056
71,,,,,,,,,,,,,,0.000004,0.000083,0.000082,0.000109,0.000130,0.000222,0.000230,0.000247,0.000250,0.000266,0.000281,0.000315,0.000403,0.000435,0.000396,0.000459,0.000428,0.000388,0.000301,0.000363,0.000352,0.000345,0.000261,0.000226,0.000086,0.000049,0.000044,0.000042,0.000041,0.000024,0.000023,0.000011,0.000005,0.000002,0.000011,0.000027,0.000057
72,,,,,,,,,,,,,,0.000007,0.000176,0.000178,0.000251,0.000392,0.000671,0.000967,0.001318,0.001400,0.001571,0.001521,0.001360,0.001398,0.001285,0.001098,0.000953,0.000754,0.000602,0.000446,0.000427,0.000352,0.000289,0.000207,0.000157,0.000039,0.000038,0.000118,0.000112,0.000105,0.000084,0.000059,0.000037,0.000017,0.000002,0.000011,0.000024,0.000057
73,,,,,,,,,,,,,,0.000015,0.000384,0.000355,0.000315,0.000358,0.000368,0.000518,0.000493,0.000407,0.000353,0.000273,0.000248,0.000232,0.000206,0.000170,0.000174,0.000139,0.000125,0.000109,0.000100,0.000095,0.000073,0.000050,0.000039,0.000069,0.000143,0.000165,0.000119,0.000098,0.000069,0.000050,0.000025,0.000012,0.000002,0.000016,0.000089,0.000289
74,,,,,,,,,,,,,,0.000021,0.000477,0.000400,0.000363,0.000317,0.000319,0.000304,0.000309,0.000260,0.000242,0.000213,0.000153,0.000155,0.000133,0.000106,0.000114,0.000097,0.000082,0.000068,0.000078,0.000071,0.000056,0.000042,0.000037,0.000032,0.000039,0.000063,0.000073,0.000070,0.000064,0.000046,0.000034,0.000019,0.000004,0.000020,0.000040,0.000071
75,,,,,,,,,,,,,,0.000024,0.000529,0.000423,0.000407,0.000364,0.000366,0.000343,0.000381,0.000319,0.000307,0.000289,0.000228,0.000253,0.000260,0.000264,0.000312,0.000319,0.000320,0.000312,0.000455,0.000530,0.000531,0.000404,0.000332,0.000097,0.000097,0.000159,0.000158,0.000159,0.000177,0.000099,0.000041,0.000015,0.000003,0.000012,0.000019,0.000063
76,,,,,,,,,,,,,,0.000003,0.000096,0.000057,0.000035,0.000038,0.000055,0.000100,0.000148,0.000202,0.000210,0.000206,0.000212,0.000298,0.000344,0.000378,0.000528,0.000641,0.000896,0.000821,0.000816,0.000713,0.000592,0.000447,0.000361,0.000149,0.000172,0.000196,0.000165,0.000148,0.000086,0.000068,0.000046,0.000033,0.000009,0.000022,0.000066,0.000232
77,,,,,,,,,,,,,,0.000002,0.000028,0.000027,0.000028,0.000041,0.000084,0.000138,0.000242,0.000333,0.000439,0.000514,0.000508,0.000706,0.000725,0.000755,0.000782,0.000762,0.000791,0.000835,0.000828,0.000726,0.000577,0.000485,0.000485,0.000226,0.000183,0.000235,0.000221,0.000199,0.000127,0.000104,0.000071,0.000045,0.000005,0.000020,0.000057,0.000122
78,,,,,,,,,,,,,,0.000003,0.000056,0.000060,0.000066,0.000080,0.000103,0.000113,0.000119,0.000103,0.000112,0.000107,0.000091,0.000114,0.000119,0.000115,0.000113,0.000108,0.000109,0.000087,0.000115,0.000132,0.000136,0.000131,0.000122,0.000285,0.000217,0.000174,0.000151,0.000129,0.000083,0.000090,0.000080,0.000054,0.000012,0.000021,0.000045,0.000091
79,,,,,,,,,,,,,,0.000007,0.000196,0.000190,0.000294,0.000367,0.000483,0.000499,0.000572,0.000530,0.000477,0.000408,0.000376,0.000307,0.000241,0.000214,0.000211,0.000184,0.000159,0.000130,0.000134,0.000114,0.000106,0.000107,0.000067,0.000039,0.000040,0.000058,0.000059,0.000066,0.000066,0.000070,0.000062,0.000045,0.000010,0.000017,0.000021,0.000077
80,,,,,,,,,,,,,,0.000022,0.000466,0.000388,0.000368,0.000346,0.000335,0.000324,0.000341,0.000316,0.000357,0.000341,0.000320,0.000316,0.000290,0.000270,0.000261,0.000235,0.000215,0.000169,0.000209,0.000202,0.000175,0.000122,0.000094,0.000037,0.000036,0.000071,0.000059,0.000053,0.000043,0.000024,0.000022,0.000011,0.000005,0.000020,0.000039,0.000095
81,,,,,,,,,,,,,,0.000010,0.000182,0.000136,0.000160,0.000173,0.000168,0.000170,0.000185,0.000139,0.000111,0.000092,0.000066,0.000063,0.000067,0.000058,0.000054,0.000047,0.000041,0.000054,0.000050,0.000052,0.000056,0.000052,0.000064,0.000047,0.000032,0.000067,0.000069,0.000088,0.000070,0.000063,0.000051,0.000037,0.000006,0.000028,0.000167,0.000560
82,,,,,,,,,,,,,,0.000003,0.000058,0.000053,0.000039,0.000032,0.000025,0.000071,0.000098,0.000128,0.000087,0.000070,0.000077,0.000066,0.000051,0.000058,0.000064,0.000063,0.000066,0.000063,0.000066,0.000064,0.000074,0.000084,0.000098,0.000071,0.000100,0.000221,0.000228,0.000233,0.000190,0.000162,0.000136,0.000103,0.000036,0.000079,0.000073,0.000124
83,,,,,,,,,,,,,,0.000002,0.000044,0.000047,0.000054,0.000057,0.000062,0.000060,0.000065,0.000064,0.000050,0.000044,0.000033,0.000038,0.000036,0.000037,0.000052,0.000070,0.000090,0.000149,0.000274,0.000383,0.000553,0.000653,0.000620,0.000171,0.000177,0.000637,0.000658,0.000700,0.000486,0.000368,0.000200,0.000084,0.000005,0.000013,0.000023,0.000043
84,,,,,,,,,,,,,,0.000004,0.000113,0.000095,0.000089,0.000091,0.000090,0.000079,0.000073,0.000054,0.000057,0.000052,0.000046,0.000033,0.000037,0.000034,0.000032,0.000040,0.000064,0.000101,0.000165,0.000233,0.000293,0.000303,0.000261,0.000234,0.000480,0.000709,0.000612,0.000427,0.000447,0.000185,0.000094,0.000043,0.000006,0.000018,0.000054,0.000127
85,,,,,,,,,,,,,,0.000003,0.000082,0.000123,0.000187,0.000236,0.000202,0.000242,0.000164,0.000140,0.000120,0.000113,0.000099,0.000113,0.000121,0.000109,0.000116,0.000119,0.000118,0.000116,0.000129,0.000137,0.000200,0.000313,0.000488,0.000320,0.000391,0.000295,0.000252,0.000218,0.000214,0.000134,0.000094,0.000066,0.000008,0.000022,0.000043,0.000066
86,,,,,,,,,,,,,,0.000017,0.000364,0.000316,0.000340,0.000329,0.000324,0.000309,0.000346,0.000240,0.000242,0.000211,0.000203,0.000195,0.000186,0.000166,0.000173,0.000163,0.000164,0.000140,0.000165,0.000169,0.000174,0.000171,0.000152,0.000040,0.000048,0.000097,0.000088,0.000098,0.000075,0.000072,0.000053,0.000034,0.000002,0.000012,0.000018,0.000023
87,,,,,,,,,,,,,,0.000007,0.000232,0.000214,0.000185,0.000155,0.000136,0.000139,0.000140,0.000129,0.000120,0.000125,0.000101,0.000112,0.000119,0.000112,0.000112,0.000107,0.000094,0.000084,0.000086,0.000086,0.000087,0.000088,0.000097,0.000112,0.000120,0.000205,0.000175,0.000157,0.000106,0.000082,0.000057,0.000033,0.000004,0.000017,0.000037,0.000067
88,,,,,,,,,,,,,,0.000005,0.000130,0.000122,0.000131,0.000171,0.000250,0.000308,0.000324,0.000321,0.000273,0.000252,0.000172,0.000185,0.000166,0.000154,0.000166,0.000133,0.000127,0.000087,0.000097,0.000102,0.000104,0.000088,0.000095,0.000040,0.000023,0.000075,0.000070,0.000077,0.000063,0.000063,0.000052,0.000037,0.000003,0.000009,0.000027,0.000043
89,,,,,,,,,,,,,,0.000004,0.000090,0.000082,0.000088,0.000092,0.000118,0.000131,0.000099,0.000074,0.000072,0.000071,0.000063,0.000065,0.000076,0.000076,0.000086,0.000071,0.000085,0.000082,0.000113,0.000160,0.000290,0.000480,0.000621,0.000454,0.000555,0.000358,0.000256,0.000181,0.000271,0.000101,0.000048,0.000047,0.000024,0.000044,0.000086,0.000131
90,,,,,,,,,,,,,,0.000004,0.000078,0.000076,0.000117,0.000167,0.000277,0.000509,0.000579,0.000666,0.000690,0.000595,0.000737,0.000575,0.000539,0.000403,0.000406,0.000352,0.000319,0.000210,0.000194,0.000162,0.000135,0.000096,0.000080,0.000030,0.000031,0.000086,0.000089,0.000086,0.000062,0.000049,0.000031,0.000018,0.000002,0.000011,0.000025,0.000070
91,,,,,,,,,,,,,,0.000015,0.000315,0.000275,0.000236,0.000182,0.000191,0.000165,0.000169,0.000138,0.000125,0.000110,0.000088,0.000091,0.000083,0.000070,0.000074,0.000070,0.000064,0.000065,0.000063,0.000067,0.000069,0.000066,0.000079,0.000052,0.000026,0.000051,0.000041,0.000036,0.000040,0.000044,0.000031,0.000018,0.000003,0.000022,0.000056,0.000127
92,,,,,,,,,,,,,,0.000003,0.000046,0.000034,0.000032,0.000037,0.000049,0.000064,0.000068,0.000051,0.000040,0.000034,0.000037,0.000045,0.000047,0.000033,0.000026,0.000024,0.000023,0.000027,0.000030,0.000042,0.000080,0.000124,0.000117,0.000069,0.000148,0.000401,0.000384,0.000411,0.000340,0.000496,0.000470,0.000353,0.000040,0.000075,0.000099,0.000143
93,,,,,,,,,,,,,,0.000002,0.000032,0.000031,0.000030,0.000031,0.000038,0.000052,0.000036,0.000033,0.000031,0.000032,0.000034,0.000035,0.000043,0.000038,0.000037,0.000031,0.000026,0.000020,0.000014,0.000022,0.000030,0.000033,0.000043,0.000027,0.000039,0.000121,0.000174,0.000321,0.000411,0.000630,0.000572,0.000358,0.000027,0.000053,0.000062,0.000077
94,,,,,,,,,,,,,,0.000005,0.000134,0.000121,0.000176,0.000214,0.000258,0.000229,0.000245,0.000191,0.000194,0.000165,0.000134,0.000160,0.000166,0.000209,0.000287,0.000374,0.000467,0.000557,0.000806,0.000951,0.001049,0.000961,0.000910,0.000227,0.000264,0.001027,0.000940,0.000896,0.000615,0.000503,0.000308,0.000158,0.000010,0.000026,0.000061,0.000139
95,,,,,,,,,,,,,,0.000002,0.000044,0.000035,0.000036,0.000039,0.000057,0.000099,0.000141,0.000143,0.000150,0.000141,0.000150,0.000210,0.000235,0.000240,0.000249,0.000243,0.000224,0.000199,0.000303,0.000314,0.000397,0.000439,0.000439,0.000216,0.000283,0.000414,0.000444,0.000551,0.000520,0.000523,0.000349,0.000185,0.000016,0.000034,0.000034,0.000055
96,,,,,,,,,,,,,,0.000005,0.000122,0.000118,0.000153,0.000172,0.000189,0.000170,0.000192,0.000156,0.000150,0.000126,0.000087,0.000100,0.000086,0.000078,0.000085,0.000076,0.000062,0.000054,0.000055,0.000053,0.000045,0.000029,0.000026,0.000018,0.000021,0.000033,0.000034,0.000035,0.000030,0.000028,0.000016,0.000010,0.000003,0.000014,0.000024,0.000066
97,,,,,,,,,,,,,,0.000004,0.000092,0.000079,0.000075,0.000066,0.000074,0.000064,0.000077,0.000090,0.000098,0.000095,0.000082,0.000110,0.000123,0.000117,0.000124,0.000121,0.000108,0.000105,0.000109,0.000089,0.000065,0.000066,0.000069,0.000097,0.000366,0.001167,0.001077,0.000790,0.000413,0.000244,0.000124,0.000060,0.000007,0.000031,0.000080,0.000195
98,,,,,,,,,,,,,,0.000015,0.000347,0.000277,0.000274,0.000272,0.000302,0.000290,0.000323,0.000283,0.000279,0.000244,0.000210,0.000217,0.000199,0.000166,0.000170,0.000148,0.000133,0.000108,0.000127,0.000119,0.000113,0.000108,0.000094,0.000035,0.000038,0.000107,0.000093,0.000103,0.000076,0.000073,0.000043,0.000018,0.000002,0.000016,0.000048,0.000115
99,,,,,,,,,,,,,,0.000021,0.000330,0.000269,0.000228,0.000236,0.000222,0.000221,0.000220,0.000187,0.000189,0.000186,0.000145,0.000126,0.000127,0.000120,0.000122,0.000116,0.000112,0.000103,0.000096,0.000094,0.000115,0.000139,0.000208,0.000128,0.000179,0.000152,0.000316,0.000260,0.000206,0.000067,0.000026,0.000010,0.000008,0.000078,0.000243,0.000527
100,,,,,,,,,,,,,,0.000021,0.000375,0.000325,0.000338,0.000340,0.000338,0.000272,0.000260,0.000202,0.000163,0.000145,0.000101,0.000110,0.000123,0.000095,0.000092,0.000091,0.000155,0.000257,0.000400,0.000449,0.000398,0.000413,0.000407,0.000145,0.000150,0.000369,0.000492,0.000393,0.000209,0.000145,0.000088,0.000059,0.000004,0.000020,0.000052,0.000168
101,,,,,,,,,,,,,,0.000033,0.000370,0.000261,0.000255,0.000292,0.000304,0.000300,0.000341,0.000292,0.000269,0.000255,0.000207,0.000186,0.000186,0.000180,0.000153,0.000123,0.000125,0.000101,0.000112,0.000131,0.000147,0.000113,0.000136,0.000082,0.000091,0.000125,0.000142,0.000131,0.000103,0.000091,0.000075,0.000049,0.000011,0.000095,0.000496,0.001420
102,,,,,,,,,,,,,,0.000002,0.000051,0.000043,0.000044,0.000044,0.000058,0.000061,0.000066,0.000053,0.000054,0.000061,0.000078,0.000091,0.000168,0.000112,0.000131,0.000108,0.000114,0.000137,0.000180,0.000193,0.000200,0.000301,0.000178,0.000079,0.000076,0.000194,0.000182,0.000230,0.000285,0.000436,0.000423,0.000329,0.000041,0.000079,0.000085,0.000088
103,,,,,,,,,,,,,,0.000022,0.000385,0.000266,0.000246,0.000267,0.000277,0.000239,0.000262,0.000212,0.000228,0.000244,0.000255,0.000165,0.000140,0.000113,0.000100,0.000091,0.000077,0.000071,0.000075,0.000072,0.000068,0.000045,0.000033,0.000024,0.000023,0.000041,0.000047,0.000049,0.000038,0.000037,0.000027,0.000015,0.000007,0.000087,0.000283,0.000619
104,,,,,,,,,,,,,,0.000014,0.000356,0.000276,0.000221,0.000212,0.000224,0.000206,0.000244,0.000249,0.000229,0.000207,0.000183,0.000204,0.000218,0.000220,0.000263,0.000284,0.000285,0.000287,0.000315,0.000289,0.000261,0.000203,0.000169,0.000046,0.000055,0.000184,0.000168,0.000184,0.000135,0.000140,0.000106,0.000062,0.000005,0.000016,0.000041,0.000116
105,,,,,,,,,,,,,,0.000020,0.000536,0.000477,0.000450,0.000436,0.000500,0.000431,0.000406,0.000340,0.000326,0.000265,0.000225,0.000231,0.000215,0.000187,0.000183,0.000174,0.000149,0.000137,0.000143,0.000139,0.000125,0.000106,0.000110,0.000041,0.000038,0.000087,0.000072,0.000089,0.000066,0.000058,0.000037,0.000026,0.000003,0.000010,0.000017,0.000038
106,,,,,,,,,,,,,,0.000003,0.000065,0.000059,0.000051,0.000045,0.000033,0.000025,0.000031,0.000041,0.000042,0.000049,0.000044,0.000047,0.000052,0.000053,0.000059,0.000059,0.000068,0.000062,0.000080,0.000086,0.000097,0.000135,0.000190,0.000125,0.000324,0.001083,0.000944,0.000675,0.000381,0.000268,0.000183,0.000124,0.000014,0.000039,0.000124,0.000243
107,,,,,,,,,,,,,,0.000008,0.000109,0.000088,0.000088,0.000092,0.000099,0.000101,0.000109,0.000128,0.000138,0.000178,0.000174,0.000213,0.000266,0.000287,0.000379,0.000420,0.000392,0.000328,0.000284,0.000210,0.000157,0.000108,0.000109,0.000079,0.000160,0.000446,0.000449,0.000353,0.000257,0.000119,0.000053,0.000029,0.000018,0.000209,0.000429,0.000685
108,,,,,,,,,,,,,,0.000020,0.000563,0.000494,0.000448,0.000471,0.000479,0.000466,0.000503,0.000479,0.000484,0.000473,0.000393,0.000428,0.000381,0.000352,0.000349,0.000322,0.000333,0.000361,0.000520,0.000596,0.000623,0.000578,0.000507,0.000124,0.000149,0.000624,0.000638,0.000663,0.000457,0.000336,0.000181,0.000079,0.000006,0.000031,0.000060,0.000123
109,,,,,,,,,,,,,,0.000004,0.000094,0.000086,0.000121,0.000118,0.000101,0.000086,0.000084,0.000070,0.000070,0.000067,0.000054,0.000055,0.000050,0.000046,0.000044,0.000052,0.000068,0.000084,0.000092,0.000103,0.000125,0.000186,0.000360,0.000252,0.000317,0.000453,0.000396,0.000344,0.000262,0.000172,0.000124,0.000089,0.000008,0.000024,0.000063,0.000178
110,,,,,,,,,,,,,,0.000002,0.000043,0.000042,0.000060,0.000068,0.000073,0.000070,0.000087,0.000095,0.000107,0.000112,0.000116,0.000164,0.000196,0.000216,0.000241,0.000251,0.000229,0.000199,0.000298,0.000416,0.000574,0.000695,0.000835,0.000255,0.000342,0.001503,0.001490,0.001632,0.001145,0.000884,0.000486,0.000226,0.000012,0.000022,0.000036,0.000045
111,,,,,,,,,,,,,,0.000004,0.000063,0.000056,0.000062,0.000067,0.000080,0.000089,0.000100,0.000094,0.000101,0.000100,0.000089,0.000091,0.000082,0.000067,0.000082,0.000080,0.000093,0.000101,0.000157,0.000186,0.000179,0.000157,0.000132,0.000050,0.000193,0.000212,0.000182,0.000216,0.000161,0.000086,0.000040,0.000012,0.000013,0.000034,0.000064,0.000139
112,,,,,,,,,,,,,,0.000002,0.000051,0.000032,0.000040,0.000060,0.000095,0.000171,0.000268,0.000333,0.000450,0.000548,0.000586,0.000794,0.000912,0.000992,0.001142,0.001127,0.001011,0.000897,0.000980,0.000806,0.000605,0.000441,0.000331,0.000088,0.000092,0.000322,0.000366,0.000441,0.000395,0.000386,0.000273,0.000164,0.000013,0.000026,0.000072,0.000135
113,,,,,,,,,,,,,,0.000006,0.000202,0.000179,0.000141,0.000134,0.000126,0.000116,0.000126,0.000100,0.000104,0.000103,0.000086,0.000097,0.000095,0.000085,0.000084,0.000073,0.000067,0.000055,0.000058,0.000056,0.000057,0.000063,0.000109,0.000109,0.000083,0.000113,0.000115,0.000100,0.000066,0.000061,0.000043,0.000029,0.000004,0.000018,0.000055,0.000122
114,,,,,,,,,,,,,,0.000005,0.000110,0.000101,0.000109,0.000112,0.000135,0.000126,0.000134,0.000120,0.000133,0.000117,0.000102,0.000125,0.000127,0.000111,0.000121,0.000131,0.000131,0.000123,0.000136,0.000195,0.000444,0.000749,0.001092,0.000591,0.000450,0.000268,0.000184,0.000115,0.000084,0.000052,0.000041,0.000024,0.000008,0.000027,0.000051,0.000105
115,,,,,,,,,,,,,,0.000003,0.000066,0.000074,0.000095,0.000115,0.000135,0.000145,0.000158,0.000122,0.000121,0.000104,0.000089,0.000110,0.000119,0.000116,0.000161,0.000162,0.000179,0.000166,0.000276,0.000378,0.000455,0.000379,0.000278,0.000074,0.000050,0.000072,0.000100,0.000146,0.000146,0.000164,0.000122,0.000081,0.000012,0.000029,0.000048,0.000092
116,,,,,,,,,,,,,,0.000005,0.000148,0.000219,0.000396,0.000579,0.000806,0.000830,0.000923,0.000752,0.000712,0.000574,0.000459,0.000422,0.000356,0.000293,0.000274,0.000227,0.000197,0.000153,0.000159,0.000144,0.000120,0.000097,0.000077,0.000028,0.000026,0.000075,0.000069,0.000072,0.000047,0.000034,0.000023,0.000022,0.000002,0.000005,0.000008,0.000021
117,,,,,,,,,,,,,,0.000002,0.000039,0.000022,0.000026,0.000064,0.000138,0.000297,0.000477,0.000529,0.000686,0.000758,0.000749,0.000983,0.001032,0.001062,0.001026,0.000928,0.000802,0.000554,0.000526,0.000432,0.000394,0.000408,0.000469,0.000147,0.000220,0.000349,0.000353,0.000336,0.000314,0.000218,0.000095,0.000050,0.000006,0.000018,0.000037,0.000082
118,,,,,,,,,,,,,,0.000003,0.000050,0.000052,0.000068,0.000081,0.000092,0.000104,0.000102,0.000087,0.000089,0.000073,0.000055,0.000062,0.000066,0.000055,0.000060,0.000064,0.000078,0.000115,0.000236,0.000423,0.000653,0.000782,0.000928,0.000259,0.000345,0.001423,0.001310,0.001271,0.000814,0.000596,0.000307,0.000121,0.000004,0.000012,0.000024,0.000052
119,,,,,,,,,,,,,,0.000009,0.000118,0.000084,0.000067,0.000064,0.000077,0.000083,0.000083,0.000085,0.000064,0.000063,0.000072,0.000089,0.000144,0.000140,0.000254,0.000387,0.000559,0.000742,0.001111,0.001322,0.001324,0.001168,0.000877,0.000194,0.000203,0.000666,0.000564,0.000567,0.000385,0.000326,0.000216,0.000120,0.000015,0.000087,0.000315,0.000843
120,,,,,,,,,,,,,,0.000002,0.000053,0.000068,0.000083,0.000131,0.000230,0.000361,0.000621,0.000807,0.001054,0.001301,0.001317,0.001676,0.001823,0.001923,0.002085,0.001884,0.001681,0.001161,0.001051,0.000805,0.000605,0.000417,0.000302,0.000070,0.000062,0.000192,0.000180,0.000184,0.000138,0.000103,0.000067,0.000043,0.000005,0.000012,0.000025,0.000058
121,,,,,,,,,,,,,,0.000001,0.000041,0.000095,0.000232,0.000435,0.000694,0.000849,0.000987,0.000869,0.000795,0.000584,0.000437,0.000403,0.000316,0.000233,0.000217,0.000170,0.000133,0.000100,0.000110,0.000099,0.000101,0.000109,0.000151,0.000085,0.000126,0.000560,0.000732,0.000992,0.000934,0.000940,0.000647,0.000349,0.000023,0.000043,0.000030,0.000034
122,,,,,,,,,,,,,,0.000003,0.000052,0.000047,0.000056,0.000062,0.000068,0.000071,0.000071,0.000059,0.000062,0.000055,0.000045,0.000046,0.000045,0.000040,0.000035,0.000031,0.000027,0.000031,0.000023,0.000027,0.000030,0.000026,0.000028,0.000016,0.000026,0.000125,0.000185,0.000288,0.000333,0.000513,0.000500,0.000346,0.000027,0.000034,0.000073,0.000103
123,,,,,,,,,,,,,,0.000001,0.000031,0.000030,0.000044,0.000086,0.000156,0.000281,0.000377,0.000387,0.000431,0.000395,0.000366,0.000388,0.000367,0.000322,0.000305,0.000276,0.000259,0.000231,0.000268,0.000262,0.000236,0.000180,0.000155,0.000042,0.000046,0.000144,0.000142,0.000155,0.000130,0.000149,0.000139,0.000107,0.000015,0.000065,0.000062,0.000075
124,,,,,,,,,,,,,,0.000004,0.000069,0.000054,0.000044,0.000032,0.000026,0.000030,0.000042,0.000045,0.000042,0.000046,0.000047,0.000055,0.000057,0.000055,0.000058,0.000073,0.000068,0.000069,0.000086,0.000096,0.000108,0.000125,0.000155,0.000265,0.000363,0.000308,0.000261,0.000198,0.000134,0.000124,0.000090,0.000066,0.000011,0.000029,0.000059,0.000091
125,,,,,,,,,,,,,,0.000002,0.000046,0.000042,0.000044,0.000044,0.000050,0.000059,0.000060,0.000058,0.000066,0.000065,0.000047,0.000062,0.000054,0.000049,0.000053,0.000050,0.000052,0.000051,0.000060,0.000057,0.000049,0.000036,0.000028,0.000034,0.000037,0.000051,0.000059,0.000078,0.000084,0.000128,0.000158,0.000163,0.000023,0.000039,0.000047,0.000071
126,,,,,,,,,,,,,,0.000016,0.000296,0.000258,0.000248,0.000254,0.000259,0.000368,0.000291,0.000203,0.000196,0.000169,0.000142,0.000142,0.000128,0.000113,0.000113,0.000094,0.000084,0.000069,0.000071,0.000065,0.000076,0.000111,0.000147,0.000226,0.000128,0.000185,0.000335,0.000232,0.000294,0.000092,0.000047,0.000017,0.000003,0.000010,0.000026,0.000066
127,,,,,,,,,,,,,,0.000004,0.000093,0.000102,0.000154,0.000234,0.000394,0.000566,0.000811,0.000880,0.001025,0.000982,0.000894,0.000883,0.000766,0.000617,0.000618,0.000510,0.000448,0.000333,0.000362,0.000339,0.000296,0.000232,0.000198,0.000048,0.000037,0.000073,0.000065,0.000079,0.000058,0.000054,0.000027,0.000019,0.000003,0.000019,0.000047,0.000095
128,,,,,,,,,,,,,,0.000019,0.000312,0.000236,0.000248,0.000240,0.000243,0.000263,0.000296,0.000364,0.000450,0.000552,0.000613,0.000769,0.000839,0.000953,0.000927,0.000799,0.000648,0.000497,0.000512,0.000519,0.000621,0.000777,0.001021,0.000320,0.000266,0.000230,0.000173,0.000138,0.000120,0.000054,0.000016,0.000006,0.000004,0.000023,0.000054,0.000177
129,,,,,,,,,,,,,,0.000003,0.000069,0.000074,0.000108,0.000220,0.000193,0.000223,0.000182,0.000150,0.000151,0.000116,0.000094,0.000108,0.000093,0.000080,0.000092,0.000093,0.000102,0.000091,0.000130,0.000153,0.000198,0.000212,0.000234,0.000077,0.000082,0.000261,0.000273,0.000311,0.000251,0.000246,0.000228,0.000184,0.000032,0.000074,0.000104,0.000126
130,,,,,,,,,,,,,,0.000007,0.000097,0.000085,0.000087,0.000100,0.000119,0.000138,0.000141,0.000136,0.000125,0.000113,0.000083,0.000090,0.000105,0.000084,0.000084,0.000081,0.000060,0.000061,0.000054,0.000058,0.000065,0.000062,0.000060,0.000035,0.000033,0.000077,0.000070,0.000068,0.000049,0.000046,0.000033,0.000017,0.000012,0.000170,0.000383,0.000586
131,,,,,,,,,,,,,,0.000007,0.000083,0.000086,0.000108,0.000119,0.000135,0.000139,0.000146,0.000137,0.000120,0.000114,0.000095,0.000104,0.000107,0.000089,0.000102,0.000132,0.000221,0.000268,0.000324,0.000290,0.000188,0.000143,0.000094,0.000022,0.000031,0.000095,0.000082,0.000096,0.000071,0.000078,0.000060,0.000037,0.000016,0.000161,0.000487,0.000848
132,,,,,,,,,,,,,,0.000008,0.000112,0.000099,0.000112,0.000141,0.000154,0.000173,0.000209,0.000177,0.000149,0.000127,0.000098,0.000081,0.000081,0.000057,0.000063,0.000074,0.000088,0.000088,0.000129,0.000152,0.000147,0.000123,0.000119,0.000050,0.000063,0.000154,0.000161,0.000183,0.000146,0.000119,0.000064,0.000025,0.000017,0.000224,0.000475,0.000756
133,,,,,,,,,,,,,,0.000002,0.000053,0.000046,0.000052,0.000061,0.000081,0.000092,0.000106,0.000111,0.000109,0.000110,0.000095,0.000106,0.000108,0.000119,0.000129,0.000112,0.000130,0.000096,0.000098,0.000082,0.000074,0.000063,0.000056,0.000022,0.000025,0.000085,0.000123,0.000165,0.000169,0.000253,0.000279,0.000281,0.000024,0.000037,0.000036,0.000068
134,,,,,,,,,,,,,,0.000016,0.000487,0.000624,0.000940,0.001159,0.001292,0.001286,0.001330,0.001020,0.000945,0.000742,0.000562,0.000527,0.000447,0.000367,0.000362,0.000309,0.000247,0.000203,0.000217,0.000191,0.000169,0.000122,0.000091,0.000049,0.000163,0.000461,0.000397,0.000293,0.000172,0.000110,0.000061,0.000031,0.000003,0.000020,0.000067,0.000174
135,,,,,,,,,,,,,,0.000003,0.000047,0.000045,0.000048,0.000052,0.000050,0.000062,0.000073,0.000057,0.000059,0.000057,0.000055,0.000064,0.000064,0.000051,0.000066,0.000075,0.000068,0.000059,0.000093,0.000132,0.000172,0.000196,0.000244,0.000077,0.000104,0.000409,0.000389,0.000408,0.000287,0.000211,0.000142,0.000115,0.000027,0.000068,0.000160,0.000162
136,,,,,,,,,,,,,,0.000005,0.000173,0.000169,0.000147,0.000136,0.000139,0.000141,0.000166,0.000149,0.000147,0.000145,0.000112,0.000113,0.000101,0.000082,0.000089,0.000076,0.000069,0.000058,0.000057,0.000052,0.000045,0.000030,0.000019,0.000017,0.000021,0.000033,0.000039,0.000050,0.000048,0.000050,0.000043,0.000033,0.000009,0.000020,0.000055,0.000103
137,,,,,,,,,,,,,,0.000008,0.000125,0.000126,0.000171,0.000237,0.000312,0.000332,0.000369,0.000327,0.000286,0.000254,0.000208,0.000210,0.000207,0.000200,0.000252,0.000290,0.000357,0.000400,0.000560,0.000633,0.000615,0.000533,0.000417,0.000099,0.000100,0.000321,0.000297,0.000315,0.000216,0.000194,0.000155,0.000131,0.000017,0.000065,0.000129,0.000323
138,,,,,,,,,,,,,,0.000002,0.000051,0.000057,0.000108,0.000197,0.000367,0.000580,0.000881,0.001025,0.001229,0.001262,0.001118,0.001181,0.001086,0.000940,0.000922,0.000726,0.000570,0.000420,0.000392,0.000339,0.000292,0.000236,0.000216,0.000075,0.000086,0.000271,0.000274,0.000276,0.000179,0.000132,0.000079,0.000030,0.000004,0.000013,0.000025,0.000034
139,,,,,,,,,,,,,,0.000005,0.000090,0.000068,0.000065,0.000051,0.000056,0.000041,0.000037,0.000046,0.000061,0.000070,0.000069,0.000085,0.000094,0.000105,0.000126,0.000124,0.000128,0.000110,0.000131,0.000135,0.000138,0.000128,0.000126,0.000065,0.000052,0.000151,0.000164,0.000153,0.000116,0.000107,0.000069,0.000049,0.000029,0.000208,0.000188,0.000217
140,,,,,,,,,,,,,,0.000011,0.000310,0.000266,0.000270,0.000266,0.000318,0.000313,0.000301,0.000276,0.000275,0.000252,0.000218,0.000261,0.000243,0.000234,0.000230,0.000197,0.000174,0.000143,0.000183,0.000201,0.000248,0.000225,0.000167,0.000074,0.000065,0.000198,0.000244,0.000226,0.000203,0.000157,0.000110,0.000064,0.000007,0.000026,0.000109,0.000317
141,,,,,,,,,,,,,,0.000002,0.000023,0.000017,0.000016,0.000027,0.000038,0.000048,0.000053,0.000058,0.000068,0.000073,0.000088,0.000090,0.000087,0.000093,0.000095,0.000085,0.000092,0.000091,0.000092,0.000097,0.000097,0.000118,0.000112,0.000054,0.000059,0.000269,0.000347,0.000520,0.000525,0.000618,0.000524,0.000333,0.000021,0.000048,0.000061,0.000084
142,,,,,,,,,,,,,,0.000045,0.000904,0.000722,0.000691,0.000691,0.000749,0.000725,0.000744,0.000616,0.000580,0.000491,0.000394,0.000391,0.000359,0.000311,0.000314,0.000283,0.000250,0.000207,0.000217,0.000205,0.000182,0.000119,0.000114,0.000043,0.000030,0.000100,0.000103,0.000113,0.000076,0.000069,0.000045,0.000023,0.000002,0.000029,0.000124,0.000343
143,,,,,,,,,,,,,,0.000004,0.000231,0.000479,0.000837,0.001145,0.001400,0.001437,0.001496,0.001230,0.001068,0.000877,0.000675,0.000644,0.000576,0.000492,0.000471,0.000393,0.000327,0.000242,0.000240,0.000205,0.000171,0.000129,0.000123,0.000044,0.000061,0.000184,0.000209,0.000247,0.000204,0.000181,0.000122,0.000064,0.000006,0.000013,0.000022,0.000025
144,,,,,,,,,,,,,,0.000005,0.000154,0.000150,0.000149,0.000149,0.000146,0.000144,0.000161,0.000160,0.000166,0.000190,0.000268,0.000352,0.000455,0.000340,0.000360,0.000313,0.000306,0.000221,0.000207,0.000177,0.000159,0.000162,0.000240,0.000189,0.000211,0.000237,0.000188,0.000122,0.000066,0.000066,0.000041,0.000025,0.000004,0.000024,0.000051,0.000128
145,,,,,,,,,,,,,,0.000003,0.000051,0.000037,0.000030,0.000023,0.000019,0.000011,0.000026,0.000022,0.000024,0.000036,0.000042,0.000045,0.000059,0.000059,0.000056,0.000061,0.000066,0.000054,0.000057,0.000064,0.000073,0.000069,0.000079,0.000048,0.000049,0.000140,0.000143,0.000149,0.000118,0.000119,0.000113,0.000112,0.000038,0.000210,0.000265,0.000314
146,,,,,,,,,,,,,,0.000004,0.000080,0.000086,0.000109,0.000145,0.000210,0.000305,0.000474,0.000552,0.000692,0.000787,0.000809,0.001062,0.001229,0.001232,0.001395,0.001237,0.001129,0.000893,0.000869,0.000739,0.000584,0.000394,0.000309,0.000072,0.000053,0.000142,0.000128,0.000125,0.000085,0.000073,0.000072,0.000072,0.000008,0.000022,0.000039,0.000077
147,,,,,,,,,,,,,,0.000006,0.000176,0.000187,0.000180,0.000155,0.000177,0.000439,0.000489,0.000406,0.000426,0.000380,0.000406,0.000412,0.000426,0.000302,0.000277,0.000225,0.000223,0.000152,0.000143,0.000130,0.000102,0.000084,0.000069,0.000034,0.000037,0.000082,0.000078,0.000080,0.000061,0.000049,0.000023,0.000013,0.000004,0.000019,0.000046,0.000096
148,,,,,,,,,,,,,,0.000015,0.000283,0.000238,0.000202,0.000168,0.000166,0.000157,0.000177,0.000169,0.000170,0.000144,0.000129,0.000127,0.000133,0.000115,0.000118,0.000107,0.000096,0.000081,0.000089,0.000087,0.000090,0.000078,0.000071,0.000030,0.000027,0.000060,0.000067,0.000081,0.000078,0.000092,0.000070,0.000043,0.000003,0.000016,0.000054,0.000105
149,,,,,,,,,,,,,,0.000003,0.000069,0.000052,0.000051,0.000060,0.000075,0.000095,0.000146,0.000230,0.000299,0.000321,0.000365,0.000446,0.000491,0.000691,0.000677,0.000653,0.000572,0.000480,0.000561,0.000516,0.000445,0.000309,0.000241,0.000069,0.000067,0.000175,0.000175,0.000178,0.000128,0.000095,0.000062,0.000040,0.000006,0.000015,0.000037,0.000076
150,,,,,,,,,,,,,,0.000022,0.000378,0.000335,0.000376,0.000420,0.000472,0.000465,0.000391,0.000320,0.000288,0.000232,0.000185,0.000197,0.000166,0.000127,0.000094,0.000067,0.000059,0.000054,0.000058,0.000060,0.000055,0.000044,0.000043,0.000056,0.000064,0.000075,0.000071,0.000053,0.000069,0.000051,0.000043,0.000027,0.000006,0.000028,0.000074,0.000188
151,,,,,,,,,,,,,,0.000002,0.000038,0.000022,0.000019,0.000022,0.000022,0.000024,0.000027,0.000017,0.000027,0.000033,0.000029,0.000029,0.000035,0.000031,0.000042,0.000046,0.000065,0.000074,0.000086,0.000088,0.000085,0.000074,0.000068,0.000036,0.000049,0.000100,0.000100,0.000126,0.000126,0.000189,0.000197,0.000164,0.000033,0.000048,0.000045,0.000069
152,,,,,,,,,,,,,,0.000007,0.000156,0.000152,0.000167,0.000172,0.000188,0.000199,0.000214,0.000182,0.000188,0.000170,0.000149,0.000156,0.000154,0.000144,0.000149,0.000139,0.000127,0.000107,0.000121,0.000114,0.000115,0.000091,0.000097,0.000050,0.000075,0.000137,0.000321,0.000227,0.000308,0.000111,0.000046,0.000027,0.000002,0.000017,0.000051,0.000105
153,,,,,,,,,,,,,,0.000005,0.000093,0.000073,0.000052,0.000047,0.000047,0.000039,0.000037,0.000030,0.000032,0.000044,0.000041,0.000050,0.000073,0.000060,0.000074,0.000070,0.000064,0.000063,0.000060,0.000056,0.000064,0.000076,0.000080,0.000056,0.000047,0.000067,0.000070,0.000066,0.000047,0.000036,0.000024,0.000023,0.000011,0.000080,0.000196,0.000334
154,,,,,,,,,,,,,,0.000002,0.000027,0.000033,0.000070,0.000135,0.000246,0.000329,0.000486,0.000500,0.000523,0.000451,0.000376,0.000350,0.000352,0.000361,0.000487,0.000591,0.000722,0.000800,0.000995,0.000902,0.000791,0.000573,0.000420,0.000117,0.000240,0.000847,0.000778,0.000660,0.000435,0.000304,0.000165,0.000084,0.000009,0.000039,0.000041,0.000084
155,,,,,,,,,,,,,,0.000004,0.000078,0.000073,0.000077,0.000079,0.000079,0.000075,0.000089,0.000093,0.000077,0.000067,0.000056,0.000064,0.000072,0.000062,0.000068,0.000062,0.000056,0.000040,0.000054,0.000057,0.000063,0.000060,0.000048,0.000024,0.000030,0.000074,0.000062,0.000060,0.000046,0.000046,0.000038,0.000029,0.000006,0.000053,0.000082,0.000139
156,,,,,,,,,,,,,,0.000005,0.000065,0.000055,0.000076,0.000111,0.000170,0.000204,0.000216,0.000211,0.000200,0.000187,0.000173,0.000183,0.000186,0.000183,0.000196,0.000198,0.000204,0.000253,0.000306,0.000251,0.000218,0.000177,0.000140,0.000071,0.000097,0.000156,0.000138,0.000121,0.000069,0.000076,0.000127,0.000181,0.000028,0.000070,0.000301,0.000580
157,,,,,,,,,,,,,,0.000003,0.000073,0.000059,0.000067,0.000063,0.000062,0.000075,0.000084,0.000083,0.000105,0.000105,0.000113,0.000142,0.000161,0.000128,0.000130,0.000109,0.000112,0.000085,0.000095,0.000087,0.000093,0.000089,0.000103,0.000070,0.000065,0.000148,0.000192,0.000182,0.000122,0.000109,0.000111,0.000130,0.000015,0.000018,0.000045,0.000070
158,,,,,,,,,,,,,,0.000006,0.000089,0.000062,0.000058,0.000072,0.000085,0.000092,0.000104,0.000103,0.000110,0.000115,0.000082,0.000070,0.000068,0.000048,0.000041,0.000036,0.000039,0.000042,0.000035,0.000033,0.000034,0.000036,0.000037,0.000029,0.000044,0.000070,0.000084,0.000091,0.000113,0.000129,0.000130,0.000103,0.000027,0.000095,0.000246,0.000445
159,,,,,,,,,,,,,,0.000002,0.000065,0.000072,0.000123,0.000200,0.000348,0.000501,0.000720,0.000798,0.000966,0.001084,0.001044,0.001139,0.001074,0.001020,0.000903,0.000771,0.000629,0.000462,0.000487,0.000412,0.000350,0.000241,0.000197,0.000062,0.000060,0.000108,0.000098,0.000101,0.000066,0.000048,0.000024,0.000009,0.000003,0.000010,0.000020,0.000040
160,,,,,,,,,,,,,,0.000007,0.000131,0.000114,0.000132,0.000108,0.000101,0.000101,0.000095,0.000128,0.000101,0.000097,0.000083,0.000087,0.000085,0.000055,0.000059,0.000063,0.000051,0.000052,0.000080,0.000113,0.000164,0.000206,0.000252,0.000196,0.000263,0.000385,0.000337,0.000363,0.000264,0.000144,0.000091,0.000051,0.000009,0.000071,0.000152,0.000305
161,,,,,,,,,,,,,,0.000006,0.000139,0.000137,0.000160,0.000183,0.000287,0.000575,0.000559,0.000535,0.000501,0.000445,0.000489,0.000411,0.000333,0.000246,0.000216,0.000172,0.000143,0.000104,0.000108,0.000100,0.000099,0.000088,0.000093,0.000049,0.000041,0.000041,0.000028,0.000034,0.000029,0.000025,0.000022,0.000029,0.000007,0.000032,0.000077,0.000160
162,,,,,,,,,,,,,,0.000016,0.000195,0.000160,0.000179,0.000200,0.000212,0.000204,0.000203,0.000177,0.000178,0.000156,0.000147,0.000136,0.000145,0.000119,0.000120,0.000112,0.000094,0.000077,0.000078,0.000071,0.000069,0.000055,0.000048,0.000063,0.000056,0.000110,0.000101,0.000089,0.000062,0.000046,0.000032,0.000019,0.000003,0.000064,0.000270,0.000667
163,,,,,,,,,,,,,,0.000015,0.000399,0.000364,0.000278,0.000241,0.000254,0.000262,0.000321,0.000319,0.000308,0.000292,0.000232,0.000226,0.000228,0.000209,0.000203,0.000170,0.000144,0.000121,0.000137,0.000167,0.000271,0.000435,0.000691,0.000372,0.000241,0.000175,0.000124,0.000076,0.000061,0.000043,0.000024,0.000023,0.000006,0.000026,0.000041,0.000056
164,,,,,,,,,,,,,,0.000006,0.000086,0.000082,0.000132,0.000262,0.000491,0.000744,0.001116,0.001279,0.001523,0.001541,0.001383,0.001490,0.001369,0.001247,0.001159,0.000945,0.000809,0.000546,0.000510,0.000412,0.000336,0.000259,0.000231,0.000163,0.000128,0.000193,0.000168,0.000152,0.000105,0.000075,0.000048,0.000026,0.000004,0.000041,0.000104,0.000180
165,,,,,,,,,,,,,,0.000002,0.000024,0.000017,0.000024,0.000059,0.000088,0.000085,0.000099,0.000093,0.000088,0.000077,0.000064,0.000071,0.000071,0.000066,0.000068,0.000061,0.000059,0.000059,0.000064,0.000060,0.000063,0.000060,0.000058,0.000029,0.000041,0.000070,0.000076,0.000079,0.000084,0.000100,0.000139,0.000180,0.000024,0.000064,0.000131,0.000137
166,,,,,,,,,,,,,,0.000003,0.000056,0.000042,0.000053,0.000062,0.000075,0.000072,0.000085,0.000081,0.000076,0.000077,0.000074,0.000082,0.000071,0.000061,0.000074,0.000077,0.000087,0.000099,0.000147,0.000242,0.000458,0.000534,0.000469,0.000127,0.000128,0.000121,0.000084,0.000074,0.000059,0.000052,0.000044,0.000037,0.000016,0.000067,0.000111,0.000156
167,,,,,,,,,,,,,,0.000004,0.000118,0.000123,0.000135,0.000154,0.000187,0.000223,0.000300,0.000299,0.000333,0.000314,0.000302,0.000325,0.000333,0.000311,0.000350,0.000338,0.000317,0.000281,0.000341,0.000350,0.000326,0.000256,0.000243,0.000065,0.000094,0.000399,0.000523,0.000740,0.000789,0.000844,0.000653,0.000364,0.000017,0.000037,0.000037,0.000071
168,,,,,,,,,,,,,,0.000011,0.000225,0.000169,0.000153,0.000149,0.000155,0.000132,0.000145,0.000130,0.000116,0.000108,0.000088,0.000083,0.000089,0.000078,0.000083,0.000083,0.000070,0.000071,0.000082,0.000101,0.000137,0.000171,0.000262,0.000102,0.000179,0.000951,0.001098,0.001288,0.000971,0.000756,0.000380,0.000156,0.000007,0.000018,0.000023,0.000037
169,,,,,,,,,,,,,,0.000005,0.000072,0.000055,0.000057,0.000054,0.000068,0.000090,0.000113,0.000139,0.000134,0.000112,0.000141,0.000113,0.000128,0.000097,0.000095,0.000082,0.000072,0.000053,0.000069,0.000098,0.000135,0.000151,0.000160,0.000066,0.000084,0.000212,0.000205,0.000218,0.000174,0.000210,0.000184,0.000135,0.000020,0.000132,0.000265,0.000406
170,,,,,,,,,,,,,,0.000007,0.000134,0.000120,0.000148,0.000156,0.000182,0.000179,0.000227,0.000212,0.000207,0.000201,0.000173,0.000185,0.000173,0.000153,0.000156,0.000138,0.000112,0.000103,0.000117,0.000109,0.000104,0.000093,0.000074,0.000071,0.000054,0.000107,0.000100,0.000112,0.000165,0.000109,0.000071,0.000041,0.000003,0.000017,0.000053,0.000127
171,,,,,,,,,,,,,,0.000024,0.000344,0.000284,0.000316,0.000339,0.000438,0.000381,0.000445,0.000381,0.000383,0.000330,0.000296,0.000308,0.000303,0.000311,0.000221,0.000209,0.000189,0.000176,0.000209,0.000227,0.000271,0.000325,0.000511,0.000267,0.000316,0.000485,0.000361,0.000314,0.000219,0.000180,0.000116,0.000075,0.000004,0.000009,0.000037,0.000146
172,,,,,,,,,,,,,,0.000005,0.000212,0.000305,0.000515,0.000751,0.000967,0.001008,0.001129,0.000955,0.000881,0.000769,0.000590,0.000606,0.000521,0.000483,0.000445,0.000385,0.000320,0.000273,0.000254,0.000220,0.000185,0.000140,0.000106,0.000033,0.000037,0.000120,0.000100,0.000096,0.000065,0.000037,0.000017,0.000010,0.000004,0.000026,0.000068,0.000121
173,,,,,,,,,,,,,,0.000006,0.000125,0.000108,0.000116,0.000132,0.000140,0.000156,0.000135,0.000119,0.000109,0.000089,0.000081,0.000083,0.000096,0.000095,0.000112,0.000104,0.000099,0.000085,0.000098,0.000094,0.000090,0.000083,0.000059,0.000026,0.000036,0.000110,0.000185,0.000255,0.000192,0.000174,0.000114,0.000071,0.000013,0.000088,0.000207,0.000498
174,,,,,,,,,,,,,,0.000002,0.000054,0.000057,0.000065,0.000080,0.000108,0.000155,0.000151,0.000197,0.000147,0.000121,0.000101,0.000113,0.000110,0.000100,0.000104,0.000096,0.000079,0.000078,0.000098,0.000118,0.000172,0.000261,0.000404,0.000354,0.000291,0.000195,0.000169,0.000122,0.000068,0.000069,0.000048,0.000029,0.000006,0.000031,0.000058,0.000102
175,,,,,,,,,,,,,,0.000006,0.000195,0.000214,0.000231,0.000237,0.000235,0.000195,0.000206,0.000222,0.000204,0.000200,0.000173,0.000208,0.000203,0.000177,0.000185,0.000176,0.000162,0.000157,0.000140,0.000131,0.000161,0.000182,0.000170,0.000072,0.000134,0.000121,0.000114,0.000123,0.000086,0.000071,0.000055,0.000035,0.000006,0.000017,0.000032,0.000068
176,,,,,,,,,,,,,,0.000002,0.000064,0.000095,0.000152,0.000253,0.000357,0.000544,0.000497,0.000400,0.000338,0.000282,0.000268,0.000220,0.000189,0.000153,0.000185,0.000176,0.000211,0.000214,0.000244,0.000246,0.000217,0.000177,0.000122,0.000048,0.000048,0.000071,0.000052,0.000049,0.000049,0.000043,0.000032,0.000028,0.000009,0.000028,0.000028,0.000050
177,,,,,,,,,,,,,,0.000003,0.000098,0.000184,0.000420,0.000763,0.001123,0.001253,0.001414,0.001119,0.000963,0.000802,0.000565,0.000510,0.000465,0.000417,0.000381,0.000310,0.000255,0.000203,0.000210,0.000190,0.000156,0.000110,0.000098,0.000047,0.000060,0.000093,0.000126,0.000129,0.000595,0.000115,0.000059,0.000030,0.000004,0.000027,0.000061,0.000109
178,,,,,,,,,,,,,,0.000004,0.000155,0.000171,0.000180,0.000187,0.000174,0.000174,0.000155,0.000119,0.000106,0.000104,0.000105,0.000110,0.000094,0.000069,0.000067,0.000063,0.000040,0.000011,0.000007,0.000010,0.000005,-0.000016,0.000003,0.000019,0.000021,0.000054,0.000113,0.000204,0.000235,0.000365,0.000372,0.000305,0.000031,0.000050,0.000101,0.000135
179,,,,,,,,,,,,,,0.000008,0.000178,0.000250,0.000454,0.000684,0.000959,0.001048,0.001148,0.001123,0.001009,0.000861,0.000845,0.000759,0.000724,0.000615,0.000624,0.000443,0.000346,0.000206,0.000168,0.000138,0.000110,0.000078,0.000073,0.000054,0.000032,0.000073,0.000071,0.000070,0.000057,0.000057,0.000041,0.000025,0.000007,0.000106,0.000327,0.000641
180,,,,,,,,,,,,,,0.000006,0.000116,0.000115,0.000122,0.000116,0.000103,0.000104,0.000100,0.000080,0.000077,0.000056,0.000041,0.000051,0.000055,0.000041,0.000038,0.000040,0.000046,0.000057,0.000079,0.000104,0.000133,0.000171,0.000302,0.000269,0.000439,0.000737,0.000564,0.000394,0.000209,0.000145,0.000092,0.000057,0.000004,0.000015,0.000047,0.000092
181,,,,,,,,,,,,,,0.000022,0.000336,0.000265,0.000240,0.000215,0.000186,0.000165,0.000165,0.000125,0.000130,0.000107,0.000098,0.000093,0.000100,0.000092,0.000088,0.000085,0.000079,0.000058,0.000062,0.000056,0.000057,0.000049,0.000043,0.000016,0.000025,0.000060,0.000051,0.000055,0.000051,0.000049,0.000029,0.000018,0.000003,0.000017,0.000051,0.000160
182,,,,,,,,,,,,,,0.000029,0.000740,0.000737,0.000746,0.000720,0.000688,0.000600,0.000584,0.000470,0.000429,0.000391,0.000329,0.000320,0.000302,0.000265,0.000251,0.000210,0.000172,0.000127,0.000137,0.000131,0.000119,0.000104,0.000111,0.000045,0.000045,0.000140,0.000133,0.000140,0.000102,0.000061,0.000034,0.000019,0.000003,0.000047,0.000148,0.000326
183,,,,,,,,,,,,,,0.000003,0.000053,0.000066,0.000104,0.000183,0.000323,0.000409,0.000483,0.000441,0.000417,0.000353,0.000278,0.000275,0.000232,0.000197,0.000184,0.000154,0.000131,0.000105,0.000106,0.000095,0.000082,0.000065,0.000070,0.000031,0.000024,0.000053,0.000051,0.000046,0.000037,0.000060,0.000082,0.000106,0.000021,0.000072,0.000236,0.000232
184,,,,,,,,,,,,,,0.000006,0.000124,0.000110,0.000098,0.000090,0.000089,0.000088,0.000104,0.000082,0.000087,0.000092,0.000088,0.000094,0.000083,0.000071,0.000071,0.000065,0.000069,0.000084,0.000100,0.000127,0.000153,0.000187,0.000194,0.000078,0.000081,0.000147,0.000112,0.000103,0.000079,0.000070,0.000053,0.000053,0.000008,0.000019,0.000047,0.000074
185,,,,,,,,,,,,,,0.000002,0.000043,0.000029,0.000032,0.000034,0.000047,0.000063,0.000093,0.000157,0.000181,0.000245,0.000313,0.000363,0.000369,0.000300,0.000292,0.000261,0.000208,0.000172,0.000190,0.000188,0.000180,0.000167,0.000167,0.000247,0.000078,0.000142,0.000127,0.000114,0.000099,0.000086,0.000060,0.000043,0.000006,0.000017,0.000040,0.000087
186,,,,,,,,,,,,,,0.000014,0.000387,0.000375,0.000340,0.000342,0.000329,0.000319,0.000284,0.000206,0.000201,0.000153,0.000115,0.000125,0.000112,0.000088,0.000083,0.000069,0.000057,0.000045,0.000050,0.000057,0.000059,0.000060,0.000064,0.000056,0.000147,0.000338,0.000337,0.000257,0.000173,0.000104,0.000055,0.000030,0.000005,0.000027,0.000055,0.000102
187,,,,,,,,,,,,,,0.000004,0.000109,0.000140,0.000145,0.000203,0.000370,0.000551,0.000789,0.000936,0.001018,0.001036,0.000960,0.001060,0.001045,0.000973,0.000987,0.000829,0.000741,0.000551,0.000505,0.000399,0.000288,0.000202,0.000156,0.000064,0.000049,0.000107,0.000111,0.000137,0.000102,0.000090,0.000056,0.000036,0.000004,0.000024,0.000062,0.000138
188,,,,,,,,,,,,,,0.000004,0.000068,0.000049,0.000044,0.000045,0.000052,0.000054,0.000055,0.000067,0.000080,0.000084,0.000104,0.000130,0.000143,0.000143,0.000171,0.000174,0.000172,0.000141,0.000155,0.000152,0.000136,0.000109,0.000089,0.000037,0.000052,0.000089,0.000083,0.000089,0.000082,0.000042,0.000020,0.000011,0.000015,0.000067,0.000265,0.000446
189,,,,,,,,,,,,,,0.000030,0.000397,0.000373,0.000534,0.000840,0.001249,0.001530,0.001846,0.001672,0.001692,0.001458,0.001117,0.001048,0.000929,0.000800,0.000759,0.000639,0.000543,0.000439,0.000429,0.000370,0.000300,0.000207,0.000171,0.000043,0.000038,0.000110,0.000112,0.000106,0.000080,0.000074,0.000064,0.000044,0.000003,0.000024,0.000111,0.000321
190,,,,,,,,,,,,,,0.000004,0.000087,0.000127,0.000274,0.000552,0.000991,0.001320,0.001794,0.001727,0.001785,0.001594,0.001259,0.001206,0.001062,0.000938,0.000985,0.000903,0.000869,0.000843,0.000786,0.000694,0.000591,0.000425,0.000345,0.000090,0.000083,0.000230,0.000199,0.000195,0.000138,0.000122,0.000084,0.000047,0.000004,0.000013,0.000024,0.000042
191,,,,,,,,,,,,,,0.000020,0.000437,0.000416,0.000352,0.000321,0.000311,0.000255,0.000217,0.000158,0.000148,0.000112,0.000099,0.000094,0.000091,0.000069,0.000068,0.000054,0.000047,0.000036,0.000035,0.000034,0.000038,0.000037,0.000035,0.000021,0.000023,0.000041,0.000054,0.000059,0.000043,0.000034,0.000021,0.000017,0.000002,0.000009,0.000048,0.000213
192,,,,,,,,,,,,,,0.000004,0.000082,0.000061,0.000068,0.000076,0.000082,0.000092,0.000106,0.000107,0.000106,0.000094,0.000098,0.000108,0.000106,0.000100,0.000106,0.000084,0.000075,0.000066,0.000061,0.000068,0.000071,0.000050,0.000050,0.000024,0.000031,0.000071,0.000082,0.000080,0.000071,0.000113,0.000123,0.000104,0.000038,0.000146,0.000148,0.000236
193,,,,,,,,,,,,,,0.000004,0.000076,0.000070,0.000074,0.000075,0.000095,0.000104,0.000120,0.000100,0.000106,0.000103,0.000097,0.000103,0.000112,0.000135,0.000165,0.000190,0.000210,0.000232,0.000271,0.000263,0.000234,0.000173,0.000140,0.000081,0.000099,0.000159,0.000142,0.000140,0.000097,0.000074,0.000046,0.000024,0.000008,0.000045,0.000062,0.000108
194,,,,,,,,,,,,,,0.000008,0.000153,0.000134,0.000141,0.000176,0.000261,0.000345,0.000363,0.000314,0.000306,0.000267,0.000223,0.000226,0.000219,0.000174,0.000164,0.000141,0.000113,0.000080,0.000086,0.000083,0.000073,0.000056,0.000052,0.000020,0.000030,0.000110,0.000089,0.000082,0.000063,0.000051,0.000029,0.000026,0.000016,0.000123,0.000134,0.000220
195,,,,,,,,,,,,,,0.000004,0.000100,0.000099,0.000066,0.000070,0.000069,0.000061,0.000049,0.000031,0.000021,0.000018,0.000020,0.000017,0.000029,0.000033,0.000039,0.000039,0.000046,0.000047,0.000059,0.000066,0.000073,0.000068,0.000058,0.000039,0.000043,0.000049,0.000055,0.000076,0.000095,0.000142,0.000168,0.000149,0.000031,0.000058,0.000116,0.000200
196,,,,,,,,,,,,,,0.000003,0.000063,0.000060,0.000056,0.000063,0.000082,0.000083,0.000076,0.000064,0.000063,0.000066,0.000062,0.000070,0.000068,0.000061,0.000082,0.000104,0.000153,0.000210,0.000407,0.000578,0.000634,0.000659,0.000529,0.000140,0.000142,0.000418,0.000342,0.000316,0.000199,0.000150,0.000086,0.000041,0.000004,0.000016,0.000031,0.000070
197,,,,,,,,,,,,,,0.000004,0.000086,0.000095,0.000140,0.000238,0.000414,0.000696,0.000900,0.000915,0.001009,0.000909,0.000840,0.000862,0.000786,0.000657,0.000582,0.000475,0.000415,0.000315,0.000327,0.000303,0.000254,0.000211,0.000197,0.000056,0.000063,0.000215,0.000213,0.000232,0.000171,0.000176,0.000160,0.000107,0.000009,0.000032,0.000055,0.000078
198,,,,,,,,,,,,,,0.000005,0.000136,0.000131,0.000147,0.000151,0.000188,0.000199,0.000236,0.000206,0.000203,0.000177,0.000154,0.000161,0.000154,0.000138,0.000145,0.000129,0.000122,0.000105,0.000105,0.000093,0.000083,0.000061,0.000049,0.000018,0.000032,0.000074,0.000082,0.000103,0.000080,0.000063,0.000036,0.000013,0.000001,0.000012,0.000032,0.000073
199,,,,,,,,,,,,,,0.000010,0.000206,0.000203,0.000181,0.000169,0.000188,0.000209,0.000240,0.000314,0.000310,0.000383,0.000565,0.000472,0.000404,0.000283,0.000230,0.000171,0.000140,0.000099,0.000117,0.000116,0.000112,0.000101,0.000089,0.000047,0.000042,0.000089,0.000080,0.000082,0.000067,0.000047,0.000030,0.000017,0.000004,0.000020,0.000053,0.000115
200,,,,,,,,,,,,,,0.000006,0.000129,0.000116,0.000098,0.000078,0.000080,0.000068,0.000073,0.000063,0.000069,0.000055,0.000040,0.000045,0.000046,0.000042,0.000043,0.000035,0.000029,0.000026,0.000019,0.000031,0.000063,0.000097,0.000150,0.000324,0.000502,0.000658,0.000482,0.000310,0.000200,0.000113,0.000073,0.000045,0.000005,0.000013,0.000027,0.000056
201,,,,,,,,,,,,,,0.000002,0.000057,0.000068,0.000123,0.000236,0.000472,0.000729,0.001085,0.001160,0.001394,0.001386,0.001233,0.001321,0.001242,0.001120,0.001062,0.000879,0.000696,0.000488,0.000473,0.000391,0.000335,0.000258,0.000236,0.000079,0.000075,0.000281,0.000299,0.000330,0.000216,0.000168,0.000097,0.000043,0.000003,0.000011,0.000021,0.000049
202,,,,,,,,,,,,,,0.000022,0.000604,0.000656,0.000770,0.000802,0.000878,0.000802,0.000798,0.000605,0.000585,0.000488,0.000378,0.000383,0.000355,0.000310,0.000327,0.000286,0.000241,0.000187,0.000188,0.000168,0.000140,0.000112,0.000112,0.000044,0.000038,0.000112,0.000103,0.000121,0.000105,0.000082,0.000060,0.000035,0.000003,0.000018,0.000046,0.000113
203,,,,,,,,,,,,,,0.000021,0.000223,0.000161,0.000153,0.000166,0.000184,0.000163,0.000165,0.000145,0.000141,0.000150,0.000144,0.000154,0.000205,0.000216,0.000258,0.000311,0.000348,0.000401,0.000485,0.000389,0.000271,0.000169,0.000109,0.000041,0.000041,0.000063,0.000069,0.000056,0.000054,0.000035,0.000023,0.000011,0.000005,0.000093,0.000508,0.001326
204,,,,,,,,,,,,,,0.000003,0.000072,0.000059,0.000055,0.000059,0.000070,0.000072,0.000077,0.000066,0.000058,0.000046,0.000045,0.000058,0.000059,0.000052,0.000066,0.000074,0.000086,0.000114,0.000225,0.000369,0.000573,0.000710,0.000842,0.000235,0.000290,0.001223,0.001089,0.001018,0.000634,0.000465,0.000254,0.000124,0.000006,0.000012,0.000029,0.000059
205,,,,,,,,,,,,,,0.000003,0.000080,0.000074,0.000084,0.000098,0.000140,0.000169,0.000226,0.000286,0.000308,0.000262,0.000267,0.000320,0.000291,0.000230,0.000201,0.000160,0.000147,0.000109,0.000137,0.000156,0.000165,0.000166,0.000194,0.000113,0.000220,0.000235,0.000222,0.000215,0.000369,0.000155,0.000087,0.000043,0.000004,0.000025,0.000062,0.000128
206,,,,,,,,,,,,,,0.000007,0.000133,0.000105,0.000099,0.000091,0.000087,0.000081,0.000087,0.000071,0.000061,0.000053,0.000053,0.000045,0.000046,0.000038,0.000038,0.000032,0.000025,0.000035,0.000038,0.000043,0.000046,0.000039,0.000040,0.000020,0.000032,0.000157,0.000221,0.000207,0.000161,0.000117,0.000079,0.000054,0.000023,0.000122,0.000194,0.000278
207,,,,,,,,,,,,,,0.000005,0.000147,0.000142,0.000137,0.000127,0.000134,0.000138,0.000145,0.000133,0.000132,0.000131,0.000099,0.000118,0.000128,0.000122,0.000139,0.000133,0.000127,0.000112,0.000106,0.000092,0.000077,0.000070,0.000061,0.000047,0.000054,0.000076,0.000049,0.000042,0.000045,0.000034,0.000026,0.000018,0.000006,0.000023,0.000043,0.000083
208,,,,,,,,,,,,,,0.000009,0.000240,0.000211,0.000184,0.000166,0.000176,0.000251,0.000219,0.000167,0.000138,0.000135,0.000155,0.000121,0.000112,0.000072,0.000069,0.000057,0.000061,0.000060,0.000070,0.000086,0.000107,0.000108,0.000106,0.000054,0.000059,0.000118,0.000113,0.000110,0.000081,0.000056,0.000039,0.000022,0.000005,0.000015,0.000029,0.000049
209,,,,,,,,,,,,,,0.000004,0.000099,0.000087,0.000093,0.000078,0.000084,0.000078,0.000062,0.000046,0.000058,0.000050,0.000043,0.000040,0.000038,0.000054,0.000048,0.000068,0.000070,0.000057,0.000078,0.000091,0.000098,0.000106,0.000129,0.000089,0.000245,0.000743,0.000718,0.000595,0.000589,0.000363,0.000191,0.000103,0.000009,0.000039,0.000169,0.000316
210,,,,,,,,,,,,,,0.000003,0.000067,0.000057,0.000057,0.000067,0.000078,0.000075,0.000082,0.000076,0.000077,0.000068,0.000052,0.000068,0.000069,0.000075,0.000098,0.000121,0.000166,0.000194,0.000368,0.000573,0.000775,0.000684,0.000528,0.000134,0.000086,0.000086,0.000077,0.000075,0.000069,0.000058,0.000046,0.000034,0.000004,0.000013,0.000033,0.000077
211,,,,,,,,,,,,,,0.000003,0.000055,0.000052,0.000051,0.000053,0.000065,0.000084,0.000124,0.000171,0.000262,0.000329,0.000382,0.000530,0.000613,0.000630,0.000676,0.000661,0.000590,0.000440,0.000469,0.000407,0.000335,0.000266,0.000206,0.000075,0.000088,0.000150,0.000134,0.000122,0.000074,0.000043,0.000023,0.000010,0.000007,0.000018,0.000024,0.000044
212,,,,,,,,,,,,,,0.000002,0.000071,0.000092,0.000145,0.000258,0.000490,0.000709,0.001044,0.001219,0.001351,0.001384,0.001287,0.001501,0.001492,0.001468,0.001342,0.001066,0.000813,0.000546,0.000463,0.000351,0.000257,0.000173,0.000139,0.000047,0.000044,0.000120,0.000100,0.000088,0.000063,0.000062,0.000058,0.000059,0.000014,0.000032,0.000041,0.000073
213,,,,,,,,,,,,,,0.000028,0.000856,0.000951,0.001005,0.000936,0.000876,0.000755,0.000742,0.000566,0.000517,0.000449,0.000352,0.000350,0.000325,0.000291,0.000290,0.000253,0.000219,0.000188,0.000206,0.000188,0.000173,0.000140,0.000154,0.000136,0.000090,0.000153,0.000128,0.000103,0.000063,0.000047,0.000020,0.000009,0.000004,0.000023,0.000062,0.000168
214,,,,,,,,,,,,,,0.000006,0.000093,0.000071,0.000054,0.000065,0.000087,0.000097,0.000120,0.000127,0.000161,0.000183,0.000180,0.000198,0.000208,0.000197,0.000206,0.000179,0.000147,0.000118,0.000099,0.000078,0.000087,0.000084,0.000085,0.000191,0.000525,0.000709,0.000458,0.000305,0.000227,0.000086,0.000045,0.000024,0.000020,0.000128,0.000268,0.000393
215,,,,,,,,,,,,,,0.000004,0.000061,0.000054,0.000059,0.000062,0.000068,0.000072,0.000077,0.000071,0.000071,0.000071,0.000058,0.000052,0.000046,0.000035,0.000040,0.000039,0.000033,0.000034,0.000035,0.000030,0.000033,0.000033,0.000024,0.000023,0.000035,0.000041,0.000053,0.000054,0.000041,0.000040,0.000057,0.000070,0.000026,0.000102,0.000164,0.000227
216,,,,,,,,,,,,,,0.000003,0.000073,0.000082,0.000101,0.000106,0.000112,0.000107,0.000135,0.000112,0.000105,0.000100,0.000094,0.000093,0.000099,0.000100,0.000105,0.000097,0.000093,0.000075,0.000092,0.000092,0.000078,0.000042,0.000037,0.000018,0.000036,0.000115,0.000122,0.000165,0.000194,0.000343,0.000440,0.000430,0.000034,0.000034,0.000029,0.000042
217,,,,,,,,,,,,,,0.000002,0.000038,0.000032,0.000033,0.000047,0.000069,0.000096,0.000139,0.000168,0.000221,0.000226,0.000270,0.000369,0.000418,0.000351,0.000387,0.000371,0.000403,0.000396,0.000535,0.000639,0.000634,0.000528,0.000443,0.000163,0.000169,0.000415,0.000357,0.000341,0.000208,0.000184,0.000123,0.000075,0.000014,0.000037,0.000103,0.000183
218,,,,,,,,,,,,,,0.000003,0.000052,0.000031,0.000024,0.000024,0.000027,0.000032,0.000036,0.000056,0.000064,0.000072,0.000076,0.000105,0.000122,0.000127,0.000174,0.000195,0.000301,0.000238,0.000159,0.000132,0.000094,0.000080,0.000090,0.000180,0.000169,0.000189,0.000195,0.000216,0.000176,0.000145,0.000094,0.000054,0.000007,0.000013,0.000020,0.000075
219,,,,,,,,,,,,,,0.000022,0.000383,0.000334,0.000348,0.000376,0.000427,0.000460,0.000517,0.000455,0.000447,0.000411,0.000354,0.000374,0.000361,0.000350,0.000363,0.000334,0.000311,0.000273,0.000342,0.000412,0.000482,0.000425,0.000362,0.000079,0.000048,0.000139,0.000130,0.000138,0.000154,0.000091,0.000045,0.000021,0.000002,0.000018,0.000054,0.000118
220,,,,,,,,,,,,,,0.000006,0.000103,0.000073,0.000062,0.000059,0.000052,0.000062,0.000066,0.000052,0.000040,0.000038,0.000030,0.000032,0.000033,0.000031,0.000037,0.000037,0.000037,0.000037,0.000040,0.000039,0.000045,0.000066,0.000083,0.000104,0.000092,0.000090,0.000075,0.000076,0.000065,0.000039,0.000033,0.000030,0.000012,0.000044,0.000105,0.000243
221,,,,,,,,,,,,,,0.000013,0.000319,0.000277,0.000211,0.000230,0.000220,0.000206,0.000181,0.000146,0.000139,0.000115,0.000086,0.000090,0.000092,0.000080,0.000077,0.000075,0.000076,0.000066,0.000077,0.000085,0.000104,0.000097,0.000097,0.000109,0.000209,0.000233,0.000209,0.000199,0.000148,0.000111,0.000055,0.000022,0.000005,0.000019,0.000065,0.000188
222,,,,,,,,,,,,,,0.000015,0.000241,0.000190,0.000191,0.000182,0.000168,0.000140,0.000120,0.000075,0.000047,0.000038,0.000013,0.000005,0.000013,0.000012,0.000010,0.000019,0.000035,0.000053,0.000139,0.000276,0.000468,0.000558,0.000651,0.000215,0.000281,0.001034,0.000936,0.000861,0.000542,0.000372,0.000188,0.000082,0.000009,0.000081,0.000457,0.001105
223,,,,,,,,,,,,,,0.000004,0.000083,0.000082,0.000106,0.000102,0.000120,0.000116,0.000125,0.000141,0.000161,0.000151,0.000139,0.000193,0.000192,0.000173,0.000200,0.000174,0.000160,0.000144,0.000164,0.000131,0.000111,0.000080,0.000071,0.000031,0.000029,0.000055,0.000055,0.000074,0.000062,0.000071,0.000070,0.000082,0.000020,0.000050,0.000058,0.000100
224,,,,,,,,,,,,,,0.000022,0.000359,0.000275,0.000274,0.000251,0.000256,0.000237,0.000227,0.000214,0.000195,0.000181,0.000163,0.000159,0.000157,0.000147,0.000135,0.000117,0.000107,0.000087,0.000088,0.000086,0.000086,0.000099,0.000127,0.000067,0.000086,0.000069,0.000061,0.000038,0.000188,0.000078,0.000065,0.000032,0.000005,0.000019,0.000079,0.000255
225,,,,,,,,,,,,,,0.000002,0.000057,0.000058,0.000068,0.000094,0.000121,0.000137,0.000184,0.000179,0.000182,0.000161,0.000147,0.000137,0.000135,0.000114,0.000118,0.000109,0.000096,0.000086,0.000099,0.000102,0.000103,0.000076,0.000074,0.000050,0.000041,0.000116,0.000130,0.000166,0.000174,0.000257,0.000276,0.000256,0.000021,0.000048,0.000070,0.000111
226,,,,,,,,,,,,,,0.000002,0.000037,0.000037,0.000049,0.000060,0.000077,0.000091,0.000123,0.000161,0.000187,0.000199,0.000214,0.000274,0.000352,0.000240,0.000248,0.000191,0.000167,0.000130,0.000114,0.000104,0.000086,0.000081,0.000074,0.000028,0.000031,0.000103,0.000105,0.000106,0.000066,0.000048,0.000026,0.000014,0.000002,0.000008,0.000017,0.000046
227,,,,,,,,,,,,,,0.000021,0.000357,0.000298,0.000300,0.000291,0.000298,0.000275,0.000276,0.000233,0.000235,0.000219,0.000198,0.000191,0.000189,0.000173,0.000177,0.000164,0.000142,0.000115,0.000120,0.000105,0.000090,0.000068,0.000080,0.000028,0.000050,0.000226,0.000274,0.000369,0.000296,0.000271,0.000154,0.000070,0.000005,0.000023,0.000082,0.000255
228,,,,,,,,,,,,,,0.000002,0.000052,0.000043,0.000042,0.000044,0.000057,0.000057,0.000072,0.000059,0.000044,0.000041,0.000041,0.000049,0.000054,0.000047,0.000050,0.000054,0.000054,0.000064,0.000088,0.000107,0.000138,0.000179,0.000260,0.000220,0.000332,0.000377,0.000338,0.000303,0.000392,0.000130,0.000058,0.000030,0.000003,0.000011,0.000024,0.000060
229,,,,,,,,,,,,,,0.000006,0.000138,0.000135,0.000189,0.000314,0.000289,0.000314,0.000272,0.000253,0.000344,0.000381,0.000414,0.000544,0.000679,0.000747,0.000916,0.001019,0.001022,0.001017,0.001200,0.001153,0.000978,0.000682,0.000525,0.000141,0.000138,0.000329,0.000282,0.000264,0.000174,0.000151,0.000089,0.000056,0.000010,0.000052,0.000162,0.000369
230,,,,,,,,,,,,,,0.000003,0.000063,0.000064,0.000067,0.000079,0.000104,0.000119,0.000129,0.000132,0.000117,0.000098,0.000106,0.000147,0.000192,0.000250,0.000404,0.000540,0.000750,0.000828,0.000935,0.000876,0.000688,0.000512,0.000370,0.000079,0.000096,0.000339,0.000326,0.000349,0.000260,0.000238,0.000158,0.000093,0.000008,0.000022,0.000039,0.000061
231,,,,,,,,,,,,,,0.000004,0.000077,0.000060,0.000059,0.000051,0.000057,0.000053,0.000069,0.000066,0.000078,0.000068,0.000059,0.000060,0.000058,0.000058,0.000042,0.000039,0.000043,0.000056,0.000078,0.000092,0.000116,0.000120,0.000119,0.000054,0.000062,0.000109,0.000102,0.000118,0.000102,0.000139,0.000166,0.000196,0.000035,0.000081,0.000247,0.000229
232,,,,,,,,,,,,,,0.000002,0.000064,0.000042,0.000047,0.000085,0.000137,0.000248,0.000317,0.000370,0.000493,0.000601,0.000648,0.000855,0.000946,0.000980,0.001035,0.000936,0.000748,0.000544,0.000501,0.000403,0.000327,0.000237,0.000187,0.000048,0.000066,0.000183,0.000162,0.000171,0.000130,0.000109,0.000079,0.000048,0.000004,0.000008,0.000014,0.000026
233,,,,,,,,,,,,,,0.000005,0.000084,0.000066,0.000056,0.000059,0.000076,0.000080,0.000064,0.000057,0.000067,0.000091,0.000107,0.000107,0.000085,0.000090,0.000089,0.000098,0.000098,0.000088,0.000086,0.000081,0.000097,0.000104,0.000115,0.000116,0.000176,0.000138,0.000098,0.000092,0.000080,0.000034,0.000022,0.000027,0.000024,0.000094,0.000145,0.000226
234,,,,,,,,,,,,,,0.000019,0.000251,0.000215,0.000257,0.000330,0.000516,0.000639,0.000902,0.000932,0.001011,0.000908,0.000757,0.000879,0.000834,0.000760,0.000747,0.000653,0.000578,0.000469,0.000511,0.000427,0.000362,0.000259,0.000196,0.000055,0.000075,0.000210,0.000181,0.000165,0.000123,0.000107,0.000069,0.000037,0.000003,0.000013,0.000028,0.000116
235,,,,,,,,,,,,,,0.000011,0.000173,0.000125,0.000118,0.000150,0.000201,0.000240,0.000245,0.000219,0.000189,0.000189,0.000240,0.000181,0.000167,0.000134,0.000139,0.000120,0.000100,0.000077,0.000089,0.000098,0.000105,0.000100,0.000105,0.000063,0.000044,0.000087,0.000057,0.000063,0.000053,0.000046,0.000023,0.000015,0.000005,0.000068,0.000293,0.000793
236,,,,,,,,,,,,,,0.000002,0.000034,0.000032,0.000040,0.000044,0.000042,0.000037,0.000048,0.000033,0.000027,0.000021,0.000018,0.000032,0.000031,0.000030,0.000036,0.000034,0.000036,0.000053,0.000099,0.000170,0.000250,0.000324,0.000346,0.000118,0.000127,0.000401,0.000330,0.000310,0.000193,0.000157,0.000109,0.000058,0.000006,0.000014,0.000021,0.000035
237,,,,,,,,,,,,,,0.000015,0.000406,0.000446,0.000626,0.000757,0.000906,0.000853,0.000907,0.000719,0.000627,0.000495,0.000382,0.000359,0.000319,0.000272,0.000270,0.000230,0.000193,0.000151,0.000170,0.000161,0.000149,0.000115,0.000115,0.000041,0.000035,0.000077,0.000076,0.000073,0.000056,0.000046,0.000028,0.000015,0.000002,0.000019,0.000043,0.000080
238,,,,,,,,,,,,,,0.000003,0.000072,0.000059,0.000053,0.000056,0.000071,0.000093,0.000118,0.000142,0.000164,0.000189,0.000216,0.000255,0.000264,0.000239,0.000245,0.000219,0.000266,0.000286,0.000412,0.000532,0.000535,0.000510,0.000440,0.000147,0.000127,0.000427,0.000323,0.000362,0.000232,0.000206,0.000113,0.000057,0.000008,0.000019,0.000033,0.000061
239,,,,,,,,,,,,,,0.000004,0.000056,0.000047,0.000051,0.000077,0.000125,0.000184,0.000245,0.000254,0.000287,0.000263,0.000221,0.000224,0.000362,0.000303,0.000281,0.000198,0.000165,0.000109,0.000096,0.000093,0.000082,0.000075,0.000075,0.000029,0.000046,0.000060,0.000062,0.000067,0.000070,0.000052,0.000036,0.000020,0.000007,0.000023,0.000056,0.000114
240,,,,,,,,,,,,,,0.000002,0.000061,0.000092,0.000173,0.000249,0.000319,0.000351,0.000354,0.000279,0.000235,0.000168,0.000121,0.000104,0.000091,0.000093,0.000080,0.000080,0.000073,0.000079,0.000120,0.000136,0.000155,0.000137,0.000117,0.000038,0.000056,0.000166,0.000231,0.000316,0.000323,0.000385,0.000358,0.000246,0.000019,0.000042,0.000041,0.000072
241,,,,,,,,,,,,,,0.000013,0.000209,0.000192,0.000211,0.000244,0.000265,0.000260,0.000332,0.000297,0.000250,0.000201,0.000153,0.000131,0.000125,0.000102,0.000094,0.000091,0.000078,0.000064,0.000066,0.000069,0.000056,0.000032,0.000030,0.000025,0.000019,0.000041,0.000042,0.000039,0.000031,0.000015,0.000013,0.000007,0.000005,0.000089,0.000431,0.001052
242,,,,,,,,,,,,,,0.000003,0.000044,0.000025,0.000028,0.000044,0.000059,0.000066,0.000070,0.000078,0.000078,0.000068,0.000062,0.000056,0.000061,0.000058,0.000073,0.000085,0.000095,0.000104,0.000124,0.000133,0.000131,0.000107,0.000088,0.000037,0.000047,0.000094,0.000087,0.000088,0.000065,0.000048,0.000040,0.000028,0.000012,0.000024,0.000049,0.000072
243,,,,,,,,,,,,,,0.000005,0.000124,0.000113,0.000128,0.000140,0.000161,0.000141,0.000144,0.000122,0.000114,0.000100,0.000083,0.000083,0.000083,0.000067,0.000069,0.000079,0.000079,0.000058,0.000058,0.000068,0.000081,0.000080,0.000122,0.000040,0.000043,0.000190,0.000236,0.000326,0.000329,0.000459,0.000351,0.000197,0.000013,0.000045,0.000145,0.000197
244,,,,,,,,,,,,,,0.000003,0.000055,0.000045,0.000036,0.000034,0.000042,0.000032,0.000043,0.000038,0.000040,0.000037,0.000021,0.000026,0.000031,0.000028,0.000030,0.000039,0.000051,0.000053,0.000064,0.000062,0.000062,0.000073,0.000086,0.000074,0.000077,0.000153,0.000159,0.000182,0.000166,0.000187,0.000160,0.000122,0.000025,0.000051,0.000098,0.000144
245,,,,,,,,,,,,,,0.000002,0.000041,0.000044,0.000050,0.000056,0.000059,0.000070,0.000075,0.000071,0.000076,0.000077,0.000070,0.000068,0.000077,0.000069,0.000078,0.000070,0.000073,0.000060,0.000064,0.000059,0.000057,0.000055,0.000038,0.000025,0.000027,0.000051,0.000046,0.000051,0.000044,0.000036,0.000029,0.000017,0.000004,0.000017,0.000021,0.000034
246,,,,,,,,,,,,,,0.000002,0.000044,0.000063,0.000115,0.000144,0.000195,0.000216,0.000234,0.000211,0.000188,0.000176,0.000161,0.000162,0.000150,0.000133,0.000136,0.000124,0.000120,0.000101,0.000099,0.000097,0.000095,0.000084,0.000076,0.000031,0.000030,0.000083,0.000072,0.000064,0.000051,0.000029,0.000017,0.000011,0.000002,0.000010,0.000021,0.000042
247,,,,,,,,,,,,,,0.000002,0.000042,0.000030,0.000035,0.000039,0.000048,0.000064,0.000077,0.000072,0.000075,0.000064,0.000092,0.000073,0.000068,0.000060,0.000069,0.000068,0.000065,0.000065,0.000083,0.000092,0.000088,0.000071,0.000061,0.000024,0.000024,0.000076,0.000094,0.000130,0.000148,0.000209,0.000201,0.000141,0.000024,0.000071,0.000071,0.000093
248,,,,,,,,,,,,,,0.000009,0.000241,0.000313,0.000517,0.000692,0.000898,0.000976,0.001078,0.001035,0.001100,0.001044,0.000917,0.000943,0.000858,0.000737,0.000699,0.000585,0.000505,0.000349,0.000321,0.000270,0.000208,0.000150,0.000119,0.000036,0.000038,0.000076,0.000074,0.000075,0.000049,0.000040,0.000025,0.000014,0.000004,0.000020,0.000043,0.000093
249,,,,,,,,,,,,,,0.000002,0.000035,0.000049,0.000125,0.000263,0.000535,0.000658,0.000841,0.000709,0.000706,0.000605,0.000535,0.000435,0.000405,0.000385,0.000470,0.000559,0.000682,0.000879,0.001006,0.000943,0.000796,0.000543,0.000368,0.000093,0.000118,0.000273,0.000223,0.000222,0.000185,0.000132,0.000083,0.000047,0.000005,0.000010,0.000011,0.000023
250,,,,,,,,,,,,,,0.000017,0.000336,0.000291,0.000369,0.000369,0.000355,0.000294,0.000260,0.000205,0.000158,0.000126,0.000097,0.000100,0.000094,0.000081,0.000080,0.000071,0.000067,0.000062,0.000072,0.000079,0.000084,0.000110,0.000158,0.000174,0.000267,0.000285,0.000172,0.000115,0.000109,0.000056,0.000041,0.000032,0.000007,0.000020,0.000094,0.000221
251,,,,,,,,,,,,,,0.000002,0.000053,0.000044,0.000052,0.000060,0.000069,0.000073,0.000083,0.000084,0.000078,0.000071,0.000063,0.000066,0.000065,0.000058,0.000065,0.000062,0.000058,0.000049,0.000051,0.000053,0.000070,0.000103,0.000184,0.000248,0.000238,0.000178,0.000148,0.000100,0.000047,0.000029,0.000017,0.000010,0.000004,0.000014,0.000030,0.000055
252,,,,,,,,,,,,,,0.000004,0.000099,0.000101,0.000130,0.000172,0.000261,0.000378,0.000612,0.000747,0.000963,0.001071,0.001068,0.001221,0.001204,0.001096,0.001107,0.000943,0.000781,0.000548,0.000521,0.000450,0.000391,0.000300,0.000281,0.000073,0.000068,0.000234,0.000231,0.000248,0.000187,0.000169,0.000111,0.000065,0.000005,0.000054,0.000072,0.000110
253,,,,,,,,,,,,,,0.000003,0.000062,0.000051,0.000055,0.000062,0.000086,0.000091,0.000086,0.000079,0.000063,0.000057,0.000054,0.000051,0.000062,0.000061,0.000072,0.000072,0.000057,0.000062,0.000083,0.000091,0.000100,0.000087,0.000079,0.000045,0.000045,0.000068,0.000061,0.000071,0.000072,0.000138,0.000187,0.000179,0.000029,0.000085,0.000129,0.000177
254,,,,,,,,,,,,,,0.000002,0.000061,0.000052,0.000042,0.000034,0.000034,0.000026,0.000035,0.000043,0.000053,0.000043,0.000051,0.000042,0.000046,0.000054,0.000059,0.000050,0.000059,0.000060,0.000074,0.000077,0.000091,0.000093,0.000100,0.000058,0.000067,0.000275,0.000386,0.000605,0.000621,0.000753,0.000594,0.000375,0.000027,0.000044,0.000049,0.000074
255,,,,,,,,,,,,,,0.000001,0.000026,0.000024,0.000023,0.000044,0.000109,0.000169,0.000137,0.000200,0.000177,0.000202,0.000203,0.000201,0.000206,0.000164,0.000186,0.000165,0.000161,0.000140,0.000138,0.000142,0.000138,0.000135,0.000124,0.000074,0.000079,0.000115,0.000125,0.000105,0.000150,0.000099,0.000124,0.000129,0.000026,0.000063,0.000087,0.000109
256,,,,,,,,,,,,,,0.000007,0.000099,0.000097,0.000098,0.000111,0.000116,0.000133,0.000136,0.000164,0.000175,0.000110,0.000092,0.000108,0.000096,0.000071,0.000070,0.000062,0.000063,0.000053,0.000050,0.000052,0.000054,0.000051,0.000042,0.000062,0.000101,0.000085,0.000093,0.000086,0.000068,0.000053,0.000040,0.000023,0.000018,0.000059,0.000210,0.000378
257,,,,,,,,,,,,,,0.000009,0.000246,0.000262,0.000246,0.000233,0.000235,0.000219,0.000212,0.000171,0.000148,0.000134,0.000111,0.000122,0.000100,0.000086,0.000069,0.000063,0.000060,0.000069,0.000077,0.000081,0.000083,0.000081,0.000087,0.000037,0.000043,0.000079,0.000219,0.000163,0.000065,0.000053,0.000033,0.000022,0.000004,0.000009,0.000019,0.000063
258,,,,,,,,,,,,,,0.000012,0.000317,0.000314,0.000353,0.000342,0.000401,0.000291,0.000278,0.000219,0.000188,0.000156,0.000103,0.000105,0.000093,0.000073,0.000073,0.000060,0.000046,0.000037,0.000040,0.000038,0.000034,0.000031,0.000048,0.000034,0.000043,0.000138,0.000182,0.000253,0.000234,0.000262,0.000211,0.000154,0.000015,0.000025,0.000045,0.000147
259,,,,,,,,,,,,,,0.000002,0.000136,0.000278,0.000543,0.000802,0.001053,0.001115,0.001243,0.001043,0.000839,0.000648,0.000451,0.000412,0.000366,0.000308,0.000283,0.000237,0.000203,0.000152,0.000160,0.000140,0.000119,0.000089,0.000082,0.000030,0.000033,0.000117,0.000144,0.000184,0.000166,0.000175,0.000137,0.000084,0.000005,0.000011,0.000016,0.000033
260,,,,,,,,,,,,,,0.000020,0.000305,0.000183,0.000117,0.000080,0.000060,0.000026,0.000023,0.000034,0.000023,0.000032,0.000022,0.000015,0.000028,0.000023,0.000017,0.000031,0.000038,0.000043,0.000045,0.000051,0.000070,0.000089,0.000116,0.000093,0.000136,0.000310,0.000359,0.000329,0.000245,0.000187,0.000115,0.000070,0.000011,0.000094,0.000296,0.000604
261,,,,,,,,,,,,,,0.000008,0.000171,0.000152,0.000146,0.000133,0.000141,0.000161,0.000171,0.000161,0.000165,0.000192,0.000189,0.000193,0.000196,0.000169,0.000151,0.000119,0.000104,0.000088,0.000092,0.000104,0.000102,0.000090,0.000050,0.000025,0.000103,0.000133,0.000115,0.000119,0.000309,0.000089,0.000053,0.000022,0.000004,0.000018,0.000044,0.000092
262,,,,,,,,,,,,,,0.000003,0.000078,0.000056,0.000056,0.000051,0.000051,0.000048,0.000064,0.000033,0.000039,0.000038,0.000046,0.000097,0.000159,0.000243,0.000431,0.000633,0.000823,0.001126,0.001284,0.001304,0.001201,0.000964,0.000852,0.000215,0.000219,0.000688,0.000607,0.000620,0.000425,0.000344,0.000219,0.000116,0.000007,0.000013,0.000029,0.000044
263,,,,,,,,,,,,,,0.000029,0.000576,0.000610,0.000676,0.000670,0.000635,0.000550,0.000516,0.000411,0.000387,0.000325,0.000256,0.000252,0.000236,0.000195,0.000190,0.000165,0.000141,0.000094,0.000102,0.000088,0.000087,0.000067,0.000062,0.000040,0.000035,0.000088,0.000081,0.000079,0.000066,0.000046,0.000033,0.000016,0.000004,0.000018,0.000062,0.000194
264,,,,,,,,,,,,,,0.000009,0.000161,0.000121,0.000111,0.000126,0.000119,0.000115,0.000162,0.000157,0.000170,0.000193,0.000181,0.000250,0.000288,0.000280,0.000345,0.000352,0.000329,0.000288,0.000362,0.000361,0.000363,0.000256,0.000220,0.000071,0.000042,0.000075,0.000083,0.000082,0.000050,0.000038,0.000023,0.000019,0.000005,0.000040,0.000163,0.000390
265,,,,,,,,,,,,,,0.000006,0.000110,0.000101,0.000113,0.000122,0.000141,0.000134,0.000130,0.000118,0.000108,0.000090,0.000084,0.000087,0.000105,0.000084,0.000080,0.000079,0.000070,0.000050,0.000048,0.000046,0.000059,0.000110,0.000153,0.000159,0.000450,0.000850,0.000706,0.000517,0.000313,0.000192,0.000120,0.000073,0.000007,0.000074,0.000213,0.000351
266,,,,,,,,,,,,,,0.000002,0.000053,0.000044,0.000044,0.000047,0.000051,0.000072,0.000107,0.000236,0.000226,0.000256,0.000238,0.000308,0.000283,0.000260,0.000281,0.000288,0.000313,0.000322,0.000441,0.000495,0.000524,0.000461,0.000371,0.000089,0.000097,0.000301,0.000295,0.000291,0.000196,0.000172,0.000120,0.000074,0.000006,0.000015,0.000032,0.000057
267,,,,,,,,,,,,,,0.000010,0.000161,0.000134,0.000108,0.000110,0.000099,0.000094,0.000092,0.000065,0.000065,0.000052,0.000046,0.000048,0.000053,0.000055,0.000056,0.000058,0.000063,0.000069,0.000157,0.000292,0.000495,0.000608,0.000653,0.000235,0.000320,0.000629,0.000544,0.000496,0.000332,0.000224,0.000127,0.000070,0.000006,0.000012,0.000021,0.000044
268,,,,,,,,,,,,,,0.000003,0.000082,0.000090,0.000111,0.000125,0.000138,0.000134,0.000154,0.000139,0.000142,0.000131,0.000114,0.000124,0.000120,0.000112,0.000116,0.000109,0.000105,0.000097,0.000093,0.000089,0.000086,0.000068,0.000058,0.000024,0.000024,0.000065,0.000065,0.000083,0.000061,0.000060,0.000037,0.000019,0.000002,0.000012,0.000029,0.000060
269,,,,,,,,,,,,,,0.000005,0.000079,0.000083,0.000108,0.000159,0.000356,0.000380,0.000368,0.000333,0.000242,0.000250,0.000382,0.000229,0.000198,0.000152,0.000141,0.000129,0.000118,0.000081,0.000084,0.000071,0.000055,0.000033,0.000048,0.000036,0.000039,0.000090,0.000092,0.000080,0.000074,0.000043,0.000028,0.000023,0.000004,0.000048,0.000161,0.000336
270,,,,,,,,,,,,,,0.000003,0.000070,0.000072,0.000081,0.000097,0.000128,0.000141,0.000162,0.000172,0.000241,0.000315,0.000395,0.000634,0.000843,0.000994,0.001186,0.001272,0.001169,0.000988,0.001036,0.000843,0.000615,0.000434,0.000294,0.000085,0.000081,0.000216,0.000172,0.000153,0.000101,0.000071,0.000032,0.000015,0.000004,0.000025,0.000059,0.000103
271,,,,,,,,,,,,,,0.000004,0.000085,0.000060,0.000047,0.000041,0.000049,0.000056,0.000064,0.000064,0.000054,0.000055,0.000064,0.000067,0.000072,0.000072,0.000074,0.000079,0.000082,0.000071,0.000084,0.000095,0.000105,0.000119,0.000137,0.000071,0.000103,0.000387,0.000527,0.000674,0.000561,0.000546,0.000379,0.000211,0.000022,0.000055,0.000114,0.000184
272,,,,,,,,,,,,,,0.000012,0.000328,0.000309,0.000339,0.000306,0.000285,0.000223,0.000186,0.000146,0.000119,0.000102,0.000074,0.000059,0.000060,0.000047,0.000049,0.000050,0.000053,0.000052,0.000063,0.000072,0.000081,0.000124,0.000142,0.000071,0.000081,0.000210,0.000194,0.000180,0.000104,0.000072,0.000042,0.000019,0.000005,0.000026,0.000119,0.000312
273,,,,,,,,,,,,,,0.000012,0.000292,0.000275,0.000256,0.000214,0.000197,0.000184,0.000199,0.000164,0.000188,0.000167,0.000162,0.000226,0.000250,0.000256,0.000301,0.000311,0.000330,0.000334,0.000390,0.000392,0.000384,0.000390,0.000471,0.000308,0.000260,0.000228,0.000182,0.000146,0.000125,0.000092,0.000067,0.000040,0.000007,0.000018,0.000022,0.000059
274,,,,,,,,,,,,,,0.000005,0.000133,0.000143,0.000140,0.000184,0.000265,0.000404,0.000640,0.000831,0.001093,0.001358,0.001438,0.001845,0.001947,0.001957,0.002150,0.002027,0.001835,0.001435,0.001432,0.001251,0.001039,0.000765,0.000615,0.000135,0.000161,0.000585,0.000550,0.000559,0.000408,0.000344,0.000228,0.000130,0.000008,0.000023,0.000050,0.000110
275,,,,,,,,,,,,,,0.000003,0.000079,0.000083,0.000104,0.000112,0.000131,0.000133,0.000146,0.000115,0.000112,0.000087,0.000074,0.000084,0.000074,0.000076,0.000089,0.000103,0.000131,0.000174,0.000330,0.000462,0.000516,0.000568,0.000478,0.000119,0.000103,0.000331,0.000247,0.000233,0.000139,0.000106,0.000056,0.000022,0.000002,0.000010,0.000023,0.000060
276,,,,,,,,,,,,,,0.000003,0.000057,0.000069,0.000064,0.000067,0.000080,0.000089,0.000096,0.000077,0.000071,0.000067,0.000058,0.000070,0.000077,0.000087,0.000109,0.000113,0.000132,0.000141,0.000189,0.000207,0.000210,0.000166,0.000157,0.000053,0.000062,0.000198,0.000241,0.000372,0.000381,0.000494,0.000495,0.000412,0.000036,0.000073,0.000117,0.000152
277,,,,,,,,,,,,,,0.000024,0.000444,0.000388,0.000419,0.000453,0.000508,0.000451,0.000459,0.000384,0.000372,0.000326,0.000258,0.000282,0.000270,0.000238,0.000236,0.000222,0.000199,0.000180,0.000189,0.000177,0.000161,0.000129,0.000121,0.000042,0.000049,0.000149,0.000143,0.000143,0.000098,0.000077,0.000051,0.000028,0.000002,0.000019,0.000065,0.000204
278,,,,,,,,,,,,,,0.000004,0.000089,0.000083,0.000087,0.000092,0.000104,0.000134,0.000167,0.000194,0.000232,0.000228,0.000206,0.000217,0.000209,0.000179,0.000176,0.000149,0.000124,0.000083,0.000086,0.000084,0.000081,0.000082,0.000100,0.000041,0.000045,0.000062,0.000062,0.000108,0.000064,0.000045,0.000029,0.000019,0.000006,0.000020,0.000043,0.000069
279,,,,,,,,,,,,,,0.000010,0.000191,0.000171,0.000168,0.000166,0.000153,0.000157,0.000141,0.000119,0.000102,0.000089,0.000062,0.000062,0.000058,0.000043,0.000046,0.000043,0.000036,0.000027,0.000028,0.000025,0.000024,0.000022,0.000029,0.000018,0.000022,0.000047,0.000052,0.000067,0.000057,0.000060,0.000044,0.000033,0.000005,0.000015,0.000042,0.000158
280,,,,,,,,,,,,,,0.000009,0.000204,0.000160,0.000159,0.000136,0.000144,0.000147,0.000126,0.000095,0.000110,0.000088,0.000078,0.000085,0.000076,0.000063,0.000069,0.000072,0.000098,0.000129,0.000100,0.000096,0.000096,0.000116,0.000102,0.000045,0.000037,0.000064,0.000051,0.000057,0.000050,0.000044,0.000035,0.000025,0.000005,0.000016,0.000049,0.000078
281,,,,,,,,,,,,,,0.000004,0.000111,0.000096,0.000092,0.000087,0.000096,0.000101,0.000108,0.000102,0.000105,0.000111,0.000104,0.000111,0.000109,0.000093,0.000093,0.000079,0.000063,0.000059,0.000078,0.000088,0.000106,0.000099,0.000082,0.000041,0.000048,0.000098,0.000118,0.000125,0.000112,0.000117,0.000091,0.000067,0.000013,0.000026,0.000046,0.000097
282,,,,,,,,,,,,,,0.000002,0.000041,0.000036,0.000033,0.000042,0.000045,0.000049,0.000058,0.000060,0.000074,0.000087,0.000095,0.000112,0.000116,0.000109,0.000116,0.000104,0.000093,0.000082,0.000105,0.000139,0.000239,0.000338,0.000491,0.000333,0.000346,0.000288,0.000289,0.000252,0.000244,0.000083,0.000030,0.000017,0.000004,0.000015,0.000034,0.000069
283,,,,,,,,,,,,,,0.000011,0.000172,0.000140,0.000160,0.000180,0.000197,0.000202,0.000239,0.000222,0.000239,0.000226,0.000203,0.000206,0.000192,0.000187,0.000175,0.000148,0.000147,0.000145,0.000127,0.000116,0.000107,0.000089,0.000071,0.000020,0.000025,0.000063,0.000069,0.000079,0.000055,0.000054,0.000038,0.000023,0.000002,0.000022,0.000062,0.000142
284,,,,,,,,,,,,,,0.000008,0.000156,0.000115,0.000102,0.000090,0.000087,0.000089,0.000098,0.000081,0.000068,0.000067,0.000049,0.000050,0.000052,0.000044,0.000052,0.000050,0.000057,0.000049,0.000066,0.000102,0.000147,0.000184,0.000234,0.000079,0.000108,0.000484,0.000458,0.000467,0.000301,0.000231,0.000144,0.000085,0.000007,0.000028,0.000078,0.000211
285,,,,,,,,,,,,,,0.000006,0.000129,0.000133,0.000140,0.000127,0.000135,0.000153,0.000165,0.000162,0.000140,0.000110,0.000099,0.000101,0.000094,0.000084,0.000092,0.000081,0.000076,0.000076,0.000075,0.000072,0.000069,0.000057,0.000041,0.000021,0.000027,0.000047,0.000034,0.000046,0.000040,0.000035,0.000026,0.000018,0.000004,0.000017,0.000039,0.000073
286,,,,,,,,,,,,,,0.000014,0.000204,0.000145,0.000135,0.000123,0.000110,0.000068,0.000054,0.000046,0.000031,0.000027,0.000031,0.000013,0.000016,0.000025,0.000027,0.000033,0.000044,0.000061,0.000099,0.000194,0.000423,0.000681,0.000893,0.000271,0.000154,0.000108,0.000118,0.000121,0.000098,0.000093,0.000075,0.000051,0.000010,0.000051,0.000147,0.000349
287,,,,,,,,,,,,,,0.000004,0.000066,0.000056,0.000044,0.000035,0.000029,0.000040,0.000057,0.000063,0.000067,0.000077,0.000066,0.000081,0.000082,0.000073,0.000084,0.000103,0.000099,0.000077,0.000086,0.000094,0.000127,0.000218,0.000166,0.000138,0.000147,0.000278,0.000450,0.000317,0.000388,0.000212,0.000123,0.000094,0.000033,0.000163,0.000285,0.000348
288,,,,,,,,,,,,,,0.000003,0.000046,0.000064,0.000112,0.000210,0.000384,0.000588,0.000878,0.000991,0.001148,0.001133,0.001122,0.001150,0.001057,0.000923,0.000924,0.000798,0.000676,0.000520,0.000543,0.000466,0.000399,0.000295,0.000243,0.000063,0.000060,0.000167,0.000175,0.000189,0.000128,0.000103,0.000073,0.000054,0.000006,0.000032,0.000033,0.000064
289,,,,,,,,,,,,,,0.000002,0.000065,0.000044,0.000035,0.000027,0.000030,0.000035,0.000028,0.000034,0.000047,0.000057,0.000076,0.000102,0.000138,0.000170,0.000232,0.000297,0.000375,0.000461,0.000695,0.000908,0.001069,0.001086,0.001077,0.000330,0.000370,0.001213,0.001089,0.001044,0.000707,0.000583,0.000348,0.000186,0.000018,0.000051,0.000076,0.000129
290,,,,,,,,,,,,,,0.000003,0.000063,0.000055,0.000062,0.000062,0.000074,0.000082,0.000114,0.000111,0.000103,0.000105,0.000105,0.000107,0.000102,0.000105,0.000117,0.000130,0.000138,0.000189,0.000293,0.000311,0.000265,0.000240,0.000199,0.000082,0.000092,0.000295,0.000470,0.000333,0.000237,0.000151,0.000100,0.000062,0.000005,0.000012,0.000024,0.000057
291,,,,,,,,,,,,,,0.000001,0.000027,0.000028,0.000035,0.000043,0.000060,0.000075,0.000078,0.000083,0.000087,0.000073,0.000058,0.000065,0.000052,0.000048,0.000045,0.000039,0.000033,0.000035,0.000036,0.000038,0.000043,0.000047,0.000072,0.000042,0.000069,0.000326,0.000383,0.000516,0.000468,0.000448,0.000300,0.000150,0.000011,0.000038,0.000043,0.000059
292,,,,,,,,,,,,,,0.000004,0.000083,0.000070,0.000087,0.000115,0.000126,0.000139,0.000148,0.000138,0.000137,0.000118,0.000105,0.000109,0.000092,0.000082,0.000094,0.000084,0.000087,0.000078,0.000105,0.000112,0.000116,0.000108,0.000118,0.000053,0.000032,0.000096,0.000106,0.000141,0.000134,0.000136,0.000121,0.000118,0.000024,0.000077,0.000108,0.000168
293,,,,,,,,,,,,,,0.000031,0.000542,0.000437,0.000400,0.000348,0.000343,0.000294,0.000270,0.000245,0.000226,0.000181,0.000130,0.000124,0.000108,0.000090,0.000081,0.000089,0.000084,0.000080,0.000084,0.000087,0.000107,0.000117,0.000215,0.000107,0.000100,0.000102,0.000101,0.000101,0.000102,0.000146,0.000112,0.000062,0.000009,0.000037,0.000104,0.000254
294,,,,,,,,,,,,,,0.000003,0.000109,0.000094,0.000110,0.000121,0.000143,0.000138,0.000176,0.000162,0.000156,0.000132,0.000102,0.000116,0.000106,0.000110,0.000123,0.000135,0.000118,0.000100,0.000112,0.000100,0.000089,0.000073,0.000066,0.000023,0.000034,0.000116,0.000120,0.000121,0.000087,0.000071,0.000043,0.000026,0.000003,0.000012,0.000026,0.000071
295,,,,,,,,,,,,,,0.000005,0.000155,0.000178,0.000171,0.000138,0.000120,0.000092,0.000090,0.000064,0.000045,0.000037,0.000036,0.000039,0.000029,0.000025,0.000026,0.000027,0.000034,0.000037,0.000042,0.000041,0.000043,0.000041,0.000037,0.000051,0.000108,0.000379,0.000388,0.000370,0.000311,0.000379,0.000357,0.000277,0.000024,0.000049,0.000148,0.000103
296,,,,,,,,,,,,,,0.000006,0.000133,0.000120,0.000121,0.000119,0.000129,0.000139,0.000142,0.000115,0.000121,0.000116,0.000108,0.000109,0.000105,0.000088,0.000081,0.000068,0.000066,0.000062,0.000081,0.000075,0.000072,0.000069,0.000073,0.000030,0.000028,0.000061,0.000055,0.000055,0.000038,0.000026,0.000024,0.000021,0.000006,0.000023,0.000053,0.000198
297,,,,,,,,,,,,,,0.000003,0.000078,0.000072,0.000067,0.000066,0.000062,0.000068,0.000088,0.000067,0.000060,0.000056,0.000056,0.000062,0.000064,0.000061,0.000044,0.000033,0.000042,0.000043,0.000045,0.000046,0.000060,0.000074,0.000091,0.000073,0.000109,0.000370,0.000436,0.000593,0.000540,0.000582,0.000488,0.000352,0.000033,0.000061,0.000073,0.000102
298,,,,,,,,,,,,,,0.000003,0.000063,0.000067,0.000081,0.000095,0.000109,0.000124,0.000143,0.000148,0.000170,0.000182,0.000191,0.000278,0.000371,0.000474,0.000650,0.000829,0.000957,0.001004,0.001222,0.001228,0.001074,0.000807,0.000629,0.000131,0.000140,0.000466,0.000466,0.000457,0.000325,0.000280,0.000177,0.000108,0.000007,0.000026,0.000054,0.000103
299,,,,,,,,,,,,,,0.000008,0.000146,0.000144,0.000183,0.000186,0.000206,0.000184,0.000211,0.000230,0.000182,0.000190,0.000208,0.000176,0.000174,0.000133,0.000126,0.000097,0.000080,0.000056,0.000046,0.000044,0.000073,0.000097,0.000098,0.000074,0.000154,0.000426,0.000331,0.000287,0.000165,0.000117,0.000076,0.000057,0.000014,0.000054,0.000305,0.000577
300,,,,,,,,,,,,,,0.000004,0.000093,0.000087,0.000099,0.000108,0.000136,0.000174,0.000221,0.000247,0.000335,0.000410,0.000493,0.000589,0.000613,0.000695,0.000820,0.000819,0.000751,0.000533,0.000448,0.000333,0.000254,0.000180,0.000149,0.000039,0.000036,0.000128,0.000136,0.000141,0.000109,0.000091,0.000070,0.000043,0.000003,0.000011,0.000027,0.000043
301,,,,,,,,,,,,,,0.000014,0.000273,0.000227,0.000261,0.000280,0.000306,0.000251,0.000248,0.000232,0.000206,0.000167,0.000126,0.000153,0.000145,0.000139,0.000136,0.000133,0.000122,0.000095,0.000107,0.000109,0.000115,0.000116,0.000115,0.000046,0.000079,0.000188,0.000168,0.000163,0.000127,0.000110,0.000084,0.000053,0.000003,0.000010,0.000027,0.000054
302,,,,,,,,,,,,,,0.000004,0.000076,0.000068,0.000071,0.000080,0.000094,0.000110,0.000113,0.000106,0.000107,0.000090,0.000074,0.000078,0.000080,0.000074,0.000077,0.000066,0.000065,0.000062,0.000065,0.000065,0.000058,0.000042,0.000054,0.000042,0.000105,0.000304,0.000427,0.000369,0.000457,0.000140,0.000077,0.000035,0.000006,0.000065,0.000101,0.000184
303,,,,,,,,,,,,,,0.000002,0.000043,0.000043,0.000045,0.000047,0.000063,0.000072,0.000104,0.000139,0.000170,0.000155,0.000195,0.000263,0.000307,0.000204,0.000199,0.000173,0.000150,0.000110,0.000112,0.000089,0.000068,0.000060,0.000051,0.000028,0.000036,0.000055,0.000045,0.000046,0.000035,0.000030,0.000022,0.000016,0.000005,0.000014,0.000029,0.000056
304,,,,,,,,,,,,,,0.000009,0.000188,0.000139,0.000132,0.000119,0.000115,0.000098,0.000112,0.000101,0.000084,0.000077,0.000056,0.000067,0.000058,0.000051,0.000046,0.000049,0.000046,0.000043,0.000049,0.000055,0.000049,0.000044,0.000057,0.000046,0.000047,0.000069,0.000079,0.000078,0.000070,0.000052,0.000035,0.000027,0.000005,0.000019,0.000048,0.000095
305,,,,,,,,,,,,,,0.000009,0.000323,0.000403,0.000548,0.000621,0.000682,0.000650,0.000643,0.000499,0.000427,0.000363,0.000297,0.000265,0.000228,0.000188,0.000179,0.000153,0.000117,0.000082,0.000085,0.000074,0.000063,0.000050,0.000045,0.000032,0.000050,0.000195,0.000185,0.000136,0.000067,0.000052,0.000031,0.000018,0.000006,0.000023,0.000039,0.000063
306,,,,,,,,,,,,,,0.000004,0.000115,0.000094,0.000094,0.000093,0.000103,0.000097,0.000121,0.000126,0.000112,0.000103,0.000087,0.000106,0.000123,0.000162,0.000213,0.000255,0.000258,0.000227,0.000238,0.000195,0.000140,0.000104,0.000087,0.000031,0.000058,0.000113,0.000111,0.000098,0.000068,0.000047,0.000032,0.000028,0.000006,0.000012,0.000025,0.000053
307,,,,,,,,,,,,,,0.000004,0.000077,0.000060,0.000062,0.000071,0.000100,0.000103,0.000128,0.000118,0.000117,0.000114,0.000112,0.000117,0.000117,0.000102,0.000086,0.000101,0.000132,0.000282,0.000439,0.000602,0.000720,0.000747,0.000749,0.000220,0.000222,0.000755,0.000614,0.000633,0.000409,0.000340,0.000205,0.000109,0.000006,0.000026,0.000041,0.000063
308,,,,,,,,,,,,,,0.000004,0.000069,0.000059,0.000080,0.000093,0.000107,0.000128,0.000163,0.000176,0.000248,0.000274,0.000284,0.000370,0.000411,0.000453,0.000514,0.000529,0.000508,0.000451,0.000554,0.000563,0.000627,0.000636,0.000657,0.000171,0.000198,0.000783,0.000720,0.000694,0.000455,0.000335,0.000193,0.000105,0.000010,0.000037,0.000049,0.000055
309,,,,,,,,,,,,,,0.000010,0.000233,0.000220,0.000240,0.000275,0.000289,0.000291,0.000310,0.000270,0.000271,0.000246,0.000195,0.000215,0.000204,0.000203,0.000216,0.000207,0.000193,0.000174,0.000213,0.000238,0.000285,0.000266,0.000273,0.000101,0.000078,0.000137,0.000171,0.000259,0.000176,0.000092,0.000048,0.000026,0.000003,0.000011,0.000021,0.000051
310,,,,,,,,,,,,,,0.000004,0.000062,0.000059,0.000067,0.000077,0.000087,0.000088,0.000104,0.000084,0.000080,0.000078,0.000072,0.000066,0.000059,0.000039,0.000033,0.000018,0.000010,0.000022,0.000027,0.000053,0.000129,0.000270,0.000575,0.000408,0.000422,0.000328,0.000233,0.000165,0.000116,0.000070,0.000038,0.000029,0.000006,0.000024,0.000057,0.000104
311,,,,,,,,,,,,,,0.000015,0.000335,0.000239,0.000170,0.000163,0.000166,0.000175,0.000147,0.000085,0.000076,0.000088,0.000163,0.000076,0.000087,0.000095,0.000120,0.000108,0.000183,0.000248,0.000143,0.000106,0.000089,0.000089,0.000097,0.000071,0.000062,0.000076,0.000073,0.000067,0.000057,0.000032,0.000029,0.000027,0.000022,0.000079,0.000310,0.000545
312,,,,,,,,,,,,,,0.000002,0.000045,0.000048,0.000033,0.000032,0.000030,0.000026,0.000030,0.000024,0.000032,0.000034,0.000029,0.000044,0.000078,0.000100,0.000116,0.000105,0.000117,0.000114,0.000178,0.000279,0.000440,0.000520,0.000469,0.000151,0.000122,0.000157,0.000153,0.000138,0.000141,0.000094,0.000074,0.000057,0.000009,0.000019,0.000031,0.000045
313,,,,,,,,,,,,,,0.000024,0.000492,0.000436,0.000472,0.000425,0.000461,0.000449,0.000435,0.000366,0.000358,0.000284,0.000226,0.000214,0.000187,0.000151,0.000148,0.000137,0.000128,0.000123,0.000118,0.000108,0.000111,0.000096,0.000078,0.000040,0.000059,0.000081,0.000075,0.000089,0.000061,0.000043,0.000032,0.000024,0.000007,0.000030,0.000073,0.000139
314,,,,,,,,,,,,,,0.000004,0.000117,0.000100,0.000101,0.000099,0.000083,0.000090,0.000109,0.000116,0.000118,0.000112,0.000087,0.000083,0.000082,0.000086,0.000110,0.000119,0.000129,0.000137,0.000173,0.000175,0.000170,0.000142,0.000111,0.000048,0.000053,0.000100,0.000105,0.000100,0.000071,0.000065,0.000043,0.000029,0.000005,0.000014,0.000037,0.000062
315,,,,,,,,,,,,,,0.000001,0.000013,0.000015,0.000017,0.000024,0.000051,0.000103,0.000186,0.000242,0.000337,0.000405,0.000438,0.000572,0.000643,0.000656,0.000730,0.000663,0.000585,0.000461,0.000416,0.000342,0.000275,0.000193,0.000163,0.000053,0.000057,0.000198,0.000220,0.000275,0.000249,0.000269,0.000217,0.000131,0.000014,0.000040,0.000044,0.000055
316,,,,,,,,,,,,,,0.000019,0.000471,0.000378,0.000295,0.000228,0.000167,0.000137,0.000109,0.000171,0.000116,0.000120,0.000151,0.000076,0.000057,0.000077,0.000075,0.000079,0.000110,0.000280,0.000170,0.000152,0.000124,0.000114,0.000109,0.000092,0.000124,0.000116,0.000102,0.000089,0.000176,0.000068,0.000050,0.000035,0.000023,0.000172,0.000192,0.000251
317,,,,,,,,,,,,,,0.000024,0.000479,0.000368,0.000345,0.000348,0.000317,0.000259,0.000282,0.000216,0.000219,0.000210,0.000183,0.000213,0.000213,0.000218,0.000257,0.000235,0.000204,0.000182,0.000197,0.000156,0.000134,0.000107,0.000103,0.000067,0.000083,0.000110,0.000099,0.000085,0.000060,0.000049,0.000027,0.000018,0.000006,0.000032,0.000046,0.000099
318,,,,,,,,,,,,,,0.000005,0.000100,0.000074,0.000088,0.000097,0.000112,0.000099,0.000135,0.000130,0.000132,0.000134,0.000120,0.000150,0.000171,0.000190,0.000226,0.000251,0.000294,0.000303,0.000439,0.000463,0.000434,0.000314,0.000231,0.000058,0.000062,0.000151,0.000137,0.000138,0.000098,0.000095,0.000066,0.000043,0.000003,0.000009,0.000027,0.000067
319,,,,,,,,,,,,,,0.000003,0.000041,0.000024,0.000012,-0.000004,-0.000015,-0.000018,-0.000010,0.000006,0.000016,0.000027,0.000041,0.000049,0.000056,0.000062,0.000072,0.000067,0.000074,0.000052,0.000060,0.000064,0.000077,0.000108,0.000141,0.000113,0.000220,0.000273,0.000223,0.000180,0.000129,0.000074,0.000048,0.000035,0.000012,0.000046,0.000088,0.000132
320,,,,,,,,,,,,,,0.000011,0.000242,0.000209,0.000198,0.000177,0.000194,0.000232,0.000236,0.000201,0.000196,0.000193,0.000203,0.000209,0.000188,0.000167,0.000160,0.000149,0.000132,0.000120,0.000125,0.000120,0.000103,0.000075,0.000076,0.000036,0.000037,0.000098,0.000131,0.000199,0.000084,0.000072,0.000045,0.000026,0.000003,0.000013,0.000033,0.000061
321,,,,,,,,,,,,,,0.000001,0.000031,0.000032,0.000040,0.000052,0.000077,0.000079,0.000103,0.000095,0.000102,0.000093,0.000080,0.000087,0.000079,0.000067,0.000070,0.000062,0.000059,0.000050,0.000054,0.000049,0.000042,0.000032,0.000025,0.000020,0.000023,0.000048,0.000052,0.000057,0.000043,0.000044,0.000026,0.000014,0.000002,0.000009,0.000024,0.000050
322,,,,,,,,,,,,,,0.000023,0.000593,0.000682,0.000860,0.000944,0.000940,0.000792,0.000732,0.000559,0.000471,0.000352,0.000232,0.000237,0.000208,0.000173,0.000169,0.000138,0.000111,0.000080,0.000087,0.000086,0.000088,0.000072,0.000067,0.000037,0.000027,0.000059,0.000059,0.000066,0.000061,0.000069,0.000050,0.000025,0.000003,0.000018,0.000071,0.000166
323,,,,,,,,,,,,,,0.000004,0.000072,0.000063,0.000078,0.000078,0.000081,0.000079,0.000090,0.000075,0.000078,0.000076,0.000058,0.000057,0.000063,0.000059,0.000073,0.000078,0.000073,0.000080,0.000095,0.000098,0.000120,0.000133,0.000107,0.000045,0.000053,0.000114,0.000121,0.000141,0.000118,0.000144,0.000157,0.000131,0.000041,0.000083,0.000090,0.000162
324,,,,,,,,,,,,,,0.000005,0.000106,0.000120,0.000174,0.000194,0.000214,0.000202,0.000188,0.000156,0.000153,0.000138,0.000120,0.000123,0.000114,0.000099,0.000104,0.000100,0.000086,0.000077,0.000085,0.000083,0.000068,0.000056,0.000065,0.000040,0.000051,0.000054,0.000051,0.000054,0.000038,0.000023,0.000026,0.000033,0.000015,0.000046,0.000051,0.000096
325,,,,,,,,,,,,,,0.000012,0.000198,0.000141,0.000154,0.000157,0.000157,0.000147,0.000194,0.000227,0.000296,0.000335,0.000365,0.000541,0.000671,0.000777,0.001060,0.001270,0.001415,0.001483,0.001764,0.001764,0.001604,0.001286,0.001130,0.000342,0.000294,0.000718,0.000584,0.000525,0.000355,0.000273,0.000189,0.000110,0.000009,0.000014,0.000044,0.000166
326,,,,,,,,,,,,,,0.000011,0.000314,0.000411,0.000650,0.000911,0.001105,0.001043,0.000996,0.000748,0.000624,0.000494,0.000369,0.000347,0.000296,0.000256,0.000233,0.000194,0.000161,0.000120,0.000106,0.000092,0.000081,0.000060,0.000057,0.000025,0.000014,0.000045,0.000044,0.000039,0.000038,0.000028,0.000024,0.000015,0.000003,0.000012,0.000031,0.000051
327,,,,,,,,,,,,,,0.000012,0.000263,0.000247,0.000252,0.000259,0.000297,0.000302,0.000316,0.000267,0.000267,0.000232,0.000203,0.000212,0.000205,0.000191,0.000202,0.000174,0.000144,0.000116,0.000114,0.000098,0.000077,0.000063,0.000051,0.000024,0.000027,0.000064,0.000058,0.000064,0.000045,0.000028,0.000018,0.000009,0.000003,0.000023,0.000068,0.000150
328,,,,,,,,,,,,,,0.000010,0.000308,0.000322,0.000291,0.000260,0.000258,0.000238,0.000237,0.000199,0.000199,0.000180,0.000165,0.000177,0.000174,0.000150,0.000156,0.000139,0.000126,0.000094,0.000109,0.000112,0.000102,0.000087,0.000079,0.000041,0.000048,0.000072,0.000064,0.000052,0.000042,0.000033,0.000024,0.000015,0.000005,0.000028,0.000046,0.000094
329,,,,,,,,,,,,,,0.000020,0.000342,0.000271,0.000274,0.000252,0.000269,0.000292,0.000329,0.000299,0.000302,0.000257,0.000197,0.000199,0.000215,0.000161,0.000184,0.000186,0.000207,0.000191,0.000283,0.000331,0.000371,0.000332,0.000341,0.000112,0.000089,0.000286,0.000364,0.000466,0.000432,0.000444,0.000311,0.000153,0.000005,0.000013,0.000055,0.000164
330,,,,,,,,,,,,,,0.000006,0.000087,0.000051,0.000040,0.000055,0.000073,0.000096,0.000114,0.000154,0.000190,0.000257,0.000294,0.000407,0.000458,0.000478,0.000583,0.000599,0.000595,0.000466,0.000528,0.000468,0.000400,0.000284,0.000227,0.000073,0.000069,0.000125,0.000097,0.000080,0.000063,0.000031,0.000011,0.000008,0.000008,0.000024,0.000065,0.000162
331,,,,,,,,,,,,,,0.000015,0.000301,0.000229,0.000215,0.000203,0.000199,0.000163,0.000166,0.000145,0.000126,0.000099,0.000067,0.000065,0.000058,0.000045,0.000044,0.000046,0.000049,0.000039,0.000047,0.000046,0.000042,0.000034,0.000040,0.000024,0.000040,0.000104,0.000091,0.000076,0.000057,0.000044,0.000024,0.000014,0.000004,0.000013,0.000027,0.000079
332,,,,,,,,,,,,,,0.000011,0.000362,0.000435,0.000443,0.000382,0.000358,0.000260,0.000262,0.000187,0.000137,0.000111,0.000078,0.000076,0.000068,0.000058,0.000059,0.000057,0.000057,0.000053,0.000069,0.000066,0.000072,0.000085,0.000079,0.000067,0.000196,0.000760,0.000704,0.000570,0.000376,0.000365,0.000299,0.000214,0.000018,0.000037,0.000107,0.000095
333,,,,,,,,,,,,,,0.000014,0.000245,0.000193,0.000166,0.000155,0.000158,0.000156,0.000172,0.000141,0.000126,0.000115,0.000097,0.000080,0.000079,0.000073,0.000074,0.000064,0.000054,0.000051,0.000051,0.000046,0.000045,0.000047,0.000048,0.000049,0.000040,0.000039,0.000045,0.000058,0.000043,0.000034,0.000028,0.000021,0.000006,0.000026,0.000066,0.000142
334,,,,,,,,,,,,,,0.000009,0.000154,0.000101,0.000096,0.000092,0.000090,0.000082,0.000074,0.000069,0.000052,0.000053,0.000037,0.000038,0.000040,0.000025,0.000025,0.000033,0.000036,0.000042,0.000048,0.000058,0.000062,0.000060,0.000064,0.000057,0.000065,0.000125,0.000132,0.000147,0.000134,0.000122,0.000088,0.000056,0.000007,0.000043,0.000158,0.000381
335,,,,,,,,,,,,,,0.000002,0.000031,0.000031,0.000037,0.000039,0.000038,0.000045,0.000053,0.000043,0.000036,0.000037,0.000038,0.000042,0.000035,0.000029,0.000034,0.000035,0.000042,0.000056,0.000092,0.000112,0.000127,0.000140,0.000189,0.000080,0.000118,0.000609,0.000704,0.000855,0.000688,0.000634,0.000423,0.000227,0.000017,0.000021,0.000036,0.000061
336,,,,,,,,,,,,,,0.000010,0.000183,0.000166,0.000155,0.000149,0.000149,0.000143,0.000124,0.000113,0.000101,0.000084,0.000057,0.000061,0.000061,0.000051,0.000057,0.000061,0.000084,0.000103,0.000108,0.000108,0.000099,0.000086,0.000076,0.000025,0.000032,0.000146,0.000212,0.000253,0.000172,0.000141,0.000084,0.000046,0.000005,0.000033,0.000077,0.000194
337,,,,,,,,,,,,,,0.000003,0.000087,0.000070,0.000074,0.000085,0.000098,0.000104,0.000132,0.000125,0.000148,0.000160,0.000148,0.000165,0.000162,0.000158,0.000160,0.000135,0.000151,0.000182,0.000292,0.000455,0.000614,0.000670,0.000682,0.000186,0.000230,0.000768,0.000653,0.000575,0.000359,0.000264,0.000127,0.000062,0.000007,0.000025,0.000039,0.000093
338,,,,,,,,,,,,,,0.000006,0.000116,0.000097,0.000106,0.000120,0.000153,0.000162,0.000186,0.000167,0.000159,0.000137,0.000105,0.000109,0.000107,0.000106,0.000120,0.000109,0.000104,0.000095,0.000107,0.000102,0.000092,0.000073,0.000063,0.000021,0.000021,0.000064,0.000064,0.000066,0.000045,0.000041,0.000024,0.000013,0.000002,0.000007,0.000018,0.000049
339,,,,,,,,,,,,,,0.000003,0.000071,0.000084,0.000130,0.000204,0.000373,0.000558,0.000795,0.000865,0.000997,0.000958,0.000850,0.000889,0.000803,0.000778,0.000704,0.000618,0.000509,0.000368,0.000346,0.000316,0.000278,0.000210,0.000167,0.000045,0.000048,0.000158,0.000146,0.000161,0.000120,0.000111,0.000069,0.000045,0.000003,0.000017,0.000051,0.000100
340,,,,,,,,,,,,,,0.000004,0.000100,0.000085,0.000090,0.000086,0.000116,0.000117,0.000121,0.000114,0.000116,0.000093,0.000078,0.000066,0.000066,0.000025,0.000013,0.000011,0.000003,0.000005,0.000038,0.000092,0.000145,0.000192,0.000230,0.000083,0.000085,0.000291,0.000252,0.000260,0.000159,0.000134,0.000096,0.000091,0.000022,0.000077,0.000191,0.000315
341,,,,,,,,,,,,,,0.000003,0.000043,0.000041,0.000046,0.000058,0.000085,0.000106,0.000137,0.000166,0.000209,0.000271,0.000343,0.000459,0.000488,0.000472,0.000559,0.000595,0.000649,0.000637,0.000766,0.000725,0.000645,0.000505,0.000371,0.000085,0.000081,0.000187,0.000159,0.000160,0.000114,0.000100,0.000059,0.000036,0.000004,0.000023,0.000034,0.000077
342,,,,,,,,,,,,,,0.000011,0.000150,0.000123,0.000123,0.000147,0.000161,0.000166,0.000182,0.000168,0.000148,0.000160,0.000120,0.000109,0.000117,0.000109,0.000102,0.000101,0.000081,0.000087,0.000081,0.000081,0.000088,0.000078,0.000061,0.000067,0.000094,0.000123,0.000115,0.000111,0.000100,0.000063,0.000038,0.000023,0.000022,0.000181,0.000418,0.000712
343,,,,,,,,,,,,,,0.000007,0.000125,0.000090,0.000060,0.000049,0.000065,0.000057,0.000071,0.000065,0.000052,0.000049,0.000046,0.000048,0.000056,0.000063,0.000075,0.000079,0.000082,0.000089,0.000100,0.000097,0.000103,0.000102,0.000105,0.000061,0.000081,0.000216,0.000257,0.000320,0.000277,0.000272,0.000196,0.000116,0.000022,0.000093,0.000221,0.000399
344,,,,,,,,,,,,,,0.000007,0.000181,0.000134,0.000106,0.000101,0.000105,0.000110,0.000121,0.000116,0.000118,0.000097,0.000073,0.000076,0.000068,0.000066,0.000066,0.000062,0.000055,0.000051,0.000062,0.000062,0.000050,0.000049,0.000088,0.000034,0.000036,0.000074,0.000071,0.000093,0.000069,0.000067,0.000047,0.000033,0.000007,0.000040,0.000189,0.000545
345,,,,,,,,,,,,,,0.000007,0.000180,0.000156,0.000176,0.000220,0.000247,0.000340,0.000351,0.000318,0.000290,0.000281,0.000237,0.000280,0.000335,0.000332,0.000390,0.000303,0.000265,0.000214,0.000204,0.000183,0.000147,0.000099,0.000082,0.000037,0.000025,0.000045,0.000034,0.000030,0.000030,0.000042,0.000037,0.000028,0.000008,0.000028,0.000069,0.000143
346,,,,,,,,,,,,,,0.000003,0.000052,0.000038,0.000040,0.000054,0.000073,0.000098,0.000117,0.000133,0.000159,0.000186,0.000177,0.000187,0.000175,0.000130,0.000159,0.000141,0.000154,0.000129,0.000165,0.000188,0.000196,0.000181,0.000158,0.000086,0.000060,0.000094,0.000097,0.000096,0.000080,0.000066,0.000050,0.000031,0.000007,0.000020,0.000032,0.000055
347,,,,,,,,,,,,,,0.000026,0.000745,0.000815,0.001044,0.001060,0.001052,0.000818,0.000756,0.000566,0.000465,0.000340,0.000241,0.000211,0.000168,0.000149,0.000145,0.000120,0.000094,0.000072,0.000061,0.000049,0.000043,0.000040,0.000047,0.000061,0.000104,0.000208,0.000125,0.000091,0.000053,0.000060,0.000053,0.000038,0.000010,0.000094,0.000149,0.000253
348,,,,,,,,,,,,,,0.000010,0.000296,0.000361,0.000580,0.000873,0.001298,0.001566,0.001837,0.001641,0.001634,0.001417,0.001160,0.001078,0.000980,0.000859,0.000853,0.000747,0.000638,0.000516,0.000565,0.000524,0.000453,0.000359,0.000292,0.000071,0.000077,0.000246,0.000222,0.000233,0.000168,0.000153,0.000115,0.000070,0.000004,0.000013,0.000023,0.000054
349,,,,,,,,,,,,,,0.000001,0.000021,0.000021,0.000047,0.000082,0.000131,0.000270,0.000348,0.000377,0.000439,0.000451,0.000434,0.000396,0.000327,0.000229,0.000199,0.000143,0.000118,0.000095,0.000099,0.000089,0.000089,0.000072,0.000080,0.000036,0.000078,0.000294,0.000307,0.000338,0.000219,0.000170,0.000091,0.000058,0.000005,0.000011,0.000026,0.000055
350,,,,,,,,,,,,,,0.000003,0.000056,0.000053,0.000078,0.000081,0.000081,0.000085,0.000091,0.000090,0.000090,0.000086,0.000073,0.000085,0.000081,0.000081,0.000077,0.000081,0.000096,0.000093,0.000101,0.000099,0.000088,0.000064,0.000058,0.000025,0.000024,0.000064,0.000098,0.000140,0.000084,0.000075,0.000050,0.000031,0.000004,0.000021,0.000079,0.000120
351,,,,,,,,,,,,,,0.000009,0.000320,0.000491,0.000858,0.001078,0.001297,0.001239,0.001279,0.000976,0.000853,0.000659,0.000495,0.000434,0.000374,0.000292,0.000271,0.000211,0.000158,0.000103,0.000113,0.000088,0.000071,0.000056,0.000061,0.000084,0.000244,0.000287,0.000178,0.000108,0.000170,0.000051,0.000030,0.000023,0.000008,0.000021,0.000026,0.000076
352,,,,,,,,,,,,,,0.000002,0.000045,0.000048,0.000062,0.000080,0.000116,0.000149,0.000188,0.000197,0.000207,0.000215,0.000187,0.000206,0.000200,0.000200,0.000205,0.000185,0.000166,0.000129,0.000139,0.000130,0.000129,0.000111,0.000092,0.000036,0.000034,0.000065,0.000058,0.000059,0.000043,0.000035,0.000022,0.000010,0.000003,0.000010,0.000011,0.000027
353,,,,,,,,,,,,,,0.000009,0.000199,0.000178,0.000172,0.000148,0.000141,0.000129,0.000131,0.000095,0.000095,0.000077,0.000058,0.000055,0.000042,0.000057,0.000080,0.000120,0.000139,0.000148,0.000190,0.000198,0.000191,0.000157,0.000173,0.000095,0.000052,0.000051,0.000032,0.000028,0.000017,0.000023,0.000026,0.000032,0.000017,0.000085,0.000088,0.000155
354,,,,,,,,,,,,,,0.000003,0.000057,0.000040,0.000041,0.000053,0.000047,0.000068,0.000108,0.000115,0.000154,0.000177,0.000183,0.000242,0.000262,0.000357,0.000374,0.000347,0.000323,0.000260,0.000278,0.000275,0.000253,0.000200,0.000148,0.000060,0.000055,0.000106,0.000092,0.000087,0.000059,0.000061,0.000041,0.000027,0.000006,0.000014,0.000028,0.000077
355,,,,,,,,,,,,,,0.000002,0.000075,0.000108,0.000127,0.000128,0.000127,0.000116,0.000119,0.000082,0.000061,0.000053,0.000036,0.000030,0.000026,0.000024,0.000027,0.000029,0.000025,0.000026,0.000033,0.000043,0.000055,0.000067,0.000052,0.000041,0.000071,0.000203,0.000272,0.000370,0.000346,0.000455,0.000421,0.000292,0.000023,0.000048,0.000073,0.000107
356,,,,,,,,,,,,,,0.000008,0.000165,0.000134,0.000131,0.000107,0.000103,0.000100,0.000100,0.000100,0.000095,0.000088,0.000088,0.000081,0.000081,0.000081,0.000078,0.000085,0.000092,0.000087,0.000105,0.000101,0.000102,0.000080,0.000084,0.000054,0.000050,0.000089,0.000100,0.000090,0.000057,0.000059,0.000052,0.000037,0.000006,0.000014,0.000020,0.000052
357,,,,,,,,,,,,,,0.000004,0.000078,0.000058,0.000044,0.000033,0.000033,0.000030,0.000049,0.000041,0.000037,0.000038,0.000032,0.000032,0.000038,0.000036,0.000051,0.000051,0.000050,0.000058,0.000064,0.000070,0.000080,0.000080,0.000082,0.000036,0.000055,0.000130,0.000175,0.000209,0.000153,0.000075,0.000048,0.000038,0.000007,0.000027,0.000133,0.000401
358,,,,,,,,,,,,,,0.000003,0.000050,0.000065,0.000136,0.000274,0.000500,0.000674,0.000895,0.000851,0.000891,0.000800,0.000690,0.000781,0.000761,0.000712,0.000714,0.000621,0.000540,0.000383,0.000419,0.000325,0.000253,0.000179,0.000137,0.000048,0.000043,0.000043,0.000072,0.000104,0.000098,0.000117,0.000089,0.000056,0.000007,0.000028,0.000133,0.000326
359,,,,,,,,,,,,,,0.000008,0.000122,0.000102,0.000112,0.000128,0.000150,0.000165,0.000180,0.000159,0.000163,0.000148,0.000134,0.000136,0.000142,0.000117,0.000118,0.000119,0.000103,0.000079,0.000088,0.000095,0.000092,0.000075,0.000057,0.000033,0.000017,0.000015,0.000018,0.000034,0.000051,0.000046,0.000035,0.000021,0.000015,0.000161,0.000405,0.000645
360,,,,,,,,,,,,,,0.000022,0.000328,0.000263,0.000262,0.000272,0.000282,0.000259,0.000278,0.000226,0.000222,0.000185,0.000164,0.000174,0.000160,0.000132,0.000143,0.000136,0.000138,0.000132,0.000177,0.000191,0.000177,0.000157,0.000135,0.000052,0.000064,0.000155,0.000136,0.000115,0.000083,0.000036,0.000028,0.000016,0.000005,0.000018,0.000047,0.000117
361,,,,,,,,,,,,,,0.000003,0.000061,0.000050,0.000049,0.000051,0.000067,0.000051,0.000048,0.000039,0.000041,0.000031,0.000025,0.000028,0.000032,0.000023,0.000022,0.000026,0.000038,0.000049,0.000101,0.000177,0.000299,0.000399,0.000516,0.000155,0.000212,0.000934,0.000879,0.000858,0.000539,0.000403,0.000224,0.000108,0.000013,0.000045,0.000059,0.000107
362,,,,,,,,,,,,,,0.000005,0.000086,0.000085,0.000110,0.000133,0.000187,0.000247,0.000366,0.000490,0.000566,0.000643,0.000672,0.000881,0.000957,0.001065,0.001100,0.001124,0.001087,0.001044,0.000884,0.000696,0.000524,0.000370,0.000350,0.000140,0.000119,0.000203,0.000193,0.000198,0.000146,0.000128,0.000077,0.000047,0.000003,0.000032,0.000163,0.000361
363,,,,,,,,,,,,,,0.000002,0.000061,0.000083,0.000170,0.000331,0.000624,0.000720,0.000864,0.000796,0.000683,0.000567,0.000477,0.000453,0.000401,0.000500,0.000488,0.000481,0.000555,0.000731,0.000555,0.000455,0.000334,0.000220,0.000176,0.000056,0.000066,0.000175,0.000170,0.000190,0.000135,0.000123,0.000090,0.000061,0.000007,0.000014,0.000027,0.000046
364,,,,,,,,,,,,,,0.000001,0.000021,0.000029,0.000097,0.000233,0.000475,0.000579,0.000629,0.000562,0.000449,0.000350,0.000252,0.000226,0.000195,0.000175,0.000158,0.000138,0.000122,0.000101,0.000094,0.000079,0.000072,0.000063,0.000060,0.000044,0.000060,0.000047,0.000048,0.000048,0.000052,0.000052,0.000049,0.000034,0.000006,0.000016,0.000020,0.000033
365,,,,,,,,,,,,,,0.000019,0.000390,0.000302,0.000262,0.000267,0.000285,0.000252,0.000238,0.000197,0.000175,0.000155,0.000111,0.000099,0.000107,0.000089,0.000096,0.000099,0.000095,0.000088,0.000103,0.000104,0.000124,0.000171,0.000254,0.000092,0.000086,0.000215,0.000322,0.000272,0.000190,0.000127,0.000073,0.000043,0.000003,0.000039,0.000237,0.000686
366,,,,,,,,,,,,,,0.000005,0.000110,0.000118,0.000133,0.000139,0.000175,0.000388,0.000337,0.000291,0.000311,0.000294,0.000420,0.000417,0.000418,0.000357,0.000362,0.000317,0.000306,0.000198,0.000180,0.000170,0.000151,0.000128,0.000124,0.000054,0.000049,0.000153,0.000162,0.000154,0.000121,0.000102,0.000072,0.000046,0.000007,0.000050,0.000119,0.000181
367,,,,,,,,,,,,,,0.000002,0.000049,0.000054,0.000063,0.000070,0.000082,0.000087,0.000128,0.000136,0.000156,0.000172,0.000158,0.000179,0.000178,0.000165,0.000153,0.000138,0.000121,0.000094,0.000103,0.000099,0.000100,0.000081,0.000089,0.000057,0.000042,0.000098,0.000101,0.000104,0.000090,0.000091,0.000067,0.000046,0.000006,0.000014,0.000039,0.000062
368,,,,,,,,,,,,,,0.000004,0.000116,0.000095,0.000079,0.000080,0.000077,0.000085,0.000105,0.000096,0.000096,0.000097,0.000097,0.000110,0.000119,0.000115,0.000134,0.000130,0.000123,0.000125,0.000138,0.000146,0.000218,0.000304,0.000384,0.000155,0.000139,0.000223,0.000509,0.000423,0.000246,0.000167,0.000117,0.000078,0.000007,0.000017,0.000054,0.000125
369,,,,,,,,,,,,,,0.000002,0.000064,0.000072,0.000096,0.000104,0.000122,0.000153,0.000158,0.000147,0.000158,0.000146,0.000144,0.000220,0.000312,0.000442,0.000698,0.000922,0.001079,0.001168,0.001248,0.001140,0.000933,0.000631,0.000487,0.000115,0.000119,0.000398,0.000358,0.000354,0.000244,0.000204,0.000141,0.000075,0.000005,0.000020,0.000041,0.000076
370,,,,,,,,,,,,,,0.000004,0.000088,0.000080,0.000085,0.000097,0.000112,0.000109,0.000111,0.000096,0.000080,0.000072,0.000061,0.000066,0.000065,0.000052,0.000055,0.000053,0.000043,0.000053,0.000055,0.000057,0.000061,0.000064,0.000089,0.000078,0.000234,0.000610,0.000514,0.000381,0.000209,0.000137,0.000078,0.000042,0.000004,0.000021,0.000043,0.000102
371,,,,,,,,,,,,,,0.000005,0.000077,0.000071,0.000090,0.000100,0.000122,0.000110,0.000107,0.000085,0.000082,0.000077,0.000075,0.000092,0.000080,0.000071,0.000076,0.000067,0.000061,0.000057,0.000078,0.000080,0.000093,0.000067,0.000055,0.000028,0.000031,0.000063,0.000070,0.000071,0.000074,0.000088,0.000084,0.000073,0.000022,0.000065,0.000075,0.000130
372,,,,,,,,,,,,,,0.000003,0.000082,0.000063,0.000083,0.000139,0.000265,0.000449,0.000681,0.000917,0.001078,0.001065,0.001088,0.001242,0.001203,0.001144,0.001089,0.000947,0.000799,0.000570,0.000577,0.000509,0.000400,0.000283,0.000242,0.000096,0.000200,0.000264,0.000226,0.000188,0.000135,0.000110,0.000078,0.000046,0.000008,0.000018,0.000039,0.000056
373,,,,,,,,,,,,,,0.000002,0.000056,0.000045,0.000049,0.000070,0.000086,0.000139,0.000162,0.000167,0.000149,0.000162,0.000309,0.000169,0.000153,0.000140,0.000151,0.000141,0.000149,0.000160,0.000187,0.000170,0.000150,0.000125,0.000111,0.000051,0.000037,0.000083,0.000090,0.000108,0.000094,0.000121,0.000090,0.000065,0.000008,0.000026,0.000066,0.000073
374,,,,,,,,,,,,,,0.000005,0.000118,0.000143,0.000171,0.000174,0.000174,0.000170,0.000172,0.000146,0.000183,0.000228,0.000273,0.000435,0.000620,0.000809,0.001109,0.001303,0.001431,0.001346,0.001307,0.001107,0.000833,0.000531,0.000378,0.000099,0.000114,0.000353,0.000393,0.000443,0.000273,0.000189,0.000096,0.000049,0.000005,0.000075,0.000295,0.000539
375,,,,,,,,,,,,,,0.000005,0.000169,0.000165,0.000161,0.000149,0.000141,0.000151,0.000169,0.000132,0.000138,0.000111,0.000085,0.000079,0.000094,0.000083,0.000091,0.000080,0.000071,0.000051,0.000061,0.000066,0.000071,0.000064,0.000057,0.000024,0.000024,0.000097,0.000094,0.000108,0.000072,0.000054,0.000032,0.000019,0.000003,0.000018,0.000049,0.000105
376,,,,,,,,,,,,,,0.000010,0.000202,0.000150,0.000133,0.000147,0.000146,0.000190,0.000198,0.000202,0.000165,0.000141,0.000157,0.000138,0.000117,0.000096,0.000082,0.000068,0.000055,0.000047,0.000052,0.000048,0.000044,0.000031,0.000019,0.000025,0.000034,0.000037,0.000039,0.000052,0.000058,0.000054,0.000042,0.000030,0.000005,0.000029,0.000074,0.000155
377,,,,,,,,,,,,,,0.000004,0.000084,0.000072,0.000064,0.000060,0.000061,0.000058,0.000060,0.000074,0.000083,0.000088,0.000101,0.000155,0.000207,0.000184,0.000257,0.000363,0.000555,0.000675,0.000709,0.000627,0.000477,0.000372,0.000296,0.000079,0.000082,0.000232,0.000308,0.000298,0.000270,0.000152,0.000092,0.000052,0.000005,0.000024,0.000076,0.000131
378,,,,,,,,,,,,,,0.000008,0.000225,0.000195,0.000183,0.000154,0.000187,0.000307,0.000298,0.000300,0.000393,0.000451,0.000446,0.000529,0.000541,0.000532,0.000519,0.000438,0.000350,0.000268,0.000272,0.000246,0.000238,0.000265,0.000327,0.000185,0.000355,0.000429,0.000315,0.000281,0.000250,0.000171,0.000127,0.000079,0.000005,0.000013,0.000029,0.000059
379,,,,,,,,,,,,,,0.000002,0.000126,0.000147,0.000109,0.000132,0.000222,0.000234,0.000229,0.000167,0.000162,0.000120,0.000103,0.000117,0.000120,0.000072,0.000070,0.000060,0.000054,0.000042,0.000054,0.000072,0.000093,0.000100,0.000099,0.000043,0.000050,0.000117,0.000105,0.000103,0.000074,0.000063,0.000047,0.000042,0.000010,0.000023,0.000049,0.000075
380,,,,,,,,,,,,,,0.000003,0.000054,0.000046,0.000057,0.000074,0.000085,0.000091,0.000124,0.000161,0.000189,0.000207,0.000221,0.000314,0.000345,0.000437,0.000482,0.000458,0.000501,0.000371,0.000373,0.000269,0.000239,0.000183,0.000174,0.000059,0.000059,0.000178,0.000197,0.000213,0.000170,0.000182,0.000141,0.000105,0.000007,0.000014,0.000029,0.000044
381,,,,,,,,,,,,,,0.000007,0.000203,0.000210,0.000220,0.000203,0.000196,0.000157,0.000149,0.000112,0.000101,0.000081,0.000064,0.000066,0.000057,0.000053,0.000063,0.000066,0.000064,0.000058,0.000051,0.000048,0.000045,0.000036,0.000052,0.000047,0.000054,0.000062,0.000063,0.000058,0.000044,0.000030,0.000023,0.000018,0.000011,0.000069,0.000118,0.000196
382,,,,,,,,,,,,,,0.000008,0.000096,0.000077,0.000064,0.000072,0.000085,0.000080,0.000094,0.000097,0.000096,0.000093,0.000090,0.000105,0.000116,0.000115,0.000105,0.000094,0.000092,0.000072,0.000061,0.000056,0.000058,0.000055,0.000052,0.000031,0.000036,0.000094,0.000118,0.000128,0.000097,0.000065,0.000045,0.000025,0.000011,0.000141,0.000358,0.000664
383,,,,,,,,,,,,,,0.000005,0.000073,0.000061,0.000059,0.000051,0.000051,0.000058,0.000066,0.000065,0.000082,0.000091,0.000094,0.000108,0.000099,0.000080,0.000078,0.000062,0.000058,0.000047,0.000051,0.000049,0.000044,0.000037,0.000038,0.000016,0.000020,0.000031,0.000064,0.000078,0.000081,0.000112,0.000162,0.000167,0.000032,0.000067,0.000081,0.000123
384,,,,,,,,,,,,,,0.000010,0.000277,0.000261,0.000277,0.000222,0.000215,0.000193,0.000185,0.000150,0.000135,0.000119,0.000092,0.000090,0.000086,0.000074,0.000075,0.000061,0.000060,0.000052,0.000065,0.000080,0.000086,0.000083,0.000070,0.000169,0.000321,0.000468,0.000298,0.000204,0.000109,0.000083,0.000040,0.000020,0.000007,0.000020,0.000042,0.000082
385,,,,,,,,,,,,,,0.000018,0.000304,0.000230,0.000227,0.000240,0.000258,0.000229,0.000249,0.000253,0.000224,0.000241,0.000279,0.000204,0.000192,0.000184,0.000190,0.000204,0.000266,0.000300,0.000256,0.000192,0.000130,0.000109,0.000096,0.000048,0.000055,0.000105,0.000087,0.000079,0.000068,0.000054,0.000020,0.000007,0.000005,0.000026,0.000111,0.000318
386,,,,,,,,,,,,,,0.000014,0.000441,0.000518,0.000543,0.000497,0.000473,0.000421,0.000421,0.000345,0.000319,0.000286,0.000299,0.000264,0.000256,0.000230,0.000242,0.000221,0.000211,0.000189,0.000224,0.000216,0.000205,0.000173,0.000137,0.000039,0.000047,0.000109,0.000092,0.000084,0.000048,0.000027,0.000012,0.000006,0.000003,0.000022,0.000049,0.000082
387,,,,,,,,,,,,,,0.000008,0.000174,0.000212,0.000308,0.000335,0.000391,0.000371,0.000359,0.000297,0.000286,0.000261,0.000218,0.000218,0.000205,0.000205,0.000185,0.000183,0.000177,0.000162,0.000173,0.000152,0.000129,0.000105,0.000113,0.000048,0.000049,0.000131,0.000125,0.000157,0.000116,0.000091,0.000049,0.000029,0.000006,0.000033,0.000118,0.000260
388,,,,,,,,,,,,,,0.000005,0.000168,0.000165,0.000190,0.000213,0.000252,0.000266,0.000315,0.000292,0.000290,0.000274,0.000241,0.000268,0.000257,0.000234,0.000218,0.000178,0.000130,0.000094,0.000094,0.000079,0.000066,0.000065,0.000052,0.000018,0.000018,0.000063,0.000056,0.000063,0.000051,0.000054,0.000041,0.000034,0.000003,0.000014,0.000038,0.000088
389,,,,,,,,,,,,,,0.000010,0.000456,0.000654,0.000736,0.000651,0.000574,0.000478,0.000458,0.000333,0.000278,0.000215,0.000160,0.000136,0.000119,0.000103,0.000099,0.000100,0.000078,0.000080,0.000066,0.000057,0.000044,0.000048,0.000077,0.000141,0.000153,0.000127,0.000150,0.000090,0.000062,0.000028,0.000019,0.000013,0.000008,0.000020,0.000032,0.000088
390,,,,,,,,,,,,,,0.000004,0.000060,0.000042,0.000034,0.000037,0.000034,0.000043,0.000061,0.000048,0.000055,0.000061,0.000063,0.000093,0.000137,0.000175,0.000273,0.000381,0.000518,0.000578,0.000657,0.000605,0.000450,0.000305,0.000217,0.000057,0.000062,0.000160,0.000138,0.000135,0.000100,0.000070,0.000041,0.000022,0.000004,0.000023,0.000095,0.000254
391,,,,,,,,,,,,,,0.000010,0.000154,0.000111,0.000100,0.000090,0.000092,0.000086,0.000077,0.000079,0.000080,0.000076,0.000080,0.000091,0.000134,0.000145,0.000183,0.000217,0.000242,0.000281,0.000321,0.000301,0.000300,0.000266,0.000230,0.000075,0.000067,0.000118,0.000168,0.000260,0.000145,0.000106,0.000062,0.000053,0.000011,0.000112,0.000396,0.000774
392,,,,,,,,,,,,,,0.000014,0.000272,0.000209,0.000230,0.000238,0.000286,0.000303,0.000404,0.000452,0.000507,0.000558,0.000502,0.000571,0.000573,0.000581,0.000505,0.000441,0.000343,0.000262,0.000265,0.000221,0.000177,0.000135,0.000101,0.000040,0.000058,0.000115,0.000138,0.000178,0.000156,0.000140,0.000085,0.000046,0.000005,0.000030,0.000102,0.000292
393,,,,,,,,,,,,,,0.000002,0.000059,0.000069,0.000071,0.000082,0.000090,0.000086,0.000097,0.000074,0.000080,0.000070,0.000061,0.000064,0.000062,0.000057,0.000064,0.000062,0.000058,0.000059,0.000063,0.000061,0.000059,0.000050,0.000062,0.000034,0.000057,0.000139,0.000167,0.000195,0.000163,0.000135,0.000089,0.000066,0.000009,0.000019,0.000047,0.000069
394,,,,,,,,,,,,,,0.000003,0.000077,0.000054,0.000046,0.000043,0.000052,0.000090,0.000132,0.000196,0.000193,0.000230,0.000205,0.000218,0.000201,0.000176,0.000161,0.000139,0.000132,0.000097,0.000086,0.000074,0.000075,0.000105,0.000195,0.000257,0.000444,0.000291,0.000201,0.000161,0.000123,0.000114,0.000091,0.000072,0.000013,0.000032,0.000060,0.000104
395,,,,,,,,,,,,,,0.000001,0.000013,0.000020,0.000055,0.000159,0.000359,0.000523,0.000594,0.000630,0.000529,0.000468,0.000382,0.000377,0.000310,0.000253,0.000227,0.000171,0.000137,0.000084,0.000064,0.000052,0.000061,0.000065,0.000096,0.000047,0.000078,0.000429,0.000599,0.000868,0.000786,0.000773,0.000481,0.000217,0.000033,0.000133,0.000085,0.000111
396,,,,,,,,,,,,,,0.000003,0.000083,0.000075,0.000080,0.000093,0.000105,0.000106,0.000144,0.000129,0.000128,0.000116,0.000101,0.000091,0.000090,0.000076,0.000083,0.000081,0.000072,0.000059,0.000067,0.000078,0.000096,0.000140,0.000162,0.000087,0.000169,0.000275,0.000261,0.000312,0.000320,0.000122,0.000042,0.000027,0.000006,0.000017,0.000029,0.000055
397,,,,,,,,,,,,,,0.000002,0.000046,0.000043,0.000044,0.000083,0.000142,0.000192,0.000255,0.000264,0.000292,0.000301,0.000305,0.000376,0.000429,0.000549,0.000661,0.000648,0.000628,0.000602,0.000701,0.000689,0.000581,0.000443,0.000330,0.000145,0.000134,0.000207,0.000170,0.000145,0.000099,0.000079,0.000079,0.000078,0.000017,0.000047,0.000101,0.000127
398,,,,,,,,,,,,,,0.000002,0.000039,0.000031,0.000034,0.000043,0.000053,0.000056,0.000053,0.000038,0.000040,0.000047,0.000045,0.000065,0.000085,0.000106,0.000149,0.000171,0.000185,0.000204,0.000326,0.000473,0.000625,0.000540,0.000458,0.000120,0.000090,0.000183,0.000166,0.000161,0.000113,0.000094,0.000063,0.000039,0.000004,0.000014,0.000052,0.000096
399,,,,,,,,,,,,,,0.000003,0.000089,0.000089,0.000081,0.000076,0.000079,0.000070,0.000073,0.000049,0.000043,0.000046,0.000029,0.000033,0.000040,0.000044,0.000064,0.000105,0.000163,0.000242,0.000380,0.000476,0.000515,0.000475,0.000451,0.000124,0.000152,0.000571,0.000576,0.000610,0.000484,0.000484,0.000357,0.000238,0.000018,0.000030,0.000044,0.000057
400,,,,,,,,,,,,,,0.000002,0.000040,0.000039,0.000059,0.000065,0.000075,0.000086,0.000102,0.000113,0.000085,0.000084,0.000064,0.000067,0.000068,0.000065,0.000083,0.000092,0.000106,0.000115,0.000146,0.000151,0.000146,0.000110,0.000092,0.000040,0.000044,0.000089,0.000086,0.000080,0.000059,0.000048,0.000035,0.000027,0.000006,0.000019,0.000036,0.000059
401,,,,,,,,,,,,,,0.000003,0.000053,0.000040,0.000032,0.000024,0.000028,0.000026,0.000026,0.000015,0.000013,0.000020,0.000029,0.000026,0.000030,0.000027,0.000031,0.000033,0.000041,0.000048,0.000059,0.000070,0.000075,0.000061,0.000058,0.000045,0.000076,0.000121,0.000104,0.000085,0.000059,0.000047,0.000034,0.000022,0.000016,0.000065,0.000075,0.000123
402,,,,,,,,,,,,,,0.000004,0.000090,0.000060,0.000049,0.000088,0.000203,0.000288,0.000406,0.000418,0.000495,0.000473,0.000413,0.000447,0.000450,0.000433,0.000467,0.000483,0.000475,0.000405,0.000489,0.000509,0.000536,0.000455,0.000413,0.000104,0.000083,0.000085,0.000089,0.000084,0.000065,0.000060,0.000045,0.000030,0.000008,0.000019,0.000035,0.000045
403,,,,,,,,,,,,,,0.000008,0.000093,0.000080,0.000086,0.000096,0.000111,0.000121,0.000128,0.000116,0.000108,0.000103,0.000093,0.000082,0.000097,0.000076,0.000075,0.000072,0.000070,0.000065,0.000070,0.000073,0.000079,0.000078,0.000074,0.000032,0.000036,0.000116,0.000123,0.000147,0.000120,0.000111,0.000072,0.000034,0.000002,0.000022,0.000117,0.000337
404,,,,,,,,,,,,,,0.000003,0.000057,0.000058,0.000082,0.000090,0.000105,0.000110,0.000110,0.000101,0.000092,0.000076,0.000061,0.000062,0.000056,0.000054,0.000061,0.000061,0.000053,0.000074,0.000065,0.000056,0.000046,0.000039,0.000032,0.000026,0.000052,0.000078,0.000079,0.000083,0.000078,0.000057,0.000033,0.000023,0.000003,0.000016,0.000036,0.000078
405,,,,,,,,,,,,,,0.000008,0.000144,0.000133,0.000148,0.000162,0.000165,0.000169,0.000201,0.000184,0.000181,0.000160,0.000146,0.000129,0.000113,0.000089,0.000092,0.000091,0.000088,0.000080,0.000083,0.000072,0.000069,0.000052,0.000044,0.000025,0.000027,0.000036,0.000059,0.000056,0.000044,0.000042,0.000022,0.000013,0.000010,0.000119,0.000207,0.000359
406,,,,,,,,,,,,,,0.000002,0.000054,0.000057,0.000068,0.000070,0.000079,0.000082,0.000079,0.000073,0.000075,0.000063,0.000049,0.000058,0.000071,0.000077,0.000102,0.000111,0.000107,0.000100,0.000098,0.000087,0.000082,0.000071,0.000067,0.000027,0.000031,0.000093,0.000087,0.000087,0.000061,0.000039,0.000019,0.000011,0.000003,0.000015,0.000025,0.000049
407,,,,,,,,,,,,,,0.000001,0.000029,0.000037,0.000068,0.000113,0.000152,0.000154,0.000198,0.000188,0.000176,0.000178,0.000172,0.000233,0.000323,0.000440,0.000622,0.000747,0.000752,0.000688,0.000702,0.000588,0.000499,0.000427,0.000483,0.000202,0.000194,0.000671,0.000649,0.000628,0.000424,0.000280,0.000149,0.000072,0.000004,0.000011,0.000017,0.000032
408,,,,,,,,,,,,,,0.000006,0.000130,0.000132,0.000163,0.000171,0.000169,0.000132,0.000140,0.000136,0.000114,0.000097,0.000079,0.000099,0.000091,0.000098,0.000109,0.000101,0.000097,0.000088,0.000096,0.000081,0.000083,0.000099,0.000092,0.000093,0.000161,0.000169,0.000181,0.000161,0.000084,0.000065,0.000043,0.000034,0.000010,0.000043,0.000118,0.000198
409,,,,,,,,,,,,,,0.000004,0.000171,0.000188,0.000263,0.000309,0.000391,0.000424,0.000490,0.000503,0.000465,0.000426,0.000393,0.000419,0.000410,0.000398,0.000441,0.000343,0.000299,0.000215,0.000187,0.000156,0.000124,0.000096,0.000079,0.000033,0.000038,0.000098,0.000095,0.000099,0.000075,0.000060,0.000038,0.000024,0.000004,0.000011,0.000025,0.000044
410,,,,,,,,,,,,,,0.000012,0.000270,0.000226,0.000205,0.000193,0.000210,0.000243,0.000279,0.000279,0.000294,0.000238,0.000234,0.000251,0.000271,0.000277,0.000329,0.000305,0.000318,0.000243,0.000250,0.000236,0.000203,0.000184,0.000112,0.000034,0.000041,0.000092,0.000087,0.000093,0.000059,0.000042,0.000027,0.000017,0.000005,0.000011,0.000024,0.000058
411,,,,,,,,,,,,,,0.000005,0.000121,0.000101,0.000102,0.000102,0.000104,0.000101,0.000103,0.000087,0.000072,0.000064,0.000058,0.000059,0.000056,0.000067,0.000088,0.000102,0.000105,0.000100,0.000097,0.000090,0.000103,0.000106,0.000129,0.000080,0.000103,0.000190,0.000246,0.000190,0.000221,0.000103,0.000080,0.000056,0.000005,0.000014,0.000048,0.000116
412,,,,,,,,,,,,,,0.000004,0.000087,0.000083,0.000101,0.000111,0.000141,0.000143,0.000156,0.000175,0.000235,0.000246,0.000302,0.000332,0.000353,0.000365,0.000387,0.000329,0.000301,0.000222,0.000223,0.000213,0.000173,0.000118,0.000096,0.000039,0.000048,0.000107,0.000095,0.000095,0.000070,0.000049,0.000024,0.000013,0.000007,0.000027,0.000089,0.000153
413,,,,,,,,,,,,,,0.000004,0.000115,0.000135,0.000163,0.000169,0.000179,0.000168,0.000173,0.000135,0.000120,0.000108,0.000086,0.000084,0.000079,0.000072,0.000067,0.000063,0.000059,0.000061,0.000061,0.000059,0.000049,0.000043,0.000037,0.000026,0.000030,0.000042,0.000036,0.000024,0.000027,0.000013,0.000008,0.000004,0.000003,0.000012,0.000027,0.000058
414,,,,,,,,,,,,,,0.000002,0.000033,0.000039,0.000159,0.000311,0.000591,0.000805,0.001122,0.001189,0.001296,0.001244,0.001099,0.001163,0.001050,0.000934,0.000891,0.000750,0.000625,0.000460,0.000502,0.000438,0.000374,0.000273,0.000217,0.000061,0.000061,0.000123,0.000112,0.000110,0.000077,0.000062,0.000048,0.000022,0.000006,0.000015,0.000017,0.000026
415,,,,,,,,,,,,,,0.000006,0.000109,0.000086,0.000081,0.000074,0.000082,0.000070,0.000083,0.000074,0.000063,0.000062,0.000048,0.000047,0.000040,0.000047,0.000068,0.000092,0.000142,0.000285,0.000211,0.000191,0.000189,0.000167,0.000154,0.000055,0.000044,0.000123,0.000133,0.000145,0.000116,0.000107,0.000070,0.000044,0.000007,0.000085,0.000204,0.000306
416,,,,,,,,,,,,,,0.000014,0.000329,0.000281,0.000239,0.000230,0.000225,0.000208,0.000203,0.000196,0.000179,0.000145,0.000122,0.000122,0.000126,0.000113,0.000127,0.000128,0.000142,0.000255,0.000260,0.000241,0.000190,0.000144,0.000099,0.000033,0.000045,0.000084,0.000083,0.000084,0.000074,0.000061,0.000047,0.000030,0.000004,0.000023,0.000047,0.000113
417,,,,,,,,,,,,,,0.000006,0.000138,0.000106,0.000091,0.000075,0.000078,0.000070,0.000074,0.000083,0.000055,0.000059,0.000063,0.000090,0.000104,0.000096,0.000098,0.000096,0.000108,0.000088,0.000107,0.000112,0.000120,0.000124,0.000117,0.000067,0.000083,0.000124,0.000119,0.000126,0.000093,0.000100,0.000087,0.000085,0.000019,0.000035,0.000115,0.000191
418,,,,,,,,,,,,,,0.000005,0.000102,0.000101,0.000128,0.000152,0.000172,0.000176,0.000210,0.000209,0.000208,0.000180,0.000168,0.000183,0.000189,0.000182,0.000193,0.000176,0.000162,0.000132,0.000136,0.000128,0.000112,0.000081,0.000068,0.000022,0.000017,0.000059,0.000052,0.000061,0.000057,0.000063,0.000044,0.000043,0.000005,0.000032,0.000067,0.000134
419,,,,,,,,,,,,,,0.000002,0.000051,0.000054,0.000058,0.000056,0.000052,0.000050,0.000051,0.000042,0.000042,0.000047,0.000046,0.000049,0.000051,0.000055,0.000054,0.000054,0.000055,0.000048,0.000052,0.000053,0.000058,0.000054,0.000050,0.000026,0.000074,0.000077,0.000082,0.000085,0.000067,0.000064,0.000044,0.000027,0.000003,0.000010,0.000028,0.000060
420,,,,,,,,,,,,,,0.000005,0.000118,0.000129,0.000152,0.000160,0.000180,0.000190,0.000230,0.000209,0.000210,0.000198,0.000160,0.000174,0.000173,0.000167,0.000180,0.000170,0.000159,0.000148,0.000197,0.000186,0.000194,0.000277,0.000227,0.000060,0.000064,0.000219,0.000204,0.000192,0.000135,0.000107,0.000067,0.000046,0.000003,0.000016,0.000032,0.000071
421,,,,,,,,,,,,,,0.000005,0.000086,0.000067,0.000066,0.000094,0.000137,0.000265,0.000364,0.000363,0.000315,0.000268,0.000268,0.000260,0.000290,0.000184,0.000248,0.000359,0.000519,0.000717,0.001111,0.001312,0.001233,0.000979,0.000748,0.000188,0.000201,0.000603,0.000499,0.000467,0.000305,0.000242,0.000137,0.000064,0.000008,0.000073,0.000201,0.000425
422,,,,,,,,,,,,,,0.000003,0.000065,0.000066,0.000090,0.000102,0.000115,0.000117,0.000145,0.000156,0.000163,0.000174,0.000155,0.000181,0.000180,0.000171,0.000170,0.000154,0.000127,0.000099,0.000111,0.000097,0.000078,0.000059,0.000066,0.000038,0.000025,0.000082,0.000080,0.000076,0.000070,0.000069,0.000054,0.000040,0.000007,0.000038,0.000057,0.000110
423,,,,,,,,,,,,,,0.000023,0.000516,0.000422,0.000357,0.000336,0.000326,0.000317,0.000340,0.000292,0.000339,0.000337,0.000319,0.000377,0.000383,0.000438,0.000428,0.000413,0.000392,0.000311,0.000314,0.000239,0.000191,0.000136,0.000099,0.000036,0.000036,0.000081,0.000093,0.000082,0.000071,0.000063,0.000052,0.000035,0.000003,0.000007,0.000018,0.000054
424,,,,,,,,,,,,,,0.000006,0.000307,0.000433,0.000561,0.000550,0.000542,0.000497,0.000463,0.000353,0.000313,0.000249,0.000186,0.000192,0.000174,0.000120,0.000126,0.000115,0.000108,0.000085,0.000088,0.000083,0.000090,0.000091,0.000096,0.000043,0.000044,0.000067,0.000065,0.000058,0.000067,0.000056,0.000040,0.000024,0.000004,0.000009,0.000008,0.000009
425,,,,,,,,,,,,,,0.000004,0.000064,0.000072,0.000077,0.000092,0.000115,0.000114,0.000124,0.000116,0.000121,0.000110,0.000097,0.000101,0.000098,0.000102,0.000110,0.000115,0.000125,0.000126,0.000183,0.000196,0.000171,0.000174,0.000138,0.000061,0.000077,0.000146,0.000154,0.000144,0.000105,0.000100,0.000081,0.000049,0.000009,0.000023,0.000101,0.000273
426,,,,,,,,,,,,,,0.000020,0.000331,0.000241,0.000237,0.000251,0.000266,0.000237,0.000265,0.000219,0.000230,0.000226,0.000218,0.000164,0.000147,0.000120,0.000122,0.000114,0.000095,0.000075,0.000077,0.000071,0.000063,0.000038,0.000043,0.000025,0.000018,0.000051,0.000058,0.000066,0.000056,0.000052,0.000035,0.000017,0.000012,0.000160,0.000428,0.000807
427,,,,,,,,,,,,,,0.000006,0.000114,0.000073,0.000055,0.000048,0.000056,0.000037,0.000042,0.000058,0.000063,0.000083,0.000082,0.000107,0.000133,0.000135,0.000175,0.000188,0.000178,0.000141,0.000125,0.000088,0.000070,0.000050,0.000062,0.000054,0.000105,0.000268,0.000315,0.000291,0.000233,0.000164,0.000109,0.000071,0.000016,0.000117,0.000259,0.000439
428,,,,,,,,,,,,,,0.000003,0.000049,0.000061,0.000074,0.000078,0.000084,0.000087,0.000098,0.000087,0.000092,0.000084,0.000076,0.000080,0.000079,0.000068,0.000081,0.000085,0.000111,0.000212,0.000232,0.000246,0.000254,0.000248,0.000242,0.000078,0.000083,0.000264,0.000222,0.000186,0.000109,0.000080,0.000048,0.000034,0.000006,0.000015,0.000042,0.000089
429,,,,,,,,,,,,,,0.000005,0.000100,0.000088,0.000100,0.000102,0.000098,0.000096,0.000097,0.000062,0.000055,0.000061,0.000064,0.000070,0.000087,0.000083,0.000087,0.000104,0.000115,0.000143,0.000171,0.000197,0.000239,0.000251,0.000205,0.000061,0.000102,0.000218,0.000207,0.000217,0.000247,0.000248,0.000252,0.000211,0.000015,0.000025,0.000059,0.000141
430,,,,,,,,,,,,,,0.000002,0.000043,0.000040,0.000057,0.000092,0.000144,0.000159,0.000198,0.000182,0.000172,0.000145,0.000128,0.000116,0.000107,0.000070,0.000056,0.000048,0.000055,0.000065,0.000114,0.000177,0.000229,0.000244,0.000250,0.000075,0.000113,0.000450,0.000433,0.000459,0.000276,0.000190,0.000099,0.000048,0.000005,0.000018,0.000050,0.000086
431,,,,,,,,,,,,,,0.000003,0.000071,0.000073,0.000089,0.000094,0.000097,0.000100,0.000094,0.000081,0.000071,0.000067,0.000076,0.000093,0.000112,0.000122,0.000160,0.000157,0.000161,0.000139,0.000157,0.000138,0.000114,0.000091,0.000101,0.000037,0.000057,0.000212,0.000307,0.000478,0.000466,0.000460,0.000331,0.000183,0.000012,0.000030,0.000043,0.000063
432,,,,,,,,,,,,,,0.000003,0.000052,0.000036,0.000040,0.000038,0.000032,0.000040,0.000033,0.000041,0.000029,0.000033,0.000037,0.000032,0.000030,0.000037,0.000044,0.000049,0.000046,0.000038,0.000054,0.000065,0.000063,0.000058,0.000055,0.000036,0.000092,0.000437,0.000513,0.000489,0.000229,0.000166,0.000088,0.000048,0.000007,0.000021,0.000046,0.000090
433,,,,,,,,,,,,,,0.000001,0.000003,0.000016,0.000081,0.000213,0.000428,0.000551,0.000617,0.000550,0.000531,0.000455,0.000387,0.000368,0.000356,0.000363,0.000453,0.000538,0.000691,0.000859,0.001065,0.001099,0.000940,0.000707,0.000553,0.000160,0.000164,0.000471,0.000398,0.000378,0.000247,0.000200,0.000123,0.000071,0.000007,0.000016,0.000024,0.000027
434,,,,,,,,,,,,,,0.000006,0.000135,0.000127,0.000131,0.000130,0.000148,0.000161,0.000183,0.000168,0.000167,0.000150,0.000135,0.000145,0.000150,0.000135,0.000145,0.000136,0.000122,0.000098,0.000095,0.000078,0.000064,0.000048,0.000042,0.000032,0.000038,0.000057,0.000048,0.000036,0.000026,0.000008,0.000006,0.000004,0.000004,0.000022,0.000060,0.000133
435,,,,,,,,,,,,,,0.000003,0.000054,0.000060,0.000066,0.000077,0.000092,0.000097,0.000121,0.000119,0.000132,0.000125,0.000115,0.000147,0.000144,0.000139,0.000147,0.000138,0.000137,0.000122,0.000139,0.000132,0.000117,0.000114,0.000111,0.000044,0.000049,0.000112,0.000127,0.000138,0.000096,0.000108,0.000095,0.000081,0.000026,0.000044,0.000048,0.000058
436,,,,,,,,,,,,,,0.000009,0.000226,0.000170,0.000174,0.000187,0.000183,0.000168,0.000169,0.000139,0.000123,0.000114,0.000103,0.000105,0.000100,0.000087,0.000095,0.000093,0.000099,0.000084,0.000103,0.000103,0.000093,0.000067,0.000061,0.000025,0.000032,0.000049,0.000038,0.000038,0.000031,0.000033,0.000028,0.000018,0.000004,0.000025,0.000074,0.000174
437,,,,,,,,,,,,,,0.000005,0.000126,0.000107,0.000096,0.000089,0.000074,0.000076,0.000092,0.000075,0.000078,0.000082,0.000088,0.000101,0.000106,0.000090,0.000095,0.000094,0.000094,0.000079,0.000114,0.000144,0.000156,0.000134,0.000110,0.000054,0.000095,0.000110,0.000084,0.000075,0.000113,0.000064,0.000041,0.000026,0.000007,0.000026,0.000037,0.000065
438,,,,,,,,,,,,,,0.000004,0.000069,0.000085,0.000191,0.000190,0.000205,0.000168,0.000194,0.000185,0.000143,0.000136,0.000114,0.000112,0.000103,0.000101,0.000095,0.000094,0.000090,0.000077,0.000081,0.000080,0.000084,0.000068,0.000062,0.000025,0.000028,0.000079,0.000080,0.000096,0.000081,0.000076,0.000059,0.000039,0.000004,0.000011,0.000027,0.000068
439,,,,,,,,,,,,,,0.000003,0.000059,0.000057,0.000054,0.000046,0.000045,0.000052,0.000052,0.000050,0.000042,0.000032,0.000025,0.000021,0.000024,0.000022,0.000027,0.000033,0.000037,0.000046,0.000050,0.000050,0.000053,0.000050,0.000032,0.000020,0.000027,0.000045,0.000054,0.000045,0.000045,0.000042,0.000035,0.000027,0.000013,0.000062,0.000077,0.000117
440,,,,,,,,,,,,,,0.000012,0.000371,0.000371,0.000370,0.000329,0.000312,0.000302,0.000296,0.000246,0.000215,0.000191,0.000148,0.000143,0.000126,0.000105,0.000114,0.000098,0.000083,0.000088,0.000088,0.000089,0.000078,0.000072,0.000064,0.000046,0.000062,0.000075,0.000061,0.000062,0.000063,0.000023,0.000012,0.000007,0.000008,0.000042,0.000065,0.000114
441,,,,,,,,,,,,,,0.000016,0.000365,0.000369,0.000370,0.000370,0.000370,0.000332,0.000356,0.000266,0.000274,0.000262,0.000242,0.000260,0.000282,0.000272,0.000310,0.000284,0.000281,0.000262,0.000362,0.000350,0.000304,0.000236,0.000158,0.000055,0.000038,0.000078,0.000066,0.000063,0.000048,0.000052,0.000056,0.000042,0.000007,0.000041,0.000166,0.000398
442,,,,,,,,,,,,,,0.000025,0.000527,0.000435,0.000410,0.000377,0.000393,0.000377,0.000437,0.000368,0.000350,0.000338,0.000295,0.000312,0.000295,0.000287,0.000315,0.000286,0.000278,0.000210,0.000191,0.000160,0.000137,0.000106,0.000087,0.000049,0.000059,0.000121,0.000109,0.000084,0.000052,0.000027,0.000006,0.000000,0.000006,0.000030,0.000059,0.000137
443,,,,,,,,,,,,,,0.000008,0.000223,0.000174,0.000125,0.000121,0.000130,0.000121,0.000112,0.000086,0.000061,0.000055,0.000045,0.000057,0.000045,0.000036,0.000045,0.000042,0.000046,0.000051,0.000054,0.000057,0.000051,0.000051,0.000078,0.000053,0.000056,0.000104,0.000110,0.000096,0.000047,0.000040,0.000028,0.000021,0.000008,0.000033,0.000063,0.000127
444,,,,,,,,,,,,,,0.000004,0.000127,0.000118,0.000134,0.000125,0.000155,0.000169,0.000195,0.000172,0.000170,0.000152,0.000126,0.000141,0.000125,0.000108,0.000124,0.000118,0.000118,0.000112,0.000192,0.000274,0.000348,0.000425,0.000472,0.000137,0.000137,0.000515,0.000504,0.000514,0.000333,0.000272,0.000165,0.000104,0.000008,0.000021,0.000045,0.000079
445,,,,,,,,,,,,,,0.000012,0.000155,0.000137,0.000151,0.000174,0.000216,0.000229,0.000237,0.000221,0.000225,0.000203,0.000174,0.000181,0.000195,0.000196,0.000202,0.000204,0.000208,0.000183,0.000282,0.000374,0.000451,0.000391,0.000329,0.000069,0.000044,0.000069,0.000065,0.000050,0.000027,0.000021,0.000018,0.000012,0.000003,0.000059,0.000274,0.000645
446,,,,,,,,,,,,,,0.000003,0.000052,0.000053,0.000058,0.000069,0.000077,0.000090,0.000090,0.000075,0.000071,0.000070,0.000060,0.000068,0.000063,0.000061,0.000061,0.000052,0.000049,0.000044,0.000051,0.000064,0.000055,0.000072,0.000083,0.000076,0.000075,0.000154,0.000135,0.000162,0.000107,0.000107,0.000071,0.000046,0.000008,0.000021,0.000041,0.000076
447,,,,,,,,,,,,,,0.000014,0.000173,0.000136,0.000137,0.000153,0.000169,0.000174,0.000185,0.000181,0.000189,0.000194,0.000195,0.000174,0.000199,0.000169,0.000149,0.000140,0.000113,0.000106,0.000112,0.000104,0.000102,0.000067,0.000063,0.000033,0.000029,0.000068,0.000079,0.000067,0.000059,0.000051,0.000033,0.000025,0.000004,0.000040,0.000219,0.000620
448,,,,,,,,,,,,,,0.000011,0.000338,0.000358,0.000364,0.000346,0.000309,0.000277,0.000272,0.000215,0.000216,0.000199,0.000163,0.000168,0.000146,0.000143,0.000141,0.000130,0.000120,0.000093,0.000084,0.000076,0.000066,0.000050,0.000058,0.000043,0.000036,0.000063,0.000058,0.000058,0.000054,0.000078,0.000023,0.000005,0.000005,0.000034,0.000082,0.000161
449,,,,,,,,,,,,,,0.000003,0.000068,0.000062,0.000073,0.000064,0.000059,0.000060,0.000044,0.000039,0.000042,0.000045,0.000043,0.000037,0.000037,0.000028,0.000040,0.000043,0.000054,0.000052,0.000055,0.000064,0.000083,0.000112,0.000147,0.000257,0.000207,0.000148,0.000123,0.000100,0.000073,0.000065,0.000044,0.000028,0.000007,0.000026,0.000048,0.000088
450,,,,,,,,,,,,,,0.000005,0.000096,0.000094,0.000084,0.000078,0.000069,0.000064,0.000059,0.000054,0.000056,0.000055,0.000047,0.000037,0.000039,0.000035,0.000044,0.000044,0.000044,0.000049,0.000055,0.000064,0.000069,0.000058,0.000042,0.000023,0.000038,0.000058,0.000058,0.000045,0.000029,0.000022,0.000022,0.000017,0.000017,0.000117,0.000249,0.000384
451,,,,,,,,,,,,,,0.000007,0.000150,0.000125,0.000134,0.000137,0.000155,0.000166,0.000172,0.000148,0.000144,0.000132,0.000109,0.000124,0.000117,0.000107,0.000111,0.000115,0.000101,0.000073,0.000078,0.000077,0.000076,0.000064,0.000045,0.000030,0.000044,0.000099,0.000129,0.000188,0.000146,0.000143,0.000095,0.000047,0.000003,0.000029,0.000103,0.000247
452,,,,,,,,,,,,,,0.000002,0.000042,0.000040,0.000044,0.000063,0.000084,0.000097,0.000136,0.000133,0.000117,0.000089,0.000068,0.000074,0.000101,0.000084,0.000082,0.000082,0.000096,0.000126,0.000147,0.000166,0.000208,0.000307,0.000432,0.000160,0.000158,0.000282,0.000276,0.000241,0.000266,0.000177,0.000122,0.000075,0.000007,0.000025,0.000051,0.000092
453,,,,,,,,,,,,,,0.000008,0.000221,0.000245,0.000281,0.000280,0.000296,0.000264,0.000251,0.000195,0.000175,0.000128,0.000098,0.000103,0.000096,0.000089,0.000088,0.000089,0.000082,0.000066,0.000068,0.000057,0.000053,0.000047,0.000055,0.000034,0.000040,0.000083,0.000106,0.000125,0.000253,0.000081,0.000058,0.000058,0.000011,0.000033,0.000142,0.000161
454,,,,,,,,,,,,,,0.000006,0.000112,0.000096,0.000093,0.000088,0.000101,0.000090,0.000100,0.000080,0.000079,0.000078,0.000077,0.000067,0.000068,0.000063,0.000055,0.000044,0.000043,0.000041,0.000041,0.000042,0.000047,0.000039,0.000048,0.000036,0.000018,0.000044,0.000051,0.000058,0.000057,0.000066,0.000054,0.000038,0.000005,0.000027,0.000075,0.000131
455,,,,,,,,,,,,,,0.000007,0.000117,0.000086,0.000076,0.000076,0.000079,0.000084,0.000100,0.000083,0.000071,0.000065,0.000049,0.000052,0.000055,0.000058,0.000075,0.000090,0.000105,0.000120,0.000167,0.000174,0.000146,0.000101,0.000095,0.000058,0.000135,0.000217,0.000162,0.000133,0.000064,0.000041,0.000030,0.000020,0.000004,0.000039,0.000183,0.000420
456,,,,,,,,,,,,,,0.000013,0.000269,0.000246,0.000227,0.000225,0.000247,0.000238,0.000222,0.000170,0.000155,0.000133,0.000126,0.000103,0.000091,0.000091,0.000099,0.000105,0.000100,0.000088,0.000105,0.000096,0.000097,0.000072,0.000057,0.000021,0.000017,0.000051,0.000051,0.000057,0.000040,0.000041,0.000033,0.000020,0.000003,0.000014,0.000057,0.000179
457,,,,,,,,,,,,,,0.000021,0.000425,0.000338,0.000291,0.000253,0.000235,0.000215,0.000253,0.000212,0.000199,0.000174,0.000145,0.000155,0.000144,0.000137,0.000141,0.000126,0.000118,0.000088,0.000082,0.000077,0.000076,0.000047,0.000038,0.000026,0.000067,0.000126,0.000100,0.000090,0.000062,0.000061,0.000042,0.000029,0.000002,0.000025,0.000113,0.000316
458,,,,,,,,,,,,,,0.000006,0.000103,0.000088,0.000074,0.000070,0.000087,0.000119,0.000110,0.000103,0.000091,0.000086,0.000094,0.000082,0.000072,0.000054,0.000063,0.000061,0.000065,0.000071,0.000084,0.000111,0.000163,0.000188,0.000275,0.000190,0.000141,0.000071,0.000047,0.000031,0.000030,0.000022,0.000015,0.000013,0.000006,0.000043,0.000109,0.000226
459,,,,,,,,,,,,,,0.000005,0.000100,0.000082,0.000068,0.000059,0.000068,0.000044,0.000037,0.000029,0.000025,0.000026,0.000033,0.000036,0.000040,0.000036,0.000052,0.000076,0.000083,0.000108,0.000122,0.000126,0.000108,0.000087,0.000082,0.000052,0.000053,0.000086,0.000085,0.000082,0.000085,0.000062,0.000044,0.000036,0.000010,0.000056,0.000129,0.000232
460,,,,,,,,,,,,,,0.000004,0.000077,0.000073,0.000079,0.000085,0.000106,0.000110,0.000123,0.000118,0.000110,0.000099,0.000091,0.000093,0.000092,0.000077,0.000083,0.000076,0.000079,0.000064,0.000077,0.000081,0.000075,0.000061,0.000053,0.000022,0.000076,0.000330,0.000328,0.000253,0.000158,0.000126,0.000075,0.000040,0.000004,0.000019,0.000055,0.000120
461,,,,,,,,,,,,,,0.000002,0.000036,0.000034,0.000031,0.000022,0.000020,0.000018,0.000021,0.000023,0.000019,0.000019,0.000027,0.000025,0.000024,0.000031,0.000031,0.000036,0.000045,0.000052,0.000070,0.000085,0.000094,0.000083,0.000082,0.000038,0.000043,0.000111,0.000105,0.000095,0.000064,0.000064,0.000049,0.000036,0.000008,0.000028,0.000037,0.000063
462,,,,,,,,,,,,,,0.000005,0.000107,0.000108,0.000116,0.000124,0.000155,0.000160,0.000171,0.000157,0.000147,0.000131,0.000134,0.000159,0.000203,0.000143,0.000142,0.000123,0.000121,0.000095,0.000101,0.000111,0.000116,0.000095,0.000082,0.000030,0.000045,0.000107,0.000101,0.000112,0.000084,0.000080,0.000046,0.000021,0.000007,0.000035,0.000073,0.000177
463,,,,,,,,,,,,,,0.000002,0.000039,0.000040,0.000048,0.000052,0.000044,0.000046,0.000040,0.000037,0.000041,0.000043,0.000042,0.000045,0.000050,0.000046,0.000055,0.000057,0.000064,0.000056,0.000070,0.000076,0.000072,0.000068,0.000078,0.000111,0.000120,0.000142,0.000148,0.000183,0.000202,0.000220,0.000161,0.000095,0.000008,0.000017,0.000030,0.000057
464,,,,,,,,,,,,,,0.000004,0.000050,0.000036,0.000049,0.000058,0.000070,0.000084,0.000091,0.000094,0.000075,0.000070,0.000075,0.000072,0.000072,0.000069,0.000087,0.000083,0.000081,0.000088,0.000101,0.000095,0.000088,0.000078,0.000091,0.000092,0.000076,0.000103,0.000082,0.000083,0.000071,0.000056,0.000046,0.000030,0.000013,0.000049,0.000098,0.000179
465,,,,,,,,,,,,,,0.000004,0.000084,0.000082,0.000081,0.000082,0.000100,0.000100,0.000109,0.000115,0.000136,0.000134,0.000163,0.000159,0.000152,0.000127,0.000123,0.000106,0.000117,0.000123,0.000161,0.000209,0.000221,0.000211,0.000216,0.000066,0.000063,0.000212,0.000212,0.000209,0.000146,0.000118,0.000074,0.000039,0.000003,0.000015,0.000047,0.000112
466,,,,,,,,,,,,,,0.000003,0.000062,0.000052,0.000044,0.000043,0.000045,0.000049,0.000046,0.000043,0.000060,0.000059,0.000048,0.000055,0.000056,0.000069,0.000105,0.000126,0.000153,0.000177,0.000274,0.000309,0.000321,0.000270,0.000216,0.000062,0.000080,0.000316,0.000370,0.000375,0.000248,0.000187,0.000110,0.000058,0.000007,0.000020,0.000043,0.000082
467,,,,,,,,,,,,,,0.000004,0.000064,0.000041,0.000043,0.000037,0.000030,0.000029,0.000024,0.000034,0.000030,0.000037,0.000033,0.000034,0.000038,0.000041,0.000045,0.000045,0.000055,0.000058,0.000079,0.000088,0.000096,0.000096,0.000109,0.000073,0.000143,0.000320,0.000297,0.000256,0.000177,0.000133,0.000106,0.000096,0.000016,0.000073,0.000119,0.000170
468,,,,,,,,,,,,,,0.000008,0.000204,0.000204,0.000249,0.000280,0.000337,0.000368,0.000450,0.000428,0.000458,0.000439,0.000385,0.000413,0.000390,0.000377,0.000387,0.000351,0.000320,0.000267,0.000305,0.000307,0.000289,0.000238,0.000203,0.000057,0.000061,0.000209,0.000192,0.000205,0.000160,0.000148,0.000099,0.000056,0.000003,0.000006,0.000010,0.000044
469,,,,,,,,,,,,,,0.000003,0.000048,0.000037,0.000043,0.000058,0.000082,0.000094,0.000139,0.000213,0.000240,0.000259,0.000252,0.000313,0.000328,0.000298,0.000373,0.000367,0.000348,0.000293,0.000382,0.000365,0.000328,0.000255,0.000218,0.000082,0.000092,0.000131,0.000148,0.000144,0.000122,0.000082,0.000055,0.000041,0.000006,0.000021,0.000067,0.000150
470,,,,,,,,,,,,,,0.000003,0.000051,0.000053,0.000065,0.000076,0.000097,0.000129,0.000198,0.000254,0.000227,0.000199,0.000209,0.000226,0.000214,0.000202,0.000209,0.000185,0.000164,0.000150,0.000195,0.000195,0.000193,0.000166,0.000142,0.000070,0.000074,0.000085,0.000087,0.000089,0.000110,0.000060,0.000037,0.000019,0.000005,0.000020,0.000049,0.000108
471,,,,,,,,,,,,,,0.000007,0.000129,0.000121,0.000127,0.000137,0.000163,0.000157,0.000179,0.000156,0.000151,0.000125,0.000106,0.000115,0.000107,0.000103,0.000106,0.000100,0.000093,0.000082,0.000098,0.000126,0.000144,0.000125,0.000104,0.000131,0.000087,0.000115,0.000096,0.000085,0.000053,0.000029,0.000014,0.000006,0.000005,0.000025,0.000053,0.000123
472,,,,,,,,,,,,,,0.000004,0.000076,0.000074,0.000097,0.000117,0.000122,0.000129,0.000133,0.000101,0.000104,0.000097,0.000085,0.000079,0.000069,0.000056,0.000057,0.000059,0.000055,0.000049,0.000051,0.000048,0.000052,0.000047,0.000045,0.000032,0.000054,0.000082,0.000092,0.000127,0.000159,0.000281,0.000268,0.000172,0.000011,0.000024,0.000055,0.000117
473,,,,,,,,,,,,,,0.000008,0.000067,0.000051,0.000042,0.000083,0.000157,0.000222,0.000324,0.000424,0.000577,0.000638,0.000660,0.000824,0.000872,0.000882,0.000988,0.000919,0.000922,0.000699,0.000643,0.000536,0.000451,0.000358,0.000327,0.000144,0.000081,0.000142,0.000141,0.000133,0.000122,0.000126,0.000096,0.000073,0.000016,0.000109,0.000425,0.000693
474,,,,,,,,,,,,,,0.000003,0.000055,0.000062,0.000069,0.000074,0.000088,0.000094,0.000110,0.000099,0.000086,0.000079,0.000071,0.000081,0.000089,0.000080,0.000081,0.000069,0.000063,0.000063,0.000068,0.000055,0.000049,0.000060,0.000064,0.000038,0.000044,0.000051,0.000057,0.000075,0.000085,0.000054,0.000032,0.000026,0.000008,0.000031,0.000082,0.000082
475,,,,,,,,,,,,,,0.000004,0.000076,0.000081,0.000088,0.000100,0.000122,0.000132,0.000168,0.000156,0.000165,0.000158,0.000142,0.000139,0.000136,0.000098,0.000100,0.000105,0.000103,0.000093,0.000093,0.000087,0.000075,0.000068,0.000067,0.000031,0.000050,0.000245,0.000274,0.000345,0.000258,0.000198,0.000112,0.000063,0.000005,0.000020,0.000049,0.000097
476,,,,,,,,,,,,,,0.000005,0.000115,0.000109,0.000194,0.000292,0.000447,0.000502,0.000540,0.000490,0.000462,0.000341,0.000255,0.000231,0.000208,0.000179,0.000164,0.000156,0.000137,0.000103,0.000108,0.000097,0.000082,0.000064,0.000089,0.000035,0.000041,0.000188,0.000260,0.000381,0.000385,0.000420,0.000349,0.000207,0.000009,0.000027,0.000044,0.000075
477,,,,,,,,,,,,,,0.000006,0.000119,0.000107,0.000116,0.000131,0.000172,0.000229,0.000279,0.000304,0.000353,0.000282,0.000281,0.000321,0.000379,0.000386,0.000445,0.000384,0.000354,0.000233,0.000215,0.000182,0.000143,0.000112,0.000073,0.000030,0.000033,0.000091,0.000091,0.000101,0.000054,0.000034,0.000015,0.000007,0.000004,0.000013,0.000026,0.000061
478,,,,,,,,,,,,,,0.000011,0.000192,0.000176,0.000178,0.000201,0.000261,0.000248,0.000239,0.000196,0.000195,0.000172,0.000147,0.000149,0.000179,0.000155,0.000152,0.000128,0.000103,0.000084,0.000077,0.000073,0.000072,0.000082,0.000151,0.000059,0.000055,0.000087,0.000085,0.000082,0.000053,0.000045,0.000043,0.000031,0.000004,0.000026,0.000087,0.000185
479,,,,,,,,,,,,,,0.000005,0.000074,0.000060,0.000059,0.000082,0.000122,0.000176,0.000253,0.000295,0.000364,0.000376,0.000321,0.000352,0.000332,0.000308,0.000277,0.000215,0.000232,0.000304,0.000194,0.000161,0.000127,0.000092,0.000079,0.000033,0.000028,0.000069,0.000062,0.000062,0.000056,0.000053,0.000040,0.000021,0.000006,0.000054,0.000143,0.000272
480,,,,,,,,,,,,,,0.000004,0.000116,0.000088,0.000097,0.000118,0.000152,0.000172,0.000154,0.000139,0.000134,0.000123,0.000105,0.000101,0.000096,0.000084,0.000098,0.000091,0.000094,0.000084,0.000098,0.000095,0.000088,0.000074,0.000065,0.000028,0.000031,0.000067,0.000063,0.000061,0.000039,0.000030,0.000023,0.000018,0.000006,0.000029,0.000081,0.000099
481,,,,,,,,,,,,,,0.000006,0.000111,0.000087,0.000097,0.000105,0.000134,0.000159,0.000171,0.000148,0.000145,0.000138,0.000173,0.000156,0.000149,0.000130,0.000148,0.000137,0.000129,0.000152,0.000128,0.000117,0.000119,0.000139,0.000154,0.000071,0.000086,0.000121,0.000105,0.000108,0.000121,0.000081,0.000072,0.000049,0.000017,0.000110,0.000121,0.000126
482,,,,,,,,,,,,,,0.000004,0.000082,0.000062,0.000052,0.000057,0.000083,0.000087,0.000114,0.000156,0.000168,0.000142,0.000127,0.000152,0.000149,0.000131,0.000148,0.000148,0.000164,0.000170,0.000173,0.000162,0.000160,0.000144,0.000141,0.000059,0.000095,0.000372,0.000488,0.000392,0.000262,0.000153,0.000095,0.000063,0.000007,0.000023,0.000078,0.000206
483,,,,,,,,,,,,,,0.000003,0.000044,0.000044,0.000045,0.000052,0.000067,0.000067,0.000077,0.000071,0.000057,0.000055,0.000055,0.000058,0.000048,0.000060,0.000057,0.000052,0.000052,0.000064,0.000089,0.000087,0.000071,0.000056,0.000075,0.000043,0.000028,0.000043,0.000050,0.000046,0.000043,0.000032,0.000019,0.000010,0.000005,0.000016,0.000029,0.000051
484,,,,,,,,,,,,,,0.000010,0.000277,0.000233,0.000225,0.000223,0.000235,0.000203,0.000194,0.000180,0.000148,0.000128,0.000110,0.000118,0.000107,0.000106,0.000106,0.000099,0.000084,0.000074,0.000071,0.000063,0.000053,0.000049,0.000040,0.000033,0.000039,0.000065,0.000053,0.000048,0.000029,0.000027,0.000015,0.000009,0.000004,0.000012,0.000030,0.000046
485,,,,,,,,,,,,,,0.000004,0.000120,0.000130,0.000171,0.000185,0.000225,0.000233,0.000253,0.000240,0.000222,0.000201,0.000160,0.000165,0.000154,0.000133,0.000140,0.000117,0.000105,0.000099,0.000085,0.000068,0.000061,0.000049,0.000061,0.000038,0.000132,0.000481,0.000529,0.000449,0.000241,0.000156,0.000077,0.000032,0.000010,0.000045,0.000098,0.000208
486,,,,,,,,,,,,,,0.000002,0.000033,0.000036,0.000039,0.000058,0.000111,0.000348,0.000412,0.000435,0.000539,0.000586,0.000602,0.000602,0.000545,0.000457,0.000429,0.000329,0.000266,0.000195,0.000197,0.000174,0.000155,0.000122,0.000114,0.000041,0.000045,0.000103,0.000106,0.000115,0.000076,0.000069,0.000049,0.000032,0.000004,0.000012,0.000027,0.000051
487,,,,,,,,,,,,,,0.000012,0.000386,0.000380,0.000363,0.000353,0.000325,0.000246,0.000251,0.000168,0.000139,0.000123,0.000095,0.000081,0.000077,0.000064,0.000075,0.000079,0.000116,0.000159,0.000245,0.000268,0.000241,0.000234,0.000247,0.000099,0.000118,0.000184,0.000214,0.000181,0.000113,0.000097,0.000073,0.000049,0.000005,0.000017,0.000048,0.000124
488,,,,,,,,,,,,,,0.000003,0.000068,0.000058,0.000056,0.000065,0.000084,0.000112,0.000132,0.000145,0.000147,0.000176,0.000304,0.000174,0.000158,0.000137,0.000146,0.000133,0.000124,0.000115,0.000128,0.000118,0.000111,0.000105,0.000094,0.000049,0.000052,0.000112,0.000144,0.000190,0.000347,0.000116,0.000029,0.000012,0.000004,0.000016,0.000041,0.000083
489,,,,,,,,,,,,,,0.000003,0.000051,0.000048,0.000060,0.000062,0.000080,0.000097,0.000118,0.000111,0.000130,0.000121,0.000114,0.000092,0.000092,0.000071,0.000076,0.000075,0.000075,0.000064,0.000058,0.000054,0.000062,0.000063,0.000071,0.000053,0.000058,0.000216,0.000346,0.000471,0.000406,0.000367,0.000230,0.000124,0.000010,0.000032,0.000054,0.000074
490,,,,,,,,,,,,,,0.000002,0.000034,0.000030,0.000025,0.000027,0.000055,0.000102,0.000191,0.000293,0.000457,0.000605,0.000694,0.000934,0.001068,0.001062,0.001125,0.000980,0.000774,0.000562,0.000520,0.000400,0.000304,0.000219,0.000169,0.000062,0.000075,0.000108,0.000095,0.000081,0.000078,0.000060,0.000068,0.000068,0.000025,0.000060,0.000041,0.000058
491,,,,,,,,,,,,,,0.000003,0.000063,0.000072,0.000129,0.000188,0.000280,0.000319,0.000394,0.000379,0.000380,0.000343,0.000291,0.000281,0.000257,0.000249,0.000250,0.000247,0.000227,0.000173,0.000190,0.000175,0.000147,0.000127,0.000135,0.000084,0.000139,0.000262,0.000259,0.000245,0.000235,0.000164,0.000105,0.000074,0.000010,0.000059,0.000312,0.000515
492,,,,,,,,,,,,,,0.000004,0.000072,0.000065,0.000068,0.000058,0.000062,0.000049,0.000050,0.000046,0.000051,0.000045,0.000046,0.000060,0.000071,0.000052,0.000076,0.000089,0.000088,0.000093,0.000114,0.000115,0.000114,0.000104,0.000081,0.000052,0.000070,0.000121,0.000116,0.000108,0.000106,0.000106,0.000102,0.000080,0.000023,0.000084,0.000084,0.000117
493,,,,,,,,,,,,,,0.000007,0.000195,0.000183,0.000168,0.000165,0.000183,0.000152,0.000177,0.000136,0.000121,0.000101,0.000086,0.000093,0.000097,0.000103,0.000110,0.000110,0.000123,0.000201,0.000153,0.000124,0.000102,0.000082,0.000064,0.000037,0.000054,0.000070,0.000055,0.000050,0.000121,0.000029,0.000024,0.000021,0.000016,0.000101,0.000121,0.000177
494,,,,,,,,,,,,,,0.000004,0.000084,0.000093,0.000099,0.000098,0.000112,0.000120,0.000124,0.000104,0.000091,0.000067,0.000054,0.000045,0.000041,0.000032,0.000040,0.000043,0.000039,0.000044,0.000044,0.000049,0.000066,0.000088,0.000099,0.000055,0.000112,0.000542,0.000728,0.001023,0.000938,0.000896,0.000591,0.000286,0.000014,0.000037,0.000048,0.000084
495,,,,,,,,,,,,,,0.000004,0.000102,0.000108,0.000135,0.000130,0.000133,0.000120,0.000108,0.000088,0.000078,0.000075,0.000078,0.000081,0.000091,0.000086,0.000099,0.000088,0.000080,0.000055,0.000054,0.000046,0.000039,0.000036,0.000032,0.000025,0.000036,0.000036,0.000046,0.000055,0.000212,0.000074,0.000041,0.000025,0.000005,0.000020,0.000046,0.000105
496,,,,,,,,,,,,,,0.000011,0.000158,0.000109,0.000104,0.000089,0.000073,0.000066,0.000081,0.000074,0.000080,0.000067,0.000067,0.000039,0.000037,0.000023,0.000016,0.000017,0.000011,0.000021,0.000044,0.000076,0.000108,0.000140,0.000161,0.000074,0.000084,0.000183,0.000171,0.000176,0.000129,0.000105,0.000080,0.000067,0.000017,0.000069,0.000232,0.000511
497,,,,,,,,,,,,,,0.000004,0.000076,0.000077,0.000098,0.000102,0.000133,0.000158,0.000217,0.000257,0.000340,0.000445,0.000499,0.000658,0.000737,0.000741,0.000767,0.000657,0.000495,0.000361,0.000321,0.000268,0.000212,0.000155,0.000130,0.000043,0.000042,0.000130,0.000124,0.000125,0.000093,0.000075,0.000043,0.000022,0.000002,0.000016,0.000030,0.000067
498,,,,,,,,,,,,,,0.000002,0.000038,0.000032,0.000034,0.000035,0.000054,0.000077,0.000097,0.000123,0.000136,0.000169,0.000268,0.000197,0.000146,0.000120,0.000118,0.000121,0.000171,0.000161,0.000108,0.000084,0.000052,0.000057,0.000057,0.000044,0.000047,0.000078,0.000077,0.000079,0.000072,0.000049,0.000029,0.000020,0.000007,0.000020,0.000057,0.000098
499,,,,,,,,,,,,,,0.000010,0.000141,0.000113,0.000112,0.000112,0.000112,0.000110,0.000123,0.000101,0.000108,0.000094,0.000080,0.000087,0.000085,0.000085,0.000085,0.000070,0.000064,0.000052,0.000059,0.000062,0.000065,0.000057,0.000056,0.000024,0.000019,0.000051,0.000053,0.000064,0.000053,0.000048,0.000034,0.000022,0.000002,0.000009,0.000026,0.000067
500,,,,,,,,,,,,,,0.000011,0.000182,0.000159,0.000203,0.000247,0.000263,0.000267,0.000176,0.000195,0.000160,0.000134,0.000099,0.000108,0.000106,0.000098,0.000098,0.000105,0.000095,0.000088,0.000089,0.000097,0.000131,0.000197,0.000394,0.000213,0.000183,0.000165,0.000135,0.000113,0.000101,0.000087,0.000063,0.000032,0.000012,0.000047,0.000080,0.000161
501,,,,,,,,,,,,,,0.000008,0.000164,0.000137,0.000128,0.000121,0.000145,0.000133,0.000146,0.000122,0.000120,0.000112,0.000093,0.000092,0.000083,0.000070,0.000075,0.000076,0.000071,0.000063,0.000079,0.000092,0.000099,0.000100,0.000082,0.000032,0.000035,0.000066,0.000061,0.000051,0.000035,0.000026,0.000021,0.000014,0.000005,0.000024,0.000038,0.000081
502,,,,,,,,,,,,,,0.000004,0.000071,0.000046,0.000043,0.000057,0.000073,0.000087,0.000084,0.000075,0.000080,0.000056,0.000050,0.000051,0.000047,0.000050,0.000052,0.000050,0.000052,0.000049,0.000045,0.000037,0.000044,0.000041,0.000042,0.000037,0.000056,0.000103,0.000125,0.000153,0.000136,0.000214,0.000247,0.000194,0.000018,0.000040,0.000088,0.000123
503,,,,,,,,,,,,,,0.000008,0.000221,0.000204,0.000190,0.000195,0.000227,0.000203,0.000271,0.000228,0.000224,0.000199,0.000170,0.000192,0.000183,0.000174,0.000181,0.000157,0.000134,0.000127,0.000137,0.000123,0.000111,0.000098,0.000109,0.000132,0.000065,0.000153,0.000137,0.000142,0.000097,0.000083,0.000055,0.000045,0.000007,0.000036,0.000095,0.000199
504,,,,,,,,,,,,,,0.000010,0.000294,0.000299,0.000321,0.000325,0.000385,0.000407,0.000450,0.000415,0.000409,0.000381,0.000334,0.000370,0.000373,0.000365,0.000393,0.000365,0.000337,0.000290,0.000319,0.000309,0.000290,0.000231,0.000195,0.000045,0.000052,0.000184,0.000173,0.000183,0.000148,0.000127,0.000081,0.000046,0.000003,0.000014,0.000033,0.000089
505,,,,,,,,,,,,,,0.000007,0.000178,0.000152,0.000151,0.000138,0.000133,0.000135,0.000147,0.000143,0.000133,0.000134,0.000113,0.000117,0.000104,0.000096,0.000089,0.000084,0.000089,0.000081,0.000090,0.000092,0.000085,0.000064,0.000037,0.000064,0.000128,0.000183,0.000123,0.000100,0.000107,0.000054,0.000030,0.000014,0.000005,0.000013,0.000017,0.000029
506,,,,,,,,,,,,,,0.000004,0.000098,0.000093,0.000100,0.000109,0.000119,0.000128,0.000168,0.000146,0.000161,0.000156,0.000169,0.000166,0.000155,0.000133,0.000124,0.000100,0.000090,0.000081,0.000109,0.000174,0.000246,0.000353,0.000283,0.000086,0.000105,0.000293,0.000266,0.000253,0.000191,0.000140,0.000080,0.000043,0.000006,0.000018,0.000053,0.000101
507,,,,,,,,,,,,,,0.000008,0.000119,0.000105,0.000099,0.000102,0.000112,0.000100,0.000105,0.000096,0.000099,0.000090,0.000078,0.000081,0.000074,0.000063,0.000060,0.000049,0.000052,0.000050,0.000050,0.000049,0.000054,0.000049,0.000044,0.000051,0.000071,0.000096,0.000087,0.000073,0.000039,0.000024,0.000013,0.000018,0.000019,0.000099,0.000153,0.000275
508,,,,,,,,,,,,,,0.000005,0.000091,0.000068,0.000069,0.000070,0.000090,0.000090,0.000082,0.000071,0.000060,0.000062,0.000056,0.000048,0.000048,0.000044,0.000045,0.000046,0.000041,0.000042,0.000036,0.000029,0.000023,0.000041,0.000037,0.000034,0.000051,0.000103,0.000101,0.000116,0.000105,0.000126,0.000116,0.000095,0.000018,0.000050,0.000106,0.000204
509,,,,,,,,,,,,,,0.000004,0.000100,0.000116,0.000151,0.000159,0.000176,0.000175,0.000182,0.000157,0.000158,0.000147,0.000131,0.000143,0.000136,0.000120,0.000123,0.000110,0.000089,0.000075,0.000078,0.000078,0.000068,0.000052,0.000042,0.000027,0.000038,0.000079,0.000080,0.000100,0.000083,0.000063,0.000028,0.000009,0.000003,0.000019,0.000046,0.000106
510,,,,,,,,,,,,,,0.000004,0.000085,0.000078,0.000139,0.000206,0.000423,0.000485,0.000581,0.000614,0.000543,0.000469,0.000461,0.000496,0.000397,0.000296,0.000234,0.000173,0.000147,0.000104,0.000113,0.000103,0.000094,0.000065,0.000078,0.000041,0.000048,0.000087,0.000121,0.000178,0.000199,0.000106,0.000066,0.000046,0.000005,0.000017,0.000056,0.000083
511,,,,,,,,,,,,,,0.000007,0.000118,0.000100,0.000112,0.000116,0.000125,0.000114,0.000116,0.000095,0.000076,0.000063,0.000045,0.000026,0.000012,0.000004,-0.000003,0.000011,0.000031,0.000044,0.000073,0.000088,0.000087,0.000087,0.000088,0.000049,0.000061,0.000097,0.000086,0.000088,0.000085,0.000091,0.000108,0.000137,0.000046,0.000138,0.000364,0.000584
512,,,,,,,,,,,,,,0.000010,0.000294,0.000353,0.000446,0.000464,0.000477,0.000466,0.000497,0.000359,0.000337,0.000259,0.000191,0.000191,0.000175,0.000143,0.000148,0.000129,0.000104,0.000081,0.000065,0.000060,0.000047,0.000052,0.000052,0.000033,0.000033,0.000083,0.000102,0.000145,0.000160,0.000197,0.000165,0.000105,0.000006,0.000013,0.000023,0.000062
513,,,,,,,,,,,,,,0.000013,0.000534,0.000757,0.000814,0.000784,0.000759,0.000670,0.000684,0.000517,0.000480,0.000393,0.000321,0.000319,0.000286,0.000255,0.000243,0.000203,0.000170,0.000140,0.000142,0.000131,0.000123,0.000088,0.000071,0.000027,0.000029,0.000064,0.000074,0.000083,0.000060,0.000054,0.000032,0.000011,0.000002,0.000016,0.000051,0.000154
514,,,,,,,,,,,,,,0.000004,0.000064,0.000050,0.000046,0.000033,0.000037,0.000038,0.000038,0.000035,0.000035,0.000047,0.000063,0.000058,0.000065,0.000069,0.000068,0.000074,0.000072,0.000058,0.000068,0.000068,0.000068,0.000057,0.000065,0.000067,0.000069,0.000104,0.000130,0.000194,0.000236,0.000248,0.000191,0.000109,0.000015,0.000046,0.000063,0.000124
515,,,,,,,,,,,,,,0.000004,0.000087,0.000078,0.000072,0.000087,0.000130,0.000132,0.000139,0.000126,0.000135,0.000128,0.000111,0.000105,0.000112,0.000109,0.000116,0.000107,0.000106,0.000108,0.000103,0.000111,0.000101,0.000102,0.000111,0.000066,0.000152,0.000257,0.000172,0.000155,0.000131,0.000105,0.000071,0.000056,0.000016,0.000046,0.000062,0.000123
516,,,,,,,,,,,,,,0.000008,0.000167,0.000161,0.000191,0.000217,0.000247,0.000237,0.000223,0.000206,0.000196,0.000171,0.000152,0.000162,0.000171,0.000128,0.000146,0.000127,0.000090,0.000067,0.000073,0.000071,0.000079,0.000089,0.000138,0.000185,0.000115,0.000103,0.000087,0.000102,0.000077,0.000062,0.000043,0.000032,0.000006,0.000045,0.000128,0.000291
517,,,,,,,,,,,,,,0.000007,0.000120,0.000109,0.000132,0.000186,0.000276,0.000359,0.000496,0.000543,0.000620,0.000656,0.000616,0.000666,0.000673,0.000657,0.000611,0.000529,0.000417,0.000302,0.000299,0.000251,0.000198,0.000151,0.000122,0.000032,0.000036,0.000117,0.000103,0.000100,0.000074,0.000064,0.000040,0.000019,0.000003,0.000029,0.000104,0.000262
518,,,,,,,,,,,,,,0.000019,0.000403,0.000420,0.000465,0.000484,0.000505,0.000509,0.000502,0.000427,0.000476,0.000429,0.000340,0.000320,0.000294,0.000255,0.000258,0.000223,0.000202,0.000169,0.000186,0.000178,0.000173,0.000131,0.000120,0.000035,0.000037,0.000111,0.000123,0.000151,0.000113,0.000104,0.000069,0.000041,0.000003,0.000021,0.000100,0.000271
519,,,,,,,,,,,,,,0.000002,0.000051,0.000047,0.000057,0.000059,0.000070,0.000073,0.000085,0.000076,0.000086,0.000084,0.000076,0.000086,0.000086,0.000080,0.000098,0.000104,0.000108,0.000126,0.000201,0.000297,0.000406,0.000450,0.000486,0.000128,0.000151,0.000581,0.000507,0.000476,0.000299,0.000231,0.000134,0.000065,0.000004,0.000011,0.000027,0.000052
520,,,,,,,,,,,,,,0.000004,0.000100,0.000076,0.000082,0.000081,0.000138,0.000475,0.000384,0.000288,0.000255,0.000169,0.000135,0.000124,0.000114,0.000093,0.000090,0.000085,0.000092,0.000075,0.000072,0.000070,0.000076,0.000075,0.000074,0.000038,0.000036,0.000084,0.000081,0.000090,0.000067,0.000057,0.000041,0.000032,0.000006,0.000023,0.000049,0.000094
521,,,,,,,,,,,,,,0.000002,0.000057,0.000068,0.000082,0.000088,0.000095,0.000095,0.000114,0.000111,0.000102,0.000086,0.000069,0.000072,0.000068,0.000047,0.000063,0.000086,0.000110,0.000134,0.000190,0.000177,0.000129,0.000106,0.000093,0.000038,0.000042,0.000079,0.000078,0.000066,0.000055,0.000090,0.000103,0.000102,0.000011,0.000042,0.000095,0.000103
522,,,,,,,,,,,,,,0.000003,0.000062,0.000038,0.000028,0.000027,0.000044,0.000057,0.000075,0.000095,0.000118,0.000134,0.000141,0.000175,0.000198,0.000181,0.000198,0.000188,0.000174,0.000156,0.000172,0.000166,0.000166,0.000154,0.000159,0.000071,0.000084,0.000283,0.000520,0.000378,0.000298,0.000163,0.000107,0.000073,0.000007,0.000021,0.000066,0.000142
523,,,,,,,,,,,,,,0.000003,0.000040,0.000021,0.000011,0.000034,0.000066,0.000128,0.000214,0.000254,0.000346,0.000417,0.000469,0.000563,0.000596,0.000645,0.000726,0.000676,0.000637,0.000526,0.000506,0.000457,0.000414,0.000337,0.000318,0.000090,0.000097,0.000340,0.000346,0.000378,0.000272,0.000235,0.000163,0.000127,0.000021,0.000119,0.000381,0.000413
524,,,,,,,,,,,,,,0.000005,0.000127,0.000121,0.000127,0.000115,0.000096,0.000064,0.000045,0.000031,0.000031,0.000036,0.000040,0.000056,0.000063,0.000055,0.000058,0.000072,0.000094,0.000089,0.000099,0.000105,0.000103,0.000091,0.000086,0.000033,0.000050,0.000172,0.000239,0.000271,0.000204,0.000188,0.000116,0.000072,0.000009,0.000026,0.000062,0.000132
525,,,,,,,,,,,,,,0.000009,0.000182,0.000170,0.000202,0.000233,0.000291,0.000284,0.000320,0.000275,0.000264,0.000245,0.000206,0.000215,0.000203,0.000184,0.000207,0.000196,0.000186,0.000175,0.000197,0.000205,0.000196,0.000171,0.000143,0.000054,0.000065,0.000151,0.000124,0.000111,0.000077,0.000052,0.000022,0.000008,0.000003,0.000020,0.000041,0.000083
526,,,,,,,,,,,,,,0.000007,0.000144,0.000124,0.000134,0.000143,0.000178,0.000207,0.000250,0.000233,0.000208,0.000174,0.000135,0.000169,0.000177,0.000168,0.000152,0.000129,0.000115,0.000099,0.000102,0.000088,0.000092,0.000114,0.000141,0.000155,0.000079,0.000062,0.000062,0.000048,0.000041,0.000018,0.000010,0.000006,0.000004,0.000017,0.000038,0.000084
527,,,,,,,,,,,,,,0.000009,0.000233,0.000240,0.000354,0.000490,0.000704,0.000890,0.001229,0.001259,0.001448,0.001515,0.001442,0.001822,0.002015,0.002162,0.002606,0.002710,0.002705,0.002427,0.002592,0.002321,0.001816,0.001215,0.000845,0.000170,0.000178,0.000543,0.000504,0.000511,0.000334,0.000255,0.000152,0.000068,0.000006,0.000039,0.000089,0.000189
528,,,,,,,,,,,,,,0.000004,0.000061,0.000041,0.000047,0.000074,0.000126,0.000183,0.000249,0.000317,0.000354,0.000350,0.000316,0.000304,0.000258,0.000243,0.000227,0.000192,0.000177,0.000148,0.000179,0.000197,0.000198,0.000186,0.000137,0.000045,0.000037,0.000133,0.000166,0.000204,0.000157,0.000141,0.000095,0.000062,0.000008,0.000022,0.000041,0.000081
529,,,,,,,,,,,,,,0.000010,0.000241,0.000198,0.000178,0.000152,0.000154,0.000144,0.000151,0.000166,0.000136,0.000135,0.000117,0.000118,0.000120,0.000105,0.000103,0.000096,0.000076,0.000074,0.000110,0.000137,0.000148,0.000170,0.000153,0.000089,0.000117,0.000251,0.000257,0.000266,0.000179,0.000128,0.000087,0.000053,0.000006,0.000028,0.000060,0.000123
530,,,,,,,,,,,,,,0.000006,0.000150,0.000131,0.000164,0.000179,0.000152,0.000111,0.000120,0.000102,0.000101,0.000094,0.000085,0.000092,0.000087,0.000082,0.000081,0.000087,0.000088,0.000093,0.000094,0.000103,0.000112,0.000099,0.000093,0.000047,0.000073,0.000251,0.000220,0.000192,0.000128,0.000111,0.000079,0.000051,0.000007,0.000013,0.000026,0.000056
531,,,,,,,,,,,,,,0.000006,0.000096,0.000080,0.000083,0.000098,0.000121,0.000142,0.000177,0.000171,0.000164,0.000157,0.000141,0.000149,0.000142,0.000129,0.000141,0.000142,0.000177,0.000200,0.000318,0.000392,0.000411,0.000371,0.000321,0.000095,0.000221,0.000482,0.000395,0.000385,0.000298,0.000172,0.000092,0.000036,0.000011,0.000035,0.000070,0.000170
532,,,,,,,,,,,,,,0.000004,0.000159,0.000183,0.000176,0.000149,0.000147,0.000137,0.000142,0.000121,0.000102,0.000090,0.000081,0.000095,0.000096,0.000114,0.000101,0.000123,0.000132,0.000117,0.000129,0.000133,0.000157,0.000169,0.000228,0.000227,0.000344,0.000327,0.000244,0.000197,0.000129,0.000118,0.000086,0.000055,0.000005,0.000015,0.000037,0.000062
533,,,,,,,,,,,,,,0.000020,0.000599,0.000674,0.000690,0.000660,0.000590,0.000515,0.000510,0.000399,0.000363,0.000310,0.000255,0.000246,0.000237,0.000217,0.000231,0.000206,0.000176,0.000147,0.000140,0.000126,0.000110,0.000073,0.000059,0.000021,0.000046,0.000180,0.000164,0.000136,0.000105,0.000084,0.000041,0.000014,0.000002,0.000022,0.000064,0.000185
534,,,,,,,,,,,,,,0.000004,0.000084,0.000078,0.000091,0.000096,0.000131,0.000159,0.000177,0.000181,0.000227,0.000222,0.000191,0.000222,0.000225,0.000200,0.000199,0.000176,0.000139,0.000120,0.000123,0.000108,0.000097,0.000065,0.000057,0.000029,0.000030,0.000046,0.000054,0.000041,0.000042,0.000067,0.000090,0.000085,0.000009,0.000060,0.000289,0.000372
535,,,,,,,,,,,,,,0.000005,0.000094,0.000091,0.000095,0.000098,0.000104,0.000100,0.000098,0.000095,0.000079,0.000077,0.000077,0.000098,0.000105,0.000098,0.000099,0.000098,0.000096,0.000086,0.000122,0.000142,0.000198,0.000300,0.000480,0.000186,0.000130,0.000160,0.000184,0.000184,0.000153,0.000094,0.000056,0.000031,0.000003,0.000016,0.000044,0.000112
536,,,,,,,,,,,,,,0.000005,0.000080,0.000073,0.000062,0.000066,0.000078,0.000090,0.000103,0.000092,0.000080,0.000069,0.000059,0.000064,0.000070,0.000066,0.000093,0.000112,0.000179,0.000239,0.000218,0.000174,0.000104,0.000079,0.000049,0.000050,0.000057,0.000072,0.000057,0.000053,0.000046,0.000040,0.000023,0.000012,0.000008,0.000064,0.000148,0.000238
537,,,,,,,,,,,,,,0.000003,0.000047,0.000039,0.000051,0.000055,0.000062,0.000065,0.000062,0.000054,0.000043,0.000043,0.000046,0.000042,0.000043,0.000045,0.000048,0.000046,0.000053,0.000054,0.000059,0.000057,0.000054,0.000049,0.000049,0.000046,0.000043,0.000057,0.000059,0.000057,0.000054,0.000037,0.000023,0.000018,0.000008,0.000027,0.000037,0.000072
538,,,,,,,,,,,,,,0.000008,0.000198,0.000155,0.000152,0.000149,0.000150,0.000137,0.000149,0.000115,0.000111,0.000093,0.000071,0.000082,0.000081,0.000073,0.000069,0.000068,0.000077,0.000117,0.000093,0.000078,0.000067,0.000059,0.000060,0.000048,0.000105,0.000166,0.000123,0.000116,0.000133,0.000061,0.000041,0.000030,0.000008,0.000040,0.000068,0.000177
539,,,,,,,,,,,,,,0.000005,0.000105,0.000106,0.000131,0.000166,0.000202,0.000242,0.000248,0.000196,0.000176,0.000146,0.000119,0.000116,0.000116,0.000132,0.000122,0.000133,0.000152,0.000157,0.000169,0.000135,0.000133,0.000177,0.000138,0.000078,0.000057,0.000075,0.000073,0.000065,0.000051,0.000038,0.000026,0.000031,0.000014,0.000057,0.000066,0.000117
540,,,,,,,,,,,,,,0.000010,0.000173,0.000135,0.000121,0.000128,0.000136,0.000156,0.000175,0.000151,0.000166,0.000145,0.000122,0.000163,0.000243,0.000225,0.000268,0.000246,0.000379,0.000350,0.000233,0.000176,0.000201,0.000288,0.000355,0.000143,0.000133,0.000138,0.000121,0.000106,0.000101,0.000057,0.000031,0.000013,0.000005,0.000021,0.000044,0.000087
541,,,,,,,,,,,,,,0.000017,0.000222,0.000176,0.000166,0.000173,0.000181,0.000177,0.000215,0.000209,0.000220,0.000211,0.000179,0.000175,0.000164,0.000150,0.000145,0.000136,0.000133,0.000125,0.000120,0.000113,0.000100,0.000082,0.000075,0.000036,0.000044,0.000099,0.000091,0.000091,0.000064,0.000035,0.000022,0.000018,0.000003,0.000015,0.000062,0.000204
542,,,,,,,,,,,,,,0.000002,0.000045,0.000051,0.000126,0.000279,0.000524,0.000737,0.001037,0.001047,0.001206,0.001056,0.000873,0.000881,0.000807,0.000709,0.000596,0.000465,0.000355,0.000239,0.000229,0.000180,0.000140,0.000104,0.000079,0.000049,0.000064,0.000090,0.000079,0.000084,0.000060,0.000053,0.000035,0.000020,0.000008,0.000024,0.000046,0.000110
543,,,,,,,,,,,,,,0.000011,0.000224,0.000203,0.000224,0.000269,0.000313,0.000353,0.000409,0.000364,0.000400,0.000395,0.000370,0.000405,0.000385,0.000375,0.000388,0.000349,0.000303,0.000245,0.000289,0.000269,0.000235,0.000173,0.000138,0.000032,0.000023,0.000055,0.000058,0.000060,0.000064,0.000042,0.000034,0.000022,0.000002,0.000020,0.000055,0.000132
544,,,,,,,,,,,,,,0.000002,0.000086,0.000117,0.000203,0.000301,0.000390,0.000404,0.000442,0.000378,0.000329,0.000282,0.000214,0.000207,0.000160,0.000150,0.000123,0.000109,0.000124,0.000120,0.000082,0.000071,0.000066,0.000063,0.000067,0.000051,0.000062,0.000183,0.000167,0.000195,0.000134,0.000101,0.000069,0.000055,0.000014,0.000052,0.000128,0.000185
545,,,,,,,,,,,,,,0.000007,0.000170,0.000176,0.000210,0.000233,0.000270,0.000283,0.000320,0.000282,0.000272,0.000245,0.000213,0.000226,0.000225,0.000208,0.000210,0.000193,0.000169,0.000142,0.000161,0.000146,0.000127,0.000092,0.000077,0.000105,0.000085,0.000116,0.000108,0.000114,0.000094,0.000069,0.000043,0.000020,0.000002,0.000021,0.000071,0.000167
546,,,,,,,,,,,,,,0.000021,0.000320,0.000272,0.000261,0.000283,0.000314,0.000280,0.000296,0.000233,0.000193,0.000174,0.000123,0.000122,0.000125,0.000105,0.000116,0.000121,0.000136,0.000142,0.000176,0.000209,0.000201,0.000169,0.000115,0.000033,0.000034,0.000093,0.000085,0.000080,0.000057,0.000043,0.000026,0.000027,0.000012,0.000109,0.000300,0.000732
547,,,,,,,,,,,,,,0.000002,0.000036,0.000050,0.000090,0.000167,0.000323,0.000499,0.000609,0.000681,0.000739,0.000707,0.000622,0.000647,0.000553,0.000463,0.000435,0.000366,0.000302,0.000243,0.000241,0.000213,0.000178,0.000132,0.000101,0.000034,0.000039,0.000096,0.000103,0.000117,0.000086,0.000075,0.000045,0.000020,0.000004,0.000015,0.000029,0.000053
548,,,,,,,,,,,,,,0.000010,0.000231,0.000182,0.000170,0.000159,0.000168,0.000155,0.000162,0.000129,0.000116,0.000105,0.000082,0.000093,0.000092,0.000084,0.000091,0.000084,0.000069,0.000064,0.000063,0.000055,0.000049,0.000049,0.000039,0.000020,0.000020,0.000038,0.000052,0.000048,0.000040,0.000032,0.000018,0.000007,0.000004,0.000017,0.000039,0.000103
549,,,,,,,,,,,,,,0.000005,0.000123,0.000124,0.000132,0.000122,0.000122,0.000122,0.000124,0.000115,0.000113,0.000087,0.000061,0.000072,0.000073,0.000068,0.000075,0.000077,0.000072,0.000067,0.000076,0.000074,0.000073,0.000070,0.000069,0.000027,0.000027,0.000085,0.000093,0.000095,0.000069,0.000066,0.000050,0.000033,0.000003,0.000013,0.000027,0.000073
550,,,,,,,,,,,,,,0.000013,0.000304,0.000293,0.000326,0.000325,0.000310,0.000277,0.000264,0.000217,0.000198,0.000173,0.000152,0.000138,0.000124,0.000117,0.000145,0.000163,0.000173,0.000200,0.000305,0.000372,0.000398,0.000439,0.000371,0.000092,0.000082,0.000258,0.000198,0.000183,0.000117,0.000091,0.000059,0.000031,0.000003,0.000018,0.000059,0.000157
551,,,,,,,,,,,,,,0.000002,0.000062,0.000074,0.000103,0.000146,0.000275,0.000420,0.000662,0.000725,0.000834,0.000802,0.000647,0.000677,0.000573,0.000546,0.000452,0.000392,0.000330,0.000255,0.000238,0.000201,0.000173,0.000167,0.000141,0.000048,0.000057,0.000147,0.000136,0.000115,0.000083,0.000079,0.000050,0.000032,0.000004,0.000014,0.000043,0.000087
552,,,,,,,,,,,,,,0.000009,0.000236,0.000243,0.000333,0.000440,0.000564,0.000644,0.000723,0.000713,0.000764,0.000759,0.000668,0.000680,0.000637,0.000553,0.000523,0.000417,0.000361,0.000241,0.000217,0.000183,0.000149,0.000104,0.000090,0.000039,0.000038,0.000065,0.000075,0.000081,0.000058,0.000059,0.000058,0.000053,0.000010,0.000030,0.000044,0.000084
553,,,,,,,,,,,,,,0.000009,0.000437,0.000575,0.000675,0.000731,0.000805,0.000750,0.000768,0.000637,0.000508,0.000419,0.000328,0.000326,0.000298,0.000297,0.000278,0.000257,0.000233,0.000192,0.000186,0.000172,0.000148,0.000116,0.000109,0.000039,0.000061,0.000187,0.000169,0.000160,0.000105,0.000084,0.000054,0.000029,0.000002,0.000017,0.000046,0.000108
554,,,,,,,,,,,,,,0.000003,0.000055,0.000055,0.000052,0.000060,0.000070,0.000077,0.000074,0.000079,0.000095,0.000086,0.000071,0.000079,0.000074,0.000072,0.000087,0.000096,0.000113,0.000115,0.000147,0.000170,0.000162,0.000146,0.000130,0.000088,0.000055,0.000305,0.000323,0.000202,0.000141,0.000111,0.000088,0.000061,0.000006,0.000020,0.000049,0.000085
555,,,,,,,,,,,,,,0.000013,0.000185,0.000145,0.000134,0.000136,0.000145,0.000144,0.000173,0.000158,0.000163,0.000166,0.000148,0.000171,0.000189,0.000194,0.000206,0.000193,0.000181,0.000156,0.000140,0.000114,0.000093,0.000073,0.000053,0.000032,0.000054,0.000075,0.000051,0.000046,0.000032,0.000014,0.000012,0.000009,0.000006,0.000018,0.000066,0.000226
556,,,,,,,,,,,,,,0.000005,0.000134,0.000162,0.000174,0.000156,0.000144,0.000223,0.000256,0.000200,0.000162,0.000116,0.000101,0.000101,0.000112,0.000112,0.000122,0.000132,0.000116,0.000092,0.000081,0.000057,0.000048,0.000043,0.000040,0.000057,0.000087,0.000123,0.000117,0.000087,0.000064,0.000035,0.000025,0.000017,0.000012,0.000057,0.000098,0.000176
557,,,,,,,,,,,,,,0.000005,0.000118,0.000074,0.000047,0.000044,0.000039,0.000073,0.000077,0.000070,0.000115,0.000191,0.000242,0.000350,0.000405,0.000431,0.000448,0.000431,0.000335,0.000281,0.000249,0.000211,0.000182,0.000137,0.000130,0.000057,0.000073,0.000177,0.000179,0.000185,0.000150,0.000107,0.000071,0.000042,0.000011,0.000033,0.000061,0.000116
558,,,,,,,,,,,,,,0.000002,0.000043,0.000046,0.000084,0.000085,0.000082,0.000092,0.000115,0.000126,0.000148,0.000156,0.000148,0.000179,0.000198,0.000216,0.000249,0.000276,0.000344,0.000438,0.000563,0.000607,0.000539,0.000403,0.000303,0.000068,0.000086,0.000328,0.000349,0.000356,0.000269,0.000256,0.000207,0.000142,0.000017,0.000061,0.000055,0.000053
559,,,,,,,,,,,,,,0.000003,0.000083,0.000083,0.000074,0.000084,0.000112,0.000148,0.000208,0.000245,0.000306,0.000354,0.000345,0.000430,0.000432,0.000446,0.000453,0.000385,0.000289,0.000216,0.000202,0.000165,0.000130,0.000085,0.000068,0.000020,0.000026,0.000082,0.000079,0.000074,0.000053,0.000048,0.000030,0.000016,0.000004,0.000050,0.000159,0.000314
560,,,,,,,,,,,,,,0.000003,0.000081,0.000068,0.000068,0.000081,0.000100,0.000112,0.000119,0.000104,0.000104,0.000093,0.000079,0.000085,0.000081,0.000069,0.000072,0.000080,0.000074,0.000069,0.000078,0.000075,0.000073,0.000076,0.000071,0.000045,0.000036,0.000100,0.000111,0.000105,0.000062,0.000033,0.000026,0.000020,0.000006,0.000019,0.000043,0.000091
561,,,,,,,,,,,,,,0.000003,0.000069,0.000057,0.000051,0.000045,0.000048,0.000068,0.000077,0.000080,0.000078,0.000076,0.000074,0.000085,0.000091,0.000115,0.000159,0.000142,0.000128,0.000102,0.000094,0.000092,0.000108,0.000116,0.000135,0.000045,0.000045,0.000174,0.000187,0.000200,0.000173,0.000211,0.000223,0.000230,0.000027,0.000064,0.000107,0.000142
562,,,,,,,,,,,,,,0.000003,0.000059,0.000029,0.000021,0.000025,0.000033,0.000046,0.000057,0.000047,0.000053,0.000046,0.000049,0.000055,0.000071,0.000079,0.000113,0.000129,0.000197,0.000185,0.000147,0.000146,0.000133,0.000133,0.000131,0.000116,0.000130,0.000326,0.000415,0.000531,0.000467,0.000438,0.000297,0.000174,0.000015,0.000026,0.000024,0.000052
563,,,,,,,,,,,,,,0.000007,0.000122,0.000095,0.000068,0.000048,0.000038,0.000034,0.000042,0.000048,0.000041,0.000040,0.000032,0.000036,0.000041,0.000042,0.000056,0.000070,0.000082,0.000106,0.000158,0.000182,0.000212,0.000217,0.000212,0.000078,0.000069,0.000131,0.000141,0.000152,0.000122,0.000101,0.000109,0.000116,0.000012,0.000037,0.000084,0.000176
564,,,,,,,,,,,,,,0.000002,0.000066,0.000090,0.000106,0.000101,0.000115,0.000108,0.000088,0.000075,0.000072,0.000061,0.000048,0.000053,0.000049,0.000043,0.000056,0.000061,0.000064,0.000066,0.000079,0.000091,0.000112,0.000137,0.000227,0.000089,0.000052,0.000084,0.000084,0.000084,0.000077,0.000069,0.000057,0.000052,0.000007,0.000026,0.000052,0.000075
565,,,,,,,,,,,,,,0.000003,0.000059,0.000056,0.000071,0.000080,0.000086,0.000089,0.000101,0.000103,0.000097,0.000083,0.000072,0.000072,0.000076,0.000068,0.000079,0.000077,0.000071,0.000055,0.000060,0.000058,0.000055,0.000055,0.000052,0.000032,0.000064,0.000085,0.000086,0.000111,0.000381,0.000088,0.000043,0.000023,0.000004,0.000022,0.000046,0.000096
566,,,,,,,,,,,,,,0.000005,0.000117,0.000106,0.000102,0.000096,0.000100,0.000105,0.000104,0.000088,0.000082,0.000073,0.000066,0.000070,0.000065,0.000058,0.000069,0.000066,0.000062,0.000055,0.000044,0.000038,0.000037,0.000032,0.000034,0.000068,0.000105,0.000141,0.000098,0.000072,0.000050,0.000033,0.000021,0.000011,0.000004,0.000015,0.000027,0.000052
567,,,,,,,,,,,,,,0.000004,0.000091,0.000083,0.000080,0.000089,0.000103,0.000088,0.000089,0.000094,0.000080,0.000067,0.000060,0.000072,0.000101,0.000125,0.000152,0.000164,0.000175,0.000167,0.000170,0.000132,0.000104,0.000075,0.000052,0.000100,0.000065,0.000083,0.000064,0.000043,0.000031,0.000032,0.000039,0.000063,0.000024,0.000047,0.000071,0.000086
568,,,,,,,,,,,,,,0.000010,0.000382,0.000512,0.000559,0.000562,0.000643,0.000561,0.000581,0.000457,0.000434,0.000364,0.000300,0.000303,0.000266,0.000246,0.000265,0.000241,0.000222,0.000180,0.000199,0.000184,0.000164,0.000126,0.000114,0.000043,0.000038,0.000107,0.000108,0.000131,0.000094,0.000083,0.000060,0.000030,0.000004,0.000038,0.000076,0.000140
569,,,,,,,,,,,,,,0.000004,0.000065,0.000051,0.000038,0.000039,0.000032,0.000026,0.000019,0.000007,-0.000008,-0.000004,0.000015,0.000030,0.000041,0.000040,0.000058,0.000066,0.000073,0.000073,0.000085,0.000094,0.000095,0.000093,0.000094,0.000052,0.000084,0.000116,0.000109,0.000120,0.000122,0.000107,0.000082,0.000056,0.000013,0.000039,0.000070,0.000121
570,,,,,,,,,,,,,,0.000003,0.000065,0.000067,0.000080,0.000096,0.000121,0.000135,0.000134,0.000114,0.000113,0.000110,0.000110,0.000115,0.000103,0.000089,0.000090,0.000078,0.000078,0.000088,0.000065,0.000070,0.000075,0.000061,0.000049,0.000025,0.000035,0.000073,0.000074,0.000079,0.000068,0.000075,0.000067,0.000039,0.000007,0.000018,0.000031,0.000066
571,,,,,,,,,,,,,,0.000002,0.000048,0.000042,0.000040,0.000036,0.000044,0.000040,0.000047,0.000047,0.000053,0.000053,0.000049,0.000059,0.000060,0.000060,0.000073,0.000089,0.000098,0.000086,0.000109,0.000117,0.000124,0.000151,0.000155,0.000056,0.000059,0.000174,0.000145,0.000141,0.000097,0.000064,0.000036,0.000017,0.000008,0.000043,0.000039,0.000049
572,,,,,,,,,,,,,,0.000008,0.000165,0.000148,0.000165,0.000179,0.000230,0.000246,0.000310,0.000342,0.000371,0.000354,0.000304,0.000333,0.000318,0.000288,0.000285,0.000242,0.000227,0.000189,0.000191,0.000170,0.000125,0.000097,0.000078,0.000060,0.000105,0.000111,0.000099,0.000092,0.000080,0.000079,0.000054,0.000023,0.000008,0.000048,0.000112,0.000258
573,,,,,,,,,,,,,,0.000001,0.000063,0.000121,0.000259,0.000454,0.000697,0.000779,0.000913,0.000760,0.000759,0.000654,0.000526,0.000490,0.000444,0.000414,0.000388,0.000325,0.000276,0.000256,0.000225,0.000199,0.000182,0.000146,0.000134,0.000038,0.000052,0.000156,0.000158,0.000184,0.000144,0.000176,0.000142,0.000091,0.000010,0.000021,0.000033,0.000051
574,,,,,,,,,,,,,,0.000004,0.000105,0.000086,0.000086,0.000084,0.000086,0.000097,0.000103,0.000101,0.000095,0.000087,0.000066,0.000069,0.000065,0.000055,0.000066,0.000065,0.000060,0.000062,0.000063,0.000061,0.000073,0.000078,0.000091,0.000037,0.000057,0.000295,0.000368,0.000522,0.000428,0.000358,0.000198,0.000088,0.000005,0.000018,0.000062,0.000185
575,,,,,,,,,,,,,,0.000010,0.000257,0.000234,0.000249,0.000244,0.000256,0.000226,0.000243,0.000210,0.000213,0.000167,0.000134,0.000130,0.000117,0.000099,0.000097,0.000076,0.000075,0.000060,0.000046,0.000044,0.000045,0.000037,0.000045,0.000036,0.000050,0.000070,0.000077,0.000072,0.000051,0.000039,0.000022,0.000010,0.000008,0.000043,0.000081,0.000164
576,,,,,,,,,,,,,,0.000006,0.000149,0.000129,0.000104,0.000076,0.000064,0.000054,0.000054,0.000052,0.000062,0.000057,0.000051,0.000055,0.000061,0.000053,0.000067,0.000076,0.000118,0.000183,0.000273,0.000371,0.000490,0.000581,0.000584,0.000171,0.000167,0.000481,0.000396,0.000351,0.000215,0.000181,0.000123,0.000073,0.000007,0.000022,0.000040,0.000071
577,,,,,,,,,,,,,,0.000009,0.000191,0.000161,0.000143,0.000153,0.000166,0.000187,0.000207,0.000211,0.000235,0.000232,0.000252,0.000248,0.000267,0.000354,0.000393,0.000449,0.000432,0.000415,0.000422,0.000356,0.000263,0.000203,0.000182,0.000123,0.000306,0.000273,0.000214,0.000241,0.000190,0.000137,0.000086,0.000052,0.000016,0.000041,0.000105,0.000193
578,,,,,,,,,,,,,,0.000002,0.000048,0.000045,0.000045,0.000052,0.000076,0.000160,0.000242,0.000315,0.000406,0.000439,0.000465,0.000540,0.000519,0.000450,0.000458,0.000389,0.000331,0.000261,0.000282,0.000241,0.000201,0.000156,0.000141,0.000054,0.000033,0.000059,0.000060,0.000074,0.000064,0.000058,0.000049,0.000036,0.000005,0.000014,0.000028,0.000055
579,,,,,,,,,,,,,,0.000010,0.000152,0.000183,0.000339,0.000581,0.000880,0.001004,0.001052,0.000841,0.000682,0.000523,0.000388,0.000332,0.000261,0.000221,0.000188,0.000160,0.000135,0.000112,0.000103,0.000089,0.000071,0.000054,0.000045,0.000036,0.000039,0.000056,0.000054,0.000052,0.000032,0.000024,0.000018,0.000007,0.000005,0.000018,0.000036,0.000078
580,,,,,,,,,,,,,,0.000003,0.000062,0.000030,0.000012,0.000003,0.000001,-0.000001,-0.000010,0.000011,0.000019,0.000047,0.000096,0.000049,0.000058,0.000097,0.000137,0.000158,0.000192,0.000180,0.000232,0.000263,0.000205,0.000189,0.000154,0.000072,0.000089,0.000211,0.000213,0.000194,0.000154,0.000158,0.000137,0.000136,0.000029,0.000093,0.000146,0.000177
581,,,,,,,,,,,,,,0.000002,0.000045,0.000038,0.000036,0.000044,0.000050,0.000046,0.000060,0.000063,0.000064,0.000062,0.000055,0.000067,0.000070,0.000093,0.000130,0.000166,0.000178,0.000190,0.000198,0.000180,0.000141,0.000117,0.000111,0.000039,0.000048,0.000110,0.000111,0.000109,0.000071,0.000054,0.000033,0.000019,0.000004,0.000018,0.000032,0.000063
582,,,,,,,,,,,,,,0.000004,0.000154,0.000234,0.000350,0.000382,0.000428,0.000435,0.000463,0.000408,0.000426,0.000417,0.000390,0.000397,0.000374,0.000312,0.000283,0.000227,0.000196,0.000150,0.000148,0.000138,0.000119,0.000092,0.000118,0.000037,0.000046,0.000098,0.000110,0.000115,0.000081,0.000085,0.000069,0.000041,0.000007,0.000028,0.000080,0.000148
583,,,,,,,,,,,,,,0.000004,0.000104,0.000106,0.000114,0.000124,0.000147,0.000165,0.000172,0.000141,0.000133,0.000124,0.000110,0.000118,0.000116,0.000097,0.000097,0.000078,0.000063,0.000043,0.000032,0.000020,0.000011,0.000003,0.000017,0.000057,0.000082,0.000079,0.000067,0.000060,0.000066,0.000034,0.000024,0.000022,0.000014,0.000054,0.000091,0.000142
584,,,,,,,,,,,,,,0.000003,0.000066,0.000067,0.000067,0.000068,0.000077,0.000079,0.000096,0.000113,0.000115,0.000105,0.000095,0.000122,0.000132,0.000147,0.000177,0.000211,0.000260,0.000334,0.000458,0.000516,0.000482,0.000464,0.000396,0.000123,0.000099,0.000275,0.000243,0.000236,0.000164,0.000146,0.000093,0.000053,0.000007,0.000035,0.000072,0.000096
585,,,,,,,,,,,,,,0.000005,0.000079,0.000074,0.000094,0.000128,0.000183,0.000243,0.000380,0.000446,0.000593,0.000652,0.000660,0.000703,0.000657,0.000576,0.000560,0.000473,0.000395,0.000281,0.000292,0.000254,0.000223,0.000179,0.000163,0.000047,0.000049,0.000128,0.000141,0.000159,0.000113,0.000100,0.000065,0.000036,0.000003,0.000015,0.000036,0.000080
586,,,,,,,,,,,,,,0.000005,0.000067,0.000061,0.000068,0.000069,0.000081,0.000072,0.000083,0.000110,0.000146,0.000177,0.000232,0.000308,0.000394,0.000300,0.000284,0.000197,0.000155,0.000086,0.000081,0.000075,0.000063,0.000070,0.000052,0.000048,0.000070,0.000117,0.000096,0.000086,0.000062,0.000059,0.000049,0.000040,0.000011,0.000038,0.000099,0.000207
587,,,,,,,,,,,,,,0.000007,0.000134,0.000095,0.000081,0.000092,0.000116,0.000144,0.000220,0.000273,0.000359,0.000441,0.000495,0.000594,0.000655,0.000696,0.000799,0.000755,0.000719,0.000584,0.000595,0.000487,0.000387,0.000267,0.000205,0.000058,0.000077,0.000174,0.000139,0.000135,0.000096,0.000078,0.000041,0.000017,0.000009,0.000070,0.000101,0.000183
588,,,,,,,,,,,,,,0.000004,0.000104,0.000117,0.000190,0.000234,0.000295,0.000289,0.000301,0.000339,0.000230,0.000199,0.000159,0.000187,0.000161,0.000151,0.000158,0.000149,0.000141,0.000120,0.000127,0.000120,0.000108,0.000089,0.000087,0.000032,0.000040,0.000101,0.000109,0.000126,0.000095,0.000089,0.000059,0.000038,0.000003,0.000008,0.000020,0.000046
589,,,,,,,,,,,,,,0.000008,0.000163,0.000143,0.000159,0.000166,0.000188,0.000198,0.000228,0.000188,0.000192,0.000172,0.000145,0.000160,0.000160,0.000145,0.000160,0.000159,0.000158,0.000135,0.000162,0.000163,0.000164,0.000174,0.000211,0.000160,0.000313,0.000679,0.000722,0.000536,0.000301,0.000132,0.000050,0.000020,0.000006,0.000027,0.000060,0.000158
590,,,,,,,,,,,,,,0.000005,0.000141,0.000154,0.000196,0.000219,0.000314,0.000233,0.000221,0.000167,0.000148,0.000118,0.000102,0.000097,0.000091,0.000087,0.000078,0.000075,0.000071,0.000061,0.000057,0.000059,0.000067,0.000084,0.000092,0.000053,0.000065,0.000098,0.000096,0.000085,0.000053,0.000047,0.000036,0.000021,0.000005,0.000010,0.000026,0.000068
591,,,,,,,,,,,,,,0.000005,0.000116,0.000103,0.000100,0.000096,0.000104,0.000106,0.000105,0.000101,0.000086,0.000076,0.000071,0.000070,0.000069,0.000075,0.000076,0.000076,0.000071,0.000058,0.000060,0.000063,0.000058,0.000064,0.000059,0.000024,0.000037,0.000145,0.000143,0.000131,0.000075,0.000060,0.000040,0.000025,0.000005,0.000018,0.000053,0.000149
592,,,,,,,,,,,,,,0.000004,0.000102,0.000081,0.000078,0.000083,0.000089,0.000095,0.000106,0.000097,0.000099,0.000097,0.000110,0.000101,0.000095,0.000083,0.000091,0.000093,0.000087,0.000086,0.000094,0.000098,0.000107,0.000093,0.000083,0.000033,0.000022,0.000079,0.000080,0.000092,0.000089,0.000119,0.000061,0.000036,0.000003,0.000012,0.000033,0.000062
593,,,,,,,,,,,,,,0.000003,0.000056,0.000048,0.000055,0.000062,0.000069,0.000065,0.000077,0.000073,0.000075,0.000071,0.000070,0.000076,0.000082,0.000075,0.000082,0.000087,0.000084,0.000060,0.000063,0.000064,0.000063,0.000062,0.000080,0.000033,0.000042,0.000176,0.000165,0.000142,0.000095,0.000078,0.000053,0.000029,0.000003,0.000010,0.000024,0.000058
594,,,,,,,,,,,,,,0.000004,0.000105,0.000100,0.000106,0.000115,0.000138,0.000161,0.000155,0.000142,0.000148,0.000163,0.000127,0.000162,0.000166,0.000158,0.000171,0.000156,0.000148,0.000158,0.000201,0.000258,0.000343,0.000389,0.000481,0.000171,0.000254,0.001106,0.001240,0.001477,0.001158,0.000964,0.000591,0.000276,0.000013,0.000026,0.000035,0.000079
595,,,,,,,,,,,,,,0.000003,0.000062,0.000054,0.000074,0.000108,0.000186,0.000247,0.000361,0.000370,0.000458,0.000507,0.000516,0.000675,0.000780,0.000880,0.001067,0.001172,0.001161,0.001005,0.000992,0.000782,0.000585,0.000390,0.000304,0.000063,0.000062,0.000192,0.000170,0.000174,0.000119,0.000096,0.000058,0.000031,0.000002,0.000015,0.000041,0.000076
596,,,,,,,,,,,,,,0.000003,0.000081,0.000125,0.000165,0.000168,0.000177,0.000221,0.000182,0.000150,0.000128,0.000107,0.000097,0.000071,0.000063,0.000050,0.000055,0.000054,0.000048,0.000047,0.000049,0.000058,0.000065,0.000064,0.000077,0.000117,0.000224,0.000351,0.000208,0.000149,0.000140,0.000058,0.000039,0.000034,0.000007,0.000021,0.000035,0.000059
597,,,,,,,,,,,,,,0.000004,0.000190,0.000176,0.000126,0.000143,0.000151,0.000154,0.000187,0.000188,0.000184,0.000161,0.000141,0.000140,0.000129,0.000125,0.000131,0.000126,0.000126,0.000115,0.000110,0.000115,0.000113,0.000114,0.000103,0.000034,0.000039,0.000107,0.000112,0.000098,0.000067,0.000054,0.000035,0.000024,0.000003,0.000018,0.000043,0.000086
598,,,,,,,,,,,,,,0.000006,0.000110,0.000096,0.000095,0.000108,0.000149,0.000194,0.000220,0.000224,0.000207,0.000183,0.000146,0.000174,0.000175,0.000179,0.000209,0.000210,0.000199,0.000149,0.000142,0.000115,0.000084,0.000060,0.000054,0.000026,0.000034,0.000072,0.000090,0.000088,0.000069,0.000039,0.000018,0.000008,0.000003,0.000008,0.000019,0.000060
599,,,,,,,,,,,,,,0.000008,0.000185,0.000222,0.000254,0.000258,0.000251,0.000245,0.000232,0.000179,0.000171,0.000136,0.000107,0.000118,0.000114,0.000091,0.000095,0.000079,0.000066,0.000058,0.000071,0.000074,0.000073,0.000061,0.000052,0.000036,0.000037,0.000061,0.000072,0.000069,0.000057,0.000057,0.000042,0.000032,0.000006,0.000021,0.000043,0.000097
600,,,,,,,,,,,,,,0.000005,0.000089,0.000061,0.000056,0.000049,0.000050,0.000043,0.000047,0.000043,0.000040,0.000038,0.000028,0.000033,0.000039,0.000036,0.000050,0.000056,0.000076,0.000063,0.000054,0.000048,0.000049,0.000052,0.000041,0.000062,0.000054,0.000065,0.000070,0.000063,0.000051,0.000048,0.000033,0.000017,0.000006,0.000017,0.000029,0.000072
601,,,,,,,,,,,,,,0.000007,0.000106,0.000107,0.000141,0.000162,0.000228,0.000275,0.000330,0.000410,0.000491,0.000568,0.000563,0.000679,0.000700,0.000701,0.000698,0.000639,0.000620,0.000532,0.000582,0.000522,0.000450,0.000366,0.000285,0.000076,0.000083,0.000182,0.000167,0.000138,0.000095,0.000082,0.000056,0.000036,0.000006,0.000025,0.000107,0.000344
602,,,,,,,,,,,,,,0.000004,0.000091,0.000091,0.000131,0.000215,0.000352,0.000424,0.000459,0.000418,0.000381,0.000338,0.000297,0.000277,0.000250,0.000234,0.000226,0.000199,0.000191,0.000161,0.000182,0.000197,0.000193,0.000220,0.000245,0.000155,0.000099,0.000153,0.000115,0.000111,0.000072,0.000060,0.000039,0.000021,0.000004,0.000016,0.000039,0.000088
603,,,,,,,,,,,,,,0.000004,0.000109,0.000106,0.000109,0.000126,0.000160,0.000202,0.000193,0.000141,0.000124,0.000100,0.000079,0.000087,0.000092,0.000090,0.000115,0.000126,0.000129,0.000117,0.000111,0.000104,0.000084,0.000070,0.000064,0.000035,0.000042,0.000122,0.000101,0.000132,0.000112,0.000096,0.000057,0.000050,0.000006,0.000022,0.000068,0.000103
604,,,,,,,,,,,,,,0.000006,0.000111,0.000102,0.000094,0.000120,0.000128,0.000147,0.000142,0.000124,0.000126,0.000111,0.000093,0.000106,0.000095,0.000085,0.000075,0.000067,0.000064,0.000049,0.000049,0.000051,0.000055,0.000071,0.000124,0.000174,0.000183,0.000174,0.000170,0.000151,0.000126,0.000149,0.000146,0.000119,0.000019,0.000042,0.000099,0.000200
605,,,,,,,,,,,,,,0.000008,0.000144,0.000134,0.000184,0.000226,0.000278,0.000287,0.000298,0.000267,0.000269,0.000206,0.000157,0.000137,0.000124,0.000114,0.000111,0.000120,0.000130,0.000135,0.000180,0.000184,0.000163,0.000117,0.000087,0.000027,0.000018,0.000064,0.000067,0.000079,0.000054,0.000038,0.000023,0.000012,0.000002,0.000021,0.000086,0.000144
606,,,,,,,,,,,,,,0.000006,0.000124,0.000115,0.000138,0.000139,0.000159,0.000158,0.000159,0.000139,0.000140,0.000121,0.000102,0.000090,0.000091,0.000083,0.000092,0.000087,0.000080,0.000071,0.000088,0.000087,0.000084,0.000067,0.000088,0.000044,0.000031,0.000045,0.000052,0.000052,0.000047,0.000034,0.000028,0.000021,0.000007,0.000078,0.000170,0.000240
607,,,,,,,,,,,,,,0.000008,0.000164,0.000126,0.000133,0.000138,0.000151,0.000140,0.000145,0.000142,0.000149,0.000140,0.000125,0.000140,0.000139,0.000103,0.000102,0.000090,0.000097,0.000076,0.000091,0.000117,0.000125,0.000117,0.000097,0.000061,0.000069,0.000201,0.000241,0.000306,0.000296,0.000357,0.000293,0.000161,0.000009,0.000024,0.000040,0.000087
608,,,,,,,,,,,,,,0.000002,0.000035,0.000050,0.000136,0.000345,0.000692,0.000923,0.001100,0.001011,0.000913,0.000759,0.000578,0.000540,0.000415,0.000370,0.000291,0.000221,0.000177,0.000139,0.000131,0.000116,0.000094,0.000062,0.000056,0.000035,0.000025,0.000038,0.000043,0.000046,0.000049,0.000044,0.000047,0.000040,0.000009,0.000030,0.000083,0.000087
609,,,,,,,,,,,,,,0.000005,0.000108,0.000108,0.000127,0.000130,0.000142,0.000144,0.000145,0.000131,0.000144,0.000116,0.000097,0.000103,0.000103,0.000095,0.000104,0.000103,0.000089,0.000075,0.000079,0.000068,0.000059,0.000044,0.000043,0.000029,0.000028,0.000091,0.000084,0.000078,0.000047,0.000039,0.000030,0.000014,0.000004,0.000022,0.000067,0.000182
610,,,,,,,,,,,,,,0.000004,0.000062,0.000060,0.000076,0.000091,0.000123,0.000128,0.000142,0.000135,0.000128,0.000114,0.000109,0.000115,0.000117,0.000106,0.000128,0.000129,0.000132,0.000121,0.000138,0.000131,0.000120,0.000092,0.000089,0.000041,0.000045,0.000160,0.000198,0.000272,0.000256,0.000269,0.000189,0.000097,0.000011,0.000088,0.000092,0.000132
611,,,,,,,,,,,,,,0.000004,0.000077,0.000088,0.000096,0.000104,0.000108,0.000100,0.000091,0.000075,0.000091,0.000089,0.000091,0.000080,0.000068,0.000048,0.000055,0.000054,0.000062,0.000063,0.000068,0.000061,0.000047,0.000029,0.000034,0.000019,0.000042,0.000152,0.000216,0.000260,0.000233,0.000255,0.000205,0.000133,0.000009,0.000029,0.000061,0.000126
612,,,,,,,,,,,,,,0.000007,0.000135,0.000103,0.000082,0.000071,0.000075,0.000065,0.000072,0.000065,0.000071,0.000074,0.000062,0.000064,0.000061,0.000058,0.000060,0.000081,0.000110,0.000129,0.000152,0.000193,0.000232,0.000224,0.000229,0.000081,0.000058,0.000090,0.000107,0.000112,0.000088,0.000075,0.000055,0.000030,0.000004,0.000038,0.000145,0.000287
613,,,,,,,,,,,,,,0.000003,0.000078,0.000078,0.000096,0.000107,0.000112,0.000120,0.000127,0.000083,0.000064,0.000056,0.000036,0.000064,0.000061,0.000049,0.000060,0.000066,0.000054,0.000076,0.000086,0.000090,0.000098,0.000088,0.000076,0.000035,0.000046,0.000117,0.000132,0.000164,0.000153,0.000179,0.000161,0.000114,0.000016,0.000030,0.000060,0.000101
614,,,,,,,,,,,,,,0.000004,0.000095,0.000107,0.000137,0.000158,0.000164,0.000169,0.000145,0.000126,0.000113,0.000093,0.000106,0.000089,0.000090,0.000101,0.000086,0.000079,0.000078,0.000081,0.000093,0.000085,0.000079,0.000059,0.000064,0.000033,0.000054,0.000101,0.000110,0.000104,0.000099,0.000077,0.000056,0.000039,0.000006,0.000013,0.000030,0.000085
615,,,,,,,,,,,,,,0.000008,0.000170,0.000132,0.000128,0.000130,0.000125,0.000127,0.000129,0.000112,0.000103,0.000092,0.000065,0.000062,0.000052,0.000041,0.000039,0.000036,0.000048,0.000053,0.000052,0.000054,0.000052,0.000045,0.000057,0.000037,0.000041,0.000135,0.000155,0.000221,0.000173,0.000150,0.000098,0.000049,0.000004,0.000018,0.000113,0.000419
616,,,,,,,,,,,,,,0.000004,0.000077,0.000063,0.000075,0.000115,0.000179,0.000279,0.000406,0.000489,0.000556,0.000586,0.000569,0.000604,0.000592,0.000555,0.000542,0.000446,0.000398,0.000287,0.000279,0.000224,0.000175,0.000130,0.000116,0.000039,0.000054,0.000108,0.000099,0.000095,0.000061,0.000047,0.000031,0.000012,0.000005,0.000028,0.000036,0.000068
617,,,,,,,,,,,,,,0.000001,0.000037,0.000050,0.000075,0.000124,0.000184,0.000260,0.000372,0.000397,0.000446,0.000430,0.000382,0.000414,0.000375,0.000350,0.000374,0.000380,0.000390,0.000366,0.000408,0.000395,0.000364,0.000328,0.000366,0.000105,0.000101,0.000329,0.000360,0.000438,0.000333,0.000298,0.000195,0.000106,0.000008,0.000026,0.000028,0.000046
618,,,,,,,,,,,,,,0.000009,0.000224,0.000217,0.000242,0.000207,0.000214,0.000176,0.000164,0.000127,0.000111,0.000089,0.000062,0.000057,0.000052,0.000050,0.000040,0.000053,0.000053,0.000056,0.000069,0.000084,0.000118,0.000117,0.000107,0.000073,0.000138,0.000248,0.000179,0.000143,0.000091,0.000070,0.000035,0.000023,0.000004,0.000021,0.000078,0.000201
619,,,,,,,,,,,,,,0.000004,0.000131,0.000157,0.000157,0.000142,0.000151,0.000132,0.000139,0.000109,0.000101,0.000086,0.000081,0.000065,0.000063,0.000058,0.000077,0.000096,0.000109,0.000135,0.000157,0.000159,0.000121,0.000093,0.000080,0.000040,0.000044,0.000072,0.000075,0.000068,0.000049,0.000032,0.000027,0.000024,0.000014,0.000086,0.000181,0.000240
620,,,,,,,,,,,,,,0.000004,0.000082,0.000080,0.000093,0.000097,0.000122,0.000111,0.000130,0.000115,0.000118,0.000112,0.000112,0.000138,0.000156,0.000164,0.000179,0.000184,0.000152,0.000140,0.000142,0.000138,0.000128,0.000114,0.000101,0.000042,0.000044,0.000183,0.000208,0.000182,0.000121,0.000111,0.000096,0.000082,0.000008,0.000030,0.000065,0.000103
621,,,,,,,,,,,,,,0.000002,0.000051,0.000056,0.000103,0.000189,0.000322,0.000365,0.000429,0.000405,0.000343,0.000287,0.000215,0.000195,0.000168,0.000133,0.000129,0.000104,0.000084,0.000084,0.000082,0.000078,0.000071,0.000056,0.000044,0.000031,0.000041,0.000068,0.000049,0.000045,0.000048,0.000047,0.000033,0.000018,0.000007,0.000047,0.000082,0.000106
622,,,,,,,,,,,,,,0.000003,0.000057,0.000059,0.000071,0.000073,0.000076,0.000070,0.000070,0.000061,0.000057,0.000053,0.000045,0.000029,0.000024,0.000021,0.000024,0.000029,0.000035,0.000053,0.000063,0.000078,0.000082,0.000062,0.000045,0.000016,0.000022,0.000064,0.000064,0.000063,0.000053,0.000046,0.000029,0.000015,0.000010,0.000080,0.000134,0.000214
623,,,,,,,,,,,,,,0.000003,0.000076,0.000071,0.000094,0.000125,0.000151,0.000168,0.000183,0.000160,0.000142,0.000139,0.000103,0.000102,0.000100,0.000102,0.000108,0.000104,0.000093,0.000087,0.000106,0.000101,0.000105,0.000103,0.000102,0.000034,0.000049,0.000240,0.000317,0.000310,0.000204,0.000151,0.000090,0.000059,0.000007,0.000021,0.000040,0.000093
624,,,,,,,,,,,,,,0.000006,0.000136,0.000118,0.000089,0.000066,0.000056,0.000057,0.000067,0.000085,0.000121,0.000140,0.000161,0.000228,0.000305,0.000335,0.000407,0.000395,0.000353,0.000266,0.000281,0.000268,0.000344,0.000473,0.000566,0.000261,0.000258,0.000246,0.000232,0.000176,0.000166,0.000068,0.000039,0.000023,0.000009,0.000051,0.000103,0.000172
625,,,,,,,,,,,,,,0.000006,0.000145,0.000155,0.000197,0.000214,0.000247,0.000258,0.000291,0.000216,0.000235,0.000209,0.000164,0.000193,0.000181,0.000157,0.000160,0.000152,0.000139,0.000120,0.000137,0.000131,0.000169,0.000259,0.000369,0.000239,0.000373,0.000493,0.000378,0.000317,0.000269,0.000199,0.000085,0.000042,0.000003,0.000020,0.000057,0.000114
626,,,,,,,,,,,,,,0.000004,0.000125,0.000167,0.000313,0.000520,0.000798,0.000890,0.000984,0.000922,0.000771,0.000639,0.000458,0.000446,0.000384,0.000339,0.000330,0.000270,0.000220,0.000172,0.000150,0.000117,0.000094,0.000069,0.000043,0.000024,0.000046,0.000104,0.000103,0.000093,0.000068,0.000033,0.000014,0.000007,0.000004,0.000021,0.000050,0.000110
627,,,,,,,,,,,,,,0.000008,0.000147,0.000118,0.000109,0.000107,0.000099,0.000095,0.000087,0.000071,0.000072,0.000054,0.000040,0.000028,0.000033,0.000034,0.000046,0.000056,0.000051,0.000049,0.000068,0.000078,0.000086,0.000056,0.000053,0.000031,0.000045,0.000101,0.000095,0.000094,0.000066,0.000059,0.000041,0.000026,0.000011,0.000048,0.000136,0.000353
628,,,,,,,,,,,,,,0.000004,0.000083,0.000084,0.000090,0.000104,0.000118,0.000110,0.000121,0.000100,0.000083,0.000079,0.000067,0.000072,0.000066,0.000047,0.000054,0.000050,0.000056,0.000054,0.000068,0.000070,0.000064,0.000057,0.000045,0.000023,0.000039,0.000054,0.000055,0.000050,0.000057,0.000092,0.000076,0.000038,0.000006,0.000022,0.000062,0.000119
629,,,,,,,,,,,,,,0.000006,0.000160,0.000183,0.000298,0.000390,0.000495,0.000494,0.000465,0.000389,0.000359,0.000273,0.000222,0.000198,0.000178,0.000138,0.000134,0.000125,0.000112,0.000077,0.000077,0.000073,0.000054,0.000039,0.000039,0.000018,0.000026,0.000051,0.000057,0.000059,0.000056,0.000068,0.000051,0.000032,0.000011,0.000042,0.000091,0.000194
630,,,,,,,,,,,,,,0.000003,0.000075,0.000095,0.000162,0.000213,0.000261,0.000271,0.000226,0.000171,0.000133,0.000101,0.000076,0.000076,0.000060,0.000057,0.000062,0.000053,0.000046,0.000044,0.000058,0.000092,0.000122,0.000141,0.000146,0.000068,0.000069,0.000170,0.000145,0.000150,0.000127,0.000135,0.000124,0.000083,0.000015,0.000050,0.000131,0.000143
631,,,,,,,,,,,,,,0.000004,0.000104,0.000106,0.000122,0.000118,0.000128,0.000124,0.000129,0.000120,0.000124,0.000111,0.000086,0.000107,0.000121,0.000121,0.000127,0.000123,0.000114,0.000100,0.000119,0.000138,0.000200,0.000309,0.000436,0.000124,0.000058,0.000089,0.000084,0.000075,0.000055,0.000043,0.000033,0.000018,0.000004,0.000015,0.000029,0.000065
632,,,,,,,,,,,,,,0.000002,0.000047,0.000059,0.000093,0.000115,0.000126,0.000151,0.000163,0.000162,0.000205,0.000194,0.000167,0.000185,0.000183,0.000166,0.000164,0.000141,0.000122,0.000115,0.000145,0.000144,0.000144,0.000121,0.000106,0.000051,0.000049,0.000134,0.000124,0.000130,0.000092,0.000087,0.000067,0.000045,0.000012,0.000034,0.000048,0.000079
633,,,,,,,,,,,,,,0.000007,0.000143,0.000132,0.000147,0.000167,0.000191,0.000208,0.000231,0.000224,0.000207,0.000177,0.000162,0.000158,0.000145,0.000122,0.000128,0.000121,0.000107,0.000088,0.000096,0.000083,0.000069,0.000047,0.000039,0.000024,0.000036,0.000045,0.000032,0.000032,0.000030,0.000024,0.000016,0.000009,0.000003,0.000024,0.000064,0.000142
634,,,,,,,,,,,,,,0.000003,0.000058,0.000062,0.000087,0.000101,0.000126,0.000134,0.000144,0.000140,0.000130,0.000117,0.000095,0.000107,0.000102,0.000087,0.000085,0.000082,0.000081,0.000067,0.000078,0.000081,0.000078,0.000087,0.000108,0.000058,0.000061,0.000119,0.000085,0.000071,0.000062,0.000050,0.000055,0.000056,0.000011,0.000032,0.000148,0.000137
635,,,,,,,,,,,,,,0.000013,0.000335,0.000293,0.000309,0.000368,0.000369,0.000374,0.000337,0.000251,0.000236,0.000201,0.000140,0.000133,0.000118,0.000113,0.000115,0.000100,0.000090,0.000087,0.000095,0.000092,0.000097,0.000092,0.000088,0.000026,0.000043,0.000152,0.000137,0.000133,0.000102,0.000085,0.000063,0.000040,0.000003,0.000016,0.000040,0.000100
636,,,,,,,,,,,,,,0.000002,0.000038,0.000028,0.000044,0.000072,0.000109,0.000150,0.000196,0.000198,0.000199,0.000239,0.000363,0.000219,0.000182,0.000155,0.000150,0.000125,0.000126,0.000110,0.000132,0.000130,0.000118,0.000099,0.000108,0.000043,0.000036,0.000110,0.000114,0.000135,0.000114,0.000111,0.000083,0.000060,0.000005,0.000013,0.000034,0.000073
637,,,,,,,,,,,,,,0.000002,0.000059,0.000057,0.000069,0.000079,0.000098,0.000110,0.000140,0.000167,0.000219,0.000236,0.000241,0.000321,0.000362,0.000395,0.000466,0.000454,0.000417,0.000333,0.000347,0.000301,0.000249,0.000191,0.000161,0.000040,0.000039,0.000145,0.000146,0.000156,0.000121,0.000108,0.000071,0.000040,0.000002,0.000010,0.000025,0.000062
638,,,,,,,,,,,,,,0.000004,0.000125,0.000120,0.000106,0.000113,0.000139,0.000128,0.000117,0.000104,0.000100,0.000097,0.000080,0.000098,0.000092,0.000086,0.000091,0.000084,0.000074,0.000065,0.000085,0.000081,0.000082,0.000067,0.000073,0.000027,0.000028,0.000073,0.000080,0.000086,0.000063,0.000052,0.000031,0.000024,0.000002,0.000009,0.000026,0.000074
639,,,,,,,,,,,,,,0.000005,0.000113,0.000119,0.000201,0.000236,0.000279,0.000288,0.000274,0.000233,0.000215,0.000185,0.000154,0.000164,0.000147,0.000142,0.000139,0.000128,0.000116,0.000106,0.000105,0.000095,0.000078,0.000064,0.000050,0.000033,0.000032,0.000066,0.000058,0.000057,0.000045,0.000032,0.000021,0.000006,0.000004,0.000025,0.000051,0.000106
640,,,,,,,,,,,,,,0.000004,0.000087,0.000086,0.000108,0.000119,0.000145,0.000167,0.000173,0.000151,0.000148,0.000129,0.000109,0.000108,0.000106,0.000108,0.000118,0.000123,0.000125,0.000113,0.000115,0.000105,0.000093,0.000070,0.000048,0.000032,0.000061,0.000128,0.000124,0.000127,0.000096,0.000082,0.000062,0.000046,0.000006,0.000027,0.000077,0.000153
641,,,,,,,,,,,,,,0.000005,0.000112,0.000104,0.000104,0.000103,0.000133,0.000132,0.000121,0.000108,0.000109,0.000131,0.000138,0.000162,0.000188,0.000229,0.000318,0.000389,0.000441,0.000427,0.000444,0.000393,0.000313,0.000224,0.000159,0.000083,0.000113,0.000195,0.000156,0.000150,0.000149,0.000173,0.000168,0.000103,0.000017,0.000040,0.000068,0.000132
642,,,,,,,,,,,,,,0.000002,0.000054,0.000046,0.000040,0.000044,0.000046,0.000042,0.000048,0.000049,0.000043,0.000044,0.000043,0.000046,0.000046,0.000044,0.000049,0.000056,0.000053,0.000048,0.000068,0.000077,0.000078,0.000084,0.000085,0.000059,0.000073,0.000095,0.000098,0.000093,0.000067,0.000071,0.000055,0.000036,0.000004,0.000013,0.000030,0.000066
643,,,,,,,,,,,,,,0.000003,0.000060,0.000063,0.000079,0.000132,0.000221,0.000364,0.000519,0.000604,0.000696,0.000748,0.000662,0.000748,0.000744,0.000691,0.000633,0.000499,0.000393,0.000292,0.000258,0.000211,0.000176,0.000141,0.000118,0.000044,0.000048,0.000088,0.000070,0.000058,0.000051,0.000033,0.000022,0.000013,0.000004,0.000013,0.000031,0.000061
644,,,,,,,,,,,,,,0.000007,0.000141,0.000144,0.000205,0.000246,0.000316,0.000314,0.000327,0.000253,0.000246,0.000189,0.000142,0.000141,0.000125,0.000119,0.000104,0.000096,0.000092,0.000078,0.000089,0.000085,0.000071,0.000068,0.000064,0.000086,0.000064,0.000072,0.000076,0.000086,0.000085,0.000089,0.000060,0.000038,0.000004,0.000010,0.000015,0.000036
645,,,,,,,,,,,,,,0.000008,0.000180,0.000155,0.000168,0.000205,0.000289,0.000321,0.000275,0.000253,0.000215,0.000199,0.000179,0.000200,0.000191,0.000166,0.000203,0.000216,0.000217,0.000225,0.000258,0.000245,0.000219,0.000165,0.000124,0.000052,0.000057,0.000109,0.000102,0.000083,0.000074,0.000043,0.000021,0.000014,0.000007,0.000031,0.000076,0.000151
646,,,,,,,,,,,,,,0.000009,0.000159,0.000121,0.000163,0.000264,0.000426,0.000541,0.000643,0.000600,0.000645,0.000580,0.000443,0.000446,0.000398,0.000331,0.000322,0.000275,0.000231,0.000178,0.000189,0.000165,0.000133,0.000074,0.000058,0.000028,0.000036,0.000059,0.000112,0.000159,0.000121,0.000123,0.000102,0.000094,0.000016,0.000099,0.000329,0.000726
647,,,,,,,,,,,,,,0.000005,0.000121,0.000122,0.000122,0.000099,0.000112,0.000111,0.000105,0.000087,0.000093,0.000073,0.000054,0.000058,0.000058,0.000054,0.000068,0.000073,0.000077,0.000072,0.000096,0.000103,0.000127,0.000122,0.000129,0.000053,0.000091,0.000156,0.000143,0.000132,0.000119,0.000099,0.000066,0.000041,0.000007,0.000019,0.000042,0.000084
648,,,,,,,,,,,,,,0.000008,0.000125,0.000090,0.000122,0.000121,0.000137,0.000118,0.000141,0.000159,0.000158,0.000157,0.000161,0.000143,0.000151,0.000145,0.000150,0.000145,0.000123,0.000111,0.000101,0.000097,0.000096,0.000088,0.000095,0.000044,0.000062,0.000096,0.000108,0.000124,0.000108,0.000102,0.000039,0.000018,0.000009,0.000041,0.000101,0.000261
649,,,,,,,,,,,,,,0.000003,0.000077,0.000062,0.000064,0.000081,0.000102,0.000117,0.000150,0.000128,0.000126,0.000120,0.000110,0.000100,0.000095,0.000102,0.000104,0.000092,0.000098,0.000089,0.000103,0.000122,0.000184,0.000246,0.000277,0.000118,0.000130,0.000155,0.000150,0.000204,0.000166,0.000181,0.000119,0.000060,0.000008,0.000019,0.000010,0.000007
650,,,,,,,,,,,,,,0.000009,0.000163,0.000135,0.000147,0.000168,0.000168,0.000171,0.000223,0.000225,0.000218,0.000206,0.000201,0.000229,0.000204,0.000223,0.000253,0.000254,0.000229,0.000204,0.000224,0.000212,0.000190,0.000164,0.000164,0.000079,0.000139,0.000183,0.000178,0.000189,0.000144,0.000133,0.000095,0.000072,0.000013,0.000039,0.000209,0.000654
651,,,,,,,,,,,,,,0.000006,0.000145,0.000116,0.000085,0.000078,0.000068,0.000057,0.000070,0.000057,0.000055,0.000049,0.000041,0.000040,0.000046,0.000051,0.000070,0.000081,0.000096,0.000099,0.000124,0.000142,0.000133,0.000113,0.000106,0.000033,0.000035,0.000091,0.000094,0.000093,0.000084,0.000066,0.000046,0.000030,0.000004,0.000014,0.000049,0.000097
652,,,,,,,,,,,,,,0.000005,0.000085,0.000072,0.000066,0.000073,0.000088,0.000096,0.000099,0.000089,0.000092,0.000087,0.000083,0.000076,0.000074,0.000085,0.000096,0.000091,0.000095,0.000091,0.000105,0.000097,0.000096,0.000089,0.000109,0.000143,0.000050,0.000110,0.000109,0.000118,0.000100,0.000109,0.000072,0.000052,0.000007,0.000045,0.000063,0.000116
653,,,,,,,,,,,,,,0.000008,0.000102,0.000081,0.000069,0.000074,0.000080,0.000070,0.000068,0.000072,0.000090,0.000092,0.000080,0.000092,0.000088,0.000067,0.000076,0.000075,0.000085,0.000087,0.000129,0.000185,0.000206,0.000198,0.000183,0.000069,0.000054,0.000137,0.000138,0.000133,0.000177,0.000108,0.000073,0.000049,0.000006,0.000027,0.000133,0.000406
654,,,,,,,,,,,,,,0.000006,0.000126,0.000101,0.000098,0.000107,0.000132,0.000127,0.000140,0.000122,0.000114,0.000108,0.000080,0.000082,0.000077,0.000068,0.000071,0.000061,0.000055,0.000048,0.000053,0.000056,0.000051,0.000038,0.000044,0.000029,0.000035,0.000049,0.000044,0.000045,0.000031,0.000022,0.000011,0.000006,0.000003,0.000029,0.000117,0.000288
655,,,,,,,,,,,,,,0.000003,0.000049,0.000041,0.000044,0.000050,0.000066,0.000068,0.000076,0.000061,0.000057,0.000053,0.000055,0.000056,0.000068,0.000063,0.000066,0.000058,0.000042,0.000049,0.000042,0.000042,0.000042,0.000043,0.000056,0.000040,0.000040,0.000069,0.000072,0.000073,0.000067,0.000059,0.000047,0.000048,0.000019,0.000079,0.000092,0.000125
656,,,,,,,,,,,,,,0.000007,0.000246,0.000254,0.000200,0.000230,0.000230,0.000243,0.000253,0.000220,0.000194,0.000191,0.000164,0.000170,0.000148,0.000145,0.000147,0.000120,0.000106,0.000096,0.000087,0.000084,0.000090,0.000076,0.000065,0.000025,0.000032,0.000094,0.000099,0.000123,0.000100,0.000109,0.000078,0.000052,0.000005,0.000018,0.000047,0.000095
657,,,,,,,,,,,,,,0.000011,0.000344,0.000380,0.000439,0.000424,0.000416,0.000377,0.000393,0.000355,0.000396,0.000398,0.000390,0.000466,0.000544,0.000542,0.000573,0.000490,0.000403,0.000318,0.000292,0.000252,0.000205,0.000156,0.000136,0.000044,0.000044,0.000163,0.000155,0.000167,0.000137,0.000142,0.000108,0.000055,0.000005,0.000028,0.000067,0.000184
658,,,,,,,,,,,,,,0.000006,0.000147,0.000168,0.000241,0.000336,0.000369,0.000393,0.000481,0.000407,0.000397,0.000335,0.000293,0.000318,0.000296,0.000263,0.000271,0.000241,0.000222,0.000192,0.000240,0.000272,0.000303,0.000257,0.000221,0.000058,0.000060,0.000188,0.000165,0.000150,0.000098,0.000076,0.000042,0.000020,0.000003,0.000028,0.000122,0.000254
659,,,,,,,,,,,,,,0.000005,0.000151,0.000191,0.000257,0.000259,0.000244,0.000226,0.000211,0.000158,0.000132,0.000122,0.000095,0.000098,0.000089,0.000088,0.000076,0.000065,0.000070,0.000064,0.000083,0.000086,0.000095,0.000091,0.000095,0.000049,0.000045,0.000119,0.000114,0.000110,0.000091,0.000071,0.000053,0.000036,0.000007,0.000019,0.000037,0.000064
660,,,,,,,,,,,,,,0.000003,0.000060,0.000052,0.000059,0.000065,0.000071,0.000067,0.000068,0.000072,0.000070,0.000064,0.000062,0.000060,0.000058,0.000057,0.000062,0.000063,0.000055,0.000047,0.000052,0.000051,0.000051,0.000047,0.000044,0.000027,0.000044,0.000050,0.000051,0.000049,0.000044,0.000035,0.000023,0.000014,0.000005,0.000022,0.000050,0.000069
661,,,,,,,,,,,,,,0.000017,0.000553,0.000684,0.000887,0.000985,0.001110,0.001083,0.001085,0.000857,0.000790,0.000647,0.000542,0.000526,0.000492,0.000458,0.000461,0.000417,0.000369,0.000299,0.000317,0.000291,0.000265,0.000208,0.000191,0.000052,0.000049,0.000156,0.000154,0.000164,0.000112,0.000095,0.000057,0.000029,0.000002,0.000024,0.000075,0.000183
662,,,,,,,,,,,,,,0.000005,0.000101,0.000086,0.000103,0.000102,0.000117,0.000110,0.000119,0.000117,0.000117,0.000108,0.000100,0.000103,0.000107,0.000099,0.000103,0.000090,0.000081,0.000079,0.000074,0.000077,0.000078,0.000078,0.000083,0.000035,0.000039,0.000087,0.000100,0.000101,0.000062,0.000056,0.000048,0.000056,0.000007,0.000015,0.000029,0.000051
663,,,,,,,,,,,,,,0.000003,0.000065,0.000073,0.000084,0.000076,0.000083,0.000110,0.000103,0.000096,0.000105,0.000102,0.000092,0.000103,0.000096,0.000082,0.000087,0.000081,0.000067,0.000052,0.000048,0.000043,0.000036,0.000037,0.000037,0.000087,0.000060,0.000059,0.000060,0.000062,0.000069,0.000072,0.000076,0.000063,0.000010,0.000030,0.000048,0.000092
664,,,,,,,,,,,,,,0.000003,0.000058,0.000063,0.000106,0.000185,0.000284,0.000360,0.000477,0.000458,0.000495,0.000436,0.000380,0.000376,0.000332,0.000303,0.000292,0.000272,0.000244,0.000198,0.000234,0.000229,0.000221,0.000180,0.000159,0.000049,0.000037,0.000114,0.000116,0.000127,0.000094,0.000090,0.000070,0.000043,0.000003,0.000013,0.000029,0.000061
665,,,,,,,,,,,,,,0.000007,0.000167,0.000179,0.000220,0.000276,0.000348,0.000375,0.000413,0.000367,0.000363,0.000328,0.000277,0.000291,0.000279,0.000270,0.000295,0.000290,0.000309,0.000390,0.000335,0.000286,0.000233,0.000179,0.000140,0.000039,0.000048,0.000124,0.000116,0.000130,0.000094,0.000077,0.000047,0.000026,0.000001,0.000012,0.000032,0.000078
666,,,,,,,,,,,,,,0.000007,0.000141,0.000141,0.000182,0.000178,0.000205,0.000203,0.000224,0.000195,0.000174,0.000142,0.000115,0.000114,0.000111,0.000115,0.000115,0.000101,0.000080,0.000089,0.000096,0.000120,0.000158,0.000174,0.000202,0.000085,0.000105,0.000246,0.000265,0.000291,0.000376,0.000186,0.000098,0.000054,0.000004,0.000017,0.000040,0.000080
667,,,,,,,,,,,,,,0.000003,0.000114,0.000139,0.000212,0.000212,0.000245,0.000264,0.000326,0.000313,0.000317,0.000309,0.000267,0.000284,0.000262,0.000231,0.000217,0.000189,0.000180,0.000150,0.000145,0.000132,0.000116,0.000084,0.000090,0.000053,0.000089,0.000147,0.000138,0.000144,0.000113,0.000111,0.000086,0.000049,0.000006,0.000013,0.000032,0.000068
668,,,,,,,,,,,,,,0.000005,0.000125,0.000116,0.000125,0.000132,0.000153,0.000160,0.000186,0.000177,0.000170,0.000154,0.000132,0.000137,0.000136,0.000131,0.000133,0.000113,0.000110,0.000089,0.000105,0.000118,0.000138,0.000105,0.000090,0.000128,0.000108,0.000100,0.000094,0.000079,0.000070,0.000050,0.000044,0.000025,0.000003,0.000021,0.000063,0.000108
669,,,,,,,,,,,,,,0.000004,0.000056,0.000042,0.000027,0.000024,0.000018,0.000023,0.000040,0.000052,0.000060,0.000075,0.000076,0.000083,0.000084,0.000073,0.000088,0.000087,0.000088,0.000094,0.000108,0.000113,0.000118,0.000114,0.000116,0.000069,0.000069,0.000180,0.000159,0.000172,0.000137,0.000121,0.000089,0.000061,0.000013,0.000034,0.000043,0.000061
670,,,,,,,,,,,,,,0.000012,0.000253,0.000194,0.000160,0.000147,0.000155,0.000154,0.000171,0.000146,0.000146,0.000131,0.000116,0.000118,0.000117,0.000106,0.000106,0.000094,0.000081,0.000068,0.000082,0.000087,0.000087,0.000068,0.000062,0.000023,0.000030,0.000105,0.000108,0.000106,0.000075,0.000063,0.000041,0.000023,0.000002,0.000008,0.000015,0.000043
671,,,,,,,,,,,,,,0.000003,0.000071,0.000069,0.000108,0.000178,0.000291,0.000397,0.000583,0.000614,0.000734,0.000770,0.000721,0.000860,0.000888,0.000888,0.000948,0.000839,0.000690,0.000487,0.000419,0.000330,0.000256,0.000171,0.000131,0.000031,0.000043,0.000117,0.000108,0.000095,0.000073,0.000055,0.000036,0.000017,0.000002,0.000007,0.000021,0.000046
672,,,,,,,,,,,,,,0.000003,0.000063,0.000068,0.000073,0.000076,0.000091,0.000097,0.000109,0.000098,0.000089,0.000071,0.000067,0.000072,0.000084,0.000082,0.000094,0.000090,0.000085,0.000089,0.000107,0.000123,0.000127,0.000125,0.000126,0.000059,0.000100,0.000178,0.000170,0.000182,0.000193,0.000203,0.000196,0.000149,0.000013,0.000027,0.000045,0.000077
673,,,,,,,,,,,,,,0.000006,0.000070,0.000072,0.000083,0.000089,0.000097,0.000096,0.000096,0.000098,0.000078,0.000071,0.000081,0.000091,0.000105,0.000095,0.000126,0.000146,0.000165,0.000156,0.000177,0.000163,0.000142,0.000101,0.000096,0.000058,0.000058,0.000109,0.000120,0.000134,0.000087,0.000045,0.000030,0.000026,0.000011,0.000098,0.000333,0.000644
674,,,,,,,,,,,,,,0.000003,0.000076,0.000061,0.000046,0.000057,0.000077,0.000075,0.000074,0.000063,0.000080,0.000085,0.000095,0.000098,0.000100,0.000091,0.000091,0.000075,0.000063,0.000078,0.000087,0.000093,0.000093,0.000098,0.000089,0.000049,0.000046,0.000095,0.000098,0.000110,0.000091,0.000111,0.000093,0.000059,0.000010,0.000076,0.000066,0.000098
675,,,,,,,,,,,,,,0.000003,0.000066,0.000044,0.000041,0.000047,0.000045,0.000055,0.000058,0.000058,0.000059,0.000074,0.000085,0.000149,0.000217,0.000313,0.000475,0.000606,0.000670,0.000669,0.000722,0.000634,0.000495,0.000331,0.000239,0.000068,0.000084,0.000206,0.000180,0.000174,0.000122,0.000111,0.000085,0.000044,0.000007,0.000020,0.000051,0.000092
676,,,,,,,,,,,,,,0.000005,0.000097,0.000093,0.000098,0.000102,0.000125,0.000119,0.000137,0.000119,0.000109,0.000100,0.000073,0.000074,0.000062,0.000066,0.000061,0.000059,0.000044,0.000045,0.000055,0.000067,0.000080,0.000071,0.000043,0.000027,0.000057,0.000134,0.000159,0.000208,0.000111,0.000066,0.000050,0.000037,0.000006,0.000050,0.000102,0.000186
677,,,,,,,,,,,,,,0.000006,0.000113,0.000099,0.000084,0.000067,0.000057,0.000050,0.000030,0.000026,0.000014,0.000019,0.000036,0.000038,0.000059,0.000066,0.000081,0.000082,0.000083,0.000087,0.000108,0.000120,0.000157,0.000206,0.000210,0.000075,0.000105,0.000200,0.000225,0.000172,0.000274,0.000209,0.000104,0.000072,0.000012,0.000035,0.000072,0.000152
678,,,,,,,,,,,,,,0.000005,0.000087,0.000076,0.000078,0.000069,0.000081,0.000086,0.000099,0.000103,0.000112,0.000114,0.000095,0.000104,0.000106,0.000106,0.000087,0.000097,0.000127,0.000177,0.000343,0.000517,0.000617,0.000577,0.000483,0.000116,0.000139,0.000381,0.000328,0.000295,0.000182,0.000154,0.000090,0.000043,0.000004,0.000014,0.000032,0.000063
679,,,,,,,,,,,,,,0.000005,0.000088,0.000086,0.000093,0.000112,0.000125,0.000106,0.000127,0.000131,0.000108,0.000094,0.000083,0.000087,0.000172,0.000151,0.000169,0.000140,0.000139,0.000112,0.000113,0.000115,0.000106,0.000096,0.000106,0.000035,0.000032,0.000093,0.000091,0.000104,0.000084,0.000073,0.000053,0.000030,0.000005,0.000056,0.000134,0.000266
680,,,,,,,,,,,,,,0.000002,0.000046,0.000039,0.000048,0.000052,0.000063,0.000069,0.000085,0.000085,0.000100,0.000098,0.000088,0.000095,0.000085,0.000077,0.000089,0.000089,0.000093,0.000085,0.000106,0.000115,0.000120,0.000113,0.000100,0.000063,0.000040,0.000113,0.000104,0.000105,0.000072,0.000054,0.000031,0.000013,0.000006,0.000022,0.000027,0.000045
681,,,,,,,,,,,,,,0.000004,0.000131,0.000100,0.000076,0.000060,0.000060,0.000063,0.000076,0.000063,0.000075,0.000076,0.000072,0.000073,0.000071,0.000057,0.000066,0.000064,0.000063,0.000051,0.000071,0.000085,0.000074,0.000062,0.000053,0.000037,0.000049,0.000133,0.000163,0.000212,0.000214,0.000232,0.000188,0.000113,0.000014,0.000033,0.000046,0.000086
682,,,,,,,,,,,,,,0.000002,0.000060,0.000051,0.000075,0.000094,0.000130,0.000144,0.000158,0.000162,0.000135,0.000103,0.000073,0.000078,0.000066,0.000064,0.000071,0.000073,0.000058,0.000055,0.000049,0.000045,0.000042,0.000045,0.000047,0.000031,0.000026,0.000053,0.000058,0.000067,0.000046,0.000047,0.000035,0.000033,0.000007,0.000020,0.000030,0.000040
683,,,,,,,,,,,,,,0.000006,0.000137,0.000143,0.000173,0.000252,0.000447,0.000647,0.001029,0.001172,0.001317,0.001341,0.001181,0.001161,0.001113,0.000948,0.000902,0.000725,0.000581,0.000420,0.000419,0.000361,0.000324,0.000266,0.000265,0.000103,0.000091,0.000156,0.000126,0.000124,0.000117,0.000104,0.000062,0.000042,0.000007,0.000041,0.000066,0.000098
684,,,,,,,,,,,,,,0.000008,0.000158,0.000137,0.000135,0.000130,0.000147,0.000147,0.000169,0.000151,0.000152,0.000133,0.000119,0.000104,0.000104,0.000088,0.000095,0.000093,0.000082,0.000092,0.000102,0.000106,0.000098,0.000097,0.000092,0.000068,0.000068,0.000130,0.000111,0.000119,0.000120,0.000048,0.000037,0.000020,0.000006,0.000034,0.000068,0.000124
685,,,,,,,,,,,,,,0.000027,0.000590,0.000527,0.000640,0.000725,0.000913,0.000898,0.000946,0.000750,0.000700,0.000593,0.000472,0.000471,0.000448,0.000412,0.000445,0.000379,0.000329,0.000267,0.000297,0.000265,0.000237,0.000187,0.000177,0.000048,0.000057,0.000191,0.000202,0.000218,0.000192,0.000198,0.000147,0.000081,0.000005,0.000029,0.000090,0.000176
686,,,,,,,,,,,,,,0.000007,0.000212,0.000269,0.000378,0.000388,0.000403,0.000347,0.000352,0.000303,0.000289,0.000248,0.000211,0.000212,0.000197,0.000176,0.000179,0.000159,0.000133,0.000093,0.000099,0.000084,0.000074,0.000057,0.000044,0.000026,0.000036,0.000053,0.000046,0.000052,0.000085,0.000035,0.000016,0.000010,0.000004,0.000030,0.000073,0.000150
687,,,,,,,,,,,,,,0.000006,0.000157,0.000152,0.000173,0.000189,0.000220,0.000228,0.000279,0.000257,0.000264,0.000252,0.000237,0.000259,0.000256,0.000251,0.000265,0.000261,0.000259,0.000236,0.000265,0.000255,0.000239,0.000211,0.000198,0.000072,0.000066,0.000204,0.000208,0.000241,0.000189,0.000165,0.000099,0.000057,0.000002,0.000012,0.000026,0.000063
688,,,,,,,,,,,,,,0.000003,0.000052,0.000037,0.000059,0.000093,0.000142,0.000236,0.000305,0.000322,0.000329,0.000288,0.000223,0.000254,0.000233,0.000209,0.000223,0.000202,0.000211,0.000189,0.000199,0.000167,0.000137,0.000112,0.000103,0.000046,0.000039,0.000062,0.000069,0.000086,0.000089,0.000120,0.000113,0.000087,0.000017,0.000063,0.000051,0.000072
689,,,,,,,,,,,,,,0.000005,0.000094,0.000094,0.000116,0.000126,0.000142,0.000130,0.000109,0.000121,0.000116,0.000109,0.000086,0.000089,0.000094,0.000088,0.000104,0.000116,0.000122,0.000118,0.000142,0.000151,0.000161,0.000156,0.000149,0.000061,0.000066,0.000152,0.000157,0.000167,0.000140,0.000128,0.000100,0.000071,0.000017,0.000071,0.000119,0.000181
690,,,,,,,,,,,,,,0.000006,0.000128,0.000118,0.000114,0.000128,0.000140,0.000144,0.000161,0.000142,0.000155,0.000137,0.000108,0.000115,0.000124,0.000130,0.000145,0.000133,0.000130,0.000081,0.000080,0.000062,0.000059,0.000056,0.000056,0.000053,0.000065,0.000111,0.000085,0.000077,0.000051,0.000056,0.000070,0.000111,0.000025,0.000068,0.000206,0.000363
691,,,,,,,,,,,,,,0.000003,0.000048,0.000049,0.000062,0.000077,0.000093,0.000106,0.000116,0.000099,0.000107,0.000098,0.000091,0.000100,0.000134,0.000122,0.000138,0.000116,0.000101,0.000063,0.000060,0.000070,0.000068,0.000069,0.000069,0.000037,0.000041,0.000081,0.000070,0.000076,0.000051,0.000038,0.000025,0.000023,0.000020,0.000096,0.000135,0.000196
692,,,,,,,,,,,,,,0.000004,0.000116,0.000111,0.000153,0.000166,0.000191,0.000187,0.000197,0.000160,0.000178,0.000141,0.000123,0.000145,0.000129,0.000114,0.000117,0.000105,0.000103,0.000104,0.000135,0.000150,0.000202,0.000204,0.000170,0.000077,0.000081,0.000095,0.000080,0.000067,0.000045,0.000035,0.000043,0.000033,0.000009,0.000034,0.000056,0.000110
693,,,,,,,,,,,,,,0.000004,0.000059,0.000056,0.000065,0.000077,0.000093,0.000082,0.000099,0.000093,0.000094,0.000078,0.000078,0.000067,0.000066,0.000047,0.000045,0.000044,0.000052,0.000040,0.000045,0.000057,0.000067,0.000067,0.000048,0.000035,0.000040,0.000076,0.000089,0.000087,0.000067,0.000053,0.000038,0.000023,0.000008,0.000095,0.000180,0.000307
694,,,,,,,,,,,,,,0.000020,0.000413,0.000371,0.000408,0.000454,0.000454,0.000405,0.000434,0.000359,0.000332,0.000286,0.000255,0.000270,0.000246,0.000224,0.000230,0.000218,0.000179,0.000153,0.000166,0.000165,0.000166,0.000216,0.000344,0.000292,0.000380,0.000443,0.000474,0.000417,0.000395,0.000222,0.000129,0.000074,0.000004,0.000023,0.000074,0.000190
695,,,,,,,,,,,,,,0.000004,0.000076,0.000073,0.000080,0.000091,0.000113,0.000136,0.000132,0.000119,0.000120,0.000105,0.000109,0.000101,0.000095,0.000077,0.000079,0.000071,0.000058,0.000053,0.000057,0.000061,0.000065,0.000058,0.000062,0.000050,0.000045,0.000033,0.000020,0.000018,0.000011,0.000015,0.000012,0.000008,0.000010,0.000079,0.000158,0.000242
696,,,,,,,,,,,,,,0.000006,0.000098,0.000072,0.000070,0.000066,0.000089,0.000106,0.000121,0.000120,0.000133,0.000167,0.000181,0.000214,0.000224,0.000286,0.000262,0.000261,0.000238,0.000221,0.000178,0.000147,0.000127,0.000110,0.000091,0.000048,0.000077,0.000100,0.000079,0.000068,0.000044,0.000022,0.000012,0.000006,0.000013,0.000083,0.000158,0.000273
697,,,,,,,,,,,,,,0.000003,0.000068,0.000061,0.000066,0.000089,0.000127,0.000141,0.000166,0.000143,0.000127,0.000109,0.000083,0.000087,0.000091,0.000102,0.000109,0.000120,0.000128,0.000116,0.000136,0.000143,0.000134,0.000109,0.000122,0.000047,0.000042,0.000091,0.000111,0.000120,0.000134,0.000098,0.000076,0.000048,0.000004,0.000016,0.000066,0.000137
698,,,,,,,,,,,,,,0.000003,0.000056,0.000073,0.000086,0.000088,0.000102,0.000105,0.000135,0.000131,0.000122,0.000123,0.000116,0.000132,0.000135,0.000102,0.000110,0.000108,0.000079,0.000076,0.000098,0.000094,0.000083,0.000063,0.000073,0.000033,0.000035,0.000094,0.000095,0.000106,0.000084,0.000100,0.000096,0.000108,0.000013,0.000025,0.000050,0.000101
699,,,,,,,,,,,,,,0.000002,0.000069,0.000067,0.000120,0.000122,0.000119,0.000098,0.000103,0.000099,0.000081,0.000064,0.000042,0.000055,0.000064,0.000056,0.000056,0.000051,0.000051,0.000046,0.000059,0.000081,0.000090,0.000101,0.000105,0.000057,0.000061,0.000118,0.000102,0.000097,0.000080,0.000067,0.000058,0.000039,0.000006,0.000015,0.000027,0.000048
700,,,,,,,,,,,,,,0.000004,0.000098,0.000077,0.000061,0.000055,0.000056,0.000064,0.000085,0.000076,0.000087,0.000095,0.000089,0.000101,0.000103,0.000097,0.000121,0.000110,0.000109,0.000116,0.000145,0.000179,0.000184,0.000209,0.000210,0.000086,0.000115,0.000393,0.000507,0.000696,0.000582,0.000643,0.000528,0.000349,0.000038,0.000068,0.000081,0.000100
701,,,,,,,,,,,,,,0.000003,0.000067,0.000044,0.000026,0.000010,-0.000001,0.000017,0.000007,0.000022,0.000041,0.000055,0.000077,0.000106,0.000103,0.000123,0.000154,0.000162,0.000146,0.000124,0.000115,0.000095,0.000077,0.000056,0.000062,0.000026,0.000035,0.000156,0.000235,0.000317,0.000284,0.000300,0.000243,0.000142,0.000013,0.000035,0.000050,0.000067
702,,,,,,,,,,,,,,0.000003,0.000077,0.000061,0.000058,0.000052,0.000047,0.000058,0.000069,0.000101,0.000113,0.000108,0.000093,0.000124,0.000138,0.000121,0.000141,0.000147,0.000153,0.000139,0.000177,0.000185,0.000193,0.000182,0.000205,0.000073,0.000073,0.000344,0.000440,0.000562,0.000518,0.000553,0.000422,0.000262,0.000014,0.000027,0.000075,0.000115
703,,,,,,,,,,,,,,0.000021,0.000401,0.000335,0.000347,0.000364,0.000417,0.000449,0.000488,0.000443,0.000464,0.000429,0.000391,0.000421,0.000414,0.000386,0.000418,0.000389,0.000353,0.000295,0.000321,0.000297,0.000259,0.000200,0.000153,0.000044,0.000048,0.000169,0.000158,0.000162,0.000130,0.000085,0.000046,0.000021,0.000003,0.000030,0.000094,0.000227
704,,,,,,,,,,,,,,0.000007,0.000147,0.000130,0.000153,0.000172,0.000181,0.000181,0.000186,0.000150,0.000126,0.000116,0.000101,0.000094,0.000091,0.000090,0.000080,0.000080,0.000080,0.000073,0.000082,0.000080,0.000077,0.000071,0.000063,0.000027,0.000026,0.000057,0.000054,0.000063,0.000048,0.000042,0.000027,0.000022,0.000004,0.000027,0.000094,0.000232
705,,,,,,,,,,,,,,0.000004,0.000094,0.000085,0.000089,0.000099,0.000122,0.000124,0.000140,0.000145,0.000122,0.000107,0.000091,0.000104,0.000097,0.000083,0.000081,0.000078,0.000075,0.000085,0.000071,0.000059,0.000057,0.000049,0.000040,0.000021,0.000035,0.000072,0.000102,0.000138,0.000121,0.000099,0.000050,0.000026,0.000005,0.000027,0.000052,0.000113
706,,,,,,,,,,,,,,0.000004,0.000127,0.000097,0.000097,0.000104,0.000161,0.000142,0.000171,0.000174,0.000201,0.000193,0.000193,0.000284,0.000357,0.000446,0.000646,0.000704,0.000741,0.000632,0.000638,0.000509,0.000412,0.000264,0.000206,0.000059,0.000071,0.000181,0.000174,0.000180,0.000132,0.000101,0.000063,0.000032,0.000005,0.000014,0.000039,0.000095
707,,,,,,,,,,,,,,0.000003,0.000068,0.000058,0.000057,0.000065,0.000077,0.000084,0.000110,0.000136,0.000164,0.000163,0.000173,0.000187,0.000198,0.000220,0.000238,0.000249,0.000330,0.000297,0.000223,0.000181,0.000133,0.000112,0.000085,0.000034,0.000055,0.000109,0.000087,0.000082,0.000077,0.000056,0.000043,0.000029,0.000005,0.000017,0.000040,0.000071
708,,,,,,,,,,,,,,0.000008,0.000128,0.000113,0.000097,0.000082,0.000070,0.000066,0.000049,0.000046,0.000038,0.000036,0.000026,0.000030,0.000027,0.000016,0.000023,0.000039,0.000086,0.000133,0.000151,0.000157,0.000158,0.000159,0.000158,0.000050,0.000058,0.000226,0.000247,0.000287,0.000197,0.000180,0.000113,0.000075,0.000011,0.000068,0.000122,0.000226
709,,,,,,,,,,,,,,0.000010,0.000222,0.000164,0.000147,0.000154,0.000155,0.000148,0.000148,0.000123,0.000111,0.000104,0.000086,0.000102,0.000092,0.000082,0.000086,0.000081,0.000072,0.000079,0.000093,0.000105,0.000112,0.000107,0.000095,0.000041,0.000045,0.000108,0.000097,0.000084,0.000071,0.000043,0.000025,0.000013,0.000004,0.000017,0.000045,0.000123
710,,,,,,,,,,,,,,0.000003,0.000067,0.000047,0.000045,0.000049,0.000066,0.000062,0.000062,0.000072,0.000055,0.000065,0.000063,0.000071,0.000060,0.000068,0.000081,0.000090,0.000083,0.000067,0.000081,0.000077,0.000070,0.000059,0.000059,0.000043,0.000053,0.000082,0.000105,0.000128,0.000131,0.000149,0.000120,0.000075,0.000024,0.000061,0.000056,0.000101
711,,,,,,,,,,,,,,0.000002,0.000051,0.000044,0.000059,0.000071,0.000095,0.000139,0.000204,0.000220,0.000212,0.000181,0.000183,0.000183,0.000148,0.000123,0.000122,0.000114,0.000115,0.000108,0.000103,0.000093,0.000083,0.000072,0.000078,0.000033,0.000032,0.000053,0.000074,0.000074,0.000061,0.000065,0.000055,0.000045,0.000007,0.000032,0.000041,0.000068
712,,,,,,,,,,,,,,0.000008,0.000141,0.000113,0.000117,0.000134,0.000177,0.000197,0.000244,0.000244,0.000245,0.000230,0.000189,0.000199,0.000183,0.000172,0.000160,0.000137,0.000131,0.000123,0.000155,0.000153,0.000154,0.000149,0.000187,0.000066,0.000090,0.000245,0.000224,0.000232,0.000175,0.000129,0.000067,0.000026,0.000003,0.000005,0.000007,0.000032
713,,,,,,,,,,,,,,0.000003,0.000070,0.000091,0.000196,0.000356,0.000512,0.000556,0.000584,0.000449,0.000362,0.000293,0.000204,0.000210,0.000187,0.000168,0.000165,0.000139,0.000122,0.000108,0.000120,0.000121,0.000122,0.000106,0.000097,0.000035,0.000040,0.000091,0.000088,0.000085,0.000054,0.000049,0.000036,0.000021,0.000003,0.000007,0.000021,0.000040
714,,,,,,,,,,,,,,0.000004,0.000098,0.000107,0.000120,0.000123,0.000135,0.000130,0.000125,0.000108,0.000099,0.000087,0.000073,0.000082,0.000083,0.000080,0.000086,0.000080,0.000071,0.000069,0.000064,0.000059,0.000054,0.000061,0.000042,0.000028,0.000033,0.000065,0.000060,0.000053,0.000037,0.000032,0.000016,0.000007,0.000004,0.000017,0.000034,0.000074
715,,,,,,,,,,,,,,0.000004,0.000074,0.000055,0.000051,0.000052,0.000055,0.000044,0.000054,0.000044,0.000047,0.000042,0.000043,0.000033,0.000038,0.000034,0.000042,0.000046,0.000050,0.000047,0.000048,0.000044,0.000037,0.000034,0.000036,0.000040,0.000060,0.000060,0.000045,0.000035,0.000025,0.000017,0.000014,0.000015,0.000014,0.000034,0.000071,0.000131
716,,,,,,,,,,,,,,0.000002,0.000051,0.000040,0.000032,0.000026,0.000025,0.000034,0.000063,0.000086,0.000108,0.000117,0.000131,0.000199,0.000244,0.000273,0.000298,0.000319,0.000312,0.000272,0.000322,0.000300,0.000270,0.000224,0.000216,0.000069,0.000065,0.000157,0.000160,0.000163,0.000131,0.000134,0.000113,0.000081,0.000008,0.000016,0.000050,0.000087
717,,,,,,,,,,,,,,0.000005,0.000121,0.000128,0.000161,0.000220,0.000392,0.000351,0.000349,0.000305,0.000258,0.000216,0.000155,0.000162,0.000147,0.000138,0.000142,0.000123,0.000121,0.000107,0.000105,0.000095,0.000083,0.000067,0.000062,0.000025,0.000031,0.000061,0.000055,0.000061,0.000052,0.000052,0.000031,0.000013,0.000003,0.000017,0.000032,0.000090
718,,,,,,,,,,,,,,0.000003,0.000049,0.000049,0.000054,0.000063,0.000086,0.000102,0.000139,0.000153,0.000209,0.000202,0.000259,0.000211,0.000199,0.000147,0.000141,0.000119,0.000106,0.000075,0.000072,0.000052,0.000042,0.000035,0.000041,0.000027,0.000039,0.000085,0.000098,0.000128,0.000095,0.000087,0.000053,0.000024,0.000004,0.000013,0.000033,0.000058
719,,,,,,,,,,,,,,0.000005,0.000151,0.000179,0.000270,0.000358,0.000448,0.000491,0.000554,0.000453,0.000419,0.000365,0.000301,0.000296,0.000275,0.000250,0.000246,0.000231,0.000208,0.000188,0.000230,0.000249,0.000247,0.000216,0.000174,0.000110,0.000137,0.000309,0.000245,0.000181,0.000099,0.000084,0.000049,0.000031,0.000005,0.000027,0.000047,0.000105
720,,,,,,,,,,,,,,0.000006,0.000144,0.000142,0.000144,0.000143,0.000151,0.000149,0.000182,0.000163,0.000177,0.000180,0.000172,0.000199,0.000189,0.000153,0.000159,0.000147,0.000123,0.000104,0.000127,0.000134,0.000134,0.000099,0.000079,0.000037,0.000034,0.000087,0.000076,0.000079,0.000061,0.000050,0.000036,0.000021,0.000003,0.000019,0.000048,0.000116
721,,,,,,,,,,,,,,0.000005,0.000125,0.000127,0.000171,0.000226,0.000289,0.000362,0.000381,0.000356,0.000317,0.000284,0.000214,0.000225,0.000205,0.000189,0.000200,0.000176,0.000155,0.000128,0.000126,0.000123,0.000108,0.000087,0.000082,0.000025,0.000023,0.000068,0.000068,0.000069,0.000053,0.000038,0.000025,0.000015,0.000002,0.000017,0.000040,0.000086
722,,,,,,,,,,,,,,0.000010,0.000182,0.000151,0.000142,0.000128,0.000146,0.000134,0.000129,0.000107,0.000104,0.000093,0.000064,0.000061,0.000056,0.000052,0.000052,0.000052,0.000034,0.000028,0.000032,0.000022,0.000010,0.000008,0.000001,0.000016,0.000022,0.000080,0.000176,0.000278,0.000328,0.000356,0.000277,0.000173,0.000012,0.000053,0.000081,0.000193
723,,,,,,,,,,,,,,0.000016,0.000269,0.000217,0.000212,0.000197,0.000211,0.000216,0.000256,0.000246,0.000252,0.000263,0.000264,0.000291,0.000286,0.000304,0.000257,0.000232,0.000211,0.000176,0.000218,0.000240,0.000256,0.000221,0.000181,0.000051,0.000052,0.000132,0.000114,0.000109,0.000073,0.000060,0.000034,0.000020,0.000003,0.000011,0.000034,0.000116
724,,,,,,,,,,,,,,0.000005,0.000127,0.000103,0.000084,0.000078,0.000097,0.000086,0.000093,0.000100,0.000104,0.000111,0.000100,0.000108,0.000102,0.000092,0.000102,0.000103,0.000090,0.000075,0.000075,0.000068,0.000063,0.000059,0.000066,0.000027,0.000045,0.000070,0.000079,0.000076,0.000064,0.000038,0.000026,0.000018,0.000005,0.000020,0.000041,0.000087
725,,,,,,,,,,,,,,0.000006,0.000088,0.000107,0.000118,0.000130,0.000165,0.000168,0.000187,0.000143,0.000138,0.000123,0.000082,0.000088,0.000087,0.000074,0.000073,0.000061,0.000053,0.000050,0.000074,0.000067,0.000063,0.000054,0.000048,0.000034,0.000039,0.000090,0.000111,0.000151,0.000142,0.000189,0.000232,0.000269,0.000034,0.000126,0.000320,0.000458
726,,,,,,,,,,,,,,0.000008,0.000172,0.000131,0.000120,0.000101,0.000112,0.000095,0.000087,0.000075,0.000072,0.000065,0.000061,0.000075,0.000080,0.000077,0.000082,0.000071,0.000063,0.000069,0.000080,0.000088,0.000078,0.000070,0.000063,0.000029,0.000036,0.000063,0.000074,0.000074,0.000060,0.000060,0.000044,0.000033,0.000006,0.000030,0.000077,0.000183
727,,,,,,,,,,,,,,0.000004,0.000097,0.000091,0.000114,0.000129,0.000146,0.000158,0.000165,0.000148,0.000148,0.000130,0.000113,0.000130,0.000114,0.000108,0.000119,0.000112,0.000100,0.000086,0.000094,0.000090,0.000085,0.000071,0.000069,0.000023,0.000027,0.000116,0.000193,0.000221,0.000140,0.000096,0.000050,0.000023,0.000003,0.000017,0.000042,0.000108
728,,,,,,,,,,,,,,0.000003,0.000078,0.000065,0.000077,0.000086,0.000096,0.000092,0.000110,0.000096,0.000115,0.000112,0.000107,0.000127,0.000141,0.000154,0.000173,0.000169,0.000175,0.000141,0.000142,0.000125,0.000125,0.000118,0.000127,0.000112,0.000099,0.000152,0.000136,0.000129,0.000099,0.000086,0.000066,0.000037,0.000004,0.000013,0.000033,0.000072
729,,,,,,,,,,,,,,0.000011,0.000224,0.000196,0.000193,0.000190,0.000194,0.000170,0.000194,0.000155,0.000149,0.000138,0.000121,0.000120,0.000122,0.000110,0.000126,0.000118,0.000105,0.000092,0.000091,0.000081,0.000067,0.000052,0.000037,0.000024,0.000034,0.000047,0.000044,0.000036,0.000038,0.000022,0.000014,0.000009,0.000005,0.000027,0.000075,0.000218
730,,,,,,,,,,,,,,0.000004,0.000124,0.000115,0.000114,0.000108,0.000125,0.000124,0.000127,0.000122,0.000130,0.000118,0.000107,0.000110,0.000103,0.000098,0.000103,0.000101,0.000091,0.000084,0.000105,0.000116,0.000123,0.000113,0.000114,0.000036,0.000031,0.000123,0.000123,0.000136,0.000122,0.000131,0.000104,0.000065,0.000004,0.000010,0.000025,0.000051
731,,,,,,,,,,,,,,0.000008,0.000202,0.000190,0.000186,0.000174,0.000169,0.000142,0.000147,0.000101,0.000113,0.000099,0.000114,0.000159,0.000212,0.000298,0.000466,0.000624,0.000765,0.000825,0.000983,0.000916,0.000739,0.000524,0.000424,0.000166,0.000122,0.000241,0.000186,0.000163,0.000103,0.000083,0.000043,0.000020,0.000005,0.000023,0.000021,0.000046
732,,,,,,,,,,,,,,0.000003,0.000085,0.000085,0.000102,0.000120,0.000138,0.000141,0.000159,0.000149,0.000132,0.000124,0.000105,0.000107,0.000097,0.000093,0.000107,0.000101,0.000094,0.000086,0.000112,0.000122,0.000126,0.000131,0.000107,0.000043,0.000070,0.000141,0.000141,0.000151,0.000143,0.000174,0.000187,0.000162,0.000023,0.000046,0.000035,0.000035
733,,,,,,,,,,,,,,0.000011,0.000197,0.000172,0.000179,0.000177,0.000191,0.000203,0.000207,0.000181,0.000157,0.000138,0.000122,0.000128,0.000125,0.000099,0.000091,0.000081,0.000070,0.000063,0.000060,0.000061,0.000063,0.000052,0.000054,0.000028,0.000029,0.000083,0.000098,0.000113,0.000085,0.000081,0.000066,0.000040,0.000005,0.000025,0.000061,0.000158
734,,,,,,,,,,,,,,0.000003,0.000065,0.000053,0.000055,0.000069,0.000083,0.000092,0.000103,0.000089,0.000075,0.000070,0.000058,0.000082,0.000088,0.000078,0.000083,0.000089,0.000098,0.000113,0.000190,0.000293,0.000379,0.000392,0.000335,0.000083,0.000114,0.000391,0.000354,0.000305,0.000205,0.000148,0.000089,0.000045,0.000004,0.000017,0.000039,0.000098
735,,,,,,,,,,,,,,0.000015,0.000323,0.000306,0.000335,0.000378,0.000458,0.000473,0.000511,0.000426,0.000399,0.000348,0.000294,0.000325,0.000457,0.000327,0.000334,0.000263,0.000231,0.000172,0.000186,0.000157,0.000121,0.000100,0.000076,0.000038,0.000048,0.000083,0.000076,0.000084,0.000064,0.000043,0.000026,0.000009,0.000006,0.000019,0.000045,0.000086
736,,,,,,,,,,,,,,0.000002,0.000051,0.000049,0.000058,0.000065,0.000073,0.000070,0.000080,0.000077,0.000087,0.000085,0.000081,0.000092,0.000099,0.000103,0.000122,0.000133,0.000138,0.000139,0.000190,0.000216,0.000218,0.000169,0.000157,0.000047,0.000045,0.000130,0.000120,0.000123,0.000089,0.000076,0.000048,0.000028,0.000001,0.000008,0.000020,0.000040
737,,,,,,,,,,,,,,0.000004,0.000067,0.000049,0.000048,0.000044,0.000036,0.000031,0.000024,0.000038,0.000026,0.000039,0.000055,0.000058,0.000090,0.000100,0.000117,0.000090,0.000094,0.000095,0.000111,0.000128,0.000119,0.000108,0.000101,0.000079,0.000058,0.000095,0.000092,0.000099,0.000100,0.000123,0.000139,0.000119,0.000027,0.000038,0.000065,0.000088
738,,,,,,,,,,,,,,0.000006,0.000138,0.000138,0.000169,0.000194,0.000239,0.000241,0.000265,0.000222,0.000207,0.000168,0.000136,0.000145,0.000146,0.000139,0.000138,0.000130,0.000117,0.000097,0.000123,0.000128,0.000134,0.000175,0.000276,0.000080,0.000077,0.000107,0.000128,0.000118,0.000085,0.000068,0.000043,0.000026,0.000003,0.000017,0.000047,0.000095
739,,,,,,,,,,,,,,0.000003,0.000049,0.000039,0.000044,0.000057,0.000072,0.000086,0.000103,0.000079,0.000089,0.000087,0.000093,0.000091,0.000098,0.000104,0.000120,0.000115,0.000113,0.000112,0.000132,0.000129,0.000147,0.000171,0.000220,0.000094,0.000155,0.000702,0.000813,0.001052,0.000812,0.000639,0.000375,0.000177,0.000010,0.000020,0.000030,0.000064
740,,,,,,,,,,,,,,0.000004,0.000102,0.000121,0.000196,0.000309,0.000504,0.000652,0.000850,0.000854,0.000908,0.000818,0.000666,0.000719,0.000648,0.000562,0.000558,0.000465,0.000376,0.000265,0.000269,0.000232,0.000181,0.000123,0.000094,0.000036,0.000044,0.000101,0.000129,0.000181,0.000198,0.000253,0.000230,0.000165,0.000011,0.000035,0.000069,0.000131
741,,,,,,,,,,,,,,0.000006,0.000130,0.000122,0.000136,0.000135,0.000140,0.000128,0.000135,0.000112,0.000116,0.000106,0.000110,0.000099,0.000100,0.000094,0.000125,0.000146,0.000176,0.000237,0.000381,0.000541,0.000580,0.000547,0.000407,0.000092,0.000099,0.000240,0.000235,0.000239,0.000173,0.000143,0.000095,0.000058,0.000011,0.000085,0.000147,0.000248
742,,,,,,,,,,,,,,0.000004,0.000081,0.000077,0.000076,0.000081,0.000093,0.000089,0.000100,0.000086,0.000095,0.000086,0.000092,0.000106,0.000139,0.000202,0.000334,0.000476,0.000633,0.000715,0.000808,0.000686,0.000489,0.000322,0.000218,0.000054,0.000060,0.000155,0.000141,0.000135,0.000093,0.000081,0.000051,0.000027,0.000002,0.000014,0.000027,0.000062
743,,,,,,,,,,,,,,0.000009,0.000260,0.000288,0.000323,0.000327,0.000341,0.000323,0.000343,0.000275,0.000275,0.000234,0.000184,0.000178,0.000194,0.000153,0.000145,0.000134,0.000125,0.000102,0.000106,0.000099,0.000092,0.000079,0.000058,0.000030,0.000044,0.000076,0.000060,0.000059,0.000050,0.000031,0.000023,0.000016,0.000005,0.000012,0.000030,0.000057
744,,,,,,,,,,,,,,0.000004,0.000078,0.000071,0.000061,0.000046,0.000050,0.000051,0.000047,0.000070,0.000072,0.000069,0.000066,0.000062,0.000064,0.000056,0.000049,0.000051,0.000057,0.000049,0.000066,0.000073,0.000088,0.000086,0.000103,0.000078,0.000101,0.000293,0.000355,0.000473,0.000445,0.000459,0.000363,0.000235,0.000018,0.000046,0.000059,0.000098
745,,,,,,,,,,,,,,0.000004,0.000067,0.000048,0.000033,0.000032,0.000034,0.000026,0.000037,0.000047,0.000048,0.000054,0.000054,0.000053,0.000055,0.000062,0.000071,0.000076,0.000084,0.000086,0.000096,0.000118,0.000179,0.000215,0.000216,0.000138,0.000109,0.000130,0.000116,0.000110,0.000096,0.000074,0.000056,0.000041,0.000007,0.000020,0.000039,0.000073
746,,,,,,,,,,,,,,0.000017,0.000340,0.000278,0.000287,0.000289,0.000296,0.000271,0.000246,0.000210,0.000195,0.000173,0.000179,0.000259,0.000207,0.000185,0.000141,0.000107,0.000074,0.000086,0.000093,0.000100,0.000088,0.000071,0.000073,0.000048,0.000058,0.000101,0.000097,0.000086,0.000080,0.000076,0.000063,0.000047,0.000008,0.000046,0.000100,0.000247
747,,,,,,,,,,,,,,0.000007,0.000147,0.000111,0.000090,0.000084,0.000096,0.000101,0.000093,0.000078,0.000080,0.000068,0.000064,0.000056,0.000046,0.000044,0.000048,0.000050,0.000053,0.000053,0.000056,0.000053,0.000052,0.000050,0.000053,0.000047,0.000043,0.000075,0.000068,0.000064,0.000061,0.000039,0.000026,0.000011,0.000005,0.000027,0.000055,0.000104
748,,,,,,,,,,,,,,0.000015,0.000281,0.000242,0.000257,0.000225,0.000197,0.000171,0.000163,0.000136,0.000138,0.000120,0.000098,0.000099,0.000098,0.000088,0.000082,0.000073,0.000074,0.000058,0.000071,0.000077,0.000078,0.000073,0.000071,0.000043,0.000043,0.000095,0.000104,0.000115,0.000104,0.000104,0.000080,0.000058,0.000008,0.000020,0.000036,0.000081
749,,,,,,,,,,,,,,0.000002,0.000034,0.000028,0.000034,0.000044,0.000061,0.000072,0.000098,0.000101,0.000110,0.000102,0.000098,0.000106,0.000128,0.000100,0.000110,0.000103,0.000110,0.000115,0.000145,0.000143,0.000127,0.000118,0.000116,0.000057,0.000097,0.000193,0.000171,0.000151,0.000135,0.000062,0.000030,0.000014,0.000003,0.000010,0.000013,0.000033
750,,,,,,,,,,,,,,0.000004,0.000072,0.000088,0.000078,0.000074,0.000092,0.000086,0.000084,0.000073,0.000072,0.000056,0.000045,0.000040,0.000043,0.000032,0.000023,0.000018,0.000016,0.000032,0.000052,0.000072,0.000095,0.000106,0.000127,0.000044,0.000069,0.000222,0.000254,0.000273,0.000142,0.000103,0.000059,0.000034,0.000019,0.000088,0.000094,0.000167
751,,,,,,,,,,,,,,0.000002,0.000070,0.000088,0.000141,0.000247,0.000395,0.000482,0.000646,0.000614,0.000694,0.000713,0.000678,0.000781,0.000806,0.000806,0.000814,0.000708,0.000586,0.000483,0.000432,0.000362,0.000307,0.000233,0.000199,0.000052,0.000065,0.000215,0.000215,0.000248,0.000180,0.000203,0.000158,0.000095,0.000009,0.000021,0.000040,0.000069
752,,,,,,,,,,,,,,0.000008,0.000128,0.000116,0.000117,0.000104,0.000106,0.000118,0.000121,0.000116,0.000104,0.000094,0.000081,0.000084,0.000077,0.000068,0.000072,0.000071,0.000067,0.000076,0.000059,0.000063,0.000074,0.000059,0.000049,0.000033,0.000078,0.000141,0.000118,0.000083,0.000058,0.000039,0.000032,0.000018,0.000004,0.000024,0.000088,0.000224
753,,,,,,,,,,,,,,0.000003,0.000054,0.000035,0.000038,0.000046,0.000047,0.000046,0.000054,0.000058,0.000056,0.000067,0.000077,0.000091,0.000108,0.000116,0.000130,0.000122,0.000114,0.000106,0.000115,0.000117,0.000110,0.000100,0.000102,0.000046,0.000101,0.000216,0.000185,0.000174,0.000148,0.000123,0.000087,0.000059,0.000006,0.000013,0.000034,0.000072
754,,,,,,,,,,,,,,0.000002,0.000043,0.000037,0.000044,0.000051,0.000058,0.000064,0.000071,0.000068,0.000079,0.000076,0.000060,0.000084,0.000111,0.000144,0.000153,0.000145,0.000128,0.000114,0.000144,0.000111,0.000088,0.000063,0.000045,0.000026,0.000031,0.000047,0.000038,0.000052,0.000043,0.000040,0.000027,0.000024,0.000007,0.000025,0.000030,0.000051
755,,,,,,,,,,,,,,0.000005,0.000081,0.000062,0.000063,0.000070,0.000073,0.000063,0.000057,0.000057,0.000053,0.000052,0.000069,0.000068,0.000052,0.000030,0.000035,0.000041,0.000052,0.000056,0.000059,0.000057,0.000057,0.000050,0.000052,0.000034,0.000057,0.000121,0.000095,0.000089,0.000073,0.000057,0.000037,0.000021,0.000008,0.000079,0.000180,0.000308
756,,,,,,,,,,,,,,0.000006,0.000116,0.000106,0.000118,0.000135,0.000146,0.000148,0.000154,0.000131,0.000118,0.000111,0.000106,0.000096,0.000093,0.000103,0.000103,0.000106,0.000125,0.000121,0.000141,0.000181,0.000232,0.000252,0.000270,0.000097,0.000100,0.000342,0.000305,0.000304,0.000195,0.000140,0.000089,0.000046,0.000005,0.000018,0.000059,0.000148
757,,,,,,,,,,,,,,0.000004,0.000096,0.000113,0.000185,0.000200,0.000209,0.000215,0.000221,0.000245,0.000183,0.000153,0.000126,0.000136,0.000129,0.000121,0.000122,0.000121,0.000121,0.000114,0.000102,0.000096,0.000092,0.000079,0.000079,0.000054,0.000050,0.000084,0.000073,0.000073,0.000056,0.000035,0.000017,0.000009,0.000002,0.000011,0.000032,0.000089
758,,,,,,,,,,,,,,0.000008,0.000143,0.000135,0.000155,0.000170,0.000199,0.000200,0.000241,0.000211,0.000202,0.000165,0.000134,0.000131,0.000154,0.000126,0.000130,0.000118,0.000117,0.000099,0.000111,0.000111,0.000105,0.000081,0.000104,0.000048,0.000031,0.000117,0.000134,0.000151,0.000115,0.000110,0.000085,0.000052,0.000017,0.000124,0.000266,0.000412
759,,,,,,,,,,,,,,0.000005,0.000151,0.000137,0.000135,0.000121,0.000144,0.000140,0.000134,0.000108,0.000103,0.000097,0.000079,0.000086,0.000086,0.000094,0.000140,0.000206,0.000291,0.000345,0.000522,0.000607,0.000596,0.000443,0.000376,0.000101,0.000108,0.000307,0.000283,0.000397,0.000306,0.000265,0.000206,0.000143,0.000013,0.000042,0.000064,0.000115
760,,,,,,,,,,,,,,0.000006,0.000124,0.000143,0.000234,0.000261,0.000295,0.000281,0.000295,0.000256,0.000247,0.000215,0.000208,0.000184,0.000164,0.000145,0.000157,0.000154,0.000142,0.000130,0.000147,0.000138,0.000136,0.000129,0.000111,0.000029,0.000026,0.000094,0.000081,0.000081,0.000065,0.000056,0.000042,0.000030,0.000002,0.000015,0.000064,0.000111
761,,,,,,,,,,,,,,0.000002,0.000046,0.000038,0.000051,0.000059,0.000068,0.000082,0.000081,0.000074,0.000069,0.000066,0.000058,0.000063,0.000062,0.000060,0.000062,0.000065,0.000066,0.000071,0.000084,0.000095,0.000131,0.000166,0.000196,0.000127,0.000108,0.000085,0.000075,0.000081,0.000063,0.000047,0.000034,0.000030,0.000010,0.000022,0.000045,0.000083
762,,,,,,,,,,,,,,0.000009,0.000118,0.000090,0.000068,0.000054,0.000051,0.000034,0.000031,0.000027,0.000027,0.000031,0.000031,0.000010,0.000022,0.000030,0.000034,0.000046,0.000045,0.000051,0.000064,0.000067,0.000081,0.000064,0.000074,0.000036,0.000039,0.000105,0.000095,0.000095,0.000070,0.000066,0.000050,0.000039,0.000008,0.000034,0.000158,0.000492
763,,,,,,,,,,,,,,0.000010,0.000226,0.000212,0.000227,0.000233,0.000277,0.000295,0.000332,0.000312,0.000299,0.000287,0.000257,0.000247,0.000234,0.000209,0.000207,0.000183,0.000167,0.000124,0.000143,0.000132,0.000119,0.000097,0.000074,0.000027,0.000024,0.000087,0.000090,0.000105,0.000087,0.000069,0.000038,0.000019,0.000004,0.000029,0.000076,0.000152
764,,,,,,,,,,,,,,0.000003,0.000055,0.000049,0.000046,0.000051,0.000064,0.000068,0.000061,0.000060,0.000067,0.000067,0.000063,0.000066,0.000065,0.000070,0.000094,0.000118,0.000160,0.000191,0.000277,0.000317,0.000312,0.000258,0.000193,0.000082,0.000160,0.000214,0.000184,0.000201,0.000238,0.000106,0.000065,0.000037,0.000006,0.000016,0.000027,0.000051
765,,,,,,,,,,,,,,0.000002,0.000080,0.000074,0.000078,0.000074,0.000077,0.000061,0.000059,0.000064,0.000060,0.000061,0.000060,0.000065,0.000070,0.000068,0.000087,0.000089,0.000125,0.000121,0.000161,0.000217,0.000285,0.000260,0.000211,0.000075,0.000065,0.000110,0.000114,0.000111,0.000088,0.000113,0.000131,0.000136,0.000019,0.000037,0.000059,0.000071
766,,,,,,,,,,,,,,0.000006,0.000130,0.000141,0.000154,0.000163,0.000180,0.000178,0.000163,0.000137,0.000124,0.000117,0.000110,0.000126,0.000141,0.000150,0.000213,0.000253,0.000243,0.000182,0.000187,0.000149,0.000124,0.000102,0.000097,0.000030,0.000034,0.000089,0.000118,0.000133,0.000098,0.000073,0.000039,0.000012,0.000010,0.000069,0.000219,0.000381
767,,,,,,,,,,,,,,0.000002,0.000056,0.000057,0.000078,0.000091,0.000112,0.000118,0.000132,0.000128,0.000129,0.000126,0.000112,0.000114,0.000106,0.000111,0.000109,0.000108,0.000105,0.000086,0.000096,0.000093,0.000085,0.000079,0.000063,0.000030,0.000035,0.000090,0.000090,0.000103,0.000082,0.000077,0.000055,0.000036,0.000005,0.000015,0.000030,0.000050
768,,,,,,,,,,,,,,0.000005,0.000077,0.000064,0.000058,0.000052,0.000055,0.000043,0.000050,0.000053,0.000043,0.000048,0.000041,0.000036,0.000054,0.000072,0.000071,0.000071,0.000075,0.000078,0.000073,0.000072,0.000073,0.000080,0.000101,0.000083,0.000182,0.000540,0.000531,0.000430,0.000255,0.000191,0.000141,0.000104,0.000026,0.000078,0.000188,0.000428
769,,,,,,,,,,,,,,0.000004,0.000095,0.000093,0.000106,0.000132,0.000166,0.000153,0.000160,0.000127,0.000142,0.000124,0.000108,0.000107,0.000095,0.000087,0.000086,0.000065,0.000061,0.000061,0.000059,0.000078,0.000091,0.000115,0.000190,0.000071,0.000091,0.000077,0.000183,0.000153,0.000063,0.000043,0.000022,0.000014,0.000004,0.000033,0.000039,0.000079
770,,,,,,,,,,,,,,0.000004,0.000092,0.000101,0.000121,0.000137,0.000159,0.000165,0.000182,0.000161,0.000171,0.000149,0.000132,0.000144,0.000148,0.000124,0.000130,0.000126,0.000118,0.000097,0.000117,0.000119,0.000116,0.000095,0.000084,0.000024,0.000025,0.000087,0.000092,0.000093,0.000075,0.000069,0.000053,0.000036,0.000003,0.000018,0.000057,0.000123
771,,,,,,,,,,,,,,0.000025,0.000405,0.000311,0.000207,0.000168,0.000106,0.000076,0.000069,0.000037,0.000055,0.000048,0.000048,0.000056,0.000055,0.000055,0.000052,0.000056,0.000065,0.000079,0.000090,0.000103,0.000111,0.000130,0.000157,0.000076,0.000112,0.000159,0.000145,0.000132,0.000130,0.000094,0.000068,0.000048,0.000007,0.000015,0.000042,0.000149
772,,,,,,,,,,,,,,0.000007,0.000117,0.000082,0.000056,0.000055,0.000064,0.000077,0.000102,0.000132,0.000187,0.000173,0.000158,0.000189,0.000213,0.000214,0.000247,0.000236,0.000216,0.000168,0.000164,0.000148,0.000134,0.000117,0.000099,0.000049,0.000050,0.000110,0.000106,0.000087,0.000054,0.000043,0.000043,0.000050,0.000012,0.000078,0.000311,0.000726
773,,,,,,,,,,,,,,0.000008,0.000205,0.000232,0.000294,0.000317,0.000351,0.000353,0.000389,0.000317,0.000305,0.000260,0.000216,0.000197,0.000198,0.000177,0.000185,0.000173,0.000144,0.000135,0.000134,0.000118,0.000104,0.000075,0.000068,0.000030,0.000028,0.000062,0.000060,0.000066,0.000057,0.000039,0.000018,0.000006,0.000008,0.000113,0.000249,0.000454
774,,,,,,,,,,,,,,0.000003,0.000059,0.000063,0.000072,0.000092,0.000136,0.000169,0.000206,0.000238,0.000326,0.000361,0.000377,0.000483,0.000526,0.000575,0.000635,0.000630,0.000599,0.000533,0.000551,0.000476,0.000403,0.000298,0.000258,0.000091,0.000105,0.000216,0.000190,0.000192,0.000138,0.000122,0.000085,0.000051,0.000013,0.000029,0.000041,0.000067
775,,,,,,,,,,,,,,0.000005,0.000098,0.000102,0.000114,0.000130,0.000134,0.000134,0.000163,0.000158,0.000174,0.000158,0.000136,0.000146,0.000140,0.000126,0.000136,0.000131,0.000131,0.000110,0.000119,0.000095,0.000089,0.000074,0.000086,0.000047,0.000045,0.000099,0.000116,0.000148,0.000136,0.000144,0.000131,0.000103,0.000034,0.000128,0.000149,0.000247
776,,,,,,,,,,,,,,0.000003,0.000089,0.000086,0.000085,0.000081,0.000086,0.000096,0.000103,0.000095,0.000092,0.000076,0.000072,0.000073,0.000084,0.000067,0.000070,0.000050,0.000047,0.000035,0.000061,0.000104,0.000160,0.000194,0.000251,0.000094,0.000125,0.000521,0.000519,0.000548,0.000332,0.000230,0.000111,0.000054,0.000006,0.000018,0.000041,0.000070
777,,,,,,,,,,,,,,0.000004,0.000121,0.000122,0.000145,0.000141,0.000135,0.000128,0.000123,0.000077,0.000074,0.000046,0.000051,0.000035,0.000042,0.000046,0.000060,0.000053,0.000042,0.000034,0.000035,0.000033,0.000027,0.000033,0.000057,0.000038,0.000079,0.000281,0.000383,0.000551,0.000551,0.000625,0.000503,0.000318,0.000022,0.000037,0.000052,0.000043
778,,,,,,,,,,,,,,0.000002,0.000043,0.000042,0.000050,0.000048,0.000045,0.000043,0.000056,0.000056,0.000055,0.000052,0.000046,0.000052,0.000054,0.000049,0.000062,0.000064,0.000063,0.000070,0.000076,0.000079,0.000075,0.000069,0.000055,0.000023,0.000027,0.000063,0.000060,0.000067,0.000059,0.000061,0.000044,0.000029,0.000004,0.000010,0.000020,0.000048
779,,,,,,,,,,,,,,0.000006,0.000172,0.000273,0.000488,0.000700,0.000904,0.000958,0.000949,0.000781,0.000661,0.000492,0.000372,0.000336,0.000306,0.000253,0.000230,0.000192,0.000156,0.000121,0.000126,0.000125,0.000122,0.000090,0.000096,0.000034,0.000036,0.000133,0.000174,0.000201,0.000164,0.000156,0.000119,0.000077,0.000005,0.000026,0.000087,0.000188
780,,,,,,,,,,,,,,0.000002,0.000074,0.000070,0.000077,0.000084,0.000095,0.000073,0.000077,0.000077,0.000083,0.000070,0.000069,0.000093,0.000120,0.000154,0.000222,0.000293,0.000344,0.000382,0.000436,0.000413,0.000357,0.000287,0.000233,0.000074,0.000114,0.000300,0.000260,0.000247,0.000184,0.000163,0.000115,0.000076,0.000008,0.000019,0.000039,0.000060
781,,,,,,,,,,,,,,0.000004,0.000106,0.000102,0.000118,0.000127,0.000147,0.000145,0.000166,0.000126,0.000127,0.000114,0.000094,0.000100,0.000100,0.000100,0.000102,0.000101,0.000101,0.000095,0.000098,0.000103,0.000103,0.000104,0.000126,0.000049,0.000086,0.000488,0.000560,0.000664,0.000463,0.000328,0.000164,0.000068,0.000003,0.000015,0.000038,0.000094
782,,,,,,,,,,,,,,0.000003,0.000056,0.000082,0.000186,0.000354,0.000551,0.000621,0.000705,0.000564,0.000490,0.000394,0.000301,0.000306,0.000243,0.000207,0.000192,0.000170,0.000170,0.000167,0.000214,0.000226,0.000192,0.000182,0.000153,0.000053,0.000050,0.000099,0.000094,0.000087,0.000069,0.000059,0.000044,0.000032,0.000006,0.000020,0.000044,0.000101
783,,,,,,,,,,,,,,0.000002,0.000037,0.000035,0.000055,0.000108,0.000220,0.000299,0.000441,0.000433,0.000451,0.000398,0.000308,0.000296,0.000239,0.000206,0.000203,0.000165,0.000146,0.000120,0.000142,0.000148,0.000153,0.000114,0.000083,0.000036,0.000088,0.000196,0.000164,0.000143,0.000098,0.000090,0.000068,0.000048,0.000011,0.000033,0.000052,0.000055
784,,,,,,,,,,,,,,0.000003,0.000046,0.000047,0.000045,0.000037,0.000037,0.000018,0.000016,0.000017,0.000027,0.000041,0.000061,0.000089,0.000120,0.000140,0.000177,0.000200,0.000192,0.000163,0.000151,0.000131,0.000100,0.000095,0.000077,0.000041,0.000071,0.000149,0.000214,0.000277,0.000181,0.000134,0.000070,0.000043,0.000009,0.000025,0.000041,0.000080
785,,,,,,,,,,,,,,0.000003,0.000062,0.000057,0.000061,0.000061,0.000076,0.000081,0.000097,0.000085,0.000084,0.000075,0.000064,0.000063,0.000068,0.000073,0.000076,0.000075,0.000074,0.000078,0.000087,0.000090,0.000088,0.000072,0.000057,0.000027,0.000027,0.000048,0.000038,0.000036,0.000028,0.000025,0.000019,0.000015,0.000005,0.000027,0.000065,0.000133
786,,,,,,,,,,,,,,0.000002,0.000051,0.000051,0.000062,0.000084,0.000123,0.000162,0.000232,0.000267,0.000356,0.000423,0.000439,0.000508,0.000497,0.000500,0.000461,0.000379,0.000321,0.000230,0.000232,0.000196,0.000172,0.000126,0.000109,0.000038,0.000043,0.000079,0.000075,0.000070,0.000060,0.000037,0.000026,0.000019,0.000004,0.000010,0.000019,0.000041
787,,,,,,,,,,,,,,0.000004,0.000088,0.000093,0.000105,0.000111,0.000130,0.000139,0.000158,0.000127,0.000137,0.000131,0.000115,0.000117,0.000117,0.000104,0.000106,0.000085,0.000076,0.000064,0.000067,0.000064,0.000058,0.000047,0.000030,0.000018,0.000024,0.000053,0.000095,0.000114,0.000079,0.000045,0.000028,0.000016,0.000003,0.000019,0.000057,0.000147
788,,,,,,,,,,,,,,0.000010,0.000201,0.000158,0.000153,0.000147,0.000153,0.000168,0.000174,0.000150,0.000171,0.000160,0.000145,0.000156,0.000174,0.000216,0.000248,0.000250,0.000256,0.000225,0.000161,0.000127,0.000109,0.000080,0.000080,0.000030,0.000030,0.000090,0.000084,0.000084,0.000071,0.000063,0.000043,0.000028,0.000002,0.000043,0.000149,0.000293
789,,,,,,,,,,,,,,0.000013,0.000228,0.000184,0.000153,0.000142,0.000186,0.000178,0.000179,0.000150,0.000136,0.000127,0.000117,0.000100,0.000105,0.000094,0.000094,0.000088,0.000092,0.000079,0.000083,0.000085,0.000077,0.000059,0.000050,0.000038,0.000041,0.000096,0.000105,0.000110,0.000078,0.000068,0.000036,0.000014,0.000005,0.000066,0.000331,0.000847
790,,,,,,,,,,,,,,0.000004,0.000086,0.000081,0.000101,0.000100,0.000112,0.000119,0.000138,0.000117,0.000138,0.000120,0.000111,0.000116,0.000216,0.000163,0.000177,0.000135,0.000122,0.000107,0.000136,0.000149,0.000177,0.000178,0.000210,0.000073,0.000089,0.000336,0.000327,0.000338,0.000231,0.000186,0.000102,0.000049,0.000004,0.000014,0.000026,0.000051
791,,,,,,,,,,,,,,0.000010,0.000198,0.000192,0.000233,0.000302,0.000409,0.000477,0.000579,0.000557,0.000584,0.000536,0.000447,0.000484,0.000457,0.000435,0.000461,0.000423,0.000417,0.000394,0.000406,0.000354,0.000292,0.000192,0.000147,0.000038,0.000036,0.000074,0.000062,0.000067,0.000056,0.000048,0.000029,0.000012,0.000002,0.000019,0.000051,0.000131
792,,,,,,,,,,,,,,0.000007,0.000176,0.000166,0.000169,0.000147,0.000150,0.000130,0.000108,0.000087,0.000084,0.000068,0.000064,0.000069,0.000064,0.000066,0.000070,0.000071,0.000067,0.000070,0.000076,0.000077,0.000086,0.000080,0.000088,0.000037,0.000044,0.000092,0.000097,0.000109,0.000095,0.000106,0.000089,0.000058,0.000006,0.000016,0.000046,0.000107
793,,,,,,,,,,,,,,0.000006,0.000093,0.000072,0.000069,0.000076,0.000074,0.000090,0.000087,0.000073,0.000081,0.000079,0.000074,0.000078,0.000074,0.000073,0.000082,0.000071,0.000075,0.000077,0.000087,0.000107,0.000110,0.000105,0.000102,0.000043,0.000044,0.000099,0.000079,0.000095,0.000078,0.000090,0.000079,0.000058,0.000013,0.000022,0.000032,0.000077
794,,,,,,,,,,,,,,0.000002,0.000041,0.000038,0.000052,0.000079,0.000115,0.000150,0.000156,0.000137,0.000124,0.000110,0.000092,0.000097,0.000094,0.000084,0.000093,0.000088,0.000096,0.000088,0.000117,0.000162,0.000258,0.000304,0.000345,0.000154,0.000166,0.000110,0.000064,0.000049,0.000034,0.000017,0.000018,0.000015,0.000005,0.000018,0.000036,0.000087
795,,,,,,,,,,,,,,0.000003,0.000065,0.000054,0.000061,0.000067,0.000077,0.000076,0.000089,0.000070,0.000069,0.000058,0.000049,0.000053,0.000056,0.000055,0.000061,0.000054,0.000046,0.000038,0.000040,0.000039,0.000031,0.000027,0.000025,0.000036,0.000056,0.000046,0.000048,0.000039,0.000034,0.000020,0.000012,0.000008,0.000003,0.000014,0.000026,0.000057
796,,,,,,,,,,,,,,0.000003,0.000058,0.000052,0.000058,0.000065,0.000079,0.000084,0.000082,0.000065,0.000066,0.000061,0.000057,0.000072,0.000074,0.000069,0.000075,0.000070,0.000066,0.000066,0.000059,0.000054,0.000047,0.000036,0.000028,0.000020,0.000032,0.000041,0.000038,0.000039,0.000027,0.000022,0.000017,0.000008,0.000004,0.000013,0.000024,0.000034
797,,,,,,,,,,,,,,0.000004,0.000107,0.000112,0.000114,0.000114,0.000143,0.000158,0.000183,0.000200,0.000231,0.000266,0.000286,0.000397,0.000478,0.000581,0.000713,0.000781,0.000788,0.000597,0.000526,0.000410,0.000291,0.000208,0.000144,0.000044,0.000058,0.000157,0.000149,0.000148,0.000104,0.000074,0.000041,0.000019,0.000003,0.000011,0.000028,0.000073
798,,,,,,,,,,,,,,0.000004,0.000099,0.000094,0.000090,0.000092,0.000106,0.000104,0.000115,0.000080,0.000098,0.000092,0.000088,0.000103,0.000118,0.000138,0.000179,0.000215,0.000241,0.000256,0.000306,0.000286,0.000234,0.000176,0.000137,0.000054,0.000058,0.000097,0.000077,0.000061,0.000045,0.000033,0.000017,0.000008,0.000003,0.000014,0.000032,0.000070
799,,,,,,,,,,,,,,0.000008,0.000176,0.000193,0.000306,0.000480,0.000748,0.000876,0.001039,0.000904,0.000894,0.000722,0.000522,0.000477,0.000384,0.000294,0.000255,0.000200,0.000150,0.000102,0.000095,0.000076,0.000069,0.000078,0.000068,0.000031,0.000030,0.000105,0.000110,0.000120,0.000088,0.000074,0.000052,0.000037,0.000003,0.000014,0.000019,0.000039
800,,,,,,,,,,,,,,0.000005,0.000084,0.000084,0.000101,0.000100,0.000122,0.000118,0.000121,0.000105,0.000119,0.000120,0.000120,0.000140,0.000140,0.000136,0.000145,0.000124,0.000115,0.000101,0.000092,0.000092,0.000087,0.000096,0.000177,0.000196,0.000304,0.000283,0.000216,0.000144,0.000151,0.000090,0.000068,0.000043,0.000006,0.000033,0.000061,0.000111
801,,,,,,,,,,,,,,0.000013,0.000371,0.000437,0.000580,0.000642,0.000739,0.000714,0.000622,0.000468,0.000423,0.000348,0.000272,0.000274,0.000262,0.000270,0.000332,0.000406,0.000457,0.000536,0.000677,0.000655,0.000561,0.000410,0.000314,0.000079,0.000075,0.000264,0.000275,0.000284,0.000248,0.000184,0.000100,0.000050,0.000004,0.000017,0.000045,0.000134
802,,,,,,,,,,,,,,0.000007,0.000164,0.000168,0.000206,0.000209,0.000243,0.000265,0.000281,0.000230,0.000226,0.000201,0.000173,0.000181,0.000171,0.000162,0.000163,0.000143,0.000123,0.000106,0.000088,0.000070,0.000066,0.000056,0.000049,0.000043,0.000032,0.000044,0.000047,0.000062,0.000096,0.000066,0.000044,0.000023,0.000006,0.000028,0.000071,0.000148
803,,,,,,,,,,,,,,0.000008,0.000154,0.000131,0.000122,0.000138,0.000144,0.000163,0.000172,0.000146,0.000147,0.000136,0.000127,0.000134,0.000138,0.000121,0.000138,0.000141,0.000170,0.000207,0.000235,0.000223,0.000205,0.000206,0.000225,0.000104,0.000113,0.000268,0.000207,0.000166,0.000090,0.000058,0.000025,0.000008,0.000006,0.000030,0.000066,0.000157
804,,,,,,,,,,,,,,0.000003,0.000070,0.000066,0.000073,0.000077,0.000074,0.000068,0.000062,0.000054,0.000053,0.000049,0.000057,0.000049,0.000042,0.000040,0.000048,0.000044,0.000043,0.000043,0.000043,0.000049,0.000054,0.000051,0.000041,0.000019,0.000029,0.000072,0.000108,0.000102,0.000061,0.000049,0.000030,0.000013,0.000002,0.000010,0.000024,0.000056
805,,,,,,,,,,,,,,0.000005,0.000096,0.000165,0.000180,0.000213,0.000221,0.000229,0.000226,0.000190,0.000179,0.000160,0.000125,0.000135,0.000120,0.000105,0.000107,0.000106,0.000101,0.000096,0.000090,0.000088,0.000078,0.000058,0.000039,0.000017,0.000027,0.000070,0.000070,0.000078,0.000073,0.000047,0.000026,0.000015,0.000003,0.000018,0.000039,0.000090
806,,,,,,,,,,,,,,0.000005,0.000082,0.000074,0.000081,0.000095,0.000103,0.000111,0.000125,0.000107,0.000126,0.000125,0.000118,0.000111,0.000101,0.000103,0.000120,0.000124,0.000144,0.000197,0.000251,0.000264,0.000225,0.000171,0.000127,0.000052,0.000063,0.000088,0.000081,0.000084,0.000061,0.000034,0.000015,0.000009,0.000005,0.000022,0.000068,0.000143
807,,,,,,,,,,,,,,0.000002,0.000044,0.000046,0.000057,0.000061,0.000076,0.000085,0.000094,0.000108,0.000108,0.000120,0.000106,0.000115,0.000113,0.000129,0.000135,0.000120,0.000112,0.000085,0.000089,0.000085,0.000080,0.000081,0.000073,0.000033,0.000046,0.000088,0.000073,0.000060,0.000049,0.000033,0.000036,0.000025,0.000011,0.000057,0.000071,0.000098
808,,,,,,,,,,,,,,0.000003,0.000051,0.000044,0.000045,0.000048,0.000058,0.000068,0.000084,0.000074,0.000079,0.000072,0.000068,0.000082,0.000077,0.000086,0.000099,0.000083,0.000076,0.000145,0.000096,0.000079,0.000066,0.000052,0.000047,0.000027,0.000031,0.000067,0.000079,0.000083,0.000061,0.000041,0.000030,0.000016,0.000005,0.000020,0.000038,0.000081
809,,,,,,,,,,,,,,0.000006,0.000138,0.000140,0.000151,0.000145,0.000167,0.000251,0.000288,0.000258,0.000289,0.000295,0.000359,0.000340,0.000303,0.000254,0.000228,0.000176,0.000147,0.000109,0.000119,0.000121,0.000111,0.000102,0.000081,0.000029,0.000029,0.000086,0.000104,0.000133,0.000082,0.000074,0.000051,0.000027,0.000003,0.000017,0.000046,0.000095
810,,,,,,,,,,,,,,0.000004,0.000102,0.000074,0.000076,0.000071,0.000074,0.000075,0.000079,0.000074,0.000084,0.000074,0.000066,0.000079,0.000080,0.000067,0.000067,0.000073,0.000074,0.000064,0.000076,0.000073,0.000070,0.000075,0.000066,0.000040,0.000049,0.000080,0.000078,0.000114,0.000079,0.000067,0.000040,0.000022,0.000005,0.000016,0.000031,0.000060
811,,,,,,,,,,,,,,0.000005,0.000076,0.000039,0.000030,0.000046,0.000067,0.000065,0.000064,0.000073,0.000050,0.000044,0.000036,0.000044,0.000056,0.000071,0.000073,0.000074,0.000089,0.000088,0.000101,0.000142,0.000202,0.000228,0.000244,0.000215,0.000328,0.000362,0.000263,0.000197,0.000167,0.000078,0.000051,0.000032,0.000008,0.000033,0.000106,0.000304
812,,,,,,,,,,,,,,0.000009,0.000161,0.000124,0.000121,0.000123,0.000129,0.000116,0.000118,0.000105,0.000099,0.000079,0.000072,0.000089,0.000086,0.000089,0.000105,0.000106,0.000118,0.000144,0.000178,0.000170,0.000149,0.000127,0.000116,0.000062,0.000067,0.000147,0.000132,0.000115,0.000095,0.000065,0.000044,0.000031,0.000004,0.000029,0.000085,0.000170
813,,,,,,,,,,,,,,0.000008,0.000122,0.000093,0.000087,0.000095,0.000129,0.000130,0.000165,0.000168,0.000183,0.000193,0.000175,0.000177,0.000168,0.000144,0.000132,0.000107,0.000100,0.000081,0.000081,0.000087,0.000086,0.000059,0.000043,0.000034,0.000048,0.000105,0.000106,0.000108,0.000079,0.000058,0.000038,0.000021,0.000005,0.000014,0.000050,0.000122
814,,,,,,,,,,,,,,0.000004,0.000119,0.000167,0.000247,0.000292,0.000352,0.000328,0.000360,0.000270,0.000241,0.000202,0.000165,0.000164,0.000159,0.000154,0.000148,0.000112,0.000082,0.000077,0.000096,0.000101,0.000100,0.000078,0.000041,0.000044,0.000077,0.000098,0.000073,0.000067,0.000080,0.000069,0.000064,0.000067,0.000018,0.000059,0.000080,0.000156
815,,,,,,,,,,,,,,0.000006,0.000184,0.000199,0.000216,0.000222,0.000249,0.000277,0.000321,0.000316,0.000393,0.000426,0.000435,0.000537,0.000536,0.000488,0.000564,0.000512,0.000475,0.000386,0.000466,0.000448,0.000445,0.000338,0.000305,0.000101,0.000091,0.000166,0.000156,0.000161,0.000132,0.000118,0.000090,0.000062,0.000009,0.000029,0.000050,0.000089
816,,,,,,,,,,,,,,0.000004,0.000103,0.000071,0.000075,0.000080,0.000093,0.000092,0.000101,0.000069,0.000070,0.000061,0.000062,0.000060,0.000067,0.000057,0.000080,0.000103,0.000096,0.000106,0.000163,0.000200,0.000215,0.000184,0.000173,0.000060,0.000052,0.000128,0.000118,0.000109,0.000076,0.000065,0.000044,0.000027,0.000006,0.000020,0.000037,0.000069
817,,,,,,,,,,,,,,0.000004,0.000067,0.000078,0.000090,0.000098,0.000111,0.000124,0.000160,0.000154,0.000152,0.000136,0.000114,0.000128,0.000125,0.000119,0.000126,0.000134,0.000139,0.000120,0.000145,0.000151,0.000157,0.000149,0.000138,0.000043,0.000062,0.000244,0.000292,0.000357,0.000313,0.000310,0.000215,0.000113,0.000005,0.000012,0.000031,0.000077
818,,,,,,,,,,,,,,0.000002,0.000048,0.000051,0.000055,0.000056,0.000066,0.000060,0.000071,0.000059,0.000057,0.000050,0.000035,0.000045,0.000046,0.000044,0.000065,0.000093,0.000150,0.000262,0.000292,0.000290,0.000236,0.000164,0.000134,0.000044,0.000060,0.000117,0.000101,0.000113,0.000079,0.000077,0.000062,0.000050,0.000011,0.000025,0.000034,0.000062
819,,,,,,,,,,,,,,0.000007,0.000151,0.000166,0.000297,0.000436,0.000632,0.000684,0.000723,0.000606,0.000572,0.000418,0.000307,0.000263,0.000220,0.000193,0.000174,0.000147,0.000123,0.000102,0.000118,0.000110,0.000096,0.000069,0.000056,0.000023,0.000018,0.000045,0.000048,0.000049,0.000039,0.000038,0.000030,0.000025,0.000004,0.000022,0.000077,0.000145
820,,,,,,,,,,,,,,0.000010,0.000384,0.000481,0.000617,0.000579,0.000514,0.000418,0.000394,0.000311,0.000286,0.000246,0.000199,0.000205,0.000187,0.000162,0.000157,0.000127,0.000112,0.000092,0.000090,0.000093,0.000086,0.000077,0.000073,0.000047,0.000050,0.000117,0.000121,0.000112,0.000091,0.000068,0.000044,0.000033,0.000004,0.000013,0.000020,0.000049
821,,,,,,,,,,,,,,0.000003,0.000063,0.000063,0.000091,0.000102,0.000109,0.000098,0.000090,0.000076,0.000069,0.000065,0.000062,0.000059,0.000059,0.000047,0.000058,0.000071,0.000060,0.000050,0.000052,0.000053,0.000063,0.000078,0.000085,0.000029,0.000032,0.000096,0.000083,0.000077,0.000063,0.000046,0.000037,0.000032,0.000007,0.000033,0.000100,0.000076
822,,,,,,,,,,,,,,0.000011,0.000276,0.000236,0.000209,0.000187,0.000196,0.000178,0.000208,0.000176,0.000170,0.000152,0.000124,0.000132,0.000125,0.000107,0.000115,0.000100,0.000095,0.000078,0.000086,0.000084,0.000092,0.000087,0.000084,0.000027,0.000032,0.000093,0.000088,0.000093,0.000069,0.000063,0.000045,0.000026,0.000002,0.000007,0.000017,0.000061
823,,,,,,,,,,,,,,0.000008,0.000182,0.000162,0.000173,0.000192,0.000218,0.000226,0.000248,0.000202,0.000195,0.000174,0.000155,0.000152,0.000156,0.000158,0.000189,0.000189,0.000191,0.000173,0.000199,0.000191,0.000168,0.000127,0.000091,0.000081,0.000045,0.000087,0.000068,0.000078,0.000056,0.000039,0.000024,0.000011,0.000003,0.000029,0.000087,0.000158
824,,,,,,,,,,,,,,0.000004,0.000060,0.000040,0.000032,0.000026,0.000021,0.000024,0.000031,0.000041,0.000055,0.000050,0.000065,0.000060,0.000061,0.000074,0.000068,0.000070,0.000074,0.000073,0.000092,0.000101,0.000103,0.000091,0.000097,0.000072,0.000164,0.000520,0.000454,0.000349,0.000225,0.000217,0.000204,0.000175,0.000021,0.000045,0.000102,0.000195
825,,,,,,,,,,,,,,0.000003,0.000050,0.000032,0.000031,0.000035,0.000045,0.000047,0.000062,0.000083,0.000100,0.000105,0.000109,0.000101,0.000103,0.000097,0.000093,0.000087,0.000092,0.000076,0.000097,0.000134,0.000177,0.000197,0.000234,0.000077,0.000107,0.000360,0.000343,0.000342,0.000222,0.000190,0.000130,0.000084,0.000010,0.000060,0.000135,0.000228
826,,,,,,,,,,,,,,0.000002,0.000042,0.000042,0.000050,0.000056,0.000068,0.000080,0.000111,0.000121,0.000135,0.000164,0.000165,0.000195,0.000236,0.000259,0.000313,0.000328,0.000303,0.000256,0.000261,0.000215,0.000180,0.000141,0.000109,0.000035,0.000035,0.000119,0.000114,0.000118,0.000083,0.000062,0.000047,0.000033,0.000004,0.000010,0.000028,0.000039
827,,,,,,,,,,,,,,0.000004,0.000062,0.000055,0.000082,0.000091,0.000100,0.000100,0.000107,0.000110,0.000091,0.000098,0.000089,0.000094,0.000087,0.000100,0.000098,0.000092,0.000088,0.000083,0.000090,0.000090,0.000084,0.000066,0.000056,0.000043,0.000057,0.000089,0.000072,0.000066,0.000040,0.000031,0.000012,0.000005,0.000006,0.000022,0.000042,0.000092
828,,,,,,,,,,,,,,0.000008,0.000200,0.000164,0.000158,0.000150,0.000167,0.000153,0.000145,0.000118,0.000113,0.000082,0.000061,0.000056,0.000051,0.000061,0.000065,0.000061,0.000066,0.000054,0.000065,0.000068,0.000073,0.000078,0.000081,0.000047,0.000045,0.000089,0.000086,0.000098,0.000083,0.000082,0.000057,0.000042,0.000006,0.000020,0.000050,0.000093
829,,,,,,,,,,,,,,0.000006,0.000123,0.000107,0.000123,0.000131,0.000167,0.000163,0.000176,0.000159,0.000148,0.000128,0.000106,0.000144,0.000143,0.000134,0.000145,0.000142,0.000127,0.000110,0.000124,0.000120,0.000111,0.000089,0.000089,0.000061,0.000052,0.000055,0.000056,0.000072,0.000122,0.000081,0.000064,0.000053,0.000008,0.000036,0.000098,0.000219
830,,,,,,,,,,,,,,0.000004,0.000086,0.000068,0.000075,0.000081,0.000092,0.000097,0.000119,0.000103,0.000095,0.000085,0.000097,0.000115,0.000168,0.000226,0.000336,0.000419,0.000484,0.000576,0.000707,0.000651,0.000518,0.000394,0.000295,0.000085,0.000072,0.000162,0.000206,0.000195,0.000126,0.000109,0.000077,0.000045,0.000004,0.000030,0.000109,0.000225
831,,,,,,,,,,,,,,0.000004,0.000085,0.000071,0.000101,0.000128,0.000166,0.000212,0.000192,0.000176,0.000165,0.000133,0.000103,0.000119,0.000101,0.000072,0.000067,0.000076,0.000068,0.000087,0.000071,0.000080,0.000097,0.000125,0.000168,0.000116,0.000139,0.000439,0.000424,0.000406,0.000265,0.000181,0.000107,0.000065,0.000012,0.000033,0.000051,0.000104
832,,,,,,,,,,,,,,0.000004,0.000112,0.000093,0.000098,0.000098,0.000096,0.000083,0.000088,0.000074,0.000066,0.000076,0.000066,0.000080,0.000082,0.000075,0.000085,0.000081,0.000072,0.000075,0.000077,0.000073,0.000065,0.000056,0.000061,0.000032,0.000036,0.000076,0.000065,0.000062,0.000046,0.000037,0.000033,0.000022,0.000007,0.000031,0.000046,0.000080
833,,,,,,,,,,,,,,0.000003,0.000052,0.000044,0.000036,0.000032,0.000031,0.000037,0.000039,0.000046,0.000041,0.000053,0.000050,0.000058,0.000060,0.000053,0.000052,0.000056,0.000052,0.000054,0.000055,0.000063,0.000076,0.000072,0.000077,0.000041,0.000049,0.000109,0.000113,0.000129,0.000118,0.000129,0.000119,0.000101,0.000011,0.000047,0.000194,0.000243
834,,,,,,,,,,,,,,0.000005,0.000154,0.000146,0.000180,0.000190,0.000228,0.000238,0.000280,0.000287,0.000276,0.000262,0.000250,0.000254,0.000245,0.000222,0.000230,0.000193,0.000176,0.000132,0.000133,0.000117,0.000105,0.000089,0.000082,0.000030,0.000028,0.000093,0.000101,0.000103,0.000081,0.000065,0.000045,0.000025,0.000003,0.000008,0.000020,0.000048
835,,,,,,,,,,,,,,0.000003,0.000058,0.000057,0.000066,0.000073,0.000090,0.000078,0.000073,0.000079,0.000082,0.000083,0.000078,0.000072,0.000065,0.000067,0.000086,0.000077,0.000081,0.000067,0.000075,0.000066,0.000059,0.000057,0.000056,0.000040,0.000040,0.000068,0.000055,0.000041,0.000028,0.000024,0.000020,0.000016,0.000005,0.000016,0.000030,0.000067
836,,,,,,,,,,,,,,0.000016,0.000388,0.000351,0.000361,0.000352,0.000347,0.000290,0.000315,0.000271,0.000251,0.000222,0.000178,0.000172,0.000170,0.000168,0.000190,0.000183,0.000186,0.000152,0.000156,0.000146,0.000143,0.000138,0.000136,0.000047,0.000035,0.000126,0.000107,0.000113,0.000085,0.000072,0.000046,0.000029,0.000004,0.000014,0.000043,0.000098
837,,,,,,,,,,,,,,0.000006,0.000139,0.000119,0.000116,0.000123,0.000140,0.000125,0.000150,0.000129,0.000132,0.000123,0.000108,0.000105,0.000115,0.000099,0.000121,0.000099,0.000087,0.000085,0.000086,0.000098,0.000119,0.000116,0.000123,0.000068,0.000084,0.000087,0.000077,0.000059,0.000093,0.000034,0.000018,0.000012,0.000005,0.000022,0.000057,0.000096
838,,,,,,,,,,,,,,0.000002,0.000033,0.000025,0.000011,0.000029,0.000067,0.000080,0.000116,0.000124,0.000129,0.000130,0.000145,0.000183,0.000240,0.000316,0.000443,0.000543,0.000642,0.000609,0.000617,0.000534,0.000410,0.000285,0.000258,0.000085,0.000114,0.000391,0.000424,0.000490,0.000365,0.000332,0.000189,0.000117,0.000014,0.000038,0.000071,0.000088
839,,,,,,,,,,,,,,0.000007,0.000176,0.000158,0.000179,0.000179,0.000181,0.000177,0.000183,0.000162,0.000164,0.000141,0.000106,0.000111,0.000112,0.000105,0.000125,0.000123,0.000110,0.000098,0.000124,0.000111,0.000112,0.000120,0.000133,0.000051,0.000042,0.000128,0.000141,0.000148,0.000115,0.000117,0.000090,0.000061,0.000007,0.000022,0.000050,0.000124
840,,,,,,,,,,,,,,0.000003,0.000046,0.000036,0.000070,0.000087,0.000108,0.000131,0.000146,0.000150,0.000134,0.000134,0.000113,0.000124,0.000121,0.000116,0.000125,0.000122,0.000118,0.000115,0.000110,0.000101,0.000086,0.000073,0.000074,0.000042,0.000047,0.000072,0.000068,0.000086,0.000069,0.000054,0.000026,0.000024,0.000007,0.000021,0.000051,0.000123
841,,,,,,,,,,,,,,0.000006,0.000074,0.000050,0.000038,0.000041,0.000046,0.000042,0.000031,0.000037,0.000045,0.000061,0.000065,0.000071,0.000079,0.000078,0.000078,0.000090,0.000084,0.000100,0.000099,0.000103,0.000119,0.000117,0.000131,0.000090,0.000072,0.000143,0.000162,0.000152,0.000135,0.000107,0.000086,0.000066,0.000010,0.000049,0.000154,0.000332
842,,,,,,,,,,,,,,0.000001,0.000028,0.000042,0.000072,0.000133,0.000207,0.000270,0.000378,0.000356,0.000399,0.000396,0.000355,0.000425,0.000414,0.000417,0.000459,0.000443,0.000438,0.000358,0.000371,0.000309,0.000248,0.000210,0.000213,0.000088,0.000107,0.000390,0.000447,0.000528,0.000431,0.000379,0.000247,0.000134,0.000012,0.000028,0.000015,0.000010
843,,,,,,,,,,,,,,0.000003,0.000082,0.000068,0.000067,0.000064,0.000069,0.000079,0.000083,0.000085,0.000082,0.000084,0.000067,0.000077,0.000075,0.000077,0.000085,0.000091,0.000085,0.000073,0.000077,0.000079,0.000073,0.000055,0.000041,0.000022,0.000028,0.000077,0.000103,0.000114,0.000097,0.000097,0.000062,0.000038,0.000004,0.000017,0.000043,0.000091
844,,,,,,,,,,,,,,0.000002,0.000064,0.000046,0.000037,0.000060,0.000092,0.000153,0.000212,0.000293,0.000263,0.000233,0.000197,0.000230,0.000205,0.000194,0.000178,0.000167,0.000176,0.000200,0.000224,0.000224,0.000223,0.000252,0.000357,0.000237,0.000204,0.000323,0.000393,0.000313,0.000240,0.000169,0.000122,0.000092,0.000011,0.000024,0.000053,0.000078
845,,,,,,,,,,,,,,0.000004,0.000083,0.000073,0.000078,0.000082,0.000114,0.000107,0.000112,0.000095,0.000103,0.000099,0.000088,0.000111,0.000130,0.000110,0.000111,0.000103,0.000122,0.000102,0.000095,0.000095,0.000090,0.000112,0.000115,0.000045,0.000051,0.000090,0.000099,0.000097,0.000076,0.000068,0.000059,0.000065,0.000009,0.000020,0.000042,0.000071
846,,,,,,,,,,,,,,0.000003,0.000065,0.000062,0.000058,0.000060,0.000069,0.000058,0.000059,0.000046,0.000060,0.000065,0.000071,0.000109,0.000142,0.000168,0.000239,0.000260,0.000278,0.000250,0.000324,0.000284,0.000250,0.000184,0.000136,0.000038,0.000083,0.000132,0.000146,0.000153,0.000098,0.000084,0.000054,0.000036,0.000005,0.000014,0.000037,0.000061
847,,,,,,,,,,,,,,0.000006,0.000132,0.000131,0.000154,0.000165,0.000184,0.000206,0.000224,0.000197,0.000240,0.000216,0.000194,0.000237,0.000283,0.000351,0.000387,0.000400,0.000480,0.000374,0.000323,0.000266,0.000227,0.000196,0.000178,0.000051,0.000057,0.000203,0.000196,0.000192,0.000126,0.000104,0.000061,0.000029,0.000002,0.000012,0.000034,0.000072
848,,,,,,,,,,,,,,0.000007,0.000187,0.000142,0.000133,0.000140,0.000162,0.000181,0.000227,0.000208,0.000206,0.000183,0.000165,0.000184,0.000180,0.000189,0.000162,0.000135,0.000122,0.000093,0.000107,0.000122,0.000129,0.000112,0.000118,0.000035,0.000038,0.000127,0.000150,0.000142,0.000104,0.000101,0.000078,0.000054,0.000005,0.000014,0.000038,0.000073
849,,,,,,,,,,,,,,0.000007,0.000159,0.000127,0.000126,0.000110,0.000102,0.000099,0.000113,0.000082,0.000092,0.000100,0.000097,0.000109,0.000111,0.000101,0.000108,0.000112,0.000098,0.000087,0.000096,0.000071,0.000057,0.000054,0.000053,0.000036,0.000046,0.000049,0.000059,0.000064,0.000064,0.000072,0.000053,0.000036,0.000007,0.000026,0.000083,0.000202
850,,,,,,,,,,,,,,0.000013,0.000204,0.000157,0.000143,0.000137,0.000136,0.000118,0.000120,0.000104,0.000103,0.000095,0.000087,0.000107,0.000089,0.000081,0.000085,0.000082,0.000083,0.000078,0.000072,0.000065,0.000063,0.000057,0.000049,0.000024,0.000020,0.000054,0.000073,0.000068,0.000053,0.000049,0.000036,0.000018,0.000003,0.000021,0.000081,0.000194
851,,,,,,,,,,,,,,0.000005,0.000110,0.000121,0.000189,0.000182,0.000185,0.000157,0.000174,0.000160,0.000155,0.000139,0.000121,0.000122,0.000121,0.000117,0.000112,0.000106,0.000100,0.000097,0.000145,0.000171,0.000194,0.000220,0.000171,0.000043,0.000046,0.000137,0.000125,0.000128,0.000094,0.000086,0.000056,0.000026,0.000002,0.000014,0.000041,0.000098
852,,,,,,,,,,,,,,0.000005,0.000113,0.000089,0.000086,0.000090,0.000096,0.000115,0.000120,0.000106,0.000107,0.000082,0.000078,0.000099,0.000106,0.000103,0.000098,0.000083,0.000065,0.000066,0.000050,0.000040,0.000048,0.000043,0.000030,0.000015,0.000015,0.000055,0.000083,0.000108,0.000078,0.000079,0.000057,0.000036,0.000011,0.000057,0.000135,0.000366
853,,,,,,,,,,,,,,0.000007,0.000241,0.000316,0.000388,0.000389,0.000434,0.000405,0.000400,0.000341,0.000304,0.000248,0.000206,0.000198,0.000183,0.000149,0.000148,0.000140,0.000117,0.000107,0.000109,0.000102,0.000090,0.000065,0.000045,0.000029,0.000039,0.000063,0.000057,0.000062,0.000057,0.000061,0.000028,0.000013,0.000005,0.000034,0.000092,0.000193
854,,,,,,,,,,,,,,0.000009,0.000216,0.000219,0.000227,0.000199,0.000197,0.000169,0.000151,0.000125,0.000107,0.000092,0.000082,0.000082,0.000092,0.000086,0.000092,0.000099,0.000100,0.000071,0.000063,0.000045,0.000030,0.000023,0.000029,0.000029,0.000051,0.000121,0.000148,0.000148,0.000102,0.000079,0.000054,0.000035,0.000006,0.000026,0.000089,0.000172
855,,,,,,,,,,,,,,0.000003,0.000058,0.000059,0.000054,0.000057,0.000068,0.000077,0.000081,0.000064,0.000062,0.000060,0.000061,0.000074,0.000073,0.000068,0.000076,0.000078,0.000095,0.000101,0.000145,0.000154,0.000161,0.000245,0.000204,0.000082,0.000077,0.000195,0.000141,0.000114,0.000078,0.000055,0.000039,0.000025,0.000007,0.000026,0.000062,0.000127
856,,,,,,,,,,,,,,0.000016,0.000294,0.000220,0.000184,0.000175,0.000209,0.000228,0.000274,0.000254,0.000238,0.000229,0.000201,0.000210,0.000202,0.000192,0.000193,0.000171,0.000151,0.000126,0.000140,0.000111,0.000098,0.000069,0.000050,0.000064,0.000077,0.000093,0.000077,0.000069,0.000062,0.000047,0.000035,0.000016,0.000004,0.000040,0.000127,0.000274
857,,,,,,,,,,,,,,0.000004,0.000082,0.000095,0.000129,0.000140,0.000166,0.000183,0.000211,0.000189,0.000197,0.000178,0.000147,0.000148,0.000144,0.000148,0.000152,0.000140,0.000136,0.000126,0.000143,0.000139,0.000128,0.000091,0.000071,0.000030,0.000025,0.000078,0.000092,0.000123,0.000110,0.000130,0.000119,0.000079,0.000007,0.000031,0.000062,0.000105
858,,,,,,,,,,,,,,0.000019,0.000564,0.000710,0.000884,0.000890,0.000941,0.000926,0.000973,0.000813,0.000802,0.000692,0.000571,0.000594,0.000577,0.000529,0.000553,0.000506,0.000473,0.000451,0.000507,0.000475,0.000404,0.000295,0.000233,0.000061,0.000054,0.000212,0.000231,0.000229,0.000148,0.000113,0.000060,0.000025,0.000003,0.000045,0.000141,0.000295
859,,,,,,,,,,,,,,0.000003,0.000061,0.000062,0.000062,0.000062,0.000061,0.000073,0.000088,0.000088,0.000098,0.000097,0.000096,0.000098,0.000089,0.000099,0.000113,0.000111,0.000106,0.000099,0.000112,0.000130,0.000160,0.000185,0.000212,0.000080,0.000104,0.000396,0.000421,0.000449,0.000338,0.000252,0.000146,0.000067,0.000009,0.000046,0.000098,0.000183
860,,,,,,,,,,,,,,0.000004,0.000079,0.000091,0.000128,0.000153,0.000166,0.000177,0.000180,0.000159,0.000159,0.000154,0.000131,0.000131,0.000126,0.000110,0.000117,0.000127,0.000145,0.000158,0.000244,0.000300,0.000323,0.000321,0.000263,0.000075,0.000078,0.000216,0.000184,0.000173,0.000115,0.000098,0.000056,0.000027,0.000004,0.000018,0.000040,0.000084
861,,,,,,,,,,,,,,0.000002,0.000043,0.000038,0.000050,0.000054,0.000062,0.000078,0.000087,0.000068,0.000073,0.000067,0.000043,0.000044,0.000043,0.000035,0.000038,0.000034,0.000038,0.000033,0.000038,0.000036,0.000036,0.000030,0.000045,0.000038,0.000020,0.000061,0.000051,0.000109,0.000063,0.000068,0.000058,0.000059,0.000011,0.000042,0.000073,0.000121
862,,,,,,,,,,,,,,0.000006,0.000143,0.000138,0.000155,0.000166,0.000199,0.000288,0.000265,0.000230,0.000219,0.000186,0.000168,0.000178,0.000168,0.000154,0.000156,0.000154,0.000142,0.000116,0.000125,0.000114,0.000107,0.000087,0.000061,0.000030,0.000045,0.000098,0.000089,0.000082,0.000058,0.000038,0.000024,0.000015,0.000004,0.000023,0.000048,0.000094
863,,,,,,,,,,,,,,0.000005,0.000125,0.000102,0.000094,0.000084,0.000097,0.000137,0.000127,0.000102,0.000083,0.000080,0.000086,0.000070,0.000065,0.000050,0.000057,0.000055,0.000059,0.000054,0.000065,0.000075,0.000077,0.000075,0.000077,0.000035,0.000041,0.000143,0.000193,0.000235,0.000210,0.000196,0.000140,0.000081,0.000006,0.000022,0.000050,0.000089
864,,,,,,,,,,,,,,0.000002,0.000050,0.000053,0.000048,0.000045,0.000047,0.000047,0.000048,0.000042,0.000055,0.000055,0.000058,0.000070,0.000075,0.000062,0.000075,0.000066,0.000068,0.000064,0.000080,0.000078,0.000068,0.000060,0.000063,0.000044,0.000061,0.000155,0.000235,0.000263,0.000217,0.000133,0.000084,0.000054,0.000010,0.000026,0.000050,0.000095
865,,,,,,,,,,,,,,0.000002,0.000040,0.000032,0.000031,0.000029,0.000031,0.000059,0.000100,0.000158,0.000203,0.000238,0.000284,0.000423,0.000468,0.000524,0.000554,0.000520,0.000490,0.000344,0.000291,0.000229,0.000175,0.000142,0.000122,0.000041,0.000045,0.000098,0.000103,0.000111,0.000086,0.000066,0.000044,0.000023,0.000005,0.000030,0.000062,0.000122
866,,,,,,,,,,,,,,0.000003,0.000062,0.000041,0.000036,0.000045,0.000043,0.000045,0.000042,0.000050,0.000049,0.000062,0.000061,0.000070,0.000065,0.000067,0.000066,0.000078,0.000085,0.000097,0.000111,0.000131,0.000194,0.000268,0.000382,0.000205,0.000167,0.000125,0.000104,0.000106,0.000090,0.000069,0.000043,0.000029,0.000011,0.000027,0.000055,0.000107
867,,,,,,,,,,,,,,0.000004,0.000123,0.000145,0.000188,0.000212,0.000236,0.000212,0.000208,0.000162,0.000128,0.000099,0.000068,0.000064,0.000050,0.000040,0.000042,0.000038,0.000032,0.000034,0.000034,0.000034,0.000035,0.000037,0.000042,0.000044,0.000053,0.000124,0.000108,0.000084,0.000055,0.000043,0.000030,0.000022,0.000007,0.000026,0.000033,0.000039
868,,,,,,,,,,,,,,0.000006,0.000174,0.000162,0.000187,0.000184,0.000192,0.000174,0.000191,0.000165,0.000155,0.000145,0.000135,0.000145,0.000149,0.000160,0.000177,0.000136,0.000116,0.000101,0.000103,0.000100,0.000094,0.000078,0.000082,0.000037,0.000036,0.000103,0.000121,0.000115,0.000090,0.000075,0.000050,0.000028,0.000004,0.000025,0.000089,0.000209
869,,,,,,,,,,,,,,0.000003,0.000072,0.000064,0.000062,0.000056,0.000060,0.000055,0.000066,0.000081,0.000085,0.000097,0.000141,0.000151,0.000120,0.000101,0.000083,0.000089,0.000110,0.000188,0.000263,0.000369,0.000461,0.000510,0.000451,0.000118,0.000105,0.000344,0.000319,0.000322,0.000228,0.000180,0.000120,0.000075,0.000006,0.000021,0.000048,0.000096
870,,,,,,,,,,,,,,0.000013,0.000167,0.000127,0.000116,0.000118,0.000133,0.000142,0.000145,0.000128,0.000147,0.000124,0.000126,0.000119,0.000135,0.000114,0.000100,0.000087,0.000079,0.000064,0.000054,0.000051,0.000047,0.000051,0.000068,0.000043,0.000045,0.000055,0.000061,0.000070,0.000056,0.000031,0.000028,0.000022,0.000006,0.000022,0.000068,0.000213
871,,,,,,,,,,,,,,0.000004,0.000082,0.000057,0.000048,0.000039,0.000042,0.000033,0.000048,0.000041,0.000038,0.000033,0.000030,0.000035,0.000046,0.000058,0.000086,0.000114,0.000163,0.000232,0.000223,0.000193,0.000139,0.000125,0.000079,0.000031,0.000037,0.000099,0.000112,0.000090,0.000066,0.000042,0.000024,0.000017,0.000003,0.000011,0.000021,0.000042
872,,,,,,,,,,,,,,0.000004,0.000092,0.000097,0.000117,0.000129,0.000154,0.000154,0.000165,0.000141,0.000146,0.000118,0.000098,0.000095,0.000085,0.000080,0.000090,0.000077,0.000073,0.000063,0.000062,0.000055,0.000047,0.000030,0.000013,0.000007,0.000014,0.000021,0.000026,0.000021,0.000036,0.000055,0.000072,0.000070,0.000011,0.000036,0.000060,0.000111
873,,,,,,,,,,,,,,0.000004,0.000068,0.000078,0.000080,0.000086,0.000094,0.000113,0.000126,0.000133,0.000122,0.000112,0.000099,0.000112,0.000107,0.000094,0.000091,0.000083,0.000070,0.000056,0.000065,0.000070,0.000070,0.000077,0.000090,0.000169,0.000224,0.000115,0.000094,0.000076,0.000073,0.000054,0.000033,0.000023,0.000011,0.000036,0.000082,0.000134
874,,,,,,,,,,,,,,0.000008,0.000162,0.000175,0.000198,0.000220,0.000248,0.000262,0.000303,0.000245,0.000265,0.000228,0.000211,0.000220,0.000211,0.000187,0.000184,0.000174,0.000157,0.000135,0.000137,0.000132,0.000115,0.000085,0.000068,0.000029,0.000045,0.000118,0.000123,0.000162,0.000127,0.000120,0.000072,0.000027,0.000004,0.000039,0.000088,0.000182
875,,,,,,,,,,,,,,0.000003,0.000061,0.000055,0.000061,0.000076,0.000110,0.000142,0.000177,0.000239,0.000362,0.000531,0.000633,0.000899,0.001087,0.001136,0.001260,0.001108,0.000902,0.000639,0.000611,0.000486,0.000392,0.000274,0.000220,0.000054,0.000061,0.000191,0.000216,0.000194,0.000132,0.000109,0.000072,0.000042,0.000004,0.000020,0.000043,0.000073
876,,,,,,,,,,,,,,0.000005,0.000085,0.000074,0.000077,0.000090,0.000108,0.000106,0.000120,0.000092,0.000111,0.000091,0.000071,0.000078,0.000091,0.000118,0.000138,0.000132,0.000144,0.000137,0.000138,0.000125,0.000129,0.000159,0.000151,0.000074,0.000064,0.000193,0.000148,0.000170,0.000122,0.000101,0.000057,0.000032,0.000008,0.000048,0.000107,0.000151
877,,,,,,,,,,,,,,0.000004,0.000085,0.000085,0.000108,0.000117,0.000127,0.000131,0.000132,0.000116,0.000117,0.000100,0.000080,0.000101,0.000102,0.000082,0.000088,0.000084,0.000069,0.000055,0.000055,0.000056,0.000063,0.000063,0.000062,0.000025,0.000031,0.000094,0.000084,0.000084,0.000063,0.000060,0.000047,0.000025,0.000002,0.000013,0.000031,0.000062
878,,,,,,,,,,,,,,0.000003,0.000062,0.000056,0.000069,0.000098,0.000152,0.000205,0.000284,0.000296,0.000341,0.000366,0.000356,0.000372,0.000351,0.000335,0.000295,0.000253,0.000216,0.000170,0.000176,0.000162,0.000146,0.000109,0.000096,0.000038,0.000052,0.000087,0.000074,0.000063,0.000038,0.000032,0.000021,0.000011,0.000004,0.000014,0.000029,0.000059
879,,,,,,,,,,,,,,0.000013,0.000234,0.000183,0.000179,0.000168,0.000181,0.000217,0.000251,0.000241,0.000215,0.000176,0.000142,0.000147,0.000192,0.000118,0.000130,0.000119,0.000127,0.000121,0.000187,0.000216,0.000247,0.000218,0.000230,0.000062,0.000060,0.000317,0.000443,0.000632,0.000598,0.000668,0.000483,0.000247,0.000010,0.000014,0.000036,0.000092
880,,,,,,,,,,,,,,0.000004,0.000100,0.000086,0.000091,0.000125,0.000191,0.000249,0.000301,0.000295,0.000267,0.000235,0.000213,0.000224,0.000215,0.000206,0.000247,0.000287,0.000341,0.000346,0.000351,0.000367,0.000360,0.000317,0.000271,0.000104,0.000102,0.000185,0.000160,0.000135,0.000113,0.000066,0.000043,0.000027,0.000008,0.000042,0.000064,0.000106
881,,,,,,,,,,,,,,0.000003,0.000056,0.000049,0.000041,0.000036,0.000035,0.000035,0.000033,0.000046,0.000051,0.000058,0.000062,0.000077,0.000090,0.000086,0.000096,0.000102,0.000097,0.000092,0.000091,0.000104,0.000141,0.000201,0.000179,0.000073,0.000069,0.000117,0.000099,0.000097,0.000075,0.000074,0.000053,0.000041,0.000010,0.000033,0.000065,0.000107
882,,,,,,,,,,,,,,0.000003,0.000064,0.000071,0.000123,0.000145,0.000144,0.000121,0.000126,0.000109,0.000101,0.000099,0.000093,0.000095,0.000085,0.000093,0.000092,0.000088,0.000084,0.000090,0.000106,0.000106,0.000099,0.000075,0.000075,0.000042,0.000047,0.000082,0.000084,0.000082,0.000055,0.000045,0.000030,0.000023,0.000007,0.000021,0.000054,0.000080
883,,,,,,,,,,,,,,0.000002,0.000042,0.000047,0.000059,0.000069,0.000098,0.000117,0.000143,0.000175,0.000141,0.000127,0.000090,0.000093,0.000084,0.000094,0.000081,0.000074,0.000074,0.000069,0.000068,0.000066,0.000067,0.000058,0.000054,0.000022,0.000021,0.000047,0.000048,0.000055,0.000047,0.000044,0.000034,0.000021,0.000002,0.000010,0.000025,0.000052
884,,,,,,,,,,,,,,0.000006,0.000177,0.000179,0.000205,0.000216,0.000220,0.000204,0.000229,0.000168,0.000160,0.000144,0.000139,0.000141,0.000149,0.000146,0.000144,0.000152,0.000176,0.000175,0.000224,0.000242,0.000252,0.000243,0.000263,0.000087,0.000085,0.000155,0.000172,0.000203,0.000199,0.000219,0.000187,0.000135,0.000012,0.000027,0.000031,0.000015
885,,,,,,,,,,,,,,0.000007,0.000130,0.000109,0.000113,0.000120,0.000133,0.000133,0.000150,0.000127,0.000124,0.000115,0.000097,0.000093,0.000084,0.000079,0.000086,0.000077,0.000079,0.000077,0.000081,0.000070,0.000059,0.000060,0.000051,0.000024,0.000032,0.000062,0.000056,0.000048,0.000034,0.000024,0.000012,0.000007,0.000004,0.000019,0.000043,0.000092
886,,,,,,,,,,,,,,0.000004,0.000102,0.000091,0.000111,0.000123,0.000156,0.000177,0.000191,0.000166,0.000160,0.000147,0.000148,0.000156,0.000181,0.000174,0.000193,0.000178,0.000155,0.000135,0.000143,0.000147,0.000137,0.000123,0.000120,0.000036,0.000045,0.000121,0.000100,0.000091,0.000059,0.000053,0.000044,0.000033,0.000006,0.000026,0.000058,0.000127
887,,,,,,,,,,,,,,0.000009,0.000376,0.000497,0.000595,0.000590,0.000614,0.000586,0.000667,0.000602,0.000609,0.000550,0.000449,0.000443,0.000396,0.000343,0.000300,0.000242,0.000203,0.000160,0.000171,0.000157,0.000139,0.000112,0.000122,0.000053,0.000063,0.000229,0.000264,0.000277,0.000197,0.000150,0.000077,0.000033,0.000005,0.000038,0.000081,0.000144
888,,,,,,,,,,,,,,0.000009,0.000205,0.000193,0.000214,0.000221,0.000261,0.000252,0.000276,0.000234,0.000240,0.000216,0.000186,0.000196,0.000189,0.000173,0.000180,0.000163,0.000142,0.000115,0.000119,0.000118,0.000107,0.000075,0.000055,0.000036,0.000050,0.000064,0.000053,0.000053,0.000041,0.000023,0.000013,0.000005,0.000006,0.000039,0.000093,0.000200
889,,,,,,,,,,,,,,0.000005,0.000112,0.000114,0.000130,0.000146,0.000178,0.000178,0.000223,0.000213,0.000208,0.000182,0.000173,0.000193,0.000190,0.000164,0.000160,0.000143,0.000124,0.000092,0.000092,0.000098,0.000106,0.000090,0.000093,0.000041,0.000057,0.000130,0.000143,0.000168,0.000188,0.000142,0.000105,0.000065,0.000004,0.000020,0.000048,0.000100
890,,,,,,,,,,,,,,0.000004,0.000128,0.000112,0.000093,0.000077,0.000078,0.000057,0.000063,0.000061,0.000056,0.000061,0.000065,0.000056,0.000054,0.000049,0.000064,0.000064,0.000068,0.000076,0.000075,0.000080,0.000080,0.000072,0.000066,0.000042,0.000053,0.000116,0.000123,0.000140,0.000132,0.000106,0.000064,0.000034,0.000008,0.000027,0.000055,0.000098
891,,,,,,,,,,,,,,0.000004,0.000075,0.000072,0.000089,0.000092,0.000120,0.000114,0.000121,0.000105,0.000107,0.000092,0.000092,0.000121,0.000123,0.000107,0.000114,0.000111,0.000104,0.000097,0.000096,0.000089,0.000071,0.000075,0.000079,0.000047,0.000045,0.000090,0.000086,0.000101,0.000083,0.000082,0.000057,0.000041,0.000007,0.000031,0.000074,0.000120
892,,,,,,,,,,,,,,0.000005,0.000159,0.000121,0.000087,0.000081,0.000075,0.000070,0.000076,0.000068,0.000063,0.000061,0.000055,0.000049,0.000057,0.000064,0.000067,0.000071,0.000072,0.000072,0.000075,0.000077,0.000083,0.000076,0.000074,0.000054,0.000057,0.000091,0.000085,0.000078,0.000062,0.000047,0.000043,0.000031,0.000007,0.000022,0.000030,0.000054
893,,,,,,,,,,,,,,0.000003,0.000063,0.000050,0.000049,0.000050,0.000060,0.000068,0.000085,0.000096,0.000112,0.000130,0.000123,0.000174,0.000195,0.000196,0.000240,0.000234,0.000237,0.000195,0.000233,0.000215,0.000185,0.000143,0.000117,0.000035,0.000038,0.000066,0.000069,0.000058,0.000044,0.000041,0.000033,0.000021,0.000005,0.000022,0.000035,0.000064
894,,,,,,,,,,,,,,0.000002,0.000050,0.000038,0.000036,0.000037,0.000035,0.000033,0.000043,0.000050,0.000059,0.000065,0.000058,0.000066,0.000065,0.000053,0.000057,0.000050,0.000043,0.000043,0.000053,0.000062,0.000068,0.000063,0.000053,0.000025,0.000034,0.000077,0.000122,0.000167,0.000129,0.000112,0.000091,0.000094,0.000011,0.000026,0.000080,0.000095
895,,,,,,,,,,,,,,0.000008,0.000233,0.000210,0.000215,0.000222,0.000226,0.000244,0.000255,0.000201,0.000205,0.000171,0.000136,0.000152,0.000144,0.000128,0.000148,0.000151,0.000158,0.000166,0.000221,0.000277,0.000348,0.000324,0.000266,0.000072,0.000075,0.000228,0.000208,0.000201,0.000130,0.000106,0.000058,0.000027,0.000002,0.000016,0.000037,0.000085
896,,,,,,,,,,,,,,0.000005,0.000139,0.000185,0.000289,0.000378,0.000521,0.000627,0.000620,0.000496,0.000484,0.000419,0.000381,0.000357,0.000322,0.000283,0.000274,0.000234,0.000194,0.000150,0.000160,0.000136,0.000112,0.000082,0.000062,0.000064,0.000043,0.000070,0.000067,0.000061,0.000043,0.000024,0.000009,-0.000001,0.000003,0.000017,0.000039,0.000092
897,,,,,,,,,,,,,,0.000003,0.000093,0.000102,0.000103,0.000108,0.000125,0.000149,0.000142,0.000127,0.000118,0.000113,0.000096,0.000100,0.000094,0.000094,0.000106,0.000107,0.000118,0.000110,0.000141,0.000183,0.000252,0.000324,0.000430,0.000135,0.000184,0.000731,0.000705,0.000667,0.000442,0.000332,0.000194,0.000099,0.000009,0.000021,0.000053,0.000112
898,,,,,,,,,,,,,,0.000009,0.000312,0.000417,0.000517,0.000530,0.000550,0.000515,0.000538,0.000422,0.000397,0.000341,0.000284,0.000279,0.000258,0.000225,0.000223,0.000189,0.000161,0.000135,0.000142,0.000135,0.000129,0.000099,0.000073,0.000022,0.000022,0.000051,0.000049,0.000043,0.000033,0.000033,0.000024,0.000015,0.000002,0.000020,0.000055,0.000113
899,,,,,,,,,,,,,,0.000004,0.000097,0.000107,0.000142,0.000168,0.000202,0.000200,0.000241,0.000224,0.000211,0.000166,0.000140,0.000116,0.000088,0.000074,0.000072,0.000077,0.000085,0.000070,0.000087,0.000094,0.000104,0.000137,0.000106,0.000036,0.000035,0.000101,0.000120,0.000135,0.000128,0.000154,0.000148,0.000109,0.000010,0.000013,0.000018,0.000042
900,,,,,,,,,,,,,,0.000015,0.000219,0.000172,0.000170,0.000183,0.000204,0.000176,0.000180,0.000176,0.000201,0.000204,0.000192,0.000246,0.000258,0.000263,0.000308,0.000318,0.000307,0.000249,0.000290,0.000253,0.000196,0.000126,0.000104,0.000044,0.000053,0.000082,0.000081,0.000082,0.000058,0.000047,0.000030,0.000020,0.000008,0.000029,0.000067,0.000143
901,,,,,,,,,,,,,,0.000013,0.000242,0.000222,0.000237,0.000261,0.000321,0.000371,0.000400,0.000355,0.000328,0.000278,0.000222,0.000234,0.000224,0.000205,0.000203,0.000181,0.000154,0.000128,0.000143,0.000149,0.000141,0.000124,0.000129,0.000038,0.000043,0.000116,0.000112,0.000105,0.000082,0.000062,0.000044,0.000031,0.000003,0.000039,0.000100,0.000203
902,,,,,,,,,,,,,,0.000001,0.000037,0.000027,0.000029,0.000033,0.000041,0.000041,0.000052,0.000049,0.000066,0.000073,0.000069,0.000095,0.000099,0.000096,0.000100,0.000098,0.000098,0.000091,0.000148,0.000191,0.000170,0.000162,0.000115,0.000047,0.000059,0.000084,0.000065,0.000060,0.000047,0.000037,0.000029,0.000025,0.000008,0.000036,0.000036,0.000040
903,,,,,,,,,,,,,,0.000002,0.000055,0.000042,0.000043,0.000043,0.000047,0.000048,0.000056,0.000063,0.000075,0.000059,0.000067,0.000065,0.000065,0.000060,0.000058,0.000055,0.000050,0.000040,0.000048,0.000049,0.000064,0.000128,0.000215,0.000131,0.000110,0.000098,0.000091,0.000097,0.000097,0.000071,0.000051,0.000036,0.000005,0.000014,0.000026,0.000044
904,,,,,,,,,,,,,,0.000013,0.000320,0.000286,0.000289,0.000261,0.000261,0.000232,0.000248,0.000240,0.000263,0.000201,0.000164,0.000161,0.000145,0.000115,0.000112,0.000096,0.000088,0.000084,0.000121,0.000150,0.000168,0.000160,0.000141,0.000059,0.000145,0.000159,0.000115,0.000090,0.000062,0.000055,0.000038,0.000020,0.000003,0.000010,0.000025,0.000044
905,,,,,,,,,,,,,,0.000006,0.000117,0.000090,0.000084,0.000076,0.000069,0.000069,0.000060,0.000048,0.000038,0.000032,0.000022,0.000039,0.000048,0.000040,0.000053,0.000058,0.000058,0.000065,0.000087,0.000098,0.000089,0.000072,0.000068,0.000027,0.000037,0.000065,0.000071,0.000074,0.000059,0.000049,0.000035,0.000024,0.000004,0.000012,0.000020,0.000039
906,,,,,,,,,,,,,,0.000007,0.000437,0.000621,0.000732,0.000697,0.000678,0.000575,0.000538,0.000388,0.000351,0.000273,0.000265,0.000205,0.000152,0.000116,0.000109,0.000107,0.000099,0.000087,0.000120,0.000127,0.000139,0.000124,0.000104,0.000034,0.000038,0.000100,0.000102,0.000142,0.000140,0.000205,0.000179,0.000139,0.000011,0.000018,0.000037,0.000059
907,,,,,,,,,,,,,,0.000010,0.000204,0.000162,0.000147,0.000158,0.000158,0.000154,0.000151,0.000131,0.000132,0.000119,0.000088,0.000112,0.000102,0.000091,0.000087,0.000085,0.000089,0.000196,0.000141,0.000121,0.000115,0.000085,0.000081,0.000047,0.000059,0.000100,0.000126,0.000169,0.000190,0.000110,0.000064,0.000039,0.000006,0.000024,0.000039,0.000091
908,,,,,,,,,,,,,,0.000004,0.000086,0.000102,0.000114,0.000121,0.000147,0.000227,0.000315,0.000228,0.000216,0.000190,0.000163,0.000165,0.000154,0.000122,0.000134,0.000120,0.000098,0.000097,0.000105,0.000118,0.000126,0.000117,0.000126,0.000048,0.000073,0.000182,0.000163,0.000176,0.000299,0.000098,0.000061,0.000038,0.000012,0.000054,0.000098,0.000165
909,,,,,,,,,,,,,,0.000004,0.000097,0.000106,0.000120,0.000133,0.000157,0.000170,0.000189,0.000162,0.000164,0.000142,0.000134,0.000159,0.000176,0.000151,0.000175,0.000161,0.000141,0.000129,0.000181,0.000206,0.000205,0.000192,0.000212,0.000070,0.000067,0.000158,0.000170,0.000171,0.000142,0.000152,0.000112,0.000076,0.000006,0.000020,0.000064,0.000120
910,,,,,,,,,,,,,,0.000005,0.000177,0.000149,0.000134,0.000143,0.000135,0.000135,0.000142,0.000114,0.000120,0.000110,0.000103,0.000108,0.000099,0.000098,0.000099,0.000090,0.000095,0.000083,0.000087,0.000079,0.000062,0.000058,0.000039,0.000028,0.000026,0.000037,0.000035,0.000034,0.000034,0.000019,0.000008,0.000002,0.000005,0.000020,0.000044,0.000097
911,,,,,,,,,,,,,,0.000012,0.000224,0.000194,0.000187,0.000176,0.000196,0.000217,0.000274,0.000263,0.000265,0.000228,0.000194,0.000208,0.000207,0.000183,0.000199,0.000177,0.000148,0.000120,0.000145,0.000136,0.000131,0.000117,0.000127,0.000059,0.000050,0.000155,0.000163,0.000187,0.000162,0.000134,0.000092,0.000049,0.000003,0.000018,0.000052,0.000112
912,,,,,,,,,,,,,,0.000003,0.000071,0.000063,0.000072,0.000073,0.000079,0.000079,0.000082,0.000072,0.000064,0.000046,0.000039,0.000046,0.000054,0.000052,0.000059,0.000057,0.000069,0.000069,0.000075,0.000071,0.000085,0.000090,0.000105,0.000042,0.000070,0.000304,0.000376,0.000503,0.000404,0.000309,0.000176,0.000075,0.000005,0.000018,0.000036,0.000070
913,,,,,,,,,,,,,,0.000011,0.000250,0.000222,0.000228,0.000228,0.000270,0.000267,0.000285,0.000257,0.000259,0.000228,0.000192,0.000193,0.000177,0.000167,0.000181,0.000169,0.000156,0.000154,0.000160,0.000142,0.000137,0.000119,0.000105,0.000034,0.000044,0.000091,0.000081,0.000079,0.000075,0.000043,0.000038,0.000020,0.000003,0.000021,0.000059,0.000167
914,,,,,,,,,,,,,,0.000005,0.000077,0.000082,0.000109,0.000135,0.000160,0.000162,0.000163,0.000137,0.000137,0.000139,0.000125,0.000118,0.000109,0.000094,0.000103,0.000094,0.000090,0.000081,0.000081,0.000087,0.000105,0.000110,0.000140,0.000050,0.000064,0.000069,0.000059,0.000056,0.000133,0.000044,0.000016,0.000010,0.000005,0.000051,0.000157,0.000295
915,,,,,,,,,,,,,,0.000003,0.000092,0.000078,0.000079,0.000081,0.000092,0.000108,0.000116,0.000107,0.000119,0.000107,0.000092,0.000101,0.000104,0.000105,0.000135,0.000117,0.000101,0.000071,0.000057,0.000042,0.000030,0.000024,0.000015,0.000015,0.000018,0.000028,0.000032,0.000029,0.000024,0.000022,0.000012,0.000011,0.000003,0.000010,0.000031,0.000091
916,,,,,,,,,,,,,,0.000003,0.000081,0.000067,0.000063,0.000057,0.000074,0.000061,0.000060,0.000060,0.000076,0.000092,0.000099,0.000098,0.000101,0.000091,0.000100,0.000093,0.000094,0.000098,0.000107,0.000107,0.000106,0.000088,0.000072,0.000038,0.000061,0.000163,0.000153,0.000141,0.000093,0.000071,0.000051,0.000035,0.000011,0.000023,0.000048,0.000108
917,,,,,,,,,,,,,,0.000005,0.000142,0.000165,0.000189,0.000208,0.000272,0.000374,0.000422,0.000333,0.000355,0.000295,0.000272,0.000291,0.000300,0.000223,0.000218,0.000188,0.000161,0.000123,0.000143,0.000150,0.000150,0.000135,0.000132,0.000041,0.000042,0.000148,0.000137,0.000140,0.000088,0.000074,0.000044,0.000032,0.000004,0.000024,0.000071,0.000137
918,,,,,,,,,,,,,,0.000006,0.000158,0.000152,0.000162,0.000165,0.000185,0.000221,0.000218,0.000182,0.000172,0.000141,0.000119,0.000115,0.000123,0.000098,0.000107,0.000101,0.000086,0.000084,0.000108,0.000106,0.000100,0.000081,0.000067,0.000035,0.000045,0.000089,0.000072,0.000058,0.000043,0.000034,0.000024,0.000018,0.000006,0.000071,0.000112,0.000203
919,,,,,,,,,,,,,,0.000003,0.000053,0.000054,0.000066,0.000070,0.000078,0.000080,0.000095,0.000076,0.000071,0.000061,0.000059,0.000068,0.000073,0.000091,0.000120,0.000142,0.000181,0.000188,0.000250,0.000269,0.000259,0.000191,0.000159,0.000047,0.000053,0.000077,0.000076,0.000084,0.000076,0.000089,0.000085,0.000053,0.000008,0.000021,0.000032,0.000077
920,,,,,,,,,,,,,,0.000008,0.000173,0.000166,0.000168,0.000170,0.000170,0.000159,0.000166,0.000152,0.000137,0.000122,0.000109,0.000101,0.000096,0.000084,0.000081,0.000083,0.000091,0.000160,0.000213,0.000217,0.000185,0.000161,0.000140,0.000045,0.000054,0.000145,0.000136,0.000142,0.000114,0.000085,0.000050,0.000029,0.000002,0.000032,0.000093,0.000180
921,,,,,,,,,,,,,,0.000002,0.000042,0.000062,0.000155,0.000291,0.000527,0.000665,0.000738,0.000653,0.000526,0.000427,0.000306,0.000272,0.000242,0.000212,0.000189,0.000160,0.000124,0.000108,0.000117,0.000113,0.000114,0.000110,0.000100,0.000053,0.000091,0.000079,0.000073,0.000067,0.000044,0.000033,0.000020,0.000017,0.000004,0.000022,0.000025,0.000049
922,,,,,,,,,,,,,,0.000003,0.000080,0.000073,0.000068,0.000069,0.000067,0.000081,0.000099,0.000088,0.000094,0.000084,0.000070,0.000084,0.000078,0.000085,0.000101,0.000098,0.000101,0.000091,0.000123,0.000128,0.000110,0.000089,0.000095,0.000041,0.000044,0.000109,0.000101,0.000099,0.000080,0.000067,0.000032,0.000023,0.000006,0.000018,0.000029,0.000051
923,,,,,,,,,,,,,,0.000013,0.000216,0.000172,0.000176,0.000202,0.000226,0.000257,0.000328,0.000356,0.000408,0.000451,0.000446,0.000532,0.000551,0.000574,0.000598,0.000559,0.000511,0.000438,0.000423,0.000363,0.000298,0.000213,0.000175,0.000040,0.000034,0.000130,0.000115,0.000123,0.000093,0.000080,0.000049,0.000023,0.000002,0.000030,0.000104,0.000282
924,,,,,,,,,,,,,,0.000002,0.000041,0.000062,0.000115,0.000180,0.000262,0.000351,0.000349,0.000297,0.000220,0.000170,0.000156,0.000148,0.000138,0.000106,0.000089,0.000072,0.000075,0.000068,0.000068,0.000063,0.000056,0.000057,0.000059,0.000029,0.000038,0.000083,0.000085,0.000101,0.000099,0.000108,0.000098,0.000061,0.000007,0.000021,0.000044,0.000046
925,,,,,,,,,,,,,,0.000004,0.000074,0.000062,0.000059,0.000056,0.000078,0.000082,0.000100,0.000109,0.000116,0.000111,0.000111,0.000133,0.000150,0.000157,0.000191,0.000197,0.000287,0.000213,0.000195,0.000190,0.000199,0.000181,0.000163,0.000059,0.000062,0.000133,0.000130,0.000127,0.000093,0.000092,0.000079,0.000069,0.000010,0.000020,0.000033,0.000056
926,,,,,,,,,,,,,,0.000004,0.000109,0.000097,0.000113,0.000128,0.000176,0.000185,0.000197,0.000195,0.000165,0.000142,0.000118,0.000114,0.000120,0.000115,0.000117,0.000110,0.000103,0.000085,0.000083,0.000075,0.000064,0.000064,0.000057,0.000022,0.000031,0.000054,0.000052,0.000067,0.000053,0.000048,0.000029,0.000018,0.000004,0.000017,0.000033,0.000085
927,,,,,,,,,,,,,,0.000009,0.000304,0.000375,0.000452,0.000491,0.000486,0.000458,0.000479,0.000376,0.000361,0.000323,0.000257,0.000274,0.000258,0.000234,0.000250,0.000224,0.000204,0.000150,0.000160,0.000152,0.000138,0.000115,0.000101,0.000034,0.000028,0.000095,0.000089,0.000102,0.000081,0.000065,0.000038,0.000021,0.000002,0.000020,0.000051,0.000125
928,,,,,,,,,,,,,,0.000004,0.000231,0.000371,0.000495,0.000512,0.000537,0.000455,0.000456,0.000382,0.000357,0.000307,0.000247,0.000267,0.000248,0.000213,0.000232,0.000205,0.000191,0.000164,0.000183,0.000178,0.000174,0.000169,0.000134,0.000051,0.000062,0.000112,0.000121,0.000127,0.000098,0.000069,0.000056,0.000042,0.000007,0.000024,0.000029,0.000045
929,,,,,,,,,,,,,,0.000016,0.000348,0.000320,0.000316,0.000300,0.000298,0.000284,0.000298,0.000240,0.000211,0.000184,0.000135,0.000133,0.000121,0.000093,0.000090,0.000078,0.000064,0.000046,0.000054,0.000057,0.000060,0.000054,0.000053,0.000033,0.000039,0.000082,0.000080,0.000080,0.000077,0.000043,0.000025,0.000013,0.000004,0.000023,0.000049,0.000127
930,,,,,,,,,,,,,,0.000006,0.000105,0.000092,0.000104,0.000119,0.000127,0.000132,0.000118,0.000105,0.000093,0.000082,0.000079,0.000060,0.000062,0.000050,0.000050,0.000048,0.000038,0.000031,0.000040,0.000037,0.000033,0.000046,0.000047,0.000042,0.000049,0.000057,0.000069,0.000072,0.000080,0.000113,0.000095,0.000059,0.000007,0.000022,0.000069,0.000170
931,,,,,,,,,,,,,,0.000010,0.000190,0.000155,0.000164,0.000158,0.000188,0.000308,0.000267,0.000271,0.000277,0.000297,0.000295,0.000281,0.000250,0.000232,0.000229,0.000211,0.000178,0.000176,0.000169,0.000152,0.000126,0.000087,0.000067,0.000021,0.000025,0.000075,0.000081,0.000074,0.000051,0.000037,0.000029,0.000018,0.000003,0.000033,0.000144,0.000312
932,,,,,,,,,,,,,,0.000009,0.000228,0.000210,0.000206,0.000192,0.000223,0.000240,0.000281,0.000257,0.000275,0.000273,0.000247,0.000250,0.000229,0.000201,0.000203,0.000172,0.000177,0.000138,0.000155,0.000152,0.000148,0.000123,0.000124,0.000049,0.000043,0.000080,0.000108,0.000092,0.000082,0.000080,0.000063,0.000043,0.000007,0.000022,0.000047,0.000127
933,,,,,,,,,,,,,,0.000006,0.000149,0.000105,0.000112,0.000118,0.000139,0.000125,0.000143,0.000127,0.000116,0.000113,0.000098,0.000109,0.000120,0.000111,0.000123,0.000113,0.000103,0.000092,0.000102,0.000102,0.000107,0.000100,0.000105,0.000044,0.000045,0.000143,0.000149,0.000165,0.000139,0.000104,0.000066,0.000039,0.000003,0.000015,0.000033,0.000066
934,,,,,,,,,,,,,,0.000003,0.000168,0.000280,0.000474,0.000619,0.000728,0.000689,0.000691,0.000506,0.000424,0.000324,0.000242,0.000214,0.000187,0.000152,0.000151,0.000126,0.000113,0.000100,0.000104,0.000114,0.000129,0.000149,0.000145,0.000057,0.000050,0.000117,0.000100,0.000090,0.000066,0.000050,0.000036,0.000026,0.000004,0.000011,0.000014,0.000024
935,,,,,,,,,,,,,,0.000003,0.000068,0.000066,0.000101,0.000178,0.000255,0.000287,0.000321,0.000257,0.000231,0.000185,0.000138,0.000151,0.000130,0.000123,0.000133,0.000141,0.000159,0.000203,0.000286,0.000298,0.000253,0.000251,0.000210,0.000067,0.000078,0.000170,0.000152,0.000129,0.000110,0.000081,0.000058,0.000039,0.000007,0.000018,0.000032,0.000061
936,,,,,,,,,,,,,,0.000010,0.000172,0.000142,0.000143,0.000164,0.000193,0.000190,0.000206,0.000165,0.000167,0.000137,0.000125,0.000129,0.000133,0.000118,0.000125,0.000121,0.000116,0.000134,0.000142,0.000137,0.000116,0.000087,0.000076,0.000028,0.000037,0.000087,0.000086,0.000086,0.000065,0.000048,0.000023,0.000017,0.000003,0.000026,0.000083,0.000239
937,,,,,,,,,,,,,,0.000003,0.000066,0.000053,0.000049,0.000070,0.000089,0.000095,0.000101,0.000085,0.000094,0.000090,0.000096,0.000119,0.000127,0.000137,0.000167,0.000193,0.000223,0.000227,0.000333,0.000417,0.000467,0.000383,0.000302,0.000091,0.000096,0.000203,0.000205,0.000191,0.000142,0.000122,0.000088,0.000060,0.000007,0.000020,0.000052,0.000097
938,,,,,,,,,,,,,,0.000005,0.000113,0.000115,0.000140,0.000152,0.000166,0.000181,0.000201,0.000178,0.000183,0.000161,0.000142,0.000152,0.000144,0.000136,0.000135,0.000140,0.000143,0.000152,0.000175,0.000171,0.000163,0.000144,0.000138,0.000040,0.000042,0.000136,0.000134,0.000141,0.000112,0.000110,0.000080,0.000051,0.000003,0.000014,0.000044,0.000090
939,,,,,,,,,,,,,,0.000006,0.000144,0.000139,0.000150,0.000167,0.000205,0.000219,0.000258,0.000221,0.000237,0.000217,0.000197,0.000204,0.000211,0.000164,0.000155,0.000136,0.000135,0.000127,0.000188,0.000258,0.000352,0.000305,0.000244,0.000065,0.000059,0.000233,0.000279,0.000326,0.000301,0.000395,0.000329,0.000221,0.000009,0.000026,0.000058,0.000105
940,,,,,,,,,,,,,,0.000005,0.000127,0.000090,0.000077,0.000076,0.000070,0.000081,0.000091,0.000078,0.000080,0.000075,0.000082,0.000077,0.000074,0.000069,0.000070,0.000076,0.000086,0.000110,0.000114,0.000106,0.000091,0.000087,0.000100,0.000071,0.000077,0.000090,0.000095,0.000077,0.000096,0.000046,0.000033,0.000028,0.000007,0.000023,0.000040,0.000057
941,,,,,,,,,,,,,,0.000004,0.000089,0.000083,0.000073,0.000068,0.000080,0.000076,0.000078,0.000083,0.000092,0.000081,0.000072,0.000069,0.000069,0.000084,0.000082,0.000087,0.000093,0.000083,0.000131,0.000201,0.000283,0.000329,0.000359,0.000155,0.000066,0.000120,0.000102,0.000104,0.000069,0.000067,0.000059,0.000044,0.000010,0.000059,0.000110,0.000172
942,,,,,,,,,,,,,,0.000003,0.000076,0.000070,0.000076,0.000077,0.000081,0.000092,0.000103,0.000107,0.000120,0.000111,0.000104,0.000135,0.000142,0.000145,0.000142,0.000135,0.000135,0.000124,0.000139,0.000135,0.000138,0.000133,0.000136,0.000046,0.000046,0.000121,0.000139,0.000151,0.000118,0.000116,0.000096,0.000068,0.000005,0.000011,0.000035,0.000055
943,,,,,,,,,,,,,,0.000003,0.000063,0.000060,0.000066,0.000078,0.000084,0.000077,0.000080,0.000066,0.000061,0.000060,0.000050,0.000042,0.000050,0.000039,0.000037,0.000040,0.000049,0.000042,0.000046,0.000044,0.000058,0.000074,0.000113,0.000093,0.000132,0.000394,0.000440,0.000555,0.000399,0.000291,0.000149,0.000068,0.000007,0.000019,0.000038,0.000085
944,,,,,,,,,,,,,,0.000003,0.000102,0.000127,0.000223,0.000363,0.000576,0.000696,0.000847,0.000861,0.000832,0.000721,0.000549,0.000554,0.000470,0.000399,0.000383,0.000313,0.000270,0.000220,0.000189,0.000159,0.000133,0.000095,0.000065,0.000033,0.000038,0.000084,0.000070,0.000071,0.000058,0.000037,0.000015,0.000008,0.000005,0.000017,0.000042,0.000081
945,,,,,,,,,,,,,,0.000007,0.000104,0.000092,0.000096,0.000108,0.000120,0.000107,0.000114,0.000102,0.000099,0.000095,0.000081,0.000077,0.000094,0.000077,0.000072,0.000060,0.000047,0.000040,0.000046,0.000048,0.000058,0.000059,0.000099,0.000039,0.000047,0.000144,0.000167,0.000172,0.000111,0.000091,0.000065,0.000040,0.000018,0.000143,0.000276,0.000468
946,,,,,,,,,,,,,,0.000008,0.000165,0.000139,0.000129,0.000128,0.000147,0.000162,0.000166,0.000144,0.000143,0.000126,0.000104,0.000120,0.000108,0.000099,0.000104,0.000095,0.000090,0.000085,0.000113,0.000149,0.000188,0.000304,0.000305,0.000104,0.000105,0.000280,0.000244,0.000214,0.000160,0.000085,0.000043,0.000019,0.000003,0.000014,0.000038,0.000080
947,,,,,,,,,,,,,,0.000004,0.000083,0.000079,0.000085,0.000090,0.000115,0.000128,0.000138,0.000152,0.000173,0.000197,0.000203,0.000243,0.000259,0.000254,0.000267,0.000235,0.000191,0.000156,0.000135,0.000111,0.000095,0.000084,0.000068,0.000067,0.000081,0.000072,0.000054,0.000032,0.000031,0.000005,-0.000001,0.000004,0.000014,0.000039,0.000055,0.000099
948,,,,,,,,,,,,,,0.000004,0.000089,0.000092,0.000110,0.000135,0.000265,0.000355,0.000304,0.000239,0.000206,0.000172,0.000166,0.000148,0.000132,0.000113,0.000120,0.000114,0.000114,0.000087,0.000103,0.000100,0.000084,0.000066,0.000056,0.000028,0.000038,0.000069,0.000078,0.000077,0.000057,0.000033,0.000017,0.000004,0.000003,0.000017,0.000072,0.000181
949,,,,,,,,,,,,,,0.000003,0.000069,0.000077,0.000098,0.000118,0.000148,0.000175,0.000222,0.000216,0.000254,0.000283,0.000260,0.000298,0.000295,0.000257,0.000239,0.000196,0.000155,0.000117,0.000125,0.000110,0.000104,0.000079,0.000060,0.000028,0.000032,0.000086,0.000077,0.000071,0.000051,0.000048,0.000034,0.000022,0.000002,0.000009,0.000036,0.000040
950,,,,,,,,,,,,,,0.000003,0.000080,0.000062,0.000048,0.000059,0.000057,0.000084,0.000083,0.000107,0.000114,0.000116,0.000108,0.000094,0.000078,0.000072,0.000068,0.000072,0.000059,0.000050,0.000069,0.000082,0.000087,0.000081,0.000084,0.000042,0.000065,0.000172,0.000173,0.000184,0.000132,0.000109,0.000076,0.000045,0.000008,0.000021,0.000040,0.000073
951,,,,,,,,,,,,,,0.000008,0.000207,0.000151,0.000126,0.000136,0.000147,0.000159,0.000177,0.000154,0.000131,0.000125,0.000092,0.000098,0.000092,0.000097,0.000114,0.000120,0.000118,0.000089,0.000106,0.000113,0.000109,0.000103,0.000088,0.000049,0.000052,0.000112,0.000123,0.000115,0.000098,0.000084,0.000058,0.000031,0.000004,0.000018,0.000042,0.000072
952,,,,,,,,,,,,,,0.000003,0.000072,0.000067,0.000063,0.000057,0.000061,0.000065,0.000057,0.000043,0.000049,0.000051,0.000047,0.000048,0.000060,0.000068,0.000079,0.000081,0.000079,0.000106,0.000163,0.000190,0.000199,0.000158,0.000148,0.000064,0.000063,0.000131,0.000115,0.000127,0.000099,0.000091,0.000076,0.000058,0.000008,0.000020,0.000044,0.000081
953,,,,,,,,,,,,,,0.000004,0.000094,0.000106,0.000108,0.000107,0.000126,0.000123,0.000150,0.000134,0.000141,0.000118,0.000111,0.000132,0.000143,0.000151,0.000195,0.000228,0.000255,0.000271,0.000297,0.000286,0.000256,0.000202,0.000184,0.000114,0.000061,0.000163,0.000142,0.000141,0.000111,0.000097,0.000070,0.000040,0.000005,0.000025,0.000054,0.000098
954,,,,,,,,,,,,,,0.000007,0.000284,0.000344,0.000371,0.000318,0.000317,0.000301,0.000301,0.000237,0.000220,0.000195,0.000141,0.000150,0.000132,0.000181,0.000137,0.000152,0.000171,0.000138,0.000149,0.000145,0.000149,0.000134,0.000148,0.000081,0.000130,0.000193,0.000169,0.000155,0.000112,0.000108,0.000078,0.000048,0.000003,0.000014,0.000049,0.000088
955,,,,,,,,,,,,,,0.000003,0.000095,0.000116,0.000166,0.000213,0.000265,0.000300,0.000325,0.000296,0.000281,0.000227,0.000217,0.000231,0.000198,0.000173,0.000154,0.000131,0.000116,0.000101,0.000109,0.000094,0.000086,0.000073,0.000085,0.000029,0.000033,0.000103,0.000098,0.000102,0.000080,0.000082,0.000062,0.000041,0.000004,0.000016,0.000042,0.000095
956,,,,,,,,,,,,,,0.000002,0.000066,0.000086,0.000149,0.000220,0.000278,0.000304,0.000324,0.000292,0.000314,0.000294,0.000306,0.000378,0.000464,0.000472,0.000528,0.000488,0.000438,0.000333,0.000336,0.000367,0.000361,0.000332,0.000300,0.000096,0.000106,0.000324,0.000284,0.000270,0.000146,0.000117,0.000077,0.000044,0.000010,0.000040,0.000046,0.000070
957,,,,,,,,,,,,,,0.000009,0.000142,0.000111,0.000112,0.000123,0.000124,0.000115,0.000142,0.000149,0.000140,0.000152,0.000176,0.000122,0.000120,0.000155,0.000157,0.000168,0.000197,0.000230,0.000195,0.000152,0.000112,0.000103,0.000100,0.000059,0.000047,0.000101,0.000097,0.000109,0.000101,0.000105,0.000054,0.000033,0.000005,0.000026,0.000104,0.000263
958,,,,,,,,,,,,,,0.000019,0.000416,0.000395,0.000430,0.000432,0.000468,0.000467,0.000481,0.000421,0.000410,0.000364,0.000319,0.000325,0.000310,0.000281,0.000291,0.000256,0.000223,0.000179,0.000199,0.000190,0.000178,0.000140,0.000098,0.000034,0.000038,0.000119,0.000109,0.000103,0.000076,0.000040,0.000021,0.000008,0.000003,0.000034,0.000087,0.000212
959,,,,,,,,,,,,,,0.000003,0.000081,0.000083,0.000103,0.000118,0.000135,0.000131,0.000150,0.000145,0.000123,0.000114,0.000096,0.000104,0.000110,0.000103,0.000110,0.000118,0.000133,0.000135,0.000175,0.000186,0.000173,0.000188,0.000155,0.000045,0.000046,0.000146,0.000121,0.000127,0.000095,0.000100,0.000076,0.000054,0.000004,0.000010,0.000023,0.000054
960,,,,,,,,,,,,,,0.000009,0.000189,0.000164,0.000183,0.000185,0.000195,0.000212,0.000234,0.000232,0.000272,0.000290,0.000283,0.000346,0.000371,0.000398,0.000394,0.000345,0.000282,0.000242,0.000260,0.000271,0.000295,0.000315,0.000361,0.000097,0.000078,0.000113,0.000091,0.000080,0.000067,0.000052,0.000032,0.000018,0.000002,0.000030,0.000064,0.000146
961,,,,,,,,,,,,,,0.000003,0.000069,0.000065,0.000070,0.000076,0.000080,0.000094,0.000124,0.000150,0.000185,0.000182,0.000195,0.000254,0.000284,0.000356,0.000263,0.000212,0.000165,0.000120,0.000129,0.000127,0.000126,0.000114,0.000111,0.000029,0.000030,0.000118,0.000130,0.000133,0.000098,0.000093,0.000069,0.000044,0.000004,0.000015,0.000026,0.000049
962,,,,,,,,,,,,,,0.000002,0.000054,0.000043,0.000039,0.000037,0.000044,0.000036,0.000038,0.000041,0.000051,0.000059,0.000062,0.000069,0.000075,0.000078,0.000084,0.000079,0.000093,0.000100,0.000158,0.000231,0.000320,0.000276,0.000216,0.000061,0.000055,0.000057,0.000058,0.000055,0.000051,0.000053,0.000060,0.000063,0.000010,0.000019,0.000035,0.000053
963,,,,,,,,,,,,,,0.000007,0.000122,0.000107,0.000133,0.000185,0.000344,0.000365,0.000412,0.000358,0.000350,0.000293,0.000256,0.000237,0.000219,0.000197,0.000190,0.000165,0.000150,0.000120,0.000138,0.000145,0.000134,0.000126,0.000106,0.000044,0.000040,0.000087,0.000066,0.000066,0.000039,0.000028,0.000020,0.000012,0.000007,0.000015,0.000028,0.000040
964,,,,,,,,,,,,,,0.000006,0.000157,0.000190,0.000237,0.000221,0.000202,0.000175,0.000166,0.000142,0.000128,0.000102,0.000084,0.000091,0.000088,0.000079,0.000081,0.000084,0.000077,0.000072,0.000077,0.000090,0.000084,0.000071,0.000066,0.000038,0.000042,0.000056,0.000051,0.000056,0.000043,0.000038,0.000022,0.000016,0.000007,0.000020,0.000036,0.000060
965,,,,,,,,,,,,,,0.000005,0.000111,0.000100,0.000122,0.000127,0.000149,0.000155,0.000184,0.000186,0.000187,0.000192,0.000164,0.000159,0.000153,0.000136,0.000137,0.000125,0.000131,0.000110,0.000104,0.000096,0.000083,0.000059,0.000047,0.000032,0.000046,0.000087,0.000079,0.000081,0.000071,0.000060,0.000038,0.000013,0.000004,0.000017,0.000054,0.000097
966,,,,,,,,,,,,,,0.000005,0.000091,0.000077,0.000083,0.000099,0.000114,0.000136,0.000130,0.000126,0.000119,0.000116,0.000103,0.000111,0.000120,0.000093,0.000091,0.000077,0.000056,0.000044,0.000048,0.000053,0.000065,0.000059,0.000059,0.000056,0.000084,0.000093,0.000096,0.000103,0.000070,0.000061,0.000035,0.000014,0.000005,0.000029,0.000054,0.000103
967,,,,,,,,,,,,,,0.000004,0.000081,0.000087,0.000083,0.000082,0.000104,0.000127,0.000169,0.000241,0.000187,0.000164,0.000129,0.000143,0.000120,0.000105,0.000104,0.000091,0.000083,0.000080,0.000071,0.000063,0.000056,0.000052,0.000063,0.000052,0.000072,0.000091,0.000084,0.000084,0.000083,0.000073,0.000054,0.000035,0.000006,0.000027,0.000066,0.000130
968,,,,,,,,,,,,,,0.000004,0.000094,0.000091,0.000106,0.000111,0.000143,0.000164,0.000186,0.000209,0.000248,0.000280,0.000276,0.000339,0.000364,0.000345,0.000330,0.000290,0.000259,0.000218,0.000211,0.000180,0.000164,0.000151,0.000141,0.000042,0.000035,0.000106,0.000124,0.000145,0.000110,0.000096,0.000067,0.000043,0.000003,0.000015,0.000046,0.000101
969,,,,,,,,,,,,,,0.000006,0.000197,0.000159,0.000102,0.000120,0.000119,0.000128,0.000116,0.000091,0.000094,0.000084,0.000094,0.000105,0.000104,0.000106,0.000113,0.000114,0.000173,0.000322,0.000252,0.000263,0.000274,0.000255,0.000256,0.000072,0.000107,0.000364,0.000417,0.000504,0.000410,0.000533,0.000466,0.000313,0.000037,0.000075,0.000137,0.000200
970,,,,,,,,,,,,,,0.000014,0.000337,0.000370,0.000462,0.000539,0.000652,0.000700,0.000821,0.000792,0.000753,0.000672,0.000613,0.000635,0.000614,0.000589,0.000612,0.000558,0.000486,0.000379,0.000381,0.000343,0.000302,0.000246,0.000216,0.000079,0.000097,0.000211,0.000185,0.000190,0.000155,0.000105,0.000066,0.000037,0.000003,0.000034,0.000112,0.000269
971,,,,,,,,,,,,,,0.000004,0.000081,0.000068,0.000070,0.000082,0.000092,0.000102,0.000135,0.000142,0.000188,0.000200,0.000200,0.000222,0.000333,0.000271,0.000274,0.000232,0.000221,0.000173,0.000195,0.000173,0.000149,0.000111,0.000080,0.000039,0.000046,0.000077,0.000077,0.000077,0.000059,0.000036,0.000018,0.000015,0.000006,0.000018,0.000045,0.000087
972,,,,,,,,,,,,,,0.000006,0.000166,0.000167,0.000180,0.000193,0.000205,0.000202,0.000222,0.000191,0.000188,0.000168,0.000142,0.000163,0.000164,0.000157,0.000168,0.000162,0.000153,0.000136,0.000172,0.000195,0.000219,0.000242,0.000232,0.000061,0.000073,0.000273,0.000252,0.000243,0.000150,0.000114,0.000070,0.000036,0.000003,0.000012,0.000021,0.000057
973,,,,,,,,,,,,,,0.000005,0.000112,0.000094,0.000090,0.000072,0.000084,0.000073,0.000074,0.000070,0.000077,0.000073,0.000070,0.000070,0.000079,0.000087,0.000096,0.000099,0.000088,0.000081,0.000094,0.000085,0.000076,0.000058,0.000056,0.000045,0.000034,0.000065,0.000049,0.000068,0.000067,0.000065,0.000041,0.000028,0.000007,0.000018,0.000042,0.000077
974,,,,,,,,,,,,,,0.000006,0.000096,0.000089,0.000112,0.000128,0.000144,0.000142,0.000159,0.000153,0.000152,0.000139,0.000120,0.000124,0.000120,0.000106,0.000104,0.000098,0.000097,0.000077,0.000081,0.000073,0.000062,0.000053,0.000049,0.000037,0.000035,0.000086,0.000082,0.000086,0.000064,0.000060,0.000040,0.000026,0.000002,0.000023,0.000090,0.000217
975,,,,,,,,,,,,,,0.000005,0.000112,0.000154,0.000236,0.000336,0.000431,0.000446,0.000457,0.000373,0.000325,0.000263,0.000198,0.000192,0.000183,0.000150,0.000155,0.000140,0.000123,0.000111,0.000109,0.000112,0.000106,0.000084,0.000074,0.000037,0.000039,0.000093,0.000102,0.000106,0.000084,0.000075,0.000056,0.000056,0.000007,0.000026,0.000071,0.000134
976,,,,,,,,,,,,,,0.000003,0.000086,0.000077,0.000086,0.000119,0.000186,0.000254,0.000329,0.000303,0.000322,0.000271,0.000207,0.000208,0.000165,0.000134,0.000111,0.000098,0.000095,0.000085,0.000096,0.000099,0.000095,0.000076,0.000079,0.000034,0.000045,0.000068,0.000066,0.000077,0.000065,0.000060,0.000052,0.000036,0.000006,0.000015,0.000036,0.000075
977,,,,,,,,,,,,,,0.000003,0.000041,0.000029,0.000019,0.000017,0.000023,0.000025,0.000026,0.000047,0.000058,0.000075,0.000089,0.000092,0.000103,0.000154,0.000176,0.000168,0.000151,0.000138,0.000149,0.000151,0.000135,0.000127,0.000131,0.000077,0.000111,0.000230,0.000257,0.000328,0.000301,0.000321,0.000274,0.000214,0.000028,0.000078,0.000244,0.000235
978,,,,,,,,,,,,,,0.000005,0.000112,0.000073,0.000065,0.000061,0.000065,0.000071,0.000070,0.000079,0.000061,0.000064,0.000065,0.000071,0.000075,0.000068,0.000067,0.000074,0.000074,0.000069,0.000078,0.000087,0.000089,0.000097,0.000111,0.000043,0.000051,0.000191,0.000175,0.000195,0.000162,0.000139,0.000092,0.000063,0.000012,0.000046,0.000144,0.000298
979,,,,,,,,,,,,,,0.000003,0.000062,0.000059,0.000061,0.000066,0.000058,0.000060,0.000074,0.000081,0.000089,0.000090,0.000128,0.000179,0.000133,0.000125,0.000110,0.000089,0.000092,0.000082,0.000091,0.000092,0.000091,0.000096,0.000089,0.000048,0.000059,0.000090,0.000083,0.000085,0.000068,0.000069,0.000055,0.000037,0.000007,0.000019,0.000039,0.000080
980,,,,,,,,,,,,,,0.000004,0.000053,0.000040,0.000038,0.000044,0.000051,0.000041,0.000041,0.000048,0.000049,0.000052,0.000059,0.000056,0.000070,0.000059,0.000084,0.000071,0.000075,0.000063,0.000069,0.000069,0.000067,0.000068,0.000063,0.000036,0.000030,0.000068,0.000062,0.000060,0.000055,0.000053,0.000047,0.000032,0.000017,0.000120,0.000159,0.000230
981,,,,,,,,,,,,,,0.000003,0.000069,0.000074,0.000086,0.000089,0.000101,0.000115,0.000136,0.000140,0.000144,0.000136,0.000122,0.000136,0.000134,0.000116,0.000122,0.000118,0.000126,0.000103,0.000087,0.000067,0.000042,0.000029,0.000021,0.000017,0.000020,0.000029,0.000039,0.000047,0.000042,0.000039,0.000036,0.000029,0.000006,0.000018,0.000022,0.000063
982,,,,,,,,,,,,,,0.000009,0.000174,0.000126,0.000123,0.000124,0.000149,0.000159,0.000171,0.000156,0.000159,0.000163,0.000148,0.000171,0.000172,0.000157,0.000175,0.000156,0.000157,0.000137,0.000165,0.000162,0.000139,0.000103,0.000082,0.000044,0.000037,0.000075,0.000077,0.000092,0.000061,0.000045,0.000032,0.000018,0.000004,0.000017,0.000039,0.000088
983,,,,,,,,,,,,,,0.000005,0.000111,0.000098,0.000112,0.000128,0.000147,0.000174,0.000189,0.000202,0.000168,0.000146,0.000119,0.000120,0.000122,0.000110,0.000119,0.000119,0.000127,0.000233,0.000177,0.000152,0.000126,0.000100,0.000096,0.000052,0.000047,0.000111,0.000105,0.000102,0.000072,0.000047,0.000034,0.000012,0.000006,0.000033,0.000069,0.000130
984,,,,,,,,,,,,,,0.000008,0.000181,0.000147,0.000138,0.000140,0.000145,0.000147,0.000133,0.000113,0.000116,0.000099,0.000088,0.000097,0.000101,0.000086,0.000083,0.000067,0.000067,0.000053,0.000061,0.000063,0.000060,0.000046,0.000047,0.000034,0.000048,0.000106,0.000096,0.000080,0.000069,0.000050,0.000032,0.000017,0.000004,0.000028,0.000074,0.000158
985,,,,,,,,,,,,,,0.000003,0.000054,0.000044,0.000045,0.000052,0.000055,0.000070,0.000080,0.000083,0.000085,0.000070,0.000059,0.000062,0.000072,0.000077,0.000090,0.000094,0.000090,0.000079,0.000083,0.000078,0.000073,0.000068,0.000068,0.000025,0.000033,0.000088,0.000085,0.000075,0.000052,0.000043,0.000030,0.000023,0.000004,0.000014,0.000033,0.000075
986,,,,,,,,,,,,,,0.000004,0.000107,0.000117,0.000137,0.000194,0.000293,0.000340,0.000376,0.000319,0.000271,0.000237,0.000181,0.000175,0.000148,0.000134,0.000125,0.000112,0.000111,0.000092,0.000100,0.000093,0.000077,0.000052,0.000042,0.000046,0.000069,0.000070,0.000047,0.000044,0.000048,0.000019,0.000012,0.000011,0.000010,0.000045,0.000079,0.000137
987,,,,,,,,,,,,,,0.000005,0.000127,0.000107,0.000090,0.000077,0.000074,0.000066,0.000078,0.000083,0.000073,0.000072,0.000068,0.000078,0.000076,0.000076,0.000086,0.000096,0.000104,0.000122,0.000122,0.000116,0.000098,0.000081,0.000076,0.000055,0.000069,0.000071,0.000074,0.000069,0.000060,0.000041,0.000023,0.000014,0.000005,0.000018,0.000034,0.000067
988,,,,,,,,,,,,,,0.000005,0.000120,0.000117,0.000146,0.000172,0.000233,0.000268,0.000315,0.000298,0.000293,0.000271,0.000249,0.000268,0.000280,0.000275,0.000297,0.000292,0.000274,0.000236,0.000269,0.000274,0.000261,0.000246,0.000237,0.000078,0.000099,0.000313,0.000293,0.000310,0.000193,0.000152,0.000083,0.000041,0.000004,0.000018,0.000051,0.000115
989,,,,,,,,,,,,,,0.000012,0.000146,0.000119,0.000125,0.000149,0.000164,0.000161,0.000182,0.000188,0.000201,0.000192,0.000187,0.000180,0.000192,0.000150,0.000150,0.000131,0.000112,0.000105,0.000118,0.000113,0.000101,0.000093,0.000061,0.000044,0.000050,0.000092,0.000092,0.000087,0.000064,0.000045,0.000020,0.000010,0.000007,0.000088,0.000373,0.000880
990,,,,,,,,,,,,,,0.000006,0.000146,0.000125,0.000110,0.000101,0.000102,0.000098,0.000113,0.000086,0.000081,0.000058,0.000056,0.000056,0.000058,0.000052,0.000051,0.000047,0.000053,0.000057,0.000077,0.000071,0.000067,0.000061,0.000060,0.000047,0.000048,0.000070,0.000056,0.000059,0.000048,0.000036,0.000034,0.000028,0.000010,0.000026,0.000029,0.000041
991,,,,,,,,,,,,,,0.000007,0.000111,0.000088,0.000066,0.000059,0.000051,0.000041,0.000011,0.000002,-0.000003,0.000010,0.000017,0.000020,0.000045,0.000047,0.000065,0.000078,0.000089,0.000081,0.000097,0.000098,0.000111,0.000109,0.000137,0.000086,0.000077,0.000148,0.000137,0.000134,0.000106,0.000110,0.000088,0.000064,0.000012,0.000038,0.000144,0.000367
992,,,,,,,,,,,,,,0.000011,0.000235,0.000263,0.000364,0.000500,0.000705,0.000851,0.001049,0.000983,0.001037,0.000916,0.000763,0.000750,0.000658,0.000568,0.000548,0.000476,0.000414,0.000331,0.000350,0.000322,0.000287,0.000219,0.000182,0.000048,0.000050,0.000171,0.000160,0.000158,0.000112,0.000090,0.000055,0.000027,0.000003,0.000026,0.000081,0.000194
993,,,,,,,,,,,,,,0.000005,0.000104,0.000108,0.000127,0.000133,0.000146,0.000139,0.000133,0.000136,0.000151,0.000153,0.000139,0.000153,0.000164,0.000192,0.000218,0.000224,0.000241,0.000210,0.000177,0.000144,0.000126,0.000098,0.000081,0.000048,0.000038,0.000076,0.000083,0.000072,0.000060,0.000039,0.000022,0.000012,0.000006,0.000034,0.000126,0.000327
994,,,,,,,,,,,,,,0.000004,0.000084,0.000070,0.000059,0.000047,0.000043,0.000055,0.000043,0.000068,0.000081,0.000091,0.000090,0.000114,0.000113,0.000119,0.000116,0.000126,0.000123,0.000114,0.000121,0.000114,0.000126,0.000122,0.000127,0.000089,0.000077,0.000144,0.000143,0.000159,0.000137,0.000136,0.000102,0.000076,0.000011,0.000027,0.000057,0.000098
995,,,,,,,,,,,,,,0.000002,0.000063,0.000059,0.000071,0.000081,0.000098,0.000101,0.000109,0.000100,0.000125,0.000140,0.000145,0.000180,0.000210,0.000246,0.000275,0.000298,0.000275,0.000258,0.000280,0.000247,0.000210,0.000170,0.000138,0.000050,0.000067,0.000180,0.000186,0.000197,0.000144,0.000114,0.000072,0.000040,0.000008,0.000019,0.000025,0.000055
996,,,,,,,,,,,,,,0.000003,0.000056,0.000082,0.000155,0.000236,0.000327,0.000365,0.000433,0.000398,0.000351,0.000282,0.000219,0.000220,0.000199,0.000182,0.000200,0.000181,0.000168,0.000165,0.000185,0.000183,0.000151,0.000150,0.000127,0.000084,0.000111,0.000432,0.000456,0.000356,0.000180,0.000121,0.000075,0.000039,0.000007,0.000027,0.000049,0.000083
997,,,,,,,,,,,,,,0.000007,0.000166,0.000141,0.000147,0.000147,0.000163,0.000176,0.000168,0.000153,0.000164,0.000152,0.000115,0.000124,0.000141,0.000138,0.000141,0.000129,0.000143,0.000133,0.000158,0.000166,0.000169,0.000156,0.000143,0.000064,0.000062,0.000181,0.000169,0.000161,0.000120,0.000132,0.000093,0.000061,0.000009,0.000026,0.000066,0.000149
998,,,,,,,,,,,,,,0.000013,0.000258,0.000265,0.000332,0.000372,0.000407,0.000390,0.000430,0.000359,0.000357,0.000317,0.000261,0.000294,0.000285,0.000294,0.000332,0.000342,0.000332,0.000284,0.000366,0.000359,0.000339,0.000289,0.000257,0.000078,0.000082,0.000176,0.000192,0.000204,0.000227,0.000137,0.000087,0.000062,0.000004,0.000035,0.000117,0.000292
999,,,,,,,,,,,,,,0.000005,0.000099,0.000086,0.000086,0.000101,0.000114,0.000117,0.000116,0.000099,0.000088,0.000072,0.000065,0.000072,0.000070,0.000068,0.000071,0.000071,0.000060,0.000069,0.000078,0.000093,0.000111,0.000110,0.000106,0.000045,0.000048,0.000128,0.000126,0.000111,0.000065,0.000044,0.000029,0.000020,0.000006,0.000039,0.000106,0.000213
1000,,,,,,,,,,,,,,0.000004,0.000094,0.000095,0.000123,0.000154,0.000213,0.000239,0.000305,0.000297,0.000328,0.000311,0.000268,0.000295,0.000282,0.000246,0.000262,0.000230,0.000196,0.000148,0.000172,0.000162,0.000143,0.000108,0.000083,0.000035,0.000033,0.000091,0.000084,0.000088,0.000082,0.000137,0.000074,0.000050,0.000004,0.000026,0.000074,0.000132
1001,,,,,,,,,,,,,,0.000008,0.000134,0.000127,0.000145,0.000160,0.000179,0.000186,0.000192,0.000164,0.000149,0.000129,0.000099,0.000105,0.000103,0.000097,0.000106,0.000099,0.000077,0.000068,0.000068,0.000054,0.000047,0.000027,0.000030,0.000020,0.000059,0.000324,0.000371,0.000322,0.000196,0.000171,0.000115,0.000067,0.000005,0.000024,0.000078,0.000206
1002,,,,,,,,,,,,,,0.000003,0.000091,0.000067,0.000057,0.000046,0.000048,0.000039,0.000056,0.000037,0.000036,0.000040,0.000046,0.000040,0.000045,0.000054,0.000066,0.000079,0.000104,0.000117,0.000130,0.000112,0.000111,0.000114,0.000128,0.000062,0.000080,0.000178,0.000181,0.000175,0.000147,0.000139,0.000112,0.000081,0.000012,0.000027,0.000047,0.000085
1003,,,,,,,,,,,,,,0.000003,0.000067,0.000057,0.000048,0.000049,0.000050,0.000054,0.000065,0.000070,0.000060,0.000063,0.000054,0.000090,0.000119,0.000135,0.000161,0.000146,0.000134,0.000145,0.000168,0.000148,0.000139,0.000119,0.000120,0.000049,0.000060,0.000123,0.000108,0.000126,0.000100,0.000089,0.000073,0.000054,0.000010,0.000029,0.000051,0.000066
1004,,,,,,,,,,,,,,0.000005,0.000132,0.000129,0.000155,0.000179,0.000220,0.000253,0.000288,0.000268,0.000246,0.000210,0.000180,0.000189,0.000173,0.000161,0.000162,0.000138,0.000116,0.000101,0.000130,0.000144,0.000152,0.000139,0.000135,0.000040,0.000036,0.000138,0.000137,0.000146,0.000101,0.000080,0.000051,0.000028,0.000003,0.000015,0.000042,0.000093
1005,,,,,,,,,,,,,,0.000003,0.000056,0.000049,0.000043,0.000039,0.000054,0.000039,0.000053,0.000055,0.000085,0.000103,0.000121,0.000163,0.000192,0.000233,0.000330,0.000421,0.000503,0.000539,0.000593,0.000581,0.000497,0.000367,0.000302,0.000089,0.000081,0.000253,0.000294,0.000308,0.000249,0.000222,0.000172,0.000110,0.000010,0.000023,0.000061,0.000113
1006,,,,,,,,,,,,,,0.000003,0.000074,0.000088,0.000093,0.000096,0.000094,0.000108,0.000105,0.000107,0.000097,0.000087,0.000076,0.000085,0.000082,0.000082,0.000068,0.000054,0.000065,0.000057,0.000058,0.000056,0.000070,0.000071,0.000068,0.000130,0.000154,0.000150,0.000129,0.000113,0.000103,0.000110,0.000082,0.000056,0.000009,0.000020,0.000027,0.000053
1007,,,,,,,,,,,,,,0.000003,0.000064,0.000082,0.000113,0.000147,0.000190,0.000216,0.000256,0.000234,0.000233,0.000213,0.000196,0.000207,0.000238,0.000245,0.000304,0.000330,0.000344,0.000312,0.000356,0.000298,0.000261,0.000179,0.000135,0.000043,0.000040,0.000121,0.000114,0.000103,0.000080,0.000057,0.000036,0.000027,0.000003,0.000014,0.000034,0.000061
1008,,,,,,,,,,,,,,0.000015,0.000343,0.000284,0.000245,0.000192,0.000179,0.000148,0.000145,0.000122,0.000112,0.000101,0.000078,0.000081,0.000068,0.000057,0.000061,0.000056,0.000060,0.000059,0.000072,0.000061,0.000054,0.000062,0.000061,0.000030,0.000049,0.000098,0.000084,0.000078,0.000066,0.000051,0.000032,0.000021,0.000005,0.000013,0.000028,0.000091
1009,,,,,,,,,,,,,,0.000003,0.000145,0.000169,0.000205,0.000225,0.000245,0.000246,0.000295,0.000251,0.000234,0.000232,0.000185,0.000219,0.000219,0.000205,0.000211,0.000208,0.000197,0.000155,0.000173,0.000163,0.000153,0.000134,0.000119,0.000042,0.000052,0.000179,0.000217,0.000283,0.000274,0.000369,0.000322,0.000198,0.000012,0.000019,0.000021,0.000004
1010,,,,,,,,,,,,,,0.000007,0.000167,0.000146,0.000158,0.000157,0.000198,0.000189,0.000202,0.000169,0.000160,0.000143,0.000121,0.000138,0.000125,0.000109,0.000109,0.000096,0.000096,0.000072,0.000070,0.000070,0.000061,0.000044,0.000033,0.000028,0.000039,0.000051,0.000056,0.000058,0.000042,0.000032,0.000022,0.000007,0.000005,0.000029,0.000067,0.000145
1011,,,,,,,,,,,,,,0.000007,0.000144,0.000147,0.000167,0.000189,0.000221,0.000229,0.000252,0.000231,0.000223,0.000200,0.000176,0.000174,0.000166,0.000158,0.000193,0.000204,0.000222,0.000213,0.000247,0.000229,0.000207,0.000144,0.000130,0.000037,0.000045,0.000162,0.000152,0.000155,0.000110,0.000090,0.000057,0.000039,0.000004,0.000022,0.000066,0.000195
1012,,,,,,,,,,,,,,0.000004,0.000094,0.000091,0.000105,0.000115,0.000139,0.000140,0.000157,0.000139,0.000135,0.000114,0.000096,0.000107,0.000106,0.000091,0.000103,0.000107,0.000097,0.000082,0.000092,0.000093,0.000088,0.000068,0.000066,0.000036,0.000031,0.000074,0.000074,0.000095,0.000070,0.000059,0.000044,0.000027,0.000002,0.000010,0.000033,0.000066
1013,,,,,,,,,,,,,,0.000003,0.000065,0.000072,0.000086,0.000095,0.000113,0.000140,0.000188,0.000214,0.000257,0.000255,0.000235,0.000290,0.000286,0.000251,0.000284,0.000247,0.000242,0.000183,0.000199,0.000172,0.000167,0.000111,0.000081,0.000033,0.000054,0.000151,0.000169,0.000152,0.000099,0.000104,0.000121,0.000101,0.000010,0.000022,0.000043,0.000077
1014,,,,,,,,,,,,,,0.000003,0.000061,0.000050,0.000055,0.000053,0.000108,0.000101,0.000106,0.000072,0.000057,0.000052,0.000046,0.000043,0.000052,0.000051,0.000063,0.000068,0.000064,0.000061,0.000067,0.000074,0.000075,0.000076,0.000071,0.000038,0.000052,0.000096,0.000080,0.000076,0.000060,0.000056,0.000038,0.000022,0.000005,0.000018,0.000038,0.000074
1015,,,,,,,,,,,,,,0.000006,0.000106,0.000115,0.000140,0.000168,0.000194,0.000205,0.000208,0.000175,0.000173,0.000147,0.000130,0.000124,0.000116,0.000114,0.000108,0.000091,0.000091,0.000082,0.000086,0.000089,0.000081,0.000063,0.000062,0.000028,0.000027,0.000072,0.000076,0.000082,0.000064,0.000057,0.000034,0.000017,0.000002,0.000020,0.000053,0.000124
1016,,,,,,,,,,,,,,0.000006,0.000131,0.000115,0.000119,0.000132,0.000157,0.000166,0.000198,0.000165,0.000175,0.000153,0.000124,0.000127,0.000128,0.000114,0.000130,0.000123,0.000113,0.000106,0.000105,0.000091,0.000079,0.000059,0.000057,0.000027,0.000032,0.000083,0.000079,0.000080,0.000059,0.000059,0.000042,0.000027,0.000004,0.000017,0.000044,0.000090
1017,,,,,,,,,,,,,,0.000005,0.000098,0.000085,0.000078,0.000075,0.000075,0.000066,0.000084,0.000075,0.000087,0.000085,0.000078,0.000082,0.000080,0.000086,0.000095,0.000107,0.000112,0.000094,0.000110,0.000130,0.000139,0.000130,0.000133,0.000055,0.000061,0.000144,0.000135,0.000134,0.000100,0.000090,0.000077,0.000059,0.000006,0.000016,0.000031,0.000045
1018,,,,,,,,,,,,,,0.000008,0.000167,0.000192,0.000248,0.000280,0.000334,0.000393,0.000406,0.000381,0.000399,0.000368,0.000348,0.000368,0.000353,0.000313,0.000308,0.000256,0.000204,0.000164,0.000177,0.000155,0.000143,0.000111,0.000093,0.000027,0.000012,0.000049,0.000067,0.000094,0.000092,0.000124,0.000109,0.000080,0.000007,0.000041,0.000098,0.000178
1019,,,,,,,,,,,,,,0.000006,0.000106,0.000079,0.000064,0.000058,0.000062,0.000076,0.000069,0.000057,0.000042,0.000040,0.000038,0.000037,0.000049,0.000051,0.000053,0.000070,0.000075,0.000088,0.000096,0.000099,0.000092,0.000087,0.000093,0.000049,0.000052,0.000110,0.000143,0.000142,0.000117,0.000084,0.000069,0.000051,0.000011,0.000060,0.000163,0.000316
1020,,,,,,,,,,,,,,0.000007,0.000166,0.000183,0.000208,0.000238,0.000236,0.000239,0.000244,0.000189,0.000169,0.000147,0.000114,0.000123,0.000116,0.000122,0.000119,0.000118,0.000119,0.000095,0.000123,0.000119,0.000104,0.000089,0.000090,0.000048,0.000067,0.000098,0.000103,0.000108,0.000095,0.000069,0.000051,0.000037,0.000005,0.000025,0.000069,0.000164
1021,,,,,,,,,,,,,,0.000006,0.000114,0.000086,0.000100,0.000098,0.000103,0.000117,0.000133,0.000140,0.000137,0.000126,0.000109,0.000141,0.000143,0.000149,0.000170,0.000170,0.000176,0.000149,0.000173,0.000155,0.000133,0.000109,0.000087,0.000029,0.000037,0.000080,0.000078,0.000059,0.000041,0.000030,0.000016,0.000011,0.000005,0.000017,0.000029,0.000064
1022,,,,,,,,,,,,,,0.000003,0.000054,0.000050,0.000054,0.000061,0.000060,0.000062,0.000068,0.000080,0.000084,0.000074,0.000066,0.000068,0.000062,0.000055,0.000066,0.000069,0.000066,0.000060,0.000075,0.000090,0.000107,0.000135,0.000144,0.000052,0.000044,0.000098,0.000080,0.000076,0.000062,0.000053,0.000043,0.000031,0.000006,0.000018,0.000029,0.000049
1023,,,,,,,,,,,,,,0.000005,0.000110,0.000100,0.000096,0.000105,0.000132,0.000126,0.000178,0.000204,0.000215,0.000206,0.000185,0.000199,0.000193,0.000171,0.000165,0.000145,0.000134,0.000104,0.000090,0.000076,0.000066,0.000041,0.000032,0.000029,0.000069,0.000112,0.000113,0.000125,0.000182,0.000114,0.000074,0.000048,0.000007,0.000030,0.000060,0.000094
1024,,,,,,,,,,,,,,0.000007,0.000151,0.000155,0.000192,0.000239,0.000328,0.000394,0.000371,0.000301,0.000272,0.000211,0.000168,0.000173,0.000165,0.000150,0.000157,0.000153,0.000152,0.000130,0.000144,0.000130,0.000101,0.000077,0.000070,0.000033,0.000031,0.000084,0.000077,0.000083,0.000069,0.000053,0.000022,0.000017,0.000005,0.000024,0.000059,0.000131
1025,,,,,,,,,,,,,,0.000011,0.000250,0.000233,0.000253,0.000283,0.000284,0.000233,0.000199,0.000125,0.000123,0.000089,0.000067,0.000071,0.000067,0.000069,0.000078,0.000073,0.000082,0.000087,0.000084,0.000098,0.000095,0.000112,0.000090,0.000061,0.000083,0.000097,0.000079,0.000083,0.000074,0.000058,0.000050,0.000032,0.000007,0.000015,0.000012,0.000039
1026,,,,,,,,,,,,,,0.000005,0.000128,0.000135,0.000153,0.000172,0.000188,0.000202,0.000234,0.000198,0.000198,0.000188,0.000173,0.000189,0.000188,0.000171,0.000185,0.000175,0.000166,0.000145,0.000185,0.000199,0.000193,0.000150,0.000120,0.000037,0.000036,0.000093,0.000086,0.000083,0.000050,0.000043,0.000029,0.000012,0.000002,0.000018,0.000063,0.000123
1027,,,,,,,,,,,,,,0.000002,0.000059,0.000057,0.000049,0.000051,0.000048,0.000064,0.000046,0.000048,0.000052,0.000054,0.000054,0.000070,0.000079,0.000087,0.000093,0.000104,0.000106,0.000111,0.000117,0.000121,0.000128,0.000111,0.000096,0.000058,0.000055,0.000089,0.000082,0.000077,0.000068,0.000062,0.000060,0.000048,0.000008,0.000025,0.000041,0.000062
1028,,,,,,,,,,,,,,0.000004,0.000100,0.000082,0.000076,0.000075,0.000075,0.000082,0.000108,0.000101,0.000108,0.000104,0.000095,0.000087,0.000088,0.000090,0.000089,0.000091,0.000079,0.000077,0.000107,0.000112,0.000112,0.000099,0.000111,0.000062,0.000049,0.000120,0.000116,0.000113,0.000212,0.000093,0.000080,0.000049,0.000006,0.000024,0.000061,0.000127
1029,,,,,,,,,,,,,,0.000003,0.000059,0.000061,0.000087,0.000107,0.000122,0.000151,0.000168,0.000181,0.000195,0.000199,0.000190,0.000212,0.000201,0.000182,0.000184,0.000176,0.000155,0.000139,0.000178,0.000160,0.000158,0.000166,0.000200,0.000086,0.000098,0.000124,0.000115,0.000122,0.000100,0.000088,0.000069,0.000047,0.000004,0.000019,0.000049,0.000103
1030,,,,,,,,,,,,,,0.000003,0.000059,0.000045,0.000045,0.000061,0.000078,0.000101,0.000097,0.000104,0.000099,0.000089,0.000080,0.000104,0.000094,0.000094,0.000104,0.000100,0.000109,0.000123,0.000143,0.000147,0.000158,0.000157,0.000156,0.000063,0.000051,0.000117,0.000119,0.000142,0.000118,0.000111,0.000092,0.000079,0.000016,0.000055,0.000077,0.000122
1031,,,,,,,,,,,,,,0.000008,0.000196,0.000203,0.000232,0.000251,0.000295,0.000283,0.000321,0.000272,0.000272,0.000239,0.000199,0.000234,0.000251,0.000247,0.000248,0.000249,0.000245,0.000232,0.000272,0.000242,0.000215,0.000162,0.000110,0.000036,0.000034,0.000093,0.000099,0.000095,0.000081,0.000063,0.000041,0.000023,0.000004,0.000037,0.000136,0.000170
1032,,,,,,,,,,,,,,0.000005,0.000111,0.000109,0.000115,0.000124,0.000132,0.000145,0.000151,0.000140,0.000128,0.000118,0.000099,0.000113,0.000110,0.000112,0.000113,0.000119,0.000126,0.000120,0.000145,0.000148,0.000153,0.000156,0.000130,0.000042,0.000033,0.000154,0.000158,0.000148,0.000106,0.000090,0.000064,0.000040,0.000005,0.000017,0.000038,0.000089
1033,,,,,,,,,,,,,,0.000004,0.000066,0.000059,0.000063,0.000067,0.000073,0.000077,0.000080,0.000087,0.000078,0.000081,0.000084,0.000098,0.000093,0.000076,0.000084,0.000081,0.000081,0.000077,0.000083,0.000090,0.000103,0.000083,0.000086,0.000044,0.000058,0.000195,0.000195,0.000205,0.000141,0.000116,0.000085,0.000066,0.000008,0.000020,0.000029,0.000063
1034,,,,,,,,,,,,,,0.000006,0.000162,0.000150,0.000134,0.000132,0.000136,0.000146,0.000165,0.000167,0.000183,0.000192,0.000188,0.000246,0.000288,0.000324,0.000374,0.000375,0.000362,0.000296,0.000260,0.000212,0.000180,0.000168,0.000151,0.000046,0.000042,0.000104,0.000096,0.000090,0.000069,0.000056,0.000040,0.000023,0.000004,0.000018,0.000045,0.000094
1035,,,,,,,,,,,,,,0.000004,0.000165,0.000194,0.000213,0.000196,0.000186,0.000158,0.000150,0.000126,0.000131,0.000109,0.000098,0.000113,0.000112,0.000188,0.000158,0.000160,0.000174,0.000182,0.000122,0.000100,0.000102,0.000086,0.000091,0.000043,0.000039,0.000158,0.000209,0.000239,0.000199,0.000180,0.000125,0.000075,0.000005,0.000014,0.000039,0.000094
1036,,,,,,,,,,,,,,0.000004,0.000064,0.000061,0.000071,0.000089,0.000106,0.000112,0.000129,0.000114,0.000132,0.000160,0.000168,0.000211,0.000251,0.000249,0.000250,0.000201,0.000172,0.000111,0.000106,0.000090,0.000072,0.000055,0.000051,0.000033,0.000040,0.000099,0.000111,0.000117,0.000079,0.000071,0.000042,0.000021,0.000004,0.000029,0.000126,0.000308
1037,,,,,,,,,,,,,,0.000008,0.000144,0.000114,0.000114,0.000119,0.000147,0.000173,0.000237,0.000252,0.000264,0.000263,0.000231,0.000257,0.000258,0.000256,0.000270,0.000249,0.000225,0.000193,0.000205,0.000164,0.000145,0.000108,0.000106,0.000129,0.000155,0.000219,0.000165,0.000156,0.000116,0.000086,0.000065,0.000038,0.000004,0.000022,0.000080,0.000192
1038,,,,,,,,,,,,,,0.000005,0.000155,0.000240,0.000427,0.000617,0.000808,0.000779,0.000843,0.000627,0.000535,0.000420,0.000311,0.000273,0.000242,0.000186,0.000175,0.000155,0.000132,0.000108,0.000111,0.000104,0.000089,0.000075,0.000074,0.000030,0.000022,0.000073,0.000078,0.000079,0.000064,0.000053,0.000038,0.000027,0.000003,0.000012,0.000044,0.000068
1039,,,,,,,,,,,,,,0.000004,0.000063,0.000063,0.000059,0.000073,0.000087,0.000113,0.000120,0.000091,0.000107,0.000099,0.000099,0.000104,0.000098,0.000093,0.000085,0.000087,0.000091,0.000083,0.000121,0.000146,0.000147,0.000134,0.000125,0.000076,0.000071,0.000157,0.000158,0.000160,0.000142,0.000144,0.000123,0.000093,0.000021,0.000051,0.000061,0.000103
1040,,,,,,,,,,,,,,0.000004,0.000114,0.000114,0.000130,0.000152,0.000191,0.000226,0.000306,0.000322,0.000381,0.000404,0.000401,0.000508,0.000582,0.000581,0.000688,0.000654,0.000676,0.000611,0.000591,0.000518,0.000409,0.000290,0.000244,0.000063,0.000052,0.000164,0.000158,0.000168,0.000138,0.000124,0.000096,0.000075,0.000006,0.000016,0.000041,0.000073
1041,,,,,,,,,,,,,,0.000004,0.000058,0.000060,0.000066,0.000069,0.000075,0.000073,0.000086,0.000074,0.000060,0.000067,0.000061,0.000068,0.000073,0.000078,0.000091,0.000092,0.000101,0.000099,0.000108,0.000105,0.000087,0.000072,0.000110,0.000077,0.000101,0.000180,0.000165,0.000136,0.000089,0.000065,0.000058,0.000042,0.000005,0.000020,0.000048,0.000111
1042,,,,,,,,,,,,,,0.000003,0.000056,0.000047,0.000062,0.000078,0.000110,0.000105,0.000106,0.000091,0.000075,0.000071,0.000049,0.000058,0.000063,0.000063,0.000073,0.000082,0.000093,0.000087,0.000087,0.000083,0.000085,0.000073,0.000061,0.000035,0.000048,0.000114,0.000125,0.000128,0.000094,0.000075,0.000049,0.000035,0.000008,0.000022,0.000039,0.000067
1043,,,,,,,,,,,,,,0.000011,0.000205,0.000194,0.000217,0.000223,0.000245,0.000211,0.000213,0.000196,0.000183,0.000154,0.000125,0.000125,0.000126,0.000132,0.000141,0.000165,0.000153,0.000136,0.000138,0.000126,0.000114,0.000092,0.000072,0.000046,0.000040,0.000142,0.000161,0.000176,0.000154,0.000165,0.000120,0.000076,0.000005,0.000049,0.000163,0.000358
1044,,,,,,,,,,,,,,0.000005,0.000072,0.000055,0.000051,0.000043,0.000033,0.000046,0.000037,0.000043,0.000036,0.000045,0.000049,0.000052,0.000048,0.000032,0.000044,0.000055,0.000056,0.000078,0.000079,0.000083,0.000077,0.000057,0.000053,0.000034,0.000047,0.000071,0.000061,0.000056,0.000050,0.000053,0.000043,0.000038,0.000008,0.000025,0.000090,0.000158
1045,,,,,,,,,,,,,,0.000007,0.000145,0.000089,0.000055,0.000069,0.000090,0.000192,0.000120,0.000107,0.000119,0.000112,0.000103,0.000113,0.000114,0.000102,0.000119,0.000113,0.000115,0.000090,0.000095,0.000090,0.000087,0.000084,0.000072,0.000030,0.000037,0.000089,0.000084,0.000075,0.000069,0.000057,0.000049,0.000037,0.000006,0.000026,0.000072,0.000118
1046,,,,,,,,,,,,,,0.000002,0.000059,0.000046,0.000059,0.000071,0.000084,0.000088,0.000107,0.000091,0.000116,0.000127,0.000118,0.000132,0.000138,0.000150,0.000145,0.000135,0.000110,0.000091,0.000104,0.000102,0.000106,0.000091,0.000075,0.000036,0.000034,0.000117,0.000118,0.000125,0.000105,0.000093,0.000071,0.000052,0.000007,0.000017,0.000030,0.000039
1047,,,,,,,,,,,,,,0.000003,0.000100,0.000104,0.000163,0.000252,0.000337,0.000380,0.000393,0.000354,0.000349,0.000316,0.000341,0.000279,0.000227,0.000182,0.000172,0.000153,0.000129,0.000111,0.000127,0.000138,0.000138,0.000132,0.000136,0.000046,0.000038,0.000133,0.000145,0.000153,0.000124,0.000108,0.000079,0.000054,0.000003,0.000012,0.000031,0.000051
1048,,,,,,,,,,,,,,0.000004,0.000064,0.000064,0.000080,0.000087,0.000089,0.000087,0.000091,0.000079,0.000080,0.000071,0.000064,0.000067,0.000068,0.000052,0.000048,0.000037,0.000037,0.000038,0.000043,0.000049,0.000043,0.000040,0.000037,0.000015,0.000019,0.000027,0.000039,0.000048,0.000040,0.000044,0.000043,0.000038,0.000006,0.000017,0.000036,0.000075
1049,,,,,,,,,,,,,,0.000006,0.000115,0.000103,0.000111,0.000110,0.000135,0.000149,0.000164,0.000149,0.000156,0.000143,0.000126,0.000139,0.000136,0.000128,0.000142,0.000153,0.000153,0.000131,0.000150,0.000159,0.000153,0.000127,0.000119,0.000038,0.000037,0.000099,0.000104,0.000109,0.000088,0.000075,0.000036,0.000027,0.000004,0.000020,0.000063,0.000172
1050,,,,,,,,,,,,,,0.000002,0.000081,0.000156,0.000334,0.000567,0.000861,0.001037,0.001203,0.001059,0.000970,0.000737,0.000548,0.000515,0.000417,0.000323,0.000301,0.000230,0.000178,0.000128,0.000125,0.000100,0.000085,0.000070,0.000076,0.000031,0.000053,0.000273,0.000370,0.000508,0.000489,0.000503,0.000342,0.000175,0.000008,0.000020,0.000017,0.000034
1051,,,,,,,,,,,,,,0.000006,0.000125,0.000157,0.000237,0.000354,0.000502,0.000605,0.000652,0.000572,0.000526,0.000453,0.000385,0.000355,0.000317,0.000280,0.000289,0.000257,0.000245,0.000213,0.000236,0.000221,0.000202,0.000157,0.000125,0.000032,0.000032,0.000098,0.000106,0.000114,0.000082,0.000071,0.000045,0.000027,0.000003,0.000030,0.000068,0.000149
1052,,,,,,,,,,,,,,0.000002,0.000049,0.000054,0.000055,0.000077,0.000097,0.000107,0.000102,0.000088,0.000086,0.000088,0.000094,0.000115,0.000143,0.000172,0.000236,0.000265,0.000306,0.000255,0.000255,0.000215,0.000160,0.000116,0.000119,0.000061,0.000094,0.000303,0.000347,0.000436,0.000364,0.000350,0.000187,0.000089,0.000009,0.000036,0.000084,0.000133
1053,,,,,,,,,,,,,,0.000004,0.000094,0.000092,0.000081,0.000074,0.000077,0.000068,0.000051,0.000040,0.000045,0.000040,0.000053,0.000052,0.000049,0.000045,0.000051,0.000057,0.000069,0.000055,0.000063,0.000073,0.000094,0.000097,0.000095,0.000049,0.000052,0.000102,0.000099,0.000100,0.000086,0.000093,0.000101,0.000069,0.000010,0.000034,0.000077,0.000139
1054,,,,,,,,,,,,,,0.000009,0.000141,0.000118,0.000108,0.000088,0.000084,0.000082,0.000075,0.000064,0.000065,0.000059,0.000056,0.000062,0.000065,0.000059,0.000059,0.000046,0.000047,0.000040,0.000040,0.000044,0.000046,0.000040,0.000034,0.000016,0.000018,0.000023,0.000029,0.000034,0.000030,0.000028,0.000040,0.000042,0.000008,0.000019,0.000040,0.000111
1055,,,,,,,,,,,,,,0.000005,0.000097,0.000096,0.000104,0.000110,0.000125,0.000140,0.000156,0.000131,0.000125,0.000123,0.000118,0.000133,0.000141,0.000121,0.000137,0.000135,0.000131,0.000125,0.000149,0.000170,0.000193,0.000176,0.000186,0.000058,0.000097,0.000292,0.000239,0.000213,0.000168,0.000108,0.000068,0.000031,0.000003,0.000018,0.000096,0.000248
1056,,,,,,,,,,,,,,0.000002,0.000050,0.000047,0.000035,0.000039,0.000046,0.000056,0.000060,0.000068,0.000080,0.000083,0.000079,0.000084,0.000082,0.000085,0.000106,0.000143,0.000185,0.000259,0.000367,0.000408,0.000371,0.000311,0.000209,0.000067,0.000068,0.000126,0.000114,0.000102,0.000074,0.000066,0.000042,0.000024,0.000006,0.000020,0.000038,0.000067
1057,,,,,,,,,,,,,,0.000008,0.000142,0.000104,0.000089,0.000075,0.000069,0.000069,0.000073,0.000072,0.000056,0.000047,0.000038,0.000030,0.000041,0.000053,0.000084,0.000111,0.000133,0.000162,0.000221,0.000223,0.000184,0.000143,0.000118,0.000058,0.000083,0.000126,0.000101,0.000090,0.000073,0.000051,0.000037,0.000020,0.000006,0.000047,0.000131,0.000306
1058,,,,,,,,,,,,,,0.000004,0.000108,0.000096,0.000077,0.000077,0.000095,0.000106,0.000140,0.000159,0.000199,0.000224,0.000213,0.000234,0.000243,0.000227,0.000238,0.000208,0.000183,0.000152,0.000162,0.000163,0.000165,0.000222,0.000286,0.000169,0.000139,0.000182,0.000152,0.000248,0.000178,0.000113,0.000081,0.000056,0.000012,0.000035,0.000062,0.000098
1059,,,,,,,,,,,,,,0.000006,0.000133,0.000112,0.000096,0.000082,0.000086,0.000104,0.000109,0.000108,0.000100,0.000096,0.000087,0.000108,0.000118,0.000136,0.000160,0.000166,0.000157,0.000134,0.000136,0.000122,0.000107,0.000086,0.000077,0.000030,0.000044,0.000092,0.000090,0.000090,0.000075,0.000047,0.000023,0.000013,0.000004,0.000011,0.000021,0.000062
1060,,,,,,,,,,,,,,0.000003,0.000057,0.000055,0.000068,0.000085,0.000106,0.000123,0.000131,0.000114,0.000113,0.000103,0.000097,0.000107,0.000107,0.000114,0.000129,0.000131,0.000117,0.000112,0.000131,0.000140,0.000168,0.000182,0.000218,0.000124,0.000113,0.000176,0.000208,0.000195,0.000140,0.000126,0.000102,0.000087,0.000009,0.000034,0.000085,0.000095
1061,,,,,,,,,,,,,,0.000003,0.000070,0.000057,0.000054,0.000048,0.000059,0.000052,0.000061,0.000048,0.000046,0.000049,0.000044,0.000043,0.000058,0.000053,0.000071,0.000079,0.000085,0.000082,0.000100,0.000094,0.000086,0.000100,0.000087,0.000060,0.000060,0.000141,0.000141,0.000153,0.000113,0.000089,0.000061,0.000048,0.000007,0.000016,0.000024,0.000065
1062,,,,,,,,,,,,,,0.000007,0.000110,0.000079,0.000074,0.000086,0.000098,0.000119,0.000129,0.000125,0.000110,0.000093,0.000077,0.000092,0.000102,0.000110,0.000131,0.000119,0.000106,0.000098,0.000094,0.000114,0.000127,0.000124,0.000122,0.000063,0.000080,0.000096,0.000079,0.000107,0.000076,0.000055,0.000051,0.000039,0.000007,0.000036,0.000163,0.000493
1063,,,,,,,,,,,,,,0.000008,0.000150,0.000128,0.000144,0.000162,0.000182,0.000204,0.000237,0.000228,0.000204,0.000180,0.000170,0.000161,0.000138,0.000135,0.000127,0.000110,0.000100,0.000097,0.000092,0.000091,0.000094,0.000085,0.000087,0.000087,0.000151,0.000140,0.000094,0.000068,0.000048,0.000035,0.000024,0.000015,0.000003,0.000023,0.000058,0.000128
1064,,,,,,,,,,,,,,0.000009,0.000126,0.000085,0.000080,0.000070,0.000069,0.000056,0.000045,0.000047,0.000049,0.000059,0.000058,0.000063,0.000075,0.000062,0.000066,0.000067,0.000065,0.000052,0.000072,0.000086,0.000095,0.000092,0.000071,0.000052,0.000077,0.000119,0.000102,0.000087,0.000072,0.000077,0.000054,0.000039,0.000012,0.000058,0.000137,0.000345
1065,,,,,,,,,,,,,,0.000004,0.000065,0.000049,0.000059,0.000062,0.000081,0.000086,0.000095,0.000090,0.000099,0.000096,0.000084,0.000099,0.000113,0.000127,0.000182,0.000214,0.000261,0.000311,0.000429,0.000476,0.000489,0.000449,0.000419,0.000120,0.000147,0.000475,0.000415,0.000388,0.000258,0.000201,0.000129,0.000069,0.000007,0.000019,0.000047,0.000090
1066,,,,,,,,,,,,,,0.000008,0.000131,0.000119,0.000135,0.000145,0.000171,0.000180,0.000214,0.000192,0.000218,0.000206,0.000199,0.000208,0.000214,0.000222,0.000243,0.000227,0.000206,0.000154,0.000148,0.000128,0.000107,0.000080,0.000069,0.000032,0.000033,0.000087,0.000087,0.000076,0.000116,0.000056,0.000035,0.000020,0.000004,0.000028,0.000052,0.000093
1067,,,,,,,,,,,,,,0.000004,0.000089,0.000083,0.000106,0.000132,0.000173,0.000222,0.000241,0.000246,0.000232,0.000225,0.000236,0.000237,0.000224,0.000182,0.000192,0.000175,0.000162,0.000136,0.000162,0.000165,0.000157,0.000140,0.000148,0.000044,0.000034,0.000155,0.000164,0.000176,0.000142,0.000118,0.000084,0.000054,0.000003,0.000017,0.000041,0.000091
1068,,,,,,,,,,,,,,0.000004,0.000073,0.000063,0.000065,0.000058,0.000055,0.000046,0.000045,0.000026,0.000019,0.000019,0.000014,0.000017,0.000016,0.000003,0.000014,0.000023,0.000030,0.000035,0.000046,0.000052,0.000060,0.000076,0.000087,0.000082,0.000065,0.000124,0.000120,0.000112,0.000083,0.000061,0.000045,0.000030,0.000012,0.000044,0.000063,0.000124
1069,,,,,,,,,,,,,,0.000003,0.000055,0.000055,0.000066,0.000070,0.000088,0.000078,0.000083,0.000085,0.000081,0.000074,0.000074,0.000070,0.000071,0.000073,0.000089,0.000087,0.000084,0.000092,0.000077,0.000071,0.000066,0.000068,0.000069,0.000040,0.000057,0.000089,0.000089,0.000087,0.000072,0.000069,0.000064,0.000054,0.000010,0.000033,0.000060,0.000090
1070,,,,,,,,,,,,,,0.000009,0.000121,0.000089,0.000065,0.000053,0.000047,0.000049,0.000055,0.000060,0.000051,0.000051,0.000052,0.000047,0.000044,0.000048,0.000064,0.000064,0.000071,0.000074,0.000075,0.000081,0.000085,0.000093,0.000098,0.000064,0.000067,0.000106,0.000112,0.000107,0.000077,0.000060,0.000043,0.000038,0.000007,0.000019,0.000059,0.000139
1071,,,,,,,,,,,,,,0.000003,0.000073,0.000072,0.000074,0.000079,0.000104,0.000113,0.000114,0.000088,0.000104,0.000096,0.000083,0.000094,0.000096,0.000082,0.000085,0.000070,0.000063,0.000063,0.000075,0.000077,0.000070,0.000066,0.000070,0.000060,0.000059,0.000109,0.000076,0.000066,0.000057,0.000044,0.000026,0.000014,0.000004,0.000019,0.000041,0.000088
1072,,,,,,,,,,,,,,0.000005,0.000159,0.000203,0.000356,0.000507,0.000653,0.000638,0.000667,0.000522,0.000428,0.000336,0.000234,0.000207,0.000203,0.000195,0.000188,0.000151,0.000126,0.000100,0.000099,0.000092,0.000100,0.000101,0.000103,0.000068,0.000045,0.000096,0.000095,0.000086,0.000072,0.000067,0.000042,0.000032,0.000007,0.000029,0.000068,0.000133
1073,,,,,,,,,,,,,,0.000012,0.000180,0.000117,0.000087,0.000072,0.000058,0.000047,0.000044,0.000038,0.000018,0.000019,0.000043,0.000027,0.000050,0.000056,0.000037,0.000038,0.000047,0.000062,0.000083,0.000091,0.000109,0.000112,0.000119,0.000068,0.000112,0.000445,0.000403,0.000275,0.000183,0.000153,0.000107,0.000073,0.000012,0.000044,0.000133,0.000346
1074,,,,,,,,,,,,,,0.000012,0.000168,0.000129,0.000119,0.000117,0.000124,0.000125,0.000141,0.000128,0.000139,0.000133,0.000119,0.000149,0.000168,0.000161,0.000180,0.000184,0.000184,0.000151,0.000182,0.000170,0.000159,0.000139,0.000150,0.000049,0.000049,0.000160,0.000163,0.000140,0.000110,0.000096,0.000068,0.000049,0.000005,0.000014,0.000047,0.000140
1075,,,,,,,,,,,,,,0.000002,0.000047,0.000053,0.000071,0.000084,0.000133,0.000212,0.000247,0.000253,0.000235,0.000235,0.000271,0.000265,0.000266,0.000289,0.000295,0.000284,0.000319,0.000364,0.000347,0.000344,0.000315,0.000278,0.000262,0.000081,0.000107,0.000372,0.000372,0.000385,0.000253,0.000180,0.000094,0.000043,0.000005,0.000017,0.000039,0.000057
1076,,,,,,,,,,,,,,0.000005,0.000128,0.000115,0.000121,0.000128,0.000149,0.000146,0.000179,0.000170,0.000164,0.000148,0.000134,0.000148,0.000140,0.000118,0.000123,0.000105,0.000070,0.000068,0.000078,0.000078,0.000087,0.000084,0.000082,0.000036,0.000045,0.000125,0.000124,0.000121,0.000099,0.000094,0.000072,0.000045,0.000004,0.000016,0.000048,0.000097
1077,,,,,,,,,,,,,,0.000015,0.000373,0.000422,0.000489,0.000486,0.000525,0.000478,0.000482,0.000394,0.000352,0.000312,0.000257,0.000245,0.000223,0.000189,0.000161,0.000131,0.000094,0.000062,0.000042,0.000033,0.000034,0.000037,0.000049,0.000032,0.000060,0.000109,0.000132,0.000150,0.000102,0.000077,0.000036,0.000021,0.000011,0.000119,0.000240,0.000376
1078,,,,,,,,,,,,,,0.000009,0.000218,0.000192,0.000176,0.000173,0.000186,0.000180,0.000192,0.000184,0.000174,0.000153,0.000148,0.000158,0.000179,0.000167,0.000177,0.000172,0.000141,0.000119,0.000118,0.000130,0.000133,0.000120,0.000114,0.000075,0.000088,0.000210,0.000207,0.000210,0.000151,0.000111,0.000057,0.000019,0.000004,0.000023,0.000053,0.000104
1079,,,,,,,,,,,,,,0.000004,0.000134,0.000136,0.000167,0.000191,0.000231,0.000238,0.000303,0.000285,0.000275,0.000253,0.000227,0.000248,0.000225,0.000210,0.000191,0.000168,0.000117,0.000087,0.000084,0.000079,0.000060,0.000072,0.000058,0.000021,0.000025,0.000078,0.000082,0.000092,0.000076,0.000058,0.000039,0.000036,0.000006,0.000025,0.000044,0.000101
1080,,,,,,,,,,,,,,0.000002,0.000044,0.000038,0.000041,0.000059,0.000089,0.000132,0.000178,0.000177,0.000224,0.000220,0.000184,0.000191,0.000156,0.000143,0.000135,0.000120,0.000114,0.000082,0.000103,0.000101,0.000094,0.000072,0.000051,0.000042,0.000056,0.000097,0.000128,0.000188,0.000181,0.000200,0.000167,0.000119,0.000018,0.000051,0.000053,0.000086
1081,,,,,,,,,,,,,,0.000003,0.000075,0.000061,0.000057,0.000070,0.000074,0.000082,0.000101,0.000096,0.000105,0.000118,0.000122,0.000149,0.000174,0.000189,0.000201,0.000203,0.000193,0.000157,0.000179,0.000167,0.000163,0.000157,0.000143,0.000057,0.000070,0.000132,0.000132,0.000134,0.000089,0.000071,0.000043,0.000020,0.000006,0.000017,0.000030,0.000065
1082,,,,,,,,,,,,,,0.000006,0.000081,0.000083,0.000089,0.000093,0.000114,0.000118,0.000140,0.000125,0.000133,0.000159,0.000168,0.000254,0.000384,0.000560,0.000775,0.000908,0.000982,0.000940,0.000891,0.000755,0.000623,0.000443,0.000342,0.000091,0.000076,0.000277,0.000277,0.000277,0.000200,0.000176,0.000127,0.000070,0.000006,0.000033,0.000142,0.000322
1083,,,,,,,,,,,,,,0.000005,0.000126,0.000152,0.000238,0.000374,0.000603,0.000838,0.001144,0.001211,0.001298,0.001227,0.001103,0.001194,0.001087,0.000981,0.000964,0.000817,0.000691,0.000536,0.000537,0.000446,0.000380,0.000291,0.000216,0.000059,0.000062,0.000159,0.000154,0.000164,0.000121,0.000092,0.000052,0.000030,0.000003,0.000026,0.000043,0.000084
1084,,,,,,,,,,,,,,0.000009,0.000234,0.000264,0.000369,0.000502,0.000709,0.000794,0.000849,0.000705,0.000622,0.000476,0.000374,0.000363,0.000314,0.000280,0.000279,0.000258,0.000228,0.000190,0.000215,0.000191,0.000155,0.000117,0.000076,0.000031,0.000039,0.000084,0.000086,0.000087,0.000081,0.000060,0.000034,0.000021,0.000003,0.000019,0.000046,0.000099
1085,,,,,,,,,,,,,,0.000004,0.000099,0.000092,0.000125,0.000177,0.000261,0.000337,0.000504,0.000521,0.000599,0.000582,0.000523,0.000537,0.000475,0.000415,0.000398,0.000326,0.000277,0.000219,0.000249,0.000240,0.000220,0.000166,0.000135,0.000039,0.000052,0.000154,0.000179,0.000226,0.000171,0.000142,0.000092,0.000049,0.000003,0.000015,0.000043,0.000105
1086,,,,,,,,,,,,,,0.000005,0.000070,0.000064,0.000082,0.000121,0.000162,0.000154,0.000179,0.000202,0.000227,0.000231,0.000213,0.000254,0.000269,0.000310,0.000426,0.000504,0.000599,0.000594,0.000696,0.000658,0.000538,0.000387,0.000285,0.000100,0.000101,0.000229,0.000186,0.000156,0.000113,0.000084,0.000060,0.000036,0.000010,0.000029,0.000061,0.000118
1087,,,,,,,,,,,,,,0.000003,0.000052,0.000053,0.000062,0.000067,0.000076,0.000089,0.000086,0.000083,0.000074,0.000076,0.000074,0.000070,0.000079,0.000083,0.000102,0.000110,0.000149,0.000230,0.000198,0.000179,0.000135,0.000119,0.000079,0.000041,0.000048,0.000077,0.000066,0.000071,0.000058,0.000048,0.000029,0.000015,0.000006,0.000020,0.000035,0.000078
1088,,,,,,,,,,,,,,0.000005,0.000146,0.000221,0.000431,0.000661,0.000911,0.000935,0.001030,0.000828,0.000718,0.000554,0.000405,0.000372,0.000329,0.000273,0.000276,0.000244,0.000216,0.000177,0.000206,0.000196,0.000174,0.000133,0.000129,0.000041,0.000031,0.000067,0.000080,0.000098,0.000170,0.000082,0.000055,0.000032,0.000002,0.000019,0.000046,0.000090
1089,,,,,,,,,,,,,,0.000003,0.000050,0.000045,0.000029,0.000017,0.000016,0.000014,0.000017,0.000029,0.000024,0.000026,0.000029,0.000038,0.000041,0.000049,0.000061,0.000067,0.000070,0.000073,0.000078,0.000082,0.000079,0.000095,0.000097,0.000049,0.000066,0.000167,0.000173,0.000205,0.000173,0.000160,0.000134,0.000099,0.000013,0.000031,0.000047,0.000087
1090,,,,,,,,,,,,,,0.000002,0.000046,0.000072,0.000096,0.000124,0.000168,0.000187,0.000201,0.000170,0.000157,0.000110,0.000087,0.000082,0.000055,0.000040,0.000031,0.000020,0.000012,0.000010,0.000012,0.000017,0.000021,0.000030,0.000051,0.000041,0.000045,0.000098,0.000122,0.000161,0.000156,0.000154,0.000106,0.000061,0.000008,0.000027,0.000051,0.000083
1091,,,,,,,,,,,,,,0.000005,0.000096,0.000102,0.000108,0.000097,0.000108,0.000116,0.000129,0.000123,0.000123,0.000109,0.000096,0.000099,0.000087,0.000078,0.000083,0.000075,0.000073,0.000063,0.000068,0.000077,0.000076,0.000066,0.000059,0.000021,0.000032,0.000074,0.000061,0.000065,0.000059,0.000055,0.000034,0.000022,0.000004,0.000020,0.000042,0.000082
1092,,,,,,,,,,,,,,0.000004,0.000149,0.000227,0.000347,0.000398,0.000422,0.000406,0.000410,0.000335,0.000292,0.000246,0.000191,0.000197,0.000177,0.000144,0.000149,0.000130,0.000126,0.000123,0.000128,0.000120,0.000108,0.000082,0.000067,0.000039,0.000056,0.000134,0.000156,0.000160,0.000092,0.000076,0.000051,0.000029,0.000005,0.000015,0.000032,0.000042
1093,,,,,,,,,,,,,,0.000005,0.000100,0.000095,0.000129,0.000145,0.000168,0.000188,0.000173,0.000136,0.000136,0.000102,0.000086,0.000077,0.000074,0.000059,0.000065,0.000065,0.000095,0.000121,0.000097,0.000068,0.000050,0.000029,0.000007,0.000021,0.000025,0.000036,0.000039,0.000065,0.000075,0.000061,0.000068,0.000061,0.000041,0.000181,0.000250,0.000351
1094,,,,,,,,,,,,,,0.000007,0.000158,0.000139,0.000130,0.000106,0.000115,0.000144,0.000143,0.000128,0.000158,0.000177,0.000173,0.000212,0.000220,0.000219,0.000217,0.000201,0.000172,0.000133,0.000134,0.000122,0.000155,0.000227,0.000359,0.000203,0.000330,0.000380,0.000321,0.000278,0.000196,0.000140,0.000098,0.000059,0.000004,0.000013,0.000034,0.000106
1095,,,,,,,,,,,,,,0.000003,0.000038,0.000040,0.000045,0.000054,0.000076,0.000084,0.000091,0.000078,0.000073,0.000063,0.000056,0.000045,0.000041,0.000038,0.000042,0.000047,0.000048,0.000046,0.000044,0.000041,0.000043,0.000052,0.000065,0.000068,0.000074,0.000115,0.000148,0.000200,0.000206,0.000227,0.000184,0.000132,0.000017,0.000049,0.000061,0.000096
1096,,,,,,,,,,,,,,0.000005,0.000144,0.000189,0.000335,0.000533,0.000743,0.000915,0.001004,0.000843,0.000823,0.000687,0.000549,0.000513,0.000445,0.000383,0.000385,0.000346,0.000297,0.000250,0.000276,0.000239,0.000208,0.000144,0.000126,0.000051,0.000050,0.000085,0.000101,0.000126,0.000101,0.000066,0.000037,0.000021,0.000005,0.000035,0.000067,0.000137
1097,,,,,,,,,,,,,,0.000002,0.000056,0.000061,0.000076,0.000103,0.000144,0.000174,0.000187,0.000159,0.000130,0.000104,0.000080,0.000091,0.000087,0.000079,0.000082,0.000070,0.000066,0.000052,0.000068,0.000070,0.000070,0.000063,0.000058,0.000026,0.000036,0.000067,0.000070,0.000068,0.000051,0.000042,0.000038,0.000023,0.000003,0.000014,0.000030,0.000065
1098,,,,,,,,,,,,,,0.000006,0.000127,0.000109,0.000108,0.000111,0.000126,0.000148,0.000130,0.000113,0.000101,0.000086,0.000083,0.000085,0.000094,0.000105,0.000117,0.000134,0.000133,0.000117,0.000142,0.000133,0.000150,0.000139,0.000144,0.000057,0.000041,0.000132,0.000146,0.000163,0.000133,0.000140,0.000108,0.000082,0.000006,0.000024,0.000049,0.000092
1099,,,,,,,,,,,,,,0.000004,0.000088,0.000090,0.000117,0.000146,0.000177,0.000189,0.000214,0.000205,0.000197,0.000187,0.000161,0.000167,0.000156,0.000148,0.000154,0.000172,0.000208,0.000148,0.000123,0.000120,0.000105,0.000094,0.000090,0.000034,0.000041,0.000094,0.000091,0.000094,0.000091,0.000090,0.000069,0.000046,0.000003,0.000014,0.000019,0.000044
1100,,,,,,,,,,,,,,0.000005,0.000135,0.000135,0.000163,0.000186,0.000213,0.000233,0.000267,0.000230,0.000236,0.000223,0.000209,0.000233,0.000234,0.000231,0.000258,0.000251,0.000226,0.000215,0.000250,0.000246,0.000210,0.000166,0.000157,0.000044,0.000052,0.000128,0.000128,0.000129,0.000104,0.000095,0.000073,0.000046,0.000003,0.000019,0.000050,0.000104
1101,,,,,,,,,,,,,,0.000003,0.000057,0.000044,0.000050,0.000059,0.000061,0.000071,0.000061,0.000053,0.000056,0.000043,0.000039,0.000046,0.000064,0.000078,0.000081,0.000077,0.000079,0.000086,0.000097,0.000106,0.000110,0.000101,0.000092,0.000039,0.000044,0.000107,0.000098,0.000115,0.000096,0.000079,0.000053,0.000035,0.000005,0.000013,0.000029,0.000049
1102,,,,,,,,,,,,,,0.000002,0.000066,0.000074,0.000081,0.000088,0.000100,0.000098,0.000116,0.000110,0.000110,0.000100,0.000092,0.000094,0.000082,0.000081,0.000093,0.000088,0.000084,0.000072,0.000078,0.000073,0.000068,0.000059,0.000055,0.000027,0.000040,0.000155,0.000201,0.000277,0.000254,0.000220,0.000132,0.000068,0.000005,0.000014,0.000022,0.000034
1103,,,,,,,,,,,,,,0.000005,0.000103,0.000101,0.000123,0.000144,0.000215,0.000222,0.000242,0.000235,0.000256,0.000266,0.000248,0.000269,0.000252,0.000247,0.000209,0.000180,0.000149,0.000143,0.000143,0.000146,0.000143,0.000105,0.000095,0.000035,0.000040,0.000094,0.000111,0.000118,0.000081,0.000064,0.000036,0.000022,0.000004,0.000017,0.000049,0.000118
1104,,,,,,,,,,,,,,0.000003,0.000120,0.000182,0.000285,0.000323,0.000384,0.000399,0.000476,0.000452,0.000416,0.000332,0.000279,0.000268,0.000238,0.000219,0.000209,0.000195,0.000183,0.000163,0.000155,0.000129,0.000110,0.000083,0.000060,0.000024,0.000028,0.000059,0.000053,0.000058,0.000052,0.000048,0.000027,0.000018,0.000003,0.000012,0.000028,0.000063
1105,,,,,,,,,,,,,,0.000003,0.000063,0.000063,0.000072,0.000076,0.000090,0.000091,0.000093,0.000081,0.000088,0.000074,0.000062,0.000074,0.000067,0.000062,0.000068,0.000062,0.000057,0.000046,0.000046,0.000041,0.000046,0.000050,0.000046,0.000030,0.000037,0.000147,0.000191,0.000280,0.000267,0.000167,0.000107,0.000056,0.000005,0.000013,0.000028,0.000063
1106,,,,,,,,,,,,,,0.000003,0.000071,0.000068,0.000083,0.000105,0.000125,0.000128,0.000147,0.000127,0.000137,0.000121,0.000110,0.000124,0.000119,0.000117,0.000133,0.000138,0.000137,0.000133,0.000149,0.000156,0.000151,0.000127,0.000105,0.000027,0.000027,0.000086,0.000081,0.000084,0.000081,0.000094,0.000081,0.000066,0.000006,0.000023,0.000054,0.000117
1107,,,,,,,,,,,,,,0.000004,0.000088,0.000090,0.000134,0.000197,0.000317,0.000419,0.000424,0.000372,0.000364,0.000301,0.000257,0.000272,0.000273,0.000297,0.000360,0.000317,0.000279,0.000241,0.000291,0.000246,0.000207,0.000145,0.000125,0.000048,0.000042,0.000088,0.000079,0.000073,0.000060,0.000048,0.000043,0.000023,0.000004,0.000022,0.000037,0.000075
1108,,,,,,,,,,,,,,0.000005,0.000099,0.000070,0.000063,0.000053,0.000061,0.000066,0.000096,0.000100,0.000098,0.000101,0.000089,0.000106,0.000123,0.000166,0.000208,0.000188,0.000174,0.000113,0.000083,0.000073,0.000077,0.000074,0.000079,0.000048,0.000049,0.000083,0.000066,0.000081,0.000089,0.000076,0.000058,0.000042,0.000012,0.000062,0.000167,0.000365
1109,,,,,,,,,,,,,,0.000007,0.000125,0.000106,0.000106,0.000130,0.000165,0.000194,0.000249,0.000302,0.000351,0.000412,0.000373,0.000461,0.000447,0.000391,0.000398,0.000353,0.000344,0.000249,0.000244,0.000209,0.000178,0.000141,0.000152,0.000057,0.000052,0.000144,0.000142,0.000166,0.000127,0.000120,0.000106,0.000074,0.000006,0.000032,0.000134,0.000390
1110,,,,,,,,,,,,,,0.000007,0.000160,0.000140,0.000178,0.000161,0.000144,0.000123,0.000095,0.000081,0.000056,0.000056,0.000039,0.000035,0.000039,0.000042,0.000040,0.000039,0.000055,0.000055,0.000063,0.000072,0.000088,0.000108,0.000126,0.000088,0.000124,0.000159,0.000132,0.000114,0.000115,0.000094,0.000071,0.000056,0.000009,0.000021,0.000062,0.000121
1111,,,,,,,,,,,,,,0.000007,0.000231,0.000235,0.000236,0.000197,0.000159,0.000102,0.000090,0.000073,0.000072,0.000069,0.000054,0.000044,0.000049,0.000066,0.000064,0.000071,0.000080,0.000078,0.000074,0.000077,0.000066,0.000068,0.000071,0.000115,0.000154,0.000202,0.000169,0.000126,0.000092,0.000055,0.000050,0.000040,0.000012,0.000032,0.000058,0.000082
1112,,,,,,,,,,,,,,0.000005,0.000083,0.000073,0.000082,0.000097,0.000116,0.000110,0.000119,0.000109,0.000103,0.000089,0.000087,0.000109,0.000122,0.000107,0.000105,0.000095,0.000089,0.000089,0.000084,0.000090,0.000111,0.000141,0.000097,0.000048,0.000056,0.000113,0.000115,0.000137,0.000124,0.000121,0.000085,0.000045,0.000005,0.000020,0.000046,0.000104
1113,,,,,,,,,,,,,,0.000003,0.000073,0.000069,0.000075,0.000074,0.000076,0.000072,0.000082,0.000074,0.000054,0.000037,0.000030,0.000025,0.000020,0.000025,0.000027,0.000026,0.000033,0.000041,0.000056,0.000052,0.000041,0.000040,0.000054,0.000032,0.000038,0.000087,0.000096,0.000098,0.000092,0.000074,0.000056,0.000042,0.000008,0.000027,0.000072,0.000119
1114,,,,,,,,,,,,,,0.000006,0.000087,0.000068,0.000070,0.000082,0.000098,0.000114,0.000106,0.000100,0.000100,0.000105,0.000092,0.000104,0.000109,0.000100,0.000115,0.000106,0.000092,0.000082,0.000074,0.000061,0.000051,0.000047,0.000046,0.000035,0.000054,0.000073,0.000067,0.000072,0.000068,0.000015,0.000013,0.000025,0.000013,0.000078,0.000175,0.000353
1115,,,,,,,,,,,,,,0.000003,0.000076,0.000080,0.000106,0.000139,0.000190,0.000226,0.000301,0.000280,0.000389,0.000350,0.000304,0.000306,0.000316,0.000270,0.000294,0.000287,0.000277,0.000236,0.000249,0.000215,0.000190,0.000145,0.000130,0.000036,0.000038,0.000163,0.000190,0.000216,0.000169,0.000175,0.000141,0.000098,0.000006,0.000019,0.000052,0.000111
1116,,,,,,,,,,,,,,0.000003,0.000093,0.000102,0.000134,0.000161,0.000215,0.000243,0.000281,0.000368,0.000298,0.000283,0.000242,0.000266,0.000243,0.000216,0.000211,0.000183,0.000168,0.000133,0.000146,0.000133,0.000126,0.000111,0.000094,0.000026,0.000038,0.000095,0.000102,0.000115,0.000100,0.000094,0.000062,0.000034,0.000003,0.000011,0.000015,0.000044
1117,,,,,,,,,,,,,,0.000005,0.000081,0.000062,0.000056,0.000047,0.000043,0.000042,0.000053,0.000044,0.000039,0.000038,0.000032,0.000030,0.000030,0.000030,0.000039,0.000042,0.000046,0.000050,0.000044,0.000049,0.000057,0.000058,0.000079,0.000050,0.000071,0.000106,0.000108,0.000119,0.000090,0.000063,0.000046,0.000038,0.000012,0.000067,0.000208,0.000399
1118,,,,,,,,,,,,,,0.000004,0.000080,0.000075,0.000079,0.000095,0.000135,0.000137,0.000165,0.000150,0.000173,0.000147,0.000137,0.000136,0.000144,0.000152,0.000179,0.000182,0.000176,0.000166,0.000192,0.000188,0.000182,0.000152,0.000116,0.000032,0.000043,0.000107,0.000101,0.000113,0.000099,0.000077,0.000060,0.000033,0.000004,0.000021,0.000064,0.000133
1119,,,,,,,,,,,,,,0.000011,0.000388,0.000527,0.000514,0.000479,0.000465,0.000450,0.000468,0.000405,0.000394,0.000359,0.000343,0.000290,0.000258,0.000223,0.000206,0.000173,0.000151,0.000111,0.000126,0.000127,0.000120,0.000084,0.000065,0.000034,0.000057,0.000072,0.000093,0.000090,0.000088,0.000119,0.000054,0.000027,0.000005,0.000027,0.000087,0.000239
1120,,,,,,,,,,,,,,0.000007,0.000137,0.000107,0.000110,0.000088,0.000076,0.000080,0.000060,0.000040,0.000034,0.000038,0.000058,0.000074,0.000087,0.000112,0.000136,0.000169,0.000196,0.000213,0.000310,0.000379,0.000414,0.000376,0.000335,0.000087,0.000083,0.000239,0.000214,0.000218,0.000169,0.000157,0.000111,0.000072,0.000005,0.000012,0.000031,0.000059
1121,,,,,,,,,,,,,,0.000003,0.000068,0.000047,0.000047,0.000045,0.000058,0.000056,0.000069,0.000081,0.000086,0.000085,0.000084,0.000088,0.000093,0.000093,0.000096,0.000097,0.000094,0.000086,0.000087,0.000088,0.000111,0.000125,0.000136,0.000075,0.000061,0.000127,0.000125,0.000119,0.000103,0.000106,0.000097,0.000072,0.000005,0.000013,0.000025,0.000038
1122,,,,,,,,,,,,,,0.000005,0.000120,0.000094,0.000090,0.000105,0.000136,0.000162,0.000185,0.000209,0.000230,0.000235,0.000251,0.000256,0.000239,0.000192,0.000210,0.000195,0.000173,0.000143,0.000155,0.000132,0.000107,0.000090,0.000090,0.000045,0.000090,0.000076,0.000088,0.000114,0.000098,0.000097,0.000068,0.000051,0.000017,0.000065,0.000147,0.000294
1123,,,,,,,,,,,,,,0.000016,0.000314,0.000271,0.000295,0.000321,0.000398,0.000414,0.000465,0.000440,0.000463,0.000421,0.000450,0.000429,0.000439,0.000407,0.000450,0.000441,0.000424,0.000382,0.000418,0.000413,0.000386,0.000316,0.000284,0.000074,0.000082,0.000303,0.000326,0.000337,0.000242,0.000192,0.000117,0.000057,0.000004,0.000016,0.000065,0.000114
1124,,,,,,,,,,,,,,0.000005,0.000094,0.000072,0.000063,0.000068,0.000070,0.000074,0.000073,0.000051,0.000057,0.000041,0.000039,0.000038,0.000042,0.000043,0.000047,0.000042,0.000040,0.000047,0.000081,0.000137,0.000216,0.000266,0.000312,0.000143,0.000188,0.000288,0.000240,0.000215,0.000142,0.000088,0.000043,0.000023,0.000004,0.000015,0.000022,0.000052
1125,,,,,,,,,,,,,,0.000002,0.000052,0.000052,0.000061,0.000068,0.000091,0.000097,0.000108,0.000108,0.000096,0.000097,0.000083,0.000075,0.000067,0.000082,0.000124,0.000178,0.000273,0.000376,0.000604,0.000719,0.000695,0.000537,0.000386,0.000079,0.000081,0.000258,0.000220,0.000219,0.000157,0.000129,0.000077,0.000045,0.000005,0.000014,0.000025,0.000039
1126,,,,,,,,,,,,,,0.000006,0.000118,0.000106,0.000111,0.000122,0.000137,0.000163,0.000175,0.000167,0.000175,0.000175,0.000196,0.000235,0.000295,0.000368,0.000511,0.000621,0.000646,0.000602,0.000694,0.000657,0.000571,0.000445,0.000385,0.000087,0.000091,0.000280,0.000244,0.000216,0.000131,0.000097,0.000054,0.000035,0.000004,0.000023,0.000056,0.000131
1127,,,,,,,,,,,,,,0.000002,0.000048,0.000037,0.000031,0.000034,0.000041,0.000044,0.000046,0.000047,0.000059,0.000050,0.000055,0.000070,0.000085,0.000093,0.000105,0.000105,0.000112,0.000105,0.000132,0.000164,0.000172,0.000166,0.000109,0.000035,0.000052,0.000153,0.000154,0.000148,0.000098,0.000096,0.000083,0.000075,0.000013,0.000031,0.000101,0.000111
1128,,,,,,,,,,,,,,0.000004,0.000082,0.000070,0.000082,0.000108,0.000173,0.000213,0.000305,0.000331,0.000410,0.000425,0.000391,0.000468,0.000479,0.000447,0.000486,0.000440,0.000384,0.000317,0.000320,0.000254,0.000207,0.000155,0.000125,0.000047,0.000053,0.000087,0.000085,0.000083,0.000068,0.000039,0.000021,0.000013,0.000004,0.000026,0.000077,0.000145
1129,,,,,,,,,,,,,,0.000003,0.000085,0.000105,0.000156,0.000192,0.000255,0.000306,0.000308,0.000248,0.000247,0.000216,0.000192,0.000181,0.000173,0.000159,0.000160,0.000138,0.000122,0.000103,0.000088,0.000075,0.000062,0.000051,0.000047,0.000091,0.000052,0.000047,0.000040,0.000032,0.000027,0.000018,0.000009,0.000004,0.000003,0.000014,0.000032,0.000073
1130,,,,,,,,,,,,,,0.000007,0.000130,0.000105,0.000102,0.000118,0.000146,0.000150,0.000157,0.000129,0.000127,0.000111,0.000097,0.000089,0.000073,0.000053,0.000056,0.000061,0.000060,0.000051,0.000055,0.000061,0.000069,0.000068,0.000083,0.000056,0.000068,0.000218,0.000222,0.000193,0.000144,0.000132,0.000111,0.000075,0.000007,0.000026,0.000068,0.000144
1131,,,,,,,,,,,,,,0.000008,0.000173,0.000181,0.000207,0.000215,0.000241,0.000248,0.000255,0.000213,0.000222,0.000190,0.000154,0.000169,0.000170,0.000160,0.000170,0.000161,0.000141,0.000121,0.000115,0.000102,0.000093,0.000074,0.000081,0.000023,0.000032,0.000102,0.000117,0.000116,0.000089,0.000079,0.000056,0.000034,0.000004,0.000018,0.000067,0.000162
1132,,,,,,,,,,,,,,0.000007,0.000146,0.000150,0.000174,0.000182,0.000222,0.000235,0.000246,0.000214,0.000216,0.000203,0.000181,0.000196,0.000190,0.000186,0.000187,0.000179,0.000175,0.000157,0.000164,0.000167,0.000162,0.000151,0.000134,0.000047,0.000050,0.000102,0.000093,0.000092,0.000066,0.000051,0.000028,0.000009,0.000003,0.000017,0.000048,0.000113
1133,,,,,,,,,,,,,,0.000005,0.000109,0.000111,0.000150,0.000224,0.000308,0.000357,0.000420,0.000393,0.000372,0.000312,0.000250,0.000249,0.000221,0.000195,0.000188,0.000151,0.000132,0.000094,0.000093,0.000086,0.000112,0.000145,0.000080,0.000036,0.000039,0.000089,0.000098,0.000128,0.000104,0.000094,0.000084,0.000070,0.000007,0.000029,0.000056,0.000110
1134,,,,,,,,,,,,,,0.000003,0.000077,0.000075,0.000084,0.000096,0.000111,0.000124,0.000133,0.000114,0.000114,0.000104,0.000096,0.000092,0.000087,0.000082,0.000076,0.000068,0.000066,0.000062,0.000073,0.000085,0.000096,0.000112,0.000107,0.000047,0.000043,0.000085,0.000076,0.000074,0.000060,0.000047,0.000022,0.000012,0.000002,0.000012,0.000021,0.000043
1135,,,,,,,,,,,,,,0.000013,0.000260,0.000304,0.000353,0.000375,0.000381,0.000371,0.000359,0.000271,0.000234,0.000194,0.000138,0.000137,0.000136,0.000119,0.000117,0.000112,0.000109,0.000084,0.000091,0.000091,0.000093,0.000077,0.000108,0.000074,0.000082,0.000342,0.000372,0.000327,0.000222,0.000172,0.000111,0.000067,0.000005,0.000019,0.000067,0.000199
1136,,,,,,,,,,,,,,0.000002,0.000048,0.000049,0.000060,0.000066,0.000074,0.000150,0.000168,0.000118,0.000104,0.000091,0.000089,0.000086,0.000073,0.000062,0.000069,0.000076,0.000129,0.000119,0.000086,0.000068,0.000061,0.000056,0.000062,0.000033,0.000033,0.000076,0.000079,0.000094,0.000070,0.000068,0.000053,0.000034,0.000006,0.000021,0.000047,0.000091
1137,,,,,,,,,,,,,,0.000013,0.000209,0.000164,0.000155,0.000137,0.000113,0.000094,0.000088,0.000085,0.000104,0.000100,0.000083,0.000101,0.000111,0.000112,0.000136,0.000144,0.000133,0.000137,0.000152,0.000170,0.000160,0.000136,0.000127,0.000055,0.000076,0.000155,0.000157,0.000165,0.000138,0.000118,0.000087,0.000065,0.000010,0.000023,0.000050,0.000082
1138,,,,,,,,,,,,,,0.000003,0.000069,0.000065,0.000065,0.000062,0.000075,0.000074,0.000089,0.000090,0.000092,0.000090,0.000071,0.000073,0.000080,0.000074,0.000082,0.000086,0.000074,0.000057,0.000064,0.000063,0.000062,0.000069,0.000078,0.000064,0.000083,0.000110,0.000101,0.000092,0.000069,0.000063,0.000045,0.000029,0.000006,0.000025,0.000049,0.000092
1139,,,,,,,,,,,,,,0.000003,0.000068,0.000059,0.000055,0.000051,0.000061,0.000052,0.000060,0.000061,0.000064,0.000060,0.000046,0.000066,0.000063,0.000064,0.000079,0.000086,0.000078,0.000057,0.000068,0.000065,0.000079,0.000091,0.000079,0.000058,0.000072,0.000118,0.000112,0.000104,0.000085,0.000083,0.000066,0.000044,0.000010,0.000025,0.000042,0.000080
1140,,,,,,,,,,,,,,0.000005,0.000089,0.000072,0.000148,0.000128,0.000145,0.000106,0.000099,0.000107,0.000105,0.000104,0.000098,0.000103,0.000111,0.000126,0.000138,0.000130,0.000135,0.000135,0.000144,0.000165,0.000168,0.000143,0.000131,0.000066,0.000094,0.000208,0.000222,0.000223,0.000193,0.000205,0.000174,0.000114,0.000012,0.000030,0.000061,0.000090
1141,,,,,,,,,,,,,,0.000003,0.000059,0.000060,0.000066,0.000063,0.000056,0.000049,0.000065,0.000066,0.000090,0.000106,0.000129,0.000212,0.000319,0.000419,0.000537,0.000586,0.000543,0.000450,0.000464,0.000421,0.000363,0.000272,0.000214,0.000065,0.000071,0.000201,0.000192,0.000185,0.000139,0.000122,0.000083,0.000055,0.000006,0.000021,0.000076,0.000117
1142,,,,,,,,,,,,,,0.000005,0.000105,0.000093,0.000106,0.000127,0.000177,0.000189,0.000209,0.000179,0.000154,0.000135,0.000119,0.000111,0.000096,0.000085,0.000095,0.000105,0.000107,0.000122,0.000131,0.000122,0.000100,0.000104,0.000139,0.000091,0.000090,0.000126,0.000115,0.000102,0.000105,0.000058,0.000032,0.000013,0.000002,0.000010,0.000027,0.000071
1143,,,,,,,,,,,,,,0.000006,0.000102,0.000105,0.000137,0.000173,0.000234,0.000235,0.000249,0.000213,0.000213,0.000201,0.000189,0.000221,0.000243,0.000254,0.000265,0.000260,0.000252,0.000223,0.000216,0.000186,0.000155,0.000121,0.000105,0.000036,0.000048,0.000081,0.000077,0.000061,0.000045,0.000034,0.000020,0.000012,0.000002,0.000008,0.000017,0.000058
1144,,,,,,,,,,,,,,0.000004,0.000099,0.000102,0.000130,0.000154,0.000179,0.000187,0.000214,0.000190,0.000183,0.000160,0.000131,0.000142,0.000136,0.000133,0.000140,0.000131,0.000142,0.000116,0.000119,0.000117,0.000109,0.000096,0.000087,0.000049,0.000041,0.000099,0.000105,0.000114,0.000082,0.000067,0.000046,0.000029,0.000003,0.000019,0.000063,0.000096
1145,,,,,,,,,,,,,,0.000003,0.000115,0.000145,0.000177,0.000176,0.000177,0.000169,0.000188,0.000154,0.000168,0.000158,0.000151,0.000166,0.000177,0.000169,0.000169,0.000152,0.000147,0.000128,0.000168,0.000210,0.000271,0.000250,0.000194,0.000083,0.000123,0.000107,0.000081,0.000075,0.000062,0.000048,0.000041,0.000026,0.000003,0.000009,0.000016,0.000027
1146,,,,,,,,,,,,,,0.000006,0.000254,0.000353,0.000374,0.000371,0.000374,0.000348,0.000367,0.000304,0.000297,0.000269,0.000223,0.000233,0.000214,0.000207,0.000204,0.000190,0.000181,0.000152,0.000151,0.000146,0.000134,0.000113,0.000107,0.000036,0.000033,0.000104,0.000092,0.000106,0.000083,0.000077,0.000061,0.000039,0.000002,0.000012,0.000027,0.000056
1147,,,,,,,,,,,,,,0.000005,0.000111,0.000114,0.000184,0.000193,0.000212,0.000188,0.000199,0.000186,0.000182,0.000179,0.000155,0.000191,0.000204,0.000206,0.000214,0.000198,0.000158,0.000120,0.000135,0.000118,0.000113,0.000090,0.000072,0.000035,0.000030,0.000103,0.000107,0.000107,0.000082,0.000064,0.000034,0.000017,0.000002,0.000014,0.000038,0.000089
1148,,,,,,,,,,,,,,0.000009,0.000229,0.000228,0.000263,0.000314,0.000380,0.000422,0.000430,0.000386,0.000361,0.000313,0.000269,0.000296,0.000307,0.000297,0.000326,0.000302,0.000295,0.000298,0.000304,0.000291,0.000279,0.000221,0.000175,0.000070,0.000066,0.000110,0.000108,0.000096,0.000086,0.000065,0.000041,0.000023,0.000005,0.000022,0.000076,0.000184
1149,,,,,,,,,,,,,,0.000012,0.000223,0.000169,0.000141,0.000116,0.000087,0.000078,0.000074,0.000067,0.000059,0.000078,0.000089,0.000101,0.000111,0.000122,0.000101,0.000082,0.000072,0.000075,0.000083,0.000116,0.000127,0.000142,0.000118,0.000079,0.000105,0.000283,0.000283,0.000218,0.000139,0.000122,0.000084,0.000053,0.000014,0.000045,0.000104,0.000225
1150,,,,,,,,,,,,,,0.000003,0.000050,0.000047,0.000055,0.000058,0.000075,0.000054,0.000054,0.000053,0.000051,0.000049,0.000049,0.000062,0.000076,0.000071,0.000077,0.000074,0.000069,0.000066,0.000061,0.000068,0.000070,0.000069,0.000083,0.000031,0.000025,0.000067,0.000085,0.000097,0.000086,0.000099,0.000068,0.000055,0.000010,0.000055,0.000100,0.000136
1151,,,,,,,,,,,,,,0.000003,0.000065,0.000068,0.000080,0.000093,0.000108,0.000111,0.000124,0.000109,0.000104,0.000094,0.000083,0.000079,0.000081,0.000080,0.000090,0.000083,0.000081,0.000069,0.000074,0.000080,0.000083,0.000068,0.000065,0.000022,0.000019,0.000058,0.000050,0.000054,0.000041,0.000034,0.000022,0.000013,0.000006,0.000025,0.000030,0.000061
1152,,,,,,,,,,,,,,0.000002,0.000069,0.000071,0.000069,0.000071,0.000070,0.000078,0.000092,0.000087,0.000100,0.000099,0.000088,0.000084,0.000076,0.000068,0.000062,0.000056,0.000048,0.000056,0.000060,0.000095,0.000111,0.000111,0.000159,0.000060,0.000057,0.000204,0.000216,0.000217,0.000150,0.000132,0.000099,0.000064,0.000006,0.000020,0.000052,0.000074
1153,,,,,,,,,,,,,,0.000012,0.000172,0.000147,0.000153,0.000172,0.000199,0.000205,0.000213,0.000174,0.000176,0.000162,0.000139,0.000131,0.000132,0.000099,0.000100,0.000086,0.000055,0.000025,0.000018,0.000023,0.000023,0.000027,0.000043,0.000030,0.000046,0.000112,0.000134,0.000127,0.000143,0.000100,0.000068,0.000049,0.000007,0.000043,0.000189,0.000496
1154,,,,,,,,,,,,,,0.000005,0.000118,0.000111,0.000113,0.000125,0.000145,0.000146,0.000163,0.000146,0.000145,0.000132,0.000108,0.000115,0.000114,0.000100,0.000108,0.000100,0.000095,0.000089,0.000110,0.000111,0.000108,0.000095,0.000093,0.000028,0.000026,0.000091,0.000106,0.000118,0.000095,0.000085,0.000062,0.000037,0.000003,0.000013,0.000039,0.000085
1155,,,,,,,,,,,,,,0.000007,0.000130,0.000135,0.000168,0.000223,0.000332,0.000489,0.000382,0.000317,0.000333,0.000338,0.000403,0.000264,0.000239,0.000230,0.000221,0.000217,0.000206,0.000149,0.000170,0.000143,0.000120,0.000105,0.000088,0.000037,0.000037,0.000084,0.000074,0.000088,0.000087,0.000072,0.000046,0.000034,0.000004,0.000029,0.000071,0.000161
1156,,,,,,,,,,,,,,0.000004,0.000089,0.000075,0.000073,0.000067,0.000072,0.000076,0.000084,0.000081,0.000092,0.000079,0.000062,0.000064,0.000075,0.000073,0.000077,0.000080,0.000070,0.000064,0.000063,0.000060,0.000060,0.000074,0.000066,0.000052,0.000063,0.000092,0.000107,0.000177,0.000121,0.000111,0.000056,0.000030,0.000007,0.000019,0.000040,0.000088
1157,,,,,,,,,,,,,,0.000004,0.000080,0.000078,0.000094,0.000105,0.000135,0.000149,0.000176,0.000172,0.000224,0.000241,0.000233,0.000306,0.000324,0.000333,0.000326,0.000301,0.000281,0.000258,0.000311,0.000353,0.000342,0.000231,0.000158,0.000043,0.000034,0.000073,0.000071,0.000061,0.000050,0.000043,0.000035,0.000021,0.000003,0.000015,0.000037,0.000086
1158,,,,,,,,,,,,,,0.000002,0.000080,0.000118,0.000153,0.000207,0.000257,0.000277,0.000340,0.000280,0.000264,0.000250,0.000220,0.000228,0.000221,0.000212,0.000217,0.000192,0.000161,0.000121,0.000123,0.000118,0.000111,0.000090,0.000093,0.000038,0.000040,0.000104,0.000106,0.000115,0.000103,0.000102,0.000083,0.000064,0.000005,0.000018,0.000040,0.000081
1159,,,,,,,,,,,,,,0.000013,0.000315,0.000335,0.000413,0.000433,0.000456,0.000373,0.000374,0.000308,0.000270,0.000216,0.000165,0.000156,0.000143,0.000123,0.000122,0.000109,0.000100,0.000079,0.000087,0.000077,0.000069,0.000064,0.000063,0.000028,0.000034,0.000087,0.000072,0.000071,0.000054,0.000048,0.000036,0.000022,0.000005,0.000115,0.000296,0.000499
1160,,,,,,,,,,,,,,0.000002,0.000050,0.000054,0.000074,0.000115,0.000191,0.000214,0.000239,0.000210,0.000190,0.000170,0.000147,0.000151,0.000132,0.000133,0.000140,0.000119,0.000112,0.000220,0.000113,0.000095,0.000089,0.000082,0.000080,0.000031,0.000030,0.000083,0.000090,0.000087,0.000072,0.000053,0.000037,0.000022,0.000005,0.000013,0.000031,0.000049
1161,,,,,,,,,,,,,,0.000010,0.000189,0.000156,0.000150,0.000158,0.000157,0.000148,0.000151,0.000093,0.000076,0.000058,0.000057,0.000044,0.000039,0.000034,0.000045,0.000064,0.000088,0.000100,0.000137,0.000137,0.000116,0.000092,0.000081,0.000047,0.000049,0.000080,0.000082,0.000079,0.000071,0.000063,0.000057,0.000040,0.000008,0.000030,0.000053,0.000097
1162,,,,,,,,,,,,,,0.000002,0.000052,0.000044,0.000049,0.000053,0.000049,0.000067,0.000073,0.000068,0.000088,0.000095,0.000102,0.000108,0.000120,0.000115,0.000114,0.000106,0.000094,0.000084,0.000089,0.000081,0.000075,0.000077,0.000073,0.000041,0.000047,0.000107,0.000099,0.000118,0.000090,0.000092,0.000078,0.000056,0.000008,0.000026,0.000062,0.000115
1163,,,,,,,,,,,,,,0.000007,0.000201,0.000260,0.000390,0.000524,0.000608,0.000605,0.000609,0.000480,0.000439,0.000374,0.000307,0.000303,0.000287,0.000256,0.000267,0.000234,0.000201,0.000159,0.000164,0.000148,0.000130,0.000099,0.000070,0.000022,0.000017,0.000031,0.000024,0.000028,0.000026,0.000029,0.000027,0.000014,0.000003,0.000027,0.000057,0.000126
1164,,,,,,,,,,,,,,0.000004,0.000097,0.000092,0.000106,0.000116,0.000126,0.000150,0.000186,0.000197,0.000192,0.000196,0.000188,0.000221,0.000230,0.000210,0.000229,0.000191,0.000172,0.000155,0.000138,0.000127,0.000125,0.000108,0.000092,0.000040,0.000056,0.000124,0.000129,0.000134,0.000108,0.000097,0.000063,0.000039,0.000006,0.000016,0.000036,0.000063
1165,,,,,,,,,,,,,,0.000015,0.000251,0.000195,0.000177,0.000165,0.000165,0.000157,0.000174,0.000137,0.000136,0.000132,0.000113,0.000115,0.000113,0.000098,0.000095,0.000089,0.000074,0.000058,0.000076,0.000072,0.000065,0.000055,0.000054,0.000019,0.000026,0.000077,0.000074,0.000081,0.000069,0.000063,0.000045,0.000026,0.000003,0.000017,0.000048,0.000115
1166,,,,,,,,,,,,,,0.000005,0.000099,0.000089,0.000097,0.000091,0.000098,0.000101,0.000112,0.000094,0.000083,0.000071,0.000056,0.000060,0.000058,0.000064,0.000084,0.000093,0.000086,0.000100,0.000118,0.000124,0.000120,0.000101,0.000116,0.000069,0.000080,0.000155,0.000147,0.000138,0.000122,0.000092,0.000065,0.000044,0.000007,0.000024,0.000055,0.000118
1167,,,,,,,,,,,,,,0.000004,0.000091,0.000070,0.000068,0.000055,0.000036,0.000037,0.000031,0.000023,0.000027,0.000033,0.000039,0.000037,0.000040,0.000044,0.000056,0.000051,0.000052,0.000043,0.000068,0.000081,0.000091,0.000109,0.000150,0.000085,0.000078,0.000192,0.000176,0.000172,0.000117,0.000100,0.000075,0.000053,0.000008,0.000039,0.000108,0.000210
1168,,,,,,,,,,,,,,0.000011,0.000211,0.000176,0.000168,0.000168,0.000189,0.000183,0.000206,0.000176,0.000177,0.000152,0.000135,0.000149,0.000159,0.000156,0.000162,0.000158,0.000151,0.000130,0.000140,0.000150,0.000151,0.000117,0.000111,0.000036,0.000040,0.000099,0.000094,0.000104,0.000075,0.000060,0.000031,0.000013,0.000003,0.000027,0.000071,0.000167
1169,,,,,,,,,,,,,,0.000003,0.000081,0.000062,0.000067,0.000060,0.000063,0.000064,0.000073,0.000077,0.000081,0.000084,0.000086,0.000090,0.000103,0.000095,0.000109,0.000110,0.000105,0.000091,0.000114,0.000119,0.000119,0.000109,0.000091,0.000067,0.000082,0.000132,0.000136,0.000141,0.000121,0.000098,0.000078,0.000058,0.000010,0.000024,0.000067,0.000140
1170,,,,,,,,,,,,,,0.000011,0.000211,0.000171,0.000158,0.000138,0.000144,0.000158,0.000167,0.000144,0.000156,0.000133,0.000108,0.000098,0.000098,0.000097,0.000105,0.000105,0.000102,0.000080,0.000092,0.000090,0.000098,0.000103,0.000089,0.000050,0.000045,0.000076,0.000073,0.000059,0.000055,0.000047,0.000037,0.000026,0.000005,0.000025,0.000051,0.000133
1171,,,,,,,,,,,,,,0.000009,0.000188,0.000142,0.000127,0.000110,0.000108,0.000103,0.000110,0.000100,0.000087,0.000068,0.000057,0.000065,0.000070,0.000066,0.000073,0.000071,0.000068,0.000049,0.000059,0.000052,0.000057,0.000058,0.000063,0.000041,0.000037,0.000093,0.000125,0.000114,0.000078,0.000071,0.000049,0.000035,0.000005,0.000013,0.000017,0.000037
1172,,,,,,,,,,,,,,0.000003,0.000063,0.000068,0.000060,0.000055,0.000054,0.000051,0.000045,0.000050,0.000044,0.000041,0.000043,0.000038,0.000042,0.000039,0.000048,0.000050,0.000046,0.000057,0.000066,0.000074,0.000075,0.000059,0.000058,0.000024,0.000048,0.000062,0.000065,0.000062,0.000045,0.000036,0.000035,0.000022,0.000009,0.000059,0.000117,0.000182
1173,,,,,,,,,,,,,,0.000003,0.000063,0.000066,0.000070,0.000074,0.000084,0.000096,0.000098,0.000084,0.000089,0.000088,0.000081,0.000095,0.000085,0.000073,0.000084,0.000077,0.000078,0.000095,0.000163,0.000180,0.000165,0.000127,0.000117,0.000043,0.000056,0.000095,0.000088,0.000088,0.000068,0.000050,0.000029,0.000021,0.000005,0.000020,0.000039,0.000058
1174,,,,,,,,,,,,,,0.000003,0.000047,0.000042,0.000049,0.000054,0.000068,0.000115,0.000096,0.000087,0.000092,0.000080,0.000082,0.000073,0.000072,0.000080,0.000079,0.000059,0.000047,0.000057,0.000055,0.000059,0.000070,0.000060,0.000055,0.000034,0.000041,0.000153,0.000198,0.000253,0.000244,0.000268,0.000206,0.000138,0.000010,0.000022,0.000042,0.000057
1175,,,,,,,,,,,,,,0.000005,0.000135,0.000132,0.000152,0.000182,0.000227,0.000261,0.000311,0.000295,0.000310,0.000303,0.000273,0.000292,0.000285,0.000261,0.000281,0.000259,0.000251,0.000219,0.000255,0.000259,0.000249,0.000210,0.000190,0.000062,0.000071,0.000195,0.000190,0.000210,0.000163,0.000167,0.000121,0.000076,0.000006,0.000012,0.000021,0.000051
1176,,,,,,,,,,,,,,0.000005,0.000114,0.000115,0.000132,0.000162,0.000189,0.000177,0.000182,0.000149,0.000137,0.000123,0.000090,0.000097,0.000083,0.000075,0.000076,0.000061,0.000056,0.000045,0.000069,0.000070,0.000078,0.000085,0.000121,0.000046,0.000100,0.000310,0.000309,0.000283,0.000177,0.000153,0.000099,0.000053,0.000005,0.000023,0.000062,0.000128
1177,,,,,,,,,,,,,,0.000004,0.000083,0.000068,0.000070,0.000068,0.000068,0.000068,0.000068,0.000079,0.000071,0.000084,0.000113,0.000126,0.000125,0.000082,0.000099,0.000105,0.000105,0.000101,0.000115,0.000122,0.000130,0.000123,0.000132,0.000064,0.000108,0.000245,0.000237,0.000235,0.000160,0.000113,0.000082,0.000052,0.000006,0.000017,0.000095,0.000151
1178,,,,,,,,,,,,,,0.000005,0.000124,0.000105,0.000103,0.000092,0.000091,0.000081,0.000066,0.000054,0.000062,0.000062,0.000047,0.000043,0.000037,0.000032,0.000041,0.000047,0.000039,0.000052,0.000056,0.000068,0.000087,0.000114,0.000143,0.000095,0.000131,0.000148,0.000129,0.000112,0.000077,0.000067,0.000048,0.000027,0.000007,0.000022,0.000051,0.000108
1179,,,,,,,,,,,,,,0.000004,0.000087,0.000081,0.000110,0.000134,0.000177,0.000178,0.000182,0.000166,0.000163,0.000151,0.000139,0.000146,0.000139,0.000128,0.000120,0.000115,0.000099,0.000088,0.000080,0.000081,0.000085,0.000067,0.000039,0.000031,0.000049,0.000085,0.000065,0.000058,0.000055,0.000049,0.000031,0.000022,0.000010,0.000032,0.000059,0.000115
1180,,,,,,,,,,,,,,0.000020,0.000479,0.000461,0.000503,0.000538,0.000662,0.000650,0.000742,0.000688,0.000700,0.000657,0.000606,0.000655,0.000681,0.000664,0.000721,0.000696,0.000667,0.000593,0.000634,0.000583,0.000498,0.000378,0.000298,0.000075,0.000096,0.000291,0.000240,0.000238,0.000146,0.000121,0.000068,0.000024,0.000004,0.000051,0.000146,0.000350
1181,,,,,,,,,,,,,,0.000004,0.000105,0.000094,0.000101,0.000109,0.000126,0.000132,0.000138,0.000138,0.000120,0.000110,0.000097,0.000108,0.000114,0.000114,0.000121,0.000116,0.000103,0.000096,0.000116,0.000115,0.000117,0.000136,0.000199,0.000234,0.000238,0.000211,0.000198,0.000191,0.000150,0.000120,0.000080,0.000049,0.000005,0.000020,0.000048,0.000089
1182,,,,,,,,,,,,,,0.000004,0.000073,0.000067,0.000083,0.000101,0.000122,0.000146,0.000170,0.000175,0.000173,0.000177,0.000167,0.000195,0.000191,0.000186,0.000173,0.000149,0.000134,0.000122,0.000157,0.000175,0.000195,0.000183,0.000155,0.000055,0.000054,0.000073,0.000076,0.000086,0.000056,0.000045,0.000027,0.000014,0.000005,0.000029,0.000044,0.000083
1183,,,,,,,,,,,,,,0.000005,0.000121,0.000127,0.000160,0.000187,0.000224,0.000229,0.000253,0.000223,0.000211,0.000180,0.000159,0.000161,0.000165,0.000156,0.000155,0.000141,0.000112,0.000093,0.000112,0.000122,0.000124,0.000104,0.000112,0.000033,0.000031,0.000101,0.000113,0.000110,0.000086,0.000074,0.000051,0.000034,0.000003,0.000026,0.000045,0.000092
1184,,,,,,,,,,,,,,0.000005,0.000096,0.000099,0.000088,0.000099,0.000115,0.000121,0.000129,0.000113,0.000084,0.000071,0.000073,0.000074,0.000084,0.000095,0.000090,0.000094,0.000095,0.000099,0.000124,0.000146,0.000181,0.000149,0.000112,0.000083,0.000114,0.000100,0.000110,0.000115,0.000080,0.000076,0.000046,0.000022,0.000005,0.000020,0.000048,0.000099
1185,,,,,,,,,,,,,,0.000005,0.000112,0.000133,0.000165,0.000196,0.000248,0.000290,0.000341,0.000328,0.000364,0.000342,0.000310,0.000336,0.000327,0.000294,0.000322,0.000286,0.000271,0.000209,0.000181,0.000153,0.000120,0.000092,0.000073,0.000044,0.000043,0.000058,0.000055,0.000052,0.000056,0.000065,0.000057,0.000041,0.000006,0.000025,0.000059,0.000136
1186,,,,,,,,,,,,,,0.000008,0.000216,0.000207,0.000223,0.000239,0.000241,0.000224,0.000237,0.000199,0.000183,0.000148,0.000118,0.000116,0.000116,0.000098,0.000106,0.000104,0.000098,0.000077,0.000079,0.000083,0.000075,0.000061,0.000072,0.000041,0.000037,0.000081,0.000069,0.000056,0.000036,0.000043,0.000039,0.000029,0.000005,0.000013,0.000053,0.000113
1187,,,,,,,,,,,,,,0.000012,0.000291,0.000267,0.000270,0.000268,0.000288,0.000285,0.000308,0.000259,0.000247,0.000223,0.000178,0.000179,0.000159,0.000153,0.000147,0.000135,0.000127,0.000117,0.000130,0.000125,0.000110,0.000079,0.000071,0.000029,0.000028,0.000093,0.000098,0.000097,0.000074,0.000072,0.000052,0.000039,0.000004,0.000015,0.000050,0.000108
1188,,,,,,,,,,,,,,0.000008,0.000181,0.000169,0.000186,0.000194,0.000194,0.000198,0.000230,0.000202,0.000201,0.000197,0.000183,0.000197,0.000191,0.000172,0.000175,0.000158,0.000150,0.000130,0.000161,0.000164,0.000177,0.000152,0.000155,0.000054,0.000045,0.000134,0.000129,0.000133,0.000097,0.000097,0.000071,0.000036,0.000006,0.000081,0.000128,0.000234
1189,,,,,,,,,,,,,,0.000003,0.000068,0.000060,0.000082,0.000108,0.000149,0.000185,0.000228,0.000227,0.000252,0.000254,0.000244,0.000269,0.000264,0.000267,0.000273,0.000242,0.000215,0.000185,0.000169,0.000157,0.000146,0.000135,0.000118,0.000036,0.000041,0.000128,0.000143,0.000186,0.000129,0.000132,0.000096,0.000057,0.000005,0.000017,0.000034,0.000053
1190,,,,,,,,,,,,,,0.000003,0.000066,0.000044,0.000053,0.000061,0.000072,0.000086,0.000100,0.000090,0.000095,0.000100,0.000091,0.000119,0.000142,0.000167,0.000206,0.000223,0.000235,0.000227,0.000242,0.000222,0.000178,0.000132,0.000103,0.000043,0.000058,0.000131,0.000114,0.000104,0.000076,0.000054,0.000038,0.000018,0.000004,0.000019,0.000050,0.000074
1191,,,,,,,,,,,,,,0.000003,0.000075,0.000064,0.000073,0.000097,0.000123,0.000139,0.000152,0.000126,0.000127,0.000123,0.000130,0.000129,0.000146,0.000143,0.000183,0.000238,0.000346,0.000455,0.000695,0.000798,0.000762,0.000623,0.000501,0.000120,0.000127,0.000406,0.000345,0.000334,0.000224,0.000172,0.000105,0.000052,0.000006,0.000022,0.000050,0.000093
1192,,,,,,,,,,,,,,0.000005,0.000098,0.000084,0.000091,0.000101,0.000110,0.000123,0.000144,0.000136,0.000141,0.000129,0.000105,0.000117,0.000121,0.000106,0.000106,0.000102,0.000101,0.000078,0.000087,0.000084,0.000084,0.000085,0.000071,0.000040,0.000025,0.000045,0.000050,0.000059,0.000102,0.000077,0.000069,0.000043,0.000008,0.000060,0.000171,0.000284
1193,,,,,,,,,,,,,,0.000005,0.000109,0.000107,0.000108,0.000098,0.000093,0.000081,0.000079,0.000067,0.000077,0.000067,0.000070,0.000081,0.000079,0.000068,0.000075,0.000084,0.000068,0.000075,0.000068,0.000073,0.000075,0.000085,0.000086,0.000055,0.000073,0.000098,0.000119,0.000114,0.000166,0.000062,0.000050,0.000032,0.000008,0.000023,0.000044,0.000096
1194,,,,,,,,,,,,,,0.000011,0.000288,0.000304,0.000354,0.000388,0.000423,0.000429,0.000498,0.000438,0.000421,0.000385,0.000291,0.000302,0.000267,0.000227,0.000219,0.000170,0.000154,0.000129,0.000123,0.000119,0.000115,0.000102,0.000096,0.000033,0.000031,0.000090,0.000089,0.000076,0.000060,0.000056,0.000045,0.000025,0.000002,0.000010,0.000041,0.000128
1195,,,,,,,,,,,,,,0.000003,0.000063,0.000047,0.000047,0.000058,0.000067,0.000086,0.000097,0.000104,0.000127,0.000145,0.000116,0.000099,0.000110,0.000070,0.000059,0.000038,0.000037,0.000034,0.000030,0.000029,0.000031,0.000029,0.000030,0.000024,0.000031,0.000054,0.000068,0.000076,0.000089,0.000110,0.000109,0.000083,0.000016,0.000056,0.000138,0.000248
1196,,,,,,,,,,,,,,0.000002,0.000047,0.000045,0.000045,0.000040,0.000038,0.000040,0.000030,0.000034,0.000031,0.000023,0.000027,0.000029,0.000033,0.000033,0.000037,0.000039,0.000042,0.000043,0.000053,0.000057,0.000060,0.000057,0.000067,0.000034,0.000046,0.000091,0.000104,0.000132,0.000122,0.000117,0.000092,0.000064,0.000008,0.000022,0.000039,0.000059
1197,,,,,,,,,,,,,,0.000004,0.000075,0.000097,0.000108,0.000116,0.000103,0.000113,0.000095,0.000069,0.000070,0.000072,0.000073,0.000078,0.000081,0.000091,0.000094,0.000080,0.000081,0.000065,0.000078,0.000080,0.000085,0.000081,0.000085,0.000056,0.000089,0.000106,0.000093,0.000086,0.000063,0.000059,0.000051,0.000035,0.000009,0.000026,0.000063,0.000144
1198,,,,,,,,,,,,,,0.000003,0.000061,0.000043,0.000030,0.000011,-0.000007,-0.000007,-0.000009,0.000002,0.000038,0.000080,0.000114,0.000167,0.000219,0.000252,0.000263,0.000245,0.000207,0.000146,0.000143,0.000131,0.000132,0.000124,0.000146,0.000075,0.000088,0.000241,0.000260,0.000288,0.000260,0.000287,0.000235,0.000137,0.000021,0.000065,0.000071,0.000110
1199,,,,,,,,,,,,,,0.000008,0.000253,0.000274,0.000344,0.000359,0.000389,0.000387,0.000423,0.000357,0.000345,0.000290,0.000245,0.000258,0.000238,0.000214,0.000236,0.000215,0.000191,0.000148,0.000178,0.000174,0.000181,0.000168,0.000171,0.000097,0.000051,0.000130,0.000160,0.000201,0.000196,0.000234,0.000198,0.000124,0.000007,0.000019,0.000029,0.000052
1200,,,,,,,,,,,,,,0.000002,0.000042,0.000045,0.000050,0.000062,0.000080,0.000119,0.000154,0.000171,0.000152,0.000127,0.000115,0.000125,0.000103,0.000077,0.000080,0.000073,0.000075,0.000061,0.000066,0.000063,0.000060,0.000065,0.000061,0.000029,0.000029,0.000065,0.000073,0.000075,0.000058,0.000055,0.000045,0.000029,0.000005,0.000013,0.000016,0.000036
1201,,,,,,,,,,,,,,0.000003,0.000056,0.000054,0.000059,0.000074,0.000085,0.000072,0.000080,0.000077,0.000081,0.000076,0.000076,0.000077,0.000077,0.000068,0.000074,0.000069,0.000071,0.000050,0.000068,0.000072,0.000076,0.000082,0.000087,0.000043,0.000045,0.000098,0.000096,0.000083,0.000060,0.000067,0.000064,0.000057,0.000007,0.000022,0.000048,0.000084
1202,,,,,,,,,,,,,,0.000003,0.000094,0.000103,0.000111,0.000120,0.000153,0.000151,0.000164,0.000154,0.000144,0.000119,0.000092,0.000100,0.000094,0.000081,0.000091,0.000094,0.000087,0.000085,0.000082,0.000084,0.000071,0.000046,0.000049,0.000035,0.000036,0.000069,0.000076,0.000076,0.000051,0.000041,0.000024,0.000012,0.000004,0.000019,0.000050,0.000105
1203,,,,,,,,,,,,,,0.000005,0.000094,0.000092,0.000104,0.000119,0.000134,0.000141,0.000161,0.000149,0.000155,0.000152,0.000142,0.000140,0.000132,0.000107,0.000113,0.000100,0.000083,0.000073,0.000076,0.000072,0.000058,0.000037,0.000032,0.000022,0.000015,0.000003,0.000017,0.000015,0.000026,0.000045,0.000055,0.000055,0.000013,0.000038,0.000065,0.000119
1204,,,,,,,,,,,,,,0.000007,0.000122,0.000139,0.000170,0.000176,0.000199,0.000190,0.000193,0.000154,0.000164,0.000146,0.000114,0.000143,0.000142,0.000121,0.000134,0.000108,0.000088,0.000094,0.000112,0.000102,0.000106,0.000073,0.000070,0.000025,0.000028,0.000085,0.000089,0.000092,0.000085,0.000081,0.000063,0.000048,0.000011,0.000041,0.000061,0.000118
1205,,,,,,,,,,,,,,0.000006,0.000175,0.000148,0.000168,0.000184,0.000217,0.000230,0.000252,0.000231,0.000234,0.000212,0.000187,0.000195,0.000192,0.000189,0.000199,0.000188,0.000159,0.000133,0.000150,0.000148,0.000143,0.000112,0.000108,0.000030,0.000030,0.000119,0.000120,0.000136,0.000107,0.000099,0.000067,0.000040,0.000002,0.000019,0.000052,0.000113
1206,,,,,,,,,,,,,,0.000003,0.000041,0.000047,0.000057,0.000060,0.000074,0.000083,0.000091,0.000079,0.000081,0.000078,0.000069,0.000084,0.000085,0.000080,0.000077,0.000074,0.000079,0.000078,0.000086,0.000073,0.000071,0.000071,0.000071,0.000038,0.000051,0.000098,0.000103,0.000108,0.000092,0.000079,0.000074,0.000089,0.000023,0.000067,0.000138,0.000149
1207,,,,,,,,,,,,,,0.000007,0.000163,0.000115,0.000113,0.000094,0.000098,0.000105,0.000098,0.000084,0.000083,0.000092,0.000105,0.000155,0.000171,0.000214,0.000279,0.000327,0.000377,0.000410,0.000568,0.000639,0.000683,0.000620,0.000560,0.000146,0.000182,0.000501,0.000671,0.000578,0.000422,0.000231,0.000128,0.000083,0.000010,0.000028,0.000065,0.000092
