roi_id,bin_0,bin_1,bin_2,bin_3,bin_4,bin_5,bin_6,bin_7,bin_8,bin_9,bin_10,bin_11,bin_12,bin_13,bin_14,bin_15,bin_16,bin_17,bin_18,bin_19,bin_20,bin_21,bin_22,bin_23,bin_24,bin_25,bin_26,bin_27,bin_28,bin_29,bin_30,bin_31,bin_32,bin_33,bin_34,bin_35,bin_36,bin_37,bin_38,bin_39,bin_40,bin_41,bin_42,bin_43,bin_44,bin_45,bin_46,bin_47,bin_48,bin_49
0,,,,,,,,,,,,,,0.000033,0.000344,0.000161,0.000180,0.000217,0.000242,0.000203,0.000186,0.000169,0.000172,0.000113,0.000101,0.000099,0.000084,0.000087,0.000061,0.000045,0.000043,0.000047,0.000050,0.000061,0.000078,0.000078,0.000077,0.000035,0.000030,0.000034,0.000028,0.000014,0.000011,0.000007,0.000045,0.000150,0.000057,0.000154,0.000483,0.000969
1,,,,,,,,,,,,,,0.000056,0.000773,0.000419,0.000490,0.000703,0.000807,0.000751,0.000668,0.000625,0.000576,0.000494,0.000511,0.000445,0.000380,0.000315,0.000244,0.000199,0.000188,0.000212,0.000190,0.000176,0.000159,0.000120,0.000094,0.000014,0.000023,0.000056,0.000050,0.000027,0.000025,0.000029,0.000018,0.000007,0.000010,0.000027,0.000179,0.000371
2,,,,,,,,,,,,,,0.000015,0.000113,0.000059,0.000060,0.000097,0.000119,0.000105,0.000089,0.000081,0.000083,0.000082,0.000078,0.000072,0.000052,0.000041,0.000025,0.000027,0.000027,0.000027,0.000026,0.000026,0.000031,0.000033,0.000027,0.000020,0.000049,0.000014,0.000002,0.000015,0.000067,0.000146,0.000229,0.000139,0.000032,0.000107,0.000288,0.000341
3,,,,,,,,,,,,,,0.000018,0.000214,0.000096,0.000114,0.000172,0.000187,0.000198,0.000171,0.000186,0.000143,0.000144,0.000137,0.000109,0.000083,0.000093,0.000084,0.000063,0.000069,0.000055,0.000053,0.000063,0.000042,0.000054,0.000069,0.000156,0.000080,0.000033,0.000029,0.000035,0.000038,0.000104,0.000320,0.000298,0.000061,0.000163,0.000375,0.000436
4,,,,,,,,,,,,,,0.000011,0.000103,0.000065,0.000076,0.000105,0.000143,0.000149,0.000147,0.000117,0.000098,0.000061,0.000055,0.000052,0.000048,0.000028,0.000017,0.000001,0.000152,0.000039,0.000039,0.000033,0.000023,0.000041,0.000060,0.000067,0.000053,0.000061,0.000082,0.000060,0.000097,0.000223,0.000313,0.000188,0.000044,0.000125,0.000317,0.000300
5,,,,,,,,,,,,,,0.000014,0.000159,0.000099,0.000104,0.000146,0.000136,0.000136,0.000124,0.000113,0.000110,0.000102,0.000119,0.000117,0.000097,0.000070,0.000055,0.000045,0.000044,0.000066,0.000058,0.000065,0.000051,0.000049,0.000052,0.000016,0.000018,0.000038,0.000033,0.000021,0.000023,0.000023,0.000025,0.000130,0.000009,0.000071,0.000212,0.000233
6,,,,,,,,,,,,,,0.000015,0.000176,0.000165,0.000523,0.000928,0.001142,0.000936,0.000740,0.000633,0.000534,0.000479,0.000419,0.000358,0.000287,0.000227,0.000192,0.000195,0.000185,0.000199,0.000180,0.000170,0.000145,0.000126,0.000077,0.000173,0.000220,0.000164,0.000123,0.000135,0.000098,0.000059,0.000034,0.000077,0.000027,0.000080,0.000221,0.000317
7,,,,,,,,,,,,,,0.000013,0.000171,0.000129,0.000235,0.000452,0.000442,0.000411,0.000306,0.000266,0.000213,0.000168,0.000140,0.000122,0.000102,0.000093,0.000072,0.000082,0.000055,0.000040,0.000037,0.000028,0.000031,0.000037,0.000039,0.000012,0.000012,0.000055,0.000094,0.000094,0.000140,0.000115,0.000118,0.000140,0.000035,0.000086,0.000215,0.000179
8,,,,,,,,,,,,,,0.000024,0.000426,0.000171,0.000193,0.000274,0.000283,0.000248,0.000206,0.000143,0.000157,0.000129,0.000130,0.000169,0.000138,0.000104,0.000102,0.000067,0.000055,0.000056,0.000112,0.000221,0.000391,0.000769,0.000770,0.000415,0.000196,0.000220,0.000287,0.000303,0.000310,0.000207,0.000127,0.000039,0.000011,0.000062,0.000347,0.000389
9,,,,,,,,,,,,,,0.000022,0.000200,0.000083,0.000094,0.000155,0.000203,0.000181,0.000162,0.000138,0.000130,0.000100,0.000084,0.000076,0.000062,0.000045,0.000037,0.000039,0.000042,0.000045,0.000044,0.000040,0.000024,0.000032,0.000028,0.000017,0.000020,0.000028,0.000028,0.000023,0.000031,0.000045,0.000139,0.000185,0.000044,0.000130,0.000401,0.000546
10,,,,,,,,,,,,,,0.000003,0.000038,0.000020,0.000026,0.000044,0.000056,0.000053,0.000051,0.000048,0.000047,0.000038,0.000035,0.000025,0.000029,0.000036,0.000033,0.000031,0.000025,0.000017,0.000018,0.000024,0.000040,0.000045,0.000037,0.000011,0.000020,0.000049,0.000075,0.000135,0.000343,0.000608,0.000738,0.000282,0.000020,0.000036,0.000057,0.000056
11,,,,,,,,,,,,,,0.000012,0.000115,0.000048,0.000073,0.000101,0.000129,0.000127,0.000099,0.000075,0.000065,0.000055,0.000073,0.000069,0.000051,0.000035,0.000013,0.000019,0.000031,0.000037,0.000031,0.000033,0.000025,0.000024,0.000018,0.000009,0.000024,0.000097,0.000087,0.000078,0.000069,0.000069,0.000140,0.000134,0.000041,0.000121,0.000314,0.000305
12,,,,,,,,,,,,,,0.000008,0.000077,0.000032,0.000036,0.000057,0.000053,0.000046,0.000053,0.000060,0.000075,0.000098,0.000135,0.000147,0.000149,0.000111,0.000059,0.000044,0.000032,0.000028,0.000034,0.000060,0.000057,0.000072,0.000096,0.000107,0.000133,0.000095,0.000134,0.000141,0.000182,0.000223,0.000213,0.000121,0.000043,0.000156,0.000249,0.000391
13,,,,,,,,,,,,,,0.000002,0.000034,0.000022,0.000022,0.000062,0.000163,0.000331,0.000628,0.000990,0.001502,0.001862,0.002411,0.002719,0.002983,0.002854,0.002449,0.002405,0.002240,0.002088,0.001852,0.001635,0.001432,0.001241,0.000896,0.000084,0.000171,0.000571,0.000519,0.000352,0.000329,0.000281,0.000197,0.000054,0.000006,0.000011,0.000033,0.000034
14,,,,,,,,,,,,,,0.000023,0.000203,0.000102,0.000110,0.000143,0.000168,0.000157,0.000116,0.000086,0.000104,0.000112,0.000114,0.000077,0.000048,0.000039,0.000048,0.000054,0.000049,0.000061,0.000054,0.000049,0.000045,0.000061,0.000065,0.000019,0.000037,0.000125,0.000288,0.000447,0.000867,0.001284,0.001243,0.000429,0.000032,0.000064,0.000228,0.000376
15,,,,,,,,,,,,,,0.000013,0.000101,0.000049,0.000050,0.000067,0.000075,0.000062,0.000043,0.000029,0.000026,0.000020,0.000019,0.000028,0.000033,0.000061,0.000091,0.000087,0.000067,0.000060,0.000038,0.000077,0.000065,0.000052,0.000039,0.000060,0.000122,0.000044,0.000075,0.000197,0.000417,0.000464,0.000390,0.000153,0.000032,0.000104,0.000333,0.000318
16,,,,,,,,,,,,,,0.000007,0.000045,0.000025,0.000030,0.000047,0.000051,0.000038,0.000028,0.000031,0.000033,0.000028,0.000025,0.000018,0.000026,0.000069,0.000101,0.000187,0.000234,0.000278,0.000238,0.000186,0.000141,0.000111,0.000071,0.000015,0.000017,0.000035,0.000071,0.000153,0.000422,0.000860,0.001001,0.000381,0.000030,0.000080,0.000176,0.000156
17,,,,,,,,,,,,,,0.000011,0.000133,0.000066,0.000072,0.000095,0.000093,0.000098,0.000086,0.000089,0.000076,0.000069,0.000059,0.000043,0.000037,0.000029,0.000015,0.000020,0.000238,0.000074,0.000084,0.000074,0.000045,0.000061,0.000132,0.000031,0.000075,0.000203,0.000210,0.000251,0.000231,0.000213,0.000162,0.000100,0.000014,0.000035,0.000156,0.000134
18,,,,,,,,,,,,,,0.000004,0.000036,0.000026,0.000037,0.000061,0.000079,0.000078,0.000054,0.000039,0.000029,0.000034,0.000037,0.000032,0.000024,0.000015,0.000014,0.000022,0.000029,0.000044,0.000059,0.000072,0.000133,0.000356,0.000593,0.000267,0.000255,0.000140,0.000289,0.000467,0.000777,0.000856,0.000640,0.000168,0.000013,0.000029,0.000100,0.000067
19,,,,,,,,,,,,,,0.000017,0.000381,0.000221,0.000249,0.000291,0.000343,0.000288,0.000261,0.000214,0.000217,0.000201,0.000176,0.000148,0.000130,0.000105,0.000073,0.000059,0.000064,0.000059,0.000053,0.000108,0.000187,0.000420,0.000619,0.000272,0.000433,0.000325,0.000249,0.000235,0.000201,0.000166,0.000095,0.000029,0.000002,0.000011,0.000093,0.000092
20,,,,,,,,,,,,,,0.000010,0.000116,0.000057,0.000071,0.000102,0.000109,0.000110,0.000103,0.000098,0.000086,0.000073,0.000077,0.000076,0.000069,0.000062,0.000039,0.000037,0.000045,0.000049,0.000044,0.000045,0.000023,0.000021,0.000025,0.000056,0.000012,0.000022,0.000063,0.000092,0.000206,0.000384,0.000480,0.000199,0.000024,0.000076,0.000192,0.000157
21,,,,,,,,,,,,,,0.000007,0.000051,0.000033,0.000057,0.000145,0.000222,0.000225,0.000186,0.000150,0.000116,0.000093,0.000119,0.000093,0.000091,0.000072,0.000065,0.000065,0.000053,0.000051,0.000051,0.000043,0.000047,0.000063,0.000049,0.000014,0.000011,0.000009,0.000011,0.000014,0.000029,0.000070,0.000177,0.000107,0.000020,0.000045,0.000164,0.000171
22,,,,,,,,,,,,,,0.000007,0.000105,0.000047,0.000069,0.000102,0.000089,0.000102,0.000092,0.000077,0.000088,0.000075,0.000083,0.000071,0.000061,0.000050,0.000037,0.000031,0.000033,0.000038,0.000044,0.000051,0.000044,0.000037,0.000030,0.000015,0.000062,0.000050,0.000045,0.000042,0.000052,0.000065,0.000038,0.000016,0.000008,0.000032,0.000125,0.000104
23,,,,,,,,,,,,,,0.000006,0.000060,0.000021,0.000042,0.000054,0.000062,0.000040,0.000040,0.000042,0.000061,0.000048,0.000054,0.000056,0.000048,0.000045,0.000036,0.000042,0.000054,0.000070,0.000062,0.000061,0.000049,0.000054,0.000047,0.000024,0.000018,0.000024,0.000032,0.000026,0.000018,0.000028,0.000131,0.000110,0.000020,0.000074,0.000187,0.000378
24,,,,,,,,,,,,,,0.000017,0.000234,0.000159,0.000355,0.000502,0.000536,0.000421,0.000340,0.000300,0.000275,0.000234,0.000243,0.000211,0.000164,0.000137,0.000119,0.000092,0.000083,0.000089,0.000091,0.000088,0.000067,0.000054,0.000050,0.000014,0.000017,0.000026,0.000039,0.000207,0.000180,0.000274,0.000195,0.000088,0.000014,0.000088,0.000515,0.000375
25,,,,,,,,,,,,,,0.000006,0.000097,0.000064,0.000157,0.000318,0.000405,0.000379,0.000315,0.000255,0.000241,0.000211,0.000206,0.000183,0.000155,0.000116,0.000092,0.000088,0.000086,0.000107,0.000091,0.000085,0.000076,0.000075,0.000053,0.000061,0.000051,0.000085,0.000072,0.000053,0.000047,0.000035,0.000027,0.000018,0.000004,0.000016,0.000069,0.000075
26,,,,,,,,,,,,,,0.000003,0.000097,0.000047,0.000055,0.000076,0.000083,0.000107,0.000110,0.000149,0.000174,0.000236,0.000388,0.000556,0.000851,0.001152,0.001430,0.001869,0.001838,0.001974,0.001685,0.001482,0.001332,0.001103,0.000764,0.000079,0.000143,0.000547,0.000466,0.000341,0.000341,0.000257,0.000177,0.000052,0.000006,0.000017,0.000051,0.000050
27,,,,,,,,,,,,,,0.000013,0.000147,0.000080,0.000086,0.000126,0.000158,0.000150,0.000117,0.000124,0.000111,0.000095,0.000085,0.000064,0.000052,0.000046,0.000038,0.000030,0.000032,0.000044,0.000046,0.000056,0.000043,0.000044,0.000043,0.000020,0.000008,0.000016,0.000015,0.000007,0.000010,0.000013,0.000017,0.000038,0.000024,0.000073,0.000227,0.000243
28,,,,,,,,,,,,,,0.000028,0.000216,0.000102,0.000094,0.000129,0.000150,0.000129,0.000105,0.000086,0.000092,0.000105,0.000138,0.000163,0.000225,0.000261,0.000304,0.000356,0.000379,0.000414,0.000285,0.000210,0.000125,0.000126,0.000183,0.000028,0.000034,0.000045,0.000054,0.000031,0.000018,0.000035,0.000139,0.000077,0.000021,0.000129,0.000694,0.000699
29,,,,,,,,,,,,,,0.000005,0.000047,0.000030,0.000053,0.000076,0.000077,0.000072,0.000065,0.000053,0.000056,0.000037,0.000034,0.000035,0.000038,0.000035,0.000035,0.000035,0.000043,0.000073,0.000080,0.000071,0.000063,0.000063,0.000075,0.000080,0.000038,0.000058,0.000058,0.000036,0.000028,0.000041,0.000027,0.000013,0.000008,0.000052,0.000094,0.000081
30,,,,,,,,,,,,,,0.000011,0.000084,0.000048,0.000048,0.000056,0.000072,0.000059,0.000069,0.000069,0.000059,0.000048,0.000056,0.000034,0.000031,0.000026,0.000024,0.000036,0.000023,0.000034,0.000026,0.000022,0.000028,0.000030,0.000022,0.000035,0.000030,0.000053,0.000040,0.000035,0.000052,0.000072,0.000223,0.000247,0.000022,0.000069,0.000205,0.000192
31,,,,,,,,,,,,,,0.000007,0.000311,0.000274,0.000251,0.000367,0.000541,0.000484,0.000428,0.000344,0.000299,0.000254,0.000227,0.000180,0.000147,0.000124,0.000080,0.000085,0.000079,0.000103,0.000098,0.000122,0.000193,0.000345,0.000493,0.000073,0.000208,0.000904,0.001017,0.000787,0.000774,0.000622,0.000382,0.000089,0.000005,0.000012,0.000055,0.000026
32,,,,,,,,,,,,,,0.000011,0.000149,0.000104,0.000140,0.000180,0.000231,0.000212,0.000195,0.000163,0.000154,0.000129,0.000120,0.000110,0.000087,0.000063,0.000044,0.000037,0.000030,0.000039,0.000036,0.000079,0.000109,0.000137,0.000091,0.000060,0.000066,0.000067,0.000054,0.000054,0.000074,0.000080,0.000058,0.000039,0.000005,0.000027,0.000133,0.000181
33,,,,,,,,,,,,,,0.000027,0.000572,0.000300,0.000404,0.000476,0.000584,0.000463,0.000400,0.000319,0.000289,0.000227,0.000223,0.000206,0.000151,0.000100,0.000082,0.000067,0.000066,0.000063,0.000071,0.000076,0.000050,0.000062,0.000033,0.000027,0.000018,0.000029,0.000026,0.000016,0.000020,0.000023,0.000053,0.000054,0.000019,0.000050,0.000099,0.000134
34,,,,,,,,,,,,,,0.000005,0.000069,0.000047,0.000072,0.000168,0.000279,0.000446,0.000768,0.001270,0.001530,0.001760,0.002003,0.002097,0.001956,0.001693,0.001140,0.001018,0.000859,0.000802,0.000681,0.000595,0.000518,0.000430,0.000260,0.000046,0.000068,0.000219,0.000258,0.000206,0.000206,0.000151,0.000102,0.000039,0.000006,0.000014,0.000081,0.000074
35,,,,,,,,,,,,,,0.000006,0.000117,0.000078,0.000075,0.000098,0.000109,0.000094,0.000084,0.000079,0.000076,0.000072,0.000071,0.000064,0.000049,0.000047,0.000042,0.000038,0.000026,0.000024,0.000011,0.000016,0.000024,0.000082,0.000227,0.000347,0.000407,0.000245,0.000192,0.000178,0.000145,0.000131,0.000063,0.000019,0.000002,0.000009,0.000071,0.000092
36,,,,,,,,,,,,,,0.000024,0.000253,0.000124,0.000143,0.000228,0.000194,0.000181,0.000118,0.000110,0.000090,0.000090,0.000075,0.000073,0.000061,0.000046,0.000032,0.000043,0.000053,0.000051,0.000046,0.000045,0.000029,0.000019,0.000028,0.000030,0.000018,0.000046,0.000064,0.000120,0.000207,0.000385,0.000393,0.000127,0.000012,0.000022,0.000086,0.000111
37,,,,,,,,,,,,,,0.000011,0.000154,0.000096,0.000135,0.000201,0.000246,0.000236,0.000186,0.000185,0.000203,0.000166,0.000182,0.000224,0.000160,0.000133,0.000111,0.000072,0.000110,0.000101,0.000131,0.000224,0.000230,0.000205,0.000142,0.000027,0.000085,0.000101,0.000100,0.000092,0.000074,0.000049,0.000039,0.000014,0.000008,0.000024,0.000190,0.000211
38,,,,,,,,,,,,,,0.000029,0.000388,0.000256,0.000255,0.000369,0.000398,0.000372,0.000313,0.000301,0.000265,0.000230,0.000216,0.000181,0.000164,0.000115,0.000085,0.000082,0.000077,0.000071,0.000061,0.000047,0.000041,0.000037,0.000029,0.000016,0.000012,0.000023,0.000019,0.000029,0.000038,0.000047,0.000050,0.000019,0.000013,0.000030,0.000079,0.000101
39,,,,,,,,,,,,,,0.000003,0.000050,0.000018,0.000025,0.000050,0.000083,0.000091,0.000093,0.000097,0.000102,0.000093,0.000087,0.000069,0.000043,0.000038,0.000028,0.000037,0.000045,0.000049,0.000051,0.000043,0.000047,0.000062,0.000094,0.000034,0.000077,0.000256,0.000309,0.000262,0.000430,0.000566,0.000466,0.000129,0.000010,0.000019,0.000175,0.000070
40,,,,,,,,,,,,,,0.000005,0.000149,0.000102,0.000144,0.000222,0.000240,0.000223,0.000175,0.000135,0.000107,0.000075,0.000061,0.000062,0.000043,0.000025,0.000017,0.000009,-0.000003,0.000013,0.000023,0.000051,0.000089,0.000195,0.000437,0.000130,0.000359,0.001473,0.001349,0.000911,0.000827,0.000674,0.000387,0.000095,0.000006,0.000018,0.000044,0.000038
41,,,,,,,,,,,,,,0.000020,0.000154,0.000076,0.000303,0.000874,0.001572,0.002050,0.002574,0.002615,0.002652,0.002372,0.002175,0.001954,0.001640,0.001304,0.000913,0.000759,0.000692,0.000785,0.000620,0.000493,0.000377,0.000311,0.000197,0.000033,0.000042,0.000072,0.000056,0.000024,0.000012,0.000009,0.000002,0.000019,0.000019,0.000070,0.000345,0.000531
42,,,,,,,,,,,,,,0.000007,0.000104,0.000059,0.000060,0.000092,0.000115,0.000111,0.000095,0.000088,0.000102,0.000123,0.000098,0.000077,0.000051,0.000056,0.000051,0.000044,0.000048,0.000075,0.000086,0.000089,0.000082,0.000077,0.000072,0.000018,0.000029,0.000052,0.000051,0.000042,0.000065,0.000070,0.000049,0.000102,0.000014,0.000023,0.000093,0.000097
43,,,,,,,,,,,,,,0.000004,0.000054,0.000035,0.000034,0.000054,0.000076,0.000106,0.000131,0.000146,0.000195,0.000230,0.000287,0.000292,0.000309,0.000222,0.000150,0.000132,0.000235,0.000124,0.000112,0.000115,0.000090,0.000100,0.000087,0.000034,0.000040,0.000032,0.000020,0.000029,0.000090,0.000151,0.000190,0.000091,0.000017,0.000077,0.000119,0.000195
44,,,,,,,,,,,,,,0.000024,0.000429,0.000194,0.000166,0.000241,0.000263,0.000225,0.000198,0.000158,0.000127,0.000108,0.000101,0.000084,0.000078,0.000070,0.000066,0.000080,0.000110,0.000124,0.000148,0.000165,0.000184,0.000166,0.000148,0.000142,0.000050,0.000075,0.000086,0.000264,0.000166,0.000160,0.000188,0.000048,0.000009,0.000020,0.000138,0.000154
45,,,,,,,,,,,,,,0.000008,0.000134,0.000080,0.000085,0.000111,0.000119,0.000095,0.000079,0.000064,0.000064,0.000060,0.000065,0.000058,0.000049,0.000041,0.000046,0.000035,0.000034,0.000040,0.000040,0.000038,0.000047,0.000063,0.000100,0.000056,0.000051,0.000057,0.000117,0.000378,0.000647,0.000881,0.000789,0.000207,0.000013,0.000032,0.000108,0.000057
46,,,,,,,,,,,,,,0.000011,0.000094,0.000057,0.000077,0.000094,0.000114,0.000167,0.000191,0.000175,0.000219,0.000209,0.000237,0.000237,0.000223,0.000170,0.000120,0.000098,0.000068,0.000060,0.000051,0.000039,0.000035,0.000032,0.000020,0.000012,0.000021,0.000125,0.000199,0.000157,0.000137,0.000086,0.000048,0.000071,0.000021,0.000072,0.000298,0.000286
47,,,,,,,,,,,,,,0.000016,0.000268,0.000163,0.000211,0.000263,0.000296,0.000293,0.000289,0.000284,0.000310,0.000294,0.000286,0.000249,0.000220,0.000211,0.000190,0.000204,0.000195,0.000184,0.000198,0.000181,0.000183,0.000177,0.000103,0.000014,0.000017,0.000054,0.000048,0.000058,0.000064,0.000041,0.000028,0.000010,0.000003,0.000008,0.000125,0.000242
48,,,,,,,,,,,,,,0.000012,0.000150,0.000087,0.000111,0.000139,0.000145,0.000139,0.000099,0.000091,0.000111,0.000101,0.000106,0.000103,0.000083,0.000084,0.000071,0.000089,0.000149,0.000144,0.000109,0.000107,0.000109,0.000095,0.000121,0.000039,0.000036,0.000052,0.000048,0.000045,0.000043,0.000038,0.000030,0.000040,0.000018,0.000052,0.000433,0.000315
49,,,,,,,,,,,,,,0.000007,0.000136,0.000068,0.000085,0.000104,0.000113,0.000093,0.000078,0.000079,0.000067,0.000067,0.000073,0.000055,0.000046,0.000028,0.000027,0.000026,0.000032,0.000030,0.000038,0.000061,0.000108,0.000172,0.000099,0.000018,0.000037,0.000041,0.000062,0.000070,0.000116,0.000210,0.000234,0.000148,0.000020,0.000062,0.000235,0.000230
50,,,,,,,,,,,,,,0.000006,0.000064,0.000043,0.000045,0.000038,0.000048,0.000037,0.000039,0.000034,0.000037,0.000023,0.000022,0.000015,0.000007,0.000024,0.000059,0.000211,0.000821,0.001026,0.001252,0.001267,0.000930,0.000730,0.000439,0.000040,0.000068,0.000199,0.000228,0.000240,0.000429,0.000679,0.000797,0.000310,0.000027,0.000058,0.000228,0.000173
51,,,,,,,,,,,,,,0.000004,0.000093,0.000048,0.000057,0.000132,0.000200,0.000179,0.000193,0.000231,0.000316,0.000491,0.000703,0.000845,0.000999,0.001064,0.001075,0.001223,0.001206,0.001161,0.000916,0.000734,0.000606,0.000496,0.000343,0.000032,0.000055,0.000153,0.000128,0.000081,0.000083,0.000074,0.000060,0.000016,0.000002,0.000008,0.000035,0.000063
52,,,,,,,,,,,,,,0.000004,0.000072,0.000059,0.000043,0.000041,0.000050,0.000061,0.000057,0.000042,0.000044,0.000034,0.000031,0.000026,0.000018,0.000023,0.000026,0.000019,0.000020,0.000019,0.000013,0.000016,0.000035,0.000196,0.000167,0.000090,0.000108,0.000141,0.000159,0.000135,0.000128,0.000122,0.000096,0.000044,0.000015,0.000027,0.000131,0.000102
53,,,,,,,,,,,,,,0.000008,0.000139,0.000118,0.000152,0.000241,0.000319,0.000291,0.000263,0.000197,0.000166,0.000121,0.000100,0.000078,0.000058,0.000044,0.000031,0.000027,0.000023,0.000015,0.000022,0.000018,0.000049,0.000080,0.000086,0.000026,0.000046,0.000228,0.000246,0.000229,0.000186,0.000144,0.000104,0.000062,0.000010,0.000032,0.000113,0.000123
54,,,,,,,,,,,,,,0.000017,0.001099,0.001040,0.000997,0.001198,0.001380,0.001210,0.001038,0.000891,0.000786,0.000636,0.000624,0.000550,0.000454,0.000343,0.000246,0.000208,0.000185,0.000255,0.000342,0.000389,0.000388,0.000337,0.000298,0.000080,0.000183,0.000388,0.000337,0.000247,0.000188,0.000165,0.000084,0.000021,0.000003,0.000008,0.000053,0.000154
55,,,,,,,,,,,,,,0.000013,0.000259,0.000158,0.000124,0.000143,0.000177,0.000171,0.000130,0.000116,0.000102,0.000110,0.000117,0.000123,0.000148,0.000177,0.000169,0.000234,0.000189,0.000189,0.000232,0.000366,0.000542,0.000591,0.000438,0.000074,0.000099,0.000200,0.000193,0.000145,0.000153,0.000138,0.000105,0.000046,0.000010,0.000026,0.000118,0.000100
56,,,,,,,,,,,,,,0.000008,0.000134,0.000065,0.000077,0.000112,0.000128,0.000110,0.000091,0.000061,0.000063,0.000064,0.000074,0.000067,0.000058,0.000054,0.000039,0.000037,0.000036,0.000046,0.000037,0.000037,0.000038,0.000062,0.000045,0.000009,0.000016,0.000028,0.000043,0.000090,0.000187,0.000333,0.000367,0.000206,0.000015,0.000032,0.000145,0.000140
57,,,,,,,,,,,,,,0.000007,0.000116,0.000065,0.000073,0.000105,0.000138,0.000112,0.000127,0.000121,0.000107,0.000098,0.000095,0.000095,0.000076,0.000059,0.000051,0.000032,0.000033,0.000047,0.000074,0.000099,0.000091,0.000081,0.000062,0.000020,0.000022,0.000030,0.000039,0.000034,0.000040,0.000049,0.000042,0.000014,0.000003,0.000013,0.000081,0.000075
58,,,,,,,,,,,,,,0.000006,0.000103,0.000088,0.000125,0.000206,0.000265,0.000274,0.000262,0.000243,0.000221,0.000193,0.000189,0.000142,0.000104,0.000074,0.000052,0.000038,0.000030,0.000026,0.000021,0.000009,0.000003,0.000009,0.000043,0.000018,0.000065,0.000165,0.000156,0.000106,0.000093,0.000081,0.000064,0.000044,0.000013,0.000053,0.000095,0.000132
59,,,,,,,,,,,,,,0.000002,0.000046,0.000034,0.000039,0.000056,0.000053,0.000056,0.000052,0.000048,0.000044,0.000037,0.000039,0.000035,0.000027,0.000022,0.000014,0.000012,0.000011,0.000013,0.000009,0.000006,0.000010,0.000017,0.000039,0.000018,0.000034,0.000085,0.000088,0.000091,0.000084,0.000092,0.000084,0.000036,0.000005,0.000012,0.000039,0.000038
60,,,,,,,,,,,,,,0.000007,0.000104,0.000060,0.000065,0.000081,0.000099,0.000079,0.000079,0.000085,0.000061,0.000046,0.000047,0.000039,0.000031,0.000027,0.000023,0.000032,0.000042,0.000064,0.000071,0.000077,0.000116,0.000259,0.000330,0.000080,0.000087,0.000243,0.000192,0.000127,0.000157,0.000168,0.000126,0.000050,0.000012,0.000056,0.000154,0.000146
61,,,,,,,,,,,,,,0.000008,0.000123,0.000088,0.000115,0.000145,0.000189,0.000186,0.000161,0.000159,0.000171,0.000141,0.000154,0.000143,0.000157,0.000111,0.000075,0.000093,0.000095,0.000096,0.000101,0.000117,0.000092,0.000099,0.000090,0.000020,0.000029,0.000044,0.000073,0.000092,0.000113,0.000110,0.000089,0.000076,0.000005,0.000013,0.000076,0.000094
62,,,,,,,,,,,,,,0.000007,0.000086,0.000050,0.000068,0.000109,0.000114,0.000114,0.000097,0.000097,0.000101,0.000090,0.000087,0.000074,0.000073,0.000067,0.000066,0.000075,0.000095,0.000079,0.000069,0.000050,0.000033,0.000027,0.000028,0.000012,0.000042,0.000025,0.000019,0.000031,0.000049,0.000051,0.000032,0.000020,0.000006,0.000020,0.000150,0.000125
63,,,,,,,,,,,,,,0.000003,0.000083,0.000037,0.000047,0.000086,0.000166,0.000260,0.000437,0.000597,0.000807,0.000891,0.001009,0.001016,0.001114,0.001145,0.001013,0.000884,0.000950,0.000794,0.000660,0.000586,0.000496,0.000401,0.000276,0.000032,0.000053,0.000142,0.000139,0.000098,0.000091,0.000077,0.000053,0.000015,0.000003,0.000012,0.000041,0.000052
64,,,,,,,,,,,,,,0.000076,0.000890,0.000502,0.000543,0.000727,0.000750,0.000702,0.000578,0.000568,0.000562,0.000523,0.000507,0.000569,0.000634,0.000641,0.000568,0.000666,0.000650,0.000495,0.000393,0.000313,0.000247,0.000222,0.000156,0.000023,0.000031,0.000055,0.000038,0.000029,0.000030,0.000022,0.000022,0.000018,0.000006,0.000030,0.000453,0.000741
65,,,,,,,,,,,,,,0.000010,0.000152,0.000111,0.000142,0.000216,0.000216,0.000203,0.000169,0.000174,0.000146,0.000123,0.000142,0.000109,0.000083,0.000072,0.000054,0.000056,0.000071,0.000097,0.000098,0.000107,0.000110,0.000124,0.000080,0.000027,0.000031,0.000092,0.000084,0.000113,0.000085,0.000076,0.000055,0.000023,0.000006,0.000017,0.000058,0.000037
66,,,,,,,,,,,,,,0.000010,0.000091,0.000041,0.000048,0.000078,0.000113,0.000120,0.000112,0.000109,0.000122,0.000094,0.000082,0.000062,0.000052,0.000051,0.000040,0.000038,0.000039,0.000051,0.000044,0.000029,0.000027,0.000029,0.000025,0.000055,0.000044,0.000013,0.000008,0.000007,0.000015,0.000037,0.000101,0.000139,0.000024,0.000062,0.000241,0.000403
67,,,,,,,,,,,,,,0.000021,0.000358,0.000180,0.000239,0.000330,0.000399,0.000350,0.000341,0.000294,0.000297,0.000266,0.000258,0.000202,0.000156,0.000151,0.000115,0.000116,0.000129,0.000125,0.000111,0.000104,0.000102,0.000101,0.000083,0.000035,0.000036,0.000066,0.000076,0.000062,0.000059,0.000058,0.000048,0.000020,0.000006,0.000023,0.000246,0.000363
68,,,,,,,,,,,,,,0.000007,0.000077,0.000037,0.000048,0.000054,0.000052,0.000050,0.000038,0.000030,0.000025,0.000022,0.000029,0.000034,0.000074,0.000164,0.000264,0.000330,0.000346,0.000357,0.000287,0.000209,0.000143,0.000115,0.000073,0.000013,0.000023,0.000227,0.000624,0.000803,0.001073,0.001092,0.000876,0.000249,0.000013,0.000034,0.000121,0.000125
69,,,,,,,,,,,,,,0.000005,0.000105,0.000073,0.000161,0.000239,0.000326,0.000416,0.000492,0.000622,0.000884,0.001083,0.001218,0.001308,0.001238,0.001055,0.000864,0.000784,0.000693,0.000667,0.000549,0.000460,0.000399,0.000328,0.000212,0.000054,0.000054,0.000143,0.000148,0.000147,0.000146,0.000132,0.000077,0.000020,0.000003,0.000008,0.000069,0.000061
70,,,,,,,,,,,,,,0.000005,0.000021,0.000016,0.000015,0.000027,0.000029,0.000041,0.000045,0.000043,0.000038,0.000039,0.000043,0.000034,0.000030,0.000032,0.000040,0.000032,0.000047,0.000049,0.000041,0.000033,0.000025,0.000021,0.000017,0.000015,0.000033,0.000030,0.000074,0.000155,0.000296,0.000331,0.000248,0.000080,0.000011,0.000024,0.000091,0.000079
71,,,,,,,,,,,,,,0.000003,0.000035,0.000022,0.000024,0.000047,0.000062,0.000067,0.000058,0.000055,0.000053,0.000057,0.000069,0.000045,0.000033,0.000027,0.000028,0.000045,0.000056,0.000077,0.000067,0.000067,0.000065,0.000065,0.000053,0.000028,0.000023,0.000041,0.000042,0.000040,0.000075,0.000149,0.000281,0.000157,0.000021,0.000051,0.000076,0.000076
72,,,,,,,,,,,,,,0.000018,0.000537,0.000427,0.000479,0.000760,0.001030,0.000897,0.000855,0.000743,0.000724,0.000654,0.000610,0.000554,0.000483,0.000429,0.000339,0.000285,0.000306,0.000344,0.000339,0.000312,0.000306,0.000304,0.000240,0.000027,0.000042,0.000123,0.000111,0.000087,0.000092,0.000068,0.000042,0.000013,0.000002,0.000006,0.000129,0.000113
73,,,,,,,,,,,,,,0.000007,0.000238,0.000155,0.000285,0.000798,0.001144,0.001159,0.001129,0.001164,0.001155,0.001147,0.001282,0.001232,0.001144,0.000927,0.000725,0.000675,0.000591,0.000579,0.000475,0.000412,0.000335,0.000272,0.000196,0.000025,0.000032,0.000101,0.000125,0.000262,0.000272,0.000322,0.000186,0.000048,0.000004,0.000014,0.000109,0.000098
74,,,,,,,,,,,,,,0.000002,0.000025,0.000019,0.000032,0.000040,0.000033,0.000018,0.000005,0.000002,0.000024,0.000029,0.000056,0.000080,0.000098,0.000103,0.000088,0.000129,0.000137,0.000074,0.000061,0.000052,0.000046,0.000044,0.000028,0.000010,0.000026,0.000035,0.000084,0.000153,0.000319,0.000505,0.000573,0.000197,0.000012,0.000034,0.000049,0.000048
75,,,,,,,,,,,,,,0.000004,0.000063,0.000044,0.000060,0.000081,0.000098,0.000094,0.000089,0.000075,0.000076,0.000082,0.000085,0.000089,0.000096,0.000074,0.000057,0.000051,0.000063,0.000083,0.000086,0.000091,0.000076,0.000083,0.000060,0.000015,0.000024,0.000043,0.000045,0.000041,0.000043,0.000067,0.000149,0.000153,0.000040,0.000091,0.000114,0.000087
76,,,,,,,,,,,,,,0.000009,0.000133,0.000079,0.000098,0.000152,0.000164,0.000146,0.000127,0.000115,0.000103,0.000110,0.000126,0.000153,0.000189,0.000191,0.000166,0.000156,0.000156,0.000213,0.000283,0.000443,0.000583,0.000533,0.000363,0.000035,0.000057,0.000180,0.000171,0.000117,0.000113,0.000119,0.000094,0.000052,0.000003,0.000015,0.000162,0.000181
77,,,,,,,,,,,,,,0.000003,0.000075,0.000035,0.000054,0.000120,0.000226,0.000320,0.000439,0.000588,0.000779,0.000965,0.001296,0.001423,0.001600,0.001549,0.001512,0.001772,0.001925,0.002086,0.001846,0.001508,0.001148,0.000930,0.000621,0.000060,0.000107,0.000305,0.000270,0.000169,0.000139,0.000098,0.000063,0.000023,0.000003,0.000008,0.000033,0.000032
78,,,,,,,,,,,,,,0.000006,0.000129,0.000074,0.000094,0.000151,0.000180,0.000154,0.000142,0.000132,0.000129,0.000116,0.000114,0.000096,0.000093,0.000089,0.000080,0.000075,0.000082,0.000109,0.000166,0.000268,0.000329,0.000527,0.000550,0.000148,0.000134,0.000146,0.000147,0.000106,0.000089,0.000062,0.000035,0.000015,0.000002,0.000005,0.000024,0.000031
79,,,,,,,,,,,,,,0.000011,0.000156,0.000082,0.000106,0.000153,0.000176,0.000151,0.000115,0.000093,0.000096,0.000082,0.000090,0.000089,0.000074,0.000062,0.000046,0.000041,0.000103,0.000076,0.000081,0.000103,0.000107,0.000090,0.000059,0.000017,0.000054,0.000026,0.000021,0.000017,0.000016,0.000018,0.000021,0.000021,0.000014,0.000041,0.000193,0.000173
80,,,,,,,,,,,,,,0.000016,0.000310,0.000163,0.000243,0.000316,0.000337,0.000327,0.000299,0.000288,0.000328,0.000295,0.000283,0.000214,0.000185,0.000152,0.000107,0.000101,0.000101,0.000104,0.000111,0.000117,0.000089,0.000059,0.000041,0.000015,0.000084,0.000048,0.000046,0.000038,0.000038,0.000053,0.000044,0.000014,0.000004,0.000030,0.000372,0.000280
81,,,,,,,,,,,,,,0.000002,0.000029,0.000011,0.000009,0.000004,0.000013,0.000010,0.000013,0.000011,0.000035,0.000082,0.000161,0.000215,0.000340,0.000366,0.000383,0.000336,0.000297,0.000292,0.000251,0.000209,0.000219,0.000186,0.000132,0.000025,0.000035,0.000111,0.000123,0.000134,0.000185,0.000239,0.000253,0.000130,0.000014,0.000030,0.000064,0.000074
82,,,,,,,,,,,,,,0.000002,0.000074,0.000038,0.000073,0.000080,0.000086,0.000090,0.000100,0.000096,0.000092,0.000098,0.000108,0.000102,0.000089,0.000076,0.000056,0.000050,0.000052,0.000064,0.000055,0.000058,0.000065,0.000081,0.000094,0.000033,0.000167,0.001034,0.001177,0.000785,0.000693,0.000502,0.000306,0.000070,0.000005,0.000011,0.000031,0.000035
83,,,,,,,,,,,,,,0.000010,0.000129,0.000077,0.000097,0.000121,0.000129,0.000149,0.000129,0.000132,0.000115,0.000112,0.000103,0.000103,0.000090,0.000063,0.000059,0.000074,0.000074,0.000058,0.000064,0.000076,0.000052,0.000039,0.000033,0.000025,0.000024,0.000041,0.000031,0.000037,0.000024,0.000017,0.000014,0.000063,0.000032,0.000091,0.000190,0.000189
84,,,,,,,,,,,,,,0.000020,0.000375,0.000225,0.000275,0.000402,0.000441,0.000408,0.000335,0.000322,0.000315,0.000294,0.000301,0.000259,0.000223,0.000189,0.000137,0.000130,0.000142,0.000208,0.000250,0.000260,0.000226,0.000249,0.000341,0.000123,0.000177,0.000131,0.000143,0.000168,0.000213,0.000240,0.000187,0.000048,0.000003,0.000009,0.000066,0.000061
85,,,,,,,,,,,,,,0.000009,0.000141,0.000066,0.000080,0.000134,0.000175,0.000149,0.000138,0.000164,0.000151,0.000149,0.000147,0.000105,0.000090,0.000075,0.000059,0.000055,0.000057,0.000064,0.000058,0.000049,0.000061,0.000092,0.000155,0.000036,0.000053,0.000252,0.000419,0.000305,0.000290,0.000214,0.000132,0.000033,0.000004,0.000011,0.000153,0.000147
86,,,,,,,,,,,,,,0.000005,0.000112,0.000102,0.000258,0.000606,0.000950,0.000836,0.000790,0.000678,0.000556,0.000476,0.000433,0.000383,0.000305,0.000217,0.000184,0.000145,0.000146,0.000145,0.000140,0.000123,0.000092,0.000082,0.000059,0.000015,0.000025,0.000096,0.000104,0.000173,0.000132,0.000090,0.000062,0.000017,0.000002,0.000008,0.000154,0.000109
87,,,,,,,,,,,,,,0.000004,0.000065,0.000029,0.000040,0.000056,0.000071,0.000061,0.000061,0.000063,0.000084,0.000081,0.000102,0.000099,0.000074,0.000080,0.000066,0.000087,0.000068,0.000064,0.000053,0.000057,0.000060,0.000061,0.000048,0.000015,0.000019,0.000027,0.000062,0.000088,0.000106,0.000103,0.000098,0.000042,0.000014,0.000036,0.000122,0.000111
88,,,,,,,,,,,,,,0.000007,0.000102,0.000056,0.000062,0.000083,0.000093,0.000091,0.000080,0.000070,0.000080,0.000108,0.000197,0.000229,0.000250,0.000245,0.000231,0.000195,0.000166,0.000153,0.000155,0.000180,0.000162,0.000142,0.000092,0.000016,0.000028,0.000043,0.000029,0.000021,0.000037,0.000029,0.000068,0.000159,0.000029,0.000099,0.000131,0.000151
89,,,,,,,,,,,,,,0.000015,0.000205,0.000086,0.000116,0.000187,0.000233,0.000214,0.000171,0.000122,0.000111,0.000081,0.000089,0.000080,0.000076,0.000062,0.000033,0.000031,0.000041,0.000060,0.000070,0.000076,0.000072,0.000080,0.000049,0.000008,0.000014,0.000009,0.000017,0.000041,0.000109,0.000207,0.000345,0.000211,0.000026,0.000056,0.000288,0.000299
90,,,,,,,,,,,,,,0.000004,0.000052,0.000027,0.000047,0.000069,0.000074,0.000091,0.000122,0.000174,0.000218,0.000227,0.000267,0.000276,0.000264,0.000210,0.000158,0.000133,0.000097,0.000089,0.000081,0.000081,0.000083,0.000078,0.000059,0.000018,0.000027,0.000048,0.000045,0.000095,0.000074,0.000054,0.000028,0.000018,0.000007,0.000017,0.000212,0.000142
91,,,,,,,,,,,,,,0.000005,0.000104,0.000066,0.000082,0.000128,0.000150,0.000123,0.000110,0.000106,0.000097,0.000117,0.000151,0.000130,0.000134,0.000118,0.000097,0.000087,0.000081,0.000112,0.000093,0.000087,0.000097,0.000096,0.000100,0.000155,0.000260,0.000228,0.000682,0.000801,0.000811,0.000660,0.000376,0.000087,0.000005,0.000015,0.000126,0.000119
92,,,,,,,,,,,,,,0.000006,0.000078,0.000054,0.000065,0.000099,0.000097,0.000096,0.000085,0.000080,0.000071,0.000055,0.000059,0.000045,0.000035,0.000020,0.000005,-0.000007,0.000009,0.000024,0.000045,0.000065,0.000077,0.000086,0.000056,0.000027,0.000021,0.000098,0.000173,0.000281,0.000422,0.000427,0.000336,0.000129,0.000017,0.000045,0.000161,0.000105
93,,,,,,,,,,,,,,0.000029,0.000670,0.000374,0.000363,0.000611,0.000678,0.000611,0.000544,0.000474,0.000385,0.000312,0.000313,0.000260,0.000234,0.000205,0.000219,0.000237,0.000289,0.000331,0.000262,0.000184,0.000134,0.000115,0.000086,0.000069,0.000022,0.000042,0.000087,0.000247,0.000245,0.000298,0.000168,0.000039,0.000003,0.000010,0.000134,0.000255
94,,,,,,,,,,,,,,0.000003,0.000051,0.000022,0.000031,0.000035,0.000040,0.000037,0.000042,0.000053,0.000056,0.000051,0.000059,0.000055,0.000057,0.000045,0.000034,0.000017,0.000017,0.000039,0.000050,0.000065,0.000092,0.000110,0.000147,0.000174,0.000157,0.000104,0.000086,0.000078,0.000080,0.000059,0.000039,0.000021,0.000011,0.000025,0.000081,0.000090
95,,,,,,,,,,,,,,0.000010,0.000118,0.000076,0.000096,0.000144,0.000154,0.000135,0.000101,0.000083,0.000083,0.000082,0.000092,0.000087,0.000086,0.000065,0.000056,0.000057,0.000065,0.000062,0.000061,0.000070,0.000083,0.000081,0.000082,0.000021,0.000064,0.000290,0.000354,0.000305,0.000353,0.000377,0.000308,0.000083,0.000005,0.000009,0.000040,0.000054
96,,,,,,,,,,,,,,0.000022,0.000220,0.000122,0.000134,0.000186,0.000202,0.000223,0.000182,0.000173,0.000151,0.000141,0.000115,0.000092,0.000080,0.000066,0.000053,0.000052,0.000070,0.000070,0.000067,0.000090,0.000071,0.000074,0.000059,0.000015,0.000025,0.000044,0.000040,0.000027,0.000034,0.000034,0.000022,0.000018,0.000012,0.000058,0.000470,0.000461
97,,,,,,,,,,,,,,0.000017,0.000227,0.000124,0.000222,0.000302,0.000396,0.000379,0.000355,0.000351,0.000383,0.000370,0.000371,0.000344,0.000291,0.000230,0.000156,0.000147,0.000139,0.000137,0.000122,0.000103,0.000094,0.000078,0.000055,0.000010,0.000015,0.000042,0.000039,0.000036,0.000043,0.000039,0.000026,0.000011,0.000006,0.000032,0.000219,0.000297
98,,,,,,,,,,,,,,0.000011,0.000096,0.000061,0.000063,0.000070,0.000082,0.000094,0.000085,0.000075,0.000092,0.000086,0.000097,0.000091,0.000069,0.000049,0.000037,0.000048,0.000045,0.000049,0.000063,0.000061,0.000051,0.000050,0.000043,0.000011,0.000013,0.000031,0.000033,0.000043,0.000083,0.000157,0.000159,0.000070,0.000026,0.000064,0.000175,0.000182
99,,,,,,,,,,,,,,0.000009,0.000139,0.000094,0.000140,0.000273,0.000345,0.000321,0.000235,0.000188,0.000153,0.000107,0.000081,0.000073,0.000054,0.000041,0.000029,0.000020,0.000030,0.000051,0.000060,0.000063,0.000049,0.000025,0.000016,0.000008,0.000023,0.000159,0.000332,0.000358,0.000391,0.000417,0.000416,0.000167,0.000019,0.000059,0.000215,0.000203
100,,,,,,,,,,,,,,0.000007,0.000125,0.000078,0.000073,0.000093,0.000082,0.000084,0.000062,0.000065,0.000080,0.000078,0.000070,0.000076,0.000075,0.000069,0.000114,0.000330,0.000818,0.001669,0.002086,0.002112,0.001895,0.001474,0.000887,0.000076,0.000129,0.000405,0.000353,0.000213,0.000202,0.000151,0.000104,0.000030,0.000003,0.000011,0.000046,0.000065
101,,,,,,,,,,,,,,0.000006,0.000036,0.000022,0.000040,0.000059,0.000073,0.000069,0.000060,0.000062,0.000055,0.000056,0.000068,0.000054,0.000041,0.000049,0.000047,0.000049,0.000040,0.000055,0.000065,0.000069,0.000064,0.000063,0.000036,0.000015,0.000012,0.000030,0.000038,0.000051,0.000106,0.000151,0.000219,0.000156,0.000013,0.000031,0.000127,0.000257
102,,,,,,,,,,,,,,0.000006,0.000040,0.000029,0.000037,0.000056,0.000077,0.000059,0.000046,0.000037,0.000032,0.000028,0.000041,0.000050,0.000052,0.000045,0.000045,0.000055,0.000085,0.000122,0.000114,0.000083,0.000049,0.000038,0.000068,0.000032,0.000062,0.000117,0.000096,0.000072,0.000073,0.000059,0.000043,0.000034,0.000020,0.000064,0.000164,0.000370
103,,,,,,,,,,,,,,0.000008,0.000079,0.000046,0.000051,0.000063,0.000050,0.000039,0.000041,0.000042,0.000038,0.000038,0.000045,0.000040,0.000034,0.000021,0.000011,0.000011,0.000023,0.000025,0.000016,0.000021,0.000017,0.000021,0.000019,0.000012,0.000015,0.000066,0.000206,0.000431,0.000406,0.000355,0.000280,0.000099,0.000017,0.000068,0.000263,0.000207
104,,,,,,,,,,,,,,0.000004,0.000057,0.000033,0.000038,0.000063,0.000078,0.000064,0.000061,0.000052,0.000050,0.000052,0.000066,0.000075,0.000060,0.000045,0.000040,0.000050,0.000049,0.000051,0.000041,0.000034,0.000048,0.000059,0.000055,0.000019,0.000036,0.000022,0.000022,0.000021,0.000023,0.000043,0.000075,0.000055,0.000015,0.000029,0.000088,0.000087
105,,,,,,,,,,,,,,0.000024,0.000798,0.000744,0.000543,0.000699,0.000763,0.000691,0.000581,0.000519,0.000479,0.000416,0.000373,0.000309,0.000291,0.000188,0.000134,0.000120,0.000121,0.000122,0.000094,0.000072,0.000058,0.000074,0.000139,0.000040,0.000047,0.000050,0.000037,0.000032,0.000042,0.000073,0.000084,0.000032,0.000007,0.000020,0.000084,0.000065
106,,,,,,,,,,,,,,0.000005,0.000120,0.000074,0.000120,0.000241,0.000304,0.000258,0.000224,0.000206,0.000182,0.000154,0.000179,0.000176,0.000179,0.000163,0.000132,0.000160,0.000157,0.000174,0.000137,0.000139,0.000130,0.000111,0.000075,0.000098,0.000061,0.000113,0.000125,0.000132,0.000121,0.000102,0.000065,0.000016,0.000005,0.000021,0.000093,0.000078
107,,,,,,,,,,,,,,0.000011,0.000105,0.000066,0.000096,0.000127,0.000151,0.000143,0.000146,0.000136,0.000142,0.000132,0.000135,0.000130,0.000104,0.000071,0.000048,0.000049,0.000119,0.000071,0.000060,0.000048,0.000051,0.000079,0.000076,0.000042,0.000043,0.000046,0.000042,0.000036,0.000036,0.000029,0.000029,0.000031,0.000012,0.000050,0.000149,0.000262
108,,,,,,,,,,,,,,0.000013,0.000199,0.000170,0.000235,0.000336,0.000417,0.000373,0.000335,0.000283,0.000259,0.000226,0.000213,0.000186,0.000172,0.000161,0.000129,0.000166,0.000458,0.000277,0.000277,0.000251,0.000202,0.000192,0.000143,0.000018,0.000047,0.000127,0.000097,0.000084,0.000092,0.000075,0.000052,0.000034,0.000007,0.000031,0.000204,0.000198
109,,,,,,,,,,,,,,0.000003,0.000113,0.000092,0.000122,0.000147,0.000123,0.000088,0.000087,0.000064,0.000070,0.000049,0.000050,0.000063,0.000046,0.000039,0.000037,0.000037,0.000046,0.000051,0.000057,0.000064,0.000052,0.000055,0.000057,0.000038,0.000076,0.000067,0.000059,0.000053,0.000057,0.000059,0.000062,0.000042,0.000008,0.000043,0.000052,0.000061
110,,,,,,,,,,,,,,0.000005,0.000130,0.000134,0.000219,0.000299,0.000326,0.000261,0.000212,0.000169,0.000144,0.000121,0.000120,0.000110,0.000102,0.000068,0.000039,0.000027,0.000020,0.000012,0.000021,0.000032,0.000022,0.000019,0.000014,0.000011,0.000026,0.000056,0.000050,0.000051,0.000129,0.000331,0.000347,0.000159,0.000016,0.000046,0.000066,0.000203
111,,,,,,,,,,,,,,0.000003,0.000057,0.000029,0.000039,0.000052,0.000050,0.000048,0.000043,0.000044,0.000051,0.000047,0.000054,0.000063,0.000087,0.000124,0.000191,0.000442,0.000637,0.000780,0.000622,0.000558,0.000541,0.000416,0.000284,0.000040,0.000053,0.000147,0.000148,0.000113,0.000099,0.000099,0.000073,0.000021,0.000004,0.000013,0.000027,0.000035
112,,,,,,,,,,,,,,0.000011,0.000196,0.000143,0.000150,0.000212,0.000326,0.000292,0.000242,0.000201,0.000168,0.000124,0.000136,0.000122,0.000105,0.000087,0.000075,0.000069,0.000084,0.000068,0.000058,0.000055,0.000084,0.000180,0.000164,0.000062,0.000040,0.000045,0.000039,0.000049,0.000096,0.000069,0.000060,0.000029,0.000004,0.000015,0.000292,0.000154
113,,,,,,,,,,,,,,0.000007,0.000166,0.000106,0.000113,0.000157,0.000262,0.000375,0.000530,0.000733,0.001042,0.001311,0.001662,0.001796,0.001915,0.001911,0.001660,0.001629,0.001369,0.001396,0.001081,0.000817,0.000615,0.000502,0.000340,0.000032,0.000055,0.000144,0.000137,0.000096,0.000085,0.000072,0.000049,0.000016,0.000003,0.000009,0.000120,0.000064
114,,,,,,,,,,,,,,0.000007,0.000081,0.000040,0.000064,0.000082,0.000083,0.000077,0.000087,0.000079,0.000082,0.000074,0.000071,0.000057,0.000040,0.000035,0.000038,0.000038,0.000033,0.000036,0.000046,0.000052,0.000048,0.000036,0.000033,0.000021,0.000024,0.000028,0.000027,0.000023,0.000022,0.000018,0.000018,0.000029,0.000012,0.000035,0.000217,0.000169
115,,,,,,,,,,,,,,0.000007,0.000118,0.000088,0.000096,0.000239,0.000419,0.000475,0.000513,0.000582,0.000534,0.000533,0.000546,0.000516,0.000494,0.000438,0.000389,0.000440,0.000453,0.000544,0.000488,0.000433,0.000342,0.000296,0.000211,0.000085,0.000075,0.000138,0.000144,0.000181,0.000240,0.000215,0.000152,0.000040,0.000004,0.000012,0.000105,0.000106
116,,,,,,,,,,,,,,0.000003,0.000031,0.000014,0.000059,0.000283,0.000565,0.000733,0.000857,0.001006,0.000969,0.000987,0.001015,0.000907,0.000739,0.000584,0.000414,0.000350,0.000291,0.000271,0.000216,0.000182,0.000149,0.000154,0.000122,0.000060,0.000086,0.000064,0.000060,0.000053,0.000064,0.000058,0.000058,0.000062,0.000010,0.000023,0.000062,0.000063
117,,,,,,,,,,,,,,0.000006,0.000063,0.000038,0.000053,0.000080,0.000093,0.000095,0.000085,0.000079,0.000068,0.000057,0.000064,0.000062,0.000044,0.000035,0.000035,0.000034,0.000044,0.000070,0.000060,0.000093,0.000100,0.000077,0.000069,0.000087,0.000112,0.000065,0.000072,0.000079,0.000065,0.000060,0.000038,0.000027,0.000008,0.000021,0.000083,0.000141
118,,,,,,,,,,,,,,0.000014,0.000636,0.000862,0.001260,0.001946,0.002494,0.002274,0.002129,0.001783,0.001628,0.001376,0.001264,0.001105,0.000992,0.000791,0.000542,0.000453,0.000388,0.000456,0.000394,0.000345,0.000307,0.000226,0.000154,0.000022,0.000035,0.000103,0.000091,0.000059,0.000051,0.000033,0.000027,0.000011,0.000002,0.000007,0.000037,0.000040
119,,,,,,,,,,,,,,0.000005,0.000082,0.000047,0.000044,0.000055,0.000055,0.000055,0.000052,0.000042,0.000042,0.000028,0.000029,0.000034,0.000024,0.000023,0.000020,0.000023,0.000032,0.000037,0.000045,0.000051,0.000053,0.000070,0.000078,0.000016,0.000036,0.000071,0.000083,0.000092,0.000098,0.000091,0.000115,0.000079,0.000009,0.000021,0.000049,0.000060
120,,,,,,,,,,,,,,0.000007,0.000077,0.000036,0.000030,0.000046,0.000062,0.000059,0.000047,0.000042,0.000040,0.000043,0.000045,0.000039,0.000033,0.000030,0.000036,0.000033,0.000020,0.000008,0.000020,0.000026,0.000023,0.000007,0.000005,0.000013,0.000019,0.000088,0.000101,0.000084,0.000142,0.000136,0.000150,0.000100,0.000019,0.000050,0.000129,0.000129
121,,,,,,,,,,,,,,0.000007,0.000082,0.000042,0.000039,0.000064,0.000091,0.000086,0.000091,0.000074,0.000064,0.000053,0.000065,0.000058,0.000055,0.000049,0.000037,0.000036,0.000047,0.000059,0.000061,0.000060,0.000054,0.000042,0.000044,0.000023,0.000021,0.000041,0.000050,0.000072,0.000121,0.000159,0.000119,0.000035,0.000006,0.000045,0.000105,0.000106
122,,,,,,,,,,,,,,0.000045,0.000675,0.000415,0.000495,0.000750,0.000812,0.000713,0.000579,0.000520,0.000464,0.000425,0.000422,0.000382,0.000344,0.000268,0.000204,0.000173,0.000138,0.000133,0.000139,0.000136,0.000125,0.000124,0.000100,0.000017,0.000026,0.000074,0.000096,0.000082,0.000067,0.000076,0.000047,0.000024,0.000005,0.000017,0.000213,0.000451
123,,,,,,,,,,,,,,0.000004,0.000058,0.000040,0.000053,0.000090,0.000117,0.000122,0.000114,0.000106,0.000103,0.000096,0.000103,0.000086,0.000067,0.000061,0.000058,0.000062,0.000075,0.000105,0.000253,0.000671,0.001191,0.001387,0.000986,0.000077,0.000128,0.000379,0.000315,0.000188,0.000158,0.000114,0.000060,0.000016,0.000002,0.000007,0.000029,0.000043
124,,,,,,,,,,,,,,0.000002,0.000028,0.000018,0.000025,0.000041,0.000069,0.000088,0.000094,0.000080,0.000081,0.000081,0.000098,0.000125,0.000142,0.000162,0.000139,0.000111,0.000092,0.000083,0.000088,0.000084,0.000063,0.000065,0.000059,0.000020,0.000081,0.000659,0.000936,0.000803,0.000767,0.000570,0.000338,0.000082,0.000005,0.000013,0.000026,0.000020
125,,,,,,,,,,,,,,0.000005,0.000086,0.000051,0.000120,0.000172,0.000211,0.000216,0.000212,0.000216,0.000226,0.000227,0.000237,0.000220,0.000206,0.000174,0.000134,0.000128,0.000114,0.000109,0.000093,0.000091,0.000074,0.000068,0.000052,0.000053,0.000048,0.000086,0.000092,0.000066,0.000063,0.000049,0.000031,0.000015,0.000003,0.000014,0.000072,0.000074
126,,,,,,,,,,,,,,0.000005,0.000064,0.000033,0.000053,0.000102,0.000126,0.000114,0.000097,0.000084,0.000079,0.000071,0.000064,0.000055,0.000050,0.000042,0.000050,0.000035,0.000037,0.000035,0.000033,0.000043,0.000061,0.000088,0.000082,0.000061,0.000102,0.000044,0.000035,0.000032,0.000072,0.000186,0.000203,0.000128,0.000012,0.000052,0.000046,0.000048
127,,,,,,,,,,,,,,0.000006,0.000068,0.000033,0.000042,0.000055,0.000054,0.000056,0.000050,0.000038,0.000046,0.000041,0.000039,0.000023,0.000021,0.000022,0.000026,0.000027,0.000036,0.000038,0.000046,0.000064,0.000084,0.000094,0.000076,0.000019,0.000028,0.000031,0.000042,0.000065,0.000061,0.000067,0.000055,0.000022,0.000011,0.000030,0.000171,0.000136
128,,,,,,,,,,,,,,0.000004,0.000058,0.000035,0.000054,0.000178,0.000313,0.000399,0.000518,0.000680,0.000773,0.000887,0.001064,0.001058,0.001005,0.000928,0.000833,0.000925,0.000841,0.000756,0.000538,0.000434,0.000326,0.000261,0.000161,0.000023,0.000050,0.000076,0.000060,0.000043,0.000043,0.000038,0.000029,0.000014,0.000006,0.000032,0.000061,0.000063
129,,,,,,,,,,,,,,0.000003,0.000041,0.000027,0.000026,0.000030,0.000041,0.000032,0.000031,0.000031,0.000033,0.000027,0.000038,0.000034,0.000038,0.000033,0.000031,0.000026,0.000029,0.000031,0.000027,0.000026,0.000030,0.000033,0.000032,0.000010,0.000014,0.000032,0.000031,0.000033,0.000044,0.000052,0.000061,0.000023,0.000004,0.000010,0.000045,0.000053
130,,,,,,,,,,,,,,0.000034,0.001245,0.001506,0.001800,0.002275,0.002568,0.002119,0.001850,0.001457,0.001268,0.001041,0.000905,0.000775,0.000665,0.000542,0.000374,0.000313,0.000250,0.000232,0.000195,0.000171,0.000167,0.000154,0.000111,0.000019,0.000036,0.000060,0.000065,0.000053,0.000056,0.000065,0.000052,0.000019,0.000003,0.000010,0.000054,0.000050
131,,,,,,,,,,,,,,0.000003,0.000053,0.000032,0.000054,0.000220,0.000448,0.000667,0.001025,0.001352,0.001533,0.001725,0.001933,0.002019,0.001830,0.001454,0.000917,0.000750,0.000601,0.000528,0.000432,0.000350,0.000293,0.000266,0.000192,0.000022,0.000035,0.000089,0.000081,0.000065,0.000069,0.000056,0.000038,0.000014,0.000003,0.000008,0.000044,0.000068
132,,,,,,,,,,,,,,0.000007,0.000086,0.000034,0.000053,0.000118,0.000230,0.000322,0.000439,0.000443,0.000444,0.000346,0.000330,0.000262,0.000216,0.000164,0.000138,0.000116,0.000151,0.000260,0.000315,0.000285,0.000198,0.000178,0.000121,0.000029,0.000030,0.000026,0.000021,0.000021,0.000031,0.000018,0.000017,0.000015,0.000012,0.000018,0.000131,0.000099
133,,,,,,,,,,,,,,0.000005,0.000076,0.000040,0.000060,0.000069,0.000064,0.000057,0.000043,0.000049,0.000055,0.000059,0.000052,0.000055,0.000070,0.000085,0.000087,0.000103,0.000101,0.000118,0.000124,0.000120,0.000102,0.000072,0.000067,0.000032,0.000022,0.000041,0.000085,0.000351,0.000319,0.000381,0.000380,0.000143,0.000018,0.000066,0.000110,0.000266
134,,,,,,,,,,,,,,0.000003,0.000032,0.000032,0.000040,0.000052,0.000060,0.000064,0.000060,0.000054,0.000059,0.000075,0.000105,0.000120,0.000149,0.000186,0.000210,0.000223,0.000178,0.000159,0.000130,0.000112,0.000092,0.000071,0.000048,0.000012,0.000046,0.000486,0.000888,0.000712,0.000606,0.000378,0.000186,0.000034,0.000002,0.000007,0.000023,0.000027
135,,,,,,,,,,,,,,0.000015,0.000252,0.000183,0.000301,0.000436,0.000429,0.000345,0.000303,0.000236,0.000226,0.000167,0.000138,0.000104,0.000081,0.000063,0.000040,0.000034,0.000053,0.000050,0.000072,0.000101,0.000095,0.000157,0.000161,0.000067,0.000059,0.000106,0.000119,0.000134,0.000113,0.000070,0.000059,0.000021,0.000007,0.000030,0.000165,0.000166
136,,,,,,,,,,,,,,0.000011,0.000110,0.000051,0.000064,0.000129,0.000151,0.000136,0.000099,0.000069,0.000076,0.000075,0.000072,0.000051,0.000064,0.000074,0.000082,0.000120,0.000169,0.000243,0.000218,0.000191,0.000166,0.000111,0.000067,0.000017,0.000040,0.000037,0.000029,0.000031,0.000055,0.000120,0.000178,0.000101,0.000018,0.000036,0.000133,0.000167
137,,,,,,,,,,,,,,0.000006,0.000095,0.000071,0.000137,0.000466,0.000827,0.001124,0.001501,0.001786,0.002041,0.002113,0.002309,0.002251,0.002077,0.001734,0.001163,0.000895,0.000654,0.000606,0.000490,0.000365,0.000269,0.000246,0.000176,0.000021,0.000039,0.000077,0.000073,0.000071,0.000076,0.000059,0.000030,0.000012,0.000003,0.000009,0.000041,0.000046
138,,,,,,,,,,,,,,0.000004,0.000053,0.000040,0.000051,0.000082,0.000100,0.000092,0.000075,0.000072,0.000092,0.000083,0.000106,0.000094,0.000088,0.000066,0.000059,0.000045,0.000049,0.000042,0.000039,0.000047,0.000054,0.000049,0.000035,0.000012,0.000018,0.000035,0.000040,0.000039,0.000073,0.000145,0.000139,0.000063,0.000011,0.000024,0.000090,0.000121
139,,,,,,,,,,,,,,0.000004,0.000068,0.000049,0.000058,0.000077,0.000096,0.000097,0.000098,0.000119,0.000124,0.000127,0.000148,0.000144,0.000124,0.000097,0.000068,0.000054,0.000044,0.000043,0.000039,0.000042,0.000041,0.000044,0.000034,0.000014,0.000087,0.000174,0.000188,0.000213,0.000182,0.000176,0.000104,0.000033,0.000004,0.000012,0.000097,0.000077
140,,,,,,,,,,,,,,0.000004,0.000047,0.000037,0.000145,0.000618,0.001041,0.001110,0.000957,0.000860,0.000713,0.000574,0.000571,0.000436,0.000375,0.000287,0.000213,0.000185,0.000128,0.000121,0.000102,0.000087,0.000084,0.000077,0.000051,0.000012,0.000013,0.000020,0.000023,0.000033,0.000077,0.000200,0.000242,0.000083,0.000008,0.000018,0.000059,0.000066
141,,,,,,,,,,,,,,0.000005,0.000085,0.000055,0.000053,0.000097,0.000114,0.000108,0.000090,0.000072,0.000082,0.000064,0.000051,0.000043,0.000051,0.000040,0.000040,0.000033,0.000045,0.000052,0.000062,0.000089,0.000129,0.000165,0.000160,0.000049,0.000100,0.000406,0.000720,0.000925,0.000947,0.000755,0.000477,0.000114,0.000009,0.000023,0.000107,0.000085
142,,,,,,,,,,,,,,0.000004,0.000049,0.000030,0.000044,0.000059,0.000057,0.000056,0.000051,0.000047,0.000050,0.000065,0.000080,0.000090,0.000106,0.000098,0.000068,0.000047,0.000034,0.000029,0.000024,0.000024,0.000024,0.000041,0.000042,0.000028,0.000012,0.000038,0.000125,0.000209,0.000363,0.000411,0.000325,0.000105,0.000007,0.000019,0.000043,0.000033
143,,,,,,,,,,,,,,0.000010,0.000263,0.000148,0.000113,0.000148,0.000183,0.000169,0.000159,0.000154,0.000169,0.000209,0.000276,0.000366,0.000506,0.000667,0.000724,0.000921,0.000921,0.000945,0.000739,0.000613,0.000570,0.000536,0.000460,0.000067,0.000117,0.000521,0.000566,0.000376,0.000313,0.000213,0.000116,0.000026,0.000002,0.000005,0.000018,0.000024
144,,,,,,,,,,,,,,0.000005,0.000075,0.000034,0.000028,0.000017,0.000021,0.000046,0.000061,0.000059,0.000038,0.000036,0.000031,0.000018,0.000020,0.000027,0.000025,0.000036,0.000063,0.000177,0.000179,0.000171,0.000183,0.000137,0.000099,0.000035,0.000055,0.000208,0.000193,0.000136,0.000108,0.000075,0.000055,0.000029,0.000014,0.000055,0.000266,0.000179
145,,,,,,,,,,,,,,0.000004,0.000055,0.000038,0.000055,0.000066,0.000071,0.000057,0.000060,0.000049,0.000062,0.000058,0.000053,0.000057,0.000050,0.000033,0.000022,0.000029,0.000037,0.000082,0.000166,0.000257,0.000433,0.000445,0.000364,0.000050,0.000085,0.000141,0.000131,0.000107,0.000107,0.000096,0.000079,0.000034,0.000005,0.000014,0.000051,0.000063
146,,,,,,,,,,,,,,0.000006,0.000061,0.000033,0.000053,0.000084,0.000106,0.000147,0.000200,0.000256,0.000306,0.000430,0.000622,0.000801,0.001053,0.001241,0.001375,0.001469,0.001373,0.001290,0.001007,0.000801,0.000584,0.000483,0.000322,0.000036,0.000050,0.000106,0.000099,0.000082,0.000109,0.000097,0.000074,0.000042,0.000004,0.000023,0.000128,0.000120
147,,,,,,,,,,,,,,0.000007,0.000166,0.000240,0.000534,0.001374,0.001866,0.001941,0.001721,0.001651,0.001492,0.001292,0.001261,0.001002,0.000767,0.000588,0.000367,0.000308,0.000258,0.000221,0.000174,0.000135,0.000101,0.000085,0.000050,0.000023,0.000023,0.000043,0.000032,0.000033,0.000032,0.000030,0.000022,0.000016,0.000003,0.000010,0.000027,0.000028
148,,,,,,,,,,,,,,0.000008,0.000140,0.000082,0.000096,0.000170,0.000205,0.000174,0.000161,0.000131,0.000108,0.000116,0.000119,0.000120,0.000108,0.000095,0.000089,0.000094,0.000109,0.000133,0.000171,0.000179,0.000166,0.000149,0.000115,0.000086,0.000064,0.000128,0.000108,0.000077,0.000065,0.000056,0.000031,0.000010,0.000002,0.000008,0.000055,0.000058
149,,,,,,,,,,,,,,0.000005,0.000083,0.000064,0.000109,0.000219,0.000316,0.000300,0.000262,0.000213,0.000184,0.000164,0.000176,0.000197,0.000202,0.000195,0.000178,0.000203,0.000188,0.000208,0.000186,0.000155,0.000129,0.000119,0.000093,0.000013,0.000031,0.000219,0.000375,0.000342,0.000315,0.000299,0.000235,0.000088,0.000006,0.000018,0.000072,0.000063
150,,,,,,,,,,,,,,0.000005,0.000097,0.000064,0.000081,0.000120,0.000139,0.000137,0.000143,0.000120,0.000112,0.000123,0.000124,0.000123,0.000119,0.000094,0.000096,0.000086,0.000085,0.000109,0.000109,0.000105,0.000113,0.000096,0.000079,0.000012,0.000026,0.000105,0.000155,0.000171,0.000189,0.000258,0.000160,0.000044,0.000007,0.000017,0.000156,0.000115
151,,,,,,,,,,,,,,0.000007,0.000109,0.000065,0.000066,0.000102,0.000137,0.000123,0.000102,0.000091,0.000096,0.000098,0.000113,0.000092,0.000086,0.000085,0.000071,0.000072,0.000068,0.000106,0.000104,0.000080,0.000079,0.000070,0.000066,0.000057,0.000092,0.000491,0.000448,0.000316,0.000223,0.000137,0.000082,0.000036,0.000010,0.000033,0.000146,0.000107
152,,,,,,,,,,,,,,0.000004,0.000060,0.000041,0.000050,0.000088,0.000090,0.000082,0.000063,0.000039,0.000045,0.000044,0.000069,0.000073,0.000073,0.000054,0.000050,0.000054,0.000054,0.000062,0.000066,0.000070,0.000042,0.000033,0.000022,0.000009,0.000018,0.000111,0.000151,0.000164,0.000327,0.000322,0.000204,0.000067,0.000010,0.000035,0.000088,0.000089
153,,,,,,,,,,,,,,0.000007,0.000171,0.000206,0.000341,0.000795,0.001207,0.001294,0.001403,0.001458,0.001525,0.001348,0.001240,0.001022,0.000829,0.000593,0.000394,0.000307,0.000251,0.000228,0.000200,0.000183,0.000155,0.000139,0.000119,0.000045,0.000070,0.000055,0.000056,0.000046,0.000045,0.000045,0.000032,0.000014,0.000004,0.000007,0.000036,0.000052
154,,,,,,,,,,,,,,0.000005,0.000060,0.000034,0.000054,0.000074,0.000073,0.000072,0.000075,0.000086,0.000085,0.000072,0.000066,0.000056,0.000047,0.000030,0.000032,0.000043,0.000043,0.000054,0.000063,0.000077,0.000116,0.000126,0.000110,0.000025,0.000029,0.000078,0.000103,0.000275,0.000547,0.000831,0.000653,0.000145,0.000007,0.000017,0.000072,0.000082
155,,,,,,,,,,,,,,0.000003,0.000033,0.000016,0.000017,0.000047,0.000134,0.000234,0.000299,0.000403,0.000475,0.000566,0.000724,0.000758,0.000757,0.000662,0.000559,0.000610,0.000554,0.000545,0.000493,0.000426,0.000361,0.000349,0.000238,0.000037,0.000056,0.000086,0.000084,0.000063,0.000081,0.000055,0.000042,0.000015,0.000002,0.000009,0.000023,0.000023
156,,,,,,,,,,,,,,0.000006,0.000079,0.000047,0.000042,0.000045,0.000055,0.000054,0.000063,0.000063,0.000077,0.000065,0.000069,0.000075,0.000077,0.000075,0.000060,0.000054,0.000106,0.000048,0.000049,0.000055,0.000055,0.000047,0.000045,0.000013,0.000029,0.000046,0.000050,0.000060,0.000115,0.000207,0.000230,0.000136,0.000009,0.000023,0.000085,0.000081
157,,,,,,,,,,,,,,0.000002,0.000043,0.000040,0.000062,0.000103,0.000149,0.000142,0.000130,0.000128,0.000125,0.000145,0.000174,0.000181,0.000219,0.000260,0.000349,0.000376,0.000446,0.000460,0.000470,0.000420,0.000351,0.000401,0.000299,0.000051,0.000065,0.000216,0.000192,0.000120,0.000115,0.000111,0.000080,0.000028,0.000003,0.000012,0.000059,0.000055
158,,,,,,,,,,,,,,0.000005,0.000067,0.000039,0.000048,0.000056,0.000074,0.000068,0.000066,0.000063,0.000058,0.000051,0.000050,0.000043,0.000035,0.000039,0.000035,0.000036,0.000039,0.000042,0.000047,0.000051,0.000055,0.000079,0.000065,0.000018,0.000023,0.000046,0.000052,0.000042,0.000051,0.000061,0.000073,0.000089,0.000006,0.000015,0.000066,0.000079
159,,,,,,,,,,,,,,0.000008,0.000181,0.000150,0.000150,0.000225,0.000261,0.000232,0.000202,0.000208,0.000215,0.000206,0.000223,0.000221,0.000202,0.000148,0.000105,0.000105,0.000092,0.000087,0.000082,0.000074,0.000086,0.000078,0.000057,0.000018,0.000024,0.000051,0.000036,0.000028,0.000036,0.000049,0.000076,0.000047,0.000009,0.000044,0.000071,0.000061
160,,,,,,,,,,,,,,0.000025,0.000687,0.000476,0.000478,0.000655,0.000750,0.000732,0.000627,0.000519,0.000499,0.000454,0.000489,0.000470,0.000474,0.000401,0.000294,0.000233,0.000183,0.000204,0.000180,0.000167,0.000149,0.000125,0.000087,0.000046,0.000062,0.000101,0.000079,0.000058,0.000060,0.000090,0.000064,0.000018,0.000003,0.000009,0.000064,0.000073
161,,,,,,,,,,,,,,0.000016,0.000441,0.000242,0.000260,0.000364,0.000471,0.000406,0.000425,0.000403,0.000373,0.000393,0.000390,0.000370,0.000325,0.000243,0.000178,0.000158,0.000141,0.000152,0.000131,0.000123,0.000101,0.000115,0.000108,0.000017,0.000021,0.000047,0.000053,0.000047,0.000047,0.000038,0.000025,0.000012,0.000003,0.000009,0.000022,0.000033
162,,,,,,,,,,,,,,0.000007,0.000141,0.000102,0.000107,0.000143,0.000158,0.000146,0.000113,0.000089,0.000095,0.000093,0.000096,0.000091,0.000082,0.000074,0.000052,0.000069,0.000105,0.000163,0.000207,0.000230,0.000258,0.000188,0.000140,0.000022,0.000044,0.000093,0.000184,0.000231,0.000313,0.000359,0.000227,0.000045,0.000004,0.000013,0.000099,0.000075
163,,,,,,,,,,,,,,0.000003,0.000044,0.000042,0.000139,0.000258,0.000312,0.000190,0.000127,0.000079,0.000066,0.000071,0.000070,0.000076,0.000083,0.000074,0.000054,0.000058,0.000046,0.000049,0.000045,0.000081,0.000186,0.000372,0.000474,0.000149,0.000100,0.000175,0.000133,0.000096,0.000089,0.000086,0.000080,0.000041,0.000007,0.000020,0.000118,0.000094
164,,,,,,,,,,,,,,0.000006,0.000089,0.000058,0.000072,0.000119,0.000161,0.000157,0.000156,0.000148,0.000132,0.000116,0.000109,0.000114,0.000124,0.000128,0.000106,0.000096,0.000094,0.000091,0.000083,0.000070,0.000062,0.000048,0.000033,0.000011,0.000018,0.000039,0.000044,0.000029,0.000027,0.000020,0.000014,0.000019,0.000004,0.000012,0.000045,0.000064
165,,,,,,,,,,,,,,0.000041,0.000850,0.000561,0.000529,0.000772,0.000843,0.000775,0.000725,0.000668,0.000677,0.000728,0.000731,0.000606,0.000531,0.000380,0.000257,0.000239,0.000214,0.000181,0.000145,0.000100,0.000078,0.000077,0.000073,0.000023,0.000032,0.000122,0.000125,0.000111,0.000108,0.000072,0.000069,0.000029,0.000003,0.000009,0.000037,0.000039
166,,,,,,,,,,,,,,0.000007,0.000136,0.000091,0.000094,0.000139,0.000167,0.000179,0.000177,0.000173,0.000178,0.000176,0.000171,0.000166,0.000156,0.000135,0.000121,0.000137,0.000148,0.000231,0.000339,0.000509,0.000648,0.000605,0.000424,0.000041,0.000082,0.000365,0.000408,0.000508,0.000523,0.000382,0.000211,0.000049,0.000003,0.000011,0.000069,0.000078
167,,,,,,,,,,,,,,0.000004,0.000069,0.000053,0.000109,0.000249,0.000232,0.000181,0.000175,0.000113,0.000093,0.000062,0.000056,0.000068,0.000064,0.000069,0.000063,0.000087,0.000078,0.000081,0.000061,0.000053,0.000060,0.000060,0.000044,0.000010,0.000015,0.000025,0.000022,0.000033,0.000078,0.000153,0.000198,0.000064,0.000007,0.000017,0.000091,0.000074
168,,,,,,,,,,,,,,0.000008,0.000145,0.000093,0.000107,0.000127,0.000154,0.000126,0.000113,0.000081,0.000064,0.000047,0.000043,0.000047,0.000042,0.000041,0.000036,0.000031,0.000028,0.000017,0.000021,0.000032,0.000046,0.000085,0.000180,0.000158,0.000074,0.000035,0.000028,0.000045,0.000040,0.000032,0.000063,0.000055,0.000010,0.000026,0.000099,0.000127
169,,,,,,,,,,,,,,0.000006,0.000071,0.000050,0.000056,0.000076,0.000094,0.000090,0.000076,0.000069,0.000073,0.000066,0.000075,0.000066,0.000060,0.000054,0.000051,0.000052,0.000037,0.000026,0.000017,0.000013,0.000012,0.000017,0.000024,0.000045,0.000102,0.000101,0.000088,0.000107,0.000095,0.000081,0.000057,0.000034,0.000005,0.000022,0.000082,0.000085
170,,,,,,,,,,,,,,0.000004,0.000085,0.000057,0.000056,0.000116,0.000133,0.000138,0.000128,0.000122,0.000137,0.000135,0.000134,0.000124,0.000124,0.000110,0.000091,0.000085,0.000075,0.000086,0.000094,0.000094,0.000154,0.000345,0.000606,0.000109,0.000302,0.000919,0.000667,0.000365,0.000302,0.000200,0.000106,0.000029,0.000003,0.000010,0.000039,0.000037
171,,,,,,,,,,,,,,0.000004,0.000062,0.000032,0.000032,0.000056,0.000065,0.000064,0.000079,0.000091,0.000118,0.000153,0.000210,0.000216,0.000206,0.000162,0.000111,0.000102,0.000081,0.000073,0.000066,0.000054,0.000049,0.000044,0.000033,0.000016,0.000021,0.000041,0.000107,0.000257,0.000472,0.000600,0.000441,0.000129,0.000008,0.000023,0.000066,0.000232
172,,,,,,,,,,,,,,0.000012,0.000268,0.000200,0.000229,0.000362,0.000434,0.000463,0.000506,0.000600,0.000772,0.001063,0.001513,0.001723,0.001911,0.001787,0.001486,0.001283,0.000989,0.000943,0.000776,0.000652,0.000579,0.000517,0.000360,0.000039,0.000067,0.000215,0.000224,0.000167,0.000168,0.000138,0.000089,0.000025,0.000003,0.000009,0.000053,0.000052
173,,,,,,,,,,,,,,0.000003,0.000122,0.000141,0.000145,0.000178,0.000210,0.000167,0.000125,0.000115,0.000107,0.000097,0.000087,0.000088,0.000108,0.000080,0.000059,0.000065,0.000059,0.000054,0.000052,0.000052,0.000069,0.000095,0.000206,0.000122,0.000143,0.000079,0.000081,0.000066,0.000069,0.000082,0.000080,0.000029,0.000003,0.000012,0.000042,0.000050
174,,,,,,,,,,,,,,0.000005,0.000056,0.000056,0.000069,0.000097,0.000089,0.000098,0.000087,0.000089,0.000070,0.000060,0.000072,0.000063,0.000048,0.000051,0.000058,0.000076,0.000087,0.000081,0.000069,0.000068,0.000057,0.000077,0.000076,0.000022,0.000033,0.000062,0.000080,0.000147,0.000357,0.000571,0.000540,0.000144,0.000007,0.000017,0.000074,0.000064
175,,,,,,,,,,,,,,0.000006,0.000077,0.000048,0.000060,0.000081,0.000085,0.000067,0.000058,0.000063,0.000060,0.000044,0.000054,0.000056,0.000054,0.000053,0.000048,0.000042,0.000041,0.000054,0.000061,0.000087,0.000097,0.000099,0.000080,0.000027,0.000033,0.000042,0.000041,0.000033,0.000031,0.000034,0.000020,0.000021,0.000008,0.000028,0.000073,0.000073
176,,,,,,,,,,,,,,0.000002,0.000058,0.000041,0.000049,0.000067,0.000086,0.000088,0.000092,0.000109,0.000119,0.000109,0.000092,0.000084,0.000086,0.000084,0.000067,0.000064,0.000058,0.000083,0.000078,0.000069,0.000070,0.000069,0.000074,0.000025,0.000074,0.000458,0.000678,0.000562,0.000657,0.000621,0.000391,0.000079,0.000006,0.000014,0.000036,0.000027
177,,,,,,,,,,,,,,0.000013,0.000527,0.000583,0.000955,0.001418,0.001590,0.001288,0.001065,0.000876,0.000756,0.000644,0.000596,0.000508,0.000445,0.000309,0.000229,0.000179,0.000134,0.000130,0.000118,0.000109,0.000090,0.000077,0.000040,0.000026,0.000060,0.000158,0.000134,0.000095,0.000094,0.000165,0.000137,0.000060,0.000007,0.000024,0.000055,0.000115
178,,,,,,,,,,,,,,0.000018,0.000538,0.000462,0.000505,0.000681,0.000782,0.000717,0.000647,0.000525,0.000481,0.000411,0.000373,0.000348,0.000323,0.000259,0.000192,0.000202,0.000245,0.000354,0.000384,0.000420,0.000450,0.000384,0.000273,0.000064,0.000076,0.000136,0.000127,0.000100,0.000099,0.000087,0.000066,0.000020,0.000002,0.000008,0.000065,0.000067
179,,,,,,,,,,,,,,0.000007,0.000100,0.000055,0.000071,0.000102,0.000103,0.000087,0.000082,0.000070,0.000069,0.000062,0.000053,0.000054,0.000044,0.000048,0.000027,0.000032,0.000050,0.000062,0.000065,0.000067,0.000071,0.000091,0.000064,0.000016,0.000023,0.000040,0.000037,0.000040,0.000034,0.000017,0.000028,0.000078,0.000015,0.000037,0.000177,0.000192
180,,,,,,,,,,,,,,0.000009,0.000164,0.000098,0.000165,0.000254,0.000246,0.000207,0.000141,0.000118,0.000118,0.000122,0.000163,0.000183,0.000206,0.000201,0.000161,0.000147,0.000120,0.000097,0.000065,0.000041,0.000026,0.000020,0.000024,0.000019,0.000004,0.000001,0.000039,0.000113,0.000190,0.000201,0.000187,0.000081,0.000013,0.000027,0.000157,0.000146
181,,,,,,,,,,,,,,0.000005,0.000071,0.000044,0.000048,0.000102,0.000178,0.000296,0.000438,0.000794,0.000908,0.001165,0.001457,0.001551,0.001442,0.001200,0.000917,0.000886,0.000746,0.000686,0.000576,0.000495,0.000439,0.000390,0.000277,0.000034,0.000046,0.000140,0.000117,0.000087,0.000098,0.000090,0.000067,0.000026,0.000003,0.000014,0.000175,0.000103
182,,,,,,,,,,,,,,0.000005,0.000056,0.000020,0.000037,0.000070,0.000088,0.000096,0.000093,0.000076,0.000100,0.000101,0.000092,0.000078,0.000064,0.000061,0.000049,0.000049,0.000053,0.000056,0.000037,0.000027,0.000030,0.000034,0.000038,0.000013,0.000022,0.000105,0.000152,0.000133,0.000162,0.000178,0.000151,0.000059,0.000013,0.000038,0.000129,0.000115
183,,,,,,,,,,,,,,0.000004,0.000087,0.000072,0.000154,0.000282,0.000343,0.000308,0.000253,0.000198,0.000163,0.000131,0.000123,0.000113,0.000090,0.000054,0.000036,0.000044,0.000049,0.000128,0.000346,0.000795,0.001374,0.001142,0.000683,0.000062,0.000090,0.000237,0.000193,0.000160,0.000140,0.000116,0.000083,0.000025,0.000003,0.000006,0.000030,0.000023
184,,,,,,,,,,,,,,0.000004,0.000082,0.000050,0.000057,0.000096,0.000112,0.000109,0.000096,0.000086,0.000089,0.000093,0.000092,0.000089,0.000080,0.000079,0.000081,0.000125,0.000235,0.000496,0.000791,0.001133,0.001165,0.000935,0.000563,0.000057,0.000095,0.000240,0.000213,0.000139,0.000133,0.000117,0.000079,0.000022,0.000002,0.000007,0.000051,0.000051
185,,,,,,,,,,,,,,0.000004,0.000087,0.000068,0.000205,0.000652,0.001444,0.001966,0.002483,0.002510,0.002156,0.001754,0.001618,0.001388,0.001058,0.000789,0.000541,0.000491,0.000426,0.000435,0.000370,0.000327,0.000315,0.000252,0.000174,0.000026,0.000049,0.000136,0.000125,0.000088,0.000077,0.000058,0.000034,0.000010,0.000002,0.000008,0.000037,0.000051
186,,,,,,,,,,,,,,0.000006,0.000076,0.000028,0.000036,0.000047,0.000059,0.000053,0.000041,0.000050,0.000044,0.000031,0.000033,0.000039,0.000047,0.000044,0.000037,0.000040,0.000050,0.000058,0.000060,0.000070,0.000065,0.000070,0.000055,0.000017,0.000027,0.000078,0.000140,0.000154,0.000195,0.000226,0.000279,0.000127,0.000013,0.000038,0.000198,0.000202
187,,,,,,,,,,,,,,0.000006,0.000096,0.000069,0.000074,0.000093,0.000112,0.000110,0.000098,0.000093,0.000084,0.000094,0.000099,0.000088,0.000086,0.000077,0.000064,0.000042,0.000041,0.000054,0.000039,0.000040,0.000045,0.000082,0.000103,0.000026,0.000055,0.000249,0.000500,0.000863,0.000968,0.000721,0.000391,0.000075,0.000005,0.000015,0.000242,0.000210
188,,,,,,,,,,,,,,0.000004,0.000092,0.000046,0.000064,0.000191,0.000410,0.000647,0.000960,0.001353,0.001763,0.002049,0.002440,0.002411,0.002291,0.001854,0.001307,0.001024,0.000765,0.000696,0.000551,0.000417,0.000301,0.000254,0.000172,0.000022,0.000032,0.000083,0.000073,0.000053,0.000054,0.000057,0.000037,0.000011,0.000002,0.000007,0.000038,0.000047
189,,,,,,,,,,,,,,0.000003,0.000039,0.000025,0.000041,0.000065,0.000076,0.000060,0.000061,0.000053,0.000052,0.000045,0.000052,0.000049,0.000049,0.000043,0.000039,0.000058,0.000075,0.000117,0.000135,0.000184,0.000250,0.000314,0.000329,0.000051,0.000106,0.000176,0.000143,0.000112,0.000101,0.000086,0.000079,0.000041,0.000007,0.000021,0.000062,0.000082
190,,,,,,,,,,,,,,0.000003,0.000071,0.000028,0.000040,0.000069,0.000117,0.000123,0.000120,0.000088,0.000075,0.000063,0.000074,0.000079,0.000070,0.000076,0.000116,0.000287,0.000695,0.001138,0.001451,0.001504,0.001219,0.000943,0.000566,0.000052,0.000103,0.000371,0.000364,0.000243,0.000210,0.000158,0.000100,0.000025,0.000004,0.000012,0.000045,0.000042
191,,,,,,,,,,,,,,0.000002,0.000017,0.000009,0.000013,0.000023,0.000029,0.000027,0.000013,0.000017,0.000015,0.000016,0.000022,0.000021,0.000035,0.000044,0.000073,0.000115,0.000132,0.000164,0.000169,0.000153,0.000116,0.000104,0.000080,0.000027,0.000043,0.000091,0.000075,0.000056,0.000054,0.000056,0.000073,0.000048,0.000010,0.000020,0.000061,0.000050
192,,,,,,,,,,,,,,0.000007,0.000106,0.000056,0.000057,0.000094,0.000161,0.000257,0.000363,0.000517,0.000689,0.000878,0.001103,0.001147,0.001163,0.001140,0.000949,0.000916,0.000831,0.000797,0.000635,0.000509,0.000424,0.000306,0.000196,0.000052,0.000053,0.000078,0.000068,0.000052,0.000059,0.000053,0.000054,0.000016,0.000004,0.000012,0.000050,0.000072
193,,,,,,,,,,,,,,0.000007,0.000124,0.000072,0.000069,0.000104,0.000147,0.000143,0.000134,0.000114,0.000112,0.000118,0.000123,0.000134,0.000154,0.000163,0.000141,0.000111,0.000121,0.000126,0.000105,0.000110,0.000124,0.000172,0.000133,0.000029,0.000026,0.000045,0.000069,0.000149,0.000457,0.000762,0.000617,0.000141,0.000007,0.000018,0.000107,0.000116
194,,,,,,,,,,,,,,0.000005,0.000105,0.000091,0.000127,0.000202,0.000218,0.000204,0.000172,0.000155,0.000141,0.000113,0.000104,0.000101,0.000093,0.000095,0.000095,0.000121,0.000166,0.000226,0.000266,0.000260,0.000198,0.000166,0.000114,0.000019,0.000056,0.000370,0.000508,0.000397,0.000356,0.000239,0.000156,0.000041,0.000004,0.000010,0.000073,0.000052
195,,,,,,,,,,,,,,0.000003,0.000051,0.000043,0.000053,0.000090,0.000135,0.000138,0.000142,0.000145,0.000153,0.000157,0.000169,0.000156,0.000147,0.000136,0.000115,0.000104,0.000155,0.000136,0.000130,0.000118,0.000120,0.000157,0.000230,0.000064,0.000161,0.000629,0.000517,0.000281,0.000258,0.000199,0.000122,0.000030,0.000003,0.000009,0.000039,0.000038
196,,,,,,,,,,,,,,0.000004,0.000062,0.000035,0.000031,0.000029,0.000028,0.000043,0.000030,0.000037,0.000046,0.000026,0.000027,0.000020,0.000017,0.000024,0.000043,0.000062,0.000094,0.000107,0.000119,0.000143,0.000250,0.000410,0.000513,0.000161,0.000173,0.000355,0.000281,0.000192,0.000192,0.000178,0.000229,0.000094,0.000013,0.000041,0.000134,0.000191
197,,,,,,,,,,,,,,0.000006,0.000161,0.000242,0.000808,0.001842,0.002556,0.002335,0.002003,0.001718,0.001488,0.001209,0.001073,0.000848,0.000664,0.000465,0.000322,0.000253,0.000219,0.000201,0.000167,0.000136,0.000114,0.000129,0.000084,0.000021,0.000027,0.000071,0.000066,0.000041,0.000040,0.000037,0.000032,0.000025,0.000005,0.000012,0.000058,0.000056
198,,,,,,,,,,,,,,0.000012,0.000138,0.000077,0.000079,0.000122,0.000136,0.000143,0.000130,0.000139,0.000187,0.000210,0.000230,0.000259,0.000292,0.000298,0.000250,0.000258,0.000245,0.000244,0.000207,0.000170,0.000158,0.000309,0.000208,0.000036,0.000042,0.000094,0.000090,0.000081,0.000068,0.000043,0.000033,0.000016,0.000007,0.000044,0.000154,0.000190
199,,,,,,,,,,,,,,0.000015,0.000187,0.000082,0.000082,0.000071,0.000056,0.000050,0.000035,0.000020,0.000029,0.000019,0.000006,0.000003,0.000010,0.000007,0.000006,0.000007,0.000027,0.000125,0.000120,0.000163,0.000247,0.000201,0.000168,0.000075,0.000176,0.000298,0.000286,0.000225,0.000204,0.000136,0.000082,0.000033,0.000010,0.000025,0.000207,0.000286
200,,,,,,,,,,,,,,0.000008,0.000099,0.000053,0.000076,0.000118,0.000138,0.000115,0.000102,0.000088,0.000096,0.000095,0.000109,0.000107,0.000098,0.000085,0.000074,0.000065,0.000067,0.000093,0.000085,0.000087,0.000081,0.000074,0.000052,0.000016,0.000027,0.000055,0.000049,0.000035,0.000030,0.000012,0.000007,0.000019,0.000014,0.000039,0.000148,0.000214
201,,,,,,,,,,,,,,0.000010,0.000224,0.000119,0.000131,0.000192,0.000212,0.000210,0.000217,0.000199,0.000196,0.000167,0.000161,0.000174,0.000176,0.000198,0.000224,0.000295,0.000390,0.000469,0.000341,0.000274,0.000222,0.000157,0.000117,0.000035,0.000024,0.000047,0.000049,0.000065,0.000137,0.000210,0.000281,0.000095,0.000016,0.000051,0.000192,0.000234
202,,,,,,,,,,,,,,0.000004,0.000066,0.000033,0.000081,0.000273,0.000645,0.000967,0.001265,0.001524,0.001619,0.001652,0.001579,0.001334,0.001142,0.000745,0.000537,0.000405,0.000355,0.000352,0.000338,0.000356,0.000352,0.000300,0.000189,0.000024,0.000037,0.000086,0.000086,0.000089,0.000087,0.000072,0.000062,0.000019,0.000002,0.000008,0.000037,0.000041
203,,,,,,,,,,,,,,0.000004,0.000055,0.000040,0.000054,0.000076,0.000081,0.000091,0.000091,0.000089,0.000101,0.000108,0.000114,0.000119,0.000109,0.000097,0.000075,0.000057,0.000070,0.000200,0.000485,0.000764,0.000815,0.000905,0.000589,0.000080,0.000061,0.000098,0.000087,0.000059,0.000048,0.000028,0.000017,0.000011,0.000003,0.000008,0.000028,0.000040
204,,,,,,,,,,,,,,0.000012,0.000215,0.000137,0.000157,0.000233,0.000280,0.000267,0.000247,0.000261,0.000227,0.000202,0.000201,0.000183,0.000179,0.000159,0.000149,0.000152,0.000161,0.000233,0.000268,0.000267,0.000257,0.000284,0.000246,0.000036,0.000074,0.000117,0.000124,0.000109,0.000106,0.000108,0.000083,0.000025,0.000005,0.000021,0.000182,0.000237
205,,,,,,,,,,,,,,0.000002,0.000031,0.000024,0.000036,0.000070,0.000103,0.000129,0.000168,0.000206,0.000231,0.000237,0.000275,0.000297,0.000311,0.000335,0.000345,0.000523,0.001108,0.001055,0.000983,0.000858,0.000803,0.000585,0.000349,0.000041,0.000062,0.000148,0.000127,0.000094,0.000098,0.000098,0.000073,0.000029,0.000005,0.000015,0.000033,0.000034
206,,,,,,,,,,,,,,0.000004,0.000064,0.000029,0.000040,0.000082,0.000073,0.000068,0.000064,0.000059,0.000054,0.000047,0.000064,0.000066,0.000054,0.000069,0.000107,0.000168,0.000139,0.000127,0.000103,0.000087,0.000133,0.000137,0.000167,0.000028,0.000067,0.000406,0.000625,0.000567,0.000548,0.000385,0.000208,0.000063,0.000009,0.000019,0.000065,0.000056
207,,,,,,,,,,,,,,0.000033,0.000817,0.000466,0.000372,0.000487,0.000582,0.000550,0.000525,0.000443,0.000416,0.000366,0.000333,0.000307,0.000275,0.000223,0.000140,0.000141,0.000133,0.000149,0.000140,0.000138,0.000137,0.000140,0.000105,0.000016,0.000028,0.000080,0.000078,0.000064,0.000067,0.000061,0.000054,0.000018,0.000002,0.000008,0.000061,0.000061
208,,,,,,,,,,,,,,0.000009,0.000088,0.000039,0.000055,0.000112,0.000144,0.000112,0.000084,0.000074,0.000080,0.000084,0.000078,0.000074,0.000085,0.000085,0.000080,0.000068,0.000071,0.000060,0.000058,0.000063,0.000081,0.000071,0.000049,0.000014,0.000016,0.000037,0.000042,0.000048,0.000049,0.000050,0.000043,0.000025,0.000011,0.000031,0.000092,0.000145
209,,,,,,,,,,,,,,0.000003,0.000051,0.000036,0.000048,0.000116,0.000183,0.000218,0.000263,0.000242,0.000219,0.000187,0.000161,0.000129,0.000111,0.000100,0.000082,0.000073,0.000079,0.000075,0.000058,0.000059,0.000068,0.000116,0.000187,0.000033,0.000060,0.000193,0.000276,0.000337,0.000383,0.000307,0.000262,0.000093,0.000009,0.000021,0.000083,0.000059
210,,,,,,,,,,,,,,0.000012,0.000401,0.000376,0.000304,0.000404,0.000451,0.000423,0.000362,0.000328,0.000310,0.000274,0.000255,0.000232,0.000231,0.000181,0.000127,0.000108,0.000091,0.000079,0.000060,0.000081,0.000096,0.000129,0.000251,0.000068,0.000078,0.000039,0.000030,0.000024,0.000030,0.000100,0.000122,0.000045,0.000010,0.000029,0.000110,0.000047
211,,,,,,,,,,,,,,0.000006,0.000068,0.000039,0.000052,0.000088,0.000118,0.000110,0.000102,0.000102,0.000124,0.000157,0.000249,0.000260,0.000326,0.000366,0.000473,0.000603,0.000852,0.000827,0.000758,0.000662,0.000523,0.000419,0.000275,0.000027,0.000043,0.000102,0.000077,0.000054,0.000061,0.000064,0.000039,0.000013,0.000002,0.000009,0.000129,0.000091
212,,,,,,,,,,,,,,0.000003,0.000057,0.000052,0.000054,0.000073,0.000074,0.000073,0.000074,0.000080,0.000085,0.000084,0.000095,0.000109,0.000118,0.000112,0.000096,0.000152,0.000202,0.000173,0.000119,0.000112,0.000194,0.000460,0.000420,0.000112,0.000054,0.000089,0.000078,0.000059,0.000048,0.000039,0.000028,0.000013,0.000002,0.000008,0.000017,0.000025
213,,,,,,,,,,,,,,0.000017,0.000364,0.000219,0.000158,0.000164,0.000198,0.000160,0.000140,0.000118,0.000105,0.000078,0.000077,0.000080,0.000069,0.000054,0.000064,0.000087,0.000142,0.000202,0.000174,0.000131,0.000095,0.000066,0.000057,0.000070,0.000124,0.000076,0.000152,0.000239,0.000337,0.000278,0.000204,0.000083,0.000012,0.000027,0.000097,0.000062
214,,,,,,,,,,,,,,0.000005,0.000228,0.000460,0.000740,0.001312,0.002030,0.002069,0.001993,0.001664,0.001432,0.001143,0.001021,0.000867,0.000709,0.000577,0.000367,0.000282,0.000224,0.000253,0.000212,0.000186,0.000172,0.000162,0.000113,0.000023,0.000027,0.000055,0.000067,0.000084,0.000202,0.000348,0.000292,0.000081,0.000006,0.000011,0.000041,0.000050
215,,,,,,,,,,,,,,0.000007,0.000086,0.000059,0.000085,0.000105,0.000133,0.000131,0.000127,0.000127,0.000115,0.000113,0.000099,0.000096,0.000085,0.000060,0.000054,0.000054,0.000037,0.000032,0.000039,0.000050,0.000066,0.000194,0.000124,0.000024,0.000060,0.000191,0.000175,0.000139,0.000143,0.000121,0.000085,0.000021,0.000004,0.000015,0.000262,0.000248
216,,,,,,,,,,,,,,0.000002,0.000035,0.000020,0.000023,0.000034,0.000052,0.000065,0.000062,0.000073,0.000077,0.000072,0.000073,0.000067,0.000059,0.000043,0.000035,0.000035,0.000036,0.000046,0.000049,0.000051,0.000050,0.000047,0.000048,0.000023,0.000036,0.000131,0.000271,0.000366,0.000461,0.000453,0.000311,0.000086,0.000008,0.000014,0.000035,0.000034
217,,,,,,,,,,,,,,0.000026,0.000666,0.000346,0.000280,0.000422,0.000457,0.000400,0.000367,0.000298,0.000276,0.000234,0.000224,0.000208,0.000199,0.000182,0.000144,0.000124,0.000111,0.000117,0.000096,0.000091,0.000089,0.000072,0.000059,0.000017,0.000029,0.000060,0.000060,0.000054,0.000055,0.000048,0.000031,0.000014,0.000003,0.000010,0.000038,0.000048
218,,,,,,,,,,,,,,0.000016,0.000295,0.000166,0.000187,0.000324,0.000394,0.000290,0.000218,0.000154,0.000136,0.000108,0.000091,0.000080,0.000072,0.000070,0.000051,0.000046,0.000031,0.000031,0.000041,0.000048,0.000061,0.000122,0.000128,0.000068,0.000050,0.000093,0.000076,0.000063,0.000052,0.000040,0.000026,0.000017,0.000005,0.000023,0.000110,0.000124
219,,,,,,,,,,,,,,0.000003,0.000061,0.000034,0.000065,0.000111,0.000137,0.000141,0.000126,0.000110,0.000099,0.000096,0.000120,0.000127,0.000115,0.000091,0.000093,0.000135,0.000652,0.000475,0.000744,0.000899,0.000706,0.000556,0.000333,0.000030,0.000052,0.000133,0.000113,0.000092,0.000083,0.000058,0.000034,0.000014,0.000004,0.000010,0.000047,0.000053
220,,,,,,,,,,,,,,0.000003,0.000054,0.000030,0.000031,0.000053,0.000055,0.000070,0.000082,0.000100,0.000123,0.000128,0.000142,0.000117,0.000100,0.000074,0.000048,0.000041,0.000035,0.000043,0.000039,0.000039,0.000033,0.000032,0.000018,0.000011,0.000081,0.000092,0.000102,0.000081,0.000049,0.000061,0.000028,0.000015,0.000004,0.000014,0.000060,0.000044
221,,,,,,,,,,,,,,0.000007,0.000127,0.000079,0.000119,0.000206,0.000264,0.000291,0.000292,0.000296,0.000316,0.000328,0.000362,0.000334,0.000296,0.000223,0.000155,0.000134,0.000124,0.000225,0.000434,0.000869,0.001117,0.001061,0.000666,0.000063,0.000113,0.000270,0.000242,0.000162,0.000144,0.000114,0.000074,0.000018,0.000002,0.000008,0.000041,0.000045
222,,,,,,,,,,,,,,0.000003,0.000033,0.000032,0.000130,0.000340,0.000491,0.000553,0.000597,0.000541,0.000528,0.000515,0.000548,0.000500,0.000432,0.000332,0.000218,0.000170,0.000135,0.000127,0.000119,0.000107,0.000086,0.000082,0.000057,0.000010,0.000013,0.000016,0.000054,0.000140,0.000285,0.000345,0.000260,0.000079,0.000011,0.000026,0.000075,0.000078
223,,,,,,,,,,,,,,0.000034,0.000376,0.000212,0.000306,0.000552,0.000639,0.000606,0.000506,0.000378,0.000307,0.000217,0.000157,0.000123,0.000080,0.000064,0.000046,0.000032,0.000269,0.000062,0.000043,0.000052,0.000052,0.000094,0.000092,0.000050,0.000098,0.000046,0.000046,0.000075,0.000055,0.000053,0.000063,0.000058,0.000012,0.000066,0.000541,0.000631
224,,,,,,,,,,,,,,0.000005,0.000092,0.000047,0.000053,0.000067,0.000096,0.000118,0.000119,0.000119,0.000113,0.000100,0.000098,0.000097,0.000089,0.000075,0.000048,0.000046,0.000041,0.000048,0.000056,0.000075,0.000071,0.000079,0.000070,0.000012,0.000018,0.000025,0.000035,0.000037,0.000040,0.000052,0.000045,0.000082,0.000005,0.000015,0.000070,0.000064
225,,,,,,,,,,,,,,0.000028,0.000753,0.000438,0.000434,0.000552,0.000667,0.000569,0.000525,0.000452,0.000438,0.000352,0.000331,0.000326,0.000250,0.000221,0.000204,0.000185,0.000215,0.000247,0.000208,0.000179,0.000167,0.000154,0.000136,0.000039,0.000037,0.000061,0.000063,0.000077,0.000130,0.000102,0.000074,0.000032,0.000005,0.000019,0.000075,0.000146
226,,,,,,,,,,,,,,0.000017,0.000239,0.000134,0.000154,0.000210,0.000219,0.000194,0.000167,0.000166,0.000165,0.000141,0.000125,0.000111,0.000097,0.000092,0.000061,0.000058,0.000065,0.000089,0.000111,0.000140,0.000143,0.000148,0.000147,0.000038,0.000058,0.000146,0.000190,0.000207,0.000252,0.000230,0.000275,0.000053,0.000004,0.000016,0.000132,0.000145
227,,,,,,,,,,,,,,0.000012,0.000107,0.000049,0.000064,0.000087,0.000137,0.000128,0.000121,0.000101,0.000097,0.000089,0.000103,0.000092,0.000083,0.000071,0.000048,0.000041,0.000049,0.000046,0.000046,0.000055,0.000066,0.000088,0.000145,0.000064,0.000183,0.000598,0.000437,0.000213,0.000164,0.000122,0.000111,0.000037,0.000007,0.000025,0.000090,0.000136
228,,,,,,,,,,,,,,0.000003,0.000031,0.000017,0.000018,0.000027,0.000031,0.000048,0.000048,0.000050,0.000052,0.000054,0.000071,0.000101,0.000168,0.000271,0.000416,0.000692,0.000895,0.001152,0.001234,0.001181,0.000934,0.000830,0.000560,0.000080,0.000108,0.000188,0.000150,0.000105,0.000102,0.000092,0.000075,0.000035,0.000005,0.000010,0.000040,0.000033
229,,,,,,,,,,,,,,0.000015,0.000175,0.000098,0.000115,0.000167,0.000169,0.000152,0.000139,0.000117,0.000113,0.000096,0.000109,0.000098,0.000064,0.000048,0.000056,0.000134,0.000305,0.000644,0.001063,0.001324,0.001274,0.001089,0.000721,0.000129,0.000138,0.000307,0.000266,0.000239,0.000278,0.000249,0.000184,0.000048,0.000005,0.000011,0.000034,0.000040
230,,,,,,,,,,,,,,0.000003,0.000043,0.000029,0.000144,0.000174,0.000186,0.000124,0.000090,0.000073,0.000064,0.000057,0.000063,0.000071,0.000083,0.000080,0.000061,0.000050,0.000044,0.000049,0.000064,0.000077,0.000106,0.000170,0.000261,0.000062,0.000188,0.000655,0.000548,0.000395,0.000340,0.000224,0.000125,0.000032,0.000003,0.000010,0.000047,0.000039
231,,,,,,,,,,,,,,0.000003,0.000059,0.000050,0.000058,0.000065,0.000073,0.000059,0.000052,0.000042,0.000043,0.000022,0.000012,0.000016,0.000010,0.000013,0.000023,0.000027,0.000033,0.000044,0.000062,0.000060,0.000050,0.000046,0.000046,0.000049,0.000053,0.000049,0.000043,0.000044,0.000045,0.000049,0.000100,0.000066,0.000014,0.000070,0.000070,0.000099
232,,,,,,,,,,,,,,0.000005,0.000097,0.000061,0.000088,0.000211,0.000340,0.000397,0.000435,0.000434,0.000397,0.000383,0.000385,0.000351,0.000317,0.000286,0.000248,0.000310,0.000393,0.000543,0.000543,0.000444,0.000328,0.000308,0.000216,0.000024,0.000029,0.000048,0.000053,0.000042,0.000047,0.000066,0.000112,0.000088,0.000008,0.000018,0.000069,0.000057
233,,,,,,,,,,,,,,0.000006,0.000081,0.000043,0.000050,0.000074,0.000079,0.000069,0.000056,0.000046,0.000047,0.000046,0.000050,0.000038,0.000037,0.000048,0.000051,0.000051,0.000053,0.000058,0.000061,0.000065,0.000064,0.000074,0.000072,0.000047,0.000087,0.000014,0.000016,0.000023,0.000026,0.000058,0.000079,0.000027,0.000010,0.000031,0.000052,0.000047
234,,,,,,,,,,,,,,0.000006,0.000096,0.000066,0.000144,0.000410,0.000809,0.001100,0.001217,0.001209,0.001111,0.000917,0.000808,0.000646,0.000527,0.000411,0.000300,0.000258,0.000225,0.000264,0.000251,0.000243,0.000217,0.000224,0.000181,0.000074,0.000033,0.000066,0.000066,0.000050,0.000055,0.000048,0.000034,0.000018,0.000003,0.000008,0.000039,0.000065
235,,,,,,,,,,,,,,0.000006,0.000162,0.000138,0.000144,0.000189,0.000218,0.000244,0.000279,0.000345,0.000435,0.000545,0.000791,0.000965,0.001262,0.001304,0.001085,0.000942,0.000724,0.000570,0.000404,0.000321,0.000247,0.000204,0.000129,0.000016,0.000028,0.000084,0.000085,0.000066,0.000057,0.000034,0.000022,0.000008,0.000002,0.000009,0.000082,0.000073
236,,,,,,,,,,,,,,0.000014,0.000265,0.000247,0.000700,0.001790,0.002270,0.002243,0.001891,0.001705,0.001564,0.001312,0.001244,0.000988,0.000744,0.000570,0.000418,0.000373,0.000301,0.000264,0.000233,0.000212,0.000164,0.000151,0.000107,0.000018,0.000027,0.000056,0.000061,0.000062,0.000050,0.000042,0.000025,0.000015,0.000008,0.000021,0.000051,0.000051
237,,,,,,,,,,,,,,0.000010,0.000277,0.000164,0.000257,0.000314,0.000359,0.000319,0.000267,0.000204,0.000186,0.000183,0.000190,0.000158,0.000145,0.000114,0.000101,0.000094,0.000084,0.000093,0.000087,0.000090,0.000094,0.000100,0.000085,0.000026,0.000034,0.000054,0.000065,0.000055,0.000049,0.000042,0.000037,0.000020,0.000004,0.000010,0.000051,0.000064
238,,,,,,,,,,,,,,0.000002,0.000031,0.000030,0.000119,0.000393,0.000661,0.000893,0.001092,0.001285,0.001393,0.001430,0.001499,0.001366,0.001127,0.000823,0.000550,0.000442,0.000358,0.000331,0.000238,0.000176,0.000151,0.000120,0.000085,0.000020,0.000025,0.000072,0.000062,0.000037,0.000039,0.000035,0.000027,0.000013,0.000002,0.000009,0.000022,0.000018
239,,,,,,,,,,,,,,0.000004,0.000058,0.000026,0.000121,0.000285,0.000536,0.000728,0.000884,0.001167,0.001267,0.001295,0.001287,0.001117,0.000882,0.000588,0.000357,0.000276,0.000198,0.000185,0.000150,0.000113,0.000115,0.000131,0.000104,0.000026,0.000021,0.000036,0.000040,0.000039,0.000036,0.000050,0.000036,0.000022,0.000003,0.000008,0.000043,0.000041
240,,,,,,,,,,,,,,0.000009,0.000098,0.000060,0.000090,0.000140,0.000172,0.000160,0.000144,0.000132,0.000132,0.000127,0.000124,0.000113,0.000108,0.000100,0.000069,0.000056,0.000044,0.000054,0.000065,0.000091,0.000111,0.000114,0.000095,0.000016,0.000025,0.000044,0.000046,0.000033,0.000033,0.000034,0.000022,0.000079,0.000005,0.000014,0.000083,0.000100
241,,,,,,,,,,,,,,0.000005,0.000082,0.000058,0.000066,0.000098,0.000128,0.000124,0.000114,0.000126,0.000156,0.000220,0.000410,0.000417,0.000532,0.000622,0.000679,0.000782,0.000786,0.000792,0.000576,0.000397,0.000275,0.000226,0.000155,0.000027,0.000040,0.000077,0.000121,0.000123,0.000125,0.000093,0.000063,0.000021,0.000002,0.000007,0.000049,0.000052
242,,,,,,,,,,,,,,0.000012,0.000159,0.000098,0.000124,0.000259,0.000441,0.000644,0.000772,0.000875,0.001049,0.001088,0.001131,0.001095,0.001033,0.000912,0.000833,0.000750,0.000621,0.000549,0.000442,0.000360,0.000299,0.000259,0.000178,0.000022,0.000043,0.000125,0.000116,0.000092,0.000083,0.000067,0.000039,0.000009,0.000003,0.000019,0.000232,0.000242
243,,,,,,,,,,,,,,0.000012,0.000296,0.000186,0.000187,0.000216,0.000232,0.000198,0.000171,0.000160,0.000164,0.000133,0.000171,0.000189,0.000169,0.000141,0.000130,0.000105,0.000079,0.000089,0.000203,0.000463,0.000408,0.000288,0.000157,0.000025,0.000024,0.000046,0.000053,0.000054,0.000053,0.000049,0.000037,0.000016,0.000004,0.000022,0.000306,0.000228
244,,,,,,,,,,,,,,0.000010,0.000144,0.000115,0.000147,0.000290,0.000422,0.000448,0.000446,0.000417,0.000373,0.000336,0.000319,0.000252,0.000221,0.000190,0.000169,0.000225,0.000214,0.000219,0.000210,0.000214,0.000157,0.000126,0.000084,0.000018,0.000018,0.000024,0.000024,0.000017,0.000033,0.000031,0.000028,0.000033,0.000018,0.000041,0.000245,0.000261
245,,,,,,,,,,,,,,0.000003,0.000043,0.000054,0.000079,0.000098,0.000113,0.000103,0.000095,0.000067,0.000075,0.000068,0.000064,0.000059,0.000062,0.000064,0.000068,0.000074,0.000312,0.000109,0.000097,0.000106,0.000114,0.000174,0.000161,0.000055,0.000060,0.000139,0.000142,0.000107,0.000105,0.000101,0.000069,0.000020,0.000005,0.000015,0.000036,0.000037
246,,,,,,,,,,,,,,0.000005,0.000066,0.000040,0.000066,0.000108,0.000138,0.000134,0.000130,0.000121,0.000114,0.000111,0.000117,0.000118,0.000119,0.000115,0.000087,0.000074,0.000058,0.000057,0.000074,0.000074,0.000059,0.000043,0.000027,0.000033,0.000039,0.000024,0.000023,0.000017,0.000018,0.000031,0.000032,0.000020,0.000009,0.000020,0.000074,0.000074
247,,,,,,,,,,,,,,0.000010,0.000124,0.000057,0.000064,0.000102,0.000120,0.000083,0.000068,0.000047,0.000062,0.000057,0.000065,0.000074,0.000096,0.000113,0.000097,0.000088,0.000069,0.000061,0.000059,0.000048,0.000049,0.000054,0.000048,0.000021,0.000028,0.000025,0.000024,0.000023,0.000023,0.000038,0.000031,0.000036,0.000008,0.000035,0.000205,0.000191
248,,,,,,,,,,,,,,0.000005,0.000058,0.000032,0.000033,0.000025,0.000039,0.000033,0.000036,0.000036,0.000037,0.000042,0.000061,0.000056,0.000052,0.000035,0.000027,0.000027,0.000031,0.000042,0.000042,0.000038,0.000042,0.000041,0.000043,0.000017,0.000024,0.000038,0.000046,0.000057,0.000104,0.000157,0.000148,0.000079,0.000010,0.000032,0.000165,0.000113
249,,,,,,,,,,,,,,0.000012,0.000176,0.000095,0.000116,0.000190,0.000216,0.000220,0.000198,0.000163,0.000172,0.000162,0.000159,0.000147,0.000120,0.000095,0.000051,0.000038,0.000040,0.000042,0.000027,0.000019,0.000023,0.000019,0.000025,0.000010,0.000013,0.000013,0.000020,0.000044,0.000090,0.000122,0.000131,0.000089,0.000017,0.000047,0.000151,0.000176
250,,,,,,,,,,,,,,0.000004,0.000050,0.000034,0.000037,0.000030,0.000049,0.000045,0.000035,0.000056,0.000103,0.000199,0.000314,0.000373,0.000414,0.000414,0.000403,0.000393,0.000335,0.000339,0.000307,0.000253,0.000244,0.000225,0.000172,0.000029,0.000059,0.000136,0.000135,0.000100,0.000109,0.000119,0.000110,0.000044,0.000005,0.000015,0.000058,0.000055
251,,,,,,,,,,,,,,0.000009,0.000124,0.000069,0.000094,0.000127,0.000133,0.000126,0.000108,0.000106,0.000123,0.000126,0.000161,0.000172,0.000204,0.000212,0.000173,0.000166,0.000149,0.000159,0.000162,0.000180,0.000203,0.000228,0.000193,0.000024,0.000042,0.000109,0.000109,0.000088,0.000090,0.000096,0.000074,0.000028,0.000003,0.000012,0.000103,0.000085
252,,,,,,,,,,,,,,0.000003,0.000038,0.000012,0.000032,0.000045,0.000065,0.000059,0.000056,0.000060,0.000056,0.000050,0.000058,0.000067,0.000074,0.000066,0.000064,0.000057,0.000059,0.000044,0.000041,0.000026,0.000010,0.000040,0.000058,0.000038,0.000095,0.000233,0.000211,0.000144,0.000115,0.000093,0.000087,0.000103,0.000014,0.000032,0.000056,0.000043
253,,,,,,,,,,,,,,0.000004,0.000051,0.000019,0.000037,0.000111,0.000197,0.000244,0.000275,0.000293,0.000282,0.000230,0.000194,0.000134,0.000103,0.000072,0.000059,0.000058,0.000071,0.000112,0.000150,0.000155,0.000100,0.000117,0.000157,0.000051,0.000131,0.000492,0.000414,0.000264,0.000195,0.000120,0.000089,0.000045,0.000008,0.000035,0.000122,0.000102
254,,,,,,,,,,,,,,0.000008,0.000155,0.000135,0.000211,0.000465,0.000700,0.000841,0.000856,0.000779,0.000706,0.000578,0.000520,0.000400,0.000301,0.000207,0.000130,0.000117,0.000101,0.000099,0.000087,0.000064,0.000046,0.000046,0.000022,0.000015,0.000032,0.000061,0.000066,0.000050,0.000045,0.000032,0.000056,0.000063,0.000011,0.000055,0.000142,0.000137
255,,,,,,,,,,,,,,0.000009,0.000249,0.000189,0.000236,0.000361,0.000483,0.000416,0.000368,0.000269,0.000212,0.000163,0.000138,0.000121,0.000102,0.000063,0.000052,0.000049,0.000059,0.000070,0.000054,0.000052,0.000049,0.000046,0.000051,0.000018,0.000015,0.000028,0.000079,0.000209,0.000470,0.000591,0.000479,0.000135,0.000008,0.000019,0.000083,0.000075
256,,,,,,,,,,,,,,0.000003,0.000037,0.000019,0.000042,0.000071,0.000093,0.000093,0.000066,0.000069,0.000061,0.000060,0.000067,0.000076,0.000067,0.000059,0.000062,0.000075,0.000096,0.000180,0.000351,0.000716,0.001235,0.001386,0.001010,0.000084,0.000142,0.000462,0.000373,0.000236,0.000162,0.000110,0.000062,0.000027,0.000005,0.000012,0.000046,0.000041
257,,,,,,,,,,,,,,0.000007,0.000112,0.000074,0.000108,0.000146,0.000189,0.000179,0.000169,0.000156,0.000135,0.000124,0.000136,0.000140,0.000139,0.000111,0.000096,0.000082,0.000085,0.000092,0.000081,0.000065,0.000050,0.000059,0.000041,0.000025,0.000042,0.000058,0.000061,0.000060,0.000064,0.000055,0.000054,0.000030,0.000006,0.000037,0.000084,0.000155
258,,,,,,,,,,,,,,0.000004,0.000060,0.000041,0.000052,0.000091,0.000104,0.000106,0.000105,0.000105,0.000106,0.000099,0.000100,0.000091,0.000078,0.000066,0.000062,0.000057,0.000070,0.000095,0.000086,0.000082,0.000078,0.000091,0.000074,0.000013,0.000024,0.000050,0.000066,0.000060,0.000071,0.000075,0.000055,0.000022,0.000006,0.000009,0.000058,0.000057
259,,,,,,,,,,,,,,0.000005,0.000109,0.000057,0.000068,0.000086,0.000080,0.000072,0.000079,0.000073,0.000067,0.000066,0.000064,0.000058,0.000050,0.000040,0.000035,0.000031,0.000043,0.000055,0.000056,0.000065,0.000058,0.000053,0.000033,0.000055,0.000133,0.000064,0.000078,0.000078,0.000087,0.000069,0.000040,0.000041,0.000008,0.000014,0.000044,0.000060
260,,,,,,,,,,,,,,0.000007,0.000110,0.000066,0.000074,0.000123,0.000139,0.000117,0.000119,0.000134,0.000103,0.000115,0.000125,0.000134,0.000129,0.000114,0.000098,0.000092,0.000094,0.000081,0.000071,0.000079,0.000089,0.000092,0.000107,0.000080,0.000172,0.000170,0.000197,0.000277,0.000279,0.000281,0.000171,0.000047,0.000004,0.000013,0.000106,0.000097
261,,,,,,,,,,,,,,0.000035,0.000652,0.000355,0.000327,0.000417,0.000440,0.000389,0.000349,0.000293,0.000268,0.000229,0.000205,0.000199,0.000183,0.000148,0.000103,0.000103,0.000120,0.000137,0.000134,0.000146,0.000116,0.000105,0.000071,0.000010,0.000021,0.000040,0.000043,0.000053,0.000084,0.000100,0.000075,0.000026,0.000003,0.000013,0.000057,0.000055
262,,,,,,,,,,,,,,0.000013,0.000249,0.000149,0.000152,0.000180,0.000234,0.000184,0.000188,0.000170,0.000200,0.000210,0.000258,0.000299,0.000342,0.000367,0.000361,0.000397,0.000369,0.000260,0.000206,0.000165,0.000127,0.000116,0.000086,0.000015,0.000017,0.000030,0.000028,0.000028,0.000029,0.000028,0.000014,0.000014,0.000004,0.000019,0.000141,0.000126
263,,,,,,,,,,,,,,0.000005,0.000069,0.000039,0.000052,0.000082,0.000107,0.000086,0.000066,0.000063,0.000072,0.000086,0.000102,0.000102,0.000100,0.000095,0.000065,0.000051,0.000033,0.000042,0.000048,0.000062,0.000058,0.000063,0.000057,0.000023,0.000038,0.000096,0.000139,0.000166,0.000241,0.000270,0.000257,0.000135,0.000011,0.000025,0.000100,0.000104
264,,,,,,,,,,,,,,0.000005,0.000084,0.000053,0.000064,0.000096,0.000119,0.000116,0.000119,0.000115,0.000109,0.000108,0.000116,0.000107,0.000099,0.000076,0.000064,0.000064,0.000072,0.000074,0.000067,0.000060,0.000050,0.000056,0.000047,0.000072,0.000035,0.000049,0.000042,0.000034,0.000046,0.000035,0.000036,0.000015,0.000002,0.000009,0.000056,0.000056
265,,,,,,,,,,,,,,0.000005,0.000135,0.000089,0.000121,0.000174,0.000225,0.000231,0.000245,0.000284,0.000433,0.000605,0.000980,0.001207,0.001301,0.001159,0.000891,0.000718,0.000515,0.000452,0.000353,0.000301,0.000242,0.000212,0.000152,0.000020,0.000038,0.000151,0.000153,0.000105,0.000107,0.000105,0.000092,0.000027,0.000003,0.000010,0.000065,0.000044
266,,,,,,,,,,,,,,0.000011,0.000143,0.000089,0.000099,0.000159,0.000213,0.000202,0.000177,0.000188,0.000205,0.000201,0.000219,0.000199,0.000196,0.000168,0.000134,0.000153,0.000163,0.000221,0.000277,0.000324,0.000322,0.000290,0.000186,0.000023,0.000028,0.000076,0.000153,0.000256,0.000383,0.000400,0.000294,0.000077,0.000007,0.000014,0.000079,0.000099
267,,,,,,,,,,,,,,0.000006,0.000067,0.000052,0.000084,0.000109,0.000115,0.000111,0.000109,0.000098,0.000099,0.000090,0.000097,0.000078,0.000067,0.000060,0.000043,0.000034,0.000027,0.000049,0.000073,0.000088,0.000095,0.000092,0.000075,0.000018,0.000025,0.000050,0.000050,0.000054,0.000070,0.000070,0.000059,0.000068,0.000007,0.000023,0.000230,0.000115
268,,,,,,,,,,,,,,0.000004,0.000116,0.000050,0.000065,0.000106,0.000135,0.000104,0.000101,0.000102,0.000097,0.000087,0.000091,0.000100,0.000126,0.000160,0.000172,0.000210,0.000260,0.000277,0.000262,0.000244,0.000205,0.000153,0.000108,0.000055,0.000064,0.000119,0.000118,0.000105,0.000088,0.000045,0.000021,0.000023,0.000009,0.000017,0.000058,0.000049
269,,,,,,,,,,,,,,0.000016,0.000147,0.000059,0.000061,0.000080,0.000106,0.000086,0.000083,0.000061,0.000063,0.000062,0.000071,0.000062,0.000062,0.000054,0.000037,0.000032,0.000026,0.000035,0.000039,0.000047,0.000043,0.000036,0.000045,0.000018,0.000040,0.000037,0.000046,0.000045,0.000059,0.000060,0.000060,0.000033,0.000009,0.000034,0.000243,0.000427
270,,,,,,,,,,,,,,0.000020,0.000671,0.000273,0.000346,0.000458,0.000480,0.000449,0.000366,0.000349,0.000313,0.000262,0.000236,0.000216,0.000176,0.000133,0.000113,0.000094,0.000087,0.000079,0.000087,0.000100,0.000102,0.000105,0.000086,0.000026,0.000035,0.000067,0.000074,0.000060,0.000055,0.000075,0.000050,0.000023,0.000004,0.000013,0.000074,0.000069
271,,,,,,,,,,,,,,0.000006,0.000065,0.000044,0.000042,0.000075,0.000079,0.000077,0.000081,0.000073,0.000076,0.000070,0.000082,0.000092,0.000086,0.000083,0.000074,0.000064,0.000057,0.000050,0.000043,0.000033,0.000039,0.000023,0.000016,0.000021,0.000068,0.000048,0.000039,0.000029,0.000032,0.000020,0.000028,0.000031,0.000007,0.000018,0.000078,0.000082
272,,,,,,,,,,,,,,0.000005,0.000044,0.000017,0.000023,0.000038,0.000055,0.000071,0.000061,0.000059,0.000055,0.000061,0.000071,0.000060,0.000059,0.000053,0.000046,0.000050,0.000088,0.000096,0.000103,0.000107,0.000087,0.000090,0.000062,0.000023,0.000018,0.000033,0.000027,0.000020,0.000023,0.000033,0.000059,0.000061,0.000019,0.000040,0.000073,0.000072
273,,,,,,,,,,,,,,0.000006,0.000142,0.000073,0.000112,0.000145,0.000183,0.000180,0.000170,0.000141,0.000122,0.000095,0.000088,0.000083,0.000070,0.000053,0.000031,0.000017,0.000014,0.000043,0.000057,0.000041,0.000050,0.000063,0.000054,0.000046,0.000172,0.000306,0.000323,0.000246,0.000184,0.000130,0.000103,0.000061,0.000010,0.000041,0.000090,0.000087
274,,,,,,,,,,,,,,0.000004,0.000034,0.000031,0.000034,0.000051,0.000080,0.000080,0.000081,0.000084,0.000068,0.000070,0.000091,0.000085,0.000092,0.000088,0.000079,0.000095,0.000099,0.000107,0.000102,0.000116,0.000138,0.000129,0.000095,0.000045,0.000026,0.000068,0.000080,0.000073,0.000079,0.000080,0.000059,0.000025,0.000008,0.000013,0.000023,0.000031
275,,,,,,,,,,,,,,0.000014,0.000400,0.000172,0.000152,0.000215,0.000243,0.000255,0.000240,0.000234,0.000292,0.000391,0.000640,0.000768,0.000845,0.000772,0.000603,0.000533,0.000448,0.000526,0.000489,0.000443,0.000348,0.000291,0.000191,0.000022,0.000038,0.000070,0.000063,0.000050,0.000059,0.000055,0.000062,0.000027,0.000003,0.000012,0.000074,0.000060
276,,,,,,,,,,,,,,0.000003,0.000056,0.000034,0.000034,0.000046,0.000068,0.000066,0.000045,0.000039,0.000042,0.000039,0.000045,0.000040,0.000043,0.000041,0.000036,0.000038,0.000041,0.000054,0.000055,0.000053,0.000043,0.000048,0.000064,0.000078,0.000046,0.000027,0.000027,0.000027,0.000021,0.000029,0.000036,0.000026,0.000007,0.000023,0.000050,0.000048
277,,,,,,,,,,,,,,0.000004,0.000095,0.000048,0.000059,0.000079,0.000100,0.000112,0.000099,0.000103,0.000085,0.000082,0.000079,0.000087,0.000082,0.000074,0.000073,0.000076,0.000069,0.000060,0.000054,0.000058,0.000068,0.000090,0.000078,0.000014,0.000024,0.000045,0.000055,0.000069,0.000119,0.000194,0.000252,0.000153,0.000011,0.000022,0.000058,0.000053
278,,,,,,,,,,,,,,0.000007,0.000129,0.000078,0.000091,0.000125,0.000137,0.000138,0.000130,0.000122,0.000125,0.000119,0.000126,0.000104,0.000091,0.000076,0.000054,0.000048,0.000052,0.000070,0.000083,0.000102,0.000095,0.000118,0.000128,0.000085,0.000067,0.000066,0.000069,0.000062,0.000068,0.000067,0.000047,0.000022,0.000003,0.000011,0.000079,0.000063
279,,,,,,,,,,,,,,0.000005,0.000091,0.000070,0.000093,0.000153,0.000194,0.000184,0.000173,0.000169,0.000184,0.000196,0.000252,0.000279,0.000263,0.000225,0.000179,0.000153,0.000115,0.000138,0.000123,0.000116,0.000111,0.000115,0.000146,0.000037,0.000153,0.000810,0.000703,0.000400,0.000344,0.000283,0.000190,0.000046,0.000003,0.000009,0.000051,0.000053
280,,,,,,,,,,,,,,0.000016,0.000195,0.000104,0.000132,0.000206,0.000237,0.000216,0.000196,0.000205,0.000230,0.000247,0.000262,0.000241,0.000231,0.000226,0.000176,0.000178,0.000202,0.000200,0.000175,0.000168,0.000157,0.000142,0.000106,0.000021,0.000043,0.000083,0.000070,0.000046,0.000048,0.000052,0.000039,0.000021,0.000005,0.000034,0.000505,0.000460
281,,,,,,,,,,,,,,0.000004,0.000050,0.000020,0.000026,0.000050,0.000083,0.000073,0.000065,0.000074,0.000061,0.000034,0.000017,0.000016,0.000026,0.000057,0.000097,0.000200,0.000378,0.000691,0.000885,0.001235,0.001389,0.001395,0.001080,0.000101,0.000167,0.000480,0.000396,0.000261,0.000230,0.000193,0.000123,0.000038,0.000004,0.000013,0.000044,0.000050
282,,,,,,,,,,,,,,0.000006,0.000066,0.000034,0.000048,0.000104,0.000150,0.000201,0.000206,0.000235,0.000247,0.000239,0.000224,0.000184,0.000129,0.000084,0.000059,0.000042,0.000059,0.000079,0.000108,0.000111,0.000091,0.000078,0.000065,0.000012,0.000021,0.000056,0.000049,0.000032,0.000028,0.000035,0.000028,0.000034,0.000003,0.000014,0.000127,0.000125
283,,,,,,,,,,,,,,0.000005,0.000056,0.000029,0.000033,0.000063,0.000088,0.000099,0.000089,0.000085,0.000077,0.000069,0.000074,0.000063,0.000050,0.000040,0.000024,0.000025,0.000029,0.000042,0.000056,0.000081,0.000087,0.000097,0.000088,0.000014,0.000017,0.000056,0.000066,0.000048,0.000063,0.000081,0.000083,0.000035,0.000007,0.000018,0.000052,0.000056
284,,,,,,,,,,,,,,0.000007,0.000168,0.000102,0.000126,0.000314,0.000651,0.000917,0.001182,0.001217,0.001230,0.001064,0.000961,0.000760,0.000557,0.000371,0.000218,0.000154,0.000117,0.000115,0.000099,0.000056,0.000030,0.000038,0.000048,0.000018,0.000023,0.000042,0.000042,0.000033,0.000031,0.000030,0.000027,0.000013,0.000003,0.000008,0.000029,0.000037
285,,,,,,,,,,,,,,0.000015,0.000186,0.000108,0.000133,0.000230,0.000281,0.000286,0.000248,0.000235,0.000251,0.000263,0.000331,0.000342,0.000351,0.000442,0.000403,0.000377,0.000309,0.000284,0.000271,0.000282,0.000233,0.000203,0.000146,0.000053,0.000058,0.000134,0.000118,0.000089,0.000088,0.000065,0.000048,0.000016,0.000004,0.000034,0.000355,0.000296
286,,,,,,,,,,,,,,0.000003,0.000043,0.000037,0.000060,0.000101,0.000084,0.000073,0.000047,0.000056,0.000077,0.000065,0.000076,0.000075,0.000144,0.000326,0.000525,0.000963,0.001303,0.001534,0.001266,0.000933,0.000709,0.000545,0.000359,0.000040,0.000066,0.000171,0.000149,0.000117,0.000166,0.000255,0.000269,0.000095,0.000008,0.000024,0.000083,0.000072
287,,,,,,,,,,,,,,0.000008,0.000154,0.000122,0.000169,0.000304,0.000410,0.000431,0.000485,0.000548,0.000606,0.000677,0.000710,0.000683,0.000618,0.000520,0.000395,0.000370,0.000283,0.000313,0.000263,0.000211,0.000159,0.000146,0.000096,0.000018,0.000034,0.000103,0.000109,0.000124,0.000136,0.000137,0.000078,0.000028,0.000004,0.000014,0.000178,0.000133
288,,,,,,,,,,,,,,0.000011,0.000236,0.000187,0.000228,0.000319,0.000383,0.000362,0.000318,0.000304,0.000284,0.000262,0.000259,0.000265,0.000224,0.000164,0.000145,0.000134,0.000150,0.000179,0.000183,0.000167,0.000139,0.000125,0.000137,0.000022,0.000030,0.000096,0.000114,0.000111,0.000106,0.000082,0.000055,0.000015,0.000002,0.000005,0.000046,0.000048
289,,,,,,,,,,,,,,0.000007,0.000113,0.000084,0.000127,0.000227,0.000290,0.000290,0.000260,0.000243,0.000228,0.000209,0.000212,0.000187,0.000161,0.000135,0.000111,0.000103,0.000107,0.000120,0.000116,0.000107,0.000095,0.000100,0.000084,0.000034,0.000048,0.000066,0.000068,0.000049,0.000052,0.000045,0.000034,0.000011,0.000002,0.000009,0.000099,0.000104
290,,,,,,,,,,,,,,0.000005,0.000081,0.000043,0.000056,0.000072,0.000080,0.000077,0.000069,0.000069,0.000065,0.000073,0.000098,0.000102,0.000084,0.000068,0.000062,0.000074,0.000044,0.000048,0.000063,0.000080,0.000076,0.000094,0.000120,0.000046,0.000104,0.000093,0.000067,0.000048,0.000031,0.000037,0.000028,0.000062,0.000007,0.000019,0.000095,0.000138
291,,,,,,,,,,,,,,0.000004,0.000064,0.000030,0.000058,0.000098,0.000112,0.000084,0.000045,0.000055,0.000054,0.000046,0.000048,0.000054,0.000057,0.000044,0.000044,0.000052,0.000048,0.000067,0.000056,0.000055,0.000085,0.000166,0.000180,0.000043,0.000089,0.000355,0.000582,0.000704,0.000738,0.000523,0.000291,0.000078,0.000006,0.000017,0.000054,0.000054
292,,,,,,,,,,,,,,0.000004,0.000090,0.000047,0.000073,0.000147,0.000153,0.000141,0.000120,0.000098,0.000099,0.000083,0.000086,0.000079,0.000073,0.000053,0.000032,0.000032,0.000049,0.000092,0.000144,0.000150,0.000176,0.000196,0.000144,0.000031,0.000025,0.000020,0.000016,0.000039,0.000087,0.000145,0.000162,0.000072,0.000009,0.000027,0.000083,0.000063
293,,,,,,,,,,,,,,0.000007,0.000087,0.000046,0.000061,0.000084,0.000083,0.000094,0.000076,0.000049,0.000069,0.000058,0.000062,0.000068,0.000062,0.000047,0.000037,0.000024,0.000023,0.000045,0.000063,0.000085,0.000092,0.000081,0.000048,0.000014,0.000032,0.000252,0.000407,0.000321,0.000308,0.000223,0.000137,0.000066,0.000015,0.000061,0.000204,0.000186
294,,,,,,,,,,,,,,0.000002,0.000034,0.000025,0.000032,0.000050,0.000061,0.000076,0.000074,0.000072,0.000072,0.000064,0.000073,0.000067,0.000062,0.000054,0.000043,0.000051,0.000062,0.000069,0.000066,0.000064,0.000054,0.000055,0.000044,0.000014,0.000021,0.000037,0.000039,0.000041,0.000044,0.000035,0.000023,0.000009,0.000002,0.000006,0.000024,0.000029
295,,,,,,,,,,,,,,0.000005,0.000073,0.000039,0.000072,0.000123,0.000193,0.000243,0.000281,0.000298,0.000312,0.000341,0.000274,0.000262,0.000193,0.000145,0.000083,0.000072,0.000064,0.000068,0.000063,0.000056,0.000065,0.000048,0.000040,0.000015,0.000016,0.000032,0.000029,0.000028,0.000040,0.000069,0.000088,0.000056,0.000011,0.000028,0.000168,0.000158
296,,,,,,,,,,,,,,0.000009,0.000187,0.000090,0.000093,0.000125,0.000166,0.000157,0.000138,0.000145,0.000144,0.000138,0.000149,0.000139,0.000113,0.000083,0.000065,0.000070,0.000077,0.000080,0.000082,0.000085,0.000077,0.000065,0.000045,0.000050,0.000028,0.000062,0.000057,0.000052,0.000046,0.000050,0.000039,0.000013,0.000003,0.000010,0.000038,0.000036
297,,,,,,,,,,,,,,0.000018,0.000139,0.000045,0.000056,0.000100,0.000103,0.000099,0.000106,0.000135,0.000216,0.000261,0.000203,0.000148,0.000112,0.000095,0.000071,0.000080,0.000093,0.000094,0.000102,0.000104,0.000077,0.000071,0.000047,0.000013,0.000025,0.000066,0.000065,0.000081,0.000059,0.000056,0.000044,0.000017,0.000004,0.000027,0.000261,0.000353
298,,,,,,,,,,,,,,0.000008,0.000215,0.000166,0.000173,0.000233,0.000253,0.000205,0.000189,0.000172,0.000157,0.000146,0.000143,0.000139,0.000113,0.000087,0.000079,0.000089,0.000077,0.000067,0.000048,0.000036,0.000029,0.000034,0.000034,0.000061,0.000130,0.000104,0.000088,0.000085,0.000066,0.000047,0.000040,0.000030,0.000007,0.000028,0.000046,0.000048
299,,,,,,,,,,,,,,0.000006,0.000091,0.000066,0.000111,0.000252,0.000400,0.000585,0.000738,0.001011,0.001336,0.001625,0.001947,0.001977,0.001892,0.001481,0.000994,0.000723,0.000563,0.000531,0.000419,0.000323,0.000264,0.000219,0.000131,0.000022,0.000034,0.000072,0.000069,0.000042,0.000037,0.000029,0.000022,0.000020,0.000003,0.000008,0.000046,0.000069
300,,,,,,,,,,,,,,0.000017,0.000379,0.000198,0.000213,0.000336,0.000425,0.000406,0.000397,0.000339,0.000321,0.000279,0.000268,0.000236,0.000209,0.000173,0.000130,0.000126,0.000110,0.000137,0.000134,0.000138,0.000122,0.000107,0.000072,0.000014,0.000028,0.000067,0.000064,0.000054,0.000062,0.000050,0.000033,0.000013,0.000002,0.000011,0.000152,0.000238
301,,,,,,,,,,,,,,0.000017,0.000234,0.000132,0.000160,0.000226,0.000252,0.000238,0.000203,0.000179,0.000161,0.000158,0.000159,0.000147,0.000137,0.000127,0.000125,0.000215,0.000418,0.000810,0.000918,0.000929,0.000827,0.000627,0.000366,0.000036,0.000061,0.000175,0.000146,0.000106,0.000108,0.000118,0.000100,0.000028,0.000002,0.000008,0.000069,0.000088
302,,,,,,,,,,,,,,0.000016,0.000361,0.000212,0.000156,0.000203,0.000234,0.000203,0.000182,0.000150,0.000137,0.000120,0.000116,0.000094,0.000073,0.000057,0.000047,0.000044,0.000049,0.000062,0.000051,0.000048,0.000035,0.000030,0.000032,0.000012,0.000019,0.000085,0.000106,0.000101,0.000104,0.000087,0.000049,0.000020,0.000002,0.000006,0.000029,0.000023
303,,,,,,,,,,,,,,0.000003,0.000056,0.000036,0.000046,0.000071,0.000084,0.000071,0.000055,0.000049,0.000058,0.000057,0.000052,0.000040,0.000033,0.000036,0.000040,0.000043,0.000067,0.000096,0.000138,0.000203,0.000247,0.000292,0.000226,0.000091,0.000108,0.000100,0.000081,0.000060,0.000057,0.000042,0.000029,0.000014,0.000007,0.000022,0.000064,0.000115
304,,,,,,,,,,,,,,0.000004,0.000059,0.000039,0.000059,0.000177,0.000387,0.000605,0.000808,0.001029,0.001134,0.001281,0.001319,0.001238,0.001021,0.000726,0.000448,0.000317,0.000283,0.000323,0.000296,0.000253,0.000221,0.000181,0.000109,0.000041,0.000039,0.000060,0.000052,0.000046,0.000043,0.000036,0.000038,0.000025,0.000005,0.000022,0.000100,0.000085
305,,,,,,,,,,,,,,0.000003,0.000048,0.000032,0.000051,0.000067,0.000065,0.000054,0.000047,0.000042,0.000042,0.000035,0.000035,0.000028,0.000014,0.000010,0.000008,0.000009,0.000011,0.000009,0.000016,0.000037,0.000047,0.000038,0.000029,0.000015,0.000019,0.000032,0.000027,0.000022,0.000019,0.000013,0.000020,0.000054,0.000009,0.000021,0.000048,0.000074
306,,,,,,,,,,,,,,0.000039,0.000354,0.000192,0.000233,0.000343,0.000347,0.000309,0.000234,0.000208,0.000226,0.000164,0.000125,0.000111,0.000121,0.000117,0.000086,0.000079,0.000099,0.000109,0.000094,0.000120,0.000119,0.000120,0.000106,0.000025,0.000038,0.000071,0.000075,0.000058,0.000071,0.000061,0.000047,0.000018,0.000005,0.000027,0.000363,0.000529
307,,,,,,,,,,,,,,0.000005,0.000112,0.000086,0.000100,0.000136,0.000128,0.000104,0.000070,0.000069,0.000056,0.000047,0.000055,0.000051,0.000045,0.000032,0.000032,0.000033,0.000032,0.000039,0.000049,0.000070,0.000097,0.000154,0.000190,0.000036,0.000073,0.000226,0.000311,0.000286,0.000245,0.000146,0.000071,0.000032,0.000004,0.000021,0.000043,0.000055
308,,,,,,,,,,,,,,0.000016,0.000213,0.000117,0.000147,0.000230,0.000251,0.000230,0.000193,0.000173,0.000192,0.000187,0.000188,0.000167,0.000171,0.000172,0.000153,0.000175,0.000196,0.000204,0.000252,0.000403,0.000459,0.000473,0.000309,0.000029,0.000051,0.000163,0.000130,0.000099,0.000091,0.000083,0.000040,0.000018,0.000002,0.000016,0.000286,0.000337
309,,,,,,,,,,,,,,0.000007,0.000127,0.000072,0.000098,0.000124,0.000135,0.000125,0.000109,0.000134,0.000139,0.000135,0.000142,0.000143,0.000121,0.000092,0.000060,0.000086,0.000150,0.000102,0.000099,0.000075,0.000105,0.000170,0.000217,0.000084,0.000083,0.000100,0.000085,0.000079,0.000101,0.000110,0.000088,0.000040,0.000012,0.000044,0.000243,0.000098
310,,,,,,,,,,,,,,0.000013,0.000247,0.000154,0.000195,0.000272,0.000293,0.000261,0.000223,0.000188,0.000162,0.000157,0.000154,0.000131,0.000110,0.000087,0.000072,0.000072,0.000070,0.000081,0.000080,0.000070,0.000060,0.000069,0.000058,0.000013,0.000020,0.000038,0.000042,0.000031,0.000042,0.000055,0.000040,0.000015,0.000005,0.000017,0.000121,0.000093
311,,,,,,,,,,,,,,0.000010,0.000118,0.000052,0.000056,0.000089,0.000139,0.000161,0.000181,0.000199,0.000208,0.000209,0.000185,0.000138,0.000094,0.000062,0.000052,0.000042,0.000057,0.000064,0.000071,0.000066,0.000049,0.000036,0.000038,0.000027,0.000029,0.000037,0.000031,0.000054,0.000067,0.000063,0.000053,0.000042,0.000005,0.000014,0.000127,0.000121
312,,,,,,,,,,,,,,0.000030,0.000535,0.000355,0.000488,0.000658,0.000644,0.000580,0.000518,0.000507,0.000502,0.000419,0.000442,0.000442,0.000387,0.000375,0.000374,0.000419,0.000338,0.000313,0.000222,0.000187,0.000171,0.000160,0.000098,0.000022,0.000026,0.000047,0.000063,0.000051,0.000054,0.000039,0.000028,0.000013,0.000003,0.000012,0.000122,0.000279
313,,,,,,,,,,,,,,0.000005,0.000090,0.000058,0.000082,0.000093,0.000106,0.000105,0.000091,0.000075,0.000056,0.000044,0.000052,0.000048,0.000043,0.000036,0.000021,0.000018,0.000025,0.000028,0.000022,0.000012,0.000014,0.000037,0.000040,0.000013,0.000032,0.000018,0.000011,0.000017,0.000029,0.000065,0.000105,0.000077,0.000013,0.000040,0.000100,0.000105
314,,,,,,,,,,,,,,0.000007,0.000098,0.000055,0.000060,0.000099,0.000112,0.000104,0.000114,0.000119,0.000137,0.000195,0.000307,0.000409,0.000713,0.000920,0.000931,0.000833,0.000620,0.000552,0.000440,0.000327,0.000263,0.000232,0.000158,0.000022,0.000032,0.000086,0.000080,0.000061,0.000061,0.000055,0.000043,0.000015,0.000003,0.000010,0.000044,0.000070
315,,,,,,,,,,,,,,0.000002,0.000022,0.000018,0.000044,0.000057,0.000081,0.000081,0.000076,0.000070,0.000056,0.000033,0.000030,0.000029,0.000030,0.000024,0.000013,0.000012,0.000023,0.000060,0.000121,0.000169,0.000150,0.000122,0.000077,0.000015,0.000018,0.000031,0.000048,0.000068,0.000131,0.000145,0.000138,0.000069,0.000009,0.000017,0.000052,0.000039
316,,,,,,,,,,,,,,0.000006,0.000090,0.000046,0.000089,0.000187,0.000369,0.000607,0.000883,0.001036,0.001159,0.001233,0.001356,0.001364,0.001133,0.000869,0.000563,0.000505,0.000436,0.000425,0.000359,0.000247,0.000205,0.000173,0.000103,0.000018,0.000022,0.000047,0.000042,0.000045,0.000053,0.000054,0.000042,0.000014,0.000003,0.000015,0.000105,0.000124
317,,,,,,,,,,,,,,0.000018,0.000344,0.000289,0.000533,0.000629,0.000637,0.000567,0.000442,0.000397,0.000356,0.000323,0.000365,0.000399,0.000443,0.000450,0.000309,0.000267,0.000203,0.000203,0.000180,0.000168,0.000143,0.000140,0.000090,0.000014,0.000021,0.000047,0.000039,0.000034,0.000036,0.000036,0.000028,0.000013,0.000003,0.000007,0.000050,0.000070
318,,,,,,,,,,,,,,0.000023,0.000464,0.000425,0.000518,0.000757,0.000983,0.000904,0.000813,0.000724,0.000705,0.000688,0.000737,0.000696,0.000632,0.000565,0.000460,0.000464,0.000374,0.000422,0.000403,0.000353,0.000321,0.000296,0.000230,0.000031,0.000057,0.000240,0.000297,0.000249,0.000259,0.000234,0.000174,0.000049,0.000003,0.000009,0.000093,0.000131
319,,,,,,,,,,,,,,0.000004,0.000072,0.000047,0.000046,0.000079,0.000086,0.000129,0.000146,0.000153,0.000179,0.000205,0.000223,0.000207,0.000180,0.000141,0.000112,0.000145,0.000251,0.000614,0.001010,0.001240,0.001044,0.000791,0.000471,0.000039,0.000066,0.000177,0.000155,0.000099,0.000092,0.000088,0.000069,0.000033,0.000004,0.000012,0.000070,0.000051
320,,,,,,,,,,,,,,0.000004,0.000060,0.000045,0.000067,0.000125,0.000186,0.000237,0.000271,0.000440,0.000473,0.000548,0.000683,0.000635,0.000520,0.000383,0.000261,0.000220,0.000182,0.000160,0.000114,0.000093,0.000089,0.000090,0.000062,0.000011,0.000032,0.000071,0.000078,0.000125,0.000091,0.000057,0.000037,0.000013,0.000003,0.000009,0.000067,0.000052
321,,,,,,,,,,,,,,0.000006,0.000083,0.000047,0.000069,0.000108,0.000122,0.000120,0.000107,0.000093,0.000112,0.000093,0.000103,0.000090,0.000073,0.000065,0.000048,0.000043,0.000039,0.000050,0.000058,0.000060,0.000078,0.000076,0.000053,0.000011,0.000016,0.000032,0.000033,0.000030,0.000030,0.000042,0.000048,0.000030,0.000005,0.000021,0.000146,0.000122
322,,,,,,,,,,,,,,0.000003,0.000065,0.000114,0.000438,0.000635,0.000748,0.000529,0.000357,0.000256,0.000187,0.000149,0.000124,0.000113,0.000097,0.000066,0.000052,0.000144,0.000216,0.000373,0.000645,0.000779,0.000631,0.000489,0.000302,0.000032,0.000049,0.000112,0.000087,0.000060,0.000056,0.000060,0.000052,0.000018,0.000003,0.000008,0.000069,0.000088
323,,,,,,,,,,,,,,0.000004,0.000050,0.000034,0.000071,0.000160,0.000176,0.000182,0.000189,0.000231,0.000302,0.000417,0.000671,0.000829,0.001018,0.001063,0.001026,0.001206,0.001222,0.001248,0.001006,0.000753,0.000564,0.000430,0.000253,0.000035,0.000045,0.000102,0.000085,0.000054,0.000043,0.000037,0.000028,0.000018,0.000004,0.000009,0.000045,0.000049
324,,,,,,,,,,,,,,0.000013,0.000373,0.000223,0.000186,0.000222,0.000215,0.000210,0.000181,0.000149,0.000152,0.000144,0.000158,0.000134,0.000112,0.000079,0.000058,0.000062,0.000063,0.000052,0.000040,0.000079,0.000172,0.000239,0.000145,0.000018,0.000019,0.000028,0.000041,0.000034,0.000027,0.000037,0.000037,0.000028,0.000005,0.000015,0.000109,0.000096
325,,,,,,,,,,,,,,0.000004,0.000065,0.000040,0.000050,0.000059,0.000063,0.000051,0.000046,0.000050,0.000041,0.000041,0.000045,0.000040,0.000047,0.000051,0.000052,0.000045,0.000065,0.000100,0.000108,0.000115,0.000101,0.000091,0.000058,0.000019,0.000042,0.000136,0.000138,0.000115,0.000106,0.000118,0.000089,0.000029,0.000004,0.000010,0.000020,0.000037
326,,,,,,,,,,,,,,0.000006,0.000124,0.000163,0.000307,0.000405,0.000464,0.000370,0.000298,0.000232,0.000206,0.000163,0.000159,0.000134,0.000124,0.000115,0.000098,0.000127,0.000134,0.000154,0.000132,0.000101,0.000076,0.000064,0.000055,0.000017,0.000043,0.000222,0.000242,0.000182,0.000217,0.000178,0.000143,0.000048,0.000006,0.000010,0.000024,0.000023
327,,,,,,,,,,,,,,0.000028,0.000723,0.000555,0.000502,0.000624,0.000658,0.000565,0.000505,0.000456,0.000426,0.000366,0.000328,0.000282,0.000254,0.000193,0.000138,0.000123,0.000109,0.000111,0.000098,0.000090,0.000072,0.000070,0.000061,0.000014,0.000019,0.000042,0.000040,0.000030,0.000035,0.000034,0.000026,0.000017,0.000003,0.000010,0.000039,0.000045
328,,,,,,,,,,,,,,0.000024,0.000273,0.000161,0.000208,0.000313,0.000335,0.000315,0.000250,0.000226,0.000213,0.000213,0.000213,0.000229,0.000255,0.000265,0.000236,0.000267,0.000255,0.000219,0.000170,0.000143,0.000117,0.000094,0.000069,0.000014,0.000014,0.000021,0.000014,0.000011,0.000017,0.000014,0.000022,0.000031,0.000009,0.000023,0.000195,0.000288
329,,,,,,,,,,,,,,0.000005,0.000045,0.000022,0.000022,0.000030,0.000035,0.000028,0.000035,0.000039,0.000048,0.000029,0.000032,0.000024,0.000015,0.000011,0.000005,0.000007,0.000004,0.000018,0.000024,0.000025,0.000021,0.000017,0.000040,0.000027,0.000119,0.000390,0.000436,0.000354,0.000329,0.000259,0.000179,0.000070,0.000008,0.000029,0.000135,0.000130
330,,,,,,,,,,,,,,0.000006,0.000113,0.000076,0.000128,0.000167,0.000182,0.000175,0.000164,0.000146,0.000147,0.000158,0.000172,0.000178,0.000212,0.000212,0.000213,0.000211,0.000179,0.000169,0.000149,0.000130,0.000110,0.000102,0.000080,0.000014,0.000019,0.000059,0.000115,0.000339,0.000569,0.000617,0.000402,0.000086,0.000005,0.000016,0.000091,0.000081
331,,,,,,,,,,,,,,0.000005,0.000063,0.000049,0.000061,0.000120,0.000145,0.000131,0.000095,0.000097,0.000103,0.000088,0.000079,0.000075,0.000072,0.000068,0.000065,0.000052,0.000073,0.000071,0.000085,0.000094,0.000092,0.000098,0.000087,0.000024,0.000033,0.000073,0.000100,0.000111,0.000170,0.000190,0.000137,0.000054,0.000008,0.000016,0.000052,0.000052
332,,,,,,,,,,,,,,0.000006,0.000101,0.000058,0.000093,0.000193,0.000187,0.000162,0.000165,0.000140,0.000148,0.000155,0.000174,0.000160,0.000155,0.000137,0.000110,0.000134,0.000159,0.000163,0.000129,0.000102,0.000081,0.000085,0.000063,0.000014,0.000029,0.000049,0.000049,0.000043,0.000035,0.000042,0.000043,0.000017,0.000006,0.000009,0.000056,0.000047
333,,,,,,,,,,,,,,0.000006,0.000096,0.000076,0.000106,0.000182,0.000245,0.000326,0.000455,0.000766,0.001244,0.001602,0.002058,0.002107,0.001887,0.001295,0.000877,0.000604,0.000430,0.000409,0.000325,0.000259,0.000197,0.000203,0.000154,0.000023,0.000049,0.000212,0.000166,0.000083,0.000074,0.000070,0.000043,0.000015,0.000003,0.000015,0.000094,0.000087
334,,,,,,,,,,,,,,0.000013,0.000196,0.000123,0.000134,0.000164,0.000189,0.000168,0.000119,0.000096,0.000090,0.000074,0.000080,0.000072,0.000082,0.000095,0.000077,0.000086,0.000101,0.000131,0.000124,0.000118,0.000090,0.000103,0.000098,0.000039,0.000030,0.000031,0.000035,0.000037,0.000047,0.000045,0.000035,0.000018,0.000003,0.000018,0.000229,0.000235
335,,,,,,,,,,,,,,0.000019,0.000246,0.000151,0.000262,0.000426,0.000394,0.000349,0.000265,0.000225,0.000211,0.000189,0.000180,0.000148,0.000124,0.000111,0.000097,0.000085,0.000155,0.000197,0.000174,0.000120,0.000099,0.000106,0.000139,0.000030,0.000059,0.000078,0.000098,0.000119,0.000109,0.000069,0.000047,0.000020,0.000006,0.000013,0.000052,0.000050
336,,,,,,,,,,,,,,0.000015,0.000184,0.000125,0.000164,0.000276,0.000340,0.000322,0.000275,0.000243,0.000228,0.000231,0.000244,0.000257,0.000256,0.000226,0.000173,0.000164,0.000144,0.000143,0.000118,0.000097,0.000100,0.000082,0.000061,0.000010,0.000025,0.000100,0.000163,0.000212,0.000275,0.000288,0.000205,0.000056,0.000004,0.000015,0.000079,0.000092
337,,,,,,,,,,,,,,0.000005,0.000115,0.000132,0.000172,0.000245,0.000293,0.000222,0.000207,0.000169,0.000159,0.000161,0.000168,0.000155,0.000137,0.000110,0.000077,0.000084,0.000099,0.000156,0.000239,0.000387,0.000474,0.000699,0.000504,0.000055,0.000056,0.000247,0.000423,0.000313,0.000240,0.000148,0.000090,0.000024,0.000003,0.000011,0.000107,0.000087
338,,,,,,,,,,,,,,0.000005,0.000078,0.000031,0.000033,0.000056,0.000051,0.000052,0.000047,0.000045,0.000052,0.000053,0.000061,0.000068,0.000064,0.000048,0.000033,0.000037,0.000035,0.000050,0.000048,0.000053,0.000058,0.000058,0.000070,0.000018,0.000024,0.000049,0.000065,0.000068,0.000120,0.000190,0.000165,0.000054,0.000007,0.000034,0.000068,0.000058
339,,,,,,,,,,,,,,0.000006,0.000200,0.000171,0.000207,0.000265,0.000266,0.000193,0.000154,0.000114,0.000114,0.000096,0.000092,0.000073,0.000064,0.000055,0.000043,0.000050,0.000132,0.000337,0.000539,0.000703,0.000685,0.000618,0.000416,0.000077,0.000057,0.000105,0.000076,0.000048,0.000032,0.000027,0.000025,0.000013,0.000004,0.000013,0.000088,0.000082
340,,,,,,,,,,,,,,0.000006,0.000078,0.000047,0.000123,0.000123,0.000151,0.000112,0.000104,0.000112,0.000114,0.000092,0.000099,0.000081,0.000061,0.000061,0.000055,0.000065,0.000076,0.000127,0.000123,0.000143,0.000169,0.000187,0.000160,0.000028,0.000039,0.000102,0.000158,0.000244,0.000179,0.000085,0.000056,0.000028,0.000005,0.000014,0.000133,0.000125
341,,,,,,,,,,,,,,0.000010,0.000232,0.000169,0.000230,0.000398,0.000474,0.000466,0.000428,0.000420,0.000401,0.000414,0.000437,0.000414,0.000397,0.000332,0.000268,0.000267,0.000236,0.000262,0.000262,0.000247,0.000230,0.000228,0.000179,0.000030,0.000060,0.000211,0.000233,0.000184,0.000181,0.000174,0.000112,0.000035,0.000004,0.000022,0.000065,0.000071
342,,,,,,,,,,,,,,0.000016,0.000565,0.000232,0.000194,0.000269,0.000323,0.000288,0.000277,0.000272,0.000268,0.000245,0.000244,0.000244,0.000225,0.000188,0.000138,0.000128,0.000113,0.000145,0.000145,0.000148,0.000149,0.000153,0.000125,0.000018,0.000039,0.000121,0.000121,0.000091,0.000112,0.000119,0.000085,0.000026,0.000002,0.000008,0.000050,0.000055
343,,,,,,,,,,,,,,0.000008,0.000115,0.000063,0.000063,0.000068,0.000086,0.000079,0.000087,0.000097,0.000114,0.000123,0.000137,0.000131,0.000118,0.000087,0.000067,0.000075,0.000087,0.000105,0.000109,0.000120,0.000149,0.000180,0.000168,0.000018,0.000028,0.000082,0.000090,0.000082,0.000096,0.000093,0.000068,0.000020,0.000002,0.000005,0.000036,0.000038
344,,,,,,,,,,,,,,0.000002,0.000048,0.000023,0.000027,0.000048,0.000049,0.000044,0.000037,0.000044,0.000054,0.000064,0.000062,0.000068,0.000074,0.000076,0.000073,0.000071,0.000083,0.000095,0.000086,0.000061,0.000058,0.000068,0.000070,0.000020,0.000026,0.000164,0.000313,0.000236,0.000249,0.000244,0.000149,0.000038,0.000003,0.000012,0.000035,0.000048
345,,,,,,,,,,,,,,0.000003,0.000094,0.000062,0.000069,0.000104,0.000136,0.000150,0.000131,0.000105,0.000088,0.000102,0.000112,0.000120,0.000110,0.000080,0.000052,0.000072,0.000083,0.000139,0.000264,0.000602,0.000838,0.000965,0.000506,0.000064,0.000066,0.000076,0.000080,0.000076,0.000084,0.000063,0.000033,0.000021,0.000005,0.000013,0.000046,0.000051
346,,,,,,,,,,,,,,0.000006,0.000085,0.000057,0.000068,0.000098,0.000108,0.000090,0.000070,0.000063,0.000067,0.000068,0.000086,0.000089,0.000080,0.000068,0.000060,0.000057,0.000066,0.000084,0.000092,0.000086,0.000087,0.000082,0.000063,0.000034,0.000038,0.000069,0.000056,0.000061,0.000062,0.000043,0.000033,0.000013,0.000004,0.000009,0.000044,0.000059
347,,,,,,,,,,,,,,0.000005,0.000071,0.000049,0.000066,0.000121,0.000173,0.000196,0.000208,0.000239,0.000273,0.000346,0.000469,0.000549,0.000638,0.000618,0.000501,0.000503,0.000396,0.000332,0.000266,0.000221,0.000179,0.000157,0.000113,0.000015,0.000019,0.000055,0.000070,0.000078,0.000113,0.000106,0.000081,0.000022,0.000002,0.000007,0.000065,0.000069
348,,,,,,,,,,,,,,0.000005,0.000089,0.000059,0.000091,0.000126,0.000125,0.000105,0.000097,0.000084,0.000072,0.000062,0.000081,0.000089,0.000087,0.000093,0.000073,0.000069,0.000058,0.000092,0.000123,0.000108,0.000108,0.000286,0.000173,0.000021,0.000027,0.000061,0.000062,0.000048,0.000043,0.000042,0.000053,0.000021,0.000006,0.000028,0.000045,0.000048
349,,,,,,,,,,,,,,0.000020,0.000251,0.000146,0.000149,0.000213,0.000270,0.000268,0.000214,0.000185,0.000237,0.000222,0.000230,0.000188,0.000164,0.000134,0.000114,0.000105,0.000114,0.000126,0.000132,0.000140,0.000149,0.000137,0.000135,0.000028,0.000083,0.000498,0.000698,0.000403,0.000361,0.000296,0.000235,0.000053,0.000004,0.000013,0.000145,0.000304
350,,,,,,,,,,,,,,0.000038,0.000624,0.000536,0.000691,0.001193,0.001540,0.001371,0.001088,0.000829,0.000669,0.000496,0.000441,0.000363,0.000291,0.000256,0.000185,0.000166,0.000175,0.000192,0.000182,0.000231,0.000271,0.000211,0.000126,0.000023,0.000032,0.000071,0.000077,0.000114,0.000167,0.000194,0.000118,0.000035,0.000004,0.000019,0.000295,0.000490
351,,,,,,,,,,,,,,0.000016,0.000232,0.000243,0.000352,0.000485,0.000523,0.000504,0.000397,0.000334,0.000330,0.000290,0.000304,0.000231,0.000208,0.000199,0.000169,0.000196,0.000183,0.000206,0.000174,0.000212,0.000392,0.000668,0.000516,0.000072,0.000054,0.000087,0.000068,0.000048,0.000051,0.000048,0.000048,0.000017,0.000002,0.000012,0.000170,0.000257
352,,,,,,,,,,,,,,0.000007,0.000095,0.000058,0.000076,0.000116,0.000140,0.000133,0.000115,0.000091,0.000082,0.000053,0.000057,0.000060,0.000072,0.000093,0.000093,0.000112,0.000111,0.000175,0.000265,0.000415,0.000596,0.000799,0.000714,0.000075,0.000122,0.000315,0.000260,0.000176,0.000161,0.000113,0.000062,0.000018,0.000002,0.000007,0.000044,0.000055
353,,,,,,,,,,,,,,0.000011,0.000133,0.000061,0.000086,0.000135,0.000196,0.000164,0.000155,0.000117,0.000108,0.000082,0.000097,0.000093,0.000073,0.000063,0.000038,0.000037,0.000039,0.000046,0.000050,0.000047,0.000038,0.000037,0.000039,0.000022,0.000052,0.000129,0.000094,0.000051,0.000042,0.000046,0.000073,0.000023,0.000007,0.000020,0.000084,0.000096
354,,,,,,,,,,,,,,0.000015,0.000367,0.000205,0.000169,0.000248,0.000274,0.000235,0.000210,0.000180,0.000191,0.000184,0.000175,0.000153,0.000152,0.000133,0.000116,0.000108,0.000101,0.000095,0.000088,0.000085,0.000085,0.000074,0.000051,0.000040,0.000033,0.000083,0.000113,0.000090,0.000094,0.000084,0.000069,0.000027,0.000005,0.000015,0.000221,0.000167
355,,,,,,,,,,,,,,0.000005,0.000082,0.000045,0.000059,0.000088,0.000120,0.000124,0.000109,0.000128,0.000131,0.000136,0.000127,0.000114,0.000108,0.000096,0.000090,0.000120,0.000192,0.000405,0.000668,0.000905,0.000872,0.000830,0.000520,0.000043,0.000062,0.000146,0.000116,0.000070,0.000061,0.000052,0.000034,0.000011,0.000002,0.000008,0.000049,0.000042
356,,,,,,,,,,,,,,0.000004,0.000060,0.000056,0.000127,0.000170,0.000190,0.000180,0.000166,0.000124,0.000121,0.000112,0.000123,0.000103,0.000085,0.000078,0.000065,0.000068,0.000069,0.000083,0.000093,0.000087,0.000079,0.000086,0.000068,0.000014,0.000020,0.000042,0.000043,0.000037,0.000041,0.000048,0.000039,0.000016,0.000003,0.000011,0.000058,0.000063
357,,,,,,,,,,,,,,0.000002,0.000029,0.000023,0.000035,0.000061,0.000088,0.000090,0.000108,0.000160,0.000198,0.000247,0.000299,0.000300,0.000277,0.000212,0.000153,0.000131,0.000103,0.000104,0.000106,0.000121,0.000136,0.000137,0.000073,0.000016,0.000018,0.000047,0.000055,0.000095,0.000063,0.000054,0.000065,0.000020,0.000003,0.000020,0.000049,0.000058
358,,,,,,,,,,,,,,0.000005,0.000079,0.000040,0.000062,0.000088,0.000100,0.000101,0.000102,0.000115,0.000126,0.000129,0.000146,0.000170,0.000204,0.000206,0.000145,0.000129,0.000118,0.000125,0.000089,0.000088,0.000084,0.000078,0.000059,0.000024,0.000026,0.000039,0.000036,0.000045,0.000048,0.000046,0.000047,0.000021,0.000007,0.000026,0.000171,0.000106
359,,,,,,,,,,,,,,0.000006,0.000092,0.000063,0.000109,0.000203,0.000241,0.000220,0.000199,0.000182,0.000181,0.000163,0.000153,0.000136,0.000120,0.000099,0.000083,0.000069,0.000061,0.000064,0.000077,0.000127,0.000242,0.000456,0.000581,0.000077,0.000139,0.000347,0.000257,0.000145,0.000129,0.000121,0.000077,0.000020,0.000004,0.000014,0.000061,0.000058
360,,,,,,,,,,,,,,0.000006,0.000129,0.000114,0.000157,0.000239,0.000289,0.000287,0.000271,0.000394,0.000577,0.000711,0.000771,0.000691,0.000594,0.000454,0.000335,0.000299,0.000272,0.000305,0.000236,0.000180,0.000130,0.000110,0.000100,0.000037,0.000031,0.000144,0.000111,0.000070,0.000056,0.000058,0.000058,0.000024,0.000003,0.000009,0.000057,0.000072
361,,,,,,,,,,,,,,0.000003,0.000054,0.000036,0.000057,0.000120,0.000161,0.000169,0.000175,0.000194,0.000246,0.000318,0.000494,0.000562,0.000697,0.000720,0.000758,0.000936,0.000919,0.000915,0.000674,0.000518,0.000445,0.000349,0.000266,0.000029,0.000054,0.000137,0.000112,0.000074,0.000076,0.000066,0.000042,0.000016,0.000002,0.000007,0.000032,0.000039
362,,,,,,,,,,,,,,0.000006,0.000080,0.000048,0.000071,0.000099,0.000115,0.000125,0.000140,0.000172,0.000249,0.000393,0.000657,0.000853,0.001061,0.001040,0.000777,0.000731,0.000628,0.000609,0.000409,0.000270,0.000246,0.000189,0.000122,0.000023,0.000045,0.000149,0.000160,0.000148,0.000167,0.000208,0.000114,0.000037,0.000004,0.000014,0.000081,0.000148
363,,,,,,,,,,,,,,0.000010,0.000151,0.000084,0.000117,0.000141,0.000149,0.000131,0.000117,0.000112,0.000136,0.000108,0.000105,0.000098,0.000083,0.000065,0.000065,0.000077,0.000091,0.000094,0.000087,0.000070,0.000046,0.000040,0.000022,0.000017,0.000017,0.000124,0.000387,0.000484,0.000422,0.000267,0.000152,0.000041,0.000008,0.000027,0.000136,0.000185
364,,,,,,,,,,,,,,0.000003,0.000071,0.000045,0.000097,0.000124,0.000139,0.000124,0.000141,0.000143,0.000177,0.000189,0.000194,0.000191,0.000195,0.000194,0.000185,0.000232,0.000238,0.000241,0.000179,0.000144,0.000128,0.000108,0.000085,0.000015,0.000026,0.000055,0.000051,0.000047,0.000049,0.000056,0.000052,0.000018,0.000005,0.000012,0.000047,0.000045
365,,,,,,,,,,,,,,0.000005,0.000093,0.000050,0.000057,0.000062,0.000071,0.000054,0.000037,0.000036,0.000031,0.000045,0.000058,0.000068,0.000081,0.000079,0.000064,0.000068,0.000121,0.000301,0.000424,0.000507,0.000452,0.000367,0.000198,0.000021,0.000027,0.000056,0.000046,0.000046,0.000050,0.000066,0.000090,0.000044,0.000005,0.000016,0.000194,0.000202
366,,,,,,,,,,,,,,0.000004,0.000131,0.000127,0.000138,0.000162,0.000189,0.000193,0.000195,0.000185,0.000207,0.000237,0.000359,0.000480,0.000578,0.000594,0.000541,0.000530,0.000489,0.000447,0.000330,0.000256,0.000208,0.000361,0.000239,0.000035,0.000046,0.000098,0.000082,0.000079,0.000093,0.000095,0.000079,0.000035,0.000005,0.000012,0.000053,0.000059
367,,,,,,,,,,,,,,0.000007,0.000146,0.000098,0.000112,0.000166,0.000201,0.000176,0.000147,0.000113,0.000119,0.000099,0.000101,0.000091,0.000088,0.000086,0.000087,0.000122,0.000123,0.000154,0.000149,0.000138,0.000114,0.000113,0.000089,0.000017,0.000026,0.000088,0.000147,0.000191,0.000311,0.000342,0.000275,0.000074,0.000004,0.000010,0.000042,0.000051
368,,,,,,,,,,,,,,0.000010,0.000208,0.000162,0.000268,0.000559,0.000650,0.000607,0.000515,0.000431,0.000387,0.000344,0.000319,0.000255,0.000219,0.000160,0.000110,0.000112,0.000107,0.000085,0.000085,0.000069,0.000049,0.000041,0.000030,0.000016,0.000017,0.000021,0.000015,0.000017,0.000044,0.000077,0.000122,0.000058,0.000006,0.000015,0.000041,0.000057
369,,,,,,,,,,,,,,0.000005,0.000065,0.000047,0.000059,0.000084,0.000088,0.000074,0.000060,0.000052,0.000043,0.000044,0.000052,0.000051,0.000050,0.000048,0.000038,0.000038,0.000026,0.000029,0.000033,0.000042,0.000048,0.000057,0.000047,0.000009,0.000010,0.000018,0.000028,0.000037,0.000055,0.000058,0.000061,0.000041,0.000008,0.000016,0.000073,0.000059
370,,,,,,,,,,,,,,0.000002,0.000062,0.000116,0.000207,0.000269,0.000342,0.000274,0.000226,0.000186,0.000172,0.000141,0.000120,0.000105,0.000094,0.000081,0.000064,0.000071,0.000115,0.000113,0.000113,0.000160,0.000243,0.000329,0.000229,0.000044,0.000066,0.000047,0.000047,0.000042,0.000031,0.000038,0.000030,0.000011,0.000003,0.000013,0.000089,0.000047
371,,,,,,,,,,,,,,0.000006,0.000078,0.000060,0.000097,0.000120,0.000126,0.000094,0.000090,0.000069,0.000055,0.000037,0.000047,0.000046,0.000047,0.000049,0.000033,0.000026,0.000023,0.000040,0.000065,0.000097,0.000152,0.000105,0.000087,0.000091,0.000180,0.000118,0.000092,0.000096,0.000091,0.000078,0.000047,0.000033,0.000011,0.000029,0.000121,0.000125
372,,,,,,,,,,,,,,0.000009,0.000153,0.000122,0.000141,0.000173,0.000206,0.000173,0.000149,0.000134,0.000140,0.000111,0.000109,0.000093,0.000086,0.000073,0.000078,0.000082,0.000105,0.000109,0.000089,0.000069,0.000083,0.000111,0.000146,0.000109,0.000088,0.000048,0.000031,0.000025,0.000021,0.000015,0.000015,0.000023,0.000014,0.000052,0.000137,0.000134
373,,,,,,,,,,,,,,0.000009,0.000162,0.000154,0.000199,0.000297,0.000317,0.000281,0.000250,0.000215,0.000190,0.000168,0.000178,0.000179,0.000157,0.000115,0.000083,0.000079,0.000082,0.000082,0.000089,0.000071,0.000056,0.000089,0.000100,0.000030,0.000093,0.000066,0.000073,0.000072,0.000052,0.000045,0.000045,0.000026,0.000007,0.000020,0.000214,0.000134
374,,,,,,,,,,,,,,0.000004,0.000058,0.000045,0.000092,0.000255,0.000349,0.000367,0.000296,0.000256,0.000243,0.000223,0.000205,0.000174,0.000128,0.000105,0.000084,0.000082,0.000100,0.000118,0.000096,0.000082,0.000094,0.000115,0.000091,0.000045,0.000028,0.000028,0.000027,0.000039,0.000077,0.000086,0.000102,0.000039,0.000006,0.000026,0.000055,0.000072
375,,,,,,,,,,,,,,0.000004,0.000071,0.000018,0.000031,0.000277,0.000479,0.000688,0.001067,0.001174,0.001154,0.000976,0.000830,0.000609,0.000507,0.000351,0.000238,0.000219,0.000230,0.000296,0.000256,0.000195,0.000152,0.000147,0.000097,0.000027,0.000025,0.000051,0.000039,0.000037,0.000067,0.000113,0.000124,0.000054,0.000008,0.000021,0.000109,0.000126
376,,,,,,,,,,,,,,0.000003,0.000094,0.000092,0.000103,0.000173,0.000180,0.000171,0.000147,0.000121,0.000113,0.000097,0.000104,0.000089,0.000075,0.000061,0.000048,0.000047,0.000042,0.000054,0.000046,0.000044,0.000035,0.000036,0.000037,0.000017,0.000056,0.000337,0.000518,0.000381,0.000309,0.000239,0.000135,0.000032,0.000003,0.000008,0.000035,0.000034
377,,,,,,,,,,,,,,0.000014,0.000150,0.000090,0.000118,0.000171,0.000216,0.000201,0.000203,0.000205,0.000214,0.000200,0.000209,0.000191,0.000170,0.000167,0.000147,0.000156,0.000149,0.000167,0.000146,0.000107,0.000053,0.000042,0.000048,0.000024,0.000037,0.000011,0.000003,0.000002,0.000011,0.000032,0.000080,0.000054,0.000010,0.000039,0.000375,0.000479
378,,,,,,,,,,,,,,0.000005,0.000084,0.000047,0.000057,0.000096,0.000112,0.000111,0.000093,0.000098,0.000102,0.000094,0.000092,0.000100,0.000086,0.000076,0.000045,0.000054,0.000067,0.000063,0.000054,0.000059,0.000057,0.000060,0.000055,0.000039,0.000029,0.000039,0.000035,0.000039,0.000051,0.000048,0.000045,0.000020,0.000006,0.000025,0.000065,0.000074
379,,,,,,,,,,,,,,0.000003,0.000044,0.000035,0.000042,0.000057,0.000060,0.000031,0.000030,0.000015,0.000022,0.000037,0.000050,0.000055,0.000062,0.000066,0.000108,0.000295,0.000566,0.000764,0.000679,0.000495,0.000341,0.000233,0.000146,0.000021,0.000059,0.000143,0.000098,0.000079,0.000082,0.000083,0.000048,0.000019,0.000004,0.000012,0.000035,0.000029
380,,,,,,,,,,,,,,0.000003,0.000044,0.000048,0.000197,0.000540,0.000818,0.000733,0.000610,0.000467,0.000389,0.000325,0.000305,0.000263,0.000214,0.000147,0.000100,0.000084,0.000086,0.000082,0.000080,0.000083,0.000092,0.000090,0.000065,0.000014,0.000017,0.000033,0.000038,0.000042,0.000067,0.000069,0.000048,0.000017,0.000002,0.000006,0.000022,0.000024
381,,,,,,,,,,,,,,0.000003,0.000044,0.000026,0.000040,0.000072,0.000106,0.000111,0.000103,0.000105,0.000091,0.000087,0.000091,0.000094,0.000083,0.000073,0.000072,0.000082,0.000090,0.000163,0.000249,0.000458,0.000896,0.000784,0.000454,0.000043,0.000064,0.000179,0.000149,0.000109,0.000086,0.000058,0.000042,0.000019,0.000004,0.000011,0.000045,0.000040
382,,,,,,,,,,,,,,0.000023,0.000349,0.000177,0.000203,0.000314,0.000294,0.000315,0.000330,0.000411,0.000551,0.000660,0.000808,0.000944,0.001005,0.000856,0.000559,0.000420,0.000311,0.000314,0.000326,0.000325,0.000265,0.000199,0.000122,0.000017,0.000029,0.000082,0.000082,0.000062,0.000060,0.000053,0.000037,0.000014,0.000002,0.000008,0.000058,0.000067
383,,,,,,,,,,,,,,0.000011,0.000145,0.000088,0.000102,0.000158,0.000161,0.000132,0.000102,0.000089,0.000070,0.000051,0.000042,0.000029,0.000025,0.000027,0.000029,0.000027,0.000031,0.000025,0.000025,0.000031,0.000033,0.000025,0.000016,0.000013,0.000020,0.000042,0.000090,0.000174,0.000289,0.000293,0.000199,0.000069,0.000009,0.000017,0.000062,0.000072
384,,,,,,,,,,,,,,0.000006,0.000147,0.000087,0.000109,0.000140,0.000151,0.000122,0.000108,0.000108,0.000116,0.000121,0.000136,0.000139,0.000142,0.000122,0.000087,0.000086,0.000085,0.000096,0.000089,0.000089,0.000082,0.000082,0.000072,0.000014,0.000017,0.000075,0.000170,0.000166,0.000155,0.000094,0.000064,0.000018,0.000002,0.000007,0.000031,0.000035
385,,,,,,,,,,,,,,0.000003,0.000065,0.000058,0.000113,0.000153,0.000165,0.000151,0.000126,0.000109,0.000103,0.000091,0.000098,0.000086,0.000074,0.000055,0.000050,0.000045,0.000040,0.000055,0.000058,0.000077,0.000097,0.000111,0.000079,0.000011,0.000019,0.000029,0.000030,0.000029,0.000031,0.000032,0.000027,0.000009,0.000002,0.000006,0.000029,0.000029
386,,,,,,,,,,,,,,0.000004,0.000068,0.000046,0.000061,0.000080,0.000085,0.000079,0.000085,0.000082,0.000100,0.000109,0.000121,0.000128,0.000128,0.000100,0.000071,0.000065,0.000056,0.000059,0.000061,0.000068,0.000059,0.000061,0.000059,0.000056,0.000061,0.000056,0.000053,0.000055,0.000041,0.000043,0.000027,0.000013,0.000007,0.000024,0.000044,0.000037
387,,,,,,,,,,,,,,0.000016,0.000341,0.000220,0.000394,0.000731,0.000935,0.000848,0.000739,0.000653,0.000673,0.000658,0.000681,0.000730,0.000729,0.000650,0.000509,0.000510,0.000366,0.000346,0.000268,0.000228,0.000194,0.000166,0.000118,0.000018,0.000028,0.000072,0.000070,0.000061,0.000070,0.000066,0.000050,0.000015,0.000003,0.000013,0.000120,0.000171
388,,,,,,,,,,,,,,0.000012,0.000125,0.000085,0.000127,0.000255,0.000289,0.000315,0.000352,0.000404,0.000450,0.000536,0.000612,0.000633,0.000725,0.000799,0.000704,0.000733,0.000656,0.000630,0.000494,0.000339,0.000244,0.000230,0.000150,0.000019,0.000033,0.000093,0.000122,0.000161,0.000148,0.000095,0.000042,0.000014,0.000003,0.000011,0.000078,0.000130
389,,,,,,,,,,,,,,0.000011,0.000168,0.000097,0.000148,0.000214,0.000213,0.000209,0.000196,0.000161,0.000151,0.000140,0.000157,0.000154,0.000141,0.000140,0.000109,0.000116,0.000116,0.000146,0.000119,0.000107,0.000108,0.000103,0.000074,0.000017,0.000026,0.000049,0.000054,0.000050,0.000053,0.000050,0.000043,0.000021,0.000003,0.000012,0.000111,0.000152
390,,,,,,,,,,,,,,0.000003,0.000047,0.000022,0.000043,0.000099,0.000176,0.000241,0.000297,0.000330,0.000302,0.000282,0.000267,0.000241,0.000194,0.000160,0.000113,0.000094,0.000096,0.000119,0.000102,0.000075,0.000071,0.000099,0.000090,0.000026,0.000034,0.000033,0.000057,0.000070,0.000130,0.000138,0.000173,0.000086,0.000008,0.000017,0.000045,0.000051
391,,,,,,,,,,,,,,0.000003,0.000047,0.000031,0.000054,0.000107,0.000150,0.000132,0.000137,0.000132,0.000122,0.000113,0.000104,0.000086,0.000078,0.000081,0.000062,0.000061,0.000061,0.000068,0.000066,0.000061,0.000049,0.000043,0.000046,0.000011,0.000018,0.000044,0.000088,0.000199,0.000423,0.000616,0.000434,0.000086,0.000005,0.000015,0.000045,0.000043
392,,,,,,,,,,,,,,0.000006,0.000094,0.000069,0.000056,0.000068,0.000084,0.000066,0.000089,0.000118,0.000167,0.000224,0.000331,0.000399,0.000409,0.000385,0.000378,0.000351,0.000328,0.000198,0.000179,0.000130,0.000089,0.000091,0.000072,0.000019,0.000030,0.000041,0.000048,0.000072,0.000067,0.000056,0.000045,0.000021,0.000004,0.000013,0.000104,0.000072
393,,,,,,,,,,,,,,0.000003,0.000051,0.000033,0.000040,0.000058,0.000063,0.000064,0.000091,0.000102,0.000127,0.000127,0.000138,0.000137,0.000137,0.000146,0.000142,0.000145,0.000203,0.000192,0.000141,0.000108,0.000070,0.000053,0.000037,0.000051,0.000028,0.000046,0.000043,0.000040,0.000052,0.000055,0.000068,0.000029,0.000004,0.000011,0.000031,0.000041
394,,,,,,,,,,,,,,0.000012,0.000276,0.000197,0.000375,0.000939,0.001539,0.001833,0.001993,0.001906,0.001742,0.001515,0.001324,0.001102,0.000906,0.000679,0.000462,0.000369,0.000304,0.000312,0.000287,0.000241,0.000200,0.000150,0.000093,0.000017,0.000031,0.000108,0.000130,0.000130,0.000125,0.000092,0.000044,0.000018,0.000003,0.000012,0.000067,0.000095
395,,,,,,,,,,,,,,0.000021,0.000361,0.000184,0.000156,0.000222,0.000210,0.000177,0.000143,0.000109,0.000121,0.000104,0.000092,0.000085,0.000076,0.000071,0.000056,0.000062,0.000077,0.000063,0.000073,0.000069,0.000061,0.000069,0.000082,0.000048,0.000057,0.000193,0.000172,0.000118,0.000122,0.000103,0.000071,0.000021,0.000003,0.000012,0.000136,0.000212
396,,,,,,,,,,,,,,0.000004,0.000096,0.000058,0.000061,0.000077,0.000077,0.000078,0.000086,0.000073,0.000074,0.000060,0.000070,0.000068,0.000069,0.000059,0.000051,0.000063,0.000086,0.000149,0.000197,0.000239,0.000257,0.000220,0.000150,0.000076,0.000134,0.000093,0.000081,0.000073,0.000068,0.000051,0.000032,0.000025,0.000007,0.000015,0.000144,0.000100
397,,,,,,,,,,,,,,0.000007,0.000178,0.000088,0.000099,0.000227,0.000422,0.000518,0.000675,0.000794,0.000719,0.000751,0.000833,0.000824,0.000883,0.000841,0.000687,0.000670,0.000508,0.000475,0.000395,0.000331,0.000257,0.000224,0.000157,0.000023,0.000037,0.000089,0.000078,0.000059,0.000087,0.000086,0.000074,0.000033,0.000005,0.000015,0.000065,0.000059
398,,,,,,,,,,,,,,0.000025,0.000439,0.000273,0.000249,0.000396,0.000374,0.000350,0.000299,0.000284,0.000244,0.000224,0.000192,0.000140,0.000103,0.000099,0.000080,0.000092,0.000109,0.000118,0.000124,0.000114,0.000110,0.000142,0.000108,0.000023,0.000017,0.000033,0.000051,0.000116,0.000105,0.000085,0.000067,0.000025,0.000005,0.000013,0.000046,0.000048
399,,,,,,,,,,,,,,0.000008,0.000081,0.000034,0.000046,0.000072,0.000120,0.000122,0.000106,0.000081,0.000072,0.000068,0.000084,0.000091,0.000085,0.000085,0.000055,0.000045,0.000028,0.000027,0.000027,0.000044,0.000042,0.000043,0.000063,0.000018,0.000072,0.000395,0.000495,0.000400,0.000408,0.000334,0.000219,0.000065,0.000008,0.000030,0.000185,0.000172
400,,,,,,,,,,,,,,0.000006,0.000144,0.000103,0.000116,0.000159,0.000203,0.000192,0.000180,0.000173,0.000168,0.000142,0.000153,0.000139,0.000124,0.000101,0.000079,0.000122,0.000225,0.000333,0.000342,0.000351,0.000429,0.000441,0.000282,0.000028,0.000039,0.000150,0.000187,0.000145,0.000135,0.000110,0.000073,0.000026,0.000004,0.000017,0.000148,0.000152
401,,,,,,,,,,,,,,0.000004,0.000093,0.000050,0.000054,0.000103,0.000127,0.000112,0.000085,0.000088,0.000077,0.000072,0.000096,0.000086,0.000078,0.000064,0.000048,0.000043,0.000055,0.000093,0.000100,0.000102,0.000100,0.000100,0.000091,0.000023,0.000037,0.000090,0.000140,0.000163,0.000198,0.000198,0.000313,0.000121,0.000008,0.000017,0.000054,0.000065
402,,,,,,,,,,,,,,0.000010,0.000243,0.000149,0.000148,0.000197,0.000219,0.000206,0.000187,0.000165,0.000160,0.000136,0.000134,0.000094,0.000068,0.000051,0.000038,0.000047,0.000057,0.000073,0.000079,0.000082,0.000085,0.000105,0.000102,0.000021,0.000036,0.000054,0.000047,0.000038,0.000039,0.000043,0.000045,0.000047,0.000008,0.000024,0.000067,0.000072
403,,,,,,,,,,,,,,0.000027,0.000255,0.000140,0.000153,0.000210,0.000232,0.000220,0.000179,0.000134,0.000119,0.000124,0.000110,0.000110,0.000086,0.000066,0.000051,0.000053,0.000063,0.000066,0.000067,0.000088,0.000077,0.000084,0.000075,0.000021,0.000029,0.000071,0.000061,0.000060,0.000065,0.000050,0.000037,0.000024,0.000007,0.000026,0.000176,0.000285
404,,,,,,,,,,,,,,0.000005,0.000063,0.000048,0.000059,0.000067,0.000116,0.000127,0.000118,0.000092,0.000090,0.000070,0.000091,0.000108,0.000094,0.000073,0.000090,0.000100,0.000102,0.000121,0.000123,0.000144,0.000147,0.000135,0.000113,0.000021,0.000031,0.000086,0.000115,0.000184,0.000443,0.000610,0.000446,0.000096,0.000006,0.000015,0.000055,0.000047
405,,,,,,,,,,,,,,0.000008,0.000108,0.000068,0.000080,0.000104,0.000121,0.000104,0.000085,0.000083,0.000095,0.000090,0.000079,0.000070,0.000044,0.000031,0.000033,0.000052,0.000050,0.000059,0.000061,0.000069,0.000059,0.000059,0.000056,0.000020,0.000038,0.000097,0.000097,0.000093,0.000070,0.000049,0.000042,0.000019,0.000005,0.000015,0.000071,0.000093
406,,,,,,,,,,,,,,0.000003,0.000061,0.000035,0.000048,0.000075,0.000086,0.000090,0.000083,0.000065,0.000056,0.000061,0.000061,0.000056,0.000059,0.000059,0.000057,0.000071,0.000075,0.000073,0.000075,0.000100,0.000135,0.000217,0.000243,0.000033,0.000057,0.000146,0.000127,0.000103,0.000109,0.000093,0.000062,0.000019,0.000003,0.000007,0.000034,0.000030
407,,,,,,,,,,,,,,0.000009,0.000164,0.000098,0.000201,0.000356,0.000336,0.000290,0.000199,0.000174,0.000159,0.000141,0.000139,0.000122,0.000096,0.000069,0.000055,0.000051,0.000054,0.000068,0.000065,0.000074,0.000079,0.000185,0.000234,0.000051,0.000047,0.000047,0.000046,0.000041,0.000043,0.000035,0.000027,0.000012,0.000003,0.000009,0.000036,0.000126
408,,,,,,,,,,,,,,0.000006,0.000121,0.000079,0.000075,0.000122,0.000148,0.000140,0.000135,0.000124,0.000123,0.000122,0.000117,0.000109,0.000100,0.000085,0.000073,0.000069,0.000065,0.000092,0.000107,0.000098,0.000088,0.000080,0.000056,0.000081,0.000033,0.000071,0.000087,0.000060,0.000055,0.000050,0.000044,0.000017,0.000003,0.000014,0.000077,0.000068
409,,,,,,,,,,,,,,0.000023,0.000384,0.000221,0.000374,0.000733,0.000812,0.000671,0.000512,0.000367,0.000303,0.000229,0.000197,0.000153,0.000124,0.000087,0.000063,0.000058,0.000051,0.000060,0.000046,0.000042,0.000042,0.000040,0.000031,0.000013,0.000018,0.000048,0.000044,0.000044,0.000041,0.000047,0.000036,0.000020,0.000003,0.000008,0.000015,0.000023
410,,,,,,,,,,,,,,0.000007,0.000092,0.000068,0.000071,0.000076,0.000085,0.000077,0.000059,0.000078,0.000100,0.000107,0.000113,0.000096,0.000102,0.000139,0.000227,0.000432,0.000686,0.001040,0.001111,0.000991,0.000740,0.000581,0.000383,0.000039,0.000061,0.000161,0.000126,0.000093,0.000086,0.000075,0.000059,0.000024,0.000004,0.000011,0.000047,0.000057
411,,,,,,,,,,,,,,0.000005,0.000103,0.000064,0.000073,0.000083,0.000108,0.000104,0.000087,0.000095,0.000103,0.000093,0.000101,0.000101,0.000097,0.000115,0.000158,0.000227,0.000325,0.000335,0.000228,0.000193,0.000195,0.000157,0.000194,0.000033,0.000040,0.000081,0.000075,0.000069,0.000062,0.000055,0.000047,0.000028,0.000007,0.000021,0.000168,0.000146
412,,,,,,,,,,,,,,0.000008,0.000108,0.000058,0.000084,0.000136,0.000176,0.000175,0.000152,0.000150,0.000132,0.000113,0.000105,0.000118,0.000118,0.000128,0.000084,0.000090,0.000085,0.000093,0.000107,0.000115,0.000111,0.000100,0.000064,0.000016,0.000022,0.000053,0.000063,0.000044,0.000072,0.000144,0.000155,0.000107,0.000012,0.000030,0.000091,0.000063
413,,,,,,,,,,,,,,0.000012,0.000205,0.000124,0.000140,0.000193,0.000228,0.000177,0.000149,0.000127,0.000113,0.000105,0.000095,0.000082,0.000068,0.000064,0.000048,0.000050,0.000054,0.000063,0.000045,0.000040,0.000052,0.000074,0.000072,0.000039,0.000038,0.000041,0.000039,0.000043,0.000033,0.000033,0.000049,0.000035,0.000005,0.000012,0.000050,0.000051
414,,,,,,,,,,,,,,0.000017,0.000277,0.000147,0.000169,0.000238,0.000198,0.000178,0.000145,0.000129,0.000114,0.000094,0.000092,0.000083,0.000083,0.000064,0.000044,0.000033,0.000033,0.000042,0.000042,0.000059,0.000153,0.000274,0.000289,0.000069,0.000080,0.000140,0.000135,0.000122,0.000112,0.000095,0.000061,0.000024,0.000003,0.000010,0.000048,0.000065
415,,,,,,,,,,,,,,0.000012,0.000163,0.000102,0.000132,0.000180,0.000208,0.000192,0.000203,0.000189,0.000145,0.000118,0.000106,0.000083,0.000066,0.000049,0.000049,0.000056,0.000091,0.000078,0.000092,0.000108,0.000098,0.000082,0.000061,0.000011,0.000019,0.000076,0.000097,0.000066,0.000055,0.000051,0.000031,0.000010,0.000003,0.000008,0.000085,0.000128
416,,,,,,,,,,,,,,0.000008,0.000099,0.000060,0.000087,0.000172,0.000195,0.000197,0.000211,0.000218,0.000263,0.000282,0.000308,0.000307,0.000304,0.000247,0.000185,0.000181,0.000157,0.000155,0.000147,0.000157,0.000174,0.000182,0.000164,0.000036,0.000030,0.000084,0.000119,0.000110,0.000138,0.000134,0.000108,0.000039,0.000004,0.000013,0.000125,0.000144
417,,,,,,,,,,,,,,0.000006,0.000071,0.000025,0.000033,0.000032,0.000038,0.000025,0.000015,0.000011,0.000026,0.000028,0.000049,0.000055,0.000064,0.000073,0.000071,0.000066,0.000083,0.000112,0.000152,0.000203,0.000332,0.000243,0.000153,0.000044,0.000075,0.000153,0.000140,0.000168,0.000179,0.000168,0.000154,0.000073,0.000007,0.000020,0.000124,0.000197
418,,,,,,,,,,,,,,0.000022,0.000383,0.000200,0.000204,0.000257,0.000257,0.000247,0.000236,0.000217,0.000201,0.000177,0.000171,0.000178,0.000176,0.000153,0.000120,0.000151,0.000237,0.000302,0.000233,0.000223,0.000178,0.000144,0.000108,0.000025,0.000035,0.000078,0.000069,0.000096,0.000074,0.000058,0.000039,0.000018,0.000003,0.000013,0.000106,0.000153
419,,,,,,,,,,,,,,0.000010,0.000248,0.000106,0.000100,0.000153,0.000171,0.000155,0.000127,0.000129,0.000162,0.000207,0.000328,0.000387,0.000433,0.000397,0.000308,0.000275,0.000238,0.000279,0.000257,0.000252,0.000192,0.000138,0.000097,0.000024,0.000037,0.000060,0.000046,0.000033,0.000044,0.000049,0.000063,0.000033,0.000003,0.000013,0.000094,0.000074
420,,,,,,,,,,,,,,0.000004,0.000062,0.000039,0.000046,0.000067,0.000091,0.000107,0.000110,0.000134,0.000152,0.000178,0.000234,0.000223,0.000219,0.000197,0.000165,0.000151,0.000147,0.000149,0.000126,0.000120,0.000118,0.000104,0.000082,0.000024,0.000025,0.000035,0.000041,0.000047,0.000055,0.000052,0.000056,0.000017,0.000006,0.000018,0.000072,0.000073
421,,,,,,,,,,,,,,0.000005,0.000083,0.000050,0.000082,0.000107,0.000122,0.000108,0.000099,0.000091,0.000090,0.000076,0.000080,0.000081,0.000074,0.000067,0.000052,0.000058,0.000062,0.000070,0.000074,0.000077,0.000076,0.000070,0.000058,0.000010,0.000024,0.000041,0.000048,0.000074,0.000138,0.000181,0.000171,0.000046,0.000006,0.000026,0.000072,0.000063
422,,,,,,,,,,,,,,0.000010,0.000119,0.000064,0.000075,0.000112,0.000119,0.000113,0.000103,0.000118,0.000127,0.000117,0.000122,0.000115,0.000100,0.000089,0.000079,0.000087,0.000082,0.000099,0.000089,0.000085,0.000097,0.000102,0.000095,0.000048,0.000049,0.000050,0.000048,0.000047,0.000062,0.000069,0.000076,0.000027,0.000006,0.000027,0.000145,0.000181
423,,,,,,,,,,,,,,0.000010,0.000117,0.000085,0.000137,0.000220,0.000261,0.000258,0.000231,0.000197,0.000175,0.000149,0.000142,0.000123,0.000110,0.000098,0.000106,0.000204,0.000396,0.000679,0.000860,0.000914,0.000707,0.000535,0.000356,0.000040,0.000073,0.000226,0.000182,0.000116,0.000119,0.000106,0.000067,0.000018,0.000002,0.000006,0.000059,0.000124
424,,,,,,,,,,,,,,0.000004,0.000096,0.000069,0.000174,0.000665,0.001055,0.001053,0.001011,0.000857,0.000556,0.000441,0.000405,0.000341,0.000268,0.000205,0.000172,0.000174,0.000158,0.000162,0.000149,0.000123,0.000109,0.000117,0.000092,0.000018,0.000028,0.000059,0.000050,0.000041,0.000050,0.000046,0.000050,0.000023,0.000003,0.000009,0.000035,0.000041
425,,,,,,,,,,,,,,0.000019,0.000169,0.000091,0.000122,0.000186,0.000225,0.000231,0.000229,0.000228,0.000250,0.000256,0.000260,0.000246,0.000228,0.000198,0.000150,0.000139,0.000105,0.000112,0.000092,0.000087,0.000082,0.000078,0.000058,0.000039,0.000029,0.000062,0.000072,0.000063,0.000057,0.000045,0.000029,0.000009,0.000001,0.000009,0.000117,0.000217
426,,,,,,,,,,,,,,0.000021,0.000293,0.000163,0.000192,0.000262,0.000309,0.000281,0.000260,0.000223,0.000188,0.000164,0.000169,0.000143,0.000122,0.000107,0.000081,0.000079,0.000086,0.000089,0.000076,0.000069,0.000057,0.000054,0.000056,0.000013,0.000023,0.000052,0.000052,0.000029,0.000022,0.000026,0.000024,0.000011,0.000006,0.000012,0.000069,0.000146
427,,,,,,,,,,,,,,0.000003,0.000040,0.000034,0.000053,0.000088,0.000100,0.000086,0.000084,0.000071,0.000084,0.000157,0.000225,0.000219,0.000243,0.000247,0.000176,0.000149,0.000128,0.000140,0.000140,0.000155,0.000123,0.000092,0.000055,0.000022,0.000033,0.000163,0.000220,0.000182,0.000177,0.000140,0.000095,0.000028,0.000004,0.000015,0.000078,0.000066
428,,,,,,,,,,,,,,0.000007,0.000104,0.000078,0.000102,0.000169,0.000241,0.000245,0.000221,0.000175,0.000163,0.000146,0.000134,0.000135,0.000112,0.000102,0.000081,0.000083,0.000075,0.000074,0.000089,0.000136,0.000188,0.000195,0.000128,0.000014,0.000021,0.000061,0.000074,0.000094,0.000126,0.000148,0.000154,0.000079,0.000011,0.000027,0.000135,0.000153
429,,,,,,,,,,,,,,0.000003,0.000051,0.000036,0.000037,0.000053,0.000073,0.000073,0.000080,0.000077,0.000077,0.000075,0.000077,0.000072,0.000061,0.000057,0.000045,0.000046,0.000037,0.000052,0.000051,0.000066,0.000069,0.000059,0.000053,0.000014,0.000022,0.000055,0.000131,0.000258,0.000407,0.000338,0.000183,0.000041,0.000004,0.000010,0.000033,0.000042
430,,,,,,,,,,,,,,0.000006,0.000119,0.000058,0.000068,0.000070,0.000072,0.000069,0.000067,0.000067,0.000062,0.000048,0.000069,0.000072,0.000060,0.000059,0.000053,0.000076,0.000172,0.000387,0.000573,0.000735,0.000828,0.000691,0.000397,0.000046,0.000074,0.000134,0.000108,0.000076,0.000073,0.000058,0.000046,0.000019,0.000004,0.000009,0.000061,0.000054
431,,,,,,,,,,,,,,0.000003,0.000087,0.000044,0.000044,0.000059,0.000073,0.000070,0.000069,0.000082,0.000078,0.000079,0.000076,0.000084,0.000094,0.000086,0.000073,0.000077,0.000070,0.000110,0.000158,0.000232,0.000223,0.000181,0.000113,0.000033,0.000032,0.000063,0.000061,0.000052,0.000061,0.000072,0.000062,0.000025,0.000002,0.000007,0.000101,0.000074
432,,,,,,,,,,,,,,0.000012,0.000140,0.000073,0.000080,0.000133,0.000173,0.000159,0.000119,0.000099,0.000122,0.000107,0.000108,0.000118,0.000129,0.000138,0.000119,0.000150,0.000253,0.000296,0.000296,0.000255,0.000197,0.000167,0.000120,0.000040,0.000028,0.000052,0.000052,0.000065,0.000061,0.000044,0.000063,0.000062,0.000009,0.000038,0.000237,0.000295
433,,,,,,,,,,,,,,0.000004,0.000068,0.000033,0.000039,0.000067,0.000075,0.000068,0.000055,0.000069,0.000065,0.000060,0.000081,0.000087,0.000080,0.000072,0.000065,0.000073,0.000135,0.000072,0.000062,0.000057,0.000075,0.000095,0.000091,0.000039,0.000061,0.000044,0.000037,0.000035,0.000046,0.000049,0.000057,0.000062,0.000007,0.000014,0.000047,0.000051
434,,,,,,,,,,,,,,0.000004,0.000051,0.000028,0.000040,0.000082,0.000119,0.000124,0.000109,0.000105,0.000082,0.000066,0.000066,0.000053,0.000049,0.000045,0.000041,0.000052,0.000056,0.000064,0.000070,0.000077,0.000117,0.000241,0.000277,0.000072,0.000062,0.000031,0.000030,0.000025,0.000029,0.000038,0.000030,0.000012,0.000002,0.000007,0.000042,0.000041
435,,,,,,,,,,,,,,0.000006,0.000111,0.000076,0.000086,0.000139,0.000171,0.000173,0.000155,0.000151,0.000152,0.000142,0.000181,0.000152,0.000132,0.000098,0.000087,0.000093,0.000076,0.000086,0.000094,0.000101,0.000088,0.000093,0.000067,0.000014,0.000022,0.000041,0.000051,0.000056,0.000086,0.000167,0.000275,0.000074,0.000005,0.000019,0.000072,0.000075
436,,,,,,,,,,,,,,0.000003,0.000053,0.000029,0.000036,0.000050,0.000057,0.000052,0.000047,0.000036,0.000038,0.000041,0.000051,0.000038,0.000047,0.000055,0.000053,0.000060,0.000082,0.000115,0.000192,0.000354,0.000535,0.000644,0.000537,0.000084,0.000089,0.000179,0.000157,0.000106,0.000101,0.000082,0.000059,0.000018,0.000003,0.000010,0.000028,0.000028
437,,,,,,,,,,,,,,0.000019,0.000161,0.000090,0.000103,0.000180,0.000183,0.000179,0.000135,0.000131,0.000153,0.000168,0.000166,0.000157,0.000128,0.000107,0.000076,0.000075,0.000101,0.000118,0.000104,0.000098,0.000067,0.000064,0.000061,0.000022,0.000022,0.000045,0.000042,0.000037,0.000034,0.000034,0.000024,0.000031,0.000005,0.000041,0.000442,0.000422
438,,,,,,,,,,,,,,0.000008,0.000093,0.000047,0.000059,0.000088,0.000110,0.000105,0.000090,0.000070,0.000080,0.000081,0.000092,0.000100,0.000106,0.000116,0.000116,0.000108,0.000104,0.000091,0.000080,0.000090,0.000101,0.000084,0.000049,0.000010,0.000023,0.000073,0.000098,0.000135,0.000176,0.000159,0.000091,0.000024,0.000003,0.000018,0.000155,0.000175
439,,,,,,,,,,,,,,0.000036,0.000458,0.000250,0.000278,0.000334,0.000337,0.000346,0.000351,0.000344,0.000378,0.000395,0.000450,0.000451,0.000453,0.000404,0.000299,0.000287,0.000249,0.000250,0.000206,0.000179,0.000138,0.000109,0.000094,0.000020,0.000033,0.000056,0.000053,0.000041,0.000050,0.000052,0.000048,0.000019,0.000003,0.000014,0.000111,0.000135
440,,,,,,,,,,,,,,0.000005,0.000077,0.000051,0.000051,0.000078,0.000091,0.000097,0.000090,0.000082,0.000087,0.000095,0.000107,0.000105,0.000090,0.000079,0.000065,0.000067,0.000051,0.000068,0.000075,0.000098,0.000113,0.000127,0.000084,0.000014,0.000035,0.000046,0.000047,0.000120,0.000082,0.000082,0.000068,0.000042,0.000006,0.000014,0.000094,0.000076
441,,,,,,,,,,,,,,0.000004,0.000057,0.000031,0.000050,0.000090,0.000188,0.000344,0.000555,0.000807,0.001036,0.001086,0.001170,0.001059,0.000836,0.000572,0.000349,0.000256,0.000200,0.000171,0.000129,0.000096,0.000074,0.000078,0.000073,0.000020,0.000023,0.000022,0.000019,0.000027,0.000029,0.000026,0.000029,0.000013,0.000003,0.000010,0.000040,0.000041
442,,,,,,,,,,,,,,0.000009,0.000186,0.000133,0.000200,0.000271,0.000356,0.000288,0.000257,0.000191,0.000153,0.000114,0.000116,0.000100,0.000091,0.000081,0.000065,0.000063,0.000072,0.000076,0.000065,0.000122,0.000196,0.000251,0.000161,0.000033,0.000043,0.000116,0.000098,0.000068,0.000069,0.000054,0.000026,0.000010,0.000002,0.000009,0.000063,0.000077
443,,,,,,,,,,,,,,0.000009,0.000156,0.000115,0.000210,0.000422,0.000705,0.000678,0.000693,0.000700,0.000720,0.000737,0.000780,0.000748,0.000776,0.000714,0.000702,0.000619,0.000550,0.000399,0.000296,0.000211,0.000191,0.000173,0.000121,0.000019,0.000032,0.000079,0.000074,0.000047,0.000067,0.000063,0.000048,0.000014,0.000004,0.000010,0.000039,0.000036
444,,,,,,,,,,,,,,0.000003,0.000030,0.000027,0.000047,0.000105,0.000106,0.000093,0.000078,0.000078,0.000071,0.000061,0.000061,0.000067,0.000068,0.000047,0.000036,0.000039,0.000048,0.000055,0.000063,0.000055,0.000058,0.000048,0.000035,0.000057,0.000057,0.000104,0.000099,0.000084,0.000062,0.000062,0.000044,0.000022,0.000005,0.000017,0.000067,0.000058
445,,,,,,,,,,,,,,0.000003,0.000040,0.000032,0.000045,0.000117,0.000246,0.000388,0.000516,0.000623,0.000688,0.000723,0.000889,0.000887,0.000944,0.000844,0.000592,0.000553,0.000514,0.000531,0.000467,0.000413,0.000372,0.000300,0.000222,0.000034,0.000049,0.000143,0.000142,0.000127,0.000114,0.000086,0.000053,0.000013,0.000002,0.000005,0.000021,0.000022
446,,,,,,,,,,,,,,0.000005,0.000116,0.000083,0.000126,0.000211,0.000239,0.000219,0.000168,0.000180,0.000169,0.000175,0.000196,0.000200,0.000212,0.000205,0.000174,0.000175,0.000147,0.000138,0.000133,0.000157,0.000194,0.000221,0.000126,0.000046,0.000073,0.000050,0.000046,0.000048,0.000050,0.000048,0.000051,0.000030,0.000005,0.000013,0.000045,0.000048
447,,,,,,,,,,,,,,0.000005,0.000111,0.000070,0.000092,0.000128,0.000143,0.000112,0.000091,0.000067,0.000055,0.000054,0.000073,0.000077,0.000069,0.000066,0.000052,0.000059,0.000092,0.000121,0.000143,0.000150,0.000137,0.000105,0.000127,0.000125,0.000106,0.000063,0.000070,0.000068,0.000071,0.000062,0.000040,0.000016,0.000004,0.000010,0.000048,0.000067
448,,,,,,,,,,,,,,0.000022,0.000394,0.000273,0.000336,0.000388,0.000340,0.000300,0.000239,0.000195,0.000158,0.000121,0.000126,0.000113,0.000089,0.000081,0.000068,0.000051,0.000038,0.000046,0.000031,0.000022,0.000013,0.000013,0.000015,0.000022,0.000040,0.000036,0.000032,0.000029,0.000030,0.000030,0.000023,0.000014,0.000004,0.000012,0.000026,0.000044
449,,,,,,,,,,,,,,0.000012,0.000273,0.000386,0.000726,0.001193,0.001426,0.001277,0.001108,0.000874,0.000717,0.000593,0.000546,0.000491,0.000446,0.000370,0.000270,0.000264,0.000228,0.000212,0.000163,0.000135,0.000104,0.000101,0.000067,0.000016,0.000018,0.000036,0.000027,0.000020,0.000034,0.000044,0.000037,0.000014,0.000004,0.000014,0.000066,0.000080
450,,,,,,,,,,,,,,0.000003,0.000044,0.000034,0.000081,0.000085,0.000100,0.000089,0.000098,0.000096,0.000094,0.000080,0.000082,0.000068,0.000066,0.000046,0.000027,0.000026,0.000030,0.000049,0.000055,0.000065,0.000078,0.000095,0.000082,0.000019,0.000048,0.000127,0.000108,0.000075,0.000084,0.000085,0.000067,0.000038,0.000005,0.000011,0.000022,0.000021
451,,,,,,,,,,,,,,0.000029,0.000324,0.000177,0.000229,0.000425,0.000439,0.000430,0.000406,0.000395,0.000390,0.000339,0.000322,0.000276,0.000213,0.000149,0.000086,0.000067,0.000060,0.000068,0.000069,0.000078,0.000078,0.000085,0.000076,0.000015,0.000025,0.000037,0.000047,0.000050,0.000059,0.000064,0.000052,0.000022,0.000003,0.000009,0.000071,0.000136
452,,,,,,,,,,,,,,0.000004,0.000198,0.000090,0.000061,0.000077,0.000068,0.000077,0.000067,0.000084,0.000104,0.000100,0.000100,0.000101,0.000098,0.000118,0.000129,0.000192,0.000234,0.000346,0.000321,0.000223,0.000178,0.000149,0.000171,0.000037,0.000074,0.000204,0.000165,0.000178,0.000149,0.000159,0.000115,0.000035,0.000007,0.000020,0.000062,0.000054
453,,,,,,,,,,,,,,0.000007,0.000084,0.000059,0.000073,0.000123,0.000171,0.000175,0.000161,0.000158,0.000167,0.000162,0.000184,0.000168,0.000148,0.000134,0.000148,0.000190,0.000176,0.000138,0.000112,0.000112,0.000086,0.000097,0.000077,0.000016,0.000023,0.000070,0.000061,0.000077,0.000103,0.000091,0.000062,0.000030,0.000006,0.000018,0.000082,0.000202
454,,,,,,,,,,,,,,0.000006,0.000093,0.000060,0.000099,0.000121,0.000113,0.000103,0.000122,0.000155,0.000211,0.000323,0.000561,0.000909,0.001352,0.001381,0.001180,0.000976,0.000771,0.000719,0.000680,0.000552,0.000449,0.000353,0.000240,0.000031,0.000048,0.000105,0.000099,0.000060,0.000057,0.000052,0.000031,0.000017,0.000005,0.000017,0.000095,0.000100
455,,,,,,,,,,,,,,0.000005,0.000083,0.000101,0.000427,0.000628,0.000664,0.000449,0.000324,0.000257,0.000195,0.000164,0.000154,0.000137,0.000136,0.000111,0.000072,0.000081,0.000070,0.000065,0.000069,0.000082,0.000080,0.000075,0.000059,0.000035,0.000052,0.000051,0.000043,0.000044,0.000065,0.000065,0.000061,0.000034,0.000005,0.000016,0.000064,0.000063
456,,,,,,,,,,,,,,0.000006,0.000099,0.000055,0.000078,0.000128,0.000142,0.000124,0.000123,0.000121,0.000139,0.000125,0.000138,0.000147,0.000164,0.000124,0.000083,0.000095,0.000093,0.000114,0.000124,0.000123,0.000102,0.000095,0.000065,0.000078,0.000066,0.000072,0.000061,0.000066,0.000070,0.000053,0.000050,0.000024,0.000007,0.000021,0.000122,0.000111
457,,,,,,,,,,,,,,0.000002,0.000027,0.000016,0.000072,0.000300,0.000465,0.000476,0.000480,0.000497,0.000480,0.000523,0.000579,0.000567,0.000572,0.000538,0.000473,0.000512,0.000469,0.000447,0.000334,0.000264,0.000231,0.000182,0.000135,0.000020,0.000038,0.000071,0.000061,0.000047,0.000071,0.000082,0.000077,0.000025,0.000003,0.000021,0.000023,0.000032
458,,,,,,,,,,,,,,0.000004,0.000077,0.000050,0.000057,0.000081,0.000098,0.000096,0.000099,0.000109,0.000193,0.000322,0.000571,0.000672,0.000811,0.000798,0.000701,0.000564,0.000500,0.000475,0.000495,0.000595,0.000519,0.000471,0.000269,0.000032,0.000038,0.000073,0.000054,0.000047,0.000052,0.000048,0.000042,0.000055,0.000010,0.000035,0.000062,0.000075
459,,,,,,,,,,,,,,0.000006,0.000137,0.000120,0.000139,0.000187,0.000207,0.000199,0.000172,0.000144,0.000131,0.000129,0.000128,0.000119,0.000095,0.000077,0.000071,0.000076,0.000115,0.000148,0.000119,0.000111,0.000123,0.000129,0.000086,0.000041,0.000037,0.000063,0.000056,0.000048,0.000050,0.000038,0.000039,0.000016,0.000005,0.000013,0.000067,0.000064
460,,,,,,,,,,,,,,0.000005,0.000085,0.000050,0.000059,0.000089,0.000127,0.000138,0.000117,0.000111,0.000097,0.000089,0.000095,0.000093,0.000092,0.000088,0.000077,0.000069,0.000079,0.000075,0.000068,0.000069,0.000075,0.000086,0.000061,0.000023,0.000052,0.000053,0.000053,0.000052,0.000052,0.000049,0.000045,0.000022,0.000006,0.000022,0.000057,0.000087
461,,,,,,,,,,,,,,0.000010,0.000101,0.000059,0.000087,0.000262,0.000445,0.000412,0.000283,0.000228,0.000215,0.000165,0.000162,0.000161,0.000134,0.000094,0.000080,0.000080,0.000073,0.000087,0.000085,0.000078,0.000085,0.000080,0.000086,0.000019,0.000028,0.000042,0.000050,0.000050,0.000057,0.000064,0.000055,0.000024,0.000004,0.000017,0.000257,0.000192
462,,,,,,,,,,,,,,0.000031,0.000352,0.000175,0.000208,0.000285,0.000325,0.000296,0.000263,0.000227,0.000206,0.000181,0.000168,0.000144,0.000128,0.000108,0.000083,0.000073,0.000066,0.000062,0.000061,0.000061,0.000047,0.000043,0.000029,0.000010,0.000017,0.000025,0.000037,0.000044,0.000053,0.000046,0.000028,0.000016,0.000004,0.000012,0.000079,0.000147
463,,,,,,,,,,,,,,0.000007,0.000142,0.000092,0.000108,0.000151,0.000237,0.000257,0.000230,0.000210,0.000223,0.000215,0.000272,0.000281,0.000273,0.000220,0.000195,0.000211,0.000237,0.000317,0.000327,0.000313,0.000235,0.000202,0.000127,0.000033,0.000064,0.000073,0.000060,0.000072,0.000073,0.000077,0.000101,0.000029,0.000009,0.000024,0.000054,0.000064
464,,,,,,,,,,,,,,0.000008,0.000127,0.000065,0.000065,0.000095,0.000098,0.000091,0.000088,0.000085,0.000092,0.000092,0.000095,0.000097,0.000095,0.000079,0.000077,0.000085,0.000079,0.000087,0.000087,0.000086,0.000081,0.000197,0.000179,0.000039,0.000085,0.000325,0.000267,0.000170,0.000129,0.000085,0.000047,0.000017,0.000003,0.000010,0.000053,0.000069
465,,,,,,,,,,,,,,0.000006,0.000086,0.000062,0.000073,0.000119,0.000145,0.000158,0.000161,0.000189,0.000237,0.000259,0.000290,0.000272,0.000220,0.000168,0.000112,0.000096,0.000088,0.000123,0.000356,0.000626,0.000635,0.000506,0.000251,0.000058,0.000048,0.000066,0.000063,0.000054,0.000049,0.000042,0.000041,0.000014,0.000003,0.000009,0.000033,0.000038
466,,,,,,,,,,,,,,0.000018,0.000295,0.000237,0.000267,0.000444,0.000567,0.000515,0.000422,0.000332,0.000280,0.000235,0.000223,0.000194,0.000154,0.000125,0.000101,0.000139,0.000199,0.000296,0.000349,0.000496,0.000655,0.000600,0.000362,0.000037,0.000049,0.000093,0.000145,0.000231,0.000336,0.000252,0.000129,0.000033,0.000003,0.000011,0.000139,0.000212
467,,,,,,,,,,,,,,0.000004,0.000074,0.000038,0.000059,0.000101,0.000105,0.000098,0.000098,0.000079,0.000074,0.000078,0.000079,0.000075,0.000097,0.000169,0.000181,0.000282,0.000264,0.000256,0.000261,0.000303,0.000264,0.000156,0.000092,0.000020,0.000020,0.000039,0.000046,0.000032,0.000027,0.000026,0.000041,0.000037,0.000008,0.000020,0.000029,0.000046
468,,,,,,,,,,,,,,0.000027,0.000307,0.000214,0.000383,0.000874,0.001082,0.001056,0.000858,0.000726,0.000636,0.000525,0.000467,0.000414,0.000341,0.000269,0.000171,0.000152,0.000164,0.000193,0.000164,0.000169,0.000141,0.000125,0.000093,0.000017,0.000031,0.000075,0.000072,0.000061,0.000106,0.000132,0.000103,0.000027,0.000002,0.000013,0.000216,0.000334
469,,,,,,,,,,,,,,0.000006,0.000119,0.000076,0.000091,0.000147,0.000191,0.000216,0.000192,0.000207,0.000237,0.000246,0.000262,0.000251,0.000209,0.000151,0.000099,0.000080,0.000091,0.000127,0.000127,0.000145,0.000227,0.000367,0.000361,0.000086,0.000044,0.000068,0.000060,0.000044,0.000043,0.000032,0.000027,0.000017,0.000003,0.000008,0.000035,0.000052
470,,,,,,,,,,,,,,0.000012,0.000139,0.000068,0.000078,0.000104,0.000159,0.000186,0.000170,0.000176,0.000170,0.000145,0.000143,0.000133,0.000126,0.000127,0.000094,0.000090,0.000088,0.000083,0.000094,0.000206,0.000331,0.000435,0.000320,0.000040,0.000063,0.000138,0.000101,0.000092,0.000096,0.000066,0.000041,0.000019,0.000007,0.000035,0.000056,0.000090
471,,,,,,,,,,,,,,0.000003,0.000069,0.000039,0.000050,0.000066,0.000079,0.000085,0.000085,0.000080,0.000083,0.000089,0.000091,0.000094,0.000088,0.000087,0.000062,0.000059,0.000063,0.000082,0.000074,0.000079,0.000107,0.000101,0.000077,0.000019,0.000033,0.000077,0.000064,0.000052,0.000043,0.000047,0.000030,0.000019,0.000006,0.000011,0.000034,0.000041
472,,,,,,,,,,,,,,0.000020,0.000500,0.000382,0.000326,0.000425,0.000465,0.000420,0.000382,0.000306,0.000262,0.000212,0.000194,0.000181,0.000172,0.000132,0.000092,0.000069,0.000055,0.000063,0.000060,0.000078,0.000094,0.000118,0.000106,0.000017,0.000025,0.000048,0.000037,0.000028,0.000033,0.000034,0.000037,0.000023,0.000004,0.000014,0.000074,0.000086
473,,,,,,,,,,,,,,0.000025,0.000377,0.000199,0.000169,0.000210,0.000229,0.000221,0.000218,0.000278,0.000392,0.000520,0.000688,0.000689,0.000596,0.000414,0.000239,0.000173,0.000144,0.000132,0.000122,0.000098,0.000103,0.000121,0.000083,0.000015,0.000027,0.000062,0.000041,0.000022,0.000019,0.000027,0.000021,0.000008,0.000003,0.000009,0.000041,0.000059
474,,,,,,,,,,,,,,0.000011,0.000114,0.000063,0.000073,0.000121,0.000144,0.000122,0.000117,0.000099,0.000104,0.000090,0.000096,0.000103,0.000110,0.000100,0.000113,0.000159,0.000195,0.000222,0.000156,0.000137,0.000117,0.000092,0.000069,0.000018,0.000038,0.000079,0.000062,0.000047,0.000056,0.000070,0.000068,0.000023,0.000003,0.000012,0.000166,0.000121
475,,,,,,,,,,,,,,0.000023,0.000201,0.000122,0.000167,0.000317,0.000377,0.000341,0.000254,0.000201,0.000189,0.000157,0.000151,0.000107,0.000101,0.000108,0.000098,0.000096,0.000096,0.000087,0.000064,0.000066,0.000065,0.000060,0.000055,0.000020,0.000024,0.000023,0.000030,0.000035,0.000042,0.000053,0.000056,0.000039,0.000008,0.000055,0.000462,0.000543
476,,,,,,,,,,,,,,0.000006,0.000104,0.000073,0.000077,0.000132,0.000163,0.000153,0.000132,0.000113,0.000118,0.000125,0.000129,0.000117,0.000110,0.000089,0.000087,0.000084,0.000084,0.000092,0.000077,0.000069,0.000062,0.000069,0.000064,0.000016,0.000023,0.000043,0.000047,0.000046,0.000043,0.000030,0.000024,0.000011,0.000003,0.000019,0.000039,0.000054
477,,,,,,,,,,,,,,0.000003,0.000055,0.000032,0.000042,0.000056,0.000075,0.000069,0.000063,0.000050,0.000060,0.000056,0.000070,0.000072,0.000066,0.000050,0.000035,0.000039,0.000039,0.000052,0.000075,0.000180,0.000379,0.000514,0.000357,0.000032,0.000039,0.000082,0.000057,0.000034,0.000033,0.000025,0.000022,0.000014,0.000004,0.000012,0.000056,0.000051
478,,,,,,,,,,,,,,0.000028,0.000556,0.000354,0.000377,0.000640,0.000824,0.000798,0.000731,0.000550,0.000451,0.000360,0.000325,0.000293,0.000253,0.000210,0.000142,0.000100,0.000116,0.000148,0.000156,0.000158,0.000142,0.000136,0.000163,0.000037,0.000037,0.000112,0.000156,0.000124,0.000126,0.000115,0.000098,0.000032,0.000003,0.000011,0.000047,0.000078
479,,,,,,,,,,,,,,0.000016,0.000343,0.000309,0.000467,0.000992,0.001481,0.001747,0.001725,0.001578,0.001410,0.001133,0.001007,0.000763,0.000561,0.000396,0.000291,0.000316,0.000310,0.000313,0.000280,0.000219,0.000166,0.000144,0.000093,0.000016,0.000027,0.000043,0.000044,0.000035,0.000032,0.000023,0.000040,0.000042,0.000008,0.000045,0.000137,0.000133
480,,,,,,,,,,,,,,0.000004,0.000055,0.000049,0.000073,0.000125,0.000139,0.000131,0.000107,0.000093,0.000092,0.000100,0.000104,0.000119,0.000136,0.000204,0.000274,0.000420,0.000444,0.000303,0.000252,0.000221,0.000140,0.000123,0.000103,0.000023,0.000030,0.000067,0.000057,0.000052,0.000075,0.000086,0.000073,0.000024,0.000003,0.000009,0.000045,0.000042
481,,,,,,,,,,,,,,0.000005,0.000279,0.000309,0.000458,0.000550,0.000543,0.000395,0.000293,0.000237,0.000207,0.000174,0.000165,0.000154,0.000138,0.000104,0.000077,0.000092,0.000121,0.000154,0.000149,0.000133,0.000114,0.000096,0.000073,0.000031,0.000036,0.000072,0.000068,0.000054,0.000051,0.000039,0.000020,0.000008,0.000003,0.000010,0.000027,0.000038
482,,,,,,,,,,,,,,0.000005,0.000113,0.000066,0.000113,0.000296,0.000547,0.000542,0.000480,0.000422,0.000396,0.000360,0.000348,0.000306,0.000271,0.000236,0.000186,0.000200,0.000169,0.000151,0.000107,0.000084,0.000076,0.000081,0.000076,0.000019,0.000036,0.000090,0.000063,0.000035,0.000030,0.000023,0.000030,0.000016,0.000003,0.000008,0.000044,0.000074
483,,,,,,,,,,,,,,0.000009,0.000161,0.000108,0.000182,0.000380,0.000500,0.000481,0.000425,0.000420,0.000424,0.000452,0.000538,0.000620,0.000867,0.001099,0.001163,0.001320,0.000992,0.000783,0.000548,0.000421,0.000317,0.000257,0.000179,0.000022,0.000035,0.000104,0.000096,0.000103,0.000107,0.000093,0.000072,0.000022,0.000006,0.000016,0.000077,0.000087
484,,,,,,,,,,,,,,0.000007,0.000089,0.000066,0.000098,0.000174,0.000213,0.000195,0.000179,0.000163,0.000166,0.000147,0.000148,0.000122,0.000105,0.000094,0.000081,0.000096,0.000103,0.000110,0.000098,0.000089,0.000105,0.000118,0.000099,0.000044,0.000041,0.000173,0.000210,0.000149,0.000125,0.000089,0.000053,0.000017,0.000002,0.000010,0.000071,0.000080
485,,,,,,,,,,,,,,0.000009,0.000268,0.000268,0.000404,0.000575,0.000624,0.000565,0.000482,0.000425,0.000405,0.000370,0.000354,0.000313,0.000277,0.000247,0.000187,0.000187,0.000163,0.000156,0.000133,0.000116,0.000096,0.000082,0.000054,0.000013,0.000020,0.000057,0.000062,0.000044,0.000048,0.000061,0.000044,0.000016,0.000002,0.000007,0.000047,0.000055
486,,,,,,,,,,,,,,0.000005,0.000081,0.000049,0.000064,0.000088,0.000095,0.000095,0.000091,0.000144,0.000172,0.000294,0.000386,0.000324,0.000256,0.000196,0.000108,0.000109,0.000092,0.000092,0.000089,0.000083,0.000089,0.000071,0.000056,0.000015,0.000022,0.000042,0.000041,0.000044,0.000060,0.000052,0.000031,0.000014,0.000003,0.000010,0.000056,0.000077
487,,,,,,,,,,,,,,0.000005,0.000096,0.000054,0.000058,0.000101,0.000152,0.000214,0.000272,0.000371,0.000489,0.000612,0.000713,0.000726,0.000655,0.000545,0.000430,0.000307,0.000283,0.000232,0.000180,0.000156,0.000132,0.000121,0.000084,0.000013,0.000025,0.000054,0.000060,0.000072,0.000085,0.000101,0.000079,0.000029,0.000004,0.000015,0.000061,0.000071
488,,,,,,,,,,,,,,0.000002,0.000136,0.000161,0.000184,0.000196,0.000183,0.000160,0.000134,0.000147,0.000151,0.000156,0.000217,0.000241,0.000285,0.000346,0.000414,0.000489,0.000436,0.000441,0.000467,0.000425,0.000307,0.000236,0.000125,0.000020,0.000036,0.000128,0.000195,0.000142,0.000109,0.000056,0.000025,0.000013,0.000003,0.000012,0.000012,0.000020
489,,,,,,,,,,,,,,0.000004,0.000065,0.000043,0.000032,0.000060,0.000094,0.000138,0.000198,0.000343,0.000541,0.000840,0.001203,0.001341,0.001380,0.001086,0.000707,0.000576,0.000408,0.000335,0.000263,0.000194,0.000157,0.000139,0.000106,0.000023,0.000030,0.000063,0.000065,0.000074,0.000131,0.000143,0.000102,0.000034,0.000004,0.000015,0.000046,0.000068
490,,,,,,,,,,,,,,0.000015,0.000267,0.000189,0.000165,0.000215,0.000239,0.000232,0.000229,0.000218,0.000210,0.000184,0.000209,0.000177,0.000171,0.000179,0.000227,0.000348,0.000477,0.000631,0.000464,0.000379,0.000302,0.000240,0.000167,0.000031,0.000041,0.000079,0.000075,0.000056,0.000051,0.000044,0.000032,0.000009,0.000003,0.000007,0.000024,0.000031
491,,,,,,,,,,,,,,0.000005,0.000062,0.000022,0.000036,0.000045,0.000038,0.000078,0.000130,0.000199,0.000267,0.000363,0.000488,0.000671,0.000969,0.001312,0.001265,0.001046,0.000717,0.000657,0.000502,0.000373,0.000281,0.000256,0.000181,0.000037,0.000047,0.000103,0.000085,0.000065,0.000064,0.000057,0.000062,0.000027,0.000006,0.000016,0.000049,0.000062
492,,,,,,,,,,,,,,0.000004,0.000077,0.000050,0.000052,0.000079,0.000118,0.000128,0.000107,0.000090,0.000099,0.000093,0.000111,0.000117,0.000116,0.000099,0.000090,0.000095,0.000096,0.000109,0.000104,0.000106,0.000135,0.000245,0.000429,0.000072,0.000133,0.000345,0.000239,0.000140,0.000118,0.000089,0.000055,0.000016,0.000003,0.000009,0.000036,0.000041
493,,,,,,,,,,,,,,0.000005,0.000073,0.000062,0.000098,0.000176,0.000250,0.000295,0.000254,0.000246,0.000302,0.000329,0.000402,0.000489,0.000627,0.000693,0.000702,0.000526,0.000435,0.000360,0.000322,0.000252,0.000204,0.000182,0.000131,0.000019,0.000033,0.000075,0.000072,0.000060,0.000059,0.000058,0.000032,0.000014,0.000003,0.000011,0.000057,0.000056
494,,,,,,,,,,,,,,0.000006,0.000142,0.000130,0.000171,0.000270,0.000324,0.000340,0.000339,0.000315,0.000303,0.000270,0.000272,0.000261,0.000242,0.000206,0.000171,0.000175,0.000185,0.000234,0.000235,0.000222,0.000217,0.000260,0.000331,0.000059,0.000152,0.000561,0.000492,0.000299,0.000261,0.000183,0.000117,0.000034,0.000003,0.000008,0.000032,0.000040
495,,,,,,,,,,,,,,0.000006,0.000084,0.000057,0.000065,0.000106,0.000142,0.000160,0.000162,0.000146,0.000118,0.000141,0.000129,0.000135,0.000135,0.000118,0.000098,0.000098,0.000083,0.000119,0.000104,0.000104,0.000130,0.000132,0.000095,0.000024,0.000029,0.000058,0.000060,0.000061,0.000078,0.000090,0.000078,0.000037,0.000005,0.000015,0.000107,0.000084
496,,,,,,,,,,,,,,0.000016,0.000289,0.000184,0.000190,0.000273,0.000334,0.000336,0.000307,0.000268,0.000245,0.000221,0.000226,0.000217,0.000196,0.000171,0.000155,0.000164,0.000166,0.000239,0.000397,0.000704,0.001013,0.000808,0.000421,0.000040,0.000054,0.000140,0.000109,0.000084,0.000077,0.000057,0.000063,0.000021,0.000003,0.000010,0.000061,0.000063
497,,,,,,,,,,,,,,0.000005,0.000093,0.000062,0.000082,0.000123,0.000157,0.000165,0.000163,0.000171,0.000207,0.000278,0.000428,0.000507,0.000688,0.000763,0.000645,0.000635,0.000487,0.000491,0.000368,0.000301,0.000243,0.000192,0.000133,0.000019,0.000032,0.000077,0.000070,0.000056,0.000058,0.000045,0.000033,0.000013,0.000002,0.000008,0.000054,0.000057
498,,,,,,,,,,,,,,0.000013,0.000096,0.000034,0.000023,0.000043,0.000057,0.000096,0.000119,0.000172,0.000227,0.000235,0.000260,0.000191,0.000127,0.000115,0.000071,0.000078,0.000063,0.000056,0.000061,0.000074,0.000094,0.000089,0.000057,0.000017,0.000023,0.000016,0.000014,0.000006,0.000026,0.000040,0.000049,0.000041,0.000009,0.000033,0.000207,0.000246
499,,,,,,,,,,,,,,0.000003,0.000052,0.000032,0.000037,0.000061,0.000079,0.000065,0.000057,0.000049,0.000044,0.000052,0.000060,0.000059,0.000056,0.000056,0.000056,0.000063,0.000079,0.000133,0.000215,0.000268,0.000249,0.000230,0.000131,0.000023,0.000058,0.000233,0.000207,0.000131,0.000091,0.000075,0.000041,0.000015,0.000004,0.000010,0.000031,0.000037
500,,,,,,,,,,,,,,0.000004,0.000080,0.000044,0.000044,0.000051,0.000061,0.000050,0.000043,0.000038,0.000036,0.000046,0.000061,0.000066,0.000061,0.000061,0.000060,0.000062,0.000065,0.000070,0.000069,0.000079,0.000099,0.000136,0.000247,0.000053,0.000176,0.000413,0.000322,0.000199,0.000185,0.000165,0.000118,0.000038,0.000004,0.000012,0.000055,0.000051
501,,,,,,,,,,,,,,0.000004,0.000077,0.000060,0.000102,0.000159,0.000201,0.000172,0.000175,0.000169,0.000175,0.000171,0.000176,0.000144,0.000106,0.000081,0.000070,0.000063,0.000116,0.000096,0.000097,0.000085,0.000056,0.000056,0.000060,0.000025,0.000028,0.000038,0.000039,0.000039,0.000050,0.000043,0.000050,0.000022,0.000003,0.000010,0.000047,0.000042
502,,,,,,,,,,,,,,0.000006,0.000097,0.000059,0.000052,0.000086,0.000112,0.000108,0.000111,0.000096,0.000088,0.000101,0.000114,0.000117,0.000112,0.000087,0.000066,0.000072,0.000095,0.000116,0.000136,0.000154,0.000208,0.000220,0.000231,0.000075,0.000071,0.000258,0.000208,0.000119,0.000105,0.000080,0.000051,0.000017,0.000003,0.000010,0.000041,0.000052
503,,,,,,,,,,,,,,0.000016,0.000211,0.000118,0.000143,0.000217,0.000213,0.000201,0.000155,0.000126,0.000101,0.000091,0.000099,0.000085,0.000076,0.000074,0.000083,0.000113,0.000122,0.000110,0.000087,0.000075,0.000080,0.000106,0.000092,0.000034,0.000026,0.000027,0.000037,0.000033,0.000034,0.000054,0.000050,0.000018,0.000003,0.000008,0.000027,0.000041
504,,,,,,,,,,,,,,0.000006,0.000158,0.000086,0.000122,0.000219,0.000285,0.000284,0.000248,0.000183,0.000150,0.000126,0.000118,0.000118,0.000131,0.000126,0.000140,0.000163,0.000199,0.000223,0.000268,0.000213,0.000200,0.000125,0.000097,0.000045,0.000061,0.000047,0.000040,0.000040,0.000034,0.000041,0.000031,0.000015,0.000003,0.000009,0.000062,0.000080
505,,,,,,,,,,,,,,0.000022,0.000423,0.000244,0.000348,0.000399,0.000461,0.000425,0.000370,0.000287,0.000241,0.000196,0.000188,0.000158,0.000157,0.000152,0.000133,0.000115,0.000099,0.000115,0.000105,0.000113,0.000105,0.000083,0.000070,0.000021,0.000027,0.000058,0.000065,0.000054,0.000062,0.000072,0.000059,0.000023,0.000004,0.000012,0.000034,0.000052
506,,,,,,,,,,,,,,0.000005,0.000075,0.000046,0.000073,0.000129,0.000150,0.000132,0.000113,0.000111,0.000111,0.000114,0.000091,0.000084,0.000073,0.000067,0.000061,0.000069,0.000072,0.000089,0.000066,0.000052,0.000110,0.000078,0.000059,0.000016,0.000030,0.000068,0.000076,0.000137,0.000195,0.000237,0.000194,0.000058,0.000005,0.000020,0.000087,0.000094
507,,,,,,,,,,,,,,0.000005,0.000081,0.000070,0.000101,0.000160,0.000178,0.000158,0.000145,0.000134,0.000126,0.000106,0.000101,0.000093,0.000096,0.000075,0.000059,0.000066,0.000073,0.000096,0.000093,0.000091,0.000103,0.000113,0.000104,0.000021,0.000035,0.000081,0.000062,0.000042,0.000037,0.000047,0.000054,0.000043,0.000008,0.000021,0.000057,0.000065
508,,,,,,,,,,,,,,0.000002,0.000027,0.000017,0.000049,0.000060,0.000071,0.000062,0.000061,0.000063,0.000066,0.000065,0.000066,0.000059,0.000050,0.000049,0.000046,0.000050,0.000068,0.000085,0.000086,0.000093,0.000080,0.000070,0.000045,0.000007,0.000011,0.000016,0.000018,0.000023,0.000029,0.000040,0.000043,0.000024,0.000003,0.000007,0.000026,0.000026
509,,,,,,,,,,,,,,0.000013,0.000187,0.000126,0.000145,0.000206,0.000212,0.000185,0.000148,0.000129,0.000132,0.000129,0.000139,0.000140,0.000132,0.000112,0.000105,0.000088,0.000083,0.000096,0.000165,0.000336,0.000415,0.000495,0.000273,0.000037,0.000032,0.000090,0.000086,0.000053,0.000046,0.000049,0.000043,0.000014,0.000003,0.000010,0.000070,0.000138
510,,,,,,,,,,,,,,0.000007,0.000122,0.000085,0.000093,0.000125,0.000138,0.000111,0.000093,0.000080,0.000087,0.000100,0.000133,0.000140,0.000164,0.000153,0.000129,0.000192,0.000156,0.000142,0.000094,0.000076,0.000158,0.000399,0.000680,0.000098,0.000197,0.000482,0.000382,0.000219,0.000177,0.000123,0.000070,0.000019,0.000004,0.000011,0.000026,0.000051
511,,,,,,,,,,,,,,0.000006,0.000108,0.000079,0.000073,0.000081,0.000093,0.000111,0.000141,0.000173,0.000192,0.000221,0.000251,0.000298,0.000388,0.000458,0.000395,0.000415,0.000349,0.000324,0.000235,0.000174,0.000158,0.000154,0.000184,0.000078,0.000048,0.000048,0.000052,0.000075,0.000132,0.000142,0.000109,0.000027,0.000004,0.000017,0.000076,0.000063
512,,,,,,,,,,,,,,0.000009,0.000123,0.000057,0.000062,0.000065,0.000077,0.000060,0.000047,0.000042,0.000054,0.000042,0.000028,0.000021,0.000022,0.000028,0.000028,0.000040,0.000060,0.000083,0.000089,0.000094,0.000097,0.000114,0.000086,0.000025,0.000035,0.000064,0.000063,0.000058,0.000050,0.000051,0.000052,0.000086,0.000015,0.000039,0.000129,0.000202
513,,,,,,,,,,,,,,0.000005,0.000108,0.000058,0.000067,0.000105,0.000125,0.000136,0.000151,0.000155,0.000158,0.000146,0.000177,0.000208,0.000232,0.000315,0.000389,0.000619,0.000875,0.001091,0.000742,0.000548,0.000420,0.000264,0.000179,0.000024,0.000033,0.000098,0.000090,0.000065,0.000076,0.000089,0.000110,0.000037,0.000006,0.000017,0.000080,0.000092
514,,,,,,,,,,,,,,0.000008,0.000290,0.000405,0.000748,0.000968,0.000986,0.000812,0.000626,0.000521,0.000435,0.000366,0.000348,0.000287,0.000266,0.000189,0.000125,0.000114,0.000110,0.000129,0.000129,0.000141,0.000140,0.000136,0.000103,0.000024,0.000036,0.000059,0.000062,0.000062,0.000059,0.000047,0.000057,0.000018,0.000003,0.000011,0.000052,0.000068
515,,,,,,,,,,,,,,0.000018,0.000292,0.000182,0.000248,0.000445,0.000633,0.000655,0.000670,0.000600,0.000518,0.000376,0.000280,0.000193,0.000138,0.000094,0.000059,0.000041,0.000309,0.000104,0.000093,0.000074,0.000083,0.000175,0.000138,0.000051,0.000184,0.000048,0.000033,0.000039,0.000038,0.000033,0.000031,0.000024,0.000005,0.000025,0.000181,0.000200
516,,,,,,,,,,,,,,0.000017,0.000289,0.000185,0.000224,0.000421,0.000636,0.000818,0.000859,0.000990,0.000965,0.000861,0.000743,0.000586,0.000515,0.000404,0.000281,0.000262,0.000256,0.000358,0.000474,0.000600,0.000585,0.000492,0.000346,0.000033,0.000043,0.000120,0.000120,0.000087,0.000091,0.000095,0.000079,0.000029,0.000003,0.000012,0.000109,0.000108
517,,,,,,,,,,,,,,0.000006,0.000101,0.000057,0.000074,0.000098,0.000103,0.000096,0.000083,0.000092,0.000096,0.000100,0.000112,0.000104,0.000075,0.000053,0.000048,0.000056,0.000063,0.000053,0.000042,0.000028,0.000025,0.000037,0.000039,0.000019,0.000029,0.000103,0.000147,0.000157,0.000135,0.000099,0.000056,0.000019,0.000006,0.000036,0.000107,0.000083
518,,,,,,,,,,,,,,0.000010,0.000151,0.000089,0.000125,0.000200,0.000216,0.000205,0.000175,0.000168,0.000201,0.000202,0.000227,0.000301,0.000445,0.000510,0.000441,0.000414,0.000346,0.000332,0.000254,0.000241,0.000271,0.000238,0.000157,0.000022,0.000039,0.000090,0.000096,0.000101,0.000084,0.000074,0.000047,0.000013,0.000002,0.000010,0.000119,0.000133
519,,,,,,,,,,,,,,0.000007,0.000087,0.000057,0.000131,0.000227,0.000323,0.000311,0.000321,0.000389,0.000392,0.000331,0.000263,0.000210,0.000185,0.000125,0.000107,0.000103,0.000099,0.000107,0.000135,0.000152,0.000134,0.000140,0.000103,0.000042,0.000049,0.000043,0.000052,0.000062,0.000060,0.000051,0.000039,0.000028,0.000007,0.000017,0.000063,0.000095
520,,,,,,,,,,,,,,0.000012,0.000233,0.000150,0.000192,0.000314,0.000414,0.000398,0.000363,0.000313,0.000285,0.000267,0.000247,0.000225,0.000215,0.000215,0.000174,0.000207,0.000220,0.000275,0.000269,0.000245,0.000229,0.000264,0.000281,0.000042,0.000079,0.000214,0.000134,0.000097,0.000121,0.000139,0.000130,0.000036,0.000005,0.000011,0.000078,0.000094
521,,,,,,,,,,,,,,0.000025,0.000458,0.000252,0.000270,0.000316,0.000312,0.000258,0.000228,0.000193,0.000177,0.000150,0.000151,0.000152,0.000129,0.000098,0.000069,0.000067,0.000071,0.000071,0.000080,0.000084,0.000091,0.000093,0.000081,0.000018,0.000021,0.000043,0.000043,0.000042,0.000045,0.000033,0.000025,0.000013,0.000002,0.000010,0.000050,0.000045
522,,,,,,,,,,,,,,0.000005,0.000088,0.000064,0.000072,0.000111,0.000148,0.000150,0.000138,0.000130,0.000121,0.000124,0.000128,0.000119,0.000112,0.000100,0.000136,0.000285,0.000545,0.000914,0.000881,0.000699,0.000504,0.000363,0.000225,0.000029,0.000041,0.000100,0.000086,0.000052,0.000052,0.000043,0.000038,0.000024,0.000007,0.000014,0.000053,0.000056
523,,,,,,,,,,,,,,0.000009,0.000176,0.000110,0.000153,0.000268,0.000329,0.000333,0.000310,0.000294,0.000290,0.000287,0.000323,0.000331,0.000347,0.000329,0.000305,0.000316,0.000311,0.000327,0.000326,0.000401,0.000535,0.000610,0.000505,0.000044,0.000078,0.000241,0.000220,0.000169,0.000182,0.000151,0.000091,0.000022,0.000002,0.000008,0.000046,0.000061
524,,,,,,,,,,,,,,0.000011,0.000160,0.000153,0.000279,0.000368,0.000433,0.000347,0.000319,0.000255,0.000256,0.000245,0.000223,0.000192,0.000152,0.000128,0.000098,0.000092,0.000087,0.000110,0.000098,0.000119,0.000176,0.000375,0.000327,0.000078,0.000055,0.000093,0.000075,0.000062,0.000060,0.000059,0.000051,0.000026,0.000004,0.000012,0.000110,0.000115
525,,,,,,,,,,,,,,0.000005,0.000095,0.000055,0.000053,0.000091,0.000101,0.000104,0.000101,0.000086,0.000092,0.000084,0.000091,0.000084,0.000081,0.000079,0.000059,0.000058,0.000056,0.000075,0.000092,0.000098,0.000084,0.000083,0.000098,0.000068,0.000044,0.000049,0.000046,0.000072,0.000071,0.000057,0.000044,0.000016,0.000002,0.000008,0.000042,0.000041
526,,,,,,,,,,,,,,0.000008,0.000151,0.000079,0.000085,0.000123,0.000144,0.000137,0.000116,0.000102,0.000105,0.000095,0.000084,0.000084,0.000095,0.000113,0.000155,0.000237,0.000300,0.000312,0.000261,0.000216,0.000165,0.000138,0.000104,0.000032,0.000033,0.000104,0.000085,0.000066,0.000095,0.000105,0.000097,0.000041,0.000005,0.000023,0.000137,0.000114
527,,,,,,,,,,,,,,0.000004,0.000057,0.000034,0.000073,0.000203,0.000350,0.000370,0.000312,0.000256,0.000216,0.000177,0.000171,0.000141,0.000118,0.000098,0.000071,0.000069,0.000054,0.000063,0.000059,0.000071,0.000090,0.000121,0.000090,0.000019,0.000017,0.000030,0.000036,0.000054,0.000147,0.000369,0.000368,0.000099,0.000006,0.000014,0.000044,0.000055
528,,,,,,,,,,,,,,0.000016,0.000360,0.000220,0.000196,0.000256,0.000291,0.000256,0.000270,0.000254,0.000234,0.000188,0.000178,0.000161,0.000163,0.000151,0.000116,0.000100,0.000206,0.000108,0.000089,0.000114,0.000214,0.000340,0.000292,0.000047,0.000045,0.000098,0.000114,0.000149,0.000237,0.000284,0.000243,0.000105,0.000007,0.000013,0.000052,0.000073
529,,,,,,,,,,,,,,0.000008,0.000079,0.000044,0.000065,0.000105,0.000124,0.000122,0.000116,0.000115,0.000120,0.000118,0.000123,0.000105,0.000078,0.000064,0.000051,0.000048,0.000050,0.000054,0.000045,0.000036,0.000043,0.000049,0.000031,0.000015,0.000018,0.000047,0.000072,0.000090,0.000166,0.000240,0.000210,0.000052,0.000006,0.000013,0.000089,0.000144
530,,,,,,,,,,,,,,0.000017,0.000378,0.000170,0.000141,0.000211,0.000253,0.000261,0.000263,0.000277,0.000295,0.000277,0.000276,0.000233,0.000188,0.000138,0.000110,0.000087,0.000077,0.000099,0.000104,0.000091,0.000078,0.000061,0.000045,0.000013,0.000020,0.000042,0.000047,0.000054,0.000109,0.000131,0.000096,0.000030,0.000003,0.000009,0.000144,0.000135
531,,,,,,,,,,,,,,0.000009,0.000133,0.000087,0.000086,0.000129,0.000146,0.000142,0.000137,0.000155,0.000171,0.000179,0.000188,0.000162,0.000141,0.000118,0.000085,0.000111,0.000102,0.000104,0.000132,0.000196,0.000199,0.000217,0.000173,0.000022,0.000038,0.000106,0.000101,0.000076,0.000112,0.000143,0.000130,0.000037,0.000003,0.000010,0.000073,0.000082
532,,,,,,,,,,,,,,0.000007,0.000094,0.000049,0.000073,0.000130,0.000153,0.000141,0.000111,0.000095,0.000093,0.000076,0.000078,0.000075,0.000077,0.000083,0.000068,0.000072,0.000064,0.000081,0.000149,0.000208,0.000153,0.000135,0.000102,0.000019,0.000030,0.000053,0.000047,0.000040,0.000065,0.000112,0.000115,0.000038,0.000002,0.000007,0.000049,0.000070
533,,,,,,,,,,,,,,0.000007,0.000057,0.000041,0.000063,0.000112,0.000142,0.000152,0.000134,0.000117,0.000106,0.000092,0.000082,0.000072,0.000071,0.000065,0.000053,0.000057,0.000080,0.000087,0.000078,0.000080,0.000080,0.000078,0.000049,0.000013,0.000016,0.000040,0.000055,0.000085,0.000083,0.000069,0.000046,0.000014,0.000004,0.000013,0.000103,0.000133
534,,,,,,,,,,,,,,0.000014,0.000257,0.000178,0.000248,0.000280,0.000315,0.000284,0.000255,0.000227,0.000224,0.000182,0.000173,0.000145,0.000111,0.000092,0.000066,0.000063,0.000063,0.000069,0.000068,0.000071,0.000065,0.000084,0.000095,0.000034,0.000098,0.000412,0.000435,0.000331,0.000370,0.000363,0.000303,0.000086,0.000006,0.000013,0.000053,0.000074
535,,,,,,,,,,,,,,0.000005,0.000100,0.000058,0.000065,0.000093,0.000107,0.000100,0.000087,0.000087,0.000078,0.000069,0.000074,0.000054,0.000057,0.000075,0.000090,0.000081,0.000104,0.000123,0.000172,0.000212,0.000227,0.000199,0.000147,0.000034,0.000028,0.000070,0.000082,0.000080,0.000091,0.000078,0.000060,0.000022,0.000003,0.000010,0.000088,0.000086
536,,,,,,,,,,,,,,0.000004,0.000059,0.000057,0.000096,0.000208,0.000250,0.000230,0.000192,0.000198,0.000199,0.000213,0.000190,0.000175,0.000157,0.000121,0.000090,0.000081,0.000079,0.000101,0.000099,0.000135,0.000222,0.000505,0.000617,0.000083,0.000061,0.000051,0.000063,0.000053,0.000052,0.000051,0.000047,0.000021,0.000004,0.000013,0.000053,0.000049
537,,,,,,,,,,,,,,0.000004,0.000041,0.000020,0.000035,0.000062,0.000093,0.000135,0.000209,0.000284,0.000369,0.000439,0.000509,0.000499,0.000503,0.000340,0.000226,0.000186,0.000223,0.000152,0.000122,0.000120,0.000106,0.000101,0.000082,0.000024,0.000023,0.000012,0.000010,0.000053,0.000205,0.000337,0.000337,0.000121,0.000013,0.000054,0.000095,0.000133
538,,,,,,,,,,,,,,0.000007,0.000119,0.000073,0.000088,0.000115,0.000126,0.000118,0.000095,0.000098,0.000091,0.000082,0.000081,0.000081,0.000066,0.000050,0.000034,0.000034,0.000055,0.000113,0.000177,0.000167,0.000132,0.000134,0.000109,0.000020,0.000034,0.000043,0.000040,0.000043,0.000049,0.000050,0.000034,0.000015,0.000004,0.000016,0.000180,0.000162
539,,,,,,,,,,,,,,0.000008,0.000108,0.000072,0.000122,0.000398,0.000860,0.001212,0.001543,0.001478,0.001270,0.000928,0.000735,0.000545,0.000407,0.000276,0.000184,0.000143,0.000236,0.000149,0.000127,0.000107,0.000098,0.000143,0.000101,0.000024,0.000073,0.000036,0.000058,0.000045,0.000061,0.000069,0.000066,0.000032,0.000004,0.000017,0.000135,0.000115
540,,,,,,,,,,,,,,0.000008,0.000127,0.000106,0.000101,0.000155,0.000189,0.000174,0.000159,0.000142,0.000135,0.000129,0.000127,0.000120,0.000116,0.000091,0.000078,0.000070,0.000062,0.000070,0.000103,0.000222,0.000333,0.000301,0.000172,0.000022,0.000034,0.000066,0.000058,0.000027,0.000028,0.000022,0.000019,0.000025,0.000003,0.000011,0.000046,0.000058
541,,,,,,,,,,,,,,0.000023,0.000234,0.000128,0.000142,0.000224,0.000302,0.000318,0.000325,0.000362,0.000473,0.000544,0.000646,0.000654,0.000613,0.000523,0.000416,0.000335,0.000252,0.000181,0.000155,0.000149,0.000108,0.000095,0.000062,0.000014,0.000024,0.000081,0.000083,0.000071,0.000068,0.000053,0.000037,0.000017,0.000005,0.000030,0.000388,0.000540
542,,,,,,,,,,,,,,0.000008,0.000140,0.000069,0.000069,0.000088,0.000077,0.000080,0.000068,0.000055,0.000048,0.000037,0.000040,0.000043,0.000046,0.000050,0.000043,0.000052,0.000041,0.000037,0.000035,0.000035,0.000031,0.000031,0.000028,0.000011,0.000018,0.000030,0.000020,0.000013,0.000014,0.000018,0.000019,0.000012,0.000004,0.000015,0.000042,0.000050
543,,,,,,,,,,,,,,0.000005,0.000079,0.000048,0.000059,0.000099,0.000118,0.000116,0.000115,0.000114,0.000126,0.000115,0.000121,0.000105,0.000073,0.000076,0.000072,0.000067,0.000061,0.000066,0.000077,0.000086,0.000093,0.000124,0.000131,0.000022,0.000026,0.000059,0.000062,0.000055,0.000063,0.000105,0.000085,0.000030,0.000005,0.000009,0.000047,0.000064
544,,,,,,,,,,,,,,0.000009,0.000189,0.000237,0.000291,0.000438,0.000477,0.000452,0.000397,0.000342,0.000309,0.000267,0.000258,0.000250,0.000227,0.000158,0.000110,0.000092,0.000092,0.000097,0.000091,0.000126,0.000160,0.000143,0.000095,0.000020,0.000029,0.000071,0.000059,0.000045,0.000053,0.000052,0.000028,0.000013,0.000003,0.000010,0.000068,0.000121
545,,,,,,,,,,,,,,0.000004,0.000082,0.000078,0.000069,0.000083,0.000087,0.000075,0.000057,0.000047,0.000054,0.000055,0.000048,0.000047,0.000040,0.000033,0.000034,0.000038,0.000114,0.000113,0.000285,0.000271,0.000177,0.000190,0.000158,0.000024,0.000053,0.000086,0.000089,0.000093,0.000102,0.000094,0.000084,0.000045,0.000008,0.000016,0.000084,0.000080
546,,,,,,,,,,,,,,0.000003,0.000022,0.000016,0.000027,0.000024,0.000018,0.000036,0.000077,0.000184,0.000217,0.000254,0.000276,0.000236,0.000207,0.000164,0.000162,0.000207,0.000212,0.000226,0.000202,0.000157,0.000122,0.000133,0.000118,0.000032,0.000031,0.000018,0.000014,0.000054,0.000039,0.000030,0.000033,0.000029,0.000007,0.000023,0.000070,0.000066
547,,,,,,,,,,,,,,0.000003,0.000042,0.000023,0.000041,0.000046,0.000058,0.000066,0.000077,0.000065,0.000064,0.000068,0.000074,0.000075,0.000077,0.000068,0.000062,0.000059,0.000049,0.000059,0.000063,0.000071,0.000196,0.000103,0.000050,0.000012,0.000025,0.000107,0.000166,0.000174,0.000149,0.000098,0.000054,0.000019,0.000004,0.000015,0.000072,0.000047
548,,,,,,,,,,,,,,0.000015,0.000328,0.000199,0.000178,0.000322,0.000388,0.000371,0.000326,0.000276,0.000249,0.000224,0.000208,0.000190,0.000167,0.000149,0.000119,0.000095,0.000079,0.000083,0.000079,0.000085,0.000093,0.000109,0.000091,0.000020,0.000037,0.000066,0.000057,0.000042,0.000037,0.000031,0.000030,0.000012,0.000002,0.000006,0.000029,0.000048
549,,,,,,,,,,,,,,0.000009,0.000154,0.000110,0.000125,0.000229,0.000291,0.000279,0.000263,0.000243,0.000248,0.000257,0.000267,0.000270,0.000240,0.000195,0.000163,0.000173,0.000206,0.000288,0.000338,0.000379,0.000348,0.000319,0.000228,0.000028,0.000045,0.000135,0.000151,0.000121,0.000132,0.000128,0.000105,0.000035,0.000003,0.000010,0.000066,0.000072
550,,,,,,,,,,,,,,0.000016,0.000145,0.000089,0.000117,0.000185,0.000186,0.000176,0.000140,0.000138,0.000139,0.000111,0.000089,0.000079,0.000074,0.000095,0.000122,0.000138,0.000178,0.000181,0.000176,0.000159,0.000164,0.000182,0.000137,0.000020,0.000030,0.000055,0.000049,0.000045,0.000061,0.000065,0.000058,0.000029,0.000005,0.000021,0.000175,0.000258
551,,,,,,,,,,,,,,0.000005,0.000071,0.000048,0.000071,0.000130,0.000157,0.000153,0.000142,0.000116,0.000115,0.000100,0.000096,0.000092,0.000096,0.000079,0.000058,0.000061,0.000058,0.000055,0.000054,0.000052,0.000042,0.000050,0.000045,0.000013,0.000022,0.000052,0.000055,0.000043,0.000048,0.000044,0.000036,0.000016,0.000005,0.000012,0.000061,0.000123
552,,,,,,,,,,,,,,0.000006,0.000088,0.000042,0.000054,0.000122,0.000144,0.000131,0.000125,0.000103,0.000097,0.000088,0.000090,0.000093,0.000093,0.000077,0.000073,0.000089,0.000089,0.000106,0.000116,0.000128,0.000115,0.000092,0.000066,0.000020,0.000024,0.000046,0.000044,0.000041,0.000053,0.000070,0.000081,0.000036,0.000011,0.000036,0.000085,0.000091
553,,,,,,,,,,,,,,0.000003,0.000080,0.000069,0.000066,0.000078,0.000094,0.000091,0.000086,0.000080,0.000081,0.000086,0.000078,0.000074,0.000066,0.000062,0.000083,0.000150,0.000172,0.000268,0.000458,0.000608,0.000557,0.000499,0.000290,0.000029,0.000040,0.000104,0.000104,0.000078,0.000088,0.000083,0.000063,0.000024,0.000003,0.000008,0.000014,0.000026
554,,,,,,,,,,,,,,0.000006,0.000084,0.000062,0.000122,0.000155,0.000249,0.000304,0.000326,0.000296,0.000248,0.000194,0.000183,0.000160,0.000144,0.000113,0.000092,0.000122,0.000176,0.000263,0.000314,0.000264,0.000195,0.000151,0.000084,0.000020,0.000035,0.000092,0.000171,0.000132,0.000120,0.000153,0.000202,0.000055,0.000004,0.000012,0.000062,0.000080
555,,,,,,,,,,,,,,0.000018,0.000408,0.000230,0.000195,0.000269,0.000286,0.000273,0.000308,0.000317,0.000324,0.000298,0.000293,0.000256,0.000230,0.000195,0.000130,0.000120,0.000102,0.000118,0.000148,0.000113,0.000076,0.000061,0.000046,0.000016,0.000021,0.000074,0.000083,0.000073,0.000064,0.000058,0.000032,0.000014,0.000003,0.000010,0.000054,0.000071
556,,,,,,,,,,,,,,0.000006,0.000049,0.000024,0.000055,0.000113,0.000134,0.000107,0.000076,0.000056,0.000063,0.000063,0.000085,0.000085,0.000065,0.000044,0.000037,0.000051,0.000193,0.000144,0.000181,0.000240,0.000323,0.000408,0.000330,0.000097,0.000079,0.000168,0.000160,0.000177,0.000139,0.000118,0.000101,0.000073,0.000016,0.000042,0.000151,0.000133
557,,,,,,,,,,,,,,0.000005,0.000085,0.000056,0.000074,0.000104,0.000117,0.000120,0.000099,0.000080,0.000084,0.000094,0.000111,0.000101,0.000080,0.000081,0.000100,0.000219,0.000209,0.000222,0.000151,0.000125,0.000127,0.000118,0.000084,0.000015,0.000025,0.000088,0.000108,0.000083,0.000074,0.000066,0.000071,0.000029,0.000003,0.000010,0.000070,0.000074
558,,,,,,,,,,,,,,0.000004,0.000054,0.000042,0.000065,0.000134,0.000189,0.000199,0.000212,0.000234,0.000214,0.000204,0.000208,0.000181,0.000142,0.000100,0.000082,0.000071,0.000069,0.000083,0.000113,0.000126,0.000133,0.000131,0.000089,0.000014,0.000023,0.000064,0.000123,0.000257,0.000569,0.000776,0.000643,0.000182,0.000012,0.000026,0.000082,0.000066
559,,,,,,,,,,,,,,0.000006,0.000072,0.000032,0.000029,0.000022,0.000020,0.000022,0.000016,0.000010,0.000017,0.000037,0.000069,0.000093,0.000178,0.000305,0.000544,0.000708,0.000774,0.000821,0.000686,0.000528,0.000382,0.000307,0.000186,0.000023,0.000036,0.000141,0.000242,0.000275,0.000351,0.000344,0.000277,0.000079,0.000005,0.000014,0.000087,0.000139
560,,,,,,,,,,,,,,0.000004,0.000079,0.000048,0.000063,0.000089,0.000107,0.000105,0.000103,0.000087,0.000085,0.000080,0.000076,0.000080,0.000075,0.000065,0.000065,0.000057,0.000141,0.000273,0.000325,0.000341,0.000428,0.000286,0.000215,0.000033,0.000037,0.000050,0.000050,0.000052,0.000047,0.000051,0.000041,0.000017,0.000003,0.000013,0.000040,0.000056
561,,,,,,,,,,,,,,0.000004,0.000134,0.000080,0.000076,0.000121,0.000179,0.000176,0.000151,0.000148,0.000125,0.000114,0.000103,0.000100,0.000091,0.000091,0.000060,0.000069,0.000056,0.000069,0.000077,0.000082,0.000070,0.000059,0.000059,0.000017,0.000040,0.000100,0.000170,0.000152,0.000120,0.000108,0.000104,0.000056,0.000007,0.000015,0.000046,0.000037
562,,,,,,,,,,,,,,0.000019,0.000434,0.000375,0.000354,0.000409,0.000384,0.000338,0.000295,0.000230,0.000186,0.000149,0.000128,0.000134,0.000126,0.000107,0.000086,0.000091,0.000100,0.000100,0.000067,0.000060,0.000082,0.000080,0.000049,0.000013,0.000034,0.000075,0.000072,0.000049,0.000055,0.000045,0.000035,0.000019,0.000003,0.000011,0.000054,0.000078
563,,,,,,,,,,,,,,0.000011,0.000165,0.000125,0.000214,0.000501,0.000681,0.000748,0.000661,0.000601,0.000499,0.000429,0.000402,0.000324,0.000265,0.000215,0.000168,0.000155,0.000145,0.000146,0.000140,0.000149,0.000164,0.000135,0.000104,0.000020,0.000032,0.000055,0.000062,0.000060,0.000073,0.000082,0.000057,0.000023,0.000004,0.000012,0.000071,0.000085
564,,,,,,,,,,,,,,0.000010,0.000154,0.000074,0.000088,0.000135,0.000158,0.000163,0.000181,0.000210,0.000261,0.000300,0.000387,0.000422,0.000444,0.000458,0.000454,0.000533,0.000591,0.000686,0.000579,0.000419,0.000289,0.000229,0.000137,0.000020,0.000033,0.000066,0.000051,0.000033,0.000033,0.000028,0.000026,0.000010,0.000003,0.000011,0.000085,0.000125
565,,,,,,,,,,,,,,0.000005,0.000122,0.000129,0.000277,0.000372,0.000332,0.000243,0.000209,0.000142,0.000113,0.000098,0.000099,0.000102,0.000080,0.000062,0.000052,0.000062,0.000072,0.000104,0.000119,0.000128,0.000098,0.000088,0.000073,0.000021,0.000017,0.000046,0.000045,0.000030,0.000027,0.000037,0.000028,0.000011,0.000003,0.000018,0.000045,0.000046
566,,,,,,,,,,,,,,0.000012,0.000176,0.000095,0.000101,0.000144,0.000155,0.000148,0.000121,0.000110,0.000121,0.000093,0.000075,0.000059,0.000050,0.000038,0.000019,0.000020,0.000043,0.000132,0.000213,0.000220,0.000176,0.000110,0.000088,0.000019,0.000036,0.000126,0.000181,0.000238,0.000240,0.000180,0.000149,0.000040,0.000008,0.000032,0.000239,0.000229
567,,,,,,,,,,,,,,0.000007,0.000170,0.000125,0.000143,0.000212,0.000273,0.000236,0.000220,0.000202,0.000198,0.000177,0.000173,0.000158,0.000142,0.000171,0.000107,0.000100,0.000094,0.000113,0.000104,0.000104,0.000101,0.000105,0.000078,0.000016,0.000021,0.000039,0.000052,0.000047,0.000053,0.000051,0.000041,0.000015,0.000002,0.000007,0.000035,0.000031
568,,,,,,,,,,,,,,0.000025,0.000378,0.000191,0.000173,0.000223,0.000241,0.000226,0.000192,0.000183,0.000195,0.000197,0.000253,0.000281,0.000299,0.000276,0.000200,0.000170,0.000119,0.000113,0.000103,0.000117,0.000114,0.000082,0.000049,0.000015,0.000027,0.000065,0.000059,0.000077,0.000049,0.000033,0.000035,0.000021,0.000005,0.000015,0.000072,0.000105
569,,,,,,,,,,,,,,0.000008,0.000101,0.000064,0.000077,0.000138,0.000130,0.000111,0.000083,0.000090,0.000087,0.000091,0.000111,0.000105,0.000119,0.000119,0.000112,0.000133,0.000134,0.000155,0.000138,0.000114,0.000112,0.000112,0.000091,0.000026,0.000030,0.000052,0.000061,0.000056,0.000072,0.000070,0.000060,0.000046,0.000005,0.000018,0.000110,0.000090
570,,,,,,,,,,,,,,0.000003,0.000050,0.000033,0.000042,0.000046,0.000059,0.000053,0.000046,0.000020,0.000017,0.000015,0.000014,0.000016,0.000024,0.000035,0.000034,0.000086,0.000167,0.000327,0.000347,0.000326,0.000346,0.000213,0.000129,0.000023,0.000039,0.000071,0.000074,0.000092,0.000092,0.000080,0.000089,0.000029,0.000004,0.000010,0.000038,0.000051
571,,,,,,,,,,,,,,0.000014,0.000234,0.000148,0.000176,0.000281,0.000310,0.000292,0.000262,0.000236,0.000221,0.000201,0.000204,0.000173,0.000153,0.000133,0.000102,0.000101,0.000115,0.000131,0.000140,0.000133,0.000099,0.000066,0.000054,0.000020,0.000028,0.000048,0.000047,0.000034,0.000032,0.000025,0.000022,0.000020,0.000005,0.000015,0.000129,0.000165
572,,,,,,,,,,,,,,0.000009,0.000135,0.000073,0.000080,0.000105,0.000140,0.000138,0.000108,0.000089,0.000114,0.000103,0.000099,0.000097,0.000090,0.000103,0.000093,0.000091,0.000153,0.000201,0.000195,0.000245,0.000404,0.000271,0.000193,0.000029,0.000048,0.000070,0.000066,0.000074,0.000071,0.000049,0.000041,0.000029,0.000008,0.000026,0.000327,0.000204
573,,,,,,,,,,,,,,0.000009,0.000151,0.000085,0.000111,0.000156,0.000179,0.000183,0.000171,0.000154,0.000150,0.000141,0.000135,0.000112,0.000104,0.000097,0.000080,0.000085,0.000072,0.000104,0.000103,0.000102,0.000093,0.000087,0.000087,0.000021,0.000073,0.000566,0.000614,0.000303,0.000222,0.000161,0.000094,0.000027,0.000003,0.000013,0.000078,0.000083
574,,,,,,,,,,,,,,0.000004,0.000055,0.000037,0.000045,0.000068,0.000086,0.000079,0.000060,0.000060,0.000060,0.000063,0.000073,0.000075,0.000079,0.000057,0.000041,0.000044,0.000047,0.000039,0.000038,0.000042,0.000030,0.000018,0.000018,0.000028,0.000026,0.000036,0.000033,0.000032,0.000030,0.000025,0.000020,0.000018,0.000006,0.000017,0.000062,0.000058
575,,,,,,,,,,,,,,0.000003,0.000091,0.000068,0.000085,0.000137,0.000188,0.000168,0.000135,0.000102,0.000110,0.000109,0.000136,0.000139,0.000125,0.000100,0.000100,0.000073,0.000064,0.000046,0.000046,0.000052,0.000045,0.000049,0.000035,0.000012,0.000017,0.000033,0.000043,0.000048,0.000051,0.000043,0.000031,0.000020,0.000009,0.000028,0.000057,0.000065
576,,,,,,,,,,,,,,0.000003,0.000060,0.000036,0.000036,0.000042,0.000051,0.000045,0.000035,0.000025,0.000027,0.000033,0.000023,0.000016,0.000020,0.000021,0.000028,0.000039,0.000052,0.000079,0.000102,0.000116,0.000113,0.000115,0.000099,0.000014,0.000023,0.000054,0.000077,0.000098,0.000088,0.000078,0.000063,0.000025,0.000004,0.000009,0.000041,0.000035
577,,,,,,,,,,,,,,0.000004,0.000080,0.000034,0.000051,0.000086,0.000125,0.000149,0.000161,0.000202,0.000238,0.000269,0.000301,0.000290,0.000270,0.000249,0.000241,0.000369,0.000605,0.001122,0.001461,0.001494,0.001124,0.000805,0.000480,0.000052,0.000120,0.000548,0.000805,0.000679,0.000645,0.000495,0.000284,0.000069,0.000005,0.000013,0.000057,0.000049
578,,,,,,,,,,,,,,0.000004,0.000074,0.000050,0.000069,0.000082,0.000079,0.000098,0.000109,0.000109,0.000115,0.000120,0.000105,0.000100,0.000092,0.000079,0.000055,0.000064,0.000063,0.000091,0.000078,0.000073,0.000067,0.000082,0.000064,0.000018,0.000021,0.000073,0.000092,0.000087,0.000129,0.000163,0.000165,0.000072,0.000009,0.000016,0.000066,0.000066
579,,,,,,,,,,,,,,0.000006,0.000105,0.000076,0.000099,0.000139,0.000157,0.000148,0.000147,0.000134,0.000149,0.000149,0.000164,0.000135,0.000107,0.000084,0.000067,0.000047,0.000041,0.000051,0.000054,0.000055,0.000064,0.000066,0.000064,0.000027,0.000015,0.000042,0.000039,0.000036,0.000078,0.000062,0.000066,0.000047,0.000006,0.000020,0.000070,0.000101
580,,,,,,,,,,,,,,0.000010,0.000115,0.000052,0.000057,0.000089,0.000120,0.000130,0.000098,0.000083,0.000098,0.000086,0.000083,0.000081,0.000091,0.000083,0.000101,0.000088,0.000063,0.000090,0.000069,0.000076,0.000130,0.000121,0.000081,0.000016,0.000051,0.000226,0.000273,0.000224,0.000221,0.000197,0.000136,0.000042,0.000005,0.000025,0.000281,0.000274
581,,,,,,,,,,,,,,0.000007,0.000122,0.000213,0.000418,0.000678,0.000845,0.000732,0.000675,0.000534,0.000458,0.000385,0.000361,0.000318,0.000280,0.000214,0.000168,0.000142,0.000124,0.000125,0.000114,0.000103,0.000089,0.000079,0.000055,0.000016,0.000025,0.000040,0.000036,0.000031,0.000038,0.000039,0.000033,0.000018,0.000004,0.000013,0.000058,0.000055
582,,,,,,,,,,,,,,0.000007,0.000112,0.000077,0.000102,0.000153,0.000211,0.000209,0.000188,0.000142,0.000120,0.000100,0.000112,0.000118,0.000113,0.000094,0.000103,0.000153,0.000182,0.000236,0.000254,0.000247,0.000223,0.000166,0.000113,0.000080,0.000159,0.000207,0.000220,0.000248,0.000267,0.000240,0.000128,0.000043,0.000006,0.000020,0.000104,0.000102
583,,,,,,,,,,,,,,0.000003,0.000045,0.000029,0.000034,0.000046,0.000038,0.000029,0.000013,0.000013,0.000011,0.000009,0.000023,0.000035,0.000046,0.000056,0.000046,0.000037,0.000029,0.000037,0.000039,0.000048,0.000058,0.000060,0.000093,0.000027,0.000094,0.000152,0.000102,0.000079,0.000077,0.000053,0.000039,0.000019,0.000003,0.000009,0.000047,0.000042
584,,,,,,,,,,,,,,0.000005,0.000067,0.000056,0.000079,0.000112,0.000128,0.000117,0.000105,0.000097,0.000089,0.000085,0.000086,0.000081,0.000078,0.000057,0.000051,0.000049,0.000049,0.000034,0.000040,0.000048,0.000052,0.000051,0.000060,0.000019,0.000027,0.000071,0.000079,0.000070,0.000066,0.000072,0.000083,0.000034,0.000005,0.000013,0.000043,0.000042
585,,,,,,,,,,,,,,0.000007,0.000164,0.000096,0.000086,0.000102,0.000107,0.000088,0.000090,0.000080,0.000087,0.000071,0.000077,0.000078,0.000070,0.000060,0.000061,0.000052,0.000053,0.000047,0.000055,0.000074,0.000095,0.000167,0.000249,0.000042,0.000076,0.000197,0.000154,0.000100,0.000084,0.000053,0.000029,0.000018,0.000007,0.000022,0.000110,0.000088
586,,,,,,,,,,,,,,0.000007,0.000115,0.000079,0.000102,0.000185,0.000233,0.000247,0.000240,0.000203,0.000190,0.000165,0.000160,0.000160,0.000129,0.000107,0.000102,0.000095,0.000121,0.000149,0.000164,0.000157,0.000133,0.000129,0.000128,0.000027,0.000045,0.000120,0.000092,0.000065,0.000074,0.000068,0.000047,0.000019,0.000005,0.000017,0.000088,0.000080
587,,,,,,,,,,,,,,0.000004,0.000082,0.000058,0.000079,0.000137,0.000172,0.000230,0.000341,0.000534,0.000813,0.001004,0.001184,0.001128,0.000977,0.000621,0.000377,0.000276,0.000203,0.000204,0.000185,0.000176,0.000154,0.000152,0.000109,0.000020,0.000034,0.000070,0.000082,0.000105,0.000117,0.000095,0.000052,0.000020,0.000003,0.000010,0.000040,0.000043
588,,,,,,,,,,,,,,0.000014,0.000261,0.000140,0.000087,0.000111,0.000156,0.000189,0.000244,0.000306,0.000352,0.000378,0.000457,0.000518,0.000525,0.000509,0.000430,0.000389,0.000320,0.000274,0.000214,0.000180,0.000170,0.000231,0.000169,0.000025,0.000017,0.000033,0.000052,0.000133,0.000216,0.000309,0.000281,0.000078,0.000006,0.000023,0.000065,0.000088
589,,,,,,,,,,,,,,0.000009,0.000128,0.000063,0.000079,0.000079,0.000085,0.000080,0.000096,0.000104,0.000109,0.000083,0.000074,0.000075,0.000059,0.000056,0.000038,0.000019,0.000023,0.000018,0.000023,0.000039,0.000052,0.000072,0.000191,0.000040,0.000067,0.000051,0.000053,0.000054,0.000070,0.000078,0.000117,0.000072,0.000018,0.000070,0.000301,0.000322
590,,,,,,,,,,,,,,0.000008,0.000116,0.000065,0.000068,0.000109,0.000136,0.000132,0.000119,0.000103,0.000098,0.000103,0.000113,0.000128,0.000134,0.000149,0.000201,0.000282,0.000366,0.000285,0.000279,0.000263,0.000218,0.000234,0.000197,0.000045,0.000078,0.000237,0.000165,0.000109,0.000098,0.000093,0.000074,0.000027,0.000003,0.000008,0.000058,0.000070
591,,,,,,,,,,,,,,0.000005,0.000085,0.000041,0.000099,0.000144,0.000140,0.000127,0.000122,0.000113,0.000103,0.000094,0.000101,0.000103,0.000119,0.000107,0.000091,0.000091,0.000102,0.000155,0.000195,0.000188,0.000180,0.000178,0.000154,0.000065,0.000196,0.000062,0.000066,0.000087,0.000093,0.000123,0.000099,0.000033,0.000004,0.000019,0.000086,0.000075
592,,,,,,,,,,,,,,0.000002,0.000079,0.000038,0.000044,0.000057,0.000088,0.000117,0.000199,0.000291,0.000376,0.000424,0.000482,0.000471,0.000533,0.000557,0.000506,0.000490,0.000549,0.000556,0.000530,0.000512,0.000432,0.000342,0.000229,0.000039,0.000050,0.000132,0.000138,0.000108,0.000093,0.000082,0.000048,0.000019,0.000004,0.000013,0.000021,0.000070
593,,,,,,,,,,,,,,0.000006,0.000068,0.000032,0.000034,0.000025,0.000030,0.000027,0.000034,0.000039,0.000043,0.000039,0.000039,0.000048,0.000043,0.000032,0.000033,0.000060,0.000063,0.000061,0.000072,0.000078,0.000061,0.000078,0.000097,0.000032,0.000042,0.000075,0.000070,0.000062,0.000065,0.000045,0.000024,0.000019,0.000005,0.000015,0.000033,0.000031
594,,,,,,,,,,,,,,0.000004,0.000081,0.000045,0.000111,0.000131,0.000155,0.000153,0.000154,0.000126,0.000117,0.000114,0.000118,0.000110,0.000083,0.000068,0.000072,0.000059,0.000059,0.000077,0.000078,0.000071,0.000063,0.000067,0.000048,0.000018,0.000028,0.000037,0.000038,0.000035,0.000044,0.000039,0.000031,0.000018,0.000004,0.000009,0.000037,0.000041
595,,,,,,,,,,,,,,0.000007,0.000187,0.000214,0.000242,0.000278,0.000312,0.000288,0.000259,0.000223,0.000177,0.000153,0.000144,0.000137,0.000134,0.000109,0.000078,0.000079,0.000069,0.000079,0.000089,0.000124,0.000119,0.000106,0.000086,0.000028,0.000040,0.000048,0.000050,0.000043,0.000053,0.000065,0.000045,0.000017,0.000002,0.000010,0.000116,0.000097
596,,,,,,,,,,,,,,0.000013,0.000146,0.000086,0.000108,0.000169,0.000186,0.000193,0.000202,0.000217,0.000231,0.000219,0.000206,0.000171,0.000141,0.000109,0.000073,0.000082,0.000074,0.000079,0.000070,0.000074,0.000083,0.000067,0.000046,0.000015,0.000025,0.000053,0.000036,0.000034,0.000040,0.000041,0.000034,0.000030,0.000006,0.000028,0.000282,0.000323
597,,,,,,,,,,,,,,0.000005,0.000073,0.000051,0.000097,0.000300,0.000638,0.000914,0.001175,0.001143,0.001177,0.001015,0.000886,0.000706,0.000515,0.000366,0.000245,0.000194,0.000183,0.000184,0.000153,0.000139,0.000111,0.000107,0.000078,0.000016,0.000024,0.000060,0.000071,0.000045,0.000041,0.000031,0.000030,0.000014,0.000003,0.000010,0.000052,0.000061
598,,,,,,,,,,,,,,0.000016,0.000467,0.000325,0.000319,0.000412,0.000496,0.000452,0.000405,0.000372,0.000323,0.000305,0.000311,0.000280,0.000264,0.000230,0.000162,0.000130,0.000135,0.000162,0.000205,0.000369,0.000463,0.000398,0.000215,0.000030,0.000067,0.000191,0.000190,0.000157,0.000145,0.000125,0.000073,0.000025,0.000005,0.000015,0.000082,0.000076
599,,,,,,,,,,,,,,0.000003,0.000033,0.000022,0.000031,0.000048,0.000056,0.000054,0.000045,0.000037,0.000032,0.000042,0.000055,0.000057,0.000063,0.000071,0.000083,0.000097,0.000095,0.000123,0.000140,0.000141,0.000135,0.000144,0.000111,0.000019,0.000030,0.000078,0.000084,0.000079,0.000080,0.000079,0.000066,0.000046,0.000005,0.000013,0.000047,0.000161
600,,,,,,,,,,,,,,0.000006,0.000083,0.000048,0.000063,0.000093,0.000108,0.000097,0.000089,0.000082,0.000084,0.000089,0.000090,0.000085,0.000090,0.000084,0.000062,0.000055,0.000076,0.000084,0.000091,0.000101,0.000063,0.000073,0.000090,0.000093,0.000100,0.000239,0.000339,0.000275,0.000258,0.000198,0.000112,0.000036,0.000006,0.000018,0.000082,0.000081
601,,,,,,,,,,,,,,0.000004,0.000072,0.000049,0.000057,0.000073,0.000079,0.000079,0.000071,0.000069,0.000066,0.000050,0.000044,0.000046,0.000052,0.000048,0.000054,0.000065,0.000046,0.000041,0.000045,0.000068,0.000132,0.000099,0.000074,0.000017,0.000024,0.000042,0.000061,0.000057,0.000094,0.000196,0.000191,0.000038,0.000004,0.000009,0.000030,0.000037
602,,,,,,,,,,,,,,0.000005,0.000093,0.000070,0.000071,0.000106,0.000133,0.000145,0.000163,0.000220,0.000280,0.000319,0.000388,0.000383,0.000327,0.000270,0.000168,0.000128,0.000107,0.000113,0.000127,0.000280,0.000292,0.000358,0.000277,0.000023,0.000033,0.000101,0.000085,0.000094,0.000141,0.000161,0.000137,0.000040,0.000005,0.000013,0.000047,0.000041
603,,,,,,,,,,,,,,0.000005,0.000073,0.000054,0.000062,0.000091,0.000118,0.000115,0.000111,0.000102,0.000103,0.000094,0.000109,0.000100,0.000086,0.000079,0.000060,0.000057,0.000065,0.000069,0.000059,0.000049,0.000043,0.000043,0.000036,0.000024,0.000029,0.000042,0.000038,0.000038,0.000038,0.000033,0.000032,0.000018,0.000007,0.000015,0.000049,0.000072
604,,,,,,,,,,,,,,0.000015,0.000146,0.000084,0.000096,0.000139,0.000180,0.000177,0.000157,0.000137,0.000146,0.000154,0.000160,0.000155,0.000189,0.000277,0.000395,0.000541,0.000607,0.000624,0.000483,0.000344,0.000265,0.000216,0.000141,0.000019,0.000030,0.000073,0.000070,0.000052,0.000047,0.000036,0.000031,0.000012,0.000003,0.000010,0.000126,0.000253
605,,,,,,,,,,,,,,0.000009,0.000220,0.000130,0.000128,0.000196,0.000221,0.000214,0.000209,0.000204,0.000194,0.000153,0.000145,0.000106,0.000085,0.000063,0.000041,0.000023,0.000024,0.000038,0.000033,0.000014,0.000005,0.000016,0.000042,0.000035,0.000033,0.000049,0.000046,0.000033,0.000038,0.000036,0.000031,0.000019,0.000004,0.000010,0.000034,0.000042
606,,,,,,,,,,,,,,0.000005,0.000075,0.000042,0.000094,0.000183,0.000197,0.000177,0.000159,0.000167,0.000205,0.000287,0.000465,0.000464,0.000447,0.000354,0.000292,0.000253,0.000244,0.000219,0.000154,0.000133,0.000113,0.000119,0.000114,0.000026,0.000030,0.000067,0.000069,0.000068,0.000064,0.000048,0.000033,0.000014,0.000004,0.000013,0.000058,0.000081
607,,,,,,,,,,,,,,0.000003,0.000051,0.000042,0.000080,0.000153,0.000247,0.000308,0.000342,0.000350,0.000376,0.000371,0.000391,0.000422,0.000387,0.000314,0.000241,0.000244,0.000261,0.000337,0.000353,0.000268,0.000197,0.000185,0.000116,0.000020,0.000026,0.000067,0.000067,0.000060,0.000070,0.000075,0.000041,0.000014,0.000003,0.000007,0.000042,0.000050
608,,,,,,,,,,,,,,0.000005,0.000079,0.000061,0.000096,0.000208,0.000248,0.000232,0.000186,0.000193,0.000189,0.000181,0.000188,0.000170,0.000167,0.000151,0.000123,0.000126,0.000100,0.000078,0.000073,0.000068,0.000064,0.000050,0.000056,0.000014,0.000022,0.000035,0.000035,0.000027,0.000025,0.000029,0.000022,0.000016,0.000004,0.000014,0.000042,0.000042
609,,,,,,,,,,,,,,0.000013,0.000165,0.000084,0.000081,0.000106,0.000138,0.000116,0.000082,0.000058,0.000052,0.000057,0.000056,0.000051,0.000027,0.000021,0.000028,0.000016,0.000004,-0.000004,0.000001,0.000002,0.000001,-0.000005,0.000006,0.000031,0.000059,0.000261,0.000344,0.000337,0.000408,0.000382,0.000296,0.000118,0.000019,0.000049,0.000156,0.000147
610,,,,,,,,,,,,,,0.000005,0.000078,0.000048,0.000059,0.000136,0.000214,0.000252,0.000297,0.000329,0.000328,0.000317,0.000303,0.000267,0.000236,0.000178,0.000140,0.000139,0.000166,0.000290,0.000553,0.000934,0.001143,0.000899,0.000566,0.000048,0.000074,0.000204,0.000190,0.000157,0.000163,0.000127,0.000087,0.000027,0.000003,0.000010,0.000051,0.000050
611,,,,,,,,,,,,,,0.000008,0.000160,0.000129,0.000135,0.000158,0.000191,0.000178,0.000141,0.000119,0.000108,0.000098,0.000096,0.000091,0.000076,0.000066,0.000053,0.000047,0.000051,0.000045,0.000042,0.000061,0.000087,0.000203,0.000125,0.000039,0.000042,0.000062,0.000061,0.000045,0.000063,0.000064,0.000050,0.000024,0.000003,0.000016,0.000077,0.000105
612,,,,,,,,,,,,,,0.000013,0.000301,0.000210,0.000270,0.000418,0.000503,0.000408,0.000325,0.000260,0.000230,0.000217,0.000199,0.000176,0.000156,0.000126,0.000099,0.000091,0.000135,0.000158,0.000127,0.000131,0.000106,0.000075,0.000054,0.000016,0.000021,0.000036,0.000036,0.000018,0.000026,0.000024,0.000031,0.000034,0.000017,0.000031,0.000081,0.000134
613,,,,,,,,,,,,,,0.000008,0.000187,0.000122,0.000128,0.000201,0.000263,0.000227,0.000217,0.000203,0.000188,0.000184,0.000192,0.000187,0.000180,0.000187,0.000151,0.000135,0.000140,0.000151,0.000200,0.000437,0.000594,0.000546,0.000290,0.000031,0.000042,0.000078,0.000074,0.000057,0.000045,0.000048,0.000029,0.000014,0.000003,0.000010,0.000057,0.000057
614,,,,,,,,,,,,,,0.000005,0.000049,0.000029,0.000039,0.000066,0.000094,0.000091,0.000068,0.000075,0.000071,0.000061,0.000067,0.000054,0.000056,0.000043,0.000027,0.000026,0.000020,0.000020,0.000021,0.000025,0.000023,0.000035,0.000049,0.000014,0.000014,0.000018,0.000019,0.000015,0.000020,0.000020,0.000023,0.000018,0.000009,0.000027,0.000087,0.000092
615,,,,,,,,,,,,,,0.000007,0.000141,0.000082,0.000117,0.000231,0.000372,0.000573,0.000958,0.001302,0.001596,0.001611,0.001667,0.001497,0.001187,0.000812,0.000462,0.000373,0.000299,0.000282,0.000222,0.000204,0.000157,0.000142,0.000112,0.000026,0.000029,0.000074,0.000090,0.000093,0.000103,0.000090,0.000063,0.000026,0.000004,0.000012,0.000079,0.000059
616,,,,,,,,,,,,,,0.000008,0.000070,0.000045,0.000062,0.000091,0.000112,0.000100,0.000094,0.000077,0.000073,0.000067,0.000057,0.000047,0.000048,0.000056,0.000079,0.000109,0.000149,0.000195,0.000174,0.000179,0.000154,0.000149,0.000110,0.000020,0.000030,0.000043,0.000032,0.000036,0.000045,0.000052,0.000048,0.000025,0.000004,0.000014,0.000152,0.000093
617,,,,,,,,,,,,,,0.000005,0.000083,0.000049,0.000089,0.000218,0.000405,0.000368,0.000399,0.000337,0.000283,0.000304,0.000349,0.000354,0.000258,0.000228,0.000189,0.000178,0.000151,0.000136,0.000141,0.000156,0.000161,0.000147,0.000112,0.000018,0.000023,0.000049,0.000040,0.000039,0.000049,0.000054,0.000040,0.000019,0.000004,0.000011,0.000061,0.000060
618,,,,,,,,,,,,,,0.000007,0.000118,0.000081,0.000078,0.000094,0.000137,0.000114,0.000085,0.000081,0.000092,0.000083,0.000095,0.000081,0.000078,0.000051,0.000041,0.000046,0.000056,0.000056,0.000069,0.000083,0.000079,0.000074,0.000052,0.000041,0.000029,0.000062,0.000077,0.000114,0.000124,0.000088,0.000062,0.000030,0.000004,0.000018,0.000076,0.000084
619,,,,,,,,,,,,,,0.000007,0.000117,0.000072,0.000091,0.000140,0.000167,0.000143,0.000130,0.000123,0.000134,0.000113,0.000122,0.000105,0.000095,0.000076,0.000060,0.000059,0.000067,0.000061,0.000065,0.000079,0.000081,0.000065,0.000056,0.000019,0.000038,0.000073,0.000047,0.000035,0.000046,0.000037,0.000030,0.000016,0.000003,0.000010,0.000068,0.000080
620,,,,,,,,,,,,,,0.000010,0.000137,0.000108,0.000117,0.000137,0.000166,0.000151,0.000123,0.000100,0.000108,0.000097,0.000092,0.000075,0.000060,0.000066,0.000065,0.000071,0.000073,0.000076,0.000072,0.000051,0.000060,0.000044,0.000047,0.000018,0.000024,0.000025,0.000037,0.000038,0.000043,0.000067,0.000062,0.000028,0.000007,0.000024,0.000077,0.000120
621,,,,,,,,,,,,,,0.000004,0.000060,0.000037,0.000044,0.000085,0.000105,0.000090,0.000092,0.000086,0.000093,0.000085,0.000089,0.000081,0.000082,0.000062,0.000046,0.000035,0.000054,0.000066,0.000077,0.000083,0.000083,0.000072,0.000055,0.000014,0.000026,0.000054,0.000057,0.000048,0.000075,0.000120,0.000122,0.000050,0.000005,0.000011,0.000046,0.000055
622,,,,,,,,,,,,,,0.000010,0.000116,0.000070,0.000079,0.000172,0.000194,0.000175,0.000147,0.000131,0.000120,0.000117,0.000107,0.000095,0.000082,0.000066,0.000060,0.000093,0.000141,0.000215,0.000249,0.000236,0.000205,0.000163,0.000105,0.000015,0.000051,0.000055,0.000057,0.000040,0.000041,0.000037,0.000030,0.000018,0.000006,0.000023,0.000079,0.000084
623,,,,,,,,,,,,,,0.000005,0.000143,0.000070,0.000058,0.000082,0.000115,0.000112,0.000099,0.000091,0.000088,0.000082,0.000091,0.000098,0.000097,0.000090,0.000079,0.000097,0.000123,0.000223,0.000355,0.000455,0.000454,0.000396,0.000274,0.000046,0.000060,0.000118,0.000094,0.000065,0.000070,0.000056,0.000042,0.000025,0.000003,0.000008,0.000079,0.000085
624,,,,,,,,,,,,,,0.000008,0.000153,0.000134,0.000173,0.000294,0.000394,0.000416,0.000409,0.000425,0.000466,0.000530,0.000678,0.000765,0.000846,0.000842,0.000740,0.000800,0.000681,0.000644,0.000488,0.000426,0.000385,0.000341,0.000256,0.000026,0.000048,0.000138,0.000149,0.000164,0.000135,0.000116,0.000077,0.000022,0.000002,0.000008,0.000051,0.000057
625,,,,,,,,,,,,,,0.000004,0.000061,0.000030,0.000043,0.000055,0.000119,0.000150,0.000165,0.000156,0.000167,0.000167,0.000175,0.000164,0.000120,0.000086,0.000062,0.000058,0.000058,0.000068,0.000067,0.000086,0.000113,0.000076,0.000050,0.000024,0.000052,0.000135,0.000120,0.000091,0.000093,0.000102,0.000113,0.000062,0.000006,0.000020,0.000094,0.000082
626,,,,,,,,,,,,,,0.000004,0.000088,0.000066,0.000089,0.000135,0.000156,0.000151,0.000145,0.000145,0.000151,0.000131,0.000137,0.000122,0.000114,0.000102,0.000093,0.000092,0.000081,0.000080,0.000078,0.000092,0.000092,0.000096,0.000078,0.000016,0.000020,0.000054,0.000055,0.000051,0.000058,0.000049,0.000046,0.000020,0.000003,0.000009,0.000048,0.000056
627,,,,,,,,,,,,,,0.000003,0.000048,0.000031,0.000053,0.000089,0.000104,0.000091,0.000079,0.000118,0.000090,0.000084,0.000079,0.000087,0.000101,0.000118,0.000130,0.000149,0.000150,0.000153,0.000139,0.000157,0.000146,0.000121,0.000072,0.000033,0.000038,0.000044,0.000043,0.000036,0.000044,0.000082,0.000069,0.000032,0.000004,0.000020,0.000054,0.000058
628,,,,,,,,,,,,,,0.000003,0.000072,0.000046,0.000057,0.000095,0.000118,0.000107,0.000102,0.000108,0.000095,0.000084,0.000081,0.000085,0.000082,0.000070,0.000051,0.000065,0.000059,0.000093,0.000143,0.000218,0.000277,0.000227,0.000137,0.000017,0.000023,0.000061,0.000071,0.000074,0.000090,0.000104,0.000147,0.000055,0.000008,0.000035,0.000089,0.000078
629,,,,,,,,,,,,,,0.000003,0.000070,0.000077,0.000103,0.000260,0.000365,0.000418,0.000392,0.000429,0.000401,0.000396,0.000416,0.000374,0.000306,0.000232,0.000181,0.000182,0.000177,0.000169,0.000157,0.000144,0.000141,0.000142,0.000145,0.000021,0.000043,0.000121,0.000097,0.000089,0.000133,0.000162,0.000141,0.000039,0.000003,0.000007,0.000069,0.000032
630,,,,,,,,,,,,,,0.000015,0.000147,0.000077,0.000106,0.000153,0.000177,0.000191,0.000164,0.000152,0.000179,0.000182,0.000186,0.000143,0.000112,0.000089,0.000070,0.000066,0.000101,0.000090,0.000101,0.000111,0.000119,0.000267,0.000175,0.000022,0.000036,0.000065,0.000071,0.000057,0.000048,0.000046,0.000038,0.000018,0.000004,0.000012,0.000163,0.000300
631,,,,,,,,,,,,,,0.000008,0.000241,0.000245,0.000289,0.000442,0.000493,0.000439,0.000331,0.000296,0.000241,0.000195,0.000179,0.000154,0.000151,0.000125,0.000091,0.000073,0.000075,0.000078,0.000080,0.000075,0.000076,0.000090,0.000074,0.000018,0.000028,0.000080,0.000099,0.000080,0.000075,0.000054,0.000033,0.000013,0.000002,0.000008,0.000046,0.000046
632,,,,,,,,,,,,,,0.000004,0.000068,0.000049,0.000067,0.000105,0.000120,0.000124,0.000112,0.000135,0.000138,0.000149,0.000159,0.000143,0.000119,0.000080,0.000072,0.000071,0.000074,0.000092,0.000081,0.000068,0.000075,0.000112,0.000163,0.000034,0.000061,0.000124,0.000093,0.000067,0.000076,0.000061,0.000040,0.000017,0.000003,0.000009,0.000043,0.000048
633,,,,,,,,,,,,,,0.000002,0.000010,0.000004,0.000004,0.000004,0.000008,0.000018,0.000029,0.000045,0.000055,0.000050,0.000057,0.000045,0.000052,0.000065,0.000102,0.000174,0.000231,0.000303,0.000309,0.000286,0.000235,0.000218,0.000142,0.000032,0.000052,0.000126,0.000118,0.000089,0.000082,0.000097,0.000133,0.000083,0.000012,0.000022,0.000056,0.000053
634,,,,,,,,,,,,,,0.000006,0.000105,0.000065,0.000082,0.000143,0.000175,0.000184,0.000167,0.000150,0.000140,0.000120,0.000129,0.000133,0.000119,0.000097,0.000070,0.000073,0.000063,0.000069,0.000071,0.000062,0.000071,0.000076,0.000063,0.000021,0.000014,0.000036,0.000035,0.000020,0.000036,0.000058,0.000079,0.000035,0.000004,0.000026,0.000084,0.000084
635,,,,,,,,,,,,,,0.000005,0.000097,0.000074,0.000075,0.000090,0.000111,0.000135,0.000139,0.000133,0.000119,0.000115,0.000115,0.000106,0.000101,0.000092,0.000070,0.000072,0.000060,0.000052,0.000045,0.000033,0.000026,0.000035,0.000042,0.000018,0.000021,0.000040,0.000033,0.000023,0.000021,0.000028,0.000027,0.000017,0.000005,0.000027,0.000073,0.000083
636,,,,,,,,,,,,,,0.000025,0.000527,0.000449,0.000578,0.000888,0.001044,0.000997,0.000920,0.000891,0.000880,0.000824,0.000835,0.000780,0.000684,0.000541,0.000415,0.000405,0.000404,0.000440,0.000443,0.000454,0.000440,0.000396,0.000267,0.000028,0.000046,0.000174,0.000237,0.000213,0.000260,0.000260,0.000204,0.000058,0.000004,0.000013,0.000110,0.000135
637,,,,,,,,,,,,,,0.000004,0.000074,0.000045,0.000062,0.000089,0.000143,0.000144,0.000141,0.000116,0.000103,0.000091,0.000080,0.000074,0.000063,0.000064,0.000066,0.000095,0.000130,0.000193,0.000242,0.000263,0.000253,0.000250,0.000195,0.000026,0.000042,0.000109,0.000115,0.000076,0.000091,0.000091,0.000083,0.000026,0.000006,0.000019,0.000072,0.000061
638,,,,,,,,,,,,,,0.000005,0.000105,0.000072,0.000101,0.000157,0.000201,0.000189,0.000156,0.000126,0.000114,0.000116,0.000128,0.000134,0.000121,0.000107,0.000085,0.000099,0.000318,0.000313,0.000549,0.000895,0.000873,0.000678,0.000391,0.000032,0.000050,0.000135,0.000105,0.000088,0.000099,0.000084,0.000058,0.000015,0.000002,0.000010,0.000071,0.000073
639,,,,,,,,,,,,,,0.000017,0.000233,0.000136,0.000143,0.000207,0.000262,0.000243,0.000218,0.000189,0.000190,0.000169,0.000165,0.000146,0.000137,0.000124,0.000084,0.000076,0.000079,0.000096,0.000099,0.000100,0.000102,0.000098,0.000063,0.000010,0.000014,0.000016,0.000018,0.000027,0.000033,0.000038,0.000030,0.000010,0.000002,0.000011,0.000132,0.000259
640,,,,,,,,,,,,,,0.000004,0.000058,0.000037,0.000052,0.000090,0.000125,0.000114,0.000107,0.000110,0.000113,0.000103,0.000108,0.000103,0.000106,0.000087,0.000071,0.000070,0.000138,0.000082,0.000092,0.000093,0.000076,0.000080,0.000058,0.000010,0.000016,0.000036,0.000033,0.000028,0.000032,0.000035,0.000024,0.000016,0.000006,0.000012,0.000052,0.000045
641,,,,,,,,,,,,,,0.000005,0.000098,0.000082,0.000097,0.000155,0.000193,0.000162,0.000130,0.000126,0.000111,0.000108,0.000108,0.000106,0.000098,0.000095,0.000084,0.000071,0.000083,0.000098,0.000117,0.000150,0.000144,0.000131,0.000108,0.000022,0.000030,0.000100,0.000150,0.000211,0.000247,0.000187,0.000097,0.000028,0.000003,0.000012,0.000070,0.000067
642,,,,,,,,,,,,,,0.000004,0.000037,0.000025,0.000062,0.000143,0.000193,0.000198,0.000158,0.000155,0.000160,0.000159,0.000182,0.000187,0.000196,0.000190,0.000154,0.000096,0.000056,0.000046,0.000027,0.000106,0.000212,0.000379,0.000317,0.000089,0.000064,0.000047,0.000046,0.000043,0.000038,0.000021,0.000019,0.000021,0.000007,0.000022,0.000056,0.000063
643,,,,,,,,,,,,,,0.000004,0.000075,0.000051,0.000065,0.000101,0.000127,0.000135,0.000125,0.000111,0.000104,0.000101,0.000111,0.000097,0.000086,0.000075,0.000068,0.000064,0.000073,0.000096,0.000112,0.000145,0.000162,0.000163,0.000118,0.000017,0.000031,0.000072,0.000073,0.000067,0.000087,0.000083,0.000075,0.000026,0.000003,0.000009,0.000059,0.000057
644,,,,,,,,,,,,,,0.000004,0.000082,0.000067,0.000066,0.000095,0.000111,0.000108,0.000090,0.000082,0.000068,0.000064,0.000075,0.000095,0.000105,0.000112,0.000152,0.000266,0.000246,0.000217,0.000269,0.000322,0.000315,0.000393,0.000251,0.000031,0.000032,0.000067,0.000067,0.000051,0.000052,0.000051,0.000037,0.000013,0.000002,0.000007,0.000023,0.000035
645,,,,,,,,,,,,,,0.000006,0.000077,0.000050,0.000068,0.000112,0.000124,0.000131,0.000134,0.000142,0.000154,0.000190,0.000254,0.000312,0.000354,0.000347,0.000315,0.000283,0.000231,0.000244,0.000203,0.000172,0.000130,0.000110,0.000068,0.000015,0.000021,0.000070,0.000059,0.000035,0.000029,0.000021,0.000015,0.000009,0.000004,0.000012,0.000065,0.000063
646,,,,,,,,,,,,,,0.000003,0.000061,0.000049,0.000086,0.000144,0.000167,0.000155,0.000139,0.000122,0.000095,0.000085,0.000082,0.000057,0.000043,0.000030,0.000043,0.000057,0.000079,0.000129,0.000177,0.000170,0.000121,0.000097,0.000061,0.000013,0.000020,0.000051,0.000067,0.000088,0.000084,0.000055,0.000043,0.000024,0.000003,0.000008,0.000033,0.000030
647,,,,,,,,,,,,,,0.000005,0.000089,0.000049,0.000067,0.000111,0.000142,0.000143,0.000144,0.000143,0.000142,0.000132,0.000139,0.000121,0.000107,0.000112,0.000104,0.000120,0.000116,0.000120,0.000111,0.000208,0.000145,0.000128,0.000089,0.000017,0.000027,0.000067,0.000063,0.000059,0.000065,0.000057,0.000035,0.000015,0.000003,0.000008,0.000050,0.000057
648,,,,,,,,,,,,,,0.000005,0.000093,0.000057,0.000075,0.000088,0.000116,0.000101,0.000069,0.000057,0.000037,0.000020,0.000018,0.000018,0.000031,0.000034,0.000027,0.000046,0.000035,0.000027,0.000026,0.000029,0.000037,0.000042,0.000035,0.000021,0.000045,0.000131,0.000163,0.000191,0.000230,0.000231,0.000164,0.000061,0.000009,0.000024,0.000055,0.000083
649,,,,,,,,,,,,,,0.000004,0.000079,0.000048,0.000140,0.000218,0.000195,0.000167,0.000146,0.000115,0.000094,0.000085,0.000093,0.000085,0.000078,0.000077,0.000069,0.000076,0.000067,0.000077,0.000084,0.000093,0.000094,0.000087,0.000079,0.000015,0.000025,0.000065,0.000065,0.000058,0.000067,0.000052,0.000055,0.000022,0.000003,0.000011,0.000044,0.000036
650,,,,,,,,,,,,,,0.000004,0.000045,0.000014,0.000013,0.000023,0.000073,0.000099,0.000123,0.000141,0.000174,0.000189,0.000211,0.000204,0.000205,0.000177,0.000107,0.000083,0.000056,0.000064,0.000067,0.000063,0.000046,0.000053,0.000054,0.000016,0.000017,0.000061,0.000149,0.000247,0.000307,0.000279,0.000179,0.000062,0.000009,0.000023,0.000077,0.000066
651,,,,,,,,,,,,,,0.000009,0.000213,0.000221,0.000432,0.000944,0.001515,0.001596,0.001530,0.001228,0.001016,0.000805,0.000697,0.000572,0.000458,0.000371,0.000276,0.000276,0.000260,0.000289,0.000262,0.000242,0.000196,0.000158,0.000110,0.000024,0.000042,0.000083,0.000076,0.000072,0.000072,0.000083,0.000058,0.000022,0.000004,0.000012,0.000076,0.000095
652,,,,,,,,,,,,,,0.000015,0.000177,0.000099,0.000126,0.000190,0.000200,0.000191,0.000171,0.000168,0.000183,0.000175,0.000185,0.000183,0.000214,0.000250,0.000281,0.000368,0.000394,0.000366,0.000333,0.000356,0.000340,0.000313,0.000207,0.000021,0.000039,0.000120,0.000105,0.000070,0.000075,0.000064,0.000038,0.000011,0.000002,0.000023,0.000328,0.000369
653,,,,,,,,,,,,,,0.000009,0.000141,0.000087,0.000094,0.000139,0.000170,0.000169,0.000165,0.000147,0.000142,0.000139,0.000150,0.000138,0.000127,0.000146,0.000150,0.000158,0.000204,0.000253,0.000286,0.000307,0.000270,0.000228,0.000138,0.000023,0.000033,0.000077,0.000068,0.000059,0.000059,0.000058,0.000069,0.000028,0.000003,0.000009,0.000062,0.000067
654,,,,,,,,,,,,,,0.000008,0.000207,0.000166,0.000219,0.000294,0.000300,0.000236,0.000205,0.000194,0.000189,0.000174,0.000183,0.000150,0.000140,0.000112,0.000080,0.000066,0.000068,0.000102,0.000139,0.000165,0.000166,0.000181,0.000154,0.000031,0.000064,0.000188,0.000170,0.000114,0.000100,0.000081,0.000067,0.000022,0.000003,0.000011,0.000103,0.000097
655,,,,,,,,,,,,,,0.000008,0.000151,0.000102,0.000167,0.000392,0.000505,0.000542,0.000464,0.000422,0.000389,0.000355,0.000334,0.000304,0.000260,0.000206,0.000164,0.000182,0.000199,0.000230,0.000208,0.000202,0.000190,0.000167,0.000119,0.000024,0.000030,0.000107,0.000161,0.000188,0.000235,0.000283,0.000218,0.000042,0.000003,0.000008,0.000045,0.000054
656,,,,,,,,,,,,,,0.000005,0.000092,0.000048,0.000044,0.000068,0.000077,0.000055,0.000046,0.000053,0.000079,0.000094,0.000091,0.000086,0.000110,0.000125,0.000138,0.000151,0.000165,0.000182,0.000188,0.000170,0.000139,0.000120,0.000087,0.000020,0.000087,0.000077,0.000076,0.000088,0.000074,0.000100,0.000085,0.000035,0.000004,0.000010,0.000051,0.000068
657,,,,,,,,,,,,,,0.000005,0.000089,0.000050,0.000063,0.000082,0.000106,0.000122,0.000143,0.000133,0.000149,0.000155,0.000159,0.000145,0.000126,0.000099,0.000086,0.000083,0.000084,0.000080,0.000084,0.000088,0.000089,0.000112,0.000101,0.000032,0.000067,0.000302,0.000460,0.000344,0.000321,0.000218,0.000119,0.000035,0.000005,0.000012,0.000051,0.000064
658,,,,,,,,,,,,,,0.000004,0.000056,0.000034,0.000044,0.000073,0.000081,0.000072,0.000050,0.000028,0.000034,0.000036,0.000029,0.000034,0.000038,0.000033,0.000025,0.000038,0.000049,0.000071,0.000069,0.000068,0.000065,0.000068,0.000056,0.000014,0.000017,0.000031,0.000036,0.000031,0.000036,0.000042,0.000042,0.000026,0.000004,0.000020,0.000081,0.000157
659,,,,,,,,,,,,,,0.000005,0.000115,0.000078,0.000105,0.000145,0.000188,0.000166,0.000142,0.000129,0.000129,0.000143,0.000144,0.000115,0.000114,0.000097,0.000093,0.000099,0.000093,0.000097,0.000093,0.000102,0.000099,0.000096,0.000107,0.000030,0.000042,0.000097,0.000110,0.000089,0.000082,0.000062,0.000048,0.000016,0.000003,0.000009,0.000047,0.000042
660,,,,,,,,,,,,,,0.000008,0.000130,0.000074,0.000092,0.000139,0.000187,0.000201,0.000236,0.000252,0.000300,0.000310,0.000343,0.000399,0.000461,0.000485,0.000480,0.000514,0.000457,0.000497,0.000462,0.000358,0.000248,0.000206,0.000146,0.000018,0.000032,0.000100,0.000105,0.000079,0.000095,0.000104,0.000087,0.000027,0.000003,0.000010,0.000099,0.000081
661,,,,,,,,,,,,,,0.000004,0.000068,0.000036,0.000038,0.000090,0.000142,0.000144,0.000150,0.000169,0.000212,0.000230,0.000253,0.000267,0.000249,0.000217,0.000181,0.000147,0.000143,0.000126,0.000107,0.000080,0.000076,0.000082,0.000123,0.000055,0.000056,0.000098,0.000075,0.000061,0.000079,0.000094,0.000087,0.000037,0.000006,0.000014,0.000044,0.000042
662,,,,,,,,,,,,,,0.000005,0.000089,0.000053,0.000077,0.000110,0.000132,0.000108,0.000093,0.000097,0.000094,0.000102,0.000112,0.000121,0.000106,0.000087,0.000069,0.000098,0.000074,0.000128,0.000107,0.000103,0.000153,0.000231,0.000220,0.000036,0.000105,0.000293,0.000301,0.000291,0.000289,0.000213,0.000125,0.000039,0.000004,0.000017,0.000037,0.000052
663,,,,,,,,,,,,,,0.000004,0.000058,0.000038,0.000040,0.000068,0.000084,0.000099,0.000109,0.000109,0.000106,0.000086,0.000082,0.000074,0.000059,0.000044,0.000043,0.000041,0.000052,0.000055,0.000061,0.000062,0.000063,0.000079,0.000070,0.000014,0.000031,0.000031,0.000029,0.000029,0.000026,0.000029,0.000019,0.000020,0.000006,0.000013,0.000058,0.000057
664,,,,,,,,,,,,,,0.000008,0.000085,0.000048,0.000055,0.000100,0.000117,0.000125,0.000126,0.000118,0.000109,0.000087,0.000096,0.000093,0.000099,0.000085,0.000091,0.000089,0.000100,0.000139,0.000137,0.000151,0.000155,0.000140,0.000094,0.000016,0.000024,0.000049,0.000049,0.000058,0.000061,0.000077,0.000099,0.000032,0.000006,0.000033,0.000215,0.000230
665,,,,,,,,,,,,,,0.000011,0.000297,0.000260,0.000487,0.001140,0.001622,0.001643,0.001419,0.001139,0.000941,0.000726,0.000627,0.000490,0.000379,0.000282,0.000216,0.000182,0.000142,0.000133,0.000120,0.000123,0.000133,0.000145,0.000113,0.000031,0.000027,0.000038,0.000044,0.000045,0.000065,0.000081,0.000049,0.000016,0.000003,0.000011,0.000023,0.000027
666,,,,,,,,,,,,,,0.000003,0.000024,0.000018,0.000039,0.000044,0.000040,0.000024,0.000017,0.000019,0.000034,0.000030,0.000045,0.000042,0.000050,0.000049,0.000058,0.000080,0.000096,0.000091,0.000090,0.000068,0.000051,0.000049,0.000032,0.000016,0.000075,0.000083,0.000110,0.000120,0.000176,0.000226,0.000235,0.000086,0.000007,0.000020,0.000049,0.000052
667,,,,,,,,,,,,,,0.000025,0.000398,0.000234,0.000298,0.000440,0.000403,0.000405,0.000361,0.000352,0.000352,0.000336,0.000375,0.000361,0.000299,0.000253,0.000146,0.000111,0.000090,0.000099,0.000127,0.000117,0.000083,0.000082,0.000061,0.000014,0.000023,0.000040,0.000040,0.000047,0.000040,0.000035,0.000035,0.000017,0.000003,0.000010,0.000055,0.000077
668,,,,,,,,,,,,,,0.000005,0.000109,0.000064,0.000065,0.000119,0.000145,0.000141,0.000135,0.000135,0.000152,0.000160,0.000194,0.000212,0.000215,0.000193,0.000187,0.000212,0.000200,0.000152,0.000127,0.000127,0.000138,0.000159,0.000144,0.000025,0.000084,0.000056,0.000039,0.000031,0.000036,0.000026,0.000036,0.000027,0.000004,0.000009,0.000028,0.000035
669,,,,,,,,,,,,,,0.000007,0.000194,0.000105,0.000237,0.000429,0.000494,0.000480,0.000525,0.000499,0.000508,0.000466,0.000464,0.000443,0.000364,0.000289,0.000205,0.000168,0.000167,0.000211,0.000224,0.000231,0.000195,0.000161,0.000114,0.000023,0.000030,0.000053,0.000053,0.000034,0.000039,0.000054,0.000037,0.000013,0.000004,0.000009,0.000053,0.000055
670,,,,,,,,,,,,,,0.000023,0.000612,0.000449,0.000320,0.000391,0.000409,0.000347,0.000291,0.000236,0.000211,0.000167,0.000163,0.000151,0.000139,0.000105,0.000084,0.000101,0.000106,0.000128,0.000165,0.000176,0.000149,0.000131,0.000125,0.000028,0.000046,0.000137,0.000178,0.000186,0.000190,0.000152,0.000091,0.000020,0.000003,0.000008,0.000034,0.000059
671,,,,,,,,,,,,,,0.000005,0.000086,0.000043,0.000064,0.000129,0.000164,0.000183,0.000211,0.000246,0.000293,0.000289,0.000315,0.000303,0.000268,0.000222,0.000161,0.000143,0.000137,0.000132,0.000125,0.000121,0.000112,0.000138,0.000134,0.000025,0.000082,0.000463,0.000468,0.000284,0.000229,0.000158,0.000090,0.000022,0.000003,0.000012,0.000050,0.000050
672,,,,,,,,,,,,,,0.000022,0.000190,0.000115,0.000169,0.000217,0.000209,0.000173,0.000121,0.000090,0.000089,0.000077,0.000091,0.000102,0.000160,0.000270,0.000306,0.000355,0.000307,0.000317,0.000274,0.000229,0.000168,0.000138,0.000099,0.000015,0.000015,0.000019,0.000060,0.000086,0.000129,0.000145,0.000129,0.000038,0.000003,0.000013,0.000224,0.000301
673,,,,,,,,,,,,,,0.000011,0.000227,0.000135,0.000144,0.000170,0.000162,0.000125,0.000096,0.000083,0.000090,0.000081,0.000085,0.000052,0.000042,0.000042,0.000035,0.000037,0.000056,0.000076,0.000076,0.000070,0.000074,0.000067,0.000051,0.000016,0.000042,0.000073,0.000072,0.000065,0.000059,0.000038,0.000028,0.000014,0.000003,0.000019,0.000143,0.000186
674,,,,,,,,,,,,,,0.000029,0.000409,0.000208,0.000225,0.000348,0.000424,0.000349,0.000294,0.000248,0.000243,0.000235,0.000226,0.000181,0.000167,0.000152,0.000115,0.000100,0.000083,0.000069,0.000069,0.000094,0.000105,0.000099,0.000064,0.000023,0.000030,0.000041,0.000054,0.000056,0.000064,0.000056,0.000047,0.000023,0.000005,0.000014,0.000107,0.000269
675,,,,,,,,,,,,,,0.000004,0.000059,0.000042,0.000052,0.000069,0.000072,0.000069,0.000057,0.000052,0.000066,0.000080,0.000091,0.000102,0.000106,0.000081,0.000053,0.000053,0.000067,0.000057,0.000056,0.000049,0.000046,0.000055,0.000054,0.000015,0.000020,0.000060,0.000109,0.000173,0.000266,0.000281,0.000222,0.000076,0.000007,0.000015,0.000046,0.000033
676,,,,,,,,,,,,,,0.000004,0.000095,0.000064,0.000061,0.000064,0.000075,0.000082,0.000067,0.000049,0.000041,0.000036,0.000037,0.000061,0.000073,0.000095,0.000102,0.000119,0.000131,0.000177,0.000204,0.000267,0.000236,0.000210,0.000151,0.000028,0.000035,0.000082,0.000078,0.000058,0.000053,0.000052,0.000044,0.000032,0.000004,0.000014,0.000044,0.000055
677,,,,,,,,,,,,,,0.000019,0.000281,0.000171,0.000165,0.000244,0.000235,0.000211,0.000197,0.000184,0.000201,0.000212,0.000270,0.000315,0.000363,0.000318,0.000222,0.000169,0.000149,0.000153,0.000126,0.000107,0.000099,0.000078,0.000047,0.000013,0.000024,0.000046,0.000055,0.000052,0.000064,0.000055,0.000040,0.000016,0.000003,0.000009,0.000037,0.000051
678,,,,,,,,,,,,,,0.000012,0.000178,0.000140,0.000166,0.000303,0.000375,0.000354,0.000315,0.000274,0.000269,0.000272,0.000303,0.000296,0.000261,0.000203,0.000138,0.000114,0.000091,0.000095,0.000100,0.000125,0.000127,0.000166,0.000242,0.000068,0.000042,0.000064,0.000053,0.000047,0.000068,0.000075,0.000063,0.000020,0.000004,0.000015,0.000090,0.000089
679,,,,,,,,,,,,,,0.000016,0.000152,0.000089,0.000115,0.000168,0.000208,0.000200,0.000175,0.000169,0.000175,0.000160,0.000171,0.000150,0.000129,0.000127,0.000093,0.000081,0.000087,0.000068,0.000050,0.000067,0.000061,0.000063,0.000061,0.000017,0.000024,0.000049,0.000044,0.000042,0.000055,0.000052,0.000041,0.000020,0.000004,0.000025,0.000388,0.000449
680,,,,,,,,,,,,,,0.000005,0.000082,0.000056,0.000074,0.000117,0.000162,0.000142,0.000114,0.000094,0.000080,0.000072,0.000075,0.000066,0.000060,0.000052,0.000035,0.000047,0.000051,0.000081,0.000090,0.000104,0.000097,0.000084,0.000072,0.000022,0.000035,0.000087,0.000077,0.000047,0.000043,0.000031,0.000044,0.000025,0.000005,0.000017,0.000132,0.000111
681,,,,,,,,,,,,,,0.000003,0.000059,0.000040,0.000048,0.000064,0.000070,0.000056,0.000053,0.000051,0.000046,0.000051,0.000060,0.000066,0.000072,0.000061,0.000043,0.000051,0.000087,0.000109,0.000119,0.000157,0.000289,0.000244,0.000205,0.000040,0.000087,0.000224,0.000178,0.000117,0.000109,0.000094,0.000065,0.000021,0.000003,0.000009,0.000053,0.000056
682,,,,,,,,,,,,,,0.000007,0.000167,0.000127,0.000159,0.000311,0.000483,0.000561,0.000722,0.000831,0.000864,0.000849,0.000849,0.000756,0.000662,0.000519,0.000397,0.000321,0.000270,0.000282,0.000226,0.000195,0.000167,0.000127,0.000091,0.000022,0.000031,0.000069,0.000060,0.000036,0.000030,0.000019,0.000016,0.000016,0.000004,0.000011,0.000101,0.000083
683,,,,,,,,,,,,,,0.000024,0.000218,0.000118,0.000120,0.000174,0.000236,0.000221,0.000190,0.000178,0.000172,0.000164,0.000151,0.000125,0.000117,0.000109,0.000103,0.000097,0.000100,0.000104,0.000102,0.000088,0.000093,0.000097,0.000087,0.000018,0.000026,0.000080,0.000094,0.000070,0.000064,0.000060,0.000048,0.000021,0.000003,0.000015,0.000142,0.000302
684,,,,,,,,,,,,,,0.000009,0.000201,0.000139,0.000146,0.000220,0.000273,0.000266,0.000262,0.000249,0.000236,0.000226,0.000236,0.000220,0.000196,0.000164,0.000135,0.000146,0.000142,0.000190,0.000218,0.000202,0.000193,0.000192,0.000155,0.000019,0.000068,0.000117,0.000127,0.000113,0.000121,0.000117,0.000077,0.000050,0.000003,0.000014,0.000032,0.000040
685,,,,,,,,,,,,,,0.000003,0.000045,0.000044,0.000053,0.000097,0.000118,0.000108,0.000101,0.000087,0.000086,0.000074,0.000079,0.000076,0.000068,0.000049,0.000041,0.000042,0.000045,0.000053,0.000045,0.000033,0.000028,0.000026,0.000030,0.000018,0.000031,0.000157,0.000306,0.000260,0.000223,0.000158,0.000083,0.000019,0.000002,0.000010,0.000024,0.000022
686,,,,,,,,,,,,,,0.000006,0.000107,0.000073,0.000061,0.000092,0.000154,0.000146,0.000142,0.000115,0.000111,0.000083,0.000089,0.000077,0.000070,0.000100,0.000138,0.000146,0.000159,0.000169,0.000141,0.000138,0.000171,0.000246,0.000223,0.000055,0.000048,0.000083,0.000076,0.000044,0.000061,0.000090,0.000080,0.000026,0.000004,0.000014,0.000073,0.000091
687,,,,,,,,,,,,,,0.000015,0.000240,0.000156,0.000189,0.000329,0.000422,0.000432,0.000429,0.000431,0.000433,0.000429,0.000428,0.000414,0.000415,0.000392,0.000337,0.000326,0.000289,0.000322,0.000304,0.000303,0.000341,0.000410,0.000456,0.000069,0.000161,0.000589,0.000521,0.000297,0.000260,0.000199,0.000123,0.000028,0.000003,0.000013,0.000103,0.000163
688,,,,,,,,,,,,,,0.000011,0.000195,0.000126,0.000116,0.000193,0.000221,0.000219,0.000192,0.000183,0.000179,0.000187,0.000205,0.000225,0.000217,0.000200,0.000145,0.000136,0.000117,0.000132,0.000142,0.000168,0.000183,0.000176,0.000147,0.000016,0.000029,0.000078,0.000073,0.000061,0.000075,0.000074,0.000061,0.000021,0.000002,0.000008,0.000055,0.000055
689,,,,,,,,,,,,,,0.000005,0.000067,0.000054,0.000156,0.000338,0.000370,0.000306,0.000272,0.000219,0.000196,0.000168,0.000165,0.000158,0.000156,0.000146,0.000122,0.000112,0.000087,0.000099,0.000100,0.000098,0.000094,0.000100,0.000071,0.000037,0.000064,0.000064,0.000051,0.000046,0.000066,0.000061,0.000069,0.000044,0.000008,0.000018,0.000192,0.000140
690,,,,,,,,,,,,,,0.000003,0.000049,0.000055,0.000069,0.000083,0.000124,0.000182,0.000247,0.000292,0.000324,0.000294,0.000304,0.000247,0.000192,0.000143,0.000081,0.000071,0.000063,0.000070,0.000059,0.000050,0.000062,0.000082,0.000116,0.000031,0.000066,0.000208,0.000229,0.000175,0.000162,0.000119,0.000100,0.000028,0.000003,0.000008,0.000025,0.000033
691,,,,,,,,,,,,,,0.000019,0.000218,0.000118,0.000127,0.000177,0.000238,0.000196,0.000163,0.000154,0.000154,0.000138,0.000133,0.000118,0.000102,0.000092,0.000092,0.000135,0.000184,0.000289,0.000345,0.000345,0.000266,0.000205,0.000150,0.000025,0.000033,0.000078,0.000074,0.000049,0.000041,0.000036,0.000040,0.000023,0.000003,0.000009,0.000068,0.000134
692,,,,,,,,,,,,,,0.000011,0.000155,0.000069,0.000086,0.000122,0.000126,0.000121,0.000112,0.000091,0.000093,0.000083,0.000089,0.000097,0.000112,0.000100,0.000083,0.000083,0.000084,0.000087,0.000093,0.000087,0.000101,0.000117,0.000129,0.000023,0.000038,0.000128,0.000120,0.000093,0.000091,0.000070,0.000048,0.000020,0.000003,0.000009,0.000041,0.000056
693,,,,,,,,,,,,,,0.000009,0.000234,0.000104,0.000161,0.000325,0.000384,0.000430,0.000391,0.000374,0.000327,0.000270,0.000245,0.000202,0.000180,0.000136,0.000096,0.000071,0.000058,0.000072,0.000063,0.000067,0.000063,0.000043,0.000021,0.000018,0.000022,0.000049,0.000050,0.000042,0.000084,0.000120,0.000099,0.000039,0.000005,0.000013,0.000061,0.000042
694,,,,,,,,,,,,,,0.000004,0.000068,0.000047,0.000066,0.000099,0.000113,0.000084,0.000067,0.000080,0.000089,0.000084,0.000082,0.000079,0.000081,0.000056,0.000038,0.000027,0.000029,0.000048,0.000066,0.000067,0.000053,0.000056,0.000053,0.000016,0.000028,0.000037,0.000039,0.000035,0.000036,0.000025,0.000024,0.000025,0.000007,0.000022,0.000041,0.000041
695,,,,,,,,,,,,,,0.000005,0.000075,0.000048,0.000053,0.000077,0.000090,0.000074,0.000077,0.000068,0.000065,0.000054,0.000056,0.000052,0.000042,0.000035,0.000041,0.000049,0.000071,0.000065,0.000070,0.000066,0.000064,0.000057,0.000042,0.000014,0.000024,0.000199,0.000268,0.000156,0.000115,0.000084,0.000041,0.000014,0.000002,0.000009,0.000053,0.000070
696,,,,,,,,,,,,,,0.000016,0.000256,0.000164,0.000203,0.000357,0.000503,0.000590,0.000655,0.000684,0.000704,0.000629,0.000585,0.000502,0.000427,0.000321,0.000237,0.000210,0.000177,0.000183,0.000171,0.000165,0.000157,0.000156,0.000148,0.000027,0.000040,0.000091,0.000082,0.000057,0.000058,0.000046,0.000030,0.000009,0.000002,0.000007,0.000059,0.000065
697,,,,,,,,,,,,,,0.000020,0.000647,0.000512,0.000465,0.000614,0.000691,0.000584,0.000509,0.000451,0.000433,0.000414,0.000416,0.000417,0.000342,0.000278,0.000188,0.000175,0.000147,0.000123,0.000101,0.000090,0.000090,0.000075,0.000055,0.000017,0.000031,0.000060,0.000061,0.000058,0.000060,0.000049,0.000044,0.000020,0.000004,0.000013,0.000054,0.000077
698,,,,,,,,,,,,,,0.000017,0.000281,0.000135,0.000147,0.000221,0.000236,0.000224,0.000194,0.000170,0.000165,0.000148,0.000135,0.000130,0.000095,0.000081,0.000082,0.000067,0.000052,0.000055,0.000053,0.000092,0.000174,0.000331,0.000301,0.000143,0.000142,0.000119,0.000136,0.000145,0.000156,0.000117,0.000072,0.000026,0.000006,0.000027,0.000151,0.000172
699,,,,,,,,,,,,,,0.000014,0.000351,0.000219,0.000164,0.000261,0.000315,0.000291,0.000237,0.000212,0.000175,0.000144,0.000136,0.000111,0.000097,0.000069,0.000049,0.000051,0.000055,0.000077,0.000089,0.000105,0.000099,0.000105,0.000133,0.000095,0.000107,0.000119,0.000123,0.000127,0.000132,0.000122,0.000076,0.000029,0.000003,0.000009,0.000071,0.000152
700,,,,,,,,,,,,,,0.000006,0.000061,0.000041,0.000082,0.000116,0.000129,0.000116,0.000102,0.000090,0.000092,0.000074,0.000062,0.000062,0.000057,0.000055,0.000056,0.000111,0.000264,0.000526,0.000640,0.000722,0.000512,0.000322,0.000157,0.000055,0.000037,0.000032,0.000028,0.000041,0.000026,0.000048,0.000159,0.000097,0.000019,0.000053,0.000157,0.000209
701,,,,,,,,,,,,,,0.000007,0.000101,0.000059,0.000072,0.000114,0.000152,0.000149,0.000143,0.000167,0.000219,0.000306,0.000396,0.000478,0.000630,0.000667,0.000561,0.000459,0.000441,0.000460,0.000395,0.000361,0.000312,0.000353,0.000250,0.000030,0.000038,0.000092,0.000081,0.000083,0.000129,0.000169,0.000124,0.000028,0.000003,0.000014,0.000132,0.000167
702,,,,,,,,,,,,,,0.000008,0.000102,0.000076,0.000099,0.000131,0.000121,0.000106,0.000071,0.000051,0.000053,0.000053,0.000074,0.000076,0.000100,0.000150,0.000169,0.000173,0.000177,0.000155,0.000123,0.000094,0.000072,0.000071,0.000048,0.000016,0.000016,0.000035,0.000069,0.000109,0.000158,0.000170,0.000199,0.000054,0.000004,0.000013,0.000064,0.000086
703,,,,,,,,,,,,,,0.000004,0.000071,0.000058,0.000118,0.000251,0.000393,0.000417,0.000412,0.000374,0.000340,0.000323,0.000336,0.000310,0.000305,0.000251,0.000206,0.000252,0.000429,0.000138,0.000165,0.000213,0.000268,0.000277,0.000209,0.000027,0.000040,0.000076,0.000072,0.000053,0.000048,0.000034,0.000027,0.000012,0.000003,0.000011,0.000037,0.000043
704,,,,,,,,,,,,,,0.000013,0.000418,0.000397,0.000381,0.000434,0.000510,0.000446,0.000381,0.000302,0.000271,0.000232,0.000222,0.000167,0.000149,0.000151,0.000112,0.000089,0.000084,0.000078,0.000088,0.000097,0.000115,0.000175,0.000121,0.000022,0.000035,0.000079,0.000073,0.000056,0.000072,0.000067,0.000067,0.000031,0.000005,0.000015,0.000065,0.000074
705,,,,,,,,,,,,,,0.000002,0.000094,0.000217,0.000315,0.000381,0.000533,0.000585,0.000700,0.000762,0.000883,0.000886,0.000991,0.000926,0.000824,0.000609,0.000354,0.000271,0.000205,0.000222,0.000191,0.000150,0.000124,0.000118,0.000122,0.000034,0.000074,0.000251,0.000236,0.000221,0.000283,0.000222,0.000121,0.000031,0.000003,0.000009,0.000030,0.000031
706,,,,,,,,,,,,,,0.000004,0.000068,0.000049,0.000116,0.000314,0.000566,0.000639,0.000626,0.000538,0.000467,0.000382,0.000354,0.000290,0.000263,0.000172,0.000124,0.000120,0.000117,0.000126,0.000112,0.000103,0.000098,0.000084,0.000082,0.000026,0.000037,0.000046,0.000049,0.000048,0.000049,0.000057,0.000036,0.000015,0.000003,0.000011,0.000041,0.000044
707,,,,,,,,,,,,,,0.000022,0.000343,0.000277,0.000348,0.000497,0.000553,0.000512,0.000501,0.000416,0.000392,0.000332,0.000296,0.000245,0.000216,0.000183,0.000137,0.000138,0.000123,0.000138,0.000128,0.000126,0.000132,0.000147,0.000101,0.000020,0.000041,0.000095,0.000078,0.000064,0.000081,0.000070,0.000066,0.000025,0.000003,0.000012,0.000055,0.000070
708,,,,,,,,,,,,,,0.000004,0.000076,0.000061,0.000093,0.000143,0.000162,0.000122,0.000099,0.000090,0.000076,0.000076,0.000089,0.000074,0.000069,0.000071,0.000057,0.000063,0.000053,0.000051,0.000045,0.000052,0.000096,0.000141,0.000165,0.000041,0.000072,0.000226,0.000178,0.000118,0.000102,0.000081,0.000060,0.000023,0.000003,0.000010,0.000047,0.000047
709,,,,,,,,,,,,,,0.000004,0.000074,0.000046,0.000065,0.000081,0.000109,0.000096,0.000091,0.000088,0.000095,0.000091,0.000096,0.000093,0.000077,0.000060,0.000053,0.000052,0.000070,0.000089,0.000064,0.000056,0.000050,0.000078,0.000076,0.000023,0.000023,0.000048,0.000056,0.000059,0.000066,0.000060,0.000051,0.000018,0.000005,0.000011,0.000047,0.000041
710,,,,,,,,,,,,,,0.000005,0.000070,0.000053,0.000099,0.000167,0.000175,0.000135,0.000101,0.000073,0.000075,0.000071,0.000071,0.000061,0.000057,0.000044,0.000030,0.000035,0.000062,0.000080,0.000087,0.000060,0.000030,0.000042,0.000031,0.000013,0.000028,0.000045,0.000030,0.000025,0.000040,0.000036,0.000037,0.000034,0.000009,0.000026,0.000197,0.000095
711,,,,,,,,,,,,,,0.000008,0.000226,0.000133,0.000135,0.000245,0.000358,0.000389,0.000403,0.000397,0.000434,0.000470,0.000549,0.000555,0.000540,0.000512,0.000438,0.000420,0.000355,0.000368,0.000305,0.000242,0.000191,0.000160,0.000114,0.000017,0.000030,0.000076,0.000084,0.000064,0.000057,0.000048,0.000037,0.000014,0.000003,0.000009,0.000061,0.000065
712,,,,,,,,,,,,,,0.000005,0.000064,0.000055,0.000129,0.000271,0.000421,0.000417,0.000351,0.000273,0.000216,0.000152,0.000141,0.000119,0.000105,0.000074,0.000050,0.000042,0.000029,0.000041,0.000036,0.000028,0.000026,0.000029,0.000036,0.000013,0.000032,0.000011,0.000017,0.000016,0.000032,0.000045,0.000058,0.000031,0.000006,0.000015,0.000088,0.000106
713,,,,,,,,,,,,,,0.000009,0.000209,0.000104,0.000115,0.000173,0.000224,0.000223,0.000226,0.000229,0.000203,0.000187,0.000216,0.000242,0.000234,0.000178,0.000140,0.000135,0.000118,0.000126,0.000122,0.000140,0.000129,0.000125,0.000106,0.000021,0.000033,0.000098,0.000084,0.000073,0.000095,0.000158,0.000061,0.000015,0.000003,0.000011,0.000044,0.000061
714,,,,,,,,,,,,,,0.000004,0.000055,0.000043,0.000039,0.000059,0.000073,0.000067,0.000053,0.000046,0.000043,0.000039,0.000048,0.000048,0.000048,0.000048,0.000063,0.000101,0.000138,0.000221,0.000220,0.000202,0.000180,0.000184,0.000164,0.000029,0.000080,0.000088,0.000071,0.000055,0.000065,0.000066,0.000056,0.000024,0.000003,0.000011,0.000069,0.000055
715,,,,,,,,,,,,,,0.000006,0.000117,0.000068,0.000090,0.000114,0.000143,0.000132,0.000132,0.000141,0.000178,0.000207,0.000240,0.000249,0.000279,0.000258,0.000221,0.000199,0.000185,0.000174,0.000140,0.000134,0.000091,0.000074,0.000065,0.000023,0.000035,0.000073,0.000070,0.000068,0.000068,0.000049,0.000030,0.000014,0.000003,0.000010,0.000041,0.000059
716,,,,,,,,,,,,,,0.000013,0.000290,0.000121,0.000119,0.000153,0.000157,0.000150,0.000140,0.000132,0.000127,0.000123,0.000131,0.000132,0.000137,0.000139,0.000179,0.000396,0.000438,0.000292,0.000221,0.000160,0.000131,0.000111,0.000071,0.000037,0.000038,0.000064,0.000066,0.000060,0.000059,0.000049,0.000032,0.000013,0.000004,0.000011,0.000040,0.000056
717,,,,,,,,,,,,,,0.000009,0.000168,0.000095,0.000119,0.000229,0.000233,0.000232,0.000185,0.000163,0.000139,0.000127,0.000105,0.000093,0.000089,0.000090,0.000093,0.000098,0.000089,0.000104,0.000083,0.000088,0.000110,0.000141,0.000102,0.000058,0.000038,0.000059,0.000062,0.000056,0.000046,0.000052,0.000052,0.000019,0.000002,0.000008,0.000027,0.000046
718,,,,,,,,,,,,,,0.000006,0.000117,0.000086,0.000096,0.000156,0.000201,0.000200,0.000179,0.000162,0.000151,0.000154,0.000152,0.000147,0.000126,0.000113,0.000183,0.000435,0.000774,0.001185,0.000897,0.000677,0.000546,0.000422,0.000263,0.000032,0.000057,0.000137,0.000129,0.000102,0.000119,0.000165,0.000118,0.000035,0.000004,0.000012,0.000064,0.000062
719,,,,,,,,,,,,,,0.000007,0.000087,0.000048,0.000058,0.000096,0.000216,0.000359,0.000495,0.000564,0.000654,0.000653,0.000700,0.000733,0.000708,0.000550,0.000423,0.000391,0.000282,0.000224,0.000168,0.000134,0.000119,0.000101,0.000063,0.000012,0.000017,0.000037,0.000041,0.000032,0.000028,0.000021,0.000014,0.000039,0.000011,0.000037,0.000168,0.000157
720,,,,,,,,,,,,,,0.000029,0.000483,0.000286,0.000240,0.000283,0.000299,0.000249,0.000213,0.000187,0.000157,0.000117,0.000096,0.000084,0.000086,0.000076,0.000054,0.000067,0.000085,0.000089,0.000093,0.000102,0.000089,0.000078,0.000066,0.000017,0.000025,0.000063,0.000069,0.000059,0.000060,0.000060,0.000044,0.000016,0.000003,0.000010,0.000069,0.000069
721,,,,,,,,,,,,,,0.000016,0.000165,0.000087,0.000086,0.000148,0.000204,0.000183,0.000143,0.000114,0.000135,0.000134,0.000144,0.000130,0.000122,0.000105,0.000086,0.000094,0.000107,0.000106,0.000105,0.000118,0.000121,0.000132,0.000091,0.000019,0.000026,0.000044,0.000053,0.000048,0.000062,0.000056,0.000050,0.000030,0.000005,0.000041,0.000515,0.000493
722,,,,,,,,,,,,,,0.000010,0.000159,0.000087,0.000093,0.000141,0.000178,0.000170,0.000189,0.000259,0.000291,0.000307,0.000353,0.000389,0.000436,0.000499,0.000422,0.000472,0.000429,0.000459,0.000409,0.000415,0.000559,0.000438,0.000414,0.000071,0.000179,0.000617,0.000497,0.000342,0.000308,0.000262,0.000167,0.000052,0.000005,0.000019,0.000157,0.000159
723,,,,,,,,,,,,,,0.000009,0.000123,0.000071,0.000077,0.000122,0.000142,0.000148,0.000152,0.000159,0.000157,0.000135,0.000152,0.000153,0.000159,0.000170,0.000128,0.000129,0.000140,0.000153,0.000164,0.000157,0.000178,0.000168,0.000170,0.000035,0.000043,0.000120,0.000126,0.000109,0.000099,0.000105,0.000072,0.000036,0.000004,0.000020,0.000178,0.000182
724,,,,,,,,,,,,,,0.000015,0.000160,0.000095,0.000147,0.000205,0.000212,0.000210,0.000182,0.000177,0.000182,0.000160,0.000156,0.000136,0.000114,0.000093,0.000075,0.000071,0.000064,0.000064,0.000059,0.000061,0.000058,0.000053,0.000038,0.000009,0.000012,0.000034,0.000034,0.000029,0.000028,0.000028,0.000017,0.000022,0.000003,0.000009,0.000064,0.000083
725,,,,,,,,,,,,,,0.000007,0.000111,0.000106,0.000303,0.000668,0.000832,0.000754,0.000604,0.000453,0.000356,0.000282,0.000255,0.000219,0.000186,0.000142,0.000092,0.000083,0.000068,0.000077,0.000075,0.000083,0.000068,0.000073,0.000063,0.000015,0.000022,0.000019,0.000015,0.000021,0.000019,0.000026,0.000030,0.000017,0.000004,0.000016,0.000018,0.000018
726,,,,,,,,,,,,,,0.000005,0.000111,0.000061,0.000086,0.000146,0.000175,0.000152,0.000140,0.000148,0.000158,0.000154,0.000169,0.000160,0.000169,0.000142,0.000118,0.000118,0.000092,0.000095,0.000109,0.000126,0.000151,0.000123,0.000104,0.000030,0.000060,0.000300,0.000335,0.000223,0.000177,0.000121,0.000062,0.000031,0.000004,0.000014,0.000046,0.000045
727,,,,,,,,,,,,,,0.000020,0.000336,0.000226,0.000298,0.000524,0.000548,0.000484,0.000368,0.000355,0.000336,0.000295,0.000306,0.000275,0.000242,0.000211,0.000167,0.000159,0.000151,0.000143,0.000133,0.000147,0.000137,0.000129,0.000115,0.000021,0.000037,0.000075,0.000062,0.000053,0.000050,0.000043,0.000034,0.000016,0.000003,0.000011,0.000108,0.000140
728,,,,,,,,,,,,,,0.000003,0.000030,0.000025,0.000029,0.000048,0.000049,0.000058,0.000060,0.000064,0.000067,0.000056,0.000043,0.000043,0.000046,0.000042,0.000047,0.000067,0.000101,0.000137,0.000109,0.000088,0.000077,0.000065,0.000050,0.000036,0.000050,0.000077,0.000076,0.000089,0.000130,0.000185,0.000192,0.000075,0.000010,0.000026,0.000053,0.000085
729,,,,,,,,,,,,,,0.000004,0.000081,0.000059,0.000161,0.000444,0.000572,0.000565,0.000494,0.000494,0.000489,0.000465,0.000472,0.000450,0.000374,0.000274,0.000206,0.000160,0.000152,0.000142,0.000124,0.000102,0.000102,0.000097,0.000076,0.000014,0.000023,0.000071,0.000068,0.000056,0.000062,0.000066,0.000054,0.000020,0.000002,0.000004,0.000031,0.000030
730,,,,,,,,,,,,,,0.000013,0.000204,0.000102,0.000136,0.000174,0.000200,0.000172,0.000146,0.000119,0.000143,0.000128,0.000129,0.000110,0.000089,0.000089,0.000073,0.000080,0.000148,0.000198,0.000202,0.000193,0.000195,0.000164,0.000092,0.000013,0.000033,0.000109,0.000115,0.000107,0.000081,0.000059,0.000045,0.000052,0.000008,0.000025,0.000126,0.000201
731,,,,,,,,,,,,,,0.000008,0.000150,0.000099,0.000129,0.000161,0.000190,0.000151,0.000134,0.000129,0.000122,0.000112,0.000133,0.000131,0.000105,0.000107,0.000101,0.000101,0.000089,0.000101,0.000115,0.000156,0.000137,0.000125,0.000077,0.000020,0.000036,0.000097,0.000098,0.000072,0.000098,0.000127,0.000143,0.000046,0.000005,0.000016,0.000109,0.000088
732,,,,,,,,,,,,,,0.000013,0.000724,0.000690,0.000529,0.000534,0.000587,0.000471,0.000408,0.000357,0.000331,0.000271,0.000252,0.000218,0.000192,0.000139,0.000119,0.000146,0.000130,0.000102,0.000081,0.000098,0.000100,0.000115,0.000101,0.000021,0.000030,0.000052,0.000072,0.000067,0.000066,0.000061,0.000048,0.000026,0.000005,0.000014,0.000061,0.000061
733,,,,,,,,,,,,,,0.000002,0.000036,0.000026,0.000026,0.000032,0.000046,0.000029,0.000025,0.000031,0.000040,0.000041,0.000044,0.000046,0.000050,0.000055,0.000046,0.000043,0.000050,0.000053,0.000058,0.000059,0.000066,0.000085,0.000083,0.000019,0.000021,0.000048,0.000054,0.000052,0.000051,0.000054,0.000052,0.000024,0.000007,0.000017,0.000050,0.000045
734,,,,,,,,,,,,,,0.000007,0.000070,0.000051,0.000070,0.000105,0.000117,0.000124,0.000110,0.000107,0.000101,0.000097,0.000093,0.000099,0.000086,0.000054,0.000068,0.000072,0.000090,0.000161,0.000228,0.000344,0.000575,0.000740,0.000568,0.000048,0.000072,0.000174,0.000136,0.000116,0.000110,0.000092,0.000078,0.000030,0.000005,0.000017,0.000124,0.000098
735,,,,,,,,,,,,,,0.000005,0.000102,0.000092,0.000186,0.000356,0.000489,0.000435,0.000375,0.000294,0.000277,0.000242,0.000254,0.000257,0.000268,0.000230,0.000212,0.000207,0.000244,0.000230,0.000211,0.000188,0.000154,0.000121,0.000090,0.000019,0.000035,0.000052,0.000056,0.000054,0.000075,0.000089,0.000082,0.000029,0.000004,0.000013,0.000142,0.000068
736,,,,,,,,,,,,,,0.000005,0.000078,0.000054,0.000070,0.000135,0.000172,0.000176,0.000172,0.000163,0.000176,0.000166,0.000168,0.000140,0.000097,0.000079,0.000084,0.000095,0.000087,0.000089,0.000088,0.000102,0.000100,0.000086,0.000052,0.000052,0.000035,0.000090,0.000100,0.000083,0.000075,0.000060,0.000044,0.000018,0.000007,0.000015,0.000073,0.000068
737,,,,,,,,,,,,,,0.000004,0.000146,0.000212,0.000483,0.000962,0.001202,0.001058,0.000839,0.000707,0.000619,0.000502,0.000457,0.000385,0.000310,0.000234,0.000171,0.000155,0.000144,0.000154,0.000153,0.000144,0.000155,0.000160,0.000142,0.000019,0.000032,0.000149,0.000200,0.000159,0.000171,0.000163,0.000133,0.000041,0.000004,0.000013,0.000057,0.000050
738,,,,,,,,,,,,,,0.000032,0.000348,0.000188,0.000240,0.000388,0.000380,0.000339,0.000263,0.000242,0.000218,0.000203,0.000191,0.000182,0.000167,0.000151,0.000108,0.000090,0.000088,0.000089,0.000090,0.000082,0.000068,0.000054,0.000050,0.000016,0.000018,0.000053,0.000063,0.000077,0.000110,0.000184,0.000180,0.000058,0.000006,0.000014,0.000110,0.000155
739,,,,,,,,,,,,,,0.000013,0.000217,0.000104,0.000097,0.000102,0.000119,0.000098,0.000098,0.000099,0.000112,0.000093,0.000091,0.000088,0.000085,0.000072,0.000042,0.000021,0.000043,0.000067,0.000124,0.000196,0.000233,0.000182,0.000119,0.000017,0.000026,0.000053,0.000054,0.000091,0.000067,0.000058,0.000036,0.000024,0.000005,0.000040,0.000318,0.000262
740,,,,,,,,,,,,,,0.000005,0.000101,0.000072,0.000113,0.000170,0.000182,0.000176,0.000154,0.000135,0.000124,0.000109,0.000131,0.000148,0.000153,0.000164,0.000125,0.000103,0.000107,0.000149,0.000149,0.000141,0.000130,0.000126,0.000116,0.000028,0.000030,0.000063,0.000067,0.000070,0.000085,0.000096,0.000064,0.000021,0.000004,0.000014,0.000065,0.000057
741,,,,,,,,,,,,,,0.000010,0.000139,0.000078,0.000097,0.000143,0.000157,0.000157,0.000151,0.000162,0.000159,0.000154,0.000155,0.000145,0.000143,0.000114,0.000093,0.000091,0.000070,0.000057,0.000063,0.000082,0.000130,0.000099,0.000058,0.000016,0.000023,0.000050,0.000053,0.000060,0.000061,0.000046,0.000028,0.000012,0.000002,0.000008,0.000047,0.000072
742,,,,,,,,,,,,,,0.000005,0.000067,0.000046,0.000070,0.000116,0.000164,0.000165,0.000155,0.000144,0.000178,0.000176,0.000254,0.000254,0.000273,0.000364,0.000318,0.000394,0.000273,0.000222,0.000184,0.000171,0.000251,0.000143,0.000105,0.000024,0.000037,0.000083,0.000081,0.000053,0.000052,0.000057,0.000045,0.000023,0.000007,0.000030,0.000088,0.000118
743,,,,,,,,,,,,,,0.000018,0.000247,0.000139,0.000133,0.000170,0.000161,0.000142,0.000116,0.000101,0.000079,0.000072,0.000071,0.000066,0.000054,0.000042,0.000029,0.000065,0.000122,0.000227,0.000295,0.000342,0.000276,0.000196,0.000116,0.000019,0.000045,0.000127,0.000230,0.000266,0.000309,0.000232,0.000130,0.000035,0.000003,0.000009,0.000054,0.000061
744,,,,,,,,,,,,,,0.000019,0.000398,0.000246,0.000242,0.000336,0.000356,0.000324,0.000275,0.000240,0.000223,0.000196,0.000175,0.000151,0.000107,0.000079,0.000058,0.000045,0.000058,0.000065,0.000059,0.000043,0.000044,0.000039,0.000037,0.000009,0.000014,0.000029,0.000032,0.000027,0.000036,0.000042,0.000036,0.000013,0.000003,0.000010,0.000062,0.000050
745,,,,,,,,,,,,,,0.000006,0.000105,0.000082,0.000151,0.000263,0.000307,0.000294,0.000309,0.000306,0.000358,0.000371,0.000398,0.000372,0.000309,0.000221,0.000144,0.000125,0.000103,0.000120,0.000115,0.000118,0.000096,0.000106,0.000072,0.000015,0.000023,0.000059,0.000071,0.000071,0.000096,0.000083,0.000053,0.000015,0.000002,0.000009,0.000094,0.000115
746,,,,,,,,,,,,,,0.000006,0.000080,0.000040,0.000069,0.000100,0.000107,0.000083,0.000090,0.000094,0.000110,0.000106,0.000105,0.000085,0.000085,0.000072,0.000064,0.000067,0.000052,0.000053,0.000054,0.000062,0.000073,0.000080,0.000066,0.000021,0.000030,0.000063,0.000071,0.000070,0.000069,0.000048,0.000065,0.000025,0.000004,0.000013,0.000049,0.000052
747,,,,,,,,,,,,,,0.000020,0.000173,0.000081,0.000088,0.000145,0.000155,0.000136,0.000118,0.000100,0.000102,0.000083,0.000082,0.000076,0.000071,0.000059,0.000043,0.000039,0.000042,0.000063,0.000055,0.000063,0.000077,0.000055,0.000045,0.000017,0.000031,0.000038,0.000038,0.000037,0.000041,0.000039,0.000032,0.000016,0.000006,0.000028,0.000281,0.000458
748,,,,,,,,,,,,,,0.000006,0.000086,0.000034,0.000053,0.000072,0.000099,0.000102,0.000122,0.000122,0.000150,0.000140,0.000149,0.000166,0.000149,0.000100,0.000075,0.000066,0.000046,0.000061,0.000060,0.000084,0.000167,0.000134,0.000104,0.000055,0.000045,0.000043,0.000050,0.000046,0.000045,0.000039,0.000039,0.000025,0.000005,0.000018,0.000097,0.000120
749,,,,,,,,,,,,,,0.000009,0.000211,0.000137,0.000168,0.000313,0.000508,0.000545,0.000491,0.000383,0.000312,0.000274,0.000281,0.000284,0.000275,0.000241,0.000185,0.000172,0.000159,0.000175,0.000160,0.000157,0.000172,0.000158,0.000132,0.000017,0.000033,0.000077,0.000085,0.000071,0.000074,0.000065,0.000045,0.000016,0.000002,0.000011,0.000091,0.000104
750,,,,,,,,,,,,,,0.000010,0.000186,0.000142,0.000170,0.000289,0.000379,0.000399,0.000399,0.000417,0.000424,0.000406,0.000414,0.000398,0.000382,0.000342,0.000272,0.000268,0.000269,0.000293,0.000283,0.000291,0.000296,0.000305,0.000314,0.000063,0.000079,0.000140,0.000154,0.000132,0.000144,0.000138,0.000110,0.000034,0.000003,0.000010,0.000074,0.000087
751,,,,,,,,,,,,,,0.000002,0.000027,0.000014,0.000028,0.000050,0.000071,0.000076,0.000080,0.000080,0.000074,0.000070,0.000078,0.000082,0.000073,0.000062,0.000050,0.000044,0.000077,0.000126,0.000196,0.000208,0.000170,0.000170,0.000132,0.000026,0.000027,0.000045,0.000040,0.000035,0.000033,0.000034,0.000020,0.000013,0.000003,0.000007,0.000034,0.000031
752,,,,,,,,,,,,,,0.000003,0.000063,0.000046,0.000079,0.000245,0.000545,0.000770,0.000935,0.001053,0.001117,0.001104,0.001107,0.001000,0.000836,0.000703,0.000494,0.000395,0.000293,0.000290,0.000245,0.000187,0.000181,0.000183,0.000133,0.000032,0.000038,0.000076,0.000093,0.000096,0.000104,0.000098,0.000081,0.000040,0.000007,0.000014,0.000038,0.000044
753,,,,,,,,,,,,,,0.000006,0.000116,0.000067,0.000074,0.000163,0.000194,0.000182,0.000156,0.000131,0.000109,0.000078,0.000079,0.000078,0.000060,0.000070,0.000058,0.000069,0.000086,0.000073,0.000064,0.000047,0.000061,0.000076,0.000090,0.000088,0.000053,0.000072,0.000072,0.000059,0.000063,0.000060,0.000039,0.000022,0.000005,0.000015,0.000054,0.000051
754,,,,,,,,,,,,,,0.000004,0.000067,0.000047,0.000052,0.000056,0.000057,0.000063,0.000065,0.000054,0.000050,0.000059,0.000075,0.000082,0.000083,0.000079,0.000080,0.000107,0.000130,0.000185,0.000238,0.000285,0.000276,0.000235,0.000159,0.000019,0.000034,0.000130,0.000172,0.000206,0.000257,0.000235,0.000191,0.000069,0.000006,0.000016,0.000034,0.000052
755,,,,,,,,,,,,,,0.000006,0.000107,0.000077,0.000135,0.000169,0.000155,0.000134,0.000101,0.000083,0.000063,0.000043,0.000022,0.000016,0.000021,0.000026,0.000014,0.000011,0.000001,0.000015,0.000020,0.000028,0.000023,0.000038,0.000056,0.000024,0.000068,0.000204,0.000198,0.000197,0.000201,0.000166,0.000094,0.000030,0.000004,0.000013,0.000048,0.000064
756,,,,,,,,,,,,,,0.000017,0.000228,0.000125,0.000119,0.000174,0.000234,0.000248,0.000254,0.000323,0.000423,0.000539,0.000670,0.000737,0.000643,0.000526,0.000404,0.000431,0.000436,0.000521,0.000440,0.000386,0.000347,0.000262,0.000170,0.000024,0.000035,0.000083,0.000084,0.000064,0.000066,0.000069,0.000053,0.000021,0.000003,0.000014,0.000127,0.000213
757,,,,,,,,,,,,,,0.000015,0.000220,0.000128,0.000141,0.000220,0.000258,0.000243,0.000240,0.000234,0.000243,0.000209,0.000210,0.000205,0.000181,0.000138,0.000112,0.000135,0.000118,0.000121,0.000114,0.000109,0.000107,0.000107,0.000080,0.000012,0.000056,0.000072,0.000089,0.000073,0.000062,0.000041,0.000035,0.000016,0.000004,0.000012,0.000107,0.000150
758,,,,,,,,,,,,,,0.000020,0.000347,0.000199,0.000313,0.000602,0.000646,0.000624,0.000497,0.000444,0.000390,0.000354,0.000364,0.000310,0.000274,0.000233,0.000159,0.000148,0.000104,0.000099,0.000087,0.000079,0.000076,0.000077,0.000076,0.000020,0.000043,0.000111,0.000085,0.000057,0.000058,0.000058,0.000035,0.000019,0.000003,0.000012,0.000083,0.000076
759,,,,,,,,,,,,,,0.000008,0.000274,0.000319,0.000480,0.000511,0.000588,0.000477,0.000426,0.000358,0.000316,0.000268,0.000274,0.000265,0.000232,0.000184,0.000131,0.000148,0.000146,0.000170,0.000160,0.000156,0.000132,0.000137,0.000106,0.000023,0.000039,0.000085,0.000063,0.000061,0.000066,0.000065,0.000055,0.000020,0.000003,0.000011,0.000062,0.000082
760,,,,,,,,,,,,,,0.000024,0.000349,0.000224,0.000281,0.000400,0.000341,0.000282,0.000235,0.000189,0.000178,0.000168,0.000165,0.000127,0.000109,0.000091,0.000084,0.000095,0.000083,0.000095,0.000100,0.000087,0.000093,0.000088,0.000058,0.000023,0.000032,0.000046,0.000054,0.000071,0.000088,0.000089,0.000075,0.000044,0.000006,0.000016,0.000054,0.000125
761,,,,,,,,,,,,,,0.000007,0.000094,0.000052,0.000076,0.000138,0.000199,0.000204,0.000194,0.000191,0.000215,0.000211,0.000221,0.000212,0.000202,0.000177,0.000138,0.000120,0.000118,0.000093,0.000089,0.000088,0.000082,0.000138,0.000138,0.000027,0.000022,0.000059,0.000072,0.000072,0.000081,0.000068,0.000048,0.000018,0.000003,0.000009,0.000074,0.000104
762,,,,,,,,,,,,,,0.000008,0.000108,0.000069,0.000077,0.000129,0.000134,0.000130,0.000146,0.000191,0.000217,0.000212,0.000218,0.000168,0.000137,0.000124,0.000100,0.000140,0.000158,0.000181,0.000168,0.000140,0.000131,0.000126,0.000117,0.000031,0.000060,0.000173,0.000116,0.000070,0.000070,0.000048,0.000042,0.000017,0.000004,0.000018,0.000136,0.000135
763,,,,,,,,,,,,,,0.000018,0.000246,0.000144,0.000162,0.000220,0.000270,0.000251,0.000232,0.000220,0.000219,0.000200,0.000193,0.000195,0.000186,0.000175,0.000145,0.000161,0.000191,0.000179,0.000169,0.000153,0.000141,0.000138,0.000104,0.000033,0.000040,0.000099,0.000080,0.000059,0.000054,0.000044,0.000035,0.000013,0.000003,0.000010,0.000099,0.000143
764,,,,,,,,,,,,,,0.000004,0.000040,0.000015,0.000015,0.000016,0.000018,0.000002,-0.000000,-0.000002,0.000014,0.000027,0.000048,0.000059,0.000090,0.000132,0.000177,0.000184,0.000201,0.000172,0.000161,0.000145,0.000141,0.000101,0.000052,0.000012,0.000020,0.000046,0.000064,0.000069,0.000090,0.000094,0.000070,0.000031,0.000006,0.000022,0.000123,0.000147
765,,,,,,,,,,,,,,0.000017,0.000226,0.000151,0.000168,0.000254,0.000260,0.000198,0.000178,0.000158,0.000153,0.000118,0.000104,0.000083,0.000081,0.000069,0.000060,0.000056,0.000053,0.000045,0.000036,0.000042,0.000062,0.000117,0.000175,0.000031,0.000047,0.000091,0.000085,0.000057,0.000056,0.000058,0.000045,0.000022,0.000005,0.000015,0.000072,0.000097
766,,,,,,,,,,,,,,0.000017,0.000719,0.000799,0.000819,0.001034,0.001071,0.000889,0.000742,0.000642,0.000597,0.000538,0.000567,0.000529,0.000463,0.000360,0.000260,0.000229,0.000236,0.000257,0.000229,0.000196,0.000187,0.000250,0.000251,0.000031,0.000040,0.000133,0.000159,0.000164,0.000157,0.000137,0.000075,0.000026,0.000003,0.000015,0.000078,0.000076
767,,,,,,,,,,,,,,0.000008,0.000263,0.000122,0.000128,0.000181,0.000214,0.000181,0.000195,0.000191,0.000232,0.000261,0.000342,0.000422,0.000421,0.000407,0.000373,0.000405,0.000341,0.000296,0.000236,0.000205,0.000146,0.000106,0.000089,0.000018,0.000033,0.000089,0.000083,0.000070,0.000076,0.000054,0.000025,0.000011,0.000007,0.000028,0.000061,0.000080
768,,,,,,,,,,,,,,0.000008,0.000126,0.000074,0.000076,0.000107,0.000133,0.000132,0.000108,0.000107,0.000119,0.000118,0.000133,0.000143,0.000141,0.000114,0.000071,0.000069,0.000107,0.000174,0.000282,0.000395,0.000363,0.000327,0.000219,0.000034,0.000047,0.000069,0.000047,0.000035,0.000043,0.000053,0.000038,0.000019,0.000005,0.000024,0.000117,0.000105
769,,,,,,,,,,,,,,0.000004,0.000045,0.000029,0.000043,0.000116,0.000228,0.000303,0.000338,0.000384,0.000394,0.000380,0.000374,0.000344,0.000276,0.000209,0.000148,0.000126,0.000111,0.000113,0.000100,0.000095,0.000078,0.000075,0.000060,0.000018,0.000022,0.000057,0.000058,0.000053,0.000053,0.000041,0.000027,0.000013,0.000003,0.000015,0.000045,0.000052
770,,,,,,,,,,,,,,0.000004,0.000084,0.000051,0.000048,0.000073,0.000081,0.000068,0.000083,0.000103,0.000109,0.000099,0.000118,0.000093,0.000092,0.000082,0.000065,0.000074,0.000079,0.000062,0.000054,0.000077,0.000082,0.000074,0.000059,0.000015,0.000027,0.000055,0.000052,0.000079,0.000121,0.000073,0.000045,0.000020,0.000004,0.000011,0.000064,0.000070
771,,,,,,,,,,,,,,0.000008,0.000261,0.000137,0.000101,0.000154,0.000223,0.000220,0.000218,0.000231,0.000207,0.000233,0.000229,0.000221,0.000222,0.000204,0.000170,0.000161,0.000139,0.000134,0.000120,0.000114,0.000092,0.000084,0.000066,0.000016,0.000024,0.000051,0.000048,0.000037,0.000039,0.000041,0.000028,0.000015,0.000003,0.000010,0.000035,0.000043
772,,,,,,,,,,,,,,0.000008,0.000145,0.000082,0.000077,0.000120,0.000162,0.000169,0.000161,0.000154,0.000163,0.000183,0.000202,0.000215,0.000194,0.000160,0.000135,0.000121,0.000101,0.000099,0.000093,0.000078,0.000065,0.000071,0.000054,0.000011,0.000019,0.000042,0.000047,0.000033,0.000038,0.000037,0.000031,0.000009,0.000002,0.000009,0.000050,0.000076
773,,,,,,,,,,,,,,0.000014,0.000180,0.000087,0.000092,0.000174,0.000269,0.000285,0.000287,0.000306,0.000302,0.000292,0.000340,0.000323,0.000319,0.000336,0.000354,0.000418,0.000423,0.000492,0.000466,0.000426,0.000466,0.000384,0.000266,0.000032,0.000069,0.000318,0.000354,0.000376,0.000418,0.000334,0.000205,0.000055,0.000005,0.000028,0.000273,0.000305
774,,,,,,,,,,,,,,0.000010,0.000185,0.000151,0.000196,0.000342,0.000416,0.000404,0.000362,0.000365,0.000379,0.000414,0.000457,0.000439,0.000415,0.000351,0.000259,0.000228,0.000227,0.000253,0.000243,0.000222,0.000206,0.000184,0.000145,0.000019,0.000040,0.000128,0.000165,0.000162,0.000200,0.000210,0.000148,0.000034,0.000003,0.000012,0.000096,0.000116
775,,,,,,,,,,,,,,0.000005,0.000173,0.000181,0.000164,0.000214,0.000231,0.000239,0.000210,0.000182,0.000187,0.000186,0.000172,0.000157,0.000139,0.000120,0.000096,0.000095,0.000093,0.000091,0.000101,0.000132,0.000120,0.000121,0.000084,0.000029,0.000025,0.000044,0.000055,0.000049,0.000057,0.000054,0.000034,0.000020,0.000003,0.000008,0.000050,0.000058
776,,,,,,,,,,,,,,0.000005,0.000074,0.000054,0.000183,0.000188,0.000158,0.000151,0.000149,0.000144,0.000137,0.000112,0.000102,0.000119,0.000101,0.000090,0.000080,0.000082,0.000103,0.000118,0.000095,0.000088,0.000070,0.000065,0.000069,0.000017,0.000018,0.000051,0.000095,0.000150,0.000183,0.000155,0.000101,0.000031,0.000003,0.000018,0.000060,0.000073
777,,,,,,,,,,,,,,0.000012,0.000168,0.000091,0.000119,0.000174,0.000180,0.000145,0.000129,0.000103,0.000102,0.000080,0.000085,0.000088,0.000077,0.000080,0.000075,0.000076,0.000197,0.000253,0.000352,0.000484,0.000517,0.000477,0.000312,0.000116,0.000257,0.000188,0.000155,0.000152,0.000115,0.000077,0.000040,0.000047,0.000007,0.000027,0.000127,0.000157
778,,,,,,,,,,,,,,0.000005,0.000098,0.000061,0.000062,0.000120,0.000130,0.000135,0.000185,0.000240,0.000316,0.000395,0.000509,0.000601,0.000683,0.000798,0.000746,0.000771,0.000759,0.000817,0.000668,0.000488,0.000349,0.000281,0.000183,0.000029,0.000040,0.000082,0.000075,0.000058,0.000059,0.000057,0.000041,0.000016,0.000003,0.000010,0.000039,0.000043
779,,,,,,,,,,,,,,0.000004,0.000062,0.000046,0.000060,0.000062,0.000067,0.000070,0.000070,0.000090,0.000079,0.000073,0.000079,0.000086,0.000089,0.000071,0.000058,0.000061,0.000070,0.000075,0.000081,0.000086,0.000100,0.000100,0.000074,0.000019,0.000032,0.000067,0.000076,0.000055,0.000072,0.000068,0.000052,0.000030,0.000004,0.000011,0.000096,0.000123
780,,,,,,,,,,,,,,0.000006,0.000095,0.000067,0.000094,0.000157,0.000216,0.000213,0.000187,0.000173,0.000171,0.000166,0.000190,0.000202,0.000209,0.000166,0.000134,0.000126,0.000129,0.000146,0.000123,0.000099,0.000094,0.000180,0.000076,0.000016,0.000042,0.000111,0.000104,0.000097,0.000073,0.000042,0.000031,0.000011,0.000003,0.000008,0.000039,0.000048
781,,,,,,,,,,,,,,0.000022,0.000362,0.000218,0.000234,0.000390,0.000469,0.000450,0.000393,0.000373,0.000351,0.000322,0.000338,0.000315,0.000287,0.000250,0.000188,0.000178,0.000159,0.000184,0.000164,0.000137,0.000108,0.000094,0.000089,0.000043,0.000051,0.000071,0.000071,0.000104,0.000097,0.000089,0.000045,0.000017,0.000004,0.000016,0.000119,0.000202
782,,,,,,,,,,,,,,0.000008,0.000175,0.000105,0.000125,0.000184,0.000217,0.000209,0.000187,0.000172,0.000162,0.000160,0.000173,0.000152,0.000136,0.000120,0.000105,0.000106,0.000077,0.000090,0.000086,0.000092,0.000139,0.000122,0.000084,0.000013,0.000018,0.000036,0.000026,0.000023,0.000031,0.000039,0.000036,0.000016,0.000002,0.000007,0.000030,0.000037
783,,,,,,,,,,,,,,0.000006,0.000107,0.000082,0.000099,0.000163,0.000204,0.000202,0.000206,0.000205,0.000196,0.000171,0.000164,0.000158,0.000149,0.000116,0.000082,0.000093,0.000113,0.000142,0.000156,0.000208,0.000229,0.000249,0.000175,0.000020,0.000038,0.000074,0.000078,0.000066,0.000070,0.000067,0.000055,0.000021,0.000003,0.000009,0.000071,0.000068
784,,,,,,,,,,,,,,0.000003,0.000056,0.000021,0.000022,0.000050,0.000062,0.000052,0.000042,0.000041,0.000048,0.000047,0.000045,0.000046,0.000038,0.000044,0.000033,0.000027,0.000037,0.000055,0.000085,0.000153,0.000136,0.000161,0.000187,0.000085,0.000110,0.000215,0.000203,0.000167,0.000175,0.000167,0.000130,0.000055,0.000009,0.000022,0.000049,0.000055
785,,,,,,,,,,,,,,0.000005,0.000069,0.000051,0.000064,0.000113,0.000183,0.000174,0.000134,0.000149,0.000163,0.000164,0.000168,0.000150,0.000133,0.000135,0.000080,0.000086,0.000092,0.000105,0.000094,0.000083,0.000107,0.000107,0.000085,0.000028,0.000042,0.000114,0.000108,0.000085,0.000105,0.000159,0.000124,0.000061,0.000012,0.000039,0.000111,0.000083
786,,,,,,,,,,,,,,0.000009,0.000114,0.000058,0.000053,0.000054,0.000042,0.000029,0.000024,0.000015,0.000015,0.000021,0.000027,0.000021,0.000010,0.000018,0.000017,0.000030,0.000058,0.000131,0.000151,0.000170,0.000161,0.000130,0.000085,0.000027,0.000071,0.000191,0.000370,0.000434,0.000508,0.000365,0.000217,0.000054,0.000005,0.000012,0.000059,0.000074
787,,,,,,,,,,,,,,0.000004,0.000088,0.000069,0.000094,0.000136,0.000150,0.000134,0.000121,0.000108,0.000100,0.000095,0.000075,0.000078,0.000084,0.000073,0.000054,0.000055,0.000045,0.000072,0.000074,0.000079,0.000077,0.000078,0.000066,0.000027,0.000024,0.000056,0.000064,0.000074,0.000088,0.000072,0.000045,0.000022,0.000003,0.000009,0.000043,0.000042
788,,,,,,,,,,,,,,0.000004,0.000052,0.000042,0.000062,0.000084,0.000098,0.000099,0.000088,0.000060,0.000031,0.000031,0.000023,0.000028,0.000021,0.000015,0.000002,-0.000001,0.000024,0.000058,0.000066,0.000071,0.000060,0.000059,0.000058,0.000014,0.000029,0.000070,0.000089,0.000117,0.000227,0.000386,0.000453,0.000187,0.000017,0.000038,0.000067,0.000060
789,,,,,,,,,,,,,,0.000024,0.000242,0.000145,0.000181,0.000230,0.000264,0.000241,0.000196,0.000157,0.000155,0.000141,0.000137,0.000141,0.000135,0.000121,0.000095,0.000080,0.000081,0.000085,0.000084,0.000106,0.000111,0.000113,0.000084,0.000020,0.000032,0.000063,0.000060,0.000048,0.000068,0.000061,0.000053,0.000024,0.000005,0.000027,0.000374,0.000500
790,,,,,,,,,,,,,,0.000022,0.000347,0.000217,0.000314,0.000484,0.000534,0.000464,0.000351,0.000320,0.000322,0.000336,0.000387,0.000364,0.000342,0.000280,0.000179,0.000176,0.000113,0.000097,0.000080,0.000070,0.000078,0.000085,0.000076,0.000019,0.000033,0.000064,0.000069,0.000044,0.000054,0.000061,0.000051,0.000021,0.000003,0.000014,0.000076,0.000093
791,,,,,,,,,,,,,,0.000003,0.000026,0.000016,0.000042,0.000056,0.000061,0.000054,0.000052,0.000063,0.000072,0.000058,0.000057,0.000045,0.000037,0.000032,0.000036,0.000045,0.000070,0.000101,0.000111,0.000078,0.000065,0.000069,0.000056,0.000017,0.000026,0.000036,0.000034,0.000029,0.000025,0.000024,0.000025,0.000019,0.000003,0.000012,0.000048,0.000072
792,,,,,,,,,,,,,,0.000006,0.000083,0.000045,0.000057,0.000067,0.000093,0.000106,0.000102,0.000076,0.000098,0.000078,0.000065,0.000052,0.000054,0.000042,0.000050,0.000065,0.000075,0.000073,0.000071,0.000067,0.000104,0.000212,0.000263,0.000131,0.000125,0.000173,0.000130,0.000097,0.000099,0.000103,0.000107,0.000057,0.000011,0.000032,0.000104,0.000157
793,,,,,,,,,,,,,,0.000005,0.000099,0.000084,0.000089,0.000122,0.000144,0.000146,0.000129,0.000132,0.000123,0.000111,0.000105,0.000099,0.000126,0.000123,0.000129,0.000260,0.000391,0.000209,0.000197,0.000179,0.000148,0.000166,0.000099,0.000017,0.000025,0.000055,0.000075,0.000069,0.000086,0.000102,0.000071,0.000023,0.000003,0.000009,0.000076,0.000077
794,,,,,,,,,,,,,,0.000004,0.000048,0.000027,0.000039,0.000058,0.000069,0.000072,0.000060,0.000040,0.000029,0.000023,0.000031,0.000034,0.000043,0.000040,0.000044,0.000098,0.000143,0.000193,0.000224,0.000230,0.000184,0.000157,0.000125,0.000022,0.000036,0.000107,0.000135,0.000126,0.000117,0.000088,0.000078,0.000037,0.000006,0.000018,0.000052,0.000079
795,,,,,,,,,,,,,,0.000027,0.000308,0.000182,0.000201,0.000280,0.000294,0.000244,0.000208,0.000177,0.000175,0.000158,0.000158,0.000142,0.000125,0.000100,0.000076,0.000062,0.000051,0.000042,0.000058,0.000087,0.000087,0.000114,0.000095,0.000028,0.000050,0.000074,0.000056,0.000034,0.000030,0.000042,0.000030,0.000011,0.000003,0.000011,0.000077,0.000148
796,,,,,,,,,,,,,,0.000003,0.000040,0.000029,0.000056,0.000071,0.000091,0.000091,0.000086,0.000076,0.000087,0.000086,0.000102,0.000107,0.000100,0.000083,0.000061,0.000059,0.000062,0.000092,0.000085,0.000066,0.000069,0.000082,0.000088,0.000020,0.000026,0.000058,0.000061,0.000056,0.000063,0.000058,0.000035,0.000017,0.000003,0.000009,0.000036,0.000039
797,,,,,,,,,,,,,,0.000017,0.000263,0.000160,0.000245,0.000528,0.000628,0.000656,0.000625,0.000592,0.000610,0.000634,0.000564,0.000398,0.000312,0.000223,0.000168,0.000137,0.000125,0.000140,0.000143,0.000148,0.000126,0.000099,0.000097,0.000026,0.000030,0.000053,0.000080,0.000097,0.000101,0.000088,0.000088,0.000042,0.000005,0.000015,0.000070,0.000099
798,,,,,,,,,,,,,,0.000006,0.000113,0.000095,0.000246,0.000285,0.000245,0.000200,0.000201,0.000178,0.000157,0.000137,0.000133,0.000109,0.000090,0.000080,0.000057,0.000037,0.000062,0.000050,0.000060,0.000061,0.000060,0.000067,0.000052,0.000021,0.000045,0.000146,0.000161,0.000127,0.000148,0.000146,0.000115,0.000036,0.000004,0.000011,0.000056,0.000058
799,,,,,,,,,,,,,,0.000003,0.000051,0.000043,0.000042,0.000064,0.000069,0.000064,0.000059,0.000077,0.000068,0.000059,0.000061,0.000059,0.000055,0.000055,0.000052,0.000034,0.000031,0.000044,0.000045,0.000043,0.000039,0.000056,0.000097,0.000159,0.000172,0.000126,0.000112,0.000088,0.000079,0.000083,0.000058,0.000021,0.000002,0.000009,0.000053,0.000056
800,,,,,,,,,,,,,,0.000004,0.000076,0.000045,0.000056,0.000092,0.000121,0.000119,0.000112,0.000104,0.000108,0.000121,0.000135,0.000128,0.000109,0.000099,0.000087,0.000092,0.000103,0.000109,0.000111,0.000099,0.000073,0.000069,0.000058,0.000025,0.000027,0.000064,0.000058,0.000044,0.000055,0.000053,0.000037,0.000015,0.000004,0.000013,0.000044,0.000061
801,,,,,,,,,,,,,,0.000007,0.000111,0.000084,0.000131,0.000249,0.000325,0.000308,0.000295,0.000265,0.000246,0.000207,0.000178,0.000136,0.000112,0.000097,0.000055,0.000049,0.000054,0.000071,0.000081,0.000084,0.000073,0.000072,0.000060,0.000015,0.000025,0.000067,0.000083,0.000073,0.000082,0.000077,0.000061,0.000022,0.000003,0.000013,0.000138,0.000120
802,,,,,,,,,,,,,,0.000007,0.000130,0.000081,0.000084,0.000136,0.000178,0.000164,0.000155,0.000137,0.000134,0.000123,0.000116,0.000107,0.000113,0.000115,0.000098,0.000101,0.000089,0.000098,0.000110,0.000111,0.000125,0.000098,0.000079,0.000020,0.000032,0.000062,0.000075,0.000059,0.000080,0.000084,0.000071,0.000031,0.000004,0.000017,0.000130,0.000107
803,,,,,,,,,,,,,,0.000020,0.000207,0.000112,0.000123,0.000145,0.000168,0.000162,0.000148,0.000145,0.000146,0.000140,0.000152,0.000149,0.000126,0.000115,0.000112,0.000132,0.000122,0.000151,0.000155,0.000145,0.000132,0.000138,0.000119,0.000032,0.000038,0.000058,0.000068,0.000072,0.000086,0.000093,0.000095,0.000034,0.000005,0.000020,0.000073,0.000088
804,,,,,,,,,,,,,,0.000010,0.000179,0.000102,0.000125,0.000190,0.000215,0.000205,0.000188,0.000161,0.000166,0.000159,0.000159,0.000152,0.000137,0.000125,0.000105,0.000093,0.000103,0.000161,0.000143,0.000165,0.000155,0.000168,0.000124,0.000022,0.000036,0.000060,0.000055,0.000047,0.000077,0.000061,0.000054,0.000022,0.000005,0.000020,0.000149,0.000124
805,,,,,,,,,,,,,,0.000005,0.000090,0.000050,0.000058,0.000058,0.000103,0.000087,0.000093,0.000085,0.000080,0.000082,0.000096,0.000095,0.000067,0.000069,0.000077,0.000114,0.000115,0.000141,0.000111,0.000104,0.000121,0.000086,0.000056,0.000021,0.000028,0.000072,0.000105,0.000175,0.000163,0.000105,0.000059,0.000022,0.000004,0.000011,0.000040,0.000053
806,,,,,,,,,,,,,,0.000010,0.000107,0.000056,0.000062,0.000099,0.000120,0.000124,0.000114,0.000131,0.000121,0.000107,0.000116,0.000107,0.000105,0.000093,0.000092,0.000104,0.000116,0.000128,0.000109,0.000085,0.000079,0.000062,0.000058,0.000024,0.000018,0.000038,0.000043,0.000042,0.000045,0.000049,0.000061,0.000018,0.000003,0.000011,0.000125,0.000277
807,,,,,,,,,,,,,,0.000004,0.000087,0.000109,0.000128,0.000147,0.000135,0.000105,0.000092,0.000076,0.000084,0.000071,0.000065,0.000060,0.000046,0.000039,0.000038,0.000045,0.000060,0.000066,0.000050,0.000053,0.000063,0.000051,0.000042,0.000013,0.000025,0.000045,0.000057,0.000046,0.000051,0.000044,0.000029,0.000012,0.000003,0.000012,0.000055,0.000068
808,,,,,,,,,,,,,,0.000015,0.000273,0.000146,0.000151,0.000215,0.000239,0.000230,0.000241,0.000247,0.000248,0.000236,0.000241,0.000238,0.000218,0.000177,0.000155,0.000161,0.000173,0.000176,0.000166,0.000173,0.000214,0.000289,0.000292,0.000035,0.000058,0.000153,0.000145,0.000115,0.000103,0.000073,0.000047,0.000016,0.000003,0.000018,0.000157,0.000179
809,,,,,,,,,,,,,,0.000006,0.000131,0.000068,0.000090,0.000139,0.000168,0.000159,0.000153,0.000154,0.000135,0.000124,0.000126,0.000116,0.000101,0.000098,0.000067,0.000059,0.000078,0.000111,0.000107,0.000113,0.000136,0.000121,0.000084,0.000086,0.000113,0.000151,0.000108,0.000083,0.000106,0.000127,0.000104,0.000038,0.000004,0.000017,0.000083,0.000092
810,,,,,,,,,,,,,,0.000006,0.000071,0.000046,0.000058,0.000083,0.000081,0.000099,0.000112,0.000129,0.000126,0.000157,0.000178,0.000138,0.000135,0.000155,0.000139,0.000196,0.000302,0.000587,0.000808,0.000992,0.000804,0.000569,0.000332,0.000036,0.000055,0.000129,0.000120,0.000083,0.000079,0.000071,0.000046,0.000018,0.000004,0.000012,0.000039,0.000061
811,,,,,,,,,,,,,,0.000007,0.000191,0.000167,0.000262,0.000433,0.000541,0.000503,0.000456,0.000359,0.000298,0.000224,0.000205,0.000191,0.000189,0.000170,0.000155,0.000199,0.000194,0.000210,0.000237,0.000316,0.000476,0.000501,0.000421,0.000087,0.000093,0.000161,0.000123,0.000077,0.000071,0.000064,0.000053,0.000022,0.000003,0.000008,0.000012,0.000015
812,,,,,,,,,,,,,,0.000010,0.000137,0.000090,0.000100,0.000143,0.000150,0.000133,0.000110,0.000102,0.000107,0.000110,0.000121,0.000108,0.000099,0.000095,0.000074,0.000082,0.000093,0.000088,0.000122,0.000288,0.000595,0.000806,0.000572,0.000046,0.000070,0.000170,0.000144,0.000095,0.000103,0.000105,0.000078,0.000026,0.000003,0.000015,0.000143,0.000155
813,,,,,,,,,,,,,,0.000007,0.000092,0.000072,0.000116,0.000244,0.000430,0.000429,0.000352,0.000264,0.000233,0.000241,0.000254,0.000239,0.000194,0.000174,0.000130,0.000137,0.000149,0.000163,0.000149,0.000154,0.000152,0.000150,0.000150,0.000039,0.000031,0.000063,0.000065,0.000065,0.000068,0.000080,0.000061,0.000023,0.000004,0.000013,0.000061,0.000070
814,,,,,,,,,,,,,,0.000011,0.000198,0.000145,0.000191,0.000387,0.000528,0.000523,0.000506,0.000468,0.000466,0.000456,0.000440,0.000380,0.000368,0.000384,0.000323,0.000306,0.000284,0.000268,0.000229,0.000210,0.000181,0.000160,0.000114,0.000023,0.000041,0.000112,0.000157,0.000173,0.000240,0.000175,0.000084,0.000021,0.000003,0.000013,0.000099,0.000117
815,,,,,,,,,,,,,,0.000006,0.000085,0.000066,0.000086,0.000195,0.000326,0.000406,0.000459,0.000460,0.000482,0.000504,0.000506,0.000442,0.000371,0.000262,0.000173,0.000142,0.000132,0.000123,0.000101,0.000089,0.000087,0.000081,0.000058,0.000011,0.000019,0.000050,0.000053,0.000051,0.000063,0.000066,0.000053,0.000019,0.000003,0.000014,0.000077,0.000068
816,,,,,,,,,,,,,,0.000004,0.000068,0.000049,0.000076,0.000161,0.000192,0.000183,0.000149,0.000141,0.000149,0.000144,0.000146,0.000140,0.000110,0.000076,0.000060,0.000053,0.000063,0.000049,0.000052,0.000058,0.000083,0.000096,0.000099,0.000017,0.000044,0.000163,0.000176,0.000154,0.000192,0.000227,0.000194,0.000057,0.000003,0.000008,0.000043,0.000044
817,,,,,,,,,,,,,,0.000016,0.000337,0.000225,0.000304,0.000612,0.000646,0.000508,0.000411,0.000345,0.000305,0.000261,0.000230,0.000210,0.000183,0.000143,0.000114,0.000121,0.000130,0.000160,0.000182,0.000202,0.000189,0.000163,0.000123,0.000017,0.000026,0.000059,0.000067,0.000054,0.000067,0.000069,0.000051,0.000018,0.000002,0.000006,0.000041,0.000037
818,,,,,,,,,,,,,,0.000005,0.000067,0.000059,0.000080,0.000137,0.000157,0.000155,0.000144,0.000145,0.000151,0.000138,0.000167,0.000169,0.000192,0.000200,0.000188,0.000234,0.000244,0.000279,0.000259,0.000232,0.000211,0.000197,0.000134,0.000022,0.000025,0.000070,0.000071,0.000062,0.000067,0.000059,0.000045,0.000015,0.000002,0.000009,0.000090,0.000079
819,,,,,,,,,,,,,,0.000007,0.000104,0.000068,0.000103,0.000170,0.000186,0.000191,0.000193,0.000237,0.000317,0.000342,0.000394,0.000404,0.000356,0.000242,0.000147,0.000118,0.000077,0.000072,0.000060,0.000039,0.000012,0.000021,0.000046,0.000017,0.000068,0.000391,0.000314,0.000195,0.000165,0.000110,0.000071,0.000023,0.000005,0.000031,0.000208,0.000178
820,,,,,,,,,,,,,,0.000006,0.000091,0.000056,0.000074,0.000117,0.000139,0.000144,0.000129,0.000108,0.000102,0.000096,0.000090,0.000085,0.000068,0.000057,0.000046,0.000028,0.000026,0.000040,0.000063,0.000068,0.000064,0.000058,0.000035,0.000042,0.000039,0.000036,0.000035,0.000048,0.000090,0.000165,0.000144,0.000048,0.000004,0.000018,0.000070,0.000066
821,,,,,,,,,,,,,,0.000007,0.000127,0.000080,0.000108,0.000176,0.000221,0.000224,0.000198,0.000182,0.000173,0.000165,0.000172,0.000146,0.000148,0.000132,0.000105,0.000103,0.000100,0.000112,0.000115,0.000113,0.000099,0.000131,0.000162,0.000057,0.000122,0.000358,0.000256,0.000136,0.000120,0.000099,0.000070,0.000020,0.000002,0.000009,0.000058,0.000061
822,,,,,,,,,,,,,,0.000029,0.000770,0.000503,0.000470,0.000587,0.000607,0.000484,0.000417,0.000352,0.000323,0.000258,0.000242,0.000209,0.000165,0.000135,0.000128,0.000114,0.000134,0.000140,0.000139,0.000121,0.000103,0.000088,0.000072,0.000026,0.000025,0.000035,0.000031,0.000033,0.000038,0.000036,0.000035,0.000024,0.000004,0.000013,0.000059,0.000124
823,,,,,,,,,,,,,,0.000004,0.000091,0.000060,0.000060,0.000095,0.000160,0.000168,0.000165,0.000139,0.000139,0.000140,0.000144,0.000146,0.000150,0.000139,0.000142,0.000168,0.000170,0.000161,0.000133,0.000110,0.000103,0.000093,0.000073,0.000017,0.000025,0.000059,0.000054,0.000038,0.000041,0.000038,0.000025,0.000013,0.000003,0.000010,0.000099,0.000058
824,,,,,,,,,,,,,,0.000011,0.000140,0.000086,0.000107,0.000150,0.000168,0.000162,0.000135,0.000117,0.000117,0.000105,0.000136,0.000119,0.000106,0.000089,0.000080,0.000082,0.000078,0.000106,0.000104,0.000095,0.000117,0.000131,0.000097,0.000020,0.000037,0.000061,0.000057,0.000072,0.000082,0.000084,0.000076,0.000039,0.000005,0.000014,0.000076,0.000083
825,,,,,,,,,,,,,,0.000008,0.000152,0.000089,0.000105,0.000171,0.000176,0.000153,0.000116,0.000080,0.000082,0.000084,0.000089,0.000073,0.000054,0.000044,0.000033,0.000034,0.000044,0.000072,0.000114,0.000154,0.000148,0.000130,0.000093,0.000019,0.000041,0.000056,0.000060,0.000049,0.000045,0.000035,0.000025,0.000032,0.000003,0.000008,0.000036,0.000047
826,,,,,,,,,,,,,,0.000005,0.000102,0.000064,0.000084,0.000100,0.000106,0.000088,0.000079,0.000073,0.000076,0.000061,0.000064,0.000052,0.000045,0.000031,0.000025,0.000019,0.000033,0.000035,0.000050,0.000077,0.000083,0.000101,0.000131,0.000026,0.000041,0.000061,0.000048,0.000044,0.000048,0.000046,0.000035,0.000019,0.000003,0.000011,0.000056,0.000061
827,,,,,,,,,,,,,,0.000004,0.000118,0.000080,0.000089,0.000155,0.000208,0.000182,0.000185,0.000164,0.000151,0.000150,0.000143,0.000128,0.000113,0.000101,0.000085,0.000106,0.000105,0.000111,0.000103,0.000114,0.000101,0.000088,0.000070,0.000017,0.000024,0.000075,0.000084,0.000102,0.000117,0.000095,0.000050,0.000022,0.000003,0.000009,0.000045,0.000030
828,,,,,,,,,,,,,,0.000020,0.000328,0.000235,0.000244,0.000384,0.000510,0.000561,0.000548,0.000516,0.000489,0.000399,0.000364,0.000313,0.000288,0.000242,0.000180,0.000165,0.000150,0.000156,0.000147,0.000142,0.000121,0.000118,0.000087,0.000015,0.000025,0.000059,0.000065,0.000058,0.000050,0.000046,0.000045,0.000013,0.000003,0.000009,0.000076,0.000079
829,,,,,,,,,,,,,,0.000005,0.000081,0.000043,0.000049,0.000110,0.000181,0.000232,0.000394,0.000379,0.000240,0.000209,0.000185,0.000157,0.000122,0.000106,0.000079,0.000071,0.000088,0.000132,0.000188,0.000212,0.000176,0.000148,0.000110,0.000020,0.000024,0.000059,0.000062,0.000063,0.000075,0.000075,0.000059,0.000022,0.000005,0.000019,0.000076,0.000068
830,,,,,,,,,,,,,,0.000008,0.000108,0.000065,0.000085,0.000111,0.000127,0.000119,0.000141,0.000129,0.000121,0.000115,0.000132,0.000110,0.000117,0.000089,0.000072,0.000094,0.000107,0.000108,0.000101,0.000098,0.000082,0.000076,0.000071,0.000020,0.000027,0.000055,0.000053,0.000046,0.000049,0.000048,0.000034,0.000015,0.000004,0.000012,0.000066,0.000096
831,,,,,,,,,,,,,,0.000015,0.000242,0.000120,0.000122,0.000192,0.000242,0.000230,0.000213,0.000211,0.000194,0.000209,0.000221,0.000215,0.000203,0.000176,0.000150,0.000161,0.000146,0.000169,0.000163,0.000163,0.000132,0.000116,0.000113,0.000017,0.000041,0.000069,0.000070,0.000075,0.000115,0.000137,0.000105,0.000037,0.000004,0.000013,0.000150,0.000249
832,,,,,,,,,,,,,,0.000006,0.000124,0.000076,0.000095,0.000160,0.000196,0.000231,0.000253,0.000270,0.000269,0.000246,0.000257,0.000235,0.000199,0.000168,0.000131,0.000134,0.000111,0.000142,0.000131,0.000113,0.000095,0.000086,0.000081,0.000023,0.000030,0.000070,0.000070,0.000063,0.000051,0.000033,0.000025,0.000015,0.000003,0.000017,0.000045,0.000067
833,,,,,,,,,,,,,,0.000005,0.000152,0.000135,0.000164,0.000214,0.000224,0.000187,0.000156,0.000125,0.000106,0.000090,0.000101,0.000116,0.000096,0.000073,0.000060,0.000064,0.000067,0.000065,0.000044,0.000038,0.000026,0.000029,0.000029,0.000040,0.000058,0.000044,0.000028,0.000030,0.000029,0.000032,0.000029,0.000025,0.000006,0.000018,0.000031,0.000031
834,,,,,,,,,,,,,,0.000004,0.000042,0.000021,0.000032,0.000035,0.000041,0.000040,0.000028,0.000023,0.000019,0.000009,0.000012,0.000024,0.000027,0.000028,0.000034,0.000067,0.000081,0.000098,0.000120,0.000147,0.000185,0.000217,0.000161,0.000024,0.000033,0.000064,0.000076,0.000068,0.000067,0.000055,0.000058,0.000024,0.000004,0.000014,0.000037,0.000052
835,,,,,,,,,,,,,,0.000015,0.000356,0.000264,0.000220,0.000272,0.000318,0.000299,0.000292,0.000265,0.000252,0.000229,0.000245,0.000236,0.000237,0.000216,0.000172,0.000143,0.000114,0.000119,0.000100,0.000096,0.000083,0.000071,0.000047,0.000010,0.000017,0.000028,0.000028,0.000022,0.000028,0.000031,0.000025,0.000006,0.000002,0.000010,0.000050,0.000056
836,,,,,,,,,,,,,,0.000005,0.000100,0.000064,0.000135,0.000354,0.000530,0.000579,0.000591,0.000521,0.000407,0.000311,0.000301,0.000251,0.000211,0.000156,0.000122,0.000132,0.000142,0.000136,0.000144,0.000159,0.000153,0.000129,0.000098,0.000021,0.000029,0.000040,0.000035,0.000036,0.000042,0.000050,0.000042,0.000017,0.000004,0.000013,0.000066,0.000066
837,,,,,,,,,,,,,,0.000005,0.000103,0.000078,0.000120,0.000219,0.000303,0.000289,0.000257,0.000208,0.000169,0.000154,0.000174,0.000146,0.000130,0.000117,0.000078,0.000068,0.000070,0.000112,0.000136,0.000166,0.000159,0.000138,0.000103,0.000087,0.000068,0.000087,0.000102,0.000092,0.000101,0.000091,0.000071,0.000027,0.000003,0.000011,0.000080,0.000072
838,,,,,,,,,,,,,,0.000006,0.000061,0.000046,0.000078,0.000099,0.000125,0.000102,0.000078,0.000069,0.000075,0.000074,0.000080,0.000087,0.000071,0.000076,0.000077,0.000130,0.000224,0.000346,0.000269,0.000201,0.000147,0.000111,0.000075,0.000013,0.000019,0.000049,0.000049,0.000057,0.000074,0.000097,0.000089,0.000033,0.000004,0.000019,0.000072,0.000104
839,,,,,,,,,,,,,,0.000004,0.000050,0.000029,0.000035,0.000048,0.000054,0.000060,0.000074,0.000085,0.000108,0.000114,0.000112,0.000102,0.000092,0.000075,0.000063,0.000068,0.000054,0.000065,0.000057,0.000066,0.000089,0.000127,0.000118,0.000042,0.000060,0.000236,0.000313,0.000211,0.000165,0.000104,0.000060,0.000021,0.000003,0.000010,0.000040,0.000033
840,,,,,,,,,,,,,,0.000005,0.000064,0.000030,0.000042,0.000061,0.000056,0.000053,0.000027,0.000021,0.000020,0.000012,0.000013,0.000019,0.000020,0.000028,0.000034,0.000036,0.000030,0.000038,0.000042,0.000044,0.000067,0.000075,0.000044,0.000019,0.000025,0.000078,0.000083,0.000089,0.000086,0.000084,0.000099,0.000049,0.000008,0.000018,0.000077,0.000093
841,,,,,,,,,,,,,,0.000008,0.000172,0.000135,0.000125,0.000143,0.000154,0.000165,0.000169,0.000171,0.000135,0.000125,0.000145,0.000134,0.000125,0.000109,0.000093,0.000096,0.000106,0.000164,0.000159,0.000157,0.000130,0.000115,0.000087,0.000019,0.000029,0.000096,0.000124,0.000105,0.000100,0.000084,0.000063,0.000028,0.000004,0.000010,0.000061,0.000067
842,,,,,,,,,,,,,,0.000007,0.000122,0.000072,0.000098,0.000151,0.000185,0.000195,0.000191,0.000192,0.000181,0.000148,0.000125,0.000111,0.000114,0.000115,0.000087,0.000107,0.000106,0.000123,0.000114,0.000113,0.000111,0.000096,0.000088,0.000020,0.000027,0.000069,0.000079,0.000072,0.000072,0.000067,0.000049,0.000025,0.000003,0.000010,0.000056,0.000065
843,,,,,,,,,,,,,,0.000006,0.000143,0.000171,0.000310,0.000535,0.000589,0.000532,0.000442,0.000435,0.000374,0.000328,0.000271,0.000207,0.000154,0.000112,0.000090,0.000116,0.000190,0.000288,0.000277,0.000286,0.000254,0.000218,0.000145,0.000027,0.000029,0.000051,0.000061,0.000051,0.000048,0.000049,0.000041,0.000017,0.000003,0.000008,0.000044,0.000063
844,,,,,,,,,,,,,,0.000003,0.000049,0.000035,0.000039,0.000076,0.000122,0.000125,0.000108,0.000083,0.000065,0.000052,0.000064,0.000063,0.000047,0.000042,0.000042,0.000040,0.000054,0.000053,0.000067,0.000059,0.000053,0.000051,0.000053,0.000016,0.000033,0.000040,0.000053,0.000063,0.000152,0.000230,0.000180,0.000051,0.000005,0.000012,0.000060,0.000052
845,,,,,,,,,,,,,,0.000009,0.000173,0.000112,0.000242,0.000421,0.000427,0.000339,0.000300,0.000270,0.000233,0.000213,0.000187,0.000145,0.000140,0.000122,0.000097,0.000127,0.000266,0.000279,0.000286,0.000274,0.000258,0.000249,0.000192,0.000028,0.000047,0.000107,0.000100,0.000075,0.000078,0.000070,0.000050,0.000020,0.000004,0.000012,0.000067,0.000070
846,,,,,,,,,,,,,,0.000007,0.000164,0.000113,0.000141,0.000249,0.000301,0.000302,0.000262,0.000268,0.000270,0.000268,0.000353,0.000444,0.000553,0.000509,0.000436,0.000399,0.000334,0.000290,0.000244,0.000244,0.000212,0.000203,0.000160,0.000024,0.000035,0.000077,0.000093,0.000095,0.000103,0.000093,0.000082,0.000032,0.000005,0.000019,0.000097,0.000084
847,,,,,,,,,,,,,,0.000011,0.000203,0.000144,0.000155,0.000250,0.000305,0.000277,0.000278,0.000260,0.000250,0.000211,0.000237,0.000218,0.000221,0.000197,0.000146,0.000142,0.000129,0.000148,0.000144,0.000152,0.000142,0.000132,0.000109,0.000022,0.000038,0.000100,0.000094,0.000069,0.000076,0.000085,0.000047,0.000021,0.000003,0.000009,0.000049,0.000048
848,,,,,,,,,,,,,,0.000008,0.000146,0.000158,0.000416,0.000857,0.001133,0.001059,0.000889,0.000703,0.000607,0.000520,0.000498,0.000453,0.000393,0.000315,0.000240,0.000231,0.000212,0.000198,0.000196,0.000185,0.000165,0.000143,0.000098,0.000013,0.000027,0.000076,0.000093,0.000098,0.000114,0.000088,0.000048,0.000016,0.000002,0.000011,0.000082,0.000095
849,,,,,,,,,,,,,,0.000024,0.000619,0.000437,0.000316,0.000362,0.000372,0.000323,0.000278,0.000214,0.000191,0.000177,0.000215,0.000223,0.000202,0.000165,0.000115,0.000077,0.000091,0.000100,0.000096,0.000123,0.000138,0.000130,0.000104,0.000021,0.000036,0.000072,0.000068,0.000064,0.000057,0.000054,0.000048,0.000023,0.000004,0.000011,0.000056,0.000063
850,,,,,,,,,,,,,,0.000005,0.000087,0.000052,0.000076,0.000130,0.000159,0.000164,0.000195,0.000203,0.000211,0.000216,0.000215,0.000189,0.000163,0.000128,0.000082,0.000087,0.000098,0.000114,0.000142,0.000159,0.000136,0.000112,0.000096,0.000024,0.000033,0.000071,0.000059,0.000068,0.000066,0.000064,0.000050,0.000023,0.000006,0.000017,0.000109,0.000104
851,,,,,,,,,,,,,,0.000005,0.000084,0.000042,0.000067,0.000114,0.000166,0.000172,0.000155,0.000137,0.000115,0.000098,0.000093,0.000098,0.000080,0.000073,0.000058,0.000056,0.000054,0.000072,0.000076,0.000093,0.000083,0.000062,0.000058,0.000014,0.000024,0.000049,0.000044,0.000042,0.000055,0.000085,0.000112,0.000041,0.000004,0.000011,0.000109,0.000061
852,,,,,,,,,,,,,,0.000009,0.000102,0.000054,0.000077,0.000117,0.000111,0.000081,0.000075,0.000088,0.000074,0.000074,0.000077,0.000060,0.000066,0.000067,0.000074,0.000084,0.000078,0.000077,0.000117,0.000163,0.000201,0.000210,0.000142,0.000045,0.000048,0.000101,0.000075,0.000098,0.000062,0.000040,0.000020,0.000014,0.000004,0.000011,0.000031,0.000055
853,,,,,,,,,,,,,,0.000004,0.000140,0.000144,0.000184,0.000414,0.000522,0.000508,0.000477,0.000439,0.000402,0.000343,0.000330,0.000291,0.000283,0.000267,0.000221,0.000216,0.000173,0.000162,0.000135,0.000095,0.000077,0.000069,0.000055,0.000013,0.000031,0.000049,0.000045,0.000032,0.000034,0.000024,0.000021,0.000011,0.000003,0.000011,0.000032,0.000033
854,,,,,,,,,,,,,,0.000005,0.000095,0.000061,0.000075,0.000119,0.000142,0.000135,0.000117,0.000118,0.000111,0.000102,0.000120,0.000113,0.000109,0.000100,0.000077,0.000088,0.000091,0.000088,0.000077,0.000068,0.000069,0.000072,0.000068,0.000018,0.000021,0.000034,0.000041,0.000038,0.000051,0.000061,0.000046,0.000018,0.000002,0.000018,0.000051,0.000061
855,,,,,,,,,,,,,,0.000010,0.000147,0.000102,0.000125,0.000182,0.000210,0.000198,0.000166,0.000144,0.000112,0.000092,0.000089,0.000088,0.000082,0.000066,0.000059,0.000063,0.000070,0.000068,0.000085,0.000080,0.000092,0.000090,0.000067,0.000024,0.000039,0.000053,0.000048,0.000039,0.000037,0.000039,0.000025,0.000010,0.000004,0.000014,0.000066,0.000079
856,,,,,,,,,,,,,,0.000005,0.000077,0.000064,0.000158,0.000338,0.000561,0.000488,0.000405,0.000268,0.000228,0.000198,0.000202,0.000154,0.000115,0.000118,0.000085,0.000079,0.000073,0.000104,0.000086,0.000090,0.000091,0.000093,0.000066,0.000019,0.000025,0.000043,0.000047,0.000039,0.000049,0.000055,0.000038,0.000018,0.000004,0.000021,0.000102,0.000081
857,,,,,,,,,,,,,,0.000005,0.000102,0.000086,0.000170,0.000419,0.000503,0.000455,0.000350,0.000304,0.000261,0.000231,0.000233,0.000205,0.000166,0.000130,0.000087,0.000062,0.000050,0.000065,0.000071,0.000077,0.000076,0.000071,0.000055,0.000011,0.000016,0.000049,0.000056,0.000045,0.000039,0.000036,0.000028,0.000009,0.000002,0.000006,0.000026,0.000037
858,,,,,,,,,,,,,,0.000009,0.000144,0.000101,0.000137,0.000208,0.000263,0.000239,0.000207,0.000195,0.000217,0.000208,0.000217,0.000198,0.000179,0.000161,0.000128,0.000144,0.000128,0.000153,0.000150,0.000130,0.000106,0.000119,0.000101,0.000016,0.000031,0.000080,0.000132,0.000162,0.000212,0.000204,0.000108,0.000026,0.000003,0.000013,0.000074,0.000081
859,,,,,,,,,,,,,,0.000013,0.000157,0.000083,0.000097,0.000133,0.000154,0.000145,0.000134,0.000138,0.000142,0.000131,0.000124,0.000105,0.000098,0.000089,0.000085,0.000078,0.000113,0.000138,0.000119,0.000123,0.000132,0.000103,0.000076,0.000020,0.000035,0.000050,0.000048,0.000045,0.000051,0.000044,0.000032,0.000017,0.000005,0.000030,0.000264,0.000290
860,,,,,,,,,,,,,,0.000020,0.000196,0.000170,0.000171,0.000241,0.000247,0.000227,0.000198,0.000194,0.000178,0.000164,0.000167,0.000155,0.000119,0.000115,0.000087,0.000091,0.000120,0.000123,0.000123,0.000120,0.000102,0.000087,0.000077,0.000024,0.000026,0.000063,0.000076,0.000096,0.000150,0.000199,0.000170,0.000047,0.000005,0.000013,0.000107,0.000233
861,,,,,,,,,,,,,,0.000013,0.000181,0.000109,0.000146,0.000254,0.000313,0.000306,0.000267,0.000243,0.000209,0.000194,0.000197,0.000189,0.000156,0.000137,0.000113,0.000115,0.000110,0.000103,0.000095,0.000100,0.000103,0.000103,0.000064,0.000009,0.000017,0.000054,0.000100,0.000105,0.000101,0.000085,0.000057,0.000018,0.000003,0.000011,0.000060,0.000083
862,,,,,,,,,,,,,,0.000007,0.000151,0.000111,0.000146,0.000242,0.000315,0.000250,0.000228,0.000169,0.000148,0.000132,0.000131,0.000113,0.000090,0.000077,0.000059,0.000054,0.000058,0.000079,0.000088,0.000083,0.000066,0.000050,0.000045,0.000018,0.000024,0.000032,0.000042,0.000086,0.000076,0.000075,0.000055,0.000020,0.000004,0.000012,0.000060,0.000059
863,,,,,,,,,,,,,,0.000008,0.000081,0.000043,0.000062,0.000097,0.000123,0.000135,0.000104,0.000076,0.000082,0.000090,0.000104,0.000115,0.000172,0.000229,0.000283,0.000318,0.000281,0.000271,0.000183,0.000169,0.000164,0.000145,0.000137,0.000028,0.000031,0.000054,0.000049,0.000048,0.000044,0.000035,0.000039,0.000024,0.000004,0.000014,0.000079,0.000141
864,,,,,,,,,,,,,,0.000003,0.000060,0.000037,0.000039,0.000049,0.000075,0.000081,0.000096,0.000108,0.000117,0.000118,0.000119,0.000110,0.000085,0.000079,0.000058,0.000035,0.000034,0.000035,0.000036,0.000029,0.000036,0.000040,0.000052,0.000026,0.000034,0.000038,0.000030,0.000022,0.000017,0.000012,0.000011,0.000017,0.000008,0.000019,0.000057,0.000037
865,,,,,,,,,,,,,,0.000018,0.000333,0.000206,0.000148,0.000208,0.000262,0.000253,0.000245,0.000262,0.000291,0.000322,0.000331,0.000310,0.000248,0.000191,0.000128,0.000106,0.000103,0.000129,0.000124,0.000125,0.000158,0.000156,0.000113,0.000027,0.000042,0.000085,0.000074,0.000059,0.000030,0.000039,0.000047,0.000029,0.000006,0.000022,0.000210,0.000162
866,,,,,,,,,,,,,,0.000011,0.000123,0.000067,0.000105,0.000199,0.000305,0.000225,0.000207,0.000157,0.000133,0.000115,0.000114,0.000097,0.000095,0.000103,0.000102,0.000135,0.000210,0.000333,0.000374,0.000333,0.000280,0.000220,0.000121,0.000017,0.000022,0.000042,0.000054,0.000079,0.000158,0.000251,0.000283,0.000112,0.000010,0.000022,0.000108,0.000156
867,,,,,,,,,,,,,,0.000007,0.000161,0.000080,0.000084,0.000136,0.000199,0.000216,0.000253,0.000350,0.000412,0.000494,0.000561,0.000596,0.000655,0.000691,0.000676,0.000713,0.000564,0.000507,0.000366,0.000282,0.000230,0.000185,0.000115,0.000018,0.000030,0.000069,0.000061,0.000045,0.000037,0.000038,0.000024,0.000012,0.000002,0.000008,0.000060,0.000052
868,,,,,,,,,,,,,,0.000007,0.000105,0.000075,0.000084,0.000127,0.000154,0.000156,0.000147,0.000141,0.000133,0.000123,0.000123,0.000108,0.000084,0.000088,0.000088,0.000100,0.000082,0.000094,0.000076,0.000065,0.000096,0.000098,0.000066,0.000019,0.000024,0.000027,0.000028,0.000035,0.000037,0.000030,0.000053,0.000040,0.000005,0.000020,0.000060,0.000074
869,,,,,,,,,,,,,,0.000006,0.000121,0.000074,0.000089,0.000134,0.000148,0.000154,0.000136,0.000105,0.000106,0.000098,0.000091,0.000082,0.000089,0.000071,0.000059,0.000065,0.000050,0.000062,0.000064,0.000066,0.000101,0.000206,0.000213,0.000023,0.000037,0.000094,0.000098,0.000084,0.000097,0.000077,0.000051,0.000019,0.000003,0.000012,0.000064,0.000073
870,,,,,,,,,,,,,,0.000003,0.000062,0.000052,0.000107,0.000174,0.000229,0.000210,0.000204,0.000192,0.000201,0.000171,0.000152,0.000121,0.000087,0.000056,0.000035,0.000028,0.000037,0.000045,0.000046,0.000052,0.000072,0.000069,0.000058,0.000022,0.000024,0.000039,0.000061,0.000072,0.000101,0.000134,0.000092,0.000026,0.000003,0.000011,0.000059,0.000061
871,,,,,,,,,,,,,,0.000042,0.000702,0.000441,0.000500,0.000643,0.000734,0.000665,0.000595,0.000520,0.000485,0.000437,0.000425,0.000364,0.000289,0.000218,0.000163,0.000147,0.000126,0.000124,0.000106,0.000108,0.000106,0.000098,0.000079,0.000019,0.000043,0.000115,0.000111,0.000077,0.000090,0.000085,0.000068,0.000021,0.000003,0.000010,0.000069,0.000141
872,,,,,,,,,,,,,,0.000006,0.000113,0.000074,0.000113,0.000248,0.000331,0.000365,0.000358,0.000369,0.000379,0.000361,0.000346,0.000316,0.000267,0.000180,0.000114,0.000098,0.000092,0.000090,0.000079,0.000075,0.000082,0.000081,0.000083,0.000042,0.000048,0.000040,0.000051,0.000071,0.000105,0.000088,0.000142,0.000055,0.000005,0.000011,0.000085,0.000065
873,,,,,,,,,,,,,,0.000008,0.000149,0.000102,0.000192,0.000469,0.000853,0.001001,0.001040,0.000853,0.000733,0.000581,0.000557,0.000470,0.000431,0.000379,0.000320,0.000356,0.000346,0.000385,0.000345,0.000296,0.000256,0.000221,0.000166,0.000024,0.000041,0.000106,0.000117,0.000090,0.000115,0.000132,0.000117,0.000041,0.000004,0.000015,0.000067,0.000067
874,,,,,,,,,,,,,,0.000007,0.000135,0.000092,0.000102,0.000166,0.000184,0.000154,0.000130,0.000135,0.000134,0.000115,0.000111,0.000109,0.000117,0.000136,0.000123,0.000147,0.000169,0.000170,0.000158,0.000142,0.000119,0.000089,0.000061,0.000014,0.000017,0.000048,0.000057,0.000050,0.000040,0.000039,0.000032,0.000015,0.000002,0.000009,0.000048,0.000035
875,,,,,,,,,,,,,,0.000014,0.000366,0.000247,0.000325,0.000681,0.000921,0.000910,0.000787,0.000659,0.000562,0.000453,0.000409,0.000335,0.000277,0.000227,0.000196,0.000169,0.000147,0.000129,0.000109,0.000122,0.000157,0.000199,0.000173,0.000049,0.000044,0.000044,0.000053,0.000046,0.000045,0.000062,0.000042,0.000014,0.000002,0.000009,0.000037,0.000034
876,,,,,,,,,,,,,,0.000007,0.000099,0.000059,0.000066,0.000130,0.000166,0.000157,0.000122,0.000104,0.000120,0.000114,0.000127,0.000112,0.000101,0.000097,0.000085,0.000104,0.000129,0.000172,0.000147,0.000137,0.000131,0.000114,0.000074,0.000011,0.000020,0.000039,0.000041,0.000039,0.000057,0.000084,0.000082,0.000032,0.000006,0.000012,0.000081,0.000105
877,,,,,,,,,,,,,,0.000007,0.000141,0.000086,0.000072,0.000117,0.000155,0.000144,0.000122,0.000111,0.000104,0.000088,0.000086,0.000093,0.000085,0.000086,0.000075,0.000068,0.000057,0.000058,0.000057,0.000053,0.000057,0.000075,0.000068,0.000029,0.000046,0.000155,0.000121,0.000079,0.000073,0.000063,0.000041,0.000015,0.000003,0.000008,0.000034,0.000035
878,,,,,,,,,,,,,,0.000008,0.000089,0.000042,0.000051,0.000073,0.000107,0.000101,0.000082,0.000099,0.000143,0.000186,0.000246,0.000281,0.000361,0.000396,0.000328,0.000262,0.000239,0.000278,0.000240,0.000235,0.000258,0.000360,0.000272,0.000034,0.000036,0.000091,0.000088,0.000111,0.000241,0.000363,0.000289,0.000066,0.000005,0.000020,0.000222,0.000275
879,,,,,,,,,,,,,,0.000007,0.000111,0.000066,0.000098,0.000144,0.000153,0.000141,0.000121,0.000112,0.000108,0.000101,0.000103,0.000105,0.000101,0.000094,0.000081,0.000091,0.000108,0.000153,0.000225,0.000346,0.000401,0.000305,0.000169,0.000019,0.000033,0.000053,0.000048,0.000038,0.000038,0.000036,0.000033,0.000015,0.000005,0.000017,0.000128,0.000120
880,,,,,,,,,,,,,,0.000008,0.000193,0.000248,0.000388,0.000646,0.000864,0.000683,0.000492,0.000362,0.000311,0.000254,0.000265,0.000240,0.000207,0.000161,0.000117,0.000114,0.000134,0.000128,0.000116,0.000117,0.000106,0.000088,0.000059,0.000012,0.000022,0.000049,0.000042,0.000032,0.000034,0.000031,0.000031,0.000011,0.000004,0.000015,0.000106,0.000107
881,,,,,,,,,,,,,,0.000013,0.000237,0.000136,0.000168,0.000325,0.000544,0.000707,0.000911,0.001016,0.001148,0.001170,0.001201,0.001104,0.001000,0.000833,0.000621,0.000577,0.000529,0.000598,0.000571,0.000517,0.000456,0.000412,0.000288,0.000039,0.000069,0.000163,0.000147,0.000096,0.000075,0.000058,0.000039,0.000013,0.000003,0.000014,0.000109,0.000116
882,,,,,,,,,,,,,,0.000005,0.000081,0.000058,0.000074,0.000142,0.000186,0.000185,0.000173,0.000173,0.000174,0.000167,0.000166,0.000152,0.000148,0.000131,0.000101,0.000089,0.000085,0.000098,0.000082,0.000074,0.000071,0.000063,0.000048,0.000009,0.000020,0.000045,0.000052,0.000046,0.000056,0.000057,0.000051,0.000017,0.000002,0.000010,0.000081,0.000078
883,,,,,,,,,,,,,,0.000017,0.000236,0.000124,0.000136,0.000173,0.000183,0.000175,0.000153,0.000133,0.000131,0.000119,0.000111,0.000114,0.000105,0.000100,0.000089,0.000110,0.000113,0.000125,0.000132,0.000125,0.000112,0.000109,0.000076,0.000022,0.000033,0.000054,0.000080,0.000086,0.000096,0.000078,0.000056,0.000030,0.000004,0.000013,0.000096,0.000087
884,,,,,,,,,,,,,,0.000003,0.000053,0.000043,0.000091,0.000197,0.000189,0.000185,0.000165,0.000173,0.000195,0.000253,0.000355,0.000412,0.000484,0.000498,0.000475,0.000546,0.000555,0.000571,0.000475,0.000398,0.000356,0.000289,0.000179,0.000025,0.000033,0.000087,0.000075,0.000050,0.000049,0.000038,0.000035,0.000023,0.000004,0.000008,0.000037,0.000047
885,,,,,,,,,,,,,,0.000005,0.000140,0.000118,0.000180,0.000273,0.000245,0.000202,0.000160,0.000147,0.000150,0.000139,0.000135,0.000114,0.000102,0.000093,0.000086,0.000136,0.000129,0.000099,0.000096,0.000095,0.000087,0.000088,0.000076,0.000015,0.000042,0.000196,0.000190,0.000081,0.000062,0.000051,0.000059,0.000025,0.000004,0.000012,0.000070,0.000055
886,,,,,,,,,,,,,,0.000007,0.000093,0.000055,0.000072,0.000136,0.000170,0.000176,0.000177,0.000181,0.000196,0.000198,0.000187,0.000156,0.000146,0.000127,0.000104,0.000116,0.000109,0.000113,0.000114,0.000106,0.000101,0.000105,0.000080,0.000015,0.000026,0.000089,0.000081,0.000065,0.000057,0.000074,0.000085,0.000024,0.000003,0.000012,0.000104,0.000124
887,,,,,,,,,,,,,,0.000017,0.000393,0.000216,0.000145,0.000180,0.000221,0.000195,0.000206,0.000156,0.000124,0.000111,0.000104,0.000103,0.000108,0.000086,0.000074,0.000079,0.000087,0.000081,0.000084,0.000084,0.000092,0.000075,0.000061,0.000018,0.000034,0.000067,0.000058,0.000051,0.000063,0.000068,0.000048,0.000024,0.000004,0.000013,0.000060,0.000064
888,,,,,,,,,,,,,,0.000003,0.000119,0.000131,0.000209,0.000320,0.000312,0.000249,0.000219,0.000165,0.000146,0.000113,0.000108,0.000080,0.000055,0.000053,0.000033,0.000016,0.000020,0.000037,0.000028,0.000026,0.000026,0.000043,0.000070,0.000028,0.000036,0.000069,0.000047,0.000052,0.000053,0.000065,0.000072,0.000045,0.000007,0.000019,0.000049,0.000038
889,,,,,,,,,,,,,,0.000011,0.000186,0.000124,0.000200,0.000414,0.000505,0.000473,0.000391,0.000334,0.000284,0.000229,0.000229,0.000202,0.000156,0.000132,0.000114,0.000106,0.000102,0.000098,0.000104,0.000090,0.000095,0.000102,0.000116,0.000085,0.000053,0.000084,0.000104,0.000092,0.000085,0.000062,0.000045,0.000020,0.000004,0.000013,0.000062,0.000077
890,,,,,,,,,,,,,,0.000004,0.000082,0.000060,0.000071,0.000096,0.000113,0.000118,0.000113,0.000101,0.000092,0.000081,0.000079,0.000072,0.000070,0.000078,0.000065,0.000063,0.000115,0.000121,0.000175,0.000204,0.000181,0.000126,0.000085,0.000018,0.000024,0.000049,0.000052,0.000040,0.000039,0.000045,0.000040,0.000016,0.000002,0.000010,0.000041,0.000054
891,,,,,,,,,,,,,,0.000010,0.000109,0.000052,0.000057,0.000069,0.000086,0.000097,0.000094,0.000084,0.000089,0.000082,0.000081,0.000071,0.000059,0.000047,0.000034,0.000040,0.000057,0.000070,0.000084,0.000080,0.000073,0.000063,0.000041,0.000018,0.000027,0.000050,0.000044,0.000042,0.000069,0.000103,0.000104,0.000050,0.000018,0.000043,0.000121,0.000181
892,,,,,,,,,,,,,,0.000008,0.000273,0.000274,0.000294,0.000393,0.000423,0.000369,0.000355,0.000370,0.000399,0.000394,0.000431,0.000414,0.000367,0.000270,0.000187,0.000153,0.000140,0.000152,0.000160,0.000141,0.000130,0.000143,0.000122,0.000020,0.000031,0.000108,0.000175,0.000197,0.000212,0.000204,0.000109,0.000033,0.000003,0.000011,0.000049,0.000056
893,,,,,,,,,,,,,,0.000009,0.000161,0.000096,0.000117,0.000185,0.000221,0.000214,0.000220,0.000233,0.000223,0.000189,0.000229,0.000234,0.000185,0.000182,0.000195,0.000215,0.000252,0.000423,0.000441,0.000407,0.000280,0.000242,0.000192,0.000094,0.000086,0.000162,0.000156,0.000113,0.000109,0.000102,0.000072,0.000032,0.000006,0.000016,0.000076,0.000072
894,,,,,,,,,,,,,,0.000008,0.000144,0.000086,0.000082,0.000130,0.000180,0.000176,0.000166,0.000130,0.000127,0.000105,0.000091,0.000091,0.000096,0.000089,0.000064,0.000064,0.000068,0.000085,0.000074,0.000074,0.000062,0.000058,0.000060,0.000020,0.000027,0.000050,0.000037,0.000032,0.000034,0.000027,0.000026,0.000018,0.000005,0.000012,0.000067,0.000062
895,,,,,,,,,,,,,,0.000011,0.000183,0.000110,0.000140,0.000285,0.000405,0.000424,0.000372,0.000358,0.000332,0.000328,0.000382,0.000421,0.000458,0.000330,0.000246,0.000187,0.000196,0.000230,0.000207,0.000159,0.000137,0.000170,0.000084,0.000020,0.000043,0.000134,0.000125,0.000099,0.000081,0.000059,0.000048,0.000018,0.000003,0.000011,0.000059,0.000061
896,,,,,,,,,,,,,,0.000008,0.000114,0.000061,0.000074,0.000122,0.000140,0.000121,0.000100,0.000099,0.000096,0.000093,0.000101,0.000096,0.000085,0.000078,0.000055,0.000051,0.000056,0.000075,0.000094,0.000138,0.000321,0.000161,0.000091,0.000029,0.000041,0.000047,0.000035,0.000029,0.000033,0.000038,0.000039,0.000016,0.000007,0.000024,0.000086,0.000088
897,,,,,,,,,,,,,,0.000005,0.000118,0.000077,0.000078,0.000130,0.000147,0.000133,0.000122,0.000111,0.000128,0.000131,0.000144,0.000137,0.000120,0.000108,0.000099,0.000104,0.000090,0.000096,0.000093,0.000105,0.000098,0.000114,0.000073,0.000020,0.000035,0.000073,0.000072,0.000071,0.000120,0.000153,0.000109,0.000031,0.000004,0.000010,0.000042,0.000051
898,,,,,,,,,,,,,,0.000003,0.000046,0.000025,0.000030,0.000055,0.000071,0.000068,0.000070,0.000067,0.000065,0.000061,0.000066,0.000062,0.000056,0.000045,0.000040,0.000044,0.000044,0.000040,0.000033,0.000033,0.000050,0.000073,0.000057,0.000016,0.000020,0.000046,0.000046,0.000054,0.000064,0.000057,0.000059,0.000027,0.000005,0.000010,0.000039,0.000043
899,,,,,,,,,,,,,,0.000015,0.000223,0.000141,0.000173,0.000271,0.000277,0.000262,0.000255,0.000240,0.000224,0.000176,0.000203,0.000202,0.000191,0.000183,0.000136,0.000116,0.000141,0.000159,0.000160,0.000142,0.000124,0.000111,0.000087,0.000027,0.000036,0.000072,0.000084,0.000068,0.000079,0.000100,0.000065,0.000022,0.000004,0.000015,0.000072,0.000088
900,,,,,,,,,,,,,,0.000003,0.000053,0.000044,0.000106,0.000098,0.000081,0.000071,0.000054,0.000039,0.000043,0.000051,0.000074,0.000080,0.000071,0.000062,0.000041,0.000045,0.000043,0.000044,0.000028,0.000019,0.000026,0.000035,0.000043,0.000027,0.000036,0.000062,0.000140,0.000189,0.000196,0.000155,0.000200,0.000082,0.000011,0.000028,0.000083,0.000082
901,,,,,,,,,,,,,,0.000003,0.000040,0.000024,0.000042,0.000075,0.000096,0.000091,0.000074,0.000067,0.000066,0.000061,0.000100,0.000107,0.000110,0.000093,0.000087,0.000098,0.000106,0.000107,0.000095,0.000079,0.000073,0.000061,0.000059,0.000013,0.000021,0.000044,0.000068,0.000134,0.000218,0.000306,0.000173,0.000036,0.000003,0.000010,0.000042,0.000039
902,,,,,,,,,,,,,,0.000004,0.000089,0.000080,0.000216,0.000475,0.000735,0.000717,0.000627,0.000474,0.000391,0.000328,0.000301,0.000254,0.000206,0.000166,0.000139,0.000141,0.000127,0.000144,0.000133,0.000115,0.000104,0.000092,0.000082,0.000017,0.000027,0.000073,0.000071,0.000070,0.000072,0.000066,0.000045,0.000019,0.000003,0.000007,0.000035,0.000030
903,,,,,,,,,,,,,,0.000013,0.000187,0.000110,0.000102,0.000134,0.000170,0.000171,0.000137,0.000125,0.000129,0.000106,0.000112,0.000096,0.000082,0.000052,0.000045,0.000064,0.000068,0.000092,0.000107,0.000134,0.000141,0.000132,0.000106,0.000024,0.000040,0.000049,0.000050,0.000041,0.000046,0.000041,0.000039,0.000025,0.000008,0.000045,0.000236,0.000258
904,,,,,,,,,,,,,,0.000023,0.000323,0.000204,0.000241,0.000343,0.000379,0.000349,0.000294,0.000239,0.000247,0.000240,0.000254,0.000221,0.000199,0.000160,0.000141,0.000136,0.000123,0.000119,0.000131,0.000127,0.000126,0.000121,0.000082,0.000016,0.000024,0.000057,0.000072,0.000062,0.000063,0.000074,0.000050,0.000017,0.000005,0.000013,0.000127,0.000243
905,,,,,,,,,,,,,,0.000007,0.000097,0.000048,0.000051,0.000076,0.000093,0.000087,0.000066,0.000045,0.000043,0.000034,0.000034,0.000028,0.000021,0.000007,0.000006,0.000005,0.000012,0.000018,0.000025,0.000032,0.000063,0.000133,0.000220,0.000040,0.000078,0.000216,0.000161,0.000088,0.000073,0.000061,0.000043,0.000017,0.000003,0.000010,0.000039,0.000040
906,,,,,,,,,,,,,,0.000006,0.000123,0.000064,0.000079,0.000109,0.000126,0.000097,0.000082,0.000089,0.000068,0.000066,0.000056,0.000042,0.000026,0.000032,0.000035,0.000038,0.000050,0.000067,0.000082,0.000074,0.000088,0.000078,0.000078,0.000026,0.000038,0.000050,0.000050,0.000059,0.000060,0.000050,0.000046,0.000021,0.000005,0.000017,0.000134,0.000097
907,,,,,,,,,,,,,,0.000006,0.000087,0.000073,0.000081,0.000132,0.000191,0.000183,0.000186,0.000158,0.000163,0.000177,0.000147,0.000140,0.000117,0.000097,0.000091,0.000110,0.000116,0.000112,0.000158,0.000235,0.000154,0.000141,0.000132,0.000038,0.000040,0.000083,0.000118,0.000132,0.000159,0.000132,0.000070,0.000024,0.000005,0.000013,0.000049,0.000047
908,,,,,,,,,,,,,,0.000007,0.000137,0.000107,0.000106,0.000176,0.000246,0.000246,0.000221,0.000245,0.000246,0.000220,0.000232,0.000207,0.000183,0.000171,0.000164,0.000154,0.000156,0.000157,0.000134,0.000113,0.000104,0.000108,0.000081,0.000022,0.000054,0.000199,0.000150,0.000096,0.000096,0.000095,0.000059,0.000025,0.000004,0.000014,0.000085,0.000095
909,,,,,,,,,,,,,,0.000005,0.000102,0.000060,0.000105,0.000180,0.000197,0.000183,0.000170,0.000162,0.000150,0.000148,0.000168,0.000154,0.000154,0.000137,0.000102,0.000078,0.000092,0.000104,0.000126,0.000192,0.000217,0.000214,0.000162,0.000025,0.000040,0.000087,0.000081,0.000078,0.000090,0.000075,0.000049,0.000033,0.000006,0.000012,0.000049,0.000066
910,,,,,,,,,,,,,,0.000003,0.000057,0.000029,0.000038,0.000092,0.000126,0.000156,0.000206,0.000223,0.000240,0.000246,0.000248,0.000239,0.000238,0.000201,0.000134,0.000112,0.000081,0.000087,0.000080,0.000059,0.000055,0.000076,0.000105,0.000037,0.000030,0.000113,0.000169,0.000128,0.000134,0.000145,0.000091,0.000026,0.000003,0.000011,0.000048,0.000062
911,,,,,,,,,,,,,,0.000005,0.000071,0.000040,0.000061,0.000132,0.000164,0.000188,0.000171,0.000163,0.000169,0.000135,0.000118,0.000101,0.000093,0.000086,0.000070,0.000067,0.000148,0.000105,0.000099,0.000113,0.000119,0.000105,0.000074,0.000016,0.000025,0.000084,0.000098,0.000094,0.000101,0.000067,0.000046,0.000020,0.000006,0.000021,0.000071,0.000066
912,,,,,,,,,,,,,,0.000004,0.000130,0.000155,0.000227,0.000340,0.000403,0.000353,0.000317,0.000261,0.000233,0.000195,0.000190,0.000161,0.000144,0.000120,0.000080,0.000099,0.000120,0.000160,0.000161,0.000160,0.000140,0.000104,0.000060,0.000038,0.000027,0.000051,0.000057,0.000057,0.000053,0.000048,0.000036,0.000015,0.000003,0.000009,0.000033,0.000031
913,,,,,,,,,,,,,,0.000010,0.000250,0.000151,0.000182,0.000326,0.000484,0.000440,0.000441,0.000410,0.000359,0.000363,0.000393,0.000387,0.000384,0.000348,0.000286,0.000274,0.000213,0.000210,0.000190,0.000169,0.000134,0.000136,0.000119,0.000017,0.000029,0.000078,0.000064,0.000046,0.000063,0.000057,0.000043,0.000015,0.000003,0.000009,0.000068,0.000075
914,,,,,,,,,,,,,,0.000006,0.000082,0.000054,0.000064,0.000109,0.000126,0.000122,0.000127,0.000124,0.000155,0.000193,0.000285,0.000393,0.000576,0.000679,0.000668,0.000625,0.000456,0.000371,0.000264,0.000209,0.000160,0.000121,0.000100,0.000023,0.000026,0.000054,0.000046,0.000050,0.000052,0.000048,0.000037,0.000014,0.000004,0.000012,0.000042,0.000044
915,,,,,,,,,,,,,,0.000006,0.000127,0.000112,0.000125,0.000174,0.000212,0.000194,0.000171,0.000151,0.000165,0.000217,0.000349,0.000472,0.000597,0.000621,0.000552,0.000484,0.000379,0.000312,0.000228,0.000174,0.000123,0.000111,0.000064,0.000014,0.000018,0.000038,0.000023,0.000020,0.000033,0.000040,0.000035,0.000013,0.000002,0.000008,0.000019,0.000030
916,,,,,,,,,,,,,,0.000006,0.000101,0.000054,0.000067,0.000113,0.000155,0.000152,0.000146,0.000142,0.000129,0.000126,0.000128,0.000116,0.000090,0.000086,0.000074,0.000064,0.000070,0.000089,0.000093,0.000083,0.000087,0.000111,0.000113,0.000030,0.000023,0.000054,0.000054,0.000051,0.000055,0.000049,0.000050,0.000048,0.000005,0.000020,0.000069,0.000076
917,,,,,,,,,,,,,,0.000019,0.000244,0.000145,0.000213,0.000374,0.000480,0.000485,0.000453,0.000464,0.000467,0.000448,0.000482,0.000450,0.000446,0.000436,0.000378,0.000369,0.000359,0.000398,0.000352,0.000299,0.000232,0.000209,0.000143,0.000019,0.000043,0.000062,0.000057,0.000047,0.000057,0.000041,0.000026,0.000014,0.000004,0.000011,0.000075,0.000143
918,,,,,,,,,,,,,,0.000006,0.000096,0.000056,0.000074,0.000117,0.000118,0.000114,0.000103,0.000087,0.000091,0.000091,0.000090,0.000091,0.000084,0.000084,0.000086,0.000095,0.000108,0.000126,0.000164,0.000231,0.000270,0.000255,0.000180,0.000019,0.000034,0.000098,0.000098,0.000084,0.000090,0.000076,0.000066,0.000027,0.000003,0.000009,0.000041,0.000053
919,,,,,,,,,,,,,,0.000002,0.000041,0.000036,0.000037,0.000053,0.000071,0.000069,0.000064,0.000065,0.000065,0.000067,0.000082,0.000081,0.000085,0.000074,0.000076,0.000092,0.000104,0.000113,0.000112,0.000107,0.000095,0.000088,0.000075,0.000016,0.000022,0.000051,0.000073,0.000103,0.000149,0.000133,0.000078,0.000018,0.000002,0.000004,0.000018,0.000023
920,,,,,,,,,,,,,,0.000005,0.000331,0.000373,0.000317,0.000395,0.000433,0.000377,0.000335,0.000280,0.000236,0.000205,0.000199,0.000187,0.000173,0.000131,0.000096,0.000087,0.000071,0.000080,0.000059,0.000057,0.000061,0.000066,0.000051,0.000018,0.000022,0.000047,0.000045,0.000040,0.000040,0.000045,0.000027,0.000015,0.000003,0.000009,0.000049,0.000051
921,,,,,,,,,,,,,,0.000010,0.000142,0.000078,0.000085,0.000101,0.000101,0.000091,0.000080,0.000061,0.000063,0.000050,0.000054,0.000028,0.000019,0.000021,0.000012,0.000013,0.000035,0.000057,0.000082,0.000115,0.000104,0.000076,0.000066,0.000014,0.000022,0.000048,0.000038,0.000033,0.000041,0.000051,0.000045,0.000022,0.000003,0.000011,0.000061,0.000083
922,,,,,,,,,,,,,,0.000017,0.000260,0.000158,0.000194,0.000281,0.000334,0.000293,0.000245,0.000208,0.000199,0.000183,0.000196,0.000174,0.000152,0.000127,0.000107,0.000102,0.000251,0.000151,0.000119,0.000110,0.000102,0.000118,0.000104,0.000016,0.000030,0.000075,0.000074,0.000060,0.000065,0.000083,0.000062,0.000023,0.000003,0.000013,0.000144,0.000230
923,,,,,,,,,,,,,,0.000006,0.000124,0.000064,0.000102,0.000210,0.000246,0.000261,0.000249,0.000232,0.000224,0.000227,0.000257,0.000292,0.000309,0.000267,0.000245,0.000239,0.000208,0.000215,0.000192,0.000302,0.000573,0.000883,0.000776,0.000071,0.000100,0.000217,0.000177,0.000115,0.000104,0.000091,0.000054,0.000029,0.000004,0.000015,0.000053,0.000062
924,,,,,,,,,,,,,,0.000004,0.000062,0.000045,0.000060,0.000112,0.000125,0.000107,0.000107,0.000109,0.000112,0.000091,0.000090,0.000071,0.000077,0.000072,0.000072,0.000096,0.000088,0.000102,0.000087,0.000069,0.000069,0.000082,0.000071,0.000018,0.000027,0.000079,0.000088,0.000082,0.000115,0.000110,0.000077,0.000025,0.000003,0.000010,0.000044,0.000055
925,,,,,,,,,,,,,,0.000005,0.000093,0.000041,0.000045,0.000058,0.000068,0.000056,0.000047,0.000052,0.000075,0.000089,0.000097,0.000085,0.000093,0.000094,0.000091,0.000116,0.000118,0.000101,0.000073,0.000072,0.000086,0.000078,0.000060,0.000022,0.000040,0.000062,0.000069,0.000058,0.000068,0.000070,0.000051,0.000019,0.000003,0.000011,0.000038,0.000121
926,,,,,,,,,,,,,,0.000005,0.000101,0.000084,0.000152,0.000200,0.000186,0.000163,0.000147,0.000133,0.000124,0.000104,0.000103,0.000098,0.000083,0.000068,0.000055,0.000045,0.000034,0.000055,0.000069,0.000076,0.000069,0.000060,0.000033,0.000008,0.000020,0.000027,0.000040,0.000034,0.000029,0.000029,0.000031,0.000015,0.000003,0.000011,0.000064,0.000056
927,,,,,,,,,,,,,,0.000015,0.000237,0.000147,0.000160,0.000234,0.000292,0.000281,0.000254,0.000219,0.000216,0.000217,0.000217,0.000205,0.000190,0.000168,0.000141,0.000154,0.000184,0.000260,0.000354,0.000369,0.000348,0.000272,0.000163,0.000023,0.000034,0.000084,0.000073,0.000068,0.000070,0.000057,0.000041,0.000014,0.000002,0.000010,0.000048,0.000056
928,,,,,,,,,,,,,,0.000018,0.000185,0.000103,0.000167,0.000314,0.000323,0.000291,0.000213,0.000183,0.000185,0.000178,0.000169,0.000149,0.000120,0.000109,0.000090,0.000099,0.000114,0.000118,0.000108,0.000108,0.000084,0.000084,0.000076,0.000020,0.000034,0.000082,0.000099,0.000074,0.000063,0.000058,0.000039,0.000021,0.000004,0.000012,0.000065,0.000153
929,,,,,,,,,,,,,,0.000008,0.000133,0.000078,0.000117,0.000217,0.000325,0.000347,0.000377,0.000359,0.000357,0.000373,0.000412,0.000404,0.000359,0.000284,0.000178,0.000135,0.000109,0.000109,0.000107,0.000112,0.000101,0.000090,0.000051,0.000012,0.000016,0.000045,0.000042,0.000045,0.000047,0.000048,0.000095,0.000069,0.000008,0.000030,0.000140,0.000167
930,,,,,,,,,,,,,,0.000005,0.000148,0.000112,0.000230,0.000487,0.000583,0.000571,0.000470,0.000382,0.000329,0.000254,0.000240,0.000219,0.000187,0.000154,0.000137,0.000120,0.000108,0.000108,0.000095,0.000083,0.000074,0.000076,0.000066,0.000020,0.000034,0.000116,0.000119,0.000084,0.000087,0.000067,0.000045,0.000016,0.000003,0.000010,0.000048,0.000048
931,,,,,,,,,,,,,,0.000005,0.000130,0.000073,0.000101,0.000222,0.000366,0.000438,0.000490,0.000544,0.000671,0.000808,0.001041,0.001123,0.001180,0.001115,0.000795,0.000674,0.000490,0.000438,0.000345,0.000275,0.000212,0.000188,0.000157,0.000028,0.000029,0.000073,0.000083,0.000065,0.000060,0.000054,0.000043,0.000020,0.000005,0.000015,0.000058,0.000063
932,,,,,,,,,,,,,,0.000005,0.000083,0.000065,0.000084,0.000155,0.000182,0.000168,0.000168,0.000153,0.000160,0.000163,0.000171,0.000168,0.000155,0.000153,0.000130,0.000124,0.000125,0.000134,0.000124,0.000114,0.000096,0.000078,0.000066,0.000021,0.000023,0.000059,0.000055,0.000044,0.000058,0.000051,0.000046,0.000013,0.000002,0.000009,0.000030,0.000035
933,,,,,,,,,,,,,,0.000015,0.000202,0.000121,0.000170,0.000302,0.000397,0.000405,0.000384,0.000342,0.000329,0.000302,0.000316,0.000303,0.000279,0.000254,0.000186,0.000173,0.000150,0.000163,0.000141,0.000141,0.000131,0.000133,0.000102,0.000014,0.000024,0.000083,0.000093,0.000084,0.000112,0.000096,0.000057,0.000014,0.000002,0.000009,0.000120,0.000141
934,,,,,,,,,,,,,,0.000018,0.000433,0.000367,0.000473,0.000810,0.000830,0.000686,0.000477,0.000375,0.000315,0.000267,0.000260,0.000195,0.000176,0.000135,0.000108,0.000117,0.000106,0.000082,0.000057,0.000063,0.000075,0.000069,0.000065,0.000020,0.000029,0.000054,0.000047,0.000049,0.000046,0.000056,0.000061,0.000028,0.000004,0.000014,0.000068,0.000092
935,,,,,,,,,,,,,,0.000007,0.000127,0.000089,0.000133,0.000334,0.000521,0.000539,0.000528,0.000510,0.000490,0.000491,0.000455,0.000389,0.000404,0.000477,0.000450,0.000425,0.000359,0.000271,0.000192,0.000174,0.000145,0.000126,0.000077,0.000020,0.000035,0.000072,0.000089,0.000091,0.000106,0.000095,0.000064,0.000022,0.000005,0.000016,0.000064,0.000080
936,,,,,,,,,,,,,,0.000006,0.000099,0.000071,0.000105,0.000152,0.000193,0.000174,0.000179,0.000167,0.000146,0.000149,0.000147,0.000145,0.000136,0.000111,0.000121,0.000105,0.000105,0.000119,0.000124,0.000136,0.000138,0.000126,0.000100,0.000017,0.000018,0.000034,0.000044,0.000034,0.000035,0.000036,0.000023,0.000007,0.000003,0.000010,0.000057,0.000087
937,,,,,,,,,,,,,,0.000007,0.000143,0.000123,0.000143,0.000214,0.000257,0.000216,0.000194,0.000170,0.000185,0.000176,0.000183,0.000183,0.000151,0.000103,0.000096,0.000083,0.000067,0.000074,0.000084,0.000079,0.000093,0.000082,0.000066,0.000022,0.000028,0.000088,0.000157,0.000138,0.000099,0.000070,0.000052,0.000024,0.000004,0.000012,0.000036,0.000056
938,,,,,,,,,,,,,,0.000002,0.000047,0.000028,0.000041,0.000099,0.000197,0.000278,0.000320,0.000347,0.000352,0.000371,0.000395,0.000388,0.000315,0.000259,0.000171,0.000157,0.000142,0.000140,0.000109,0.000093,0.000074,0.000050,0.000034,0.000014,0.000030,0.000129,0.000166,0.000148,0.000142,0.000108,0.000061,0.000024,0.000004,0.000010,0.000017,0.000024
939,,,,,,,,,,,,,,0.000010,0.000211,0.000138,0.000156,0.000282,0.000332,0.000319,0.000296,0.000261,0.000243,0.000212,0.000201,0.000159,0.000133,0.000111,0.000081,0.000073,0.000061,0.000072,0.000068,0.000046,0.000040,0.000051,0.000046,0.000014,0.000021,0.000039,0.000044,0.000034,0.000041,0.000042,0.000036,0.000015,0.000004,0.000011,0.000059,0.000056
940,,,,,,,,,,,,,,0.000012,0.000189,0.000131,0.000162,0.000303,0.000480,0.000616,0.000691,0.000669,0.000635,0.000514,0.000459,0.000375,0.000306,0.000250,0.000201,0.000181,0.000152,0.000133,0.000134,0.000147,0.000158,0.000178,0.000112,0.000018,0.000046,0.000111,0.000098,0.000081,0.000080,0.000067,0.000049,0.000019,0.000003,0.000011,0.000078,0.000078
941,,,,,,,,,,,,,,0.000011,0.000178,0.000094,0.000118,0.000167,0.000225,0.000199,0.000213,0.000187,0.000180,0.000189,0.000226,0.000214,0.000214,0.000206,0.000175,0.000207,0.000205,0.000217,0.000235,0.000268,0.000330,0.000358,0.000310,0.000046,0.000056,0.000062,0.000059,0.000056,0.000064,0.000056,0.000063,0.000044,0.000005,0.000014,0.000069,0.000201
942,,,,,,,,,,,,,,0.000012,0.000324,0.000161,0.000208,0.000308,0.000345,0.000310,0.000298,0.000303,0.000309,0.000302,0.000337,0.000346,0.000332,0.000278,0.000218,0.000255,0.000227,0.000215,0.000171,0.000135,0.000128,0.000111,0.000068,0.000023,0.000026,0.000046,0.000051,0.000033,0.000032,0.000049,0.000052,0.000028,0.000005,0.000016,0.000081,0.000086
943,,,,,,,,,,,,,,0.000008,0.000142,0.000076,0.000107,0.000195,0.000251,0.000245,0.000225,0.000212,0.000246,0.000283,0.000317,0.000313,0.000310,0.000270,0.000190,0.000179,0.000154,0.000211,0.000248,0.000278,0.000284,0.000218,0.000135,0.000027,0.000049,0.000143,0.000147,0.000100,0.000076,0.000067,0.000043,0.000015,0.000004,0.000012,0.000065,0.000075
944,,,,,,,,,,,,,,0.000003,0.000047,0.000039,0.000039,0.000049,0.000076,0.000094,0.000117,0.000133,0.000139,0.000131,0.000129,0.000112,0.000095,0.000064,0.000053,0.000042,0.000045,0.000051,0.000045,0.000039,0.000037,0.000042,0.000042,0.000015,0.000024,0.000051,0.000047,0.000042,0.000052,0.000060,0.000062,0.000036,0.000007,0.000015,0.000080,0.000094
945,,,,,,,,,,,,,,0.000017,0.000260,0.000123,0.000117,0.000188,0.000237,0.000202,0.000190,0.000178,0.000179,0.000179,0.000167,0.000148,0.000134,0.000119,0.000096,0.000098,0.000098,0.000114,0.000109,0.000112,0.000115,0.000096,0.000076,0.000022,0.000031,0.000078,0.000064,0.000061,0.000065,0.000059,0.000049,0.000018,0.000004,0.000018,0.000173,0.000253
946,,,,,,,,,,,,,,0.000007,0.000142,0.000105,0.000158,0.000259,0.000303,0.000334,0.000310,0.000295,0.000305,0.000310,0.000325,0.000306,0.000280,0.000244,0.000215,0.000205,0.000190,0.000215,0.000236,0.000244,0.000242,0.000223,0.000170,0.000021,0.000038,0.000102,0.000120,0.000096,0.000099,0.000101,0.000069,0.000024,0.000002,0.000007,0.000045,0.000050
947,,,,,,,,,,,,,,0.000011,0.000189,0.000112,0.000167,0.000282,0.000343,0.000322,0.000303,0.000245,0.000220,0.000181,0.000175,0.000139,0.000148,0.000166,0.000185,0.000255,0.000359,0.000387,0.000300,0.000201,0.000137,0.000109,0.000061,0.000049,0.000037,0.000024,0.000027,0.000030,0.000024,0.000025,0.000028,0.000016,0.000006,0.000016,0.000056,0.000078
948,,,,,,,,,,,,,,0.000005,0.000066,0.000029,0.000034,0.000074,0.000097,0.000099,0.000105,0.000119,0.000120,0.000113,0.000118,0.000097,0.000095,0.000087,0.000060,0.000094,0.000136,0.000153,0.000212,0.000305,0.000363,0.000311,0.000194,0.000028,0.000026,0.000056,0.000074,0.000133,0.000219,0.000306,0.000274,0.000084,0.000008,0.000030,0.000097,0.000104
949,,,,,,,,,,,,,,0.000003,0.000049,0.000030,0.000028,0.000039,0.000044,0.000059,0.000059,0.000066,0.000074,0.000072,0.000068,0.000066,0.000063,0.000065,0.000061,0.000060,0.000058,0.000074,0.000087,0.000127,0.000152,0.000193,0.000166,0.000034,0.000048,0.000071,0.000070,0.000055,0.000044,0.000052,0.000041,0.000020,0.000004,0.000009,0.000041,0.000045
950,,,,,,,,,,,,,,0.000004,0.000076,0.000042,0.000041,0.000064,0.000093,0.000101,0.000102,0.000124,0.000157,0.000175,0.000202,0.000216,0.000251,0.000248,0.000223,0.000268,0.000289,0.000268,0.000241,0.000210,0.000215,0.000220,0.000179,0.000022,0.000037,0.000097,0.000084,0.000067,0.000058,0.000046,0.000039,0.000013,0.000002,0.000009,0.000061,0.000058
951,,,,,,,,,,,,,,0.000005,0.000092,0.000065,0.000064,0.000089,0.000125,0.000118,0.000109,0.000091,0.000101,0.000091,0.000092,0.000118,0.000153,0.000209,0.000276,0.000428,0.000512,0.000557,0.000437,0.000319,0.000254,0.000263,0.000288,0.000038,0.000062,0.000130,0.000133,0.000088,0.000078,0.000073,0.000064,0.000023,0.000003,0.000012,0.000052,0.000061
952,,,,,,,,,,,,,,0.000005,0.000090,0.000065,0.000085,0.000133,0.000196,0.000227,0.000275,0.000290,0.000307,0.000275,0.000258,0.000208,0.000197,0.000186,0.000154,0.000197,0.000179,0.000201,0.000146,0.000153,0.000142,0.000146,0.000111,0.000025,0.000044,0.000098,0.000099,0.000087,0.000088,0.000114,0.000107,0.000058,0.000006,0.000028,0.000067,0.000085
953,,,,,,,,,,,,,,0.000012,0.000231,0.000134,0.000153,0.000234,0.000257,0.000208,0.000193,0.000162,0.000155,0.000126,0.000099,0.000099,0.000089,0.000077,0.000050,0.000042,0.000056,0.000072,0.000068,0.000062,0.000051,0.000041,0.000041,0.000023,0.000032,0.000069,0.000072,0.000057,0.000052,0.000041,0.000037,0.000017,0.000004,0.000013,0.000085,0.000121
954,,,,,,,,,,,,,,0.000020,0.000378,0.000218,0.000233,0.000428,0.000597,0.000613,0.000597,0.000596,0.000623,0.000644,0.000742,0.000780,0.000777,0.000717,0.000553,0.000503,0.000402,0.000379,0.000306,0.000260,0.000226,0.000203,0.000133,0.000023,0.000026,0.000053,0.000045,0.000030,0.000032,0.000025,0.000028,0.000012,0.000003,0.000016,0.000071,0.000083
955,,,,,,,,,,,,,,0.000005,0.000087,0.000051,0.000059,0.000066,0.000088,0.000082,0.000070,0.000074,0.000082,0.000067,0.000078,0.000076,0.000068,0.000061,0.000058,0.000063,0.000069,0.000085,0.000083,0.000072,0.000067,0.000071,0.000049,0.000014,0.000018,0.000036,0.000029,0.000044,0.000038,0.000038,0.000045,0.000033,0.000005,0.000014,0.000076,0.000084
956,,,,,,,,,,,,,,0.000005,0.000080,0.000048,0.000041,0.000048,0.000048,0.000053,0.000052,0.000051,0.000054,0.000072,0.000064,0.000060,0.000061,0.000048,0.000030,0.000022,0.000029,0.000034,0.000051,0.000065,0.000061,0.000048,0.000047,0.000016,0.000023,0.000043,0.000046,0.000041,0.000054,0.000054,0.000050,0.000027,0.000005,0.000023,0.000058,0.000062
957,,,,,,,,,,,,,,0.000009,0.000169,0.000114,0.000121,0.000176,0.000186,0.000170,0.000158,0.000159,0.000151,0.000141,0.000139,0.000127,0.000109,0.000092,0.000068,0.000075,0.000052,0.000060,0.000058,0.000049,0.000055,0.000061,0.000045,0.000010,0.000015,0.000040,0.000028,0.000028,0.000027,0.000020,0.000027,0.000013,0.000004,0.000010,0.000049,0.000049
958,,,,,,,,,,,,,,0.000016,0.000268,0.000159,0.000171,0.000313,0.000428,0.000385,0.000305,0.000298,0.000254,0.000221,0.000211,0.000197,0.000193,0.000203,0.000216,0.000319,0.000379,0.000441,0.000364,0.000312,0.000309,0.000225,0.000157,0.000029,0.000037,0.000074,0.000072,0.000056,0.000059,0.000055,0.000045,0.000019,0.000002,0.000009,0.000094,0.000169
959,,,,,,,,,,,,,,0.000007,0.000120,0.000059,0.000088,0.000140,0.000163,0.000135,0.000113,0.000102,0.000102,0.000101,0.000133,0.000139,0.000138,0.000114,0.000100,0.000112,0.000105,0.000109,0.000098,0.000087,0.000079,0.000083,0.000070,0.000013,0.000019,0.000033,0.000037,0.000040,0.000039,0.000027,0.000016,0.000010,0.000003,0.000016,0.000117,0.000114
960,,,,,,,,,,,,,,0.000007,0.000132,0.000092,0.000125,0.000163,0.000150,0.000130,0.000113,0.000100,0.000101,0.000078,0.000062,0.000063,0.000051,0.000043,0.000041,0.000037,0.000052,0.000111,0.000269,0.000379,0.000293,0.000259,0.000150,0.000034,0.000028,0.000064,0.000068,0.000079,0.000073,0.000054,0.000048,0.000019,0.000005,0.000015,0.000047,0.000053
961,,,,,,,,,,,,,,0.000008,0.000168,0.000101,0.000142,0.000240,0.000318,0.000333,0.000366,0.000417,0.000506,0.000573,0.000563,0.000523,0.000422,0.000318,0.000234,0.000211,0.000183,0.000196,0.000172,0.000160,0.000170,0.000177,0.000131,0.000019,0.000036,0.000105,0.000113,0.000096,0.000113,0.000128,0.000102,0.000035,0.000003,0.000012,0.000114,0.000103
962,,,,,,,,,,,,,,0.000005,0.000107,0.000066,0.000079,0.000140,0.000175,0.000159,0.000147,0.000099,0.000103,0.000113,0.000119,0.000142,0.000138,0.000124,0.000092,0.000096,0.000125,0.000179,0.000155,0.000132,0.000119,0.000101,0.000088,0.000017,0.000030,0.000051,0.000039,0.000031,0.000046,0.000051,0.000045,0.000019,0.000003,0.000011,0.000049,0.000071
963,,,,,,,,,,,,,,0.000006,0.000080,0.000049,0.000070,0.000122,0.000164,0.000140,0.000136,0.000150,0.000189,0.000193,0.000248,0.000251,0.000271,0.000273,0.000229,0.000206,0.000224,0.000210,0.000183,0.000201,0.000210,0.000197,0.000125,0.000027,0.000036,0.000063,0.000076,0.000068,0.000073,0.000074,0.000084,0.000026,0.000007,0.000021,0.000066,0.000063
964,,,,,,,,,,,,,,0.000005,0.000072,0.000037,0.000039,0.000061,0.000074,0.000077,0.000083,0.000074,0.000088,0.000081,0.000076,0.000064,0.000059,0.000041,0.000034,0.000030,0.000025,0.000042,0.000045,0.000050,0.000074,0.000081,0.000052,0.000011,0.000013,0.000058,0.000075,0.000044,0.000041,0.000063,0.000037,0.000016,0.000004,0.000022,0.000136,0.000132
965,,,,,,,,,,,,,,0.000011,0.000136,0.000090,0.000094,0.000161,0.000192,0.000188,0.000183,0.000183,0.000156,0.000135,0.000150,0.000130,0.000130,0.000106,0.000088,0.000089,0.000103,0.000144,0.000177,0.000160,0.000126,0.000109,0.000080,0.000023,0.000041,0.000047,0.000079,0.000085,0.000143,0.000188,0.000165,0.000047,0.000006,0.000019,0.000178,0.000201
966,,,,,,,,,,,,,,0.000020,0.000338,0.000173,0.000163,0.000222,0.000231,0.000224,0.000221,0.000211,0.000210,0.000193,0.000192,0.000176,0.000178,0.000145,0.000112,0.000101,0.000112,0.000131,0.000119,0.000111,0.000096,0.000076,0.000056,0.000013,0.000023,0.000054,0.000063,0.000044,0.000048,0.000045,0.000040,0.000014,0.000003,0.000010,0.000069,0.000083
967,,,,,,,,,,,,,,0.000006,0.000076,0.000057,0.000109,0.000187,0.000235,0.000219,0.000197,0.000186,0.000196,0.000156,0.000131,0.000131,0.000142,0.000117,0.000086,0.000089,0.000096,0.000132,0.000139,0.000134,0.000132,0.000127,0.000089,0.000047,0.000095,0.000034,0.000050,0.000086,0.000063,0.000073,0.000058,0.000038,0.000009,0.000039,0.000119,0.000127
968,,,,,,,,,,,,,,0.000003,0.000062,0.000038,0.000046,0.000077,0.000122,0.000176,0.000237,0.000332,0.000441,0.000514,0.000603,0.000620,0.000603,0.000473,0.000317,0.000240,0.000204,0.000209,0.000160,0.000128,0.000113,0.000087,0.000062,0.000027,0.000031,0.000055,0.000054,0.000036,0.000026,0.000030,0.000021,0.000043,0.000005,0.000015,0.000031,0.000055
969,,,,,,,,,,,,,,0.000005,0.000070,0.000048,0.000061,0.000090,0.000103,0.000104,0.000097,0.000084,0.000089,0.000083,0.000090,0.000086,0.000074,0.000056,0.000076,0.000068,0.000078,0.000128,0.000138,0.000118,0.000091,0.000084,0.000078,0.000017,0.000022,0.000040,0.000051,0.000059,0.000062,0.000063,0.000054,0.000019,0.000004,0.000010,0.000068,0.000059
970,,,,,,,,,,,,,,0.000007,0.000095,0.000082,0.000090,0.000131,0.000184,0.000203,0.000187,0.000172,0.000177,0.000168,0.000165,0.000163,0.000164,0.000157,0.000134,0.000129,0.000144,0.000148,0.000140,0.000140,0.000124,0.000118,0.000068,0.000021,0.000029,0.000067,0.000053,0.000060,0.000081,0.000072,0.000061,0.000022,0.000006,0.000031,0.000118,0.000102
971,,,,,,,,,,,,,,0.000010,0.000303,0.000214,0.000208,0.000296,0.000316,0.000259,0.000185,0.000144,0.000108,0.000089,0.000095,0.000088,0.000088,0.000085,0.000056,0.000056,0.000060,0.000047,0.000042,0.000039,0.000040,0.000032,0.000034,0.000015,0.000025,0.000045,0.000048,0.000052,0.000063,0.000058,0.000048,0.000026,0.000006,0.000020,0.000067,0.000060
972,,,,,,,,,,,,,,0.000005,0.000090,0.000069,0.000079,0.000132,0.000146,0.000132,0.000133,0.000135,0.000126,0.000116,0.000134,0.000143,0.000146,0.000125,0.000110,0.000104,0.000124,0.000136,0.000142,0.000141,0.000134,0.000106,0.000091,0.000025,0.000026,0.000065,0.000126,0.000167,0.000199,0.000164,0.000102,0.000044,0.000003,0.000010,0.000064,0.000055
973,,,,,,,,,,,,,,0.000004,0.000117,0.000072,0.000105,0.000206,0.000287,0.000237,0.000202,0.000165,0.000170,0.000155,0.000190,0.000190,0.000196,0.000157,0.000132,0.000144,0.000135,0.000132,0.000114,0.000119,0.000159,0.000166,0.000123,0.000019,0.000028,0.000057,0.000040,0.000024,0.000018,0.000023,0.000019,0.000010,0.000003,0.000012,0.000041,0.000045
974,,,,,,,,,,,,,,0.000006,0.000086,0.000054,0.000078,0.000132,0.000208,0.000304,0.000482,0.000756,0.000915,0.000977,0.001044,0.000922,0.000727,0.000516,0.000351,0.000292,0.000212,0.000199,0.000179,0.000164,0.000156,0.000156,0.000116,0.000022,0.000037,0.000100,0.000109,0.000085,0.000057,0.000047,0.000024,0.000011,0.000003,0.000010,0.000051,0.000054
975,,,,,,,,,,,,,,0.000009,0.000132,0.000091,0.000123,0.000184,0.000206,0.000215,0.000197,0.000188,0.000183,0.000190,0.000195,0.000180,0.000207,0.000168,0.000124,0.000181,0.000369,0.000227,0.000186,0.000199,0.000262,0.000366,0.000283,0.000047,0.000078,0.000234,0.000204,0.000138,0.000136,0.000122,0.000114,0.000046,0.000006,0.000018,0.000088,0.000118
976,,,,,,,,,,,,,,0.000008,0.000118,0.000074,0.000109,0.000195,0.000272,0.000216,0.000168,0.000141,0.000140,0.000143,0.000173,0.000174,0.000160,0.000156,0.000117,0.000109,0.000122,0.000191,0.000228,0.000253,0.000232,0.000186,0.000126,0.000027,0.000037,0.000158,0.000299,0.000240,0.000246,0.000235,0.000184,0.000061,0.000006,0.000020,0.000063,0.000074
977,,,,,,,,,,,,,,0.000005,0.000085,0.000077,0.000091,0.000135,0.000180,0.000197,0.000182,0.000125,0.000120,0.000139,0.000158,0.000135,0.000116,0.000086,0.000071,0.000059,0.000082,0.000109,0.000146,0.000163,0.000151,0.000151,0.000129,0.000042,0.000084,0.000201,0.000211,0.000196,0.000237,0.000239,0.000230,0.000082,0.000008,0.000021,0.000064,0.000065
978,,,,,,,,,,,,,,0.000019,0.000184,0.000108,0.000127,0.000224,0.000251,0.000261,0.000216,0.000194,0.000187,0.000176,0.000172,0.000148,0.000126,0.000122,0.000104,0.000101,0.000113,0.000137,0.000131,0.000125,0.000095,0.000098,0.000079,0.000020,0.000029,0.000078,0.000073,0.000061,0.000066,0.000049,0.000043,0.000015,0.000003,0.000012,0.000090,0.000164
979,,,,,,,,,,,,,,0.000008,0.000125,0.000067,0.000078,0.000116,0.000130,0.000119,0.000106,0.000096,0.000109,0.000116,0.000106,0.000121,0.000110,0.000087,0.000056,0.000036,0.000041,0.000042,0.000046,0.000069,0.000070,0.000067,0.000070,0.000022,0.000047,0.000166,0.000122,0.000075,0.000076,0.000067,0.000054,0.000024,0.000004,0.000012,0.000063,0.000089
980,,,,,,,,,,,,,,0.000016,0.000255,0.000188,0.000229,0.000380,0.000485,0.000512,0.000492,0.000495,0.000543,0.000604,0.000711,0.000719,0.000710,0.000625,0.000462,0.000410,0.000323,0.000347,0.000331,0.000338,0.000313,0.000267,0.000197,0.000029,0.000050,0.000162,0.000156,0.000102,0.000111,0.000094,0.000069,0.000023,0.000003,0.000018,0.000169,0.000165
981,,,,,,,,,,,,,,0.000011,0.000201,0.000120,0.000128,0.000230,0.000300,0.000310,0.000304,0.000277,0.000333,0.000417,0.000386,0.000305,0.000264,0.000199,0.000116,0.000103,0.000104,0.000112,0.000091,0.000110,0.000122,0.000166,0.000157,0.000039,0.000068,0.000089,0.000082,0.000076,0.000098,0.000104,0.000082,0.000031,0.000003,0.000010,0.000083,0.000088
982,,,,,,,,,,,,,,0.000004,0.000066,0.000028,0.000032,0.000056,0.000071,0.000075,0.000072,0.000069,0.000084,0.000095,0.000102,0.000104,0.000112,0.000126,0.000149,0.000201,0.000287,0.000365,0.000331,0.000248,0.000190,0.000169,0.000108,0.000018,0.000026,0.000096,0.000137,0.000105,0.000114,0.000109,0.000090,0.000032,0.000004,0.000009,0.000031,0.000051
983,,,,,,,,,,,,,,0.000005,0.000095,0.000058,0.000065,0.000103,0.000137,0.000122,0.000106,0.000100,0.000090,0.000084,0.000072,0.000076,0.000071,0.000073,0.000066,0.000057,0.000059,0.000103,0.000149,0.000259,0.000371,0.000523,0.000449,0.000059,0.000081,0.000188,0.000168,0.000116,0.000096,0.000088,0.000066,0.000027,0.000005,0.000013,0.000049,0.000053
984,,,,,,,,,,,,,,0.000005,0.000087,0.000058,0.000071,0.000092,0.000116,0.000121,0.000104,0.000100,0.000112,0.000082,0.000079,0.000092,0.000110,0.000091,0.000076,0.000062,0.000066,0.000076,0.000087,0.000121,0.000125,0.000108,0.000083,0.000020,0.000026,0.000057,0.000059,0.000061,0.000056,0.000063,0.000051,0.000032,0.000005,0.000016,0.000060,0.000222
985,,,,,,,,,,,,,,0.000006,0.000116,0.000067,0.000063,0.000096,0.000135,0.000121,0.000125,0.000116,0.000111,0.000127,0.000146,0.000133,0.000120,0.000090,0.000048,0.000068,0.000051,0.000059,0.000093,0.000096,0.000095,0.000084,0.000062,0.000020,0.000032,0.000063,0.000059,0.000076,0.000085,0.000074,0.000060,0.000048,0.000007,0.000023,0.000059,0.000061
986,,,,,,,,,,,,,,0.000009,0.000277,0.000290,0.000344,0.000461,0.000416,0.000343,0.000313,0.000299,0.000278,0.000244,0.000256,0.000238,0.000214,0.000186,0.000130,0.000122,0.000102,0.000108,0.000115,0.000135,0.000147,0.000140,0.000126,0.000022,0.000042,0.000077,0.000069,0.000055,0.000056,0.000063,0.000038,0.000013,0.000003,0.000010,0.000068,0.000073
987,,,,,,,,,,,,,,0.000003,0.000050,0.000032,0.000039,0.000069,0.000090,0.000091,0.000098,0.000104,0.000096,0.000087,0.000092,0.000096,0.000113,0.000141,0.000167,0.000220,0.000244,0.000249,0.000170,0.000126,0.000106,0.000089,0.000073,0.000013,0.000018,0.000054,0.000066,0.000063,0.000055,0.000055,0.000044,0.000017,0.000002,0.000008,0.000047,0.000036
988,,,,,,,,,,,,,,0.000002,0.000038,0.000019,0.000034,0.000043,0.000043,0.000053,0.000040,0.000039,0.000034,0.000040,0.000038,0.000039,0.000052,0.000053,0.000055,0.000060,0.000077,0.000098,0.000098,0.000093,0.000069,0.000057,0.000037,0.000018,0.000041,0.000288,0.000349,0.000190,0.000131,0.000088,0.000046,0.000029,0.000006,0.000012,0.000038,0.000034
989,,,,,,,,,,,,,,0.000012,0.000238,0.000138,0.000135,0.000150,0.000189,0.000189,0.000175,0.000178,0.000157,0.000136,0.000123,0.000090,0.000082,0.000075,0.000065,0.000067,0.000091,0.000112,0.000136,0.000196,0.000182,0.000165,0.000101,0.000029,0.000026,0.000032,0.000029,0.000032,0.000038,0.000041,0.000026,0.000017,0.000005,0.000019,0.000073,0.000062
990,,,,,,,,,,,,,,0.000003,0.000065,0.000076,0.000099,0.000103,0.000119,0.000092,0.000086,0.000070,0.000056,0.000053,0.000072,0.000088,0.000112,0.000120,0.000097,0.000105,0.000115,0.000116,0.000102,0.000112,0.000143,0.000174,0.000140,0.000032,0.000035,0.000083,0.000072,0.000057,0.000064,0.000043,0.000027,0.000018,0.000004,0.000017,0.000030,0.000037
991,,,,,,,,,,,,,,0.000010,0.000220,0.000151,0.000176,0.000289,0.000358,0.000390,0.000434,0.000475,0.000535,0.000530,0.000552,0.000532,0.000482,0.000407,0.000313,0.000295,0.000249,0.000213,0.000200,0.000169,0.000141,0.000121,0.000087,0.000018,0.000028,0.000058,0.000063,0.000054,0.000059,0.000053,0.000040,0.000019,0.000004,0.000011,0.000064,0.000048
992,,,,,,,,,,,,,,0.000006,0.000088,0.000059,0.000076,0.000114,0.000145,0.000126,0.000100,0.000089,0.000092,0.000079,0.000080,0.000075,0.000062,0.000055,0.000051,0.000051,0.000056,0.000068,0.000071,0.000079,0.000084,0.000064,0.000044,0.000018,0.000015,0.000038,0.000050,0.000059,0.000084,0.000096,0.000062,0.000024,0.000003,0.000016,0.000116,0.000090
993,,,,,,,,,,,,,,0.000003,0.000069,0.000045,0.000055,0.000086,0.000111,0.000117,0.000134,0.000120,0.000104,0.000102,0.000118,0.000113,0.000090,0.000074,0.000050,0.000058,0.000072,0.000080,0.000082,0.000070,0.000064,0.000062,0.000044,0.000014,0.000018,0.000025,0.000021,0.000028,0.000049,0.000055,0.000067,0.000031,0.000004,0.000013,0.000041,0.000044
994,,,,,,,,,,,,,,0.000023,0.000271,0.000175,0.000240,0.000369,0.000414,0.000386,0.000356,0.000283,0.000254,0.000193,0.000173,0.000133,0.000114,0.000084,0.000070,0.000081,0.000101,0.000119,0.000107,0.000104,0.000085,0.000084,0.000057,0.000015,0.000019,0.000025,0.000016,0.000007,0.000018,0.000026,0.000020,0.000031,0.000008,0.000036,0.000306,0.000383
995,,,,,,,,,,,,,,0.000004,0.000066,0.000050,0.000052,0.000073,0.000098,0.000103,0.000102,0.000091,0.000086,0.000077,0.000074,0.000057,0.000060,0.000051,0.000039,0.000050,0.000064,0.000111,0.000151,0.000197,0.000194,0.000177,0.000142,0.000032,0.000029,0.000032,0.000032,0.000049,0.000089,0.000105,0.000073,0.000022,0.000004,0.000015,0.000050,0.000055
996,,,,,,,,,,,,,,0.000004,0.000079,0.000043,0.000054,0.000100,0.000129,0.000115,0.000104,0.000107,0.000105,0.000103,0.000102,0.000111,0.000103,0.000095,0.000097,0.000114,0.000135,0.000142,0.000134,0.000124,0.000114,0.000112,0.000082,0.000018,0.000019,0.000051,0.000070,0.000067,0.000068,0.000056,0.000034,0.000011,0.000002,0.000008,0.000033,0.000033
997,,,,,,,,,,,,,,0.000006,0.000111,0.000069,0.000158,0.000229,0.000269,0.000237,0.000199,0.000172,0.000151,0.000128,0.000120,0.000098,0.000081,0.000076,0.000058,0.000046,0.000045,0.000040,0.000032,0.000042,0.000099,0.000166,0.000118,0.000020,0.000025,0.000072,0.000074,0.000065,0.000061,0.000055,0.000045,0.000018,0.000003,0.000009,0.000033,0.000026
998,,,,,,,,,,,,,,0.000006,0.000121,0.000072,0.000079,0.000139,0.000192,0.000191,0.000184,0.000187,0.000204,0.000191,0.000206,0.000199,0.000186,0.000177,0.000129,0.000112,0.000118,0.000142,0.000179,0.000229,0.000249,0.000231,0.000169,0.000024,0.000049,0.000231,0.000360,0.000258,0.000201,0.000134,0.000072,0.000025,0.000003,0.000010,0.000039,0.000045
999,,,,,,,,,,,,,,0.000005,0.000109,0.000109,0.000121,0.000143,0.000149,0.000131,0.000109,0.000086,0.000093,0.000092,0.000088,0.000074,0.000068,0.000073,0.000054,0.000047,0.000044,0.000061,0.000069,0.000063,0.000066,0.000065,0.000052,0.000015,0.000027,0.000057,0.000061,0.000043,0.000041,0.000023,0.000023,0.000013,0.000003,0.000011,0.000051,0.000053
1000,,,,,,,,,,,,,,0.000003,0.000037,0.000018,0.000049,0.000173,0.000366,0.000534,0.000660,0.000766,0.000804,0.000766,0.000750,0.000678,0.000531,0.000370,0.000233,0.000181,0.000151,0.000141,0.000128,0.000122,0.000089,0.000059,0.000044,0.000014,0.000020,0.000049,0.000057,0.000055,0.000049,0.000039,0.000024,0.000013,0.000003,0.000009,0.000024,0.000029
1001,,,,,,,,,,,,,,0.000006,0.000115,0.000175,0.000307,0.000375,0.000373,0.000315,0.000281,0.000249,0.000227,0.000201,0.000218,0.000210,0.000194,0.000200,0.000182,0.000196,0.000171,0.000146,0.000106,0.000073,0.000054,0.000046,0.000034,0.000017,0.000019,0.000028,0.000037,0.000038,0.000034,0.000021,0.000023,0.000016,0.000004,0.000013,0.000071,0.000111
1002,,,,,,,,,,,,,,0.000004,0.000068,0.000039,0.000040,0.000075,0.000090,0.000111,0.000115,0.000125,0.000125,0.000111,0.000115,0.000141,0.000216,0.000327,0.000397,0.000496,0.000586,0.000813,0.000668,0.000506,0.000353,0.000301,0.000216,0.000032,0.000047,0.000094,0.000096,0.000079,0.000082,0.000079,0.000059,0.000029,0.000005,0.000016,0.000063,0.000057
1003,,,,,,,,,,,,,,0.000011,0.000169,0.000101,0.000105,0.000119,0.000158,0.000185,0.000191,0.000183,0.000177,0.000144,0.000133,0.000144,0.000142,0.000120,0.000102,0.000104,0.000106,0.000106,0.000109,0.000119,0.000102,0.000098,0.000083,0.000027,0.000029,0.000058,0.000064,0.000056,0.000070,0.000073,0.000053,0.000023,0.000004,0.000025,0.000191,0.000252
1004,,,,,,,,,,,,,,0.000007,0.000189,0.000132,0.000194,0.000468,0.000738,0.000601,0.000472,0.000508,0.000541,0.000557,0.000681,0.000775,0.000775,0.000748,0.000506,0.000468,0.000346,0.000329,0.000270,0.000240,0.000194,0.000180,0.000136,0.000022,0.000036,0.000087,0.000081,0.000058,0.000076,0.000054,0.000036,0.000017,0.000005,0.000014,0.000053,0.000069
1005,,,,,,,,,,,,,,0.000012,0.000148,0.000089,0.000120,0.000187,0.000226,0.000208,0.000198,0.000183,0.000173,0.000168,0.000184,0.000198,0.000177,0.000144,0.000110,0.000120,0.000118,0.000118,0.000110,0.000126,0.000117,0.000192,0.000260,0.000058,0.000109,0.000271,0.000209,0.000140,0.000137,0.000145,0.000098,0.000026,0.000004,0.000013,0.000074,0.000103
1006,,,,,,,,,,,,,,0.000006,0.000121,0.000084,0.000079,0.000105,0.000100,0.000088,0.000110,0.000109,0.000111,0.000119,0.000163,0.000223,0.000251,0.000254,0.000228,0.000169,0.000299,0.000155,0.000139,0.000125,0.000128,0.000133,0.000086,0.000020,0.000026,0.000057,0.000055,0.000051,0.000057,0.000053,0.000055,0.000039,0.000007,0.000018,0.000088,0.000089
1007,,,,,,,,,,,,,,0.000005,0.000068,0.000038,0.000065,0.000116,0.000150,0.000137,0.000104,0.000088,0.000094,0.000094,0.000105,0.000100,0.000102,0.000099,0.000074,0.000073,0.000085,0.000087,0.000093,0.000081,0.000082,0.000097,0.000089,0.000022,0.000036,0.000139,0.000146,0.000108,0.000125,0.000090,0.000063,0.000017,0.000003,0.000008,0.000050,0.000081
1008,,,,,,,,,,,,,,0.000008,0.000158,0.000085,0.000084,0.000130,0.000150,0.000150,0.000141,0.000147,0.000139,0.000117,0.000127,0.000134,0.000121,0.000104,0.000084,0.000075,0.000059,0.000056,0.000065,0.000066,0.000082,0.000088,0.000066,0.000021,0.000042,0.000120,0.000102,0.000066,0.000060,0.000060,0.000059,0.000022,0.000003,0.000008,0.000045,0.000037
1009,,,,,,,,,,,,,,0.000010,0.000154,0.000079,0.000115,0.000157,0.000157,0.000135,0.000108,0.000079,0.000066,0.000063,0.000048,0.000037,0.000022,0.000021,0.000012,0.000029,0.000083,0.000176,0.000244,0.000282,0.000256,0.000247,0.000279,0.000115,0.000194,0.000168,0.000126,0.000189,0.000166,0.000101,0.000054,0.000040,0.000008,0.000031,0.000102,0.000105
1010,,,,,,,,,,,,,,0.000004,0.000042,0.000018,0.000029,0.000046,0.000074,0.000074,0.000076,0.000080,0.000100,0.000084,0.000078,0.000068,0.000062,0.000057,0.000042,0.000059,0.000068,0.000070,0.000104,0.000111,0.000126,0.000122,0.000077,0.000031,0.000021,0.000014,0.000018,0.000012,0.000014,0.000020,0.000034,0.000038,0.000006,0.000018,0.000093,0.000141
1011,,,,,,,,,,,,,,0.000006,0.000107,0.000076,0.000095,0.000149,0.000178,0.000166,0.000172,0.000173,0.000166,0.000150,0.000144,0.000133,0.000122,0.000119,0.000109,0.000117,0.000105,0.000135,0.000131,0.000128,0.000130,0.000141,0.000118,0.000019,0.000031,0.000075,0.000078,0.000067,0.000070,0.000070,0.000038,0.000019,0.000004,0.000012,0.000066,0.000068
1012,,,,,,,,,,,,,,0.000015,0.000327,0.000316,0.000393,0.000494,0.000566,0.000477,0.000387,0.000327,0.000307,0.000266,0.000243,0.000211,0.000182,0.000126,0.000082,0.000075,0.000062,0.000063,0.000050,0.000024,0.000034,0.000028,0.000037,0.000029,0.000029,0.000077,0.000089,0.000087,0.000092,0.000064,0.000049,0.000023,0.000004,0.000012,0.000040,0.000063
1013,,,,,,,,,,,,,,0.000008,0.000117,0.000064,0.000086,0.000187,0.000328,0.000388,0.000453,0.000403,0.000375,0.000333,0.000334,0.000304,0.000239,0.000202,0.000159,0.000156,0.000155,0.000143,0.000131,0.000100,0.000079,0.000061,0.000044,0.000013,0.000030,0.000140,0.000174,0.000153,0.000139,0.000104,0.000065,0.000021,0.000003,0.000011,0.000067,0.000076
1014,,,,,,,,,,,,,,0.000003,0.000032,0.000017,0.000023,0.000041,0.000062,0.000070,0.000061,0.000059,0.000087,0.000084,0.000093,0.000077,0.000082,0.000124,0.000192,0.000322,0.000449,0.000616,0.000612,0.000585,0.000527,0.000521,0.000355,0.000050,0.000078,0.000190,0.000161,0.000119,0.000115,0.000125,0.000134,0.000079,0.000010,0.000018,0.000053,0.000051
1015,,,,,,,,,,,,,,0.000014,0.000180,0.000094,0.000127,0.000183,0.000200,0.000205,0.000158,0.000145,0.000165,0.000155,0.000163,0.000166,0.000135,0.000120,0.000082,0.000081,0.000116,0.000175,0.000314,0.000509,0.000571,0.000518,0.000352,0.000039,0.000061,0.000141,0.000120,0.000061,0.000070,0.000067,0.000043,0.000022,0.000005,0.000031,0.000310,0.000296
1016,,,,,,,,,,,,,,0.000009,0.000143,0.000084,0.000087,0.000119,0.000150,0.000122,0.000101,0.000091,0.000100,0.000088,0.000094,0.000073,0.000074,0.000062,0.000053,0.000066,0.000076,0.000107,0.000114,0.000115,0.000117,0.000142,0.000110,0.000031,0.000050,0.000058,0.000053,0.000050,0.000067,0.000088,0.000077,0.000029,0.000008,0.000033,0.000122,0.000123
1017,,,,,,,,,,,,,,0.000017,0.000338,0.000187,0.000193,0.000298,0.000359,0.000342,0.000344,0.000330,0.000310,0.000295,0.000299,0.000289,0.000273,0.000230,0.000195,0.000205,0.000208,0.000199,0.000196,0.000205,0.000246,0.000331,0.000344,0.000042,0.000068,0.000207,0.000211,0.000173,0.000155,0.000116,0.000075,0.000022,0.000004,0.000015,0.000120,0.000146
1018,,,,,,,,,,,,,,0.000008,0.000145,0.000098,0.000077,0.000094,0.000115,0.000127,0.000139,0.000149,0.000165,0.000180,0.000198,0.000210,0.000218,0.000170,0.000093,0.000072,0.000172,0.000090,0.000100,0.000077,0.000044,0.000054,0.000087,0.000021,0.000040,0.000104,0.000100,0.000142,0.000181,0.000262,0.000225,0.000085,0.000008,0.000017,0.000072,0.000057
1019,,,,,,,,,,,,,,0.000006,0.000089,0.000056,0.000077,0.000100,0.000162,0.000163,0.000139,0.000130,0.000130,0.000118,0.000134,0.000135,0.000123,0.000122,0.000095,0.000090,0.000092,0.000091,0.000094,0.000102,0.000114,0.000127,0.000102,0.000028,0.000028,0.000049,0.000036,0.000038,0.000045,0.000041,0.000031,0.000021,0.000004,0.000021,0.000098,0.000099
1020,,,,,,,,,,,,,,0.000003,0.000053,0.000030,0.000041,0.000067,0.000076,0.000076,0.000063,0.000056,0.000053,0.000045,0.000048,0.000054,0.000055,0.000061,0.000070,0.000079,0.000090,0.000117,0.000151,0.000229,0.000282,0.000314,0.000230,0.000030,0.000050,0.000163,0.000161,0.000113,0.000107,0.000088,0.000053,0.000020,0.000003,0.000008,0.000030,0.000069
1021,,,,,,,,,,,,,,0.000008,0.000143,0.000113,0.000200,0.000436,0.000728,0.000795,0.000758,0.000580,0.000488,0.000389,0.000356,0.000315,0.000284,0.000220,0.000165,0.000133,0.000152,0.000168,0.000148,0.000103,0.000071,0.000060,0.000042,0.000015,0.000021,0.000036,0.000040,0.000034,0.000039,0.000039,0.000034,0.000013,0.000003,0.000011,0.000061,0.000074
1022,,,,,,,,,,,,,,0.000015,0.000173,0.000099,0.000134,0.000173,0.000165,0.000171,0.000156,0.000152,0.000144,0.000136,0.000148,0.000161,0.000166,0.000152,0.000091,0.000062,0.000029,0.000039,0.000035,0.000037,0.000036,0.000037,0.000057,0.000018,0.000013,0.000027,0.000039,0.000058,0.000099,0.000118,0.000092,0.000031,0.000005,0.000013,0.000057,0.000055
1023,,,,,,,,,,,,,,0.000009,0.000111,0.000060,0.000064,0.000084,0.000117,0.000093,0.000073,0.000077,0.000084,0.000082,0.000072,0.000086,0.000083,0.000079,0.000069,0.000057,0.000076,0.000104,0.000089,0.000128,0.000193,0.000236,0.000207,0.000036,0.000048,0.000117,0.000121,0.000091,0.000120,0.000156,0.000131,0.000037,0.000005,0.000017,0.000126,0.000152
1024,,,,,,,,,,,,,,0.000005,0.000115,0.000072,0.000078,0.000104,0.000120,0.000117,0.000117,0.000116,0.000121,0.000104,0.000105,0.000107,0.000116,0.000123,0.000097,0.000087,0.000086,0.000100,0.000083,0.000094,0.000089,0.000095,0.000083,0.000020,0.000032,0.000058,0.000066,0.000063,0.000086,0.000095,0.000080,0.000028,0.000003,0.000009,0.000043,0.000060
1025,,,,,,,,,,,,,,0.000004,0.000090,0.000059,0.000074,0.000112,0.000125,0.000094,0.000079,0.000075,0.000064,0.000045,0.000055,0.000062,0.000065,0.000060,0.000054,0.000054,0.000053,0.000093,0.000121,0.000148,0.000207,0.000195,0.000142,0.000031,0.000055,0.000111,0.000135,0.000102,0.000103,0.000090,0.000057,0.000027,0.000006,0.000016,0.000058,0.000073
1026,,,,,,,,,,,,,,0.000007,0.000097,0.000065,0.000058,0.000104,0.000140,0.000133,0.000129,0.000121,0.000141,0.000160,0.000187,0.000174,0.000172,0.000152,0.000098,0.000099,0.000076,0.000084,0.000124,0.000178,0.000155,0.000136,0.000103,0.000048,0.000049,0.000060,0.000053,0.000042,0.000035,0.000031,0.000026,0.000015,0.000003,0.000011,0.000056,0.000057
1027,,,,,,,,,,,,,,0.000007,0.000103,0.000105,0.000156,0.000281,0.000385,0.000399,0.000356,0.000322,0.000301,0.000259,0.000255,0.000242,0.000211,0.000155,0.000107,0.000100,0.000103,0.000116,0.000117,0.000095,0.000094,0.000103,0.000082,0.000016,0.000038,0.000121,0.000100,0.000060,0.000068,0.000078,0.000086,0.000030,0.000003,0.000009,0.000068,0.000084
1028,,,,,,,,,,,,,,0.000010,0.000122,0.000068,0.000086,0.000129,0.000143,0.000141,0.000125,0.000108,0.000090,0.000080,0.000091,0.000098,0.000095,0.000085,0.000068,0.000103,0.000213,0.000460,0.000622,0.000766,0.000795,0.000713,0.000433,0.000041,0.000058,0.000159,0.000127,0.000089,0.000093,0.000101,0.000081,0.000025,0.000003,0.000010,0.000078,0.000076
1029,,,,,,,,,,,,,,0.000004,0.000085,0.000055,0.000075,0.000142,0.000192,0.000189,0.000170,0.000148,0.000145,0.000134,0.000148,0.000140,0.000140,0.000120,0.000095,0.000095,0.000084,0.000097,0.000110,0.000129,0.000148,0.000134,0.000095,0.000014,0.000027,0.000103,0.000149,0.000167,0.000219,0.000205,0.000103,0.000025,0.000002,0.000008,0.000055,0.000052
1030,,,,,,,,,,,,,,0.000008,0.000163,0.000109,0.000136,0.000238,0.000324,0.000328,0.000308,0.000304,0.000313,0.000354,0.000428,0.000447,0.000501,0.000477,0.000369,0.000410,0.000385,0.000392,0.000405,0.000470,0.000520,0.000446,0.000288,0.000026,0.000042,0.000109,0.000100,0.000073,0.000071,0.000060,0.000061,0.000021,0.000003,0.000012,0.000092,0.000090
1031,,,,,,,,,,,,,,0.000004,0.000091,0.000070,0.000084,0.000137,0.000150,0.000141,0.000138,0.000155,0.000159,0.000142,0.000124,0.000099,0.000077,0.000075,0.000069,0.000068,0.000076,0.000081,0.000064,0.000067,0.000092,0.000116,0.000109,0.000030,0.000038,0.000138,0.000195,0.000161,0.000157,0.000122,0.000078,0.000024,0.000004,0.000009,0.000041,0.000035
1032,,,,,,,,,,,,,,0.000010,0.000235,0.000255,0.000431,0.000849,0.001066,0.000960,0.000795,0.000600,0.000507,0.000417,0.000411,0.000355,0.000320,0.000249,0.000195,0.000159,0.000147,0.000176,0.000166,0.000132,0.000113,0.000109,0.000056,0.000024,0.000026,0.000068,0.000072,0.000101,0.000101,0.000095,0.000053,0.000017,0.000003,0.000012,0.000060,0.000062
1033,,,,,,,,,,,,,,0.000005,0.000085,0.000062,0.000089,0.000110,0.000109,0.000099,0.000095,0.000077,0.000067,0.000060,0.000071,0.000069,0.000080,0.000064,0.000056,0.000092,0.000193,0.000273,0.000298,0.000326,0.000298,0.000243,0.000150,0.000032,0.000037,0.000075,0.000077,0.000076,0.000079,0.000068,0.000037,0.000014,0.000004,0.000013,0.000040,0.000041
1034,,,,,,,,,,,,,,0.000011,0.000176,0.000096,0.000158,0.000270,0.000295,0.000255,0.000224,0.000204,0.000210,0.000208,0.000230,0.000225,0.000209,0.000183,0.000149,0.000140,0.000153,0.000153,0.000127,0.000133,0.000126,0.000154,0.000114,0.000022,0.000041,0.000148,0.000179,0.000169,0.000185,0.000206,0.000142,0.000040,0.000005,0.000018,0.000110,0.000108
1035,,,,,,,,,,,,,,0.000003,0.000050,0.000032,0.000051,0.000083,0.000105,0.000154,0.000218,0.000298,0.000335,0.000335,0.000360,0.000312,0.000264,0.000201,0.000156,0.000139,0.000114,0.000114,0.000102,0.000087,0.000078,0.000082,0.000065,0.000012,0.000021,0.000068,0.000074,0.000058,0.000052,0.000034,0.000025,0.000012,0.000002,0.000006,0.000057,0.000037
1036,,,,,,,,,,,,,,0.000009,0.000150,0.000095,0.000113,0.000179,0.000232,0.000232,0.000213,0.000187,0.000188,0.000182,0.000192,0.000182,0.000156,0.000136,0.000103,0.000099,0.000099,0.000123,0.000119,0.000115,0.000105,0.000117,0.000116,0.000016,0.000023,0.000046,0.000053,0.000047,0.000060,0.000056,0.000039,0.000016,0.000003,0.000009,0.000056,0.000070
1037,,,,,,,,,,,,,,0.000002,0.000048,0.000029,0.000035,0.000055,0.000076,0.000075,0.000079,0.000086,0.000069,0.000046,0.000042,0.000037,0.000034,0.000031,0.000027,0.000033,0.000043,0.000054,0.000062,0.000064,0.000072,0.000065,0.000049,0.000012,0.000020,0.000036,0.000046,0.000041,0.000055,0.000069,0.000066,0.000020,0.000003,0.000007,0.000030,0.000037
1038,,,,,,,,,,,,,,0.000008,0.000194,0.000119,0.000135,0.000197,0.000238,0.000219,0.000220,0.000211,0.000217,0.000193,0.000214,0.000217,0.000218,0.000190,0.000147,0.000148,0.000168,0.000214,0.000235,0.000223,0.000197,0.000185,0.000141,0.000021,0.000035,0.000034,0.000029,0.000035,0.000046,0.000042,0.000029,0.000019,0.000003,0.000012,0.000040,0.000056
1039,,,,,,,,,,,,,,0.000005,0.000162,0.000093,0.000069,0.000088,0.000107,0.000091,0.000084,0.000114,0.000103,0.000108,0.000115,0.000129,0.000150,0.000139,0.000116,0.000121,0.000123,0.000145,0.000139,0.000144,0.000143,0.000146,0.000122,0.000019,0.000053,0.000065,0.000089,0.000067,0.000064,0.000063,0.000049,0.000020,0.000003,0.000009,0.000027,0.000032
1040,,,,,,,,,,,,,,0.000016,0.000233,0.000130,0.000178,0.000350,0.000460,0.000372,0.000272,0.000232,0.000207,0.000176,0.000178,0.000162,0.000149,0.000135,0.000113,0.000112,0.000106,0.000123,0.000123,0.000124,0.000114,0.000111,0.000094,0.000012,0.000024,0.000067,0.000086,0.000082,0.000089,0.000077,0.000060,0.000020,0.000002,0.000008,0.000065,0.000071
1041,,,,,,,,,,,,,,0.000004,0.000051,0.000020,0.000025,0.000022,0.000053,0.000051,0.000047,0.000042,0.000040,0.000025,0.000030,0.000026,0.000024,0.000031,0.000044,0.000039,0.000038,0.000045,0.000038,0.000045,0.000069,0.000102,0.000145,0.000073,0.000112,0.000171,0.000164,0.000128,0.000100,0.000060,0.000040,0.000019,0.000005,0.000013,0.000052,0.000061
1042,,,,,,,,,,,,,,0.000006,0.000084,0.000067,0.000142,0.000194,0.000206,0.000193,0.000162,0.000122,0.000109,0.000137,0.000153,0.000159,0.000153,0.000129,0.000103,0.000129,0.000110,0.000125,0.000133,0.000136,0.000138,0.000128,0.000128,0.000024,0.000048,0.000102,0.000084,0.000098,0.000123,0.000104,0.000119,0.000048,0.000007,0.000020,0.000073,0.000082
1043,,,,,,,,,,,,,,0.000007,0.000160,0.000112,0.000241,0.000462,0.000463,0.000421,0.000340,0.000297,0.000255,0.000232,0.000256,0.000225,0.000189,0.000144,0.000111,0.000122,0.000107,0.000117,0.000189,0.000220,0.000207,0.000185,0.000128,0.000021,0.000030,0.000064,0.000064,0.000070,0.000089,0.000074,0.000047,0.000020,0.000003,0.000010,0.000041,0.000041
1044,,,,,,,,,,,,,,0.000008,0.000126,0.000092,0.000132,0.000183,0.000193,0.000165,0.000146,0.000124,0.000115,0.000094,0.000097,0.000082,0.000069,0.000060,0.000038,0.000039,0.000041,0.000063,0.000085,0.000102,0.000099,0.000116,0.000126,0.000033,0.000031,0.000065,0.000073,0.000097,0.000069,0.000044,0.000035,0.000012,0.000004,0.000013,0.000062,0.000066
1045,,,,,,,,,,,,,,0.000005,0.000085,0.000051,0.000056,0.000103,0.000133,0.000126,0.000120,0.000117,0.000130,0.000113,0.000108,0.000095,0.000083,0.000057,0.000058,0.000062,0.000063,0.000068,0.000079,0.000087,0.000057,0.000049,0.000043,0.000017,0.000027,0.000071,0.000061,0.000056,0.000074,0.000104,0.000092,0.000049,0.000008,0.000022,0.000066,0.000068
1046,,,,,,,,,,,,,,0.000010,0.000145,0.000091,0.000184,0.000220,0.000210,0.000178,0.000147,0.000152,0.000155,0.000156,0.000160,0.000152,0.000146,0.000117,0.000089,0.000076,0.000062,0.000050,0.000041,0.000052,0.000047,0.000049,0.000035,0.000022,0.000030,0.000054,0.000049,0.000044,0.000046,0.000043,0.000022,0.000016,0.000005,0.000017,0.000040,0.000049
1047,,,,,,,,,,,,,,0.000007,0.000126,0.000088,0.000118,0.000200,0.000239,0.000231,0.000203,0.000175,0.000189,0.000172,0.000144,0.000117,0.000099,0.000098,0.000075,0.000084,0.000089,0.000094,0.000100,0.000105,0.000089,0.000205,0.000144,0.000039,0.000055,0.000062,0.000068,0.000077,0.000073,0.000088,0.000089,0.000048,0.000007,0.000019,0.000079,0.000065
1048,,,,,,,,,,,,,,0.000008,0.000156,0.000098,0.000127,0.000243,0.000340,0.000349,0.000332,0.000310,0.000301,0.000285,0.000317,0.000307,0.000278,0.000248,0.000198,0.000179,0.000166,0.000193,0.000185,0.000184,0.000156,0.000148,0.000111,0.000022,0.000035,0.000092,0.000119,0.000100,0.000107,0.000105,0.000089,0.000027,0.000003,0.000008,0.000037,0.000039
1049,,,,,,,,,,,,,,0.000004,0.000081,0.000060,0.000075,0.000130,0.000191,0.000208,0.000219,0.000216,0.000221,0.000212,0.000234,0.000239,0.000233,0.000219,0.000167,0.000152,0.000135,0.000150,0.000190,0.000312,0.000367,0.000355,0.000218,0.000023,0.000041,0.000075,0.000065,0.000058,0.000061,0.000085,0.000062,0.000021,0.000002,0.000007,0.000036,0.000038
1050,,,,,,,,,,,,,,0.000005,0.000083,0.000057,0.000065,0.000116,0.000133,0.000130,0.000126,0.000128,0.000132,0.000134,0.000131,0.000132,0.000151,0.000139,0.000117,0.000103,0.000089,0.000115,0.000093,0.000080,0.000077,0.000088,0.000091,0.000023,0.000062,0.000146,0.000162,0.000102,0.000133,0.000180,0.000160,0.000049,0.000004,0.000014,0.000094,0.000069
1051,,,,,,,,,,,,,,0.000002,0.000051,0.000026,0.000031,0.000091,0.000167,0.000298,0.000415,0.000534,0.000584,0.000561,0.000593,0.000506,0.000420,0.000311,0.000216,0.000191,0.000159,0.000148,0.000118,0.000093,0.000082,0.000091,0.000077,0.000016,0.000024,0.000071,0.000067,0.000050,0.000053,0.000047,0.000035,0.000015,0.000002,0.000006,0.000033,0.000031
1052,,,,,,,,,,,,,,0.000003,0.000050,0.000033,0.000040,0.000053,0.000076,0.000083,0.000093,0.000123,0.000139,0.000144,0.000152,0.000132,0.000122,0.000089,0.000055,0.000050,0.000050,0.000056,0.000049,0.000058,0.000061,0.000061,0.000042,0.000038,0.000025,0.000037,0.000043,0.000039,0.000044,0.000044,0.000037,0.000017,0.000003,0.000010,0.000040,0.000047
1053,,,,,,,,,,,,,,0.000006,0.000100,0.000073,0.000128,0.000193,0.000221,0.000197,0.000158,0.000156,0.000177,0.000159,0.000172,0.000153,0.000153,0.000151,0.000125,0.000096,0.000086,0.000112,0.000120,0.000120,0.000106,0.000123,0.000136,0.000049,0.000059,0.000142,0.000167,0.000132,0.000127,0.000099,0.000049,0.000024,0.000004,0.000012,0.000059,0.000062
1054,,,,,,,,,,,,,,0.000015,0.000342,0.000247,0.000315,0.000567,0.000795,0.000827,0.000826,0.000808,0.000774,0.000763,0.000840,0.000828,0.000798,0.000679,0.000530,0.000501,0.000440,0.000463,0.000436,0.000421,0.000413,0.000412,0.000314,0.000035,0.000071,0.000209,0.000234,0.000189,0.000212,0.000184,0.000120,0.000033,0.000003,0.000011,0.000120,0.000110
1055,,,,,,,,,,,,,,0.000006,0.000098,0.000060,0.000086,0.000141,0.000164,0.000144,0.000112,0.000106,0.000104,0.000111,0.000129,0.000128,0.000126,0.000111,0.000074,0.000086,0.000099,0.000138,0.000140,0.000119,0.000119,0.000127,0.000080,0.000016,0.000020,0.000051,0.000060,0.000057,0.000063,0.000057,0.000046,0.000018,0.000003,0.000011,0.000049,0.000057
1056,,,,,,,,,,,,,,0.000012,0.000181,0.000127,0.000132,0.000195,0.000208,0.000202,0.000164,0.000132,0.000133,0.000149,0.000152,0.000139,0.000120,0.000109,0.000082,0.000087,0.000081,0.000108,0.000126,0.000158,0.000167,0.000174,0.000094,0.000014,0.000023,0.000121,0.000205,0.000211,0.000266,0.000220,0.000119,0.000023,0.000002,0.000008,0.000063,0.000085
1057,,,,,,,,,,,,,,0.000004,0.000048,0.000037,0.000053,0.000094,0.000099,0.000107,0.000100,0.000096,0.000087,0.000090,0.000088,0.000090,0.000088,0.000082,0.000074,0.000075,0.000067,0.000081,0.000070,0.000069,0.000074,0.000065,0.000052,0.000018,0.000029,0.000071,0.000084,0.000101,0.000110,0.000084,0.000044,0.000015,0.000003,0.000010,0.000045,0.000038
1058,,,,,,,,,,,,,,0.000006,0.000101,0.000078,0.000168,0.000409,0.000539,0.000480,0.000450,0.000390,0.000357,0.000320,0.000326,0.000276,0.000238,0.000201,0.000159,0.000151,0.000133,0.000133,0.000116,0.000122,0.000114,0.000114,0.000109,0.000024,0.000075,0.000377,0.000357,0.000260,0.000305,0.000294,0.000217,0.000064,0.000003,0.000009,0.000044,0.000048
1059,,,,,,,,,,,,,,0.000007,0.000109,0.000073,0.000092,0.000148,0.000200,0.000253,0.000334,0.000420,0.000500,0.000613,0.000754,0.000823,0.000900,0.000792,0.000630,0.000543,0.000450,0.000414,0.000306,0.000258,0.000195,0.000166,0.000132,0.000020,0.000027,0.000102,0.000127,0.000102,0.000107,0.000079,0.000058,0.000021,0.000003,0.000011,0.000048,0.000066
1060,,,,,,,,,,,,,,0.000019,0.000228,0.000129,0.000215,0.000275,0.000253,0.000217,0.000187,0.000168,0.000218,0.000215,0.000178,0.000168,0.000207,0.000185,0.000196,0.000260,0.000273,0.000238,0.000160,0.000120,0.000111,0.000093,0.000072,0.000023,0.000029,0.000053,0.000063,0.000069,0.000060,0.000053,0.000055,0.000029,0.000006,0.000023,0.000077,0.000122
1061,,,,,,,,,,,,,,0.000006,0.000073,0.000068,0.000085,0.000110,0.000130,0.000123,0.000112,0.000106,0.000106,0.000110,0.000126,0.000105,0.000112,0.000098,0.000080,0.000072,0.000070,0.000089,0.000097,0.000107,0.000102,0.000086,0.000063,0.000021,0.000029,0.000056,0.000060,0.000053,0.000051,0.000056,0.000047,0.000019,0.000003,0.000011,0.000068,0.000065
1062,,,,,,,,,,,,,,0.000004,0.000085,0.000060,0.000095,0.000125,0.000145,0.000163,0.000178,0.000158,0.000146,0.000135,0.000143,0.000123,0.000107,0.000094,0.000086,0.000089,0.000069,0.000080,0.000084,0.000098,0.000104,0.000105,0.000089,0.000016,0.000025,0.000054,0.000061,0.000068,0.000120,0.000192,0.000199,0.000069,0.000006,0.000018,0.000048,0.000053
1063,,,,,,,,,,,,,,0.000009,0.000112,0.000065,0.000086,0.000150,0.000165,0.000165,0.000180,0.000182,0.000206,0.000212,0.000219,0.000213,0.000200,0.000149,0.000096,0.000091,0.000070,0.000096,0.000101,0.000103,0.000107,0.000153,0.000090,0.000023,0.000035,0.000054,0.000057,0.000063,0.000128,0.000219,0.000253,0.000083,0.000007,0.000021,0.000108,0.000198
1064,,,,,,,,,,,,,,0.000004,0.000063,0.000046,0.000059,0.000091,0.000139,0.000195,0.000257,0.000313,0.000346,0.000285,0.000239,0.000186,0.000150,0.000110,0.000071,0.000070,0.000073,0.000115,0.000145,0.000239,0.000327,0.000323,0.000205,0.000029,0.000037,0.000072,0.000059,0.000039,0.000043,0.000036,0.000031,0.000016,0.000003,0.000010,0.000044,0.000041
1065,,,,,,,,,,,,,,0.000009,0.000122,0.000065,0.000070,0.000106,0.000125,0.000137,0.000144,0.000132,0.000144,0.000140,0.000175,0.000181,0.000182,0.000159,0.000136,0.000124,0.000105,0.000096,0.000103,0.000112,0.000106,0.000095,0.000069,0.000020,0.000041,0.000070,0.000036,0.000033,0.000059,0.000043,0.000041,0.000064,0.000011,0.000042,0.000154,0.000173
1066,,,,,,,,,,,,,,0.000005,0.000102,0.000065,0.000077,0.000135,0.000174,0.000179,0.000172,0.000181,0.000184,0.000207,0.000269,0.000245,0.000216,0.000163,0.000109,0.000104,0.000092,0.000113,0.000119,0.000120,0.000113,0.000100,0.000080,0.000014,0.000024,0.000064,0.000059,0.000064,0.000066,0.000069,0.000075,0.000034,0.000003,0.000009,0.000047,0.000053
1067,,,,,,,,,,,,,,0.000005,0.000114,0.000060,0.000065,0.000099,0.000118,0.000132,0.000126,0.000121,0.000129,0.000124,0.000122,0.000102,0.000104,0.000095,0.000069,0.000066,0.000072,0.000096,0.000082,0.000090,0.000097,0.000081,0.000063,0.000019,0.000026,0.000060,0.000078,0.000097,0.000139,0.000145,0.000071,0.000022,0.000004,0.000012,0.000049,0.000048
1068,,,,,,,,,,,,,,0.000006,0.000094,0.000052,0.000064,0.000090,0.000127,0.000128,0.000116,0.000119,0.000132,0.000140,0.000163,0.000167,0.000151,0.000142,0.000105,0.000111,0.000108,0.000098,0.000094,0.000093,0.000096,0.000093,0.000074,0.000027,0.000033,0.000052,0.000047,0.000037,0.000039,0.000039,0.000033,0.000017,0.000005,0.000017,0.000086,0.000102
1069,,,,,,,,,,,,,,0.000006,0.000079,0.000063,0.000092,0.000158,0.000215,0.000250,0.000280,0.000319,0.000333,0.000356,0.000383,0.000347,0.000287,0.000236,0.000187,0.000166,0.000141,0.000144,0.000116,0.000107,0.000098,0.000073,0.000054,0.000014,0.000026,0.000050,0.000048,0.000047,0.000056,0.000058,0.000042,0.000017,0.000003,0.000010,0.000128,0.000075
1070,,,,,,,,,,,,,,0.000003,0.000075,0.000053,0.000072,0.000110,0.000133,0.000119,0.000123,0.000125,0.000135,0.000125,0.000122,0.000114,0.000100,0.000080,0.000050,0.000030,0.000019,0.000010,0.000017,0.000030,0.000065,0.000104,0.000082,0.000019,0.000017,0.000029,0.000033,0.000034,0.000034,0.000039,0.000027,0.000014,0.000003,0.000008,0.000038,0.000041
1071,,,,,,,,,,,,,,0.000002,0.000057,0.000032,0.000041,0.000072,0.000146,0.000192,0.000221,0.000233,0.000236,0.000232,0.000255,0.000232,0.000209,0.000183,0.000147,0.000130,0.000093,0.000090,0.000080,0.000079,0.000084,0.000129,0.000108,0.000032,0.000031,0.000062,0.000069,0.000078,0.000075,0.000073,0.000083,0.000053,0.000009,0.000014,0.000037,0.000066
1072,,,,,,,,,,,,,,0.000003,0.000051,0.000042,0.000053,0.000101,0.000127,0.000130,0.000132,0.000123,0.000131,0.000130,0.000137,0.000121,0.000097,0.000086,0.000093,0.000104,0.000090,0.000119,0.000121,0.000103,0.000093,0.000095,0.000063,0.000017,0.000034,0.000079,0.000076,0.000065,0.000061,0.000066,0.000045,0.000022,0.000004,0.000011,0.000039,0.000047
1073,,,,,,,,,,,,,,0.000006,0.000154,0.000120,0.000145,0.000232,0.000278,0.000254,0.000200,0.000167,0.000162,0.000130,0.000133,0.000117,0.000119,0.000121,0.000112,0.000130,0.000140,0.000142,0.000119,0.000110,0.000095,0.000102,0.000084,0.000025,0.000046,0.000096,0.000076,0.000086,0.000065,0.000045,0.000033,0.000012,0.000003,0.000009,0.000049,0.000054
1074,,,,,,,,,,,,,,0.000004,0.000093,0.000121,0.000139,0.000174,0.000161,0.000132,0.000116,0.000111,0.000115,0.000137,0.000141,0.000146,0.000158,0.000129,0.000100,0.000098,0.000075,0.000090,0.000077,0.000076,0.000078,0.000082,0.000058,0.000013,0.000020,0.000053,0.000053,0.000044,0.000047,0.000047,0.000029,0.000015,0.000003,0.000009,0.000030,0.000043
1075,,,,,,,,,,,,,,0.000014,0.000202,0.000114,0.000177,0.000388,0.000500,0.000537,0.000453,0.000396,0.000321,0.000247,0.000239,0.000192,0.000157,0.000139,0.000099,0.000101,0.000083,0.000078,0.000068,0.000064,0.000064,0.000084,0.000070,0.000025,0.000019,0.000021,0.000024,0.000033,0.000038,0.000050,0.000026,0.000017,0.000013,0.000044,0.000162,0.000181
1076,,,,,,,,,,,,,,0.000004,0.000076,0.000045,0.000089,0.000266,0.000441,0.000309,0.000189,0.000120,0.000100,0.000077,0.000071,0.000082,0.000096,0.000119,0.000171,0.000199,0.000235,0.000199,0.000174,0.000155,0.000151,0.000155,0.000127,0.000032,0.000065,0.000188,0.000145,0.000093,0.000086,0.000072,0.000047,0.000023,0.000005,0.000016,0.000050,0.000045
1077,,,,,,,,,,,,,,0.000019,0.000339,0.000215,0.000246,0.000469,0.000642,0.000574,0.000496,0.000318,0.000275,0.000230,0.000201,0.000174,0.000127,0.000111,0.000093,0.000071,0.000081,0.000092,0.000091,0.000063,0.000069,0.000085,0.000068,0.000053,0.000077,0.000064,0.000068,0.000071,0.000065,0.000097,0.000086,0.000055,0.000009,0.000021,0.000105,0.000084
1078,,,,,,,,,,,,,,0.000009,0.000207,0.000108,0.000072,0.000106,0.000132,0.000120,0.000091,0.000075,0.000064,0.000075,0.000091,0.000109,0.000101,0.000066,0.000072,0.000091,0.000098,0.000093,0.000112,0.000203,0.000323,0.000420,0.000309,0.000034,0.000048,0.000100,0.000098,0.000077,0.000114,0.000119,0.000092,0.000035,0.000005,0.000018,0.000083,0.000081
1079,,,,,,,,,,,,,,0.000003,0.000052,0.000034,0.000048,0.000076,0.000128,0.000143,0.000153,0.000188,0.000207,0.000214,0.000216,0.000193,0.000182,0.000138,0.000092,0.000099,0.000152,0.000332,0.000489,0.000471,0.000347,0.000246,0.000136,0.000020,0.000027,0.000062,0.000060,0.000044,0.000034,0.000030,0.000023,0.000013,0.000003,0.000012,0.000030,0.000030
1080,,,,,,,,,,,,,,0.000013,0.000242,0.000147,0.000186,0.000443,0.000619,0.000621,0.000531,0.000443,0.000357,0.000290,0.000298,0.000263,0.000227,0.000181,0.000149,0.000131,0.000118,0.000112,0.000091,0.000082,0.000116,0.000110,0.000092,0.000022,0.000035,0.000087,0.000095,0.000078,0.000088,0.000090,0.000077,0.000030,0.000005,0.000016,0.000063,0.000075
1081,,,,,,,,,,,,,,0.000011,0.000194,0.000131,0.000176,0.000337,0.000426,0.000403,0.000348,0.000320,0.000284,0.000261,0.000254,0.000232,0.000219,0.000200,0.000161,0.000164,0.000147,0.000168,0.000159,0.000140,0.000156,0.000154,0.000116,0.000029,0.000041,0.000121,0.000109,0.000083,0.000082,0.000068,0.000049,0.000021,0.000002,0.000011,0.000094,0.000097
1082,,,,,,,,,,,,,,0.000009,0.000118,0.000072,0.000084,0.000117,0.000156,0.000153,0.000111,0.000088,0.000102,0.000091,0.000112,0.000085,0.000069,0.000062,0.000059,0.000047,0.000060,0.000083,0.000107,0.000144,0.000220,0.000410,0.000297,0.000044,0.000033,0.000077,0.000083,0.000077,0.000080,0.000073,0.000048,0.000019,0.000004,0.000011,0.000047,0.000079
1083,,,,,,,,,,,,,,0.000019,0.000413,0.000388,0.000409,0.000544,0.000499,0.000392,0.000342,0.000283,0.000292,0.000249,0.000196,0.000162,0.000178,0.000159,0.000119,0.000079,0.000072,0.000094,0.000152,0.000199,0.000253,0.000263,0.000182,0.000028,0.000050,0.000170,0.000164,0.000107,0.000093,0.000087,0.000056,0.000024,0.000004,0.000017,0.000086,0.000080
1084,,,,,,,,,,,,,,0.000004,0.000103,0.000065,0.000066,0.000130,0.000173,0.000136,0.000094,0.000088,0.000104,0.000108,0.000110,0.000098,0.000087,0.000083,0.000097,0.000105,0.000095,0.000099,0.000111,0.000128,0.000121,0.000115,0.000104,0.000023,0.000022,0.000081,0.000085,0.000064,0.000066,0.000059,0.000054,0.000025,0.000003,0.000007,0.000047,0.000051
1085,,,,,,,,,,,,,,0.000006,0.000133,0.000130,0.000211,0.000368,0.000540,0.000555,0.000594,0.000512,0.000473,0.000377,0.000349,0.000304,0.000298,0.000317,0.000334,0.000458,0.000481,0.000514,0.000446,0.000364,0.000301,0.000259,0.000186,0.000029,0.000040,0.000092,0.000082,0.000057,0.000057,0.000041,0.000030,0.000012,0.000002,0.000007,0.000024,0.000019
1086,,,,,,,,,,,,,,0.000009,0.000202,0.000137,0.000130,0.000194,0.000209,0.000189,0.000173,0.000155,0.000166,0.000139,0.000139,0.000148,0.000139,0.000125,0.000098,0.000099,0.000108,0.000118,0.000113,0.000116,0.000101,0.000084,0.000086,0.000019,0.000024,0.000053,0.000047,0.000033,0.000042,0.000054,0.000034,0.000040,0.000005,0.000012,0.000054,0.000081
1087,,,,,,,,,,,,,,0.000008,0.000163,0.000116,0.000111,0.000190,0.000274,0.000283,0.000263,0.000216,0.000181,0.000151,0.000151,0.000145,0.000137,0.000125,0.000131,0.000122,0.000115,0.000106,0.000105,0.000109,0.000086,0.000069,0.000049,0.000028,0.000017,0.000037,0.000035,0.000029,0.000024,0.000021,0.000019,0.000014,0.000003,0.000009,0.000035,0.000041
1088,,,,,,,,,,,,,,0.000006,0.000101,0.000063,0.000072,0.000133,0.000177,0.000227,0.000244,0.000260,0.000279,0.000249,0.000255,0.000252,0.000219,0.000190,0.000149,0.000149,0.000151,0.000182,0.000168,0.000164,0.000151,0.000136,0.000142,0.000024,0.000041,0.000146,0.000148,0.000114,0.000129,0.000141,0.000104,0.000031,0.000004,0.000010,0.000115,0.000077
1089,,,,,,,,,,,,,,0.000010,0.000142,0.000077,0.000090,0.000121,0.000119,0.000130,0.000109,0.000080,0.000089,0.000071,0.000067,0.000064,0.000061,0.000051,0.000053,0.000052,0.000082,0.000094,0.000095,0.000101,0.000073,0.000064,0.000069,0.000014,0.000023,0.000048,0.000088,0.000107,0.000124,0.000104,0.000067,0.000027,0.000004,0.000018,0.000176,0.000231
1090,,,,,,,,,,,,,,0.000006,0.000077,0.000048,0.000071,0.000124,0.000173,0.000166,0.000146,0.000126,0.000122,0.000090,0.000064,0.000072,0.000075,0.000066,0.000052,0.000042,0.000038,0.000054,0.000053,0.000068,0.000061,0.000049,0.000054,0.000020,0.000036,0.000070,0.000070,0.000075,0.000068,0.000057,0.000049,0.000021,0.000005,0.000013,0.000055,0.000079
1091,,,,,,,,,,,,,,0.000006,0.000083,0.000059,0.000088,0.000158,0.000201,0.000198,0.000207,0.000224,0.000229,0.000212,0.000237,0.000237,0.000214,0.000168,0.000120,0.000121,0.000109,0.000140,0.000139,0.000123,0.000100,0.000082,0.000071,0.000012,0.000021,0.000053,0.000070,0.000068,0.000065,0.000053,0.000036,0.000016,0.000002,0.000008,0.000066,0.000080
1092,,,,,,,,,,,,,,0.000004,0.000071,0.000057,0.000075,0.000139,0.000188,0.000180,0.000181,0.000216,0.000238,0.000257,0.000293,0.000276,0.000275,0.000235,0.000163,0.000132,0.000117,0.000128,0.000144,0.000127,0.000103,0.000097,0.000072,0.000033,0.000037,0.000049,0.000047,0.000056,0.000060,0.000057,0.000047,0.000020,0.000003,0.000010,0.000029,0.000044
1093,,,,,,,,,,,,,,0.000003,0.000056,0.000040,0.000065,0.000131,0.000223,0.000326,0.000436,0.000502,0.000551,0.000560,0.000555,0.000463,0.000350,0.000242,0.000172,0.000151,0.000127,0.000123,0.000115,0.000132,0.000144,0.000158,0.000125,0.000037,0.000033,0.000051,0.000046,0.000043,0.000044,0.000045,0.000041,0.000018,0.000002,0.000007,0.000041,0.000045
1094,,,,,,,,,,,,,,0.000006,0.000105,0.000074,0.000113,0.000250,0.000427,0.000499,0.000563,0.000560,0.000575,0.000492,0.000440,0.000359,0.000267,0.000182,0.000130,0.000119,0.000088,0.000094,0.000094,0.000091,0.000098,0.000127,0.000152,0.000024,0.000036,0.000085,0.000064,0.000054,0.000049,0.000039,0.000034,0.000014,0.000003,0.000010,0.000048,0.000056
1095,,,,,,,,,,,,,,0.000006,0.000085,0.000058,0.000075,0.000137,0.000229,0.000260,0.000270,0.000262,0.000246,0.000230,0.000233,0.000222,0.000212,0.000231,0.000208,0.000213,0.000201,0.000159,0.000111,0.000084,0.000089,0.000089,0.000071,0.000014,0.000019,0.000035,0.000042,0.000041,0.000048,0.000091,0.000061,0.000023,0.000003,0.000010,0.000042,0.000060
1096,,,,,,,,,,,,,,0.000006,0.000097,0.000095,0.000205,0.000407,0.000598,0.000609,0.000538,0.000465,0.000418,0.000364,0.000358,0.000328,0.000282,0.000230,0.000151,0.000145,0.000129,0.000145,0.000136,0.000119,0.000111,0.000097,0.000066,0.000011,0.000019,0.000057,0.000053,0.000055,0.000076,0.000110,0.000121,0.000041,0.000003,0.000009,0.000071,0.000072
1097,,,,,,,,,,,,,,0.000005,0.000103,0.000077,0.000103,0.000151,0.000181,0.000166,0.000168,0.000173,0.000200,0.000208,0.000217,0.000192,0.000173,0.000137,0.000101,0.000095,0.000083,0.000097,0.000088,0.000077,0.000056,0.000058,0.000040,0.000015,0.000024,0.000037,0.000047,0.000054,0.000057,0.000058,0.000031,0.000018,0.000004,0.000010,0.000083,0.000059
1098,,,,,,,,,,,,,,0.000003,0.000066,0.000035,0.000042,0.000070,0.000085,0.000095,0.000098,0.000102,0.000090,0.000094,0.000098,0.000097,0.000104,0.000093,0.000068,0.000075,0.000071,0.000086,0.000100,0.000131,0.000140,0.000151,0.000116,0.000030,0.000042,0.000067,0.000069,0.000067,0.000079,0.000087,0.000068,0.000028,0.000003,0.000008,0.000059,0.000054
1099,,,,,,,,,,,,,,0.000003,0.000064,0.000040,0.000052,0.000081,0.000104,0.000096,0.000078,0.000077,0.000056,0.000035,0.000039,0.000038,0.000031,0.000033,0.000046,0.000047,0.000050,0.000063,0.000057,0.000069,0.000056,0.000049,0.000035,0.000013,0.000020,0.000028,0.000040,0.000039,0.000049,0.000055,0.000044,0.000016,0.000004,0.000012,0.000048,0.000071
1100,,,,,,,,,,,,,,0.000006,0.000162,0.000173,0.000238,0.000330,0.000337,0.000298,0.000236,0.000192,0.000168,0.000141,0.000149,0.000132,0.000116,0.000103,0.000085,0.000072,0.000064,0.000075,0.000067,0.000080,0.000098,0.000112,0.000091,0.000017,0.000025,0.000027,0.000029,0.000041,0.000040,0.000044,0.000069,0.000040,0.000004,0.000010,0.000038,0.000045
1101,,,,,,,,,,,,,,0.000008,0.000097,0.000064,0.000089,0.000156,0.000198,0.000214,0.000198,0.000184,0.000205,0.000214,0.000231,0.000213,0.000224,0.000288,0.000381,0.000486,0.000537,0.000539,0.000445,0.000306,0.000250,0.000228,0.000132,0.000034,0.000039,0.000062,0.000134,0.000120,0.000125,0.000091,0.000070,0.000024,0.000004,0.000013,0.000063,0.000095
1102,,,,,,,,,,,,,,0.000008,0.000106,0.000054,0.000074,0.000098,0.000108,0.000094,0.000110,0.000129,0.000165,0.000196,0.000264,0.000198,0.000147,0.000117,0.000077,0.000063,0.000078,0.000088,0.000086,0.000087,0.000083,0.000115,0.000097,0.000017,0.000020,0.000042,0.000043,0.000041,0.000038,0.000033,0.000032,0.000018,0.000003,0.000012,0.000070,0.000118
1103,,,,,,,,,,,,,,0.000021,0.000411,0.000400,0.000529,0.000778,0.000923,0.000855,0.000779,0.000684,0.000663,0.000632,0.000628,0.000602,0.000573,0.000523,0.000396,0.000383,0.000339,0.000359,0.000310,0.000295,0.000274,0.000250,0.000186,0.000023,0.000048,0.000117,0.000112,0.000102,0.000106,0.000094,0.000068,0.000021,0.000003,0.000017,0.000164,0.000183
1104,,,,,,,,,,,,,,0.000018,0.000295,0.000171,0.000180,0.000294,0.000343,0.000322,0.000310,0.000308,0.000315,0.000303,0.000324,0.000303,0.000281,0.000242,0.000176,0.000159,0.000134,0.000155,0.000161,0.000175,0.000171,0.000172,0.000119,0.000017,0.000027,0.000062,0.000061,0.000053,0.000053,0.000046,0.000032,0.000010,0.000002,0.000009,0.000059,0.000070
1105,,,,,,,,,,,,,,0.000004,0.000078,0.000054,0.000062,0.000125,0.000174,0.000174,0.000224,0.000275,0.000310,0.000347,0.000428,0.000445,0.000427,0.000387,0.000321,0.000328,0.000342,0.000376,0.000326,0.000301,0.000286,0.000277,0.000221,0.000044,0.000089,0.000311,0.000261,0.000159,0.000158,0.000128,0.000085,0.000028,0.000003,0.000009,0.000035,0.000034
1106,,,,,,,,,,,,,,0.000008,0.000122,0.000091,0.000116,0.000186,0.000256,0.000288,0.000283,0.000300,0.000308,0.000316,0.000316,0.000285,0.000240,0.000207,0.000162,0.000164,0.000155,0.000164,0.000155,0.000162,0.000153,0.000143,0.000093,0.000018,0.000029,0.000084,0.000067,0.000051,0.000056,0.000043,0.000029,0.000013,0.000003,0.000015,0.000108,0.000114
1107,,,,,,,,,,,,,,0.000008,0.000098,0.000054,0.000071,0.000127,0.000126,0.000123,0.000119,0.000121,0.000113,0.000103,0.000112,0.000114,0.000132,0.000128,0.000113,0.000114,0.000109,0.000097,0.000091,0.000091,0.000096,0.000096,0.000064,0.000032,0.000048,0.000090,0.000069,0.000046,0.000032,0.000027,0.000026,0.000017,0.000004,0.000012,0.000055,0.000062
1108,,,,,,,,,,,,,,0.000003,0.000043,0.000029,0.000045,0.000063,0.000101,0.000102,0.000118,0.000130,0.000134,0.000116,0.000116,0.000097,0.000092,0.000068,0.000042,0.000029,0.000048,0.000050,0.000055,0.000060,0.000069,0.000070,0.000064,0.000023,0.000045,0.000063,0.000044,0.000037,0.000043,0.000044,0.000039,0.000033,0.000005,0.000010,0.000077,0.000078
1109,,,,,,,,,,,,,,0.000007,0.000109,0.000060,0.000055,0.000068,0.000072,0.000075,0.000076,0.000067,0.000075,0.000067,0.000071,0.000077,0.000064,0.000053,0.000034,0.000037,0.000059,0.000043,0.000046,0.000042,0.000040,0.000048,0.000051,0.000019,0.000028,0.000047,0.000052,0.000058,0.000065,0.000053,0.000071,0.000045,0.000006,0.000019,0.000053,0.000080
1110,,,,,,,,,,,,,,0.000004,0.000113,0.000088,0.000102,0.000145,0.000145,0.000122,0.000098,0.000111,0.000095,0.000071,0.000055,0.000057,0.000069,0.000074,0.000067,0.000064,0.000056,0.000060,0.000062,0.000055,0.000136,0.000160,0.000149,0.000029,0.000059,0.000099,0.000083,0.000055,0.000054,0.000042,0.000025,0.000013,0.000003,0.000013,0.000066,0.000053
1111,,,,,,,,,,,,,,0.000004,0.000079,0.000044,0.000053,0.000063,0.000118,0.000111,0.000093,0.000106,0.000091,0.000067,0.000076,0.000066,0.000062,0.000051,0.000030,0.000031,0.000033,0.000043,0.000035,0.000054,0.000058,0.000066,0.000049,0.000020,0.000024,0.000066,0.000095,0.000083,0.000095,0.000089,0.000064,0.000023,0.000003,0.000011,0.000060,0.000078
1112,,,,,,,,,,,,,,0.000005,0.000088,0.000056,0.000071,0.000164,0.000307,0.000389,0.000457,0.000484,0.000455,0.000387,0.000334,0.000280,0.000231,0.000175,0.000130,0.000122,0.000127,0.000135,0.000122,0.000110,0.000080,0.000089,0.000082,0.000029,0.000042,0.000092,0.000082,0.000067,0.000080,0.000054,0.000046,0.000022,0.000004,0.000013,0.000055,0.000064
1113,,,,,,,,,,,,,,0.000008,0.000140,0.000094,0.000114,0.000195,0.000269,0.000280,0.000291,0.000259,0.000247,0.000225,0.000224,0.000209,0.000194,0.000185,0.000144,0.000134,0.000128,0.000131,0.000116,0.000108,0.000092,0.000087,0.000059,0.000012,0.000021,0.000066,0.000059,0.000043,0.000049,0.000044,0.000031,0.000014,0.000002,0.000008,0.000063,0.000084
1114,,,,,,,,,,,,,,0.000006,0.000143,0.000075,0.000086,0.000104,0.000098,0.000081,0.000085,0.000078,0.000078,0.000074,0.000081,0.000076,0.000072,0.000055,0.000049,0.000048,0.000056,0.000066,0.000072,0.000066,0.000081,0.000102,0.000071,0.000015,0.000020,0.000037,0.000049,0.000053,0.000051,0.000051,0.000046,0.000017,0.000003,0.000008,0.000036,0.000042
1115,,,,,,,,,,,,,,0.000011,0.000180,0.000094,0.000091,0.000153,0.000174,0.000147,0.000116,0.000094,0.000073,0.000053,0.000058,0.000063,0.000071,0.000053,0.000045,0.000062,0.000073,0.000110,0.000125,0.000108,0.000108,0.000097,0.000081,0.000056,0.000041,0.000050,0.000048,0.000110,0.000080,0.000081,0.000095,0.000028,0.000006,0.000023,0.000068,0.000081
1116,,,,,,,,,,,,,,0.000009,0.000175,0.000117,0.000117,0.000185,0.000234,0.000209,0.000186,0.000193,0.000223,0.000241,0.000242,0.000234,0.000234,0.000196,0.000148,0.000137,0.000129,0.000147,0.000135,0.000129,0.000114,0.000088,0.000065,0.000024,0.000048,0.000173,0.000151,0.000095,0.000082,0.000070,0.000046,0.000018,0.000004,0.000011,0.000053,0.000057
1117,,,,,,,,,,,,,,0.000009,0.000122,0.000087,0.000117,0.000158,0.000162,0.000142,0.000123,0.000112,0.000109,0.000100,0.000105,0.000089,0.000078,0.000061,0.000051,0.000052,0.000076,0.000089,0.000081,0.000070,0.000057,0.000057,0.000056,0.000015,0.000022,0.000047,0.000045,0.000038,0.000035,0.000027,0.000018,0.000012,0.000005,0.000013,0.000036,0.000054
1118,,,,,,,,,,,,,,0.000003,0.000045,0.000027,0.000122,0.000397,0.000473,0.000422,0.000316,0.000255,0.000207,0.000150,0.000156,0.000139,0.000110,0.000081,0.000061,0.000056,0.000062,0.000077,0.000074,0.000094,0.000113,0.000158,0.000174,0.000040,0.000036,0.000037,0.000063,0.000108,0.000167,0.000160,0.000110,0.000034,0.000004,0.000009,0.000030,0.000026
1119,,,,,,,,,,,,,,0.000004,0.000054,0.000037,0.000044,0.000079,0.000079,0.000068,0.000061,0.000054,0.000063,0.000066,0.000073,0.000066,0.000053,0.000052,0.000074,0.000111,0.000171,0.000205,0.000223,0.000223,0.000222,0.000194,0.000126,0.000017,0.000021,0.000044,0.000052,0.000051,0.000048,0.000045,0.000037,0.000016,0.000003,0.000010,0.000046,0.000073
1120,,,,,,,,,,,,,,0.000008,0.000129,0.000068,0.000089,0.000158,0.000197,0.000194,0.000180,0.000196,0.000179,0.000179,0.000190,0.000188,0.000159,0.000135,0.000125,0.000128,0.000116,0.000142,0.000131,0.000115,0.000102,0.000086,0.000064,0.000033,0.000034,0.000057,0.000060,0.000055,0.000065,0.000097,0.000103,0.000037,0.000004,0.000016,0.000096,0.000107
1121,,,,,,,,,,,,,,0.000004,0.000094,0.000107,0.000181,0.000356,0.000494,0.000565,0.000591,0.000643,0.000636,0.000602,0.000605,0.000534,0.000462,0.000364,0.000270,0.000246,0.000205,0.000186,0.000146,0.000118,0.000116,0.000135,0.000191,0.000032,0.000070,0.000205,0.000154,0.000103,0.000113,0.000082,0.000050,0.000013,0.000003,0.000008,0.000047,0.000048
1122,,,,,,,,,,,,,,0.000004,0.000059,0.000044,0.000068,0.000142,0.000243,0.000340,0.000478,0.000576,0.000600,0.000582,0.000547,0.000475,0.000381,0.000270,0.000176,0.000136,0.000113,0.000129,0.000116,0.000107,0.000092,0.000086,0.000064,0.000012,0.000023,0.000045,0.000045,0.000040,0.000054,0.000051,0.000043,0.000016,0.000002,0.000007,0.000038,0.000054
1123,,,,,,,,,,,,,,0.000012,0.000280,0.000156,0.000207,0.000495,0.000614,0.000658,0.000597,0.000571,0.000582,0.000540,0.000490,0.000442,0.000368,0.000280,0.000172,0.000150,0.000125,0.000114,0.000083,0.000082,0.000102,0.000158,0.000190,0.000060,0.000053,0.000048,0.000054,0.000067,0.000091,0.000076,0.000106,0.000039,0.000005,0.000012,0.000078,0.000078
1124,,,,,,,,,,,,,,0.000004,0.000087,0.000062,0.000054,0.000070,0.000071,0.000058,0.000042,0.000032,0.000031,0.000025,0.000023,0.000035,0.000046,0.000045,0.000043,0.000049,0.000052,0.000067,0.000057,0.000056,0.000058,0.000094,0.000080,0.000034,0.000024,0.000029,0.000039,0.000055,0.000075,0.000072,0.000052,0.000026,0.000004,0.000011,0.000030,0.000041
1125,,,,,,,,,,,,,,0.000005,0.000105,0.000077,0.000139,0.000221,0.000212,0.000184,0.000165,0.000139,0.000125,0.000101,0.000100,0.000109,0.000107,0.000089,0.000067,0.000052,0.000053,0.000067,0.000084,0.000080,0.000066,0.000068,0.000071,0.000041,0.000033,0.000051,0.000054,0.000054,0.000079,0.000100,0.000092,0.000026,0.000003,0.000010,0.000040,0.000044
1126,,,,,,,,,,,,,,0.000003,0.000067,0.000048,0.000065,0.000115,0.000158,0.000201,0.000254,0.000191,0.000148,0.000144,0.000154,0.000132,0.000116,0.000107,0.000081,0.000068,0.000091,0.000064,0.000055,0.000046,0.000063,0.000075,0.000050,0.000016,0.000024,0.000058,0.000080,0.000089,0.000129,0.000170,0.000139,0.000047,0.000005,0.000012,0.000064,0.000046
1127,,,,,,,,,,,,,,0.000004,0.000084,0.000058,0.000072,0.000069,0.000112,0.000140,0.000163,0.000171,0.000241,0.000301,0.000382,0.000405,0.000415,0.000415,0.000367,0.000354,0.000279,0.000239,0.000198,0.000155,0.000141,0.000159,0.000135,0.000022,0.000044,0.000046,0.000037,0.000042,0.000044,0.000058,0.000066,0.000023,0.000004,0.000013,0.000057,0.000062
1128,,,,,,,,,,,,,,0.000006,0.000118,0.000079,0.000089,0.000129,0.000157,0.000153,0.000117,0.000121,0.000143,0.000151,0.000187,0.000173,0.000185,0.000191,0.000202,0.000206,0.000216,0.000240,0.000229,0.000216,0.000187,0.000176,0.000105,0.000025,0.000027,0.000054,0.000062,0.000049,0.000061,0.000086,0.000118,0.000034,0.000005,0.000022,0.000065,0.000082
1129,,,,,,,,,,,,,,0.000024,0.000321,0.000146,0.000195,0.000372,0.000436,0.000425,0.000401,0.000360,0.000316,0.000273,0.000253,0.000222,0.000183,0.000152,0.000113,0.000103,0.000176,0.000092,0.000073,0.000066,0.000064,0.000074,0.000091,0.000036,0.000041,0.000079,0.000138,0.000103,0.000088,0.000077,0.000069,0.000041,0.000006,0.000034,0.000268,0.000318
1130,,,,,,,,,,,,,,0.000008,0.000123,0.000077,0.000101,0.000182,0.000221,0.000255,0.000229,0.000217,0.000221,0.000180,0.000178,0.000170,0.000177,0.000159,0.000124,0.000108,0.000155,0.000168,0.000181,0.000167,0.000154,0.000207,0.000151,0.000021,0.000032,0.000065,0.000066,0.000049,0.000056,0.000056,0.000049,0.000022,0.000003,0.000010,0.000111,0.000099
1131,,,,,,,,,,,,,,0.000005,0.000104,0.000069,0.000076,0.000142,0.000189,0.000179,0.000196,0.000250,0.000236,0.000237,0.000267,0.000228,0.000185,0.000167,0.000102,0.000087,0.000081,0.000089,0.000083,0.000088,0.000087,0.000084,0.000076,0.000023,0.000030,0.000134,0.000130,0.000106,0.000086,0.000061,0.000048,0.000019,0.000003,0.000011,0.000069,0.000055
1132,,,,,,,,,,,,,,0.000006,0.000104,0.000072,0.000104,0.000172,0.000182,0.000164,0.000162,0.000137,0.000138,0.000154,0.000214,0.000262,0.000310,0.000288,0.000185,0.000168,0.000144,0.000179,0.000185,0.000192,0.000191,0.000175,0.000099,0.000015,0.000027,0.000077,0.000091,0.000068,0.000061,0.000055,0.000058,0.000021,0.000003,0.000010,0.000058,0.000084
1133,,,,,,,,,,,,,,0.000004,0.000138,0.000078,0.000077,0.000098,0.000121,0.000110,0.000106,0.000134,0.000131,0.000136,0.000155,0.000161,0.000177,0.000156,0.000133,0.000135,0.000133,0.000168,0.000176,0.000191,0.000199,0.000209,0.000177,0.000029,0.000087,0.000101,0.000132,0.000115,0.000113,0.000117,0.000093,0.000030,0.000004,0.000012,0.000029,0.000037
1134,,,,,,,,,,,,,,0.000006,0.000110,0.000076,0.000070,0.000119,0.000160,0.000173,0.000177,0.000180,0.000189,0.000173,0.000178,0.000174,0.000184,0.000174,0.000143,0.000133,0.000133,0.000149,0.000159,0.000153,0.000141,0.000145,0.000134,0.000026,0.000045,0.000098,0.000134,0.000133,0.000158,0.000155,0.000115,0.000036,0.000003,0.000008,0.000067,0.000054
1135,,,,,,,,,,,,,,0.000005,0.000066,0.000038,0.000047,0.000096,0.000126,0.000119,0.000113,0.000136,0.000155,0.000175,0.000205,0.000201,0.000164,0.000117,0.000076,0.000083,0.000078,0.000085,0.000102,0.000099,0.000121,0.000151,0.000153,0.000030,0.000047,0.000207,0.000255,0.000166,0.000127,0.000104,0.000053,0.000025,0.000004,0.000008,0.000047,0.000061
1136,,,,,,,,,,,,,,0.000010,0.000130,0.000084,0.000094,0.000163,0.000190,0.000200,0.000215,0.000229,0.000205,0.000227,0.000197,0.000164,0.000146,0.000147,0.000185,0.000337,0.000274,0.000227,0.000205,0.000187,0.000157,0.000144,0.000104,0.000025,0.000042,0.000076,0.000080,0.000072,0.000074,0.000075,0.000046,0.000022,0.000005,0.000017,0.000078,0.000097
1137,,,,,,,,,,,,,,0.000009,0.000174,0.000087,0.000103,0.000122,0.000131,0.000121,0.000113,0.000092,0.000082,0.000063,0.000050,0.000054,0.000049,0.000041,0.000032,0.000037,0.000036,0.000059,0.000053,0.000053,0.000050,0.000040,0.000040,0.000029,0.000022,0.000033,0.000035,0.000034,0.000043,0.000037,0.000030,0.000028,0.000004,0.000010,0.000034,0.000052
1138,,,,,,,,,,,,,,0.000007,0.000148,0.000072,0.000092,0.000162,0.000200,0.000188,0.000166,0.000148,0.000152,0.000143,0.000149,0.000142,0.000142,0.000152,0.000136,0.000148,0.000147,0.000186,0.000182,0.000171,0.000158,0.000126,0.000082,0.000018,0.000033,0.000085,0.000107,0.000094,0.000072,0.000056,0.000038,0.000019,0.000003,0.000011,0.000064,0.000074
1139,,,,,,,,,,,,,,0.000005,0.000078,0.000043,0.000057,0.000101,0.000150,0.000162,0.000138,0.000136,0.000137,0.000128,0.000123,0.000102,0.000113,0.000091,0.000072,0.000085,0.000080,0.000091,0.000084,0.000089,0.000090,0.000131,0.000147,0.000035,0.000050,0.000131,0.000141,0.000095,0.000106,0.000098,0.000100,0.000044,0.000006,0.000019,0.000062,0.000057
1140,,,,,,,,,,,,,,0.000007,0.000106,0.000071,0.000088,0.000103,0.000115,0.000129,0.000146,0.000123,0.000097,0.000115,0.000118,0.000126,0.000119,0.000129,0.000102,0.000124,0.000127,0.000146,0.000161,0.000151,0.000153,0.000156,0.000162,0.000037,0.000054,0.000128,0.000121,0.000106,0.000133,0.000121,0.000096,0.000034,0.000005,0.000015,0.000055,0.000062
1141,,,,,,,,,,,,,,0.000007,0.000101,0.000069,0.000095,0.000177,0.000244,0.000255,0.000243,0.000230,0.000234,0.000221,0.000229,0.000210,0.000187,0.000172,0.000124,0.000123,0.000116,0.000124,0.000117,0.000103,0.000114,0.000110,0.000081,0.000018,0.000026,0.000053,0.000064,0.000051,0.000057,0.000048,0.000033,0.000016,0.000003,0.000009,0.000086,0.000090
1142,,,,,,,,,,,,,,0.000006,0.000101,0.000081,0.000131,0.000178,0.000195,0.000165,0.000152,0.000118,0.000113,0.000103,0.000104,0.000105,0.000096,0.000077,0.000045,0.000025,0.000045,0.000018,0.000015,0.000020,0.000034,0.000061,0.000080,0.000021,0.000052,0.000111,0.000142,0.000149,0.000182,0.000180,0.000154,0.000050,0.000005,0.000016,0.000056,0.000060
1143,,,,,,,,,,,,,,0.000012,0.000171,0.000092,0.000127,0.000158,0.000166,0.000158,0.000164,0.000157,0.000163,0.000140,0.000155,0.000155,0.000162,0.000143,0.000115,0.000119,0.000117,0.000143,0.000180,0.000234,0.000190,0.000173,0.000104,0.000021,0.000034,0.000097,0.000102,0.000078,0.000072,0.000049,0.000028,0.000010,0.000003,0.000009,0.000122,0.000163
1144,,,,,,,,,,,,,,0.000006,0.000107,0.000074,0.000097,0.000125,0.000154,0.000159,0.000158,0.000162,0.000153,0.000158,0.000188,0.000175,0.000159,0.000130,0.000101,0.000097,0.000103,0.000105,0.000106,0.000122,0.000127,0.000100,0.000094,0.000028,0.000081,0.000068,0.000057,0.000059,0.000073,0.000082,0.000062,0.000030,0.000005,0.000018,0.000061,0.000070
1145,,,,,,,,,,,,,,0.000007,0.000128,0.000086,0.000187,0.000296,0.000348,0.000271,0.000222,0.000200,0.000184,0.000170,0.000158,0.000119,0.000097,0.000075,0.000061,0.000059,0.000080,0.000104,0.000102,0.000116,0.000191,0.000173,0.000106,0.000019,0.000029,0.000063,0.000058,0.000043,0.000046,0.000042,0.000040,0.000019,0.000003,0.000008,0.000056,0.000083
1146,,,,,,,,,,,,,,0.000015,0.000200,0.000109,0.000114,0.000169,0.000212,0.000209,0.000207,0.000201,0.000217,0.000209,0.000189,0.000191,0.000179,0.000151,0.000115,0.000114,0.000120,0.000148,0.000175,0.000232,0.000256,0.000268,0.000190,0.000020,0.000039,0.000114,0.000187,0.000181,0.000189,0.000168,0.000130,0.000041,0.000004,0.000015,0.000201,0.000268
1147,,,,,,,,,,,,,,0.000010,0.000116,0.000069,0.000076,0.000139,0.000138,0.000122,0.000137,0.000119,0.000139,0.000130,0.000132,0.000119,0.000108,0.000118,0.000105,0.000105,0.000100,0.000092,0.000089,0.000107,0.000089,0.000078,0.000086,0.000020,0.000035,0.000066,0.000086,0.000100,0.000140,0.000124,0.000091,0.000034,0.000006,0.000021,0.000174,0.000242
1148,,,,,,,,,,,,,,0.000006,0.000085,0.000050,0.000055,0.000089,0.000142,0.000149,0.000127,0.000116,0.000121,0.000114,0.000109,0.000103,0.000084,0.000070,0.000053,0.000067,0.000075,0.000089,0.000095,0.000120,0.000102,0.000101,0.000100,0.000043,0.000044,0.000094,0.000097,0.000077,0.000089,0.000081,0.000058,0.000031,0.000005,0.000016,0.000064,0.000066
1149,,,,,,,,,,,,,,0.000006,0.000106,0.000059,0.000090,0.000129,0.000169,0.000185,0.000158,0.000136,0.000139,0.000102,0.000107,0.000091,0.000096,0.000096,0.000097,0.000090,0.000085,0.000113,0.000099,0.000084,0.000083,0.000111,0.000097,0.000021,0.000032,0.000067,0.000093,0.000074,0.000078,0.000067,0.000065,0.000032,0.000005,0.000013,0.000040,0.000051
1150,,,,,,,,,,,,,,0.000007,0.000069,0.000051,0.000119,0.000158,0.000180,0.000185,0.000232,0.000266,0.000312,0.000297,0.000293,0.000228,0.000214,0.000163,0.000173,0.000137,0.000130,0.000099,0.000073,0.000071,0.000078,0.000088,0.000080,0.000021,0.000031,0.000103,0.000089,0.000071,0.000064,0.000051,0.000036,0.000022,0.000007,0.000028,0.000142,0.000126
1151,,,,,,,,,,,,,,0.000015,0.000240,0.000147,0.000205,0.000366,0.000438,0.000432,0.000372,0.000354,0.000324,0.000304,0.000300,0.000258,0.000230,0.000199,0.000164,0.000158,0.000146,0.000159,0.000132,0.000117,0.000125,0.000098,0.000125,0.000035,0.000101,0.000343,0.000225,0.000122,0.000093,0.000079,0.000043,0.000013,0.000003,0.000013,0.000121,0.000106
1152,,,,,,,,,,,,,,0.000004,0.000065,0.000034,0.000041,0.000059,0.000083,0.000079,0.000079,0.000071,0.000075,0.000079,0.000099,0.000099,0.000076,0.000073,0.000070,0.000085,0.000098,0.000183,0.000319,0.000385,0.000294,0.000246,0.000149,0.000018,0.000034,0.000119,0.000102,0.000062,0.000052,0.000050,0.000029,0.000013,0.000003,0.000007,0.000023,0.000029
1153,,,,,,,,,,,,,,0.000003,0.000044,0.000022,0.000028,0.000058,0.000094,0.000117,0.000150,0.000172,0.000204,0.000245,0.000323,0.000353,0.000395,0.000317,0.000268,0.000288,0.000273,0.000278,0.000231,0.000207,0.000185,0.000164,0.000117,0.000018,0.000035,0.000104,0.000102,0.000079,0.000098,0.000107,0.000096,0.000039,0.000005,0.000014,0.000069,0.000061
1154,,,,,,,,,,,,,,0.000012,0.000253,0.000161,0.000156,0.000197,0.000243,0.000220,0.000188,0.000169,0.000195,0.000225,0.000239,0.000235,0.000215,0.000183,0.000185,0.000194,0.000210,0.000218,0.000183,0.000149,0.000105,0.000093,0.000073,0.000042,0.000066,0.000139,0.000175,0.000139,0.000122,0.000118,0.000087,0.000043,0.000006,0.000022,0.000090,0.000093
1155,,,,,,,,,,,,,,0.000004,0.000063,0.000043,0.000069,0.000201,0.000391,0.000547,0.000648,0.000677,0.000622,0.000531,0.000461,0.000388,0.000284,0.000203,0.000119,0.000107,0.000093,0.000124,0.000111,0.000071,0.000060,0.000064,0.000032,0.000017,0.000028,0.000049,0.000066,0.000079,0.000098,0.000110,0.000125,0.000077,0.000007,0.000022,0.000063,0.000065
1156,,,,,,,,,,,,,,0.000007,0.000134,0.000083,0.000092,0.000137,0.000153,0.000146,0.000138,0.000135,0.000142,0.000121,0.000132,0.000129,0.000118,0.000102,0.000107,0.000117,0.000127,0.000149,0.000140,0.000121,0.000113,0.000109,0.000094,0.000019,0.000031,0.000071,0.000069,0.000060,0.000047,0.000042,0.000037,0.000016,0.000003,0.000013,0.000113,0.000129
1157,,,,,,,,,,,,,,0.000016,0.000278,0.000187,0.000226,0.000403,0.000570,0.000673,0.000679,0.000711,0.000703,0.000636,0.000600,0.000513,0.000460,0.000411,0.000312,0.000304,0.000309,0.000466,0.000660,0.000867,0.000863,0.000666,0.000421,0.000037,0.000055,0.000151,0.000147,0.000106,0.000111,0.000102,0.000073,0.000025,0.000003,0.000014,0.000134,0.000128
1158,,,,,,,,,,,,,,0.000003,0.000059,0.000043,0.000045,0.000072,0.000086,0.000082,0.000075,0.000073,0.000103,0.000116,0.000107,0.000100,0.000101,0.000084,0.000067,0.000085,0.000082,0.000087,0.000142,0.000096,0.000092,0.000070,0.000041,0.000020,0.000036,0.000159,0.000208,0.000200,0.000196,0.000142,0.000089,0.000033,0.000005,0.000019,0.000047,0.000047
1159,,,,,,,,,,,,,,0.000004,0.000075,0.000048,0.000065,0.000068,0.000086,0.000094,0.000079,0.000049,0.000052,0.000060,0.000052,0.000027,0.000027,0.000040,0.000037,0.000030,0.000027,0.000036,0.000045,0.000075,0.000115,0.000128,0.000097,0.000030,0.000032,0.000072,0.000072,0.000051,0.000034,0.000047,0.000052,0.000033,0.000005,0.000013,0.000055,0.000063
1160,,,,,,,,,,,,,,0.000009,0.000157,0.000103,0.000142,0.000272,0.000361,0.000407,0.000389,0.000379,0.000367,0.000323,0.000327,0.000304,0.000283,0.000232,0.000180,0.000182,0.000162,0.000178,0.000180,0.000181,0.000179,0.000150,0.000104,0.000012,0.000024,0.000065,0.000061,0.000061,0.000075,0.000072,0.000052,0.000018,0.000003,0.000012,0.000107,0.000114
1161,,,,,,,,,,,,,,0.000015,0.000263,0.000164,0.000159,0.000230,0.000279,0.000258,0.000235,0.000194,0.000196,0.000168,0.000171,0.000148,0.000126,0.000098,0.000080,0.000094,0.000095,0.000115,0.000117,0.000106,0.000089,0.000099,0.000081,0.000016,0.000021,0.000019,0.000018,0.000015,0.000025,0.000029,0.000041,0.000043,0.000006,0.000023,0.000144,0.000168
1162,,,,,,,,,,,,,,0.000008,0.000128,0.000082,0.000101,0.000144,0.000173,0.000168,0.000163,0.000169,0.000186,0.000179,0.000178,0.000156,0.000143,0.000124,0.000082,0.000102,0.000092,0.000096,0.000097,0.000112,0.000102,0.000072,0.000057,0.000016,0.000022,0.000055,0.000062,0.000056,0.000053,0.000054,0.000046,0.000018,0.000003,0.000010,0.000053,0.000067
1163,,,,,,,,,,,,,,0.000008,0.000139,0.000119,0.000220,0.000416,0.000607,0.000563,0.000531,0.000438,0.000354,0.000303,0.000275,0.000218,0.000186,0.000135,0.000117,0.000116,0.000120,0.000138,0.000128,0.000134,0.000123,0.000143,0.000131,0.000023,0.000031,0.000029,0.000023,0.000031,0.000025,0.000030,0.000030,0.000017,0.000005,0.000016,0.000083,0.000093
1164,,,,,,,,,,,,,,0.000006,0.000096,0.000054,0.000056,0.000059,0.000061,0.000065,0.000067,0.000078,0.000072,0.000066,0.000067,0.000045,0.000051,0.000052,0.000050,0.000054,0.000053,0.000050,0.000047,0.000073,0.000081,0.000084,0.000083,0.000038,0.000071,0.000098,0.000158,0.000158,0.000156,0.000178,0.000165,0.000052,0.000005,0.000013,0.000098,0.000119
1165,,,,,,,,,,,,,,0.000008,0.000155,0.000116,0.000139,0.000224,0.000265,0.000242,0.000211,0.000208,0.000203,0.000193,0.000227,0.000199,0.000167,0.000136,0.000130,0.000134,0.000141,0.000151,0.000136,0.000136,0.000142,0.000156,0.000124,0.000026,0.000036,0.000119,0.000143,0.000155,0.000130,0.000112,0.000066,0.000027,0.000005,0.000018,0.000059,0.000098
1166,,,,,,,,,,,,,,0.000012,0.000175,0.000107,0.000117,0.000183,0.000209,0.000186,0.000159,0.000140,0.000134,0.000125,0.000122,0.000098,0.000088,0.000082,0.000059,0.000059,0.000061,0.000100,0.000166,0.000207,0.000166,0.000154,0.000106,0.000014,0.000024,0.000048,0.000053,0.000049,0.000054,0.000059,0.000056,0.000025,0.000003,0.000010,0.000072,0.000106
1167,,,,,,,,,,,,,,0.000010,0.000137,0.000088,0.000133,0.000259,0.000340,0.000302,0.000255,0.000225,0.000203,0.000168,0.000190,0.000213,0.000225,0.000193,0.000257,0.000284,0.000271,0.000249,0.000210,0.000175,0.000147,0.000124,0.000082,0.000017,0.000026,0.000066,0.000072,0.000046,0.000044,0.000051,0.000052,0.000023,0.000004,0.000020,0.000142,0.000165
1168,,,,,,,,,,,,,,0.000003,0.000048,0.000028,0.000040,0.000069,0.000077,0.000075,0.000069,0.000058,0.000060,0.000058,0.000063,0.000067,0.000060,0.000040,0.000031,0.000027,0.000031,0.000039,0.000050,0.000081,0.000132,0.000173,0.000125,0.000019,0.000025,0.000073,0.000064,0.000039,0.000026,0.000024,0.000016,0.000013,0.000003,0.000014,0.000065,0.000058
1169,,,,,,,,,,,,,,0.000004,0.000060,0.000042,0.000058,0.000111,0.000149,0.000144,0.000142,0.000122,0.000138,0.000120,0.000119,0.000123,0.000119,0.000121,0.000105,0.000120,0.000126,0.000148,0.000178,0.000167,0.000121,0.000105,0.000065,0.000014,0.000019,0.000051,0.000047,0.000044,0.000046,0.000032,0.000020,0.000014,0.000003,0.000010,0.000085,0.000088
1170,,,,,,,,,,,,,,0.000004,0.000067,0.000040,0.000050,0.000084,0.000091,0.000092,0.000077,0.000070,0.000078,0.000076,0.000087,0.000086,0.000076,0.000071,0.000062,0.000059,0.000059,0.000078,0.000080,0.000088,0.000076,0.000054,0.000039,0.000012,0.000016,0.000040,0.000053,0.000048,0.000047,0.000035,0.000038,0.000034,0.000004,0.000012,0.000054,0.000060
1171,,,,,,,,,,,,,,0.000003,0.000076,0.000068,0.000096,0.000158,0.000188,0.000174,0.000187,0.000178,0.000171,0.000172,0.000182,0.000176,0.000158,0.000143,0.000119,0.000123,0.000129,0.000131,0.000115,0.000091,0.000068,0.000084,0.000059,0.000015,0.000019,0.000153,0.000284,0.000275,0.000290,0.000217,0.000125,0.000032,0.000003,0.000010,0.000052,0.000046
1172,,,,,,,,,,,,,,0.000003,0.000076,0.000072,0.000152,0.000184,0.000184,0.000185,0.000184,0.000196,0.000209,0.000203,0.000218,0.000202,0.000165,0.000113,0.000064,0.000047,0.000051,0.000055,0.000046,0.000040,0.000039,0.000044,0.000042,0.000015,0.000018,0.000018,0.000017,0.000014,0.000034,0.000037,0.000061,0.000040,0.000008,0.000026,0.000065,0.000065
1173,,,,,,,,,,,,,,0.000023,0.000664,0.000429,0.000405,0.000584,0.000716,0.000652,0.000632,0.000576,0.000577,0.000528,0.000541,0.000480,0.000432,0.000367,0.000309,0.000296,0.000306,0.000410,0.000329,0.000293,0.000271,0.000206,0.000134,0.000026,0.000039,0.000102,0.000110,0.000086,0.000076,0.000065,0.000034,0.000010,0.000007,0.000039,0.000178,0.000150
1174,,,,,,,,,,,,,,0.000005,0.000087,0.000056,0.000066,0.000104,0.000125,0.000153,0.000155,0.000131,0.000119,0.000114,0.000110,0.000128,0.000133,0.000105,0.000081,0.000086,0.000093,0.000095,0.000084,0.000093,0.000076,0.000078,0.000054,0.000020,0.000034,0.000121,0.000149,0.000178,0.000201,0.000182,0.000126,0.000035,0.000004,0.000015,0.000058,0.000062
1175,,,,,,,,,,,,,,0.000003,0.000080,0.000065,0.000128,0.000302,0.000483,0.000442,0.000393,0.000291,0.000218,0.000189,0.000182,0.000151,0.000134,0.000123,0.000098,0.000071,0.000103,0.000130,0.000120,0.000132,0.000133,0.000121,0.000084,0.000048,0.000044,0.000063,0.000096,0.000119,0.000141,0.000126,0.000087,0.000035,0.000005,0.000016,0.000064,0.000062
1176,,,,,,,,,,,,,,0.000012,0.000167,0.000109,0.000140,0.000248,0.000273,0.000241,0.000201,0.000174,0.000178,0.000154,0.000164,0.000162,0.000155,0.000130,0.000097,0.000112,0.000098,0.000106,0.000082,0.000087,0.000083,0.000078,0.000072,0.000017,0.000024,0.000066,0.000074,0.000062,0.000066,0.000069,0.000042,0.000018,0.000003,0.000012,0.000049,0.000056
1177,,,,,,,,,,,,,,0.000003,0.000073,0.000041,0.000043,0.000052,0.000059,0.000068,0.000061,0.000038,0.000039,0.000030,0.000023,0.000032,0.000054,0.000073,0.000060,0.000072,0.000089,0.000101,0.000106,0.000120,0.000124,0.000120,0.000088,0.000037,0.000060,0.000065,0.000054,0.000053,0.000044,0.000041,0.000032,0.000021,0.000004,0.000011,0.000105,0.000064
1178,,,,,,,,,,,,,,0.000005,0.000099,0.000062,0.000077,0.000179,0.000294,0.000293,0.000279,0.000301,0.000251,0.000244,0.000250,0.000239,0.000188,0.000158,0.000114,0.000136,0.000112,0.000107,0.000098,0.000092,0.000088,0.000096,0.000098,0.000016,0.000029,0.000066,0.000061,0.000055,0.000065,0.000073,0.000074,0.000031,0.000003,0.000011,0.000066,0.000064
1179,,,,,,,,,,,,,,0.000007,0.000108,0.000075,0.000138,0.000210,0.000312,0.000325,0.000328,0.000302,0.000284,0.000247,0.000238,0.000221,0.000190,0.000142,0.000098,0.000089,0.000078,0.000090,0.000083,0.000114,0.000118,0.000096,0.000069,0.000026,0.000026,0.000051,0.000055,0.000054,0.000064,0.000058,0.000050,0.000019,0.000003,0.000015,0.000082,0.000101
1180,,,,,,,,,,,,,,0.000007,0.000135,0.000100,0.000138,0.000238,0.000282,0.000262,0.000247,0.000200,0.000169,0.000148,0.000156,0.000145,0.000144,0.000105,0.000101,0.000130,0.000113,0.000109,0.000097,0.000108,0.000136,0.000136,0.000093,0.000016,0.000023,0.000050,0.000044,0.000042,0.000073,0.000075,0.000074,0.000029,0.000003,0.000011,0.000062,0.000068
1181,,,,,,,,,,,,,,0.000004,0.000089,0.000061,0.000089,0.000126,0.000136,0.000142,0.000133,0.000121,0.000120,0.000121,0.000119,0.000095,0.000091,0.000082,0.000075,0.000064,0.000067,0.000123,0.000172,0.000172,0.000125,0.000127,0.000098,0.000023,0.000035,0.000059,0.000050,0.000044,0.000061,0.000069,0.000051,0.000030,0.000007,0.000012,0.000055,0.000053
1182,,,,,,,,,,,,,,0.000008,0.000104,0.000060,0.000088,0.000154,0.000242,0.000240,0.000213,0.000185,0.000158,0.000151,0.000156,0.000155,0.000148,0.000168,0.000136,0.000135,0.000120,0.000118,0.000099,0.000094,0.000098,0.000102,0.000090,0.000017,0.000022,0.000050,0.000048,0.000057,0.000058,0.000069,0.000040,0.000019,0.000007,0.000023,0.000088,0.000101
1183,,,,,,,,,,,,,,0.000007,0.000110,0.000095,0.000162,0.000347,0.000374,0.000295,0.000254,0.000207,0.000202,0.000188,0.000203,0.000189,0.000174,0.000162,0.000132,0.000142,0.000117,0.000126,0.000116,0.000090,0.000081,0.000075,0.000060,0.000017,0.000023,0.000052,0.000054,0.000049,0.000054,0.000053,0.000032,0.000016,0.000003,0.000009,0.000050,0.000062
1184,,,,,,,,,,,,,,0.000006,0.000069,0.000050,0.000123,0.000160,0.000203,0.000172,0.000142,0.000127,0.000117,0.000097,0.000098,0.000093,0.000091,0.000067,0.000042,0.000045,0.000046,0.000055,0.000087,0.000173,0.000304,0.000360,0.000245,0.000036,0.000037,0.000077,0.000073,0.000073,0.000088,0.000068,0.000039,0.000013,0.000003,0.000012,0.000054,0.000069
1185,,,,,,,,,,,,,,0.000015,0.000209,0.000121,0.000137,0.000212,0.000245,0.000283,0.000326,0.000338,0.000409,0.000453,0.000580,0.000593,0.000640,0.000571,0.000401,0.000313,0.000253,0.000244,0.000227,0.000215,0.000185,0.000133,0.000105,0.000021,0.000028,0.000069,0.000064,0.000045,0.000049,0.000050,0.000027,0.000012,0.000003,0.000010,0.000057,0.000072
1186,,,,,,,,,,,,,,0.000007,0.000113,0.000082,0.000153,0.000343,0.000465,0.000527,0.000565,0.000620,0.000553,0.000477,0.000451,0.000391,0.000322,0.000262,0.000177,0.000155,0.000125,0.000136,0.000115,0.000107,0.000093,0.000081,0.000054,0.000010,0.000018,0.000035,0.000022,0.000022,0.000031,0.000039,0.000032,0.000014,0.000003,0.000010,0.000053,0.000063
1187,,,,,,,,,,,,,,0.000004,0.000060,0.000038,0.000063,0.000115,0.000132,0.000129,0.000122,0.000110,0.000097,0.000096,0.000105,0.000113,0.000095,0.000089,0.000078,0.000064,0.000075,0.000097,0.000135,0.000120,0.000098,0.000069,0.000047,0.000018,0.000025,0.000039,0.000042,0.000046,0.000057,0.000057,0.000038,0.000017,0.000002,0.000009,0.000035,0.000037
1188,,,,,,,,,,,,,,0.000007,0.000118,0.000077,0.000174,0.000283,0.000224,0.000163,0.000118,0.000125,0.000139,0.000144,0.000170,0.000206,0.000261,0.000239,0.000206,0.000179,0.000149,0.000137,0.000120,0.000105,0.000076,0.000073,0.000078,0.000020,0.000028,0.000056,0.000054,0.000055,0.000054,0.000057,0.000042,0.000025,0.000005,0.000018,0.000117,0.000112
1189,,,,,,,,,,,,,,0.000007,0.000124,0.000084,0.000124,0.000177,0.000238,0.000235,0.000209,0.000181,0.000186,0.000183,0.000205,0.000192,0.000185,0.000153,0.000115,0.000121,0.000104,0.000117,0.000103,0.000075,0.000077,0.000076,0.000042,0.000017,0.000027,0.000058,0.000066,0.000060,0.000075,0.000076,0.000054,0.000022,0.000004,0.000012,0.000115,0.000085
1190,,,,,,,,,,,,,,0.000005,0.000089,0.000045,0.000061,0.000116,0.000127,0.000103,0.000091,0.000086,0.000084,0.000093,0.000105,0.000089,0.000094,0.000096,0.000088,0.000089,0.000092,0.000099,0.000095,0.000076,0.000071,0.000078,0.000053,0.000032,0.000049,0.000038,0.000043,0.000036,0.000037,0.000033,0.000019,0.000020,0.000006,0.000014,0.000047,0.000063
1191,,,,,,,,,,,,,,0.000004,0.000079,0.000057,0.000087,0.000108,0.000110,0.000101,0.000089,0.000081,0.000092,0.000085,0.000100,0.000105,0.000102,0.000091,0.000075,0.000070,0.000083,0.000163,0.000139,0.000124,0.000120,0.000187,0.000147,0.000031,0.000036,0.000057,0.000058,0.000060,0.000084,0.000114,0.000094,0.000032,0.000004,0.000010,0.000044,0.000045
1192,,,,,,,,,,,,,,0.000012,0.000333,0.000266,0.000281,0.000388,0.000514,0.000487,0.000518,0.000522,0.000592,0.000642,0.000659,0.000612,0.000496,0.000379,0.000234,0.000150,0.000098,0.000087,0.000100,0.000093,0.000094,0.000133,0.000148,0.000031,0.000026,0.000070,0.000076,0.000076,0.000077,0.000059,0.000047,0.000024,0.000004,0.000009,0.000026,0.000038
1193,,,,,,,,,,,,,,0.000007,0.000102,0.000057,0.000136,0.000313,0.000467,0.000475,0.000459,0.000401,0.000351,0.000273,0.000234,0.000189,0.000142,0.000110,0.000099,0.000097,0.000110,0.000120,0.000094,0.000093,0.000091,0.000085,0.000053,0.000016,0.000019,0.000050,0.000043,0.000050,0.000060,0.000053,0.000065,0.000039,0.000010,0.000023,0.000087,0.000122
1194,,,,,,,,,,,,,,0.000021,0.000231,0.000127,0.000138,0.000212,0.000275,0.000280,0.000253,0.000243,0.000250,0.000257,0.000280,0.000277,0.000283,0.000275,0.000232,0.000223,0.000220,0.000219,0.000199,0.000181,0.000164,0.000139,0.000096,0.000018,0.000030,0.000064,0.000046,0.000051,0.000068,0.000061,0.000039,0.000016,0.000003,0.000012,0.000111,0.000185
1195,,,,,,,,,,,,,,0.000009,0.000157,0.000088,0.000137,0.000311,0.000500,0.000494,0.000432,0.000397,0.000354,0.000314,0.000313,0.000296,0.000256,0.000214,0.000179,0.000170,0.000156,0.000188,0.000188,0.000183,0.000193,0.000169,0.000133,0.000023,0.000037,0.000101,0.000099,0.000068,0.000073,0.000085,0.000054,0.000024,0.000004,0.000017,0.000082,0.000093
1196,,,,,,,,,,,,,,0.000006,0.000086,0.000054,0.000062,0.000113,0.000137,0.000128,0.000115,0.000108,0.000090,0.000080,0.000088,0.000091,0.000087,0.000081,0.000097,0.000091,0.000080,0.000095,0.000081,0.000092,0.000080,0.000082,0.000081,0.000020,0.000025,0.000054,0.000060,0.000052,0.000060,0.000063,0.000054,0.000024,0.000005,0.000012,0.000064,0.000065
1197,,,,,,,,,,,,,,0.000011,0.000188,0.000095,0.000102,0.000151,0.000161,0.000180,0.000179,0.000188,0.000218,0.000233,0.000241,0.000243,0.000241,0.000195,0.000153,0.000126,0.000128,0.000119,0.000101,0.000116,0.000140,0.000182,0.000184,0.000023,0.000037,0.000112,0.000113,0.000076,0.000084,0.000078,0.000060,0.000025,0.000002,0.000011,0.000094,0.000120
1198,,,,,,,,,,,,,,0.000012,0.000187,0.000091,0.000091,0.000104,0.000118,0.000141,0.000137,0.000157,0.000232,0.000285,0.000349,0.000391,0.000424,0.000355,0.000280,0.000224,0.000172,0.000159,0.000140,0.000120,0.000118,0.000132,0.000114,0.000017,0.000027,0.000112,0.000109,0.000088,0.000096,0.000066,0.000050,0.000013,0.000003,0.000006,0.000034,0.000049
1199,,,,,,,,,,,,,,0.000006,0.000082,0.000056,0.000073,0.000114,0.000149,0.000166,0.000150,0.000141,0.000148,0.000138,0.000136,0.000125,0.000126,0.000096,0.000088,0.000079,0.000082,0.000093,0.000106,0.000138,0.000165,0.000198,0.000146,0.000025,0.000039,0.000084,0.000072,0.000056,0.000054,0.000046,0.000035,0.000015,0.000003,0.000010,0.000047,0.000044
1200,,,,,,,,,,,,,,0.000006,0.000103,0.000056,0.000062,0.000083,0.000113,0.000097,0.000077,0.000100,0.000103,0.000082,0.000090,0.000084,0.000067,0.000063,0.000048,0.000027,0.000044,0.000065,0.000102,0.000118,0.000126,0.000081,0.000044,0.000024,0.000033,0.000032,0.000021,0.000032,0.000034,0.000037,0.000035,0.000020,0.000009,0.000035,0.000114,0.000121
1201,,,,,,,,,,,,,,0.000007,0.000158,0.000113,0.000172,0.000394,0.000573,0.000566,0.000524,0.000506,0.000509,0.000552,0.000631,0.000654,0.000652,0.000646,0.000554,0.000536,0.000450,0.000377,0.000289,0.000246,0.000203,0.000196,0.000132,0.000017,0.000029,0.000097,0.000091,0.000125,0.000132,0.000139,0.000091,0.000028,0.000003,0.000010,0.000052,0.000056
1202,,,,,,,,,,,,,,0.000012,0.000302,0.000277,0.000338,0.000461,0.000549,0.000495,0.000451,0.000384,0.000358,0.000328,0.000342,0.000315,0.000302,0.000264,0.000188,0.000198,0.000163,0.000199,0.000183,0.000185,0.000212,0.000310,0.000227,0.000026,0.000044,0.000094,0.000114,0.000118,0.000202,0.000165,0.000087,0.000024,0.000003,0.000013,0.000078,0.000079
1203,,,,,,,,,,,,,,0.000008,0.000121,0.000085,0.000107,0.000149,0.000191,0.000178,0.000172,0.000139,0.000123,0.000104,0.000105,0.000087,0.000068,0.000057,0.000035,0.000022,0.000029,0.000021,0.000020,0.000055,0.000094,0.000100,0.000080,0.000015,0.000028,0.000063,0.000055,0.000050,0.000048,0.000036,0.000039,0.000019,0.000003,0.000009,0.000053,0.000072
1204,,,,,,,,,,,,,,0.000007,0.000117,0.000121,0.000219,0.000417,0.000551,0.000549,0.000514,0.000457,0.000423,0.000378,0.000366,0.000370,0.000336,0.000263,0.000190,0.000180,0.000184,0.000168,0.000143,0.000136,0.000111,0.000095,0.000068,0.000026,0.000029,0.000055,0.000053,0.000050,0.000038,0.000032,0.000026,0.000015,0.000002,0.000007,0.000031,0.000051
1205,,,,,,,,,,,,,,0.000006,0.000132,0.000084,0.000223,0.000351,0.000397,0.000255,0.000204,0.000201,0.000193,0.000169,0.000174,0.000156,0.000128,0.000104,0.000085,0.000104,0.000130,0.000163,0.000129,0.000100,0.000112,0.000090,0.000062,0.000025,0.000037,0.000066,0.000061,0.000043,0.000050,0.000053,0.000043,0.000019,0.000005,0.000015,0.000072,0.000069
1206,,,,,,,,,,,,,,0.000004,0.000071,0.000045,0.000049,0.000081,0.000107,0.000100,0.000110,0.000087,0.000082,0.000049,0.000046,0.000054,0.000070,0.000066,0.000043,0.000039,0.000031,0.000061,0.000068,0.000063,0.000065,0.000062,0.000035,0.000030,0.000053,0.000140,0.000184,0.000220,0.000213,0.000157,0.000107,0.000037,0.000006,0.000023,0.000060,0.000053
1207,,,,,,,,,,,,,,0.000013,0.000348,0.000216,0.000232,0.000288,0.000288,0.000220,0.000188,0.000148,0.000141,0.000117,0.000108,0.000117,0.000127,0.000118,0.000086,0.000089,0.000097,0.000140,0.000153,0.000145,0.000132,0.000158,0.000125,0.000016,0.000031,0.000060,0.000059,0.000058,0.000066,0.000073,0.000057,0.000018,0.000003,0.000008,0.000038,0.000041
1208,,,,,,,,,,,,,,0.000003,0.000071,0.000039,0.000066,0.000137,0.000215,0.000292,0.000362,0.000418,0.000434,0.000453,0.000476,0.000408,0.000343,0.000262,0.000196,0.000185,0.000165,0.000149,0.000107,0.000090,0.000100,0.000104,0.000086,0.000016,0.000022,0.000053,0.000056,0.000053,0.000050,0.000050,0.000043,0.000016,0.000002,0.000007,0.000038,0.000043
1209,,,,,,,,,,,,,,0.000006,0.000091,0.000061,0.000090,0.000165,0.000210,0.000190,0.000156,0.000107,0.000094,0.000071,0.000057,0.000041,0.000037,0.000026,0.000030,0.000044,0.000042,0.000054,0.000047,0.000067,0.000141,0.000234,0.000288,0.000053,0.000050,0.000125,0.000098,0.000078,0.000079,0.000075,0.000057,0.000036,0.000005,0.000022,0.000054,0.000163
1210,,,,,,,,,,,,,,0.000005,0.000105,0.000079,0.000079,0.000134,0.000147,0.000119,0.000078,0.000042,0.000041,0.000067,0.000068,0.000075,0.000086,0.000067,0.000047,0.000055,0.000068,0.000084,0.000076,0.000082,0.000076,0.000069,0.000085,0.000025,0.000042,0.000066,0.000059,0.000059,0.000059,0.000065,0.000062,0.000029,0.000005,0.000018,0.000056,0.000050
1211,,,,,,,,,,,,,,0.000008,0.000107,0.000072,0.000083,0.000143,0.000158,0.000147,0.000152,0.000128,0.000113,0.000101,0.000099,0.000106,0.000114,0.000098,0.000072,0.000078,0.000083,0.000096,0.000096,0.000104,0.000125,0.000132,0.000093,0.000025,0.000032,0.000066,0.000062,0.000072,0.000074,0.000070,0.000062,0.000029,0.000005,0.000021,0.000071,0.000080
1212,,,,,,,,,,,,,,0.000007,0.000104,0.000077,0.000115,0.000179,0.000200,0.000185,0.000164,0.000154,0.000150,0.000132,0.000128,0.000115,0.000102,0.000102,0.000066,0.000053,0.000054,0.000091,0.000119,0.000193,0.000300,0.000343,0.000215,0.000020,0.000030,0.000073,0.000061,0.000045,0.000050,0.000046,0.000027,0.000015,0.000002,0.000007,0.000050,0.000051
1213,,,,,,,,,,,,,,0.000009,0.000136,0.000066,0.000054,0.000049,0.000063,0.000048,0.000037,0.000034,0.000032,0.000022,0.000022,0.000017,0.000010,0.000014,0.000022,0.000009,0.000012,0.000045,0.000045,0.000058,0.000089,0.000136,0.000171,0.000050,0.000103,0.000221,0.000182,0.000119,0.000101,0.000050,0.000029,0.000017,0.000007,0.000015,0.000113,0.000147
1214,,,,,,,,,,,,,,0.000013,0.000286,0.000207,0.000287,0.000358,0.000375,0.000337,0.000301,0.000284,0.000268,0.000243,0.000251,0.000240,0.000226,0.000189,0.000143,0.000137,0.000160,0.000139,0.000115,0.000131,0.000130,0.000146,0.000154,0.000025,0.000042,0.000083,0.000069,0.000048,0.000061,0.000058,0.000052,0.000017,0.000002,0.000010,0.000080,0.000087
1215,,,,,,,,,,,,,,0.000004,0.000065,0.000055,0.000074,0.000078,0.000082,0.000078,0.000073,0.000078,0.000085,0.000073,0.000078,0.000075,0.000065,0.000063,0.000055,0.000054,0.000051,0.000064,0.000075,0.000080,0.000076,0.000081,0.000064,0.000013,0.000026,0.000043,0.000053,0.000044,0.000041,0.000059,0.000072,0.000024,0.000004,0.000016,0.000046,0.000054
1216,,,,,,,,,,,,,,0.000004,0.000077,0.000042,0.000050,0.000085,0.000099,0.000098,0.000095,0.000099,0.000083,0.000069,0.000069,0.000057,0.000063,0.000072,0.000077,0.000101,0.000126,0.000150,0.000161,0.000148,0.000129,0.000104,0.000081,0.000017,0.000026,0.000049,0.000055,0.000051,0.000055,0.000052,0.000033,0.000018,0.000003,0.000012,0.000052,0.000073
1217,,,,,,,,,,,,,,0.000010,0.000245,0.000116,0.000107,0.000124,0.000124,0.000150,0.000178,0.000242,0.000311,0.000357,0.000430,0.000416,0.000376,0.000291,0.000174,0.000152,0.000119,0.000136,0.000163,0.000193,0.000207,0.000192,0.000127,0.000036,0.000053,0.000158,0.000124,0.000087,0.000077,0.000075,0.000055,0.000024,0.000004,0.000011,0.000069,0.000078
1218,,,,,,,,,,,,,,0.000007,0.000115,0.000080,0.000117,0.000198,0.000236,0.000255,0.000232,0.000240,0.000234,0.000206,0.000204,0.000193,0.000187,0.000171,0.000152,0.000132,0.000129,0.000141,0.000141,0.000146,0.000167,0.000141,0.000110,0.000017,0.000030,0.000100,0.000082,0.000067,0.000086,0.000085,0.000052,0.000019,0.000003,0.000010,0.000068,0.000069
1219,,,,,,,,,,,,,,0.000015,0.000329,0.000200,0.000185,0.000260,0.000327,0.000299,0.000273,0.000252,0.000237,0.000214,0.000210,0.000201,0.000189,0.000162,0.000126,0.000109,0.000105,0.000107,0.000084,0.000076,0.000077,0.000079,0.000060,0.000020,0.000016,0.000031,0.000035,0.000038,0.000042,0.000038,0.000028,0.000015,0.000003,0.000016,0.000117,0.000112
1220,,,,,,,,,,,,,,0.000006,0.000100,0.000062,0.000071,0.000103,0.000129,0.000104,0.000075,0.000065,0.000054,0.000051,0.000061,0.000068,0.000079,0.000088,0.000077,0.000087,0.000084,0.000093,0.000085,0.000084,0.000072,0.000057,0.000056,0.000023,0.000025,0.000046,0.000041,0.000041,0.000055,0.000055,0.000044,0.000025,0.000005,0.000018,0.000112,0.000128
1221,,,,,,,,,,,,,,0.000005,0.000045,0.000027,0.000032,0.000056,0.000062,0.000051,0.000050,0.000052,0.000049,0.000064,0.000084,0.000095,0.000107,0.000103,0.000089,0.000073,0.000064,0.000076,0.000074,0.000067,0.000045,0.000042,0.000020,0.000020,0.000021,0.000057,0.000048,0.000028,0.000030,0.000027,0.000019,0.000013,0.000003,0.000012,0.000056,0.000067
1222,,,,,,,,,,,,,,0.000004,0.000113,0.000055,0.000084,0.000109,0.000098,0.000086,0.000065,0.000063,0.000059,0.000058,0.000060,0.000068,0.000069,0.000062,0.000052,0.000071,0.000117,0.000180,0.000259,0.000362,0.000369,0.000288,0.000178,0.000025,0.000048,0.000104,0.000106,0.000096,0.000089,0.000083,0.000059,0.000021,0.000003,0.000007,0.000018,0.000025
1223,,,,,,,,,,,,,,0.000005,0.000093,0.000064,0.000071,0.000081,0.000103,0.000085,0.000081,0.000081,0.000076,0.000064,0.000077,0.000072,0.000059,0.000049,0.000036,0.000050,0.000057,0.000070,0.000058,0.000051,0.000062,0.000072,0.000062,0.000022,0.000028,0.000060,0.000088,0.000118,0.000095,0.000067,0.000048,0.000025,0.000005,0.000020,0.000067,0.000061
1224,,,,,,,,,,,,,,0.000009,0.000158,0.000098,0.000111,0.000153,0.000209,0.000228,0.000226,0.000223,0.000227,0.000188,0.000186,0.000175,0.000165,0.000162,0.000120,0.000118,0.000124,0.000160,0.000184,0.000246,0.000316,0.000350,0.000228,0.000059,0.000046,0.000103,0.000106,0.000136,0.000110,0.000109,0.000090,0.000038,0.000007,0.000021,0.000081,0.000093
1225,,,,,,,,,,,,,,0.000004,0.000067,0.000046,0.000057,0.000091,0.000125,0.000134,0.000128,0.000122,0.000135,0.000131,0.000124,0.000107,0.000101,0.000118,0.000100,0.000110,0.000138,0.000191,0.000227,0.000231,0.000188,0.000166,0.000125,0.000022,0.000044,0.000137,0.000116,0.000093,0.000143,0.000161,0.000125,0.000035,0.000003,0.000010,0.000053,0.000055
1226,,,,,,,,,,,,,,0.000004,0.000066,0.000033,0.000057,0.000113,0.000126,0.000129,0.000125,0.000109,0.000093,0.000072,0.000071,0.000081,0.000084,0.000086,0.000077,0.000071,0.000096,0.000186,0.000257,0.000362,0.000496,0.000403,0.000230,0.000027,0.000039,0.000106,0.000095,0.000097,0.000097,0.000089,0.000111,0.000040,0.000007,0.000032,0.000088,0.000085
1227,,,,,,,,,,,,,,0.000011,0.000199,0.000119,0.000118,0.000201,0.000252,0.000248,0.000254,0.000253,0.000275,0.000280,0.000309,0.000288,0.000259,0.000224,0.000198,0.000206,0.000196,0.000180,0.000150,0.000137,0.000105,0.000094,0.000101,0.000024,0.000036,0.000093,0.000093,0.000077,0.000079,0.000058,0.000036,0.000020,0.000003,0.000011,0.000043,0.000059
1228,,,,,,,,,,,,,,0.000006,0.000093,0.000056,0.000062,0.000072,0.000082,0.000063,0.000065,0.000062,0.000063,0.000056,0.000061,0.000059,0.000044,0.000044,0.000038,0.000042,0.000069,0.000115,0.000157,0.000196,0.000193,0.000174,0.000119,0.000016,0.000024,0.000051,0.000056,0.000056,0.000042,0.000052,0.000044,0.000018,0.000003,0.000011,0.000068,0.000069
1229,,,,,,,,,,,,,,0.000006,0.000108,0.000075,0.000123,0.000227,0.000287,0.000299,0.000273,0.000255,0.000228,0.000212,0.000204,0.000163,0.000139,0.000102,0.000079,0.000083,0.000075,0.000079,0.000084,0.000088,0.000091,0.000113,0.000092,0.000017,0.000026,0.000071,0.000062,0.000054,0.000071,0.000096,0.000071,0.000023,0.000003,0.000011,0.000105,0.000112
1230,,,,,,,,,,,,,,0.000005,0.000087,0.000075,0.000090,0.000128,0.000161,0.000149,0.000142,0.000123,0.000110,0.000092,0.000084,0.000084,0.000083,0.000080,0.000073,0.000064,0.000057,0.000059,0.000069,0.000083,0.000118,0.000133,0.000120,0.000020,0.000031,0.000095,0.000088,0.000078,0.000106,0.000112,0.000061,0.000020,0.000003,0.000012,0.000067,0.000061
1231,,,,,,,,,,,,,,0.000004,0.000071,0.000049,0.000067,0.000118,0.000144,0.000136,0.000137,0.000124,0.000119,0.000102,0.000100,0.000096,0.000102,0.000122,0.000108,0.000136,0.000114,0.000126,0.000137,0.000158,0.000130,0.000084,0.000051,0.000012,0.000015,0.000034,0.000034,0.000020,0.000025,0.000022,0.000025,0.000015,0.000004,0.000010,0.000037,0.000041
1232,,,,,,,,,,,,,,0.000006,0.000116,0.000071,0.000088,0.000153,0.000175,0.000187,0.000181,0.000181,0.000170,0.000150,0.000147,0.000124,0.000113,0.000066,0.000061,0.000058,0.000057,0.000059,0.000080,0.000095,0.000095,0.000085,0.000063,0.000026,0.000053,0.000044,0.000045,0.000057,0.000058,0.000048,0.000038,0.000015,0.000004,0.000011,0.000054,0.000062
