roi_id,bin_0,bin_1,bin_2,bin_3,bin_4,bin_5,bin_6,bin_7,bin_8,bin_9,bin_10,bin_11,bin_12,bin_13,bin_14,bin_15,bin_16,bin_17,bin_18,bin_19,bin_20,bin_21,bin_22,bin_23,bin_24,bin_25,bin_26,bin_27,bin_28,bin_29,bin_30,bin_31,bin_32,bin_33,bin_34,bin_35,bin_36,bin_37,bin_38,bin_39,bin_40,bin_41,bin_42,bin_43,bin_44,bin_45,bin_46,bin_47,bin_48,bin_49
0,,,,,,,,,,,,,0.011154,0.000042,0.000502,0.000459,0.000446,0.000309,0.000263,0.000251,0.000305,0.000332,0.000291,0.000390,0.000349,0.000480,0.000485,0.000476,0.000420,0.000395,0.000398,0.000345,0.000235,0.000155,0.000061,0.000040,0.000062,0.000056,0.000081,0.000095,0.000102,0.000110,0.000164,0.000086,0.000084,0.000137,0.000090,0.000086,0.000358,0.000561
1,,,,,,,,,,,,,-0.000263,0.000017,0.000136,0.000122,0.000125,0.000088,0.000099,0.000095,0.000095,0.000088,0.000080,0.000079,0.000068,0.000070,0.000076,0.000070,0.000049,0.000052,0.000056,0.000052,0.000034,0.000024,0.000011,0.000010,0.000014,0.000016,0.000022,0.000028,0.000022,0.000024,0.000066,0.000165,0.000251,0.000248,0.000075,0.000068,0.000330,0.000408
2,,,,,,,,,,,,,0.002207,0.000011,0.000097,0.000083,0.000099,0.000084,0.000107,0.000124,0.000158,0.000177,0.000148,0.000162,0.000142,0.000153,0.000166,0.000187,0.000172,0.000152,0.000158,0.000154,0.000131,0.000116,0.000052,0.000040,0.000080,0.000110,0.000126,0.000148,0.000073,0.000061,0.000046,0.000126,0.000295,0.000593,0.000175,0.000062,0.000170,0.000218
3,,,,,,,,,,,,,-0.000310,0.000009,0.000106,0.000100,0.000105,0.000084,0.000081,0.000082,0.000079,0.000111,0.000115,0.000136,0.000098,0.000105,0.000102,0.000101,0.000084,0.000062,0.000069,0.000079,0.000063,0.000046,0.000029,0.000065,0.000032,0.000030,0.000037,0.000038,0.000033,0.000021,0.000024,0.000027,0.000047,0.000063,0.000032,0.000023,0.000133,0.000200
4,,,,,,,,,,,,,0.001020,0.000007,0.000064,0.000049,0.000051,0.000039,0.000031,0.000027,0.000031,0.000027,0.000022,0.000031,0.000026,0.000020,0.000027,0.000036,0.000061,0.000067,0.000075,0.000079,0.000065,0.000046,0.000040,0.000019,0.000031,0.000037,0.000038,0.000069,0.000122,0.000159,0.000276,0.000446,0.000448,0.000446,0.000091,0.000045,0.000139,0.000174
5,,,,,,,,,,,,,0.000818,0.000004,0.000045,0.000038,0.000047,0.000030,0.000038,0.000059,0.000087,0.000158,0.000226,0.000349,0.000560,0.000904,0.001225,0.001435,0.001392,0.001233,0.001343,0.001331,0.001220,0.000841,0.000348,0.000169,0.000298,0.000288,0.000219,0.000290,0.000242,0.000227,0.000166,0.000157,0.000119,0.000093,0.000012,0.000007,0.000033,0.000075
6,,,,,,,,,,,,,0.000990,0.000015,0.000215,0.000214,0.000233,0.000201,0.000209,0.000254,0.000255,0.000281,0.000227,0.000208,0.000216,0.000212,0.000203,0.000192,0.000138,0.000114,0.000126,0.000119,0.000095,0.000084,0.000045,0.000040,0.000063,0.000061,0.000049,0.000105,0.000096,0.000077,0.000060,0.000058,0.000043,0.000042,0.000007,0.000005,0.000043,0.000073
7,,,,,,,,,,,,,0.036251,0.000010,0.000129,0.000147,0.000184,0.000122,0.000109,0.000114,0.000121,0.000132,0.000111,0.000107,0.000079,0.000090,0.000091,0.000091,0.000075,0.000080,0.000132,0.000118,0.000156,0.000255,0.000215,0.000189,0.000348,0.000352,0.000245,0.000276,0.000273,0.000245,0.000194,0.000186,0.000151,0.000123,0.000016,0.000007,0.000018,0.000117
8,,,,,,,,,,,,,0.001971,0.000049,0.001140,0.001289,0.001173,0.000975,0.000831,0.000811,0.000918,0.001026,0.000759,0.000778,0.000761,0.000793,0.000693,0.000646,0.000588,0.000434,0.000532,0.000486,0.000373,0.000240,0.000106,0.000064,0.000088,0.000068,0.000061,0.000067,0.000066,0.000073,0.000071,0.000086,0.000076,0.000064,0.000013,0.000010,0.000115,0.000254
9,,,,,,,,,,,,,0.000509,0.000009,0.000097,0.000095,0.000094,0.000067,0.000058,0.000050,0.000053,0.000055,0.000039,0.000030,0.000034,0.000050,0.000058,0.000055,0.000049,0.000039,0.000036,0.000021,0.000018,0.000017,0.000018,0.000016,0.000046,0.000073,0.000283,0.000306,0.000386,0.000507,0.000505,0.000552,0.000474,0.000423,0.000098,0.000073,0.000273,0.000287
10,,,,,,,,,,,,,0.015497,0.000010,0.000101,0.000089,0.000079,0.000058,0.000050,0.000049,0.000061,0.000057,0.000041,0.000048,0.000044,0.000056,0.000040,0.000034,0.000030,0.000023,0.000034,0.000036,0.000034,0.000024,0.000053,0.000026,0.000046,0.000050,0.000052,0.000090,0.000125,0.000122,0.000122,0.000132,0.000177,0.000208,0.000110,0.000076,0.000251,0.000221
11,,,,,,,,,,,,,0.000726,0.000027,0.000472,0.000428,0.000438,0.000267,0.000245,0.000250,0.000213,0.000159,0.000146,0.000137,0.000124,0.000162,0.000122,0.000095,0.000057,0.000051,0.000052,0.000061,0.000079,0.000117,0.000082,0.000210,0.000215,0.000116,0.000070,0.000060,0.000049,0.000045,0.000076,0.000117,0.000141,0.000143,0.000030,0.000039,0.000263,0.000378
12,,,,,,,,,,,,,-0.000131,0.000005,0.000031,0.000016,0.000034,0.000030,0.000032,0.000037,0.000044,0.000055,0.000043,0.000038,0.000040,0.000061,0.000063,0.000068,0.000044,0.000038,0.000047,0.000048,0.000045,0.000158,0.000093,0.000132,0.000324,0.000258,0.000216,0.000208,0.000237,0.000248,0.000216,0.000226,0.000190,0.000170,0.000041,0.000020,0.000114,0.000110
13,,,,,,,,,,,,,0.000586,0.000014,0.000121,0.000101,0.000096,0.000065,0.000068,0.000063,0.000063,0.000061,0.000057,0.000050,0.000050,0.000052,0.000044,0.000043,0.000037,0.000025,0.000029,0.000032,0.000021,0.000017,0.000217,0.000016,0.000020,0.000030,0.000031,0.000031,0.000051,0.000130,0.000225,0.000330,0.000377,0.000402,0.000107,0.000082,0.000331,0.000397
14,,,,,,,,,,,,,0.058296,0.000023,0.000198,0.000180,0.000237,0.000267,0.000413,0.000563,0.000731,0.000782,0.000538,0.000571,0.000381,0.000351,0.000283,0.000259,0.000239,0.000188,0.000203,0.000161,0.000104,0.000064,0.000031,0.000074,0.000073,0.000049,0.000068,0.000023,0.000049,0.000038,0.000059,0.000089,0.000155,0.000307,0.000216,0.000166,0.000568,0.000598
15,,,,,,,,,,,,,0.000463,0.000023,0.000678,0.000924,0.001203,0.000966,0.000799,0.000744,0.000709,0.000657,0.000563,0.000493,0.000422,0.000408,0.000437,0.000400,0.000306,0.000311,0.000261,0.000211,0.000171,0.000132,0.000068,0.000037,0.000070,0.000076,0.000080,0.000098,0.000111,0.000102,0.000077,0.000086,0.000067,0.000057,0.000011,0.000010,0.000039,0.000053
16,,,,,,,,,,,,,0.022266,0.000015,0.000158,0.000139,0.000153,0.000088,0.000065,0.000071,0.000063,0.000063,0.000050,0.000050,0.000051,0.000079,0.000083,0.000093,0.000077,0.000207,0.000143,0.000143,0.000124,0.000118,0.000187,0.000032,0.000045,0.000038,0.000027,0.000029,0.000028,0.000030,0.000024,0.000027,0.000038,0.000069,0.000048,0.000031,0.000153,0.000229
17,,,,,,,,,,,,,0.044757,0.000019,0.000156,0.000138,0.000144,0.000107,0.000087,0.000072,0.000075,0.000079,0.000064,0.000040,0.000037,0.000048,0.000056,0.000056,0.000047,0.000048,0.000060,0.000062,0.000062,0.000059,0.000069,0.000034,0.000034,0.000020,0.000018,0.000024,0.000037,0.000077,0.000115,0.000156,0.000133,0.000159,0.000104,0.000149,0.000517,0.000436
18,,,,,,,,,,,,,0.023929,0.000013,0.000166,0.000137,0.000156,0.000097,0.000092,0.000105,0.000098,0.000097,0.000076,0.000084,0.000067,0.000109,0.000063,0.000064,0.000053,0.000047,0.000079,0.000104,0.000085,0.000061,0.000033,0.000047,0.000117,0.000104,0.000097,0.000100,0.000117,0.000104,0.000108,0.000113,0.000111,0.000116,0.000057,0.000029,0.000193,0.000216
19,,,,,,,,,,,,,0.000734,0.000020,0.000176,0.000139,0.000170,0.000128,0.000106,0.000099,0.000094,0.000098,0.000079,0.000073,0.000047,0.000048,0.000045,0.000039,0.000069,0.000059,0.000085,0.000088,0.000081,0.000066,0.000185,0.000199,0.000146,0.000068,0.000050,0.000045,0.000050,0.000071,0.000077,0.000081,0.000063,0.000060,0.000059,0.000057,0.000488,0.000496
20,,,,,,,,,,,,,0.000619,0.000009,0.000147,0.000162,0.000137,0.000091,0.000096,0.000137,0.000215,0.000305,0.000305,0.000415,0.000702,0.000835,0.001109,0.001112,0.000980,0.001013,0.001017,0.000845,0.000530,0.000404,0.000257,0.000214,0.000443,0.000515,0.000349,0.000374,0.000337,0.000265,0.000185,0.000155,0.000115,0.000090,0.000016,0.000010,0.000047,0.000152
21,,,,,,,,,,,,,0.007149,0.000011,0.000107,0.000088,0.000080,0.000043,0.000045,0.000050,0.000031,0.000036,0.000039,0.000044,0.000053,0.000038,0.000042,0.000039,0.000028,0.000030,0.000046,0.000059,0.000093,0.000158,0.000442,0.000115,0.000150,0.000182,0.000177,0.000104,0.000101,0.000117,0.000274,0.000132,0.000111,0.000086,0.000021,0.000036,0.000204,0.000237
22,,,,,,,,,,,,,0.000396,0.000003,0.000030,0.000028,0.000038,0.000036,0.000037,0.000041,0.000048,0.000048,0.000041,0.000032,0.000034,0.000038,0.000032,0.000031,0.000020,0.000022,0.000033,0.000037,0.000033,0.000025,0.000016,0.000033,0.000158,0.000180,0.000170,0.000206,0.000232,0.000229,0.000204,0.000217,0.000207,0.000181,0.000031,0.000012,0.000051,0.000062
23,,,,,,,,,,,,,-0.000252,0.000011,0.000106,0.000085,0.000081,0.000056,0.000056,0.000052,0.000058,0.000070,0.000050,0.000039,0.000048,0.000058,0.000064,0.000064,0.000056,0.000223,0.000079,0.000103,0.000064,0.000036,0.000023,0.000014,0.000025,0.000029,0.000025,0.000027,0.000028,0.000027,0.000026,0.000023,0.000013,0.000112,0.000099,0.000107,0.000255,0.000292
24,,,,,,,,,,,,,0.062663,0.000009,0.000095,0.000116,0.000184,0.000166,0.000144,0.000133,0.000123,0.000122,0.000088,0.000088,0.000087,0.000119,0.000099,0.000085,0.000057,0.000054,0.000066,0.000052,0.000040,0.000037,0.000029,0.000020,0.000025,0.000030,0.000066,0.000052,0.000050,0.000052,0.000114,0.000060,0.000058,0.000053,0.000009,0.000010,0.000045,0.000057
25,,,,,,,,,,,,,-0.000195,0.000010,0.000141,0.000131,0.000131,0.000091,0.000080,0.000072,0.000053,0.000047,0.000040,0.000036,0.000042,0.000053,0.000044,0.000069,0.000104,0.000093,0.000091,0.000089,0.000077,0.000058,0.000262,0.000016,0.000020,0.000022,0.000022,0.000023,0.000030,0.000054,0.000112,0.000118,0.000135,0.000158,0.000045,0.000042,0.000129,0.000139
26,,,,,,,,,,,,,0.048747,0.000020,0.000332,0.000324,0.000402,0.000321,0.000303,0.000229,0.000262,0.000292,0.000173,0.000180,0.000138,0.000157,0.000139,0.000135,0.000092,0.000074,0.000076,0.000067,0.000080,0.000075,0.000385,0.000040,0.000055,0.000051,0.000045,0.000042,0.000046,0.000044,0.000050,0.000058,0.000060,0.000047,0.000011,0.000013,0.000117,0.000164
27,,,,,,,,,,,,,0.002190,0.000008,0.000141,0.000134,0.000124,0.000096,0.000082,0.000095,0.000092,0.000121,0.000097,0.000107,0.000079,0.000101,0.000084,0.000066,0.000054,0.000042,0.000054,0.000068,0.000062,0.000050,0.000032,0.000023,0.000035,0.000046,0.000068,0.000171,0.000366,0.000431,0.000452,0.000541,0.000424,0.000362,0.000087,0.000058,0.000189,0.000224
28,,,,,,,,,,,,,0.000389,0.000017,0.000282,0.000270,0.000345,0.000235,0.000190,0.000151,0.000169,0.000206,0.000199,0.000170,0.000203,0.000210,0.000211,0.000193,0.000167,0.000187,0.000133,0.000126,0.000109,0.000077,0.000045,0.000031,0.000051,0.000045,0.000056,0.000097,0.000173,0.000149,0.000170,0.000139,0.000142,0.000159,0.000021,0.000016,0.000225,0.000396
29,,,,,,,,,,,,,0.000945,0.000005,0.000050,0.000057,0.000078,0.000070,0.000062,0.000057,0.000053,0.000071,0.000062,0.000062,0.000072,0.000135,0.000182,0.000214,0.000115,0.000094,0.000105,0.000087,0.000078,0.000061,0.000027,0.000021,0.000047,0.000095,0.000169,0.000363,0.000663,0.000918,0.000969,0.001023,0.000894,0.000877,0.000102,0.000026,0.000115,0.000173
30,,,,,,,,,,,,,-0.000089,0.000005,0.000042,0.000036,0.000025,0.000034,0.000068,0.000164,0.000341,0.000512,0.000437,0.000510,0.000548,0.000482,0.000583,0.000668,0.000493,0.000403,0.000442,0.000383,0.000317,0.000269,0.000229,0.000136,0.000186,0.000109,0.000079,0.000062,0.000072,0.000075,0.000225,0.000121,0.000110,0.000084,0.000013,0.000008,0.000047,0.000091
31,,,,,,,,,,,,,0.000351,0.000005,0.000056,0.000051,0.000077,0.000066,0.000077,0.000090,0.000106,0.000138,0.000112,0.000129,0.000115,0.000205,0.000189,0.000210,0.000148,0.000098,0.000091,0.000102,0.000066,0.000051,0.000029,0.000132,0.000123,0.000022,0.000023,0.000125,0.000052,0.000076,0.000080,0.000074,0.000059,0.000051,0.000021,0.000020,0.000094,0.000115
32,,,,,,,,,,,,,0.000652,0.000016,0.000378,0.000428,0.000457,0.000347,0.000243,0.000227,0.000232,0.000184,0.000124,0.000112,0.000102,0.000110,0.000113,0.000107,0.000102,0.000089,0.000116,0.000142,0.000185,0.000189,0.000342,0.000045,0.000074,0.000057,0.000062,0.000071,0.000074,0.000075,0.000064,0.000069,0.000064,0.000058,0.000009,0.000011,0.000042,0.000056
33,,,,,,,,,,,,,0.000102,0.000014,0.000241,0.000258,0.000321,0.000277,0.000193,0.000162,0.000179,0.000169,0.000136,0.000119,0.000099,0.000130,0.000119,0.000116,0.000095,0.000079,0.000089,0.000179,0.000373,0.000474,0.000251,0.000124,0.000204,0.000184,0.000136,0.000126,0.000124,0.000103,0.000083,0.000076,0.000079,0.000088,0.000015,0.000014,0.000089,0.000127
34,,,,,,,,,,,,,0.000801,0.000007,0.000086,0.000079,0.000102,0.000120,0.000134,0.000137,0.000141,0.000137,0.000097,0.000089,0.000070,0.000070,0.000056,0.000045,0.000043,0.000042,0.000038,0.000040,0.000030,0.000021,0.000012,0.000013,0.000018,0.000035,0.000116,0.000077,0.000112,0.000204,0.000396,0.000636,0.000571,0.000486,0.000060,0.000026,0.000081,0.000093
35,,,,,,,,,,,,,0.002205,0.000017,0.000198,0.000146,0.000107,0.000074,0.000056,0.000054,0.000048,0.000050,0.000030,0.000033,0.000043,0.000046,0.000039,0.000055,0.000043,0.000080,0.000133,0.000212,0.000118,0.000078,0.000038,0.000028,0.000031,0.000040,0.000055,0.000064,0.000073,0.000074,0.000063,0.000071,0.000066,0.000075,0.000030,0.000066,0.000315,0.000403
36,,,,,,,,,,,,,0.006485,0.000006,0.000118,0.000128,0.000115,0.000084,0.000061,0.000061,0.000058,0.000058,0.000037,0.000036,0.000042,0.000052,0.000050,0.000040,0.000038,0.000040,0.000036,0.000035,0.000030,0.000027,0.000049,0.000020,0.000030,0.000092,0.000194,0.000178,0.000267,0.000308,0.000250,0.000214,0.000170,0.000139,0.000040,0.000020,0.000098,0.000154
37,,,,,,,,,,,,,0.002032,0.000007,0.000100,0.000120,0.000166,0.000124,0.000109,0.000144,0.000295,0.000454,0.000432,0.000744,0.000902,0.001201,0.001038,0.001129,0.000950,0.000771,0.000921,0.000610,0.000390,0.000259,0.000105,0.000062,0.000085,0.000090,0.000119,0.000096,0.000228,0.000186,0.000252,0.000340,0.000327,0.000322,0.000037,0.000019,0.000051,0.000057
38,,,,,,,,,,,,,-0.000008,0.000008,0.000083,0.000076,0.000074,0.000050,0.000047,0.000052,0.000044,0.000045,0.000037,0.000032,0.000041,0.000041,0.000040,0.000033,0.000030,0.000029,0.000037,0.000036,0.000030,0.000028,0.000013,0.000009,0.000009,0.000011,0.000008,0.000012,0.000021,0.000027,0.000046,0.000075,0.000100,0.000169,0.000086,0.000058,0.000155,0.000183
39,,,,,,,,,,,,,-0.000406,0.000010,0.000127,0.000138,0.000158,0.000098,0.000091,0.000082,0.000074,0.000081,0.000066,0.000068,0.000077,0.000091,0.000084,0.000077,0.000065,0.000050,0.000063,0.000052,0.000055,0.000075,0.000029,0.000023,0.000034,0.000040,0.000048,0.000062,0.000085,0.000131,0.000173,0.000251,0.000349,0.000469,0.000105,0.000045,0.000104,0.000145
40,,,,,,,,,,,,,-0.000385,0.000004,0.000037,0.000037,0.000034,0.000031,0.000028,0.000068,0.000073,0.000055,0.000040,0.000115,0.000084,0.000094,0.000076,0.000065,0.000097,0.000077,0.000124,0.000129,0.000099,0.000109,0.000109,0.000073,0.000134,0.000126,0.000099,0.000084,0.000086,0.000090,0.000109,0.000177,0.000177,0.000173,0.000036,0.000026,0.000059,0.000070
41,,,,,,,,,,,,,0.017233,0.000019,0.000154,0.000143,0.000128,0.000075,0.000061,0.000064,0.000077,0.000107,0.000074,0.000091,0.000074,0.000080,0.000072,0.000053,0.000051,0.000064,0.000095,0.000115,0.000092,0.000094,0.000078,0.000150,0.000250,0.000194,0.000156,0.000137,0.000128,0.000105,0.000098,0.000129,0.000162,0.000152,0.000079,0.000061,0.000267,0.000309
42,,,,,,,,,,,,,0.001566,0.000006,0.000079,0.000068,0.000069,0.000048,0.000046,0.000054,0.000049,0.000047,0.000043,0.000041,0.000043,0.000056,0.000048,0.000048,0.000042,0.000037,0.000040,0.000035,0.000028,0.000030,0.000022,0.000016,0.000020,0.000033,0.000042,0.000031,0.000089,0.000040,0.000044,0.000050,0.000039,0.000042,0.000016,0.000026,0.000096,0.000095
43,,,,,,,,,,,,,0.001645,0.000004,0.000038,0.000028,0.000021,0.000016,0.000023,0.000028,0.000027,0.000030,0.000021,0.000034,0.000051,0.000062,0.000090,0.000114,0.000142,0.000136,0.000155,0.000125,0.000094,0.000068,0.000025,0.000023,0.000047,0.000060,0.000048,0.000049,0.000048,0.000058,0.000074,0.000121,0.000171,0.000279,0.000085,0.000065,0.000109,0.000121
44,,,,,,,,,,,,,0.000429,0.000012,0.000128,0.000117,0.000138,0.000117,0.000155,0.000175,0.000135,0.000134,0.000105,0.000101,0.000100,0.000103,0.000145,0.000154,0.000116,0.000093,0.000103,0.000115,0.000078,0.000082,0.000033,0.000042,0.000080,0.000067,0.000070,0.000093,0.000145,0.000186,0.000194,0.000288,0.000306,0.000301,0.000067,0.000049,0.000180,0.000218
45,,,,,,,,,,,,,0.007588,0.000056,0.000656,0.000541,0.000542,0.000362,0.000304,0.000243,0.000265,0.000268,0.000226,0.000199,0.000188,0.000202,0.000209,0.000213,0.000172,0.000157,0.000146,0.000145,0.000116,0.000100,0.000057,0.000035,0.000056,0.000066,0.000048,0.000081,0.000051,0.000038,0.000032,0.000029,0.000030,0.000028,0.000005,0.000014,0.000324,0.000782
46,,,,,,,,,,,,,0.001777,0.000006,0.000104,0.000116,0.000167,0.000189,0.000267,0.000402,0.000482,0.000474,0.000384,0.000290,0.000273,0.000290,0.000251,0.000213,0.000189,0.000160,0.000156,0.000151,0.000119,0.000097,0.000040,0.000027,0.000046,0.000070,0.000094,0.000080,0.000047,0.000038,0.000033,0.000040,0.000053,0.000188,0.000036,0.000019,0.000102,0.000135
47,,,,,,,,,,,,,-0.000389,0.000025,0.000205,0.000160,0.000150,0.000091,0.000087,0.000078,0.000073,0.000067,0.000054,0.000045,0.000063,0.000063,0.000063,0.000058,0.000064,0.000080,0.000104,0.000102,0.000096,0.000082,0.000041,0.000062,0.000051,0.000042,0.000044,0.000040,0.000043,0.000039,0.000041,0.000052,0.000039,0.000043,0.000027,0.000039,0.000471,0.000756
48,,,,,,,,,,,,,0.059066,0.000015,0.000183,0.000178,0.000248,0.000155,0.000120,0.000086,0.000075,0.000078,0.000053,0.000047,0.000032,0.000041,0.000032,0.000025,0.000017,0.000014,0.000013,0.000021,0.000021,0.000041,0.000029,0.000024,0.000032,0.000026,0.000029,0.000069,0.000073,0.000111,0.000123,0.000152,0.000164,0.000164,0.000026,0.000024,0.000106,0.000131
49,,,,,,,,,,,,,0.001685,0.000004,0.000056,0.000044,0.000044,0.000024,0.000026,0.000035,0.000032,0.000030,0.000030,0.000032,0.000026,0.000035,0.000037,0.000035,0.000029,0.000026,0.000022,0.000015,0.000017,0.000021,0.000037,0.000017,0.000015,0.000022,0.000026,0.000038,0.000058,0.000108,0.000172,0.000224,0.000232,0.000262,0.000050,0.000027,0.000080,0.000108
50,,,,,,,,,,,,,0.001831,0.000008,0.000186,0.000183,0.000193,0.000159,0.000147,0.000136,0.000146,0.000142,0.000121,0.000086,0.000087,0.000105,0.000113,0.000113,0.000125,0.000155,0.000194,0.000200,0.000156,0.000097,0.000063,0.000030,0.000044,0.000050,0.000037,0.000038,0.000037,0.000034,0.000037,0.000035,0.000031,0.000031,0.000017,0.000016,0.000074,0.000090
51,,,,,,,,,,,,,0.052377,0.000034,0.000411,0.000409,0.000481,0.000297,0.000262,0.000256,0.000226,0.000261,0.000202,0.000219,0.000162,0.000169,0.000152,0.000143,0.000114,0.000101,0.000107,0.000103,0.000071,0.000051,0.000032,0.000108,0.000114,0.000060,0.000062,0.000065,0.000050,0.000046,0.000046,0.000040,0.000032,0.000034,0.000015,0.000015,0.000158,0.000292
52,,,,,,,,,,,,,0.039920,0.000021,0.000263,0.000263,0.000237,0.000137,0.000117,0.000101,0.000100,0.000102,0.000079,0.000069,0.000115,0.000119,0.000140,0.000140,0.000110,0.000428,0.000159,0.000160,0.000095,0.000095,0.000060,0.000057,0.000098,0.000184,0.000236,0.000129,0.000095,0.000090,0.000103,0.000139,0.000158,0.000159,0.000044,0.000060,0.000172,0.000206
53,,,,,,,,,,,,,0.004413,0.000011,0.000121,0.000109,0.000105,0.000069,0.000069,0.000070,0.000067,0.000078,0.000059,0.000068,0.000063,0.000056,0.000057,0.000040,0.000021,0.000015,0.000004,0.000009,0.000112,0.000148,0.000242,0.000060,0.000090,0.000142,0.000182,0.000169,0.000171,0.000181,0.000252,0.000356,0.000396,0.000428,0.000092,0.000051,0.000182,0.000221
54,,,,,,,,,,,,,0.001670,0.000009,0.000138,0.000116,0.000076,0.000062,0.000059,0.000077,0.000097,0.000127,0.000118,0.000111,0.000104,0.000118,0.000108,0.000097,0.000087,0.000074,0.000074,0.000068,0.000067,0.000071,0.000065,0.000073,0.000090,0.000073,0.000065,0.000063,0.000058,0.000081,0.000050,0.000048,0.000046,0.000058,0.000034,0.000019,0.000094,0.000102
55,,,,,,,,,,,,,-0.000276,0.000006,0.000074,0.000065,0.000070,0.000048,0.000034,0.000032,0.000040,0.000050,0.000041,0.000038,0.000033,0.000042,0.000051,0.000040,0.000039,0.000052,0.000067,0.000095,0.000066,0.000030,0.000019,0.000040,0.000064,0.000052,0.000046,0.000050,0.000048,0.000055,0.000079,0.000120,0.000201,0.000389,0.000111,0.000050,0.000130,0.000179
56,,,,,,,,,,,,,0.000469,0.000003,0.000031,0.000030,0.000024,0.000008,0.000013,0.000016,0.000018,0.000017,0.000010,0.000016,0.000023,0.000034,0.000035,0.000025,0.000018,0.000013,0.000015,0.000017,0.000017,0.000023,0.000024,0.000017,0.000031,0.000045,0.000064,0.000099,0.000196,0.000330,0.000404,0.000468,0.000398,0.000337,0.000045,0.000017,0.000039,0.000051
57,,,,,,,,,,,,,0.014334,0.000049,0.000742,0.000804,0.000829,0.000521,0.000412,0.000328,0.000278,0.000245,0.000185,0.000145,0.000125,0.000119,0.000106,0.000109,0.000075,0.000069,0.000078,0.000130,0.000219,0.000258,0.000134,0.000101,0.000188,0.000216,0.000162,0.000105,0.000092,0.000063,0.000047,0.000039,0.000033,0.000040,0.000009,0.000016,0.000190,0.000294
58,,,,,,,,,,,,,-0.000057,0.000012,0.000319,0.000370,0.000439,0.000292,0.000251,0.000209,0.000188,0.000192,0.000138,0.000138,0.000109,0.000126,0.000122,0.000109,0.000088,0.000081,0.000098,0.000171,0.000289,0.000308,0.000137,0.000151,0.000255,0.000220,0.000147,0.000169,0.000279,0.000464,0.000570,0.000641,0.000485,0.000377,0.000049,0.000021,0.000076,0.000179
59,,,,,,,,,,,,,0.000663,0.000005,0.000083,0.000105,0.000136,0.000119,0.000097,0.000090,0.000085,0.000082,0.000055,0.000047,0.000051,0.000060,0.000067,0.000057,0.000038,0.000039,0.000043,0.000042,0.000036,0.000026,0.000018,0.000060,0.000043,0.000017,0.000018,0.000020,0.000023,0.000021,0.000019,0.000027,0.000022,0.000022,0.000016,0.000007,0.000035,0.000056
60,,,,,,,,,,,,,0.000107,0.000010,0.000098,0.000085,0.000098,0.000076,0.000080,0.000116,0.000153,0.000165,0.000136,0.000151,0.000170,0.000256,0.000290,0.000328,0.000331,0.000233,0.000240,0.000178,0.000143,0.000100,0.000121,0.000022,0.000033,0.000032,0.000028,0.000032,0.000037,0.000056,0.000055,0.000059,0.000054,0.000052,0.000016,0.000021,0.000121,0.000185
61,,,,,,,,,,,,,0.000098,0.000005,0.000070,0.000060,0.000067,0.000053,0.000039,0.000038,0.000041,0.000073,0.000074,0.000088,0.000064,0.000076,0.000083,0.000080,0.000065,0.000057,0.000053,0.000051,0.000048,0.000048,0.000036,0.000113,0.000040,0.000038,0.000037,0.000039,0.000035,0.000031,0.000041,0.000034,0.000040,0.000048,0.000027,0.000022,0.000116,0.000152
62,,,,,,,,,,,,,0.000523,0.000012,0.000127,0.000113,0.000115,0.000081,0.000080,0.000099,0.000111,0.000119,0.000101,0.000094,0.000077,0.000092,0.000080,0.000069,0.000053,0.000046,0.000042,0.000036,0.000035,0.000034,0.000026,0.000055,0.000068,0.000083,0.000067,0.000069,0.000065,0.000064,0.000062,0.000059,0.000047,0.000044,0.000020,0.000032,0.000193,0.000196
63,,,,,,,,,,,,,0.000438,0.000015,0.000391,0.000482,0.000578,0.000432,0.000335,0.000287,0.000266,0.000280,0.000253,0.000230,0.000202,0.000225,0.000211,0.000214,0.000193,0.000176,0.000209,0.000170,0.000130,0.000089,0.000037,0.000034,0.000033,0.000037,0.000039,0.000044,0.000053,0.000069,0.000078,0.000070,0.000067,0.000048,0.000009,0.000006,0.000060,0.000082
64,,,,,,,,,,,,,-0.000089,0.000005,0.000067,0.000063,0.000078,0.000108,0.000141,0.000152,0.000153,0.000149,0.000101,0.000110,0.000077,0.000078,0.000076,0.000074,0.000070,0.000094,0.000072,0.000060,0.000045,0.000028,0.000023,0.000024,0.000044,0.000090,0.000068,0.000064,0.000154,0.000094,0.000092,0.000115,0.000133,0.000146,0.000027,0.000017,0.000080,0.000124
65,,,,,,,,,,,,,0.079118,0.000008,0.000078,0.000080,0.000098,0.000060,0.000050,0.000046,0.000042,0.000041,0.000033,0.000034,0.000038,0.000050,0.000042,0.000044,0.000040,0.000047,0.000066,0.000076,0.000092,0.000114,0.000082,0.000080,0.000139,0.000104,0.000078,0.000087,0.000094,0.000111,0.000091,0.000133,0.000148,0.000125,0.000023,0.000022,0.000063,0.000111
66,,,,,,,,,,,,,0.001510,0.000005,0.000073,0.000059,0.000038,0.000047,0.000043,0.000047,0.000055,0.000056,0.000058,0.000072,0.000078,0.000112,0.000134,0.000151,0.000137,0.000119,0.000133,0.000109,0.000075,0.000203,0.000056,0.000101,0.000079,0.000054,0.000085,0.000048,0.000047,0.000040,0.000037,0.000028,0.000026,0.000028,0.000019,0.000008,0.000047,0.000043
67,,,,,,,,,,,,,-0.000112,0.000004,0.000042,0.000052,0.000070,0.000123,0.000169,0.000233,0.000234,0.000204,0.000144,0.000104,0.000098,0.000100,0.000149,0.000211,0.000155,0.000132,0.000157,0.000175,0.000153,0.000120,0.000067,0.000033,0.000046,0.000043,0.000041,0.000042,0.000069,0.000086,0.000175,0.000157,0.000174,0.000166,0.000100,0.000050,0.000107,0.000104
68,,,,,,,,,,,,,0.003286,0.000023,0.000337,0.000360,0.000310,0.000240,0.000259,0.000266,0.000243,0.000232,0.000177,0.000141,0.000126,0.000125,0.000131,0.000128,0.000071,0.000224,0.000076,0.000087,0.000078,0.000133,0.000142,0.000117,0.000178,0.000109,0.000094,0.000073,0.000062,0.000044,0.000039,0.000047,0.000063,0.000074,0.000035,0.000049,0.000438,0.000554
69,,,,,,,,,,,,,0.002185,0.000010,0.000151,0.000143,0.000147,0.000082,0.000064,0.000082,0.000112,0.000128,0.000177,0.000098,0.000105,0.000091,0.000089,0.000086,0.000067,0.000049,0.000048,0.000042,0.000037,0.000029,0.000119,0.000015,0.000023,0.000021,0.000019,0.000019,0.000049,0.000046,0.000070,0.000090,0.000082,0.000097,0.000029,0.000036,0.000094,0.000120
70,,,,,,,,,,,,,0.000812,0.000003,0.000068,0.000060,0.000222,0.000656,0.001132,0.001467,0.001908,0.002253,0.001930,0.001728,0.001324,0.001356,0.001075,0.000852,0.000608,0.000420,0.000403,0.000304,0.000193,0.000108,0.000061,0.000031,0.000046,0.000041,0.000022,0.000032,0.000026,0.000025,0.000042,0.000059,0.000050,0.000055,0.000016,0.000011,0.000044,0.000048
71,,,,,,,,,,,,,0.000199,0.000013,0.000177,0.000149,0.000126,0.000080,0.000060,0.000050,0.000054,0.000046,0.000037,0.000036,0.000031,0.000038,0.000045,0.000042,0.000038,0.000041,0.000046,0.000045,0.000022,0.000013,0.000008,0.000013,0.000023,0.000014,0.000031,0.000057,0.000076,0.000076,0.000086,0.000088,0.000089,0.000115,0.000043,0.000029,0.000181,0.000250
72,,,,,,,,,,,,,0.002296,0.000007,0.000073,0.000066,0.000062,0.000040,0.000040,0.000046,0.000054,0.000054,0.000056,0.000065,0.000064,0.000071,0.000071,0.000059,0.000047,0.000053,0.000082,0.000107,0.000107,0.000083,0.000058,0.000054,0.000045,0.000035,0.000041,0.000041,0.000030,0.000025,0.000031,0.000026,0.000023,0.000053,0.000077,0.000050,0.000175,0.000193
73,,,,,,,,,,,,,0.000194,0.000002,0.000043,0.000045,0.000055,0.000040,0.000051,0.000063,0.000098,0.000136,0.000136,0.000177,0.000184,0.000211,0.000195,0.000166,0.000165,0.000173,0.000180,0.000184,0.000151,0.000114,0.000081,0.000047,0.000116,0.000120,0.000119,0.000164,0.000253,0.000276,0.000248,0.000275,0.000259,0.000239,0.000031,0.000016,0.000041,0.000048
74,,,,,,,,,,,,,0.000533,0.000008,0.000065,0.000074,0.000104,0.000069,0.000055,0.000039,0.000045,0.000048,0.000032,0.000036,0.000036,0.000043,0.000037,0.000038,0.000024,0.000019,0.000036,0.000051,0.000083,0.000069,0.000035,0.000033,0.000060,0.000090,0.000157,0.000322,0.000522,0.000502,0.000465,0.000538,0.000513,0.000433,0.000112,0.000051,0.000128,0.000167
75,,,,,,,,,,,,,0.052740,0.000006,0.000073,0.000058,0.000067,0.000047,0.000059,0.000070,0.000102,0.000120,0.000100,0.000086,0.000086,0.000099,0.000082,0.000075,0.000047,0.000032,0.000031,0.000041,0.000075,0.000123,0.000176,0.000158,0.000213,0.000215,0.000126,0.000115,0.000100,0.000080,0.000063,0.000059,0.000043,0.000032,0.000005,0.000006,0.000029,0.000053
76,,,,,,,,,,,,,0.001282,0.000008,0.000157,0.000193,0.000240,0.000217,0.000159,0.000147,0.000135,0.000144,0.000104,0.000131,0.000225,0.000194,0.000200,0.000153,0.000099,0.000076,0.000067,0.000048,0.000037,0.000032,0.000072,0.000047,0.000070,0.000042,0.000037,0.000062,0.000072,0.000115,0.000183,0.000264,0.000280,0.000234,0.000037,0.000018,0.000106,0.000083
77,,,,,,,,,,,,,0.001500,0.000004,0.000055,0.000132,0.000192,0.000134,0.000097,0.000077,0.000092,0.000090,0.000078,0.000078,0.000062,0.000087,0.000095,0.000089,0.000069,0.000061,0.000062,0.000068,0.000089,0.000076,0.000046,0.000045,0.000082,0.000111,0.000145,0.000258,0.000437,0.000523,0.000434,0.000356,0.000232,0.000158,0.000017,0.000007,0.000052,0.000068
78,,,,,,,,,,,,,-0.000164,0.000012,0.000277,0.000300,0.000324,0.000271,0.000215,0.000178,0.000161,0.000151,0.000122,0.000102,0.000094,0.000094,0.000093,0.000091,0.000082,0.000105,0.000251,0.000629,0.000861,0.000795,0.000391,0.000165,0.000243,0.000200,0.000128,0.000127,0.000119,0.000102,0.000087,0.000092,0.000084,0.000070,0.000012,0.000006,0.000041,0.000057
79,,,,,,,,,,,,,0.000466,0.000009,0.000109,0.000102,0.000102,0.000091,0.000068,0.000056,0.000055,0.000061,0.000049,0.000054,0.000106,0.000120,0.000147,0.000121,0.000091,0.000082,0.000074,0.000066,0.000050,0.000047,0.000051,0.000062,0.000092,0.000053,0.000033,0.000043,0.000037,0.000037,0.000034,0.000036,0.000041,0.000043,0.000011,0.000029,0.000098,0.000109
80,,,,,,,,,,,,,0.000937,0.000007,0.000127,0.000110,0.000127,0.000106,0.000125,0.000133,0.000189,0.000192,0.000145,0.000191,0.000136,0.000168,0.000141,0.000120,0.000073,0.000059,0.000063,0.000069,0.000150,0.000159,0.000066,0.000075,0.000064,0.000074,0.000072,0.000128,0.000168,0.000194,0.000217,0.000239,0.000172,0.000134,0.000032,0.000014,0.000099,0.000152
81,,,,,,,,,,,,,0.000568,0.000004,0.000092,0.000103,0.000113,0.000093,0.000080,0.000079,0.000116,0.000149,0.000142,0.000271,0.000248,0.000296,0.000298,0.000369,0.000391,0.000394,0.000503,0.000377,0.000303,0.000358,0.000208,0.000137,0.000203,0.000196,0.000211,0.000307,0.000347,0.000338,0.000254,0.000238,0.000168,0.000124,0.000011,0.000008,0.000039,0.000049
82,,,,,,,,,,,,,0.000851,0.000015,0.000275,0.000279,0.000234,0.000179,0.000142,0.000136,0.000154,0.000153,0.000105,0.000074,0.000085,0.000076,0.000079,0.000080,0.000063,0.000045,0.000054,0.000056,0.000048,0.000041,0.000038,0.000024,0.000043,0.000054,0.000082,0.000156,0.000220,0.000245,0.000303,0.000305,0.000251,0.000173,0.000030,0.000014,0.000058,0.000071
83,,,,,,,,,,,,,0.000303,0.000003,0.000022,0.000017,0.000014,0.000014,0.000038,0.000080,0.000165,0.000289,0.000361,0.000492,0.000542,0.000669,0.000678,0.000588,0.000418,0.000353,0.000360,0.000338,0.000262,0.000177,0.000081,0.000043,0.000071,0.000072,0.000064,0.000067,0.000064,0.000076,0.000091,0.000094,0.000081,0.000083,0.000015,0.000014,0.000078,0.000099
84,,,,,,,,,,,,,0.000189,0.000003,0.000044,0.000044,0.000067,0.000060,0.000052,0.000052,0.000047,0.000040,0.000028,0.000025,0.000027,0.000033,0.000031,0.000022,0.000021,0.000020,0.000015,0.000020,0.000020,0.000015,0.000020,0.000012,0.000019,0.000024,0.000025,0.000028,0.000043,0.000099,0.000135,0.000155,0.000138,0.000141,0.000028,0.000022,0.000064,0.000078
85,,,,,,,,,,,,,0.001965,0.000016,0.000171,0.000158,0.000170,0.000131,0.000105,0.000093,0.000082,0.000087,0.000061,0.000049,0.000035,0.000043,0.000041,0.000052,0.000080,0.000095,0.000110,0.000119,0.000072,0.000049,0.000023,0.000016,0.000024,0.000076,0.000110,0.000149,0.000195,0.000221,0.000187,0.000193,0.000152,0.000154,0.000041,0.000057,0.000276,0.000322
86,,,,,,,,,,,,,0.002425,0.000004,0.000069,0.000076,0.000096,0.000063,0.000068,0.000095,0.000126,0.000162,0.000140,0.000140,0.000161,0.000216,0.000285,0.000344,0.000341,0.000336,0.000411,0.000434,0.000382,0.000388,0.000139,0.000113,0.000201,0.000197,0.000126,0.000104,0.000097,0.000090,0.000093,0.000088,0.000069,0.000059,0.000012,0.000008,0.000039,0.000059
87,,,,,,,,,,,,,0.000114,0.000009,0.000119,0.000120,0.000112,0.000079,0.000075,0.000071,0.000066,0.000067,0.000057,0.000048,0.000043,0.000047,0.000047,0.000034,0.000031,0.000037,0.000053,0.000045,0.000034,0.000041,0.000032,0.000025,0.000041,0.000047,0.000053,0.000111,0.000229,0.000335,0.000411,0.000491,0.000399,0.000303,0.000036,0.000015,0.000098,0.000154
88,,,,,,,,,,,,,0.001576,0.000006,0.000064,0.000063,0.000069,0.000061,0.000065,0.000063,0.000069,0.000079,0.000070,0.000078,0.000072,0.000085,0.000098,0.000089,0.000077,0.000080,0.000091,0.000082,0.000081,0.000065,0.000031,0.000018,0.000024,0.000033,0.000062,0.000079,0.000074,0.000064,0.000158,0.000059,0.000046,0.000044,0.000029,0.000012,0.000079,0.000100
89,,,,,,,,,,,,,0.000427,0.000007,0.000183,0.000213,0.000254,0.000164,0.000139,0.000120,0.000103,0.000123,0.000105,0.000088,0.000094,0.000124,0.000117,0.000108,0.000082,0.000073,0.000078,0.000084,0.000089,0.000116,0.000042,0.000029,0.000052,0.000063,0.000070,0.000072,0.000071,0.000062,0.000058,0.000056,0.000054,0.000060,0.000013,0.000008,0.000026,0.000031
90,,,,,,,,,,,,,0.002107,0.000006,0.000075,0.000071,0.000078,0.000067,0.000051,0.000068,0.000065,0.000055,0.000045,0.000030,0.000030,0.000042,0.000036,0.000034,0.000036,0.000035,0.000031,0.000027,0.000023,0.000024,0.000028,0.000038,0.000098,0.000135,0.000119,0.000140,0.000124,0.000112,0.000097,0.000108,0.000090,0.000076,0.000018,0.000010,0.000057,0.000083
91,,,,,,,,,,,,,0.001422,0.000002,0.000020,0.000012,0.000025,0.000055,0.000159,0.000355,0.000774,0.001240,0.001360,0.001500,0.001493,0.001707,0.001715,0.001490,0.001237,0.000959,0.000819,0.000648,0.000498,0.000348,0.000167,0.000075,0.000115,0.000105,0.000084,0.000080,0.000075,0.000064,0.000066,0.000066,0.000053,0.000051,0.000010,0.000006,0.000026,0.000030
92,,,,,,,,,,,,,0.007566,0.000010,0.000159,0.000141,0.000136,0.000092,0.000098,0.000127,0.000149,0.000195,0.000146,0.000131,0.000106,0.000103,0.000104,0.000103,0.000098,0.000067,0.000082,0.000071,0.000060,0.000048,0.000034,0.000027,0.000074,0.000195,0.000165,0.000101,0.000056,0.000046,0.000035,0.000033,0.000028,0.000020,0.000005,0.000008,0.000035,0.000087
93,,,,,,,,,,,,,0.002747,0.000004,0.000056,0.000054,0.000060,0.000056,0.000046,0.000036,0.000041,0.000047,0.000034,0.000040,0.000038,0.000051,0.000051,0.000060,0.000067,0.000068,0.000096,0.000122,0.000124,0.000087,0.000044,0.000032,0.000096,0.000215,0.000355,0.000443,0.000478,0.000548,0.000542,0.000509,0.000431,0.000407,0.000049,0.000018,0.000090,0.000146
94,,,,,,,,,,,,,0.002008,0.000005,0.000110,0.000132,0.000119,0.000116,0.000117,0.000106,0.000105,0.000120,0.000080,0.000099,0.000128,0.000120,0.000100,0.000100,0.000080,0.000068,0.000061,0.000066,0.000106,0.000207,0.000263,0.000217,0.000318,0.000241,0.000179,0.000234,0.000235,0.000180,0.000126,0.000116,0.000075,0.000059,0.000011,0.000006,0.000034,0.000046
95,,,,,,,,,,,,,0.082384,0.000017,0.000176,0.000163,0.000170,0.000114,0.000088,0.000094,0.000108,0.000113,0.000080,0.000071,0.000058,0.000071,0.000081,0.000070,0.000052,0.000048,0.000049,0.000043,0.000038,0.000024,0.000015,0.000014,0.000029,0.000028,0.000032,0.000036,0.000050,0.000066,0.000064,0.000069,0.000081,0.000092,0.000020,0.000011,0.000059,0.000095
96,,,,,,,,,,,,,0.001466,0.000006,0.000077,0.000062,0.000082,0.000053,0.000068,0.000099,0.000089,0.000100,0.000079,0.000078,0.000078,0.000092,0.000088,0.000082,0.000075,0.000065,0.000070,0.000065,0.000056,0.000041,0.000026,0.000023,0.000033,0.000039,0.000038,0.000035,0.000033,0.000028,0.000024,0.000041,0.000056,0.000057,0.000012,0.000018,0.000064,0.000067
97,,,,,,,,,,,,,0.001637,0.000007,0.000065,0.000066,0.000069,0.000056,0.000053,0.000052,0.000046,0.000050,0.000035,0.000035,0.000037,0.000060,0.000053,0.000063,0.000070,0.000069,0.000081,0.000090,0.000113,0.000098,0.000056,0.000046,0.000097,0.000073,0.000064,0.000059,0.000056,0.000045,0.000039,0.000055,0.000047,0.000059,0.000108,0.000048,0.000111,0.000164
98,,,,,,,,,,,,,0.003027,0.000008,0.000092,0.000094,0.000133,0.000082,0.000072,0.000076,0.000087,0.000095,0.000061,0.000063,0.000055,0.000049,0.000050,0.000059,0.000063,0.000095,0.000168,0.000146,0.000111,0.000107,0.000051,0.000032,0.000053,0.000067,0.000076,0.000072,0.000073,0.000102,0.000039,0.000041,0.000041,0.000075,0.000049,0.000014,0.000070,0.000067
99,,,,,,,,,,,,,0.002435,0.000006,0.000093,0.000111,0.000133,0.000113,0.000105,0.000094,0.000086,0.000088,0.000083,0.000082,0.000073,0.000088,0.000086,0.000083,0.000054,0.000047,0.000050,0.000040,0.000031,0.000033,0.000028,0.000027,0.000033,0.000038,0.000032,0.000039,0.000045,0.000039,0.000042,0.000053,0.000034,0.000033,0.000014,0.000033,0.000073,0.000087
100,,,,,,,,,,,,,0.000490,0.000006,0.000089,0.000098,0.000103,0.000080,0.000080,0.000067,0.000056,0.000056,0.000046,0.000058,0.000052,0.000064,0.000063,0.000066,0.000070,0.000077,0.000083,0.000069,0.000049,0.000033,0.000021,0.000014,0.000021,0.000018,0.000023,0.000038,0.000045,0.000061,0.000095,0.000181,0.000322,0.000339,0.000046,0.000015,0.000061,0.000110
101,,,,,,,,,,,,,0.001127,0.000002,0.000044,0.000036,0.000061,0.000047,0.000055,0.000046,0.000052,0.000052,0.000045,0.000038,0.000035,0.000046,0.000055,0.000056,0.000047,0.000059,0.000101,0.000187,0.000240,0.000164,0.000173,0.000038,0.000075,0.000071,0.000061,0.000070,0.000174,0.000090,0.000066,0.000063,0.000051,0.000041,0.000012,0.000011,0.000040,0.000033
102,,,,,,,,,,,,,0.000511,0.000007,0.000080,0.000076,0.000069,0.000034,0.000031,0.000034,0.000035,0.000032,0.000035,0.000040,0.000028,0.000029,0.000033,0.000037,0.000039,0.000054,0.000073,0.000066,0.000057,0.000058,0.000046,0.000062,0.000097,0.000144,0.000161,0.000219,0.000258,0.000236,0.000197,0.000190,0.000139,0.000102,0.000018,0.000012,0.000067,0.000106
103,,,,,,,,,,,,,-0.000051,0.000002,0.000058,0.000054,0.000052,0.000033,0.000031,0.000034,0.000040,0.000039,0.000032,0.000041,0.000037,0.000052,0.000058,0.000061,0.000054,0.000058,0.000065,0.000058,0.000057,0.000053,0.000178,0.000023,0.000033,0.000030,0.000045,0.000069,0.000101,0.000070,0.000057,0.000049,0.000039,0.000033,0.000007,0.000014,0.000035,0.000038
104,,,,,,,,,,,,,0.001471,0.000008,0.000148,0.000168,0.000247,0.000150,0.000127,0.000095,0.000079,0.000072,0.000045,0.000044,0.000048,0.000054,0.000043,0.000034,0.000027,0.000021,0.000027,0.000031,0.000029,0.000027,0.000021,0.000019,0.000031,0.000035,0.000029,0.000033,0.000039,0.000058,0.000086,0.000139,0.000145,0.000175,0.000033,0.000035,0.000080,0.000098
105,,,,,,,,,,,,,0.005183,0.000011,0.000196,0.000243,0.000325,0.000296,0.000309,0.000301,0.000352,0.000387,0.000343,0.000299,0.000299,0.000294,0.000276,0.000274,0.000260,0.000254,0.000320,0.000325,0.000211,0.000139,0.000062,0.000039,0.000073,0.000074,0.000068,0.000101,0.000117,0.000114,0.000089,0.000091,0.000077,0.000063,0.000015,0.000025,0.000165,0.000202
106,,,,,,,,,,,,,0.000523,0.000003,0.000039,0.000035,0.000042,0.000024,0.000027,0.000029,0.000037,0.000049,0.000027,0.000032,0.000026,0.000027,0.000028,0.000024,0.000031,0.000031,0.000071,0.000107,0.000082,0.000078,0.000044,0.000023,0.000036,0.000040,0.000040,0.000064,0.000092,0.000108,0.000092,0.000091,0.000084,0.000082,0.000014,0.000009,0.000031,0.000053
107,,,,,,,,,,,,,0.000325,0.000004,0.000041,0.000042,0.000058,0.000047,0.000042,0.000049,0.000058,0.000058,0.000045,0.000037,0.000050,0.000049,0.000046,0.000044,0.000034,0.000031,0.000036,0.000031,0.000028,0.000024,0.000036,0.000023,0.000041,0.000053,0.000075,0.000094,0.000068,0.000061,0.000079,0.000102,0.000112,0.000113,0.000038,0.000018,0.000074,0.000078
108,,,,,,,,,,,,,0.000693,0.000005,0.000070,0.000069,0.000075,0.000064,0.000060,0.000049,0.000058,0.000074,0.000062,0.000064,0.000066,0.000081,0.000104,0.000117,0.000123,0.000137,0.000171,0.000166,0.000126,0.000101,0.000057,0.000032,0.000065,0.000098,0.000075,0.000060,0.000035,0.000038,0.000034,0.000030,0.000030,0.000033,0.000060,0.000027,0.000097,0.000112
109,,,,,,,,,,,,,0.002013,0.000010,0.000208,0.000191,0.000261,0.000306,0.000384,0.000481,0.000581,0.000677,0.000535,0.000528,0.000447,0.000370,0.000289,0.000245,0.000178,0.000148,0.000152,0.000149,0.000117,0.000096,0.000077,0.000072,0.000159,0.000244,0.000258,0.000196,0.000171,0.000154,0.000122,0.000118,0.000129,0.000122,0.000023,0.000013,0.000049,0.000122
110,,,,,,,,,,,,,0.001328,0.000006,0.000173,0.000159,0.000218,0.000178,0.000173,0.000169,0.000124,0.000125,0.000111,0.000106,0.000087,0.000095,0.000093,0.000085,0.000066,0.000054,0.000057,0.000065,0.000064,0.000051,0.000031,0.000027,0.000056,0.000096,0.000131,0.000182,0.000251,0.000259,0.000207,0.000190,0.000140,0.000103,0.000011,0.000005,0.000019,0.000074
111,,,,,,,,,,,,,0.001543,0.000004,0.000110,0.000137,0.000136,0.000100,0.000119,0.000175,0.000194,0.000190,0.000170,0.000208,0.000335,0.000353,0.000400,0.000332,0.000251,0.000224,0.000216,0.000170,0.000123,0.000109,0.000054,0.000036,0.000063,0.000087,0.000062,0.000072,0.000094,0.000145,0.000086,0.000072,0.000070,0.000045,0.000006,0.000004,0.000028,0.000049
112,,,,,,,,,,,,,0.001755,0.000008,0.000085,0.000068,0.000131,0.000172,0.000165,0.000150,0.000141,0.000185,0.000168,0.000150,0.000144,0.000178,0.000153,0.000130,0.000116,0.000127,0.000133,0.000146,0.000135,0.000097,0.000066,0.000043,0.000064,0.000072,0.000096,0.000095,0.000044,0.000029,0.000030,0.000026,0.000028,0.000050,0.000042,0.000036,0.000153,0.000157
113,,,,,,,,,,,,,0.001446,0.000004,0.000062,0.000063,0.000080,0.000061,0.000070,0.000079,0.000086,0.000088,0.000073,0.000074,0.000074,0.000084,0.000076,0.000077,0.000067,0.000056,0.000067,0.000057,0.000060,0.000214,0.000073,0.000039,0.000068,0.000093,0.000171,0.000251,0.000195,0.000155,0.000110,0.000089,0.000070,0.000062,0.000007,0.000004,0.000033,0.000061
114,,,,,,,,,,,,,0.002417,0.000007,0.000077,0.000078,0.000055,0.000034,0.000035,0.000035,0.000042,0.000045,0.000032,0.000044,0.000040,0.000037,0.000036,0.000037,0.000033,0.000034,0.000034,0.000046,0.000042,0.000037,0.000035,0.000026,0.000030,0.000033,0.000039,0.000048,0.000049,0.000054,0.000061,0.000083,0.000114,0.000152,0.000036,0.000028,0.000113,0.000150
115,,,,,,,,,,,,,0.000719,0.000005,0.000028,0.000019,0.000065,0.000105,0.000160,0.000208,0.000249,0.000284,0.000247,0.000231,0.000168,0.000164,0.000148,0.000125,0.000101,0.000087,0.000128,0.000120,0.000123,0.000145,0.000177,0.000101,0.000193,0.000186,0.000124,0.000143,0.000135,0.000134,0.000182,0.000286,0.000282,0.000292,0.000087,0.000056,0.000206,0.000212
116,,,,,,,,,,,,,0.002981,0.000007,0.000093,0.000101,0.000117,0.000080,0.000092,0.000096,0.000083,0.000087,0.000073,0.000094,0.000099,0.000108,0.000102,0.000106,0.000081,0.000070,0.000083,0.000075,0.000076,0.000079,0.000109,0.000029,0.000052,0.000071,0.000085,0.000096,0.000084,0.000091,0.000084,0.000100,0.000081,0.000077,0.000010,0.000005,0.000033,0.000076
117,,,,,,,,,,,,,0.001580,0.000011,0.000174,0.000176,0.000252,0.000200,0.000190,0.000169,0.000154,0.000155,0.000114,0.000103,0.000101,0.000137,0.000114,0.000095,0.000079,0.000075,0.000087,0.000085,0.000080,0.000059,0.000037,0.000036,0.000034,0.000059,0.000050,0.000060,0.000057,0.000045,0.000047,0.000055,0.000055,0.000051,0.000024,0.000020,0.000134,0.000194
118,,,,,,,,,,,,,0.002160,0.000041,0.000490,0.000385,0.000278,0.000156,0.000125,0.000087,0.000084,0.000080,0.000071,0.000074,0.000065,0.000071,0.000083,0.000079,0.000060,0.000052,0.000061,0.000076,0.000057,0.000045,0.000034,0.000020,0.000030,0.000045,0.000049,0.000052,0.000040,0.000038,0.000033,0.000033,0.000035,0.000026,0.000009,0.000013,0.000250,0.000583
119,,,,,,,,,,,,,-0.000062,0.000007,0.000127,0.000117,0.000110,0.000074,0.000095,0.000112,0.000128,0.000146,0.000123,0.000123,0.000083,0.000081,0.000079,0.000074,0.000061,0.000059,0.000062,0.000061,0.000052,0.000040,0.000081,0.000054,0.000116,0.000136,0.000193,0.000166,0.000202,0.000187,0.000137,0.000119,0.000079,0.000053,0.000015,0.000007,0.000048,0.000067
120,,,,,,,,,,,,,-0.000204,0.000023,0.000444,0.000506,0.000516,0.000416,0.000381,0.000333,0.000330,0.000331,0.000252,0.000221,0.000179,0.000195,0.000193,0.000189,0.000154,0.000105,0.000107,0.000103,0.000075,0.000058,0.000033,0.000019,0.000038,0.000032,0.000024,0.000031,0.000032,0.000028,0.000023,0.000030,0.000025,0.000023,0.000007,0.000004,0.000038,0.000061
121,,,,,,,,,,,,,0.002715,0.000005,0.000086,0.000071,0.000101,0.000116,0.000190,0.000236,0.000313,0.000257,0.000174,0.000147,0.000106,0.000115,0.000110,0.000102,0.000099,0.000115,0.000170,0.000161,0.000131,0.000088,0.000046,0.000064,0.000192,0.000289,0.000180,0.000140,0.000103,0.000093,0.000074,0.000062,0.000047,0.000046,0.000008,0.000006,0.000046,0.000147
122,,,,,,,,,,,,,0.000943,0.000005,0.000055,0.000047,0.000047,0.000040,0.000039,0.000041,0.000038,0.000041,0.000030,0.000027,0.000034,0.000045,0.000048,0.000056,0.000042,0.000039,0.000047,0.000050,0.000048,0.000060,0.000046,0.000088,0.000121,0.000132,0.000105,0.000108,0.000115,0.000123,0.000110,0.000092,0.000071,0.000062,0.000019,0.000011,0.000042,0.000102
123,,,,,,,,,,,,,0.002318,0.000020,0.000434,0.000374,0.000400,0.000382,0.000552,0.000657,0.000803,0.000945,0.000884,0.000923,0.000811,0.000912,0.000917,0.000890,0.000702,0.000576,0.000601,0.000506,0.000385,0.000261,0.000107,0.000054,0.000087,0.000085,0.000075,0.000073,0.000059,0.000046,0.000038,0.000036,0.000026,0.000027,0.000005,0.000005,0.000031,0.000075
124,,,,,,,,,,,,,-0.000324,0.000004,0.000094,0.000101,0.000124,0.000098,0.000088,0.000087,0.000080,0.000093,0.000094,0.000080,0.000101,0.000120,0.000154,0.000158,0.000150,0.000107,0.000098,0.000081,0.000054,0.000047,0.000035,0.000054,0.000169,0.000306,0.000284,0.000313,0.000302,0.000261,0.000202,0.000170,0.000115,0.000085,0.000013,0.000008,0.000025,0.000033
125,,,,,,,,,,,,,0.002238,0.000006,0.000123,0.000115,0.000138,0.000163,0.000179,0.000200,0.000201,0.000221,0.000213,0.000213,0.000224,0.000309,0.000395,0.000485,0.000560,0.000579,0.000641,0.000530,0.000431,0.000285,0.000105,0.000061,0.000120,0.000190,0.000166,0.000143,0.000080,0.000064,0.000042,0.000047,0.000044,0.000043,0.000008,0.000009,0.000034,0.000046
126,,,,,,,,,,,,,-0.000846,0.000014,0.000187,0.000141,0.000141,0.000101,0.000095,0.000092,0.000096,0.000122,0.000106,0.000115,0.000089,0.000089,0.000078,0.000079,0.000066,0.000056,0.000057,0.000061,0.000051,0.000050,0.000022,0.000035,0.000020,0.000036,0.000062,0.000101,0.000119,0.000128,0.000117,0.000120,0.000110,0.000117,0.000047,0.000026,0.000089,0.000141
127,,,,,,,,,,,,,0.003912,0.000008,0.000095,0.000091,0.000095,0.000061,0.000065,0.000163,0.000102,0.000101,0.000062,0.000047,0.000051,0.000036,0.000045,0.000042,0.000047,0.000065,0.000190,0.000336,0.000388,0.000273,0.000132,0.000060,0.000105,0.000157,0.000143,0.000131,0.000140,0.000178,0.000173,0.000159,0.000119,0.000086,0.000016,0.000007,0.000054,0.000160
128,,,,,,,,,,,,,0.003978,0.000033,0.000483,0.000457,0.000369,0.000221,0.000202,0.000277,0.000174,0.000141,0.000097,0.000091,0.000077,0.000083,0.000102,0.000157,0.000300,0.000325,0.000393,0.000339,0.000216,0.000125,0.000069,0.000037,0.000063,0.000067,0.000062,0.000109,0.000107,0.000099,0.000118,0.000095,0.000080,0.000081,0.000041,0.000039,0.000209,0.000457
129,,,,,,,,,,,,,0.007146,0.000007,0.000096,0.000079,0.000112,0.000099,0.000067,0.000050,0.000059,0.000070,0.000050,0.000052,0.000049,0.000061,0.000048,0.000045,0.000048,0.000051,0.000058,0.000049,0.000048,0.000042,0.000167,0.000052,0.000061,0.000103,0.000123,0.000099,0.000093,0.000085,0.000123,0.000089,0.000076,0.000070,0.000014,0.000021,0.000071,0.000092
130,,,,,,,,,,,,,0.003942,0.000010,0.000133,0.000150,0.000188,0.000130,0.000152,0.000163,0.000126,0.000118,0.000092,0.000105,0.000090,0.000095,0.000092,0.000087,0.000076,0.000068,0.000078,0.000082,0.000083,0.000073,0.000074,0.000025,0.000057,0.000094,0.000103,0.000118,0.000131,0.000136,0.000121,0.000129,0.000103,0.000098,0.000013,0.000007,0.000046,0.000131
131,,,,,,,,,,,,,0.001986,0.000018,0.000287,0.000271,0.000233,0.000154,0.000129,0.000111,0.000121,0.000127,0.000090,0.000091,0.000087,0.000095,0.000099,0.000084,0.000088,0.000105,0.000218,0.000384,0.000396,0.000244,0.000107,0.000061,0.000120,0.000064,0.000057,0.000066,0.000069,0.000107,0.000114,0.000141,0.000124,0.000093,0.000013,0.000009,0.000057,0.000144
132,,,,,,,,,,,,,0.001257,0.000002,0.000037,0.000036,0.000032,0.000025,0.000027,0.000038,0.000040,0.000060,0.000071,0.000079,0.000092,0.000128,0.000173,0.000246,0.000231,0.000201,0.000236,0.000199,0.000141,0.000116,0.000088,0.000049,0.000066,0.000066,0.000064,0.000064,0.000040,0.000040,0.000037,0.000037,0.000034,0.000036,0.000009,0.000006,0.000028,0.000037
133,,,,,,,,,,,,,0.000582,0.000004,0.000051,0.000059,0.000072,0.000067,0.000055,0.000052,0.000045,0.000050,0.000037,0.000048,0.000031,0.000030,0.000029,0.000037,0.000034,0.000048,0.000051,0.000066,0.000061,0.000173,0.000091,0.000064,0.000125,0.000160,0.000179,0.000125,0.000110,0.000104,0.000115,0.000076,0.000061,0.000052,0.000010,0.000010,0.000057,0.000078
134,,,,,,,,,,,,,0.003092,0.000011,0.000104,0.000064,0.000068,0.000053,0.000046,0.000051,0.000037,0.000040,0.000036,0.000038,0.000047,0.000056,0.000070,0.000108,0.000149,0.000175,0.000257,0.000378,0.000387,0.000254,0.000145,0.000072,0.000161,0.000249,0.000267,0.000207,0.000152,0.000117,0.000072,0.000060,0.000046,0.000044,0.000014,0.000018,0.000354,0.000412
135,,,,,,,,,,,,,0.001198,0.000004,0.000026,0.000023,0.000036,0.000037,0.000033,0.000037,0.000034,0.000034,0.000031,0.000034,0.000039,0.000049,0.000049,0.000086,0.000109,0.000116,0.000137,0.000140,0.000099,0.000084,0.000089,0.000030,0.000048,0.000045,0.000042,0.000068,0.000144,0.000097,0.000119,0.000118,0.000114,0.000132,0.000026,0.000017,0.000060,0.000075
136,,,,,,,,,,,,,0.001367,0.000006,0.000108,0.000119,0.000140,0.000115,0.000088,0.000073,0.000073,0.000080,0.000055,0.000041,0.000037,0.000044,0.000055,0.000058,0.000053,0.000047,0.000048,0.000062,0.000050,0.000038,0.000023,0.000019,0.000025,0.000033,0.000054,0.000134,0.000311,0.000527,0.000550,0.000549,0.000437,0.000350,0.000033,0.000010,0.000053,0.000081
137,,,,,,,,,,,,,0.000598,0.000010,0.000247,0.000300,0.000396,0.000256,0.000229,0.000211,0.000160,0.000172,0.000156,0.000129,0.000121,0.000130,0.000131,0.000129,0.000106,0.000086,0.000084,0.000077,0.000069,0.000087,0.000035,0.000024,0.000040,0.000048,0.000050,0.000048,0.000044,0.000037,0.000031,0.000029,0.000032,0.000034,0.000008,0.000005,0.000021,0.000026
138,,,,,,,,,,,,,-0.000117,0.000006,0.000050,0.000045,0.000036,0.000037,0.000054,0.000119,0.000105,0.000108,0.000096,0.000087,0.000104,0.000129,0.000156,0.000191,0.000198,0.000184,0.000168,0.000131,0.000091,0.000070,0.000033,0.000028,0.000027,0.000043,0.000039,0.000029,0.000035,0.000044,0.000106,0.000069,0.000063,0.000057,0.000028,0.000017,0.000086,0.000126
139,,,,,,,,,,,,,0.004148,0.000002,0.000033,0.000037,0.000041,0.000028,0.000037,0.000048,0.000058,0.000065,0.000056,0.000054,0.000048,0.000054,0.000053,0.000057,0.000053,0.000047,0.000051,0.000044,0.000034,0.000051,0.000075,0.000044,0.000040,0.000043,0.000040,0.000042,0.000042,0.000029,0.000037,0.000024,0.000020,0.000016,0.000004,0.000004,0.000044,0.000053
140,,,,,,,,,,,,,0.001351,0.000009,0.000153,0.000151,0.000187,0.000121,0.000101,0.000105,0.000107,0.000115,0.000088,0.000087,0.000087,0.000110,0.000108,0.000099,0.000073,0.000064,0.000074,0.000075,0.000061,0.000034,0.000023,0.000019,0.000039,0.000032,0.000028,0.000049,0.000068,0.000103,0.000125,0.000146,0.000147,0.000133,0.000022,0.000021,0.000067,0.000115
141,,,,,,,,,,,,,0.002340,0.000005,0.000052,0.000070,0.000085,0.000066,0.000063,0.000050,0.000049,0.000041,0.000035,0.000044,0.000047,0.000056,0.000065,0.000052,0.000049,0.000055,0.000055,0.000053,0.000036,0.000039,0.000035,0.000018,0.000028,0.000032,0.000036,0.000038,0.000034,0.000038,0.000041,0.000053,0.000116,0.000258,0.000065,0.000027,0.000091,0.000125
142,,,,,,,,,,,,,0.000909,0.000007,0.000065,0.000054,0.000070,0.000056,0.000058,0.000046,0.000053,0.000052,0.000039,0.000044,0.000055,0.000060,0.000065,0.000066,0.000070,0.000121,0.000116,0.000130,0.000078,0.000056,0.000027,0.000019,0.000028,0.000044,0.000079,0.000167,0.000295,0.000459,0.000534,0.000500,0.000406,0.000347,0.000057,0.000029,0.000073,0.000126
143,,,,,,,,,,,,,0.000252,0.000004,0.000061,0.000059,0.000095,0.000082,0.000081,0.000076,0.000098,0.000091,0.000059,0.000057,0.000051,0.000064,0.000060,0.000053,0.000043,0.000039,0.000049,0.000055,0.000049,0.000056,0.000059,0.000031,0.000076,0.000105,0.000106,0.000099,0.000091,0.000058,0.000055,0.000059,0.000046,0.000040,0.000012,0.000010,0.000059,0.000066
144,,,,,,,,,,,,,0.026968,0.000012,0.000243,0.000227,0.000275,0.000189,0.000144,0.000131,0.000099,0.000110,0.000089,0.000081,0.000074,0.000091,0.000090,0.000091,0.000065,0.000082,0.000150,0.000216,0.000131,0.000093,0.000041,0.000023,0.000037,0.000038,0.000060,0.000057,0.000079,0.000084,0.000100,0.000129,0.000169,0.000165,0.000033,0.000013,0.000098,0.000125
145,,,,,,,,,,,,,0.013631,0.000011,0.000199,0.000193,0.000286,0.000235,0.000193,0.000177,0.000207,0.000238,0.000298,0.000241,0.000302,0.000198,0.000171,0.000134,0.000083,0.000060,0.000112,0.000203,0.000171,0.000160,0.000123,0.000115,0.000292,0.000469,0.000538,0.000579,0.000565,0.000567,0.000403,0.000390,0.000353,0.000303,0.000036,0.000014,0.000116,0.000254
146,,,,,,,,,,,,,0.000172,0.000005,0.000067,0.000061,0.000059,0.000036,0.000046,0.000042,0.000037,0.000049,0.000042,0.000042,0.000043,0.000049,0.000052,0.000087,0.000132,0.000207,0.000309,0.000333,0.000249,0.000178,0.000111,0.000116,0.000182,0.000146,0.000103,0.000125,0.000108,0.000088,0.000066,0.000055,0.000056,0.000048,0.000024,0.000015,0.000070,0.000106
147,,,,,,,,,,,,,0.003474,0.000006,0.000075,0.000073,0.000075,0.000064,0.000065,0.000059,0.000069,0.000081,0.000087,0.000099,0.000081,0.000093,0.000095,0.000082,0.000061,0.000053,0.000075,0.000071,0.000066,0.000070,0.000035,0.000053,0.000039,0.000040,0.000034,0.000044,0.000055,0.000056,0.000067,0.000066,0.000059,0.000069,0.000023,0.000021,0.000124,0.000163
148,,,,,,,,,,,,,0.045661,0.000031,0.000347,0.000342,0.000312,0.000190,0.000171,0.000118,0.000112,0.000105,0.000078,0.000073,0.000058,0.000059,0.000064,0.000061,0.000062,0.000198,0.000168,0.000210,0.000126,0.000082,0.000042,0.000022,0.000040,0.000063,0.000086,0.000088,0.000075,0.000061,0.000067,0.000040,0.000029,0.000039,0.000010,0.000020,0.000149,0.000231
149,,,,,,,,,,,,,0.001461,0.000008,0.000249,0.000268,0.000295,0.000176,0.000130,0.000123,0.000144,0.000157,0.000156,0.000183,0.000163,0.000220,0.000259,0.000295,0.000242,0.000222,0.000211,0.000168,0.000112,0.000085,0.000036,0.000026,0.000049,0.000050,0.000034,0.000051,0.000063,0.000059,0.000034,0.000031,0.000031,0.000030,0.000005,0.000004,0.000054,0.000076
150,,,,,,,,,,,,,0.001024,0.000008,0.000170,0.000225,0.000232,0.000161,0.000118,0.000097,0.000080,0.000080,0.000059,0.000065,0.000068,0.000090,0.000088,0.000078,0.000067,0.000063,0.000069,0.000067,0.000094,0.000176,0.000159,0.000086,0.000115,0.000069,0.000062,0.000055,0.000056,0.000064,0.000068,0.000106,0.000133,0.000111,0.000014,0.000008,0.000033,0.000042
151,,,,,,,,,,,,,0.001543,0.000009,0.000076,0.000071,0.000098,0.000146,0.000185,0.000189,0.000204,0.000248,0.000201,0.000241,0.000188,0.000208,0.000153,0.000146,0.000093,0.000075,0.000077,0.000088,0.000046,0.000031,0.000019,0.000013,0.000021,0.000027,0.000039,0.000084,0.000062,0.000075,0.000082,0.000099,0.000113,0.000188,0.000090,0.000064,0.000207,0.000209
152,,,,,,,,,,,,,0.003935,0.000013,0.000196,0.000221,0.000238,0.000172,0.000153,0.000138,0.000143,0.000135,0.000101,0.000094,0.000084,0.000079,0.000086,0.000087,0.000063,0.000049,0.000052,0.000065,0.000086,0.000095,0.000128,0.000075,0.000174,0.000259,0.000197,0.000181,0.000168,0.000151,0.000111,0.000099,0.000071,0.000055,0.000009,0.000007,0.000043,0.000078
153,,,,,,,,,,,,,0.003553,0.000004,0.000068,0.000061,0.000083,0.000065,0.000078,0.000099,0.000127,0.000139,0.000128,0.000150,0.000195,0.000103,0.000085,0.000068,0.000052,0.000042,0.000047,0.000062,0.000059,0.000056,0.000046,0.000065,0.000134,0.000140,0.000145,0.000169,0.000197,0.000251,0.000269,0.000352,0.000367,0.000341,0.000045,0.000013,0.000042,0.000075
154,,,,,,,,,,,,,0.000672,0.000009,0.000259,0.000372,0.000630,0.000626,0.000509,0.000379,0.000304,0.000282,0.000188,0.000162,0.000132,0.000131,0.000125,0.000115,0.000086,0.000078,0.000101,0.000126,0.000120,0.000080,0.000054,0.000050,0.000104,0.000097,0.000058,0.000065,0.000066,0.000054,0.000046,0.000046,0.000050,0.000050,0.000006,0.000005,0.000037,0.000046
155,,,,,,,,,,,,,0.000056,0.000006,0.000056,0.000063,0.000076,0.000067,0.000069,0.000089,0.000115,0.000186,0.000255,0.000321,0.000327,0.000487,0.000648,0.000921,0.001083,0.000974,0.001070,0.000724,0.000492,0.000333,0.000125,0.000051,0.000072,0.000062,0.000038,0.000045,0.000035,0.000027,0.000033,0.000044,0.000031,0.000060,0.000022,0.000010,0.000057,0.000134
156,,,,,,,,,,,,,0.000427,0.000012,0.000112,0.000092,0.000107,0.000080,0.000098,0.000132,0.000186,0.000231,0.000313,0.000208,0.000255,0.000189,0.000199,0.000162,0.000111,0.000103,0.000096,0.000099,0.000068,0.000041,0.000025,0.000025,0.000032,0.000038,0.000078,0.000113,0.000184,0.000276,0.000334,0.000391,0.000351,0.000285,0.000044,0.000024,0.000101,0.000139
157,,,,,,,,,,,,,0.001943,0.000005,0.000050,0.000047,0.000052,0.000042,0.000034,0.000031,0.000033,0.000034,0.000031,0.000039,0.000036,0.000047,0.000067,0.000076,0.000071,0.000100,0.000076,0.000064,0.000045,0.000044,0.000044,0.000042,0.000117,0.000230,0.000180,0.000095,0.000058,0.000053,0.000056,0.000045,0.000042,0.000037,0.000013,0.000009,0.000051,0.000063
158,,,,,,,,,,,,,0.000998,0.000004,0.000046,0.000038,0.000039,0.000027,0.000038,0.000035,0.000037,0.000033,0.000027,0.000036,0.000026,0.000041,0.000045,0.000048,0.000045,0.000034,0.000033,0.000029,0.000028,0.000028,0.000040,0.000059,0.000045,0.000038,0.000027,0.000030,0.000028,0.000036,0.000043,0.000051,0.000063,0.000088,0.000034,0.000016,0.000051,0.000054
159,,,,,,,,,,,,,0.004874,0.000005,0.000057,0.000062,0.000066,0.000062,0.000092,0.000146,0.000225,0.000290,0.000293,0.000298,0.000301,0.000364,0.000420,0.000486,0.000606,0.001105,0.001103,0.001012,0.000670,0.000407,0.000183,0.000077,0.000109,0.000108,0.000080,0.000077,0.000069,0.000052,0.000045,0.000035,0.000028,0.000024,0.000008,0.000007,0.000035,0.000065
160,,,,,,,,,,,,,0.001785,0.000004,0.000057,0.000052,0.000067,0.000059,0.000054,0.000042,0.000038,0.000059,0.000083,0.000128,0.000180,0.000249,0.000307,0.000379,0.000388,0.000415,0.000422,0.000355,0.000228,0.000171,0.000111,0.000051,0.000095,0.000063,0.000046,0.000045,0.000035,0.000027,0.000029,0.000042,0.000139,0.000226,0.000026,0.000011,0.000052,0.000065
161,,,,,,,,,,,,,0.000620,0.000002,0.000029,0.000023,0.000026,0.000008,0.000020,0.000053,0.000101,0.000174,0.000178,0.000201,0.000187,0.000249,0.000286,0.000338,0.000298,0.000234,0.000254,0.000194,0.000133,0.000093,0.000043,0.000028,0.000037,0.000042,0.000037,0.000048,0.000064,0.000136,0.000288,0.000489,0.000515,0.000480,0.000061,0.000020,0.000033,0.000052
162,,,,,,,,,,,,,0.000921,0.000014,0.000168,0.000139,0.000147,0.000158,0.000115,0.000114,0.000115,0.000120,0.000093,0.000092,0.000085,0.000091,0.000100,0.000102,0.000092,0.000073,0.000083,0.000060,0.000077,0.000104,0.000103,0.000055,0.000078,0.000077,0.000057,0.000043,0.000037,0.000039,0.000042,0.000049,0.000039,0.000059,0.000055,0.000038,0.000294,0.000279
163,,,,,,,,,,,,,0.000833,0.000004,0.000044,0.000046,0.000052,0.000029,0.000022,0.000030,0.000042,0.000060,0.000053,0.000049,0.000060,0.000059,0.000046,0.000056,0.000051,0.000059,0.000068,0.000069,0.000063,0.000048,0.000027,0.000024,0.000043,0.000108,0.000205,0.000442,0.000588,0.000551,0.000430,0.000442,0.000323,0.000241,0.000030,0.000014,0.000056,0.000087
164,,,,,,,,,,,,,-0.000247,0.000006,0.000110,0.000120,0.000111,0.000101,0.000144,0.000187,0.000234,0.000215,0.000137,0.000159,0.000122,0.000131,0.000120,0.000140,0.000131,0.000137,0.000125,0.000113,0.000103,0.000069,0.000033,0.000020,0.000031,0.000028,0.000030,0.000035,0.000038,0.000050,0.000066,0.000087,0.000079,0.000080,0.000047,0.000031,0.000074,0.000087
165,,,,,,,,,,,,,0.001151,0.000009,0.000194,0.000228,0.000243,0.000173,0.000230,0.000245,0.000214,0.000219,0.000162,0.000116,0.000097,0.000110,0.000104,0.000108,0.000121,0.000441,0.000394,0.000490,0.000395,0.000254,0.000107,0.000050,0.000076,0.000089,0.000096,0.000158,0.000100,0.000111,0.000098,0.000101,0.000098,0.000096,0.000018,0.000007,0.000018,0.000030
166,,,,,,,,,,,,,0.002335,0.000005,0.000073,0.000066,0.000075,0.000050,0.000037,0.000036,0.000035,0.000038,0.000037,0.000029,0.000031,0.000032,0.000035,0.000036,0.000034,0.000032,0.000041,0.000061,0.000086,0.000106,0.000190,0.000066,0.000152,0.000192,0.000151,0.000223,0.000292,0.000313,0.000249,0.000197,0.000132,0.000080,0.000013,0.000008,0.000050,0.000071
167,,,,,,,,,,,,,0.001787,0.000005,0.000063,0.000053,0.000046,0.000024,0.000024,0.000035,0.000051,0.000090,0.000102,0.000131,0.000094,0.000118,0.000124,0.000128,0.000094,0.000090,0.000131,0.000150,0.000144,0.000166,0.000117,0.000093,0.000199,0.000207,0.000165,0.000168,0.000211,0.000235,0.000209,0.000241,0.000243,0.000220,0.000032,0.000022,0.000096,0.000108
168,,,,,,,,,,,,,0.000956,0.000009,0.000112,0.000111,0.000138,0.000086,0.000064,0.000055,0.000058,0.000054,0.000054,0.000047,0.000040,0.000040,0.000039,0.000031,0.000027,0.000057,0.000036,0.000044,0.000046,0.000071,0.000056,0.000111,0.000068,0.000044,0.000035,0.000045,0.000039,0.000043,0.000056,0.000059,0.000044,0.000032,0.000010,0.000019,0.000111,0.000143
169,,,,,,,,,,,,,0.000936,0.000006,0.000080,0.000082,0.000078,0.000061,0.000060,0.000061,0.000069,0.000084,0.000070,0.000078,0.000081,0.000106,0.000118,0.000118,0.000084,0.000077,0.000079,0.000074,0.000061,0.000039,0.000130,0.000037,0.000055,0.000059,0.000085,0.000107,0.000084,0.000082,0.000062,0.000068,0.000061,0.000053,0.000010,0.000010,0.000064,0.000079
170,,,,,,,,,,,,,0.001427,0.000010,0.000220,0.000224,0.000268,0.000282,0.000385,0.000458,0.000585,0.000617,0.000454,0.000413,0.000248,0.000227,0.000204,0.000186,0.000121,0.000088,0.000117,0.000142,0.000225,0.000219,0.000072,0.000042,0.000063,0.000108,0.000127,0.000179,0.000190,0.000176,0.000116,0.000157,0.000143,0.000109,0.000013,0.000011,0.000036,0.000063
171,,,,,,,,,,,,,0.001002,0.000003,0.000025,0.000025,0.000067,0.000113,0.000221,0.000397,0.000465,0.000540,0.000482,0.000413,0.000407,0.000489,0.000379,0.000329,0.000210,0.000170,0.000144,0.000105,0.000081,0.000057,0.000042,0.000039,0.000081,0.000089,0.000064,0.000057,0.000062,0.000074,0.000081,0.000129,0.000133,0.000124,0.000025,0.000013,0.000061,0.000074
172,,,,,,,,,,,,,0.001298,0.000010,0.000101,0.000097,0.000124,0.000082,0.000091,0.000098,0.000089,0.000098,0.000092,0.000083,0.000084,0.000104,0.000124,0.000124,0.000103,0.000097,0.000100,0.000088,0.000056,0.000043,0.000028,0.000018,0.000032,0.000039,0.000037,0.000036,0.000026,0.000029,0.000098,0.000047,0.000050,0.000044,0.000012,0.000016,0.000151,0.000175
173,,,,,,,,,,,,,0.003818,0.000003,0.000051,0.000051,0.000060,0.000048,0.000047,0.000043,0.000039,0.000050,0.000053,0.000057,0.000109,0.000200,0.000368,0.000528,0.000771,0.001031,0.001396,0.001350,0.000953,0.000523,0.000222,0.000089,0.000132,0.000108,0.000072,0.000068,0.000060,0.000045,0.000040,0.000035,0.000018,0.000013,0.000006,0.000005,0.000024,0.000040
174,,,,,,,,,,,,,0.000186,0.000002,0.000028,0.000034,0.000057,0.000071,0.000061,0.000093,0.000151,0.000215,0.000238,0.000246,0.000270,0.000295,0.000267,0.000203,0.000145,0.000110,0.000111,0.000139,0.000251,0.000276,0.000167,0.000051,0.000067,0.000061,0.000066,0.000089,0.000137,0.000138,0.000161,0.000171,0.000168,0.000201,0.000035,0.000015,0.000065,0.000090
175,,,,,,,,,,,,,0.000728,0.000008,0.000090,0.000088,0.000118,0.000146,0.000140,0.000151,0.000127,0.000109,0.000076,0.000082,0.000072,0.000088,0.000093,0.000080,0.000057,0.000052,0.000055,0.000061,0.000060,0.000041,0.000029,0.000018,0.000030,0.000033,0.000040,0.000036,0.000043,0.000040,0.000164,0.000062,0.000050,0.000052,0.000012,0.000009,0.000050,0.000184
176,,,,,,,,,,,,,0.001835,0.000005,0.000068,0.000071,0.000087,0.000080,0.000073,0.000078,0.000091,0.000128,0.000143,0.000155,0.000141,0.000190,0.000217,0.000221,0.000178,0.000137,0.000148,0.000152,0.000195,0.000323,0.000186,0.000161,0.000279,0.000296,0.000246,0.000215,0.000191,0.000160,0.000136,0.000141,0.000109,0.000084,0.000011,0.000005,0.000038,0.000050
177,,,,,,,,,,,,,0.002635,0.000011,0.000129,0.000108,0.000112,0.000075,0.000059,0.000047,0.000046,0.000045,0.000037,0.000036,0.000040,0.000040,0.000048,0.000055,0.000055,0.000117,0.000150,0.000164,0.000110,0.000091,0.000053,0.000081,0.000194,0.000264,0.000249,0.000255,0.000219,0.000163,0.000115,0.000101,0.000077,0.000063,0.000010,0.000009,0.000096,0.000138
178,,,,,,,,,,,,,0.001878,0.000030,0.000341,0.000311,0.000289,0.000171,0.000164,0.000136,0.000114,0.000103,0.000093,0.000110,0.000090,0.000095,0.000098,0.000096,0.000072,0.000060,0.000051,0.000058,0.000042,0.000033,0.000023,0.000018,0.000020,0.000028,0.000032,0.000033,0.000027,0.000027,0.000029,0.000025,0.000019,0.000018,0.000009,0.000007,0.000045,0.000148
179,,,,,,,,,,,,,0.001606,0.000021,0.000477,0.000504,0.000477,0.000255,0.000194,0.000146,0.000120,0.000134,0.000095,0.000092,0.000072,0.000076,0.000085,0.000088,0.000066,0.000058,0.000064,0.000054,0.000046,0.000042,0.000038,0.000028,0.000040,0.000040,0.000031,0.000039,0.000042,0.000051,0.000036,0.000047,0.000035,0.000038,0.000010,0.000008,0.000041,0.000139
180,,,,,,,,,,,,,0.000283,0.000007,0.000105,0.000103,0.000127,0.000083,0.000114,0.000138,0.000110,0.000119,0.000089,0.000086,0.000102,0.000108,0.000094,0.000086,0.000078,0.000083,0.000092,0.000088,0.000069,0.000053,0.000030,0.000021,0.000037,0.000060,0.000049,0.000059,0.000061,0.000080,0.000076,0.000100,0.000102,0.000093,0.000016,0.000010,0.000048,0.000095
181,,,,,,,,,,,,,0.000878,0.000005,0.000093,0.000077,0.000114,0.000111,0.000098,0.000081,0.000092,0.000101,0.000084,0.000079,0.000069,0.000065,0.000065,0.000065,0.000115,0.000116,0.000220,0.000170,0.000184,0.000284,0.000087,0.000044,0.000065,0.000101,0.000058,0.000078,0.000049,0.000042,0.000036,0.000036,0.000027,0.000027,0.000006,0.000004,0.000020,0.000028
182,,,,,,,,,,,,,0.000016,0.000009,0.000082,0.000071,0.000076,0.000065,0.000078,0.000093,0.000099,0.000091,0.000078,0.000081,0.000082,0.000075,0.000073,0.000070,0.000063,0.000050,0.000050,0.000049,0.000046,0.000089,0.000033,0.000018,0.000030,0.000024,0.000029,0.000028,0.000036,0.000044,0.000078,0.000123,0.000189,0.000241,0.000034,0.000019,0.000084,0.000143
183,,,,,,,,,,,,,0.007187,0.000025,0.000531,0.000437,0.000324,0.000197,0.000148,0.000124,0.000117,0.000113,0.000077,0.000064,0.000073,0.000074,0.000075,0.000076,0.000057,0.000153,0.000090,0.000105,0.000079,0.000065,0.000036,0.000032,0.000065,0.000078,0.000076,0.000056,0.000050,0.000054,0.000070,0.000098,0.000125,0.000124,0.000020,0.000022,0.000080,0.000123
184,,,,,,,,,,,,,0.001641,0.000005,0.000077,0.000072,0.000087,0.000095,0.000131,0.000130,0.000121,0.000121,0.000078,0.000073,0.000060,0.000076,0.000075,0.000065,0.000050,0.000037,0.000040,0.000039,0.000048,0.000030,0.000021,0.000017,0.000031,0.000099,0.000179,0.000252,0.000164,0.000128,0.000086,0.000086,0.000078,0.000069,0.000009,0.000005,0.000041,0.000076
185,,,,,,,,,,,,,0.002395,0.000006,0.000056,0.000066,0.000099,0.000075,0.000061,0.000048,0.000048,0.000056,0.000052,0.000037,0.000042,0.000050,0.000060,0.000071,0.000047,0.000044,0.000051,0.000080,0.000120,0.000209,0.000226,0.000154,0.000265,0.000256,0.000196,0.000215,0.000217,0.000203,0.000181,0.000164,0.000110,0.000097,0.000017,0.000011,0.000066,0.000084
186,,,,,,,,,,,,,0.000019,0.000010,0.000155,0.000172,0.000139,0.000118,0.000086,0.000092,0.000081,0.000066,0.000056,0.000047,0.000058,0.000049,0.000050,0.000043,0.000040,0.000069,0.000077,0.000060,0.000054,0.000054,0.000131,0.000041,0.000059,0.000063,0.000057,0.000062,0.000063,0.000061,0.000057,0.000062,0.000056,0.000062,0.000010,0.000007,0.000039,0.000089
187,,,,,,,,,,,,,0.000864,0.000009,0.000131,0.000133,0.000169,0.000127,0.000107,0.000097,0.000098,0.000090,0.000067,0.000066,0.000055,0.000064,0.000058,0.000076,0.000087,0.000119,0.000215,0.000202,0.000183,0.000165,0.000066,0.000038,0.000063,0.000099,0.000082,0.000051,0.000046,0.000037,0.000043,0.000048,0.000042,0.000050,0.000017,0.000008,0.000039,0.000064
188,,,,,,,,,,,,,0.001673,0.000004,0.000063,0.000053,0.000072,0.000062,0.000079,0.000150,0.000392,0.000642,0.000785,0.000847,0.000906,0.000950,0.000860,0.000687,0.000455,0.000327,0.000316,0.000242,0.000173,0.000124,0.000059,0.000030,0.000039,0.000035,0.000053,0.000064,0.000061,0.000059,0.000056,0.000063,0.000047,0.000036,0.000007,0.000005,0.000033,0.000052
189,,,,,,,,,,,,,0.001187,0.000004,0.000071,0.000067,0.000067,0.000053,0.000038,0.000048,0.000047,0.000057,0.000059,0.000082,0.000103,0.000151,0.000331,0.000313,0.000370,0.000528,0.000619,0.000585,0.000417,0.000296,0.000103,0.000048,0.000071,0.000074,0.000063,0.000054,0.000051,0.000053,0.000059,0.000068,0.000068,0.000055,0.000011,0.000008,0.000038,0.000057
190,,,,,,,,,,,,,-0.000431,0.000031,0.000679,0.000834,0.000958,0.000655,0.000422,0.000310,0.000258,0.000238,0.000312,0.000204,0.000246,0.000244,0.000248,0.000182,0.000091,0.000055,0.000064,0.000119,0.000201,0.000359,0.000240,0.000178,0.000188,0.000176,0.000122,0.000135,0.000146,0.000088,0.000061,0.000056,0.000053,0.000045,0.000013,0.000011,0.000047,0.000038
191,,,,,,,,,,,,,0.001264,0.000004,0.000051,0.000052,0.000071,0.000054,0.000051,0.000049,0.000046,0.000059,0.000079,0.000068,0.000088,0.000097,0.000094,0.000085,0.000079,0.000090,0.000187,0.000314,0.000473,0.000638,0.000479,0.000190,0.000249,0.000192,0.000136,0.000138,0.000119,0.000091,0.000062,0.000048,0.000044,0.000037,0.000009,0.000008,0.000038,0.000043
192,,,,,,,,,,,,,0.062467,0.000007,0.000099,0.000096,0.000125,0.000075,0.000055,0.000059,0.000051,0.000064,0.000058,0.000068,0.000066,0.000088,0.000092,0.000080,0.000071,0.000091,0.000108,0.000113,0.000088,0.000090,0.000061,0.000032,0.000037,0.000037,0.000035,0.000037,0.000047,0.000044,0.000045,0.000054,0.000056,0.000055,0.000024,0.000011,0.000077,0.000099
193,,,,,,,,,,,,,-0.000029,0.000009,0.000146,0.000154,0.000128,0.000090,0.000069,0.000072,0.000067,0.000065,0.000054,0.000057,0.000057,0.000058,0.000169,0.000159,0.000098,0.000115,0.000108,0.000104,0.000063,0.000057,0.000027,0.000041,0.000052,0.000058,0.000068,0.000096,0.000114,0.000160,0.000186,0.000191,0.000167,0.000156,0.000040,0.000028,0.000107,0.000134
194,,,,,,,,,,,,,0.001460,0.000008,0.000070,0.000050,0.000051,0.000043,0.000045,0.000060,0.000067,0.000083,0.000064,0.000062,0.000054,0.000070,0.000075,0.000084,0.000075,0.000064,0.000056,0.000051,0.000041,0.000033,0.000032,0.000026,0.000032,0.000041,0.000041,0.000045,0.000053,0.000044,0.000033,0.000033,0.000028,0.000046,0.000032,0.000030,0.000153,0.000131
195,,,,,,,,,,,,,0.000238,0.000003,0.000038,0.000040,0.000050,0.000039,0.000070,0.000114,0.000113,0.000137,0.000122,0.000131,0.000125,0.000128,0.000118,0.000124,0.000133,0.000103,0.000129,0.000127,0.000165,0.000212,0.000200,0.000089,0.000154,0.000128,0.000095,0.000114,0.000106,0.000104,0.000086,0.000078,0.000055,0.000055,0.000021,0.000011,0.000041,0.000062
196,,,,,,,,,,,,,0.000945,0.000003,0.000038,0.000025,0.000032,0.000027,0.000022,0.000029,0.000031,0.000029,0.000025,0.000033,0.000043,0.000048,0.000053,0.000078,0.000110,0.000138,0.000152,0.000167,0.000121,0.000092,0.000044,0.000025,0.000062,0.000116,0.000173,0.000283,0.000328,0.000237,0.000156,0.000141,0.000098,0.000087,0.000028,0.000010,0.000048,0.000072
197,,,,,,,,,,,,,0.006553,0.000008,0.000124,0.000117,0.000156,0.000129,0.000128,0.000144,0.000171,0.000181,0.000137,0.000133,0.000120,0.000122,0.000116,0.000096,0.000069,0.000066,0.000074,0.000078,0.000110,0.000159,0.000118,0.000082,0.000130,0.000100,0.000071,0.000080,0.000094,0.000107,0.000135,0.000207,0.000230,0.000178,0.000025,0.000012,0.000069,0.000108
198,,,,,,,,,,,,,0.001454,0.000013,0.000120,0.000104,0.000128,0.000085,0.000082,0.000063,0.000053,0.000057,0.000051,0.000069,0.000078,0.000087,0.000076,0.000075,0.000063,0.000049,0.000048,0.000046,0.000051,0.000043,0.000031,0.000020,0.000018,0.000011,0.000031,0.000035,0.000056,0.000083,0.000107,0.000210,0.000337,0.000354,0.000055,0.000038,0.000229,0.000313
199,,,,,,,,,,,,,0.002418,0.000011,0.000212,0.000192,0.000197,0.000138,0.000104,0.000062,0.000048,0.000042,0.000028,0.000029,0.000036,0.000034,0.000034,0.000030,0.000029,0.000035,0.000038,0.000048,0.000048,0.000067,0.000059,0.000033,0.000034,0.000037,0.000045,0.000077,0.000154,0.000084,0.000080,0.000051,0.000042,0.000039,0.000016,0.000013,0.000069,0.000087
200,,,,,,,,,,,,,0.000378,0.000009,0.000152,0.000149,0.000161,0.000109,0.000084,0.000073,0.000098,0.000139,0.000247,0.000257,0.000296,0.000394,0.000431,0.000420,0.000349,0.000282,0.000317,0.000222,0.000150,0.000118,0.000061,0.000036,0.000061,0.000078,0.000061,0.000079,0.000127,0.000147,0.000140,0.000159,0.000170,0.000163,0.000017,0.000011,0.000096,0.000121
201,,,,,,,,,,,,,0.002204,0.000009,0.000085,0.000088,0.000097,0.000061,0.000051,0.000044,0.000043,0.000044,0.000035,0.000046,0.000039,0.000046,0.000053,0.000054,0.000049,0.000042,0.000043,0.000043,0.000050,0.000036,0.000026,0.000033,0.000051,0.000062,0.000051,0.000050,0.000049,0.000038,0.000056,0.000047,0.000049,0.000051,0.000019,0.000031,0.000178,0.000175
202,,,,,,,,,,,,,0.000813,0.000003,0.000029,0.000023,0.000026,0.000025,0.000026,0.000033,0.000033,0.000038,0.000037,0.000040,0.000038,0.000049,0.000060,0.000057,0.000049,0.000047,0.000042,0.000038,0.000032,0.000025,0.000024,0.000051,0.000035,0.000022,0.000019,0.000016,0.000016,0.000016,0.000012,0.000011,0.000011,0.000012,0.000008,0.000010,0.000039,0.000044
203,,,,,,,,,,,,,0.001690,0.000014,0.000138,0.000133,0.000177,0.000145,0.000164,0.000165,0.000114,0.000103,0.000093,0.000070,0.000055,0.000070,0.000066,0.000065,0.000047,0.000043,0.000047,0.000040,0.000027,0.000023,0.000012,0.000009,0.000018,0.000020,0.000025,0.000028,0.000028,0.000033,0.000041,0.000073,0.000112,0.000143,0.000056,0.000078,0.000309,0.000336
204,,,,,,,,,,,,,0.018757,0.000013,0.000170,0.000161,0.000177,0.000099,0.000105,0.000098,0.000083,0.000086,0.000072,0.000062,0.000060,0.000065,0.000087,0.000083,0.000065,0.000062,0.000092,0.000136,0.000154,0.000147,0.000173,0.000103,0.000138,0.000069,0.000115,0.000080,0.000091,0.000090,0.000121,0.000092,0.000113,0.000134,0.000052,0.000069,0.000178,0.000184
205,,,,,,,,,,,,,0.004063,0.000007,0.000079,0.000069,0.000076,0.000065,0.000057,0.000042,0.000053,0.000055,0.000057,0.000057,0.000062,0.000069,0.000059,0.000059,0.000064,0.000102,0.000078,0.000066,0.000044,0.000034,0.000027,0.000021,0.000030,0.000032,0.000041,0.000086,0.000077,0.000076,0.000072,0.000085,0.000106,0.000089,0.000016,0.000010,0.000048,0.000066
206,,,,,,,,,,,,,0.008030,0.000011,0.000131,0.000132,0.000125,0.000088,0.000080,0.000085,0.000130,0.000147,0.000118,0.000145,0.000110,0.000130,0.000121,0.000110,0.000064,0.000046,0.000042,0.000054,0.000114,0.000090,0.000073,0.000068,0.000118,0.000168,0.000122,0.000093,0.000062,0.000057,0.000075,0.000057,0.000052,0.000038,0.000011,0.000024,0.000238,0.000320
207,,,,,,,,,,,,,0.000770,0.000009,0.000236,0.000286,0.000344,0.000265,0.000260,0.000226,0.000219,0.000216,0.000178,0.000143,0.000113,0.000115,0.000112,0.000104,0.000079,0.000060,0.000063,0.000069,0.000062,0.000042,0.000026,0.000017,0.000026,0.000027,0.000021,0.000031,0.000035,0.000035,0.000029,0.000027,0.000019,0.000014,0.000003,0.000003,0.000018,0.000028
208,,,,,,,,,,,,,0.000019,0.000009,0.000175,0.000198,0.000230,0.000174,0.000155,0.000166,0.000185,0.000216,0.000214,0.000282,0.000270,0.000346,0.000329,0.000341,0.000327,0.000363,0.000455,0.000373,0.000304,0.000216,0.000063,0.000033,0.000048,0.000057,0.000049,0.000045,0.000044,0.000060,0.000065,0.000068,0.000061,0.000060,0.000010,0.000008,0.000068,0.000123
209,,,,,,,,,,,,,0.000756,0.000005,0.000052,0.000054,0.000066,0.000050,0.000046,0.000055,0.000059,0.000052,0.000059,0.000056,0.000064,0.000054,0.000057,0.000050,0.000037,0.000043,0.000038,0.000042,0.000056,0.000130,0.000196,0.000091,0.000096,0.000094,0.000089,0.000081,0.000088,0.000077,0.000054,0.000044,0.000032,0.000040,0.000019,0.000023,0.000065,0.000068
210,,,,,,,,,,,,,0.035599,0.000009,0.000103,0.000098,0.000123,0.000097,0.000095,0.000091,0.000092,0.000117,0.000094,0.000133,0.000164,0.000169,0.000212,0.000202,0.000156,0.000122,0.000129,0.000105,0.000105,0.000075,0.000038,0.000026,0.000044,0.000053,0.000064,0.000060,0.000042,0.000047,0.000057,0.000084,0.000097,0.000078,0.000026,0.000014,0.000071,0.000110
211,,,,,,,,,,,,,0.000638,0.000008,0.000153,0.000154,0.000158,0.000112,0.000101,0.000088,0.000090,0.000092,0.000078,0.000074,0.000089,0.000137,0.000199,0.000200,0.000125,0.000106,0.000098,0.000090,0.000108,0.000149,0.000111,0.000058,0.000102,0.000086,0.000066,0.000069,0.000069,0.000067,0.000078,0.000124,0.000106,0.000088,0.000019,0.000011,0.000068,0.000108
212,,,,,,,,,,,,,0.004192,0.000019,0.000301,0.000290,0.000309,0.000202,0.000169,0.000133,0.000123,0.000116,0.000113,0.000091,0.000093,0.000091,0.000079,0.000073,0.000056,0.000050,0.000041,0.000040,0.000032,0.000026,0.000023,0.000017,0.000023,0.000025,0.000019,0.000018,0.000020,0.000019,0.000019,0.000013,0.000010,0.000013,0.000005,0.000006,0.000037,0.000134
213,,,,,,,,,,,,,0.002075,0.000004,0.000042,0.000045,0.000064,0.000043,0.000040,0.000049,0.000050,0.000075,0.000068,0.000069,0.000077,0.000095,0.000090,0.000084,0.000076,0.000077,0.000108,0.000113,0.000087,0.000071,0.000032,0.000020,0.000029,0.000046,0.000063,0.000079,0.000110,0.000199,0.000288,0.000313,0.000379,0.000503,0.000056,0.000019,0.000069,0.000073
214,,,,,,,,,,,,,-0.000109,0.000007,0.000094,0.000087,0.000101,0.000105,0.000139,0.000163,0.000197,0.000260,0.000275,0.000329,0.000410,0.000498,0.000567,0.000586,0.000448,0.000337,0.000320,0.000230,0.000165,0.000147,0.000063,0.000054,0.000077,0.000038,0.000048,0.000066,0.000110,0.000164,0.000134,0.000113,0.000109,0.000083,0.000020,0.000018,0.000047,0.000058
215,,,,,,,,,,,,,0.001195,0.000005,0.000084,0.000078,0.000088,0.000078,0.000078,0.000086,0.000078,0.000098,0.000077,0.000099,0.000081,0.000105,0.000106,0.000113,0.000104,0.000116,0.000211,0.000395,0.000685,0.000598,0.000264,0.000180,0.000240,0.000193,0.000123,0.000105,0.000092,0.000089,0.000075,0.000072,0.000053,0.000075,0.000026,0.000010,0.000036,0.000049
216,,,,,,,,,,,,,0.000603,0.000003,0.000033,0.000042,0.000046,0.000029,0.000026,0.000026,0.000047,0.000050,0.000035,0.000034,0.000038,0.000041,0.000052,0.000067,0.000065,0.000056,0.000049,0.000052,0.000048,0.000057,0.000038,0.000041,0.000083,0.000107,0.000094,0.000130,0.000246,0.000359,0.000307,0.000263,0.000197,0.000150,0.000018,0.000007,0.000043,0.000054
217,,,,,,,,,,,,,0.001698,0.000005,0.000052,0.000053,0.000058,0.000053,0.000090,0.000129,0.000217,0.000327,0.000346,0.000444,0.000538,0.000710,0.000799,0.000787,0.000646,0.000501,0.000488,0.000390,0.000267,0.000157,0.000064,0.000034,0.000048,0.000050,0.000038,0.000039,0.000028,0.000030,0.000026,0.000024,0.000031,0.000046,0.000010,0.000009,0.000066,0.000159
218,,,,,,,,,,,,,0.000473,0.000004,0.000064,0.000054,0.000050,0.000041,0.000039,0.000043,0.000047,0.000052,0.000111,0.000055,0.000112,0.000067,0.000071,0.000057,0.000037,0.000043,0.000057,0.000066,0.000077,0.000061,0.000076,0.000025,0.000043,0.000050,0.000062,0.000055,0.000054,0.000043,0.000046,0.000045,0.000039,0.000047,0.000022,0.000026,0.000051,0.000074
219,,,,,,,,,,,,,0.001120,0.000004,0.000065,0.000085,0.000098,0.000075,0.000056,0.000045,0.000040,0.000044,0.000038,0.000039,0.000038,0.000048,0.000049,0.000041,0.000041,0.000046,0.000063,0.000037,0.000036,0.000058,0.000058,0.000032,0.000047,0.000037,0.000036,0.000045,0.000070,0.000140,0.000173,0.000286,0.000350,0.000313,0.000035,0.000011,0.000034,0.000040
220,,,,,,,,,,,,,0.000215,0.000004,0.000062,0.000074,0.000080,0.000056,0.000097,0.000149,0.000230,0.000327,0.000375,0.000428,0.000478,0.000650,0.000623,0.000592,0.000525,0.000477,0.000479,0.000359,0.000240,0.000150,0.000065,0.000030,0.000039,0.000040,0.000027,0.000031,0.000028,0.000027,0.000019,0.000021,0.000022,0.000036,0.000046,0.000035,0.000089,0.000072
221,,,,,,,,,,,,,-0.000264,0.000012,0.000136,0.000184,0.000233,0.000160,0.000133,0.000107,0.000112,0.000106,0.000067,0.000054,0.000050,0.000047,0.000046,0.000043,0.000035,0.000030,0.000030,0.000039,0.000040,0.000046,0.000026,0.000014,0.000026,0.000037,0.000070,0.000123,0.000225,0.000264,0.000249,0.000244,0.000204,0.000169,0.000038,0.000020,0.000099,0.000176
222,,,,,,,,,,,,,0.001886,0.000008,0.000127,0.000159,0.000304,0.000436,0.000662,0.000638,0.000576,0.000580,0.000509,0.000528,0.000412,0.000451,0.000377,0.000310,0.000205,0.000139,0.000146,0.000113,0.000094,0.000067,0.000040,0.000035,0.000058,0.000048,0.000028,0.000037,0.000042,0.000037,0.000041,0.000046,0.000039,0.000044,0.000010,0.000008,0.000076,0.000129
223,,,,,,,,,,,,,0.000951,0.000004,0.000069,0.000069,0.000144,0.000218,0.000289,0.000333,0.000375,0.000431,0.000374,0.000325,0.000317,0.000262,0.000239,0.000186,0.000122,0.000088,0.000071,0.000049,0.000028,0.000022,0.000020,0.000015,0.000035,0.000088,0.000080,0.000091,0.000077,0.000079,0.000050,0.000044,0.000040,0.000041,0.000040,0.000024,0.000060,0.000079
224,,,,,,,,,,,,,0.000952,0.000002,0.000033,0.000035,0.000048,0.000102,0.000222,0.000373,0.000655,0.000903,0.001058,0.001141,0.001220,0.001459,0.001352,0.001182,0.000846,0.000596,0.000555,0.000416,0.000302,0.000266,0.000095,0.000046,0.000067,0.000083,0.000058,0.000068,0.000059,0.000049,0.000039,0.000038,0.000038,0.000052,0.000015,0.000009,0.000035,0.000035
225,,,,,,,,,,,,,0.000671,0.000005,0.000086,0.000137,0.000263,0.000185,0.000118,0.000092,0.000097,0.000114,0.000087,0.000086,0.000074,0.000097,0.000120,0.000119,0.000110,0.000121,0.000109,0.000089,0.000071,0.000060,0.000032,0.000033,0.000111,0.000238,0.000296,0.000386,0.000329,0.000252,0.000171,0.000148,0.000096,0.000079,0.000010,0.000004,0.000039,0.000060
226,,,,,,,,,,,,,0.003174,0.000004,0.000038,0.000034,0.000048,0.000044,0.000042,0.000037,0.000040,0.000043,0.000037,0.000040,0.000040,0.000050,0.000047,0.000046,0.000044,0.000043,0.000048,0.000076,0.000056,0.000056,0.000025,0.000019,0.000026,0.000029,0.000022,0.000020,0.000021,0.000018,0.000020,0.000025,0.000024,0.000021,0.000009,0.000008,0.000064,0.000043
227,,,,,,,,,,,,,-0.000295,0.000004,0.000060,0.000067,0.000065,0.000049,0.000042,0.000035,0.000044,0.000049,0.000037,0.000052,0.000058,0.000070,0.000062,0.000055,0.000043,0.000041,0.000052,0.000050,0.000043,0.000038,0.000023,0.000014,0.000029,0.000042,0.000044,0.000049,0.000053,0.000067,0.000089,0.000103,0.000102,0.000130,0.000038,0.000023,0.000071,0.000092
228,,,,,,,,,,,,,0.011502,0.000013,0.000235,0.000241,0.000250,0.000187,0.000143,0.000140,0.000137,0.000113,0.000089,0.000073,0.000086,0.000103,0.000103,0.000100,0.000073,0.000063,0.000064,0.000063,0.000047,0.000044,0.000033,0.000036,0.000046,0.000044,0.000065,0.000110,0.000074,0.000085,0.000070,0.000071,0.000070,0.000054,0.000019,0.000011,0.000062,0.000082
229,,,,,,,,,,,,,0.011059,0.000006,0.000062,0.000069,0.000068,0.000053,0.000056,0.000055,0.000052,0.000054,0.000057,0.000046,0.000039,0.000041,0.000050,0.000044,0.000089,0.000130,0.000281,0.000263,0.000233,0.000305,0.000250,0.000187,0.000283,0.000252,0.000164,0.000144,0.000123,0.000107,0.000084,0.000085,0.000101,0.000090,0.000014,0.000014,0.000079,0.000108
230,,,,,,,,,,,,,0.002567,0.000004,0.000040,0.000027,0.000067,0.000067,0.000082,0.000080,0.000075,0.000087,0.000056,0.000047,0.000043,0.000055,0.000046,0.000038,0.000036,0.000046,0.000059,0.000072,0.000066,0.000062,0.000051,0.000063,0.000155,0.000243,0.000206,0.000205,0.000194,0.000138,0.000116,0.000057,0.000043,0.000042,0.000010,0.000008,0.000037,0.000045
231,,,,,,,,,,,,,0.000449,0.000003,0.000043,0.000044,0.000083,0.000188,0.000255,0.000301,0.000400,0.000452,0.000412,0.000447,0.000327,0.000333,0.000287,0.000260,0.000178,0.000127,0.000113,0.000068,0.000043,0.000029,0.000021,0.000015,0.000023,0.000021,0.000024,0.000018,0.000016,0.000020,0.000021,0.000035,0.000043,0.000053,0.000038,0.000029,0.000036,0.000091
232,,,,,,,,,,,,,0.000867,0.000003,0.000048,0.000047,0.000059,0.000059,0.000063,0.000059,0.000062,0.000076,0.000075,0.000059,0.000060,0.000074,0.000075,0.000080,0.000057,0.000056,0.000072,0.000079,0.000086,0.000123,0.000103,0.000085,0.000088,0.000082,0.000059,0.000058,0.000049,0.000044,0.000038,0.000034,0.000029,0.000035,0.000018,0.000007,0.000036,0.000049
233,,,,,,,,,,,,,0.001931,0.000004,0.000053,0.000047,0.000054,0.000048,0.000066,0.000073,0.000085,0.000089,0.000077,0.000075,0.000073,0.000060,0.000052,0.000057,0.000046,0.000036,0.000047,0.000045,0.000032,0.000036,0.000028,0.000030,0.000061,0.000054,0.000046,0.000048,0.000064,0.000096,0.000125,0.000147,0.000133,0.000152,0.000033,0.000013,0.000066,0.000097
234,,,,,,,,,,,,,0.001878,0.000005,0.000129,0.000105,0.000132,0.000107,0.000103,0.000136,0.000181,0.000194,0.000164,0.000165,0.000144,0.000173,0.000159,0.000131,0.000106,0.000119,0.000140,0.000128,0.000148,0.000120,0.000043,0.000029,0.000042,0.000038,0.000030,0.000037,0.000040,0.000036,0.000035,0.000030,0.000024,0.000027,0.000011,0.000008,0.000025,0.000051
235,,,,,,,,,,,,,0.037215,0.000005,0.000048,0.000058,0.000084,0.000063,0.000056,0.000055,0.000056,0.000059,0.000043,0.000046,0.000049,0.000064,0.000053,0.000054,0.000041,0.000052,0.000062,0.000059,0.000064,0.000071,0.000120,0.000064,0.000106,0.000093,0.000073,0.000092,0.000093,0.000092,0.000082,0.000091,0.000082,0.000063,0.000011,0.000008,0.000036,0.000067
236,,,,,,,,,,,,,0.000061,0.000003,0.000042,0.000038,0.000047,0.000036,0.000033,0.000038,0.000035,0.000032,0.000035,0.000037,0.000040,0.000048,0.000047,0.000054,0.000053,0.000051,0.000050,0.000046,0.000029,0.000022,0.000027,0.000016,0.000021,0.000027,0.000021,0.000018,0.000019,0.000023,0.000034,0.000055,0.000077,0.000169,0.000066,0.000038,0.000086,0.000082
237,,,,,,,,,,,,,0.001110,0.000004,0.000054,0.000057,0.000096,0.000090,0.000071,0.000061,0.000069,0.000089,0.000067,0.000074,0.000077,0.000081,0.000074,0.000073,0.000049,0.000072,0.000082,0.000079,0.000055,0.000046,0.000031,0.000020,0.000047,0.000073,0.000150,0.000110,0.000125,0.000113,0.000107,0.000085,0.000090,0.000103,0.000016,0.000006,0.000024,0.000034
238,,,,,,,,,,,,,0.011796,0.000004,0.000044,0.000042,0.000057,0.000061,0.000108,0.000184,0.000306,0.000346,0.000287,0.000281,0.000238,0.000265,0.000318,0.000317,0.000311,0.000250,0.000249,0.000183,0.000147,0.000097,0.000043,0.000050,0.000085,0.000070,0.000050,0.000048,0.000045,0.000041,0.000040,0.000061,0.000128,0.000153,0.000018,0.000008,0.000024,0.000038
239,,,,,,,,,,,,,0.000881,0.000016,0.000229,0.000205,0.000176,0.000123,0.000080,0.000067,0.000066,0.000057,0.000040,0.000036,0.000043,0.000048,0.000060,0.000078,0.000107,0.000129,0.000166,0.000121,0.000073,0.000045,0.000025,0.000015,0.000027,0.000036,0.000027,0.000052,0.000078,0.000082,0.000077,0.000055,0.000062,0.000087,0.000026,0.000033,0.000165,0.000310
240,,,,,,,,,,,,,0.000589,0.000004,0.000061,0.000056,0.000061,0.000066,0.000101,0.000155,0.000239,0.000352,0.000254,0.000262,0.000429,0.000377,0.000477,0.000459,0.000389,0.000296,0.000269,0.000222,0.000170,0.000101,0.000043,0.000024,0.000036,0.000031,0.000033,0.000048,0.000057,0.000072,0.000081,0.000080,0.000096,0.000136,0.000045,0.000017,0.000068,0.000079
241,,,,,,,,,,,,,0.001132,0.000003,0.000046,0.000068,0.000067,0.000074,0.000116,0.000157,0.000207,0.000265,0.000277,0.000387,0.000431,0.000580,0.000671,0.000666,0.000541,0.000412,0.000370,0.000277,0.000205,0.000152,0.000072,0.000034,0.000056,0.000069,0.000048,0.000049,0.000062,0.000078,0.000056,0.000055,0.000057,0.000051,0.000007,0.000003,0.000011,0.000023
242,,,,,,,,,,,,,0.001340,0.000003,0.000060,0.000071,0.000115,0.000155,0.000292,0.000432,0.000424,0.000436,0.000343,0.000249,0.000206,0.000185,0.000168,0.000155,0.000136,0.000140,0.000127,0.000128,0.000138,0.000190,0.000175,0.000130,0.000210,0.000205,0.000117,0.000121,0.000100,0.000090,0.000073,0.000062,0.000044,0.000034,0.000004,0.000004,0.000035,0.000037
243,,,,,,,,,,,,,0.001144,0.000006,0.000075,0.000067,0.000078,0.000064,0.000067,0.000070,0.000088,0.000093,0.000083,0.000088,0.000092,0.000114,0.000118,0.000112,0.000092,0.000078,0.000076,0.000062,0.000048,0.000038,0.000029,0.000017,0.000026,0.000031,0.000027,0.000025,0.000023,0.000022,0.000026,0.000029,0.000028,0.000037,0.000027,0.000024,0.000160,0.000160
244,,,,,,,,,,,,,0.000727,0.000015,0.000247,0.000269,0.000271,0.000139,0.000079,0.000062,0.000057,0.000055,0.000050,0.000051,0.000056,0.000058,0.000062,0.000073,0.000071,0.000065,0.000070,0.000087,0.000104,0.000071,0.000050,0.000037,0.000050,0.000056,0.000051,0.000061,0.000107,0.000157,0.000157,0.000141,0.000122,0.000143,0.000035,0.000021,0.000126,0.000142
245,,,,,,,,,,,,,0.000690,0.000005,0.000058,0.000119,0.000104,0.000089,0.000089,0.000106,0.000099,0.000087,0.000068,0.000049,0.000054,0.000070,0.000072,0.000089,0.000113,0.000137,0.000174,0.000145,0.000115,0.000083,0.000055,0.000041,0.000099,0.000101,0.000073,0.000101,0.000080,0.000072,0.000063,0.000066,0.000056,0.000045,0.000008,0.000011,0.000088,0.000077
246,,,,,,,,,,,,,0.000210,0.000005,0.000060,0.000054,0.000072,0.000053,0.000048,0.000059,0.000076,0.000107,0.000100,0.000129,0.000132,0.000126,0.000109,0.000085,0.000059,0.000062,0.000076,0.000055,0.000044,0.000042,0.000037,0.000037,0.000114,0.000270,0.000154,0.000185,0.000116,0.000086,0.000063,0.000061,0.000055,0.000057,0.000017,0.000017,0.000066,0.000076
247,,,,,,,,,,,,,0.000679,0.000003,0.000043,0.000047,0.000080,0.000089,0.000094,0.000101,0.000126,0.000162,0.000175,0.000136,0.000139,0.000154,0.000172,0.000162,0.000138,0.000113,0.000102,0.000081,0.000039,0.000023,0.000018,0.000013,0.000031,0.000063,0.000131,0.000289,0.000524,0.000444,0.000269,0.000196,0.000115,0.000072,0.000010,0.000006,0.000048,0.000060
248,,,,,,,,,,,,,0.001056,0.000005,0.000044,0.000041,0.000056,0.000042,0.000040,0.000042,0.000044,0.000058,0.000055,0.000052,0.000057,0.000066,0.000059,0.000057,0.000060,0.000052,0.000064,0.000065,0.000089,0.000072,0.000037,0.000021,0.000036,0.000037,0.000045,0.000094,0.000033,0.000033,0.000030,0.000030,0.000020,0.000034,0.000035,0.000014,0.000054,0.000086
249,,,,,,,,,,,,,0.002552,0.000005,0.000079,0.000065,0.000070,0.000053,0.000059,0.000081,0.000100,0.000101,0.000081,0.000098,0.000086,0.000082,0.000083,0.000081,0.000077,0.000112,0.000075,0.000068,0.000064,0.000073,0.000071,0.000092,0.000289,0.000520,0.000441,0.000315,0.000205,0.000146,0.000115,0.000100,0.000081,0.000081,0.000017,0.000013,0.000094,0.000104
250,,,,,,,,,,,,,0.000981,0.000020,0.000191,0.000147,0.000111,0.000074,0.000067,0.000064,0.000069,0.000065,0.000060,0.000063,0.000050,0.000116,0.000090,0.000073,0.000046,0.000044,0.000049,0.000046,0.000033,0.000034,0.000029,0.000023,0.000027,0.000031,0.000030,0.000041,0.000040,0.000048,0.000045,0.000058,0.000049,0.000036,0.000028,0.000032,0.000291,0.000442
251,,,,,,,,,,,,,0.001236,0.000005,0.000072,0.000071,0.000100,0.000082,0.000073,0.000092,0.000112,0.000117,0.000095,0.000080,0.000081,0.000087,0.000079,0.000059,0.000050,0.000044,0.000049,0.000050,0.000047,0.000034,0.000017,0.000038,0.000054,0.000064,0.000073,0.000184,0.000101,0.000080,0.000071,0.000054,0.000044,0.000035,0.000008,0.000012,0.000061,0.000085
252,,,,,,,,,,,,,0.001387,0.000016,0.000303,0.000344,0.000401,0.000275,0.000188,0.000148,0.000109,0.000080,0.000054,0.000046,0.000042,0.000037,0.000032,0.000039,0.000036,0.000033,0.000030,0.000032,0.000025,0.000024,0.000020,0.000018,0.000043,0.000055,0.000047,0.000076,0.000092,0.000112,0.000135,0.000104,0.000095,0.000114,0.000040,0.000015,0.000072,0.000124
253,,,,,,,,,,,,,0.001288,0.000009,0.000135,0.000131,0.000133,0.000106,0.000087,0.000079,0.000088,0.000098,0.000068,0.000062,0.000055,0.000053,0.000046,0.000047,0.000052,0.000086,0.000168,0.000200,0.000171,0.000179,0.000139,0.000125,0.000214,0.000237,0.000162,0.000150,0.000108,0.000083,0.000068,0.000053,0.000052,0.000048,0.000021,0.000017,0.000083,0.000170
254,,,,,,,,,,,,,0.000146,0.000002,0.000031,0.000034,0.000069,0.000072,0.000077,0.000070,0.000064,0.000048,0.000035,0.000044,0.000048,0.000071,0.000103,0.000123,0.000122,0.000155,0.000174,0.000130,0.000110,0.000072,0.000031,0.000021,0.000032,0.000026,0.000022,0.000028,0.000040,0.000041,0.000037,0.000042,0.000040,0.000093,0.000037,0.000016,0.000033,0.000040
255,,,,,,,,,,,,,0.003647,0.000005,0.000061,0.000060,0.000081,0.000075,0.000067,0.000069,0.000072,0.000084,0.000074,0.000063,0.000056,0.000065,0.000096,0.000170,0.000294,0.000607,0.001095,0.001170,0.000814,0.000500,0.000169,0.000072,0.000097,0.000074,0.000066,0.000074,0.000074,0.000058,0.000039,0.000038,0.000030,0.000036,0.000011,0.000008,0.000043,0.000072
256,,,,,,,,,,,,,0.000651,0.000002,0.000029,0.000020,0.000031,0.000020,0.000017,0.000027,0.000051,0.000071,0.000068,0.000067,0.000044,0.000049,0.000050,0.000042,0.000034,0.000032,0.000032,0.000036,0.000030,0.000023,0.000022,0.000016,0.000027,0.000031,0.000026,0.000032,0.000078,0.000133,0.000163,0.000186,0.000167,0.000181,0.000047,0.000018,0.000034,0.000038
257,,,,,,,,,,,,,0.073546,0.000008,0.000066,0.000067,0.000130,0.000123,0.000144,0.000215,0.000294,0.000403,0.000380,0.000456,0.000477,0.000536,0.000503,0.000498,0.000381,0.000264,0.000264,0.000212,0.000147,0.000116,0.000065,0.000032,0.000049,0.000053,0.000046,0.000063,0.000073,0.000073,0.000063,0.000060,0.000056,0.000049,0.000010,0.000008,0.000053,0.000099
258,,,,,,,,,,,,,0.000218,0.000029,0.000204,0.000134,0.000107,0.000067,0.000074,0.000078,0.000121,0.000160,0.000160,0.000201,0.000189,0.000230,0.000264,0.000287,0.000186,0.000128,0.000148,0.000129,0.000081,0.000055,0.000035,0.000022,0.000040,0.000044,0.000052,0.000098,0.000174,0.000215,0.000242,0.000308,0.000283,0.000185,0.000018,0.000012,0.000265,0.000633
259,,,,,,,,,,,,,0.017751,0.000004,0.000035,0.000023,0.000023,0.000095,0.000216,0.000350,0.000432,0.000456,0.000345,0.000287,0.000274,0.000270,0.000227,0.000190,0.000157,0.000144,0.000144,0.000123,0.000083,0.000074,0.000051,0.000092,0.000067,0.000055,0.000048,0.000054,0.000059,0.000059,0.000063,0.000067,0.000071,0.000068,0.000013,0.000007,0.000024,0.000032
260,,,,,,,,,,,,,0.001251,0.000015,0.000255,0.000234,0.000221,0.000171,0.000168,0.000187,0.000234,0.000285,0.000254,0.000239,0.000238,0.000255,0.000231,0.000206,0.000151,0.000122,0.000127,0.000097,0.000075,0.000065,0.000032,0.000023,0.000045,0.000031,0.000019,0.000023,0.000018,0.000017,0.000015,0.000029,0.000033,0.000034,0.000014,0.000009,0.000056,0.000095
261,,,,,,,,,,,,,0.000994,0.000005,0.000064,0.000071,0.000098,0.000072,0.000054,0.000055,0.000057,0.000064,0.000054,0.000042,0.000045,0.000058,0.000055,0.000059,0.000061,0.000054,0.000112,0.000145,0.000208,0.000160,0.000086,0.000093,0.000196,0.000284,0.000323,0.000535,0.000718,0.000678,0.000507,0.000409,0.000271,0.000187,0.000022,0.000009,0.000033,0.000051
262,,,,,,,,,,,,,0.002160,0.000010,0.000067,0.000059,0.000061,0.000050,0.000049,0.000039,0.000039,0.000058,0.000058,0.000061,0.000059,0.000063,0.000062,0.000070,0.000067,0.000070,0.000083,0.000090,0.000085,0.000126,0.000043,0.000021,0.000035,0.000041,0.000060,0.000045,0.000027,0.000038,0.000053,0.000070,0.000105,0.000164,0.000039,0.000022,0.000203,0.000321
263,,,,,,,,,,,,,-0.000220,0.000006,0.000075,0.000082,0.000108,0.000084,0.000106,0.000090,0.000077,0.000083,0.000077,0.000063,0.000056,0.000067,0.000085,0.000097,0.000095,0.000134,0.000099,0.000103,0.000101,0.000123,0.000137,0.000107,0.000150,0.000177,0.000145,0.000157,0.000136,0.000123,0.000121,0.000113,0.000113,0.000109,0.000017,0.000030,0.000072,0.000087
264,,,,,,,,,,,,,0.030517,0.000006,0.000070,0.000072,0.000109,0.000073,0.000078,0.000070,0.000074,0.000066,0.000048,0.000058,0.000058,0.000070,0.000068,0.000064,0.000055,0.000079,0.000052,0.000053,0.000034,0.000030,0.000056,0.000067,0.000083,0.000070,0.000050,0.000049,0.000044,0.000041,0.000037,0.000045,0.000050,0.000047,0.000007,0.000007,0.000049,0.000114
265,,,,,,,,,,,,,0.000945,0.000007,0.000093,0.000084,0.000104,0.000106,0.000079,0.000082,0.000077,0.000074,0.000047,0.000061,0.000058,0.000079,0.000076,0.000077,0.000064,0.000057,0.000068,0.000066,0.000058,0.000047,0.000037,0.000031,0.000048,0.000041,0.000027,0.000025,0.000022,0.000020,0.000027,0.000042,0.000054,0.000056,0.000014,0.000014,0.000080,0.000092
266,,,,,,,,,,,,,0.003943,0.000008,0.000091,0.000091,0.000089,0.000046,0.000043,0.000045,0.000052,0.000053,0.000040,0.000048,0.000045,0.000068,0.000061,0.000055,0.000043,0.000041,0.000045,0.000050,0.000047,0.000035,0.000021,0.000017,0.000026,0.000037,0.000033,0.000037,0.000040,0.000041,0.000035,0.000036,0.000035,0.000049,0.000022,0.000055,0.000211,0.000229
267,,,,,,,,,,,,,0.000215,0.000006,0.000086,0.000097,0.000184,0.000171,0.000175,0.000138,0.000128,0.000122,0.000102,0.000118,0.000125,0.000143,0.000134,0.000118,0.000088,0.000086,0.000106,0.000113,0.000087,0.000059,0.000033,0.000023,0.000030,0.000028,0.000043,0.000046,0.000063,0.000076,0.000109,0.000147,0.000189,0.000168,0.000017,0.000011,0.000108,0.000152
268,,,,,,,,,,,,,0.000018,0.000004,0.000064,0.000055,0.000071,0.000057,0.000053,0.000061,0.000077,0.000102,0.000144,0.000171,0.000336,0.000249,0.000336,0.000259,0.000177,0.000137,0.000143,0.000146,0.000132,0.000099,0.000042,0.000022,0.000041,0.000047,0.000032,0.000030,0.000044,0.000074,0.000149,0.000285,0.000273,0.000201,0.000026,0.000011,0.000058,0.000071
269,,,,,,,,,,,,,0.067870,0.000016,0.000229,0.000282,0.000385,0.000250,0.000213,0.000159,0.000130,0.000130,0.000097,0.000107,0.000085,0.000089,0.000081,0.000077,0.000064,0.000066,0.000067,0.000064,0.000045,0.000039,0.000055,0.000023,0.000035,0.000047,0.000081,0.000113,0.000142,0.000139,0.000090,0.000083,0.000097,0.000070,0.000013,0.000015,0.000093,0.000135
270,,,,,,,,,,,,,0.000989,0.000007,0.000071,0.000079,0.000138,0.000137,0.000097,0.000095,0.000105,0.000116,0.000104,0.000091,0.000094,0.000120,0.000144,0.000134,0.000114,0.000107,0.000136,0.000128,0.000137,0.000128,0.000053,0.000022,0.000044,0.000047,0.000033,0.000058,0.000052,0.000066,0.000083,0.000113,0.000149,0.000192,0.000036,0.000015,0.000109,0.000221
271,,,,,,,,,,,,,0.003863,0.000006,0.000076,0.000067,0.000092,0.000084,0.000078,0.000072,0.000079,0.000077,0.000057,0.000081,0.000062,0.000074,0.000073,0.000076,0.000079,0.000110,0.000122,0.000107,0.000077,0.000051,0.000023,0.000012,0.000016,0.000016,0.000021,0.000023,0.000020,0.000025,0.000022,0.000018,0.000018,0.000020,0.000005,0.000005,0.000053,0.000111
272,,,,,,,,,,,,,0.001493,0.000005,0.000053,0.000040,0.000049,0.000041,0.000036,0.000047,0.000120,0.000242,0.000216,0.000233,0.000248,0.000316,0.000265,0.000294,0.000232,0.000156,0.000189,0.000175,0.000124,0.000089,0.000050,0.000027,0.000042,0.000053,0.000061,0.000087,0.000107,0.000126,0.000176,0.000213,0.000189,0.000208,0.000043,0.000017,0.000072,0.000156
273,,,,,,,,,,,,,0.002198,0.000004,0.000073,0.000069,0.000074,0.000068,0.000082,0.000100,0.000126,0.000167,0.000175,0.000199,0.000252,0.000264,0.000249,0.000241,0.000189,0.000153,0.000145,0.000124,0.000121,0.000113,0.000077,0.000036,0.000062,0.000058,0.000041,0.000048,0.000054,0.000052,0.000047,0.000054,0.000047,0.000042,0.000007,0.000004,0.000035,0.000051
274,,,,,,,,,,,,,0.001734,0.000014,0.000329,0.000391,0.000370,0.000238,0.000224,0.000227,0.000219,0.000230,0.000169,0.000134,0.000135,0.000150,0.000133,0.000116,0.000090,0.000160,0.000140,0.000155,0.000118,0.000081,0.000038,0.000020,0.000035,0.000035,0.000041,0.000054,0.000037,0.000039,0.000043,0.000042,0.000044,0.000047,0.000018,0.000008,0.000034,0.000045
275,,,,,,,,,,,,,0.000654,0.000010,0.000190,0.000208,0.000303,0.000292,0.000214,0.000175,0.000157,0.000164,0.000145,0.000122,0.000095,0.000092,0.000085,0.000095,0.000068,0.000049,0.000057,0.000059,0.000047,0.000041,0.000017,0.000014,0.000024,0.000036,0.000069,0.000171,0.000274,0.000340,0.000488,0.000550,0.000444,0.000337,0.000044,0.000026,0.000084,0.000077
276,,,,,,,,,,,,,0.001867,0.000008,0.000158,0.000181,0.000210,0.000127,0.000090,0.000080,0.000069,0.000070,0.000060,0.000062,0.000067,0.000051,0.000033,0.000051,0.000049,0.000062,0.000064,0.000061,0.000045,0.000046,0.000032,0.000021,0.000030,0.000044,0.000043,0.000044,0.000045,0.000038,0.000040,0.000080,0.000108,0.000124,0.000017,0.000013,0.000101,0.000143
277,,,,,,,,,,,,,0.003585,0.000008,0.000098,0.000080,0.000108,0.000122,0.000179,0.000254,0.000329,0.000356,0.000275,0.000303,0.000231,0.000223,0.000222,0.000229,0.000127,0.000090,0.000082,0.000072,0.000073,0.000051,0.000035,0.000024,0.000044,0.000060,0.000046,0.000049,0.000042,0.000037,0.000122,0.000052,0.000049,0.000042,0.000015,0.000008,0.000026,0.000078
278,,,,,,,,,,,,,0.000915,0.000003,0.000042,0.000040,0.000039,0.000034,0.000041,0.000044,0.000047,0.000060,0.000050,0.000046,0.000044,0.000049,0.000042,0.000035,0.000032,0.000050,0.000051,0.000051,0.000054,0.000047,0.000033,0.000024,0.000035,0.000055,0.000092,0.000192,0.000214,0.000216,0.000172,0.000147,0.000104,0.000074,0.000014,0.000009,0.000047,0.000052
279,,,,,,,,,,,,,-0.000150,0.000008,0.000151,0.000117,0.000136,0.000090,0.000073,0.000080,0.000074,0.000066,0.000053,0.000052,0.000053,0.000051,0.000056,0.000045,0.000042,0.000035,0.000036,0.000045,0.000038,0.000048,0.000053,0.000036,0.000072,0.000081,0.000044,0.000043,0.000039,0.000033,0.000031,0.000028,0.000030,0.000038,0.000017,0.000014,0.000053,0.000055
280,,,,,,,,,,,,,0.001474,0.000004,0.000049,0.000044,0.000046,0.000031,0.000031,0.000042,0.000051,0.000062,0.000059,0.000054,0.000052,0.000055,0.000055,0.000049,0.000056,0.000056,0.000071,0.000056,0.000059,0.000047,0.000024,0.000013,0.000027,0.000028,0.000029,0.000037,0.000033,0.000026,0.000033,0.000061,0.000108,0.000095,0.000014,0.000009,0.000083,0.000121
281,,,,,,,,,,,,,0.001286,0.000009,0.000111,0.000092,0.000101,0.000078,0.000062,0.000046,0.000035,0.000033,0.000022,0.000026,0.000027,0.000029,0.000029,0.000030,0.000027,0.000060,0.000069,0.000084,0.000070,0.000069,0.000051,0.000054,0.000079,0.000074,0.000076,0.000055,0.000052,0.000045,0.000037,0.000037,0.000040,0.000039,0.000008,0.000012,0.000164,0.000261
282,,,,,,,,,,,,,0.000333,0.000005,0.000128,0.000110,0.000078,0.000063,0.000056,0.000071,0.000070,0.000071,0.000069,0.000088,0.000079,0.000084,0.000094,0.000087,0.000071,0.000071,0.000090,0.000080,0.000078,0.000044,0.000037,0.000036,0.000040,0.000026,0.000022,0.000023,0.000029,0.000030,0.000044,0.000128,0.000187,0.000146,0.000026,0.000010,0.000044,0.000062
283,,,,,,,,,,,,,0.001439,0.000006,0.000061,0.000065,0.000082,0.000052,0.000036,0.000032,0.000039,0.000035,0.000031,0.000034,0.000033,0.000053,0.000057,0.000072,0.000074,0.000073,0.000080,0.000088,0.000079,0.000047,0.000040,0.000021,0.000030,0.000041,0.000035,0.000046,0.000092,0.000217,0.000127,0.000104,0.000074,0.000075,0.000030,0.000017,0.000097,0.000128
284,,,,,,,,,,,,,0.001265,0.000006,0.000157,0.000149,0.000206,0.000183,0.000190,0.000147,0.000140,0.000143,0.000118,0.000096,0.000076,0.000087,0.000084,0.000086,0.000088,0.000101,0.000109,0.000098,0.000059,0.000040,0.000020,0.000027,0.000089,0.000129,0.000086,0.000106,0.000144,0.000135,0.000094,0.000104,0.000080,0.000068,0.000011,0.000006,0.000067,0.000099
285,,,,,,,,,,,,,0.000241,0.000020,0.000521,0.000695,0.000776,0.000614,0.000467,0.000338,0.000311,0.000304,0.000231,0.000179,0.000156,0.000173,0.000131,0.000153,0.000147,0.000121,0.000131,0.000109,0.000076,0.000054,0.000026,0.000020,0.000032,0.000028,0.000031,0.000050,0.000094,0.000130,0.000134,0.000145,0.000121,0.000112,0.000012,0.000006,0.000022,0.000036
286,,,,,,,,,,,,,0.001301,0.000005,0.000062,0.000056,0.000059,0.000047,0.000045,0.000045,0.000040,0.000038,0.000038,0.000043,0.000044,0.000056,0.000059,0.000058,0.000042,0.000040,0.000041,0.000045,0.000036,0.000033,0.000027,0.000027,0.000031,0.000033,0.000024,0.000025,0.000026,0.000026,0.000026,0.000029,0.000025,0.000063,0.000022,0.000009,0.000051,0.000078
287,,,,,,,,,,,,,0.002638,0.000005,0.000054,0.000062,0.000088,0.000064,0.000067,0.000069,0.000066,0.000074,0.000056,0.000056,0.000052,0.000069,0.000067,0.000070,0.000062,0.000060,0.000067,0.000070,0.000055,0.000048,0.000023,0.000019,0.000024,0.000025,0.000021,0.000030,0.000036,0.000026,0.000025,0.000036,0.000036,0.000034,0.000013,0.000014,0.000069,0.000079
288,,,,,,,,,,,,,0.006528,0.000006,0.000087,0.000120,0.000204,0.000195,0.000220,0.000238,0.000227,0.000232,0.000173,0.000154,0.000149,0.000136,0.000124,0.000111,0.000080,0.000064,0.000069,0.000064,0.000049,0.000039,0.000014,0.000014,0.000029,0.000037,0.000034,0.000049,0.000042,0.000065,0.000067,0.000047,0.000038,0.000027,0.000016,0.000008,0.000051,0.000067
289,,,,,,,,,,,,,0.002258,0.000002,0.000024,0.000033,0.000097,0.000192,0.000299,0.000340,0.000356,0.000370,0.000275,0.000298,0.000272,0.000277,0.000231,0.000244,0.000263,0.000304,0.000412,0.000386,0.000222,0.000150,0.000062,0.000037,0.000044,0.000046,0.000042,0.000052,0.000048,0.000041,0.000036,0.000046,0.000047,0.000036,0.000008,0.000010,0.000042,0.000069
290,,,,,,,,,,,,,0.000867,0.000002,0.000028,0.000022,0.000025,0.000022,0.000019,0.000021,0.000052,0.000135,0.000238,0.000348,0.000418,0.000558,0.000568,0.000451,0.000356,0.000264,0.000228,0.000175,0.000109,0.000082,0.000040,0.000025,0.000039,0.000041,0.000033,0.000049,0.000067,0.000072,0.000099,0.000155,0.000140,0.000132,0.000023,0.000016,0.000033,0.000029
291,,,,,,,,,,,,,0.006969,0.000011,0.000151,0.000162,0.000172,0.000138,0.000115,0.000109,0.000125,0.000152,0.000138,0.000159,0.000178,0.000224,0.000228,0.000181,0.000140,0.000086,0.000097,0.000089,0.000081,0.000071,0.000042,0.000027,0.000062,0.000075,0.000058,0.000065,0.000067,0.000088,0.000096,0.000108,0.000118,0.000146,0.000024,0.000016,0.000072,0.000110
292,,,,,,,,,,,,,0.000688,0.000004,0.000054,0.000053,0.000067,0.000048,0.000048,0.000065,0.000088,0.000139,0.000173,0.000217,0.000325,0.000428,0.000535,0.000508,0.000379,0.000276,0.000296,0.000304,0.000297,0.000250,0.000098,0.000050,0.000095,0.000098,0.000078,0.000075,0.000086,0.000100,0.000117,0.000161,0.000132,0.000110,0.000013,0.000006,0.000039,0.000060
293,,,,,,,,,,,,,0.003157,0.000004,0.000054,0.000049,0.000071,0.000053,0.000069,0.000074,0.000078,0.000101,0.000106,0.000105,0.000141,0.000261,0.000295,0.000343,0.000376,0.000362,0.000417,0.000328,0.000210,0.000116,0.000048,0.000036,0.000044,0.000047,0.000038,0.000050,0.000034,0.000045,0.000036,0.000035,0.000023,0.000025,0.000006,0.000006,0.000030,0.000068
294,,,,,,,,,,,,,0.002881,0.000005,0.000070,0.000105,0.000106,0.000077,0.000084,0.000061,0.000072,0.000099,0.000136,0.000103,0.000140,0.000103,0.000108,0.000067,0.000058,0.000072,0.000058,0.000048,0.000046,0.000041,0.000042,0.000027,0.000038,0.000040,0.000058,0.000068,0.000096,0.000109,0.000073,0.000065,0.000043,0.000034,0.000013,0.000020,0.000050,0.000090
295,,,,,,,,,,,,,-0.000840,0.000015,0.000262,0.000262,0.000231,0.000163,0.000126,0.000111,0.000103,0.000110,0.000085,0.000086,0.000088,0.000098,0.000097,0.000099,0.000093,0.000078,0.000084,0.000082,0.000079,0.000063,0.000039,0.000023,0.000042,0.000057,0.000056,0.000075,0.000103,0.000105,0.000083,0.000063,0.000047,0.000050,0.000008,0.000006,0.000062,0.000106
296,,,,,,,,,,,,,0.000748,0.000004,0.000075,0.000070,0.000073,0.000051,0.000045,0.000072,0.000124,0.000161,0.000177,0.000226,0.000199,0.000298,0.000307,0.000310,0.000255,0.000232,0.000288,0.000216,0.000163,0.000135,0.000065,0.000032,0.000054,0.000091,0.000061,0.000052,0.000043,0.000038,0.000036,0.000035,0.000027,0.000028,0.000007,0.000005,0.000026,0.000036
297,,,,,,,,,,,,,0.001504,0.000018,0.000253,0.000321,0.000375,0.000244,0.000146,0.000111,0.000094,0.000096,0.000067,0.000059,0.000064,0.000075,0.000082,0.000072,0.000062,0.000060,0.000043,0.000049,0.000043,0.000058,0.000058,0.000067,0.000101,0.000053,0.000035,0.000033,0.000032,0.000040,0.000041,0.000041,0.000043,0.000052,0.000015,0.000012,0.000190,0.000333
298,,,,,,,,,,,,,0.001155,0.000007,0.000113,0.000099,0.000118,0.000099,0.000082,0.000081,0.000085,0.000091,0.000086,0.000082,0.000074,0.000084,0.000100,0.000101,0.000069,0.000051,0.000065,0.000056,0.000043,0.000047,0.000040,0.000053,0.000083,0.000076,0.000069,0.000096,0.000136,0.000156,0.000119,0.000103,0.000075,0.000055,0.000010,0.000008,0.000048,0.000070
299,,,,,,,,,,,,,0.001095,0.000015,0.000209,0.000148,0.000150,0.000115,0.000116,0.000131,0.000159,0.000211,0.000150,0.000168,0.000166,0.000152,0.000137,0.000126,0.000089,0.000087,0.000097,0.000099,0.000090,0.000117,0.000039,0.000030,0.000031,0.000075,0.000140,0.000236,0.000308,0.000330,0.000291,0.000276,0.000197,0.000183,0.000041,0.000018,0.000052,0.000110
300,,,,,,,,,,,,,0.046004,0.000012,0.000094,0.000078,0.000081,0.000048,0.000041,0.000049,0.000048,0.000041,0.000031,0.000030,0.000033,0.000038,0.000047,0.000060,0.000094,0.000222,0.000339,0.000547,0.000433,0.000254,0.000100,0.000049,0.000093,0.000118,0.000115,0.000101,0.000102,0.000091,0.000081,0.000082,0.000066,0.000066,0.000014,0.000012,0.000065,0.000108
301,,,,,,,,,,,,,-0.000241,0.000010,0.000248,0.000280,0.000312,0.000248,0.000225,0.000188,0.000153,0.000157,0.000153,0.000104,0.000118,0.000157,0.000182,0.000215,0.000249,0.000257,0.000238,0.000218,0.000171,0.000130,0.000111,0.000027,0.000040,0.000043,0.000041,0.000045,0.000040,0.000037,0.000051,0.000055,0.000057,0.000056,0.000021,0.000018,0.000052,0.000079
302,,,,,,,,,,,,,0.002479,0.000015,0.000215,0.000241,0.000252,0.000200,0.000201,0.000199,0.000191,0.000177,0.000142,0.000118,0.000097,0.000101,0.000100,0.000090,0.000061,0.000084,0.000072,0.000096,0.000178,0.000337,0.000315,0.000134,0.000220,0.000201,0.000209,0.000116,0.000086,0.000063,0.000049,0.000052,0.000043,0.000046,0.000014,0.000022,0.000216,0.000317
303,,,,,,,,,,,,,0.001452,0.000011,0.000163,0.000154,0.000162,0.000107,0.000106,0.000092,0.000095,0.000101,0.000075,0.000074,0.000061,0.000064,0.000054,0.000038,0.000039,0.000057,0.000062,0.000070,0.000068,0.000067,0.000047,0.000034,0.000058,0.000072,0.000136,0.000106,0.000141,0.000156,0.000160,0.000173,0.000155,0.000133,0.000019,0.000009,0.000088,0.000085
304,,,,,,,,,,,,,-0.000111,0.000003,0.000082,0.000060,0.000074,0.000073,0.000110,0.000143,0.000173,0.000238,0.000210,0.000288,0.000405,0.000323,0.000414,0.000335,0.000247,0.000204,0.000220,0.000179,0.000155,0.000122,0.000062,0.000074,0.000134,0.000107,0.000069,0.000061,0.000057,0.000068,0.000059,0.000088,0.000105,0.000076,0.000012,0.000009,0.000045,0.000054
305,,,,,,,,,,,,,0.000755,0.000008,0.000154,0.000151,0.000174,0.000135,0.000109,0.000131,0.000130,0.000122,0.000091,0.000079,0.000076,0.000074,0.000071,0.000066,0.000055,0.000053,0.000061,0.000071,0.000062,0.000046,0.000027,0.000018,0.000034,0.000050,0.000034,0.000057,0.000094,0.000119,0.000101,0.000085,0.000065,0.000052,0.000007,0.000004,0.000033,0.000054
306,,,,,,,,,,,,,0.001490,0.000006,0.000096,0.000090,0.000125,0.000096,0.000080,0.000072,0.000066,0.000067,0.000043,0.000045,0.000091,0.000118,0.000063,0.000048,0.000025,0.000017,0.000020,0.000025,0.000069,0.000110,0.000076,0.000066,0.000123,0.000157,0.000137,0.000149,0.000137,0.000128,0.000087,0.000090,0.000080,0.000073,0.000012,0.000008,0.000030,0.000048
307,,,,,,,,,,,,,0.002873,0.000007,0.000098,0.000098,0.000088,0.000062,0.000061,0.000074,0.000097,0.000126,0.000100,0.000111,0.000076,0.000075,0.000063,0.000066,0.000058,0.000059,0.000069,0.000091,0.000081,0.000069,0.000046,0.000033,0.000053,0.000137,0.000221,0.000116,0.000081,0.000077,0.000078,0.000064,0.000054,0.000058,0.000007,0.000006,0.000035,0.000053
308,,,,,,,,,,,,,0.002711,0.000012,0.000251,0.000259,0.000289,0.000193,0.000162,0.000157,0.000124,0.000129,0.000108,0.000126,0.000238,0.000248,0.000235,0.000177,0.000121,0.000097,0.000102,0.000091,0.000085,0.000099,0.000058,0.000036,0.000067,0.000065,0.000062,0.000053,0.000046,0.000037,0.000034,0.000029,0.000022,0.000023,0.000009,0.000009,0.000033,0.000037
309,,,,,,,,,,,,,-0.000506,0.000005,0.000115,0.000092,0.000096,0.000072,0.000064,0.000079,0.000101,0.000146,0.000143,0.000166,0.000173,0.000180,0.000157,0.000124,0.000103,0.000083,0.000083,0.000054,0.000052,0.000048,0.000031,0.000039,0.000049,0.000065,0.000113,0.000082,0.000077,0.000101,0.000164,0.000197,0.000185,0.000197,0.000034,0.000008,0.000041,0.000052
310,,,,,,,,,,,,,-0.000046,0.000033,0.000605,0.000656,0.000654,0.000332,0.000210,0.000155,0.000135,0.000121,0.000090,0.000083,0.000089,0.000092,0.000078,0.000077,0.000056,0.000047,0.000056,0.000051,0.000063,0.000049,0.000034,0.000023,0.000030,0.000037,0.000034,0.000039,0.000047,0.000063,0.000062,0.000053,0.000054,0.000045,0.000013,0.000011,0.000038,0.000091
311,,,,,,,,,,,,,0.001656,0.000008,0.000135,0.000165,0.000279,0.000327,0.000412,0.000418,0.000411,0.000388,0.000268,0.000211,0.000160,0.000143,0.000139,0.000152,0.000091,0.000053,0.000055,0.000045,0.000037,0.000040,0.000034,0.000047,0.000156,0.000185,0.000102,0.000094,0.000082,0.000066,0.000055,0.000045,0.000032,0.000027,0.000007,0.000008,0.000103,0.000153
312,,,,,,,,,,,,,0.001101,0.000009,0.000098,0.000087,0.000098,0.000074,0.000069,0.000059,0.000070,0.000078,0.000063,0.000065,0.000062,0.000074,0.000075,0.000085,0.000066,0.000057,0.000064,0.000067,0.000054,0.000083,0.000085,0.000063,0.000135,0.000169,0.000095,0.000103,0.000093,0.000053,0.000046,0.000047,0.000045,0.000039,0.000008,0.000006,0.000092,0.000154
313,,,,,,,,,,,,,-0.000001,0.000005,0.000073,0.000070,0.000074,0.000061,0.000067,0.000075,0.000095,0.000106,0.000083,0.000069,0.000071,0.000083,0.000081,0.000075,0.000077,0.000071,0.000080,0.000078,0.000053,0.000047,0.000243,0.000038,0.000054,0.000052,0.000062,0.000074,0.000067,0.000063,0.000063,0.000058,0.000047,0.000039,0.000010,0.000008,0.000040,0.000064
314,,,,,,,,,,,,,0.001784,0.000010,0.000086,0.000076,0.000081,0.000065,0.000057,0.000052,0.000050,0.000040,0.000020,0.000030,0.000042,0.000035,0.000030,0.000033,0.000043,0.000046,0.000054,0.000044,0.000039,0.000044,0.000055,0.000062,0.000168,0.000267,0.000194,0.000196,0.000173,0.000142,0.000188,0.000116,0.000106,0.000098,0.000027,0.000025,0.000187,0.000222
315,,,,,,,,,,,,,0.001944,0.000005,0.000066,0.000060,0.000081,0.000071,0.000064,0.000072,0.000105,0.000163,0.000196,0.000221,0.000224,0.000285,0.000278,0.000258,0.000180,0.000288,0.000126,0.000103,0.000059,0.000039,0.000025,0.000015,0.000022,0.000022,0.000019,0.000021,0.000028,0.000033,0.000051,0.000057,0.000082,0.000091,0.000015,0.000017,0.000138,0.000157
316,,,,,,,,,,,,,0.002156,0.000005,0.000033,0.000027,0.000037,0.000029,0.000027,0.000037,0.000059,0.000079,0.000073,0.000110,0.000104,0.000181,0.000137,0.000115,0.000083,0.000061,0.000061,0.000055,0.000035,0.000034,0.000051,0.000040,0.000098,0.000133,0.000121,0.000092,0.000122,0.000138,0.000097,0.000131,0.000189,0.000233,0.000070,0.000036,0.000107,0.000170
317,,,,,,,,,,,,,0.000181,0.000007,0.000137,0.000142,0.000152,0.000116,0.000094,0.000088,0.000089,0.000098,0.000076,0.000064,0.000058,0.000069,0.000071,0.000073,0.000051,0.000051,0.000068,0.000062,0.000048,0.000052,0.000037,0.000022,0.000042,0.000040,0.000036,0.000042,0.000040,0.000046,0.000087,0.000063,0.000063,0.000050,0.000009,0.000005,0.000021,0.000044
318,,,,,,,,,,,,,-0.000927,0.000006,0.000098,0.000101,0.000097,0.000063,0.000057,0.000060,0.000085,0.000102,0.000082,0.000108,0.000125,0.000131,0.000125,0.000114,0.000098,0.000095,0.000098,0.000097,0.000108,0.000087,0.000047,0.000157,0.000122,0.000087,0.000092,0.000103,0.000107,0.000114,0.000105,0.000127,0.000134,0.000121,0.000014,0.000005,0.000028,0.000043
319,,,,,,,,,,,,,0.001658,0.000007,0.000073,0.000083,0.000092,0.000063,0.000067,0.000072,0.000072,0.000066,0.000051,0.000049,0.000042,0.000059,0.000068,0.000089,0.000116,0.000204,0.000532,0.000867,0.000777,0.000471,0.000216,0.000080,0.000114,0.000090,0.000071,0.000070,0.000058,0.000054,0.000061,0.000062,0.000049,0.000049,0.000013,0.000016,0.000120,0.000140
320,,,,,,,,,,,,,0.000909,0.000019,0.000240,0.000198,0.000186,0.000151,0.000101,0.000087,0.000083,0.000074,0.000057,0.000042,0.000044,0.000049,0.000042,0.000035,0.000022,0.000029,0.000044,0.000099,0.000183,0.000221,0.000152,0.000094,0.000166,0.000140,0.000102,0.000090,0.000077,0.000061,0.000052,0.000052,0.000064,0.000075,0.000017,0.000017,0.000247,0.000433
321,,,,,,,,,,,,,0.003619,0.000006,0.000070,0.000061,0.000065,0.000057,0.000052,0.000066,0.000092,0.000118,0.000091,0.000096,0.000081,0.000079,0.000076,0.000065,0.000043,0.000047,0.000073,0.000071,0.000054,0.000035,0.000023,0.000015,0.000024,0.000030,0.000031,0.000029,0.000037,0.000040,0.000044,0.000046,0.000048,0.000063,0.000029,0.000019,0.000107,0.000152
322,,,,,,,,,,,,,0.009990,0.000006,0.000062,0.000054,0.000054,0.000038,0.000039,0.000043,0.000061,0.000073,0.000062,0.000073,0.000061,0.000058,0.000063,0.000056,0.000042,0.000038,0.000038,0.000045,0.000050,0.000032,0.000020,0.000013,0.000021,0.000020,0.000014,0.000012,0.000012,0.000014,0.000017,0.000030,0.000059,0.000056,0.000018,0.000022,0.000096,0.000087
323,,,,,,,,,,,,,0.001129,0.000005,0.000076,0.000068,0.000091,0.000120,0.000221,0.000343,0.000428,0.000416,0.000357,0.000334,0.000251,0.000274,0.000268,0.000206,0.000127,0.000105,0.000126,0.000103,0.000074,0.000058,0.000056,0.000024,0.000034,0.000027,0.000027,0.000030,0.000040,0.000037,0.000034,0.000032,0.000035,0.000042,0.000017,0.000015,0.000081,0.000091
324,,,,,,,,,,,,,0.001396,0.000008,0.000226,0.000325,0.000417,0.000306,0.000309,0.000227,0.000175,0.000169,0.000129,0.000103,0.000093,0.000113,0.000105,0.000094,0.000087,0.000076,0.000064,0.000063,0.000062,0.000054,0.000083,0.000100,0.000257,0.000286,0.000184,0.000171,0.000137,0.000107,0.000086,0.000089,0.000089,0.000093,0.000012,0.000009,0.000062,0.000070
325,,,,,,,,,,,,,0.000447,0.000003,0.000036,0.000028,0.000032,0.000033,0.000051,0.000061,0.000079,0.000109,0.000122,0.000162,0.000195,0.000291,0.000390,0.000464,0.000445,0.000391,0.000420,0.000265,0.000167,0.000145,0.000065,0.000031,0.000045,0.000052,0.000054,0.000047,0.000046,0.000047,0.000043,0.000045,0.000042,0.000041,0.000015,0.000015,0.000068,0.000084
326,,,,,,,,,,,,,0.000642,0.000004,0.000061,0.000061,0.000091,0.000087,0.000097,0.000107,0.000121,0.000151,0.000143,0.000169,0.000182,0.000240,0.000221,0.000202,0.000150,0.000106,0.000112,0.000091,0.000071,0.000079,0.000048,0.000029,0.000051,0.000164,0.000182,0.000155,0.000177,0.000173,0.000103,0.000091,0.000069,0.000047,0.000010,0.000008,0.000061,0.000073
327,,,,,,,,,,,,,0.002058,0.000024,0.000427,0.000468,0.000507,0.000316,0.000255,0.000216,0.000219,0.000264,0.000393,0.000338,0.000445,0.000524,0.000563,0.000520,0.000433,0.000398,0.000322,0.000298,0.000311,0.000178,0.000083,0.000056,0.000076,0.000073,0.000107,0.000076,0.000071,0.000071,0.000070,0.000070,0.000053,0.000040,0.000005,0.000006,0.000044,0.000112
328,,,,,,,,,,,,,0.001093,0.000020,0.000246,0.000200,0.000189,0.000134,0.000112,0.000092,0.000086,0.000082,0.000065,0.000067,0.000068,0.000087,0.000123,0.000173,0.000230,0.000466,0.000379,0.000356,0.000217,0.000150,0.000065,0.000033,0.000048,0.000048,0.000038,0.000039,0.000037,0.000027,0.000022,0.000022,0.000021,0.000016,0.000006,0.000007,0.000067,0.000212
329,,,,,,,,,,,,,0.000250,0.000003,0.000035,0.000028,0.000036,0.000030,0.000028,0.000029,0.000034,0.000037,0.000031,0.000029,0.000064,0.000051,0.000059,0.000062,0.000063,0.000076,0.000088,0.000069,0.000063,0.000041,0.000039,0.000014,0.000022,0.000025,0.000119,0.000143,0.000074,0.000059,0.000080,0.000064,0.000067,0.000063,0.000016,0.000015,0.000054,0.000062
330,,,,,,,,,,,,,0.007083,0.000004,0.000049,0.000044,0.000061,0.000043,0.000054,0.000110,0.000096,0.000105,0.000088,0.000072,0.000076,0.000072,0.000063,0.000060,0.000052,0.000052,0.000058,0.000049,0.000036,0.000025,0.000022,0.000045,0.000119,0.000120,0.000130,0.000118,0.000084,0.000077,0.000064,0.000068,0.000061,0.000049,0.000009,0.000006,0.000028,0.000051
331,,,,,,,,,,,,,0.013587,0.000011,0.000201,0.000237,0.000322,0.000188,0.000144,0.000122,0.000128,0.000143,0.000119,0.000120,0.000106,0.000130,0.000127,0.000118,0.000083,0.000075,0.000079,0.000087,0.000069,0.000044,0.000036,0.000053,0.000060,0.000041,0.000054,0.000079,0.000087,0.000111,0.000088,0.000104,0.000078,0.000059,0.000009,0.000007,0.000052,0.000088
332,,,,,,,,,,,,,0.000322,0.000004,0.000103,0.000108,0.000095,0.000065,0.000058,0.000060,0.000063,0.000084,0.000077,0.000082,0.000070,0.000068,0.000071,0.000069,0.000091,0.000142,0.000265,0.000380,0.000395,0.000341,0.000114,0.000070,0.000088,0.000079,0.000081,0.000093,0.000079,0.000064,0.000053,0.000053,0.000043,0.000041,0.000011,0.000008,0.000029,0.000043
333,,,,,,,,,,,,,0.002313,0.000004,0.000063,0.000061,0.000083,0.000071,0.000071,0.000081,0.000080,0.000096,0.000084,0.000090,0.000089,0.000100,0.000112,0.000102,0.000084,0.000075,0.000078,0.000080,0.000064,0.000048,0.000033,0.000021,0.000034,0.000044,0.000035,0.000040,0.000037,0.000049,0.000110,0.000131,0.000133,0.000147,0.000016,0.000008,0.000038,0.000054
334,,,,,,,,,,,,,0.001944,0.000003,0.000047,0.000042,0.000042,0.000036,0.000042,0.000041,0.000037,0.000042,0.000033,0.000036,0.000032,0.000032,0.000033,0.000040,0.000064,0.000069,0.000087,0.000076,0.000069,0.000084,0.000047,0.000091,0.000142,0.000107,0.000072,0.000099,0.000087,0.000073,0.000046,0.000041,0.000036,0.000027,0.000009,0.000007,0.000033,0.000049
335,,,,,,,,,,,,,0.001471,0.000014,0.000104,0.000096,0.000103,0.000059,0.000042,0.000046,0.000048,0.000053,0.000039,0.000041,0.000032,0.000050,0.000068,0.000061,0.000057,0.000065,0.000063,0.000057,0.000039,0.000034,0.000025,0.000017,0.000036,0.000050,0.000049,0.000051,0.000057,0.000061,0.000062,0.000093,0.000090,0.000088,0.000023,0.000025,0.000250,0.000436
336,,,,,,,,,,,,,0.000397,0.000003,0.000032,0.000029,0.000045,0.000064,0.000107,0.000171,0.000251,0.000328,0.000312,0.000392,0.000282,0.000318,0.000278,0.000238,0.000166,0.000156,0.000149,0.000128,0.000095,0.000062,0.000042,0.000023,0.000041,0.000048,0.000035,0.000034,0.000040,0.000051,0.000083,0.000110,0.000105,0.000094,0.000014,0.000009,0.000045,0.000058
337,,,,,,,,,,,,,-0.000436,0.000011,0.000288,0.000314,0.000408,0.000307,0.000306,0.000295,0.000289,0.000302,0.000270,0.000212,0.000203,0.000226,0.000233,0.000261,0.000238,0.000215,0.000212,0.000186,0.000159,0.000102,0.000052,0.000028,0.000045,0.000047,0.000041,0.000053,0.000054,0.000046,0.000054,0.000057,0.000050,0.000045,0.000009,0.000010,0.000062,0.000088
338,,,,,,,,,,,,,0.000406,0.000017,0.000219,0.000189,0.000147,0.000119,0.000104,0.000091,0.000104,0.000104,0.000073,0.000065,0.000066,0.000073,0.000065,0.000071,0.000068,0.000070,0.000081,0.000087,0.000067,0.000050,0.000025,0.000026,0.000061,0.000099,0.000110,0.000116,0.000102,0.000075,0.000052,0.000044,0.000039,0.000034,0.000017,0.000012,0.000105,0.000200
339,,,,,,,,,,,,,0.000715,0.000006,0.000126,0.000172,0.000448,0.000686,0.000804,0.000662,0.000510,0.000466,0.000320,0.000264,0.000218,0.000225,0.000218,0.000204,0.000156,0.000125,0.000130,0.000131,0.000096,0.000074,0.000049,0.000036,0.000049,0.000061,0.000061,0.000089,0.000114,0.000141,0.000110,0.000111,0.000089,0.000068,0.000010,0.000006,0.000039,0.000064
340,,,,,,,,,,,,,0.003518,0.000010,0.000155,0.000183,0.000284,0.000331,0.000342,0.000350,0.000342,0.000328,0.000211,0.000165,0.000141,0.000141,0.000130,0.000126,0.000087,0.000068,0.000083,0.000076,0.000065,0.000038,0.000024,0.000013,0.000015,0.000028,0.000026,0.000028,0.000017,0.000018,0.000021,0.000024,0.000017,0.000016,0.000005,0.000007,0.000042,0.000084
341,,,,,,,,,,,,,0.002742,0.000006,0.000055,0.000050,0.000040,0.000037,0.000068,0.000082,0.000079,0.000089,0.000068,0.000040,0.000038,0.000054,0.000052,0.000056,0.000049,0.000148,0.000133,0.000170,0.000135,0.000088,0.000045,0.000025,0.000040,0.000066,0.000117,0.000151,0.000161,0.000213,0.000257,0.000312,0.000322,0.000333,0.000054,0.000024,0.000077,0.000123
342,,,,,,,,,,,,,0.001304,0.000012,0.000222,0.000215,0.000220,0.000182,0.000167,0.000171,0.000164,0.000173,0.000128,0.000126,0.000088,0.000095,0.000074,0.000072,0.000056,0.000057,0.000066,0.000055,0.000046,0.000041,0.000029,0.000025,0.000028,0.000022,0.000024,0.000026,0.000031,0.000027,0.000023,0.000032,0.000022,0.000016,0.000007,0.000005,0.000035,0.000073
343,,,,,,,,,,,,,0.009275,0.000007,0.000137,0.000182,0.000225,0.000134,0.000110,0.000099,0.000089,0.000065,0.000047,0.000073,0.000069,0.000067,0.000067,0.000052,0.000056,0.000066,0.000151,0.000307,0.000464,0.000314,0.000120,0.000043,0.000068,0.000081,0.000110,0.000160,0.000185,0.000138,0.000077,0.000063,0.000052,0.000044,0.000009,0.000006,0.000051,0.000065
344,,,,,,,,,,,,,0.005723,0.000008,0.000071,0.000074,0.000095,0.000094,0.000111,0.000107,0.000103,0.000134,0.000117,0.000129,0.000105,0.000107,0.000092,0.000081,0.000050,0.000040,0.000047,0.000056,0.000050,0.000044,0.000028,0.000025,0.000036,0.000042,0.000061,0.000221,0.000144,0.000177,0.000157,0.000175,0.000138,0.000155,0.000060,0.000043,0.000179,0.000210
345,,,,,,,,,,,,,0.001678,0.000011,0.000183,0.000178,0.000193,0.000157,0.000142,0.000137,0.000139,0.000154,0.000133,0.000137,0.000130,0.000133,0.000126,0.000121,0.000096,0.000094,0.000110,0.000099,0.000072,0.000054,0.000024,0.000017,0.000027,0.000034,0.000031,0.000036,0.000044,0.000042,0.000036,0.000041,0.000050,0.000058,0.000008,0.000009,0.000119,0.000276
346,,,,,,,,,,,,,0.004838,0.000004,0.000045,0.000037,0.000030,0.000052,0.000096,0.000152,0.000186,0.000197,0.000146,0.000129,0.000114,0.000115,0.000109,0.000087,0.000105,0.000115,0.000119,0.000126,0.000092,0.000097,0.000083,0.000052,0.000046,0.000040,0.000049,0.000038,0.000037,0.000041,0.000047,0.000061,0.000089,0.000100,0.000021,0.000012,0.000037,0.000044
347,,,,,,,,,,,,,0.001432,0.000006,0.000065,0.000056,0.000063,0.000047,0.000047,0.000038,0.000033,0.000035,0.000081,0.000047,0.000059,0.000069,0.000082,0.000098,0.000113,0.000118,0.000153,0.000215,0.000280,0.000183,0.000088,0.000080,0.000095,0.000086,0.000059,0.000049,0.000043,0.000035,0.000031,0.000022,0.000014,0.000016,0.000018,0.000026,0.000118,0.000130
348,,,,,,,,,,,,,0.003619,0.000006,0.000075,0.000066,0.000075,0.000065,0.000063,0.000056,0.000070,0.000092,0.000083,0.000077,0.000073,0.000076,0.000086,0.000087,0.000077,0.000095,0.000079,0.000086,0.000084,0.000071,0.000035,0.000026,0.000035,0.000038,0.000035,0.000035,0.000051,0.000079,0.000098,0.000121,0.000107,0.000162,0.000123,0.000055,0.000108,0.000156
349,,,,,,,,,,,,,0.000300,0.000007,0.000057,0.000054,0.000075,0.000052,0.000036,0.000038,0.000037,0.000053,0.000057,0.000059,0.000077,0.000098,0.000106,0.000096,0.000066,0.000061,0.000062,0.000050,0.000038,0.000031,0.000023,0.000021,0.000031,0.000037,0.000046,0.000054,0.000061,0.000068,0.000080,0.000131,0.000126,0.000117,0.000030,0.000031,0.000152,0.000216
350,,,,,,,,,,,,,0.000922,0.000004,0.000074,0.000095,0.000113,0.000080,0.000157,0.000232,0.000350,0.000522,0.000597,0.000682,0.000762,0.001046,0.000995,0.000895,0.000693,0.000540,0.000486,0.000368,0.000272,0.000189,0.000064,0.000033,0.000047,0.000052,0.000041,0.000043,0.000048,0.000045,0.000029,0.000025,0.000023,0.000028,0.000019,0.000014,0.000047,0.000053
351,,,,,,,,,,,,,0.000653,0.000002,0.000042,0.000045,0.000050,0.000033,0.000034,0.000042,0.000040,0.000035,0.000032,0.000049,0.000052,0.000054,0.000042,0.000041,0.000029,0.000027,0.000041,0.000072,0.000103,0.000056,0.000032,0.000024,0.000032,0.000031,0.000029,0.000029,0.000025,0.000023,0.000020,0.000030,0.000037,0.000055,0.000013,0.000008,0.000022,0.000027
352,,,,,,,,,,,,,0.003083,0.000004,0.000040,0.000039,0.000043,0.000040,0.000081,0.000165,0.000310,0.000455,0.000421,0.000427,0.000525,0.000702,0.000932,0.001065,0.001071,0.000838,0.000893,0.000635,0.000378,0.000216,0.000083,0.000047,0.000066,0.000059,0.000059,0.000066,0.000062,0.000065,0.000054,0.000052,0.000052,0.000046,0.000013,0.000009,0.000057,0.000086
353,,,,,,,,,,,,,0.010947,0.000004,0.000096,0.000128,0.000227,0.000233,0.000252,0.000253,0.000295,0.000302,0.000265,0.000216,0.000200,0.000215,0.000206,0.000185,0.000130,0.000099,0.000088,0.000067,0.000058,0.000055,0.000042,0.000023,0.000035,0.000037,0.000036,0.000043,0.000042,0.000037,0.000043,0.000035,0.000027,0.000026,0.000007,0.000005,0.000016,0.000029
354,,,,,,,,,,,,,0.000473,0.000003,0.000042,0.000048,0.000061,0.000051,0.000042,0.000056,0.000059,0.000066,0.000048,0.000041,0.000045,0.000046,0.000044,0.000040,0.000032,0.000033,0.000043,0.000059,0.000047,0.000039,0.000046,0.000024,0.000033,0.000031,0.000027,0.000031,0.000034,0.000045,0.000053,0.000046,0.000053,0.000042,0.000010,0.000006,0.000037,0.000056
355,,,,,,,,,,,,,0.000861,0.000004,0.000047,0.000041,0.000053,0.000047,0.000052,0.000053,0.000054,0.000059,0.000037,0.000048,0.000054,0.000064,0.000077,0.000072,0.000063,0.000060,0.000073,0.000076,0.000066,0.000046,0.000029,0.000021,0.000029,0.000030,0.000038,0.000052,0.000076,0.000117,0.000159,0.000188,0.000202,0.000227,0.000029,0.000021,0.000062,0.000076
356,,,,,,,,,,,,,0.001431,0.000005,0.000078,0.000065,0.000078,0.000158,0.000301,0.000509,0.000716,0.000797,0.000645,0.000625,0.000433,0.000414,0.000350,0.000311,0.000229,0.000178,0.000197,0.000190,0.000135,0.000113,0.000046,0.000031,0.000041,0.000054,0.000048,0.000061,0.000062,0.000072,0.000069,0.000064,0.000044,0.000038,0.000008,0.000006,0.000044,0.000060
357,,,,,,,,,,,,,0.000205,0.000004,0.000048,0.000060,0.000083,0.000059,0.000056,0.000057,0.000048,0.000051,0.000052,0.000061,0.000057,0.000072,0.000079,0.000095,0.000101,0.000107,0.000163,0.000196,0.000177,0.000140,0.000059,0.000036,0.000059,0.000062,0.000047,0.000046,0.000043,0.000046,0.000040,0.000043,0.000042,0.000049,0.000016,0.000015,0.000041,0.000054
358,,,,,,,,,,,,,0.003800,0.000006,0.000060,0.000053,0.000057,0.000049,0.000048,0.000040,0.000048,0.000055,0.000043,0.000052,0.000069,0.000055,0.000076,0.000062,0.000037,0.000059,0.000101,0.000090,0.000059,0.000040,0.000022,0.000021,0.000025,0.000036,0.000033,0.000027,0.000049,0.000051,0.000074,0.000082,0.000073,0.000084,0.000029,0.000018,0.000105,0.000147
359,,,,,,,,,,,,,0.000275,0.000006,0.000058,0.000054,0.000063,0.000047,0.000056,0.000078,0.000091,0.000111,0.000093,0.000098,0.000161,0.000128,0.000168,0.000115,0.000099,0.000071,0.000062,0.000053,0.000038,0.000031,0.000017,0.000021,0.000026,0.000033,0.000035,0.000045,0.000036,0.000040,0.000031,0.000033,0.000028,0.000026,0.000017,0.000031,0.000094,0.000106
360,,,,,,,,,,,,,0.000124,0.000004,0.000039,0.000031,0.000051,0.000042,0.000037,0.000039,0.000036,0.000039,0.000028,0.000033,0.000034,0.000046,0.000046,0.000041,0.000049,0.000035,0.000040,0.000030,0.000027,0.000032,0.000030,0.000033,0.000037,0.000063,0.000038,0.000050,0.000051,0.000059,0.000067,0.000055,0.000060,0.000065,0.000020,0.000012,0.000049,0.000049
361,,,,,,,,,,,,,0.001414,0.000004,0.000065,0.000055,0.000056,0.000039,0.000033,0.000030,0.000030,0.000044,0.000041,0.000047,0.000047,0.000041,0.000050,0.000047,0.000052,0.000041,0.000042,0.000039,0.000027,0.000026,0.000017,0.000020,0.000029,0.000023,0.000030,0.000032,0.000031,0.000037,0.000042,0.000045,0.000045,0.000036,0.000015,0.000014,0.000062,0.000081
362,,,,,,,,,,,,,0.001803,0.000010,0.000123,0.000102,0.000126,0.000229,0.000281,0.000293,0.000369,0.000439,0.000405,0.000516,0.000477,0.000602,0.000673,0.000747,0.000696,0.000563,0.000632,0.000542,0.000355,0.000208,0.000088,0.000040,0.000059,0.000051,0.000038,0.000045,0.000075,0.000080,0.000056,0.000102,0.000140,0.000169,0.000024,0.000010,0.000083,0.000175
363,,,,,,,,,,,,,0.001676,0.000018,0.000371,0.000349,0.000361,0.000245,0.000219,0.000161,0.000118,0.000105,0.000073,0.000067,0.000112,0.000083,0.000078,0.000070,0.000060,0.000069,0.000131,0.000160,0.000113,0.000063,0.000033,0.000021,0.000041,0.000068,0.000061,0.000110,0.000149,0.000137,0.000093,0.000068,0.000048,0.000045,0.000011,0.000009,0.000044,0.000078
364,,,,,,,,,,,,,0.005167,0.000005,0.000062,0.000057,0.000070,0.000053,0.000057,0.000058,0.000065,0.000058,0.000052,0.000055,0.000047,0.000047,0.000049,0.000052,0.000043,0.000045,0.000046,0.000038,0.000026,0.000020,0.000016,0.000073,0.000040,0.000028,0.000029,0.000030,0.000039,0.000048,0.000046,0.000047,0.000071,0.000106,0.000020,0.000012,0.000133,0.000099
365,,,,,,,,,,,,,0.001915,0.000005,0.000075,0.000078,0.000081,0.000059,0.000057,0.000058,0.000065,0.000059,0.000058,0.000055,0.000060,0.000065,0.000057,0.000077,0.000078,0.000071,0.000093,0.000077,0.000076,0.000059,0.000032,0.000020,0.000029,0.000045,0.000047,0.000044,0.000057,0.000084,0.000062,0.000058,0.000050,0.000055,0.000023,0.000017,0.000112,0.000145
366,,,,,,,,,,,,,0.002207,0.000015,0.000155,0.000147,0.000138,0.000104,0.000095,0.000082,0.000087,0.000097,0.000089,0.000094,0.000087,0.000106,0.000110,0.000100,0.000085,0.000075,0.000083,0.000079,0.000056,0.000042,0.000027,0.000019,0.000034,0.000049,0.000065,0.000064,0.000073,0.000066,0.000065,0.000062,0.000057,0.000047,0.000007,0.000006,0.000062,0.000235
367,,,,,,,,,,,,,0.000134,0.000005,0.000046,0.000052,0.000065,0.000043,0.000050,0.000054,0.000070,0.000098,0.000092,0.000101,0.000109,0.000105,0.000097,0.000113,0.000099,0.000114,0.000173,0.000172,0.000146,0.000097,0.000052,0.000024,0.000046,0.000065,0.000073,0.000106,0.000151,0.000173,0.000181,0.000159,0.000131,0.000120,0.000016,0.000007,0.000035,0.000085
368,,,,,,,,,,,,,0.003620,0.000008,0.000095,0.000095,0.000055,0.000032,0.000026,0.000031,0.000033,0.000038,0.000034,0.000032,0.000042,0.000045,0.000044,0.000045,0.000036,0.000070,0.000043,0.000040,0.000037,0.000065,0.000051,0.000079,0.000081,0.000086,0.000065,0.000065,0.000050,0.000042,0.000047,0.000073,0.000085,0.000081,0.000030,0.000021,0.000138,0.000155
369,,,,,,,,,,,,,-0.000437,0.000005,0.000084,0.000068,0.000080,0.000073,0.000077,0.000086,0.000099,0.000121,0.000108,0.000121,0.000121,0.000149,0.000138,0.000156,0.000147,0.000131,0.000177,0.000221,0.000218,0.000280,0.000098,0.000057,0.000074,0.000063,0.000075,0.000058,0.000056,0.000049,0.000045,0.000053,0.000060,0.000058,0.000010,0.000010,0.000042,0.000056
370,,,,,,,,,,,,,0.004517,0.000010,0.000064,0.000055,0.000056,0.000040,0.000036,0.000051,0.000043,0.000044,0.000036,0.000045,0.000044,0.000084,0.000140,0.000152,0.000176,0.000188,0.000269,0.000308,0.000241,0.000282,0.000089,0.000059,0.000080,0.000066,0.000081,0.000055,0.000049,0.000073,0.000066,0.000064,0.000061,0.000059,0.000014,0.000013,0.000155,0.000306
371,,,,,,,,,,,,,0.002350,0.000004,0.000064,0.000051,0.000070,0.000050,0.000063,0.000079,0.000063,0.000050,0.000046,0.000041,0.000050,0.000065,0.000068,0.000066,0.000056,0.000048,0.000053,0.000042,0.000036,0.000034,0.000027,0.000025,0.000040,0.000039,0.000036,0.000037,0.000039,0.000036,0.000029,0.000042,0.000039,0.000032,0.000010,0.000017,0.000065,0.000075
372,,,,,,,,,,,,,0.000708,0.000024,0.000431,0.000503,0.000525,0.000349,0.000266,0.000200,0.000164,0.000145,0.000111,0.000101,0.000087,0.000088,0.000091,0.000077,0.000058,0.000058,0.000068,0.000071,0.000065,0.000054,0.000043,0.000022,0.000052,0.000089,0.000079,0.000087,0.000078,0.000083,0.000076,0.000074,0.000060,0.000056,0.000020,0.000015,0.000112,0.000132
373,,,,,,,,,,,,,0.002941,0.000004,0.000048,0.000041,0.000040,0.000038,0.000035,0.000033,0.000032,0.000034,0.000036,0.000034,0.000041,0.000049,0.000048,0.000040,0.000039,0.000041,0.000035,0.000040,0.000033,0.000046,0.000033,0.000030,0.000043,0.000058,0.000044,0.000052,0.000048,0.000048,0.000050,0.000061,0.000069,0.000091,0.000036,0.000027,0.000070,0.000108
374,,,,,,,,,,,,,0.006931,0.000006,0.000068,0.000062,0.000082,0.000060,0.000060,0.000067,0.000069,0.000086,0.000075,0.000065,0.000065,0.000063,0.000061,0.000063,0.000062,0.000067,0.000073,0.000071,0.000067,0.000048,0.000031,0.000025,0.000037,0.000033,0.000043,0.000039,0.000039,0.000040,0.000046,0.000056,0.000040,0.000038,0.000009,0.000013,0.000108,0.000126
375,,,,,,,,,,,,,0.003444,0.000003,0.000045,0.000039,0.000059,0.000040,0.000029,0.000032,0.000057,0.000071,0.000051,0.000056,0.000061,0.000068,0.000078,0.000080,0.000066,0.000061,0.000072,0.000072,0.000088,0.000182,0.000292,0.000140,0.000170,0.000126,0.000086,0.000084,0.000066,0.000058,0.000055,0.000047,0.000046,0.000037,0.000011,0.000008,0.000043,0.000069
376,,,,,,,,,,,,,0.002947,0.000013,0.000194,0.000162,0.000177,0.000105,0.000079,0.000050,0.000036,0.000051,0.000040,0.000043,0.000034,0.000045,0.000053,0.000043,0.000035,0.000039,0.000085,0.000118,0.000171,0.000089,0.000034,0.000021,0.000043,0.000063,0.000053,0.000040,0.000035,0.000043,0.000045,0.000049,0.000043,0.000040,0.000009,0.000008,0.000077,0.000133
377,,,,,,,,,,,,,0.000775,0.000019,0.000359,0.000400,0.000434,0.000339,0.000270,0.000205,0.000165,0.000160,0.000110,0.000108,0.000076,0.000086,0.000095,0.000102,0.000100,0.000138,0.000170,0.000198,0.000245,0.000258,0.000172,0.000080,0.000117,0.000113,0.000074,0.000084,0.000071,0.000069,0.000052,0.000046,0.000041,0.000040,0.000008,0.000006,0.000034,0.000057
378,,,,,,,,,,,,,0.012039,0.000008,0.000125,0.000131,0.000139,0.000097,0.000072,0.000072,0.000071,0.000066,0.000052,0.000063,0.000064,0.000086,0.000112,0.000094,0.000075,0.000064,0.000066,0.000059,0.000048,0.000040,0.000034,0.000028,0.000049,0.000054,0.000052,0.000050,0.000044,0.000057,0.000065,0.000071,0.000077,0.000079,0.000013,0.000016,0.000088,0.000104
379,,,,,,,,,,,,,0.002809,0.000007,0.000065,0.000065,0.000101,0.000104,0.000114,0.000134,0.000167,0.000186,0.000141,0.000162,0.000130,0.000141,0.000152,0.000127,0.000103,0.000112,0.000113,0.000091,0.000102,0.000092,0.000052,0.000029,0.000046,0.000053,0.000045,0.000044,0.000043,0.000039,0.000033,0.000030,0.000031,0.000030,0.000013,0.000011,0.000042,0.000088
380,,,,,,,,,,,,,0.002138,0.000011,0.000250,0.000252,0.000271,0.000140,0.000089,0.000064,0.000065,0.000076,0.000076,0.000061,0.000065,0.000069,0.000070,0.000075,0.000062,0.000045,0.000050,0.000041,0.000036,0.000034,0.000050,0.000039,0.000088,0.000138,0.000163,0.000208,0.000201,0.000119,0.000081,0.000055,0.000037,0.000025,0.000009,0.000007,0.000030,0.000049
381,,,,,,,,,,,,,0.003668,0.000017,0.000214,0.000211,0.000207,0.000143,0.000127,0.000102,0.000118,0.000104,0.000084,0.000071,0.000063,0.000071,0.000078,0.000072,0.000057,0.000055,0.000058,0.000055,0.000049,0.000045,0.000035,0.000034,0.000046,0.000034,0.000029,0.000042,0.000058,0.000094,0.000117,0.000139,0.000106,0.000088,0.000011,0.000005,0.000057,0.000115
382,,,,,,,,,,,,,0.001903,0.000004,0.000059,0.000057,0.000076,0.000045,0.000038,0.000038,0.000041,0.000050,0.000037,0.000038,0.000063,0.000093,0.000127,0.000131,0.000094,0.000073,0.000079,0.000075,0.000064,0.000149,0.000055,0.000036,0.000084,0.000169,0.000229,0.000270,0.000268,0.000198,0.000137,0.000119,0.000106,0.000103,0.000012,0.000005,0.000035,0.000052
383,,,,,,,,,,,,,0.000790,0.000003,0.000033,0.000029,0.000073,0.000060,0.000065,0.000051,0.000037,0.000046,0.000040,0.000044,0.000061,0.000049,0.000056,0.000046,0.000032,0.000054,0.000079,0.000089,0.000067,0.000051,0.000044,0.000041,0.000124,0.000181,0.000149,0.000158,0.000155,0.000193,0.000107,0.000084,0.000066,0.000058,0.000012,0.000008,0.000049,0.000078
384,,,,,,,,,,,,,0.035038,0.000006,0.000094,0.000099,0.000124,0.000070,0.000071,0.000074,0.000085,0.000092,0.000076,0.000078,0.000075,0.000092,0.000083,0.000074,0.000066,0.000056,0.000061,0.000055,0.000041,0.000035,0.000038,0.000015,0.000022,0.000026,0.000071,0.000041,0.000032,0.000024,0.000065,0.000038,0.000034,0.000031,0.000010,0.000008,0.000035,0.000067
385,,,,,,,,,,,,,0.000234,0.000005,0.000060,0.000055,0.000057,0.000049,0.000051,0.000047,0.000054,0.000060,0.000057,0.000088,0.000083,0.000087,0.000164,0.000127,0.000078,0.000097,0.000171,0.000198,0.000207,0.000150,0.000063,0.000050,0.000139,0.000190,0.000163,0.000122,0.000095,0.000075,0.000065,0.000057,0.000049,0.000040,0.000008,0.000011,0.000055,0.000073
386,,,,,,,,,,,,,0.000888,0.000010,0.000155,0.000166,0.000207,0.000165,0.000133,0.000102,0.000096,0.000091,0.000089,0.000091,0.000079,0.000075,0.000073,0.000064,0.000036,0.000042,0.000045,0.000051,0.000055,0.000062,0.000044,0.000030,0.000043,0.000048,0.000049,0.000066,0.000056,0.000056,0.000038,0.000031,0.000035,0.000038,0.000010,0.000009,0.000062,0.000104
387,,,,,,,,,,,,,0.002011,0.000007,0.000100,0.000098,0.000129,0.000076,0.000059,0.000067,0.000059,0.000054,0.000039,0.000049,0.000040,0.000051,0.000040,0.000052,0.000056,0.000095,0.000241,0.000338,0.000330,0.000251,0.000156,0.000084,0.000108,0.000108,0.000109,0.000082,0.000080,0.000075,0.000060,0.000084,0.000064,0.000069,0.000015,0.000011,0.000055,0.000080
388,,,,,,,,,,,,,0.002708,0.000010,0.000188,0.000192,0.000232,0.000190,0.000181,0.000165,0.000141,0.000136,0.000117,0.000134,0.000112,0.000114,0.000098,0.000098,0.000078,0.000073,0.000085,0.000107,0.000191,0.000247,0.000167,0.000114,0.000160,0.000161,0.000106,0.000070,0.000077,0.000076,0.000061,0.000061,0.000052,0.000040,0.000017,0.000025,0.000123,0.000143
389,,,,,,,,,,,,,0.000599,0.000013,0.000222,0.000241,0.000275,0.000198,0.000159,0.000141,0.000133,0.000131,0.000100,0.000090,0.000083,0.000079,0.000091,0.000097,0.000094,0.000076,0.000121,0.000181,0.000155,0.000101,0.000047,0.000044,0.000063,0.000056,0.000062,0.000065,0.000050,0.000063,0.000078,0.000111,0.000138,0.000214,0.000070,0.000058,0.000175,0.000168
390,,,,,,,,,,,,,0.001225,0.000004,0.000073,0.000065,0.000085,0.000057,0.000054,0.000057,0.000055,0.000057,0.000058,0.000051,0.000050,0.000053,0.000056,0.000062,0.000052,0.000046,0.000061,0.000067,0.000068,0.000054,0.000044,0.000030,0.000093,0.000132,0.000141,0.000130,0.000140,0.000179,0.000167,0.000148,0.000162,0.000162,0.000025,0.000010,0.000034,0.000032
391,,,,,,,,,,,,,0.000579,0.000003,0.000045,0.000049,0.000056,0.000043,0.000044,0.000051,0.000047,0.000054,0.000038,0.000042,0.000049,0.000046,0.000046,0.000050,0.000045,0.000040,0.000046,0.000040,0.000040,0.000026,0.000019,0.000015,0.000018,0.000021,0.000018,0.000022,0.000033,0.000045,0.000053,0.000054,0.000063,0.000096,0.000022,0.000012,0.000039,0.000047
392,,,,,,,,,,,,,-0.000097,0.000006,0.000091,0.000084,0.000106,0.000091,0.000105,0.000081,0.000087,0.000129,0.000246,0.000209,0.000233,0.000248,0.000217,0.000187,0.000128,0.000091,0.000098,0.000081,0.000076,0.000064,0.000037,0.000026,0.000043,0.000040,0.000040,0.000079,0.000130,0.000156,0.000183,0.000182,0.000117,0.000089,0.000011,0.000007,0.000022,0.000027
393,,,,,,,,,,,,,0.001363,0.000003,0.000048,0.000046,0.000066,0.000065,0.000060,0.000083,0.000098,0.000157,0.000195,0.000280,0.000363,0.000603,0.000734,0.000698,0.000535,0.000368,0.000350,0.000275,0.000184,0.000116,0.000049,0.000034,0.000045,0.000044,0.000042,0.000036,0.000035,0.000035,0.000032,0.000031,0.000040,0.000034,0.000008,0.000009,0.000052,0.000060
394,,,,,,,,,,,,,0.004202,0.000007,0.000087,0.000067,0.000088,0.000161,0.000242,0.000317,0.000513,0.000530,0.000366,0.000410,0.000322,0.000310,0.000243,0.000220,0.000168,0.000179,0.000157,0.000115,0.000086,0.000063,0.000037,0.000034,0.000055,0.000047,0.000039,0.000051,0.000050,0.000058,0.000063,0.000050,0.000044,0.000046,0.000013,0.000011,0.000059,0.000078
395,,,,,,,,,,,,,0.000615,0.000003,0.000054,0.000049,0.000063,0.000093,0.000127,0.000164,0.000202,0.000248,0.000172,0.000220,0.000207,0.000202,0.000154,0.000160,0.000136,0.000128,0.000149,0.000153,0.000104,0.000075,0.000042,0.000038,0.000067,0.000055,0.000047,0.000046,0.000036,0.000036,0.000030,0.000037,0.000032,0.000026,0.000013,0.000010,0.000044,0.000047
396,,,,,,,,,,,,,0.003023,0.000006,0.000103,0.000056,0.000065,0.000076,0.000099,0.000114,0.000110,0.000099,0.000092,0.000083,0.000107,0.000108,0.000104,0.000082,0.000078,0.000091,0.000106,0.000130,0.000182,0.000312,0.000215,0.000146,0.000201,0.000202,0.000165,0.000164,0.000128,0.000087,0.000068,0.000061,0.000042,0.000035,0.000012,0.000010,0.000045,0.000053
397,,,,,,,,,,,,,0.001785,0.000009,0.000147,0.000172,0.000157,0.000099,0.000081,0.000094,0.000076,0.000073,0.000059,0.000052,0.000050,0.000053,0.000090,0.000157,0.000150,0.000150,0.000174,0.000174,0.000105,0.000089,0.000046,0.000035,0.000096,0.000151,0.000123,0.000129,0.000118,0.000103,0.000092,0.000091,0.000098,0.000112,0.000037,0.000022,0.000077,0.000205
398,,,,,,,,,,,,,0.002146,0.000003,0.000082,0.000086,0.000077,0.000055,0.000041,0.000040,0.000029,0.000031,0.000025,0.000030,0.000038,0.000064,0.000092,0.000082,0.000057,0.000056,0.000053,0.000048,0.000032,0.000033,0.000033,0.000030,0.000089,0.000161,0.000160,0.000153,0.000140,0.000101,0.000076,0.000066,0.000053,0.000058,0.000029,0.000013,0.000063,0.000073
399,,,,,,,,,,,,,0.029676,0.000004,0.000089,0.000075,0.000082,0.000075,0.000127,0.000121,0.000153,0.000188,0.000201,0.000280,0.000265,0.000328,0.000328,0.000409,0.000459,0.000388,0.000364,0.000242,0.000159,0.000104,0.000044,0.000029,0.000037,0.000040,0.000036,0.000058,0.000049,0.000028,0.000022,0.000022,0.000013,0.000015,0.000008,0.000009,0.000042,0.000048
400,,,,,,,,,,,,,0.002422,0.000009,0.000136,0.000120,0.000152,0.000139,0.000105,0.000081,0.000090,0.000096,0.000075,0.000067,0.000056,0.000078,0.000072,0.000058,0.000045,0.000045,0.000049,0.000067,0.000098,0.000076,0.000060,0.000036,0.000053,0.000051,0.000094,0.000086,0.000123,0.000094,0.000119,0.000091,0.000074,0.000069,0.000016,0.000017,0.000077,0.000082
401,,,,,,,,,,,,,0.001241,0.000021,0.000384,0.000440,0.000421,0.000295,0.000207,0.000150,0.000129,0.000121,0.000094,0.000088,0.000070,0.000077,0.000073,0.000073,0.000071,0.000094,0.000113,0.000128,0.000105,0.000069,0.000035,0.000019,0.000029,0.000033,0.000033,0.000032,0.000036,0.000021,0.000022,0.000018,0.000015,0.000016,0.000006,0.000006,0.000028,0.000043
402,,,,,,,,,,,,,0.001655,0.000005,0.000050,0.000054,0.000078,0.000108,0.000175,0.000196,0.000117,0.000114,0.000082,0.000078,0.000071,0.000074,0.000063,0.000062,0.000046,0.000047,0.000052,0.000054,0.000051,0.000041,0.000025,0.000015,0.000021,0.000025,0.000028,0.000042,0.000054,0.000065,0.000046,0.000040,0.000033,0.000029,0.000009,0.000009,0.000049,0.000070
403,,,,,,,,,,,,,0.000851,0.000003,0.000040,0.000054,0.000078,0.000075,0.000083,0.000105,0.000137,0.000136,0.000100,0.000068,0.000074,0.000077,0.000078,0.000073,0.000051,0.000051,0.000056,0.000042,0.000039,0.000044,0.000034,0.000027,0.000044,0.000042,0.000050,0.000057,0.000064,0.000054,0.000060,0.000075,0.000107,0.000205,0.000049,0.000012,0.000061,0.000084
404,,,,,,,,,,,,,0.002603,0.000006,0.000148,0.000181,0.000165,0.000110,0.000105,0.000091,0.000098,0.000126,0.000078,0.000058,0.000059,0.000062,0.000048,0.000026,0.000044,0.000050,0.000070,0.000066,0.000077,0.000154,0.000091,0.000041,0.000065,0.000125,0.000109,0.000237,0.000223,0.000120,0.000083,0.000077,0.000060,0.000044,0.000013,0.000008,0.000058,0.000099
405,,,,,,,,,,,,,0.000140,0.000015,0.000185,0.000185,0.000245,0.000185,0.000156,0.000147,0.000146,0.000157,0.000120,0.000124,0.000126,0.000155,0.000150,0.000163,0.000123,0.000099,0.000116,0.000100,0.000078,0.000055,0.000028,0.000018,0.000032,0.000040,0.000034,0.000028,0.000024,0.000032,0.000027,0.000026,0.000026,0.000023,0.000014,0.000034,0.000243,0.000342
406,,,,,,,,,,,,,0.001115,0.000012,0.000185,0.000193,0.000252,0.000190,0.000185,0.000172,0.000157,0.000143,0.000103,0.000105,0.000114,0.000142,0.000121,0.000097,0.000074,0.000064,0.000082,0.000071,0.000053,0.000044,0.000028,0.000018,0.000028,0.000031,0.000028,0.000030,0.000055,0.000040,0.000039,0.000043,0.000054,0.000064,0.000011,0.000009,0.000087,0.000116
407,,,,,,,,,,,,,0.004581,0.000011,0.000099,0.000096,0.000099,0.000076,0.000083,0.000077,0.000076,0.000075,0.000066,0.000065,0.000067,0.000068,0.000063,0.000058,0.000051,0.000064,0.000076,0.000090,0.000119,0.000104,0.000056,0.000032,0.000052,0.000055,0.000043,0.000043,0.000050,0.000085,0.000094,0.000078,0.000065,0.000092,0.000016,0.000008,0.000067,0.000153
408,,,,,,,,,,,,,-0.000973,0.000002,0.000027,0.000029,0.000038,0.000044,0.000061,0.000077,0.000118,0.000150,0.000159,0.000203,0.000193,0.000247,0.000225,0.000205,0.000152,0.000114,0.000090,0.000070,0.000061,0.000056,0.000036,0.000025,0.000056,0.000075,0.000033,0.000037,0.000034,0.000037,0.000030,0.000029,0.000020,0.000023,0.000016,0.000010,0.000042,0.000046
409,,,,,,,,,,,,,-0.000078,0.000004,0.000054,0.000050,0.000064,0.000055,0.000063,0.000090,0.000101,0.000114,0.000102,0.000104,0.000090,0.000091,0.000076,0.000073,0.000079,0.000066,0.000066,0.000051,0.000041,0.000038,0.000038,0.000042,0.000093,0.000109,0.000098,0.000096,0.000088,0.000084,0.000076,0.000064,0.000046,0.000045,0.000012,0.000009,0.000043,0.000061
410,,,,,,,,,,,,,0.002229,0.000003,0.000043,0.000054,0.000065,0.000057,0.000090,0.000142,0.000225,0.000289,0.000385,0.000316,0.000393,0.000470,0.000455,0.000392,0.000320,0.000219,0.000208,0.000172,0.000129,0.000072,0.000037,0.000018,0.000034,0.000034,0.000027,0.000033,0.000028,0.000022,0.000033,0.000042,0.000034,0.000031,0.000011,0.000008,0.000045,0.000055
411,,,,,,,,,,,,,0.002588,0.000005,0.000094,0.000096,0.000109,0.000093,0.000075,0.000083,0.000102,0.000099,0.000060,0.000054,0.000050,0.000068,0.000085,0.000075,0.000074,0.000079,0.000091,0.000067,0.000060,0.000063,0.000042,0.000029,0.000037,0.000048,0.000040,0.000047,0.000039,0.000037,0.000031,0.000042,0.000044,0.000038,0.000016,0.000018,0.000081,0.000098
412,,,,,,,,,,,,,0.001127,0.000005,0.000060,0.000046,0.000028,0.000014,0.000031,0.000053,0.000086,0.000135,0.000125,0.000174,0.000217,0.000330,0.000264,0.000230,0.000175,0.000115,0.000121,0.000136,0.000176,0.000189,0.000098,0.000050,0.000073,0.000104,0.000153,0.000146,0.000085,0.000067,0.000070,0.000077,0.000060,0.000073,0.000054,0.000034,0.000088,0.000148
413,,,,,,,,,,,,,0.000961,0.000004,0.000057,0.000048,0.000074,0.000061,0.000074,0.000085,0.000074,0.000072,0.000059,0.000082,0.000081,0.000077,0.000082,0.000090,0.000069,0.000054,0.000054,0.000074,0.000073,0.000070,0.000046,0.000031,0.000065,0.000176,0.000258,0.000346,0.000358,0.000352,0.000292,0.000252,0.000175,0.000124,0.000018,0.000009,0.000048,0.000059
414,,,,,,,,,,,,,0.001690,0.000010,0.000204,0.000257,0.000265,0.000143,0.000118,0.000100,0.000086,0.000087,0.000078,0.000089,0.000091,0.000101,0.000108,0.000104,0.000071,0.000092,0.000147,0.000227,0.000281,0.000149,0.000092,0.000037,0.000062,0.000153,0.000092,0.000092,0.000135,0.000132,0.000116,0.000102,0.000089,0.000072,0.000015,0.000015,0.000057,0.000064
415,,,,,,,,,,,,,-0.000467,0.000004,0.000047,0.000041,0.000052,0.000043,0.000033,0.000035,0.000056,0.000087,0.000092,0.000170,0.000168,0.000246,0.000230,0.000233,0.000192,0.000131,0.000121,0.000098,0.000076,0.000076,0.000031,0.000018,0.000035,0.000056,0.000051,0.000070,0.000073,0.000084,0.000092,0.000105,0.000106,0.000121,0.000031,0.000013,0.000056,0.000063
416,,,,,,,,,,,,,0.001358,0.000010,0.000135,0.000137,0.000119,0.000067,0.000045,0.000031,0.000034,0.000043,0.000045,0.000049,0.000061,0.000090,0.000123,0.000192,0.000207,0.000200,0.000232,0.000192,0.000115,0.000092,0.000053,0.000055,0.000085,0.000077,0.000059,0.000072,0.000052,0.000059,0.000053,0.000060,0.000072,0.000105,0.000019,0.000013,0.000079,0.000080
417,,,,,,,,,,,,,0.000747,0.000012,0.000280,0.000398,0.000605,0.000373,0.000264,0.000204,0.000179,0.000171,0.000126,0.000096,0.000095,0.000120,0.000111,0.000109,0.000094,0.000112,0.000104,0.000086,0.000077,0.000071,0.000040,0.000028,0.000066,0.000160,0.000248,0.000340,0.000281,0.000220,0.000148,0.000075,0.000051,0.000047,0.000007,0.000007,0.000074,0.000099
418,,,,,,,,,,,,,0.016102,0.000011,0.000128,0.000121,0.000113,0.000082,0.000078,0.000069,0.000066,0.000061,0.000045,0.000036,0.000033,0.000038,0.000040,0.000039,0.000035,0.000085,0.000079,0.000087,0.000059,0.000052,0.000036,0.000020,0.000048,0.000076,0.000094,0.000077,0.000074,0.000061,0.000077,0.000045,0.000040,0.000037,0.000012,0.000011,0.000057,0.000089
419,,,,,,,,,,,,,0.002638,0.000008,0.000108,0.000103,0.000108,0.000082,0.000067,0.000063,0.000065,0.000087,0.000070,0.000083,0.000070,0.000077,0.000083,0.000084,0.000067,0.000064,0.000078,0.000088,0.000076,0.000054,0.000033,0.000024,0.000037,0.000040,0.000046,0.000035,0.000038,0.000032,0.000028,0.000027,0.000023,0.000018,0.000006,0.000022,0.000127,0.000154
420,,,,,,,,,,,,,0.000918,0.000003,0.000043,0.000047,0.000080,0.000090,0.000099,0.000095,0.000137,0.000179,0.000182,0.000190,0.000206,0.000233,0.000235,0.000237,0.000223,0.000223,0.000266,0.000213,0.000155,0.000101,0.000045,0.000023,0.000040,0.000051,0.000059,0.000062,0.000082,0.000135,0.000150,0.000139,0.000110,0.000099,0.000016,0.000009,0.000038,0.000047
421,,,,,,,,,,,,,-0.000135,0.000004,0.000072,0.000067,0.000076,0.000052,0.000049,0.000042,0.000039,0.000057,0.000043,0.000056,0.000057,0.000070,0.000125,0.000113,0.000132,0.000183,0.000199,0.000194,0.000162,0.000124,0.000059,0.000035,0.000052,0.000055,0.000051,0.000041,0.000052,0.000067,0.000065,0.000082,0.000084,0.000064,0.000016,0.000013,0.000056,0.000069
422,,,,,,,,,,,,,0.001853,0.000017,0.000356,0.000489,0.000772,0.000668,0.000523,0.000371,0.000339,0.000324,0.000239,0.000189,0.000162,0.000168,0.000144,0.000124,0.000114,0.000123,0.000162,0.000175,0.000144,0.000096,0.000046,0.000025,0.000033,0.000030,0.000022,0.000023,0.000030,0.000029,0.000024,0.000027,0.000022,0.000027,0.000009,0.000007,0.000020,0.000026
423,,,,,,,,,,,,,-0.000844,0.000004,0.000060,0.000051,0.000067,0.000050,0.000053,0.000052,0.000069,0.000129,0.000131,0.000147,0.000123,0.000105,0.000089,0.000074,0.000060,0.000038,0.000069,0.000123,0.000183,0.000162,0.000085,0.000050,0.000078,0.000078,0.000091,0.000094,0.000077,0.000083,0.000083,0.000076,0.000074,0.000072,0.000019,0.000017,0.000061,0.000080
424,,,,,,,,,,,,,0.001862,0.000006,0.000101,0.000143,0.000141,0.000120,0.000127,0.000195,0.000166,0.000169,0.000154,0.000210,0.000159,0.000159,0.000116,0.000106,0.000064,0.000062,0.000093,0.000106,0.000089,0.000063,0.000040,0.000030,0.000035,0.000043,0.000037,0.000039,0.000039,0.000057,0.000057,0.000062,0.000056,0.000054,0.000007,0.000007,0.000045,0.000068
425,,,,,,,,,,,,,0.002361,0.000004,0.000061,0.000058,0.000065,0.000055,0.000053,0.000050,0.000052,0.000048,0.000042,0.000038,0.000043,0.000049,0.000057,0.000060,0.000073,0.000134,0.000222,0.000329,0.000282,0.000232,0.000065,0.000033,0.000048,0.000066,0.000104,0.000118,0.000162,0.000115,0.000082,0.000069,0.000054,0.000044,0.000012,0.000011,0.000049,0.000074
426,,,,,,,,,,,,,0.000287,0.000008,0.000129,0.000137,0.000110,0.000091,0.000119,0.000144,0.000174,0.000199,0.000181,0.000215,0.000200,0.000260,0.000255,0.000244,0.000201,0.000169,0.000176,0.000142,0.000094,0.000075,0.000038,0.000031,0.000053,0.000058,0.000058,0.000072,0.000082,0.000072,0.000078,0.000066,0.000047,0.000068,0.000012,0.000005,0.000022,0.000035
427,,,,,,,,,,,,,0.003592,0.000005,0.000108,0.000134,0.000126,0.000085,0.000069,0.000071,0.000064,0.000065,0.000079,0.000066,0.000069,0.000071,0.000083,0.000093,0.000099,0.000179,0.000387,0.000392,0.000303,0.000184,0.000069,0.000035,0.000078,0.000089,0.000069,0.000069,0.000075,0.000070,0.000061,0.000067,0.000070,0.000068,0.000012,0.000011,0.000046,0.000071
428,,,,,,,,,,,,,-0.000082,0.000003,0.000032,0.000031,0.000074,0.000086,0.000088,0.000101,0.000099,0.000101,0.000084,0.000067,0.000059,0.000059,0.000068,0.000075,0.000086,0.000100,0.000135,0.000175,0.000169,0.000092,0.000037,0.000025,0.000067,0.000078,0.000073,0.000086,0.000084,0.000076,0.000080,0.000107,0.000151,0.000142,0.000018,0.000010,0.000029,0.000034
429,,,,,,,,,,,,,0.000858,0.000004,0.000058,0.000059,0.000064,0.000052,0.000057,0.000058,0.000071,0.000095,0.000073,0.000073,0.000085,0.000104,0.000109,0.000091,0.000080,0.000069,0.000073,0.000054,0.000048,0.000040,0.000027,0.000019,0.000029,0.000032,0.000036,0.000034,0.000038,0.000037,0.000071,0.000083,0.000095,0.000087,0.000015,0.000010,0.000045,0.000059
430,,,,,,,,,,,,,0.002469,0.000007,0.000167,0.000161,0.000126,0.000084,0.000073,0.000070,0.000075,0.000080,0.000058,0.000060,0.000051,0.000059,0.000054,0.000059,0.000061,0.000085,0.000122,0.000112,0.000099,0.000083,0.000033,0.000021,0.000037,0.000041,0.000040,0.000044,0.000028,0.000020,0.000015,0.000017,0.000023,0.000020,0.000006,0.000007,0.000035,0.000045
431,,,,,,,,,,,,,0.001526,0.000003,0.000066,0.000057,0.000097,0.000130,0.000245,0.000413,0.000665,0.000876,0.000792,0.000808,0.000675,0.000678,0.000594,0.000512,0.000329,0.000230,0.000263,0.000235,0.000236,0.000185,0.000091,0.000057,0.000093,0.000099,0.000063,0.000054,0.000032,0.000023,0.000028,0.000033,0.000025,0.000028,0.000008,0.000007,0.000026,0.000074
432,,,,,,,,,,,,,0.029645,0.000007,0.000091,0.000080,0.000095,0.000057,0.000061,0.000053,0.000054,0.000062,0.000045,0.000039,0.000044,0.000061,0.000056,0.000059,0.000063,0.000116,0.000131,0.000160,0.000121,0.000081,0.000067,0.000046,0.000056,0.000093,0.000078,0.000090,0.000073,0.000066,0.000044,0.000042,0.000031,0.000026,0.000022,0.000016,0.000097,0.000125
433,,,,,,,,,,,,,0.003043,0.000008,0.000132,0.000176,0.000336,0.000302,0.000270,0.000192,0.000188,0.000184,0.000142,0.000125,0.000110,0.000131,0.000130,0.000128,0.000118,0.000093,0.000108,0.000112,0.000094,0.000061,0.000029,0.000023,0.000077,0.000115,0.000130,0.000148,0.000118,0.000085,0.000051,0.000043,0.000051,0.000038,0.000007,0.000011,0.000046,0.000068
434,,,,,,,,,,,,,0.000583,0.000003,0.000058,0.000045,0.000048,0.000031,0.000035,0.000042,0.000059,0.000089,0.000082,0.000096,0.000121,0.000173,0.000158,0.000104,0.000076,0.000074,0.000083,0.000095,0.000114,0.000132,0.000247,0.000082,0.000127,0.000092,0.000064,0.000062,0.000058,0.000043,0.000116,0.000047,0.000035,0.000034,0.000012,0.000008,0.000029,0.000041
435,,,,,,,,,,,,,0.004509,0.000005,0.000073,0.000076,0.000081,0.000063,0.000055,0.000062,0.000085,0.000111,0.000123,0.000137,0.000123,0.000158,0.000164,0.000147,0.000134,0.000155,0.000359,0.000637,0.000543,0.000377,0.000180,0.000079,0.000116,0.000096,0.000079,0.000090,0.000090,0.000074,0.000060,0.000056,0.000037,0.000030,0.000007,0.000006,0.000039,0.000045
436,,,,,,,,,,,,,0.001864,0.000004,0.000068,0.000056,0.000069,0.000077,0.000091,0.000106,0.000123,0.000151,0.000125,0.000121,0.000114,0.000128,0.000131,0.000128,0.000113,0.000109,0.000141,0.000160,0.000220,0.000301,0.000157,0.000067,0.000102,0.000094,0.000070,0.000052,0.000059,0.000052,0.000055,0.000053,0.000046,0.000042,0.000010,0.000008,0.000022,0.000046
437,,,,,,,,,,,,,0.002831,0.000025,0.000252,0.000232,0.000274,0.000208,0.000151,0.000113,0.000093,0.000082,0.000053,0.000055,0.000049,0.000051,0.000065,0.000058,0.000049,0.000053,0.000055,0.000077,0.000055,0.000034,0.000027,0.000019,0.000023,0.000035,0.000039,0.000034,0.000031,0.000045,0.000042,0.000049,0.000068,0.000105,0.000027,0.000023,0.000272,0.000578
438,,,,,,,,,,,,,0.002474,0.000010,0.000116,0.000101,0.000098,0.000060,0.000047,0.000055,0.000097,0.000125,0.000098,0.000108,0.000125,0.000113,0.000100,0.000087,0.000072,0.000075,0.000068,0.000064,0.000060,0.000050,0.000037,0.000023,0.000032,0.000041,0.000045,0.000073,0.000073,0.000085,0.000101,0.000101,0.000069,0.000071,0.000023,0.000015,0.000039,0.000079
439,,,,,,,,,,,,,0.001491,0.000006,0.000140,0.000106,0.000083,0.000077,0.000092,0.000115,0.000130,0.000133,0.000103,0.000093,0.000077,0.000068,0.000071,0.000071,0.000050,0.000038,0.000052,0.000042,0.000054,0.000052,0.000031,0.000017,0.000022,0.000029,0.000032,0.000031,0.000028,0.000033,0.000038,0.000038,0.000042,0.000036,0.000011,0.000007,0.000043,0.000063
440,,,,,,,,,,,,,0.001764,0.000014,0.000233,0.000207,0.000210,0.000176,0.000134,0.000099,0.000100,0.000100,0.000072,0.000047,0.000047,0.000050,0.000045,0.000047,0.000052,0.000066,0.000090,0.000101,0.000087,0.000080,0.000035,0.000024,0.000035,0.000049,0.000074,0.000146,0.000179,0.000197,0.000169,0.000143,0.000102,0.000080,0.000010,0.000005,0.000090,0.000120
441,,,,,,,,,,,,,0.001430,0.000008,0.000187,0.000184,0.000233,0.000195,0.000177,0.000131,0.000122,0.000136,0.000112,0.000106,0.000098,0.000119,0.000117,0.000114,0.000086,0.000073,0.000079,0.000066,0.000050,0.000049,0.000030,0.000036,0.000075,0.000137,0.000156,0.000165,0.000141,0.000107,0.000073,0.000065,0.000057,0.000039,0.000007,0.000005,0.000043,0.000063
442,,,,,,,,,,,,,0.001937,0.000008,0.000160,0.000184,0.000240,0.000244,0.000276,0.000238,0.000175,0.000155,0.000108,0.000080,0.000075,0.000076,0.000073,0.000067,0.000058,0.000039,0.000046,0.000038,0.000039,0.000049,0.000035,0.000023,0.000036,0.000051,0.000048,0.000071,0.000113,0.000201,0.000209,0.000258,0.000253,0.000195,0.000025,0.000015,0.000066,0.000073
443,,,,,,,,,,,,,0.002093,0.000003,0.000046,0.000040,0.000048,0.000034,0.000027,0.000030,0.000037,0.000070,0.000098,0.000219,0.000201,0.000297,0.000281,0.000261,0.000248,0.000271,0.000192,0.000152,0.000122,0.000116,0.000068,0.000038,0.000060,0.000069,0.000073,0.000061,0.000058,0.000048,0.000043,0.000042,0.000035,0.000033,0.000008,0.000006,0.000024,0.000036
444,,,,,,,,,,,,,0.001823,0.000019,0.000184,0.000156,0.000120,0.000100,0.000118,0.000130,0.000136,0.000136,0.000105,0.000091,0.000082,0.000077,0.000059,0.000054,0.000033,0.000032,0.000032,0.000035,0.000023,0.000024,0.000019,0.000012,0.000020,0.000026,0.000034,0.000058,0.000066,0.000070,0.000067,0.000084,0.000079,0.000082,0.000026,0.000023,0.000368,0.000628
445,,,,,,,,,,,,,0.000410,0.000002,0.000026,0.000019,0.000024,0.000018,0.000039,0.000074,0.000127,0.000235,0.000276,0.000327,0.000351,0.000446,0.000449,0.000389,0.000300,0.000245,0.000252,0.000229,0.000196,0.000133,0.000071,0.000040,0.000057,0.000053,0.000045,0.000049,0.000066,0.000125,0.000170,0.000210,0.000180,0.000144,0.000020,0.000011,0.000052,0.000063
446,,,,,,,,,,,,,0.001782,0.000003,0.000048,0.000045,0.000056,0.000043,0.000048,0.000052,0.000064,0.000059,0.000048,0.000063,0.000087,0.000126,0.000120,0.000106,0.000081,0.000083,0.000102,0.000109,0.000084,0.000077,0.000039,0.000022,0.000040,0.000040,0.000031,0.000035,0.000036,0.000041,0.000042,0.000051,0.000048,0.000044,0.000009,0.000005,0.000046,0.000043
447,,,,,,,,,,,,,0.002337,0.000023,0.000252,0.000229,0.000240,0.000135,0.000112,0.000092,0.000072,0.000100,0.000094,0.000113,0.000095,0.000103,0.000089,0.000095,0.000080,0.000060,0.000079,0.000068,0.000035,0.000023,0.000024,0.000022,0.000029,0.000039,0.000050,0.000065,0.000108,0.000164,0.000237,0.000196,0.000197,0.000240,0.000061,0.000045,0.000148,0.000240
448,,,,,,,,,,,,,0.002538,0.000011,0.000131,0.000117,0.000120,0.000087,0.000076,0.000084,0.000071,0.000071,0.000068,0.000070,0.000064,0.000084,0.000103,0.000135,0.000145,0.000134,0.000144,0.000127,0.000092,0.000064,0.000053,0.000049,0.000055,0.000032,0.000027,0.000027,0.000017,0.000024,0.000038,0.000034,0.000028,0.000046,0.000028,0.000023,0.000114,0.000111
449,,,,,,,,,,,,,0.000368,0.000005,0.000087,0.000081,0.000092,0.000064,0.000090,0.000166,0.000310,0.000358,0.000338,0.000335,0.000370,0.000514,0.000537,0.000549,0.000438,0.000312,0.000308,0.000245,0.000187,0.000109,0.000058,0.000034,0.000043,0.000049,0.000043,0.000080,0.000056,0.000059,0.000066,0.000098,0.000105,0.000102,0.000013,0.000009,0.000053,0.000073
450,,,,,,,,,,,,,0.000303,0.000006,0.000086,0.000075,0.000086,0.000074,0.000076,0.000073,0.000063,0.000085,0.000080,0.000099,0.000133,0.000201,0.000311,0.000480,0.000693,0.000787,0.000791,0.000643,0.000433,0.000250,0.000115,0.000045,0.000057,0.000054,0.000071,0.000051,0.000042,0.000036,0.000036,0.000057,0.000081,0.000102,0.000019,0.000011,0.000057,0.000107
451,,,,,,,,,,,,,0.001423,0.000005,0.000049,0.000041,0.000050,0.000036,0.000040,0.000040,0.000048,0.000050,0.000054,0.000091,0.000087,0.000085,0.000072,0.000073,0.000070,0.000075,0.000080,0.000081,0.000071,0.000043,0.000083,0.000024,0.000032,0.000029,0.000088,0.000123,0.000187,0.000148,0.000083,0.000073,0.000057,0.000045,0.000013,0.000014,0.000058,0.000077
452,,,,,,,,,,,,,0.000261,0.000007,0.000065,0.000063,0.000064,0.000051,0.000043,0.000056,0.000099,0.000236,0.000169,0.000237,0.000223,0.000191,0.000189,0.000198,0.000134,0.000106,0.000115,0.000122,0.000103,0.000070,0.000056,0.000040,0.000058,0.000037,0.000043,0.000043,0.000061,0.000057,0.000058,0.000070,0.000067,0.000065,0.000018,0.000028,0.000099,0.000131
453,,,,,,,,,,,,,0.000442,0.000004,0.000048,0.000065,0.000078,0.000056,0.000044,0.000041,0.000054,0.000060,0.000040,0.000037,0.000035,0.000044,0.000046,0.000052,0.000047,0.000048,0.000057,0.000055,0.000054,0.000048,0.000045,0.000039,0.000055,0.000082,0.000089,0.000062,0.000078,0.000115,0.000110,0.000091,0.000068,0.000058,0.000013,0.000014,0.000050,0.000055
454,,,,,,,,,,,,,0.000834,0.000003,0.000046,0.000036,0.000050,0.000040,0.000039,0.000053,0.000057,0.000074,0.000065,0.000065,0.000084,0.000096,0.000096,0.000088,0.000072,0.000076,0.000084,0.000078,0.000096,0.000123,0.000209,0.000112,0.000180,0.000158,0.000109,0.000105,0.000124,0.000162,0.000092,0.000068,0.000059,0.000050,0.000011,0.000009,0.000050,0.000072
455,,,,,,,,,,,,,0.001046,0.000004,0.000054,0.000053,0.000073,0.000046,0.000040,0.000046,0.000044,0.000052,0.000040,0.000032,0.000039,0.000043,0.000042,0.000044,0.000048,0.000048,0.000061,0.000058,0.000060,0.000092,0.000051,0.000038,0.000084,0.000126,0.000187,0.000311,0.000383,0.000360,0.000280,0.000243,0.000155,0.000117,0.000014,0.000006,0.000034,0.000062
456,,,,,,,,,,,,,0.001912,0.000004,0.000056,0.000051,0.000058,0.000043,0.000038,0.000041,0.000046,0.000051,0.000040,0.000040,0.000044,0.000056,0.000056,0.000052,0.000048,0.000033,0.000032,0.000035,0.000034,0.000041,0.000035,0.000028,0.000049,0.000063,0.000041,0.000041,0.000030,0.000022,0.000023,0.000037,0.000047,0.000041,0.000010,0.000008,0.000052,0.000055
457,,,,,,,,,,,,,0.000536,0.000017,0.000313,0.000355,0.000460,0.000498,0.000511,0.000509,0.000488,0.000454,0.000439,0.000386,0.000373,0.000400,0.000397,0.000309,0.000216,0.000179,0.000168,0.000164,0.000135,0.000098,0.000044,0.000026,0.000038,0.000042,0.000038,0.000040,0.000048,0.000039,0.000040,0.000044,0.000036,0.000025,0.000008,0.000009,0.000044,0.000104
458,,,,,,,,,,,,,0.001941,0.000030,0.000420,0.000324,0.000244,0.000140,0.000114,0.000091,0.000085,0.000111,0.000095,0.000100,0.000093,0.000115,0.000104,0.000097,0.000088,0.000084,0.000102,0.000123,0.000130,0.000121,0.000062,0.000036,0.000059,0.000055,0.000047,0.000062,0.000044,0.000045,0.000037,0.000037,0.000032,0.000023,0.000007,0.000007,0.000067,0.000161
459,,,,,,,,,,,,,0.000738,0.000011,0.000148,0.000146,0.000153,0.000100,0.000078,0.000072,0.000064,0.000064,0.000046,0.000056,0.000049,0.000044,0.000062,0.000070,0.000072,0.000287,0.000168,0.000202,0.000128,0.000086,0.000049,0.000047,0.000122,0.000141,0.000127,0.000131,0.000109,0.000098,0.000082,0.000073,0.000063,0.000054,0.000013,0.000009,0.000055,0.000088
460,,,,,,,,,,,,,0.000447,0.000004,0.000048,0.000047,0.000057,0.000038,0.000030,0.000034,0.000043,0.000059,0.000043,0.000050,0.000051,0.000051,0.000051,0.000050,0.000035,0.000044,0.000042,0.000041,0.000053,0.000064,0.000041,0.000020,0.000027,0.000035,0.000057,0.000042,0.000035,0.000055,0.000079,0.000129,0.000147,0.000173,0.000032,0.000021,0.000042,0.000067
461,,,,,,,,,,,,,0.005547,0.000006,0.000066,0.000054,0.000125,0.000106,0.000107,0.000103,0.000100,0.000104,0.000080,0.000074,0.000072,0.000064,0.000042,0.000041,0.000054,0.000083,0.000112,0.000104,0.000057,0.000039,0.000027,0.000026,0.000049,0.000064,0.000068,0.000069,0.000065,0.000075,0.000072,0.000083,0.000114,0.000088,0.000018,0.000009,0.000053,0.000092
462,,,,,,,,,,,,,0.003832,0.000006,0.000062,0.000061,0.000059,0.000052,0.000052,0.000047,0.000042,0.000046,0.000045,0.000038,0.000025,0.000037,0.000030,0.000042,0.000037,0.000030,0.000039,0.000056,0.000045,0.000036,0.000032,0.000026,0.000039,0.000041,0.000048,0.000045,0.000051,0.000046,0.000037,0.000054,0.000045,0.000043,0.000012,0.000015,0.000076,0.000130
463,,,,,,,,,,,,,0.001422,0.000005,0.000086,0.000093,0.000108,0.000089,0.000087,0.000085,0.000094,0.000088,0.000079,0.000087,0.000082,0.000105,0.000101,0.000096,0.000091,0.000099,0.000099,0.000081,0.000073,0.000086,0.000065,0.000037,0.000066,0.000078,0.000069,0.000078,0.000066,0.000052,0.000056,0.000047,0.000033,0.000032,0.000009,0.000017,0.000087,0.000078
464,,,,,,,,,,,,,0.000690,0.000004,0.000068,0.000066,0.000065,0.000046,0.000055,0.000075,0.000100,0.000105,0.000093,0.000115,0.000114,0.000139,0.000138,0.000118,0.000086,0.000054,0.000058,0.000065,0.000075,0.000064,0.000046,0.000035,0.000075,0.000107,0.000083,0.000098,0.000127,0.000156,0.000169,0.000132,0.000100,0.000085,0.000014,0.000012,0.000046,0.000049
465,,,,,,,,,,,,,-0.000300,0.000007,0.000157,0.000149,0.000169,0.000187,0.000228,0.000219,0.000205,0.000193,0.000158,0.000154,0.000270,0.000353,0.000426,0.000401,0.000362,0.000335,0.000429,0.000408,0.000263,0.000175,0.000065,0.000031,0.000041,0.000037,0.000033,0.000030,0.000031,0.000031,0.000029,0.000047,0.000052,0.000054,0.000016,0.000013,0.000102,0.000177
466,,,,,,,,,,,,,0.000257,0.000008,0.000159,0.000147,0.000118,0.000077,0.000062,0.000070,0.000105,0.000113,0.000096,0.000110,0.000148,0.000201,0.000191,0.000158,0.000103,0.000073,0.000081,0.000095,0.000063,0.000042,0.000023,0.000015,0.000022,0.000032,0.000052,0.000102,0.000173,0.000238,0.000334,0.000483,0.000429,0.000320,0.000028,0.000010,0.000049,0.000066
467,,,,,,,,,,,,,0.000575,0.000006,0.000170,0.000162,0.000158,0.000150,0.000150,0.000097,0.000083,0.000075,0.000057,0.000048,0.000061,0.000068,0.000102,0.000127,0.000177,0.000313,0.000418,0.000383,0.000249,0.000137,0.000054,0.000024,0.000045,0.000053,0.000035,0.000036,0.000040,0.000051,0.000049,0.000048,0.000048,0.000050,0.000010,0.000006,0.000030,0.000078
468,,,,,,,,,,,,,0.001603,0.000026,0.000290,0.000265,0.000293,0.000205,0.000174,0.000146,0.000115,0.000125,0.000113,0.000108,0.000089,0.000089,0.000098,0.000101,0.000074,0.000060,0.000075,0.000081,0.000067,0.000055,0.000034,0.000020,0.000027,0.000043,0.000044,0.000061,0.000069,0.000074,0.000062,0.000054,0.000042,0.000039,0.000011,0.000011,0.000096,0.000193
469,,,,,,,,,,,,,0.001503,0.000005,0.000088,0.000088,0.000088,0.000080,0.000075,0.000079,0.000082,0.000081,0.000074,0.000104,0.000121,0.000122,0.000104,0.000098,0.000067,0.000067,0.000072,0.000065,0.000059,0.000061,0.000036,0.000027,0.000070,0.000083,0.000062,0.000063,0.000053,0.000059,0.000056,0.000063,0.000073,0.000081,0.000014,0.000014,0.000045,0.000077
470,,,,,,,,,,,,,0.000233,0.000005,0.000060,0.000057,0.000073,0.000068,0.000083,0.000081,0.000092,0.000106,0.000091,0.000096,0.000087,0.000106,0.000084,0.000061,0.000041,0.000037,0.000051,0.000068,0.000083,0.000070,0.000049,0.000039,0.000046,0.000040,0.000032,0.000027,0.000024,0.000025,0.000028,0.000030,0.000023,0.000018,0.000010,0.000008,0.000068,0.000082
471,,,,,,,,,,,,,0.003702,0.000009,0.000156,0.000144,0.000161,0.000125,0.000099,0.000081,0.000074,0.000073,0.000059,0.000064,0.000050,0.000040,0.000045,0.000046,0.000048,0.000047,0.000063,0.000076,0.000128,0.000151,0.000060,0.000030,0.000062,0.000042,0.000033,0.000034,0.000046,0.000059,0.000071,0.000072,0.000054,0.000055,0.000012,0.000007,0.000033,0.000055
472,,,,,,,,,,,,,-0.000495,0.000006,0.000092,0.000074,0.000074,0.000057,0.000058,0.000058,0.000067,0.000070,0.000065,0.000079,0.000099,0.000093,0.000081,0.000065,0.000047,0.000046,0.000066,0.000086,0.000099,0.000088,0.000044,0.000023,0.000041,0.000038,0.000033,0.000037,0.000039,0.000051,0.000064,0.000092,0.000089,0.000079,0.000008,0.000004,0.000042,0.000074
473,,,,,,,,,,,,,-0.000185,0.000004,0.000041,0.000036,0.000044,0.000038,0.000042,0.000058,0.000078,0.000105,0.000102,0.000103,0.000111,0.000131,0.000138,0.000140,0.000108,0.000085,0.000099,0.000100,0.000095,0.000086,0.000102,0.000064,0.000066,0.000056,0.000048,0.000048,0.000047,0.000060,0.000084,0.000067,0.000068,0.000065,0.000012,0.000009,0.000064,0.000109
474,,,,,,,,,,,,,0.001667,0.000006,0.000078,0.000082,0.000125,0.000118,0.000101,0.000098,0.000106,0.000125,0.000107,0.000104,0.000128,0.000151,0.000150,0.000153,0.000126,0.000109,0.000117,0.000105,0.000083,0.000057,0.000043,0.000026,0.000046,0.000054,0.000100,0.000064,0.000062,0.000061,0.000064,0.000061,0.000055,0.000062,0.000009,0.000006,0.000043,0.000071
475,,,,,,,,,,,,,0.001424,0.000003,0.000072,0.000057,0.000062,0.000044,0.000026,0.000027,0.000028,0.000032,0.000025,0.000039,0.000029,0.000027,0.000025,0.000023,0.000023,0.000028,0.000040,0.000045,0.000028,0.000025,0.000027,0.000019,0.000028,0.000033,0.000034,0.000043,0.000036,0.000034,0.000029,0.000033,0.000029,0.000028,0.000008,0.000010,0.000044,0.000038
476,,,,,,,,,,,,,0.001731,0.000002,0.000046,0.000076,0.000046,0.000041,0.000051,0.000039,0.000043,0.000048,0.000049,0.000065,0.000058,0.000071,0.000075,0.000078,0.000065,0.000065,0.000073,0.000084,0.000078,0.000083,0.000054,0.000035,0.000050,0.000067,0.000114,0.000104,0.000130,0.000112,0.000084,0.000082,0.000071,0.000061,0.000009,0.000007,0.000030,0.000045
477,,,,,,,,,,,,,0.000976,0.000005,0.000089,0.000091,0.000121,0.000090,0.000083,0.000069,0.000071,0.000081,0.000067,0.000066,0.000067,0.000089,0.000094,0.000092,0.000084,0.000074,0.000082,0.000077,0.000059,0.000042,0.000026,0.000020,0.000030,0.000035,0.000034,0.000049,0.000044,0.000038,0.000039,0.000054,0.000104,0.000177,0.000032,0.000013,0.000041,0.000063
478,,,,,,,,,,,,,0.007073,0.000005,0.000065,0.000061,0.000058,0.000033,0.000031,0.000031,0.000035,0.000036,0.000029,0.000035,0.000036,0.000038,0.000033,0.000026,0.000031,0.000026,0.000046,0.000071,0.000062,0.000059,0.000056,0.000022,0.000042,0.000047,0.000053,0.000070,0.000113,0.000094,0.000067,0.000067,0.000058,0.000059,0.000013,0.000012,0.000041,0.000062
479,,,,,,,,,,,,,0.000280,0.000009,0.000135,0.000148,0.000173,0.000105,0.000084,0.000065,0.000065,0.000055,0.000053,0.000051,0.000047,0.000046,0.000044,0.000036,0.000048,0.000041,0.000043,0.000051,0.000070,0.000055,0.000043,0.000033,0.000057,0.000093,0.000096,0.000094,0.000085,0.000091,0.000087,0.000093,0.000090,0.000127,0.000048,0.000023,0.000083,0.000092
480,,,,,,,,,,,,,0.000526,0.000003,0.000054,0.000048,0.000052,0.000033,0.000039,0.000042,0.000048,0.000053,0.000043,0.000043,0.000056,0.000072,0.000090,0.000092,0.000073,0.000142,0.000078,0.000062,0.000061,0.000047,0.000022,0.000015,0.000021,0.000022,0.000026,0.000030,0.000053,0.000099,0.000163,0.000304,0.000361,0.000289,0.000028,0.000010,0.000049,0.000063
481,,,,,,,,,,,,,0.002637,0.000008,0.000210,0.000246,0.000289,0.000250,0.000290,0.000244,0.000203,0.000218,0.000171,0.000147,0.000135,0.000163,0.000166,0.000168,0.000140,0.000115,0.000111,0.000095,0.000085,0.000064,0.000047,0.000040,0.000079,0.000084,0.000059,0.000056,0.000049,0.000054,0.000052,0.000049,0.000044,0.000043,0.000008,0.000006,0.000052,0.000073
482,,,,,,,,,,,,,0.005238,0.000007,0.000065,0.000054,0.000067,0.000052,0.000044,0.000050,0.000059,0.000067,0.000062,0.000057,0.000079,0.000104,0.000097,0.000102,0.000079,0.000075,0.000084,0.000096,0.000064,0.000036,0.000023,0.000019,0.000030,0.000039,0.000045,0.000040,0.000050,0.000077,0.000088,0.000098,0.000100,0.000130,0.000023,0.000022,0.000073,0.000091
483,,,,,,,,,,,,,0.000409,0.000008,0.000073,0.000076,0.000067,0.000051,0.000050,0.000043,0.000057,0.000062,0.000060,0.000079,0.000086,0.000131,0.000165,0.000159,0.000114,0.000086,0.000064,0.000055,0.000046,0.000051,0.000076,0.000073,0.000127,0.000107,0.000076,0.000072,0.000070,0.000048,0.000042,0.000044,0.000060,0.000105,0.000054,0.000034,0.000285,0.000337
484,,,,,,,,,,,,,0.001068,0.000005,0.000057,0.000060,0.000087,0.000073,0.000075,0.000090,0.000139,0.000190,0.000162,0.000182,0.000162,0.000181,0.000176,0.000163,0.000103,0.000069,0.000066,0.000070,0.000058,0.000042,0.000021,0.000012,0.000020,0.000027,0.000033,0.000032,0.000027,0.000026,0.000022,0.000023,0.000022,0.000023,0.000008,0.000008,0.000070,0.000080
485,,,,,,,,,,,,,0.003169,0.000004,0.000064,0.000084,0.000193,0.000299,0.000396,0.000387,0.000360,0.000351,0.000262,0.000251,0.000217,0.000221,0.000184,0.000182,0.000149,0.000117,0.000106,0.000097,0.000082,0.000054,0.000037,0.000026,0.000053,0.000066,0.000075,0.000067,0.000054,0.000048,0.000041,0.000046,0.000035,0.000031,0.000009,0.000008,0.000039,0.000051
486,,,,,,,,,,,,,0.001246,0.000004,0.000075,0.000076,0.000112,0.000100,0.000088,0.000083,0.000081,0.000078,0.000063,0.000063,0.000067,0.000083,0.000074,0.000056,0.000045,0.000055,0.000061,0.000056,0.000059,0.000051,0.000028,0.000016,0.000023,0.000031,0.000026,0.000026,0.000031,0.000035,0.000041,0.000043,0.000044,0.000054,0.000011,0.000005,0.000034,0.000048
487,,,,,,,,,,,,,0.001714,0.000004,0.000051,0.000048,0.000050,0.000052,0.000084,0.000078,0.000044,0.000040,0.000037,0.000041,0.000048,0.000053,0.000045,0.000042,0.000041,0.000051,0.000045,0.000038,0.000030,0.000036,0.000031,0.000026,0.000027,0.000030,0.000026,0.000023,0.000027,0.000027,0.000029,0.000031,0.000037,0.000037,0.000016,0.000009,0.000060,0.000083
488,,,,,,,,,,,,,0.000688,0.000006,0.000069,0.000072,0.000174,0.000240,0.000370,0.000428,0.000516,0.000613,0.000456,0.000431,0.000320,0.000318,0.000292,0.000271,0.000208,0.000151,0.000142,0.000117,0.000092,0.000066,0.000035,0.000044,0.000036,0.000027,0.000043,0.000052,0.000052,0.000076,0.000098,0.000098,0.000084,0.000086,0.000027,0.000025,0.000130,0.000182
489,,,,,,,,,,,,,0.001464,0.000006,0.000076,0.000078,0.000060,0.000038,0.000036,0.000035,0.000040,0.000045,0.000034,0.000031,0.000038,0.000029,0.000028,0.000026,0.000022,0.000034,0.000040,0.000056,0.000074,0.000065,0.000032,0.000016,0.000023,0.000028,0.000038,0.000042,0.000037,0.000039,0.000055,0.000057,0.000056,0.000084,0.000037,0.000025,0.000080,0.000115
490,,,,,,,,,,,,,0.001318,0.000009,0.000167,0.000175,0.000220,0.000152,0.000138,0.000148,0.000132,0.000128,0.000090,0.000091,0.000085,0.000100,0.000109,0.000095,0.000080,0.000057,0.000067,0.000065,0.000046,0.000030,0.000030,0.000032,0.000046,0.000049,0.000042,0.000053,0.000066,0.000075,0.000070,0.000078,0.000072,0.000086,0.000030,0.000032,0.000122,0.000132
491,,,,,,,,,,,,,0.000667,0.000008,0.000130,0.000116,0.000119,0.000112,0.000094,0.000079,0.000077,0.000084,0.000062,0.000061,0.000053,0.000049,0.000046,0.000050,0.000044,0.000034,0.000046,0.000052,0.000054,0.000043,0.000030,0.000058,0.000071,0.000037,0.000032,0.000042,0.000065,0.000099,0.000124,0.000133,0.000101,0.000106,0.000016,0.000011,0.000055,0.000069
492,,,,,,,,,,,,,0.003735,0.000027,0.000567,0.000547,0.000461,0.000272,0.000218,0.000204,0.000180,0.000157,0.000108,0.000101,0.000078,0.000081,0.000070,0.000061,0.000049,0.000047,0.000071,0.000094,0.000092,0.000073,0.000045,0.000029,0.000048,0.000067,0.000084,0.000110,0.000120,0.000127,0.000096,0.000072,0.000055,0.000052,0.000013,0.000011,0.000046,0.000079
493,,,,,,,,,,,,,0.001767,0.000004,0.000104,0.000152,0.000303,0.000283,0.000257,0.000268,0.000227,0.000192,0.000154,0.000133,0.000112,0.000104,0.000132,0.000132,0.000075,0.000058,0.000065,0.000076,0.000065,0.000062,0.000048,0.000039,0.000051,0.000062,0.000046,0.000056,0.000054,0.000056,0.000050,0.000051,0.000038,0.000040,0.000007,0.000005,0.000040,0.000049
494,,,,,,,,,,,,,0.010479,0.000004,0.000036,0.000027,0.000038,0.000055,0.000099,0.000182,0.000324,0.000427,0.000365,0.000432,0.000481,0.000514,0.000379,0.000330,0.000207,0.000150,0.000150,0.000112,0.000087,0.000065,0.000040,0.000028,0.000035,0.000039,0.000034,0.000049,0.000059,0.000053,0.000054,0.000053,0.000037,0.000037,0.000009,0.000008,0.000037,0.000056
495,,,,,,,,,,,,,-0.000621,0.000004,0.000072,0.000071,0.000109,0.000092,0.000093,0.000079,0.000102,0.000114,0.000111,0.000115,0.000107,0.000125,0.000115,0.000086,0.000058,0.000054,0.000055,0.000044,0.000043,0.000032,0.000024,0.000016,0.000028,0.000023,0.000042,0.000048,0.000072,0.000087,0.000090,0.000123,0.000161,0.000167,0.000018,0.000009,0.000028,0.000047
496,,,,,,,,,,,,,0.004014,0.000029,0.000359,0.000340,0.000330,0.000223,0.000171,0.000121,0.000120,0.000157,0.000126,0.000101,0.000080,0.000094,0.000091,0.000086,0.000064,0.000063,0.000068,0.000077,0.000053,0.000040,0.000031,0.000023,0.000035,0.000039,0.000033,0.000043,0.000048,0.000057,0.000075,0.000087,0.000091,0.000082,0.000013,0.000014,0.000106,0.000388
497,,,,,,,,,,,,,0.001121,0.000005,0.000085,0.000072,0.000094,0.000059,0.000060,0.000041,0.000048,0.000049,0.000047,0.000035,0.000068,0.000084,0.000099,0.000095,0.000098,0.000099,0.000106,0.000103,0.000076,0.000052,0.000029,0.000017,0.000023,0.000026,0.000027,0.000036,0.000038,0.000036,0.000037,0.000037,0.000037,0.000039,0.000009,0.000007,0.000030,0.000049
498,,,,,,,,,,,,,0.002610,0.000005,0.000043,0.000043,0.000052,0.000079,0.000123,0.000207,0.000341,0.000376,0.000224,0.000284,0.000174,0.000169,0.000137,0.000119,0.000091,0.000075,0.000091,0.000071,0.000058,0.000035,0.000027,0.000021,0.000032,0.000026,0.000022,0.000036,0.000035,0.000030,0.000034,0.000044,0.000045,0.000046,0.000017,0.000009,0.000037,0.000052
499,,,,,,,,,,,,,0.001193,0.000005,0.000049,0.000045,0.000050,0.000049,0.000058,0.000072,0.000067,0.000068,0.000055,0.000062,0.000064,0.000076,0.000080,0.000095,0.000117,0.000135,0.000156,0.000146,0.000123,0.000111,0.000047,0.000030,0.000031,0.000033,0.000031,0.000034,0.000035,0.000028,0.000036,0.000031,0.000032,0.000033,0.000010,0.000008,0.000037,0.000117
500,,,,,,,,,,,,,-0.000250,0.000003,0.000038,0.000053,0.000056,0.000038,0.000040,0.000046,0.000046,0.000051,0.000032,0.000055,0.000059,0.000066,0.000072,0.000085,0.000087,0.000104,0.000115,0.000107,0.000085,0.000057,0.000035,0.000024,0.000031,0.000042,0.000060,0.000055,0.000053,0.000064,0.000065,0.000072,0.000088,0.000080,0.000017,0.000009,0.000032,0.000032
501,,,,,,,,,,,,,0.003427,0.000010,0.000147,0.000111,0.000112,0.000096,0.000098,0.000093,0.000098,0.000097,0.000081,0.000080,0.000067,0.000082,0.000078,0.000088,0.000080,0.000082,0.000085,0.000069,0.000064,0.000058,0.000042,0.000030,0.000037,0.000040,0.000049,0.000073,0.000120,0.000175,0.000193,0.000199,0.000143,0.000102,0.000016,0.000011,0.000031,0.000044
502,,,,,,,,,,,,,0.001346,0.000004,0.000062,0.000063,0.000098,0.000105,0.000119,0.000106,0.000105,0.000096,0.000076,0.000066,0.000065,0.000081,0.000075,0.000064,0.000052,0.000055,0.000045,0.000046,0.000051,0.000106,0.000071,0.000037,0.000068,0.000122,0.000087,0.000051,0.000060,0.000041,0.000036,0.000022,0.000022,0.000028,0.000012,0.000009,0.000044,0.000044
503,,,,,,,,,,,,,0.000127,0.000004,0.000061,0.000070,0.000153,0.000353,0.000484,0.000580,0.000623,0.000532,0.000385,0.000388,0.000314,0.000335,0.000296,0.000314,0.000207,0.000156,0.000144,0.000108,0.000072,0.000063,0.000033,0.000029,0.000047,0.000053,0.000050,0.000050,0.000058,0.000063,0.000059,0.000062,0.000064,0.000064,0.000011,0.000008,0.000036,0.000056
504,,,,,,,,,,,,,0.000500,0.000003,0.000050,0.000033,0.000052,0.000093,0.000135,0.000157,0.000192,0.000219,0.000173,0.000158,0.000145,0.000170,0.000161,0.000152,0.000142,0.000157,0.000243,0.000282,0.000255,0.000181,0.000079,0.000052,0.000087,0.000092,0.000097,0.000063,0.000063,0.000040,0.000038,0.000031,0.000035,0.000033,0.000008,0.000007,0.000038,0.000053
505,,,,,,,,,,,,,0.001372,0.000022,0.000419,0.000446,0.000314,0.000193,0.000168,0.000149,0.000178,0.000231,0.000216,0.000265,0.000296,0.000394,0.000422,0.000378,0.000325,0.000253,0.000253,0.000204,0.000188,0.000155,0.000097,0.000079,0.000169,0.000222,0.000183,0.000169,0.000147,0.000136,0.000126,0.000111,0.000091,0.000096,0.000015,0.000006,0.000044,0.000206
506,,,,,,,,,,,,,0.003266,0.000003,0.000041,0.000034,0.000042,0.000032,0.000032,0.000038,0.000051,0.000055,0.000058,0.000087,0.000086,0.000107,0.000085,0.000073,0.000067,0.000081,0.000069,0.000068,0.000059,0.000043,0.000027,0.000052,0.000053,0.000091,0.000085,0.000051,0.000058,0.000054,0.000052,0.000041,0.000038,0.000040,0.000014,0.000006,0.000035,0.000046
507,,,,,,,,,,,,,0.012459,0.000007,0.000082,0.000078,0.000089,0.000058,0.000062,0.000060,0.000067,0.000078,0.000059,0.000051,0.000079,0.000103,0.000093,0.000099,0.000107,0.000114,0.000139,0.000159,0.000125,0.000091,0.000104,0.000064,0.000075,0.000114,0.000156,0.000157,0.000088,0.000056,0.000045,0.000045,0.000034,0.000031,0.000020,0.000015,0.000068,0.000093
508,,,,,,,,,,,,,0.001781,0.000005,0.000061,0.000070,0.000118,0.000162,0.000281,0.000333,0.000451,0.000517,0.000426,0.000359,0.000318,0.000294,0.000266,0.000240,0.000172,0.000107,0.000111,0.000093,0.000075,0.000053,0.000036,0.000024,0.000028,0.000022,0.000020,0.000029,0.000033,0.000037,0.000035,0.000055,0.000067,0.000071,0.000016,0.000014,0.000077,0.000123
509,,,,,,,,,,,,,0.002203,0.000004,0.000051,0.000045,0.000057,0.000047,0.000040,0.000046,0.000045,0.000038,0.000035,0.000044,0.000052,0.000056,0.000039,0.000038,0.000026,0.000033,0.000037,0.000045,0.000053,0.000038,0.000024,0.000020,0.000037,0.000039,0.000032,0.000037,0.000056,0.000077,0.000113,0.000225,0.000281,0.000193,0.000018,0.000009,0.000026,0.000042
510,,,,,,,,,,,,,0.000850,0.000004,0.000063,0.000065,0.000062,0.000052,0.000046,0.000054,0.000075,0.000089,0.000095,0.000126,0.000104,0.000116,0.000124,0.000180,0.000202,0.000242,0.000354,0.000290,0.000230,0.000165,0.000061,0.000033,0.000062,0.000073,0.000067,0.000066,0.000061,0.000084,0.000061,0.000058,0.000051,0.000052,0.000014,0.000011,0.000051,0.000064
511,,,,,,,,,,,,,0.001560,0.000003,0.000032,0.000026,0.000041,0.000039,0.000039,0.000041,0.000053,0.000060,0.000041,0.000046,0.000053,0.000047,0.000048,0.000048,0.000052,0.000043,0.000049,0.000045,0.000035,0.000036,0.000023,0.000017,0.000031,0.000034,0.000034,0.000032,0.000031,0.000026,0.000026,0.000031,0.000033,0.000031,0.000013,0.000013,0.000055,0.000082
512,,,,,,,,,,,,,0.000944,0.000007,0.000051,0.000053,0.000051,0.000025,0.000025,0.000034,0.000043,0.000060,0.000059,0.000070,0.000075,0.000091,0.000075,0.000073,0.000056,0.000060,0.000059,0.000049,0.000047,0.000049,0.000024,0.000018,0.000028,0.000051,0.000063,0.000064,0.000095,0.000137,0.000212,0.000292,0.000290,0.000217,0.000026,0.000021,0.000083,0.000121
513,,,,,,,,,,,,,0.001792,0.000007,0.000124,0.000119,0.000120,0.000091,0.000075,0.000071,0.000087,0.000098,0.000075,0.000080,0.000072,0.000081,0.000080,0.000061,0.000033,0.000048,0.000070,0.000102,0.000171,0.000291,0.000175,0.000088,0.000117,0.000116,0.000066,0.000065,0.000046,0.000046,0.000050,0.000055,0.000057,0.000055,0.000014,0.000010,0.000062,0.000070
514,,,,,,,,,,,,,0.002607,0.000005,0.000073,0.000065,0.000078,0.000058,0.000045,0.000036,0.000040,0.000054,0.000038,0.000053,0.000056,0.000059,0.000058,0.000055,0.000055,0.000050,0.000060,0.000059,0.000041,0.000034,0.000024,0.000014,0.000023,0.000026,0.000025,0.000032,0.000042,0.000045,0.000035,0.000036,0.000038,0.000046,0.000030,0.000020,0.000051,0.000074
515,,,,,,,,,,,,,0.000235,0.000001,0.000020,0.000021,0.000024,0.000019,0.000021,0.000027,0.000024,0.000029,0.000025,0.000027,0.000026,0.000029,0.000031,0.000033,0.000029,0.000031,0.000033,0.000026,0.000020,0.000017,0.000016,0.000009,0.000014,0.000016,0.000015,0.000016,0.000017,0.000018,0.000020,0.000022,0.000021,0.000019,0.000004,0.000003,0.000013,0.000019
516,,,,,,,,,,,,,0.001696,0.000006,0.000068,0.000060,0.000063,0.000038,0.000030,0.000036,0.000033,0.000035,0.000027,0.000035,0.000037,0.000039,0.000043,0.000040,0.000032,0.000033,0.000038,0.000050,0.000046,0.000034,0.000035,0.000042,0.000105,0.000093,0.000078,0.000088,0.000088,0.000085,0.000078,0.000075,0.000070,0.000061,0.000025,0.000026,0.000098,0.000105
517,,,,,,,,,,,,,0.000382,0.000004,0.000066,0.000062,0.000081,0.000057,0.000050,0.000064,0.000067,0.000081,0.000068,0.000069,0.000086,0.000110,0.000112,0.000105,0.000069,0.000057,0.000066,0.000056,0.000071,0.000063,0.000036,0.000030,0.000047,0.000050,0.000047,0.000059,0.000054,0.000054,0.000049,0.000048,0.000040,0.000028,0.000010,0.000006,0.000034,0.000061
518,,,,,,,,,,,,,0.000743,0.000004,0.000064,0.000061,0.000096,0.000085,0.000096,0.000095,0.000109,0.000107,0.000086,0.000091,0.000106,0.000108,0.000108,0.000112,0.000103,0.000113,0.000139,0.000122,0.000087,0.000062,0.000043,0.000036,0.000100,0.000212,0.000196,0.000198,0.000148,0.000121,0.000094,0.000077,0.000053,0.000050,0.000009,0.000008,0.000046,0.000070
519,,,,,,,,,,,,,0.000584,0.000005,0.000092,0.000107,0.000104,0.000081,0.000072,0.000057,0.000060,0.000068,0.000056,0.000049,0.000050,0.000062,0.000061,0.000063,0.000054,0.000049,0.000056,0.000046,0.000035,0.000023,0.000014,0.000011,0.000025,0.000025,0.000033,0.000029,0.000034,0.000048,0.000051,0.000046,0.000052,0.000045,0.000013,0.000006,0.000039,0.000069
520,,,,,,,,,,,,,0.002043,0.000003,0.000040,0.000039,0.000062,0.000048,0.000052,0.000047,0.000046,0.000043,0.000054,0.000055,0.000067,0.000082,0.000079,0.000072,0.000055,0.000054,0.000059,0.000069,0.000111,0.000113,0.000077,0.000045,0.000076,0.000059,0.000039,0.000039,0.000035,0.000042,0.000035,0.000043,0.000065,0.000131,0.000024,0.000009,0.000018,0.000027
521,,,,,,,,,,,,,0.000919,0.000007,0.000178,0.000286,0.000613,0.000633,0.000516,0.000408,0.000363,0.000296,0.000205,0.000167,0.000140,0.000126,0.000122,0.000120,0.000086,0.000083,0.000091,0.000080,0.000069,0.000044,0.000034,0.000026,0.000055,0.000115,0.000122,0.000114,0.000094,0.000082,0.000069,0.000064,0.000053,0.000045,0.000008,0.000006,0.000048,0.000066
522,,,,,,,,,,,,,0.000433,0.000005,0.000064,0.000055,0.000054,0.000037,0.000028,0.000024,0.000033,0.000045,0.000034,0.000067,0.000068,0.000076,0.000076,0.000064,0.000041,0.000035,0.000054,0.000093,0.000154,0.000192,0.000121,0.000037,0.000062,0.000052,0.000045,0.000057,0.000063,0.000103,0.000127,0.000153,0.000129,0.000145,0.000033,0.000019,0.000038,0.000048
523,,,,,,,,,,,,,0.000992,0.000006,0.000079,0.000066,0.000078,0.000056,0.000058,0.000053,0.000057,0.000059,0.000048,0.000052,0.000057,0.000065,0.000052,0.000057,0.000057,0.000053,0.000060,0.000049,0.000053,0.000053,0.000033,0.000023,0.000040,0.000054,0.000039,0.000041,0.000042,0.000036,0.000037,0.000038,0.000038,0.000040,0.000011,0.000008,0.000037,0.000136
524,,,,,,,,,,,,,0.001972,0.000007,0.000097,0.000107,0.000117,0.000097,0.000097,0.000137,0.000098,0.000110,0.000093,0.000118,0.000100,0.000130,0.000127,0.000101,0.000075,0.000061,0.000061,0.000083,0.000094,0.000090,0.000123,0.000040,0.000050,0.000069,0.000064,0.000052,0.000064,0.000108,0.000162,0.000107,0.000075,0.000049,0.000008,0.000014,0.000121,0.000128
525,,,,,,,,,,,,,-0.000664,0.000004,0.000062,0.000055,0.000072,0.000087,0.000116,0.000134,0.000176,0.000205,0.000189,0.000192,0.000197,0.000231,0.000215,0.000170,0.000120,0.000098,0.000111,0.000081,0.000058,0.000053,0.000033,0.000022,0.000040,0.000052,0.000085,0.000074,0.000069,0.000058,0.000058,0.000046,0.000060,0.000060,0.000019,0.000015,0.000061,0.000080
526,,,,,,,,,,,,,0.000387,0.000007,0.000083,0.000072,0.000070,0.000066,0.000067,0.000066,0.000080,0.000091,0.000070,0.000065,0.000076,0.000086,0.000084,0.000085,0.000087,0.000092,0.000096,0.000094,0.000073,0.000050,0.000020,0.000017,0.000031,0.000039,0.000044,0.000042,0.000043,0.000034,0.000029,0.000031,0.000028,0.000022,0.000009,0.000009,0.000080,0.000115
527,,,,,,,,,,,,,0.003377,0.000005,0.000083,0.000077,0.000090,0.000055,0.000062,0.000066,0.000080,0.000079,0.000079,0.000074,0.000080,0.000080,0.000096,0.000092,0.000070,0.000065,0.000059,0.000062,0.000077,0.000061,0.000036,0.000025,0.000047,0.000047,0.000046,0.000101,0.000205,0.000227,0.000202,0.000190,0.000135,0.000099,0.000016,0.000015,0.000083,0.000072
528,,,,,,,,,,,,,0.000762,0.000004,0.000042,0.000035,0.000064,0.000069,0.000049,0.000047,0.000052,0.000058,0.000050,0.000050,0.000055,0.000076,0.000078,0.000066,0.000084,0.000062,0.000074,0.000066,0.000048,0.000043,0.000029,0.000018,0.000031,0.000041,0.000032,0.000034,0.000033,0.000038,0.000049,0.000049,0.000043,0.000046,0.000018,0.000015,0.000065,0.000067
529,,,,,,,,,,,,,0.001698,0.000005,0.000062,0.000063,0.000076,0.000048,0.000060,0.000076,0.000088,0.000107,0.000103,0.000121,0.000133,0.000169,0.000158,0.000138,0.000098,0.000068,0.000082,0.000092,0.000074,0.000071,0.000044,0.000032,0.000039,0.000046,0.000034,0.000040,0.000048,0.000074,0.000121,0.000185,0.000183,0.000180,0.000024,0.000019,0.000063,0.000071
530,,,,,,,,,,,,,0.002468,0.000006,0.000083,0.000084,0.000096,0.000082,0.000080,0.000075,0.000068,0.000068,0.000068,0.000060,0.000071,0.000080,0.000068,0.000062,0.000055,0.000051,0.000068,0.000078,0.000071,0.000047,0.000026,0.000021,0.000030,0.000035,0.000035,0.000038,0.000036,0.000038,0.000032,0.000030,0.000030,0.000029,0.000013,0.000009,0.000048,0.000058
531,,,,,,,,,,,,,0.001342,0.000005,0.000066,0.000065,0.000058,0.000047,0.000044,0.000049,0.000049,0.000055,0.000053,0.000058,0.000066,0.000067,0.000054,0.000048,0.000042,0.000035,0.000050,0.000061,0.000085,0.000080,0.000083,0.000028,0.000037,0.000055,0.000073,0.000057,0.000052,0.000057,0.000049,0.000053,0.000043,0.000038,0.000007,0.000006,0.000032,0.000048
532,,,,,,,,,,,,,0.000823,0.000006,0.000071,0.000065,0.000103,0.000089,0.000079,0.000073,0.000095,0.000101,0.000087,0.000078,0.000084,0.000099,0.000101,0.000103,0.000079,0.000075,0.000080,0.000068,0.000052,0.000049,0.000036,0.000019,0.000031,0.000042,0.000032,0.000028,0.000043,0.000042,0.000052,0.000068,0.000058,0.000055,0.000017,0.000011,0.000062,0.000083
533,,,,,,,,,,,,,0.000602,0.000005,0.000058,0.000051,0.000066,0.000053,0.000043,0.000042,0.000046,0.000041,0.000040,0.000035,0.000036,0.000038,0.000039,0.000041,0.000040,0.000049,0.000046,0.000046,0.000051,0.000072,0.000055,0.000045,0.000074,0.000094,0.000070,0.000081,0.000069,0.000073,0.000129,0.000086,0.000073,0.000055,0.000007,0.000005,0.000067,0.000100
534,,,,,,,,,,,,,0.002846,0.000006,0.000107,0.000118,0.000208,0.000353,0.000485,0.000691,0.000770,0.000633,0.000389,0.000265,0.000214,0.000212,0.000197,0.000168,0.000142,0.000117,0.000123,0.000107,0.000094,0.000063,0.000057,0.000038,0.000055,0.000064,0.000060,0.000079,0.000112,0.000152,0.000166,0.000126,0.000091,0.000073,0.000016,0.000014,0.000038,0.000046
535,,,,,,,,,,,,,0.003096,0.000005,0.000058,0.000044,0.000048,0.000046,0.000085,0.000093,0.000139,0.000190,0.000178,0.000198,0.000190,0.000234,0.000199,0.000164,0.000134,0.000132,0.000166,0.000160,0.000135,0.000110,0.000056,0.000031,0.000059,0.000089,0.000106,0.000197,0.000182,0.000179,0.000135,0.000133,0.000116,0.000097,0.000016,0.000009,0.000050,0.000045
536,,,,,,,,,,,,,0.002872,0.000005,0.000054,0.000050,0.000065,0.000041,0.000049,0.000060,0.000066,0.000060,0.000037,0.000056,0.000059,0.000070,0.000067,0.000069,0.000060,0.000059,0.000092,0.000108,0.000165,0.000118,0.000049,0.000039,0.000068,0.000085,0.000127,0.000213,0.000274,0.000293,0.000253,0.000238,0.000194,0.000143,0.000030,0.000016,0.000055,0.000082
537,,,,,,,,,,,,,0.001556,0.000005,0.000120,0.000164,0.000237,0.000192,0.000163,0.000117,0.000092,0.000082,0.000062,0.000053,0.000046,0.000045,0.000038,0.000042,0.000038,0.000032,0.000048,0.000071,0.000135,0.000174,0.000105,0.000058,0.000087,0.000120,0.000148,0.000222,0.000234,0.000195,0.000156,0.000115,0.000088,0.000064,0.000009,0.000005,0.000022,0.000038
538,,,,,,,,,,,,,0.001486,0.000004,0.000059,0.000080,0.000190,0.000160,0.000102,0.000069,0.000057,0.000057,0.000046,0.000051,0.000045,0.000048,0.000054,0.000061,0.000068,0.000097,0.000142,0.000138,0.000150,0.000128,0.000037,0.000024,0.000032,0.000040,0.000043,0.000045,0.000070,0.000088,0.000091,0.000096,0.000100,0.000118,0.000019,0.000011,0.000020,0.000031
539,,,,,,,,,,,,,-0.000551,0.000003,0.000042,0.000041,0.000053,0.000032,0.000035,0.000045,0.000037,0.000045,0.000041,0.000048,0.000060,0.000088,0.000114,0.000149,0.000168,0.000204,0.000282,0.000271,0.000241,0.000193,0.000072,0.000037,0.000058,0.000063,0.000054,0.000058,0.000064,0.000078,0.000077,0.000084,0.000069,0.000059,0.000010,0.000007,0.000047,0.000088
540,,,,,,,,,,,,,0.000059,0.000003,0.000031,0.000037,0.000055,0.000049,0.000066,0.000080,0.000082,0.000080,0.000078,0.000089,0.000083,0.000115,0.000125,0.000125,0.000103,0.000082,0.000080,0.000067,0.000049,0.000044,0.000033,0.000029,0.000065,0.000081,0.000060,0.000046,0.000063,0.000113,0.000164,0.000165,0.000118,0.000087,0.000014,0.000009,0.000034,0.000043
541,,,,,,,,,,,,,0.001136,0.000008,0.000130,0.000153,0.000222,0.000198,0.000164,0.000155,0.000142,0.000130,0.000113,0.000090,0.000079,0.000097,0.000094,0.000087,0.000073,0.000071,0.000078,0.000065,0.000045,0.000043,0.000032,0.000024,0.000033,0.000037,0.000026,0.000032,0.000038,0.000031,0.000024,0.000020,0.000020,0.000021,0.000005,0.000006,0.000029,0.000048
542,,,,,,,,,,,,,0.001976,0.000005,0.000044,0.000049,0.000049,0.000041,0.000041,0.000043,0.000047,0.000054,0.000052,0.000064,0.000076,0.000091,0.000076,0.000059,0.000043,0.000038,0.000040,0.000046,0.000040,0.000045,0.000036,0.000020,0.000030,0.000041,0.000067,0.000045,0.000045,0.000044,0.000049,0.000055,0.000047,0.000039,0.000012,0.000017,0.000071,0.000088
543,,,,,,,,,,,,,0.001646,0.000004,0.000067,0.000067,0.000076,0.000056,0.000061,0.000060,0.000057,0.000065,0.000039,0.000044,0.000062,0.000057,0.000062,0.000062,0.000055,0.000054,0.000073,0.000118,0.000135,0.000150,0.000087,0.000071,0.000099,0.000118,0.000089,0.000088,0.000098,0.000106,0.000105,0.000105,0.000079,0.000072,0.000019,0.000013,0.000065,0.000079
544,,,,,,,,,,,,,0.001398,0.000002,0.000045,0.000053,0.000119,0.000224,0.000347,0.000437,0.000423,0.000382,0.000282,0.000252,0.000212,0.000208,0.000186,0.000180,0.000140,0.000106,0.000125,0.000106,0.000075,0.000048,0.000021,0.000013,0.000027,0.000044,0.000031,0.000040,0.000044,0.000049,0.000050,0.000034,0.000034,0.000038,0.000009,0.000009,0.000027,0.000028
545,,,,,,,,,,,,,0.001547,0.000003,0.000048,0.000052,0.000078,0.000068,0.000090,0.000073,0.000083,0.000106,0.000112,0.000150,0.000144,0.000195,0.000215,0.000219,0.000197,0.000178,0.000209,0.000226,0.000220,0.000233,0.000095,0.000063,0.000114,0.000131,0.000093,0.000098,0.000066,0.000050,0.000035,0.000028,0.000022,0.000021,0.000006,0.000007,0.000041,0.000062
546,,,,,,,,,,,,,0.000749,0.000006,0.000069,0.000081,0.000159,0.000239,0.000357,0.000466,0.000551,0.000574,0.000440,0.000339,0.000287,0.000256,0.000231,0.000205,0.000156,0.000131,0.000134,0.000108,0.000073,0.000036,0.000019,0.000023,0.000029,0.000019,0.000020,0.000013,0.000018,0.000024,0.000026,0.000035,0.000044,0.000068,0.000041,0.000031,0.000118,0.000145
547,,,,,,,,,,,,,0.000090,0.000004,0.000071,0.000059,0.000077,0.000066,0.000073,0.000083,0.000086,0.000087,0.000065,0.000059,0.000059,0.000067,0.000066,0.000067,0.000049,0.000154,0.000070,0.000066,0.000043,0.000047,0.000033,0.000020,0.000019,0.000021,0.000023,0.000030,0.000046,0.000056,0.000047,0.000044,0.000045,0.000048,0.000024,0.000015,0.000055,0.000069
548,,,,,,,,,,,,,0.000092,0.000005,0.000060,0.000064,0.000087,0.000058,0.000068,0.000087,0.000090,0.000105,0.000077,0.000078,0.000057,0.000050,0.000046,0.000050,0.000053,0.000050,0.000059,0.000096,0.000109,0.000085,0.000045,0.000052,0.000064,0.000082,0.000112,0.000197,0.000122,0.000122,0.000118,0.000101,0.000083,0.000080,0.000018,0.000013,0.000081,0.000117
549,,,,,,,,,,,,,0.001079,0.000004,0.000051,0.000050,0.000084,0.000051,0.000028,0.000027,0.000041,0.000052,0.000053,0.000050,0.000057,0.000048,0.000056,0.000051,0.000057,0.000061,0.000076,0.000069,0.000061,0.000056,0.000048,0.000029,0.000036,0.000043,0.000041,0.000042,0.000059,0.000044,0.000053,0.000056,0.000085,0.000080,0.000020,0.000016,0.000051,0.000082
550,,,,,,,,,,,,,0.001469,0.000004,0.000070,0.000096,0.000251,0.000430,0.000409,0.000405,0.000379,0.000360,0.000250,0.000227,0.000156,0.000161,0.000128,0.000109,0.000093,0.000087,0.000092,0.000087,0.000081,0.000069,0.000038,0.000028,0.000045,0.000052,0.000051,0.000045,0.000044,0.000040,0.000038,0.000053,0.000059,0.000054,0.000011,0.000006,0.000025,0.000040
551,,,,,,,,,,,,,-0.000442,0.000004,0.000100,0.000123,0.000170,0.000156,0.000136,0.000139,0.000119,0.000113,0.000088,0.000094,0.000061,0.000071,0.000067,0.000065,0.000059,0.000090,0.000096,0.000072,0.000056,0.000037,0.000025,0.000022,0.000032,0.000033,0.000050,0.000083,0.000122,0.000190,0.000211,0.000191,0.000139,0.000116,0.000020,0.000009,0.000035,0.000058
552,,,,,,,,,,,,,0.002420,0.000006,0.000091,0.000185,0.000488,0.000397,0.000305,0.000169,0.000136,0.000128,0.000075,0.000066,0.000049,0.000052,0.000053,0.000071,0.000085,0.000097,0.000136,0.000160,0.000167,0.000147,0.000073,0.000063,0.000092,0.000101,0.000088,0.000086,0.000077,0.000062,0.000052,0.000052,0.000051,0.000050,0.000019,0.000021,0.000159,0.000188
553,,,,,,,,,,,,,0.000196,0.000005,0.000060,0.000049,0.000047,0.000034,0.000040,0.000043,0.000047,0.000046,0.000037,0.000032,0.000035,0.000037,0.000032,0.000029,0.000030,0.000033,0.000044,0.000038,0.000031,0.000023,0.000013,0.000022,0.000047,0.000079,0.000074,0.000086,0.000110,0.000135,0.000141,0.000119,0.000082,0.000062,0.000012,0.000010,0.000076,0.000101
554,,,,,,,,,,,,,0.003614,0.000005,0.000084,0.000087,0.000109,0.000075,0.000072,0.000076,0.000088,0.000099,0.000064,0.000068,0.000069,0.000068,0.000072,0.000075,0.000052,0.000049,0.000051,0.000061,0.000070,0.000064,0.000033,0.000023,0.000037,0.000038,0.000032,0.000037,0.000045,0.000047,0.000044,0.000044,0.000069,0.000101,0.000019,0.000013,0.000081,0.000121
555,,,,,,,,,,,,,0.000484,0.000006,0.000121,0.000118,0.000165,0.000132,0.000115,0.000104,0.000088,0.000088,0.000077,0.000094,0.000083,0.000097,0.000097,0.000083,0.000078,0.000086,0.000170,0.000215,0.000141,0.000096,0.000046,0.000026,0.000041,0.000052,0.000116,0.000111,0.000126,0.000106,0.000122,0.000119,0.000136,0.000133,0.000021,0.000011,0.000072,0.000093
556,,,,,,,,,,,,,0.001113,0.000009,0.000188,0.000244,0.000350,0.000236,0.000197,0.000191,0.000197,0.000151,0.000113,0.000099,0.000083,0.000100,0.000098,0.000086,0.000083,0.000070,0.000064,0.000053,0.000035,0.000057,0.000041,0.000024,0.000031,0.000048,0.000048,0.000074,0.000082,0.000075,0.000057,0.000059,0.000049,0.000041,0.000010,0.000008,0.000046,0.000064
557,,,,,,,,,,,,,0.001669,0.000006,0.000106,0.000114,0.000121,0.000078,0.000078,0.000087,0.000110,0.000181,0.000216,0.000261,0.000318,0.000435,0.000525,0.000518,0.000470,0.000410,0.000381,0.000300,0.000231,0.000164,0.000071,0.000039,0.000064,0.000075,0.000065,0.000062,0.000061,0.000049,0.000033,0.000035,0.000029,0.000030,0.000007,0.000006,0.000042,0.000065
558,,,,,,,,,,,,,0.003057,0.000018,0.000346,0.000349,0.000311,0.000197,0.000171,0.000136,0.000138,0.000137,0.000111,0.000115,0.000105,0.000118,0.000107,0.000109,0.000097,0.000077,0.000095,0.000087,0.000063,0.000061,0.000041,0.000055,0.000056,0.000046,0.000045,0.000048,0.000048,0.000045,0.000038,0.000041,0.000036,0.000036,0.000013,0.000011,0.000058,0.000114
559,,,,,,,,,,,,,0.000655,0.000011,0.000095,0.000084,0.000081,0.000048,0.000039,0.000028,0.000032,0.000029,0.000026,0.000022,0.000020,0.000023,0.000023,0.000022,0.000029,0.000023,0.000037,0.000073,0.000097,0.000115,0.000083,0.000077,0.000140,0.000137,0.000108,0.000133,0.000132,0.000135,0.000125,0.000154,0.000183,0.000220,0.000042,0.000021,0.000112,0.000183
560,,,,,,,,,,,,,0.000714,0.000009,0.000094,0.000092,0.000079,0.000058,0.000069,0.000076,0.000064,0.000065,0.000059,0.000060,0.000057,0.000066,0.000062,0.000062,0.000055,0.000047,0.000065,0.000084,0.000123,0.000105,0.000056,0.000037,0.000055,0.000065,0.000075,0.000108,0.000171,0.000169,0.000116,0.000089,0.000065,0.000046,0.000009,0.000008,0.000074,0.000158
561,,,,,,,,,,,,,0.003042,0.000012,0.000145,0.000129,0.000129,0.000081,0.000083,0.000081,0.000073,0.000082,0.000072,0.000116,0.000103,0.000116,0.000083,0.000068,0.000047,0.000028,0.000045,0.000067,0.000061,0.000041,0.000039,0.000034,0.000052,0.000112,0.000172,0.000115,0.000126,0.000093,0.000141,0.000189,0.000195,0.000213,0.000054,0.000043,0.000175,0.000212
562,,,,,,,,,,,,,0.000814,0.000009,0.000172,0.000183,0.000229,0.000174,0.000176,0.000204,0.000201,0.000209,0.000145,0.000190,0.000120,0.000118,0.000112,0.000119,0.000090,0.000083,0.000089,0.000083,0.000064,0.000059,0.000047,0.000025,0.000042,0.000046,0.000044,0.000061,0.000069,0.000076,0.000084,0.000097,0.000068,0.000055,0.000013,0.000007,0.000023,0.000046
563,,,,,,,,,,,,,0.001701,0.000008,0.000084,0.000077,0.000088,0.000070,0.000060,0.000053,0.000063,0.000073,0.000060,0.000068,0.000109,0.000118,0.000195,0.000167,0.000127,0.000132,0.000123,0.000107,0.000119,0.000143,0.000133,0.000087,0.000150,0.000128,0.000111,0.000121,0.000116,0.000111,0.000097,0.000101,0.000080,0.000062,0.000012,0.000007,0.000057,0.000126
564,,,,,,,,,,,,,0.003690,0.000005,0.000080,0.000080,0.000120,0.000112,0.000102,0.000078,0.000093,0.000110,0.000084,0.000088,0.000083,0.000070,0.000102,0.000132,0.000131,0.000146,0.000185,0.000201,0.000267,0.000265,0.000139,0.000051,0.000069,0.000087,0.000060,0.000049,0.000051,0.000058,0.000045,0.000041,0.000041,0.000038,0.000014,0.000010,0.000054,0.000060
565,,,,,,,,,,,,,0.023905,0.000007,0.000099,0.000099,0.000131,0.000093,0.000091,0.000098,0.000100,0.000101,0.000077,0.000061,0.000060,0.000072,0.000072,0.000069,0.000067,0.000055,0.000106,0.000114,0.000133,0.000126,0.000065,0.000042,0.000073,0.000089,0.000123,0.000198,0.000185,0.000155,0.000127,0.000123,0.000093,0.000069,0.000008,0.000004,0.000026,0.000051
566,,,,,,,,,,,,,0.004004,0.000004,0.000061,0.000069,0.000110,0.000092,0.000091,0.000083,0.000102,0.000108,0.000087,0.000087,0.000088,0.000097,0.000099,0.000095,0.000078,0.000071,0.000072,0.000076,0.000077,0.000071,0.000034,0.000028,0.000046,0.000078,0.000054,0.000050,0.000060,0.000098,0.000108,0.000105,0.000086,0.000086,0.000022,0.000014,0.000052,0.000051
567,,,,,,,,,,,,,0.001184,0.000004,0.000052,0.000046,0.000063,0.000068,0.000074,0.000075,0.000089,0.000106,0.000082,0.000088,0.000089,0.000094,0.000095,0.000086,0.000081,0.000064,0.000051,0.000038,0.000028,0.000042,0.000037,0.000033,0.000058,0.000044,0.000043,0.000040,0.000043,0.000061,0.000100,0.000077,0.000063,0.000080,0.000025,0.000027,0.000093,0.000110
568,,,,,,,,,,,,,0.000489,0.000004,0.000062,0.000048,0.000069,0.000062,0.000074,0.000087,0.000079,0.000079,0.000067,0.000071,0.000069,0.000091,0.000091,0.000085,0.000083,0.000083,0.000098,0.000124,0.000178,0.000329,0.000142,0.000090,0.000115,0.000109,0.000081,0.000081,0.000063,0.000054,0.000037,0.000034,0.000030,0.000031,0.000008,0.000007,0.000036,0.000054
569,,,,,,,,,,,,,0.004194,0.000008,0.000092,0.000096,0.000152,0.000288,0.000452,0.000578,0.000756,0.000885,0.000758,0.000679,0.000849,0.000841,0.000879,0.000732,0.000500,0.000392,0.000309,0.000240,0.000140,0.000092,0.000038,0.000017,0.000028,0.000033,0.000051,0.000045,0.000038,0.000043,0.000040,0.000048,0.000044,0.000040,0.000010,0.000009,0.000044,0.000080
570,,,,,,,,,,,,,0.000744,0.000004,0.000059,0.000060,0.000101,0.000079,0.000083,0.000084,0.000095,0.000141,0.000131,0.000149,0.000164,0.000232,0.000221,0.000216,0.000177,0.000123,0.000120,0.000106,0.000075,0.000072,0.000049,0.000035,0.000077,0.000131,0.000135,0.000101,0.000056,0.000050,0.000045,0.000050,0.000041,0.000037,0.000009,0.000006,0.000025,0.000038
571,,,,,,,,,,,,,0.004710,0.000004,0.000051,0.000052,0.000051,0.000040,0.000038,0.000044,0.000048,0.000055,0.000063,0.000066,0.000061,0.000060,0.000063,0.000057,0.000048,0.000045,0.000060,0.000056,0.000059,0.000167,0.000055,0.000050,0.000042,0.000035,0.000050,0.000049,0.000051,0.000037,0.000028,0.000025,0.000026,0.000032,0.000013,0.000013,0.000047,0.000049
572,,,,,,,,,,,,,0.003557,0.000006,0.000146,0.000148,0.000189,0.000136,0.000107,0.000086,0.000094,0.000116,0.000122,0.000079,0.000084,0.000104,0.000105,0.000098,0.000118,0.000177,0.000287,0.000372,0.000342,0.000232,0.000097,0.000046,0.000064,0.000048,0.000032,0.000035,0.000029,0.000029,0.000027,0.000021,0.000015,0.000024,0.000007,0.000008,0.000021,0.000024
573,,,,,,,,,,,,,0.002634,0.000009,0.000104,0.000078,0.000066,0.000049,0.000038,0.000036,0.000037,0.000048,0.000036,0.000035,0.000046,0.000049,0.000046,0.000052,0.000055,0.000058,0.000084,0.000072,0.000051,0.000053,0.000076,0.000023,0.000030,0.000034,0.000029,0.000027,0.000028,0.000043,0.000040,0.000049,0.000049,0.000062,0.000019,0.000037,0.000274,0.000279
574,,,,,,,,,,,,,0.000472,0.000002,0.000037,0.000053,0.000063,0.000076,0.000080,0.000094,0.000088,0.000079,0.000059,0.000044,0.000039,0.000043,0.000041,0.000049,0.000060,0.000083,0.000125,0.000109,0.000080,0.000046,0.000029,0.000022,0.000058,0.000074,0.000075,0.000114,0.000147,0.000136,0.000104,0.000084,0.000065,0.000053,0.000008,0.000005,0.000032,0.000035
575,,,,,,,,,,,,,0.004668,0.000006,0.000064,0.000052,0.000047,0.000031,0.000034,0.000041,0.000043,0.000054,0.000042,0.000038,0.000048,0.000065,0.000081,0.000072,0.000057,0.000042,0.000052,0.000052,0.000036,0.000027,0.000021,0.000017,0.000022,0.000024,0.000028,0.000021,0.000046,0.000034,0.000030,0.000032,0.000036,0.000057,0.000016,0.000018,0.000073,0.000121
576,,,,,,,,,,,,,0.000542,0.000007,0.000088,0.000082,0.000076,0.000072,0.000114,0.000215,0.000169,0.000169,0.000166,0.000200,0.000180,0.000209,0.000198,0.000186,0.000122,0.000095,0.000102,0.000079,0.000050,0.000045,0.000028,0.000018,0.000026,0.000032,0.000031,0.000039,0.000046,0.000049,0.000077,0.000108,0.000129,0.000130,0.000034,0.000019,0.000081,0.000123
577,,,,,,,,,,,,,0.009352,0.000017,0.000178,0.000154,0.000151,0.000090,0.000079,0.000077,0.000064,0.000060,0.000059,0.000055,0.000054,0.000058,0.000061,0.000078,0.000070,0.000126,0.000158,0.000239,0.000395,0.000453,0.000313,0.000087,0.000130,0.000107,0.000084,0.000069,0.000068,0.000063,0.000052,0.000053,0.000043,0.000048,0.000021,0.000018,0.000131,0.000203
578,,,,,,,,,,,,,0.000841,0.000003,0.000037,0.000045,0.000056,0.000054,0.000057,0.000060,0.000064,0.000097,0.000117,0.000169,0.000270,0.000450,0.000554,0.000595,0.000590,0.000406,0.000347,0.000246,0.000166,0.000110,0.000039,0.000021,0.000030,0.000035,0.000024,0.000022,0.000029,0.000031,0.000027,0.000042,0.000038,0.000028,0.000007,0.000005,0.000028,0.000034
579,,,,,,,,,,,,,0.002501,0.000006,0.000085,0.000084,0.000111,0.000088,0.000077,0.000075,0.000086,0.000087,0.000071,0.000064,0.000087,0.000110,0.000107,0.000092,0.000076,0.000081,0.000085,0.000099,0.000075,0.000061,0.000040,0.000028,0.000052,0.000073,0.000056,0.000056,0.000063,0.000079,0.000109,0.000103,0.000067,0.000049,0.000010,0.000012,0.000051,0.000078
580,,,,,,,,,,,,,0.001010,0.000003,0.000027,0.000027,0.000028,0.000025,0.000020,0.000023,0.000031,0.000035,0.000039,0.000044,0.000039,0.000039,0.000034,0.000043,0.000032,0.000034,0.000028,0.000030,0.000028,0.000029,0.000026,0.000024,0.000027,0.000047,0.000100,0.000090,0.000073,0.000055,0.000038,0.000035,0.000039,0.000047,0.000012,0.000013,0.000055,0.000065
581,,,,,,,,,,,,,0.001066,0.000004,0.000110,0.000150,0.000205,0.000223,0.000206,0.000171,0.000160,0.000168,0.000139,0.000138,0.000117,0.000149,0.000152,0.000129,0.000097,0.000074,0.000078,0.000062,0.000068,0.000124,0.000156,0.000077,0.000083,0.000064,0.000047,0.000045,0.000047,0.000049,0.000048,0.000042,0.000034,0.000032,0.000009,0.000009,0.000042,0.000071
582,,,,,,,,,,,,,0.002125,0.000005,0.000072,0.000080,0.000095,0.000064,0.000062,0.000055,0.000059,0.000060,0.000066,0.000071,0.000065,0.000068,0.000075,0.000073,0.000067,0.000064,0.000065,0.000073,0.000066,0.000070,0.000057,0.000048,0.000088,0.000166,0.000183,0.000251,0.000245,0.000198,0.000170,0.000139,0.000111,0.000082,0.000014,0.000010,0.000046,0.000067
583,,,,,,,,,,,,,0.001225,0.000004,0.000047,0.000057,0.000107,0.000053,0.000051,0.000050,0.000056,0.000059,0.000044,0.000042,0.000039,0.000041,0.000041,0.000044,0.000039,0.000034,0.000035,0.000031,0.000030,0.000022,0.000019,0.000014,0.000030,0.000048,0.000118,0.000110,0.000079,0.000080,0.000075,0.000066,0.000067,0.000057,0.000010,0.000008,0.000050,0.000077
584,,,,,,,,,,,,,0.000885,0.000004,0.000051,0.000044,0.000055,0.000042,0.000055,0.000096,0.000103,0.000116,0.000108,0.000104,0.000103,0.000126,0.000129,0.000120,0.000096,0.000080,0.000083,0.000085,0.000087,0.000078,0.000040,0.000031,0.000063,0.000088,0.000085,0.000107,0.000126,0.000122,0.000118,0.000135,0.000139,0.000164,0.000017,0.000007,0.000037,0.000051
585,,,,,,,,,,,,,0.003863,0.000006,0.000075,0.000071,0.000079,0.000055,0.000051,0.000050,0.000071,0.000103,0.000096,0.000101,0.000088,0.000094,0.000106,0.000110,0.000084,0.000096,0.000110,0.000086,0.000075,0.000047,0.000034,0.000029,0.000038,0.000039,0.000029,0.000029,0.000047,0.000047,0.000056,0.000076,0.000111,0.000135,0.000040,0.000025,0.000098,0.000131
586,,,,,,,,,,,,,0.000851,0.000004,0.000028,0.000032,0.000048,0.000050,0.000067,0.000067,0.000073,0.000077,0.000146,0.000070,0.000085,0.000049,0.000055,0.000055,0.000061,0.000074,0.000096,0.000091,0.000066,0.000032,0.000018,0.000013,0.000025,0.000044,0.000069,0.000050,0.000041,0.000043,0.000043,0.000042,0.000055,0.000063,0.000032,0.000024,0.000086,0.000088
587,,,,,,,,,,,,,0.001500,0.000009,0.000105,0.000089,0.000077,0.000059,0.000054,0.000059,0.000068,0.000076,0.000049,0.000046,0.000049,0.000184,0.000119,0.000106,0.000058,0.000047,0.000044,0.000045,0.000038,0.000032,0.000025,0.000020,0.000031,0.000038,0.000035,0.000044,0.000037,0.000045,0.000055,0.000076,0.000064,0.000050,0.000016,0.000015,0.000119,0.000181
588,,,,,,,,,,,,,0.002055,0.000006,0.000130,0.000187,0.000321,0.000298,0.000366,0.000445,0.000503,0.000468,0.000409,0.000305,0.000259,0.000245,0.000224,0.000239,0.000195,0.000131,0.000134,0.000121,0.000081,0.000059,0.000034,0.000024,0.000037,0.000029,0.000032,0.000036,0.000044,0.000049,0.000041,0.000040,0.000041,0.000041,0.000009,0.000007,0.000042,0.000069
589,,,,,,,,,,,,,-0.000330,0.000004,0.000062,0.000062,0.000091,0.000074,0.000061,0.000077,0.000073,0.000068,0.000055,0.000067,0.000049,0.000060,0.000066,0.000062,0.000062,0.000066,0.000096,0.000148,0.000163,0.000138,0.000116,0.000051,0.000081,0.000089,0.000073,0.000145,0.000158,0.000135,0.000105,0.000097,0.000076,0.000064,0.000012,0.000010,0.000049,0.000065
590,,,,,,,,,,,,,0.001287,0.000005,0.000064,0.000053,0.000062,0.000061,0.000045,0.000050,0.000065,0.000078,0.000067,0.000071,0.000066,0.000070,0.000079,0.000076,0.000061,0.000089,0.000063,0.000103,0.000216,0.000302,0.000154,0.000101,0.000126,0.000105,0.000075,0.000063,0.000049,0.000053,0.000052,0.000047,0.000040,0.000047,0.000017,0.000014,0.000076,0.000076
591,,,,,,,,,,,,,0.002711,0.000007,0.000159,0.000148,0.000153,0.000119,0.000122,0.000150,0.000136,0.000138,0.000109,0.000113,0.000123,0.000153,0.000176,0.000233,0.000329,0.000272,0.000268,0.000202,0.000127,0.000076,0.000039,0.000029,0.000035,0.000027,0.000026,0.000032,0.000038,0.000047,0.000039,0.000048,0.000042,0.000048,0.000014,0.000009,0.000035,0.000056
592,,,,,,,,,,,,,0.001706,0.000007,0.000091,0.000088,0.000128,0.000137,0.000132,0.000125,0.000143,0.000172,0.000147,0.000160,0.000154,0.000189,0.000204,0.000224,0.000212,0.000182,0.000205,0.000174,0.000117,0.000073,0.000035,0.000022,0.000037,0.000030,0.000032,0.000041,0.000053,0.000076,0.000074,0.000104,0.000093,0.000090,0.000015,0.000011,0.000088,0.000138
593,,,,,,,,,,,,,0.005111,0.000005,0.000057,0.000068,0.000118,0.000096,0.000119,0.000087,0.000088,0.000125,0.000136,0.000190,0.000209,0.000264,0.000233,0.000248,0.000202,0.000181,0.000184,0.000163,0.000124,0.000099,0.000081,0.000033,0.000054,0.000048,0.000038,0.000044,0.000051,0.000070,0.000113,0.000100,0.000075,0.000074,0.000018,0.000009,0.000044,0.000066
594,,,,,,,,,,,,,0.002969,0.000003,0.000038,0.000050,0.000074,0.000097,0.000101,0.000100,0.000085,0.000075,0.000043,0.000036,0.000044,0.000055,0.000050,0.000048,0.000039,0.000036,0.000037,0.000059,0.000056,0.000063,0.000046,0.000032,0.000061,0.000075,0.000078,0.000078,0.000110,0.000130,0.000078,0.000066,0.000064,0.000050,0.000009,0.000007,0.000034,0.000055
595,,,,,,,,,,,,,0.001777,0.000006,0.000101,0.000096,0.000163,0.000234,0.000367,0.000383,0.000361,0.000298,0.000179,0.000145,0.000106,0.000105,0.000096,0.000087,0.000063,0.000055,0.000061,0.000054,0.000032,0.000019,0.000013,0.000010,0.000014,0.000019,0.000023,0.000026,0.000041,0.000042,0.000060,0.000086,0.000083,0.000067,0.000012,0.000008,0.000025,0.000061
596,,,,,,,,,,,,,0.003735,0.000004,0.000060,0.000055,0.000086,0.000067,0.000067,0.000062,0.000059,0.000066,0.000062,0.000055,0.000060,0.000058,0.000065,0.000087,0.000114,0.000124,0.000146,0.000126,0.000096,0.000064,0.000035,0.000024,0.000044,0.000066,0.000050,0.000050,0.000048,0.000040,0.000032,0.000036,0.000036,0.000040,0.000027,0.000012,0.000037,0.000049
597,,,,,,,,,,,,,0.002693,0.000009,0.000107,0.000097,0.000088,0.000065,0.000061,0.000061,0.000067,0.000079,0.000060,0.000057,0.000056,0.000085,0.000083,0.000059,0.000060,0.000086,0.000084,0.000095,0.000068,0.000054,0.000035,0.000030,0.000089,0.000064,0.000053,0.000057,0.000054,0.000065,0.000055,0.000048,0.000037,0.000040,0.000010,0.000013,0.000126,0.000250
598,,,,,,,,,,,,,-0.000802,0.000004,0.000056,0.000055,0.000083,0.000083,0.000098,0.000118,0.000150,0.000154,0.000117,0.000120,0.000123,0.000172,0.000156,0.000152,0.000128,0.000097,0.000119,0.000105,0.000090,0.000077,0.000040,0.000025,0.000055,0.000076,0.000104,0.000160,0.000214,0.000193,0.000142,0.000139,0.000119,0.000087,0.000009,0.000005,0.000044,0.000066
599,,,,,,,,,,,,,0.002003,0.000006,0.000094,0.000098,0.000141,0.000189,0.000153,0.000117,0.000105,0.000114,0.000075,0.000072,0.000069,0.000069,0.000071,0.000074,0.000061,0.000060,0.000045,0.000050,0.000045,0.000036,0.000023,0.000021,0.000030,0.000038,0.000037,0.000052,0.000065,0.000078,0.000065,0.000056,0.000046,0.000037,0.000006,0.000007,0.000083,0.000144
600,,,,,,,,,,,,,0.002417,0.000006,0.000077,0.000071,0.000088,0.000070,0.000063,0.000065,0.000059,0.000056,0.000057,0.000065,0.000059,0.000074,0.000082,0.000082,0.000079,0.000069,0.000057,0.000055,0.000046,0.000035,0.000025,0.000019,0.000031,0.000033,0.000035,0.000041,0.000035,0.000031,0.000039,0.000044,0.000044,0.000051,0.000014,0.000012,0.000049,0.000068
601,,,,,,,,,,,,,0.001965,0.000003,0.000046,0.000052,0.000080,0.000070,0.000074,0.000075,0.000087,0.000134,0.000111,0.000137,0.000135,0.000173,0.000162,0.000145,0.000114,0.000096,0.000125,0.000127,0.000113,0.000091,0.000042,0.000026,0.000035,0.000028,0.000020,0.000015,0.000018,0.000020,0.000020,0.000031,0.000034,0.000026,0.000010,0.000009,0.000041,0.000048
602,,,,,,,,,,,,,0.001162,0.000005,0.000081,0.000071,0.000082,0.000064,0.000066,0.000078,0.000075,0.000071,0.000058,0.000059,0.000052,0.000059,0.000070,0.000067,0.000053,0.000057,0.000068,0.000074,0.000068,0.000041,0.000027,0.000014,0.000022,0.000027,0.000024,0.000043,0.000097,0.000154,0.000179,0.000162,0.000091,0.000056,0.000008,0.000005,0.000043,0.000083
603,,,,,,,,,,,,,0.002268,0.000004,0.000056,0.000051,0.000073,0.000107,0.000110,0.000098,0.000083,0.000075,0.000062,0.000056,0.000069,0.000062,0.000058,0.000055,0.000043,0.000051,0.000053,0.000058,0.000040,0.000037,0.000022,0.000016,0.000019,0.000033,0.000036,0.000041,0.000032,0.000034,0.000029,0.000036,0.000030,0.000027,0.000008,0.000009,0.000032,0.000039
604,,,,,,,,,,,,,0.001755,0.000005,0.000079,0.000079,0.000111,0.000081,0.000068,0.000056,0.000060,0.000063,0.000058,0.000052,0.000067,0.000078,0.000082,0.000089,0.000082,0.000074,0.000075,0.000065,0.000099,0.000145,0.000073,0.000030,0.000050,0.000072,0.000077,0.000103,0.000070,0.000058,0.000058,0.000059,0.000058,0.000056,0.000007,0.000005,0.000051,0.000077
605,,,,,,,,,,,,,0.000681,0.000003,0.000044,0.000049,0.000056,0.000045,0.000041,0.000039,0.000034,0.000029,0.000029,0.000026,0.000026,0.000027,0.000027,0.000029,0.000032,0.000034,0.000038,0.000044,0.000061,0.000060,0.000176,0.000020,0.000032,0.000045,0.000047,0.000048,0.000048,0.000046,0.000059,0.000068,0.000076,0.000079,0.000014,0.000008,0.000033,0.000040
606,,,,,,,,,,,,,0.001334,0.000005,0.000057,0.000057,0.000101,0.000090,0.000088,0.000078,0.000087,0.000094,0.000088,0.000093,0.000090,0.000108,0.000117,0.000102,0.000074,0.000072,0.000079,0.000072,0.000058,0.000035,0.000027,0.000016,0.000024,0.000028,0.000035,0.000037,0.000039,0.000040,0.000033,0.000033,0.000033,0.000037,0.000016,0.000011,0.000075,0.000125
607,,,,,,,,,,,,,0.010676,0.000004,0.000032,0.000034,0.000053,0.000044,0.000041,0.000042,0.000052,0.000057,0.000061,0.000055,0.000049,0.000058,0.000053,0.000065,0.000065,0.000058,0.000057,0.000051,0.000048,0.000050,0.000024,0.000018,0.000030,0.000048,0.000040,0.000047,0.000073,0.000133,0.000185,0.000176,0.000126,0.000095,0.000015,0.000009,0.000037,0.000052
608,,,,,,,,,,,,,0.001507,0.000004,0.000059,0.000042,0.000054,0.000041,0.000032,0.000031,0.000033,0.000039,0.000029,0.000044,0.000050,0.000065,0.000072,0.000079,0.000141,0.000233,0.000447,0.000462,0.000316,0.000176,0.000080,0.000034,0.000048,0.000052,0.000047,0.000056,0.000050,0.000049,0.000046,0.000058,0.000059,0.000052,0.000013,0.000010,0.000031,0.000040
609,,,,,,,,,,,,,0.001326,0.000007,0.000075,0.000077,0.000097,0.000067,0.000068,0.000074,0.000088,0.000094,0.000077,0.000096,0.000089,0.000115,0.000103,0.000099,0.000073,0.000069,0.000094,0.000095,0.000093,0.000078,0.000050,0.000041,0.000054,0.000069,0.000085,0.000067,0.000078,0.000077,0.000077,0.000073,0.000065,0.000055,0.000016,0.000013,0.000071,0.000069
610,,,,,,,,,,,,,0.000659,0.000002,0.000029,0.000021,0.000026,0.000060,0.000142,0.000180,0.000220,0.000206,0.000142,0.000108,0.000079,0.000070,0.000068,0.000091,0.000104,0.000131,0.000192,0.000153,0.000125,0.000074,0.000025,0.000017,0.000036,0.000041,0.000045,0.000062,0.000069,0.000068,0.000059,0.000054,0.000043,0.000037,0.000011,0.000009,0.000027,0.000026
611,,,,,,,,,,,,,0.004415,0.000008,0.000133,0.000145,0.000175,0.000112,0.000089,0.000087,0.000089,0.000083,0.000058,0.000057,0.000039,0.000049,0.000046,0.000064,0.000070,0.000095,0.000190,0.000155,0.000101,0.000060,0.000039,0.000032,0.000063,0.000100,0.000109,0.000120,0.000121,0.000102,0.000070,0.000067,0.000060,0.000057,0.000009,0.000008,0.000044,0.000083
612,,,,,,,,,,,,,0.000539,0.000005,0.000065,0.000071,0.000093,0.000074,0.000062,0.000057,0.000057,0.000064,0.000054,0.000049,0.000054,0.000067,0.000070,0.000058,0.000052,0.000048,0.000069,0.000079,0.000065,0.000047,0.000026,0.000021,0.000031,0.000033,0.000034,0.000033,0.000086,0.000217,0.000272,0.000267,0.000156,0.000095,0.000009,0.000004,0.000033,0.000046
613,,,,,,,,,,,,,0.001352,0.000005,0.000069,0.000070,0.000117,0.000200,0.000387,0.000439,0.000408,0.000411,0.000341,0.000353,0.000266,0.000298,0.000245,0.000210,0.000156,0.000138,0.000145,0.000112,0.000079,0.000069,0.000046,0.000033,0.000042,0.000038,0.000034,0.000036,0.000047,0.000044,0.000041,0.000039,0.000033,0.000038,0.000011,0.000011,0.000046,0.000052
614,,,,,,,,,,,,,0.001549,0.000003,0.000051,0.000051,0.000060,0.000056,0.000064,0.000067,0.000075,0.000111,0.000112,0.000154,0.000144,0.000198,0.000233,0.000283,0.000361,0.000403,0.000484,0.000406,0.000284,0.000154,0.000060,0.000030,0.000044,0.000043,0.000033,0.000038,0.000033,0.000026,0.000028,0.000039,0.000046,0.000047,0.000007,0.000005,0.000034,0.000047
615,,,,,,,,,,,,,0.002238,0.000002,0.000031,0.000038,0.000081,0.000154,0.000218,0.000256,0.000232,0.000198,0.000140,0.000115,0.000116,0.000114,0.000103,0.000093,0.000078,0.000066,0.000087,0.000094,0.000084,0.000050,0.000053,0.000017,0.000023,0.000021,0.000030,0.000029,0.000023,0.000026,0.000035,0.000046,0.000045,0.000043,0.000020,0.000010,0.000030,0.000037
616,,,,,,,,,,,,,0.001656,0.000005,0.000100,0.000097,0.000103,0.000089,0.000073,0.000078,0.000094,0.000114,0.000090,0.000088,0.000086,0.000102,0.000132,0.000206,0.000254,0.000260,0.000300,0.000275,0.000219,0.000134,0.000066,0.000034,0.000039,0.000042,0.000059,0.000070,0.000089,0.000101,0.000085,0.000077,0.000068,0.000058,0.000009,0.000008,0.000047,0.000060
617,,,,,,,,,,,,,0.002002,0.000005,0.000085,0.000085,0.000130,0.000114,0.000106,0.000094,0.000114,0.000120,0.000103,0.000101,0.000112,0.000156,0.000183,0.000197,0.000173,0.000177,0.000200,0.000188,0.000121,0.000068,0.000030,0.000021,0.000021,0.000019,0.000021,0.000028,0.000031,0.000035,0.000042,0.000040,0.000034,0.000031,0.000007,0.000005,0.000036,0.000057
618,,,,,,,,,,,,,0.002130,0.000004,0.000064,0.000040,0.000045,0.000039,0.000064,0.000063,0.000078,0.000098,0.000092,0.000098,0.000095,0.000123,0.000110,0.000097,0.000120,0.000168,0.000269,0.000285,0.000256,0.000180,0.000076,0.000034,0.000059,0.000075,0.000075,0.000107,0.000098,0.000100,0.000081,0.000084,0.000077,0.000063,0.000011,0.000007,0.000045,0.000059
619,,,,,,,,,,,,,0.000162,0.000003,0.000047,0.000051,0.000065,0.000048,0.000067,0.000103,0.000208,0.000343,0.000380,0.000512,0.000538,0.000627,0.000565,0.000464,0.000304,0.000243,0.000228,0.000243,0.000230,0.000182,0.000083,0.000045,0.000087,0.000087,0.000085,0.000116,0.000183,0.000206,0.000193,0.000202,0.000193,0.000185,0.000027,0.000015,0.000030,0.000039
620,,,,,,,,,,,,,0.001563,0.000004,0.000062,0.000051,0.000069,0.000058,0.000061,0.000058,0.000074,0.000090,0.000079,0.000077,0.000059,0.000081,0.000095,0.000109,0.000082,0.000087,0.000106,0.000120,0.000148,0.000147,0.000076,0.000057,0.000111,0.000089,0.000073,0.000087,0.000093,0.000092,0.000089,0.000086,0.000076,0.000062,0.000014,0.000008,0.000037,0.000066
621,,,,,,,,,,,,,0.002869,0.000004,0.000049,0.000054,0.000057,0.000038,0.000036,0.000039,0.000052,0.000068,0.000069,0.000073,0.000074,0.000084,0.000082,0.000080,0.000077,0.000093,0.000098,0.000158,0.000121,0.000087,0.000033,0.000024,0.000031,0.000029,0.000032,0.000037,0.000040,0.000044,0.000051,0.000051,0.000043,0.000033,0.000017,0.000010,0.000042,0.000053
622,,,,,,,,,,,,,0.000389,0.000012,0.000262,0.000282,0.000278,0.000204,0.000210,0.000220,0.000264,0.000319,0.000350,0.000317,0.000294,0.000316,0.000291,0.000243,0.000167,0.000112,0.000121,0.000104,0.000080,0.000053,0.000032,0.000015,0.000031,0.000029,0.000024,0.000061,0.000079,0.000102,0.000066,0.000066,0.000044,0.000030,0.000006,0.000006,0.000057,0.000106
623,,,,,,,,,,,,,0.002650,0.000003,0.000041,0.000043,0.000069,0.000102,0.000148,0.000227,0.000282,0.000378,0.000365,0.000303,0.000232,0.000220,0.000209,0.000190,0.000137,0.000125,0.000116,0.000112,0.000091,0.000068,0.000046,0.000029,0.000047,0.000071,0.000074,0.000081,0.000093,0.000065,0.000053,0.000058,0.000061,0.000058,0.000012,0.000012,0.000060,0.000058
624,,,,,,,,,,,,,0.000208,0.000006,0.000116,0.000108,0.000110,0.000097,0.000088,0.000082,0.000082,0.000099,0.000082,0.000070,0.000057,0.000069,0.000067,0.000065,0.000055,0.000042,0.000039,0.000026,0.000029,0.000045,0.000033,0.000055,0.000084,0.000087,0.000113,0.000195,0.000288,0.000283,0.000227,0.000198,0.000143,0.000111,0.000024,0.000018,0.000074,0.000098
625,,,,,,,,,,,,,0.000495,0.000010,0.000162,0.000161,0.000167,0.000130,0.000107,0.000098,0.000099,0.000129,0.000094,0.000092,0.000075,0.000083,0.000087,0.000084,0.000066,0.000060,0.000057,0.000070,0.000064,0.000056,0.000033,0.000076,0.000087,0.000070,0.000072,0.000088,0.000106,0.000130,0.000136,0.000124,0.000095,0.000081,0.000012,0.000009,0.000029,0.000071
626,,,,,,,,,,,,,0.001216,0.000006,0.000067,0.000058,0.000066,0.000052,0.000051,0.000054,0.000054,0.000049,0.000033,0.000031,0.000040,0.000042,0.000051,0.000046,0.000035,0.000039,0.000040,0.000037,0.000038,0.000057,0.000053,0.000034,0.000064,0.000070,0.000056,0.000042,0.000038,0.000033,0.000029,0.000041,0.000029,0.000028,0.000006,0.000005,0.000040,0.000077
627,,,,,,,,,,,,,0.001208,0.000006,0.000093,0.000095,0.000112,0.000086,0.000082,0.000079,0.000082,0.000086,0.000074,0.000072,0.000066,0.000084,0.000126,0.000129,0.000092,0.000093,0.000096,0.000082,0.000073,0.000081,0.000087,0.000032,0.000055,0.000051,0.000040,0.000039,0.000042,0.000043,0.000044,0.000063,0.000062,0.000052,0.000014,0.000010,0.000057,0.000129
628,,,,,,,,,,,,,0.002399,0.000005,0.000082,0.000080,0.000070,0.000039,0.000036,0.000043,0.000048,0.000059,0.000062,0.000077,0.000081,0.000103,0.000103,0.000103,0.000092,0.000081,0.000075,0.000066,0.000065,0.000057,0.000038,0.000035,0.000050,0.000072,0.000063,0.000059,0.000065,0.000069,0.000050,0.000046,0.000039,0.000037,0.000014,0.000012,0.000031,0.000052
629,,,,,,,,,,,,,0.002522,0.000004,0.000069,0.000091,0.000155,0.000198,0.000182,0.000238,0.000277,0.000242,0.000188,0.000160,0.000118,0.000105,0.000109,0.000114,0.000082,0.000065,0.000075,0.000076,0.000075,0.000060,0.000034,0.000024,0.000039,0.000045,0.000040,0.000046,0.000045,0.000056,0.000046,0.000044,0.000048,0.000052,0.000011,0.000009,0.000033,0.000047
630,,,,,,,,,,,,,0.001007,0.000008,0.000093,0.000073,0.000073,0.000056,0.000074,0.000080,0.000112,0.000181,0.000195,0.000205,0.000147,0.000162,0.000133,0.000143,0.000094,0.000083,0.000101,0.000097,0.000064,0.000062,0.000039,0.000031,0.000052,0.000063,0.000070,0.000083,0.000104,0.000113,0.000114,0.000090,0.000097,0.000076,0.000013,0.000008,0.000053,0.000112
631,,,,,,,,,,,,,0.002292,0.000003,0.000037,0.000029,0.000042,0.000032,0.000030,0.000034,0.000026,0.000028,0.000027,0.000026,0.000031,0.000041,0.000039,0.000033,0.000024,0.000026,0.000033,0.000031,0.000029,0.000024,0.000018,0.000018,0.000042,0.000058,0.000078,0.000081,0.000108,0.000136,0.000120,0.000090,0.000068,0.000051,0.000011,0.000008,0.000032,0.000037
632,,,,,,,,,,,,,0.003113,0.000006,0.000053,0.000045,0.000058,0.000050,0.000055,0.000092,0.000109,0.000116,0.000127,0.000135,0.000141,0.000165,0.000142,0.000125,0.000091,0.000084,0.000082,0.000078,0.000069,0.000067,0.000045,0.000028,0.000052,0.000062,0.000054,0.000053,0.000046,0.000054,0.000063,0.000054,0.000046,0.000044,0.000012,0.000012,0.000066,0.000081
633,,,,,,,,,,,,,0.001771,0.000003,0.000039,0.000035,0.000038,0.000029,0.000030,0.000037,0.000031,0.000036,0.000030,0.000032,0.000035,0.000050,0.000050,0.000043,0.000038,0.000039,0.000036,0.000029,0.000024,0.000021,0.000022,0.000012,0.000013,0.000016,0.000016,0.000019,0.000021,0.000017,0.000015,0.000011,0.000008,0.000004,0.000005,0.000006,0.000025,0.000033
634,,,,,,,,,,,,,0.000455,0.000004,0.000092,0.000100,0.000093,0.000061,0.000050,0.000043,0.000040,0.000041,0.000032,0.000031,0.000031,0.000036,0.000028,0.000045,0.000071,0.000105,0.000163,0.000131,0.000098,0.000092,0.000052,0.000045,0.000083,0.000108,0.000070,0.000057,0.000062,0.000062,0.000053,0.000084,0.000083,0.000062,0.000010,0.000008,0.000033,0.000033
635,,,,,,,,,,,,,0.008035,0.000014,0.000174,0.000169,0.000192,0.000156,0.000155,0.000135,0.000118,0.000112,0.000097,0.000104,0.000109,0.000104,0.000081,0.000064,0.000070,0.000075,0.000074,0.000073,0.000060,0.000045,0.000039,0.000030,0.000104,0.000205,0.000193,0.000179,0.000144,0.000105,0.000088,0.000094,0.000072,0.000066,0.000013,0.000010,0.000104,0.000198
636,,,,,,,,,,,,,0.001924,0.000004,0.000052,0.000052,0.000078,0.000072,0.000063,0.000053,0.000047,0.000060,0.000076,0.000116,0.000097,0.000069,0.000074,0.000084,0.000080,0.000080,0.000070,0.000076,0.000070,0.000053,0.000034,0.000029,0.000041,0.000039,0.000039,0.000081,0.000058,0.000053,0.000042,0.000041,0.000037,0.000046,0.000009,0.000007,0.000038,0.000045
637,,,,,,,,,,,,,0.001651,0.000004,0.000067,0.000068,0.000075,0.000069,0.000066,0.000067,0.000069,0.000077,0.000072,0.000074,0.000068,0.000088,0.000077,0.000069,0.000069,0.000056,0.000073,0.000066,0.000048,0.000036,0.000019,0.000019,0.000029,0.000027,0.000021,0.000049,0.000079,0.000112,0.000106,0.000112,0.000091,0.000099,0.000009,0.000006,0.000038,0.000057
638,,,,,,,,,,,,,0.000789,0.000007,0.000135,0.000159,0.000224,0.000252,0.000244,0.000200,0.000214,0.000190,0.000128,0.000116,0.000080,0.000091,0.000083,0.000071,0.000040,0.000037,0.000038,0.000042,0.000036,0.000042,0.000024,0.000019,0.000033,0.000041,0.000043,0.000078,0.000090,0.000109,0.000128,0.000094,0.000089,0.000062,0.000012,0.000011,0.000068,0.000092
639,,,,,,,,,,,,,0.001356,0.000005,0.000082,0.000079,0.000141,0.000219,0.000329,0.000434,0.000518,0.000544,0.000437,0.000365,0.000295,0.000254,0.000190,0.000157,0.000110,0.000078,0.000091,0.000071,0.000053,0.000042,0.000021,0.000011,0.000008,0.000012,0.000016,0.000020,0.000025,0.000037,0.000062,0.000051,0.000063,0.000059,0.000027,0.000015,0.000071,0.000105
640,,,,,,,,,,,,,0.001204,0.000006,0.000074,0.000062,0.000066,0.000045,0.000030,0.000027,0.000023,0.000022,0.000016,0.000027,0.000035,0.000028,0.000033,0.000040,0.000042,0.000059,0.000125,0.000187,0.000139,0.000098,0.000145,0.000048,0.000095,0.000143,0.000157,0.000085,0.000060,0.000061,0.000094,0.000065,0.000060,0.000056,0.000014,0.000020,0.000092,0.000101
641,,,,,,,,,,,,,0.000304,0.000007,0.000092,0.000064,0.000077,0.000102,0.000170,0.000265,0.000317,0.000291,0.000245,0.000183,0.000140,0.000140,0.000131,0.000115,0.000100,0.000086,0.000100,0.000094,0.000071,0.000084,0.000045,0.000026,0.000039,0.000035,0.000022,0.000022,0.000024,0.000043,0.000085,0.000136,0.000170,0.000278,0.000058,0.000019,0.000071,0.000117
642,,,,,,,,,,,,,0.001282,0.000006,0.000053,0.000053,0.000065,0.000052,0.000044,0.000044,0.000060,0.000062,0.000065,0.000065,0.000071,0.000081,0.000088,0.000087,0.000064,0.000054,0.000061,0.000055,0.000043,0.000036,0.000025,0.000023,0.000033,0.000056,0.000077,0.000078,0.000054,0.000053,0.000051,0.000051,0.000059,0.000066,0.000013,0.000011,0.000085,0.000118
643,,,,,,,,,,,,,0.001275,0.000005,0.000095,0.000107,0.000127,0.000102,0.000082,0.000085,0.000100,0.000108,0.000098,0.000113,0.000127,0.000143,0.000127,0.000119,0.000092,0.000087,0.000088,0.000074,0.000069,0.000075,0.000061,0.000025,0.000044,0.000042,0.000043,0.000078,0.000088,0.000099,0.000175,0.000119,0.000095,0.000079,0.000012,0.000013,0.000063,0.000059
644,,,,,,,,,,,,,0.002568,0.000008,0.000180,0.000235,0.000206,0.000129,0.000112,0.000113,0.000103,0.000117,0.000091,0.000085,0.000086,0.000099,0.000115,0.000095,0.000102,0.000088,0.000093,0.000084,0.000063,0.000049,0.000034,0.000034,0.000042,0.000037,0.000035,0.000044,0.000054,0.000054,0.000047,0.000061,0.000073,0.000068,0.000013,0.000012,0.000067,0.000078
645,,,,,,,,,,,,,0.001926,0.000018,0.000307,0.000336,0.000275,0.000169,0.000132,0.000122,0.000125,0.000134,0.000117,0.000117,0.000113,0.000155,0.000148,0.000152,0.000125,0.000110,0.000134,0.000129,0.000111,0.000085,0.000043,0.000022,0.000031,0.000039,0.000047,0.000106,0.000128,0.000144,0.000161,0.000198,0.000164,0.000123,0.000017,0.000008,0.000087,0.000151
646,,,,,,,,,,,,,0.002237,0.000011,0.000171,0.000165,0.000211,0.000155,0.000134,0.000123,0.000133,0.000155,0.000141,0.000116,0.000132,0.000136,0.000130,0.000121,0.000109,0.000103,0.000089,0.000074,0.000062,0.000048,0.000036,0.000023,0.000054,0.000103,0.000124,0.000107,0.000143,0.000130,0.000135,0.000104,0.000102,0.000110,0.000017,0.000013,0.000155,0.000261
647,,,,,,,,,,,,,0.000573,0.000005,0.000115,0.000153,0.000229,0.000148,0.000084,0.000066,0.000058,0.000062,0.000059,0.000065,0.000072,0.000087,0.000074,0.000073,0.000060,0.000073,0.000112,0.000102,0.000076,0.000040,0.000022,0.000026,0.000036,0.000040,0.000063,0.000068,0.000076,0.000072,0.000070,0.000064,0.000055,0.000049,0.000011,0.000007,0.000039,0.000052
648,,,,,,,,,,,,,0.000873,0.000004,0.000047,0.000048,0.000051,0.000044,0.000040,0.000057,0.000095,0.000180,0.000220,0.000285,0.000354,0.000422,0.000411,0.000388,0.000238,0.000136,0.000116,0.000095,0.000062,0.000049,0.000035,0.000023,0.000037,0.000032,0.000027,0.000037,0.000041,0.000051,0.000049,0.000070,0.000074,0.000071,0.000015,0.000011,0.000048,0.000076
649,,,,,,,,,,,,,-0.000027,0.000003,0.000050,0.000053,0.000066,0.000050,0.000057,0.000061,0.000066,0.000058,0.000055,0.000060,0.000065,0.000064,0.000060,0.000062,0.000056,0.000052,0.000046,0.000043,0.000027,0.000024,0.000023,0.000017,0.000031,0.000036,0.000032,0.000036,0.000045,0.000060,0.000088,0.000162,0.000192,0.000139,0.000013,0.000006,0.000021,0.000035
650,,,,,,,,,,,,,0.001401,0.000005,0.000072,0.000077,0.000109,0.000116,0.000136,0.000158,0.000170,0.000169,0.000114,0.000100,0.000089,0.000090,0.000097,0.000098,0.000079,0.000102,0.000080,0.000080,0.000072,0.000049,0.000030,0.000021,0.000043,0.000069,0.000079,0.000075,0.000071,0.000061,0.000052,0.000051,0.000046,0.000039,0.000005,0.000004,0.000035,0.000059
651,,,,,,,,,,,,,0.001487,0.000019,0.000305,0.000322,0.000358,0.000280,0.000288,0.000304,0.000313,0.000298,0.000236,0.000207,0.000202,0.000247,0.000229,0.000216,0.000173,0.000166,0.000177,0.000163,0.000122,0.000083,0.000075,0.000034,0.000052,0.000053,0.000050,0.000050,0.000043,0.000038,0.000052,0.000027,0.000033,0.000046,0.000007,0.000006,0.000074,0.000156
652,,,,,,,,,,,,,0.000447,0.000004,0.000085,0.000090,0.000119,0.000085,0.000080,0.000098,0.000109,0.000110,0.000086,0.000091,0.000084,0.000106,0.000092,0.000090,0.000091,0.000088,0.000119,0.000125,0.000127,0.000095,0.000052,0.000042,0.000054,0.000052,0.000042,0.000049,0.000055,0.000065,0.000062,0.000063,0.000057,0.000045,0.000005,0.000004,0.000019,0.000033
653,,,,,,,,,,,,,0.002405,0.000004,0.000068,0.000064,0.000064,0.000049,0.000039,0.000049,0.000053,0.000073,0.000067,0.000072,0.000066,0.000086,0.000113,0.000131,0.000111,0.000101,0.000107,0.000098,0.000087,0.000076,0.000047,0.000048,0.000147,0.000220,0.000132,0.000139,0.000135,0.000115,0.000095,0.000082,0.000061,0.000058,0.000015,0.000009,0.000038,0.000055
654,,,,,,,,,,,,,0.004989,0.000004,0.000081,0.000073,0.000087,0.000091,0.000107,0.000112,0.000110,0.000108,0.000075,0.000081,0.000078,0.000099,0.000085,0.000103,0.000131,0.000235,0.000495,0.000550,0.000427,0.000242,0.000091,0.000054,0.000095,0.000141,0.000113,0.000130,0.000121,0.000107,0.000085,0.000081,0.000067,0.000038,0.000008,0.000008,0.000027,0.000047
655,,,,,,,,,,,,,0.000396,0.000007,0.000092,0.000083,0.000102,0.000069,0.000078,0.000069,0.000065,0.000079,0.000073,0.000073,0.000072,0.000076,0.000078,0.000081,0.000060,0.000053,0.000060,0.000081,0.000068,0.000055,0.000032,0.000028,0.000032,0.000033,0.000040,0.000060,0.000032,0.000034,0.000053,0.000048,0.000045,0.000060,0.000014,0.000010,0.000075,0.000113
656,,,,,,,,,,,,,0.001024,0.000006,0.000074,0.000059,0.000065,0.000047,0.000058,0.000058,0.000075,0.000091,0.000064,0.000073,0.000057,0.000051,0.000053,0.000045,0.000038,0.000042,0.000054,0.000059,0.000063,0.000062,0.000036,0.000021,0.000044,0.000067,0.000075,0.000086,0.000080,0.000071,0.000061,0.000052,0.000045,0.000047,0.000010,0.000008,0.000057,0.000082
657,,,,,,,,,,,,,0.001283,0.000006,0.000087,0.000075,0.000072,0.000055,0.000056,0.000071,0.000079,0.000081,0.000059,0.000059,0.000117,0.000071,0.000073,0.000070,0.000060,0.000081,0.000099,0.000113,0.000096,0.000056,0.000033,0.000022,0.000038,0.000037,0.000034,0.000043,0.000051,0.000050,0.000045,0.000048,0.000041,0.000041,0.000012,0.000008,0.000037,0.000060
658,,,,,,,,,,,,,-0.000505,0.000010,0.000118,0.000116,0.000134,0.000090,0.000082,0.000061,0.000059,0.000063,0.000053,0.000046,0.000043,0.000067,0.000089,0.000088,0.000069,0.000052,0.000063,0.000065,0.000051,0.000041,0.000030,0.000023,0.000032,0.000031,0.000043,0.000059,0.000069,0.000072,0.000055,0.000046,0.000035,0.000032,0.000018,0.000017,0.000214,0.000338
659,,,,,,,,,,,,,0.003005,0.000015,0.000141,0.000120,0.000145,0.000124,0.000156,0.000215,0.000260,0.000291,0.000239,0.000237,0.000169,0.000190,0.000175,0.000143,0.000104,0.000108,0.000134,0.000139,0.000113,0.000099,0.000050,0.000039,0.000058,0.000061,0.000064,0.000069,0.000068,0.000044,0.000039,0.000043,0.000039,0.000044,0.000014,0.000017,0.000085,0.000112
660,,,,,,,,,,,,,0.000236,0.000005,0.000091,0.000098,0.000127,0.000092,0.000079,0.000096,0.000101,0.000116,0.000172,0.000097,0.000125,0.000099,0.000116,0.000093,0.000057,0.000047,0.000058,0.000061,0.000073,0.000100,0.000044,0.000044,0.000119,0.000205,0.000190,0.000212,0.000210,0.000226,0.000211,0.000171,0.000111,0.000088,0.000017,0.000010,0.000041,0.000058
661,,,,,,,,,,,,,0.001399,0.000004,0.000065,0.000058,0.000069,0.000049,0.000049,0.000058,0.000063,0.000079,0.000066,0.000061,0.000069,0.000077,0.000078,0.000085,0.000062,0.000075,0.000112,0.000120,0.000095,0.000070,0.000035,0.000025,0.000032,0.000033,0.000035,0.000038,0.000054,0.000072,0.000082,0.000090,0.000100,0.000100,0.000019,0.000013,0.000087,0.000100
662,,,,,,,,,,,,,0.000342,0.000003,0.000052,0.000052,0.000072,0.000067,0.000076,0.000087,0.000098,0.000110,0.000095,0.000123,0.000125,0.000141,0.000142,0.000134,0.000101,0.000084,0.000096,0.000107,0.000107,0.000092,0.000046,0.000055,0.000075,0.000077,0.000069,0.000070,0.000061,0.000057,0.000053,0.000046,0.000041,0.000037,0.000006,0.000004,0.000040,0.000065
663,,,,,,,,,,,,,0.000402,0.000013,0.000119,0.000106,0.000103,0.000057,0.000053,0.000056,0.000077,0.000097,0.000053,0.000052,0.000027,0.000025,0.000019,0.000012,0.000016,0.000017,0.000023,0.000043,0.000043,0.000054,0.000038,0.000024,0.000049,0.000119,0.000159,0.000086,0.000059,0.000051,0.000044,0.000047,0.000053,0.000058,0.000015,0.000032,0.000385,0.000506
664,,,,,,,,,,,,,0.001875,0.000006,0.000085,0.000107,0.000120,0.000085,0.000069,0.000069,0.000089,0.000124,0.000122,0.000159,0.000145,0.000178,0.000141,0.000117,0.000079,0.000069,0.000058,0.000052,0.000045,0.000035,0.000025,0.000025,0.000044,0.000074,0.000083,0.000104,0.000099,0.000098,0.000070,0.000063,0.000051,0.000043,0.000007,0.000007,0.000079,0.000077
665,,,,,,,,,,,,,0.000336,0.000004,0.000053,0.000055,0.000056,0.000039,0.000040,0.000044,0.000058,0.000065,0.000048,0.000047,0.000047,0.000038,0.000033,0.000032,0.000029,0.000026,0.000042,0.000045,0.000040,0.000039,0.000021,0.000015,0.000017,0.000027,0.000036,0.000058,0.000045,0.000038,0.000037,0.000047,0.000045,0.000047,0.000018,0.000011,0.000079,0.000069
666,,,,,,,,,,,,,0.000945,0.000004,0.000051,0.000047,0.000049,0.000046,0.000045,0.000040,0.000039,0.000036,0.000032,0.000029,0.000040,0.000048,0.000060,0.000065,0.000064,0.000057,0.000058,0.000056,0.000051,0.000043,0.000034,0.000023,0.000037,0.000045,0.000046,0.000050,0.000048,0.000047,0.000050,0.000064,0.000050,0.000059,0.000018,0.000020,0.000043,0.000059
667,,,,,,,,,,,,,0.001851,0.000005,0.000061,0.000062,0.000103,0.000097,0.000119,0.000138,0.000231,0.000369,0.000328,0.000338,0.000363,0.000361,0.000298,0.000258,0.000171,0.000134,0.000134,0.000110,0.000074,0.000054,0.000030,0.000019,0.000030,0.000037,0.000058,0.000050,0.000054,0.000048,0.000041,0.000037,0.000036,0.000038,0.000006,0.000005,0.000035,0.000051
668,,,,,,,,,,,,,0.000670,0.000005,0.000073,0.000064,0.000063,0.000055,0.000059,0.000076,0.000091,0.000137,0.000160,0.000169,0.000172,0.000212,0.000207,0.000192,0.000150,0.000127,0.000156,0.000230,0.000225,0.000169,0.000068,0.000031,0.000036,0.000035,0.000039,0.000044,0.000047,0.000043,0.000043,0.000051,0.000055,0.000040,0.000006,0.000007,0.000092,0.000135
669,,,,,,,,,,,,,0.001741,0.000008,0.000100,0.000119,0.000152,0.000115,0.000113,0.000108,0.000102,0.000104,0.000062,0.000055,0.000062,0.000060,0.000054,0.000053,0.000059,0.000062,0.000083,0.000096,0.000100,0.000089,0.000050,0.000032,0.000082,0.000143,0.000131,0.000080,0.000078,0.000109,0.000117,0.000097,0.000063,0.000047,0.000008,0.000010,0.000061,0.000074
670,,,,,,,,,,,,,0.000525,0.000006,0.000065,0.000055,0.000065,0.000039,0.000039,0.000051,0.000051,0.000052,0.000044,0.000037,0.000030,0.000038,0.000031,0.000030,0.000031,0.000058,0.000044,0.000036,0.000031,0.000027,0.000018,0.000025,0.000026,0.000029,0.000029,0.000029,0.000030,0.000034,0.000040,0.000043,0.000039,0.000043,0.000019,0.000019,0.000090,0.000097
671,,,,,,,,,,,,,0.001167,0.000005,0.000070,0.000061,0.000067,0.000053,0.000058,0.000057,0.000065,0.000056,0.000046,0.000048,0.000055,0.000061,0.000068,0.000069,0.000053,0.000054,0.000067,0.000062,0.000051,0.000062,0.000035,0.000024,0.000041,0.000048,0.000047,0.000064,0.000044,0.000044,0.000041,0.000046,0.000047,0.000047,0.000010,0.000008,0.000086,0.000106
672,,,,,,,,,,,,,0.003378,0.000008,0.000150,0.000141,0.000205,0.000117,0.000092,0.000086,0.000099,0.000112,0.000089,0.000095,0.000094,0.000095,0.000092,0.000103,0.000092,0.000076,0.000084,0.000087,0.000077,0.000058,0.000037,0.000028,0.000041,0.000038,0.000042,0.000037,0.000036,0.000039,0.000040,0.000044,0.000051,0.000048,0.000014,0.000012,0.000057,0.000080
673,,,,,,,,,,,,,0.000553,0.000003,0.000044,0.000089,0.000076,0.000050,0.000051,0.000052,0.000084,0.000157,0.000202,0.000261,0.000343,0.000456,0.000484,0.000509,0.000381,0.000313,0.000348,0.000330,0.000213,0.000135,0.000063,0.000040,0.000058,0.000069,0.000064,0.000056,0.000053,0.000047,0.000044,0.000051,0.000046,0.000038,0.000011,0.000007,0.000026,0.000041
674,,,,,,,,,,,,,0.000569,0.000004,0.000042,0.000054,0.000063,0.000053,0.000057,0.000060,0.000058,0.000068,0.000056,0.000061,0.000065,0.000082,0.000081,0.000071,0.000062,0.000053,0.000060,0.000063,0.000082,0.000076,0.000043,0.000031,0.000039,0.000042,0.000041,0.000040,0.000053,0.000054,0.000044,0.000036,0.000037,0.000037,0.000008,0.000008,0.000053,0.000063
675,,,,,,,,,,,,,0.000071,0.000004,0.000056,0.000052,0.000069,0.000057,0.000054,0.000044,0.000040,0.000048,0.000045,0.000053,0.000060,0.000069,0.000079,0.000078,0.000064,0.000058,0.000060,0.000057,0.000068,0.000059,0.000033,0.000017,0.000028,0.000049,0.000052,0.000077,0.000107,0.000053,0.000035,0.000045,0.000036,0.000029,0.000010,0.000007,0.000037,0.000054
676,,,,,,,,,,,,,-0.000451,0.000004,0.000058,0.000053,0.000056,0.000035,0.000036,0.000041,0.000051,0.000052,0.000052,0.000050,0.000056,0.000067,0.000066,0.000078,0.000076,0.000057,0.000062,0.000054,0.000043,0.000035,0.000029,0.000018,0.000043,0.000063,0.000055,0.000089,0.000055,0.000053,0.000054,0.000056,0.000052,0.000052,0.000011,0.000008,0.000035,0.000072
677,,,,,,,,,,,,,0.001760,0.000005,0.000061,0.000052,0.000066,0.000059,0.000052,0.000060,0.000061,0.000063,0.000041,0.000050,0.000050,0.000049,0.000046,0.000034,0.000015,0.000116,0.000046,0.000063,0.000053,0.000045,0.000048,0.000025,0.000039,0.000038,0.000035,0.000035,0.000046,0.000060,0.000060,0.000062,0.000071,0.000080,0.000025,0.000016,0.000085,0.000120
678,,,,,,,,,,,,,0.000637,0.000010,0.000128,0.000126,0.000151,0.000116,0.000111,0.000122,0.000102,0.000105,0.000081,0.000077,0.000066,0.000075,0.000078,0.000077,0.000060,0.000049,0.000056,0.000057,0.000058,0.000050,0.000032,0.000032,0.000066,0.000101,0.000099,0.000117,0.000113,0.000104,0.000076,0.000067,0.000053,0.000038,0.000009,0.000010,0.000223,0.000337
679,,,,,,,,,,,,,0.001194,0.000005,0.000076,0.000077,0.000104,0.000084,0.000084,0.000077,0.000086,0.000107,0.000096,0.000102,0.000093,0.000112,0.000119,0.000126,0.000100,0.000076,0.000085,0.000062,0.000053,0.000048,0.000029,0.000018,0.000026,0.000029,0.000023,0.000030,0.000033,0.000068,0.000098,0.000119,0.000119,0.000124,0.000015,0.000010,0.000048,0.000077
680,,,,,,,,,,,,,0.001202,0.000004,0.000046,0.000037,0.000059,0.000146,0.000278,0.000463,0.000728,0.000883,0.000733,0.000655,0.000541,0.000572,0.000448,0.000356,0.000225,0.000162,0.000151,0.000123,0.000098,0.000078,0.000053,0.000038,0.000066,0.000060,0.000049,0.000047,0.000042,0.000045,0.000046,0.000070,0.000123,0.000135,0.000018,0.000012,0.000058,0.000093
681,,,,,,,,,,,,,0.000123,0.000009,0.000118,0.000111,0.000140,0.000098,0.000070,0.000057,0.000066,0.000071,0.000056,0.000055,0.000057,0.000065,0.000061,0.000059,0.000061,0.000058,0.000063,0.000054,0.000032,0.000031,0.000020,0.000016,0.000027,0.000031,0.000034,0.000037,0.000039,0.000051,0.000055,0.000064,0.000061,0.000063,0.000012,0.000011,0.000134,0.000205
682,,,,,,,,,,,,,0.001608,0.000004,0.000063,0.000051,0.000064,0.000054,0.000057,0.000063,0.000063,0.000065,0.000061,0.000050,0.000055,0.000066,0.000070,0.000073,0.000045,0.000051,0.000056,0.000063,0.000070,0.000076,0.000055,0.000039,0.000064,0.000066,0.000061,0.000059,0.000055,0.000052,0.000064,0.000104,0.000078,0.000068,0.000012,0.000010,0.000064,0.000073
683,,,,,,,,,,,,,0.001092,0.000006,0.000131,0.000157,0.000153,0.000103,0.000102,0.000129,0.000163,0.000254,0.000275,0.000382,0.000307,0.000291,0.000248,0.000255,0.000250,0.000192,0.000249,0.000254,0.000152,0.000126,0.000065,0.000057,0.000045,0.000050,0.000071,0.000062,0.000066,0.000064,0.000077,0.000076,0.000069,0.000075,0.000014,0.000007,0.000022,0.000054
684,,,,,,,,,,,,,0.002466,0.000004,0.000075,0.000070,0.000081,0.000043,0.000041,0.000062,0.000069,0.000087,0.000102,0.000148,0.000219,0.000327,0.000427,0.000495,0.000461,0.000422,0.000450,0.000435,0.000394,0.000282,0.000114,0.000065,0.000135,0.000145,0.000109,0.000137,0.000120,0.000110,0.000088,0.000086,0.000066,0.000059,0.000013,0.000007,0.000030,0.000049
685,,,,,,,,,,,,,0.003117,0.000005,0.000059,0.000062,0.000087,0.000081,0.000072,0.000070,0.000082,0.000099,0.000092,0.000096,0.000146,0.000124,0.000081,0.000064,0.000053,0.000046,0.000074,0.000082,0.000082,0.000073,0.000050,0.000042,0.000107,0.000147,0.000095,0.000092,0.000090,0.000090,0.000078,0.000070,0.000054,0.000053,0.000012,0.000008,0.000066,0.000093
686,,,,,,,,,,,,,0.000339,0.000006,0.000075,0.000082,0.000082,0.000072,0.000067,0.000064,0.000057,0.000074,0.000065,0.000070,0.000066,0.000073,0.000083,0.000076,0.000065,0.000059,0.000060,0.000053,0.000043,0.000034,0.000046,0.000050,0.000087,0.000057,0.000052,0.000060,0.000061,0.000071,0.000066,0.000082,0.000076,0.000064,0.000011,0.000010,0.000072,0.000093
687,,,,,,,,,,,,,-0.000058,0.000006,0.000109,0.000119,0.000129,0.000103,0.000092,0.000099,0.000103,0.000131,0.000113,0.000123,0.000130,0.000133,0.000137,0.000118,0.000107,0.000099,0.000095,0.000078,0.000057,0.000047,0.000041,0.000057,0.000055,0.000046,0.000067,0.000066,0.000081,0.000094,0.000092,0.000156,0.000185,0.000175,0.000027,0.000012,0.000072,0.000089
688,,,,,,,,,,,,,0.002884,0.000010,0.000137,0.000120,0.000142,0.000111,0.000110,0.000083,0.000071,0.000071,0.000058,0.000058,0.000051,0.000074,0.000081,0.000060,0.000047,0.000046,0.000051,0.000051,0.000040,0.000064,0.000056,0.000073,0.000067,0.000078,0.000075,0.000061,0.000063,0.000067,0.000076,0.000109,0.000144,0.000130,0.000019,0.000015,0.000044,0.000084
689,,,,,,,,,,,,,0.001372,0.000007,0.000077,0.000086,0.000108,0.000092,0.000087,0.000094,0.000088,0.000101,0.000103,0.000113,0.000106,0.000115,0.000130,0.000124,0.000098,0.000094,0.000108,0.000097,0.000101,0.000071,0.000046,0.000030,0.000054,0.000039,0.000039,0.000042,0.000038,0.000071,0.000141,0.000098,0.000091,0.000068,0.000012,0.000014,0.000090,0.000117
690,,,,,,,,,,,,,0.001486,0.000008,0.000086,0.000076,0.000073,0.000041,0.000037,0.000032,0.000040,0.000051,0.000051,0.000055,0.000156,0.000111,0.000121,0.000067,0.000046,0.000046,0.000054,0.000060,0.000066,0.000086,0.000094,0.000076,0.000119,0.000106,0.000062,0.000068,0.000056,0.000061,0.000072,0.000125,0.000134,0.000105,0.000013,0.000005,0.000020,0.000043
691,,,,,,,,,,,,,0.017131,0.000008,0.000140,0.000155,0.000175,0.000136,0.000121,0.000112,0.000112,0.000116,0.000099,0.000099,0.000077,0.000096,0.000086,0.000088,0.000080,0.000092,0.000096,0.000088,0.000079,0.000071,0.000046,0.000041,0.000066,0.000063,0.000054,0.000055,0.000059,0.000068,0.000058,0.000056,0.000042,0.000030,0.000006,0.000005,0.000042,0.000065
692,,,,,,,,,,,,,0.000263,0.000009,0.000243,0.000279,0.000260,0.000173,0.000135,0.000115,0.000111,0.000116,0.000095,0.000085,0.000096,0.000125,0.000101,0.000092,0.000075,0.000078,0.000084,0.000074,0.000061,0.000084,0.000046,0.000037,0.000077,0.000092,0.000067,0.000047,0.000049,0.000051,0.000038,0.000047,0.000045,0.000037,0.000006,0.000004,0.000031,0.000038
693,,,,,,,,,,,,,0.000536,0.000006,0.000076,0.000072,0.000074,0.000071,0.000069,0.000066,0.000074,0.000083,0.000063,0.000065,0.000059,0.000060,0.000066,0.000056,0.000045,0.000038,0.000044,0.000043,0.000035,0.000031,0.000026,0.000031,0.000046,0.000045,0.000062,0.000095,0.000134,0.000134,0.000101,0.000095,0.000070,0.000065,0.000028,0.000023,0.000060,0.000079
694,,,,,,,,,,,,,0.000363,0.000004,0.000066,0.000068,0.000065,0.000056,0.000053,0.000057,0.000061,0.000065,0.000061,0.000048,0.000048,0.000064,0.000069,0.000063,0.000061,0.000063,0.000091,0.000099,0.000081,0.000069,0.000255,0.000033,0.000052,0.000064,0.000066,0.000072,0.000059,0.000055,0.000060,0.000084,0.000125,0.000141,0.000016,0.000011,0.000061,0.000078
695,,,,,,,,,,,,,0.002282,0.000004,0.000072,0.000078,0.000116,0.000147,0.000198,0.000266,0.000343,0.000353,0.000277,0.000254,0.000193,0.000176,0.000151,0.000122,0.000083,0.000075,0.000073,0.000071,0.000065,0.000045,0.000029,0.000018,0.000026,0.000031,0.000027,0.000024,0.000042,0.000088,0.000119,0.000192,0.000293,0.000332,0.000041,0.000020,0.000054,0.000084
696,,,,,,,,,,,,,0.002095,0.000006,0.000141,0.000269,0.000618,0.000636,0.000627,0.000502,0.000449,0.000450,0.000309,0.000242,0.000189,0.000174,0.000173,0.000169,0.000128,0.000098,0.000108,0.000097,0.000072,0.000061,0.000036,0.000020,0.000025,0.000026,0.000025,0.000026,0.000022,0.000043,0.000056,0.000055,0.000054,0.000052,0.000011,0.000009,0.000044,0.000055
697,,,,,,,,,,,,,0.006345,0.000006,0.000113,0.000125,0.000195,0.000158,0.000112,0.000126,0.000148,0.000158,0.000151,0.000169,0.000188,0.000203,0.000209,0.000191,0.000150,0.000119,0.000114,0.000099,0.000070,0.000066,0.000042,0.000040,0.000069,0.000065,0.000066,0.000056,0.000056,0.000066,0.000075,0.000092,0.000084,0.000069,0.000013,0.000009,0.000052,0.000070
698,,,,,,,,,,,,,0.000689,0.000008,0.000112,0.000133,0.000128,0.000089,0.000078,0.000068,0.000090,0.000082,0.000062,0.000070,0.000070,0.000070,0.000069,0.000077,0.000064,0.000052,0.000072,0.000103,0.000167,0.000195,0.000146,0.000096,0.000132,0.000101,0.000078,0.000083,0.000081,0.000081,0.000077,0.000091,0.000086,0.000082,0.000010,0.000006,0.000047,0.000049
699,,,,,,,,,,,,,0.000649,0.000007,0.000102,0.000084,0.000090,0.000063,0.000049,0.000052,0.000060,0.000069,0.000075,0.000078,0.000100,0.000152,0.000150,0.000181,0.000200,0.000149,0.000136,0.000098,0.000060,0.000044,0.000044,0.000022,0.000037,0.000036,0.000036,0.000037,0.000059,0.000092,0.000085,0.000089,0.000081,0.000074,0.000013,0.000010,0.000065,0.000100
700,,,,,,,,,,,,,0.000758,0.000007,0.000143,0.000136,0.000133,0.000093,0.000082,0.000089,0.000073,0.000066,0.000053,0.000066,0.000068,0.000052,0.000053,0.000048,0.000051,0.000060,0.000093,0.000107,0.000074,0.000048,0.000027,0.000029,0.000048,0.000097,0.000067,0.000086,0.000100,0.000098,0.000089,0.000061,0.000058,0.000058,0.000013,0.000009,0.000054,0.000074
701,,,,,,,,,,,,,0.000598,0.000004,0.000051,0.000049,0.000059,0.000052,0.000054,0.000048,0.000066,0.000097,0.000088,0.000099,0.000159,0.000169,0.000193,0.000176,0.000171,0.000153,0.000167,0.000133,0.000098,0.000065,0.000034,0.000022,0.000030,0.000038,0.000040,0.000041,0.000046,0.000068,0.000061,0.000061,0.000067,0.000053,0.000018,0.000011,0.000053,0.000062
702,,,,,,,,,,,,,0.000451,0.000004,0.000049,0.000049,0.000061,0.000058,0.000058,0.000058,0.000053,0.000065,0.000078,0.000067,0.000059,0.000071,0.000074,0.000072,0.000066,0.000059,0.000071,0.000065,0.000056,0.000053,0.000043,0.000047,0.000088,0.000105,0.000078,0.000068,0.000062,0.000053,0.000040,0.000037,0.000036,0.000028,0.000006,0.000006,0.000044,0.000084
703,,,,,,,,,,,,,0.002770,0.000004,0.000059,0.000052,0.000098,0.000149,0.000207,0.000213,0.000248,0.000284,0.000241,0.000217,0.000224,0.000256,0.000301,0.000287,0.000248,0.000213,0.000235,0.000212,0.000158,0.000113,0.000066,0.000046,0.000080,0.000100,0.000130,0.000103,0.000066,0.000059,0.000092,0.000094,0.000076,0.000071,0.000017,0.000014,0.000071,0.000101
704,,,,,,,,,,,,,0.001394,0.000005,0.000068,0.000065,0.000076,0.000057,0.000056,0.000049,0.000046,0.000041,0.000031,0.000038,0.000040,0.000049,0.000044,0.000040,0.000045,0.000041,0.000049,0.000060,0.000066,0.000086,0.000052,0.000037,0.000053,0.000049,0.000041,0.000046,0.000046,0.000054,0.000066,0.000088,0.000082,0.000077,0.000011,0.000007,0.000055,0.000083
705,,,,,,,,,,,,,0.000752,0.000004,0.000054,0.000049,0.000063,0.000044,0.000033,0.000032,0.000044,0.000055,0.000065,0.000071,0.000078,0.000083,0.000084,0.000088,0.000083,0.000062,0.000070,0.000070,0.000061,0.000040,0.000040,0.000073,0.000047,0.000050,0.000048,0.000058,0.000048,0.000047,0.000051,0.000051,0.000045,0.000039,0.000017,0.000013,0.000066,0.000142
706,,,,,,,,,,,,,0.002550,0.000006,0.000079,0.000078,0.000107,0.000098,0.000112,0.000141,0.000145,0.000173,0.000150,0.000157,0.000120,0.000120,0.000122,0.000105,0.000078,0.000054,0.000053,0.000045,0.000040,0.000040,0.000036,0.000029,0.000031,0.000044,0.000031,0.000032,0.000060,0.000036,0.000044,0.000056,0.000047,0.000043,0.000012,0.000013,0.000170,0.000209
707,,,,,,,,,,,,,0.001265,0.000008,0.000153,0.000157,0.000180,0.000126,0.000112,0.000106,0.000106,0.000108,0.000089,0.000069,0.000072,0.000105,0.000115,0.000129,0.000117,0.000111,0.000138,0.000123,0.000107,0.000100,0.000042,0.000026,0.000052,0.000063,0.000050,0.000058,0.000055,0.000044,0.000038,0.000043,0.000041,0.000040,0.000015,0.000005,0.000029,0.000054
708,,,,,,,,,,,,,0.000899,0.000004,0.000045,0.000049,0.000054,0.000056,0.000052,0.000058,0.000077,0.000081,0.000081,0.000076,0.000096,0.000125,0.000144,0.000168,0.000179,0.000220,0.000318,0.000324,0.000232,0.000151,0.000062,0.000029,0.000043,0.000041,0.000045,0.000048,0.000044,0.000039,0.000034,0.000036,0.000032,0.000024,0.000008,0.000006,0.000040,0.000058
709,,,,,,,,,,,,,0.004209,0.000005,0.000072,0.000073,0.000080,0.000065,0.000060,0.000067,0.000083,0.000105,0.000108,0.000111,0.000114,0.000146,0.000158,0.000119,0.000100,0.000092,0.000082,0.000085,0.000081,0.000062,0.000042,0.000046,0.000083,0.000079,0.000061,0.000077,0.000091,0.000122,0.000138,0.000194,0.000226,0.000203,0.000025,0.000007,0.000027,0.000042
710,,,,,,,,,,,,,0.001532,0.000005,0.000047,0.000063,0.000067,0.000097,0.000126,0.000204,0.000118,0.000108,0.000095,0.000100,0.000076,0.000067,0.000073,0.000082,0.000077,0.000089,0.000109,0.000110,0.000076,0.000056,0.000039,0.000036,0.000065,0.000139,0.000215,0.000341,0.000280,0.000193,0.000144,0.000140,0.000109,0.000086,0.000015,0.000010,0.000035,0.000067
711,,,,,,,,,,,,,0.003130,0.000012,0.000165,0.000165,0.000172,0.000155,0.000146,0.000124,0.000139,0.000146,0.000110,0.000101,0.000107,0.000106,0.000110,0.000101,0.000087,0.000074,0.000072,0.000062,0.000069,0.000041,0.000029,0.000021,0.000029,0.000044,0.000126,0.000056,0.000041,0.000035,0.000042,0.000046,0.000042,0.000029,0.000012,0.000009,0.000050,0.000073
712,,,,,,,,,,,,,0.002505,0.000012,0.000130,0.000101,0.000102,0.000067,0.000058,0.000065,0.000080,0.000072,0.000057,0.000068,0.000064,0.000083,0.000070,0.000070,0.000060,0.000048,0.000039,0.000046,0.000058,0.000049,0.000026,0.000027,0.000038,0.000044,0.000041,0.000036,0.000051,0.000037,0.000033,0.000036,0.000039,0.000032,0.000016,0.000016,0.000095,0.000186
713,,,,,,,,,,,,,0.002446,0.000003,0.000055,0.000050,0.000064,0.000046,0.000046,0.000050,0.000044,0.000053,0.000049,0.000045,0.000062,0.000068,0.000071,0.000069,0.000066,0.000055,0.000050,0.000045,0.000040,0.000045,0.000025,0.000019,0.000030,0.000040,0.000040,0.000041,0.000051,0.000058,0.000098,0.000088,0.000058,0.000057,0.000014,0.000011,0.000045,0.000057
714,,,,,,,,,,,,,0.001009,0.000004,0.000036,0.000043,0.000053,0.000040,0.000030,0.000030,0.000045,0.000048,0.000049,0.000060,0.000067,0.000068,0.000055,0.000047,0.000039,0.000037,0.000076,0.000100,0.000192,0.000197,0.000146,0.000073,0.000111,0.000099,0.000075,0.000067,0.000060,0.000050,0.000046,0.000044,0.000048,0.000040,0.000013,0.000012,0.000049,0.000062
715,,,,,,,,,,,,,0.001163,0.000005,0.000071,0.000063,0.000084,0.000063,0.000070,0.000067,0.000077,0.000095,0.000091,0.000076,0.000078,0.000109,0.000125,0.000122,0.000092,0.000091,0.000096,0.000086,0.000074,0.000056,0.000035,0.000029,0.000058,0.000182,0.000143,0.000069,0.000045,0.000053,0.000059,0.000056,0.000051,0.000047,0.000031,0.000016,0.000076,0.000095
716,,,,,,,,,,,,,0.005790,0.000005,0.000082,0.000083,0.000090,0.000079,0.000076,0.000068,0.000065,0.000063,0.000061,0.000061,0.000055,0.000067,0.000070,0.000073,0.000072,0.000069,0.000075,0.000063,0.000048,0.000034,0.000033,0.000034,0.000048,0.000039,0.000031,0.000036,0.000035,0.000045,0.000063,0.000088,0.000069,0.000053,0.000013,0.000008,0.000052,0.000063
717,,,,,,,,,,,,,0.008759,0.000006,0.000065,0.000069,0.000184,0.000396,0.000740,0.000926,0.000993,0.001006,0.000660,0.000544,0.000435,0.000408,0.000351,0.000304,0.000253,0.000185,0.000165,0.000137,0.000100,0.000079,0.000048,0.000043,0.000059,0.000068,0.000041,0.000037,0.000028,0.000040,0.000056,0.000086,0.000072,0.000069,0.000027,0.000027,0.000170,0.000177
718,,,,,,,,,,,,,0.000976,0.000005,0.000083,0.000086,0.000099,0.000079,0.000075,0.000074,0.000074,0.000093,0.000084,0.000090,0.000078,0.000104,0.000113,0.000100,0.000090,0.000090,0.000102,0.000113,0.000132,0.000106,0.000070,0.000041,0.000067,0.000062,0.000051,0.000051,0.000043,0.000047,0.000039,0.000041,0.000033,0.000030,0.000007,0.000007,0.000049,0.000063
719,,,,,,,,,,,,,0.001045,0.000006,0.000110,0.000131,0.000225,0.000249,0.000237,0.000217,0.000196,0.000167,0.000115,0.000089,0.000068,0.000074,0.000073,0.000067,0.000064,0.000075,0.000085,0.000082,0.000057,0.000034,0.000032,0.000027,0.000053,0.000080,0.000065,0.000058,0.000048,0.000044,0.000047,0.000044,0.000051,0.000039,0.000012,0.000011,0.000048,0.000059
720,,,,,,,,,,,,,0.001624,0.000006,0.000119,0.000131,0.000133,0.000092,0.000086,0.000076,0.000080,0.000094,0.000069,0.000065,0.000067,0.000084,0.000076,0.000088,0.000076,0.000062,0.000075,0.000088,0.000104,0.000098,0.000043,0.000027,0.000037,0.000030,0.000027,0.000037,0.000032,0.000036,0.000037,0.000041,0.000038,0.000035,0.000008,0.000007,0.000041,0.000060
721,,,,,,,,,,,,,0.000823,0.000003,0.000033,0.000028,0.000036,0.000027,0.000030,0.000040,0.000051,0.000072,0.000057,0.000069,0.000063,0.000069,0.000071,0.000057,0.000054,0.000042,0.000069,0.000093,0.000092,0.000071,0.000100,0.000035,0.000062,0.000083,0.000078,0.000082,0.000059,0.000056,0.000049,0.000059,0.000080,0.000092,0.000013,0.000012,0.000059,0.000074
722,,,,,,,,,,,,,0.002932,0.000004,0.000047,0.000047,0.000072,0.000065,0.000068,0.000093,0.000086,0.000089,0.000057,0.000070,0.000068,0.000082,0.000078,0.000071,0.000056,0.000056,0.000058,0.000056,0.000052,0.000042,0.000032,0.000023,0.000032,0.000040,0.000040,0.000043,0.000051,0.000054,0.000056,0.000059,0.000056,0.000063,0.000032,0.000024,0.000080,0.000082
723,,,,,,,,,,,,,0.000249,0.000002,0.000029,0.000029,0.000032,0.000036,0.000038,0.000046,0.000060,0.000065,0.000057,0.000046,0.000048,0.000056,0.000063,0.000062,0.000055,0.000039,0.000043,0.000047,0.000049,0.000041,0.000027,0.000047,0.000045,0.000053,0.000054,0.000051,0.000068,0.000059,0.000046,0.000044,0.000034,0.000030,0.000004,0.000004,0.000018,0.000032
724,,,,,,,,,,,,,0.000373,0.000005,0.000085,0.000109,0.000131,0.000089,0.000071,0.000059,0.000051,0.000058,0.000048,0.000040,0.000049,0.000060,0.000043,0.000044,0.000040,0.000028,0.000051,0.000090,0.000183,0.000232,0.000100,0.000049,0.000091,0.000096,0.000074,0.000068,0.000050,0.000055,0.000052,0.000052,0.000050,0.000043,0.000011,0.000008,0.000061,0.000065
725,,,,,,,,,,,,,0.001937,0.000003,0.000049,0.000051,0.000077,0.000077,0.000082,0.000084,0.000082,0.000088,0.000083,0.000077,0.000067,0.000070,0.000060,0.000065,0.000057,0.000065,0.000090,0.000097,0.000113,0.000084,0.000041,0.000024,0.000049,0.000045,0.000040,0.000044,0.000041,0.000028,0.000035,0.000040,0.000044,0.000045,0.000011,0.000007,0.000031,0.000044
726,,,,,,,,,,,,,0.000171,0.000004,0.000071,0.000068,0.000058,0.000041,0.000051,0.000049,0.000043,0.000051,0.000054,0.000077,0.000098,0.000171,0.000277,0.000424,0.000545,0.000611,0.000706,0.000621,0.000424,0.000262,0.000111,0.000050,0.000065,0.000071,0.000055,0.000056,0.000048,0.000046,0.000048,0.000054,0.000047,0.000044,0.000011,0.000007,0.000040,0.000056
727,,,,,,,,,,,,,0.001195,0.000011,0.000097,0.000092,0.000074,0.000047,0.000049,0.000064,0.000076,0.000101,0.000091,0.000094,0.000134,0.000173,0.000182,0.000213,0.000148,0.000136,0.000213,0.000225,0.000149,0.000070,0.000034,0.000024,0.000026,0.000030,0.000023,0.000033,0.000034,0.000032,0.000030,0.000032,0.000029,0.000028,0.000007,0.000005,0.000060,0.000172
728,,,,,,,,,,,,,0.001538,0.000007,0.000133,0.000131,0.000136,0.000080,0.000051,0.000037,0.000038,0.000045,0.000036,0.000052,0.000093,0.000096,0.000109,0.000098,0.000060,0.000040,0.000056,0.000049,0.000037,0.000057,0.000029,0.000022,0.000050,0.000083,0.000111,0.000123,0.000110,0.000096,0.000098,0.000121,0.000159,0.000186,0.000020,0.000006,0.000038,0.000057
729,,,,,,,,,,,,,0.000673,0.000004,0.000064,0.000068,0.000075,0.000063,0.000063,0.000068,0.000081,0.000086,0.000075,0.000083,0.000116,0.000134,0.000135,0.000131,0.000092,0.000063,0.000066,0.000071,0.000079,0.000125,0.000147,0.000081,0.000117,0.000088,0.000068,0.000061,0.000064,0.000057,0.000057,0.000053,0.000038,0.000043,0.000014,0.000010,0.000045,0.000083
730,,,,,,,,,,,,,0.001560,0.000005,0.000093,0.000085,0.000094,0.000076,0.000084,0.000114,0.000160,0.000244,0.000279,0.000426,0.000523,0.000755,0.000790,0.000845,0.000688,0.000443,0.000384,0.000287,0.000190,0.000122,0.000068,0.000030,0.000050,0.000055,0.000048,0.000049,0.000053,0.000052,0.000045,0.000037,0.000044,0.000036,0.000008,0.000007,0.000044,0.000064
731,,,,,,,,,,,,,0.002625,0.000005,0.000117,0.000139,0.000184,0.000180,0.000162,0.000146,0.000172,0.000177,0.000151,0.000132,0.000127,0.000138,0.000152,0.000102,0.000104,0.000119,0.000131,0.000136,0.000118,0.000101,0.000080,0.000060,0.000089,0.000074,0.000060,0.000089,0.000114,0.000102,0.000073,0.000060,0.000052,0.000054,0.000014,0.000009,0.000026,0.000035
732,,,,,,,,,,,,,0.005829,0.000005,0.000067,0.000076,0.000113,0.000103,0.000087,0.000078,0.000080,0.000088,0.000065,0.000061,0.000059,0.000069,0.000092,0.000114,0.000120,0.000130,0.000204,0.000177,0.000145,0.000107,0.000042,0.000027,0.000050,0.000056,0.000042,0.000029,0.000030,0.000029,0.000030,0.000030,0.000026,0.000020,0.000007,0.000008,0.000045,0.000060
733,,,,,,,,,,,,,0.000299,0.000003,0.000025,0.000028,0.000045,0.000046,0.000050,0.000038,0.000031,0.000041,0.000052,0.000061,0.000072,0.000093,0.000134,0.000200,0.000276,0.000373,0.000524,0.000518,0.000391,0.000273,0.000157,0.000077,0.000142,0.000120,0.000079,0.000084,0.000105,0.000085,0.000069,0.000067,0.000066,0.000073,0.000015,0.000008,0.000044,0.000066
734,,,,,,,,,,,,,0.001349,0.000008,0.000187,0.000199,0.000214,0.000145,0.000144,0.000148,0.000175,0.000238,0.000247,0.000318,0.000321,0.000374,0.000356,0.000318,0.000229,0.000166,0.000125,0.000082,0.000065,0.000048,0.000041,0.000025,0.000041,0.000040,0.000028,0.000036,0.000049,0.000046,0.000045,0.000059,0.000062,0.000073,0.000024,0.000014,0.000053,0.000101
735,,,,,,,,,,,,,0.006664,0.000005,0.000102,0.000105,0.000130,0.000079,0.000075,0.000064,0.000050,0.000074,0.000063,0.000061,0.000054,0.000066,0.000074,0.000085,0.000069,0.000060,0.000056,0.000053,0.000044,0.000038,0.000027,0.000022,0.000035,0.000034,0.000028,0.000035,0.000044,0.000038,0.000030,0.000035,0.000031,0.000035,0.000009,0.000008,0.000030,0.000039
736,,,,,,,,,,,,,0.002609,0.000004,0.000054,0.000064,0.000068,0.000046,0.000049,0.000092,0.000098,0.000095,0.000075,0.000092,0.000097,0.000105,0.000131,0.000157,0.000178,0.000170,0.000210,0.000172,0.000127,0.000090,0.000050,0.000026,0.000038,0.000048,0.000041,0.000045,0.000050,0.000054,0.000051,0.000062,0.000061,0.000052,0.000010,0.000007,0.000046,0.000076
737,,,,,,,,,,,,,0.002323,0.000003,0.000066,0.000079,0.000094,0.000071,0.000061,0.000056,0.000061,0.000066,0.000054,0.000059,0.000064,0.000087,0.000094,0.000089,0.000073,0.000048,0.000055,0.000054,0.000043,0.000027,0.000022,0.000035,0.000031,0.000025,0.000032,0.000051,0.000081,0.000103,0.000093,0.000083,0.000063,0.000054,0.000016,0.000005,0.000024,0.000035
738,,,,,,,,,,,,,0.002316,0.000010,0.000081,0.000065,0.000059,0.000035,0.000042,0.000037,0.000044,0.000047,0.000051,0.000068,0.000057,0.000054,0.000039,0.000032,0.000018,0.000022,0.000041,0.000041,0.000049,0.000034,0.000041,0.000023,0.000029,0.000060,0.000072,0.000051,0.000046,0.000047,0.000066,0.000083,0.000087,0.000089,0.000022,0.000015,0.000142,0.000222
739,,,,,,,,,,,,,0.004806,0.000004,0.000071,0.000066,0.000073,0.000061,0.000056,0.000050,0.000053,0.000062,0.000061,0.000059,0.000058,0.000076,0.000070,0.000073,0.000065,0.000081,0.000130,0.000159,0.000123,0.000083,0.000033,0.000019,0.000029,0.000034,0.000090,0.000089,0.000093,0.000058,0.000041,0.000042,0.000031,0.000028,0.000009,0.000009,0.000050,0.000083
740,,,,,,,,,,,,,0.002540,0.000005,0.000087,0.000086,0.000117,0.000123,0.000149,0.000187,0.000225,0.000282,0.000287,0.000366,0.000374,0.000488,0.000365,0.000312,0.000223,0.000134,0.000151,0.000131,0.000099,0.000128,0.000082,0.000036,0.000050,0.000091,0.000087,0.000074,0.000088,0.000083,0.000058,0.000040,0.000029,0.000026,0.000007,0.000006,0.000030,0.000052
741,,,,,,,,,,,,,0.001687,0.000007,0.000156,0.000165,0.000196,0.000236,0.000271,0.000337,0.000442,0.000472,0.000353,0.000345,0.000342,0.000367,0.000307,0.000252,0.000176,0.000130,0.000152,0.000131,0.000141,0.000114,0.000066,0.000041,0.000068,0.000074,0.000051,0.000054,0.000047,0.000037,0.000031,0.000033,0.000026,0.000020,0.000006,0.000007,0.000044,0.000073
742,,,,,,,,,,,,,0.003603,0.000006,0.000120,0.000165,0.000289,0.000213,0.000199,0.000127,0.000117,0.000132,0.000118,0.000127,0.000119,0.000148,0.000152,0.000154,0.000119,0.000105,0.000111,0.000107,0.000086,0.000066,0.000044,0.000037,0.000072,0.000079,0.000066,0.000056,0.000048,0.000050,0.000062,0.000047,0.000033,0.000021,0.000008,0.000008,0.000046,0.000054
743,,,,,,,,,,,,,0.000823,0.000003,0.000042,0.000039,0.000039,0.000032,0.000037,0.000091,0.000076,0.000093,0.000088,0.000108,0.000138,0.000195,0.000219,0.000200,0.000180,0.000162,0.000157,0.000125,0.000100,0.000064,0.000146,0.000024,0.000032,0.000028,0.000029,0.000040,0.000041,0.000025,0.000029,0.000023,0.000022,0.000018,0.000010,0.000010,0.000035,0.000038
744,,,,,,,,,,,,,0.000601,0.000004,0.000070,0.000083,0.000122,0.000172,0.000299,0.000388,0.000456,0.000546,0.000514,0.000409,0.000375,0.000357,0.000306,0.000258,0.000192,0.000201,0.000194,0.000168,0.000124,0.000079,0.000044,0.000025,0.000045,0.000051,0.000050,0.000072,0.000059,0.000052,0.000057,0.000044,0.000032,0.000036,0.000009,0.000007,0.000050,0.000081
745,,,,,,,,,,,,,0.000790,0.000005,0.000082,0.000085,0.000147,0.000189,0.000254,0.000276,0.000273,0.000267,0.000183,0.000142,0.000099,0.000099,0.000088,0.000118,0.000098,0.000080,0.000080,0.000079,0.000070,0.000055,0.000027,0.000024,0.000049,0.000093,0.000077,0.000082,0.000114,0.000128,0.000109,0.000106,0.000094,0.000077,0.000014,0.000009,0.000037,0.000077
746,,,,,,,,,,,,,0.000363,0.000007,0.000126,0.000117,0.000107,0.000103,0.000093,0.000086,0.000119,0.000120,0.000069,0.000073,0.000075,0.000099,0.000109,0.000093,0.000071,0.000053,0.000057,0.000059,0.000056,0.000052,0.000079,0.000035,0.000051,0.000076,0.000056,0.000065,0.000068,0.000067,0.000078,0.000094,0.000078,0.000091,0.000024,0.000024,0.000096,0.000106
747,,,,,,,,,,,,,0.002508,0.000006,0.000060,0.000062,0.000076,0.000063,0.000059,0.000065,0.000058,0.000063,0.000055,0.000064,0.000080,0.000091,0.000102,0.000110,0.000097,0.000119,0.000107,0.000125,0.000126,0.000090,0.000041,0.000022,0.000041,0.000043,0.000045,0.000049,0.000054,0.000051,0.000051,0.000061,0.000055,0.000066,0.000023,0.000019,0.000094,0.000160
748,,,,,,,,,,,,,0.001492,0.000006,0.000095,0.000094,0.000090,0.000064,0.000056,0.000059,0.000047,0.000054,0.000036,0.000046,0.000050,0.000048,0.000066,0.000064,0.000038,0.000033,0.000110,0.000111,0.000088,0.000075,0.000049,0.000037,0.000057,0.000064,0.000070,0.000080,0.000122,0.000153,0.000169,0.000197,0.000197,0.000188,0.000023,0.000011,0.000058,0.000090
749,,,,,,,,,,,,,0.001628,0.000003,0.000042,0.000039,0.000051,0.000044,0.000050,0.000056,0.000069,0.000076,0.000072,0.000077,0.000074,0.000088,0.000082,0.000102,0.000077,0.000063,0.000074,0.000061,0.000045,0.000076,0.000099,0.000044,0.000053,0.000076,0.000086,0.000104,0.000057,0.000065,0.000065,0.000075,0.000066,0.000049,0.000009,0.000008,0.000042,0.000063
750,,,,,,,,,,,,,0.001761,0.000003,0.000063,0.000058,0.000116,0.000233,0.000343,0.000439,0.000442,0.000395,0.000301,0.000286,0.000245,0.000279,0.000265,0.000258,0.000241,0.000222,0.000231,0.000190,0.000158,0.000096,0.000041,0.000030,0.000051,0.000078,0.000068,0.000068,0.000051,0.000050,0.000044,0.000053,0.000050,0.000042,0.000012,0.000009,0.000031,0.000046
751,,,,,,,,,,,,,0.004051,0.000008,0.000134,0.000119,0.000135,0.000091,0.000090,0.000081,0.000084,0.000093,0.000103,0.000109,0.000123,0.000148,0.000145,0.000137,0.000125,0.000151,0.000132,0.000093,0.000061,0.000050,0.000028,0.000022,0.000034,0.000038,0.000030,0.000044,0.000048,0.000043,0.000038,0.000039,0.000034,0.000027,0.000007,0.000006,0.000033,0.000046
752,,,,,,,,,,,,,0.000101,0.000005,0.000050,0.000067,0.000127,0.000208,0.000240,0.000284,0.000297,0.000266,0.000190,0.000143,0.000125,0.000107,0.000094,0.000066,0.000045,0.000059,0.000090,0.000081,0.000056,0.000066,0.000035,0.000025,0.000035,0.000040,0.000049,0.000035,0.000039,0.000039,0.000041,0.000037,0.000033,0.000039,0.000011,0.000009,0.000053,0.000070
753,,,,,,,,,,,,,0.001843,0.000006,0.000106,0.000122,0.000137,0.000088,0.000074,0.000065,0.000065,0.000073,0.000060,0.000061,0.000057,0.000071,0.000061,0.000068,0.000071,0.000071,0.000094,0.000098,0.000084,0.000066,0.000041,0.000042,0.000074,0.000066,0.000067,0.000094,0.000076,0.000057,0.000044,0.000045,0.000031,0.000031,0.000006,0.000005,0.000040,0.000055
754,,,,,,,,,,,,,-0.000031,0.000011,0.000197,0.000202,0.000200,0.000130,0.000094,0.000095,0.000110,0.000108,0.000084,0.000073,0.000087,0.000121,0.000119,0.000092,0.000080,0.000075,0.000105,0.000124,0.000114,0.000125,0.000051,0.000042,0.000082,0.000102,0.000106,0.000123,0.000163,0.000151,0.000132,0.000126,0.000094,0.000075,0.000010,0.000008,0.000039,0.000048
755,,,,,,,,,,,,,0.001450,0.000003,0.000051,0.000047,0.000052,0.000038,0.000040,0.000039,0.000050,0.000063,0.000063,0.000075,0.000089,0.000126,0.000158,0.000177,0.000154,0.000124,0.000112,0.000086,0.000063,0.000044,0.000020,0.000013,0.000019,0.000022,0.000029,0.000043,0.000032,0.000022,0.000014,0.000024,0.000024,0.000019,0.000005,0.000005,0.000034,0.000048
756,,,,,,,,,,,,,0.000824,0.000002,0.000025,0.000029,0.000037,0.000033,0.000027,0.000029,0.000042,0.000059,0.000052,0.000064,0.000061,0.000066,0.000055,0.000048,0.000037,0.000053,0.000074,0.000074,0.000059,0.000052,0.000030,0.000019,0.000029,0.000047,0.000051,0.000083,0.000137,0.000141,0.000146,0.000179,0.000176,0.000129,0.000023,0.000013,0.000033,0.000044
757,,,,,,,,,,,,,0.001067,0.000008,0.000147,0.000145,0.000159,0.000111,0.000090,0.000090,0.000078,0.000082,0.000060,0.000054,0.000055,0.000068,0.000073,0.000086,0.000076,0.000081,0.000124,0.000185,0.000188,0.000130,0.000050,0.000030,0.000054,0.000077,0.000049,0.000053,0.000050,0.000055,0.000051,0.000043,0.000034,0.000040,0.000011,0.000009,0.000066,0.000135
758,,,,,,,,,,,,,0.001134,0.000005,0.000054,0.000040,0.000051,0.000037,0.000043,0.000063,0.000118,0.000206,0.000233,0.000315,0.000324,0.000444,0.000512,0.000511,0.000375,0.000273,0.000217,0.000159,0.000108,0.000082,0.000057,0.000028,0.000041,0.000043,0.000048,0.000046,0.000043,0.000043,0.000036,0.000034,0.000054,0.000066,0.000022,0.000015,0.000076,0.000102
759,,,,,,,,,,,,,-0.000128,0.000011,0.000152,0.000141,0.000130,0.000076,0.000097,0.000081,0.000058,0.000060,0.000063,0.000081,0.000101,0.000076,0.000067,0.000051,0.000041,0.000036,0.000052,0.000060,0.000057,0.000062,0.000045,0.000036,0.000060,0.000049,0.000033,0.000034,0.000034,0.000033,0.000037,0.000047,0.000057,0.000062,0.000008,0.000004,0.000022,0.000045
760,,,,,,,,,,,,,0.001055,0.000005,0.000089,0.000084,0.000086,0.000064,0.000054,0.000054,0.000051,0.000055,0.000044,0.000050,0.000041,0.000052,0.000049,0.000045,0.000034,0.000030,0.000031,0.000045,0.000059,0.000058,0.000041,0.000030,0.000052,0.000057,0.000052,0.000083,0.000077,0.000079,0.000057,0.000048,0.000041,0.000031,0.000007,0.000006,0.000034,0.000047
761,,,,,,,,,,,,,0.000018,0.000005,0.000084,0.000069,0.000094,0.000099,0.000096,0.000078,0.000080,0.000093,0.000087,0.000084,0.000096,0.000107,0.000130,0.000141,0.000152,0.000248,0.000305,0.000354,0.000363,0.000224,0.000092,0.000042,0.000063,0.000066,0.000071,0.000057,0.000035,0.000038,0.000038,0.000031,0.000031,0.000040,0.000019,0.000017,0.000085,0.000099
762,,,,,,,,,,,,,-0.000273,0.000007,0.000096,0.000082,0.000080,0.000067,0.000086,0.000084,0.000104,0.000126,0.000095,0.000105,0.000103,0.000117,0.000148,0.000182,0.000224,0.000196,0.000223,0.000183,0.000158,0.000121,0.000060,0.000030,0.000058,0.000086,0.000084,0.000107,0.000104,0.000076,0.000074,0.000093,0.000077,0.000063,0.000018,0.000011,0.000060,0.000176
763,,,,,,,,,,,,,0.004378,0.000018,0.000456,0.000463,0.000437,0.000304,0.000233,0.000181,0.000167,0.000158,0.000128,0.000109,0.000082,0.000128,0.000118,0.000124,0.000091,0.000065,0.000077,0.000064,0.000062,0.000064,0.000052,0.000050,0.000063,0.000042,0.000053,0.000068,0.000055,0.000076,0.000083,0.000116,0.000141,0.000130,0.000019,0.000013,0.000057,0.000064
764,,,,,,,,,,,,,-0.000727,0.000003,0.000044,0.000039,0.000043,0.000031,0.000030,0.000038,0.000051,0.000052,0.000040,0.000037,0.000043,0.000061,0.000065,0.000068,0.000052,0.000046,0.000043,0.000042,0.000037,0.000031,0.000020,0.000017,0.000030,0.000028,0.000031,0.000030,0.000027,0.000027,0.000029,0.000033,0.000031,0.000030,0.000007,0.000007,0.000043,0.000061
765,,,,,,,,,,,,,-0.000063,0.000004,0.000046,0.000044,0.000045,0.000029,0.000037,0.000041,0.000061,0.000098,0.000077,0.000096,0.000105,0.000164,0.000105,0.000106,0.000060,0.000043,0.000114,0.000158,0.000272,0.000195,0.000120,0.000027,0.000038,0.000038,0.000051,0.000045,0.000055,0.000035,0.000042,0.000045,0.000093,0.000162,0.000051,0.000034,0.000081,0.000101
766,,,,,,,,,,,,,0.000420,0.000004,0.000080,0.000073,0.000069,0.000065,0.000074,0.000062,0.000071,0.000097,0.000084,0.000079,0.000072,0.000083,0.000076,0.000071,0.000064,0.000053,0.000055,0.000056,0.000046,0.000040,0.000024,0.000019,0.000035,0.000063,0.000054,0.000051,0.000050,0.000042,0.000049,0.000036,0.000042,0.000053,0.000016,0.000012,0.000047,0.000092
767,,,,,,,,,,,,,0.001577,0.000004,0.000061,0.000064,0.000078,0.000064,0.000062,0.000078,0.000086,0.000076,0.000067,0.000066,0.000092,0.000125,0.000167,0.000218,0.000263,0.000332,0.000373,0.000277,0.000179,0.000126,0.000074,0.000035,0.000050,0.000045,0.000042,0.000042,0.000045,0.000042,0.000042,0.000044,0.000044,0.000045,0.000010,0.000007,0.000045,0.000052
768,,,,,,,,,,,,,0.000649,0.000007,0.000128,0.000141,0.000162,0.000117,0.000100,0.000094,0.000105,0.000102,0.000076,0.000068,0.000069,0.000077,0.000073,0.000094,0.000086,0.000085,0.000103,0.000103,0.000070,0.000047,0.000046,0.000028,0.000055,0.000078,0.000082,0.000052,0.000078,0.000050,0.000050,0.000051,0.000047,0.000045,0.000010,0.000009,0.000043,0.000062
769,,,,,,,,,,,,,0.001728,0.000007,0.000116,0.000140,0.000192,0.000168,0.000173,0.000180,0.000226,0.000271,0.000241,0.000237,0.000246,0.000303,0.000285,0.000262,0.000208,0.000187,0.000213,0.000193,0.000149,0.000112,0.000054,0.000062,0.000054,0.000055,0.000042,0.000063,0.000073,0.000081,0.000068,0.000075,0.000071,0.000059,0.000008,0.000004,0.000036,0.000063
770,,,,,,,,,,,,,0.000581,0.000007,0.000086,0.000091,0.000107,0.000071,0.000063,0.000048,0.000045,0.000044,0.000041,0.000041,0.000033,0.000033,0.000031,0.000021,0.000023,0.000022,0.000029,0.000023,0.000025,0.000016,0.000016,0.000014,0.000025,0.000033,0.000052,0.000112,0.000165,0.000202,0.000210,0.000236,0.000204,0.000201,0.000043,0.000030,0.000095,0.000141
771,,,,,,,,,,,,,0.000519,0.000004,0.000057,0.000054,0.000060,0.000087,0.000107,0.000115,0.000131,0.000150,0.000103,0.000104,0.000114,0.000113,0.000111,0.000137,0.000142,0.000231,0.000454,0.000617,0.000422,0.000250,0.000116,0.000054,0.000085,0.000074,0.000057,0.000052,0.000047,0.000052,0.000054,0.000050,0.000051,0.000041,0.000020,0.000011,0.000039,0.000047
772,,,,,,,,,,,,,0.001805,0.000005,0.000067,0.000059,0.000085,0.000096,0.000116,0.000113,0.000119,0.000116,0.000087,0.000080,0.000080,0.000087,0.000108,0.000127,0.000073,0.000071,0.000072,0.000068,0.000059,0.000057,0.000038,0.000032,0.000054,0.000068,0.000053,0.000057,0.000059,0.000052,0.000062,0.000079,0.000078,0.000065,0.000024,0.000011,0.000082,0.000109
773,,,,,,,,,,,,,0.005136,0.000003,0.000056,0.000061,0.000118,0.000269,0.000405,0.000556,0.000672,0.000711,0.000502,0.000421,0.000312,0.000275,0.000226,0.000184,0.000131,0.000104,0.000092,0.000078,0.000062,0.000074,0.000058,0.000036,0.000074,0.000074,0.000062,0.000072,0.000073,0.000054,0.000046,0.000057,0.000052,0.000040,0.000010,0.000006,0.000034,0.000062
774,,,,,,,,,,,,,-0.000024,0.000008,0.000084,0.000074,0.000081,0.000053,0.000049,0.000056,0.000057,0.000059,0.000055,0.000057,0.000060,0.000094,0.000113,0.000131,0.000114,0.000098,0.000138,0.000134,0.000121,0.000067,0.000029,0.000021,0.000032,0.000034,0.000025,0.000028,0.000034,0.000041,0.000039,0.000037,0.000029,0.000026,0.000011,0.000017,0.000107,0.000132
775,,,,,,,,,,,,,0.002256,0.000005,0.000080,0.000086,0.000065,0.000061,0.000077,0.000095,0.000206,0.000261,0.000172,0.000185,0.000148,0.000135,0.000128,0.000127,0.000119,0.000141,0.000215,0.000170,0.000141,0.000141,0.000061,0.000028,0.000046,0.000048,0.000057,0.000070,0.000084,0.000090,0.000060,0.000060,0.000060,0.000047,0.000010,0.000009,0.000045,0.000077
776,,,,,,,,,,,,,0.001644,0.000007,0.000127,0.000132,0.000159,0.000163,0.000168,0.000173,0.000210,0.000257,0.000253,0.000272,0.000315,0.000460,0.000498,0.000503,0.000434,0.000337,0.000378,0.000310,0.000261,0.000179,0.000075,0.000042,0.000067,0.000065,0.000050,0.000049,0.000048,0.000069,0.000066,0.000059,0.000042,0.000034,0.000007,0.000005,0.000049,0.000078
777,,,,,,,,,,,,,0.001822,0.000004,0.000053,0.000061,0.000057,0.000045,0.000052,0.000048,0.000041,0.000042,0.000036,0.000046,0.000052,0.000051,0.000066,0.000067,0.000061,0.000051,0.000069,0.000052,0.000041,0.000037,0.000035,0.000031,0.000035,0.000038,0.000039,0.000044,0.000047,0.000048,0.000036,0.000038,0.000046,0.000039,0.000014,0.000015,0.000054,0.000063
778,,,,,,,,,,,,,0.003845,0.000007,0.000073,0.000078,0.000089,0.000125,0.000182,0.000230,0.000301,0.000322,0.000241,0.000178,0.000184,0.000164,0.000137,0.000120,0.000105,0.000107,0.000109,0.000096,0.000082,0.000066,0.000048,0.000036,0.000061,0.000047,0.000044,0.000050,0.000067,0.000087,0.000093,0.000104,0.000119,0.000085,0.000014,0.000012,0.000062,0.000094
779,,,,,,,,,,,,,0.004973,0.000005,0.000059,0.000057,0.000086,0.000092,0.000093,0.000087,0.000080,0.000081,0.000069,0.000066,0.000070,0.000070,0.000071,0.000077,0.000081,0.000116,0.000228,0.000315,0.000324,0.000249,0.000155,0.000050,0.000066,0.000066,0.000052,0.000051,0.000047,0.000048,0.000044,0.000044,0.000039,0.000036,0.000007,0.000006,0.000074,0.000093
780,,,,,,,,,,,,,0.001468,0.000004,0.000069,0.000063,0.000075,0.000064,0.000066,0.000058,0.000064,0.000061,0.000058,0.000064,0.000063,0.000074,0.000073,0.000072,0.000070,0.000074,0.000097,0.000189,0.000173,0.000159,0.000072,0.000035,0.000048,0.000049,0.000038,0.000038,0.000031,0.000035,0.000068,0.000043,0.000034,0.000029,0.000008,0.000006,0.000045,0.000072
781,,,,,,,,,,,,,0.000892,0.000005,0.000071,0.000076,0.000109,0.000092,0.000090,0.000088,0.000095,0.000100,0.000088,0.000098,0.000107,0.000126,0.000126,0.000124,0.000100,0.000099,0.000120,0.000125,0.000161,0.000176,0.000094,0.000043,0.000071,0.000058,0.000054,0.000061,0.000065,0.000071,0.000076,0.000096,0.000098,0.000074,0.000007,0.000006,0.000061,0.000095
782,,,,,,,,,,,,,0.002028,0.000026,0.000380,0.000398,0.000346,0.000221,0.000206,0.000158,0.000163,0.000175,0.000136,0.000112,0.000100,0.000134,0.000119,0.000105,0.000070,0.000057,0.000082,0.000069,0.000065,0.000056,0.000027,0.000019,0.000054,0.000047,0.000040,0.000041,0.000042,0.000042,0.000042,0.000048,0.000050,0.000051,0.000007,0.000006,0.000049,0.000083
783,,,,,,,,,,,,,0.015001,0.000009,0.000117,0.000120,0.000186,0.000169,0.000165,0.000166,0.000181,0.000191,0.000139,0.000114,0.000108,0.000120,0.000120,0.000124,0.000110,0.000091,0.000095,0.000083,0.000077,0.000053,0.000058,0.000075,0.000197,0.000176,0.000125,0.000107,0.000089,0.000076,0.000046,0.000043,0.000043,0.000030,0.000005,0.000005,0.000075,0.000104
784,,,,,,,,,,,,,0.001626,0.000009,0.000150,0.000180,0.000241,0.000167,0.000123,0.000116,0.000126,0.000158,0.000145,0.000179,0.000367,0.000267,0.000264,0.000209,0.000174,0.000197,0.000164,0.000137,0.000096,0.000077,0.000025,0.000022,0.000046,0.000070,0.000060,0.000050,0.000079,0.000120,0.000127,0.000101,0.000072,0.000061,0.000015,0.000011,0.000057,0.000076
785,,,,,,,,,,,,,0.001864,0.000004,0.000058,0.000057,0.000065,0.000048,0.000045,0.000046,0.000044,0.000052,0.000038,0.000040,0.000043,0.000053,0.000054,0.000059,0.000050,0.000051,0.000059,0.000058,0.000045,0.000030,0.000033,0.000022,0.000046,0.000057,0.000049,0.000044,0.000042,0.000044,0.000040,0.000045,0.000041,0.000045,0.000007,0.000004,0.000030,0.000046
786,,,,,,,,,,,,,0.001824,0.000006,0.000111,0.000112,0.000132,0.000091,0.000079,0.000079,0.000087,0.000085,0.000067,0.000070,0.000069,0.000072,0.000069,0.000062,0.000052,0.000054,0.000064,0.000078,0.000076,0.000064,0.000036,0.000020,0.000040,0.000046,0.000041,0.000052,0.000059,0.000063,0.000059,0.000054,0.000042,0.000039,0.000005,0.000004,0.000030,0.000046
787,,,,,,,,,,,,,0.000442,0.000005,0.000044,0.000041,0.000045,0.000055,0.000076,0.000103,0.000167,0.000185,0.000147,0.000163,0.000150,0.000202,0.000206,0.000217,0.000158,0.000137,0.000174,0.000152,0.000117,0.000101,0.000056,0.000036,0.000051,0.000071,0.000072,0.000074,0.000091,0.000103,0.000101,0.000109,0.000095,0.000106,0.000025,0.000011,0.000050,0.000102
788,,,,,,,,,,,,,0.003644,0.000007,0.000079,0.000054,0.000065,0.000065,0.000071,0.000069,0.000088,0.000098,0.000088,0.000085,0.000088,0.000099,0.000101,0.000093,0.000090,0.000075,0.000071,0.000076,0.000077,0.000053,0.000027,0.000022,0.000035,0.000032,0.000030,0.000039,0.000038,0.000041,0.000037,0.000033,0.000032,0.000038,0.000010,0.000011,0.000105,0.000127
789,,,,,,,,,,,,,0.000488,0.000003,0.000040,0.000040,0.000047,0.000037,0.000044,0.000059,0.000090,0.000137,0.000139,0.000138,0.000147,0.000153,0.000109,0.000123,0.000084,0.000062,0.000067,0.000085,0.000081,0.000059,0.000028,0.000020,0.000029,0.000030,0.000033,0.000034,0.000032,0.000030,0.000034,0.000040,0.000039,0.000031,0.000006,0.000005,0.000042,0.000056
790,,,,,,,,,,,,,0.002367,0.000008,0.000108,0.000112,0.000123,0.000087,0.000054,0.000051,0.000051,0.000066,0.000044,0.000067,0.000058,0.000061,0.000061,0.000063,0.000053,0.000053,0.000048,0.000039,0.000040,0.000037,0.000029,0.000021,0.000024,0.000033,0.000034,0.000037,0.000032,0.000033,0.000038,0.000045,0.000032,0.000033,0.000021,0.000010,0.000040,0.000055
791,,,,,,,,,,,,,0.001096,0.000005,0.000075,0.000087,0.000109,0.000127,0.000133,0.000126,0.000116,0.000112,0.000077,0.000078,0.000062,0.000069,0.000067,0.000076,0.000068,0.000079,0.000098,0.000079,0.000062,0.000062,0.000048,0.000047,0.000110,0.000157,0.000091,0.000077,0.000063,0.000066,0.000050,0.000051,0.000050,0.000060,0.000014,0.000010,0.000041,0.000047
792,,,,,,,,,,,,,0.004505,0.000009,0.000159,0.000164,0.000169,0.000101,0.000084,0.000089,0.000085,0.000096,0.000078,0.000070,0.000050,0.000042,0.000052,0.000049,0.000030,0.000025,0.000056,0.000099,0.000121,0.000111,0.000080,0.000030,0.000044,0.000040,0.000066,0.000086,0.000109,0.000149,0.000203,0.000167,0.000108,0.000083,0.000017,0.000014,0.000094,0.000104
793,,,,,,,,,,,,,0.000184,0.000004,0.000052,0.000052,0.000043,0.000045,0.000050,0.000048,0.000048,0.000062,0.000049,0.000055,0.000073,0.000104,0.000179,0.000226,0.000248,0.000199,0.000209,0.000148,0.000119,0.000097,0.000035,0.000022,0.000026,0.000036,0.000030,0.000035,0.000040,0.000043,0.000037,0.000036,0.000029,0.000030,0.000009,0.000006,0.000042,0.000084
794,,,,,,,,,,,,,0.000443,0.000002,0.000031,0.000031,0.000034,0.000029,0.000042,0.000048,0.000059,0.000069,0.000042,0.000038,0.000027,0.000030,0.000034,0.000029,0.000029,0.000028,0.000063,0.000092,0.000081,0.000077,0.000052,0.000046,0.000057,0.000059,0.000060,0.000068,0.000081,0.000094,0.000082,0.000079,0.000064,0.000057,0.000011,0.000005,0.000018,0.000032
795,,,,,,,,,,,,,0.002646,0.000005,0.000068,0.000089,0.000183,0.000213,0.000182,0.000163,0.000157,0.000134,0.000097,0.000076,0.000082,0.000125,0.000182,0.000276,0.000346,0.000353,0.000431,0.000395,0.000254,0.000145,0.000067,0.000043,0.000049,0.000047,0.000036,0.000050,0.000040,0.000036,0.000034,0.000056,0.000084,0.000088,0.000011,0.000008,0.000062,0.000131
796,,,,,,,,,,,,,0.002116,0.000006,0.000099,0.000095,0.000101,0.000086,0.000082,0.000091,0.000092,0.000105,0.000095,0.000095,0.000089,0.000109,0.000141,0.000155,0.000125,0.000153,0.000181,0.000184,0.000129,0.000092,0.000043,0.000027,0.000045,0.000037,0.000036,0.000031,0.000031,0.000037,0.000028,0.000036,0.000031,0.000038,0.000014,0.000016,0.000056,0.000064
797,,,,,,,,,,,,,0.001409,0.000004,0.000088,0.000117,0.000128,0.000085,0.000075,0.000080,0.000081,0.000084,0.000072,0.000068,0.000050,0.000057,0.000077,0.000081,0.000088,0.000122,0.000184,0.000191,0.000175,0.000140,0.000078,0.000054,0.000098,0.000101,0.000082,0.000076,0.000073,0.000068,0.000057,0.000061,0.000043,0.000038,0.000009,0.000006,0.000035,0.000058
798,,,,,,,,,,,,,0.000635,0.000003,0.000059,0.000071,0.000074,0.000059,0.000056,0.000079,0.000100,0.000122,0.000110,0.000115,0.000087,0.000086,0.000074,0.000077,0.000073,0.000066,0.000075,0.000061,0.000051,0.000053,0.000045,0.000035,0.000062,0.000065,0.000059,0.000054,0.000049,0.000045,0.000045,0.000043,0.000044,0.000043,0.000014,0.000011,0.000037,0.000057
799,,,,,,,,,,,,,0.000321,0.000004,0.000046,0.000042,0.000052,0.000053,0.000051,0.000052,0.000057,0.000060,0.000047,0.000047,0.000056,0.000055,0.000058,0.000058,0.000058,0.000065,0.000099,0.000101,0.000084,0.000106,0.000044,0.000026,0.000056,0.000057,0.000046,0.000051,0.000056,0.000053,0.000047,0.000045,0.000039,0.000034,0.000007,0.000006,0.000043,0.000087
800,,,,,,,,,,,,,0.001564,0.000004,0.000052,0.000051,0.000076,0.000088,0.000159,0.000233,0.000275,0.000305,0.000247,0.000206,0.000165,0.000164,0.000152,0.000114,0.000084,0.000072,0.000078,0.000082,0.000084,0.000059,0.000036,0.000023,0.000039,0.000071,0.000079,0.000092,0.000084,0.000082,0.000061,0.000058,0.000051,0.000058,0.000013,0.000010,0.000055,0.000066
801,,,,,,,,,,,,,0.000585,0.000004,0.000035,0.000042,0.000083,0.000123,0.000157,0.000201,0.000286,0.000372,0.000411,0.000318,0.000326,0.000351,0.000380,0.000361,0.000283,0.000214,0.000183,0.000136,0.000064,0.000039,0.000030,0.000029,0.000048,0.000064,0.000085,0.000165,0.000268,0.000232,0.000151,0.000107,0.000069,0.000052,0.000010,0.000009,0.000064,0.000090
802,,,,,,,,,,,,,0.000496,0.000004,0.000056,0.000047,0.000058,0.000046,0.000055,0.000063,0.000070,0.000061,0.000054,0.000048,0.000041,0.000057,0.000055,0.000071,0.000085,0.000085,0.000093,0.000071,0.000061,0.000045,0.000022,0.000020,0.000030,0.000035,0.000027,0.000031,0.000033,0.000024,0.000027,0.000028,0.000020,0.000021,0.000011,0.000012,0.000088,0.000097
803,,,,,,,,,,,,,0.000592,0.000004,0.000056,0.000053,0.000072,0.000055,0.000049,0.000053,0.000052,0.000064,0.000049,0.000068,0.000119,0.000155,0.000088,0.000091,0.000061,0.000041,0.000045,0.000042,0.000033,0.000028,0.000027,0.000016,0.000026,0.000029,0.000034,0.000037,0.000047,0.000061,0.000086,0.000105,0.000095,0.000086,0.000015,0.000009,0.000036,0.000068
804,,,,,,,,,,,,,0.001243,0.000006,0.000101,0.000210,0.000455,0.000418,0.000394,0.000279,0.000228,0.000224,0.000147,0.000144,0.000135,0.000125,0.000115,0.000103,0.000082,0.000084,0.000073,0.000060,0.000052,0.000058,0.000030,0.000027,0.000036,0.000042,0.000045,0.000054,0.000060,0.000063,0.000052,0.000078,0.000070,0.000058,0.000017,0.000016,0.000071,0.000080
805,,,,,,,,,,,,,0.002949,0.000003,0.000039,0.000035,0.000041,0.000039,0.000039,0.000041,0.000049,0.000061,0.000058,0.000055,0.000057,0.000062,0.000062,0.000064,0.000051,0.000047,0.000040,0.000047,0.000092,0.000081,0.000045,0.000048,0.000078,0.000078,0.000068,0.000073,0.000064,0.000055,0.000051,0.000050,0.000042,0.000047,0.000011,0.000007,0.000027,0.000041
806,,,,,,,,,,,,,0.001947,0.000004,0.000053,0.000054,0.000048,0.000042,0.000045,0.000065,0.000134,0.000177,0.000194,0.000237,0.000275,0.000337,0.000374,0.000395,0.000290,0.000197,0.000178,0.000138,0.000112,0.000161,0.000056,0.000037,0.000074,0.000090,0.000073,0.000064,0.000060,0.000051,0.000048,0.000059,0.000066,0.000067,0.000017,0.000012,0.000043,0.000078
807,,,,,,,,,,,,,0.003417,0.000004,0.000053,0.000056,0.000072,0.000055,0.000052,0.000054,0.000054,0.000057,0.000048,0.000046,0.000039,0.000054,0.000064,0.000070,0.000068,0.000055,0.000067,0.000067,0.000053,0.000046,0.000024,0.000015,0.000022,0.000024,0.000028,0.000034,0.000024,0.000021,0.000023,0.000019,0.000023,0.000022,0.000020,0.000013,0.000057,0.000068
808,,,,,,,,,,,,,0.034437,0.000007,0.000059,0.000056,0.000076,0.000067,0.000071,0.000049,0.000082,0.000109,0.000066,0.000051,0.000053,0.000042,0.000045,0.000049,0.000037,0.000042,0.000053,0.000079,0.000067,0.000076,0.000069,0.000054,0.000133,0.000187,0.000165,0.000173,0.000152,0.000130,0.000084,0.000068,0.000056,0.000053,0.000014,0.000016,0.000117,0.000157
809,,,,,,,,,,,,,0.002624,0.000006,0.000079,0.000087,0.000069,0.000056,0.000054,0.000050,0.000055,0.000076,0.000061,0.000087,0.000094,0.000092,0.000082,0.000072,0.000061,0.000071,0.000109,0.000109,0.000086,0.000074,0.000051,0.000032,0.000046,0.000067,0.000066,0.000098,0.000121,0.000140,0.000107,0.000109,0.000085,0.000090,0.000019,0.000014,0.000045,0.000052
810,,,,,,,,,,,,,0.001799,0.000008,0.000113,0.000125,0.000132,0.000107,0.000082,0.000082,0.000082,0.000086,0.000057,0.000058,0.000068,0.000064,0.000091,0.000098,0.000108,0.000108,0.000127,0.000124,0.000090,0.000072,0.000049,0.000019,0.000029,0.000034,0.000045,0.000062,0.000034,0.000035,0.000034,0.000050,0.000063,0.000050,0.000012,0.000011,0.000054,0.000088
811,,,,,,,,,,,,,0.000449,0.000013,0.000138,0.000114,0.000102,0.000060,0.000056,0.000040,0.000036,0.000042,0.000045,0.000051,0.000053,0.000052,0.000056,0.000062,0.000054,0.000058,0.000087,0.000075,0.000064,0.000049,0.000034,0.000034,0.000056,0.000057,0.000048,0.000080,0.000075,0.000059,0.000043,0.000033,0.000029,0.000027,0.000015,0.000014,0.000073,0.000126
812,,,,,,,,,,,,,0.001331,0.000008,0.000127,0.000152,0.000180,0.000145,0.000122,0.000124,0.000130,0.000133,0.000107,0.000096,0.000088,0.000095,0.000110,0.000116,0.000089,0.000080,0.000090,0.000091,0.000097,0.000079,0.000040,0.000030,0.000062,0.000050,0.000052,0.000089,0.000132,0.000174,0.000128,0.000102,0.000075,0.000065,0.000014,0.000011,0.000069,0.000078
813,,,,,,,,,,,,,0.001112,0.000007,0.000110,0.000117,0.000141,0.000122,0.000126,0.000147,0.000167,0.000162,0.000131,0.000123,0.000114,0.000136,0.000148,0.000144,0.000119,0.000091,0.000105,0.000088,0.000062,0.000052,0.000028,0.000022,0.000040,0.000049,0.000050,0.000114,0.000117,0.000112,0.000100,0.000073,0.000048,0.000037,0.000005,0.000006,0.000070,0.000089
814,,,,,,,,,,,,,0.015247,0.000007,0.000086,0.000076,0.000091,0.000068,0.000069,0.000074,0.000069,0.000065,0.000052,0.000070,0.000060,0.000073,0.000072,0.000066,0.000058,0.000068,0.000073,0.000074,0.000062,0.000048,0.000040,0.000023,0.000036,0.000040,0.000047,0.000039,0.000045,0.000075,0.000131,0.000195,0.000207,0.000207,0.000044,0.000021,0.000079,0.000109
815,,,,,,,,,,,,,0.002050,0.000008,0.000137,0.000154,0.000182,0.000101,0.000079,0.000079,0.000092,0.000101,0.000105,0.000118,0.000129,0.000157,0.000140,0.000132,0.000112,0.000091,0.000087,0.000076,0.000064,0.000066,0.000050,0.000030,0.000073,0.000125,0.000110,0.000098,0.000136,0.000142,0.000146,0.000183,0.000221,0.000247,0.000028,0.000009,0.000027,0.000035
816,,,,,,,,,,,,,0.000895,0.000003,0.000051,0.000051,0.000063,0.000057,0.000085,0.000137,0.000108,0.000104,0.000073,0.000061,0.000070,0.000074,0.000065,0.000065,0.000068,0.000066,0.000083,0.000071,0.000099,0.000072,0.000054,0.000046,0.000092,0.000143,0.000088,0.000082,0.000069,0.000062,0.000052,0.000053,0.000046,0.000035,0.000006,0.000005,0.000038,0.000050
817,,,,,,,,,,,,,0.000071,0.000009,0.000197,0.000190,0.000231,0.000195,0.000202,0.000229,0.000243,0.000248,0.000205,0.000207,0.000206,0.000233,0.000217,0.000214,0.000197,0.000200,0.000276,0.000308,0.000318,0.000248,0.000093,0.000051,0.000084,0.000091,0.000066,0.000066,0.000067,0.000079,0.000080,0.000076,0.000063,0.000050,0.000008,0.000005,0.000029,0.000060
818,,,,,,,,,,,,,0.002551,0.000017,0.000180,0.000145,0.000140,0.000102,0.000111,0.000092,0.000084,0.000101,0.000094,0.000107,0.000101,0.000127,0.000135,0.000188,0.000186,0.000220,0.000297,0.000262,0.000244,0.000192,0.000078,0.000041,0.000064,0.000072,0.000045,0.000041,0.000040,0.000043,0.000049,0.000035,0.000041,0.000041,0.000007,0.000006,0.000044,0.000141
819,,,,,,,,,,,,,0.000830,0.000005,0.000083,0.000080,0.000099,0.000088,0.000091,0.000087,0.000094,0.000093,0.000075,0.000065,0.000076,0.000089,0.000086,0.000082,0.000066,0.000071,0.000074,0.000060,0.000053,0.000036,0.000021,0.000022,0.000045,0.000048,0.000057,0.000072,0.000076,0.000064,0.000053,0.000051,0.000045,0.000039,0.000006,0.000004,0.000043,0.000118
820,,,,,,,,,,,,,0.000979,0.000004,0.000051,0.000057,0.000134,0.000239,0.000254,0.000256,0.000204,0.000144,0.000093,0.000071,0.000080,0.000080,0.000084,0.000071,0.000044,0.000039,0.000051,0.000089,0.000073,0.000080,0.000047,0.000040,0.000084,0.000110,0.000123,0.000131,0.000136,0.000147,0.000103,0.000098,0.000076,0.000063,0.000013,0.000008,0.000044,0.000059
821,,,,,,,,,,,,,0.001194,0.000004,0.000056,0.000056,0.000091,0.000085,0.000089,0.000092,0.000095,0.000104,0.000088,0.000094,0.000089,0.000100,0.000101,0.000100,0.000098,0.000105,0.000126,0.000107,0.000090,0.000063,0.000036,0.000023,0.000037,0.000053,0.000041,0.000042,0.000035,0.000037,0.000037,0.000030,0.000035,0.000039,0.000009,0.000007,0.000035,0.000049
822,,,,,,,,,,,,,0.001514,0.000006,0.000083,0.000084,0.000089,0.000068,0.000061,0.000056,0.000055,0.000045,0.000034,0.000042,0.000046,0.000054,0.000065,0.000075,0.000078,0.000199,0.000152,0.000161,0.000103,0.000063,0.000040,0.000023,0.000043,0.000048,0.000062,0.000067,0.000080,0.000078,0.000089,0.000106,0.000085,0.000071,0.000010,0.000006,0.000038,0.000053
823,,,,,,,,,,,,,-0.000551,0.000006,0.000079,0.000076,0.000104,0.000074,0.000064,0.000070,0.000077,0.000095,0.000086,0.000072,0.000067,0.000072,0.000063,0.000051,0.000031,0.000056,0.000026,0.000036,0.000029,0.000027,0.000102,0.000052,0.000086,0.000128,0.000163,0.000234,0.000283,0.000309,0.000265,0.000250,0.000201,0.000180,0.000026,0.000013,0.000051,0.000072
824,,,,,,,,,,,,,0.001087,0.000005,0.000098,0.000101,0.000097,0.000077,0.000089,0.000115,0.000188,0.000238,0.000224,0.000268,0.000283,0.000382,0.000365,0.000349,0.000340,0.000334,0.000322,0.000242,0.000167,0.000133,0.000071,0.000038,0.000058,0.000058,0.000054,0.000060,0.000079,0.000084,0.000077,0.000072,0.000052,0.000048,0.000012,0.000010,0.000028,0.000037
825,,,,,,,,,,,,,0.000544,0.000004,0.000054,0.000063,0.000079,0.000103,0.000148,0.000242,0.000204,0.000155,0.000124,0.000113,0.000109,0.000116,0.000115,0.000101,0.000083,0.000067,0.000075,0.000075,0.000060,0.000048,0.000032,0.000022,0.000032,0.000035,0.000041,0.000045,0.000040,0.000043,0.000045,0.000053,0.000049,0.000047,0.000010,0.000008,0.000041,0.000057
826,,,,,,,,,,,,,0.000688,0.000025,0.000465,0.000588,0.000705,0.000546,0.000466,0.000317,0.000295,0.000299,0.000217,0.000183,0.000139,0.000149,0.000146,0.000137,0.000098,0.000083,0.000108,0.000121,0.000120,0.000093,0.000049,0.000035,0.000062,0.000081,0.000116,0.000119,0.000114,0.000125,0.000137,0.000168,0.000194,0.000219,0.000026,0.000010,0.000049,0.000048
827,,,,,,,,,,,,,0.000568,0.000004,0.000055,0.000055,0.000068,0.000051,0.000041,0.000044,0.000053,0.000075,0.000077,0.000082,0.000086,0.000121,0.000098,0.000092,0.000074,0.000080,0.000067,0.000062,0.000055,0.000049,0.000038,0.000022,0.000039,0.000047,0.000050,0.000058,0.000072,0.000085,0.000094,0.000143,0.000185,0.000149,0.000014,0.000007,0.000044,0.000063
828,,,,,,,,,,,,,0.018181,0.000010,0.000098,0.000091,0.000105,0.000075,0.000072,0.000066,0.000053,0.000065,0.000052,0.000058,0.000056,0.000056,0.000050,0.000055,0.000050,0.000049,0.000061,0.000058,0.000045,0.000040,0.000041,0.000032,0.000034,0.000031,0.000031,0.000034,0.000046,0.000036,0.000038,0.000038,0.000030,0.000043,0.000011,0.000011,0.000052,0.000081
829,,,,,,,,,,,,,0.002551,0.000009,0.000182,0.000202,0.000307,0.000299,0.000287,0.000242,0.000255,0.000290,0.000274,0.000257,0.000253,0.000314,0.000254,0.000231,0.000175,0.000140,0.000134,0.000110,0.000083,0.000060,0.000028,0.000018,0.000029,0.000036,0.000033,0.000031,0.000065,0.000064,0.000076,0.000120,0.000118,0.000092,0.000013,0.000009,0.000054,0.000062
830,,,,,,,,,,,,,0.001169,0.000004,0.000038,0.000036,0.000058,0.000060,0.000070,0.000101,0.000136,0.000133,0.000115,0.000099,0.000083,0.000097,0.000096,0.000093,0.000077,0.000068,0.000071,0.000058,0.000055,0.000050,0.000031,0.000027,0.000039,0.000045,0.000033,0.000045,0.000037,0.000050,0.000067,0.000140,0.000166,0.000125,0.000018,0.000012,0.000040,0.000066
831,,,,,,,,,,,,,0.000557,0.000002,0.000040,0.000043,0.000049,0.000034,0.000030,0.000030,0.000038,0.000043,0.000036,0.000041,0.000039,0.000058,0.000055,0.000058,0.000048,0.000033,0.000038,0.000035,0.000035,0.000027,0.000024,0.000014,0.000019,0.000022,0.000021,0.000025,0.000031,0.000039,0.000035,0.000032,0.000022,0.000020,0.000007,0.000007,0.000035,0.000043
832,,,,,,,,,,,,,0.000966,0.000004,0.000078,0.000085,0.000111,0.000098,0.000113,0.000118,0.000130,0.000147,0.000099,0.000080,0.000070,0.000073,0.000085,0.000090,0.000065,0.000065,0.000067,0.000056,0.000037,0.000028,0.000036,0.000020,0.000032,0.000026,0.000028,0.000035,0.000033,0.000021,0.000016,0.000020,0.000025,0.000027,0.000006,0.000004,0.000039,0.000056
833,,,,,,,,,,,,,0.001393,0.000003,0.000046,0.000057,0.000076,0.000069,0.000085,0.000082,0.000089,0.000093,0.000086,0.000084,0.000080,0.000086,0.000075,0.000084,0.000083,0.000092,0.000098,0.000094,0.000071,0.000041,0.000023,0.000017,0.000030,0.000064,0.000083,0.000103,0.000089,0.000066,0.000050,0.000038,0.000035,0.000033,0.000010,0.000005,0.000042,0.000058
834,,,,,,,,,,,,,0.001023,0.000004,0.000048,0.000035,0.000043,0.000024,0.000028,0.000041,0.000051,0.000061,0.000058,0.000068,0.000094,0.000128,0.000131,0.000149,0.000107,0.000098,0.000154,0.000136,0.000110,0.000066,0.000039,0.000023,0.000031,0.000042,0.000067,0.000088,0.000090,0.000100,0.000101,0.000079,0.000072,0.000063,0.000013,0.000010,0.000037,0.000054
835,,,,,,,,,,,,,0.001489,0.000005,0.000067,0.000073,0.000085,0.000058,0.000062,0.000067,0.000066,0.000079,0.000069,0.000069,0.000078,0.000097,0.000091,0.000105,0.000094,0.000086,0.000084,0.000079,0.000066,0.000052,0.000049,0.000028,0.000038,0.000047,0.000086,0.000137,0.000114,0.000086,0.000057,0.000054,0.000050,0.000046,0.000012,0.000010,0.000057,0.000081
836,,,,,,,,,,,,,0.001883,0.000008,0.000122,0.000123,0.000173,0.000172,0.000156,0.000121,0.000118,0.000122,0.000098,0.000092,0.000091,0.000116,0.000109,0.000094,0.000074,0.000058,0.000086,0.000111,0.000201,0.000368,0.000134,0.000062,0.000073,0.000057,0.000036,0.000050,0.000056,0.000042,0.000050,0.000048,0.000049,0.000067,0.000011,0.000008,0.000065,0.000095
837,,,,,,,,,,,,,0.003448,0.000006,0.000107,0.000127,0.000171,0.000154,0.000150,0.000132,0.000120,0.000123,0.000096,0.000092,0.000086,0.000094,0.000108,0.000085,0.000075,0.000092,0.000116,0.000110,0.000143,0.000149,0.000074,0.000034,0.000054,0.000056,0.000044,0.000044,0.000049,0.000051,0.000036,0.000040,0.000041,0.000052,0.000021,0.000011,0.000070,0.000072
838,,,,,,,,,,,,,0.004805,0.000007,0.000127,0.000133,0.000135,0.000088,0.000082,0.000079,0.000071,0.000068,0.000083,0.000093,0.000092,0.000102,0.000125,0.000120,0.000104,0.000106,0.000100,0.000093,0.000061,0.000070,0.000038,0.000031,0.000058,0.000066,0.000069,0.000108,0.000124,0.000146,0.000128,0.000126,0.000107,0.000083,0.000016,0.000011,0.000059,0.000079
839,,,,,,,,,,,,,-0.000350,0.000009,0.000108,0.000135,0.000168,0.000131,0.000130,0.000125,0.000154,0.000194,0.000145,0.000148,0.000172,0.000190,0.000172,0.000170,0.000120,0.000101,0.000119,0.000103,0.000071,0.000057,0.000028,0.000022,0.000035,0.000045,0.000042,0.000055,0.000062,0.000095,0.000115,0.000092,0.000083,0.000055,0.000009,0.000006,0.000031,0.000047
840,,,,,,,,,,,,,0.000345,0.000006,0.000078,0.000071,0.000075,0.000054,0.000054,0.000062,0.000059,0.000065,0.000069,0.000081,0.000083,0.000090,0.000097,0.000092,0.000074,0.000078,0.000071,0.000074,0.000056,0.000038,0.000040,0.000036,0.000046,0.000051,0.000057,0.000084,0.000097,0.000103,0.000085,0.000091,0.000092,0.000084,0.000023,0.000014,0.000073,0.000087
841,,,,,,,,,,,,,0.000496,0.000004,0.000063,0.000067,0.000080,0.000055,0.000055,0.000066,0.000081,0.000098,0.000088,0.000099,0.000107,0.000177,0.000261,0.000332,0.000300,0.000311,0.000340,0.000347,0.000278,0.000186,0.000068,0.000035,0.000048,0.000054,0.000053,0.000046,0.000044,0.000043,0.000040,0.000039,0.000033,0.000034,0.000007,0.000006,0.000038,0.000053
842,,,,,,,,,,,,,0.006764,0.000005,0.000060,0.000049,0.000080,0.000068,0.000055,0.000060,0.000116,0.000178,0.000199,0.000231,0.000239,0.000278,0.000274,0.000275,0.000199,0.000162,0.000148,0.000151,0.000160,0.000126,0.000170,0.000066,0.000108,0.000128,0.000122,0.000093,0.000062,0.000055,0.000049,0.000077,0.000075,0.000057,0.000018,0.000016,0.000080,0.000104
843,,,,,,,,,,,,,0.001403,0.000006,0.000093,0.000080,0.000089,0.000068,0.000072,0.000088,0.000112,0.000133,0.000121,0.000093,0.000086,0.000097,0.000101,0.000091,0.000067,0.000053,0.000070,0.000071,0.000064,0.000060,0.000031,0.000025,0.000038,0.000053,0.000045,0.000041,0.000042,0.000042,0.000042,0.000039,0.000033,0.000037,0.000009,0.000011,0.000075,0.000078
844,,,,,,,,,,,,,0.001716,0.000010,0.000136,0.000130,0.000181,0.000125,0.000108,0.000094,0.000091,0.000096,0.000090,0.000112,0.000137,0.000207,0.000228,0.000219,0.000177,0.000143,0.000135,0.000096,0.000064,0.000063,0.000047,0.000029,0.000040,0.000036,0.000024,0.000033,0.000033,0.000031,0.000022,0.000017,0.000013,0.000017,0.000007,0.000007,0.000049,0.000110
845,,,,,,,,,,,,,0.002765,0.000005,0.000062,0.000049,0.000047,0.000018,0.000011,0.000016,0.000036,0.000051,0.000039,0.000054,0.000067,0.000070,0.000064,0.000067,0.000053,0.000054,0.000067,0.000071,0.000071,0.000076,0.000065,0.000037,0.000063,0.000106,0.000168,0.000308,0.000403,0.000382,0.000318,0.000337,0.000250,0.000215,0.000034,0.000022,0.000085,0.000136
846,,,,,,,,,,,,,0.002527,0.000012,0.000191,0.000170,0.000220,0.000154,0.000129,0.000109,0.000098,0.000106,0.000079,0.000062,0.000049,0.000055,0.000078,0.000059,0.000049,0.000043,0.000043,0.000053,0.000032,0.000043,0.000041,0.000051,0.000083,0.000093,0.000098,0.000092,0.000093,0.000103,0.000126,0.000166,0.000181,0.000181,0.000025,0.000011,0.000038,0.000079
847,,,,,,,,,,,,,0.001483,0.000007,0.000097,0.000084,0.000087,0.000063,0.000056,0.000059,0.000061,0.000068,0.000052,0.000059,0.000050,0.000056,0.000067,0.000067,0.000067,0.000093,0.000140,0.000118,0.000080,0.000064,0.000029,0.000019,0.000026,0.000025,0.000025,0.000021,0.000017,0.000020,0.000025,0.000024,0.000024,0.000027,0.000009,0.000009,0.000037,0.000086
848,,,,,,,,,,,,,0.000515,0.000004,0.000063,0.000067,0.000067,0.000056,0.000069,0.000070,0.000084,0.000101,0.000106,0.000125,0.000125,0.000165,0.000187,0.000189,0.000142,0.000124,0.000131,0.000113,0.000092,0.000068,0.000034,0.000019,0.000034,0.000031,0.000111,0.000066,0.000063,0.000065,0.000067,0.000060,0.000050,0.000046,0.000007,0.000005,0.000033,0.000045
849,,,,,,,,,,,,,0.000171,0.000014,0.000315,0.000362,0.000473,0.000488,0.000556,0.000547,0.000566,0.000509,0.000324,0.000285,0.000197,0.000196,0.000156,0.000147,0.000117,0.000088,0.000103,0.000078,0.000050,0.000048,0.000051,0.000043,0.000104,0.000091,0.000063,0.000062,0.000045,0.000046,0.000041,0.000049,0.000045,0.000044,0.000006,0.000005,0.000032,0.000060
850,,,,,,,,,,,,,-0.000057,0.000003,0.000045,0.000056,0.000050,0.000040,0.000037,0.000027,0.000053,0.000050,0.000052,0.000062,0.000054,0.000081,0.000091,0.000098,0.000102,0.000122,0.000145,0.000140,0.000111,0.000108,0.000139,0.000045,0.000057,0.000066,0.000057,0.000069,0.000082,0.000095,0.000127,0.000119,0.000089,0.000085,0.000014,0.000011,0.000041,0.000043
851,,,,,,,,,,,,,0.005117,0.000004,0.000052,0.000062,0.000066,0.000051,0.000054,0.000052,0.000065,0.000073,0.000057,0.000061,0.000062,0.000076,0.000080,0.000073,0.000068,0.000066,0.000079,0.000110,0.000078,0.000081,0.000051,0.000034,0.000061,0.000066,0.000055,0.000051,0.000051,0.000068,0.000075,0.000064,0.000054,0.000053,0.000012,0.000017,0.000078,0.000078
852,,,,,,,,,,,,,0.000830,0.000004,0.000058,0.000046,0.000046,0.000053,0.000083,0.000113,0.000131,0.000128,0.000102,0.000077,0.000070,0.000077,0.000077,0.000070,0.000052,0.000047,0.000051,0.000048,0.000084,0.000151,0.000082,0.000051,0.000077,0.000065,0.000043,0.000032,0.000029,0.000037,0.000061,0.000083,0.000084,0.000114,0.000026,0.000010,0.000042,0.000072
853,,,,,,,,,,,,,0.002332,0.000003,0.000039,0.000041,0.000048,0.000078,0.000134,0.000181,0.000209,0.000238,0.000225,0.000173,0.000143,0.000137,0.000124,0.000117,0.000091,0.000087,0.000092,0.000080,0.000058,0.000038,0.000036,0.000024,0.000049,0.000071,0.000077,0.000129,0.000128,0.000135,0.000098,0.000074,0.000049,0.000054,0.000014,0.000011,0.000035,0.000063
854,,,,,,,,,,,,,0.001850,0.000006,0.000085,0.000114,0.000108,0.000077,0.000089,0.000093,0.000116,0.000130,0.000101,0.000091,0.000079,0.000110,0.000127,0.000149,0.000208,0.000220,0.000289,0.000243,0.000190,0.000098,0.000043,0.000039,0.000064,0.000052,0.000053,0.000078,0.000076,0.000070,0.000083,0.000079,0.000068,0.000087,0.000035,0.000025,0.000117,0.000135
855,,,,,,,,,,,,,0.000387,0.000004,0.000065,0.000075,0.000107,0.000098,0.000097,0.000097,0.000108,0.000109,0.000076,0.000103,0.000110,0.000139,0.000142,0.000115,0.000099,0.000082,0.000084,0.000060,0.000044,0.000049,0.000035,0.000021,0.000025,0.000028,0.000026,0.000027,0.000032,0.000036,0.000041,0.000048,0.000041,0.000034,0.000006,0.000004,0.000022,0.000039
856,,,,,,,,,,,,,-0.000931,0.000004,0.000063,0.000046,0.000060,0.000050,0.000045,0.000055,0.000080,0.000097,0.000086,0.000114,0.000172,0.000260,0.000308,0.000338,0.000292,0.000217,0.000196,0.000168,0.000127,0.000090,0.000049,0.000033,0.000046,0.000048,0.000067,0.000074,0.000084,0.000087,0.000089,0.000084,0.000104,0.000170,0.000050,0.000025,0.000077,0.000064
857,,,,,,,,,,,,,0.000194,0.000004,0.000040,0.000032,0.000044,0.000049,0.000062,0.000077,0.000111,0.000139,0.000139,0.000138,0.000117,0.000131,0.000125,0.000110,0.000087,0.000077,0.000087,0.000080,0.000079,0.000084,0.000042,0.000025,0.000045,0.000043,0.000035,0.000034,0.000022,0.000022,0.000044,0.000084,0.000142,0.000189,0.000033,0.000016,0.000062,0.000085
858,,,,,,,,,,,,,0.002859,0.000004,0.000078,0.000070,0.000080,0.000053,0.000045,0.000043,0.000033,0.000041,0.000036,0.000035,0.000056,0.000046,0.000054,0.000057,0.000055,0.000049,0.000055,0.000059,0.000079,0.000091,0.000134,0.000084,0.000141,0.000146,0.000103,0.000114,0.000109,0.000110,0.000092,0.000096,0.000069,0.000056,0.000011,0.000008,0.000035,0.000043
859,,,,,,,,,,,,,0.000588,0.000005,0.000125,0.000152,0.000171,0.000158,0.000203,0.000173,0.000198,0.000178,0.000098,0.000087,0.000067,0.000080,0.000059,0.000064,0.000054,0.000070,0.000089,0.000092,0.000085,0.000059,0.000035,0.000024,0.000036,0.000061,0.000054,0.000062,0.000080,0.000058,0.000059,0.000060,0.000074,0.000111,0.000028,0.000015,0.000057,0.000084
860,,,,,,,,,,,,,0.000715,0.000007,0.000110,0.000092,0.000112,0.000102,0.000133,0.000184,0.000212,0.000265,0.000248,0.000236,0.000401,0.000446,0.000639,0.000812,0.000961,0.000843,0.000802,0.000566,0.000343,0.000212,0.000105,0.000064,0.000064,0.000063,0.000041,0.000040,0.000050,0.000044,0.000039,0.000028,0.000019,0.000036,0.000015,0.000015,0.000111,0.000148
861,,,,,,,,,,,,,0.001837,0.000009,0.000091,0.000092,0.000090,0.000078,0.000070,0.000062,0.000077,0.000081,0.000073,0.000076,0.000070,0.000080,0.000080,0.000082,0.000075,0.000069,0.000077,0.000071,0.000058,0.000049,0.000027,0.000020,0.000032,0.000036,0.000037,0.000043,0.000049,0.000055,0.000049,0.000045,0.000038,0.000038,0.000009,0.000009,0.000134,0.000208
862,,,,,,,,,,,,,0.002559,0.000005,0.000076,0.000068,0.000116,0.000139,0.000211,0.000265,0.000276,0.000257,0.000177,0.000170,0.000136,0.000148,0.000108,0.000101,0.000077,0.000081,0.000083,0.000069,0.000036,0.000032,0.000027,0.000019,0.000033,0.000035,0.000025,0.000032,0.000033,0.000029,0.000026,0.000021,0.000022,0.000019,0.000007,0.000007,0.000031,0.000049
863,,,,,,,,,,,,,0.001397,0.000006,0.000068,0.000059,0.000074,0.000058,0.000061,0.000065,0.000064,0.000069,0.000064,0.000068,0.000069,0.000092,0.000084,0.000084,0.000086,0.000066,0.000081,0.000091,0.000076,0.000061,0.000043,0.000025,0.000068,0.000081,0.000072,0.000082,0.000095,0.000090,0.000078,0.000085,0.000088,0.000084,0.000017,0.000013,0.000067,0.000096
864,,,,,,,,,,,,,0.011331,0.000007,0.000099,0.000097,0.000147,0.000106,0.000092,0.000089,0.000071,0.000096,0.000076,0.000067,0.000079,0.000116,0.000119,0.000122,0.000096,0.000074,0.000083,0.000091,0.000099,0.000090,0.000073,0.000060,0.000078,0.000085,0.000066,0.000075,0.000098,0.000163,0.000180,0.000173,0.000126,0.000145,0.000050,0.000018,0.000063,0.000076
865,,,,,,,,,,,,,0.002170,0.000007,0.000118,0.000111,0.000108,0.000102,0.000101,0.000123,0.000117,0.000138,0.000112,0.000116,0.000141,0.000130,0.000145,0.000121,0.000106,0.000097,0.000107,0.000113,0.000123,0.000137,0.000091,0.000070,0.000115,0.000117,0.000094,0.000103,0.000109,0.000080,0.000078,0.000078,0.000078,0.000072,0.000015,0.000012,0.000059,0.000079
866,,,,,,,,,,,,,0.001862,0.000004,0.000042,0.000048,0.000055,0.000050,0.000055,0.000051,0.000057,0.000062,0.000060,0.000058,0.000049,0.000048,0.000063,0.000063,0.000041,0.000050,0.000083,0.000132,0.000157,0.000137,0.000065,0.000032,0.000040,0.000041,0.000036,0.000042,0.000039,0.000039,0.000035,0.000030,0.000029,0.000034,0.000011,0.000009,0.000066,0.000086
867,,,,,,,,,,,,,0.003083,0.000003,0.000037,0.000042,0.000077,0.000048,0.000036,0.000046,0.000058,0.000066,0.000052,0.000047,0.000063,0.000062,0.000069,0.000075,0.000067,0.000065,0.000072,0.000070,0.000063,0.000084,0.000105,0.000059,0.000081,0.000073,0.000059,0.000051,0.000049,0.000044,0.000039,0.000032,0.000037,0.000039,0.000009,0.000008,0.000038,0.000041
868,,,,,,,,,,,,,0.000506,0.000003,0.000048,0.000041,0.000047,0.000036,0.000030,0.000046,0.000054,0.000055,0.000048,0.000048,0.000036,0.000041,0.000045,0.000043,0.000031,0.000036,0.000052,0.000053,0.000046,0.000032,0.000021,0.000018,0.000029,0.000044,0.000075,0.000046,0.000050,0.000058,0.000057,0.000045,0.000040,0.000036,0.000012,0.000017,0.000054,0.000057
869,,,,,,,,,,,,,0.001949,0.000005,0.000073,0.000063,0.000077,0.000054,0.000053,0.000059,0.000056,0.000081,0.000070,0.000061,0.000063,0.000077,0.000073,0.000075,0.000068,0.000060,0.000060,0.000074,0.000081,0.000103,0.000074,0.000079,0.000155,0.000219,0.000162,0.000131,0.000111,0.000104,0.000089,0.000097,0.000075,0.000065,0.000011,0.000011,0.000061,0.000082
870,,,,,,,,,,,,,0.002251,0.000003,0.000043,0.000053,0.000080,0.000082,0.000091,0.000093,0.000097,0.000082,0.000082,0.000132,0.000159,0.000188,0.000173,0.000192,0.000130,0.000109,0.000113,0.000112,0.000114,0.000198,0.000125,0.000048,0.000065,0.000074,0.000050,0.000033,0.000038,0.000038,0.000056,0.000067,0.000060,0.000045,0.000011,0.000008,0.000050,0.000072
871,,,,,,,,,,,,,0.001948,0.000005,0.000080,0.000085,0.000112,0.000102,0.000124,0.000156,0.000188,0.000250,0.000268,0.000332,0.000360,0.000436,0.000450,0.000387,0.000293,0.000225,0.000252,0.000201,0.000181,0.000150,0.000086,0.000051,0.000089,0.000087,0.000071,0.000075,0.000082,0.000066,0.000077,0.000106,0.000086,0.000071,0.000014,0.000008,0.000021,0.000043
872,,,,,,,,,,,,,0.000309,0.000004,0.000058,0.000054,0.000082,0.000112,0.000137,0.000153,0.000214,0.000266,0.000238,0.000232,0.000215,0.000234,0.000215,0.000200,0.000137,0.000108,0.000099,0.000111,0.000119,0.000089,0.000050,0.000039,0.000043,0.000028,0.000036,0.000058,0.000078,0.000152,0.000177,0.000168,0.000115,0.000100,0.000014,0.000013,0.000062,0.000079
873,,,,,,,,,,,,,0.000661,0.000004,0.000034,0.000035,0.000050,0.000049,0.000052,0.000048,0.000063,0.000068,0.000049,0.000053,0.000054,0.000059,0.000053,0.000059,0.000048,0.000040,0.000043,0.000038,0.000031,0.000020,0.000018,0.000017,0.000026,0.000039,0.000048,0.000043,0.000080,0.000040,0.000040,0.000037,0.000028,0.000025,0.000028,0.000013,0.000051,0.000060
874,,,,,,,,,,,,,0.000890,0.000005,0.000143,0.000166,0.000248,0.000180,0.000137,0.000112,0.000104,0.000105,0.000089,0.000085,0.000077,0.000106,0.000151,0.000145,0.000096,0.000094,0.000092,0.000074,0.000048,0.000037,0.000025,0.000030,0.000080,0.000133,0.000127,0.000152,0.000147,0.000138,0.000108,0.000090,0.000058,0.000038,0.000007,0.000005,0.000039,0.000049
875,,,,,,,,,,,,,0.007505,0.000006,0.000081,0.000092,0.000100,0.000077,0.000071,0.000062,0.000068,0.000069,0.000059,0.000065,0.000068,0.000072,0.000080,0.000065,0.000063,0.000071,0.000075,0.000090,0.000073,0.000052,0.000033,0.000029,0.000078,0.000117,0.000112,0.000088,0.000071,0.000058,0.000051,0.000051,0.000053,0.000062,0.000025,0.000017,0.000120,0.000118
876,,,,,,,,,,,,,0.000921,0.000005,0.000073,0.000074,0.000052,0.000041,0.000060,0.000076,0.000103,0.000105,0.000082,0.000082,0.000086,0.000081,0.000086,0.000103,0.000113,0.000135,0.000158,0.000130,0.000085,0.000080,0.000058,0.000035,0.000051,0.000059,0.000060,0.000067,0.000067,0.000066,0.000075,0.000064,0.000069,0.000059,0.000019,0.000017,0.000056,0.000063
877,,,,,,,,,,,,,0.000713,0.000006,0.000095,0.000095,0.000101,0.000093,0.000085,0.000095,0.000164,0.000284,0.000345,0.000444,0.000529,0.000634,0.000606,0.000490,0.000349,0.000251,0.000220,0.000155,0.000113,0.000072,0.000041,0.000023,0.000045,0.000048,0.000038,0.000048,0.000057,0.000055,0.000053,0.000053,0.000052,0.000048,0.000011,0.000007,0.000026,0.000047
878,,,,,,,,,,,,,0.000652,0.000006,0.000072,0.000077,0.000122,0.000111,0.000104,0.000101,0.000108,0.000103,0.000093,0.000088,0.000077,0.000086,0.000088,0.000082,0.000069,0.000066,0.000080,0.000073,0.000062,0.000057,0.000043,0.000028,0.000043,0.000056,0.000051,0.000071,0.000059,0.000051,0.000033,0.000036,0.000029,0.000026,0.000007,0.000006,0.000048,0.000096
879,,,,,,,,,,,,,0.001738,0.000008,0.000145,0.000163,0.000215,0.000143,0.000122,0.000113,0.000107,0.000118,0.000085,0.000057,0.000082,0.000097,0.000094,0.000085,0.000067,0.000055,0.000063,0.000058,0.000051,0.000073,0.000048,0.000032,0.000051,0.000055,0.000047,0.000050,0.000030,0.000040,0.000066,0.000052,0.000055,0.000045,0.000013,0.000013,0.000092,0.000116
880,,,,,,,,,,,,,0.004749,0.000004,0.000072,0.000076,0.000096,0.000074,0.000110,0.000149,0.000198,0.000212,0.000187,0.000196,0.000216,0.000245,0.000254,0.000240,0.000204,0.000225,0.000275,0.000250,0.000149,0.000084,0.000041,0.000028,0.000034,0.000036,0.000040,0.000043,0.000048,0.000071,0.000077,0.000090,0.000091,0.000079,0.000015,0.000008,0.000031,0.000040
881,,,,,,,,,,,,,0.011240,0.000006,0.000057,0.000049,0.000060,0.000046,0.000044,0.000055,0.000065,0.000078,0.000085,0.000088,0.000097,0.000091,0.000090,0.000080,0.000057,0.000052,0.000053,0.000064,0.000093,0.000097,0.000074,0.000068,0.000054,0.000063,0.000086,0.000054,0.000053,0.000048,0.000057,0.000078,0.000071,0.000063,0.000023,0.000017,0.000052,0.000065
882,,,,,,,,,,,,,0.000138,0.000004,0.000058,0.000061,0.000076,0.000052,0.000043,0.000068,0.000079,0.000076,0.000072,0.000065,0.000069,0.000086,0.000085,0.000074,0.000058,0.000052,0.000069,0.000068,0.000070,0.000052,0.000067,0.000026,0.000045,0.000046,0.000042,0.000045,0.000050,0.000053,0.000053,0.000053,0.000048,0.000050,0.000008,0.000004,0.000026,0.000046
883,,,,,,,,,,,,,0.002952,0.000006,0.000082,0.000084,0.000087,0.000116,0.000124,0.000142,0.000158,0.000172,0.000147,0.000136,0.000106,0.000124,0.000121,0.000102,0.000065,0.000050,0.000068,0.000073,0.000070,0.000063,0.000230,0.000029,0.000041,0.000047,0.000044,0.000044,0.000040,0.000049,0.000056,0.000046,0.000047,0.000048,0.000012,0.000010,0.000068,0.000105
884,,,,,,,,,,,,,0.004110,0.000006,0.000088,0.000078,0.000083,0.000066,0.000067,0.000063,0.000058,0.000066,0.000078,0.000074,0.000089,0.000109,0.000108,0.000095,0.000077,0.000201,0.000074,0.000069,0.000046,0.000044,0.000029,0.000025,0.000046,0.000055,0.000056,0.000057,0.000053,0.000054,0.000045,0.000053,0.000038,0.000050,0.000010,0.000007,0.000036,0.000059
885,,,,,,,,,,,,,0.000520,0.000004,0.000075,0.000087,0.000094,0.000081,0.000085,0.000101,0.000111,0.000119,0.000105,0.000100,0.000134,0.000128,0.000131,0.000106,0.000083,0.000074,0.000078,0.000061,0.000046,0.000041,0.000023,0.000020,0.000037,0.000045,0.000039,0.000048,0.000058,0.000064,0.000046,0.000040,0.000035,0.000021,0.000005,0.000007,0.000041,0.000057
886,,,,,,,,,,,,,0.005796,0.000018,0.000298,0.000366,0.000347,0.000218,0.000188,0.000150,0.000141,0.000135,0.000094,0.000092,0.000076,0.000077,0.000074,0.000099,0.000091,0.000065,0.000073,0.000072,0.000079,0.000084,0.000113,0.000100,0.000093,0.000067,0.000056,0.000059,0.000067,0.000076,0.000074,0.000079,0.000086,0.000091,0.000010,0.000006,0.000047,0.000067
887,,,,,,,,,,,,,0.000652,0.000008,0.000197,0.000212,0.000250,0.000185,0.000185,0.000185,0.000141,0.000132,0.000101,0.000091,0.000098,0.000102,0.000100,0.000110,0.000086,0.000057,0.000069,0.000073,0.000050,0.000050,0.000039,0.000022,0.000034,0.000039,0.000044,0.000047,0.000045,0.000046,0.000054,0.000065,0.000083,0.000094,0.000021,0.000015,0.000059,0.000070
888,,,,,,,,,,,,,0.010085,0.000002,0.000028,0.000028,0.000046,0.000042,0.000039,0.000040,0.000048,0.000065,0.000060,0.000067,0.000047,0.000058,0.000061,0.000061,0.000049,0.000040,0.000049,0.000046,0.000044,0.000054,0.000058,0.000030,0.000037,0.000041,0.000046,0.000062,0.000098,0.000124,0.000135,0.000121,0.000119,0.000141,0.000016,0.000009,0.000034,0.000047
889,,,,,,,,,,,,,0.001384,0.000003,0.000040,0.000044,0.000069,0.000059,0.000051,0.000054,0.000053,0.000052,0.000047,0.000044,0.000046,0.000050,0.000049,0.000036,0.000029,0.000040,0.000039,0.000042,0.000039,0.000029,0.000015,0.000057,0.000038,0.000034,0.000030,0.000047,0.000034,0.000034,0.000028,0.000026,0.000029,0.000045,0.000015,0.000012,0.000042,0.000086
890,,,,,,,,,,,,,-0.000268,0.000006,0.000110,0.000150,0.000270,0.000274,0.000220,0.000186,0.000176,0.000169,0.000120,0.000118,0.000122,0.000159,0.000147,0.000124,0.000114,0.000116,0.000165,0.000189,0.000178,0.000145,0.000085,0.000038,0.000051,0.000056,0.000059,0.000052,0.000052,0.000031,0.000021,0.000015,0.000014,0.000015,0.000006,0.000010,0.000058,0.000069
891,,,,,,,,,,,,,0.001168,0.000007,0.000088,0.000093,0.000115,0.000096,0.000097,0.000123,0.000130,0.000143,0.000121,0.000095,0.000067,0.000055,0.000047,0.000043,0.000045,0.000052,0.000057,0.000050,0.000049,0.000037,0.000028,0.000019,0.000028,0.000034,0.000040,0.000062,0.000052,0.000050,0.000071,0.000125,0.000171,0.000197,0.000038,0.000032,0.000093,0.000085
892,,,,,,,,,,,,,0.003568,0.000006,0.000074,0.000071,0.000088,0.000063,0.000067,0.000070,0.000084,0.000091,0.000080,0.000078,0.000075,0.000090,0.000091,0.000091,0.000069,0.000061,0.000073,0.000069,0.000073,0.000082,0.000049,0.000027,0.000033,0.000027,0.000024,0.000031,0.000039,0.000038,0.000026,0.000036,0.000041,0.000038,0.000008,0.000007,0.000039,0.000045
893,,,,,,,,,,,,,0.002540,0.000004,0.000067,0.000078,0.000111,0.000124,0.000163,0.000192,0.000228,0.000227,0.000170,0.000169,0.000133,0.000134,0.000114,0.000096,0.000066,0.000071,0.000075,0.000067,0.000057,0.000048,0.000020,0.000015,0.000024,0.000025,0.000028,0.000037,0.000043,0.000057,0.000069,0.000108,0.000160,0.000179,0.000025,0.000014,0.000053,0.000074
894,,,,,,,,,,,,,0.001054,0.000005,0.000089,0.000109,0.000162,0.000104,0.000074,0.000069,0.000077,0.000083,0.000081,0.000095,0.000090,0.000098,0.000099,0.000102,0.000095,0.000086,0.000108,0.000091,0.000068,0.000067,0.000049,0.000023,0.000028,0.000037,0.000058,0.000059,0.000051,0.000053,0.000047,0.000042,0.000032,0.000031,0.000008,0.000006,0.000040,0.000069
895,,,,,,,,,,,,,0.001271,0.000008,0.000156,0.000210,0.000306,0.000194,0.000135,0.000100,0.000138,0.000159,0.000136,0.000126,0.000126,0.000161,0.000181,0.000189,0.000155,0.000130,0.000143,0.000134,0.000097,0.000069,0.000039,0.000019,0.000025,0.000030,0.000027,0.000030,0.000032,0.000032,0.000030,0.000030,0.000028,0.000033,0.000008,0.000008,0.000053,0.000085
896,,,,,,,,,,,,,0.001613,0.000002,0.000051,0.000049,0.000053,0.000042,0.000053,0.000062,0.000058,0.000047,0.000040,0.000040,0.000047,0.000055,0.000041,0.000038,0.000036,0.000039,0.000049,0.000052,0.000044,0.000034,0.000032,0.000018,0.000027,0.000023,0.000025,0.000027,0.000024,0.000022,0.000022,0.000025,0.000023,0.000026,0.000007,0.000005,0.000033,0.000039
897,,,,,,,,,,,,,0.003688,0.000007,0.000118,0.000126,0.000161,0.000127,0.000132,0.000150,0.000163,0.000201,0.000181,0.000169,0.000153,0.000170,0.000167,0.000151,0.000120,0.000094,0.000097,0.000099,0.000083,0.000076,0.000057,0.000041,0.000048,0.000035,0.000024,0.000034,0.000042,0.000030,0.000033,0.000035,0.000034,0.000027,0.000017,0.000012,0.000073,0.000103
898,,,,,,,,,,,,,0.002987,0.000003,0.000033,0.000010,0.000019,0.000029,0.000050,0.000052,0.000066,0.000084,0.000068,0.000079,0.000096,0.000130,0.000145,0.000154,0.000129,0.000128,0.000129,0.000118,0.000082,0.000078,0.000045,0.000034,0.000037,0.000046,0.000048,0.000052,0.000047,0.000059,0.000035,0.000050,0.000056,0.000054,0.000018,0.000011,0.000072,0.000127
899,,,,,,,,,,,,,0.005727,0.000006,0.000101,0.000086,0.000088,0.000077,0.000063,0.000060,0.000056,0.000077,0.000069,0.000080,0.000094,0.000121,0.000153,0.000164,0.000147,0.000284,0.000195,0.000207,0.000155,0.000107,0.000060,0.000036,0.000057,0.000048,0.000040,0.000048,0.000041,0.000038,0.000065,0.000108,0.000101,0.000071,0.000012,0.000011,0.000046,0.000068
900,,,,,,,,,,,,,0.004533,0.000009,0.000103,0.000114,0.000148,0.000131,0.000143,0.000170,0.000185,0.000185,0.000131,0.000146,0.000123,0.000126,0.000131,0.000136,0.000112,0.000119,0.000103,0.000087,0.000057,0.000049,0.000045,0.000039,0.000057,0.000067,0.000096,0.000087,0.000099,0.000076,0.000087,0.000090,0.000085,0.000081,0.000020,0.000019,0.000063,0.000091
901,,,,,,,,,,,,,0.000101,0.000011,0.000205,0.000236,0.000289,0.000172,0.000137,0.000119,0.000097,0.000100,0.000077,0.000063,0.000060,0.000071,0.000069,0.000072,0.000065,0.000055,0.000051,0.000048,0.000042,0.000040,0.000029,0.000022,0.000050,0.000046,0.000038,0.000038,0.000039,0.000049,0.000051,0.000059,0.000057,0.000053,0.000011,0.000006,0.000029,0.000049
902,,,,,,,,,,,,,0.002253,0.000004,0.000056,0.000066,0.000065,0.000093,0.000170,0.000226,0.000236,0.000208,0.000144,0.000125,0.000108,0.000105,0.000095,0.000087,0.000056,0.000052,0.000050,0.000052,0.000063,0.000090,0.000064,0.000049,0.000063,0.000043,0.000048,0.000078,0.000100,0.000135,0.000132,0.000137,0.000107,0.000085,0.000020,0.000010,0.000044,0.000093
903,,,,,,,,,,,,,0.000931,0.000006,0.000099,0.000090,0.000083,0.000053,0.000056,0.000073,0.000057,0.000056,0.000063,0.000068,0.000074,0.000093,0.000106,0.000122,0.000123,0.000131,0.000165,0.000142,0.000118,0.000092,0.000071,0.000039,0.000057,0.000061,0.000067,0.000078,0.000094,0.000099,0.000099,0.000129,0.000155,0.000204,0.000044,0.000019,0.000061,0.000087
904,,,,,,,,,,,,,0.000056,0.000006,0.000107,0.000098,0.000078,0.000048,0.000051,0.000066,0.000075,0.000088,0.000081,0.000095,0.000111,0.000136,0.000118,0.000112,0.000095,0.000092,0.000106,0.000100,0.000091,0.000070,0.000060,0.000026,0.000035,0.000042,0.000062,0.000096,0.000094,0.000106,0.000121,0.000173,0.000158,0.000108,0.000016,0.000011,0.000050,0.000072
905,,,,,,,,,,,,,0.000857,0.000002,0.000030,0.000026,0.000032,0.000024,0.000027,0.000038,0.000045,0.000043,0.000033,0.000035,0.000049,0.000082,0.000112,0.000152,0.000190,0.000257,0.000387,0.000366,0.000330,0.000177,0.000077,0.000034,0.000068,0.000062,0.000045,0.000054,0.000057,0.000058,0.000056,0.000062,0.000059,0.000052,0.000009,0.000006,0.000030,0.000035
906,,,,,,,,,,,,,0.000187,0.000003,0.000039,0.000033,0.000041,0.000033,0.000037,0.000045,0.000059,0.000070,0.000056,0.000052,0.000066,0.000073,0.000076,0.000078,0.000084,0.000090,0.000127,0.000137,0.000170,0.000154,0.000044,0.000020,0.000032,0.000030,0.000024,0.000029,0.000036,0.000062,0.000085,0.000143,0.000162,0.000111,0.000012,0.000006,0.000033,0.000041
907,,,,,,,,,,,,,0.002388,0.000005,0.000071,0.000072,0.000079,0.000070,0.000074,0.000077,0.000081,0.000089,0.000066,0.000060,0.000070,0.000078,0.000069,0.000066,0.000052,0.000061,0.000058,0.000052,0.000032,0.000025,0.000017,0.000019,0.000028,0.000029,0.000023,0.000030,0.000028,0.000033,0.000030,0.000035,0.000031,0.000024,0.000011,0.000010,0.000061,0.000083
908,,,,,,,,,,,,,0.001720,0.000004,0.000068,0.000068,0.000081,0.000057,0.000054,0.000049,0.000056,0.000061,0.000056,0.000060,0.000058,0.000081,0.000079,0.000078,0.000067,0.000058,0.000058,0.000045,0.000032,0.000026,0.000020,0.000021,0.000032,0.000029,0.000030,0.000026,0.000025,0.000027,0.000036,0.000039,0.000037,0.000035,0.000012,0.000010,0.000046,0.000081
909,,,,,,,,,,,,,0.002576,0.000008,0.000146,0.000152,0.000183,0.000128,0.000122,0.000093,0.000062,0.000064,0.000066,0.000052,0.000058,0.000064,0.000052,0.000055,0.000059,0.000051,0.000055,0.000052,0.000044,0.000037,0.000035,0.000036,0.000068,0.000098,0.000104,0.000136,0.000151,0.000141,0.000101,0.000071,0.000060,0.000051,0.000010,0.000006,0.000050,0.000082
910,,,,,,,,,,,,,0.003768,0.000004,0.000067,0.000086,0.000136,0.000117,0.000100,0.000080,0.000078,0.000075,0.000053,0.000048,0.000039,0.000046,0.000048,0.000047,0.000034,0.000050,0.000034,0.000028,0.000039,0.000059,0.000064,0.000049,0.000084,0.000088,0.000069,0.000059,0.000048,0.000042,0.000038,0.000058,0.000051,0.000041,0.000006,0.000004,0.000026,0.000036
911,,,,,,,,,,,,,-0.000054,0.000005,0.000076,0.000080,0.000094,0.000067,0.000055,0.000069,0.000073,0.000068,0.000058,0.000055,0.000067,0.000082,0.000082,0.000069,0.000048,0.000052,0.000062,0.000078,0.000108,0.000091,0.000043,0.000023,0.000045,0.000044,0.000041,0.000050,0.000078,0.000093,0.000104,0.000110,0.000096,0.000076,0.000008,0.000005,0.000035,0.000051
912,,,,,,,,,,,,,0.000474,0.000007,0.000086,0.000083,0.000116,0.000096,0.000114,0.000126,0.000154,0.000150,0.000127,0.000121,0.000139,0.000166,0.000160,0.000137,0.000089,0.000113,0.000092,0.000094,0.000065,0.000101,0.000048,0.000027,0.000055,0.000104,0.000127,0.000185,0.000290,0.000410,0.000373,0.000307,0.000207,0.000133,0.000021,0.000011,0.000045,0.000110
913,,,,,,,,,,,,,0.000335,0.000007,0.000080,0.000069,0.000071,0.000069,0.000068,0.000062,0.000066,0.000068,0.000054,0.000050,0.000043,0.000045,0.000036,0.000045,0.000054,0.000058,0.000068,0.000072,0.000063,0.000057,0.000033,0.000023,0.000030,0.000031,0.000032,0.000048,0.000046,0.000050,0.000058,0.000046,0.000041,0.000034,0.000008,0.000007,0.000059,0.000084
914,,,,,,,,,,,,,0.002603,0.000003,0.000038,0.000043,0.000045,0.000040,0.000037,0.000044,0.000045,0.000067,0.000061,0.000062,0.000057,0.000073,0.000083,0.000079,0.000067,0.000062,0.000048,0.000035,0.000026,0.000022,0.000024,0.000016,0.000018,0.000023,0.000037,0.000037,0.000028,0.000026,0.000030,0.000032,0.000030,0.000036,0.000011,0.000009,0.000041,0.000062
915,,,,,,,,,,,,,0.000662,0.000007,0.000119,0.000120,0.000145,0.000100,0.000089,0.000085,0.000082,0.000089,0.000075,0.000071,0.000060,0.000077,0.000103,0.000108,0.000083,0.000097,0.000129,0.000213,0.000400,0.000458,0.000201,0.000072,0.000089,0.000081,0.000059,0.000058,0.000051,0.000055,0.000048,0.000052,0.000038,0.000039,0.000008,0.000007,0.000065,0.000091
916,,,,,,,,,,,,,0.001506,0.000004,0.000051,0.000054,0.000052,0.000047,0.000046,0.000074,0.000075,0.000066,0.000058,0.000107,0.000085,0.000101,0.000080,0.000077,0.000083,0.000065,0.000096,0.000103,0.000081,0.000079,0.000074,0.000052,0.000091,0.000087,0.000101,0.000062,0.000061,0.000063,0.000078,0.000121,0.000122,0.000114,0.000024,0.000016,0.000046,0.000064
917,,,,,,,,,,,,,0.000552,0.000005,0.000120,0.000114,0.000115,0.000089,0.000096,0.000124,0.000106,0.000116,0.000095,0.000099,0.000102,0.000121,0.000143,0.000173,0.000200,0.000173,0.000172,0.000139,0.000098,0.000071,0.000041,0.000029,0.000042,0.000044,0.000037,0.000040,0.000038,0.000034,0.000027,0.000034,0.000034,0.000038,0.000013,0.000009,0.000026,0.000036
918,,,,,,,,,,,,,0.000758,0.000006,0.000074,0.000068,0.000081,0.000079,0.000075,0.000066,0.000067,0.000068,0.000066,0.000074,0.000062,0.000070,0.000074,0.000084,0.000083,0.000078,0.000082,0.000079,0.000070,0.000057,0.000035,0.000022,0.000033,0.000038,0.000039,0.000035,0.000038,0.000025,0.000027,0.000030,0.000028,0.000024,0.000008,0.000008,0.000038,0.000060
919,,,,,,,,,,,,,0.000553,0.000007,0.000071,0.000051,0.000061,0.000056,0.000051,0.000041,0.000032,0.000035,0.000033,0.000021,0.000012,0.000032,0.000041,0.000039,0.000027,0.000040,0.000068,0.000068,0.000050,0.000045,0.000028,0.000033,0.000060,0.000070,0.000087,0.000114,0.000120,0.000097,0.000093,0.000105,0.000124,0.000099,0.000030,0.000022,0.000099,0.000119
920,,,,,,,,,,,,,-0.000466,0.000005,0.000053,0.000060,0.000086,0.000051,0.000057,0.000076,0.000138,0.000226,0.000268,0.000401,0.000313,0.000307,0.000262,0.000216,0.000159,0.000134,0.000122,0.000119,0.000093,0.000084,0.000038,0.000025,0.000038,0.000052,0.000058,0.000064,0.000084,0.000097,0.000082,0.000071,0.000063,0.000064,0.000013,0.000009,0.000058,0.000081
921,,,,,,,,,,,,,0.003301,0.000010,0.000153,0.000151,0.000146,0.000097,0.000096,0.000107,0.000093,0.000092,0.000110,0.000102,0.000082,0.000073,0.000095,0.000161,0.000214,0.000265,0.000392,0.000358,0.000264,0.000181,0.000126,0.000119,0.000259,0.000278,0.000204,0.000207,0.000165,0.000122,0.000091,0.000078,0.000075,0.000067,0.000013,0.000009,0.000037,0.000066
922,,,,,,,,,,,,,0.003582,0.000004,0.000047,0.000039,0.000054,0.000048,0.000048,0.000050,0.000036,0.000038,0.000030,0.000022,0.000029,0.000052,0.000046,0.000047,0.000038,0.000035,0.000038,0.000041,0.000055,0.000073,0.000063,0.000036,0.000083,0.000083,0.000070,0.000081,0.000088,0.000071,0.000050,0.000046,0.000042,0.000037,0.000013,0.000010,0.000053,0.000069
923,,,,,,,,,,,,,-0.000053,0.000012,0.000175,0.000172,0.000188,0.000135,0.000112,0.000087,0.000083,0.000097,0.000075,0.000064,0.000054,0.000072,0.000076,0.000087,0.000071,0.000058,0.000075,0.000061,0.000047,0.000034,0.000036,0.000018,0.000026,0.000030,0.000028,0.000028,0.000052,0.000079,0.000086,0.000070,0.000048,0.000039,0.000007,0.000006,0.000039,0.000059
924,,,,,,,,,,,,,0.001406,0.000007,0.000066,0.000065,0.000062,0.000052,0.000057,0.000068,0.000069,0.000086,0.000080,0.000086,0.000091,0.000112,0.000103,0.000103,0.000091,0.000061,0.000064,0.000051,0.000055,0.000047,0.000036,0.000030,0.000041,0.000046,0.000046,0.000051,0.000048,0.000041,0.000051,0.000061,0.000060,0.000056,0.000022,0.000023,0.000134,0.000149
925,,,,,,,,,,,,,0.002259,0.000006,0.000120,0.000137,0.000167,0.000122,0.000109,0.000094,0.000081,0.000082,0.000076,0.000076,0.000076,0.000089,0.000088,0.000071,0.000061,0.000061,0.000070,0.000086,0.000066,0.000062,0.000041,0.000025,0.000039,0.000043,0.000040,0.000052,0.000047,0.000044,0.000035,0.000038,0.000033,0.000034,0.000011,0.000009,0.000061,0.000109
926,,,,,,,,,,,,,0.001775,0.000003,0.000039,0.000036,0.000060,0.000041,0.000040,0.000037,0.000038,0.000040,0.000037,0.000031,0.000031,0.000042,0.000045,0.000042,0.000036,0.000046,0.000050,0.000048,0.000030,0.000033,0.000020,0.000017,0.000047,0.000087,0.000100,0.000089,0.000073,0.000056,0.000044,0.000031,0.000033,0.000043,0.000009,0.000007,0.000031,0.000039
927,,,,,,,,,,,,,0.001398,0.000004,0.000100,0.000117,0.000159,0.000123,0.000103,0.000100,0.000091,0.000097,0.000080,0.000084,0.000076,0.000090,0.000094,0.000081,0.000062,0.000059,0.000065,0.000070,0.000081,0.000082,0.000052,0.000033,0.000050,0.000049,0.000040,0.000044,0.000056,0.000054,0.000046,0.000030,0.000027,0.000026,0.000009,0.000006,0.000032,0.000043
928,,,,,,,,,,,,,0.003658,0.000004,0.000070,0.000085,0.000138,0.000103,0.000102,0.000122,0.000144,0.000131,0.000104,0.000119,0.000110,0.000126,0.000102,0.000107,0.000094,0.000082,0.000088,0.000087,0.000086,0.000085,0.000050,0.000042,0.000076,0.000082,0.000065,0.000058,0.000056,0.000056,0.000048,0.000057,0.000064,0.000063,0.000014,0.000012,0.000052,0.000068
929,,,,,,,,,,,,,0.014623,0.000011,0.000231,0.000260,0.000279,0.000219,0.000229,0.000253,0.000236,0.000233,0.000167,0.000121,0.000087,0.000077,0.000075,0.000073,0.000057,0.000063,0.000084,0.000119,0.000201,0.000247,0.000128,0.000088,0.000138,0.000122,0.000090,0.000109,0.000110,0.000116,0.000133,0.000122,0.000106,0.000118,0.000024,0.000009,0.000039,0.000070
930,,,,,,,,,,,,,-0.000755,0.000008,0.000082,0.000061,0.000067,0.000045,0.000050,0.000088,0.000091,0.000119,0.000106,0.000094,0.000082,0.000091,0.000075,0.000063,0.000041,0.000062,0.000080,0.000086,0.000086,0.000067,0.000042,0.000037,0.000071,0.000045,0.000038,0.000043,0.000048,0.000055,0.000042,0.000037,0.000033,0.000026,0.000017,0.000016,0.000083,0.000171
931,,,,,,,,,,,,,0.003704,0.000004,0.000101,0.000088,0.000126,0.000122,0.000114,0.000102,0.000107,0.000104,0.000090,0.000092,0.000070,0.000073,0.000064,0.000068,0.000053,0.000066,0.000103,0.000123,0.000174,0.000162,0.000075,0.000037,0.000055,0.000056,0.000041,0.000039,0.000040,0.000040,0.000043,0.000057,0.000055,0.000059,0.000011,0.000007,0.000028,0.000046
932,,,,,,,,,,,,,0.001968,0.000009,0.000174,0.000224,0.000276,0.000183,0.000124,0.000106,0.000098,0.000100,0.000073,0.000069,0.000057,0.000049,0.000041,0.000060,0.000052,0.000050,0.000064,0.000066,0.000053,0.000043,0.000025,0.000017,0.000028,0.000033,0.000029,0.000041,0.000049,0.000049,0.000054,0.000074,0.000091,0.000086,0.000012,0.000007,0.000054,0.000143
933,,,,,,,,,,,,,-0.000242,0.000009,0.000135,0.000142,0.000184,0.000139,0.000123,0.000104,0.000110,0.000124,0.000133,0.000118,0.000106,0.000128,0.000141,0.000156,0.000133,0.000101,0.000116,0.000103,0.000097,0.000132,0.000038,0.000025,0.000040,0.000057,0.000088,0.000118,0.000131,0.000142,0.000106,0.000089,0.000070,0.000058,0.000008,0.000006,0.000051,0.000125
934,,,,,,,,,,,,,0.004438,0.000004,0.000050,0.000057,0.000074,0.000076,0.000084,0.000073,0.000067,0.000071,0.000059,0.000069,0.000068,0.000098,0.000119,0.000175,0.000096,0.000068,0.000062,0.000076,0.000061,0.000066,0.000037,0.000041,0.000078,0.000104,0.000079,0.000084,0.000069,0.000054,0.000050,0.000053,0.000047,0.000048,0.000016,0.000010,0.000060,0.000068
935,,,,,,,,,,,,,0.001613,0.000006,0.000077,0.000073,0.000087,0.000075,0.000072,0.000076,0.000097,0.000113,0.000127,0.000134,0.000131,0.000171,0.000180,0.000181,0.000162,0.000168,0.000176,0.000141,0.000098,0.000073,0.000200,0.000034,0.000045,0.000052,0.000050,0.000059,0.000062,0.000052,0.000058,0.000065,0.000072,0.000051,0.000010,0.000008,0.000043,0.000072
