roi_id,bin_0,bin_1,bin_2,bin_3,bin_4,bin_5,bin_6,bin_7,bin_8,bin_9,bin_10,bin_11,bin_12,bin_13,bin_14,bin_15,bin_16,bin_17,bin_18,bin_19,bin_20,bin_21,bin_22,bin_23,bin_24,bin_25,bin_26,bin_27,bin_28,bin_29,bin_30,bin_31,bin_32,bin_33,bin_34,bin_35,bin_36,bin_37,bin_38,bin_39,bin_40,bin_41,bin_42,bin_43,bin_44,bin_45,bin_46,bin_47,bin_48,bin_49
0,,,,,,,,,,,,,,0.000006,0.000083,0.000062,0.000129,0.000131,0.000249,0.000221,0.000264,0.000261,0.000207,0.000179,0.000226,0.000209,0.000190,0.000112,0.000100,0.000092,0.000041,0.000074,0.000046,0.000073,0.000101,0.000087,0.000048,0.000063,0.000048,0.000070,0.000131,0.000173,0.000154,0.000061,0.000054,0.000040,0.000007,0.000007,0.000054,0.000076
1,,,,,,,,,,,,,,0.000004,0.000113,0.000085,0.000074,0.000111,0.000626,0.000641,0.000947,0.001044,0.001146,0.001283,0.001275,0.001412,0.001326,0.001128,0.000820,0.000626,0.000323,0.000435,0.000313,0.000390,0.000317,0.000259,0.000158,0.000274,0.000065,0.000055,0.000098,0.000190,0.000509,0.000266,0.000183,0.000157,0.000013,0.000007,0.000066,0.000061
2,,,,,,,,,,,,,,0.000007,0.000042,0.000045,0.000049,0.000163,0.000197,0.000196,0.000146,0.000055,0.000025,0.000043,0.000054,0.000039,0.000024,0.000039,0.000032,0.000036,0.000044,0.000203,0.000213,0.000136,0.000132,0.000141,0.000056,0.000057,0.000167,0.000344,0.000884,0.001160,0.000797,0.001206,0.001151,0.001192,0.000111,0.000086,0.000125,0.000131
3,,,,,,,,,,,,,,0.000003,0.000032,0.000016,0.000013,0.000013,0.000024,0.000078,0.000255,0.000501,0.000764,0.001034,0.001080,0.001213,0.001128,0.001075,0.001239,0.000887,0.000329,0.000698,0.000343,0.000358,0.000291,0.000255,0.000160,0.000055,0.000057,0.000037,0.000070,0.000060,0.000053,0.000043,0.000039,0.000034,0.000006,0.000006,0.000048,0.000061
4,,,,,,,,,,,,,,0.000003,0.000023,0.000017,0.000014,0.000071,0.000257,0.000518,0.000828,0.001332,0.001379,0.001290,0.001927,0.001891,0.001673,0.001459,0.001621,0.001329,0.000701,0.001005,0.000693,0.000553,0.000384,0.000301,0.000153,0.000065,0.000058,0.000035,0.000059,0.000057,0.000030,0.000037,0.000036,0.000036,0.000004,0.000003,0.000013,0.000019
5,,,,,,,,,,,,,,0.000020,0.000176,0.000149,0.000202,0.000158,0.000271,0.000163,0.000165,0.000178,0.000137,0.000101,0.000155,0.000124,0.000114,0.000127,0.000085,0.000084,0.000049,0.000135,0.000114,0.000083,0.000093,0.000097,0.000037,0.000023,0.000022,0.000024,0.000049,0.000048,0.000051,0.000049,0.000034,0.000033,0.000064,0.000086,0.000147,0.000170
6,,,,,,,,,,,,,,0.000011,0.000103,0.000073,0.000047,0.000043,0.000049,0.000049,0.000073,0.000070,0.000087,0.000076,0.000107,0.000088,0.000100,0.000072,0.000115,0.000101,0.000039,0.000049,0.000022,0.000040,0.000041,0.000049,0.000023,0.000020,0.000023,0.000049,0.000109,0.000140,0.000102,0.000087,0.000110,0.000120,0.000083,0.000031,0.000092,0.000166
7,,,,,,,,,,,,,,0.000019,0.000407,0.000247,0.000173,0.000107,0.000118,0.000072,0.000098,0.000097,0.000139,0.000077,0.000108,0.000107,0.000098,0.000097,0.000134,0.000079,0.000051,0.000036,0.000026,0.000068,0.000346,0.000376,0.000191,0.000248,0.000231,0.000176,0.000326,0.000258,0.000137,0.000059,0.000050,0.000050,0.000026,0.000013,0.000062,0.000074
8,,,,,,,,,,,,,,0.000006,0.000087,0.000079,0.000047,0.000057,0.000079,0.000064,0.000065,0.000080,0.000063,0.000063,0.000085,0.000094,0.000067,0.000053,0.000054,0.000058,0.000036,0.000060,0.000055,0.000053,0.000056,0.000040,0.000096,0.000117,0.000028,0.000072,0.000252,0.000268,0.000195,0.000266,0.000262,0.000264,0.000119,0.000077,0.000239,0.000184
9,,,,,,,,,,,,,,0.000017,0.000334,0.000194,0.000140,0.000106,0.000136,0.000083,0.000075,0.000069,0.000054,0.000041,0.000064,0.000045,0.000042,0.000063,0.000047,0.000045,0.000200,0.000576,0.000530,0.000879,0.000924,0.001002,0.000490,0.000403,0.000269,0.000196,0.000312,0.000292,0.000146,0.000200,0.000337,0.000286,0.000024,0.000029,0.000117,0.000160
10,,,,,,,,,,,,,,0.000019,0.000152,0.000091,0.000084,0.000070,0.000117,0.000354,0.000382,0.000153,0.000138,0.000104,0.000150,0.000153,0.000143,0.000099,0.000089,0.000056,0.000032,0.000052,0.000029,0.000065,0.000053,0.000042,0.000033,0.000065,0.000106,0.000011,0.000019,0.000006,0.000015,0.000036,0.000063,0.000151,0.000041,0.000027,0.000120,0.000234
11,,,,,,,,,,,,,,0.000009,0.000095,0.000077,0.000060,0.000066,0.000105,0.000096,0.000073,0.000074,0.000073,0.000068,0.000070,0.000041,0.000029,0.000031,0.000033,0.000118,0.000170,0.000210,0.000146,0.000161,0.000160,0.000121,0.000126,0.000171,0.000095,0.000099,0.000183,0.000173,0.000092,0.000117,0.000116,0.000124,0.000022,0.000020,0.000111,0.000089
12,,,,,,,,,,,,,,0.000004,0.000086,0.000127,0.000119,0.000107,0.000162,0.000584,0.000386,0.000142,0.000132,0.000100,0.000122,0.000122,0.000109,0.000084,0.000080,0.000145,0.000420,0.000268,0.000278,0.000136,0.000187,0.000201,0.000117,0.000242,0.000492,0.000350,0.000554,0.000574,0.000483,0.000299,0.000171,0.000121,0.000011,0.000008,0.000028,0.000038
13,,,,,,,,,,,,,,0.000006,0.000144,0.000051,0.000169,0.000236,0.000527,0.000326,0.000315,0.000242,0.000171,0.000169,0.000223,0.000274,0.000270,0.000226,0.000330,0.000271,0.000421,0.000121,0.000083,0.000122,0.000175,0.000134,0.000047,0.000226,0.000421,0.000194,0.000283,0.000323,0.000133,0.000055,0.000053,0.000032,0.000016,0.000014,0.000046,0.000146
14,,,,,,,,,,,,,,0.000010,0.000049,0.000037,0.000035,0.000028,0.000058,0.000091,0.000215,0.000387,0.000694,0.000870,0.001936,0.002244,0.002443,0.002200,0.002553,0.001999,0.000794,0.001033,0.000737,0.000786,0.000681,0.000590,0.000191,0.000176,0.000129,0.000142,0.000278,0.000302,0.000140,0.000147,0.000127,0.000103,0.000012,0.000008,0.000027,0.000038
15,,,,,,,,,,,,,,0.000008,0.000093,0.000072,0.000054,0.000074,0.000067,0.000048,0.000115,0.000060,0.000105,0.000107,0.000192,0.000258,0.000364,0.000314,0.000460,0.000543,0.000357,0.000469,0.000202,0.000427,0.000652,0.000876,0.000653,0.000615,0.000479,0.000276,0.000488,0.000401,0.000315,0.000174,0.000136,0.000102,0.000024,0.000017,0.000149,0.000120
16,,,,,,,,,,,,,,0.000020,0.000191,0.000126,0.000104,0.000620,0.000277,0.000368,0.000251,0.000103,0.000093,0.000070,0.000098,0.000101,0.000106,0.000092,0.000105,0.000091,0.000054,0.000072,0.000098,0.000109,0.000109,0.000125,0.000142,0.000186,0.000053,0.000029,0.000056,0.000041,0.000026,0.000014,0.000016,0.000035,0.000100,0.000103,0.000236,0.000297
17,,,,,,,,,,,,,,0.000007,0.000106,0.000066,0.000067,0.000052,0.000058,0.000054,0.000071,0.000090,0.000093,0.000085,0.000156,0.000155,0.000175,0.000142,0.000130,0.000110,0.000073,0.000181,0.000110,0.000127,0.000148,0.000134,0.000044,0.000027,0.000017,0.000013,0.000089,0.000222,0.000278,0.000600,0.000743,0.001046,0.000130,0.000053,0.000183,0.000240
18,,,,,,,,,,,,,,0.000012,0.000415,0.000228,0.000120,0.000123,0.000152,0.000113,0.000093,0.000089,0.000095,0.000056,0.000068,0.000042,0.000040,0.000027,0.000038,0.000061,0.000050,0.000072,0.000055,0.000063,0.000057,0.000059,0.000073,0.000067,0.000029,0.000030,0.000056,0.000058,0.000038,0.000061,0.000160,0.000225,0.000083,0.000048,0.000254,0.000212
19,,,,,,,,,,,,,,0.000003,0.000034,0.000023,0.000023,0.000034,0.000049,0.000043,0.000042,0.000031,0.000025,0.000024,0.000034,0.000019,0.000024,0.000022,0.000030,0.000025,0.000035,0.000061,0.000058,0.000062,0.000100,0.000256,0.000273,0.000279,0.000186,0.000112,0.000372,0.000549,0.000456,0.000691,0.000591,0.000524,0.000037,0.000017,0.000060,0.000046
20,,,,,,,,,,,,,,0.000046,0.000405,0.000278,0.000189,0.000193,0.000186,0.000096,0.000132,0.000116,0.000113,0.000091,0.000130,0.000158,0.000178,0.000315,0.000537,0.000772,0.000574,0.000699,0.000489,0.000773,0.000667,0.000581,0.000226,0.000148,0.000091,0.000082,0.000158,0.000139,0.000060,0.000074,0.000243,0.000242,0.000016,0.000034,0.000486,0.000760
21,,,,,,,,,,,,,,0.000012,0.000270,0.000261,0.000256,0.000247,0.000317,0.000148,0.000160,0.000158,0.000141,0.000094,0.000126,0.000115,0.000110,0.000074,0.000073,0.000070,0.000035,0.000059,0.000046,0.000059,0.000069,0.000044,0.000015,0.000015,0.000055,0.000065,0.000335,0.000632,0.000513,0.000831,0.000758,0.000805,0.000071,0.000036,0.000114,0.000122
22,,,,,,,,,,,,,,0.000011,0.000090,0.000068,0.000047,0.000033,0.000034,0.000060,0.000301,0.000098,0.000097,0.000077,0.000149,0.000136,0.000152,0.000109,0.000134,0.000125,0.000033,0.000052,0.000033,0.000018,0.000094,0.000128,0.000135,0.000146,0.000075,0.000046,0.000101,0.000138,0.000157,0.000205,0.000124,0.000080,0.000070,0.000055,0.000194,0.000212
23,,,,,,,,,,,,,,0.000008,0.000062,0.000043,0.000192,0.000431,0.001404,0.001605,0.001963,0.001616,0.001473,0.001432,0.001647,0.001414,0.001168,0.000959,0.001190,0.001332,0.000913,0.001111,0.000442,0.000325,0.000319,0.000181,0.000064,0.000041,0.000029,0.000075,0.000050,0.000046,0.000023,0.000021,0.000031,0.000030,0.000034,0.000029,0.000138,0.000109
24,,,,,,,,,,,,,,0.000006,0.000070,0.000039,0.000038,0.000025,0.000030,0.000023,0.000019,0.000024,0.000020,0.000020,0.000029,0.000017,0.000014,0.000014,0.000018,0.000060,0.000276,0.000696,0.000796,0.000952,0.000573,0.000349,0.000108,0.000066,0.000030,0.000041,0.000226,0.000433,0.000425,0.000822,0.000888,0.001005,0.000089,0.000044,0.000194,0.000179
25,,,,,,,,,,,,,,0.000010,0.000084,0.000081,0.000065,0.000170,0.000205,0.000122,0.000076,0.000057,0.000055,0.000038,0.000035,0.000015,0.000008,0.000033,0.000066,0.000051,0.000061,0.000158,0.000245,0.000651,0.000810,0.000753,0.000338,0.000245,0.000193,0.000219,0.000569,0.000898,0.000712,0.001097,0.000956,0.000915,0.000072,0.000031,0.000197,0.000174
26,,,,,,,,,,,,,,0.000006,0.000117,0.000136,0.000188,0.000188,0.000253,0.000160,0.000172,0.000174,0.000136,0.000100,0.000130,0.000121,0.000114,0.000078,0.000182,0.000131,0.000033,0.000130,0.000117,0.000196,0.000349,0.000489,0.000237,0.000159,0.000083,0.000051,0.000109,0.000101,0.000050,0.000059,0.000135,0.000116,0.000017,0.000014,0.000049,0.000067
27,,,,,,,,,,,,,,0.000048,0.000725,0.000510,0.000370,0.000315,0.000413,0.000263,0.000300,0.000317,0.000255,0.000197,0.000268,0.000259,0.000233,0.000171,0.000168,0.000209,0.000101,0.000098,0.000073,0.000086,0.000098,0.000094,0.000044,0.000033,0.000018,0.000016,0.000027,0.000027,0.000014,0.000012,0.000011,0.000017,0.000003,0.000003,0.000035,0.000300
28,,,,,,,,,,,,,,0.000025,0.000676,0.000742,0.000830,0.000756,0.000983,0.000743,0.000701,0.000736,0.000629,0.000431,0.000640,0.000494,0.000388,0.000265,0.000257,0.000236,0.000149,0.000116,0.000083,0.000177,0.000188,0.000181,0.000118,0.000168,0.000073,0.000124,0.000275,0.000339,0.000303,0.000125,0.000122,0.000077,0.000015,0.000016,0.000063,0.000129
29,,,,,,,,,,,,,,0.000008,0.000084,0.000068,0.000051,0.000064,0.000078,0.000042,0.000049,0.000028,0.000021,0.000018,0.000034,0.000034,0.000050,0.000094,0.000197,0.000255,0.000103,0.000152,0.000065,0.000075,0.000073,0.000071,0.000038,0.000055,0.000076,0.000087,0.000331,0.000547,0.000426,0.000693,0.000704,0.000784,0.000059,0.000019,0.000119,0.000107
30,,,,,,,,,,,,,,0.000018,0.000250,0.000145,0.000134,0.000097,0.000125,0.000103,0.000148,0.000160,0.000114,0.000109,0.000110,0.000102,0.000166,0.000101,0.000103,0.000088,0.000072,0.000208,0.000115,0.000132,0.000105,0.000089,0.000045,0.000038,0.000021,0.000012,0.000021,0.000034,0.000027,0.000059,0.000075,0.000154,0.000058,0.000096,0.000134,0.000234
31,,,,,,,,,,,,,,0.000012,0.000090,0.000064,0.000052,0.000049,0.000073,0.000071,0.000086,0.000082,0.000092,0.000072,0.000098,0.000088,0.000086,0.000075,0.000068,0.000083,0.000052,0.000075,0.000055,0.000058,0.000046,0.000040,0.000030,0.000030,0.000081,0.000050,0.000047,0.000044,0.000047,0.000079,0.000069,0.000065,0.000015,0.000014,0.000104,0.000097
32,,,,,,,,,,,,,,0.000026,0.000397,0.000249,0.000161,0.000110,0.000112,0.000075,0.000110,0.000084,0.000089,0.000049,0.000086,0.000103,0.000108,0.000074,0.000089,0.000122,0.000156,0.000212,0.000535,0.000368,0.000280,0.000235,0.000107,0.000153,0.000053,0.000038,0.000102,0.000336,0.000550,0.000162,0.000098,0.000065,0.000008,0.000006,0.000041,0.000115
33,,,,,,,,,,,,,,0.000007,0.000075,0.000087,0.000058,0.000074,0.000138,0.000130,0.000140,0.000115,0.000089,0.000066,0.000062,0.000072,0.000054,0.000036,0.000035,0.000034,0.000025,0.000028,0.000019,0.000025,0.000025,0.000031,0.000014,0.000017,0.000017,0.000018,0.000041,0.000061,0.000092,0.000173,0.000222,0.000266,0.000047,0.000041,0.000115,0.000142
34,,,,,,,,,,,,,,0.000010,0.000214,0.000157,0.000124,0.000126,0.000198,0.000116,0.000117,0.000121,0.000099,0.000085,0.000105,0.000097,0.000091,0.000069,0.000170,0.000110,0.000094,0.000105,0.000051,0.000046,0.000132,0.000090,0.000028,0.000032,0.000041,0.000032,0.000104,0.000128,0.000073,0.000097,0.000092,0.000066,0.000044,0.000028,0.000109,0.000097
35,,,,,,,,,,,,,,0.000009,0.000099,0.000061,0.000049,0.000048,0.000112,0.000128,0.000488,0.000421,0.000669,0.000777,0.000911,0.001019,0.000978,0.001331,0.001178,0.000649,0.000157,0.000235,0.000122,0.000156,0.000128,0.000101,0.000036,0.000031,0.000020,0.000025,0.000061,0.000069,0.000150,0.000067,0.000056,0.000045,0.000014,0.000008,0.000030,0.000053
36,,,,,,,,,,,,,,0.000025,0.000248,0.000134,0.000090,0.000096,0.000091,0.000071,0.000068,0.000076,0.000288,0.000314,0.000276,0.000245,0.000221,0.000161,0.000188,0.000108,0.000046,0.000044,0.000039,0.000113,0.000121,0.000125,0.000106,0.000196,0.000143,0.000122,0.000104,0.000156,0.000107,0.000075,0.000105,0.000113,0.000069,0.000069,0.000369,0.000346
37,,,,,,,,,,,,,,0.000019,0.000777,0.001212,0.001019,0.000657,0.000699,0.000390,0.000507,0.000498,0.000429,0.000331,0.000462,0.000407,0.000338,0.000257,0.000292,0.000219,0.000092,0.000148,0.000125,0.000168,0.000176,0.000269,0.000301,0.000192,0.000123,0.000118,0.000447,0.000700,0.000323,0.000256,0.000237,0.000215,0.000009,0.000007,0.000017,0.000022
38,,,,,,,,,,,,,,0.000021,0.000150,0.000102,0.000076,0.000098,0.000116,0.000074,0.000110,0.000109,0.000076,0.000091,0.000116,0.000083,0.000073,0.000069,0.000072,0.000067,0.000043,0.000085,0.000047,0.000054,0.000062,0.000072,0.000029,0.000047,0.000079,0.000119,0.000450,0.000500,0.000344,0.000541,0.000622,0.000858,0.000087,0.000028,0.000120,0.000237
39,,,,,,,,,,,,,,0.000009,0.000194,0.000177,0.000148,0.000116,0.000140,0.000091,0.000122,0.000116,0.000193,0.000095,0.000125,0.000090,0.000067,0.000048,0.000047,0.000036,0.000041,0.000034,0.000117,0.000077,0.000078,0.000083,0.000025,0.000033,0.000061,0.000026,0.000046,0.000053,0.000047,0.000055,0.000055,0.000040,0.000016,0.000015,0.000104,0.000092
40,,,,,,,,,,,,,,0.000013,0.000074,0.000068,0.000046,0.000056,0.000078,0.000049,0.000050,0.000054,0.000042,0.000040,0.000059,0.000050,0.000052,0.000029,0.000022,0.000037,0.000032,0.000030,0.000025,0.000021,0.000026,0.000013,0.000010,0.000004,0.000005,0.000016,0.000121,0.000357,0.000567,0.000652,0.000566,0.000568,0.000080,0.000057,0.000234,0.000227
41,,,,,,,,,,,,,,0.000004,0.000126,0.000130,0.000073,0.000167,0.000065,0.000052,0.000044,0.000047,0.000053,0.000071,0.000174,0.000263,0.000290,0.000317,0.000362,0.000199,0.000080,0.000091,0.000049,0.000062,0.000049,0.000058,0.000063,0.000056,0.000032,0.000089,0.000049,0.000040,0.000026,0.000040,0.000038,0.000045,0.000014,0.000015,0.000039,0.000054
42,,,,,,,,,,,,,,0.000025,0.000247,0.000173,0.000140,0.000122,0.000153,0.000118,0.000141,0.000120,0.000088,0.000080,0.000083,0.000061,0.000043,0.000030,0.000041,0.000063,0.000090,0.000067,0.000042,0.000131,0.000082,0.000051,0.000018,0.000016,0.000009,0.000013,0.000031,0.000117,0.000104,0.000163,0.000185,0.000248,0.000066,0.000051,0.000160,0.000249
43,,,,,,,,,,,,,,0.000003,0.000038,0.000022,0.000030,0.000061,0.000382,0.000421,0.000624,0.001193,0.001427,0.001387,0.001974,0.002071,0.001783,0.001477,0.001070,0.000691,0.000189,0.000245,0.000111,0.000135,0.000123,0.000098,0.000039,0.000032,0.000026,0.000023,0.000048,0.000049,0.000029,0.000039,0.000036,0.000033,0.000008,0.000005,0.000023,0.000029
44,,,,,,,,,,,,,,0.000005,0.000064,0.000073,0.000136,0.000304,0.000392,0.000591,0.000667,0.000637,0.000889,0.001126,0.001342,0.001441,0.001551,0.001377,0.001183,0.000893,0.000303,0.000478,0.000321,0.000289,0.000218,0.000164,0.000082,0.000043,0.000059,0.000045,0.000155,0.000180,0.000189,0.000269,0.000105,0.000054,0.000005,0.000005,0.000029,0.000035
45,,,,,,,,,,,,,,0.000021,0.000191,0.000132,0.000088,0.000079,0.000100,0.000108,0.000163,0.000247,0.000284,0.000414,0.000364,0.000331,0.000253,0.000218,0.000197,0.000123,0.000110,0.000143,0.000112,0.000088,0.000065,0.000051,0.000013,0.000013,0.000018,0.000046,0.000017,0.000011,0.000011,0.000007,0.000018,0.000084,0.000037,0.000045,0.000182,0.000336
46,,,,,,,,,,,,,,0.000007,0.000131,0.000091,0.000088,0.000078,0.000091,0.000060,0.000062,0.000074,0.000047,0.000062,0.000087,0.000082,0.000082,0.000067,0.000091,0.000062,0.000035,0.000124,0.000356,0.000788,0.000540,0.000310,0.000114,0.000081,0.000058,0.000028,0.000045,0.000036,0.000038,0.000251,0.000208,0.000111,0.000013,0.000009,0.000036,0.000045
47,,,,,,,,,,,,,,0.000009,0.000118,0.000089,0.000067,0.000065,0.000089,0.000143,0.000347,0.000150,0.000145,0.000438,0.000231,0.000239,0.000210,0.000207,0.000431,0.000450,0.000116,0.000287,0.000271,0.000317,0.000252,0.000189,0.000115,0.000109,0.000092,0.000112,0.000142,0.000135,0.000060,0.000098,0.000079,0.000053,0.000011,0.000006,0.000050,0.000116
48,,,,,,,,,,,,,,0.000008,0.000074,0.000052,0.000047,0.000040,0.000065,0.000111,0.000340,0.000157,0.000122,0.000074,0.000079,0.000074,0.000177,0.000405,0.000305,0.000212,0.000135,0.000107,0.000151,0.000086,0.000079,0.000063,0.000036,0.000036,0.000023,0.000016,0.000104,0.000136,0.000114,0.000270,0.000337,0.000503,0.000075,0.000044,0.000270,0.000293
49,,,,,,,,,,,,,,0.000006,0.000095,0.000069,0.000040,0.000034,0.000094,0.000131,0.000297,0.000797,0.000932,0.001149,0.001988,0.002199,0.002348,0.001860,0.002106,0.001647,0.000493,0.000651,0.000306,0.000291,0.000243,0.000213,0.000101,0.000111,0.000098,0.000045,0.000057,0.000064,0.000036,0.000043,0.000042,0.000062,0.000009,0.000007,0.000081,0.000054
50,,,,,,,,,,,,,,0.000004,0.000034,0.000030,0.000040,0.000033,0.000060,0.000059,0.000622,0.000274,0.000350,0.000289,0.000287,0.000257,0.000240,0.000161,0.000204,0.000122,0.000062,0.000095,0.000144,0.000349,0.000534,0.000545,0.000204,0.000267,0.000063,0.000039,0.000080,0.000074,0.000037,0.000066,0.000070,0.000100,0.000020,0.000012,0.000044,0.000039
51,,,,,,,,,,,,,,0.000002,0.000018,0.000028,0.000100,0.000030,0.000057,0.000070,0.000126,0.000175,0.000220,0.000197,0.000289,0.000359,0.000468,0.000431,0.000715,0.000862,0.000259,0.000527,0.000286,0.000359,0.000383,0.000294,0.000262,0.000328,0.000260,0.000201,0.000364,0.000272,0.000146,0.000160,0.000111,0.000086,0.000009,0.000006,0.000020,0.000013
52,,,,,,,,,,,,,,0.000006,0.000133,0.000099,0.000074,0.000065,0.000057,0.000044,0.000063,0.000072,0.000178,0.000068,0.000073,0.000053,0.000049,0.000044,0.000039,0.000033,0.000242,0.000063,0.000079,0.000034,0.000027,0.000097,0.000044,0.000099,0.000043,0.000031,0.000130,0.000271,0.000084,0.000085,0.000095,0.000107,0.000014,0.000017,0.000061,0.000079
53,,,,,,,,,,,,,,0.000003,0.000031,0.000033,0.000035,0.000026,0.000035,0.000039,0.000047,0.000037,0.000032,0.000052,0.000060,0.000050,0.000042,0.000047,0.000050,0.000037,0.000021,0.000021,0.000018,0.000030,0.000056,0.000068,0.000028,0.000020,0.000039,0.000040,0.000057,0.000157,0.000205,0.000453,0.000540,0.000628,0.000044,0.000018,0.000025,0.000031
54,,,,,,,,,,,,,,0.000006,0.000134,0.000117,0.000104,0.000078,0.000181,0.000107,0.000116,0.000087,0.000054,0.000048,0.000044,0.000053,0.000052,0.000038,0.000060,0.000057,0.000096,0.000092,0.000065,0.000046,0.000038,0.000025,0.000011,0.000046,0.000039,0.000026,0.000043,0.000048,0.000084,0.000218,0.000302,0.000387,0.000036,0.000026,0.000038,0.000050
55,,,,,,,,,,,,,,0.000003,0.000043,0.000021,0.000018,0.000029,0.000102,0.000437,0.000383,0.000396,0.000493,0.000543,0.000850,0.000951,0.000949,0.001170,0.000802,0.000517,0.000371,0.000287,0.000136,0.000240,0.000228,0.000171,0.000063,0.000072,0.000057,0.000037,0.000092,0.000080,0.000029,0.000037,0.000063,0.000115,0.000011,0.000006,0.000021,0.000024
56,,,,,,,,,,,,,,0.000023,0.000128,0.000061,0.000051,0.000059,0.000078,0.000065,0.000079,0.000122,0.000127,0.000076,0.000159,0.000157,0.000137,0.000113,0.000110,0.000081,0.000060,0.000230,0.000149,0.000428,0.000283,0.000201,0.000099,0.000054,0.000058,0.000034,0.000023,0.000034,0.000021,0.000021,0.000023,0.000031,0.000067,0.000060,0.000221,0.000258
57,,,,,,,,,,,,,,0.000004,0.000076,0.000056,0.000051,0.000049,0.000048,0.000053,0.000089,0.000089,0.000102,0.000077,0.000112,0.000116,0.000095,0.000091,0.000112,0.000086,0.000113,0.000271,0.000080,0.000069,0.000065,0.000050,0.000019,0.000023,0.000211,0.000166,0.000038,0.000038,0.000028,0.000042,0.000044,0.000059,0.000023,0.000015,0.000057,0.000073
58,,,,,,,,,,,,,,0.000005,0.000169,0.000123,0.000132,0.000101,0.000129,0.000073,0.000100,0.000080,0.000078,0.000062,0.000057,0.000051,0.000045,0.000031,0.000032,0.000029,0.000044,0.000048,0.000037,0.000063,0.000117,0.000191,0.000220,0.000612,0.000519,0.000375,0.000828,0.000663,0.000336,0.000423,0.000311,0.000240,0.000017,0.000009,0.000030,0.000058
59,,,,,,,,,,,,,,0.000024,0.000352,0.000296,0.000201,0.000157,0.000234,0.000120,0.000187,0.000174,0.000140,0.000099,0.000152,0.000171,0.000147,0.000107,0.000139,0.000108,0.000115,0.000079,0.000152,0.000120,0.000134,0.000192,0.000186,0.000114,0.000155,0.000187,0.000116,0.000080,0.000041,0.000054,0.000045,0.000051,0.000014,0.000013,0.000149,0.000268
60,,,,,,,,,,,,,,0.000002,0.000037,0.000029,0.000045,0.000062,0.000089,0.000055,0.000090,0.000133,0.000116,0.000099,0.000144,0.000109,0.000128,0.000114,0.000148,0.000162,0.000087,0.000111,0.000074,0.000084,0.000104,0.000089,0.000038,0.000030,0.000039,0.000141,0.000046,0.000039,0.000335,0.000122,0.000170,0.000098,0.000009,0.000013,0.000052,0.000050
61,,,,,,,,,,,,,,0.000012,0.000178,0.000102,0.000073,0.000089,0.000104,0.000064,0.000082,0.000065,0.000068,0.000069,0.000111,0.000114,0.000076,0.000058,0.000093,0.000061,0.000033,0.000032,0.000027,0.000032,0.000059,0.000060,0.000029,0.000071,0.000085,0.000094,0.000140,0.000153,0.000118,0.000133,0.000109,0.000075,0.000019,0.000020,0.000115,0.000111
62,,,,,,,,,,,,,,0.000007,0.000222,0.000132,0.000118,0.000287,0.000154,0.000077,0.000097,0.000101,0.000142,0.000087,0.000148,0.000143,0.000142,0.000148,0.000183,0.000294,0.000512,0.000559,0.000328,0.000307,0.000301,0.000225,0.000072,0.000048,0.000043,0.000043,0.000069,0.000064,0.000040,0.000059,0.000060,0.000060,0.000008,0.000007,0.000033,0.000076
63,,,,,,,,,,,,,,0.000006,0.000199,0.000244,0.000302,0.000259,0.000460,0.000291,0.000240,0.000159,0.000173,0.000101,0.000122,0.000092,0.000082,0.000080,0.000085,0.000071,0.000132,0.000251,0.000120,0.000166,0.000180,0.000277,0.000370,0.000342,0.000303,0.000254,0.000554,0.000609,0.000302,0.000341,0.000256,0.000219,0.000015,0.000006,0.000030,0.000032
64,,,,,,,,,,,,,,0.000006,0.000058,0.000039,0.000034,0.000032,0.000034,0.000026,0.000033,0.000040,0.000046,0.000052,0.000116,0.000150,0.000149,0.000162,0.000136,0.000141,0.000063,0.000090,0.000077,0.000118,0.000156,0.000085,0.000038,0.000040,0.000089,0.000112,0.000120,0.000152,0.000060,0.000061,0.000064,0.000058,0.000022,0.000008,0.000043,0.000103
65,,,,,,,,,,,,,,0.000017,0.000338,0.000305,0.000210,0.000239,0.000358,0.000295,0.000219,0.000217,0.000185,0.000119,0.000161,0.000145,0.000105,0.000091,0.000086,0.000085,0.000027,0.000048,0.000031,0.000040,0.000079,0.000109,0.000129,0.000256,0.000197,0.000228,0.000552,0.000526,0.000279,0.000293,0.000228,0.000191,0.000011,0.000004,0.000017,0.000067
66,,,,,,,,,,,,,,0.000016,0.000136,0.000123,0.000339,0.000251,0.000372,0.000324,0.000633,0.000313,0.000211,0.000170,0.000205,0.000215,0.000207,0.000153,0.000148,0.000173,0.000058,0.000133,0.000045,0.000064,0.000061,0.000050,0.000026,0.000021,0.000017,0.000015,0.000022,0.000067,0.000188,0.000501,0.000337,0.000155,0.000009,0.000030,0.000272,0.000340
67,,,,,,,,,,,,,,0.000007,0.000100,0.000093,0.000084,0.000074,0.000098,0.000062,0.000074,0.000060,0.000065,0.000047,0.000057,0.000051,0.000050,0.000039,0.000079,0.000031,0.000017,0.000051,0.000046,0.000070,0.000115,0.000175,0.000079,0.000051,0.000021,0.000020,0.000063,0.000150,0.000162,0.000280,0.000344,0.000437,0.000079,0.000038,0.000092,0.000101
68,,,,,,,,,,,,,,0.000042,0.000924,0.000581,0.000466,0.000376,0.000460,0.000313,0.000481,0.000353,0.000265,0.000266,0.000331,0.000389,0.000331,0.000354,0.000355,0.000313,0.000105,0.000186,0.000128,0.000107,0.000163,0.000335,0.000106,0.000056,0.000023,0.000020,0.000054,0.000049,0.000028,0.000042,0.000044,0.000046,0.000006,0.000008,0.000036,0.000137
69,,,,,,,,,,,,,,0.000007,0.000052,0.000040,0.000047,0.000035,0.000064,0.000141,0.000261,0.000390,0.000509,0.000471,0.000673,0.000588,0.000442,0.000341,0.000350,0.000221,0.000084,0.000103,0.000059,0.000057,0.000133,0.000148,0.000034,0.000029,0.000020,0.000025,0.000027,0.000026,0.000017,0.000026,0.000072,0.000104,0.000020,0.000010,0.000078,0.000102
70,,,,,,,,,,,,,,0.000008,0.000153,0.000110,0.000077,0.000072,0.000085,0.000084,0.000125,0.000210,0.000597,0.000596,0.000880,0.000821,0.000711,0.000822,0.000634,0.000382,0.000123,0.000140,0.000098,0.000097,0.000061,0.000066,0.000055,0.000076,0.000039,0.000052,0.000216,0.000384,0.000306,0.000523,0.000513,0.000523,0.000054,0.000017,0.000057,0.000067
71,,,,,,,,,,,,,,0.000008,0.000043,0.000047,0.000062,0.000079,0.000074,0.000052,0.000069,0.000081,0.000073,0.000089,0.000105,0.000097,0.000100,0.000064,0.000089,0.000064,0.000056,0.000105,0.000085,0.000060,0.000064,0.000042,0.000015,0.000025,0.000026,0.000059,0.000112,0.000186,0.000076,0.000088,0.000122,0.000122,0.000037,0.000029,0.000064,0.000087
72,,,,,,,,,,,,,,0.000005,0.000071,0.000046,0.000035,0.000035,0.000045,0.000043,0.000061,0.000058,0.000068,0.000066,0.000078,0.000093,0.000102,0.000123,0.000116,0.000086,0.000097,0.000162,0.000027,0.000030,0.000071,0.000084,0.000116,0.000186,0.000218,0.000224,0.000511,0.000390,0.000200,0.000220,0.000152,0.000148,0.000024,0.000011,0.000032,0.000044
73,,,,,,,,,,,,,,0.000011,0.000197,0.000148,0.000254,0.000406,0.000278,0.000153,0.000112,0.000087,0.000085,0.000070,0.000087,0.000093,0.000070,0.000049,0.000060,0.000063,0.000040,0.000035,0.000061,0.000137,0.000405,0.000892,0.000318,0.000205,0.000083,0.000034,0.000157,0.000073,0.000104,0.000098,0.000064,0.000076,0.000010,0.000007,0.000056,0.000132
74,,,,,,,,,,,,,,0.000003,0.000144,0.000157,0.000329,0.000551,0.001055,0.000828,0.000666,0.000657,0.000461,0.000305,0.000371,0.000255,0.000183,0.000118,0.000094,0.000084,0.000034,0.000045,0.000029,0.000046,0.000056,0.000069,0.000043,0.000040,0.000030,0.000032,0.000049,0.000037,0.000020,0.000013,0.000022,0.000031,0.000003,0.000003,0.000012,0.000017
75,,,,,,,,,,,,,,0.000003,0.000048,0.000064,0.000061,0.000048,0.000060,0.000055,0.000063,0.000057,0.000060,0.000046,0.000061,0.000059,0.000040,0.000043,0.000043,0.000074,0.000136,0.000189,0.000378,0.000512,0.000781,0.001110,0.000711,0.000529,0.000294,0.000237,0.000478,0.000371,0.000168,0.000198,0.000141,0.000121,0.000010,0.000005,0.000025,0.000039
76,,,,,,,,,,,,,,0.000020,0.000330,0.000353,0.000204,0.000164,0.000216,0.000145,0.000150,0.000150,0.000091,0.000076,0.000097,0.000090,0.000060,0.000050,0.000066,0.000048,0.000025,0.000041,0.000066,0.000172,0.000204,0.000152,0.000039,0.000031,0.000035,0.000037,0.000147,0.000207,0.000296,0.000205,0.000175,0.000211,0.000017,0.000014,0.000096,0.000333
77,,,,,,,,,,,,,,0.000003,0.000061,0.000048,0.000042,0.000110,0.000060,0.000040,0.000039,0.000206,0.000277,0.000437,0.000267,0.000193,0.000144,0.000122,0.000122,0.000292,0.000179,0.000111,0.000414,0.000292,0.000204,0.000131,0.000109,0.000111,0.000202,0.000061,0.000102,0.000069,0.000049,0.000041,0.000036,0.000034,0.000012,0.000011,0.000025,0.000029
78,,,,,,,,,,,,,,0.000005,0.000060,0.000084,0.000115,0.000158,0.000232,0.000228,0.000301,0.000410,0.000329,0.000261,0.000311,0.000262,0.000222,0.000178,0.000163,0.000149,0.000105,0.000090,0.000141,0.000152,0.000162,0.000142,0.000073,0.000092,0.000089,0.000128,0.000101,0.000095,0.000069,0.000100,0.000086,0.000083,0.000009,0.000005,0.000024,0.000026
79,,,,,,,,,,,,,,0.000006,0.000095,0.000055,0.000041,0.000044,0.000056,0.000039,0.000037,0.000059,0.000072,0.000083,0.000119,0.000173,0.000223,0.000259,0.000284,0.000171,0.000058,0.000098,0.000068,0.000084,0.000141,0.000101,0.000054,0.000039,0.000022,0.000021,0.000029,0.000027,0.000021,0.000027,0.000023,0.000058,0.000065,0.000069,0.000124,0.000107
80,,,,,,,,,,,,,,0.000008,0.000131,0.000058,0.000045,0.000057,0.000068,0.000041,0.000057,0.000042,0.000036,0.000047,0.000048,0.000027,0.000037,0.000043,0.000046,0.000038,0.000033,0.000041,0.000024,0.000058,0.000116,0.000106,0.000062,0.000023,0.000017,0.000018,0.000044,0.000046,0.000058,0.000111,0.000135,0.000113,0.000046,0.000024,0.000139,0.000258
81,,,,,,,,,,,,,,0.000011,0.000114,0.000086,0.000073,0.000078,0.000141,0.000121,0.000127,0.000114,0.000106,0.000081,0.000142,0.000121,0.000119,0.000092,0.000096,0.000176,0.000142,0.000222,0.000094,0.000066,0.000070,0.000064,0.000045,0.000038,0.000034,0.000018,0.000050,0.000117,0.000307,0.000139,0.000057,0.000035,0.000005,0.000004,0.000053,0.000108
82,,,,,,,,,,,,,,0.000008,0.000127,0.000130,0.000073,0.000053,0.000069,0.000058,0.000066,0.000061,0.000069,0.000044,0.000044,0.000052,0.000056,0.000061,0.000046,0.000058,0.000134,0.000106,0.000110,0.000122,0.000091,0.000072,0.000025,0.000038,0.000059,0.000026,0.000053,0.000063,0.000046,0.000058,0.000052,0.000022,0.000020,0.000021,0.000082,0.000081
83,,,,,,,,,,,,,,0.000009,0.000189,0.000157,0.000117,0.000076,0.000162,0.000069,0.000090,0.000094,0.000088,0.000078,0.000097,0.000087,0.000079,0.000079,0.000104,0.000131,0.000060,0.000105,0.000071,0.000073,0.000080,0.000072,0.000023,0.000022,0.000022,0.000022,0.000056,0.000064,0.000034,0.000035,0.000023,0.000025,0.000007,0.000010,0.000103,0.000224
84,,,,,,,,,,,,,,0.000009,0.000099,0.000083,0.000082,0.000074,0.000109,0.000052,0.000070,0.000073,0.000051,0.000048,0.000068,0.000068,0.000056,0.000060,0.000071,0.000069,0.000071,0.000294,0.000352,0.001049,0.000883,0.000628,0.000214,0.000105,0.000082,0.000044,0.000156,0.000123,0.000065,0.000077,0.000107,0.000068,0.000010,0.000014,0.000092,0.000139
85,,,,,,,,,,,,,,0.000006,0.000064,0.000108,0.000083,0.000079,0.000088,0.000075,0.000061,0.000045,0.000024,0.000040,0.000020,0.000023,0.000033,0.000021,0.000036,0.000030,0.000065,0.000111,0.000073,0.000211,0.000122,0.000077,0.000032,0.000021,0.000023,0.000022,0.000022,0.000076,0.000355,0.000058,0.000044,0.000089,0.000041,0.000033,0.000096,0.000098
86,,,,,,,,,,,,,,0.000019,0.000351,0.000273,0.000198,0.000130,0.000142,0.000101,0.000137,0.000160,0.000130,0.000125,0.000245,0.000280,0.000340,0.000702,0.001215,0.001196,0.000781,0.001090,0.000542,0.000537,0.000501,0.000401,0.000116,0.000103,0.000057,0.000050,0.000119,0.000142,0.000145,0.000301,0.000360,0.000418,0.000027,0.000018,0.000036,0.000045
87,,,,,,,,,,,,,,0.000005,0.000063,0.000065,0.000040,0.000044,0.000068,0.000059,0.000088,0.000082,0.000072,0.000062,0.000089,0.000077,0.000078,0.000076,0.000077,0.000072,0.000051,0.000187,0.000138,0.000208,0.000207,0.000200,0.000055,0.000044,0.000049,0.000068,0.000059,0.000048,0.000028,0.000037,0.000031,0.000029,0.000005,0.000007,0.000032,0.000045
88,,,,,,,,,,,,,,0.000013,0.000278,0.000361,0.000392,0.000472,0.000959,0.000667,0.000891,0.000605,0.000491,0.000444,0.000439,0.000417,0.000383,0.000336,0.000388,0.000334,0.000146,0.000201,0.000105,0.000113,0.000094,0.000089,0.000035,0.000033,0.000028,0.000053,0.000163,0.000159,0.000108,0.000125,0.000123,0.000174,0.000012,0.000006,0.000055,0.000190
89,,,,,,,,,,,,,,0.000005,0.000056,0.000058,0.000053,0.000048,0.000064,0.000045,0.000054,0.000053,0.000052,0.000043,0.000067,0.000065,0.000057,0.000059,0.000054,0.000038,0.000027,0.000026,0.000024,0.000017,0.000177,0.000216,0.000118,0.000220,0.000106,0.000108,0.000214,0.000220,0.000251,0.000102,0.000074,0.000074,0.000019,0.000012,0.000040,0.000071
90,,,,,,,,,,,,,,0.000007,0.000056,0.000066,0.000080,0.000071,0.000089,0.000058,0.000078,0.000072,0.000175,0.000076,0.000089,0.000075,0.000065,0.000048,0.000088,0.000059,0.000032,0.000073,0.000069,0.000156,0.000203,0.000205,0.000102,0.000077,0.000073,0.000036,0.000054,0.000046,0.000028,0.000039,0.000048,0.000049,0.000007,0.000009,0.000054,0.000074
91,,,,,,,,,,,,,,0.000008,0.000151,0.000158,0.000229,0.000194,0.000228,0.000149,0.000153,0.000173,0.000127,0.000087,0.000110,0.000106,0.000084,0.000059,0.000120,0.000090,0.000025,0.000198,0.000210,0.000407,0.000447,0.000442,0.000181,0.000151,0.000068,0.000076,0.000118,0.000144,0.000066,0.000054,0.000101,0.000081,0.000012,0.000011,0.000059,0.000084
92,,,,,,,,,,,,,,0.000005,0.000190,0.000069,0.000050,0.000065,0.000069,0.000052,0.000040,0.000048,0.000055,0.000066,0.000055,0.000062,0.000062,0.000100,0.000115,0.000122,0.000072,0.000182,0.000094,0.000222,0.000529,0.000492,0.000245,0.000215,0.000216,0.000091,0.000183,0.000160,0.000083,0.000102,0.000080,0.000077,0.000013,0.000012,0.000049,0.000074
93,,,,,,,,,,,,,,0.000004,0.000104,0.000069,0.000060,0.000068,0.000093,0.000062,0.000045,0.000038,0.000020,0.000019,0.000007,0.000025,0.000037,0.000065,0.000140,0.000135,0.000134,0.000138,0.000130,0.000129,0.000155,0.000158,0.000063,0.000084,0.000158,0.000280,0.000535,0.000620,0.000377,0.000602,0.000402,0.000417,0.000038,0.000023,0.000074,0.000047
94,,,,,,,,,,,,,,0.000014,0.000182,0.000206,0.000224,0.000170,0.000224,0.000113,0.000136,0.000153,0.000121,0.000119,0.000159,0.000144,0.000140,0.000113,0.000121,0.000094,0.000046,0.000061,0.000040,0.000057,0.000073,0.000053,0.000022,0.000083,0.000078,0.000096,0.000092,0.000058,0.000032,0.000314,0.000149,0.000098,0.000006,0.000015,0.000091,0.000155
95,,,,,,,,,,,,,,0.000003,0.000034,0.000040,0.000211,0.000087,0.000137,0.000094,0.000123,0.000137,0.000112,0.000117,0.000092,0.000079,0.000074,0.000286,0.001112,0.000832,0.000301,0.000510,0.000149,0.000076,0.000148,0.000134,0.000164,0.000278,0.000193,0.000127,0.000331,0.000248,0.000179,0.000720,0.000360,0.000160,0.000017,0.000016,0.000042,0.000042
96,,,,,,,,,,,,,,0.000005,0.000054,0.000040,0.000034,0.000045,0.000056,0.000046,0.000050,0.000049,0.000052,0.000040,0.000045,0.000047,0.000049,0.000047,0.000071,0.000057,0.000037,0.000068,0.000068,0.000238,0.000169,0.000110,0.000023,0.000023,0.000047,0.000245,0.000217,0.000174,0.000097,0.000117,0.000040,0.000052,0.000016,0.000013,0.000035,0.000040
97,,,,,,,,,,,,,,0.000031,0.000557,0.000410,0.000319,0.000222,0.000332,0.000305,0.000229,0.000185,0.000123,0.000096,0.000139,0.000114,0.000118,0.000196,0.000182,0.000193,0.000090,0.000093,0.000048,0.000099,0.000123,0.000099,0.000059,0.000045,0.000030,0.000039,0.000073,0.000056,0.000040,0.000052,0.000039,0.000039,0.000005,0.000006,0.000040,0.000166
98,,,,,,,,,,,,,,0.000013,0.000198,0.000208,0.000124,0.000073,0.000098,0.000074,0.000111,0.000119,0.000094,0.000090,0.000171,0.000234,0.000325,0.000321,0.000560,0.000602,0.000345,0.000415,0.000278,0.000402,0.000398,0.000371,0.000214,0.000280,0.000285,0.000219,0.000545,0.000417,0.000184,0.000213,0.000139,0.000103,0.000007,0.000003,0.000017,0.000024
99,,,,,,,,,,,,,,0.000011,0.000259,0.000155,0.000108,0.000110,0.000139,0.000138,0.000307,0.000141,0.000084,0.000043,0.000067,0.000043,0.000106,0.000070,0.000072,0.000066,0.000033,0.000039,0.000039,0.000059,0.000069,0.000120,0.000078,0.000065,0.000044,0.000053,0.000095,0.000129,0.000056,0.000089,0.000115,0.000179,0.000024,0.000020,0.000057,0.000080
100,,,,,,,,,,,,,,0.000006,0.000052,0.000050,0.000081,0.000050,0.000052,0.000197,0.000221,0.000078,0.000072,0.000049,0.000051,0.000050,0.000050,0.000052,0.000049,0.000055,0.000168,0.000074,0.000056,0.000061,0.000071,0.000085,0.000037,0.000077,0.000092,0.000070,0.000087,0.000092,0.000058,0.000059,0.000050,0.000043,0.000014,0.000011,0.000050,0.000063
101,,,,,,,,,,,,,,0.000005,0.000078,0.000078,0.000114,0.000134,0.000148,0.000070,0.000053,0.000034,0.000025,0.000055,0.000048,0.000035,0.000044,0.000044,0.000062,0.000065,0.000091,0.000443,0.000262,0.000460,0.000327,0.000253,0.000181,0.000043,0.000032,0.000036,0.000192,0.000328,0.000279,0.000382,0.000310,0.000255,0.000023,0.000037,0.000047,0.000065
102,,,,,,,,,,,,,,0.000069,0.000544,0.000347,0.000246,0.000230,0.000241,0.000155,0.000177,0.000168,0.000137,0.000109,0.000137,0.000129,0.000129,0.000092,0.000100,0.000065,0.000036,0.000055,0.000062,0.000069,0.000065,0.000055,0.000026,0.000031,0.000039,0.000027,0.000040,0.000040,0.000037,0.000030,0.000024,0.000026,0.000006,0.000009,0.000087,0.000357
103,,,,,,,,,,,,,,0.000003,0.000033,0.000031,0.000041,0.000029,0.000035,0.000025,0.000028,0.000034,0.000026,0.000028,0.000043,0.000047,0.000033,0.000030,0.000039,0.000037,0.000064,0.000056,0.000073,0.000037,0.000040,0.000043,0.000025,0.000024,0.000019,0.000026,0.000032,0.000029,0.000018,0.000016,0.000013,0.000012,0.000004,0.000004,0.000020,0.000025
104,,,,,,,,,,,,,,0.000010,0.000156,0.000167,0.000197,0.000363,0.000667,0.000444,0.000568,0.000609,0.000466,0.000630,0.000343,0.000266,0.000190,0.000180,0.000269,0.000344,0.000135,0.000132,0.000031,0.000041,0.000073,0.000051,0.000092,0.000038,0.000029,0.000035,0.000036,0.000067,0.000046,0.000054,0.000038,0.000028,0.000012,0.000013,0.000021,0.000139
105,,,,,,,,,,,,,,0.000007,0.000156,0.000119,0.000112,0.000101,0.000102,0.000069,0.000058,0.000070,0.000070,0.000043,0.000060,0.000058,0.000050,0.000052,0.000036,0.000030,0.000070,0.000122,0.000036,0.000048,0.000040,0.000022,0.000026,0.000019,0.000081,0.000080,0.000020,0.000029,0.000057,0.000110,0.000203,0.000291,0.000058,0.000031,0.000041,0.000052
106,,,,,,,,,,,,,,0.000004,0.000076,0.000065,0.000043,0.000067,0.000048,0.000040,0.000050,0.000042,0.000048,0.000056,0.000100,0.000127,0.000125,0.000126,0.000140,0.000081,0.000031,0.000047,0.000022,0.000028,0.000034,0.000033,0.000026,0.000026,0.000042,0.000027,0.000030,0.000038,0.000048,0.000038,0.000056,0.000087,0.000035,0.000034,0.000043,0.000049
107,,,,,,,,,,,,,,0.000008,0.000097,0.000066,0.000043,0.000053,0.000071,0.000059,0.000062,0.000072,0.000071,0.000065,0.000097,0.000098,0.000107,0.000081,0.000098,0.000085,0.000056,0.000073,0.000041,0.000049,0.000066,0.000065,0.000032,0.000028,0.000029,0.000018,0.000028,0.000032,0.000031,0.000072,0.000054,0.000032,0.000043,0.000029,0.000068,0.000082
108,,,,,,,,,,,,,,0.000002,0.000026,0.000022,0.000020,0.000016,0.000023,0.000021,0.000039,0.000027,0.000021,0.000023,0.000031,0.000028,0.000029,0.000041,0.000054,0.000047,0.000022,0.000031,0.000019,0.000031,0.000031,0.000034,0.000017,0.000017,0.000066,0.000052,0.000022,0.000023,0.000024,0.000055,0.000061,0.000063,0.000007,0.000005,0.000022,0.000022
109,,,,,,,,,,,,,,0.000006,0.000079,0.000092,0.000073,0.000073,0.000145,0.000141,0.000149,0.000154,0.000135,0.000103,0.000186,0.000209,0.000190,0.000123,0.000120,0.000081,0.000034,0.000043,0.000031,0.000043,0.000049,0.000059,0.000065,0.000240,0.000158,0.000104,0.000182,0.000196,0.000107,0.000053,0.000042,0.000032,0.000003,0.000004,0.000031,0.000052
110,,,,,,,,,,,,,,0.000007,0.000115,0.000093,0.000083,0.000392,0.000154,0.000142,0.000091,0.000035,0.000044,0.000029,0.000061,0.000062,0.000039,0.000043,0.000042,0.000046,0.000082,0.000058,0.000047,0.000047,0.000050,0.000063,0.000027,0.000129,0.000070,0.000046,0.000092,0.000103,0.000065,0.000146,0.000202,0.000195,0.000030,0.000015,0.000053,0.000061
111,,,,,,,,,,,,,,0.000011,0.000185,0.000111,0.000073,0.000061,0.000073,0.000054,0.000057,0.000060,0.000108,0.000046,0.000055,0.000055,0.000061,0.000060,0.000053,0.000069,0.000159,0.000164,0.000116,0.000158,0.000121,0.000084,0.000057,0.000040,0.000027,0.000018,0.000033,0.000034,0.000121,0.000027,0.000029,0.000033,0.000020,0.000017,0.000051,0.000085
112,,,,,,,,,,,,,,0.000006,0.000157,0.000125,0.000081,0.000058,0.000077,0.000063,0.000075,0.000065,0.000072,0.000068,0.000102,0.000096,0.000083,0.000101,0.000234,0.000158,0.000086,0.000141,0.000115,0.000170,0.000303,0.000369,0.000171,0.000136,0.000147,0.000053,0.000106,0.000080,0.000058,0.000069,0.000058,0.000048,0.000008,0.000006,0.000037,0.000055
113,,,,,,,,,,,,,,0.000014,0.000215,0.000155,0.000110,0.000071,0.000065,0.000055,0.000044,0.000044,0.000053,0.000400,0.000102,0.000113,0.000110,0.000106,0.000142,0.000216,0.000194,0.000367,0.000435,0.000471,0.000341,0.000203,0.000048,0.000043,0.000027,0.000038,0.000092,0.000218,0.000088,0.000137,0.000265,0.000412,0.000062,0.000035,0.000111,0.000110
114,,,,,,,,,,,,,,0.000004,0.000066,0.000059,0.000067,0.000179,0.000061,0.000047,0.000073,0.000088,0.000067,0.000072,0.000101,0.000076,0.000047,0.000040,0.000087,0.000057,0.000027,0.000059,0.000060,0.000196,0.000385,0.000744,0.000322,0.000161,0.000065,0.000037,0.000060,0.000055,0.000030,0.000036,0.000026,0.000030,0.000007,0.000004,0.000026,0.000034
115,,,,,,,,,,,,,,0.000018,0.000303,0.000353,0.000218,0.000139,0.000208,0.000160,0.000214,0.000234,0.000231,0.000214,0.000303,0.000319,0.000282,0.000246,0.000243,0.000175,0.000140,0.000210,0.000078,0.000089,0.000102,0.000097,0.000116,0.000233,0.000206,0.000108,0.000179,0.000132,0.000077,0.000062,0.000030,0.000028,0.000006,0.000006,0.000029,0.000030
116,,,,,,,,,,,,,,0.000010,0.000191,0.000132,0.000072,0.000046,0.000062,0.000043,0.000068,0.000083,0.000076,0.000071,0.000096,0.000095,0.000099,0.000065,0.000083,0.000074,0.000033,0.000057,0.000053,0.000062,0.000071,0.000079,0.000062,0.000042,0.000033,0.000024,0.000087,0.000186,0.000220,0.000548,0.000635,0.000590,0.000035,0.000013,0.000066,0.000053
117,,,,,,,,,,,,,,0.000008,0.000056,0.000051,0.000022,0.000026,0.000036,0.000044,0.000039,0.000031,0.000025,0.000023,0.000030,0.000027,0.000032,0.000041,0.000041,0.000040,0.000043,0.000049,0.000037,0.000043,0.000053,0.000051,0.000020,0.000044,0.000040,0.000022,0.000045,0.000054,0.000035,0.000063,0.000065,0.000066,0.000037,0.000030,0.000080,0.000113
118,,,,,,,,,,,,,,0.000004,0.000044,0.000026,0.000023,0.000029,0.000043,0.000034,0.000055,0.000050,0.000071,0.000056,0.000076,0.000108,0.000210,0.000252,0.000356,0.000206,0.000215,0.000275,0.000263,0.000278,0.000366,0.000482,0.000243,0.000278,0.000272,0.000134,0.000231,0.000265,0.000166,0.000226,0.000152,0.000189,0.000025,0.000016,0.000071,0.000045
119,,,,,,,,,,,,,,0.000030,0.000471,0.000520,0.000412,0.000275,0.000359,0.000429,0.000604,0.000917,0.000959,0.000887,0.001418,0.001395,0.001228,0.000926,0.000841,0.000622,0.000234,0.000373,0.000215,0.000229,0.000165,0.000148,0.000078,0.000079,0.000051,0.000037,0.000060,0.000087,0.000061,0.000063,0.000030,0.000031,0.000010,0.000004,0.000014,0.000019
120,,,,,,,,,,,,,,0.000004,0.000043,0.000045,0.000024,0.000024,0.000032,0.000038,0.000049,0.000058,0.000065,0.000064,0.000075,0.000073,0.000072,0.000050,0.000062,0.000055,0.000108,0.000073,0.000097,0.000118,0.000101,0.000063,0.000046,0.000049,0.000117,0.000055,0.000132,0.000106,0.000044,0.000075,0.000037,0.000039,0.000008,0.000007,0.000015,0.000016
121,,,,,,,,,,,,,,0.000007,0.000165,0.000110,0.000060,0.000067,0.000135,0.000153,0.000140,0.000140,0.000131,0.000145,0.000173,0.000158,0.000157,0.000134,0.000128,0.000080,0.000041,0.000052,0.000046,0.000132,0.000078,0.000048,0.000027,0.000054,0.000037,0.000024,0.000072,0.000116,0.000120,0.000192,0.000175,0.000226,0.000032,0.000016,0.000036,0.000053
122,,,,,,,,,,,,,,0.000014,0.000103,0.000089,0.000066,0.000084,0.000132,0.000088,0.000126,0.000149,0.000137,0.000108,0.000181,0.000185,0.000162,0.000131,0.000172,0.000170,0.000122,0.000068,0.000053,0.000040,0.000042,0.000042,0.000013,0.000021,0.000013,0.000106,0.000038,0.000025,0.000017,0.000022,0.000023,0.000020,0.000034,0.000033,0.000167,0.000237
123,,,,,,,,,,,,,,0.000005,0.000026,0.000009,0.000017,0.000030,0.000031,0.000086,0.000126,0.000243,0.000299,0.000288,0.000520,0.000550,0.000740,0.000728,0.001062,0.000944,0.000314,0.000573,0.000208,0.000173,0.000178,0.000121,0.000085,0.000090,0.000072,0.000068,0.000142,0.000134,0.000089,0.000191,0.000273,0.000215,0.000013,0.000009,0.000043,0.000043
124,,,,,,,,,,,,,,0.000006,0.000111,0.000126,0.000076,0.000072,0.000124,0.000084,0.000097,0.000101,0.000149,0.000136,0.000164,0.000172,0.000115,0.000117,0.000130,0.000099,0.000079,0.000184,0.000074,0.000077,0.000134,0.000186,0.000223,0.000150,0.000070,0.000057,0.000203,0.000205,0.000107,0.000151,0.000149,0.000146,0.000008,0.000005,0.000020,0.000025
125,,,,,,,,,,,,,,0.000014,0.000488,0.000331,0.000263,0.000247,0.000399,0.000240,0.000282,0.000269,0.000226,0.000364,0.000444,0.000432,0.000394,0.000277,0.000380,0.000162,0.000111,0.000232,0.000152,0.000304,0.000216,0.000129,0.000045,0.000033,0.000034,0.000037,0.000114,0.000166,0.000073,0.000135,0.000108,0.000156,0.000048,0.000033,0.000119,0.000163
126,,,,,,,,,,,,,,0.000005,0.000070,0.000056,0.000040,0.000050,0.000025,0.000044,0.000043,0.000063,0.000076,0.000074,0.000092,0.000073,0.000082,0.000060,0.000065,0.000083,0.000039,0.000085,0.000066,0.000104,0.000112,0.000123,0.000050,0.000038,0.000036,0.000054,0.000337,0.000483,0.000437,0.000687,0.000530,0.000397,0.000025,0.000009,0.000051,0.000037
127,,,,,,,,,,,,,,0.000009,0.000151,0.000170,0.000159,0.000138,0.000182,0.000130,0.000204,0.000283,0.000416,0.000480,0.001105,0.001471,0.001765,0.001965,0.001857,0.001414,0.000483,0.000692,0.000348,0.000414,0.000425,0.000381,0.000142,0.000092,0.000070,0.000060,0.000136,0.000144,0.000082,0.000131,0.000124,0.000098,0.000007,0.000004,0.000028,0.000048
128,,,,,,,,,,,,,,0.000003,0.000063,0.000039,0.000034,0.000042,0.000122,0.000184,0.000308,0.000547,0.000737,0.000760,0.001309,0.001502,0.001636,0.001573,0.001688,0.001628,0.000829,0.001045,0.000658,0.000701,0.000710,0.000601,0.000213,0.000140,0.000077,0.000067,0.000104,0.000093,0.000060,0.000064,0.000043,0.000042,0.000007,0.000006,0.000026,0.000039
129,,,,,,,,,,,,,,0.000005,0.000087,0.000072,0.000058,0.000059,0.000093,0.000065,0.000106,0.000109,0.000093,0.000090,0.000163,0.000254,0.000311,0.000203,0.000250,0.000169,0.000078,0.000147,0.000146,0.000234,0.000229,0.000198,0.000063,0.000074,0.000113,0.000120,0.000211,0.000303,0.000087,0.000124,0.000080,0.000054,0.000005,0.000004,0.000020,0.000037
130,,,,,,,,,,,,,,0.000009,0.000052,0.000061,0.000133,0.000223,0.000277,0.000138,0.000129,0.000121,0.000115,0.000070,0.000089,0.000099,0.000094,0.000086,0.000071,0.000059,0.000063,0.000101,0.000072,0.000103,0.000086,0.000095,0.000077,0.000070,0.000041,0.000031,0.000052,0.000034,0.000150,0.000044,0.000041,0.000027,0.000005,0.000005,0.000028,0.000021
131,,,,,,,,,,,,,,0.000017,0.000325,0.000201,0.000159,0.000124,0.000138,0.000111,0.000183,0.000584,0.000377,0.000633,0.000587,0.000614,0.000601,0.000450,0.000510,0.000794,0.000300,0.000585,0.000213,0.000172,0.000155,0.000152,0.000046,0.000026,0.000022,0.000032,0.000064,0.000051,0.000026,0.000032,0.000068,0.000060,0.000008,0.000006,0.000063,0.000110
132,,,,,,,,,,,,,,0.000006,0.000067,0.000058,0.000038,0.000043,0.000041,0.000056,0.000066,0.000051,0.000046,0.000081,0.000050,0.000039,0.000042,0.000040,0.000066,0.000047,0.000046,0.000045,0.000043,0.000041,0.000054,0.000054,0.000041,0.000026,0.000021,0.000061,0.000014,0.000020,0.000024,0.000046,0.000094,0.000252,0.000041,0.000027,0.000070,0.000062
133,,,,,,,,,,,,,,0.000010,0.000188,0.000174,0.000183,0.000244,0.000172,0.000121,0.000163,0.000144,0.000136,0.000122,0.000157,0.000176,0.000159,0.000157,0.000102,0.000086,0.000079,0.000116,0.000073,0.000077,0.000090,0.000096,0.000084,0.000251,0.000151,0.000103,0.000168,0.000228,0.000303,0.000238,0.000111,0.000070,0.000012,0.000022,0.000137,0.000128
134,,,,,,,,,,,,,,0.000005,0.000054,0.000055,0.000060,0.000052,0.000070,0.000077,0.000153,0.000345,0.000446,0.000536,0.001052,0.001436,0.001891,0.001901,0.002213,0.002506,0.000642,0.000877,0.000367,0.000416,0.000403,0.000306,0.000107,0.000071,0.000040,0.000038,0.000074,0.000066,0.000057,0.000132,0.000156,0.000041,0.000007,0.000006,0.000040,0.000047
135,,,,,,,,,,,,,,0.000003,0.000059,0.000040,0.000025,0.000032,0.000034,0.000034,0.000039,0.000022,0.000027,0.000055,0.000047,0.000020,0.000048,0.000059,0.000036,0.000045,0.000062,0.000060,0.000049,0.000052,0.000045,0.000046,0.000034,0.000054,0.000100,0.000172,0.000598,0.000755,0.000512,0.000793,0.000593,0.000452,0.000029,0.000013,0.000040,0.000044
136,,,,,,,,,,,,,,0.000004,0.000030,0.000026,0.000026,0.000027,0.000054,0.000056,0.000067,0.000071,0.000071,0.000065,0.000087,0.000084,0.000080,0.000061,0.000068,0.000054,0.000031,0.000049,0.000039,0.000073,0.000059,0.000046,0.000021,0.000027,0.000036,0.000026,0.000028,0.000035,0.000015,0.000020,0.000022,0.000020,0.000006,0.000004,0.000019,0.000022
137,,,,,,,,,,,,,,0.000004,0.000076,0.000072,0.000057,0.000064,0.000091,0.000073,0.000101,0.000082,0.000084,0.000062,0.000077,0.000081,0.000061,0.000063,0.000056,0.000037,0.000115,0.000039,0.000027,0.000044,0.000039,0.000054,0.000024,0.000081,0.000111,0.000090,0.000117,0.000092,0.000056,0.000068,0.000078,0.000098,0.000011,0.000009,0.000027,0.000035
138,,,,,,,,,,,,,,0.000004,0.000071,0.000113,0.000192,0.000217,0.000425,0.000562,0.000433,0.000576,0.000370,0.000254,0.000352,0.000285,0.000223,0.000189,0.000139,0.000091,0.000037,0.000054,0.000034,0.000046,0.000067,0.000075,0.000047,0.000065,0.000072,0.000035,0.000087,0.000112,0.000086,0.000202,0.000162,0.000143,0.000013,0.000006,0.000038,0.000094
139,,,,,,,,,,,,,,0.000005,0.000069,0.000058,0.000043,0.000052,0.000233,0.000472,0.000881,0.001368,0.001407,0.001244,0.002033,0.002112,0.002047,0.001605,0.001400,0.001057,0.000352,0.000433,0.000207,0.000211,0.000196,0.000173,0.000059,0.000042,0.000029,0.000026,0.000049,0.000043,0.000024,0.000027,0.000021,0.000014,0.000006,0.000005,0.000027,0.000048
140,,,,,,,,,,,,,,0.000007,0.000150,0.000088,0.000065,0.000113,0.000071,0.000068,0.000074,0.000097,0.000072,0.000080,0.000117,0.000102,0.000080,0.000074,0.000110,0.000081,0.000042,0.000110,0.000079,0.000072,0.000084,0.000098,0.000107,0.000152,0.000115,0.000119,0.000110,0.000142,0.000087,0.000091,0.000081,0.000099,0.000016,0.000015,0.000039,0.000086
141,,,,,,,,,,,,,,0.000058,0.000961,0.000625,0.000510,0.000356,0.000366,0.000209,0.000200,0.000181,0.000134,0.000105,0.000144,0.000095,0.000086,0.000090,0.000092,0.000086,0.000050,0.000093,0.000053,0.000095,0.000068,0.000056,0.000028,0.000030,0.000051,0.000058,0.000120,0.000127,0.000055,0.000044,0.000032,0.000024,0.000007,0.000006,0.000027,0.000088
142,,,,,,,,,,,,,,0.000005,0.000098,0.000140,0.000072,0.000071,0.000117,0.000083,0.000096,0.000075,0.000066,0.000076,0.000075,0.000076,0.000075,0.000059,0.000061,0.000071,0.000032,0.000049,0.000092,0.000092,0.000084,0.000096,0.000107,0.000213,0.000114,0.000066,0.000093,0.000105,0.000052,0.000054,0.000049,0.000043,0.000009,0.000006,0.000070,0.000089
143,,,,,,,,,,,,,,0.000009,0.000110,0.000089,0.000083,0.000080,0.000098,0.000062,0.000077,0.000080,0.000088,0.000088,0.000111,0.000097,0.000103,0.000072,0.000072,0.000068,0.000139,0.000131,0.000073,0.000311,0.000223,0.000107,0.000049,0.000117,0.000124,0.000114,0.000114,0.000081,0.000054,0.000039,0.000037,0.000045,0.000007,0.000018,0.000056,0.000056
144,,,,,,,,,,,,,,0.000018,0.000223,0.000183,0.000308,0.000214,0.000231,0.000213,0.000244,0.000134,0.000095,0.000103,0.000085,0.000078,0.000062,0.000081,0.000101,0.000133,0.000187,0.000550,0.000330,0.000375,0.000188,0.000120,0.000060,0.000103,0.000057,0.000084,0.000049,0.000039,0.000025,0.000034,0.000040,0.000055,0.000008,0.000006,0.000039,0.000129
145,,,,,,,,,,,,,,0.000007,0.000105,0.000087,0.000191,0.000249,0.000558,0.000702,0.000702,0.000539,0.000469,0.000350,0.000381,0.000321,0.000211,0.000158,0.000266,0.000150,0.000212,0.000136,0.000051,0.000043,0.000093,0.000137,0.000136,0.000225,0.000100,0.000062,0.000128,0.000159,0.000100,0.000149,0.000169,0.000169,0.000022,0.000018,0.000147,0.000193
146,,,,,,,,,,,,,,0.000013,0.000225,0.000138,0.000137,0.000136,0.000237,0.000150,0.000214,0.000233,0.000177,0.000158,0.000182,0.000152,0.000139,0.000125,0.000380,0.000239,0.000068,0.000073,0.000042,0.000140,0.000234,0.000515,0.000314,0.000209,0.000081,0.000036,0.000080,0.000138,0.000050,0.000111,0.000082,0.000060,0.000012,0.000009,0.000082,0.000154
147,,,,,,,,,,,,,,0.000003,0.000057,0.000076,0.000097,0.000120,0.000198,0.000258,0.000187,0.000153,0.000176,0.000138,0.000195,0.000215,0.000255,0.000244,0.000338,0.000364,0.000090,0.000127,0.000046,0.000060,0.000083,0.000065,0.000029,0.000028,0.000024,0.000037,0.000118,0.000157,0.000238,0.000132,0.000145,0.000117,0.000005,0.000004,0.000031,0.000035
148,,,,,,,,,,,,,,0.000012,0.000298,0.000232,0.000130,0.000239,0.000138,0.000113,0.000081,0.000084,0.000125,0.000127,0.000126,0.000102,0.000076,0.000066,0.000055,0.000056,0.000028,0.000028,0.000183,0.000279,0.000353,0.000261,0.000115,0.000151,0.000095,0.000045,0.000055,0.000042,0.000058,0.000037,0.000067,0.000033,0.000023,0.000018,0.000060,0.000071
149,,,,,,,,,,,,,,0.000004,0.000074,0.000062,0.000046,0.000050,0.000060,0.000043,0.000065,0.000040,0.000038,0.000035,0.000060,0.000051,0.000039,0.000055,0.000064,0.000043,0.000049,0.000121,0.000061,0.000076,0.000074,0.000050,0.000018,0.000062,0.000085,0.000079,0.000058,0.000058,0.000038,0.000068,0.000114,0.000195,0.000019,0.000023,0.000043,0.000057
150,,,,,,,,,,,,,,0.000013,0.000120,0.000069,0.000057,0.000077,0.000063,0.000037,0.000043,0.000084,0.000087,0.000091,0.000124,0.000142,0.000189,0.000179,0.000189,0.000110,0.000079,0.000176,0.000312,0.000432,0.000629,0.000627,0.000269,0.000235,0.000145,0.000106,0.000182,0.000143,0.000083,0.000095,0.000086,0.000069,0.000012,0.000015,0.000146,0.000309
151,,,,,,,,,,,,,,0.000003,0.000081,0.000083,0.000078,0.000092,0.000188,0.000177,0.000255,0.000237,0.000299,0.000315,0.000403,0.000389,0.000318,0.000370,0.000518,0.000228,0.000092,0.000106,0.000114,0.000089,0.000050,0.000041,0.000022,0.000024,0.000036,0.000105,0.000100,0.000099,0.000058,0.000096,0.000131,0.000168,0.000019,0.000013,0.000024,0.000029
152,,,,,,,,,,,,,,0.000003,0.000039,0.000016,0.000011,0.000024,0.000036,0.000028,0.000032,0.000035,0.000051,0.000043,0.000052,0.000061,0.000052,0.000048,0.000068,0.000058,0.000042,0.000053,0.000034,0.000053,0.000050,0.000061,0.000031,0.000025,0.000030,0.000065,0.000379,0.000485,0.000301,0.000429,0.000360,0.000319,0.000023,0.000010,0.000033,0.000029
153,,,,,,,,,,,,,,0.000008,0.000084,0.000072,0.000036,0.000027,0.000050,0.000044,0.000069,0.000085,0.000112,0.000137,0.000158,0.000165,0.000140,0.000184,0.000175,0.000215,0.000221,0.000308,0.000112,0.000111,0.000063,0.000045,0.000030,0.000024,0.000023,0.000020,0.000038,0.000064,0.000037,0.000043,0.000040,0.000059,0.000035,0.000042,0.000137,0.000151
154,,,,,,,,,,,,,,0.000009,0.000069,0.000057,0.000058,0.000061,0.000089,0.000056,0.000069,0.000047,0.000033,0.000037,0.000036,0.000051,0.000053,0.000051,0.000039,0.000037,0.000021,0.000035,0.000035,0.000031,0.000058,0.000066,0.000037,0.000041,0.000055,0.000050,0.000067,0.000052,0.000027,0.000043,0.000074,0.000099,0.000039,0.000043,0.000241,0.000309
155,,,,,,,,,,,,,,0.000013,0.000114,0.000093,0.000157,0.000130,0.000120,0.000209,0.000220,0.000119,0.000094,0.000092,0.000141,0.000137,0.000099,0.000049,0.000032,0.000045,0.000036,0.000070,0.000075,0.000331,0.000479,0.000444,0.000186,0.000317,0.000137,0.000062,0.000093,0.000080,0.000053,0.000053,0.000046,0.000047,0.000015,0.000031,0.000284,0.000283
156,,,,,,,,,,,,,,0.000004,0.000059,0.000033,0.000042,0.000062,0.000069,0.000049,0.000065,0.000079,0.000067,0.000060,0.000068,0.000076,0.000062,0.000071,0.000058,0.000052,0.000033,0.000045,0.000045,0.000083,0.000131,0.000147,0.000083,0.000068,0.000146,0.000047,0.000090,0.000096,0.000063,0.000087,0.000118,0.000153,0.000045,0.000023,0.000104,0.000082
157,,,,,,,,,,,,,,0.000005,0.000051,0.000033,0.000035,0.000036,0.000035,0.000013,0.000036,0.000040,0.000062,0.000097,0.000130,0.000100,0.000095,0.000075,0.000075,0.000070,0.000031,0.000037,0.000030,0.000035,0.000045,0.000034,0.000020,0.000018,0.000013,0.000018,0.000058,0.000088,0.000106,0.000197,0.000135,0.000136,0.000057,0.000017,0.000057,0.000092
158,,,,,,,,,,,,,,0.000007,0.000108,0.000108,0.000153,0.000166,0.000261,0.000237,0.000214,0.000140,0.000138,0.000127,0.000206,0.000186,0.000209,0.000132,0.000147,0.000121,0.000050,0.000066,0.000049,0.000056,0.000068,0.000058,0.000108,0.000100,0.000075,0.000055,0.000151,0.000171,0.000124,0.000212,0.000151,0.000154,0.000040,0.000010,0.000037,0.000056
159,,,,,,,,,,,,,,0.000014,0.000105,0.000071,0.000064,0.000152,0.000087,0.000051,0.000063,0.000079,0.000086,0.000090,0.000131,0.000207,0.000215,0.000237,0.000243,0.000342,0.000097,0.000301,0.000595,0.000467,0.000499,0.000458,0.000166,0.000128,0.000163,0.000092,0.000161,0.000132,0.000067,0.000050,0.000041,0.000041,0.000006,0.000013,0.000287,0.000310
160,,,,,,,,,,,,,,0.000004,0.000083,0.000055,0.000158,0.000140,0.000107,0.000062,0.000059,0.000059,0.000060,0.000042,0.000055,0.000067,0.000051,0.000042,0.000041,0.000052,0.000035,0.000074,0.000073,0.000284,0.000297,0.000172,0.000038,0.000028,0.000057,0.000019,0.000031,0.000027,0.000019,0.000026,0.000027,0.000045,0.000034,0.000012,0.000026,0.000052
161,,,,,,,,,,,,,,0.000016,0.000279,0.000232,0.000212,0.000193,0.000192,0.000097,0.000140,0.000119,0.000288,0.000084,0.000106,0.000099,0.000077,0.000053,0.000077,0.000055,0.000044,0.000058,0.000028,0.000062,0.000065,0.000056,0.000020,0.000021,0.000028,0.000071,0.000224,0.000314,0.000149,0.000079,0.000125,0.000091,0.000037,0.000027,0.000116,0.000065
162,,,,,,,,,,,,,,0.000004,0.000037,0.000032,0.000032,0.000052,0.000129,0.000184,0.000318,0.000552,0.000800,0.000770,0.001210,0.001320,0.001294,0.001299,0.001347,0.001020,0.000326,0.000504,0.000348,0.000325,0.000254,0.000192,0.000070,0.000059,0.000049,0.000033,0.000067,0.000057,0.000029,0.000041,0.000044,0.000044,0.000004,0.000003,0.000016,0.000026
163,,,,,,,,,,,,,,0.000004,0.000108,0.000080,0.000066,0.000082,0.000083,0.000076,0.000105,0.000085,0.000064,0.000044,0.000076,0.000063,0.000056,0.000046,0.000061,0.000097,0.000143,0.000270,0.000618,0.000549,0.000487,0.000381,0.000165,0.000246,0.000349,0.000204,0.000388,0.000307,0.000145,0.000183,0.000132,0.000100,0.000011,0.000007,0.000030,0.000028
164,,,,,,,,,,,,,,0.000006,0.000084,0.000088,0.000070,0.000049,0.000076,0.000054,0.000085,0.000056,0.000056,0.000165,0.000073,0.000061,0.000035,0.000031,0.000042,0.000033,0.000061,0.000079,0.000045,0.000049,0.000051,0.000085,0.000088,0.000112,0.000072,0.000055,0.000112,0.000180,0.000063,0.000117,0.000194,0.000328,0.000057,0.000026,0.000064,0.000064
165,,,,,,,,,,,,,,0.000004,0.000032,0.000024,0.000017,0.000022,0.000023,0.000029,0.000045,0.000064,0.000142,0.000128,0.000182,0.000164,0.000111,0.000102,0.000076,0.000079,0.000145,0.000090,0.000078,0.000055,0.000043,0.000031,0.000019,0.000016,0.000022,0.000023,0.000022,0.000063,0.000203,0.000145,0.000124,0.000120,0.000024,0.000014,0.000048,0.000045
166,,,,,,,,,,,,,,0.000005,0.000052,0.000042,0.000025,0.000040,0.000105,0.000339,0.000321,0.000374,0.000460,0.000732,0.000603,0.000532,0.000428,0.000381,0.000243,0.000215,0.000108,0.000156,0.000128,0.000134,0.000127,0.000135,0.000111,0.000054,0.000044,0.000038,0.000069,0.000053,0.000033,0.000059,0.000122,0.000156,0.000009,0.000007,0.000054,0.000073
167,,,,,,,,,,,,,,0.000011,0.000308,0.000295,0.000260,0.000227,0.000320,0.000248,0.000216,0.000189,0.000156,0.000107,0.000132,0.000102,0.000080,0.000088,0.000180,0.000217,0.000153,0.000329,0.000168,0.000160,0.000104,0.000101,0.000038,0.000042,0.000022,0.000014,0.000030,0.000047,0.000026,0.000038,0.000064,0.000161,0.000018,0.000016,0.000053,0.000081
168,,,,,,,,,,,,,,0.000004,0.000088,0.000095,0.000074,0.000053,0.000047,0.000046,0.000046,0.000067,0.000067,0.000060,0.000069,0.000048,0.000044,0.000053,0.000053,0.000042,0.000026,0.000046,0.000042,0.000069,0.000080,0.000058,0.000033,0.000103,0.000172,0.000140,0.000228,0.000185,0.000103,0.000032,0.000030,0.000027,0.000008,0.000005,0.000017,0.000026
169,,,,,,,,,,,,,,0.000007,0.000193,0.000134,0.000111,0.000072,0.000075,0.000050,0.000046,0.000024,0.000051,0.000026,0.000002,0.000013,0.000023,0.000038,0.000105,0.000195,0.000569,0.001067,0.001168,0.001247,0.000950,0.000748,0.000210,0.000141,0.000078,0.000071,0.000109,0.000105,0.000081,0.000164,0.000192,0.000173,0.000014,0.000010,0.000055,0.000090
170,,,,,,,,,,,,,,0.000009,0.000068,0.000042,0.000034,0.000044,0.000040,0.000039,0.000053,0.000050,0.000053,0.000042,0.000029,0.000017,0.000041,0.000039,0.000107,0.000087,0.000070,0.000119,0.000057,0.000094,0.000068,0.000061,0.000087,0.000213,0.000095,0.000054,0.000080,0.000059,0.000031,0.000033,0.000053,0.000079,0.000037,0.000041,0.000177,0.000153
171,,,,,,,,,,,,,,0.000006,0.000068,0.000057,0.000061,0.000077,0.000140,0.000090,0.000110,0.000099,0.000088,0.000060,0.000091,0.000095,0.000093,0.000095,0.000089,0.000106,0.000105,0.000110,0.000050,0.000147,0.000191,0.000125,0.000081,0.000158,0.000096,0.000101,0.000210,0.000189,0.000068,0.000079,0.000072,0.000066,0.000018,0.000005,0.000017,0.000040
172,,,,,,,,,,,,,,0.000006,0.000176,0.000177,0.000126,0.000094,0.000107,0.000073,0.000125,0.000113,0.000155,0.000127,0.000150,0.000158,0.000156,0.000127,0.000167,0.000121,0.000049,0.000087,0.000067,0.000076,0.000069,0.000066,0.000026,0.000076,0.000077,0.000129,0.000404,0.000812,0.000409,0.000383,0.000320,0.000248,0.000016,0.000007,0.000034,0.000046
173,,,,,,,,,,,,,,0.000015,0.000800,0.000578,0.000377,0.000291,0.000310,0.000242,0.000394,0.000198,0.000192,0.000110,0.000149,0.000140,0.000125,0.000094,0.000104,0.000086,0.000050,0.000070,0.000056,0.000059,0.000075,0.000089,0.000036,0.000023,0.000022,0.000023,0.000034,0.000042,0.000047,0.000046,0.000035,0.000041,0.000006,0.000005,0.000031,0.000070
174,,,,,,,,,,,,,,0.000010,0.000081,0.000057,0.000053,0.000046,0.000055,0.000041,0.000068,0.000056,0.000086,0.000080,0.000119,0.000121,0.000094,0.000075,0.000075,0.000059,0.000033,0.000044,0.000039,0.000058,0.000181,0.000319,0.000417,0.000412,0.000325,0.000235,0.000385,0.000435,0.000250,0.000268,0.000169,0.000117,0.000008,0.000007,0.000152,0.000179
175,,,,,,,,,,,,,,0.000016,0.000291,0.000261,0.000194,0.000163,0.000206,0.000108,0.000107,0.000131,0.000117,0.000112,0.000198,0.000290,0.000394,0.000347,0.000411,0.000477,0.000170,0.000201,0.000176,0.000286,0.000357,0.000278,0.000110,0.000056,0.000042,0.000034,0.000065,0.000055,0.000036,0.000041,0.000040,0.000044,0.000006,0.000007,0.000024,0.000033
176,,,,,,,,,,,,,,0.000029,0.000343,0.000295,0.000269,0.000245,0.000289,0.000228,0.000263,0.000226,0.000164,0.000107,0.000139,0.000129,0.000117,0.000125,0.000238,0.000304,0.000176,0.000262,0.000123,0.000149,0.000174,0.000104,0.000046,0.000059,0.000030,0.000053,0.000037,0.000032,0.000027,0.000024,0.000027,0.000030,0.000005,0.000009,0.000082,0.000300
177,,,,,,,,,,,,,,0.000032,0.000313,0.000260,0.000170,0.000156,0.000168,0.000086,0.000130,0.000145,0.000201,0.000202,0.000331,0.000412,0.000513,0.000412,0.000359,0.000378,0.000269,0.000553,0.000449,0.000751,0.000612,0.000458,0.000139,0.000088,0.000058,0.000068,0.000123,0.000158,0.000133,0.000109,0.000164,0.000171,0.000013,0.000006,0.000057,0.000193
178,,,,,,,,,,,,,,0.000006,0.000076,0.000074,0.000052,0.000043,0.000042,0.000034,0.000040,0.000043,0.000050,0.000125,0.000070,0.000077,0.000065,0.000054,0.000077,0.000084,0.000071,0.000254,0.000388,0.000555,0.000343,0.000246,0.000076,0.000051,0.000039,0.000038,0.000125,0.000141,0.000052,0.000097,0.000233,0.000240,0.000035,0.000016,0.000059,0.000066
179,,,,,,,,,,,,,,0.000018,0.000410,0.000279,0.000198,0.000225,0.000233,0.000155,0.000169,0.000147,0.000082,0.000048,0.000063,0.000066,0.000071,0.000058,0.000114,0.000094,0.000119,0.000119,0.000108,0.000120,0.000082,0.000068,0.000040,0.000144,0.000100,0.000052,0.000136,0.000104,0.000029,0.000044,0.000071,0.000040,0.000008,0.000006,0.000046,0.000119
180,,,,,,,,,,,,,,0.000006,0.000061,0.000089,0.000075,0.000131,0.000306,0.000350,0.000361,0.000316,0.000230,0.000151,0.000158,0.000148,0.000093,0.000066,0.000072,0.000063,0.000027,0.000033,0.000024,0.000036,0.000046,0.000024,0.000017,0.000017,0.000012,0.000018,0.000044,0.000062,0.000088,0.000246,0.000386,0.000482,0.000058,0.000041,0.000170,0.000131
181,,,,,,,,,,,,,,0.000036,0.000697,0.000432,0.000315,0.000220,0.000219,0.000127,0.000133,0.000145,0.000110,0.000081,0.000127,0.000094,0.000081,0.000063,0.000081,0.000096,0.000129,0.000257,0.000246,0.000418,0.000466,0.000542,0.000228,0.000217,0.000160,0.000101,0.000208,0.000172,0.000081,0.000094,0.000065,0.000052,0.000008,0.000006,0.000048,0.000088
182,,,,,,,,,,,,,,0.000004,0.000072,0.000092,0.000190,0.000425,0.000921,0.000816,0.000934,0.001040,0.000823,0.000496,0.000591,0.000503,0.000392,0.000280,0.000227,0.000218,0.000083,0.000107,0.000068,0.000069,0.000067,0.000063,0.000020,0.000024,0.000023,0.000019,0.000033,0.000032,0.000024,0.000019,0.000029,0.000035,0.000010,0.000008,0.000025,0.000029
183,,,,,,,,,,,,,,0.000003,0.000057,0.000040,0.000061,0.000093,0.000083,0.000068,0.000087,0.000074,0.000071,0.000066,0.000053,0.000049,0.000070,0.000065,0.000047,0.000070,0.000038,0.000028,0.000026,0.000043,0.000058,0.000070,0.000024,0.000018,0.000030,0.000020,0.000077,0.000171,0.000150,0.000249,0.000318,0.000383,0.000041,0.000021,0.000094,0.000090
184,,,,,,,,,,,,,,0.000014,0.000192,0.000121,0.000094,0.000111,0.000133,0.000079,0.000111,0.000112,0.000092,0.000065,0.000085,0.000073,0.000060,0.000056,0.000061,0.000072,0.000029,0.000034,0.000174,0.000097,0.000175,0.000274,0.000288,0.000309,0.000158,0.000127,0.000210,0.000147,0.000078,0.000083,0.000074,0.000085,0.000008,0.000009,0.000067,0.000128
185,,,,,,,,,,,,,,0.000006,0.000205,0.000382,0.000599,0.000760,0.001490,0.000918,0.001179,0.001066,0.000808,0.000483,0.000505,0.000388,0.000299,0.000187,0.000203,0.000174,0.000067,0.000102,0.000052,0.000056,0.000085,0.000087,0.000050,0.000043,0.000025,0.000023,0.000051,0.000058,0.000032,0.000052,0.000065,0.000091,0.000014,0.000010,0.000040,0.000085
186,,,,,,,,,,,,,,0.000003,0.000075,0.000050,0.000186,0.000127,0.000097,0.000083,0.000061,0.000061,0.000062,0.000074,0.000086,0.000069,0.000072,0.000077,0.000062,0.000062,0.000035,0.000034,0.000030,0.000057,0.000075,0.000069,0.000032,0.000072,0.000181,0.000194,0.000389,0.000301,0.000139,0.000223,0.000201,0.000144,0.000010,0.000007,0.000020,0.000027
187,,,,,,,,,,,,,,0.000002,0.000026,0.000016,0.000016,0.000021,0.000045,0.000105,0.000069,0.000041,0.000041,0.000037,0.000037,0.000039,0.000064,0.000098,0.000061,0.000045,0.000026,0.000061,0.000052,0.000034,0.000120,0.000229,0.000208,0.000089,0.000073,0.000065,0.000148,0.000143,0.000095,0.000116,0.000106,0.000113,0.000028,0.000013,0.000048,0.000028
188,,,,,,,,,,,,,,0.000007,0.000134,0.000092,0.000077,0.000068,0.000070,0.000054,0.000058,0.000060,0.000102,0.000038,0.000044,0.000022,0.000015,0.000012,0.000031,0.000084,0.000076,0.000158,0.000079,0.000162,0.000142,0.000128,0.000059,0.000089,0.000048,0.000081,0.000097,0.000130,0.000145,0.000146,0.000122,0.000122,0.000013,0.000007,0.000019,0.000018
189,,,,,,,,,,,,,,0.000013,0.000175,0.000185,0.000159,0.000124,0.000192,0.000167,0.000243,0.000300,0.000249,0.000217,0.000347,0.000319,0.000345,0.000287,0.000337,0.000294,0.000153,0.000272,0.000246,0.000428,0.000457,0.000414,0.000213,0.000222,0.000142,0.000142,0.000206,0.000161,0.000108,0.000119,0.000088,0.000052,0.000007,0.000004,0.000023,0.000024
190,,,,,,,,,,,,,,0.000004,0.000059,0.000039,0.000034,0.000044,0.000085,0.000046,0.000155,0.000097,0.000077,0.000070,0.000072,0.000076,0.000077,0.000077,0.000071,0.000078,0.000035,0.000072,0.000061,0.000055,0.000060,0.000085,0.000175,0.000102,0.000071,0.000150,0.000096,0.000083,0.000093,0.000064,0.000066,0.000071,0.000013,0.000009,0.000047,0.000064
191,,,,,,,,,,,,,,0.000004,0.000049,0.000039,0.000041,0.000049,0.000052,0.000053,0.000046,0.000043,0.000046,0.000041,0.000069,0.000059,0.000066,0.000058,0.000057,0.000059,0.000031,0.000045,0.000035,0.000068,0.000101,0.000103,0.000100,0.000131,0.000080,0.000096,0.000290,0.000372,0.000190,0.000218,0.000150,0.000138,0.000012,0.000006,0.000016,0.000079
192,,,,,,,,,,,,,,0.000006,0.000040,0.000041,0.000041,0.000041,0.000055,0.000047,0.000042,0.000041,0.000037,0.000041,0.000046,0.000042,0.000048,0.000047,0.000059,0.000054,0.000027,0.000042,0.000030,0.000039,0.000057,0.000044,0.000020,0.000033,0.000093,0.000062,0.000087,0.000059,0.000029,0.000034,0.000018,0.000028,0.000036,0.000024,0.000046,0.000060
193,,,,,,,,,,,,,,0.000005,0.000052,0.000051,0.000051,0.000038,0.000053,0.000046,0.000129,0.000092,0.000109,0.000089,0.000111,0.000102,0.000122,0.000090,0.000110,0.000090,0.000072,0.000109,0.000102,0.000379,0.000218,0.000259,0.000319,0.000454,0.000216,0.000103,0.000172,0.000145,0.000112,0.000155,0.000116,0.000096,0.000021,0.000022,0.000100,0.000118
194,,,,,,,,,,,,,,0.000008,0.000107,0.000108,0.000050,0.000048,0.000072,0.000046,0.000066,0.000062,0.000064,0.000049,0.000056,0.000047,0.000041,0.000045,0.000042,0.000046,0.000029,0.000060,0.000080,0.000066,0.000069,0.000063,0.000046,0.000034,0.000021,0.000016,0.000049,0.000143,0.000042,0.000041,0.000109,0.000098,0.000008,0.000012,0.000049,0.000055
195,,,,,,,,,,,,,,0.000004,0.000071,0.000055,0.000060,0.000068,0.000112,0.000087,0.000110,0.000095,0.000097,0.000083,0.000119,0.000141,0.000119,0.000098,0.000127,0.000080,0.000040,0.000065,0.000042,0.000061,0.000092,0.000070,0.000027,0.000033,0.000019,0.000019,0.000044,0.000037,0.000036,0.000050,0.000086,0.000213,0.000105,0.000056,0.000150,0.000126
196,,,,,,,,,,,,,,0.000007,0.000082,0.000065,0.000061,0.000049,0.000053,0.000045,0.000062,0.000074,0.000085,0.000076,0.000108,0.000098,0.000089,0.000077,0.000090,0.000082,0.000044,0.000072,0.000061,0.000093,0.000093,0.000099,0.000043,0.000037,0.000052,0.000080,0.000067,0.000044,0.000020,0.000013,-0.000002,0.000001,0.000029,0.000038,0.000069,0.000074
197,,,,,,,,,,,,,,0.000004,0.000111,0.000064,0.000063,0.000063,0.000075,0.000055,0.000087,0.000052,0.000051,0.000053,0.000077,0.000062,0.000036,0.000040,0.000056,0.000047,0.000038,0.000089,0.000069,0.000058,0.000058,0.000053,0.000025,0.000018,0.000013,0.000017,0.000032,0.000053,0.000080,0.000213,0.000272,0.000374,0.000039,0.000022,0.000089,0.000079
198,,,,,,,,,,,,,,0.000004,0.000039,0.000022,0.000017,0.000028,0.000052,0.000037,0.000034,0.000044,0.000050,0.000080,0.000184,0.000259,0.000274,0.000293,0.000239,0.000131,0.000057,0.000139,0.000053,0.000052,0.000062,0.000062,0.000022,0.000022,0.000030,0.000033,0.000128,0.000135,0.000109,0.000173,0.000224,0.000307,0.000033,0.000015,0.000052,0.000051
199,,,,,,,,,,,,,,0.000003,0.000038,0.000017,0.000018,0.000022,0.000029,0.000028,0.000026,0.000025,0.000029,0.000092,0.000047,0.000036,0.000031,0.000049,0.000075,0.000075,0.000038,0.000077,0.000073,0.000071,0.000075,0.000081,0.000040,0.000106,0.000080,0.000083,0.000100,0.000140,0.000073,0.000068,0.000078,0.000139,0.000022,0.000013,0.000027,0.000024
200,,,,,,,,,,,,,,0.000022,0.000156,0.000090,0.000061,0.000245,0.000125,0.000089,0.000092,0.000077,0.000100,0.000087,0.000100,0.000107,0.000094,0.000165,0.000144,0.000155,0.000038,0.000084,0.000077,0.000096,0.000107,0.000095,0.000036,0.000057,0.000095,0.000225,0.000725,0.000828,0.000406,0.000544,0.000373,0.000298,0.000017,0.000008,0.000076,0.000333
201,,,,,,,,,,,,,,0.000004,0.000042,0.000040,0.000042,0.000040,0.000062,0.000043,0.000075,0.000092,0.000125,0.000118,0.000120,0.000079,0.000090,0.000065,0.000062,0.000083,0.000062,0.000089,0.000049,0.000063,0.000060,0.000076,0.000029,0.000029,0.000026,0.000032,0.000142,0.000228,0.000286,0.000306,0.000128,0.000129,0.000039,0.000017,0.000072,0.000144
202,,,,,,,,,,,,,,0.000035,0.000356,0.000216,0.000157,0.000121,0.000142,0.000113,0.000151,0.000107,0.000089,0.000097,0.000148,0.000129,0.000122,0.000094,0.000114,0.000102,0.000047,0.000075,0.000066,0.000081,0.000107,0.000075,0.000037,0.000027,0.000031,0.000035,0.000065,0.000052,0.000032,0.000030,0.000028,0.000027,0.000010,0.000020,0.000196,0.000351
203,,,,,,,,,,,,,,0.000024,0.000294,0.000136,0.000098,0.000089,0.000114,0.000073,0.000075,0.000084,0.000083,0.000065,0.000081,0.000081,0.000066,0.000038,0.000055,0.000084,0.000033,0.000057,0.000045,0.000042,0.000099,0.000140,0.000187,0.000288,0.000216,0.000104,0.000135,0.000079,0.000049,0.000055,0.000044,0.000037,0.000007,0.000013,0.000233,0.000376
204,,,,,,,,,,,,,,0.000014,0.000102,0.000091,0.000057,0.000046,0.000043,0.000053,0.000062,0.000065,0.000036,0.000067,0.000076,0.000073,0.000054,0.000032,0.000023,0.000014,0.000039,0.000073,0.000052,0.000079,0.000194,0.000122,0.000058,0.000213,0.000175,0.000115,0.000239,0.000306,0.000157,0.000159,0.000106,0.000091,0.000020,0.000015,0.000055,0.000082
205,,,,,,,,,,,,,,0.000013,0.000362,0.000185,0.000138,0.000211,0.000276,0.000180,0.000191,0.000191,0.000200,0.000131,0.000187,0.000172,0.000169,0.000182,0.000255,0.000343,0.000155,0.000186,0.000091,0.000068,0.000098,0.000091,0.000079,0.000080,0.000023,0.000022,0.000036,0.000041,0.000025,0.000026,0.000038,0.000063,0.000010,0.000007,0.000077,0.000107
206,,,,,,,,,,,,,,0.000007,0.000109,0.000067,0.000074,0.000073,0.000129,0.000305,0.000462,0.000682,0.000838,0.000942,0.001143,0.001232,0.001147,0.001038,0.000851,0.000578,0.000199,0.000287,0.000187,0.000240,0.000220,0.000190,0.000120,0.000058,0.000084,0.000061,0.000120,0.000156,0.000115,0.000176,0.000150,0.000117,0.000013,0.000009,0.000045,0.000090
207,,,,,,,,,,,,,,0.000029,0.000297,0.000246,0.000177,0.000233,0.000210,0.000157,0.000179,0.000165,0.000188,0.000143,0.000240,0.000280,0.000343,0.000704,0.000735,0.000801,0.000197,0.000698,0.000496,0.000471,0.000388,0.000283,0.000086,0.000076,0.000069,0.000044,0.000065,0.000063,0.000059,0.000123,0.000201,0.000199,0.000017,0.000010,0.000037,0.000042
208,,,,,,,,,,,,,,0.000005,0.000043,0.000053,0.000043,0.000045,0.000075,0.000085,0.000154,0.000261,0.000350,0.000492,0.000519,0.000560,0.000573,0.000728,0.000768,0.000822,0.000624,0.001057,0.000382,0.000260,0.000145,0.000120,0.000035,0.000030,0.000023,0.000026,0.000035,0.000043,0.000026,0.000037,0.000042,0.000045,0.000011,0.000013,0.000050,0.000049
209,,,,,,,,,,,,,,0.000011,0.000204,0.000164,0.000108,0.000077,0.000108,0.000090,0.000210,0.000132,0.000153,0.000272,0.000237,0.000260,0.000258,0.000258,0.000356,0.000334,0.000104,0.000164,0.000173,0.000193,0.000213,0.000177,0.000122,0.000098,0.000079,0.000087,0.000174,0.000196,0.000076,0.000139,0.000098,0.000067,0.000010,0.000005,0.000050,0.000150
210,,,,,,,,,,,,,,0.000008,0.000167,0.000136,0.000114,0.000112,0.000167,0.000091,0.000112,0.000132,0.000112,0.000105,0.000198,0.000195,0.000141,0.000128,0.000141,0.000085,0.000029,0.000033,0.000028,0.000049,0.000055,0.000053,0.000020,0.000025,0.000014,0.000015,0.000032,0.000041,0.000038,0.000086,0.000137,0.000177,0.000011,0.000008,0.000036,0.000101
211,,,,,,,,,,,,,,0.000004,0.000070,0.000059,0.000047,0.000046,0.000073,0.000053,0.000071,0.000093,0.000095,0.000075,0.000099,0.000118,0.000111,0.000095,0.000126,0.000106,0.000057,0.000112,0.000118,0.000216,0.000285,0.000364,0.000235,0.000234,0.000164,0.000100,0.000137,0.000116,0.000057,0.000060,0.000049,0.000043,0.000005,0.000004,0.000024,0.000030
212,,,,,,,,,,,,,,0.000004,0.000062,0.000077,0.000100,0.000133,0.000228,0.000155,0.000191,0.000151,0.000114,0.000074,0.000080,0.000067,0.000063,0.000028,0.000042,0.000033,0.000042,0.000026,0.000018,0.000062,0.000112,0.000303,0.000367,0.000220,0.000113,0.000067,0.000169,0.000175,0.000158,0.000306,0.000406,0.000555,0.000090,0.000056,0.000129,0.000081
213,,,,,,,,,,,,,,0.000004,0.000056,0.000050,0.000044,0.000071,0.000075,0.000081,0.000092,0.000060,0.000041,0.000086,0.000060,0.000036,0.000031,0.000059,0.000063,0.000071,0.000045,0.000039,0.000039,0.000045,0.000054,0.000056,0.000032,0.000047,0.000049,0.000058,0.000132,0.000297,0.000339,0.000584,0.000511,0.000460,0.000034,0.000017,0.000072,0.000074
214,,,,,,,,,,,,,,0.000010,0.000102,0.000079,0.000113,0.000136,0.000218,0.000137,0.000225,0.000133,0.000092,0.000065,0.000055,0.000055,0.000057,0.000053,0.000039,0.000056,0.000074,0.000135,0.000110,0.000168,0.000131,0.000101,0.000094,0.000049,0.000042,0.000030,0.000043,0.000078,0.000215,0.000179,0.000249,0.000407,0.000035,0.000020,0.000048,0.000078
215,,,,,,,,,,,,,,0.000003,0.000047,0.000023,0.000021,0.000054,0.000060,0.000068,0.000148,0.000102,0.000164,0.000141,0.000221,0.000257,0.000230,0.000314,0.000307,0.000236,0.000161,0.000376,0.000358,0.000437,0.000456,0.000363,0.000146,0.000114,0.000104,0.000155,0.000654,0.000809,0.000454,0.000556,0.000392,0.000310,0.000020,0.000010,0.000050,0.000059
216,,,,,,,,,,,,,,0.000005,0.000052,0.000061,0.000041,0.000038,0.000054,0.000040,0.000041,0.000034,0.000030,0.000040,0.000050,0.000060,0.000066,0.000161,0.000243,0.000151,0.000194,0.000147,0.000075,0.000077,0.000082,0.000067,0.000026,0.000041,0.000031,0.000033,0.000097,0.000130,0.000127,0.000261,0.000158,0.000155,0.000024,0.000017,0.000057,0.000071
217,,,,,,,,,,,,,,0.000009,0.000054,0.000048,0.000148,0.000124,0.000130,0.000080,0.000087,0.000086,0.000074,0.000063,0.000049,0.000064,0.000085,0.000056,0.000053,0.000051,0.000038,0.000051,0.000037,0.000039,0.000070,0.000053,0.000032,0.000097,0.000038,0.000041,0.000064,0.000061,0.000034,0.000034,0.000033,0.000037,0.000016,0.000006,0.000021,0.000034
218,,,,,,,,,,,,,,0.000008,0.000080,0.000065,0.000054,0.000058,0.000049,0.000039,0.000051,0.000042,0.000046,0.000051,0.000066,0.000038,0.000044,0.000050,0.000129,0.000242,0.000682,0.000423,0.000206,0.000236,0.000214,0.000159,0.000051,0.000030,0.000023,0.000022,0.000044,0.000055,0.000028,0.000031,0.000044,0.000047,0.000025,0.000026,0.000135,0.000126
219,,,,,,,,,,,,,,0.000004,0.000053,0.000032,0.000025,0.000034,0.000043,0.000078,0.000172,0.000275,0.000352,0.000417,0.000487,0.000519,0.000501,0.000439,0.000417,0.000277,0.000126,0.000232,0.000178,0.000263,0.000202,0.000178,0.000130,0.000061,0.000124,0.000055,0.000095,0.000110,0.000103,0.000088,0.000074,0.000062,0.000012,0.000013,0.000041,0.000058
220,,,,,,,,,,,,,,0.000009,0.000166,0.000105,0.000089,0.000110,0.000129,0.000096,0.000084,0.000086,0.000079,0.000069,0.000084,0.000099,0.000085,0.000093,0.000089,0.000042,0.000046,0.000057,0.000034,0.000055,0.000052,0.000057,0.000032,0.000033,0.000034,0.000064,0.000234,0.000352,0.000113,0.000081,0.000087,0.000058,0.000012,0.000008,0.000025,0.000028
221,,,,,,,,,,,,,,0.000004,0.000243,0.000112,0.000122,0.000083,0.000121,0.000073,0.000099,0.000105,0.000116,0.000095,0.000109,0.000101,0.000098,0.000243,0.000377,0.000368,0.000115,0.000223,0.000146,0.000082,0.000073,0.000039,0.000018,0.000048,0.000054,0.000083,0.000073,0.000077,0.000057,0.000192,0.000101,0.000058,0.000024,0.000017,0.000048,0.000099
222,,,,,,,,,,,,,,0.000005,0.000064,0.000059,0.000053,0.000094,0.000051,0.000036,0.000081,0.000164,0.000243,0.000324,0.000835,0.001214,0.001555,0.001758,0.002307,0.002060,0.000637,0.000925,0.000512,0.000483,0.000502,0.000368,0.000144,0.000084,0.000056,0.000044,0.000097,0.000094,0.000050,0.000062,0.000052,0.000065,0.000008,0.000006,0.000029,0.000035
223,,,,,,,,,,,,,,0.000019,0.000171,0.000137,0.000134,0.000163,0.000274,0.000184,0.000363,0.000461,0.000521,0.000543,0.001048,0.001151,0.001182,0.000859,0.001011,0.000955,0.000339,0.000559,0.000230,0.000265,0.000277,0.000221,0.000074,0.000055,0.000039,0.000035,0.000083,0.000087,0.000040,0.000023,0.000015,0.000012,0.000004,0.000008,0.000124,0.000291
224,,,,,,,,,,,,,,0.000007,0.000073,0.000066,0.000061,0.000064,0.000125,0.000160,0.000460,0.000214,0.000187,0.000124,0.000159,0.000152,0.000140,0.000114,0.000100,0.000076,0.000036,0.000055,0.000042,0.000107,0.000154,0.000161,0.000081,0.000050,0.000048,0.000025,0.000048,0.000049,0.000045,0.000028,0.000026,0.000017,0.000012,0.000015,0.000063,0.000059
225,,,,,,,,,,,,,,0.000005,0.000062,0.000055,0.000044,0.000042,0.000065,0.000063,0.000052,0.000071,0.000053,0.000130,0.000065,0.000049,0.000050,0.000055,0.000051,0.000077,0.000204,0.000148,0.000099,0.000255,0.000373,0.000313,0.000117,0.000106,0.000094,0.000074,0.000102,0.000076,0.000043,0.000035,0.000034,0.000045,0.000010,0.000009,0.000036,0.000041
226,,,,,,,,,,,,,,0.000005,0.000076,0.000055,0.000044,0.000038,0.000057,0.000045,0.000049,0.000045,0.000048,0.000036,0.000035,0.000029,0.000020,0.000022,0.000069,0.000030,0.000028,0.000051,0.000039,0.000051,0.000054,0.000045,0.000013,0.000028,0.000023,0.000039,0.000041,0.000046,0.000129,0.000061,0.000062,0.000073,0.000025,0.000020,0.000055,0.000053
227,,,,,,,,,,,,,,0.000005,0.000037,0.000032,0.000029,0.000032,0.000038,0.000080,0.000051,0.000039,0.000026,0.000030,0.000033,0.000028,0.000026,0.000033,0.000029,0.000031,0.000059,0.000047,0.000025,0.000037,0.000028,0.000032,0.000027,0.000112,0.000044,0.000042,0.000054,0.000051,0.000137,0.000060,0.000094,0.000215,0.000062,0.000043,0.000083,0.000082
228,,,,,,,,,,,,,,0.000002,0.000046,0.000045,0.000035,0.000030,0.000042,0.000030,0.000053,0.000050,0.000048,0.000053,0.000062,0.000064,0.000057,0.000064,0.000057,0.000045,0.000025,0.000028,0.000028,0.000024,0.000039,0.000092,0.000083,0.000043,0.000029,0.000021,0.000107,0.000245,0.000309,0.000289,0.000236,0.000207,0.000016,0.000011,0.000028,0.000034
229,,,,,,,,,,,,,,0.000007,0.000088,0.000067,0.000060,0.000061,0.000071,0.000069,0.000071,0.000068,0.000057,0.000078,0.000103,0.000084,0.000099,0.000335,0.000502,0.000310,0.000071,0.000086,0.000063,0.000058,0.000089,0.000093,0.000208,0.000087,0.000034,0.000040,0.000071,0.000069,0.000040,0.000063,0.000096,0.000068,0.000009,0.000009,0.000090,0.000113
230,,,,,,,,,,,,,,0.000005,0.000061,0.000059,0.000071,0.000069,0.000129,0.000131,0.000219,0.000167,0.000171,0.000104,0.000136,0.000108,0.000086,0.000061,0.000036,0.000048,0.000023,0.000051,0.000069,0.000094,0.000096,0.000100,0.000045,0.000043,0.000023,0.000019,0.000023,0.000027,0.000058,0.000100,0.000116,0.000178,0.000062,0.000030,0.000075,0.000088
231,,,,,,,,,,,,,,0.000004,0.000040,0.000029,0.000026,0.000024,0.000034,0.000029,0.000042,0.000058,0.000052,0.000051,0.000061,0.000084,0.000077,0.000077,0.000060,0.000048,0.000027,0.000030,0.000027,0.000044,0.000049,0.000037,0.000022,0.000025,0.000108,0.000141,0.000080,0.000108,0.000074,0.000092,0.000061,0.000044,0.000008,0.000006,0.000016,0.000026
232,,,,,,,,,,,,,,0.000005,0.000062,0.000044,0.000038,0.000040,0.000047,0.000048,0.000066,0.000075,0.000071,0.000059,0.000092,0.000101,0.000103,0.000097,0.000089,0.000067,0.000029,0.000038,0.000045,0.000037,0.000047,0.000061,0.000067,0.000062,0.000027,0.000023,0.000031,0.000046,0.000037,0.000061,0.000049,0.000050,0.000020,0.000017,0.000049,0.000072
233,,,,,,,,,,,,,,0.000007,0.000299,0.000324,0.000395,0.000255,0.000213,0.000088,0.000125,0.000100,0.000084,0.000103,0.000114,0.000113,0.000101,0.000077,0.000086,0.000076,0.000040,0.000041,0.000057,0.000081,0.000071,0.000060,0.000063,0.000249,0.000130,0.000061,0.000057,0.000063,0.000057,0.000117,0.000072,0.000056,0.000007,0.000005,0.000029,0.000053
234,,,,,,,,,,,,,,0.000006,0.000085,0.000059,0.000069,0.000068,0.000177,0.000127,0.000115,0.000094,0.000065,0.000043,0.000055,0.000073,0.000130,0.000101,0.000118,0.000081,0.000042,0.000053,0.000024,0.000023,0.000039,0.000085,0.000103,0.000062,0.000094,0.000048,0.000096,0.000162,0.000169,0.000331,0.000222,0.000173,0.000014,0.000008,0.000034,0.000076
235,,,,,,,,,,,,,,0.000007,0.000145,0.000097,0.000097,0.000102,0.000122,0.000085,0.000118,0.000138,0.000151,0.000137,0.000191,0.000202,0.000188,0.000160,0.000185,0.000194,0.000167,0.000269,0.000112,0.000138,0.000103,0.000086,0.000033,0.000038,0.000031,0.000044,0.000113,0.000187,0.000246,0.000431,0.000423,0.000356,0.000026,0.000007,0.000033,0.000055
236,,,,,,,,,,,,,,0.000003,0.000033,0.000035,0.000020,0.000027,0.000030,0.000049,0.000069,0.000143,0.000339,0.000463,0.000829,0.000907,0.000936,0.001155,0.001171,0.000958,0.000460,0.000701,0.000434,0.000503,0.000465,0.000376,0.000127,0.000078,0.000043,0.000036,0.000057,0.000054,0.000028,0.000042,0.000045,0.000042,0.000008,0.000005,0.000012,0.000020
237,,,,,,,,,,,,,,0.000020,0.000325,0.000405,0.000197,0.000130,0.000152,0.000091,0.000098,0.000093,0.000062,0.000046,0.000082,0.000079,0.000069,0.000070,0.000055,0.000056,0.000530,0.000101,0.000075,0.000095,0.000092,0.000058,0.000066,0.000070,0.000054,0.000055,0.000040,0.000057,0.000064,0.000160,0.000126,0.000126,0.000026,0.000021,0.000090,0.000102
238,,,,,,,,,,,,,,0.000007,0.000087,0.000051,0.000047,0.000042,0.000050,0.000040,0.000072,0.000080,0.000069,0.000068,0.000100,0.000109,0.000097,0.000102,0.000097,0.000066,0.000037,0.000049,0.000034,0.000055,0.000062,0.000054,0.000018,0.000019,0.000017,0.000018,0.000030,0.000032,0.000023,0.000043,0.000031,0.000033,0.000014,0.000016,0.000184,0.000194
239,,,,,,,,,,,,,,0.000038,0.000395,0.000292,0.000246,0.000223,0.000313,0.000203,0.000245,0.000253,0.000254,0.000228,0.000302,0.000310,0.000341,0.000280,0.000310,0.000297,0.000115,0.000173,0.000106,0.000112,0.000125,0.000110,0.000042,0.000031,0.000024,0.000021,0.000041,0.000044,0.000029,0.000060,0.000042,0.000029,0.000005,0.000004,0.000059,0.000375
240,,,,,,,,,,,,,,0.000003,0.000040,0.000021,0.000020,0.000029,0.000042,0.000047,0.000071,0.000048,0.000053,0.000064,0.000096,0.000086,0.000078,0.000062,0.000077,0.000055,0.000029,0.000046,0.000028,0.000052,0.000071,0.000081,0.000046,0.000043,0.000035,0.000218,0.000039,0.000036,0.000035,0.000039,0.000036,0.000041,0.000006,0.000007,0.000027,0.000027
241,,,,,,,,,,,,,,0.000012,0.000393,0.000381,0.000226,0.000185,0.000276,0.000139,0.000160,0.000149,0.000122,0.000122,0.000155,0.000171,0.000216,0.000170,0.000160,0.000110,0.000067,0.000148,0.000140,0.000147,0.000195,0.000129,0.000038,0.000043,0.000046,0.000165,0.000386,0.000313,0.000236,0.000138,0.000092,0.000075,0.000016,0.000016,0.000066,0.000070
242,,,,,,,,,,,,,,0.000003,0.000051,0.000060,0.000062,0.000034,0.000050,0.000039,0.000038,0.000042,0.000042,0.000050,0.000047,0.000027,0.000033,0.000047,0.000057,0.000059,0.000033,0.000066,0.000037,0.000055,0.000048,0.000044,0.000025,0.000118,0.000082,0.000115,0.000186,0.000183,0.000043,0.000039,0.000036,0.000031,0.000009,0.000009,0.000022,0.000031
243,,,,,,,,,,,,,,0.000006,0.000058,0.000055,0.000052,0.000057,0.000093,0.000064,0.000080,0.000081,0.000066,0.000048,0.000071,0.000069,0.000071,0.000061,0.000109,0.000081,0.000045,0.000046,0.000038,0.000040,0.000060,0.000047,0.000035,0.000034,0.000035,0.000028,0.000061,0.000142,0.000170,0.000382,0.000470,0.000579,0.000034,0.000011,0.000075,0.000066
244,,,,,,,,,,,,,,0.000023,0.000183,0.000109,0.000069,0.000085,0.000084,0.000074,0.000084,0.000123,0.000097,0.000140,0.000180,0.000165,0.000158,0.000109,0.000071,0.000046,0.000045,0.000063,0.000052,0.000127,0.000251,0.000362,0.000248,0.000085,0.000043,0.000021,0.000035,0.000048,0.000039,0.000046,0.000051,0.000047,0.000009,0.000012,0.000191,0.000403
245,,,,,,,,,,,,,,0.000006,0.000067,0.000083,0.000316,0.000189,0.000208,0.000117,0.000132,0.000109,0.000083,0.000094,0.000165,0.000140,0.000081,0.000091,0.000102,0.000289,0.000798,0.000307,0.000130,0.000207,0.000150,0.000126,0.000061,0.000054,0.000043,0.000056,0.000056,0.000059,0.000033,0.000040,0.000041,0.000051,0.000008,0.000008,0.000063,0.000073
246,,,,,,,,,,,,,,0.000012,0.000179,0.000122,0.000251,0.000336,0.000182,0.000138,0.000141,0.000131,0.000079,0.000086,0.000140,0.000118,0.000100,0.000077,0.000076,0.000079,0.000081,0.000186,0.000083,0.000090,0.000089,0.000087,0.000037,0.000030,0.000025,0.000026,0.000051,0.000059,0.000036,0.000031,0.000081,0.000086,0.000008,0.000006,0.000020,0.000042
247,,,,,,,,,,,,,,0.000021,0.000524,0.000343,0.000311,0.000261,0.000278,0.000177,0.000167,0.000161,0.000126,0.000097,0.000121,0.000150,0.000160,0.000131,0.000146,0.000183,0.000056,0.000128,0.000125,0.000444,0.000527,0.000514,0.000221,0.000106,0.000051,0.000036,0.000060,0.000064,0.000039,0.000036,0.000036,0.000044,0.000008,0.000010,0.000139,0.000261
248,,,,,,,,,,,,,,0.000010,0.000140,0.000082,0.000059,0.000061,0.000075,0.000045,0.000051,0.000054,0.000031,0.000032,0.000030,0.000040,0.000064,0.000075,0.000236,0.000067,0.000031,0.000031,0.000039,0.000057,0.000155,0.000248,0.000211,0.000076,0.000036,0.000020,0.000036,0.000034,0.000024,0.000018,0.000030,0.000039,0.000014,0.000009,0.000048,0.000085
249,,,,,,,,,,,,,,0.000007,0.000090,0.000084,0.000046,0.000047,0.000055,0.000028,0.000035,0.000037,0.000032,0.000046,0.000026,0.000018,0.000023,0.000051,0.000035,0.000042,0.000072,0.000051,0.000113,0.000111,0.000179,0.000127,0.000128,0.000127,0.000080,0.000035,0.000056,0.000057,0.000029,0.000019,0.000043,0.000134,0.000021,0.000028,0.000175,0.000195
250,,,,,,,,,,,,,,0.000011,0.000300,0.000360,0.000304,0.000235,0.000265,0.000134,0.000115,0.000092,0.000065,0.000047,0.000071,0.000074,0.000075,0.000035,0.000042,0.000045,0.000027,0.000052,0.000065,0.000242,0.000319,0.000274,0.000080,0.000037,0.000031,0.000051,0.000132,0.000172,0.000062,0.000058,0.000045,0.000069,0.000017,0.000019,0.000070,0.000098
251,,,,,,,,,,,,,,0.000034,0.000522,0.000529,0.000383,0.000423,0.000702,0.000617,0.000707,0.000687,0.000595,0.000671,0.000648,0.000613,0.000572,0.000417,0.000708,0.000498,0.000167,0.000326,0.000129,0.000151,0.000145,0.000146,0.000052,0.000036,0.000033,0.000029,0.000056,0.000050,0.000036,0.000029,0.000031,0.000012,0.000005,0.000007,0.000080,0.000249
252,,,,,,,,,,,,,,0.000009,0.000192,0.000120,0.000083,0.000059,0.000076,0.000074,0.000060,0.000060,0.000067,0.000161,0.000160,0.000187,0.000190,0.000204,0.000198,0.000191,0.000148,0.000273,0.000099,0.000150,0.000362,0.000512,0.000133,0.000123,0.000121,0.000118,0.000180,0.000117,0.000046,0.000052,0.000071,0.000057,0.000006,0.000007,0.000068,0.000211
253,,,,,,,,,,,,,,0.000005,0.000058,0.000057,0.000064,0.000158,0.000168,0.000298,0.000379,0.000439,0.000433,0.000352,0.000589,0.000577,0.000502,0.000463,0.000333,0.000187,0.000093,0.000094,0.000072,0.000087,0.000102,0.000097,0.000042,0.000043,0.000049,0.000060,0.000111,0.000210,0.000105,0.000142,0.000152,0.000174,0.000016,0.000011,0.000049,0.000069
254,,,,,,,,,,,,,,0.000005,0.000088,0.000054,0.000032,0.000015,0.000008,0.000011,0.000083,0.000116,0.000238,0.000243,0.000465,0.000488,0.000457,0.000361,0.000271,0.000159,0.000062,0.000086,0.000050,0.000089,0.000256,0.000339,0.000159,0.000108,0.000055,0.000086,0.000123,0.000128,0.000059,0.000088,0.000104,0.000111,0.000034,0.000020,0.000067,0.000074
255,,,,,,,,,,,,,,0.000004,0.000053,0.000056,0.000048,0.000053,0.000086,0.000085,0.000098,0.000139,0.000080,0.000099,0.000129,0.000118,0.000106,0.000128,0.000216,0.000301,0.000124,0.000376,0.000613,0.000727,0.000719,0.000365,0.000105,0.000071,0.000044,0.000053,0.000155,0.000190,0.000141,0.000220,0.000218,0.000232,0.000022,0.000008,0.000023,0.000031
256,,,,,,,,,,,,,,0.000008,0.000194,0.000082,0.000062,0.000057,0.000090,0.000123,0.000200,0.000209,0.000185,0.000274,0.000458,0.000363,0.000281,0.000185,0.000201,0.000219,0.000187,0.000358,0.000183,0.000246,0.000349,0.000372,0.000205,0.000326,0.000279,0.000203,0.000246,0.000205,0.000111,0.000170,0.000228,0.000188,0.000017,0.000012,0.000057,0.000068
257,,,,,,,,,,,,,,0.000012,0.000248,0.000239,0.000174,0.000159,0.000277,0.000185,0.000352,0.000388,0.000593,0.000753,0.000597,0.000532,0.000444,0.000400,0.000417,0.000267,0.000080,0.000223,0.000083,0.000071,0.000066,0.000052,0.000085,0.000067,0.000048,0.000065,0.000111,0.000073,0.000047,0.000046,0.000113,0.000092,0.000006,0.000005,0.000039,0.000049
258,,,,,,,,,,,,,,0.000003,0.000057,0.000037,0.000035,0.000047,0.000055,0.000046,0.000074,0.000081,0.000110,0.000091,0.000170,0.000211,0.000244,0.000605,0.001083,0.001002,0.000190,0.000408,0.000249,0.000167,0.000140,0.000096,0.000038,0.000031,0.000021,0.000019,0.000042,0.000041,0.000028,0.000035,0.000039,0.000033,0.000006,0.000005,0.000021,0.000024
259,,,,,,,,,,,,,,0.000012,0.000100,0.000062,0.000047,0.000040,0.000057,0.000119,0.000180,0.000132,0.000116,0.000133,0.000139,0.000144,0.000097,0.000077,0.000089,0.000062,0.000048,0.000046,0.000036,0.000029,0.000041,0.000045,0.000020,0.000026,0.000038,0.000165,0.000032,0.000031,0.000031,0.000036,0.000040,0.000019,0.000015,0.000016,0.000049,0.000054
260,,,,,,,,,,,,,,0.000014,0.000300,0.000223,0.000172,0.000168,0.000257,0.000380,0.000374,0.000381,0.000311,0.000294,0.000406,0.000343,0.000351,0.000150,0.000184,0.000274,0.000108,0.000261,0.000267,0.000305,0.000279,0.000197,0.000045,0.000026,0.000034,0.000060,0.000105,0.000121,0.000055,0.000060,0.000052,0.000052,0.000008,0.000007,0.000054,0.000095
261,,,,,,,,,,,,,,0.000008,0.000092,0.000073,0.000047,0.000052,0.000082,0.000063,0.000114,0.000051,0.000078,0.000050,0.000057,0.000062,0.000062,0.000046,0.000085,0.000075,0.000110,0.000215,0.000101,0.000118,0.000096,0.000091,0.000063,0.000049,0.000066,0.000072,0.000138,0.000171,0.000103,0.000101,0.000091,0.000098,0.000040,0.000015,0.000077,0.000141
262,,,,,,,,,,,,,,0.000008,0.000107,0.000112,0.000060,0.000035,0.000050,0.000040,0.000165,0.000056,0.000054,0.000047,0.000068,0.000066,0.000070,0.000059,0.000054,0.000050,0.000033,0.000034,0.000031,0.000030,0.000088,0.000103,0.000075,0.000089,0.000109,0.000080,0.000289,0.000394,0.000308,0.000377,0.000250,0.000180,0.000047,0.000037,0.000133,0.000153
263,,,,,,,,,,,,,,0.000048,0.000680,0.000466,0.000322,0.000211,0.000228,0.000116,0.000144,0.000161,0.000119,0.000109,0.000141,0.000107,0.000117,0.000072,0.000113,0.000083,0.000065,0.000073,0.000040,0.000054,0.000075,0.000053,0.000033,0.000027,0.000030,0.000023,0.000043,0.000075,0.000085,0.000091,0.000107,0.000128,0.000016,0.000009,0.000029,0.000067
264,,,,,,,,,,,,,,0.000018,0.000405,0.000368,0.000224,0.000158,0.000195,0.000112,0.000138,0.000131,0.000111,0.000108,0.000165,0.000121,0.000113,0.000112,0.000120,0.000125,0.000060,0.000071,0.000066,0.000093,0.000104,0.000112,0.000046,0.000034,0.000024,0.000024,0.000041,0.000048,0.000037,0.000037,0.000035,0.000031,0.000007,0.000006,0.000025,0.000026
265,,,,,,,,,,,,,,0.000022,0.000254,0.000284,0.000177,0.000234,0.000243,0.000183,0.000166,0.000094,0.000099,0.000113,0.000203,0.000279,0.000282,0.000306,0.000437,0.000390,0.000104,0.000172,0.000089,0.000096,0.000145,0.000182,0.000082,0.000082,0.000059,0.000030,0.000064,0.000057,0.000041,0.000037,0.000027,0.000028,0.000005,0.000005,0.000031,0.000068
266,,,,,,,,,,,,,,0.000029,0.000437,0.000472,0.000464,0.000506,0.000732,0.000490,0.000716,0.000784,0.000724,0.000518,0.000714,0.000732,0.000588,0.000415,0.000425,0.000300,0.000146,0.000264,0.000121,0.000156,0.000174,0.000145,0.000049,0.000044,0.000037,0.000023,0.000051,0.000083,0.000111,0.000187,0.000169,0.000093,0.000011,0.000008,0.000093,0.000319
267,,,,,,,,,,,,,,0.000003,0.000047,0.000030,0.000023,0.000026,0.000033,0.000039,0.000078,0.000082,0.000082,0.000074,0.000097,0.000134,0.000144,0.000136,0.000151,0.000127,0.000052,0.000059,0.000046,0.000042,0.000041,0.000042,0.000023,0.000028,0.000047,0.000060,0.000174,0.000226,0.000174,0.000315,0.000388,0.000393,0.000025,0.000012,0.000022,0.000021
268,,,,,,,,,,,,,,0.000005,0.000077,0.000056,0.000102,0.000171,0.000360,0.000414,0.000519,0.000357,0.000292,0.000218,0.000239,0.000222,0.000189,0.000117,0.000117,0.000091,0.000049,0.000235,0.000117,0.000130,0.000108,0.000095,0.000030,0.000022,0.000015,0.000037,0.000068,0.000114,0.000081,0.000125,0.000121,0.000129,0.000018,0.000012,0.000063,0.000087
269,,,,,,,,,,,,,,0.000004,0.000074,0.000045,0.000048,0.000078,0.000203,0.000104,0.000468,0.000295,0.000221,0.000177,0.000157,0.000129,0.000105,0.000090,0.000088,0.000082,0.000045,0.000065,0.000102,0.000076,0.000068,0.000083,0.000110,0.000151,0.000058,0.000072,0.000053,0.000061,0.000171,0.000068,0.000069,0.000090,0.000020,0.000012,0.000087,0.000116
270,,,,,,,,,,,,,,0.000022,0.000247,0.000305,0.000142,0.000106,0.000125,0.000069,0.000098,0.000103,0.000050,0.000057,0.000071,0.000066,0.000057,0.000045,0.000033,0.000042,0.000031,0.000029,0.000020,0.000032,0.000044,0.000065,0.000027,0.000018,0.000025,0.000012,0.000025,0.000026,0.000064,0.000039,0.000039,0.000051,0.000017,0.000014,0.000047,0.000049
271,,,,,,,,,,,,,,0.000015,0.000143,0.000129,0.000084,0.000087,0.000092,0.000083,0.000159,0.000302,0.000675,0.000602,0.001021,0.001099,0.001215,0.000886,0.000819,0.000683,0.000260,0.000447,0.000307,0.000432,0.000382,0.000293,0.000103,0.000056,0.000093,0.000054,0.000150,0.000177,0.000072,0.000065,0.000087,0.000055,0.000005,0.000003,0.000061,0.000090
272,,,,,,,,,,,,,,0.000026,0.000488,0.000367,0.000232,0.000170,0.000175,0.000086,0.000133,0.000130,0.000121,0.000109,0.000123,0.000113,0.000118,0.000090,0.000113,0.000125,0.000086,0.000096,0.000053,0.000084,0.000073,0.000063,0.000028,0.000033,0.000027,0.000044,0.000107,0.000105,0.000055,0.000050,0.000063,0.000147,0.000010,0.000009,0.000062,0.000149
273,,,,,,,,,,,,,,0.000016,0.000089,0.000072,0.000075,0.000069,0.000074,0.000048,0.000068,0.000073,0.000073,0.000095,0.000162,0.000183,0.000212,0.000172,0.000184,0.000202,0.000050,0.000137,0.000103,0.000198,0.000304,0.000245,0.000137,0.000052,0.000049,0.000060,0.000054,0.000077,0.000029,0.000032,0.000035,0.000028,0.000023,0.000046,0.000419,0.000386
274,,,,,,,,,,,,,,0.000003,0.000057,0.000055,0.000059,0.000064,0.000089,0.000076,0.000121,0.000276,0.000661,0.000724,0.001405,0.001638,0.001757,0.001632,0.001708,0.001318,0.000426,0.000450,0.000236,0.000285,0.000272,0.000225,0.000068,0.000063,0.000039,0.000041,0.000075,0.000090,0.000061,0.000092,0.000091,0.000095,0.000017,0.000010,0.000030,0.000047
275,,,,,,,,,,,,,,0.000005,0.000051,0.000046,0.000044,0.000046,0.000072,0.000066,0.000145,0.000226,0.000221,0.000218,0.000319,0.000286,0.000256,0.000196,0.000209,0.000272,0.000204,0.000555,0.000206,0.000149,0.000134,0.000125,0.000099,0.000057,0.000036,0.000024,0.000033,0.000034,0.000025,0.000189,0.000179,0.000078,0.000007,0.000007,0.000042,0.000060
276,,,,,,,,,,,,,,0.000020,0.000469,0.000716,0.000571,0.000356,0.000397,0.000209,0.000271,0.000242,0.000213,0.000151,0.000185,0.000162,0.000153,0.000101,0.000118,0.000096,0.000122,0.000143,0.000086,0.000125,0.000102,0.000078,0.000081,0.000054,0.000035,0.000022,0.000048,0.000035,0.000033,0.000262,0.000118,0.000098,0.000010,0.000006,0.000025,0.000033
277,,,,,,,,,,,,,,0.000006,0.000108,0.000108,0.000126,0.000235,0.000525,0.000958,0.000887,0.000664,0.000687,0.000729,0.000652,0.000575,0.000459,0.000309,0.000293,0.000236,0.000076,0.000119,0.000077,0.000093,0.000103,0.000096,0.000048,0.000042,0.000023,0.000048,0.000051,0.000048,0.000046,0.000050,0.000051,0.000028,0.000005,0.000004,0.000032,0.000030
278,,,,,,,,,,,,,,0.000012,0.000228,0.000243,0.000317,0.000271,0.000315,0.000224,0.000221,0.000261,0.000166,0.000137,0.000203,0.000181,0.000145,0.000109,0.000106,0.000108,0.000050,0.000063,0.000044,0.000080,0.000137,0.000304,0.000085,0.000056,0.000074,0.000130,0.000173,0.000095,0.000051,0.000127,0.000194,0.000119,0.000008,0.000005,0.000025,0.000037
279,,,,,,,,,,,,,,0.000001,0.000018,0.000017,0.000030,0.000037,0.000133,0.000194,0.000385,0.000525,0.000637,0.000537,0.000775,0.000906,0.001071,0.000850,0.000850,0.000660,0.000182,0.000297,0.000171,0.000207,0.000224,0.000189,0.000113,0.000113,0.000095,0.000071,0.000132,0.000112,0.000054,0.000062,0.000048,0.000046,0.000005,0.000003,0.000011,0.000011
280,,,,,,,,,,,,,,0.000023,0.000208,0.000190,0.000209,0.000277,0.000311,0.000198,0.000287,0.000444,0.000653,0.000578,0.000726,0.000684,0.000809,0.001171,0.001196,0.000887,0.000195,0.000331,0.000251,0.000133,0.000081,0.000083,0.000032,0.000035,0.000044,0.000076,0.000078,0.000065,0.000033,0.000022,0.000035,0.000039,0.000007,0.000007,0.000032,0.000060
281,,,,,,,,,,,,,,0.000004,0.000057,0.000055,0.000034,0.000067,0.000065,0.000083,0.000048,0.000038,0.000064,0.000073,0.000122,0.000108,0.000099,0.000126,0.000245,0.000215,0.000183,0.000581,0.000747,0.001167,0.000978,0.000744,0.000255,0.000127,0.000102,0.000099,0.000181,0.000155,0.000090,0.000072,0.000048,0.000031,0.000012,0.000011,0.000035,0.000052
282,,,,,,,,,,,,,,0.000003,0.000061,0.000045,0.000044,0.000048,0.000062,0.000054,0.000096,0.000067,0.000068,0.000062,0.000102,0.000085,0.000073,0.000080,0.000078,0.000066,0.000041,0.000053,0.000045,0.000057,0.000071,0.000073,0.000033,0.000034,0.000187,0.000047,0.000050,0.000059,0.000041,0.000064,0.000056,0.000046,0.000009,0.000005,0.000023,0.000025
283,,,,,,,,,,,,,,0.000004,0.000078,0.000094,0.000149,0.000386,0.000748,0.000890,0.000732,0.000676,0.000546,0.000318,0.000406,0.000326,0.000269,0.000177,0.000189,0.000200,0.000065,0.000077,0.000046,0.000053,0.000067,0.000060,0.000030,0.000021,0.000020,0.000028,0.000054,0.000059,0.000047,0.000039,0.000047,0.000080,0.000019,0.000013,0.000031,0.000040
284,,,,,,,,,,,,,,0.000006,0.000085,0.000091,0.000229,0.000087,0.000077,0.000076,0.000106,0.000084,0.000110,0.000085,0.000091,0.000118,0.000153,0.000353,0.000537,0.000733,0.000675,0.001113,0.000607,0.000662,0.000501,0.000372,0.000128,0.000079,0.000044,0.000037,0.000068,0.000078,0.000050,0.000062,0.000063,0.000059,0.000008,0.000008,0.000031,0.000044
285,,,,,,,,,,,,,,0.000006,0.000063,0.000051,0.000056,0.000046,0.000072,0.000047,0.000069,0.000061,0.000051,0.000048,0.000064,0.000075,0.000073,0.000061,0.000060,0.000053,0.000021,0.000038,0.000027,0.000051,0.000034,0.000033,0.000035,0.000022,0.000015,0.000013,0.000026,0.000023,0.000030,0.000044,0.000043,0.000057,0.000030,0.000025,0.000104,0.000091
286,,,,,,,,,,,,,,0.000005,0.000062,0.000052,0.000040,0.000037,0.000048,0.000033,0.000039,0.000036,0.000053,0.000047,0.000067,0.000061,0.000047,0.000058,0.000068,0.000058,0.000302,0.000350,0.000185,0.000212,0.000193,0.000173,0.000107,0.000181,0.000041,0.000025,0.000045,0.000087,0.000103,0.000075,0.000067,0.000050,0.000014,0.000015,0.000055,0.000059
287,,,,,,,,,,,,,,0.000004,0.000052,0.000042,0.000047,0.000044,0.000049,0.000031,0.000030,0.000047,0.000057,0.000041,0.000056,0.000036,0.000040,0.000038,0.000060,0.000044,0.000037,0.000074,0.000043,0.000083,0.000134,0.000219,0.000203,0.000208,0.000250,0.000128,0.000213,0.000172,0.000115,0.000105,0.000144,0.000147,0.000010,0.000009,0.000029,0.000035
288,,,,,,,,,,,,,,0.000012,0.000179,0.000217,0.000115,0.000079,0.000130,0.000084,0.000110,0.000102,0.000092,0.000088,0.000099,0.000099,0.000089,0.000073,0.000096,0.000087,0.000044,0.000075,0.000060,0.000076,0.000087,0.000110,0.000037,0.000031,0.000129,0.000157,0.000094,0.000109,0.000093,0.000143,0.000115,0.000102,0.000010,0.000006,0.000031,0.000041
289,,,,,,,,,,,,,,0.000004,0.000047,0.000038,0.000053,0.000057,0.000086,0.000056,0.000085,0.000082,0.000086,0.000084,0.000130,0.000142,0.000152,0.000174,0.000181,0.000162,0.000078,0.000136,0.000078,0.000058,0.000054,0.000036,0.000022,0.000032,0.000046,0.000134,0.000524,0.000555,0.000240,0.000207,0.000141,0.000100,0.000007,0.000004,0.000019,0.000034
290,,,,,,,,,,,,,,0.000006,0.000098,0.000098,0.000080,0.000067,0.000103,0.000086,0.000092,0.000091,0.000103,0.000088,0.000107,0.000116,0.000116,0.000121,0.000213,0.000276,0.000088,0.000251,0.000282,0.000614,0.000755,0.000679,0.000254,0.000116,0.000062,0.000036,0.000087,0.000111,0.000079,0.000101,0.000082,0.000084,0.000010,0.000007,0.000037,0.000036
291,,,,,,,,,,,,,,0.000008,0.000051,0.000039,0.000053,0.000096,0.000323,0.000708,0.000612,0.000590,0.000529,0.000371,0.000485,0.000405,0.000296,0.000227,0.000187,0.000122,0.000057,0.000083,0.000098,0.000119,0.000148,0.000202,0.000077,0.000139,0.000079,0.000056,0.000060,0.000073,0.000065,0.000115,0.000073,0.000106,0.000011,0.000014,0.000104,0.000145
292,,,,,,,,,,,,,,0.000006,0.000038,0.000029,0.000015,0.000017,0.000016,0.000020,0.000028,0.000041,0.000046,0.000044,0.000070,0.000068,0.000091,0.000119,0.000182,0.000160,0.000158,0.000126,0.000109,0.000063,0.000058,0.000075,0.000058,0.000065,0.000055,0.000048,0.000109,0.000100,0.000062,0.000092,0.000095,0.000086,0.000009,0.000009,0.000033,0.000028
293,,,,,,,,,,,,,,0.000003,0.000054,0.000047,0.000046,0.000052,0.000077,0.000059,0.000073,0.000072,0.000070,0.000066,0.000078,0.000082,0.000086,0.000084,0.000082,0.000088,0.000047,0.000050,0.000042,0.000043,0.000057,0.000043,0.000029,0.000022,0.000023,0.000015,0.000041,0.000045,0.000043,0.000252,0.000290,0.000180,0.000017,0.000010,0.000042,0.000044
294,,,,,,,,,,,,,,0.000006,0.000053,0.000040,0.000033,0.000042,0.000080,0.000086,0.000131,0.000121,0.000088,0.000090,0.000112,0.000099,0.000114,0.000213,0.000138,0.000096,0.000055,0.000082,0.000056,0.000065,0.000087,0.000083,0.000032,0.000058,0.000046,0.000032,0.000080,0.000096,0.000078,0.000130,0.000092,0.000126,0.000048,0.000030,0.000065,0.000069
295,,,,,,,,,,,,,,0.000004,0.000074,0.000061,0.000052,0.000043,0.000052,0.000035,0.000033,0.000038,0.000033,0.000051,0.000034,0.000044,0.000039,0.000054,0.000175,0.000112,0.000156,0.000291,0.000090,0.000099,0.000161,0.000155,0.000080,0.000066,0.000108,0.000047,0.000074,0.000113,0.000065,0.000206,0.000168,0.000118,0.000011,0.000012,0.000070,0.000084
296,,,,,,,,,,,,,,0.000011,0.000131,0.000100,0.000070,0.000063,0.000096,0.000046,0.000062,0.000092,0.000145,0.000159,0.000208,0.000237,0.000267,0.000216,0.000262,0.000182,0.000097,0.000135,0.000162,0.000131,0.000092,0.000115,0.000087,0.000105,0.000138,0.000035,0.000120,0.000069,0.000034,0.000025,0.000037,0.000028,0.000012,0.000011,0.000025,0.000070
297,,,,,,,,,,,,,,0.000005,0.000095,0.000063,0.000050,0.000040,0.000053,0.000036,0.000051,0.000057,0.000044,0.000047,0.000067,0.000072,0.000058,0.000048,0.000054,0.000054,0.000026,0.000048,0.000039,0.000052,0.000058,0.000056,0.000026,0.000048,0.000040,0.000039,0.000127,0.000221,0.000073,0.000070,0.000091,0.000079,0.000008,0.000005,0.000027,0.000026
298,,,,,,,,,,,,,,0.000010,0.000106,0.000080,0.000065,0.000084,0.000086,0.000054,0.000063,0.000088,0.000079,0.000068,0.000063,0.000052,0.000086,0.000076,0.000054,0.000071,0.000078,0.000158,0.000056,0.000052,0.000055,0.000055,0.000034,0.000020,0.000017,0.000019,0.000019,0.000021,0.000022,0.000022,0.000023,0.000027,0.000040,0.000046,0.000216,0.000175
299,,,,,,,,,,,,,,0.000008,0.000101,0.000082,0.000077,0.000066,0.000077,0.000147,0.000174,0.000093,0.000071,0.000053,0.000072,0.000081,0.000064,0.000099,0.000063,0.000105,0.000106,0.000115,0.000064,0.000114,0.000109,0.000110,0.000046,0.000047,0.000049,0.000043,0.000053,0.000098,0.000157,0.000045,0.000053,0.000033,0.000015,0.000016,0.000087,0.000086
300,,,,,,,,,,,,,,0.000031,0.000367,0.000223,0.000239,0.000148,0.000151,0.000089,0.000118,0.000126,0.000127,0.000148,0.000279,0.000419,0.000450,0.000653,0.000810,0.000778,0.000193,0.000296,0.000138,0.000199,0.000260,0.000175,0.000030,0.000032,0.000028,0.000018,0.000022,0.000018,0.000015,0.000019,0.000022,0.000030,0.000011,0.000009,0.000061,0.000254
301,,,,,,,,,,,,,,0.000006,0.000128,0.000108,0.000059,0.000077,0.000164,0.000246,0.000161,0.000114,0.000092,0.000081,0.000072,0.000061,0.000063,0.000062,0.000051,0.000047,0.000039,0.000052,0.000111,0.000090,0.000160,0.000149,0.000052,0.000046,0.000032,0.000056,0.000076,0.000077,0.000122,0.000055,0.000080,0.000084,0.000015,0.000013,0.000064,0.000076
302,,,,,,,,,,,,,,0.000005,0.000050,0.000032,0.000047,0.000058,0.000101,0.000069,0.000121,0.000057,0.000060,0.000048,0.000055,0.000039,0.000046,0.000028,0.000039,0.000036,0.000043,0.000053,0.000034,0.000033,0.000045,0.000050,0.000045,0.000024,0.000028,0.000025,0.000043,0.000088,0.000144,0.000225,0.000294,0.000468,0.000052,0.000030,0.000042,0.000038
303,,,,,,,,,,,,,,0.000010,0.000283,0.000154,0.000065,0.000060,0.000055,0.000035,0.000047,0.000053,0.000074,0.000346,0.000084,0.000080,0.000071,0.000049,0.000043,0.000090,0.000057,0.000054,0.000043,0.000041,0.000072,0.000045,0.000053,0.000042,0.000026,0.000025,0.000040,0.000046,0.000027,0.000060,0.000071,0.000067,0.000013,0.000009,0.000049,0.000084
304,,,,,,,,,,,,,,0.000027,0.000193,0.000167,0.000089,0.000088,0.000195,0.000238,0.000424,0.000569,0.000623,0.000495,0.000855,0.000845,0.000716,0.000633,0.000724,0.000682,0.000318,0.000331,0.000193,0.000225,0.000270,0.000302,0.000086,0.000045,0.000038,0.000074,0.000139,0.000188,0.000157,0.000231,0.000233,0.000195,0.000015,0.000009,0.000032,0.000162
305,,,,,,,,,,,,,,0.000006,0.000075,0.000062,0.000088,0.000097,0.000293,0.000216,0.000193,0.000147,0.000108,0.000084,0.000127,0.000125,0.000091,0.000080,0.000083,0.000081,0.000030,0.000047,0.000040,0.000042,0.000072,0.000102,0.000137,0.000074,0.000040,0.000056,0.000083,0.000092,0.000040,0.000059,0.000066,0.000068,0.000024,0.000015,0.000067,0.000109
306,,,,,,,,,,,,,,0.000004,0.000130,0.000070,0.000043,0.000044,0.000069,0.000061,0.000058,0.000074,0.000070,0.000046,0.000061,0.000037,0.000033,0.000022,0.000082,0.000102,0.000191,0.000281,0.000221,0.000237,0.000215,0.000232,0.000208,0.000208,0.000109,0.000081,0.000225,0.000193,0.000087,0.000087,0.000087,0.000085,0.000023,0.000014,0.000076,0.000077
307,,,,,,,,,,,,,,0.000019,0.000531,0.000466,0.000288,0.000241,0.000382,0.000253,0.000285,0.000307,0.000299,0.000256,0.000423,0.000409,0.000436,0.000365,0.000348,0.000307,0.000216,0.000168,0.000124,0.000199,0.000154,0.000119,0.000054,0.000071,0.000040,0.000025,0.000040,0.000041,0.000048,0.000178,0.000136,0.000067,0.000007,0.000005,0.000022,0.000037
308,,,,,,,,,,,,,,0.000006,0.000088,0.000084,0.000067,0.000115,0.000076,0.000056,0.000066,0.000090,0.000127,0.000214,0.000436,0.000627,0.000706,0.000837,0.000720,0.000544,0.000175,0.000265,0.000149,0.000159,0.000144,0.000146,0.000049,0.000037,0.000032,0.000034,0.000042,0.000045,0.000041,0.000027,0.000022,0.000022,0.000015,0.000009,0.000026,0.000030
309,,,,,,,,,,,,,,0.000010,0.000355,0.000153,0.000209,0.000125,0.000146,0.000263,0.000174,0.000145,0.000137,0.000125,0.000153,0.000145,0.000166,0.000227,0.000233,0.000216,0.000102,0.000376,0.000204,0.000173,0.000170,0.000198,0.000135,0.000146,0.000095,0.000076,0.000141,0.000176,0.000158,0.000216,0.000186,0.000232,0.000012,0.000005,0.000030,0.000051
310,,,,,,,,,,,,,,0.000014,0.000217,0.000187,0.000147,0.000113,0.000171,0.000108,0.000290,0.000298,0.000194,0.000101,0.000110,0.000122,0.000113,0.000100,0.000094,0.000085,0.000043,0.000085,0.000168,0.000088,0.000076,0.000092,0.000073,0.000086,0.000051,0.000024,0.000051,0.000041,0.000038,0.000037,0.000037,0.000066,0.000013,0.000022,0.000057,0.000202
311,,,,,,,,,,,,,,0.000005,0.000075,0.000051,0.000056,0.000058,0.000072,0.000067,0.000069,0.000085,0.000064,0.000049,0.000064,0.000064,0.000057,0.000063,0.000060,0.000053,0.000034,0.000060,0.000099,0.000275,0.000194,0.000333,0.000103,0.000097,0.000062,0.000062,0.000116,0.000093,0.000041,0.000083,0.000065,0.000035,0.000009,0.000009,0.000091,0.000124
312,,,,,,,,,,,,,,0.000006,0.000057,0.000055,0.000054,0.000054,0.000075,0.000062,0.000075,0.000067,0.000088,0.000055,0.000052,0.000057,0.000038,0.000034,0.000055,0.000066,0.000049,0.000071,0.000047,0.000054,0.000063,0.000051,0.000113,0.000120,0.000031,0.000023,0.000041,0.000049,0.000031,0.000024,0.000011,0.000008,0.000012,0.000011,0.000091,0.000116
313,,,,,,,,,,,,,,0.000005,0.000060,0.000063,0.000054,0.000058,0.000087,0.000080,0.000070,0.000104,0.000365,0.000268,0.000348,0.000297,0.000240,0.000215,0.000105,0.000073,0.000037,0.000034,0.000036,0.000030,0.000029,0.000041,0.000028,0.000022,0.000109,0.000068,0.000172,0.000110,0.000051,0.000082,0.000098,0.000146,0.000052,0.000047,0.000110,0.000118
314,,,,,,,,,,,,,,0.000006,0.000109,0.000077,0.000046,0.000042,0.000066,0.000065,0.000109,0.000054,0.000048,0.000050,0.000064,0.000103,0.000089,0.000068,0.000091,0.000074,0.000045,0.000053,0.000042,0.000076,0.000088,0.000064,0.000073,0.000115,0.000165,0.000049,0.000072,0.000073,0.000082,0.000054,0.000047,0.000039,0.000009,0.000007,0.000023,0.000033
315,,,,,,,,,,,,,,0.000005,0.000048,0.000033,0.000033,0.000030,0.000032,0.000041,0.000036,0.000060,0.000058,0.000047,0.000063,0.000064,0.000063,0.000050,0.000064,0.000039,0.000297,0.000038,0.000032,0.000035,0.000042,0.000040,0.000023,0.000020,0.000016,0.000037,0.000021,0.000024,0.000017,0.000020,0.000017,0.000014,0.000005,0.000005,0.000036,0.000033
316,,,,,,,,,,,,,,0.000003,0.000045,0.000048,0.000052,0.000064,0.000103,0.000084,0.000127,0.000109,0.000092,0.000099,0.000105,0.000094,0.000080,0.000083,0.000078,0.000071,0.000039,0.000051,0.000038,0.000056,0.000058,0.000059,0.000022,0.000030,0.000024,0.000022,0.000080,0.000051,0.000043,0.000047,0.000052,0.000052,0.000006,0.000010,0.000035,0.000049
317,,,,,,,,,,,,,,0.000005,0.000110,0.000115,0.000075,0.000103,0.000135,0.000083,0.000111,0.000152,0.000124,0.000108,0.000182,0.000145,0.000143,0.000106,0.000122,0.000122,0.000053,0.000078,0.000066,0.000107,0.000139,0.000120,0.000040,0.000046,0.000038,0.000041,0.000037,0.000030,0.000071,0.000185,0.000101,0.000054,0.000006,0.000011,0.000059,0.000061
318,,,,,,,,,,,,,,0.000005,0.000139,0.000192,0.000280,0.000203,0.000229,0.000145,0.000195,0.000211,0.000201,0.000159,0.000227,0.000207,0.000207,0.000153,0.000143,0.000127,0.000052,0.000070,0.000049,0.000059,0.000064,0.000067,0.000044,0.000039,0.000027,0.000036,0.000125,0.000258,0.000238,0.000367,0.000298,0.000271,0.000021,0.000007,0.000017,0.000024
319,,,,,,,,,,,,,,0.000005,0.000090,0.000072,0.000078,0.000052,0.000068,0.000055,0.000075,0.000141,0.000168,0.000323,0.000164,0.000142,0.000113,0.000089,0.000120,0.000203,0.000114,0.000211,0.000126,0.000213,0.000124,0.000095,0.000085,0.000094,0.000081,0.000048,0.000040,0.000026,0.000022,0.000012,0.000017,0.000027,0.000008,0.000013,0.000046,0.000044
320,,,,,,,,,,,,,,0.000003,0.000033,0.000032,0.000056,0.000052,0.000082,0.000060,0.000100,0.000122,0.000368,0.000234,0.000252,0.000231,0.000188,0.000129,0.000148,0.000115,0.000067,0.000064,0.000038,0.000048,0.000048,0.000065,0.000042,0.000039,0.000040,0.000063,0.000128,0.000131,0.000073,0.000076,0.000044,0.000040,0.000020,0.000007,0.000026,0.000027
321,,,,,,,,,,,,,,0.000006,0.000071,0.000051,0.000046,0.000048,0.000081,0.000074,0.000098,0.000094,0.000110,0.000073,0.000116,0.000111,0.000117,0.000124,0.000112,0.000123,0.000063,0.000085,0.000104,0.000182,0.000302,0.000186,0.000041,0.000033,0.000028,0.000020,0.000033,0.000046,0.000037,0.000049,0.000058,0.000077,0.000030,0.000013,0.000180,0.000160
322,,,,,,,,,,,,,,0.000003,0.000043,0.000039,0.000032,0.000028,0.000038,0.000034,0.000057,0.000053,0.000061,0.000041,0.000051,0.000056,0.000052,0.000038,0.000047,0.000044,0.000031,0.000041,0.000032,0.000036,0.000049,0.000043,0.000027,0.000030,0.000030,0.000043,0.000109,0.000134,0.000128,0.000186,0.000198,0.000281,0.000025,0.000018,0.000032,0.000042
323,,,,,,,,,,,,,,0.000017,0.000176,0.000102,0.000107,0.000166,0.000262,0.000177,0.000298,0.000305,0.000267,0.000221,0.000261,0.000223,0.000198,0.000147,0.000186,0.000280,0.000069,0.000098,0.000052,0.000052,0.000070,0.000057,0.000036,0.000032,0.000024,0.000018,0.000024,0.000076,0.000089,0.000088,0.000120,0.000193,0.000048,0.000023,0.000244,0.000383
324,,,,,,,,,,,,,,0.000005,0.000071,0.000034,0.000027,0.000039,0.000041,0.000041,0.000035,0.000046,0.000049,0.000035,0.000045,0.000048,0.000055,0.000053,0.000081,0.000072,0.000033,0.000034,0.000029,0.000024,0.000026,0.000029,0.000067,0.000051,0.000045,0.000030,0.000070,0.000065,0.000172,0.000021,0.000025,0.000030,0.000015,0.000013,0.000052,0.000066
325,,,,,,,,,,,,,,0.000005,0.000052,0.000040,0.000036,0.000046,0.000157,0.000354,0.000463,0.000625,0.000542,0.000372,0.000427,0.000443,0.000415,0.000306,0.000319,0.000232,0.000092,0.000135,0.000068,0.000070,0.000081,0.000077,0.000063,0.000050,0.000029,0.000026,0.000042,0.000035,0.000029,0.000034,0.000025,0.000030,0.000009,0.000009,0.000024,0.000038
326,,,,,,,,,,,,,,0.000018,0.000308,0.000219,0.000159,0.000511,0.000240,0.000186,0.000175,0.000144,0.000138,0.000117,0.000155,0.000157,0.000147,0.000144,0.000185,0.000207,0.000137,0.000345,0.000205,0.000173,0.000135,0.000167,0.000106,0.000087,0.000042,0.000030,0.000059,0.000110,0.000151,0.000031,0.000028,0.000020,0.000007,0.000005,0.000031,0.000057
327,,,,,,,,,,,,,,0.000006,0.000117,0.000105,0.000115,0.000091,0.000117,0.000069,0.000072,0.000064,0.000072,0.000066,0.000067,0.000054,0.000049,0.000081,0.000088,0.000077,0.000048,0.000082,0.000267,0.000647,0.000574,0.000290,0.000092,0.000063,0.000043,0.000031,0.000038,0.000035,0.000029,0.000032,0.000032,0.000036,0.000009,0.000009,0.000108,0.000217
328,,,,,,,,,,,,,,0.000014,0.000369,0.000458,0.000460,0.000367,0.000458,0.000252,0.000286,0.000269,0.000245,0.000196,0.000281,0.000291,0.000293,0.000213,0.000233,0.000182,0.000065,0.000124,0.000079,0.000149,0.000172,0.000169,0.000075,0.000034,0.000024,0.000023,0.000037,0.000055,0.000035,0.000039,0.000030,0.000037,0.000006,0.000004,0.000027,0.000062
329,,,,,,,,,,,,,,0.000003,0.000077,0.000099,0.000106,0.000118,0.000233,0.000188,0.000317,0.000391,0.000384,0.000452,0.000535,0.000457,0.000388,0.000214,0.000333,0.000603,0.000132,0.000271,0.000094,0.000116,0.000131,0.000131,0.000048,0.000035,0.000024,0.000026,0.000032,0.000022,0.000015,0.000016,0.000018,0.000025,0.000008,0.000012,0.000026,0.000027
330,,,,,,,,,,,,,,0.000003,0.000044,0.000032,0.000038,0.000051,0.000052,0.000041,0.000043,0.000087,0.000101,0.000132,0.000262,0.000413,0.000459,0.000374,0.000347,0.000256,0.000090,0.000172,0.000087,0.000137,0.000156,0.000163,0.000121,0.000105,0.000041,0.000027,0.000052,0.000080,0.000069,0.000116,0.000142,0.000188,0.000027,0.000014,0.000033,0.000022
331,,,,,,,,,,,,,,0.000007,0.000109,0.000108,0.000093,0.000101,0.000142,0.000094,0.000134,0.000136,0.000140,0.000117,0.000186,0.000173,0.000189,0.000207,0.000474,0.000531,0.000151,0.000586,0.000343,0.000163,0.000122,0.000089,0.000035,0.000040,0.000025,0.000031,0.000062,0.000101,0.000056,0.000080,0.000051,0.000048,0.000009,0.000008,0.000023,0.000024
332,,,,,,,,,,,,,,0.000007,0.000138,0.000162,0.000098,0.000061,0.000101,0.000078,0.000087,0.000079,0.000063,0.000079,0.000131,0.000132,0.000132,0.000110,0.000123,0.000104,0.000054,0.000064,0.000037,0.000051,0.000064,0.000071,0.000041,0.000035,0.000031,0.000027,0.000137,0.000111,0.000047,0.000080,0.000102,0.000095,0.000010,0.000006,0.000023,0.000035
333,,,,,,,,,,,,,,0.000006,0.000059,0.000070,0.000084,0.000091,0.000099,0.000060,0.000077,0.000077,0.000080,0.000068,0.000080,0.000063,0.000060,0.000052,0.000071,0.000048,0.000044,0.000063,0.000037,0.000032,0.000043,0.000043,0.000031,0.000035,0.000184,0.000021,0.000050,0.000069,0.000087,0.000100,0.000117,0.000134,0.000014,0.000008,0.000035,0.000035
334,,,,,,,,,,,,,,0.000012,0.000073,0.000049,0.000074,0.000069,0.000090,0.000114,0.000209,0.000137,0.000107,0.000091,0.000118,0.000094,0.000088,0.000099,0.000098,0.000118,0.000122,0.000104,0.000066,0.000088,0.000078,0.000083,0.000035,0.000037,0.000024,0.000028,0.000129,0.000129,0.000051,0.000049,0.000034,0.000040,0.000010,0.000010,0.000170,0.000267
335,,,,,,,,,,,,,,0.000005,0.000145,0.000127,0.000130,0.000159,0.000189,0.000108,0.000135,0.000145,0.000109,0.000082,0.000111,0.000138,0.000200,0.000396,0.000265,0.000122,0.000051,0.000050,0.000031,0.000065,0.000132,0.000225,0.000216,0.000169,0.000075,0.000032,0.000065,0.000046,0.000027,0.000044,0.000039,0.000044,0.000011,0.000006,0.000069,0.000117
336,,,,,,,,,,,,,,0.000004,0.000108,0.000166,0.000304,0.000357,0.000451,0.000247,0.000164,0.000124,0.000094,0.000065,0.000092,0.000072,0.000064,0.000066,0.000091,0.000061,0.000070,0.000202,0.000268,0.000837,0.000813,0.000597,0.000159,0.000087,0.000046,0.000039,0.000086,0.000078,0.000039,0.000056,0.000071,0.000063,0.000008,0.000006,0.000038,0.000052
337,,,,,,,,,,,,,,0.000009,0.000135,0.000126,0.000174,0.000169,0.000163,0.000083,0.000117,0.000102,0.000094,0.000072,0.000129,0.000107,0.000115,0.000090,0.000097,0.000312,0.000151,0.000234,0.000106,0.000230,0.000220,0.000217,0.000080,0.000064,0.000062,0.000058,0.000077,0.000094,0.000076,0.000065,0.000062,0.000073,0.000009,0.000008,0.000063,0.000115
338,,,,,,,,,,,,,,0.000004,0.000070,0.000072,0.000043,0.000055,0.000083,0.000055,0.000105,0.000108,0.000110,0.000095,0.000106,0.000108,0.000092,0.000076,0.000075,0.000061,0.000044,0.000052,0.000040,0.000194,0.000148,0.000099,0.000045,0.000092,0.000094,0.000054,0.000050,0.000051,0.000037,0.000055,0.000142,0.000088,0.000011,0.000008,0.000022,0.000025
339,,,,,,,,,,,,,,0.000008,0.000063,0.000041,0.000032,0.000240,0.000101,0.000091,0.000171,0.000264,0.000284,0.000260,0.000385,0.000354,0.000294,0.000246,0.000202,0.000086,0.000082,0.000076,0.000066,0.000055,0.000060,0.000061,0.000029,0.000030,0.000019,0.000018,0.000036,0.000030,0.000047,0.000064,0.000086,0.000110,0.000023,0.000025,0.000066,0.000124
340,,,,,,,,,,,,,,0.000006,0.000065,0.000039,0.000038,0.000032,0.000052,0.000044,0.000078,0.000135,0.000209,0.000268,0.000514,0.000653,0.000669,0.000594,0.000529,0.000340,0.000122,0.000355,0.000196,0.000148,0.000145,0.000136,0.000063,0.000040,0.000023,0.000023,0.000069,0.000095,0.000060,0.000145,0.000164,0.000180,0.000014,0.000010,0.000075,0.000108
341,,,,,,,,,,,,,,0.000005,0.000157,0.000100,0.000059,0.000047,0.000071,0.000046,0.000050,0.000055,0.000064,0.000066,0.000062,0.000062,0.000061,0.000058,0.000056,0.000054,0.000108,0.000351,0.000176,0.000361,0.000436,0.000356,0.000160,0.000105,0.000034,0.000044,0.000122,0.000089,0.000049,0.000049,0.000039,0.000061,0.000021,0.000016,0.000037,0.000056
342,,,,,,,,,,,,,,0.000005,0.000112,0.000175,0.000210,0.000182,0.000273,0.000341,0.000258,0.000185,0.000140,0.000110,0.000137,0.000116,0.000101,0.000075,0.000097,0.000095,0.000058,0.000102,0.000059,0.000068,0.000057,0.000056,0.000026,0.000023,0.000023,0.000022,0.000066,0.000077,0.000035,0.000045,0.000052,0.000090,0.000009,0.000006,0.000035,0.000048
343,,,,,,,,,,,,,,0.000010,0.000157,0.000106,0.000086,0.000068,0.000073,0.000051,0.000066,0.000081,0.000069,0.000068,0.000108,0.000111,0.000098,0.000123,0.000152,0.000139,0.000080,0.000082,0.000050,0.000073,0.000147,0.000245,0.000213,0.000233,0.000228,0.000166,0.000377,0.000238,0.000096,0.000173,0.000201,0.000150,0.000009,0.000005,0.000024,0.000053
344,,,,,,,,,,,,,,0.000005,0.000067,0.000062,0.000062,0.000090,0.000128,0.000073,0.000081,0.000070,0.000066,0.000043,0.000068,0.000065,0.000055,0.000042,0.000035,0.000036,0.000018,0.000025,0.000053,0.000040,0.000105,0.000143,0.000056,0.000050,0.000053,0.000051,0.000089,0.000089,0.000104,0.000223,0.000269,0.000316,0.000039,0.000022,0.000103,0.000079
345,,,,,,,,,,,,,,0.000011,0.000162,0.000073,0.000057,0.000067,0.000079,0.000057,0.000052,0.000046,0.000062,0.000053,0.000042,0.000082,0.000092,0.000166,0.000207,0.000196,0.000121,0.000209,0.000165,0.000194,0.000185,0.000142,0.000062,0.000052,0.000082,0.000062,0.000054,0.000092,0.000168,0.000050,0.000044,0.000033,0.000010,0.000009,0.000066,0.000162
346,,,,,,,,,,,,,,0.000004,0.000072,0.000056,0.000036,0.000038,0.000048,0.000051,0.000066,0.000060,0.000050,0.000047,0.000075,0.000081,0.000076,0.000073,0.000058,0.000062,0.000027,0.000052,0.000037,0.000047,0.000057,0.000038,0.000021,0.000019,0.000033,0.000026,0.000021,0.000030,0.000032,0.000055,0.000032,0.000033,0.000006,0.000010,0.000019,0.000027
347,,,,,,,,,,,,,,0.000012,0.000164,0.000164,0.000119,0.000176,0.000429,0.000462,0.000447,0.000458,0.000327,0.000216,0.000291,0.000262,0.000219,0.000138,0.000121,0.000097,0.000044,0.000057,0.000070,0.000112,0.000068,0.000067,0.000042,0.000132,0.000080,0.000046,0.000102,0.000156,0.000100,0.000116,0.000108,0.000092,0.000005,0.000006,0.000050,0.000057
348,,,,,,,,,,,,,,0.000006,0.000098,0.000090,0.000087,0.000076,0.000079,0.000054,0.000053,0.000047,0.000053,0.000062,0.000076,0.000076,0.000065,0.000053,0.000076,0.000078,0.000034,0.000104,0.000153,0.000252,0.000285,0.000253,0.000084,0.000052,0.000042,0.000079,0.000140,0.000136,0.000052,0.000063,0.000055,0.000046,0.000005,0.000004,0.000061,0.000106
349,,,,,,,,,,,,,,0.000005,0.000042,0.000033,0.000036,0.000027,0.000035,0.000058,0.000080,0.000112,0.000137,0.000248,0.000299,0.000323,0.000250,0.000259,0.000199,0.000094,0.000044,0.000165,0.000120,0.000116,0.000086,0.000068,0.000028,0.000024,0.000070,0.000038,0.000038,0.000044,0.000066,0.000160,0.000081,0.000041,0.000007,0.000007,0.000026,0.000020
350,,,,,,,,,,,,,,0.000003,0.000057,0.000056,0.000038,0.000071,0.000076,0.000068,0.000095,0.000084,0.000090,0.000078,0.000116,0.000138,0.000219,0.000339,0.000448,0.000589,0.000566,0.000923,0.000752,0.000773,0.000626,0.000491,0.000158,0.000107,0.000064,0.000047,0.000083,0.000086,0.000057,0.000083,0.000090,0.000095,0.000014,0.000009,0.000033,0.000037
351,,,,,,,,,,,,,,0.000004,0.000056,0.000051,0.000040,0.000040,0.000055,0.000049,0.000066,0.000058,0.000044,0.000046,0.000066,0.000075,0.000064,0.000068,0.000052,0.000091,0.000103,0.000164,0.000180,0.000503,0.000596,0.000626,0.000346,0.000451,0.000260,0.000195,0.000396,0.000327,0.000135,0.000159,0.000115,0.000101,0.000012,0.000013,0.000029,0.000041
352,,,,,,,,,,,,,,0.000003,0.000041,0.000039,0.000036,0.000043,0.000061,0.000053,0.000065,0.000082,0.000098,0.000156,0.000222,0.000207,0.000170,0.000123,0.000205,0.000225,0.000084,0.000389,0.000233,0.000109,0.000126,0.000107,0.000039,0.000038,0.000026,0.000025,0.000046,0.000041,0.000030,0.000034,0.000033,0.000035,0.000008,0.000009,0.000036,0.000038
353,,,,,,,,,,,,,,0.000005,0.000058,0.000057,0.000041,0.000041,0.000058,0.000040,0.000068,0.000068,0.000055,0.000055,0.000070,0.000073,0.000077,0.000066,0.000053,0.000065,0.000026,0.000175,0.000112,0.000178,0.000172,0.000126,0.000050,0.000030,0.000025,0.000020,0.000032,0.000089,0.000139,0.000326,0.000336,0.000286,0.000017,0.000008,0.000048,0.000083
354,,,,,,,,,,,,,,0.000003,0.000039,0.000035,0.000035,0.000043,0.000040,0.000053,0.000061,0.000051,0.000052,0.000057,0.000079,0.000075,0.000082,0.000090,0.000119,0.000093,0.000046,0.000061,0.000047,0.000058,0.000078,0.000054,0.000026,0.000026,0.000037,0.000115,0.000109,0.000232,0.000055,0.000054,0.000062,0.000063,0.000009,0.000008,0.000044,0.000044
355,,,,,,,,,,,,,,0.000014,0.000154,0.000136,0.000091,0.000078,0.000090,0.000066,0.000090,0.000101,0.000112,0.000076,0.000117,0.000117,0.000219,0.000474,0.000324,0.000206,0.000086,0.000129,0.000074,0.000082,0.000121,0.000111,0.000053,0.000054,0.000030,0.000020,0.000036,0.000041,0.000094,0.000035,0.000021,0.000018,0.000008,0.000005,0.000021,0.000017
356,,,,,,,,,,,,,,0.000009,0.000186,0.000210,0.000132,0.000094,0.000097,0.000056,0.000066,0.000059,0.000070,0.000058,0.000073,0.000081,0.000080,0.000162,0.000114,0.000085,0.000095,0.000199,0.000139,0.000336,0.000131,0.000079,0.000063,0.000072,0.000053,0.000057,0.000061,0.000058,0.000034,0.000149,0.000075,0.000031,0.000009,0.000007,0.000100,0.000056
357,,,,,,,,,,,,,,0.000012,0.000120,0.000104,0.000092,0.000078,0.000125,0.000078,0.000119,0.000106,0.000233,0.000182,0.000219,0.000201,0.000132,0.000098,0.000101,0.000066,0.000086,0.000073,0.000083,0.000064,0.000063,0.000066,0.000042,0.000042,0.000060,0.000053,0.000068,0.000060,0.000047,0.000047,0.000050,0.000059,0.000019,0.000018,0.000141,0.000140
358,,,,,,,,,,,,,,0.000006,0.000058,0.000044,0.000029,0.000038,0.000059,0.000038,0.000046,0.000046,0.000023,0.000031,0.000042,0.000028,0.000150,0.000100,0.000115,0.000080,0.000047,0.000062,0.000043,0.000072,0.000068,0.000066,0.000047,0.000031,0.000038,0.000051,0.000066,0.000101,0.000033,0.000170,0.000060,0.000039,0.000014,0.000010,0.000037,0.000084
359,,,,,,,,,,,,,,0.000006,0.000074,0.000070,0.000074,0.000070,0.000095,0.000065,0.000090,0.000104,0.000117,0.000114,0.000199,0.000235,0.000236,0.000208,0.000194,0.000125,0.000060,0.000127,0.000090,0.000126,0.000134,0.000086,0.000039,0.000035,0.000028,0.000022,0.000048,0.000052,0.000022,0.000066,0.000058,0.000037,0.000028,0.000010,0.000043,0.000062
360,,,,,,,,,,,,,,0.000004,0.000064,0.000077,0.000159,0.000223,0.000582,0.000522,0.000883,0.000923,0.000966,0.000651,0.000782,0.000586,0.000456,0.000306,0.000299,0.000243,0.000117,0.000246,0.000108,0.000148,0.000143,0.000124,0.000055,0.000059,0.000051,0.000049,0.000085,0.000071,0.000030,0.000048,0.000046,0.000053,0.000007,0.000005,0.000028,0.000032
361,,,,,,,,,,,,,,0.000007,0.000114,0.000093,0.000063,0.000059,0.000080,0.000055,0.000091,0.000101,0.000110,0.000081,0.000109,0.000113,0.000121,0.000131,0.000148,0.000181,0.000083,0.000119,0.000065,0.000077,0.000080,0.000079,0.000034,0.000042,0.000022,0.000020,0.000026,0.000036,0.000027,0.000035,0.000034,0.000039,0.000007,0.000006,0.000050,0.000082
362,,,,,,,,,,,,,,0.000021,0.000334,0.000253,0.000247,0.000161,0.000259,0.000167,0.000244,0.000269,0.000173,0.000156,0.000230,0.000194,0.000198,0.000145,0.000099,0.000089,0.000061,0.000103,0.000071,0.000094,0.000148,0.000090,0.000038,0.000031,0.000026,0.000048,0.000052,0.000060,0.000031,0.000031,0.000066,0.000058,0.000011,0.000018,0.000065,0.000237
363,,,,,,,,,,,,,,0.000003,0.000092,0.000069,0.000054,0.000051,0.000063,0.000051,0.000081,0.000063,0.000072,0.000062,0.000084,0.000065,0.000059,0.000083,0.000081,0.000063,0.000043,0.000055,0.000030,0.000049,0.000057,0.000058,0.000024,0.000018,0.000018,0.000024,0.000054,0.000070,0.000051,0.000089,0.000071,0.000064,0.000008,0.000007,0.000025,0.000032
364,,,,,,,,,,,,,,0.000004,0.000048,0.000031,0.000027,0.000041,0.000056,0.000063,0.000060,0.000040,0.000033,0.000030,0.000035,0.000020,0.000007,0.000007,0.000011,0.000023,0.000053,0.000120,0.000095,0.000164,0.000147,0.000122,0.000091,0.000098,0.000059,0.000049,0.000123,0.000210,0.000258,0.000313,0.000323,0.000397,0.000058,0.000024,0.000052,0.000062
365,,,,,,,,,,,,,,0.000007,0.000245,0.000214,0.000109,0.000060,0.000056,0.000035,0.000061,0.000079,0.000125,0.000063,0.000076,0.000073,0.000064,0.000087,0.000104,0.000245,0.000130,0.000244,0.000293,0.000549,0.000344,0.000201,0.000054,0.000049,0.000068,0.000056,0.000087,0.000092,0.000054,0.000071,0.000165,0.000094,0.000014,0.000011,0.000046,0.000037
366,,,,,,,,,,,,,,0.000004,0.000034,0.000040,0.000041,0.000064,0.000298,0.000278,0.000453,0.000527,0.000597,0.000444,0.000730,0.000752,0.000761,0.000574,0.000814,0.000792,0.000171,0.000215,0.000086,0.000086,0.000083,0.000068,0.000026,0.000023,0.000021,0.000033,0.000030,0.000029,0.000023,0.000035,0.000031,0.000028,0.000010,0.000009,0.000044,0.000062
367,,,,,,,,,,,,,,0.000005,0.000055,0.000050,0.000050,0.000051,0.000077,0.000053,0.000060,0.000057,0.000033,0.000046,0.000120,0.000173,0.000133,0.000255,0.000564,0.000368,0.000072,0.000124,0.000168,0.000224,0.000252,0.000196,0.000056,0.000045,0.000032,0.000019,0.000045,0.000064,0.000057,0.000053,0.000042,0.000044,0.000007,0.000006,0.000030,0.000063
368,,,,,,,,,,,,,,0.000014,0.000063,0.000071,0.000281,0.000110,0.000109,0.000080,0.000114,0.000117,0.000087,0.000072,0.000121,0.000104,0.000105,0.000098,0.000091,0.000093,0.000068,0.000072,0.000058,0.000056,0.000065,0.000058,0.000036,0.000046,0.000033,0.000028,0.000041,0.000043,0.000032,0.000028,0.000028,0.000031,0.000007,0.000006,0.000028,0.000040
369,,,,,,,,,,,,,,0.000007,0.000085,0.000077,0.000047,0.000048,0.000089,0.000057,0.000058,0.000052,0.000063,0.000139,0.000074,0.000067,0.000066,0.000051,0.000064,0.000036,0.000038,0.000082,0.000041,0.000055,0.000045,0.000038,0.000012,0.000017,0.000016,0.000022,0.000045,0.000062,0.000124,0.000082,0.000073,0.000089,0.000018,0.000008,0.000018,0.000019
370,,,,,,,,,,,,,,0.000004,0.000040,0.000037,0.000019,0.000027,0.000058,0.000107,0.000117,0.000140,0.000093,0.000060,0.000088,0.000072,0.000050,0.000041,0.000034,0.000036,0.000028,0.000060,0.000047,0.000054,0.000076,0.000069,0.000029,0.000025,0.000020,0.000019,0.000040,0.000066,0.000053,0.000080,0.000033,0.000044,0.000017,0.000018,0.000031,0.000049
371,,,,,,,,,,,,,,0.000005,0.000052,0.000050,0.000068,0.000058,0.000107,0.000064,0.000076,0.000083,0.000069,0.000065,0.000092,0.000093,0.000114,0.000076,0.000057,0.000052,0.000035,0.000031,0.000032,0.000033,0.000039,0.000055,0.000026,0.000030,0.000039,0.000062,0.000139,0.000124,0.000066,0.000094,0.000097,0.000176,0.000045,0.000030,0.000084,0.000130
372,,,,,,,,,,,,,,0.000004,0.000109,0.000209,0.000434,0.000692,0.001140,0.000569,0.000694,0.000569,0.000432,0.000298,0.000285,0.000240,0.000178,0.000114,0.000133,0.000119,0.000048,0.000093,0.000064,0.000081,0.000090,0.000112,0.000065,0.000066,0.000036,0.000041,0.000108,0.000137,0.000158,0.000117,0.000114,0.000100,0.000010,0.000007,0.000044,0.000051
373,,,,,,,,,,,,,,0.000014,0.000240,0.000141,0.000088,0.000090,0.000223,0.000150,0.000258,0.000126,0.000133,0.000112,0.000166,0.000154,0.000183,0.000196,0.000276,0.000202,0.000064,0.000102,0.000082,0.000324,0.000156,0.000083,0.000034,0.000024,0.000018,0.000021,0.000093,0.000104,0.000055,0.000079,0.000079,0.000136,0.000008,0.000006,0.000038,0.000073
374,,,,,,,,,,,,,,0.000003,0.000032,0.000042,0.000076,0.000116,0.000339,0.000250,0.000290,0.000303,0.000292,0.000277,0.000444,0.000450,0.000335,0.000250,0.000236,0.000151,0.000056,0.000109,0.000060,0.000041,0.000038,0.000051,0.000041,0.000032,0.000027,0.000032,0.000095,0.000099,0.000061,0.000091,0.000105,0.000090,0.000009,0.000004,0.000015,0.000016
375,,,,,,,,,,,,,,0.000009,0.000246,0.000159,0.000097,0.000086,0.000130,0.000082,0.000082,0.000104,0.000110,0.000078,0.000111,0.000100,0.000103,0.000099,0.000093,0.000076,0.000157,0.000150,0.000106,0.000081,0.000108,0.000135,0.000112,0.000147,0.000129,0.000094,0.000163,0.000172,0.000105,0.000173,0.000248,0.000288,0.000019,0.000008,0.000046,0.000090
376,,,,,,,,,,,,,,0.000019,0.000151,0.000112,0.000075,0.000077,0.000093,0.000067,0.000087,0.000099,0.000068,0.000069,0.000108,0.000113,0.000143,0.000205,0.000356,0.000510,0.000470,0.000729,0.000399,0.000401,0.000351,0.000273,0.000093,0.000065,0.000042,0.000035,0.000066,0.000059,0.000038,0.000025,0.000028,0.000023,0.000005,0.000007,0.000063,0.000137
377,,,,,,,,,,,,,,0.000009,0.000119,0.000079,0.000070,0.000073,0.000091,0.000070,0.000117,0.000128,0.000120,0.000089,0.000144,0.000131,0.000123,0.000169,0.000134,0.000113,0.000045,0.000082,0.000056,0.000062,0.000084,0.000161,0.000133,0.000065,0.000041,0.000029,0.000054,0.000038,0.000022,0.000038,0.000033,0.000035,0.000005,0.000006,0.000034,0.000044
378,,,,,,,,,,,,,,0.000007,0.000121,0.000114,0.000068,0.000047,0.000081,0.000221,0.000132,0.000109,0.000114,0.000093,0.000125,0.000112,0.000113,0.000147,0.000194,0.000237,0.000525,0.000474,0.000225,0.000319,0.000137,0.000106,0.000119,0.000097,0.000051,0.000027,0.000045,0.000057,0.000076,0.000141,0.000134,0.000069,0.000010,0.000009,0.000052,0.000066
379,,,,,,,,,,,,,,0.000009,0.000531,0.000629,0.000468,0.000251,0.000283,0.000157,0.000207,0.000214,0.000150,0.000106,0.000157,0.000142,0.000132,0.000096,0.000113,0.000111,0.000057,0.000070,0.000091,0.000102,0.000090,0.000072,0.000042,0.000038,0.000032,0.000028,0.000056,0.000052,0.000036,0.000039,0.000037,0.000061,0.000007,0.000006,0.000025,0.000052
380,,,,,,,,,,,,,,0.000004,0.000046,0.000035,0.000038,0.000056,0.000136,0.000169,0.000299,0.000407,0.000503,0.000668,0.000942,0.001028,0.001169,0.001115,0.001237,0.001009,0.000268,0.000336,0.000190,0.000216,0.000203,0.000206,0.000090,0.000054,0.000032,0.000032,0.000056,0.000091,0.000125,0.000088,0.000058,0.000045,0.000006,0.000004,0.000015,0.000035
381,,,,,,,,,,,,,,0.000011,0.000303,0.000245,0.000159,0.000160,0.000238,0.000230,0.000216,0.000198,0.000166,0.000203,0.000238,0.000230,0.000223,0.000251,0.000249,0.000268,0.000119,0.000169,0.000079,0.000072,0.000068,0.000094,0.000070,0.000053,0.000041,0.000067,0.000061,0.000058,0.000040,0.000110,0.000051,0.000022,0.000005,0.000007,0.000032,0.000064
382,,,,,,,,,,,,,,0.000006,0.000175,0.000420,0.000653,0.000622,0.000799,0.000383,0.000433,0.000393,0.000319,0.000249,0.000378,0.000330,0.000259,0.000171,0.000200,0.000150,0.000079,0.000100,0.000073,0.000095,0.000109,0.000088,0.000041,0.000044,0.000032,0.000025,0.000043,0.000045,0.000041,0.000041,0.000033,0.000041,0.000007,0.000006,0.000025,0.000048
383,,,,,,,,,,,,,,0.000010,0.000133,0.000060,0.000062,0.000075,0.000196,0.000196,0.000322,0.000271,0.000289,0.000339,0.000638,0.000781,0.000862,0.000676,0.000700,0.000534,0.000140,0.000225,0.000347,0.000270,0.000250,0.000173,0.000057,0.000103,0.000029,0.000022,0.000051,0.000071,0.000050,0.000087,0.000105,0.000145,0.000016,0.000012,0.000049,0.000097
384,,,,,,,,,,,,,,0.000008,0.000241,0.000406,0.000377,0.000427,0.000293,0.000148,0.000216,0.000183,0.000170,0.000164,0.000242,0.000253,0.000255,0.000218,0.000224,0.000184,0.000075,0.000106,0.000078,0.000094,0.000111,0.000096,0.000044,0.000043,0.000030,0.000030,0.000065,0.000069,0.000043,0.000061,0.000047,0.000061,0.000009,0.000005,0.000026,0.000040
385,,,,,,,,,,,,,,0.000004,0.000089,0.000070,0.000071,0.000051,0.000078,0.000055,0.000062,0.000061,0.000302,0.000185,0.000122,0.000089,0.000065,0.000064,0.000079,0.000065,0.000068,0.000127,0.000045,0.000048,0.000049,0.000043,0.000035,0.000117,0.000055,0.000029,0.000067,0.000141,0.000140,0.000098,0.000053,0.000059,0.000008,0.000005,0.000021,0.000022
386,,,,,,,,,,,,,,0.000008,0.000211,0.000194,0.000369,0.000583,0.000775,0.000413,0.000368,0.000313,0.000198,0.000130,0.000150,0.000121,0.000109,0.000089,0.000095,0.000082,0.000046,0.000051,0.000033,0.000092,0.000086,0.000075,0.000040,0.000067,0.000072,0.000097,0.000196,0.000135,0.000077,0.000058,0.000058,0.000054,0.000007,0.000004,0.000011,0.000020
387,,,,,,,,,,,,,,0.000004,0.000053,0.000048,0.000043,0.000064,0.000145,0.000154,0.000191,0.000175,0.000177,0.000108,0.000141,0.000125,0.000108,0.000101,0.000101,0.000081,0.000058,0.000061,0.000038,0.000060,0.000072,0.000059,0.000031,0.000028,0.000017,0.000023,0.000026,0.000023,0.000042,0.000097,0.000117,0.000186,0.000028,0.000017,0.000047,0.000045
388,,,,,,,,,,,,,,0.000010,0.000150,0.000107,0.000088,0.000085,0.000105,0.000065,0.000085,0.000102,0.000085,0.000073,0.000111,0.000126,0.000108,0.000097,0.000126,0.000104,0.000093,0.000100,0.000123,0.000316,0.000239,0.000240,0.000102,0.000141,0.000042,0.000045,0.000084,0.000050,0.000026,0.000032,0.000048,0.000050,0.000004,0.000004,0.000029,0.000068
389,,,,,,,,,,,,,,0.000008,0.000135,0.000107,0.000086,0.000070,0.000081,0.000067,0.000072,0.000057,0.000041,0.000034,0.000036,0.000032,0.000027,0.000063,0.000454,0.000246,0.000057,0.000108,0.000060,0.000078,0.000084,0.000107,0.000040,0.000026,0.000025,0.000015,0.000031,0.000061,0.000074,0.000206,0.000212,0.000258,0.000019,0.000009,0.000041,0.000147
390,,,,,,,,,,,,,,0.000010,0.000405,0.000338,0.000298,0.000264,0.000323,0.000152,0.000119,0.000119,0.000092,0.000056,0.000094,0.000093,0.000088,0.000080,0.000197,0.000145,0.000090,0.000142,0.000059,0.000074,0.000079,0.000069,0.000028,0.000025,0.000040,0.000046,0.000115,0.000098,0.000092,0.000037,0.000035,0.000049,0.000017,0.000012,0.000026,0.000042
391,,,,,,,,,,,,,,0.000028,0.000470,0.000300,0.000150,0.000133,0.000138,0.000088,0.000123,0.000085,0.000065,0.000063,0.000091,0.000090,0.000076,0.000063,0.000058,0.000067,0.000034,0.000045,0.000034,0.000030,0.000047,0.000066,0.000035,0.000038,0.000047,0.000034,0.000051,0.000044,0.000033,0.000038,0.000034,0.000040,0.000005,0.000004,0.000024,0.000066
392,,,,,,,,,,,,,,0.000004,0.000046,0.000038,0.000042,0.000085,0.000228,0.000287,0.000363,0.000431,0.000379,0.000303,0.000395,0.000330,0.000244,0.000194,0.000193,0.000167,0.000085,0.000308,0.000223,0.000266,0.000289,0.000220,0.000067,0.000053,0.000034,0.000031,0.000048,0.000051,0.000075,0.000113,0.000149,0.000212,0.000023,0.000014,0.000050,0.000077
393,,,,,,,,,,,,,,0.000003,0.000029,0.000025,0.000018,0.000024,0.000117,0.000096,0.000089,0.000066,0.000060,0.000059,0.000073,0.000062,0.000061,0.000054,0.000053,0.000051,0.000053,0.000068,0.000076,0.000053,0.000105,0.000208,0.000256,0.000310,0.000190,0.000122,0.000245,0.000193,0.000104,0.000121,0.000110,0.000107,0.000014,0.000010,0.000019,0.000029
394,,,,,,,,,,,,,,0.000005,0.000081,0.000053,0.000051,0.000068,0.000088,0.000080,0.000087,0.000100,0.000123,0.000187,0.000489,0.000734,0.000979,0.001144,0.001388,0.001202,0.000453,0.000512,0.000269,0.000304,0.000289,0.000283,0.000104,0.000092,0.000053,0.000045,0.000075,0.000061,0.000040,0.000046,0.000053,0.000053,0.000007,0.000008,0.000031,0.000038
395,,,,,,,,,,,,,,0.000005,0.000045,0.000031,0.000043,0.000061,0.000102,0.000061,0.000067,0.000070,0.000069,0.000059,0.000059,0.000040,0.000047,0.000071,0.000141,0.000104,0.000048,0.000058,0.000054,0.000112,0.000121,0.000084,0.000044,0.000058,0.000057,0.000049,0.000107,0.000098,0.000075,0.000077,0.000061,0.000048,0.000022,0.000012,0.000122,0.000154
396,,,,,,,,,,,,,,0.000004,0.000054,0.000087,0.000200,0.000173,0.000274,0.000115,0.000114,0.000098,0.000087,0.000061,0.000091,0.000085,0.000080,0.000064,0.000083,0.000062,0.000027,0.000045,0.000035,0.000061,0.000075,0.000077,0.000036,0.000027,0.000018,0.000018,0.000042,0.000037,0.000029,0.000036,0.000039,0.000033,0.000007,0.000003,0.000030,0.000035
397,,,,,,,,,,,,,,0.000006,0.000170,0.000201,0.000115,0.000105,0.000177,0.000120,0.000168,0.000150,0.000147,0.000132,0.000150,0.000141,0.000128,0.000080,0.000123,0.000160,0.000081,0.000196,0.000193,0.000231,0.000307,0.000202,0.000049,0.000117,0.000157,0.000073,0.000113,0.000145,0.000068,0.000053,0.000050,0.000063,0.000007,0.000006,0.000036,0.000061
398,,,,,,,,,,,,,,0.000006,0.000070,0.000050,0.000039,0.000044,0.000056,0.000054,0.000047,0.000054,0.000085,0.000101,0.000176,0.000217,0.000228,0.000239,0.000216,0.000199,0.000106,0.000125,0.000110,0.000150,0.000341,0.000403,0.000127,0.000090,0.000042,0.000024,0.000029,0.000019,0.000019,0.000018,0.000020,0.000018,0.000006,0.000006,0.000045,0.000055
399,,,,,,,,,,,,,,0.000008,0.000211,0.000155,0.000157,0.000132,0.000138,0.000080,0.000077,0.000065,0.000048,0.000044,0.000057,0.000065,0.000045,0.000037,0.000048,0.000029,0.000023,0.000035,0.000050,0.000183,0.000473,0.000494,0.000180,0.000099,0.000036,0.000021,0.000051,0.000060,0.000037,0.000070,0.000065,0.000042,0.000009,0.000008,0.000020,0.000035
400,,,,,,,,,,,,,,0.000007,0.000123,0.000108,0.000098,0.000075,0.000081,0.000076,0.000087,0.000070,0.000056,0.000043,0.000054,0.000054,0.000051,0.000056,0.000078,0.000079,0.000143,0.000343,0.000312,0.000561,0.000450,0.000309,0.000091,0.000071,0.000045,0.000034,0.000039,0.000032,0.000049,0.000035,0.000034,0.000027,0.000012,0.000012,0.000038,0.000047
401,,,,,,,,,,,,,,0.000015,0.000152,0.000096,0.000103,0.000118,0.000143,0.000108,0.000098,0.000050,0.000051,0.000074,0.000081,0.000079,0.000062,0.000050,0.000059,0.000105,0.000077,0.000141,0.000098,0.000153,0.000262,0.000182,0.000063,0.000049,0.000048,0.000034,0.000080,0.000115,0.000072,0.000075,0.000062,0.000052,0.000016,0.000024,0.000254,0.000292
402,,,,,,,,,,,,,,0.000007,0.000115,0.000128,0.000252,0.000133,0.000146,0.000088,0.000175,0.000072,0.000103,0.000068,0.000066,0.000066,0.000052,0.000099,0.000112,0.000095,0.000064,0.000291,0.000211,0.000222,0.000212,0.000307,0.000192,0.000141,0.000106,0.000057,0.000090,0.000077,0.000037,0.000033,0.000034,0.000031,0.000011,0.000010,0.000092,0.000147
403,,,,,,,,,,,,,,0.000003,0.000047,0.000036,0.000050,0.000046,0.000045,0.000032,0.000062,0.000045,0.000088,0.000057,0.000064,0.000097,0.000073,0.000049,0.000040,0.000040,0.000031,0.000056,0.000127,0.000077,0.000209,0.000081,0.000032,0.000031,0.000055,0.000084,0.000281,0.000208,0.000139,0.000149,0.000090,0.000078,0.000012,0.000009,0.000045,0.000071
404,,,,,,,,,,,,,,0.000004,0.000065,0.000062,0.000064,0.000067,0.000106,0.000074,0.000101,0.000068,0.000054,0.000051,0.000070,0.000049,0.000052,0.000062,0.000069,0.000057,0.000035,0.000055,0.000038,0.000064,0.000072,0.000094,0.000051,0.000087,0.000109,0.000094,0.000247,0.000272,0.000125,0.000114,0.000083,0.000131,0.000009,0.000007,0.000038,0.000055
405,,,,,,,,,,,,,,0.000005,0.000093,0.000117,0.000109,0.000093,0.000094,0.000074,0.000087,0.000074,0.000097,0.000068,0.000094,0.000065,0.000060,0.000059,0.000055,0.000044,0.000027,0.000037,0.000043,0.000055,0.000044,0.000054,0.000056,0.000075,0.000161,0.000146,0.000284,0.000253,0.000130,0.000142,0.000103,0.000083,0.000009,0.000006,0.000030,0.000039
406,,,,,,,,,,,,,,0.000006,0.000085,0.000055,0.000055,0.000062,0.000097,0.000070,0.000099,0.000095,0.000098,0.000108,0.000235,0.000470,0.000815,0.000921,0.000929,0.000691,0.000218,0.000558,0.000319,0.000237,0.000241,0.000162,0.000071,0.000056,0.000036,0.000043,0.000089,0.000127,0.000069,0.000086,0.000098,0.000073,0.000007,0.000006,0.000034,0.000047
407,,,,,,,,,,,,,,0.000006,0.000053,0.000045,0.000035,0.000047,0.000063,0.000148,0.000100,0.000079,0.000071,0.000061,0.000070,0.000082,0.000073,0.000059,0.000061,0.000086,0.000030,0.000085,0.000079,0.000068,0.000068,0.000058,0.000027,0.000040,0.000046,0.000071,0.000146,0.000133,0.000114,0.000090,0.000078,0.000081,0.000037,0.000016,0.000130,0.000115
408,,,,,,,,,,,,,,0.000009,0.000154,0.000199,0.000143,0.000128,0.000116,0.000095,0.000074,0.000074,0.000048,0.000042,0.000078,0.000047,0.000032,0.000046,0.000046,0.000037,0.000041,0.000115,0.000253,0.000558,0.000421,0.000359,0.000107,0.000035,0.000026,0.000043,0.000169,0.000234,0.000172,0.000222,0.000225,0.000306,0.000039,0.000026,0.000053,0.000045
409,,,,,,,,,,,,,,0.000004,0.000079,0.000058,0.000081,0.000066,0.000119,0.000066,0.000088,0.000106,0.000091,0.000066,0.000096,0.000083,0.000079,0.000071,0.000087,0.000078,0.000047,0.000047,0.000042,0.000061,0.000067,0.000072,0.000033,0.000043,0.000030,0.000027,0.000071,0.000165,0.000122,0.000153,0.000143,0.000099,0.000006,0.000004,0.000028,0.000041
410,,,,,,,,,,,,,,0.000040,0.000351,0.000273,0.000208,0.000192,0.000218,0.000132,0.000188,0.000148,0.000130,0.000117,0.000154,0.000143,0.000134,0.000105,0.000113,0.000096,0.000052,0.000069,0.000067,0.000069,0.000071,0.000062,0.000033,0.000034,0.000025,0.000025,0.000040,0.000041,0.000031,0.000045,0.000046,0.000043,0.000008,0.000012,0.000236,0.000512
411,,,,,,,,,,,,,,0.000004,0.000051,0.000046,0.000040,0.000047,0.000235,0.000256,0.000631,0.000591,0.000605,0.000677,0.000659,0.000593,0.000405,0.000292,0.000230,0.000181,0.000072,0.000090,0.000073,0.000114,0.000137,0.000118,0.000042,0.000031,0.000035,0.000025,0.000055,0.000087,0.000063,0.000083,0.000090,0.000104,0.000009,0.000005,0.000017,0.000027
412,,,,,,,,,,,,,,0.000011,0.000212,0.000323,0.000317,0.000214,0.000229,0.000192,0.000213,0.000162,0.000116,0.000087,0.000100,0.000091,0.000070,0.000063,0.000057,0.000063,0.000025,0.000055,0.000060,0.000083,0.000122,0.000119,0.000044,0.000023,0.000017,0.000038,0.000065,0.000052,0.000032,0.000038,0.000031,0.000034,0.000004,0.000004,0.000061,0.000113
413,,,,,,,,,,,,,,0.000007,0.000100,0.000069,0.000059,0.000065,0.000073,0.000069,0.000082,0.000094,0.000193,0.000179,0.000239,0.000199,0.000165,0.000160,0.000128,0.000075,0.000043,0.000104,0.000098,0.000175,0.000107,0.000074,0.000036,0.000034,0.000037,0.000112,0.000122,0.000162,0.000180,0.000158,0.000137,0.000124,0.000023,0.000018,0.000085,0.000076
414,,,,,,,,,,,,,,0.000006,0.000123,0.000068,0.000062,0.000073,0.000091,0.000035,0.000022,0.000020,0.000020,0.000027,0.000033,0.000029,0.000038,0.000044,0.000045,0.000037,0.000053,0.000030,0.000050,0.000042,0.000041,0.000029,0.000021,0.000031,0.000019,0.000040,0.000070,0.000108,0.000081,0.000202,0.000222,0.000199,0.000014,0.000007,0.000041,0.000050
415,,,,,,,,,,,,,,0.000003,0.000038,0.000098,0.000144,0.000242,0.000270,0.000189,0.000263,0.000274,0.000202,0.000185,0.000252,0.000239,0.000206,0.000169,0.000154,0.000141,0.000084,0.000162,0.000132,0.000126,0.000181,0.000140,0.000060,0.000065,0.000078,0.000125,0.000317,0.000244,0.000086,0.000087,0.000081,0.000076,0.000009,0.000006,0.000026,0.000048
416,,,,,,,,,,,,,,0.000013,0.000170,0.000150,0.000132,0.000105,0.000152,0.000108,0.000153,0.000140,0.000137,0.000115,0.000191,0.000163,0.000146,0.000141,0.000160,0.000167,0.000052,0.000110,0.000119,0.000247,0.000276,0.000347,0.000338,0.000133,0.000041,0.000039,0.000110,0.000106,0.000124,0.000104,0.000064,0.000065,0.000006,0.000005,0.000044,0.000044
417,,,,,,,,,,,,,,0.000009,0.000167,0.000089,0.000046,0.000046,0.000051,0.000026,0.000041,0.000037,0.000040,0.000027,0.000038,0.000050,0.000068,0.000052,0.000062,0.000042,0.000033,0.000042,0.000020,0.000039,0.000119,0.000143,0.000045,0.000033,0.000023,0.000030,0.000056,0.000057,0.000022,0.000038,0.000027,0.000022,0.000007,0.000007,0.000064,0.000237
418,,,,,,,,,,,,,,0.000004,0.000116,0.000113,0.000097,0.000059,0.000065,0.000056,0.000119,0.000246,0.000467,0.000552,0.000894,0.001001,0.000934,0.000699,0.000793,0.000642,0.000223,0.000213,0.000119,0.000110,0.000132,0.000130,0.000071,0.000062,0.000030,0.000024,0.000037,0.000039,0.000046,0.000097,0.000133,0.000118,0.000018,0.000010,0.000038,0.000042
419,,,,,,,,,,,,,,0.000004,0.000040,0.000049,0.000078,0.000230,0.000631,0.000478,0.000675,0.000632,0.000515,0.000395,0.000489,0.000405,0.000299,0.000221,0.000214,0.000178,0.000066,0.000103,0.000058,0.000092,0.000085,0.000092,0.000036,0.000035,0.000021,0.000017,0.000032,0.000037,0.000024,0.000034,0.000031,0.000031,0.000004,0.000004,0.000023,0.000031
420,,,,,,,,,,,,,,0.000002,0.000040,0.000038,0.000065,0.000089,0.000195,0.000209,0.000363,0.000459,0.000595,0.000537,0.000930,0.000793,0.000647,0.000482,0.000566,0.000399,0.000112,0.000098,0.000054,0.000055,0.000054,0.000068,0.000045,0.000030,0.000046,0.000047,0.000095,0.000088,0.000058,0.000083,0.000078,0.000068,0.000009,0.000007,0.000024,0.000025
421,,,,,,,,,,,,,,0.000034,0.000386,0.000310,0.000238,0.000194,0.000230,0.000140,0.000175,0.000165,0.000147,0.000120,0.000167,0.000141,0.000152,0.000092,0.000102,0.000085,0.000059,0.000150,0.000132,0.000329,0.000213,0.000142,0.000040,0.000057,0.000075,0.000050,0.000089,0.000111,0.000051,0.000056,0.000046,0.000031,0.000007,0.000006,0.000033,0.000057
422,,,,,,,,,,,,,,0.000005,0.000086,0.000070,0.000053,0.000057,0.000083,0.000055,0.000102,0.000100,0.000075,0.000077,0.000090,0.000083,0.000062,0.000080,0.000083,0.000079,0.000037,0.000097,0.000104,0.000384,0.000445,0.000338,0.000143,0.000098,0.000099,0.000113,0.000271,0.000287,0.000130,0.000126,0.000077,0.000068,0.000008,0.000007,0.000072,0.000146
423,,,,,,,,,,,,,,0.000004,0.000071,0.000067,0.000060,0.000045,0.000053,0.000050,0.000054,0.000077,0.000082,0.000102,0.000260,0.000332,0.000345,0.000372,0.000589,0.000417,0.000071,0.000123,0.000061,0.000073,0.000132,0.000119,0.000117,0.000081,0.000056,0.000049,0.000086,0.000060,0.000053,0.000058,0.000047,0.000040,0.000007,0.000007,0.000060,0.000073
424,,,,,,,,,,,,,,0.000013,0.000245,0.000257,0.000237,0.000158,0.000191,0.000128,0.000227,0.000286,0.000278,0.000244,0.000424,0.000423,0.000316,0.000209,0.000156,0.000129,0.000089,0.000063,0.000053,0.000059,0.000057,0.000057,0.000029,0.000031,0.000025,0.000027,0.000059,0.000085,0.000081,0.000054,0.000034,0.000028,0.000007,0.000006,0.000029,0.000030
425,,,,,,,,,,,,,,0.000002,0.000030,0.000016,0.000019,0.000042,0.000045,0.000037,0.000035,0.000035,0.000016,0.000036,0.000045,0.000040,0.000036,0.000026,0.000373,0.000108,0.000059,0.000085,0.000031,0.000023,0.000069,0.000064,0.000035,0.000023,0.000028,0.000036,0.000067,0.000094,0.000062,0.000105,0.000100,0.000111,0.000016,0.000016,0.000030,0.000034
426,,,,,,,,,,,,,,0.000004,0.000068,0.000081,0.000100,0.000089,0.000115,0.000093,0.000052,0.000092,0.000147,0.000187,0.000343,0.000486,0.000468,0.000347,0.000287,0.000180,0.000064,0.000109,0.000088,0.000242,0.000362,0.000320,0.000131,0.000123,0.000060,0.000053,0.000073,0.000120,0.000087,0.000085,0.000071,0.000095,0.000015,0.000010,0.000036,0.000026
427,,,,,,,,,,,,,,0.000018,0.000142,0.000097,0.000085,0.000080,0.000079,0.000061,0.000084,0.000087,0.000077,0.000061,0.000084,0.000092,0.000090,0.000093,0.000098,0.000077,0.000035,0.000042,0.000054,0.000063,0.000078,0.000087,0.000038,0.000033,0.000028,0.000026,0.000042,0.000047,0.000026,0.000039,0.000041,0.000038,0.000007,0.000011,0.000288,0.000336
428,,,,,,,,,,,,,,0.000004,0.000041,0.000040,0.000048,0.000057,0.000053,0.000044,0.000045,0.000048,0.000052,0.000054,0.000053,0.000030,0.000029,0.000063,0.000045,0.000048,0.000029,0.000039,0.000067,0.000082,0.000065,0.000093,0.000103,0.000095,0.000078,0.000048,0.000084,0.000075,0.000043,0.000050,0.000057,0.000058,0.000009,0.000009,0.000028,0.000035
429,,,,,,,,,,,,,,0.000002,0.000076,0.000077,0.000059,0.000031,0.000041,0.000056,0.000076,0.000103,0.000157,0.000261,0.000280,0.000314,0.000360,0.000270,0.000330,0.000257,0.000094,0.000190,0.000122,0.000140,0.000129,0.000090,0.000039,0.000090,0.000046,0.000031,0.000053,0.000057,0.000044,0.000159,0.000182,0.000102,0.000013,0.000015,0.000045,0.000033
430,,,,,,,,,,,,,,0.000003,0.000036,0.000033,0.000024,0.000038,0.000065,0.000092,0.000167,0.000214,0.000302,0.000260,0.000268,0.000204,0.000158,0.000092,0.000089,0.000069,0.000050,0.000074,0.000062,0.000083,0.000077,0.000050,0.000025,0.000040,0.000064,0.000031,0.000040,0.000074,0.000085,0.000128,0.000146,0.000174,0.000022,0.000013,0.000116,0.000059
431,,,,,,,,,,,,,,0.000003,0.000058,0.000054,0.000037,0.000037,0.000068,0.000044,0.000054,0.000055,0.000058,0.000044,0.000063,0.000070,0.000076,0.000055,0.000075,0.000076,0.000053,0.000073,0.000059,0.000110,0.000093,0.000093,0.000051,0.000042,0.000034,0.000034,0.000137,0.000299,0.000387,0.000169,0.000079,0.000069,0.000008,0.000006,0.000030,0.000033
432,,,,,,,,,,,,,,0.000009,0.000180,0.000130,0.000103,0.000076,0.000077,0.000062,0.000082,0.000087,0.000083,0.000119,0.000225,0.000220,0.000207,0.000195,0.000210,0.000182,0.000089,0.000095,0.000081,0.000240,0.000348,0.000387,0.000108,0.000099,0.000048,0.000050,0.000144,0.000215,0.000167,0.000183,0.000129,0.000095,0.000008,0.000006,0.000048,0.000136
433,,,,,,,,,,,,,,0.000005,0.000123,0.000116,0.000047,0.000039,0.000043,0.000053,0.000055,0.000055,0.000046,0.000066,0.000060,0.000090,0.000083,0.000062,0.000089,0.000071,0.000039,0.000148,0.000066,0.000068,0.000068,0.000107,0.000054,0.000078,0.000117,0.000089,0.000307,0.000410,0.000216,0.000231,0.000163,0.000163,0.000015,0.000008,0.000036,0.000040
434,,,,,,,,,,,,,,0.000005,0.000050,0.000048,0.000079,0.000101,0.000115,0.000093,0.000097,0.000089,0.000078,0.000071,0.000101,0.000122,0.000073,0.000079,0.000108,0.000095,0.000076,0.000123,0.000140,0.000379,0.000752,0.000794,0.000292,0.000177,0.000119,0.000117,0.000247,0.000164,0.000092,0.000082,0.000066,0.000052,0.000010,0.000008,0.000039,0.000042
435,,,,,,,,,,,,,,0.000007,0.000138,0.000118,0.000118,0.000175,0.000318,0.000205,0.000246,0.000240,0.000219,0.000192,0.000277,0.000254,0.000209,0.000193,0.000159,0.000145,0.000062,0.000087,0.000043,0.000060,0.000087,0.000090,0.000069,0.000049,0.000111,0.000096,0.000167,0.000125,0.000054,0.000065,0.000057,0.000060,0.000009,0.000008,0.000091,0.000177
436,,,,,,,,,,,,,,0.000007,0.000167,0.000053,0.000051,0.000044,0.000101,0.000135,0.000151,0.000126,0.000124,0.000103,0.000097,0.000073,0.000057,0.000038,0.000102,0.000075,0.000035,0.000048,0.000038,0.000231,0.000115,0.000074,0.000043,0.000058,0.000046,0.000037,0.000058,0.000085,0.000095,0.000183,0.000112,0.000086,0.000019,0.000022,0.000097,0.000099
437,,,,,,,,,,,,,,0.000005,0.000060,0.000046,0.000040,0.000046,0.000052,0.000040,0.000063,0.000060,0.000064,0.000046,0.000060,0.000058,0.000072,0.000055,0.000069,0.000055,0.000044,0.000061,0.000039,0.000071,0.000060,0.000058,0.000030,0.000029,0.000021,0.000016,0.000029,0.000031,0.000028,0.000024,0.000020,0.000028,0.000016,0.000011,0.000062,0.000047
438,,,,,,,,,,,,,,0.000008,0.000057,0.000044,0.000044,0.000053,0.000104,0.000185,0.000284,0.000408,0.000499,0.000725,0.000748,0.000761,0.000647,0.000549,0.000404,0.000223,0.000070,0.000117,0.000077,0.000069,0.000067,0.000063,0.000026,0.000028,0.000034,0.000049,0.000047,0.000038,0.000031,0.000065,0.000039,0.000023,0.000004,0.000004,0.000031,0.000028
439,,,,,,,,,,,,,,0.000006,0.000126,0.000110,0.000095,0.000066,0.000100,0.000088,0.000092,0.000118,0.000121,0.000109,0.000133,0.000124,0.000107,0.000089,0.000091,0.000081,0.000029,0.000054,0.000044,0.000077,0.000169,0.000249,0.000131,0.000195,0.000157,0.000106,0.000168,0.000160,0.000074,0.000083,0.000069,0.000058,0.000005,0.000005,0.000029,0.000039
440,,,,,,,,,,,,,,0.000006,0.000234,0.000325,0.000417,0.000374,0.000378,0.000206,0.000261,0.000239,0.000255,0.000166,0.000215,0.000186,0.000141,0.000123,0.000141,0.000112,0.000056,0.000089,0.000111,0.000109,0.000083,0.000088,0.000037,0.000037,0.000019,0.000018,0.000029,0.000026,0.000016,0.000020,0.000024,0.000035,0.000006,0.000005,0.000024,0.000045
441,,,,,,,,,,,,,,0.000003,0.000039,0.000031,0.000031,0.000051,0.000059,0.000048,0.000056,0.000077,0.000072,0.000066,0.000114,0.000115,0.000094,0.000078,0.000088,0.000073,0.000031,0.000068,0.000041,0.000045,0.000100,0.000138,0.000129,0.000198,0.000192,0.000161,0.000334,0.000265,0.000130,0.000139,0.000094,0.000071,0.000008,0.000006,0.000034,0.000043
442,,,,,,,,,,,,,,0.000007,0.000079,0.000056,0.000050,0.000051,0.000057,0.000057,0.000059,0.000080,0.000077,0.000104,0.000089,0.000082,0.000060,0.000074,0.000110,0.000193,0.000088,0.000341,0.000146,0.000113,0.000100,0.000062,0.000022,0.000015,0.000025,0.000022,0.000036,0.000022,0.000020,0.000025,0.000039,0.000040,0.000008,0.000011,0.000062,0.000147
443,,,,,,,,,,,,,,0.000013,0.000222,0.000208,0.000165,0.000130,0.000155,0.000102,0.000147,0.000155,0.000143,0.000121,0.000177,0.000154,0.000135,0.000129,0.000153,0.000123,0.000044,0.000063,0.000050,0.000059,0.000079,0.000087,0.000035,0.000028,0.000024,0.000022,0.000057,0.000056,0.000040,0.000053,0.000044,0.000043,0.000004,0.000005,0.000099,0.000257
444,,,,,,,,,,,,,,0.000008,0.000097,0.000082,0.000079,0.000088,0.000174,0.000134,0.000162,0.000180,0.000123,0.000128,0.000150,0.000110,0.000102,0.000100,0.000069,0.000099,0.000054,0.000062,0.000059,0.000078,0.000089,0.000079,0.000048,0.000035,0.000028,0.000032,0.000029,0.000028,0.000033,0.000044,0.000046,0.000061,0.000011,0.000008,0.000070,0.000254
445,,,,,,,,,,,,,,0.000006,0.000093,0.000083,0.000088,0.000081,0.000166,0.000090,0.000108,0.000106,0.000093,0.000070,0.000097,0.000099,0.000075,0.000073,0.000073,0.000055,0.000026,0.000051,0.000053,0.000139,0.000277,0.000298,0.000154,0.000065,0.000025,0.000014,0.000028,0.000031,0.000028,0.000023,0.000022,0.000018,0.000007,0.000006,0.000030,0.000033
446,,,,,,,,,,,,,,0.000009,0.000288,0.000107,0.000065,0.000057,0.000086,0.000050,0.000057,0.000066,0.000062,0.000054,0.000061,0.000076,0.000106,0.000120,0.000298,0.000297,0.000102,0.000100,0.000056,0.000061,0.000049,0.000059,0.000046,0.000108,0.000049,0.000020,0.000043,0.000052,0.000040,0.000034,0.000030,0.000029,0.000014,0.000026,0.000222,0.000194
447,,,,,,,,,,,,,,0.000007,0.000080,0.000063,0.000067,0.000052,0.000071,0.000068,0.000072,0.000175,0.000188,0.000249,0.000607,0.000879,0.001388,0.001428,0.001192,0.000675,0.000195,0.000295,0.000149,0.000154,0.000150,0.000130,0.000063,0.000055,0.000033,0.000031,0.000096,0.000097,0.000048,0.000046,0.000036,0.000037,0.000007,0.000008,0.000035,0.000070
448,,,,,,,,,,,,,,0.000007,0.000134,0.000095,0.000068,0.000054,0.000074,0.000060,0.000054,0.000079,0.000077,0.000077,0.000126,0.000198,0.000277,0.000265,0.000373,0.000248,0.000101,0.000156,0.000116,0.000085,0.000116,0.000103,0.000072,0.000091,0.000070,0.000044,0.000164,0.000147,0.000224,0.000144,0.000097,0.000052,0.000018,0.000011,0.000048,0.000057
449,,,,,,,,,,,,,,0.000009,0.000091,0.000134,0.000163,0.000140,0.000278,0.000309,0.000216,0.000136,0.000075,0.000065,0.000103,0.000087,0.000067,0.000069,0.000068,0.000062,0.000083,0.000157,0.000073,0.000085,0.000101,0.000078,0.000052,0.000037,0.000031,0.000053,0.000171,0.000220,0.000154,0.000249,0.000182,0.000166,0.000015,0.000013,0.000025,0.000038
450,,,,,,,,,,,,,,0.000004,0.000071,0.000131,0.000216,0.000289,0.000425,0.000259,0.000449,0.000531,0.000528,0.000462,0.000671,0.000560,0.000578,0.000499,0.000593,0.000436,0.000162,0.000276,0.000132,0.000150,0.000173,0.000113,0.000047,0.000106,0.000142,0.000070,0.000113,0.000056,0.000032,0.000045,0.000036,0.000037,0.000007,0.000007,0.000025,0.000039
451,,,,,,,,,,,,,,0.000004,0.000054,0.000050,0.000028,0.000024,0.000049,0.000071,0.000114,0.000143,0.000134,0.000103,0.000130,0.000120,0.000109,0.000088,0.000097,0.000065,0.000032,0.000047,0.000045,0.000084,0.000099,0.000056,0.000028,0.000021,0.000021,0.000017,0.000059,0.000058,0.000087,0.000222,0.000110,0.000049,0.000007,0.000008,0.000037,0.000032
452,,,,,,,,,,,,,,0.000025,0.000292,0.000252,0.000149,0.000156,0.000321,0.000286,0.000209,0.000212,0.000169,0.000147,0.000168,0.000140,0.000125,0.000115,0.000172,0.000287,0.000104,0.000402,0.000343,0.000404,0.000297,0.000193,0.000056,0.000035,0.000031,0.000043,0.000096,0.000113,0.000071,0.000113,0.000093,0.000100,0.000012,0.000012,0.000024,0.000034
453,,,,,,,,,,,,,,0.000011,0.000223,0.000237,0.000118,0.000074,0.000073,0.000044,0.000050,0.000038,0.000027,0.000027,0.000026,0.000027,0.000033,0.000021,0.000052,0.000062,0.000064,0.000191,0.000107,0.000142,0.000128,0.000087,0.000032,0.000032,0.000027,0.000037,0.000123,0.000179,0.000110,0.000141,0.000124,0.000166,0.000015,0.000008,0.000066,0.000130
454,,,,,,,,,,,,,,0.000009,0.000112,0.000071,0.000045,0.000054,0.000066,0.000064,0.000119,0.000121,0.000128,0.000115,0.000188,0.000186,0.000176,0.000142,0.000139,0.000115,0.000035,0.000068,0.000042,0.000073,0.000076,0.000089,0.000053,0.000115,0.000081,0.000038,0.000106,0.000204,0.000169,0.000215,0.000170,0.000157,0.000011,0.000007,0.000041,0.000064
455,,,,,,,,,,,,,,0.000014,0.000200,0.000149,0.000128,0.000132,0.000207,0.000097,0.000170,0.000202,0.000252,0.000291,0.000436,0.000473,0.000476,0.000364,0.000415,0.000293,0.000082,0.000162,0.000129,0.000274,0.000307,0.000223,0.000061,0.000100,0.000062,0.000057,0.000130,0.000115,0.000061,0.000139,0.000180,0.000136,0.000009,0.000004,0.000035,0.000082
456,,,,,,,,,,,,,,0.000014,0.000569,0.000359,0.000273,0.000255,0.000327,0.000177,0.000201,0.000175,0.000157,0.000098,0.000138,0.000120,0.000115,0.000084,0.000118,0.000107,0.000042,0.000094,0.000071,0.000072,0.000068,0.000047,0.000031,0.000032,0.000031,0.000032,0.000055,0.000051,0.000031,0.000032,0.000039,0.000058,0.000008,0.000008,0.000033,0.000045
457,,,,,,,,,,,,,,0.000011,0.000112,0.000091,0.000071,0.000167,0.000117,0.000081,0.000102,0.000094,0.000107,0.000105,0.000147,0.000139,0.000109,0.000124,0.000107,0.000057,0.000043,0.000040,0.000073,0.000037,0.000042,0.000047,0.000016,0.000069,0.000116,0.000112,0.000071,0.000065,0.000039,0.000059,0.000077,0.000118,0.000019,0.000021,0.000090,0.000123
458,,,,,,,,,,,,,,0.000007,0.000100,0.000071,0.000062,0.000045,0.000055,0.000030,0.000062,0.000074,0.000082,0.000085,0.000142,0.000143,0.000138,0.000154,0.000175,0.000169,0.000056,0.000120,0.000078,0.000062,0.000072,0.000064,0.000018,0.000010,0.000017,0.000013,0.000020,0.000030,0.000027,0.000027,0.000042,0.000062,0.000023,0.000024,0.000046,0.000072
459,,,,,,,,,,,,,,0.000004,0.000054,0.000040,0.000044,0.000043,0.000075,0.000074,0.000121,0.000162,0.000173,0.000136,0.000213,0.000200,0.000180,0.000172,0.000167,0.000173,0.000076,0.000123,0.000068,0.000082,0.000103,0.000093,0.000030,0.000028,0.000024,0.000021,0.000029,0.000021,0.000016,0.000117,0.000128,0.000100,0.000007,0.000005,0.000058,0.000042
460,,,,,,,,,,,,,,0.000005,0.000077,0.000065,0.000052,0.000060,0.000074,0.000067,0.000076,0.000088,0.000094,0.000100,0.000149,0.000160,0.000184,0.000163,0.000188,0.000129,0.000047,0.000076,0.000114,0.000326,0.000625,0.000381,0.000102,0.000076,0.000045,0.000028,0.000050,0.000040,0.000025,0.000020,0.000015,0.000012,0.000006,0.000006,0.000028,0.000047
461,,,,,,,,,,,,,,0.000022,0.000344,0.000356,0.000223,0.000163,0.000203,0.000131,0.000190,0.000210,0.000178,0.000130,0.000203,0.000175,0.000179,0.000129,0.000143,0.000113,0.000044,0.000063,0.000055,0.000108,0.000133,0.000127,0.000062,0.000061,0.000055,0.000044,0.000095,0.000081,0.000057,0.000041,0.000049,0.000041,0.000006,0.000004,0.000022,0.000032
462,,,,,,,,,,,,,,0.000009,0.000071,0.000058,0.000076,0.000062,0.000084,0.000069,0.000088,0.000106,0.000077,0.000079,0.000112,0.000108,0.000094,0.000087,0.000154,0.000246,0.000078,0.000123,0.000114,0.000094,0.000120,0.000085,0.000036,0.000042,0.000043,0.000076,0.000309,0.000498,0.000228,0.000222,0.000224,0.000261,0.000015,0.000006,0.000034,0.000079
463,,,,,,,,,,,,,,0.000004,0.000071,0.000082,0.000102,0.000114,0.000147,0.000090,0.000100,0.000097,0.000076,0.000073,0.000073,0.000075,0.000051,0.000076,0.000047,0.000056,0.000058,0.000057,0.000046,0.000067,0.000061,0.000050,0.000073,0.000100,0.000108,0.000024,0.000033,0.000041,0.000037,0.000061,0.000069,0.000065,0.000010,0.000008,0.000022,0.000028
464,,,,,,,,,,,,,,0.000007,0.000068,0.000042,0.000039,0.000047,0.000061,0.000031,0.000048,0.000050,0.000045,0.000051,0.000043,0.000026,0.000031,0.000032,0.000045,0.000031,0.000036,0.000050,0.000031,0.000054,0.000063,0.000048,0.000023,0.000034,0.000021,0.000026,0.000092,0.000089,0.000064,0.000145,0.000177,0.000158,0.000011,0.000010,0.000111,0.000143
465,,,,,,,,,,,,,,0.000005,0.000076,0.000062,0.000057,0.000083,0.000171,0.000235,0.000282,0.000307,0.000414,0.000406,0.000723,0.000710,0.000705,0.000514,0.000530,0.000489,0.000155,0.000157,0.000105,0.000123,0.000198,0.000290,0.000116,0.000104,0.000089,0.000085,0.000217,0.000219,0.000179,0.000112,0.000099,0.000101,0.000010,0.000008,0.000032,0.000049
466,,,,,,,,,,,,,,0.000016,0.000193,0.000201,0.000140,0.000113,0.000154,0.000179,0.000166,0.000180,0.000111,0.000076,0.000098,0.000070,0.000070,0.000066,0.000058,0.000036,0.000035,0.000044,0.000043,0.000079,0.000107,0.000170,0.000204,0.000116,0.000039,0.000025,0.000035,0.000065,0.000059,0.000142,0.000199,0.000245,0.000024,0.000014,0.000100,0.000083
467,,,,,,,,,,,,,,0.000004,0.000040,0.000027,0.000024,0.000030,0.000030,0.000024,0.000022,0.000042,0.000032,0.000034,0.000039,0.000029,0.000048,0.000049,0.000053,0.000060,0.000051,0.000052,0.000063,0.000088,0.000056,0.000044,0.000024,0.000026,0.000017,0.000022,0.000040,0.000074,0.000050,0.000076,0.000113,0.000157,0.000024,0.000021,0.000052,0.000060
468,,,,,,,,,,,,,,0.000007,0.000229,0.000388,0.000619,0.000465,0.000440,0.000242,0.000322,0.000303,0.000264,0.000200,0.000277,0.000238,0.000218,0.000164,0.000151,0.000206,0.000078,0.000160,0.000089,0.000087,0.000099,0.000133,0.000069,0.000047,0.000029,0.000030,0.000077,0.000126,0.000121,0.000193,0.000148,0.000138,0.000013,0.000006,0.000010,0.000005
469,,,,,,,,,,,,,,0.000003,0.000039,0.000037,0.000044,0.000105,0.000169,0.000149,0.000176,0.000200,0.000204,0.000155,0.000228,0.000204,0.000152,0.000111,0.000079,0.000086,0.000051,0.000061,0.000043,0.000079,0.000102,0.000121,0.000038,0.000027,0.000021,0.000025,0.000074,0.000089,0.000074,0.000054,0.000040,0.000040,0.000025,0.000015,0.000034,0.000047
470,,,,,,,,,,,,,,0.000004,0.000150,0.000074,0.000067,0.000057,0.000087,0.000074,0.000103,0.000099,0.000120,0.000075,0.000107,0.000109,0.000101,0.000092,0.000098,0.000061,0.000037,0.000038,0.000044,0.000062,0.000065,0.000060,0.000027,0.000030,0.000024,0.000057,0.000104,0.000220,0.000093,0.000086,0.000059,0.000066,0.000009,0.000007,0.000034,0.000040
471,,,,,,,,,,,,,,0.000010,0.000125,0.000102,0.000106,0.000160,0.000172,0.000177,0.000199,0.000114,0.000074,0.000058,0.000074,0.000071,0.000064,0.000089,0.000140,0.000157,0.000196,0.000180,0.000095,0.000179,0.000130,0.000092,0.000052,0.000061,0.000066,0.000065,0.000051,0.000050,0.000137,0.000029,0.000016,0.000006,0.000024,0.000029,0.000098,0.000107
472,,,,,,,,,,,,,,0.000028,0.000263,0.000291,0.000141,0.000117,0.000199,0.000108,0.000144,0.000110,0.000085,0.000085,0.000118,0.000117,0.000137,0.000108,0.000134,0.000089,0.000045,0.000073,0.000060,0.000067,0.000075,0.000072,0.000038,0.000021,0.000022,0.000018,0.000054,0.000057,0.000049,0.000093,0.000116,0.000125,0.000011,0.000008,0.000071,0.000152
473,,,,,,,,,,,,,,0.000006,0.000081,0.000085,0.000095,0.000068,0.000087,0.000068,0.000105,0.000116,0.000121,0.000157,0.000193,0.000212,0.000216,0.000184,0.000115,0.000083,0.000049,0.000081,0.000052,0.000053,0.000064,0.000062,0.000026,0.000032,0.000029,0.000020,0.000042,0.000085,0.000063,0.000124,0.000217,0.000393,0.000048,0.000027,0.000055,0.000066
474,,,,,,,,,,,,,,0.000005,0.000061,0.000046,0.000052,0.000076,0.000132,0.000104,0.000155,0.000170,0.000161,0.000128,0.000176,0.000174,0.000129,0.000091,0.000113,0.000087,0.000028,0.000045,0.000034,0.000042,0.000076,0.000129,0.000046,0.000030,0.000023,0.000021,0.000058,0.000084,0.000080,0.000165,0.000124,0.000059,0.000009,0.000008,0.000064,0.000079
475,,,,,,,,,,,,,,0.000003,0.000081,0.000038,0.000031,0.000030,0.000069,0.000072,0.000095,0.000114,0.000119,0.000103,0.000188,0.000198,0.000174,0.000100,0.000080,0.000073,0.000031,0.000038,0.000190,0.000160,0.000119,0.000092,0.000035,0.000034,0.000021,0.000020,0.000095,0.000146,0.000181,0.000214,0.000210,0.000192,0.000024,0.000011,0.000033,0.000068
476,,,,,,,,,,,,,,0.000011,0.000197,0.000156,0.000150,0.000148,0.000210,0.000142,0.000191,0.000215,0.000216,0.000228,0.000444,0.000494,0.000480,0.000354,0.000432,0.000506,0.000106,0.000233,0.000099,0.000116,0.000129,0.000125,0.000057,0.000040,0.000026,0.000023,0.000060,0.000056,0.000042,0.000055,0.000052,0.000060,0.000005,0.000004,0.000038,0.000061
477,,,,,,,,,,,,,,0.000006,0.000154,0.000147,0.000115,0.000191,0.000290,0.000167,0.000166,0.000163,0.000140,0.000115,0.000162,0.000149,0.000126,0.000114,0.000151,0.000138,0.000066,0.000090,0.000068,0.000109,0.000105,0.000111,0.000081,0.000055,0.000050,0.000072,0.000234,0.000350,0.000132,0.000112,0.000106,0.000096,0.000015,0.000008,0.000024,0.000028
478,,,,,,,,,,,,,,0.000005,0.000063,0.000041,0.000042,0.000060,0.000094,0.000065,0.000096,0.000135,0.000203,0.000108,0.000119,0.000106,0.000088,0.000223,0.000108,0.000070,0.000024,0.000037,0.000035,0.000039,0.000036,0.000034,0.000023,0.000022,0.000016,0.000022,0.000053,0.000051,0.000043,0.000035,0.000027,0.000034,0.000024,0.000014,0.000059,0.000125
479,,,,,,,,,,,,,,0.000007,0.000061,0.000051,0.000043,0.000032,0.000045,0.000085,0.000168,0.000249,0.000343,0.000331,0.000526,0.000469,0.000427,0.000414,0.000551,0.000413,0.000118,0.000146,0.000063,0.000071,0.000074,0.000086,0.000049,0.000023,0.000022,0.000031,0.000035,0.000034,0.000024,0.000028,0.000032,0.000037,0.000028,0.000014,0.000051,0.000151
480,,,,,,,,,,,,,,0.000008,0.000093,0.000088,0.000069,0.000073,0.000097,0.000071,0.000092,0.000113,0.000075,0.000073,0.000069,0.000061,0.000076,0.000060,0.000067,0.000096,0.000087,0.000106,0.000062,0.000065,0.000064,0.000060,0.000035,0.000029,0.000028,0.000039,0.000090,0.000099,0.000050,0.000050,0.000040,0.000043,0.000009,0.000014,0.000048,0.000127
481,,,,,,,,,,,,,,0.000018,0.000269,0.000135,0.000094,0.000076,0.000089,0.000077,0.000125,0.000105,0.000123,0.000170,0.000134,0.000109,0.000079,0.000086,0.000094,0.000085,0.000049,0.000064,0.000030,0.000036,0.000043,0.000025,0.000030,0.000030,0.000030,0.000107,0.000030,0.000025,0.000025,0.000045,0.000100,0.000040,0.000011,0.000011,0.000065,0.000118
482,,,,,,,,,,,,,,0.000002,0.000044,0.000044,0.000033,0.000042,0.000063,0.000067,0.000055,0.000052,0.000050,0.000034,0.000052,0.000087,0.000097,0.000063,0.000073,0.000068,0.000045,0.000095,0.000100,0.000145,0.000311,0.000337,0.000113,0.000076,0.000032,0.000025,0.000037,0.000032,0.000021,0.000032,0.000026,0.000026,0.000013,0.000005,0.000018,0.000019
483,,,,,,,,,,,,,,0.000005,0.000072,0.000068,0.000063,0.000081,0.000167,0.000167,0.000235,0.000256,0.000225,0.000180,0.000230,0.000265,0.000267,0.000282,0.000361,0.000374,0.000235,0.000194,0.000112,0.000173,0.000167,0.000184,0.000073,0.000049,0.000036,0.000029,0.000055,0.000077,0.000048,0.000047,0.000045,0.000042,0.000005,0.000005,0.000026,0.000041
484,,,,,,,,,,,,,,0.000004,0.000047,0.000038,0.000043,0.000043,0.000043,0.000044,0.000069,0.000065,0.000056,0.000065,0.000075,0.000065,0.000075,0.000067,0.000077,0.000062,0.000039,0.000098,0.000078,0.000096,0.000082,0.000074,0.000031,0.000025,0.000031,0.000046,0.000079,0.000156,0.000151,0.000134,0.000085,0.000040,0.000009,0.000008,0.000072,0.000098
485,,,,,,,,,,,,,,0.000039,0.000509,0.000321,0.000275,0.000182,0.000230,0.000116,0.000167,0.000140,0.000100,0.000099,0.000112,0.000093,0.000092,0.000069,0.000068,0.000052,0.000040,0.000084,0.000060,0.000077,0.000080,0.000109,0.000041,0.000049,0.000060,0.000036,0.000111,0.000210,0.000186,0.000161,0.000095,0.000094,0.000010,0.000012,0.000049,0.000106
486,,,,,,,,,,,,,,0.000005,0.000080,0.000069,0.000074,0.000077,0.000080,0.000061,0.000062,0.000076,0.000068,0.000049,0.000067,0.000077,0.000077,0.000049,0.000047,0.000028,0.000055,0.000077,0.000064,0.000130,0.000141,0.000109,0.000080,0.000122,0.000072,0.000059,0.000215,0.000265,0.000230,0.000089,0.000060,0.000083,0.000012,0.000008,0.000036,0.000036
487,,,,,,,,,,,,,,0.000007,0.000126,0.000082,0.000090,0.000330,0.000238,0.000300,0.000421,0.000454,0.000519,0.000317,0.000468,0.000411,0.000338,0.000400,0.000348,0.000260,0.000102,0.000142,0.000079,0.000109,0.000082,0.000074,0.000028,0.000024,0.000019,0.000019,0.000048,0.000052,0.000041,0.000106,0.000085,0.000106,0.000010,0.000006,0.000022,0.000044
488,,,,,,,,,,,,,,0.000004,0.000082,0.000085,0.000235,0.000239,0.000324,0.000346,0.000379,0.000392,0.000493,0.000416,0.000441,0.000448,0.000465,0.000377,0.000405,0.000364,0.000178,0.000243,0.000104,0.000116,0.000159,0.000087,0.000046,0.000036,0.000029,0.000025,0.000066,0.000079,0.000070,0.000083,0.000072,0.000064,0.000007,0.000006,0.000023,0.000043
489,,,,,,,,,,,,,,0.000006,0.000128,0.000091,0.000112,0.000053,0.000069,0.000057,0.000049,0.000047,0.000049,0.000045,0.000060,0.000061,0.000085,0.000101,0.000170,0.000248,0.000070,0.000174,0.000086,0.000088,0.000112,0.000120,0.000064,0.000056,0.000047,0.000036,0.000031,0.000037,0.000037,0.000167,0.000087,0.000042,0.000006,0.000006,0.000023,0.000046
490,,,,,,,,,,,,,,0.000003,0.000083,0.000074,0.000048,0.000052,0.000120,0.000079,0.000112,0.000076,0.000092,0.000079,0.000133,0.000116,0.000148,0.000137,0.000248,0.000219,0.000110,0.000116,0.000054,0.000061,0.000053,0.000046,0.000027,0.000044,0.000056,0.000110,0.000164,0.000127,0.000077,0.000104,0.000049,0.000040,0.000009,0.000007,0.000024,0.000030
491,,,,,,,,,,,,,,0.000009,0.000172,0.000125,0.000121,0.000095,0.000205,0.000206,0.000207,0.000138,0.000098,0.000320,0.000175,0.000159,0.000094,0.000051,0.000070,0.000055,0.000041,0.000037,0.000036,0.000041,0.000047,0.000061,0.000046,0.000100,0.000074,0.000064,0.000067,0.000050,0.000042,0.000040,0.000072,0.000082,0.000024,0.000020,0.000080,0.000104
492,,,,,,,,,,,,,,0.000004,0.000119,0.000196,0.000193,0.000130,0.000149,0.000113,0.000157,0.000149,0.000151,0.000107,0.000146,0.000118,0.000098,0.000069,0.000092,0.000083,0.000126,0.000059,0.000029,0.000045,0.000062,0.000066,0.000034,0.000049,0.000047,0.000019,0.000047,0.000071,0.000100,0.000324,0.000131,0.000064,0.000010,0.000008,0.000021,0.000046
493,,,,,,,,,,,,,,0.000018,0.000181,0.000141,0.000099,0.000100,0.000173,0.000083,0.000085,0.000080,0.000079,0.000070,0.000111,0.000126,0.000136,0.000104,0.000114,0.000127,0.000086,0.000175,0.000129,0.000215,0.000178,0.000139,0.000047,0.000034,0.000021,0.000027,0.000083,0.000170,0.000081,0.000060,0.000101,0.000162,0.000016,0.000005,0.000075,0.000213
494,,,,,,,,,,,,,,0.000006,0.000130,0.000096,0.000076,0.000080,0.000078,0.000055,0.000064,0.000056,0.000047,0.000053,0.000056,0.000057,0.000064,0.000077,0.000115,0.000258,0.000075,0.000125,0.000058,0.000096,0.000184,0.000172,0.000084,0.000068,0.000061,0.000043,0.000050,0.000054,0.000031,0.000051,0.000059,0.000060,0.000013,0.000010,0.000041,0.000071
495,,,,,,,,,,,,,,0.000014,0.000295,0.000230,0.000333,0.000206,0.000228,0.000129,0.000153,0.000134,0.000106,0.000094,0.000111,0.000149,0.000137,0.000164,0.000250,0.000241,0.000168,0.000172,0.000107,0.000124,0.000128,0.000108,0.000049,0.000050,0.000058,0.000062,0.000133,0.000137,0.000088,0.000134,0.000104,0.000109,0.000011,0.000007,0.000039,0.000068
496,,,,,,,,,,,,,,0.000003,0.000119,0.000048,0.000047,0.000054,0.000043,0.000046,0.000044,0.000046,0.000043,0.000038,0.000034,0.000036,0.000050,0.000052,0.000045,0.000048,0.000028,0.000060,0.000041,0.000056,0.000054,0.000039,0.000021,0.000032,0.000030,0.000021,0.000033,0.000030,0.000028,0.000065,0.000096,0.000160,0.000031,0.000013,0.000027,0.000039
497,,,,,,,,,,,,,,0.000004,0.000047,0.000026,0.000021,0.000023,0.000039,0.000026,0.000034,0.000029,0.000025,0.000021,0.000041,0.000048,0.000031,0.000031,0.000074,0.000051,0.000034,0.000043,0.000024,0.000025,0.000034,0.000046,0.000033,0.000028,0.000025,0.000025,0.000031,0.000031,0.000023,0.000032,0.000028,0.000042,0.000013,0.000011,0.000056,0.000090
498,,,,,,,,,,,,,,0.000004,0.000064,0.000048,0.000045,0.000057,0.000072,0.000068,0.000078,0.000129,0.000200,0.000244,0.000513,0.000691,0.000731,0.000875,0.000884,0.000871,0.000311,0.000537,0.000224,0.000243,0.000212,0.000175,0.000064,0.000048,0.000036,0.000033,0.000054,0.000052,0.000038,0.000045,0.000045,0.000035,0.000005,0.000006,0.000024,0.000037
499,,,,,,,,,,,,,,0.000005,0.000073,0.000068,0.000071,0.000061,0.000066,0.000066,0.000091,0.000098,0.000112,0.000103,0.000152,0.000174,0.000148,0.000155,0.000202,0.000276,0.000283,0.000521,0.000407,0.000643,0.000595,0.000425,0.000146,0.000087,0.000049,0.000042,0.000074,0.000076,0.000047,0.000053,0.000052,0.000036,0.000005,0.000004,0.000020,0.000045
500,,,,,,,,,,,,,,0.000003,0.000047,0.000035,0.000040,0.000047,0.000068,0.000049,0.000070,0.000074,0.000077,0.000076,0.000098,0.000079,0.000089,0.000080,0.000114,0.000102,0.000058,0.000062,0.000028,0.000033,0.000054,0.000055,0.000020,0.000030,0.000040,0.000094,0.000034,0.000027,0.000022,0.000032,0.000032,0.000041,0.000006,0.000005,0.000024,0.000029
501,,,,,,,,,,,,,,0.000008,0.000060,0.000055,0.000047,0.000051,0.000048,0.000062,0.000160,0.000291,0.000428,0.000533,0.000618,0.000678,0.000648,0.000599,0.000729,0.000513,0.000185,0.000566,0.000224,0.000223,0.000178,0.000174,0.000090,0.000060,0.000037,0.000057,0.000126,0.000111,0.000063,0.000105,0.000102,0.000092,0.000009,0.000015,0.000124,0.000196
502,,,,,,,,,,,,,,0.000012,0.000129,0.000123,0.000109,0.000076,0.000084,0.000054,0.000068,0.000052,0.000065,0.000072,0.000086,0.000085,0.000063,0.000061,0.000069,0.000068,0.000028,0.000049,0.000106,0.000059,0.000058,0.000043,0.000037,0.000040,0.000022,0.000023,0.000023,0.000023,0.000034,0.000114,0.000173,0.000251,0.000042,0.000028,0.000195,0.000284
503,,,,,,,,,,,,,,0.000005,0.000065,0.000061,0.000069,0.000066,0.000091,0.000069,0.000070,0.000080,0.000059,0.000071,0.000086,0.000068,0.000058,0.000049,0.000061,0.000070,0.000074,0.000062,0.000115,0.000060,0.000074,0.000054,0.000030,0.000026,0.000038,0.000085,0.000051,0.000034,0.000028,0.000026,0.000026,0.000021,0.000012,0.000008,0.000027,0.000030
504,,,,,,,,,,,,,,0.000004,0.000065,0.000052,0.000053,0.000092,0.000269,0.000138,0.000184,0.000165,0.000136,0.000178,0.000142,0.000127,0.000083,0.000083,0.000067,0.000077,0.000055,0.000086,0.000067,0.000069,0.000057,0.000083,0.000037,0.000119,0.000086,0.000029,0.000058,0.000062,0.000045,0.000048,0.000034,0.000033,0.000009,0.000007,0.000085,0.000098
505,,,,,,,,,,,,,,0.000015,0.000315,0.000329,0.000341,0.000265,0.000341,0.000180,0.000206,0.000225,0.000205,0.000175,0.000304,0.000318,0.000351,0.000317,0.000319,0.000232,0.000086,0.000118,0.000068,0.000095,0.000104,0.000098,0.000038,0.000034,0.000052,0.000044,0.000063,0.000055,0.000033,0.000073,0.000108,0.000088,0.000005,0.000004,0.000035,0.000074
506,,,,,,,,,,,,,,0.000004,0.000071,0.000055,0.000045,0.000042,0.000094,0.000060,0.000097,0.000227,0.000416,0.000457,0.000920,0.001099,0.001137,0.000875,0.000666,0.000464,0.000163,0.000244,0.000106,0.000108,0.000126,0.000099,0.000053,0.000055,0.000049,0.000039,0.000065,0.000070,0.000057,0.000053,0.000049,0.000056,0.000011,0.000008,0.000031,0.000051
507,,,,,,,,,,,,,,0.000005,0.000051,0.000039,0.000032,0.000029,0.000036,0.000032,0.000028,0.000029,0.000038,0.000048,0.000069,0.000057,0.000053,0.000067,0.000058,0.000041,0.000020,0.000035,0.000016,0.000034,0.000046,0.000060,0.000031,0.000028,0.000026,0.000024,0.000033,0.000038,0.000046,0.000097,0.000129,0.000163,0.000028,0.000024,0.000080,0.000064
508,,,,,,,,,,,,,,0.000006,0.000107,0.000085,0.000083,0.000070,0.000093,0.000053,0.000085,0.000088,0.000110,0.000095,0.000123,0.000112,0.000147,0.000134,0.000167,0.000190,0.000095,0.000148,0.000130,0.000134,0.000139,0.000116,0.000048,0.000041,0.000031,0.000027,0.000085,0.000368,0.000257,0.000092,0.000049,0.000047,0.000006,0.000004,0.000021,0.000034
509,,,,,,,,,,,,,,0.000004,0.000079,0.000072,0.000069,0.000065,0.000079,0.000047,0.000051,0.000063,0.000072,0.000083,0.000143,0.000169,0.000194,0.000200,0.000207,0.000144,0.000056,0.000071,0.000051,0.000053,0.000060,0.000058,0.000024,0.000032,0.000078,0.000036,0.000100,0.000087,0.000058,0.000103,0.000120,0.000101,0.000008,0.000004,0.000020,0.000025
510,,,,,,,,,,,,,,0.000004,0.000048,0.000049,0.000045,0.000033,0.000068,0.000057,0.000060,0.000062,0.000052,0.000051,0.000069,0.000058,0.000045,0.000047,0.000063,0.000060,0.000040,0.000083,0.000042,0.000043,0.000044,0.000048,0.000044,0.000039,0.000020,0.000021,0.000066,0.000100,0.000115,0.000220,0.000229,0.000190,0.000013,0.000008,0.000038,0.000113
511,,,,,,,,,,,,,,0.000006,0.000054,0.000039,0.000042,0.000046,0.000068,0.000106,0.000171,0.000259,0.000346,0.000286,0.000500,0.000423,0.000368,0.000287,0.000323,0.000324,0.000107,0.000112,0.000055,0.000045,0.000040,0.000025,0.000012,0.000023,0.000036,0.000036,0.000054,0.000041,0.000027,0.000019,0.000025,0.000025,0.000005,0.000006,0.000021,0.000031
512,,,,,,,,,,,,,,0.000005,0.000069,0.000064,0.000078,0.000065,0.000111,0.000068,0.000107,0.000068,0.000056,0.000059,0.000068,0.000038,0.000031,0.000044,0.000018,0.000008,0.000021,0.000018,0.000049,0.000041,0.000061,0.000056,0.000029,0.000024,0.000029,0.000027,0.000112,0.000135,0.000084,0.000115,0.000120,0.000121,0.000018,0.000012,0.000069,0.000110
513,,,,,,,,,,,,,,0.000007,0.000163,0.000091,0.000127,0.000098,0.000077,0.000045,0.000074,0.000077,0.000090,0.000044,0.000090,0.000118,0.000140,0.000070,0.000214,0.000203,0.000077,0.000317,0.000230,0.000217,0.000235,0.000211,0.000068,0.000050,0.000034,0.000027,0.000101,0.000092,0.000096,0.000187,0.000207,0.000216,0.000020,0.000014,0.000071,0.000096
514,,,,,,,,,,,,,,0.000012,0.000192,0.000152,0.000129,0.000121,0.000124,0.000120,0.000196,0.000207,0.000249,0.000258,0.000395,0.000396,0.000297,0.000181,0.000150,0.000086,0.000035,0.000062,0.000034,0.000069,0.000186,0.000126,0.000033,0.000021,0.000029,0.000020,0.000042,0.000034,0.000032,0.000056,0.000057,0.000054,0.000005,0.000004,0.000027,0.000073
515,,,,,,,,,,,,,,0.000006,0.000074,0.000070,0.000074,0.000069,0.000072,0.000044,0.000067,0.000072,0.000067,0.000077,0.000094,0.000091,0.000084,0.000091,0.000094,0.000074,0.000040,0.000061,0.000040,0.000062,0.000048,0.000068,0.000048,0.000053,0.000037,0.000027,0.000039,0.000084,0.000064,0.000060,0.000050,0.000035,0.000008,0.000008,0.000041,0.000106
516,,,,,,,,,,,,,,0.000007,0.000104,0.000062,0.000033,0.000032,0.000031,0.000026,0.000045,0.000059,0.000066,0.000056,0.000128,0.000147,0.000115,0.000124,0.000218,0.000125,0.000070,0.000140,0.000117,0.000129,0.000234,0.000379,0.000311,0.000134,0.000057,0.000052,0.000087,0.000098,0.000061,0.000084,0.000074,0.000073,0.000007,0.000004,0.000017,0.000057
517,,,,,,,,,,,,,,0.000005,0.000212,0.000173,0.000135,0.000084,0.000083,0.000087,0.000096,0.000142,0.000151,0.000160,0.000281,0.000378,0.000338,0.000320,0.000231,0.000247,0.000131,0.000273,0.000199,0.000118,0.000114,0.000082,0.000031,0.000029,0.000028,0.000063,0.000086,0.000106,0.000037,0.000072,0.000090,0.000074,0.000009,0.000005,0.000033,0.000043
518,,,,,,,,,,,,,,0.000005,0.000068,0.000048,0.000043,0.000041,0.000059,0.000079,0.000046,0.000018,0.000017,0.000034,0.000024,0.000014,0.000010,0.000010,0.000029,0.000029,0.000048,0.000313,0.000211,0.000244,0.000257,0.000330,0.000192,0.000108,0.000071,0.000046,0.000078,0.000077,0.000043,0.000056,0.000065,0.000079,0.000008,0.000005,0.000026,0.000058
519,,,,,,,,,,,,,,0.000014,0.000148,0.000066,0.000043,0.000038,0.000087,0.000086,0.000143,0.000172,0.000189,0.000268,0.000381,0.000455,0.000464,0.000483,0.000502,0.000368,0.000125,0.000139,0.000135,0.000141,0.000104,0.000080,0.000029,0.000031,0.000022,0.000027,0.000068,0.000097,0.000085,0.000096,0.000085,0.000069,0.000016,0.000017,0.000048,0.000100
520,,,,,,,,,,,,,,0.000019,0.000410,0.000297,0.000143,0.000115,0.000125,0.000079,0.000098,0.000111,0.000106,0.000093,0.000151,0.000151,0.000163,0.000139,0.000140,0.000131,0.000051,0.000085,0.000086,0.000098,0.000119,0.000105,0.000047,0.000032,0.000021,0.000024,0.000045,0.000050,0.000040,0.000086,0.000078,0.000098,0.000011,0.000009,0.000113,0.000233
521,,,,,,,,,,,,,,0.000006,0.000094,0.000086,0.000080,0.000092,0.000167,0.000104,0.000172,0.000182,0.000172,0.000148,0.000178,0.000164,0.000113,0.000064,0.000073,0.000064,0.000058,0.000058,0.000032,0.000049,0.000056,0.000080,0.000037,0.000042,0.000037,0.000049,0.000093,0.000165,0.000152,0.000238,0.000311,0.000434,0.000040,0.000019,0.000041,0.000052
522,,,,,,,,,,,,,,0.000003,0.000046,0.000052,0.000096,0.000255,0.000475,0.000276,0.000265,0.000236,0.000150,0.000094,0.000107,0.000099,0.000089,0.000084,0.000061,0.000052,0.000028,0.000036,0.000024,0.000033,0.000070,0.000081,0.000063,0.000051,0.000038,0.000037,0.000115,0.000086,0.000082,0.000136,0.000125,0.000105,0.000010,0.000007,0.000031,0.000030
523,,,,,,,,,,,,,,0.000003,0.000043,0.000040,0.000026,0.000133,0.000077,0.000106,0.000299,0.000562,0.000645,0.000670,0.001101,0.001085,0.000874,0.000626,0.000608,0.000388,0.000112,0.000136,0.000091,0.000099,0.000095,0.000075,0.000038,0.000033,0.000031,0.000052,0.000158,0.000271,0.000256,0.000349,0.000272,0.000187,0.000012,0.000006,0.000030,0.000040
524,,,,,,,,,,,,,,0.000010,0.000266,0.000106,0.000083,0.000094,0.000093,0.000093,0.000078,0.000078,0.000070,0.000067,0.000095,0.000085,0.000075,0.000070,0.000073,0.000076,0.000053,0.000060,0.000060,0.000063,0.000034,0.000056,0.000049,0.000034,0.000032,0.000028,0.000040,0.000046,0.000055,0.000101,0.000203,0.000160,0.000029,0.000018,0.000097,0.000153
525,,,,,,,,,,,,,,0.000005,0.000059,0.000078,0.000074,0.000068,0.000080,0.000083,0.000079,0.000054,0.000038,0.000032,0.000052,0.000032,0.000043,0.000043,0.000073,0.000053,0.000048,0.000061,0.000050,0.000034,0.000056,0.000054,0.000038,0.000048,0.000071,0.000071,0.000233,0.000270,0.000150,0.000181,0.000175,0.000181,0.000013,0.000006,0.000023,0.000046
526,,,,,,,,,,,,,,0.000003,0.000052,0.000054,0.000035,0.000043,0.000059,0.000050,0.000047,0.000057,0.000062,0.000061,0.000107,0.000123,0.000143,0.000128,0.000240,0.000225,0.000208,0.000239,0.000146,0.000191,0.000162,0.000123,0.000055,0.000052,0.000044,0.000038,0.000081,0.000054,0.000024,0.000047,0.000076,0.000051,0.000006,0.000006,0.000028,0.000047
527,,,,,,,,,,,,,,0.000035,0.000466,0.000347,0.000294,0.000244,0.000241,0.000149,0.000196,0.000227,0.000178,0.000115,0.000131,0.000108,0.000104,0.000062,0.000088,0.000065,0.000088,0.000088,0.000049,0.000071,0.000047,0.000043,0.000018,0.000081,0.000040,0.000040,0.000130,0.000185,0.000075,0.000066,0.000063,0.000055,0.000008,0.000008,0.000034,0.000076
528,,,,,,,,,,,,,,0.000014,0.000166,0.000108,0.000088,0.000080,0.000114,0.000087,0.000112,0.000098,0.000106,0.000148,0.000172,0.000177,0.000189,0.000113,0.000162,0.000134,0.000051,0.000091,0.000050,0.000093,0.000105,0.000211,0.000083,0.000047,0.000054,0.000122,0.000235,0.000282,0.000158,0.000135,0.000144,0.000097,0.000010,0.000013,0.000130,0.000220
529,,,,,,,,,,,,,,0.000003,0.000031,0.000022,0.000027,0.000045,0.000049,0.000073,0.000065,0.000057,0.000059,0.000059,0.000096,0.000100,0.000109,0.000190,0.000206,0.000175,0.000118,0.000139,0.000094,0.000080,0.000075,0.000080,0.000042,0.000048,0.000093,0.000073,0.000086,0.000086,0.000091,0.000098,0.000117,0.000137,0.000022,0.000013,0.000034,0.000040
530,,,,,,,,,,,,,,0.000003,0.000060,0.000063,0.000053,0.000055,0.000066,0.000065,0.000079,0.000087,0.000087,0.000081,0.000130,0.000118,0.000113,0.000087,0.000120,0.000155,0.000139,0.000329,0.000262,0.000469,0.000532,0.000463,0.000133,0.000090,0.000041,0.000036,0.000064,0.000059,0.000034,0.000049,0.000051,0.000039,0.000006,0.000004,0.000028,0.000038
531,,,,,,,,,,,,,,0.000017,0.000137,0.000091,0.000076,0.000073,0.000112,0.000083,0.000157,0.000217,0.000305,0.000313,0.000562,0.000603,0.000533,0.000541,0.000420,0.000274,0.000098,0.000155,0.000068,0.000098,0.000123,0.000090,0.000049,0.000037,0.000048,0.000055,0.000077,0.000099,0.000051,0.000068,0.000061,0.000067,0.000039,0.000025,0.000130,0.000142
532,,,,,,,,,,,,,,0.000004,0.000085,0.000122,0.000084,0.000072,0.000091,0.000072,0.000140,0.000309,0.000427,0.000475,0.000886,0.001058,0.000924,0.000720,0.000607,0.000508,0.000170,0.000411,0.000158,0.000140,0.000131,0.000108,0.000042,0.000046,0.000032,0.000030,0.000061,0.000063,0.000037,0.000042,0.000045,0.000034,0.000006,0.000004,0.000022,0.000032
533,,,,,,,,,,,,,,0.000004,0.000108,0.000118,0.000182,0.000315,0.000666,0.000564,0.000603,0.000405,0.000305,0.000225,0.000263,0.000226,0.000175,0.000145,0.000135,0.000111,0.000040,0.000059,0.000038,0.000076,0.000081,0.000090,0.000040,0.000052,0.000029,0.000017,0.000047,0.000049,0.000027,0.000032,0.000038,0.000035,0.000005,0.000004,0.000016,0.000024
534,,,,,,,,,,,,,,0.000004,0.000070,0.000042,0.000141,0.000125,0.000146,0.000082,0.000108,0.000090,0.000077,0.000061,0.000082,0.000088,0.000090,0.000074,0.000059,0.000041,0.000023,0.000048,0.000041,0.000034,0.000049,0.000038,0.000017,0.000030,0.000045,0.000041,0.000062,0.000055,0.000027,0.000031,0.000025,0.000037,0.000010,0.000009,0.000028,0.000036
535,,,,,,,,,,,,,,0.000004,0.000050,0.000047,0.000045,0.000047,0.000066,0.000068,0.000058,0.000069,0.000071,0.000086,0.000124,0.000134,0.000130,0.000093,0.000099,0.000070,0.000051,0.000061,0.000039,0.000046,0.000056,0.000073,0.000035,0.000033,0.000028,0.000027,0.000051,0.000055,0.000034,0.000114,0.000166,0.000114,0.000009,0.000007,0.000025,0.000033
536,,,,,,,,,,,,,,0.000007,0.000092,0.000077,0.000088,0.000081,0.000100,0.000069,0.000112,0.000101,0.000105,0.000095,0.000149,0.000168,0.000195,0.000329,0.000382,0.000318,0.000149,0.000376,0.000270,0.000182,0.000120,0.000079,0.000053,0.000042,0.000045,0.000057,0.000124,0.000117,0.000052,0.000044,0.000033,0.000027,0.000006,0.000004,0.000012,0.000033
537,,,,,,,,,,,,,,0.000005,0.000107,0.000079,0.000073,0.000127,0.000294,0.000190,0.000152,0.000137,0.000107,0.000079,0.000105,0.000095,0.000076,0.000052,0.000054,0.000060,0.000033,0.000056,0.000035,0.000037,0.000048,0.000078,0.000048,0.000078,0.000101,0.000032,0.000117,0.000116,0.000070,0.000135,0.000206,0.000217,0.000012,0.000007,0.000039,0.000065
538,,,,,,,,,,,,,,0.000006,0.000060,0.000051,0.000079,0.000160,0.000452,0.000558,0.000875,0.001080,0.001008,0.000853,0.000938,0.000738,0.000503,0.000348,0.000383,0.000233,0.000079,0.000112,0.000068,0.000083,0.000122,0.000181,0.000095,0.000077,0.000033,0.000027,0.000045,0.000083,0.000083,0.000085,0.000051,0.000064,0.000011,0.000009,0.000057,0.000079
539,,,,,,,,,,,,,,0.000005,0.000047,0.000035,0.000026,0.000023,0.000033,0.000026,0.000036,0.000047,0.000066,0.000152,0.000106,0.000090,0.000106,0.000088,0.000075,0.000059,0.000041,0.000043,0.000046,0.000058,0.000050,0.000071,0.000062,0.000094,0.000048,0.000031,0.000035,0.000043,0.000124,0.000058,0.000055,0.000064,0.000014,0.000011,0.000033,0.000030
540,,,,,,,,,,,,,,0.000010,0.000146,0.000118,0.000251,0.000362,0.000273,0.000175,0.000163,0.000139,0.000111,0.000071,0.000116,0.000089,0.000094,0.000102,0.000173,0.000167,0.000055,0.000089,0.000066,0.000071,0.000077,0.000063,0.000025,0.000023,0.000031,0.000032,0.000049,0.000045,0.000040,0.000021,0.000025,0.000034,0.000022,0.000015,0.000061,0.000099
541,,,,,,,,,,,,,,0.000004,0.000053,0.000080,0.000146,0.000229,0.000436,0.000455,0.000511,0.000443,0.000366,0.000288,0.000415,0.000385,0.000343,0.000276,0.000290,0.000264,0.000079,0.000164,0.000093,0.000096,0.000127,0.000113,0.000052,0.000048,0.000030,0.000028,0.000066,0.000055,0.000043,0.000064,0.000078,0.000076,0.000006,0.000004,0.000029,0.000051
542,,,,,,,,,,,,,,0.000006,0.000097,0.000080,0.000092,0.000083,0.000084,0.000082,0.000107,0.000092,0.000083,0.000075,0.000099,0.000094,0.000082,0.000072,0.000081,0.000081,0.000052,0.000064,0.000058,0.000074,0.000086,0.000092,0.000060,0.000073,0.000190,0.000120,0.000327,0.000473,0.000301,0.000328,0.000225,0.000214,0.000018,0.000012,0.000056,0.000063
543,,,,,,,,,,,,,,0.000008,0.000122,0.000165,0.000122,0.000089,0.000141,0.000100,0.000132,0.000133,0.000142,0.000125,0.000187,0.000178,0.000160,0.000121,0.000124,0.000121,0.000038,0.000077,0.000060,0.000079,0.000093,0.000085,0.000033,0.000043,0.000029,0.000026,0.000053,0.000062,0.000040,0.000051,0.000047,0.000048,0.000006,0.000003,0.000021,0.000024
544,,,,,,,,,,,,,,0.000021,0.000203,0.000123,0.000085,0.000073,0.000094,0.000083,0.000094,0.000078,0.000073,0.000067,0.000075,0.000082,0.000081,0.000073,0.000083,0.000085,0.000037,0.000064,0.000039,0.000047,0.000058,0.000049,0.000028,0.000025,0.000025,0.000022,0.000034,0.000047,0.000032,0.000047,0.000047,0.000049,0.000008,0.000006,0.000023,0.000053
545,,,,,,,,,,,,,,0.000009,0.000134,0.000106,0.000086,0.000086,0.000076,0.000095,0.000109,0.000113,0.000111,0.000097,0.000134,0.000134,0.000125,0.000123,0.000151,0.000156,0.000087,0.000153,0.000264,0.000135,0.000135,0.000116,0.000052,0.000035,0.000032,0.000023,0.000051,0.000055,0.000073,0.000139,0.000131,0.000062,0.000008,0.000007,0.000046,0.000131
546,,,,,,,,,,,,,,0.000010,0.000095,0.000073,0.000057,0.000062,0.000112,0.000101,0.000162,0.000187,0.000211,0.000172,0.000274,0.000277,0.000232,0.000190,0.000226,0.000208,0.000126,0.000109,0.000090,0.000080,0.000133,0.000271,0.000083,0.000038,0.000027,0.000077,0.000104,0.000108,0.000072,0.000082,0.000077,0.000057,0.000013,0.000014,0.000034,0.000079
547,,,,,,,,,,,,,,0.000004,0.000047,0.000040,0.000063,0.000073,0.000088,0.000066,0.000093,0.000110,0.000082,0.000058,0.000090,0.000083,0.000073,0.000067,0.000071,0.000073,0.000074,0.000075,0.000063,0.000055,0.000075,0.000079,0.000054,0.000061,0.000034,0.000033,0.000040,0.000052,0.000049,0.000079,0.000099,0.000061,0.000028,0.000020,0.000038,0.000053
548,,,,,,,,,,,,,,0.000014,0.000087,0.000065,0.000060,0.000076,0.000146,0.000100,0.000095,0.000136,0.000094,0.000094,0.000120,0.000093,0.000068,0.000081,0.000087,0.000074,0.000045,0.000059,0.000078,0.000292,0.000454,0.000352,0.000077,0.000128,0.000065,0.000056,0.000077,0.000065,0.000045,0.000054,0.000041,0.000032,0.000008,0.000009,0.000180,0.000232
549,,,,,,,,,,,,,,0.000005,0.000159,0.000267,0.000211,0.000151,0.000134,0.000077,0.000098,0.000093,0.000083,0.000079,0.000102,0.000111,0.000135,0.000109,0.000121,0.000105,0.000056,0.000068,0.000042,0.000052,0.000077,0.000105,0.000041,0.000131,0.000116,0.000054,0.000075,0.000045,0.000026,0.000022,0.000020,0.000030,0.000007,0.000007,0.000022,0.000045
550,,,,,,,,,,,,,,0.000006,0.000076,0.000046,0.000033,0.000030,0.000039,0.000021,0.000023,0.000045,0.000041,0.000036,0.000052,0.000059,0.000060,0.000058,0.000055,0.000040,0.000046,0.000084,0.000165,0.000179,0.000261,0.000255,0.000098,0.000151,0.000107,0.000100,0.000148,0.000138,0.000083,0.000080,0.000062,0.000049,0.000010,0.000011,0.000078,0.000142
551,,,,,,,,,,,,,,0.000010,0.000163,0.000134,0.000129,0.000191,0.000468,0.000469,0.000675,0.000679,0.000575,0.000454,0.000572,0.000534,0.000388,0.000258,0.000240,0.000224,0.000094,0.000140,0.000071,0.000086,0.000104,0.000098,0.000053,0.000075,0.000036,0.000036,0.000083,0.000074,0.000039,0.000037,0.000024,0.000019,0.000008,0.000006,0.000041,0.000075
552,,,,,,,,,,,,,,0.000006,0.000077,0.000068,0.000059,0.000073,0.000153,0.000199,0.000316,0.000361,0.000177,0.000135,0.000176,0.000140,0.000120,0.000121,0.000118,0.000076,0.000063,0.000089,0.000069,0.000079,0.000120,0.000133,0.000068,0.000057,0.000046,0.000053,0.000131,0.000132,0.000083,0.000127,0.000158,0.000248,0.000026,0.000014,0.000109,0.000180
553,,,,,,,,,,,,,,0.000007,0.000072,0.000051,0.000051,0.000038,0.000041,0.000030,0.000044,0.000039,0.000033,0.000050,0.000046,0.000044,0.000054,0.000067,0.000132,0.000066,0.000069,0.000036,0.000025,0.000040,0.000060,0.000061,0.000055,0.000032,0.000033,0.000021,0.000023,0.000029,0.000044,0.000058,0.000055,0.000063,0.000016,0.000010,0.000077,0.000121
554,,,,,,,,,,,,,,0.000005,0.000071,0.000091,0.000053,0.000058,0.000227,0.000178,0.000231,0.000191,0.000121,0.000096,0.000094,0.000112,0.000098,0.000089,0.000082,0.000066,0.000026,0.000050,0.000051,0.000063,0.000085,0.000060,0.000019,0.000024,0.000024,0.000018,0.000031,0.000037,0.000047,0.000045,0.000052,0.000082,0.000011,0.000012,0.000049,0.000085
555,,,,,,,,,,,,,,0.000007,0.000177,0.000140,0.000273,0.000158,0.000193,0.000140,0.000179,0.000166,0.000157,0.000125,0.000179,0.000172,0.000146,0.000143,0.000120,0.000108,0.000052,0.000078,0.000058,0.000094,0.000100,0.000101,0.000050,0.000031,0.000021,0.000022,0.000058,0.000078,0.000034,0.000054,0.000051,0.000060,0.000007,0.000005,0.000012,0.000023
556,,,,,,,,,,,,,,0.000006,0.000071,0.000057,0.000073,0.000092,0.000188,0.000166,0.000189,0.000176,0.000143,0.000134,0.000164,0.000160,0.000173,0.000128,0.000125,0.000173,0.000052,0.000084,0.000063,0.000195,0.000247,0.000225,0.000074,0.000065,0.000061,0.000046,0.000107,0.000125,0.000134,0.000316,0.000344,0.000175,0.000012,0.000009,0.000061,0.000108
557,,,,,,,,,,,,,,0.000008,0.000105,0.000079,0.000086,0.000091,0.000111,0.000082,0.000099,0.000116,0.000106,0.000104,0.000172,0.000196,0.000189,0.000147,0.000160,0.000137,0.000049,0.000086,0.000065,0.000099,0.000119,0.000223,0.000062,0.000051,0.000038,0.000033,0.000095,0.000104,0.000067,0.000093,0.000091,0.000080,0.000007,0.000004,0.000047,0.000081
558,,,,,,,,,,,,,,0.000003,0.000071,0.000039,0.000037,0.000041,0.000049,0.000070,0.000086,0.000082,0.000153,0.000239,0.000231,0.000181,0.000170,0.000102,0.000117,0.000136,0.000046,0.000268,0.000160,0.000111,0.000168,0.000192,0.000039,0.000055,0.000061,0.000091,0.000296,0.000436,0.000252,0.000374,0.000309,0.000243,0.000016,0.000007,0.000031,0.000032
559,,,,,,,,,,,,,,0.000017,0.000390,0.000302,0.000184,0.000135,0.000144,0.000094,0.000126,0.000114,0.000094,0.000081,0.000112,0.000098,0.000097,0.000079,0.000092,0.000077,0.000039,0.000062,0.000051,0.000078,0.000085,0.000060,0.000026,0.000033,0.000035,0.000032,0.000061,0.000116,0.000080,0.000057,0.000041,0.000035,0.000008,0.000006,0.000032,0.000043
560,,,,,,,,,,,,,,0.000004,0.000062,0.000043,0.000036,0.000048,0.000053,0.000052,0.000137,0.000333,0.000494,0.000489,0.000889,0.001038,0.000834,0.000578,0.000409,0.000248,0.000092,0.000127,0.000082,0.000077,0.000068,0.000057,0.000037,0.000028,0.000027,0.000023,0.000042,0.000039,0.000029,0.000046,0.000043,0.000040,0.000008,0.000006,0.000016,0.000030
561,,,,,,,,,,,,,,0.000004,0.000052,0.000053,0.000068,0.000099,0.000452,0.000356,0.000366,0.000239,0.000192,0.000180,0.000189,0.000183,0.000212,0.000067,0.000102,0.000087,0.000072,0.000069,0.000050,0.000041,0.000062,0.000059,0.000047,0.000059,0.000041,0.000043,0.000106,0.000152,0.000125,0.000165,0.000120,0.000093,0.000010,0.000008,0.000040,0.000044
562,,,,,,,,,,,,,,0.000007,0.000126,0.000134,0.000198,0.000141,0.000151,0.000099,0.000081,0.000067,0.000064,0.000060,0.000050,0.000058,0.000066,0.000058,0.000077,0.000060,0.000044,0.000094,0.000109,0.000211,0.000143,0.000139,0.000073,0.000033,0.000028,0.000021,0.000038,0.000043,0.000036,0.000074,0.000045,0.000040,0.000008,0.000008,0.000028,0.000055
563,,,,,,,,,,,,,,0.000006,0.000065,0.000065,0.000112,0.000219,0.000180,0.000122,0.000144,0.000163,0.000159,0.000124,0.000220,0.000247,0.000248,0.000209,0.000222,0.000180,0.000091,0.000098,0.000057,0.000069,0.000092,0.000076,0.000058,0.000067,0.000074,0.000082,0.000141,0.000104,0.000054,0.000054,0.000053,0.000064,0.000018,0.000028,0.000103,0.000100
564,,,,,,,,,,,,,,0.000004,0.000055,0.000065,0.000080,0.000071,0.000082,0.000056,0.000065,0.000067,0.000064,0.000045,0.000077,0.000064,0.000052,0.000058,0.000075,0.000066,0.000052,0.000051,0.000046,0.000056,0.000076,0.000071,0.000024,0.000040,0.000036,0.000036,0.000054,0.000052,0.000045,0.000225,0.000166,0.000080,0.000008,0.000006,0.000031,0.000028
565,,,,,,,,,,,,,,0.000012,0.000125,0.000091,0.000073,0.000070,0.000091,0.000054,0.000084,0.000071,0.000070,0.000063,0.000086,0.000070,0.000075,0.000087,0.000082,0.000066,0.000039,0.000059,0.000062,0.000081,0.000070,0.000078,0.000043,0.000036,0.000040,0.000032,0.000049,0.000044,0.000035,0.000034,0.000042,0.000041,0.000008,0.000007,0.000060,0.000088
566,,,,,,,,,,,,,,0.000009,0.000203,0.000083,0.000096,0.000085,0.000107,0.000065,0.000094,0.000076,0.000083,0.000052,0.000074,0.000083,0.000117,0.000083,0.000158,0.000115,0.000058,0.000232,0.000132,0.000154,0.000157,0.000112,0.000068,0.000110,0.000042,0.000036,0.000107,0.000180,0.000086,0.000093,0.000059,0.000075,0.000018,0.000011,0.000043,0.000056
567,,,,,,,,,,,,,,0.000008,0.000207,0.000205,0.000153,0.000124,0.000127,0.000097,0.000143,0.000214,0.000195,0.000168,0.000210,0.000188,0.000145,0.000115,0.000117,0.000189,0.000064,0.000091,0.000105,0.000152,0.000224,0.000150,0.000041,0.000046,0.000059,0.000061,0.000059,0.000044,0.000023,0.000015,0.000027,0.000026,0.000005,0.000005,0.000044,0.000042
568,,,,,,,,,,,,,,0.000009,0.000127,0.000140,0.000131,0.000121,0.000097,0.000055,0.000069,0.000072,0.000075,0.000085,0.000073,0.000070,0.000085,0.000074,0.000055,0.000052,0.000045,0.000369,0.000485,0.000474,0.000256,0.000092,0.000048,0.000106,0.000081,0.000049,0.000068,0.000050,0.000051,0.000043,0.000055,0.000057,0.000011,0.000010,0.000041,0.000060
569,,,,,,,,,,,,,,0.000003,0.000050,0.000037,0.000024,0.000025,0.000039,0.000065,0.000062,0.000049,0.000056,0.000068,0.000135,0.000173,0.000231,0.000260,0.000319,0.000298,0.000131,0.000197,0.000127,0.000151,0.000109,0.000088,0.000036,0.000033,0.000049,0.000029,0.000099,0.000137,0.000040,0.000043,0.000032,0.000029,0.000007,0.000006,0.000018,0.000019
570,,,,,,,,,,,,,,0.000007,0.000129,0.000136,0.000194,0.000378,0.000254,0.000171,0.000213,0.000170,0.000114,0.000095,0.000115,0.000094,0.000089,0.000075,0.000087,0.000071,0.000060,0.000084,0.000135,0.000131,0.000225,0.000436,0.000267,0.000197,0.000100,0.000076,0.000144,0.000122,0.000067,0.000083,0.000061,0.000070,0.000007,0.000005,0.000013,0.000008
571,,,,,,,,,,,,,,0.000019,0.000233,0.000173,0.000115,0.000107,0.000158,0.000093,0.000112,0.000135,0.000089,0.000086,0.000111,0.000111,0.000082,0.000068,0.000089,0.000121,0.000044,0.000273,0.000159,0.000139,0.000153,0.000109,0.000046,0.000041,0.000033,0.000025,0.000066,0.000082,0.000054,0.000055,0.000045,0.000047,0.000007,0.000007,0.000063,0.000248
572,,,,,,,,,,,,,,0.000006,0.000064,0.000099,0.000136,0.000098,0.000165,0.000135,0.000153,0.000189,0.000181,0.000141,0.000145,0.000145,0.000138,0.000127,0.000128,0.000122,0.000061,0.000054,0.000063,0.000070,0.000096,0.000081,0.000035,0.000100,0.000113,0.000107,0.000292,0.000347,0.000233,0.000288,0.000290,0.000363,0.000028,0.000013,0.000041,0.000072
573,,,,,,,,,,,,,,0.000016,0.000242,0.000244,0.000208,0.000204,0.000219,0.000184,0.000225,0.000209,0.000149,0.000124,0.000165,0.000148,0.000163,0.000144,0.000193,0.000255,0.000077,0.000100,0.000066,0.000101,0.000117,0.000091,0.000040,0.000033,0.000026,0.000031,0.000042,0.000060,0.000043,0.000059,0.000049,0.000063,0.000009,0.000006,0.000020,0.000037
574,,,,,,,,,,,,,,0.000013,0.000210,0.000188,0.000176,0.000138,0.000148,0.000085,0.000096,0.000087,0.000072,0.000059,0.000075,0.000083,0.000098,0.000088,0.000099,0.000088,0.000050,0.000060,0.000058,0.000213,0.000536,0.000698,0.000281,0.000174,0.000064,0.000057,0.000083,0.000065,0.000034,0.000036,0.000048,0.000042,0.000006,0.000005,0.000070,0.000123
575,,,,,,,,,,,,,,0.000005,0.000058,0.000066,0.000056,0.000066,0.000155,0.000170,0.000281,0.000387,0.000353,0.000439,0.000456,0.000472,0.000508,0.000281,0.000246,0.000192,0.000073,0.000117,0.000077,0.000085,0.000099,0.000090,0.000043,0.000032,0.000031,0.000036,0.000090,0.000114,0.000046,0.000072,0.000061,0.000043,0.000007,0.000006,0.000048,0.000075
576,,,,,,,,,,,,,,0.000005,0.000074,0.000086,0.000065,0.000046,0.000037,0.000024,0.000030,0.000032,0.000029,0.000071,0.000042,0.000045,0.000044,0.000035,0.000049,0.000047,0.000056,0.000201,0.000108,0.000202,0.000184,0.000153,0.000039,0.000042,0.000049,0.000068,0.000176,0.000133,0.000114,0.000083,0.000067,0.000064,0.000011,0.000006,0.000023,0.000035
577,,,,,,,,,,,,,,0.000016,0.000184,0.000203,0.000278,0.000371,0.000481,0.000289,0.000240,0.000189,0.000117,0.000091,0.000065,0.000070,0.000080,0.000086,0.000185,0.000248,0.000095,0.000150,0.000104,0.000253,0.000224,0.000173,0.000042,0.000054,0.000029,0.000026,0.000072,0.000113,0.000160,0.000133,0.000139,0.000184,0.000011,0.000006,0.000060,0.000091
578,,,,,,,,,,,,,,0.000009,0.000243,0.000198,0.000109,0.000102,0.000088,0.000048,0.000078,0.000053,0.000045,0.000045,0.000048,0.000045,0.000044,0.000089,0.000054,0.000048,0.000044,0.000035,0.000058,0.000164,0.000192,0.000156,0.000075,0.000047,0.000040,0.000040,0.000031,0.000054,0.000046,0.000047,0.000046,0.000048,0.000011,0.000009,0.000052,0.000056
579,,,,,,,,,,,,,,0.000004,0.000064,0.000043,0.000038,0.000036,0.000052,0.000053,0.000095,0.000074,0.000037,0.000034,0.000064,0.000084,0.000104,0.000120,0.000130,0.000087,0.000065,0.000055,0.000049,0.000071,0.000224,0.000448,0.000283,0.000148,0.000059,0.000048,0.000098,0.000095,0.000049,0.000075,0.000080,0.000094,0.000013,0.000007,0.000037,0.000043
580,,,,,,,,,,,,,,0.000007,0.000112,0.000070,0.000065,0.000287,0.000375,0.000347,0.000425,0.000396,0.000268,0.000218,0.000273,0.000249,0.000184,0.000109,0.000111,0.000095,0.000065,0.000057,0.000036,0.000035,0.000035,0.000039,0.000034,0.000080,0.000046,0.000026,0.000047,0.000040,0.000024,0.000032,0.000037,0.000026,0.000009,0.000007,0.000030,0.000051
581,,,,,,,,,,,,,,0.000007,0.000076,0.000066,0.000061,0.000055,0.000065,0.000081,0.000093,0.000065,0.000061,0.000047,0.000062,0.000055,0.000053,0.000039,0.000090,0.000098,0.000151,0.000089,0.000041,0.000108,0.000090,0.000069,0.000053,0.000040,0.000050,0.000043,0.000030,0.000030,0.000032,0.000070,0.000049,0.000062,0.000021,0.000022,0.000061,0.000094
582,,,,,,,,,,,,,,0.000007,0.000367,0.000208,0.000104,0.000091,0.000109,0.000071,0.000074,0.000081,0.000065,0.000067,0.000115,0.000102,0.000094,0.000063,0.000058,0.000074,0.000051,0.000103,0.000058,0.000099,0.000135,0.000140,0.000083,0.000067,0.000029,0.000041,0.000068,0.000045,0.000026,0.000035,0.000030,0.000029,0.000008,0.000007,0.000037,0.000067
583,,,,,,,,,,,,,,0.000006,0.000077,0.000062,0.000065,0.000063,0.000063,0.000044,0.000055,0.000053,0.000055,0.000062,0.000091,0.000074,0.000065,0.000073,0.000091,0.000116,0.000248,0.000238,0.000142,0.000293,0.000433,0.000500,0.000165,0.000079,0.000053,0.000061,0.000076,0.000084,0.000060,0.000051,0.000042,0.000051,0.000025,0.000016,0.000088,0.000091
584,,,,,,,,,,,,,,0.000005,0.000056,0.000053,0.000053,0.000060,0.000101,0.000058,0.000064,0.000062,0.000057,0.000040,0.000057,0.000041,0.000046,0.000038,0.000060,0.000057,0.000036,0.000071,0.000067,0.000109,0.000071,0.000050,0.000035,0.000035,0.000027,0.000027,0.000040,0.000054,0.000038,0.000063,0.000046,0.000041,0.000009,0.000007,0.000066,0.000099
585,,,,,,,,,,,,,,0.000006,0.000199,0.000317,0.000355,0.000312,0.000529,0.000302,0.000314,0.000322,0.000292,0.000253,0.000348,0.000326,0.000255,0.000157,0.000193,0.000292,0.000091,0.000149,0.000068,0.000080,0.000097,0.000077,0.000040,0.000030,0.000024,0.000022,0.000023,0.000020,0.000019,0.000027,0.000020,0.000024,0.000007,0.000008,0.000030,0.000034
586,,,,,,,,,,,,,,0.000006,0.000260,0.000198,0.000164,0.000149,0.000187,0.000106,0.000099,0.000097,0.000080,0.000060,0.000077,0.000052,0.000040,0.000048,0.000302,0.000124,0.000078,0.000120,0.000044,0.000042,0.000062,0.000041,0.000016,0.000023,0.000065,0.000042,0.000130,0.000108,0.000050,0.000084,0.000059,0.000044,0.000014,0.000009,0.000030,0.000033
587,,,,,,,,,,,,,,0.000007,0.000088,0.000084,0.000069,0.000074,0.000102,0.000073,0.000089,0.000092,0.000096,0.000077,0.000119,0.000124,0.000119,0.000130,0.000125,0.000107,0.000054,0.000105,0.000063,0.000112,0.000104,0.000090,0.000037,0.000027,0.000033,0.000090,0.000039,0.000033,0.000016,0.000019,0.000012,0.000011,0.000005,0.000004,0.000018,0.000033
588,,,,,,,,,,,,,,0.000005,0.000072,0.000068,0.000051,0.000065,0.000096,0.000047,0.000089,0.000104,0.000140,0.000162,0.000318,0.000361,0.000353,0.000334,0.000354,0.000426,0.000116,0.000163,0.000083,0.000108,0.000074,0.000080,0.000035,0.000031,0.000064,0.000084,0.000171,0.000139,0.000065,0.000085,0.000108,0.000081,0.000015,0.000010,0.000055,0.000057
589,,,,,,,,,,,,,,0.000004,0.000068,0.000062,0.000054,0.000064,0.000078,0.000049,0.000074,0.000085,0.000078,0.000074,0.000071,0.000078,0.000094,0.000079,0.000084,0.000069,0.000040,0.000053,0.000032,0.000077,0.000150,0.000193,0.000113,0.000112,0.000110,0.000080,0.000217,0.000214,0.000127,0.000173,0.000213,0.000269,0.000023,0.000010,0.000036,0.000045
590,,,,,,,,,,,,,,0.000006,0.000048,0.000042,0.000044,0.000042,0.000056,0.000053,0.000056,0.000049,0.000061,0.000053,0.000063,0.000041,0.000050,0.000086,0.000121,0.000156,0.000175,0.000330,0.000348,0.000275,0.000165,0.000117,0.000041,0.000024,0.000026,0.000020,0.000024,0.000018,0.000020,0.000043,0.000035,0.000033,0.000007,0.000007,0.000047,0.000068
591,,,,,,,,,,,,,,0.000005,0.000074,0.000041,0.000073,0.000124,0.000342,0.000439,0.000522,0.000529,0.000327,0.000249,0.000310,0.000249,0.000243,0.000294,0.000531,0.000412,0.000092,0.000108,0.000069,0.000057,0.000060,0.000059,0.000051,0.000043,0.000029,0.000026,0.000053,0.000145,0.000135,0.000053,0.000042,0.000036,0.000009,0.000008,0.000033,0.000057
592,,,,,,,,,,,,,,0.000012,0.000242,0.000143,0.000088,0.000068,0.000097,0.000063,0.000095,0.000093,0.000070,0.000089,0.000138,0.000113,0.000095,0.000061,0.000070,0.000116,0.000047,0.000149,0.000266,0.000276,0.000170,0.000121,0.000067,0.000029,0.000022,0.000027,0.000074,0.000050,0.000035,0.000056,0.000066,0.000120,0.000014,0.000010,0.000074,0.000097
593,,,,,,,,,,,,,,0.000004,0.000045,0.000054,0.000058,0.000088,0.000219,0.000299,0.000508,0.000742,0.000740,0.000676,0.000919,0.000764,0.000593,0.000388,0.000343,0.000257,0.000077,0.000122,0.000078,0.000089,0.000086,0.000075,0.000038,0.000026,0.000020,0.000019,0.000039,0.000038,0.000041,0.000106,0.000100,0.000060,0.000007,0.000005,0.000023,0.000019
594,,,,,,,,,,,,,,0.000004,0.000039,0.000030,0.000047,0.000046,0.000074,0.000084,0.000176,0.000339,0.000452,0.000435,0.000816,0.000885,0.000825,0.000690,0.000601,0.000386,0.000156,0.000162,0.000070,0.000089,0.000102,0.000100,0.000045,0.000061,0.000073,0.000061,0.000144,0.000206,0.000141,0.000208,0.000148,0.000100,0.000010,0.000006,0.000019,0.000029
595,,,,,,,,,,,,,,0.000005,0.000068,0.000064,0.000062,0.000059,0.000086,0.000079,0.000096,0.000110,0.000119,0.000124,0.000126,0.000130,0.000137,0.000135,0.000148,0.000189,0.000121,0.000226,0.000133,0.000092,0.000081,0.000094,0.000039,0.000042,0.000045,0.000022,0.000043,0.000050,0.000039,0.000056,0.000054,0.000049,0.000007,0.000004,0.000021,0.000039
596,,,,,,,,,,,,,,0.000009,0.000065,0.000058,0.000061,0.000066,0.000220,0.000107,0.000097,0.000066,0.000046,0.000054,0.000075,0.000060,0.000056,0.000052,0.000067,0.000068,0.000062,0.000160,0.000181,0.000500,0.000452,0.000335,0.000163,0.000078,0.000055,0.000028,0.000074,0.000056,0.000032,0.000048,0.000056,0.000040,0.000011,0.000015,0.000118,0.000175
597,,,,,,,,,,,,,,0.000004,0.000120,0.000110,0.000137,0.000235,0.000470,0.000320,0.000591,0.000530,0.000507,0.000457,0.000604,0.000519,0.000442,0.000190,0.000192,0.000087,0.000047,0.000042,0.000040,0.000042,0.000073,0.000076,0.000032,0.000022,0.000024,0.000031,0.000071,0.000094,0.000070,0.000064,0.000078,0.000054,0.000009,0.000006,0.000040,0.000057
598,,,,,,,,,,,,,,0.000006,0.000153,0.000276,0.000229,0.000170,0.000207,0.000111,0.000131,0.000162,0.000073,0.000092,0.000082,0.000047,0.000028,-0.000001,-0.000006,0.000010,0.000157,0.000438,0.000284,0.000452,0.000375,0.000281,0.000111,0.000114,0.000046,0.000035,0.000055,0.000080,0.000062,0.000048,0.000036,0.000036,0.000010,0.000007,0.000031,0.000044
599,,,,,,,,,,,,,,0.000006,0.000083,0.000085,0.000065,0.000054,0.000070,0.000063,0.000074,0.000061,0.000068,0.000073,0.000093,0.000071,0.000057,0.000078,0.000092,0.000103,0.000109,0.000078,0.000064,0.000102,0.000107,0.000110,0.000098,0.000088,0.000111,0.000033,0.000050,0.000058,0.000046,0.000054,0.000063,0.000055,0.000009,0.000007,0.000042,0.000043
600,,,,,,,,,,,,,,0.000010,0.000179,0.000209,0.000251,0.000266,0.000277,0.000165,0.000214,0.000226,0.000235,0.000186,0.000245,0.000205,0.000160,0.000106,0.000111,0.000089,0.000035,0.000061,0.000047,0.000080,0.000086,0.000078,0.000028,0.000033,0.000045,0.000061,0.000134,0.000160,0.000055,0.000050,0.000057,0.000052,0.000007,0.000008,0.000027,0.000039
601,,,,,,,,,,,,,,0.000004,0.000066,0.000064,0.000043,0.000040,0.000075,0.000057,0.000050,0.000047,0.000044,0.000045,0.000053,0.000054,0.000040,0.000040,0.000041,0.000050,0.000055,0.000050,0.000030,0.000064,0.000146,0.000383,0.000393,0.000232,0.000108,0.000056,0.000117,0.000106,0.000082,0.000109,0.000131,0.000137,0.000022,0.000015,0.000041,0.000027
602,,,,,,,,,,,,,,0.000006,0.000127,0.000059,0.000048,0.000046,0.000059,0.000044,0.000049,0.000091,0.000092,0.000086,0.000104,0.000092,0.000076,0.000065,0.000059,0.000068,0.000027,0.000031,0.000056,0.000065,0.000184,0.000110,0.000037,0.000045,0.000033,0.000033,0.000038,0.000039,0.000020,0.000015,0.000014,0.000022,0.000009,0.000011,0.000047,0.000134
603,,,,,,,,,,,,,,0.000005,0.000051,0.000041,0.000037,0.000030,0.000042,0.000035,0.000036,0.000041,0.000033,0.000038,0.000052,0.000042,0.000034,0.000034,0.000062,0.000038,0.000036,0.000067,0.000031,0.000101,0.000132,0.000149,0.000086,0.000096,0.000072,0.000041,0.000073,0.000055,0.000029,0.000059,0.000078,0.000075,0.000024,0.000025,0.000121,0.000093
604,,,,,,,,,,,,,,0.000005,0.000072,0.000060,0.000068,0.000071,0.000094,0.000074,0.000097,0.000130,0.000119,0.000103,0.000156,0.000182,0.000171,0.000132,0.000151,0.000122,0.000050,0.000093,0.000067,0.000072,0.000078,0.000077,0.000033,0.000034,0.000024,0.000024,0.000050,0.000071,0.000094,0.000084,0.000088,0.000137,0.000016,0.000008,0.000027,0.000041
605,,,,,,,,,,,,,,0.000013,0.000146,0.000126,0.000113,0.000097,0.000112,0.000073,0.000112,0.000123,0.000125,0.000096,0.000130,0.000114,0.000116,0.000092,0.000077,0.000083,0.000047,0.000203,0.000198,0.000498,0.000294,0.000169,0.000049,0.000089,0.000108,0.000066,0.000127,0.000134,0.000042,0.000033,0.000040,0.000030,0.000005,0.000005,0.000025,0.000027
606,,,,,,,,,,,,,,0.000010,0.000087,0.000068,0.000064,0.000068,0.000068,0.000067,0.000073,0.000108,0.000084,0.000059,0.000098,0.000097,0.000087,0.000065,0.000092,0.000089,0.000051,0.000073,0.000205,0.000087,0.000104,0.000128,0.000045,0.000046,0.000061,0.000028,0.000044,0.000041,0.000033,0.000053,0.000062,0.000080,0.000010,0.000009,0.000078,0.000057
607,,,,,,,,,,,,,,0.000010,0.000101,0.000042,0.000027,0.000057,0.000043,0.000056,0.000049,0.000046,0.000039,0.000051,0.000090,0.000084,0.000106,0.000082,0.000111,0.000162,0.000157,0.000209,0.000170,0.000218,0.000305,0.000288,0.000134,0.000160,0.000132,0.000137,0.000161,0.000147,0.000220,0.000100,0.000119,0.000121,0.000030,0.000021,0.000109,0.000109
608,,,,,,,,,,,,,,0.000007,0.000121,0.000079,0.000095,0.000086,0.000120,0.000087,0.000103,0.000085,0.000050,0.000049,0.000075,0.000078,0.000068,0.000055,0.000071,0.000083,0.000045,0.000042,0.000022,0.000051,0.000053,0.000054,0.000027,0.000044,0.000089,0.000135,0.000321,0.000299,0.000151,0.000191,0.000152,0.000124,0.000009,0.000004,0.000019,0.000057
609,,,,,,,,,,,,,,0.000004,0.000063,0.000069,0.000086,0.000098,0.000154,0.000133,0.000254,0.000380,0.000485,0.000416,0.000350,0.000314,0.000242,0.000162,0.000281,0.000318,0.000070,0.000085,0.000136,0.000358,0.000323,0.000261,0.000138,0.000106,0.000064,0.000044,0.000070,0.000085,0.000100,0.000057,0.000048,0.000055,0.000009,0.000007,0.000028,0.000080
610,,,,,,,,,,,,,,0.000003,0.000091,0.000069,0.000050,0.000041,0.000029,0.000025,0.000079,0.000123,0.000293,0.000177,0.000228,0.000246,0.000234,0.000209,0.000154,0.000122,0.000050,0.000087,0.000072,0.000096,0.000085,0.000056,0.000028,0.000022,0.000021,0.000027,0.000038,0.000063,0.000032,0.000044,0.000056,0.000087,0.000010,0.000008,0.000037,0.000040
611,,,,,,,,,,,,,,0.000009,0.000106,0.000111,0.000116,0.000101,0.000111,0.000086,0.000142,0.000135,0.000140,0.000101,0.000139,0.000158,0.000100,0.000081,0.000051,0.000060,0.000027,0.000050,0.000032,0.000080,0.000079,0.000069,0.000032,0.000022,0.000018,0.000024,0.000031,0.000022,0.000018,0.000034,0.000043,0.000047,0.000014,0.000021,0.000105,0.000094
612,,,,,,,,,,,,,,0.000009,0.000117,0.000096,0.000070,0.000142,0.000102,0.000069,0.000079,0.000080,0.000097,0.000064,0.000063,0.000064,0.000055,0.000081,0.000060,0.000034,0.000026,0.000032,0.000042,0.000052,0.000050,0.000048,0.000026,0.000049,0.000032,0.000045,0.000065,0.000059,0.000032,0.000061,0.000092,0.000133,0.000036,0.000033,0.000123,0.000136
613,,,,,,,,,,,,,,0.000007,0.000097,0.000109,0.000298,0.000229,0.000346,0.000316,0.000276,0.000250,0.000188,0.000173,0.000230,0.000232,0.000198,0.000140,0.000116,0.000098,0.000051,0.000068,0.000055,0.000055,0.000045,0.000037,0.000031,0.000033,0.000028,0.000024,0.000051,0.000065,0.000027,0.000024,0.000022,0.000020,0.000006,0.000007,0.000028,0.000043
614,,,,,,,,,,,,,,0.000004,0.000032,0.000037,0.000043,0.000073,0.000172,0.000129,0.000173,0.000142,0.000121,0.000092,0.000126,0.000109,0.000118,0.000138,0.000237,0.000216,0.000138,0.000293,0.000195,0.000234,0.000223,0.000219,0.000091,0.000061,0.000037,0.000024,0.000042,0.000045,0.000030,0.000034,0.000037,0.000046,0.000006,0.000004,0.000038,0.000042
615,,,,,,,,,,,,,,0.000005,0.000072,0.000060,0.000058,0.000065,0.000068,0.000058,0.000088,0.000096,0.000096,0.000088,0.000130,0.000110,0.000159,0.000201,0.000309,0.000246,0.000085,0.000129,0.000078,0.000094,0.000099,0.000087,0.000118,0.000078,0.000040,0.000033,0.000134,0.000251,0.000074,0.000056,0.000057,0.000033,0.000006,0.000005,0.000025,0.000035
616,,,,,,,,,,,,,,0.000012,0.000191,0.000151,0.000107,0.000080,0.000090,0.000060,0.000071,0.000068,0.000065,0.000066,0.000086,0.000089,0.000084,0.000052,0.000070,0.000056,0.000119,0.000122,0.000075,0.000075,0.000174,0.000214,0.000147,0.000223,0.000135,0.000061,0.000082,0.000067,0.000055,0.000096,0.000126,0.000205,0.000026,0.000013,0.000067,0.000145
617,,,,,,,,,,,,,,0.000013,0.000117,0.000098,0.000097,0.000137,0.000231,0.000140,0.000161,0.000162,0.000118,0.000085,0.000112,0.000115,0.000094,0.000070,0.000095,0.000101,0.000035,0.000068,0.000101,0.000066,0.000086,0.000093,0.000050,0.000027,0.000026,0.000027,0.000086,0.000081,0.000053,0.000148,0.000147,0.000068,0.000009,0.000009,0.000104,0.000119
618,,,,,,,,,,,,,,0.000002,0.000032,0.000029,0.000029,0.000036,0.000048,0.000047,0.000061,0.000059,0.000052,0.000051,0.000057,0.000045,0.000046,0.000046,0.000054,0.000050,0.000030,0.000030,0.000031,0.000032,0.000038,0.000037,0.000021,0.000017,0.000017,0.000017,0.000029,0.000023,0.000014,0.000022,0.000016,0.000018,0.000005,0.000006,0.000021,0.000021
619,,,,,,,,,,,,,,0.000007,0.000072,0.000063,0.000050,0.000041,0.000045,0.000036,0.000041,0.000044,0.000052,0.000051,0.000084,0.000078,0.000063,0.000054,0.000053,0.000048,0.000023,0.000034,0.000105,0.000037,0.000036,0.000063,0.000019,0.000026,0.000024,0.000029,0.000047,0.000060,0.000086,0.000107,0.000141,0.000187,0.000025,0.000012,0.000086,0.000103
620,,,,,,,,,,,,,,0.000007,0.000107,0.000077,0.000042,0.000049,0.000060,0.000057,0.000086,0.000070,0.000081,0.000054,0.000066,0.000064,0.000083,0.000074,0.000096,0.000077,0.000045,0.000054,0.000020,0.000040,0.000064,0.000032,0.000031,0.000037,0.000061,0.000067,0.000167,0.000186,0.000094,0.000086,0.000062,0.000055,0.000017,0.000025,0.000079,0.000087
621,,,,,,,,,,,,,,0.000018,0.000469,0.000365,0.000297,0.000355,0.000380,0.000206,0.000212,0.000235,0.000167,0.000189,0.000248,0.000163,0.000131,0.000094,0.000112,0.000105,0.000069,0.000121,0.000159,0.000107,0.000152,0.000167,0.000080,0.000096,0.000085,0.000040,0.000054,0.000056,0.000035,0.000030,0.000057,0.000078,0.000037,0.000022,0.000057,0.000068
622,,,,,,,,,,,,,,0.000003,0.000040,0.000053,0.000043,0.000063,0.000211,0.000389,0.000394,0.000224,0.000146,0.000115,0.000154,0.000166,0.000159,0.000137,0.000093,0.000069,0.000051,0.000054,0.000075,0.000113,0.000125,0.000132,0.000044,0.000040,0.000091,0.000064,0.000112,0.000165,0.000104,0.000109,0.000091,0.000091,0.000015,0.000011,0.000054,0.000047
623,,,,,,,,,,,,,,0.000005,0.000059,0.000051,0.000052,0.000051,0.000074,0.000059,0.000075,0.000089,0.000098,0.000093,0.000101,0.000107,0.000068,0.000079,0.000156,0.000082,0.000066,0.000060,0.000054,0.000087,0.000103,0.000085,0.000051,0.000037,0.000030,0.000025,0.000044,0.000042,0.000017,0.000040,0.000073,0.000136,0.000044,0.000023,0.000124,0.000132
624,,,,,,,,,,,,,,0.000015,0.000462,0.000277,0.000184,0.000125,0.000143,0.000095,0.000105,0.000105,0.000092,0.000089,0.000085,0.000063,0.000066,0.000056,0.000079,0.000071,0.000037,0.000064,0.000046,0.000074,0.000059,0.000048,0.000025,0.000026,0.000022,0.000027,0.000058,0.000059,0.000045,0.000057,0.000117,0.000091,0.000006,0.000006,0.000039,0.000069
625,,,,,,,,,,,,,,0.000004,0.000062,0.000051,0.000062,0.000060,0.000093,0.000066,0.000081,0.000102,0.000071,0.000060,0.000079,0.000092,0.000163,0.000112,0.000160,0.000291,0.000162,0.000115,0.000084,0.000099,0.000095,0.000085,0.000047,0.000030,0.000030,0.000026,0.000046,0.000048,0.000035,0.000051,0.000056,0.000065,0.000008,0.000005,0.000029,0.000036
626,,,,,,,,,,,,,,0.000026,0.000343,0.000214,0.000154,0.000135,0.000144,0.000102,0.000149,0.000140,0.000122,0.000116,0.000171,0.000156,0.000137,0.000114,0.000134,0.000118,0.000051,0.000070,0.000048,0.000057,0.000075,0.000118,0.000153,0.000126,0.000046,0.000033,0.000071,0.000101,0.000048,0.000045,0.000052,0.000052,0.000009,0.000010,0.000101,0.000166
627,,,,,,,,,,,,,,0.000010,0.000186,0.000175,0.000185,0.000195,0.000295,0.000210,0.000259,0.000305,0.000286,0.000232,0.000362,0.000359,0.000320,0.000250,0.000293,0.000286,0.000112,0.000186,0.000122,0.000159,0.000150,0.000144,0.000049,0.000100,0.000056,0.000051,0.000092,0.000127,0.000083,0.000111,0.000098,0.000110,0.000011,0.000006,0.000018,0.000037
628,,,,,,,,,,,,,,0.000003,0.000061,0.000087,0.000088,0.000092,0.000137,0.000108,0.000117,0.000107,0.000098,0.000058,0.000075,0.000072,0.000057,0.000064,0.000050,0.000055,0.000035,0.000055,0.000044,0.000037,0.000027,0.000031,0.000018,0.000065,0.000035,0.000068,0.000063,0.000084,0.000056,0.000060,0.000040,0.000042,0.000005,0.000004,0.000014,0.000018
629,,,,,,,,,,,,,,0.000010,0.000128,0.000074,0.000067,0.000065,0.000067,0.000053,0.000068,0.000069,0.000073,0.000076,0.000111,0.000133,0.000128,0.000172,0.000181,0.000108,0.000047,0.000063,0.000058,0.000053,0.000065,0.000072,0.000053,0.000069,0.000042,0.000025,0.000034,0.000029,0.000026,0.000038,0.000032,0.000092,0.000032,0.000031,0.000077,0.000138
630,,,,,,,,,,,,,,0.000007,0.000075,0.000042,0.000038,0.000042,0.000054,0.000039,0.000062,0.000046,0.000053,0.000066,0.000078,0.000047,0.000076,0.000083,0.000427,0.000102,0.000040,0.000079,0.000047,0.000050,0.000063,0.000069,0.000043,0.000043,0.000032,0.000030,0.000051,0.000045,0.000030,0.000025,0.000028,0.000043,0.000010,0.000010,0.000058,0.000091
631,,,,,,,,,,,,,,0.000022,0.000164,0.000090,0.000054,0.000061,0.000083,0.000055,0.000084,0.000086,0.000069,0.000078,0.000081,0.000081,0.000073,0.000066,0.000059,0.000038,0.000024,0.000052,0.000040,0.000042,0.000044,0.000058,0.000034,0.000058,0.000034,0.000026,0.000042,0.000087,0.000037,0.000045,0.000051,0.000122,0.000014,0.000011,0.000142,0.000421
632,,,,,,,,,,,,,,0.000005,0.000068,0.000055,0.000041,0.000057,0.000088,0.000087,0.000108,0.000096,0.000106,0.000082,0.000130,0.000122,0.000097,0.000079,0.000062,0.000060,0.000041,0.000050,0.000040,0.000054,0.000081,0.000127,0.000081,0.000087,0.000077,0.000076,0.000117,0.000109,0.000106,0.000208,0.000199,0.000089,0.000010,0.000006,0.000026,0.000029
633,,,,,,,,,,,,,,0.000019,0.000211,0.000173,0.000143,0.000119,0.000137,0.000090,0.000094,0.000093,0.000076,0.000061,0.000075,0.000049,0.000052,0.000062,0.000111,0.000105,0.000146,0.000404,0.000176,0.000171,0.000149,0.000112,0.000049,0.000097,0.000051,0.000036,0.000047,0.000053,0.000048,0.000098,0.000126,0.000119,0.000030,0.000032,0.000086,0.000068
634,,,,,,,,,,,,,,0.000015,0.000180,0.000139,0.000105,0.000091,0.000117,0.000079,0.000082,0.000065,0.000062,0.000054,0.000064,0.000073,0.000072,0.000055,0.000084,0.000083,0.000084,0.000087,0.000125,0.000491,0.000330,0.000151,0.000098,0.000072,0.000050,0.000034,0.000073,0.000070,0.000083,0.000053,0.000053,0.000044,0.000017,0.000016,0.000112,0.000169
635,,,,,,,,,,,,,,0.000005,0.000104,0.000094,0.000056,0.000046,0.000044,0.000093,0.000093,0.000072,0.000062,0.000135,0.000122,0.000141,0.000128,0.000119,0.000117,0.000086,0.000070,0.000128,0.000062,0.000064,0.000111,0.000137,0.000057,0.000107,0.000161,0.000128,0.000197,0.000139,0.000059,0.000058,0.000052,0.000056,0.000010,0.000009,0.000031,0.000084
636,,,,,,,,,,,,,,0.000027,0.000368,0.000319,0.000301,0.000275,0.000308,0.000242,0.000302,0.000400,0.000393,0.000335,0.000537,0.000523,0.000470,0.000308,0.000288,0.000211,0.000080,0.000102,0.000070,0.000086,0.000078,0.000086,0.000037,0.000039,0.000029,0.000029,0.000036,0.000057,0.000045,0.000054,0.000065,0.000097,0.000008,0.000006,0.000030,0.000054
637,,,,,,,,,,,,,,0.000006,0.000105,0.000056,0.000049,0.000040,0.000062,0.000065,0.000100,0.000081,0.000079,0.000093,0.000082,0.000066,0.000070,0.000075,0.000070,0.000067,0.000046,0.000059,0.000066,0.000079,0.000061,0.000039,0.000027,0.000030,0.000027,0.000022,0.000032,0.000030,0.000035,0.000036,0.000036,0.000046,0.000012,0.000015,0.000035,0.000058
638,,,,,,,,,,,,,,0.000004,0.000061,0.000034,0.000031,0.000035,0.000051,0.000048,0.000060,0.000070,0.000086,0.000079,0.000094,0.000086,0.000077,0.000085,0.000082,0.000076,0.000082,0.000086,0.000103,0.000059,0.000108,0.000084,0.000033,0.000031,0.000031,0.000051,0.000039,0.000036,0.000020,0.000027,0.000021,0.000030,0.000006,0.000007,0.000031,0.000051
639,,,,,,,,,,,,,,0.000005,0.000099,0.000080,0.000073,0.000082,0.000131,0.000077,0.000086,0.000095,0.000066,0.000375,0.000078,0.000085,0.000078,0.000061,0.000085,0.000068,0.000031,0.000082,0.000085,0.000240,0.000133,0.000142,0.000090,0.000131,0.000102,0.000052,0.000077,0.000054,0.000042,0.000097,0.000047,0.000015,0.000011,0.000006,0.000016,0.000022
640,,,,,,,,,,,,,,0.000008,0.000106,0.000083,0.000112,0.000092,0.000131,0.000121,0.000136,0.000119,0.000084,0.000066,0.000090,0.000094,0.000086,0.000062,0.000083,0.000071,0.000052,0.000127,0.000141,0.000282,0.000160,0.000106,0.000037,0.000094,0.000033,0.000027,0.000072,0.000073,0.000033,0.000049,0.000036,0.000040,0.000005,0.000010,0.000090,0.000090
641,,,,,,,,,,,,,,0.000007,0.000088,0.000079,0.000081,0.000077,0.000081,0.000068,0.000126,0.000165,0.000130,0.000162,0.000194,0.000210,0.000160,0.000123,0.000147,0.000158,0.000072,0.000119,0.000181,0.000388,0.000555,0.000271,0.000072,0.000047,0.000030,0.000021,0.000042,0.000057,0.000044,0.000090,0.000056,0.000024,0.000008,0.000006,0.000029,0.000038
642,,,,,,,,,,,,,,0.000010,0.000177,0.000112,0.000093,0.000202,0.000062,0.000057,0.000086,0.000116,0.000090,0.000114,0.000199,0.000180,0.000141,0.000117,0.000117,0.000082,0.000044,0.000107,0.000089,0.000115,0.000114,0.000112,0.000077,0.000101,0.000081,0.000085,0.000092,0.000162,0.000109,0.000076,0.000055,0.000065,0.000014,0.000014,0.000069,0.000194
643,,,,,,,,,,,,,,0.000006,0.000099,0.000082,0.000069,0.000066,0.000080,0.000055,0.000073,0.000056,0.000059,0.000062,0.000077,0.000079,0.000076,0.000049,0.000095,0.000091,0.000032,0.000066,0.000055,0.000051,0.000062,0.000062,0.000028,0.000026,0.000019,0.000022,0.000025,0.000022,0.000020,0.000030,0.000046,0.000027,0.000008,0.000007,0.000075,0.000048
644,,,,,,,,,,,,,,0.000006,0.000068,0.000051,0.000034,0.000028,0.000055,0.000043,0.000082,0.000066,0.000048,0.000054,0.000071,0.000070,0.000051,0.000067,0.000237,0.000251,0.000192,0.000391,0.000219,0.000239,0.000218,0.000160,0.000050,0.000039,0.000034,0.000029,0.000080,0.000085,0.000057,0.000069,0.000079,0.000100,0.000011,0.000006,0.000033,0.000061
645,,,,,,,,,,,,,,0.000008,0.000105,0.000073,0.000165,0.000066,0.000063,0.000047,0.000056,0.000055,0.000055,0.000037,0.000035,0.000043,0.000044,0.000050,0.000062,0.000045,0.000031,0.000211,0.000130,0.000123,0.000153,0.000237,0.000069,0.000038,0.000023,0.000020,0.000026,0.000031,0.000022,0.000030,0.000033,0.000037,0.000010,0.000005,0.000049,0.000069
646,,,,,,,,,,,,,,0.000026,0.000457,0.000313,0.000205,0.000154,0.000173,0.000102,0.000112,0.000116,0.000109,0.000081,0.000116,0.000104,0.000081,0.000083,0.000080,0.000074,0.000032,0.000053,0.000058,0.000060,0.000083,0.000090,0.000060,0.000083,0.000067,0.000051,0.000087,0.000077,0.000033,0.000045,0.000037,0.000036,0.000005,0.000004,0.000023,0.000038
647,,,,,,,,,,,,,,0.000013,0.000140,0.000142,0.000147,0.000169,0.000217,0.000125,0.000156,0.000154,0.000128,0.000120,0.000173,0.000152,0.000126,0.000123,0.000136,0.000099,0.000029,0.000070,0.000088,0.000161,0.000178,0.000088,0.000043,0.000066,0.000160,0.000072,0.000122,0.000093,0.000047,0.000041,0.000034,0.000046,0.000006,0.000005,0.000028,0.000043
648,,,,,,,,,,,,,,0.000006,0.000080,0.000073,0.000054,0.000060,0.000058,0.000063,0.000085,0.000092,0.000097,0.000073,0.000131,0.000138,0.000093,0.000087,0.000100,0.000079,0.000038,0.000062,0.000036,0.000053,0.000175,0.000159,0.000139,0.000111,0.000043,0.000024,0.000050,0.000037,0.000024,0.000037,0.000034,0.000029,0.000006,0.000006,0.000031,0.000038
649,,,,,,,,,,,,,,0.000006,0.000231,0.000235,0.000297,0.000228,0.000238,0.000130,0.000155,0.000166,0.000146,0.000094,0.000137,0.000126,0.000107,0.000090,0.000111,0.000107,0.000041,0.000085,0.000060,0.000067,0.000069,0.000056,0.000031,0.000026,0.000016,0.000020,0.000028,0.000025,0.000026,0.000099,0.000074,0.000051,0.000005,0.000004,0.000021,0.000033
650,,,,,,,,,,,,,,0.000007,0.000111,0.000085,0.000065,0.000055,0.000037,0.000037,0.000041,0.000070,0.000076,0.000234,0.000165,0.000186,0.000238,0.000262,0.000352,0.000504,0.000465,0.000648,0.000669,0.000462,0.000430,0.000289,0.000083,0.000066,0.000037,0.000029,0.000074,0.000139,0.000086,0.000111,0.000132,0.000174,0.000028,0.000017,0.000065,0.000087
651,,,,,,,,,,,,,,0.000010,0.000103,0.000107,0.000103,0.000089,0.000116,0.000076,0.000096,0.000093,0.000210,0.000092,0.000122,0.000100,0.000065,0.000077,0.000106,0.000091,0.000048,0.000115,0.000115,0.000274,0.000391,0.000408,0.000210,0.000102,0.000093,0.000035,0.000049,0.000047,0.000033,0.000042,0.000047,0.000041,0.000006,0.000009,0.000070,0.000086
652,,,,,,,,,,,,,,0.000007,0.000105,0.000070,0.000064,0.000069,0.000091,0.000068,0.000125,0.000116,0.000092,0.000069,0.000113,0.000122,0.000092,0.000096,0.000102,0.000100,0.000047,0.000054,0.000052,0.000060,0.000077,0.000061,0.000026,0.000027,0.000031,0.000032,0.000119,0.000068,0.000034,0.000030,0.000036,0.000043,0.000006,0.000005,0.000065,0.000156
653,,,,,,,,,,,,,,0.000003,0.000061,0.000047,0.000045,0.000037,0.000084,0.000159,0.000288,0.000522,0.000623,0.000580,0.000894,0.000822,0.000659,0.000427,0.000325,0.000240,0.000071,0.000096,0.000069,0.000080,0.000085,0.000079,0.000036,0.000026,0.000028,0.000030,0.000048,0.000060,0.000052,0.000075,0.000048,0.000059,0.000009,0.000005,0.000022,0.000028
654,,,,,,,,,,,,,,0.000005,0.000087,0.000059,0.000032,0.000059,0.000105,0.000072,0.000173,0.000105,0.000110,0.000079,0.000106,0.000109,0.000130,0.000088,0.000141,0.000099,0.000042,0.000067,0.000062,0.000060,0.000078,0.000071,0.000052,0.000034,0.000033,0.000032,0.000057,0.000057,0.000037,0.000070,0.000045,0.000045,0.000025,0.000013,0.000051,0.000058
655,,,,,,,,,,,,,,0.000006,0.000075,0.000080,0.000081,0.000073,0.000097,0.000098,0.000155,0.000216,0.000202,0.000200,0.000302,0.000268,0.000229,0.000336,0.000373,0.000275,0.000150,0.000286,0.000115,0.000108,0.000104,0.000078,0.000036,0.000044,0.000026,0.000031,0.000044,0.000045,0.000027,0.000036,0.000035,0.000030,0.000006,0.000005,0.000021,0.000056
656,,,,,,,,,,,,,,0.000004,0.000079,0.000059,0.000033,0.000038,0.000059,0.000055,0.000063,0.000072,0.000066,0.000083,0.000133,0.000125,0.000124,0.000497,0.000363,0.000247,0.000065,0.000108,0.000075,0.000052,0.000102,0.000165,0.000103,0.000055,0.000030,0.000065,0.000146,0.000116,0.000043,0.000061,0.000050,0.000039,0.000007,0.000007,0.000058,0.000069
657,,,,,,,,,,,,,,0.000003,0.000071,0.000077,0.000069,0.000052,0.000062,0.000040,0.000059,0.000070,0.000063,0.000060,0.000075,0.000063,0.000071,0.000118,0.000136,0.000134,0.000064,0.000155,0.000237,0.000254,0.000187,0.000101,0.000029,0.000038,0.000018,0.000023,0.000041,0.000063,0.000061,0.000128,0.000144,0.000167,0.000013,0.000007,0.000019,0.000030
658,,,,,,,,,,,,,,0.000012,0.000252,0.000208,0.000144,0.000137,0.000215,0.000164,0.000272,0.000338,0.000340,0.000303,0.000347,0.000280,0.000228,0.000138,0.000158,0.000128,0.000053,0.000079,0.000047,0.000063,0.000067,0.000077,0.000084,0.000055,0.000074,0.000035,0.000051,0.000108,0.000039,0.000045,0.000037,0.000033,0.000005,0.000004,0.000020,0.000030
659,,,,,,,,,,,,,,0.000005,0.000117,0.000134,0.000190,0.000169,0.000169,0.000148,0.000138,0.000167,0.000139,0.000092,0.000117,0.000113,0.000104,0.000106,0.000194,0.000282,0.000100,0.000135,0.000060,0.000085,0.000071,0.000049,0.000020,0.000037,0.000056,0.000061,0.000067,0.000057,0.000036,0.000030,0.000031,0.000040,0.000013,0.000012,0.000036,0.000112
660,,,,,,,,,,,,,,0.000007,0.000056,0.000057,0.000071,0.000101,0.000143,0.000093,0.000101,0.000114,0.000085,0.000068,0.000102,0.000116,0.000099,0.000077,0.000098,0.000099,0.000038,0.000073,0.000062,0.000060,0.000054,0.000067,0.000034,0.000028,0.000023,0.000028,0.000087,0.000179,0.000079,0.000087,0.000098,0.000040,0.000007,0.000007,0.000053,0.000076
661,,,,,,,,,,,,,,0.000012,0.000243,0.000253,0.000216,0.000163,0.000165,0.000099,0.000095,0.000082,0.000050,0.000047,0.000053,0.000051,0.000061,0.000038,0.000052,0.000045,0.000023,0.000030,0.000028,0.000025,0.000021,0.000021,0.000013,0.000034,0.000055,0.000038,0.000056,0.000041,0.000020,0.000030,0.000031,0.000037,0.000008,0.000006,0.000016,0.000036
662,,,,,,,,,,,,,,0.000004,0.000085,0.000055,0.000055,0.000054,0.000071,0.000049,0.000079,0.000065,0.000064,0.000059,0.000074,0.000081,0.000079,0.000196,0.000121,0.000096,0.000036,0.000054,0.000046,0.000072,0.000076,0.000060,0.000024,0.000024,0.000018,0.000021,0.000029,0.000019,0.000017,0.000019,0.000018,0.000020,0.000013,0.000016,0.000052,0.000071
663,,,,,,,,,,,,,,0.000004,0.000080,0.000066,0.000060,0.000207,0.000109,0.000054,0.000076,0.000069,0.000050,0.000043,0.000056,0.000069,0.000075,0.000067,0.000089,0.000061,0.000076,0.000092,0.000278,0.000261,0.000299,0.000328,0.000101,0.000081,0.000068,0.000061,0.000132,0.000149,0.000067,0.000088,0.000089,0.000051,0.000010,0.000009,0.000032,0.000042
664,,,,,,,,,,,,,,0.000004,0.000097,0.000091,0.000100,0.000232,0.000097,0.000065,0.000087,0.000148,0.000116,0.000093,0.000175,0.000127,0.000118,0.000070,0.000072,0.000062,0.000068,0.000109,0.000249,0.000416,0.000288,0.000230,0.000074,0.000057,0.000028,0.000023,0.000038,0.000032,0.000027,0.000018,0.000026,0.000055,0.000008,0.000007,0.000034,0.000035
665,,,,,,,,,,,,,,0.000004,0.000083,0.000079,0.000051,0.000040,0.000050,0.000032,0.000045,0.000043,0.000040,0.000061,0.000082,0.000067,0.000074,0.000056,0.000047,0.000039,0.000035,0.000038,0.000028,0.000074,0.000173,0.000153,0.000048,0.000027,0.000035,0.000031,0.000083,0.000046,0.000033,0.000043,0.000040,0.000040,0.000014,0.000008,0.000049,0.000084
666,,,,,,,,,,,,,,0.000004,0.000052,0.000041,0.000050,0.000035,0.000086,0.000065,0.000058,0.000065,0.000048,0.000033,0.000021,0.000035,0.000070,0.000063,0.000056,0.000051,0.000058,0.000065,0.000047,0.000059,0.000060,0.000065,0.000048,0.000072,0.000082,0.000102,0.000142,0.000137,0.000075,0.000101,0.000079,0.000070,0.000011,0.000009,0.000036,0.000044
667,,,,,,,,,,,,,,0.000016,0.000195,0.000158,0.000157,0.000146,0.000194,0.000133,0.000147,0.000152,0.000119,0.000120,0.000161,0.000140,0.000137,0.000087,0.000093,0.000088,0.000143,0.000164,0.000151,0.000273,0.000231,0.000164,0.000085,0.000064,0.000031,0.000023,0.000057,0.000090,0.000081,0.000128,0.000094,0.000071,0.000017,0.000023,0.000229,0.000327
668,,,,,,,,,,,,,,0.000017,0.000214,0.000170,0.000199,0.000232,0.000408,0.000335,0.000504,0.000497,0.000423,0.000306,0.000375,0.000312,0.000249,0.000169,0.000263,0.000160,0.000054,0.000058,0.000049,0.000143,0.000196,0.000268,0.000150,0.000109,0.000045,0.000030,0.000072,0.000125,0.000084,0.000079,0.000080,0.000127,0.000025,0.000015,0.000202,0.000336
669,,,,,,,,,,,,,,0.000004,0.000097,0.000054,0.000082,0.000121,0.000160,0.000069,0.000060,0.000071,0.000055,0.000134,0.000077,0.000089,0.000057,0.000063,0.000260,0.000257,0.000136,0.000148,0.000086,0.000090,0.000094,0.000079,0.000042,0.000047,0.000048,0.000037,0.000044,0.000040,0.000032,0.000039,0.000040,0.000031,0.000005,0.000005,0.000024,0.000033
670,,,,,,,,,,,,,,0.000004,0.000143,0.000096,0.000076,0.000062,0.000081,0.000063,0.000069,0.000149,0.000076,0.000072,0.000091,0.000081,0.000070,0.000064,0.000056,0.000050,0.000030,0.000092,0.000083,0.000148,0.000093,0.000063,0.000027,0.000031,0.000046,0.000040,0.000063,0.000060,0.000045,0.000071,0.000063,0.000063,0.000013,0.000004,0.000011,0.000019
671,,,,,,,,,,,,,,0.000007,0.000152,0.000129,0.000090,0.000070,0.000108,0.000077,0.000086,0.000079,0.000055,0.000070,0.000102,0.000102,0.000090,0.000052,0.000081,0.000076,0.000056,0.000043,0.000034,0.000056,0.000047,0.000042,0.000031,0.000054,0.000044,0.000026,0.000060,0.000039,0.000025,0.000101,0.000174,0.000079,0.000012,0.000009,0.000034,0.000045
672,,,,,,,,,,,,,,0.000004,0.000084,0.000076,0.000063,0.000053,0.000063,0.000064,0.000087,0.000101,0.000083,0.000090,0.000106,0.000116,0.000125,0.000092,0.000127,0.000174,0.000126,0.000209,0.000111,0.000104,0.000127,0.000096,0.000034,0.000033,0.000033,0.000021,0.000028,0.000036,0.000037,0.000031,0.000027,0.000029,0.000009,0.000014,0.000039,0.000054
673,,,,,,,,,,,,,,0.000005,0.000104,0.000077,0.000055,0.000045,0.000061,0.000140,0.000150,0.000135,0.000267,0.000166,0.000168,0.000166,0.000159,0.000136,0.000127,0.000083,0.000085,0.000082,0.000046,0.000049,0.000051,0.000052,0.000024,0.000043,0.000035,0.000051,0.000053,0.000038,0.000033,0.000037,0.000036,0.000035,0.000011,0.000004,0.000022,0.000035
674,,,,,,,,,,,,,,0.000014,0.000317,0.000239,0.000148,0.000111,0.000149,0.000179,0.000176,0.000146,0.000129,0.000107,0.000151,0.000115,0.000101,0.000075,0.000097,0.000073,0.000021,0.000044,0.000073,0.000121,0.000133,0.000159,0.000133,0.000159,0.000097,0.000077,0.000118,0.000093,0.000068,0.000093,0.000091,0.000074,0.000007,0.000005,0.000030,0.000101
675,,,,,,,,,,,,,,0.000010,0.000145,0.000121,0.000129,0.000118,0.000124,0.000155,0.000146,0.000063,0.000052,0.000039,0.000046,0.000059,0.000073,0.000081,0.000103,0.000096,0.000029,0.000088,0.000121,0.000111,0.000141,0.000153,0.000056,0.000067,0.000077,0.000069,0.000138,0.000172,0.000133,0.000075,0.000041,0.000033,0.000012,0.000015,0.000111,0.000122
676,,,,,,,,,,,,,,0.000004,0.000060,0.000057,0.000080,0.000127,0.000124,0.000138,0.000267,0.000321,0.000368,0.000297,0.000523,0.000606,0.000622,0.000459,0.000432,0.000390,0.000182,0.000177,0.000100,0.000098,0.000100,0.000084,0.000052,0.000044,0.000040,0.000042,0.000089,0.000071,0.000046,0.000050,0.000042,0.000050,0.000010,0.000013,0.000044,0.000039
677,,,,,,,,,,,,,,0.000007,0.000061,0.000053,0.000060,0.000046,0.000053,0.000037,0.000037,0.000030,0.000022,0.000028,0.000028,0.000029,0.000048,0.000076,0.000107,0.000074,0.000091,0.000059,0.000044,0.000035,0.000020,0.000024,0.000028,0.000021,0.000019,0.000019,0.000018,0.000020,0.000014,0.000021,0.000017,0.000013,0.000013,0.000011,0.000029,0.000052
678,,,,,,,,,,,,,,0.000004,0.000064,0.000052,0.000053,0.000055,0.000070,0.000041,0.000077,0.000064,0.000054,0.000055,0.000065,0.000053,0.000057,0.000049,0.000049,0.000046,0.000022,0.000046,0.000037,0.000055,0.000060,0.000062,0.000037,0.000109,0.000086,0.000060,0.000070,0.000089,0.000088,0.000033,0.000031,0.000053,0.000004,0.000003,0.000016,0.000023
679,,,,,,,,,,,,,,0.000005,0.000080,0.000090,0.000085,0.000108,0.000209,0.000230,0.000392,0.000563,0.000597,0.000576,0.000914,0.000986,0.000908,0.000680,0.000626,0.000507,0.000166,0.000245,0.000143,0.000175,0.000181,0.000164,0.000051,0.000038,0.000024,0.000026,0.000044,0.000038,0.000018,0.000021,0.000013,0.000020,0.000004,0.000004,0.000022,0.000034
680,,,,,,,,,,,,,,0.000011,0.000187,0.000439,0.000722,0.000618,0.000718,0.000388,0.000393,0.000375,0.000292,0.000215,0.000255,0.000223,0.000180,0.000167,0.000174,0.000123,0.000065,0.000090,0.000058,0.000077,0.000079,0.000084,0.000051,0.000041,0.000046,0.000027,0.000052,0.000044,0.000040,0.000031,0.000042,0.000042,0.000011,0.000011,0.000067,0.000082
681,,,,,,,,,,,,,,0.000008,0.000105,0.000082,0.000068,0.000065,0.000083,0.000065,0.000097,0.000092,0.000094,0.000101,0.000136,0.000149,0.000123,0.000079,0.000086,0.000040,0.000033,0.000038,0.000032,0.000104,0.000106,0.000100,0.000040,0.000045,0.000023,0.000024,0.000038,0.000031,0.000028,0.000063,0.000125,0.000095,0.000005,0.000005,0.000030,0.000070
682,,,,,,,,,,,,,,0.000003,0.000056,0.000042,0.000072,0.000145,0.000430,0.000423,0.000637,0.000614,0.000545,0.000467,0.000719,0.000621,0.000603,0.000350,0.000415,0.000285,0.000086,0.000160,0.000078,0.000094,0.000102,0.000092,0.000040,0.000045,0.000032,0.000028,0.000065,0.000081,0.000058,0.000086,0.000067,0.000063,0.000009,0.000007,0.000027,0.000044
683,,,,,,,,,,,,,,0.000005,0.000061,0.000038,0.000114,0.000181,0.000129,0.000077,0.000119,0.000064,0.000071,0.000071,0.000129,0.000174,0.000197,0.000203,0.000289,0.000258,0.000103,0.000122,0.000088,0.000087,0.000077,0.000079,0.000040,0.000031,0.000026,0.000024,0.000043,0.000051,0.000028,0.000041,0.000045,0.000050,0.000011,0.000010,0.000061,0.000065
684,,,,,,,,,,,,,,0.000018,0.000287,0.000342,0.000332,0.000307,0.000306,0.000135,0.000150,0.000142,0.000107,0.000114,0.000108,0.000095,0.000059,0.000045,0.000031,0.000060,0.000055,0.000125,0.000060,0.000094,0.000050,0.000051,0.000065,0.000158,0.000132,0.000089,0.000185,0.000187,0.000108,0.000146,0.000110,0.000132,0.000012,0.000010,0.000048,0.000105
685,,,,,,,,,,,,,,0.000013,0.000186,0.000133,0.000088,0.000073,0.000138,0.000101,0.000113,0.000102,0.000099,0.000101,0.000180,0.000169,0.000179,0.000188,0.000205,0.000173,0.000097,0.000111,0.000064,0.000098,0.000083,0.000113,0.000042,0.000037,0.000027,0.000022,0.000042,0.000048,0.000054,0.000110,0.000120,0.000101,0.000014,0.000010,0.000116,0.000121
686,,,,,,,,,,,,,,0.000005,0.000070,0.000068,0.000097,0.000075,0.000086,0.000057,0.000056,0.000074,0.000071,0.000088,0.000097,0.000104,0.000236,0.000156,0.000456,0.000467,0.000152,0.000292,0.000130,0.000120,0.000110,0.000103,0.000053,0.000059,0.000035,0.000029,0.000056,0.000092,0.000068,0.000103,0.000117,0.000084,0.000012,0.000006,0.000037,0.000048
687,,,,,,,,,,,,,,0.000004,0.000047,0.000057,0.000045,0.000047,0.000039,0.000029,0.000040,0.000045,0.000053,0.000049,0.000063,0.000088,0.000087,0.000076,0.000109,0.000082,0.000043,0.000089,0.000166,0.000271,0.000158,0.000119,0.000047,0.000055,0.000038,0.000032,0.000082,0.000113,0.000043,0.000043,0.000076,0.000081,0.000012,0.000010,0.000050,0.000058
688,,,,,,,,,,,,,,0.000035,0.000600,0.000641,0.000477,0.000400,0.000387,0.000199,0.000231,0.000235,0.000154,0.000149,0.000224,0.000257,0.000265,0.000203,0.000164,0.000155,0.000080,0.000130,0.000125,0.000133,0.000138,0.000126,0.000054,0.000045,0.000041,0.000027,0.000036,0.000028,0.000029,0.000085,0.000123,0.000144,0.000010,0.000007,0.000041,0.000163
689,,,,,,,,,,,,,,0.000005,0.000094,0.000061,0.000071,0.000053,0.000077,0.000049,0.000062,0.000050,0.000050,0.000024,0.000021,0.000027,0.000026,0.000027,0.000069,0.000046,0.000045,0.000066,0.000051,0.000096,0.000103,0.000050,0.000018,0.000037,0.000046,0.000043,0.000106,0.000120,0.000091,0.000131,0.000144,0.000183,0.000033,0.000019,0.000067,0.000072
690,,,,,,,,,,,,,,0.000008,0.000113,0.000107,0.000096,0.000072,0.000122,0.000102,0.000118,0.000104,0.000123,0.000119,0.000146,0.000111,0.000098,0.000086,0.000118,0.000078,0.000036,0.000066,0.000054,0.000062,0.000076,0.000061,0.000026,0.000026,0.000018,0.000019,0.000038,0.000036,0.000032,0.000045,0.000033,0.000032,0.000005,0.000005,0.000058,0.000177
691,,,,,,,,,,,,,,0.000014,0.000219,0.000143,0.000088,0.000075,0.000084,0.000068,0.000124,0.000127,0.000135,0.000091,0.000115,0.000111,0.000107,0.000096,0.000120,0.000139,0.000066,0.000088,0.000060,0.000079,0.000079,0.000123,0.000060,0.000036,0.000016,0.000009,0.000063,0.000045,0.000034,0.000024,0.000023,0.000020,0.000012,0.000011,0.000045,0.000064
692,,,,,,,,,,,,,,0.000006,0.000079,0.000088,0.000084,0.000063,0.000100,0.000062,0.000069,0.000066,0.000068,0.000054,0.000066,0.000065,0.000054,0.000053,0.000072,0.000047,0.000033,0.000060,0.000034,0.000107,0.000098,0.000079,0.000027,0.000033,0.000048,0.000077,0.000069,0.000101,0.000049,0.000045,0.000044,0.000052,0.000008,0.000005,0.000033,0.000036
693,,,,,,,,,,,,,,0.000017,0.000159,0.000116,0.000127,0.000110,0.000113,0.000075,0.000083,0.000087,0.000088,0.000115,0.000135,0.000128,0.000100,0.000078,0.000083,0.000082,0.000029,0.000057,0.000204,0.000206,0.000203,0.000166,0.000053,0.000062,0.000029,0.000023,0.000033,0.000038,0.000025,0.000026,0.000019,0.000039,0.000027,0.000020,0.000125,0.000206
694,,,,,,,,,,,,,,0.000004,0.000069,0.000061,0.000083,0.000066,0.000114,0.000079,0.000082,0.000087,0.000117,0.000142,0.000203,0.000231,0.000198,0.000135,0.000106,0.000053,0.000039,0.000061,0.000045,0.000062,0.000051,0.000051,0.000018,0.000034,0.000082,0.000064,0.000151,0.000158,0.000080,0.000083,0.000089,0.000156,0.000032,0.000020,0.000047,0.000054
695,,,,,,,,,,,,,,0.000006,0.000072,0.000053,0.000042,0.000041,0.000064,0.000068,0.000098,0.000079,0.000083,0.000058,0.000076,0.000081,0.000087,0.000079,0.000079,0.000071,0.000045,0.000110,0.000078,0.000122,0.000109,0.000107,0.000090,0.000082,0.000029,0.000044,0.000058,0.000091,0.000047,0.000058,0.000032,0.000033,0.000007,0.000005,0.000033,0.000064
696,,,,,,,,,,,,,,0.000004,0.000094,0.000075,0.000079,0.000072,0.000102,0.000077,0.000101,0.000096,0.000137,0.000294,0.000270,0.000337,0.000381,0.000339,0.000389,0.000347,0.000195,0.000255,0.000162,0.000159,0.000184,0.000150,0.000062,0.000064,0.000058,0.000032,0.000066,0.000057,0.000033,0.000040,0.000031,0.000030,0.000005,0.000005,0.000029,0.000033
697,,,,,,,,,,,,,,0.000009,0.000093,0.000054,0.000046,0.000079,0.000068,0.000052,0.000067,0.000050,0.000045,0.000048,0.000055,0.000029,0.000020,0.000036,0.000033,0.000035,0.000029,0.000049,0.000033,0.000060,0.000101,0.000064,0.000032,0.000052,0.000061,0.000025,0.000051,0.000056,0.000039,0.000042,0.000049,0.000054,0.000009,0.000013,0.000105,0.000121
698,,,,,,,,,,,,,,0.000012,0.000105,0.000061,0.000041,0.000049,0.000053,0.000035,0.000057,0.000098,0.000130,0.000162,0.000349,0.000493,0.000544,0.000440,0.000420,0.000267,0.000085,0.000202,0.000147,0.000098,0.000145,0.000170,0.000100,0.000084,0.000043,0.000034,0.000094,0.000139,0.000082,0.000187,0.000222,0.000264,0.000020,0.000009,0.000130,0.000212
699,,,,,,,,,,,,,,0.000014,0.000157,0.000105,0.000107,0.000103,0.000151,0.000163,0.000204,0.000331,0.000201,0.000170,0.000239,0.000208,0.000192,0.000150,0.000165,0.000146,0.000064,0.000085,0.000064,0.000077,0.000083,0.000089,0.000035,0.000028,0.000025,0.000031,0.000071,0.000068,0.000067,0.000058,0.000089,0.000036,0.000004,0.000004,0.000041,0.000147
700,,,,,,,,,,,,,,0.000004,0.000249,0.000139,0.000127,0.000080,0.000082,0.000058,0.000108,0.000106,0.000130,0.000127,0.000179,0.000167,0.000174,0.000169,0.000162,0.000150,0.000079,0.000116,0.000070,0.000089,0.000096,0.000084,0.000047,0.000045,0.000035,0.000025,0.000042,0.000046,0.000030,0.000040,0.000037,0.000038,0.000007,0.000007,0.000026,0.000036
701,,,,,,,,,,,,,,0.000009,0.000116,0.000156,0.000166,0.000143,0.000170,0.000135,0.000130,0.000109,0.000092,0.000075,0.000099,0.000089,0.000062,0.000051,0.000089,0.000086,0.000038,0.000083,0.000053,0.000058,0.000070,0.000053,0.000039,0.000038,0.000024,0.000027,0.000039,0.000025,0.000019,0.000020,0.000034,0.000048,0.000024,0.000019,0.000133,0.000168
702,,,,,,,,,,,,,,0.000005,0.000093,0.000065,0.000061,0.000079,0.000112,0.000079,0.000084,0.000082,0.000066,0.000048,0.000053,0.000051,0.000056,0.000067,0.000079,0.000068,0.000039,0.000055,0.000038,0.000049,0.000092,0.000161,0.000076,0.000053,0.000033,0.000019,0.000053,0.000052,0.000028,0.000034,0.000031,0.000024,0.000006,0.000005,0.000026,0.000033
703,,,,,,,,,,,,,,0.000004,0.000088,0.000082,0.000075,0.000078,0.000113,0.000083,0.000081,0.000079,0.000068,0.000072,0.000101,0.000114,0.000118,0.000087,0.000082,0.000105,0.000049,0.000079,0.000061,0.000112,0.000190,0.000157,0.000059,0.000082,0.000108,0.000098,0.000244,0.000204,0.000095,0.000094,0.000075,0.000069,0.000008,0.000005,0.000024,0.000039
704,,,,,,,,,,,,,,0.000005,0.000073,0.000042,0.000046,0.000040,0.000046,0.000040,0.000037,0.000054,0.000049,0.000073,0.000084,0.000095,0.000091,0.000064,0.000059,0.000068,0.000049,0.000089,0.000078,0.000116,0.000080,0.000062,0.000090,0.000129,0.000079,0.000044,0.000082,0.000095,0.000068,0.000161,0.000209,0.000099,0.000009,0.000007,0.000027,0.000045
705,,,,,,,,,,,,,,0.000004,0.000039,0.000028,0.000030,0.000031,0.000035,0.000041,0.000052,0.000048,0.000043,0.000046,0.000045,0.000053,0.000039,0.000055,0.000066,0.000056,0.000047,0.000050,0.000038,0.000045,0.000042,0.000070,0.000098,0.000120,0.000067,0.000059,0.000123,0.000093,0.000045,0.000045,0.000046,0.000049,0.000013,0.000007,0.000045,0.000050
706,,,,,,,,,,,,,,0.000012,0.000142,0.000095,0.000080,0.000111,0.000074,0.000063,0.000070,0.000060,0.000049,0.000072,0.000066,0.000048,0.000036,0.000044,0.000046,0.000049,0.000038,0.000066,0.000053,0.000097,0.000192,0.000111,0.000048,0.000040,0.000051,0.000023,0.000046,0.000053,0.000031,0.000035,0.000034,0.000038,0.000008,0.000013,0.000130,0.000161
707,,,,,,,,,,,,,,0.000005,0.000085,0.000066,0.000065,0.000056,0.000099,0.000112,0.000107,0.000100,0.000066,0.000101,0.000125,0.000131,0.000141,0.000095,0.000121,0.000100,0.000063,0.000083,0.000038,0.000069,0.000072,0.000095,0.000056,0.000056,0.000045,0.000038,0.000051,0.000084,0.000083,0.000381,0.000285,0.000207,0.000014,0.000010,0.000049,0.000060
708,,,,,,,,,,,,,,0.000010,0.000091,0.000082,0.000192,0.000156,0.000278,0.000245,0.000316,0.000362,0.000311,0.000275,0.000370,0.000376,0.000317,0.000236,0.000223,0.000165,0.000085,0.000104,0.000089,0.000206,0.000167,0.000143,0.000114,0.000103,0.000047,0.000045,0.000075,0.000084,0.000045,0.000053,0.000042,0.000040,0.000007,0.000007,0.000038,0.000107
709,,,,,,,,,,,,,,0.000005,0.000099,0.000109,0.000133,0.000114,0.000156,0.000123,0.000159,0.000148,0.000136,0.000144,0.000170,0.000169,0.000185,0.000171,0.000229,0.000141,0.000050,0.000063,0.000040,0.000070,0.000091,0.000145,0.000116,0.000117,0.000043,0.000031,0.000032,0.000043,0.000028,0.000040,0.000032,0.000029,0.000008,0.000006,0.000024,0.000037
710,,,,,,,,,,,,,,0.000003,0.000043,0.000039,0.000032,0.000033,0.000014,0.000034,0.000037,0.000031,0.000026,0.000024,0.000035,0.000049,0.000031,0.000041,0.000064,0.000051,0.000030,0.000067,0.000071,0.000088,0.000112,0.000098,0.000093,0.000160,0.000090,0.000045,0.000076,0.000052,0.000030,0.000028,0.000042,0.000042,0.000010,0.000011,0.000026,0.000034
711,,,,,,,,,,,,,,0.000003,0.000130,0.000271,0.000457,0.000513,0.000752,0.000382,0.000404,0.000350,0.000237,0.000160,0.000213,0.000190,0.000155,0.000110,0.000117,0.000126,0.000049,0.000077,0.000052,0.000063,0.000080,0.000080,0.000033,0.000025,0.000016,0.000025,0.000053,0.000057,0.000053,0.000079,0.000063,0.000040,0.000004,0.000003,0.000018,0.000026
712,,,,,,,,,,,,,,0.000004,0.000082,0.000074,0.000086,0.000084,0.000119,0.000110,0.000130,0.000119,0.000127,0.000114,0.000146,0.000135,0.000119,0.000089,0.000094,0.000085,0.000027,0.000053,0.000045,0.000049,0.000054,0.000070,0.000033,0.000025,0.000023,0.000033,0.000082,0.000088,0.000038,0.000060,0.000044,0.000037,0.000006,0.000005,0.000033,0.000042
713,,,,,,,,,,,,,,0.000007,0.000129,0.000080,0.000049,0.000059,0.000063,0.000050,0.000060,0.000061,0.000054,0.000027,0.000040,0.000040,0.000039,0.000033,0.000038,0.000062,0.000043,0.000055,0.000043,0.000047,0.000069,0.000057,0.000031,0.000027,0.000022,0.000021,0.000034,0.000049,0.000051,0.000126,0.000134,0.000115,0.000011,0.000009,0.000046,0.000068
714,,,,,,,,,,,,,,0.000008,0.000160,0.000111,0.000079,0.000068,0.000059,0.000043,0.000043,0.000029,0.000047,0.000056,0.000094,0.000128,0.000160,0.000152,0.000173,0.000178,0.000073,0.000139,0.000169,0.000149,0.000156,0.000144,0.000050,0.000035,0.000022,0.000019,0.000051,0.000054,0.000051,0.000096,0.000064,0.000065,0.000010,0.000008,0.000105,0.000095
715,,,,,,,,,,,,,,0.000005,0.000099,0.000110,0.000143,0.000143,0.000133,0.000114,0.000093,0.000066,0.000058,0.000077,0.000194,0.000150,0.000125,0.000193,0.000190,0.000127,0.000071,0.000136,0.000151,0.000217,0.000305,0.000414,0.000235,0.000208,0.000113,0.000082,0.000142,0.000137,0.000079,0.000068,0.000070,0.000066,0.000008,0.000008,0.000034,0.000044
716,,,,,,,,,,,,,,0.000011,0.000206,0.000128,0.000126,0.000155,0.000245,0.000402,0.000300,0.000213,0.000222,0.000183,0.000261,0.000323,0.000322,0.000356,0.000378,0.000323,0.000175,0.000161,0.000070,0.000103,0.000114,0.000124,0.000047,0.000043,0.000031,0.000019,0.000037,0.000041,0.000030,0.000034,0.000029,0.000048,0.000009,0.000006,0.000028,0.000042
717,,,,,,,,,,,,,,0.000007,0.000097,0.000074,0.000061,0.000083,0.000130,0.000099,0.000111,0.000130,0.000124,0.000120,0.000174,0.000155,0.000129,0.000111,0.000154,0.000122,0.000058,0.000104,0.000074,0.000131,0.000172,0.000166,0.000066,0.000052,0.000032,0.000032,0.000053,0.000047,0.000027,0.000146,0.000082,0.000043,0.000007,0.000007,0.000027,0.000043
718,,,,,,,,,,,,,,0.000003,0.000043,0.000038,0.000046,0.000053,0.000052,0.000082,0.000078,0.000058,0.000086,0.000070,0.000106,0.000102,0.000103,0.000081,0.000087,0.000093,0.000034,0.000064,0.000048,0.000051,0.000057,0.000052,0.000024,0.000022,0.000021,0.000016,0.000044,0.000051,0.000189,0.000036,0.000036,0.000030,0.000007,0.000005,0.000023,0.000033
719,,,,,,,,,,,,,,0.000007,0.000150,0.000133,0.000151,0.000185,0.000239,0.000109,0.000115,0.000099,0.000090,0.000078,0.000107,0.000094,0.000112,0.000138,0.000167,0.000092,0.000050,0.000063,0.000072,0.000081,0.000104,0.000103,0.000086,0.000060,0.000033,0.000046,0.000078,0.000097,0.000040,0.000055,0.000062,0.000054,0.000008,0.000007,0.000054,0.000079
720,,,,,,,,,,,,,,0.000006,0.000089,0.000069,0.000064,0.000066,0.000073,0.000058,0.000079,0.000079,0.000076,0.000072,0.000096,0.000136,0.000129,0.000082,0.000076,0.000095,0.000075,0.000139,0.000115,0.000153,0.000162,0.000151,0.000063,0.000043,0.000031,0.000029,0.000074,0.000083,0.000054,0.000060,0.000073,0.000110,0.000024,0.000028,0.000074,0.000110
721,,,,,,,,,,,,,,0.000019,0.000165,0.000131,0.000111,0.000110,0.000128,0.000065,0.000117,0.000107,0.000099,0.000110,0.000168,0.000124,0.000086,0.000108,0.000139,0.000106,0.000079,0.000060,0.000067,0.000090,0.000129,0.000111,0.000037,0.000044,0.000047,0.000044,0.000097,0.000216,0.000117,0.000117,0.000069,0.000071,0.000024,0.000037,0.000427,0.000338
722,,,,,,,,,,,,,,0.000004,0.000065,0.000043,0.000041,0.000041,0.000078,0.000067,0.000098,0.000085,0.000082,0.000090,0.000104,0.000070,0.000069,0.000070,0.000062,0.000064,0.000137,0.000047,0.000276,0.000077,0.000078,0.000077,0.000032,0.000031,0.000031,0.000034,0.000048,0.000058,0.000045,0.000049,0.000041,0.000048,0.000009,0.000007,0.000026,0.000039
723,,,,,,,,,,,,,,0.000008,0.000345,0.000367,0.000442,0.000491,0.000635,0.000328,0.000358,0.000301,0.000264,0.000176,0.000250,0.000232,0.000202,0.000159,0.000158,0.000132,0.000048,0.000077,0.000067,0.000079,0.000068,0.000092,0.000038,0.000040,0.000026,0.000027,0.000062,0.000065,0.000047,0.000065,0.000058,0.000075,0.000008,0.000007,0.000034,0.000045
724,,,,,,,,,,,,,,0.000009,0.000270,0.000351,0.000351,0.000213,0.000227,0.000138,0.000176,0.000184,0.000127,0.000123,0.000182,0.000142,0.000116,0.000107,0.000114,0.000090,0.000036,0.000103,0.000128,0.000126,0.000137,0.000127,0.000056,0.000036,0.000043,0.000050,0.000144,0.000120,0.000047,0.000046,0.000051,0.000092,0.000008,0.000005,0.000031,0.000036
725,,,,,,,,,,,,,,0.000005,0.000056,0.000057,0.000042,0.000033,0.000066,0.000055,0.000061,0.000085,0.000067,0.000063,0.000082,0.000079,0.000073,0.000075,0.000099,0.000085,0.000055,0.000059,0.000037,0.000060,0.000081,0.000101,0.000124,0.000185,0.000114,0.000076,0.000108,0.000097,0.000044,0.000049,0.000025,0.000027,0.000006,0.000006,0.000027,0.000035
726,,,,,,,,,,,,,,0.000007,0.000074,0.000052,0.000078,0.000096,0.000165,0.000408,0.000406,0.000251,0.000151,0.000233,0.000282,0.000321,0.000203,0.000138,0.000125,0.000084,0.000059,0.000083,0.000086,0.000088,0.000063,0.000076,0.000037,0.000084,0.000047,0.000071,0.000046,0.000046,0.000050,0.000076,0.000102,0.000129,0.000016,0.000014,0.000056,0.000063
727,,,,,,,,,,,,,,0.000019,0.000127,0.000090,0.000082,0.000074,0.000081,0.000040,0.000123,0.000119,0.000130,0.000109,0.000122,0.000117,0.000155,0.000114,0.000100,0.000077,0.000064,0.000057,0.000042,0.000044,0.000057,0.000065,0.000059,0.000043,0.000033,0.000027,0.000044,0.000070,0.000092,0.000145,0.000126,0.000138,0.000063,0.000066,0.000309,0.000420
728,,,,,,,,,,,,,,0.000003,0.000033,0.000022,0.000032,0.000036,0.000054,0.000081,0.000056,0.000061,0.000105,0.000100,0.000145,0.000142,0.000111,0.000095,0.000100,0.000087,0.000039,0.000050,0.000056,0.000094,0.000074,0.000068,0.000067,0.000049,0.000044,0.000056,0.000077,0.000059,0.000036,0.000042,0.000037,0.000035,0.000009,0.000009,0.000020,0.000049
729,,,,,,,,,,,,,,0.000010,0.000159,0.000223,0.000211,0.000185,0.000198,0.000108,0.000144,0.000167,0.000173,0.000146,0.000205,0.000193,0.000146,0.000104,0.000133,0.000126,0.000146,0.000327,0.000098,0.000152,0.000158,0.000176,0.000166,0.000130,0.000123,0.000061,0.000079,0.000064,0.000038,0.000051,0.000054,0.000060,0.000005,0.000008,0.000103,0.000073
730,,,,,,,,,,,,,,0.000005,0.000085,0.000097,0.000165,0.000090,0.000115,0.000063,0.000099,0.000087,0.000095,0.000083,0.000124,0.000155,0.000133,0.000118,0.000138,0.000089,0.000051,0.000094,0.000079,0.000076,0.000089,0.000079,0.000042,0.000043,0.000047,0.000063,0.000128,0.000206,0.000070,0.000072,0.000077,0.000068,0.000014,0.000013,0.000040,0.000057
731,,,,,,,,,,,,,,0.000006,0.000080,0.000081,0.000066,0.000065,0.000071,0.000046,0.000077,0.000075,0.000085,0.000075,0.000081,0.000094,0.000093,0.000072,0.000085,0.000092,0.000049,0.000084,0.000064,0.000074,0.000103,0.000109,0.000053,0.000048,0.000034,0.000031,0.000057,0.000081,0.000081,0.000049,0.000063,0.000091,0.000014,0.000007,0.000045,0.000047
732,,,,,,,,,,,,,,0.000004,0.000044,0.000030,0.000029,0.000028,0.000037,0.000054,0.000039,0.000032,0.000035,0.000078,0.000066,0.000075,0.000080,0.000138,0.000177,0.000153,0.000084,0.000151,0.000204,0.000213,0.000171,0.000190,0.000088,0.000093,0.000049,0.000052,0.000142,0.000138,0.000073,0.000061,0.000054,0.000070,0.000013,0.000009,0.000043,0.000033
733,,,,,,,,,,,,,,0.000009,0.000160,0.000100,0.000109,0.000136,0.000255,0.000156,0.000209,0.000177,0.000164,0.000159,0.000200,0.000206,0.000173,0.000125,0.000143,0.000091,0.000059,0.000073,0.000060,0.000091,0.000103,0.000223,0.000205,0.000157,0.000045,0.000034,0.000064,0.000055,0.000032,0.000056,0.000056,0.000046,0.000008,0.000006,0.000036,0.000065
734,,,,,,,,,,,,,,0.000016,0.000156,0.000117,0.000097,0.000098,0.000113,0.000097,0.000120,0.000108,0.000095,0.000079,0.000102,0.000075,0.000076,0.000043,0.000022,0.000072,0.000034,0.000059,0.000056,0.000095,0.000127,0.000112,0.000050,0.000043,0.000035,0.000030,0.000054,0.000061,0.000038,0.000046,0.000060,0.000065,0.000014,0.000024,0.000278,0.000314
735,,,,,,,,,,,,,,0.000005,0.000100,0.000047,0.000035,0.000031,0.000047,0.000033,0.000046,0.000043,0.000032,0.000029,0.000049,0.000056,0.000058,0.000062,0.000111,0.000083,0.000037,0.000042,0.000035,0.000039,0.000035,0.000041,0.000025,0.000035,0.000020,0.000016,0.000030,0.000046,0.000034,0.000032,0.000029,0.000033,0.000014,0.000022,0.000074,0.000084
736,,,,,,,,,,,,,,0.000004,0.000140,0.000077,0.000067,0.000057,0.000073,0.000053,0.000051,0.000067,0.000040,0.000037,0.000063,0.000095,0.000085,0.000066,0.000088,0.000058,0.000042,0.000071,0.000068,0.000104,0.000082,0.000088,0.000055,0.000050,0.000059,0.000044,0.000191,0.000177,0.000073,0.000063,0.000066,0.000074,0.000011,0.000009,0.000028,0.000026
737,,,,,,,,,,,,,,0.000004,0.000068,0.000052,0.000033,0.000038,0.000061,0.000051,0.000071,0.000074,0.000057,0.000052,0.000059,0.000079,0.000082,0.000052,0.000077,0.000057,0.000037,0.000114,0.000114,0.000201,0.000284,0.000250,0.000095,0.000062,0.000093,0.000039,0.000072,0.000075,0.000044,0.000046,0.000041,0.000045,0.000011,0.000008,0.000045,0.000060
738,,,,,,,,,,,,,,0.000004,0.000055,0.000041,0.000043,0.000043,0.000055,0.000041,0.000068,0.000069,0.000076,0.000078,0.000087,0.000087,0.000082,0.000101,0.000143,0.000112,0.000083,0.000126,0.000173,0.000209,0.000257,0.000183,0.000051,0.000035,0.000051,0.000021,0.000032,0.000029,0.000020,0.000023,0.000021,0.000018,0.000005,0.000004,0.000020,0.000064
739,,,,,,,,,,,,,,0.000014,0.000148,0.000090,0.000073,0.000068,0.000093,0.000087,0.000131,0.000116,0.000119,0.000144,0.000176,0.000150,0.000147,0.000177,0.000188,0.000234,0.000079,0.000157,0.000104,0.000124,0.000118,0.000071,0.000040,0.000034,0.000028,0.000044,0.000096,0.000138,0.000175,0.000348,0.000300,0.000199,0.000011,0.000007,0.000045,0.000072
740,,,,,,,,,,,,,,0.000004,0.000061,0.000040,0.000049,0.000049,0.000087,0.000059,0.000065,0.000081,0.000069,0.000046,0.000062,0.000062,0.000073,0.000062,0.000073,0.000076,0.000058,0.000081,0.000061,0.000059,0.000065,0.000056,0.000039,0.000048,0.000061,0.000035,0.000083,0.000091,0.000026,0.000030,0.000035,0.000035,0.000006,0.000007,0.000030,0.000038
741,,,,,,,,,,,,,,0.000009,0.000130,0.000066,0.000054,0.000056,0.000080,0.000071,0.000082,0.000066,0.000080,0.000104,0.000227,0.000272,0.000294,0.000275,0.000244,0.000186,0.000136,0.000246,0.000098,0.000083,0.000180,0.000208,0.000085,0.000093,0.000075,0.000033,0.000053,0.000047,0.000038,0.000033,0.000038,0.000040,0.000011,0.000011,0.000050,0.000089
742,,,,,,,,,,,,,,0.000019,0.000253,0.000265,0.000245,0.000171,0.000211,0.000170,0.000281,0.000358,0.000331,0.000286,0.000369,0.000371,0.000375,0.000285,0.000300,0.000218,0.000081,0.000123,0.000065,0.000094,0.000117,0.000110,0.000046,0.000042,0.000032,0.000031,0.000062,0.000052,0.000033,0.000052,0.000050,0.000058,0.000006,0.000006,0.000093,0.000222
743,,,,,,,,,,,,,,0.000006,0.000088,0.000100,0.000076,0.000084,0.000147,0.000110,0.000194,0.000224,0.000213,0.000194,0.000283,0.000285,0.000251,0.000165,0.000189,0.000151,0.000069,0.000094,0.000051,0.000091,0.000144,0.000305,0.000142,0.000091,0.000049,0.000031,0.000054,0.000054,0.000049,0.000035,0.000037,0.000030,0.000005,0.000005,0.000032,0.000047
744,,,,,,,,,,,,,,0.000006,0.000067,0.000074,0.000211,0.000281,0.000519,0.000224,0.000249,0.000197,0.000132,0.000112,0.000125,0.000128,0.000097,0.000087,0.000100,0.000069,0.000073,0.000053,0.000041,0.000045,0.000045,0.000039,0.000042,0.000041,0.000034,0.000032,0.000042,0.000039,0.000035,0.000091,0.000065,0.000061,0.000016,0.000014,0.000061,0.000065
745,,,,,,,,,,,,,,0.000009,0.000216,0.000173,0.000160,0.000186,0.000231,0.000129,0.000195,0.000229,0.000281,0.000271,0.000421,0.000416,0.000358,0.000510,0.000307,0.000208,0.000054,0.000087,0.000065,0.000105,0.000189,0.000256,0.000121,0.000102,0.000042,0.000031,0.000074,0.000071,0.000041,0.000061,0.000060,0.000066,0.000012,0.000007,0.000033,0.000039
746,,,,,,,,,,,,,,0.000003,0.000038,0.000043,0.000037,0.000034,0.000054,0.000073,0.000085,0.000117,0.000146,0.000218,0.000210,0.000219,0.000193,0.000126,0.000115,0.000086,0.000047,0.000064,0.000052,0.000055,0.000074,0.000107,0.000032,0.000021,0.000032,0.000023,0.000034,0.000040,0.000077,0.000069,0.000073,0.000073,0.000024,0.000017,0.000068,0.000046
747,,,,,,,,,,,,,,0.000009,0.000097,0.000084,0.000057,0.000052,0.000070,0.000053,0.000060,0.000069,0.000036,0.000078,0.000063,0.000065,0.000063,0.000064,0.000044,0.000030,0.000095,0.000100,0.000090,0.000371,0.000423,0.000307,0.000098,0.000092,0.000066,0.000040,0.000063,0.000059,0.000037,0.000041,0.000039,0.000053,0.000008,0.000006,0.000027,0.000037
748,,,,,,,,,,,,,,0.000007,0.000141,0.000094,0.000080,0.000066,0.000092,0.000084,0.000103,0.000098,0.000080,0.000077,0.000113,0.000097,0.000082,0.000076,0.000090,0.000079,0.000064,0.000090,0.000054,0.000120,0.000091,0.000063,0.000038,0.000068,0.000084,0.000039,0.000064,0.000058,0.000031,0.000031,0.000050,0.000103,0.000011,0.000007,0.000037,0.000058
749,,,,,,,,,,,,,,0.000004,0.000074,0.000060,0.000060,0.000062,0.000089,0.000045,0.000066,0.000070,0.000067,0.000078,0.000101,0.000085,0.000089,0.000096,0.000111,0.000103,0.000061,0.000063,0.000041,0.000089,0.000091,0.000077,0.000109,0.000051,0.000045,0.000035,0.000048,0.000043,0.000031,0.000055,0.000034,0.000028,0.000007,0.000007,0.000027,0.000047
750,,,,,,,,,,,,,,0.000003,0.000026,0.000020,0.000021,0.000022,0.000023,0.000055,0.000062,0.000032,0.000034,0.000032,0.000035,0.000036,0.000121,0.000074,0.000102,0.000044,0.000059,0.000058,0.000057,0.000059,0.000085,0.000114,0.000066,0.000089,0.000064,0.000073,0.000137,0.000137,0.000067,0.000059,0.000046,0.000041,0.000009,0.000008,0.000048,0.000065
751,,,,,,,,,,,,,,0.000006,0.000097,0.000063,0.000058,0.000066,0.000103,0.000071,0.000098,0.000085,0.000054,0.000045,0.000064,0.000070,0.000066,0.000049,0.000093,0.000085,0.000057,0.000109,0.000077,0.000129,0.000103,0.000087,0.000048,0.000032,0.000042,0.000020,0.000039,0.000042,0.000063,0.000061,0.000084,0.000110,0.000016,0.000008,0.000021,0.000049
752,,,,,,,,,,,,,,0.000004,0.000072,0.000058,0.000040,0.000096,0.000114,0.000123,0.000189,0.000071,0.000056,0.000043,0.000062,0.000062,0.000065,0.000068,0.000079,0.000076,0.000049,0.000072,0.000062,0.000096,0.000068,0.000054,0.000022,0.000045,0.000028,0.000036,0.000057,0.000048,0.000030,0.000045,0.000034,0.000030,0.000005,0.000007,0.000046,0.000058
753,,,,,,,,,,,,,,0.000012,0.000191,0.000133,0.000141,0.000254,0.000376,0.000251,0.000127,0.000130,0.000113,0.000088,0.000115,0.000102,0.000110,0.000083,0.000104,0.000069,0.000084,0.000190,0.000158,0.000213,0.000166,0.000129,0.000039,0.000032,0.000032,0.000025,0.000099,0.000111,0.000048,0.000045,0.000042,0.000045,0.000009,0.000007,0.000032,0.000039
754,,,,,,,,,,,,,,0.000006,0.000127,0.000082,0.000074,0.000080,0.000190,0.000087,0.000068,0.000088,0.000048,0.000104,0.000106,0.000142,0.000139,0.000123,0.000195,0.000232,0.000221,0.000498,0.000560,0.000673,0.000559,0.000460,0.000127,0.000082,0.000050,0.000046,0.000075,0.000087,0.000072,0.000077,0.000064,0.000047,0.000011,0.000008,0.000032,0.000049
755,,,,,,,,,,,,,,0.000004,0.000042,0.000045,0.000051,0.000057,0.000077,0.000055,0.000069,0.000063,0.000060,0.000059,0.000088,0.000080,0.000088,0.000077,0.000055,0.000059,0.000063,0.000174,0.000226,0.000295,0.000212,0.000150,0.000048,0.000033,0.000027,0.000020,0.000032,0.000027,0.000026,0.000039,0.000039,0.000035,0.000006,0.000005,0.000032,0.000039
756,,,,,,,,,,,,,,0.000008,0.000075,0.000038,0.000033,0.000032,0.000054,0.000040,0.000033,0.000052,0.000050,0.000061,0.000115,0.000145,0.000138,0.000145,0.000158,0.000088,0.000030,0.000072,0.000046,0.000074,0.000078,0.000071,0.000026,0.000023,0.000024,0.000024,0.000063,0.000066,0.000047,0.000070,0.000093,0.000118,0.000014,0.000009,0.000034,0.000052
757,,,,,,,,,,,,,,0.000003,0.000033,0.000037,0.000062,0.000093,0.000161,0.000172,0.000212,0.000205,0.000220,0.000224,0.000392,0.000449,0.000500,0.000490,0.000503,0.000511,0.000169,0.000346,0.000186,0.000152,0.000185,0.000127,0.000052,0.000049,0.000038,0.000034,0.000062,0.000069,0.000045,0.000052,0.000030,0.000028,0.000005,0.000004,0.000028,0.000032
758,,,,,,,,,,,,,,0.000015,0.000263,0.000205,0.000200,0.000155,0.000158,0.000096,0.000092,0.000097,0.000078,0.000057,0.000067,0.000066,0.000083,0.000074,0.000102,0.000135,0.000071,0.000069,0.000052,0.000115,0.000099,0.000068,0.000032,0.000026,0.000035,0.000032,0.000049,0.000094,0.000110,0.000188,0.000210,0.000186,0.000019,0.000013,0.000083,0.000151
759,,,,,,,,,,,,,,0.000004,0.000079,0.000118,0.000236,0.000273,0.000428,0.000246,0.000290,0.000260,0.000209,0.000130,0.000174,0.000153,0.000139,0.000107,0.000147,0.000163,0.000075,0.000141,0.000067,0.000072,0.000081,0.000091,0.000038,0.000044,0.000044,0.000095,0.000223,0.000245,0.000112,0.000073,0.000078,0.000069,0.000009,0.000007,0.000040,0.000044
760,,,,,,,,,,,,,,0.000014,0.000142,0.000135,0.000111,0.000107,0.000175,0.000142,0.000160,0.000160,0.000124,0.000095,0.000131,0.000130,0.000090,0.000117,0.000130,0.000213,0.000070,0.000125,0.000161,0.000101,0.000072,0.000068,0.000061,0.000043,0.000022,0.000022,0.000038,0.000120,0.000037,0.000041,0.000061,0.000063,0.000008,0.000006,0.000052,0.000089
761,,,,,,,,,,,,,,0.000003,0.000041,0.000036,0.000024,0.000035,0.000040,0.000029,0.000029,0.000041,0.000030,0.000019,0.000051,0.000018,0.000030,0.000055,0.000070,0.000044,0.000037,0.000055,0.000042,0.000082,0.000105,0.000080,0.000060,0.000103,0.000130,0.000103,0.000143,0.000121,0.000069,0.000106,0.000092,0.000087,0.000023,0.000021,0.000075,0.000066
762,,,,,,,,,,,,,,0.000003,0.000046,0.000034,0.000037,0.000044,0.000052,0.000088,0.000138,0.000159,0.000098,0.000069,0.000086,0.000079,0.000062,0.000062,0.000067,0.000042,0.000029,0.000048,0.000031,0.000020,0.000036,0.000031,0.000020,0.000016,0.000016,0.000018,0.000029,0.000070,0.000050,0.000080,0.000088,0.000110,0.000016,0.000007,0.000021,0.000030
763,,,,,,,,,,,,,,0.000006,0.000138,0.000077,0.000080,0.000135,0.000242,0.000199,0.000182,0.000164,0.000169,0.000149,0.000213,0.000160,0.000124,0.000101,0.000095,0.000087,0.000078,0.000063,0.000071,0.000092,0.000092,0.000086,0.000041,0.000043,0.000042,0.000036,0.000065,0.000073,0.000049,0.000066,0.000055,0.000051,0.000011,0.000010,0.000037,0.000050
764,,,,,,,,,,,,,,0.000005,0.000074,0.000054,0.000046,0.000033,0.000032,0.000078,0.000090,0.000069,0.000063,0.000056,0.000080,0.000103,0.000099,0.000085,0.000094,0.000067,0.000049,0.000085,0.000091,0.000140,0.000242,0.000407,0.000171,0.000113,0.000065,0.000051,0.000181,0.000190,0.000078,0.000075,0.000059,0.000055,0.000008,0.000006,0.000036,0.000074
765,,,,,,,,,,,,,,0.000005,0.000073,0.000058,0.000054,0.000047,0.000061,0.000061,0.000067,0.000075,0.000084,0.000091,0.000134,0.000167,0.000197,0.000195,0.000254,0.000261,0.000114,0.000229,0.000161,0.000246,0.000335,0.000417,0.000139,0.000094,0.000051,0.000041,0.000079,0.000065,0.000043,0.000067,0.000056,0.000042,0.000004,0.000004,0.000035,0.000063
766,,,,,,,,,,,,,,0.000006,0.000079,0.000062,0.000071,0.000090,0.000248,0.000281,0.000518,0.000748,0.000867,0.000821,0.001312,0.001395,0.001467,0.001052,0.000940,0.000680,0.000203,0.000279,0.000159,0.000207,0.000194,0.000182,0.000091,0.000098,0.000054,0.000027,0.000054,0.000038,0.000038,0.000037,0.000029,0.000028,0.000011,0.000008,0.000056,0.000054
767,,,,,,,,,,,,,,0.000005,0.000095,0.000080,0.000057,0.000053,0.000059,0.000084,0.000088,0.000071,0.000078,0.000098,0.000127,0.000121,0.000123,0.000123,0.000214,0.000282,0.000163,0.000328,0.000215,0.000290,0.000257,0.000194,0.000061,0.000054,0.000041,0.000037,0.000072,0.000104,0.000091,0.000152,0.000155,0.000162,0.000013,0.000009,0.000046,0.000053
768,,,,,,,,,,,,,,0.000011,0.000129,0.000110,0.000083,0.000103,0.000189,0.000140,0.000115,0.000120,0.000102,0.000082,0.000114,0.000119,0.000147,0.000158,0.000206,0.000206,0.000063,0.000059,0.000046,0.000067,0.000078,0.000073,0.000080,0.000039,0.000031,0.000040,0.000156,0.000146,0.000063,0.000084,0.000077,0.000062,0.000011,0.000011,0.000042,0.000044
769,,,,,,,,,,,,,,0.000006,0.000113,0.000084,0.000080,0.000082,0.000099,0.000050,0.000058,0.000065,0.000062,0.000084,0.000094,0.000063,0.000058,0.000131,0.000345,0.000378,0.000129,0.000158,0.000071,0.000131,0.000148,0.000105,0.000039,0.000024,0.000024,0.000027,0.000056,0.000052,0.000038,0.000064,0.000104,0.000075,0.000011,0.000010,0.000042,0.000064
770,,,,,,,,,,,,,,0.000005,0.000082,0.000064,0.000067,0.000071,0.000095,0.000084,0.000072,0.000067,0.000040,0.000040,0.000051,0.000035,0.000026,0.000038,0.000046,0.000068,0.000042,0.000054,0.000038,0.000044,0.000032,0.000045,0.000024,0.000052,0.000065,0.000047,0.000068,0.000048,0.000034,0.000087,0.000062,0.000049,0.000008,0.000008,0.000027,0.000046
771,,,,,,,,,,,,,,0.000005,0.000065,0.000063,0.000045,0.000049,0.000087,0.000099,0.000216,0.000327,0.000376,0.000325,0.000536,0.000517,0.000343,0.000204,0.000144,0.000106,0.000047,0.000057,0.000041,0.000053,0.000061,0.000056,0.000040,0.000035,0.000030,0.000036,0.000082,0.000065,0.000034,0.000037,0.000031,0.000027,0.000005,0.000005,0.000025,0.000031
772,,,,,,,,,,,,,,0.000005,0.000090,0.000072,0.000068,0.000067,0.000094,0.000073,0.000075,0.000104,0.000112,0.000101,0.000150,0.000169,0.000176,0.000204,0.000292,0.000368,0.000092,0.000153,0.000088,0.000136,0.000247,0.000405,0.000311,0.000161,0.000060,0.000047,0.000075,0.000062,0.000049,0.000056,0.000050,0.000045,0.000009,0.000007,0.000038,0.000052
773,,,,,,,,,,,,,,0.000004,0.000060,0.000052,0.000044,0.000034,0.000022,0.000028,0.000041,0.000044,0.000063,0.000062,0.000092,0.000087,0.000096,0.000109,0.000113,0.000070,0.000056,0.000066,0.000046,0.000098,0.000244,0.000309,0.000124,0.000076,0.000053,0.000031,0.000069,0.000081,0.000170,0.000047,0.000047,0.000049,0.000007,0.000006,0.000020,0.000024
774,,,,,,,,,,,,,,0.000008,0.000060,0.000029,0.000094,0.000118,0.000474,0.000436,0.000674,0.000810,0.000840,0.000721,0.000881,0.000766,0.000650,0.000466,0.000403,0.000273,0.000107,0.000096,0.000073,0.000057,0.000067,0.000064,0.000023,0.000056,0.000029,0.000049,0.000053,0.000077,0.000087,0.000083,0.000087,0.000097,0.000021,0.000020,0.000068,0.000108
775,,,,,,,,,,,,,,0.000009,0.000087,0.000073,0.000071,0.000055,0.000075,0.000050,0.000072,0.000062,0.000076,0.000078,0.000114,0.000102,0.000083,0.000077,0.000090,0.000113,0.000106,0.000075,0.000059,0.000055,0.000082,0.000067,0.000028,0.000039,0.000033,0.000030,0.000036,0.000048,0.000035,0.000051,0.000046,0.000038,0.000006,0.000007,0.000031,0.000032
776,,,,,,,,,,,,,,0.000009,0.000170,0.000102,0.000090,0.000092,0.000106,0.000076,0.000132,0.000139,0.000104,0.000111,0.000230,0.000300,0.000367,0.000372,0.000417,0.000336,0.000115,0.000155,0.000095,0.000130,0.000143,0.000146,0.000068,0.000063,0.000035,0.000038,0.000061,0.000068,0.000050,0.000063,0.000054,0.000059,0.000010,0.000007,0.000030,0.000042
777,,,,,,,,,,,,,,0.000006,0.000403,0.000428,0.000287,0.000170,0.000197,0.000120,0.000157,0.000166,0.000228,0.000247,0.000357,0.000316,0.000252,0.000218,0.000175,0.000172,0.000071,0.000085,0.000090,0.000090,0.000095,0.000097,0.000037,0.000038,0.000055,0.000032,0.000088,0.000129,0.000096,0.000097,0.000090,0.000097,0.000015,0.000007,0.000030,0.000038
778,,,,,,,,,,,,,,0.000006,0.000155,0.000102,0.000090,0.000086,0.000192,0.000119,0.000140,0.000142,0.000111,0.000080,0.000095,0.000094,0.000083,0.000066,0.000072,0.000064,0.000036,0.000047,0.000041,0.000042,0.000032,0.000029,0.000021,0.000019,0.000031,0.000035,0.000125,0.000121,0.000048,0.000050,0.000040,0.000041,0.000008,0.000010,0.000042,0.000080
779,,,,,,,,,,,,,,0.000008,0.000194,0.000262,0.000208,0.000138,0.000179,0.000115,0.000139,0.000120,0.000106,0.000087,0.000095,0.000116,0.000092,0.000078,0.000098,0.000072,0.000102,0.000065,0.000046,0.000079,0.000064,0.000059,0.000050,0.000041,0.000030,0.000029,0.000080,0.000068,0.000056,0.000153,0.000150,0.000231,0.000020,0.000007,0.000031,0.000027
780,,,,,,,,,,,,,,0.000005,0.000070,0.000067,0.000069,0.000075,0.000098,0.000078,0.000105,0.000111,0.000123,0.000110,0.000159,0.000162,0.000152,0.000122,0.000140,0.000130,0.000053,0.000094,0.000083,0.000110,0.000118,0.000113,0.000051,0.000048,0.000034,0.000027,0.000060,0.000069,0.000041,0.000057,0.000049,0.000051,0.000008,0.000007,0.000031,0.000038
781,,,,,,,,,,,,,,0.000008,0.000074,0.000070,0.000075,0.000090,0.000159,0.000154,0.000252,0.000265,0.000176,0.000123,0.000142,0.000131,0.000102,0.000082,0.000113,0.000111,0.000054,0.000098,0.000164,0.000202,0.000209,0.000096,0.000028,0.000033,0.000027,0.000028,0.000055,0.000110,0.000065,0.000059,0.000055,0.000077,0.000012,0.000009,0.000092,0.000127
782,,,,,,,,,,,,,,0.000008,0.000209,0.000343,0.000310,0.000241,0.000274,0.000169,0.000194,0.000381,0.000231,0.000195,0.000286,0.000272,0.000229,0.000163,0.000158,0.000154,0.000074,0.000128,0.000084,0.000100,0.000108,0.000082,0.000040,0.000039,0.000027,0.000033,0.000040,0.000043,0.000028,0.000039,0.000054,0.000039,0.000012,0.000008,0.000032,0.000037
783,,,,,,,,,,,,,,0.000017,0.000222,0.000180,0.000143,0.000137,0.000152,0.000079,0.000127,0.000104,0.000100,0.000095,0.000095,0.000068,0.000079,0.000080,0.000086,0.000059,0.000049,0.000043,0.000042,0.000063,0.000068,0.000106,0.000059,0.000094,0.000058,0.000077,0.000080,0.000068,0.000035,0.000039,0.000044,0.000054,0.000009,0.000009,0.000039,0.000087
784,,,,,,,,,,,,,,0.000007,0.000091,0.000088,0.000080,0.000065,0.000106,0.000077,0.000108,0.000085,0.000070,0.000088,0.000117,0.000098,0.000112,0.000081,0.000093,0.000126,0.000052,0.000108,0.000063,0.000089,0.000136,0.000162,0.000087,0.000050,0.000036,0.000030,0.000071,0.000073,0.000038,0.000044,0.000044,0.000034,0.000015,0.000016,0.000086,0.000082
785,,,,,,,,,,,,,,0.000007,0.000214,0.000242,0.000171,0.000123,0.000183,0.000137,0.000195,0.000215,0.000195,0.000139,0.000208,0.000185,0.000148,0.000114,0.000107,0.000107,0.000039,0.000127,0.000087,0.000095,0.000099,0.000125,0.000041,0.000026,0.000020,0.000018,0.000041,0.000054,0.000034,0.000053,0.000031,0.000032,0.000006,0.000005,0.000018,0.000031
786,,,,,,,,,,,,,,0.000005,0.000065,0.000059,0.000036,0.000044,0.000050,0.000122,0.000087,0.000082,0.000127,0.000132,0.000259,0.000372,0.000528,0.000597,0.000708,0.000585,0.000215,0.000251,0.000144,0.000128,0.000121,0.000118,0.000055,0.000031,0.000021,0.000020,0.000028,0.000043,0.000084,0.000145,0.000056,0.000059,0.000015,0.000016,0.000054,0.000074
787,,,,,,,,,,,,,,0.000014,0.000184,0.000213,0.000128,0.000120,0.000142,0.000102,0.000162,0.000172,0.000097,0.000088,0.000137,0.000111,0.000114,0.000097,0.000107,0.000088,0.000034,0.000071,0.000050,0.000079,0.000086,0.000101,0.000062,0.000048,0.000041,0.000033,0.000061,0.000056,0.000038,0.000056,0.000044,0.000046,0.000005,0.000004,0.000022,0.000044
788,,,,,,,,,,,,,,0.000005,0.000064,0.000058,0.000037,0.000037,0.000047,0.000052,0.000058,0.000058,0.000047,0.000065,0.000103,0.000094,0.000090,0.000258,0.000154,0.000129,0.000067,0.000235,0.000149,0.000142,0.000142,0.000114,0.000065,0.000059,0.000028,0.000027,0.000054,0.000058,0.000051,0.000055,0.000042,0.000038,0.000010,0.000006,0.000025,0.000033
789,,,,,,,,,,,,,,0.000006,0.000100,0.000076,0.000078,0.000099,0.000122,0.000091,0.000083,0.000084,0.000069,0.000094,0.000123,0.000118,0.000103,0.000066,0.000095,0.000060,0.000026,0.000051,0.000043,0.000066,0.000067,0.000080,0.000058,0.000047,0.000043,0.000044,0.000104,0.000089,0.000056,0.000068,0.000056,0.000127,0.000011,0.000012,0.000041,0.000046
790,,,,,,,,,,,,,,0.000007,0.000123,0.000089,0.000072,0.000044,0.000059,0.000051,0.000045,0.000032,0.000039,0.000048,0.000042,0.000052,0.000057,0.000068,0.000093,0.000112,0.000071,0.000075,0.000054,0.000058,0.000092,0.000089,0.000046,0.000042,0.000033,0.000028,0.000037,0.000044,0.000030,0.000075,0.000044,0.000038,0.000012,0.000012,0.000031,0.000047
791,,,,,,,,,,,,,,0.000004,0.000063,0.000045,0.000055,0.000065,0.000121,0.000126,0.000272,0.000341,0.000357,0.000274,0.000473,0.000356,0.000323,0.000298,0.000388,0.000334,0.000100,0.000161,0.000084,0.000109,0.000150,0.000145,0.000086,0.000041,0.000028,0.000030,0.000045,0.000038,0.000063,0.000107,0.000123,0.000045,0.000013,0.000015,0.000055,0.000047
792,,,,,,,,,,,,,,0.000006,0.000101,0.000071,0.000067,0.000061,0.000106,0.000099,0.000181,0.000254,0.000242,0.000210,0.000313,0.000373,0.000398,0.000333,0.000348,0.000302,0.000125,0.000189,0.000099,0.000127,0.000134,0.000118,0.000042,0.000036,0.000025,0.000024,0.000047,0.000038,0.000021,0.000025,0.000024,0.000029,0.000009,0.000006,0.000046,0.000059
793,,,,,,,,,,,,,,0.000011,0.000185,0.000181,0.000117,0.000095,0.000105,0.000077,0.000088,0.000094,0.000085,0.000071,0.000116,0.000109,0.000096,0.000087,0.000109,0.000108,0.000054,0.000080,0.000048,0.000063,0.000083,0.000145,0.000141,0.000109,0.000062,0.000044,0.000071,0.000052,0.000032,0.000026,0.000020,0.000019,0.000007,0.000008,0.000025,0.000048
794,,,,,,,,,,,,,,0.000005,0.000068,0.000072,0.000088,0.000095,0.000162,0.000116,0.000139,0.000136,0.000122,0.000123,0.000128,0.000123,0.000098,0.000076,0.000098,0.000096,0.000034,0.000061,0.000034,0.000052,0.000079,0.000061,0.000037,0.000031,0.000023,0.000024,0.000045,0.000051,0.000060,0.000215,0.000126,0.000065,0.000006,0.000005,0.000022,0.000041
795,,,,,,,,,,,,,,0.000008,0.000205,0.000226,0.000173,0.000139,0.000172,0.000102,0.000129,0.000122,0.000106,0.000085,0.000098,0.000097,0.000091,0.000071,0.000066,0.000076,0.000037,0.000066,0.000051,0.000138,0.000110,0.000099,0.000036,0.000035,0.000027,0.000019,0.000035,0.000046,0.000028,0.000046,0.000074,0.000062,0.000007,0.000006,0.000050,0.000104
796,,,,,,,,,,,,,,0.000012,0.000160,0.000159,0.000160,0.000178,0.000273,0.000210,0.000291,0.000347,0.000349,0.000307,0.000475,0.000474,0.000452,0.000347,0.000380,0.000380,0.000143,0.000273,0.000248,0.000535,0.000766,0.000771,0.000249,0.000138,0.000074,0.000064,0.000117,0.000104,0.000052,0.000074,0.000073,0.000078,0.000007,0.000004,0.000052,0.000094
797,,,,,,,,,,,,,,0.000008,0.000147,0.000112,0.000118,0.000098,0.000125,0.000108,0.000094,0.000121,0.000085,0.000077,0.000177,0.000153,0.000136,0.000142,0.000121,0.000118,0.000063,0.000132,0.000187,0.000335,0.000629,0.000449,0.000122,0.000077,0.000062,0.000066,0.000112,0.000074,0.000063,0.000061,0.000051,0.000068,0.000015,0.000013,0.000067,0.000096
798,,,,,,,,,,,,,,0.000003,0.000043,0.000051,0.000064,0.000081,0.000132,0.000090,0.000135,0.000121,0.000122,0.000115,0.000173,0.000187,0.000162,0.000137,0.000146,0.000140,0.000055,0.000099,0.000058,0.000076,0.000117,0.000154,0.000103,0.000130,0.000108,0.000091,0.000154,0.000125,0.000062,0.000089,0.000069,0.000057,0.000005,0.000004,0.000028,0.000038
799,,,,,,,,,,,,,,0.000015,0.000194,0.000151,0.000112,0.000093,0.000122,0.000074,0.000109,0.000077,0.000066,0.000073,0.000076,0.000072,0.000058,0.000074,0.000073,0.000082,0.000066,0.000117,0.000076,0.000077,0.000066,0.000064,0.000035,0.000039,0.000034,0.000027,0.000045,0.000046,0.000039,0.000057,0.000065,0.000069,0.000013,0.000007,0.000030,0.000047
800,,,,,,,,,,,,,,0.000005,0.000074,0.000072,0.000077,0.000069,0.000084,0.000084,0.000078,0.000061,0.000065,0.000046,0.000065,0.000037,0.000047,0.000066,0.000077,0.000080,0.000056,0.000053,0.000042,0.000043,0.000064,0.000053,0.000028,0.000033,0.000032,0.000034,0.000121,0.000209,0.000237,0.000288,0.000209,0.000146,0.000015,0.000009,0.000023,0.000034
801,,,,,,,,,,,,,,0.000002,0.000037,0.000034,0.000032,0.000029,0.000043,0.000035,0.000043,0.000043,0.000052,0.000050,0.000076,0.000061,0.000057,0.000058,0.000048,0.000051,0.000025,0.000042,0.000038,0.000055,0.000061,0.000055,0.000024,0.000023,0.000023,0.000020,0.000041,0.000038,0.000026,0.000028,0.000022,0.000028,0.000005,0.000003,0.000015,0.000018
802,,,,,,,,,,,,,,0.000006,0.000100,0.000101,0.000107,0.000106,0.000132,0.000164,0.000159,0.000157,0.000146,0.000109,0.000175,0.000171,0.000157,0.000136,0.000138,0.000136,0.000061,0.000111,0.000089,0.000084,0.000089,0.000065,0.000020,0.000024,0.000020,0.000019,0.000029,0.000039,0.000029,0.000140,0.000081,0.000100,0.000017,0.000009,0.000035,0.000039
803,,,,,,,,,,,,,,0.000003,0.000038,0.000037,0.000025,0.000054,0.000081,0.000066,0.000069,0.000079,0.000092,0.000238,0.000135,0.000117,0.000087,0.000078,0.000081,0.000076,0.000050,0.000043,0.000074,0.000065,0.000053,0.000049,0.000089,0.000031,0.000024,0.000052,0.000039,0.000043,0.000037,0.000037,0.000045,0.000049,0.000009,0.000009,0.000070,0.000042
804,,,,,,,,,,,,,,0.000009,0.000114,0.000070,0.000049,0.000122,0.000062,0.000052,0.000064,0.000026,0.000031,0.000048,0.000033,0.000054,0.000056,0.000047,0.000048,0.000032,0.000031,0.000050,0.000036,0.000045,0.000039,0.000030,0.000027,0.000037,0.000024,0.000023,0.000030,0.000053,0.000037,0.000063,0.000081,0.000099,0.000014,0.000010,0.000039,0.000058
805,,,,,,,,,,,,,,0.000015,0.000417,0.000332,0.000218,0.000159,0.000217,0.000133,0.000117,0.000130,0.000133,0.000090,0.000116,0.000124,0.000139,0.000245,0.000191,0.000228,0.000113,0.000111,0.000071,0.000079,0.000073,0.000074,0.000045,0.000035,0.000033,0.000033,0.000047,0.000047,0.000034,0.000046,0.000088,0.000074,0.000010,0.000007,0.000038,0.000071
806,,,,,,,,,,,,,,0.000004,0.000062,0.000053,0.000072,0.000125,0.000141,0.000206,0.000141,0.000098,0.000073,0.000066,0.000145,0.000137,0.000113,0.000090,0.000113,0.000112,0.000122,0.000097,0.000060,0.000069,0.000098,0.000129,0.000074,0.000116,0.000044,0.000030,0.000060,0.000068,0.000046,0.000057,0.000052,0.000067,0.000010,0.000009,0.000044,0.000056
807,,,,,,,,,,,,,,0.000007,0.000077,0.000056,0.000047,0.000043,0.000064,0.000052,0.000060,0.000052,0.000038,0.000023,0.000068,0.000059,0.000065,0.000061,0.000167,0.000151,0.000077,0.000079,0.000053,0.000058,0.000052,0.000032,0.000024,0.000040,0.000050,0.000071,0.000232,0.000237,0.000163,0.000229,0.000192,0.000213,0.000024,0.000009,0.000043,0.000046
808,,,,,,,,,,,,,,0.000003,0.000043,0.000035,0.000025,0.000030,0.000066,0.000131,0.000129,0.000187,0.000128,0.000092,0.000134,0.000129,0.000088,0.000071,0.000056,0.000057,0.000034,0.000053,0.000044,0.000042,0.000055,0.000048,0.000021,0.000021,0.000022,0.000016,0.000041,0.000086,0.000071,0.000108,0.000028,0.000027,0.000010,0.000009,0.000023,0.000028
809,,,,,,,,,,,,,,0.000005,0.000051,0.000044,0.000027,0.000034,0.000026,0.000074,0.000156,0.000312,0.000326,0.000279,0.000464,0.000445,0.000337,0.000256,0.000166,0.000110,0.000053,0.000058,0.000040,0.000053,0.000052,0.000059,0.000061,0.000060,0.000063,0.000039,0.000025,0.000025,0.000025,0.000029,0.000031,0.000032,0.000018,0.000016,0.000039,0.000054
810,,,,,,,,,,,,,,0.000006,0.000049,0.000036,0.000035,0.000042,0.000082,0.000072,0.000103,0.000131,0.000107,0.000083,0.000102,0.000104,0.000099,0.000061,0.000064,0.000060,0.000030,0.000053,0.000032,0.000097,0.000062,0.000055,0.000044,0.000069,0.000035,0.000031,0.000054,0.000080,0.000072,0.000085,0.000079,0.000103,0.000012,0.000012,0.000092,0.000089
811,,,,,,,,,,,,,,0.000004,0.000080,0.000070,0.000080,0.000066,0.000086,0.000097,0.000164,0.000229,0.000215,0.000154,0.000202,0.000196,0.000204,0.000251,0.000255,0.000267,0.000159,0.000274,0.000156,0.000169,0.000149,0.000122,0.000047,0.000036,0.000029,0.000025,0.000051,0.000057,0.000047,0.000032,0.000044,0.000036,0.000006,0.000005,0.000024,0.000034
812,,,,,,,,,,,,,,0.000005,0.000066,0.000049,0.000046,0.000085,0.000063,0.000051,0.000076,0.000077,0.000070,0.000063,0.000082,0.000065,0.000056,0.000056,0.000073,0.000048,0.000033,0.000037,0.000040,0.000124,0.000096,0.000089,0.000063,0.000090,0.000110,0.000057,0.000081,0.000051,0.000034,0.000032,0.000036,0.000050,0.000008,0.000007,0.000037,0.000068
813,,,,,,,,,,,,,,0.000008,0.000131,0.000125,0.000082,0.000074,0.000087,0.000070,0.000105,0.000095,0.000096,0.000069,0.000146,0.000190,0.000279,0.000334,0.000531,0.000515,0.000247,0.000294,0.000161,0.000199,0.000192,0.000169,0.000056,0.000048,0.000034,0.000024,0.000046,0.000046,0.000030,0.000037,0.000030,0.000021,0.000005,0.000005,0.000022,0.000040
814,,,,,,,,,,,,,,0.000015,0.000141,0.000101,0.000084,0.000068,0.000083,0.000059,0.000071,0.000060,0.000050,0.000047,0.000059,0.000043,0.000039,0.000053,0.000066,0.000053,0.000023,0.000037,0.000016,0.000024,0.000028,0.000033,0.000022,0.000018,0.000027,0.000032,0.000136,0.000226,0.000076,0.000067,0.000068,0.000073,0.000007,0.000007,0.000043,0.000097
815,,,,,,,,,,,,,,0.000003,0.000052,0.000041,0.000051,0.000040,0.000057,0.000052,0.000097,0.000085,0.000092,0.000083,0.000128,0.000131,0.000118,0.000134,0.000263,0.000198,0.000076,0.000113,0.000104,0.000075,0.000083,0.000079,0.000033,0.000029,0.000048,0.000039,0.000065,0.000044,0.000036,0.000031,0.000027,0.000033,0.000008,0.000006,0.000023,0.000033
816,,,,,,,,,,,,,,0.000005,0.000087,0.000072,0.000070,0.000092,0.000238,0.000132,0.000190,0.000235,0.000272,0.000230,0.000360,0.000421,0.000489,0.000291,0.000246,0.000184,0.000067,0.000100,0.000074,0.000067,0.000094,0.000092,0.000048,0.000032,0.000038,0.000056,0.000099,0.000134,0.000071,0.000095,0.000084,0.000072,0.000007,0.000005,0.000034,0.000045
817,,,,,,,,,,,,,,0.000006,0.000109,0.000109,0.000139,0.000137,0.000170,0.000115,0.000097,0.000082,0.000066,0.000048,0.000092,0.000083,0.000076,0.000108,0.000115,0.000092,0.000070,0.000166,0.000203,0.000266,0.000313,0.000342,0.000152,0.000172,0.000103,0.000073,0.000150,0.000189,0.000105,0.000049,0.000054,0.000049,0.000007,0.000011,0.000040,0.000046
818,,,,,,,,,,,,,,0.000007,0.000102,0.000092,0.000078,0.000062,0.000103,0.000066,0.000113,0.000113,0.000113,0.000080,0.000101,0.000117,0.000106,0.000088,0.000098,0.000073,0.000038,0.000069,0.000051,0.000070,0.000086,0.000099,0.000092,0.000055,0.000035,0.000034,0.000070,0.000079,0.000056,0.000113,0.000069,0.000059,0.000008,0.000006,0.000028,0.000043
819,,,,,,,,,,,,,,0.000011,0.000141,0.000135,0.000127,0.000118,0.000201,0.000115,0.000130,0.000126,0.000145,0.000165,0.000275,0.000267,0.000207,0.000112,0.000174,0.000097,0.000069,0.000104,0.000134,0.000195,0.000158,0.000128,0.000051,0.000030,0.000030,0.000040,0.000070,0.000082,0.000053,0.000114,0.000191,0.000271,0.000021,0.000009,0.000051,0.000069
820,,,,,,,,,,,,,,0.000005,0.000075,0.000082,0.000116,0.000114,0.000166,0.000157,0.000303,0.000455,0.000472,0.000380,0.000549,0.000505,0.000448,0.000419,0.000401,0.000452,0.000172,0.000309,0.000165,0.000207,0.000221,0.000208,0.000081,0.000058,0.000035,0.000027,0.000055,0.000056,0.000028,0.000053,0.000053,0.000043,0.000006,0.000004,0.000021,0.000019
821,,,,,,,,,,,,,,0.000010,0.000082,0.000074,0.000074,0.000076,0.000088,0.000063,0.000065,0.000062,0.000079,0.000050,0.000054,0.000043,0.000037,0.000045,0.000083,0.000076,0.000023,0.000022,0.000018,0.000023,0.000023,0.000025,0.000024,0.000029,0.000042,0.000033,0.000051,0.000069,0.000036,0.000057,0.000058,0.000036,0.000014,0.000013,0.000071,0.000092
822,,,,,,,,,,,,,,0.000005,0.000073,0.000065,0.000056,0.000042,0.000040,0.000046,0.000078,0.000055,0.000058,0.000067,0.000062,0.000061,0.000059,0.000064,0.000059,0.000063,0.000029,0.000092,0.000054,0.000084,0.000127,0.000135,0.000051,0.000037,0.000025,0.000026,0.000060,0.000041,0.000035,0.000044,0.000038,0.000040,0.000008,0.000008,0.000055,0.000131
823,,,,,,,,,,,,,,0.000006,0.000087,0.000101,0.000112,0.000125,0.000189,0.000115,0.000147,0.000136,0.000127,0.000115,0.000144,0.000151,0.000112,0.000079,0.000111,0.000076,0.000045,0.000053,0.000061,0.000056,0.000064,0.000064,0.000026,0.000025,0.000020,0.000026,0.000096,0.000118,0.000071,0.000172,0.000122,0.000083,0.000006,0.000004,0.000025,0.000036
824,,,,,,,,,,,,,,0.000003,0.000046,0.000054,0.000060,0.000048,0.000068,0.000067,0.000067,0.000056,0.000053,0.000058,0.000079,0.000074,0.000084,0.000525,0.000168,0.000137,0.000054,0.000084,0.000050,0.000058,0.000087,0.000085,0.000029,0.000055,0.000026,0.000025,0.000050,0.000065,0.000029,0.000040,0.000018,0.000020,0.000005,0.000006,0.000025,0.000042
825,,,,,,,,,,,,,,0.000005,0.000070,0.000066,0.000065,0.000063,0.000079,0.000056,0.000080,0.000068,0.000076,0.000063,0.000079,0.000082,0.000093,0.000084,0.000101,0.000059,0.000029,0.000064,0.000067,0.000074,0.000061,0.000061,0.000028,0.000028,0.000021,0.000018,0.000049,0.000096,0.000108,0.000147,0.000108,0.000076,0.000009,0.000006,0.000036,0.000045
826,,,,,,,,,,,,,,0.000010,0.000217,0.000172,0.000128,0.000112,0.000126,0.000085,0.000094,0.000078,0.000076,0.000056,0.000071,0.000068,0.000085,0.000129,0.000135,0.000112,0.000050,0.000080,0.000079,0.000062,0.000078,0.000084,0.000040,0.000041,0.000032,0.000027,0.000045,0.000035,0.000028,0.000044,0.000053,0.000046,0.000007,0.000005,0.000065,0.000173
827,,,,,,,,,,,,,,0.000006,0.000106,0.000064,0.000067,0.000074,0.000102,0.000070,0.000084,0.000071,0.000079,0.000072,0.000094,0.000083,0.000069,0.000068,0.000054,0.000060,0.000047,0.000056,0.000048,0.000067,0.000076,0.000091,0.000061,0.000066,0.000063,0.000044,0.000073,0.000089,0.000201,0.000070,0.000059,0.000055,0.000008,0.000005,0.000017,0.000031
828,,,,,,,,,,,,,,0.000003,0.000053,0.000073,0.000130,0.000171,0.000383,0.000277,0.000463,0.000320,0.000254,0.000153,0.000186,0.000161,0.000130,0.000102,0.000100,0.000074,0.000026,0.000059,0.000075,0.000209,0.000186,0.000165,0.000062,0.000043,0.000022,0.000024,0.000069,0.000122,0.000040,0.000045,0.000043,0.000050,0.000009,0.000005,0.000027,0.000045
829,,,,,,,,,,,,,,0.000005,0.000073,0.000044,0.000057,0.000078,0.000102,0.000100,0.000131,0.000184,0.000201,0.000172,0.000242,0.000244,0.000417,0.000260,0.000347,0.000295,0.000111,0.000115,0.000065,0.000075,0.000104,0.000106,0.000058,0.000041,0.000035,0.000034,0.000053,0.000051,0.000030,0.000035,0.000028,0.000023,0.000018,0.000011,0.000045,0.000060
830,,,,,,,,,,,,,,0.000010,0.000135,0.000128,0.000108,0.000091,0.000173,0.000239,0.000237,0.000210,0.000224,0.000186,0.000253,0.000277,0.000282,0.000644,0.000487,0.000378,0.000197,0.000185,0.000085,0.000093,0.000073,0.000084,0.000070,0.000100,0.000099,0.000110,0.000183,0.000121,0.000056,0.000076,0.000055,0.000063,0.000012,0.000009,0.000042,0.000052
831,,,,,,,,,,,,,,0.000004,0.000043,0.000025,0.000026,0.000032,0.000027,0.000024,0.000039,0.000024,0.000026,0.000025,0.000026,0.000044,0.000026,0.000056,0.000050,0.000027,0.000045,0.000029,0.000028,0.000027,0.000023,0.000039,0.000036,0.000033,0.000043,0.000042,0.000078,0.000103,0.000073,0.000105,0.000102,0.000089,0.000017,0.000010,0.000040,0.000044
832,,,,,,,,,,,,,,0.000010,0.000183,0.000151,0.000094,0.000074,0.000099,0.000064,0.000072,0.000071,0.000073,0.000053,0.000096,0.000106,0.000138,0.000176,0.000250,0.000248,0.000137,0.000165,0.000091,0.000119,0.000107,0.000098,0.000038,0.000034,0.000025,0.000018,0.000038,0.000031,0.000036,0.000029,0.000023,0.000022,0.000008,0.000006,0.000027,0.000038
833,,,,,,,,,,,,,,0.000003,0.000034,0.000030,0.000033,0.000046,0.000164,0.000218,0.000448,0.000635,0.000762,0.000660,0.000907,0.000882,0.000793,0.000578,0.000491,0.000373,0.000162,0.000214,0.000117,0.000102,0.000096,0.000068,0.000032,0.000045,0.000065,0.000066,0.000126,0.000095,0.000060,0.000096,0.000071,0.000082,0.000011,0.000008,0.000037,0.000032
834,,,,,,,,,,,,,,0.000005,0.000068,0.000053,0.000048,0.000065,0.000129,0.000123,0.000150,0.000124,0.000113,0.000086,0.000125,0.000144,0.000131,0.000093,0.000095,0.000112,0.000062,0.000075,0.000063,0.000079,0.000074,0.000079,0.000075,0.000115,0.000063,0.000049,0.000054,0.000056,0.000043,0.000037,0.000033,0.000044,0.000014,0.000008,0.000035,0.000038
835,,,,,,,,,,,,,,0.000007,0.000150,0.000109,0.000086,0.000079,0.000099,0.000073,0.000095,0.000093,0.000109,0.000144,0.000163,0.000169,0.000140,0.000117,0.000122,0.000224,0.000072,0.000082,0.000052,0.000064,0.000088,0.000080,0.000034,0.000039,0.000029,0.000037,0.000057,0.000055,0.000033,0.000050,0.000045,0.000034,0.000007,0.000005,0.000026,0.000041
836,,,,,,,,,,,,,,0.000007,0.000094,0.000087,0.000088,0.000120,0.000194,0.000181,0.000257,0.000371,0.000342,0.000456,0.000396,0.000360,0.000297,0.000252,0.000377,0.000280,0.000110,0.000170,0.000132,0.000111,0.000143,0.000156,0.000084,0.000047,0.000048,0.000030,0.000043,0.000037,0.000019,0.000019,0.000017,0.000021,0.000013,0.000010,0.000052,0.000068
837,,,,,,,,,,,,,,0.000005,0.000057,0.000040,0.000045,0.000052,0.000067,0.000059,0.000072,0.000074,0.000084,0.000078,0.000112,0.000118,0.000111,0.000082,0.000107,0.000119,0.000058,0.000074,0.000051,0.000065,0.000053,0.000058,0.000029,0.000025,0.000020,0.000025,0.000045,0.000065,0.000056,0.000073,0.000065,0.000046,0.000014,0.000013,0.000078,0.000074
838,,,,,,,,,,,,,,0.000006,0.000069,0.000062,0.000055,0.000049,0.000067,0.000068,0.000104,0.000103,0.000113,0.000313,0.000129,0.000095,0.000092,0.000078,0.000067,0.000060,0.000033,0.000047,0.000033,0.000043,0.000051,0.000054,0.000026,0.000025,0.000029,0.000018,0.000024,0.000029,0.000044,0.000098,0.000154,0.000184,0.000014,0.000006,0.000030,0.000032
839,,,,,,,,,,,,,,0.000008,0.000090,0.000095,0.000086,0.000087,0.000114,0.000084,0.000094,0.000106,0.000112,0.000097,0.000146,0.000129,0.000121,0.000107,0.000102,0.000092,0.000050,0.000079,0.000056,0.000053,0.000063,0.000082,0.000065,0.000082,0.000046,0.000056,0.000084,0.000073,0.000036,0.000047,0.000044,0.000035,0.000008,0.000006,0.000028,0.000051
840,,,,,,,,,,,,,,0.000008,0.000134,0.000102,0.000078,0.000075,0.000109,0.000087,0.000102,0.000081,0.000079,0.000076,0.000123,0.000081,0.000089,0.000058,0.000060,0.000065,0.000053,0.000091,0.000055,0.000052,0.000323,0.000161,0.000055,0.000080,0.000059,0.000048,0.000099,0.000113,0.000073,0.000085,0.000062,0.000064,0.000010,0.000008,0.000035,0.000134
841,,,,,,,,,,,,,,0.000009,0.000108,0.000113,0.000095,0.000109,0.000130,0.000070,0.000106,0.000087,0.000119,0.000101,0.000159,0.000118,0.000101,0.000105,0.000084,0.000097,0.000050,0.000061,0.000040,0.000060,0.000078,0.000090,0.000051,0.000041,0.000054,0.000056,0.000152,0.000121,0.000170,0.000060,0.000054,0.000066,0.000013,0.000016,0.000107,0.000105
842,,,,,,,,,,,,,,0.000004,0.000063,0.000048,0.000033,0.000235,0.000049,0.000037,0.000086,0.000187,0.000222,0.000221,0.000355,0.000339,0.000282,0.000230,0.000232,0.000163,0.000054,0.000090,0.000072,0.000079,0.000091,0.000077,0.000049,0.000043,0.000020,0.000028,0.000120,0.000261,0.000217,0.000117,0.000087,0.000057,0.000009,0.000007,0.000029,0.000055
843,,,,,,,,,,,,,,0.000005,0.000073,0.000068,0.000058,0.000048,0.000052,0.000027,0.000041,0.000021,0.000018,0.000019,0.000039,0.000060,0.000058,0.000047,0.000103,0.000154,0.000056,0.000078,0.000079,0.000067,0.000087,0.000087,0.000019,0.000014,0.000018,0.000018,0.000036,0.000041,0.000025,0.000030,0.000032,0.000046,0.000010,0.000009,0.000042,0.000046
844,,,,,,,,,,,,,,0.000004,0.000065,0.000051,0.000058,0.000043,0.000069,0.000043,0.000051,0.000056,0.000057,0.000058,0.000084,0.000075,0.000070,0.000063,0.000066,0.000058,0.000092,0.000124,0.000098,0.000181,0.000167,0.000112,0.000045,0.000125,0.000060,0.000060,0.000105,0.000090,0.000049,0.000051,0.000049,0.000055,0.000008,0.000006,0.000024,0.000027
845,,,,,,,,,,,,,,0.000004,0.000051,0.000055,0.000043,0.000053,0.000070,0.000046,0.000078,0.000092,0.000079,0.000099,0.000172,0.000191,0.000163,0.000141,0.000151,0.000131,0.000052,0.000086,0.000054,0.000097,0.000136,0.000166,0.000077,0.000066,0.000041,0.000039,0.000072,0.000074,0.000043,0.000074,0.000140,0.000089,0.000006,0.000005,0.000016,0.000025
846,,,,,,,,,,,,,,0.000005,0.000103,0.000121,0.000194,0.000194,0.000269,0.000163,0.000175,0.000152,0.000147,0.000110,0.000202,0.000173,0.000131,0.000097,0.000074,0.000085,0.000036,0.000065,0.000062,0.000077,0.000099,0.000088,0.000041,0.000035,0.000041,0.000077,0.000141,0.000142,0.000085,0.000054,0.000046,0.000072,0.000014,0.000010,0.000026,0.000040
847,,,,,,,,,,,,,,0.000005,0.000068,0.000048,0.000033,0.000030,0.000045,0.000050,0.000056,0.000033,0.000042,0.000041,0.000060,0.000055,0.000037,0.000138,0.000093,0.000074,0.000046,0.000103,0.000098,0.000091,0.000111,0.000087,0.000033,0.000038,0.000033,0.000056,0.000072,0.000082,0.000075,0.000141,0.000078,0.000059,0.000009,0.000008,0.000029,0.000049
848,,,,,,,,,,,,,,0.000005,0.000051,0.000054,0.000054,0.000077,0.000092,0.000053,0.000043,0.000017,0.000035,0.000047,0.000048,0.000063,0.000044,0.000025,0.000050,0.000054,0.000041,0.000044,0.000040,0.000058,0.000092,0.000169,0.000126,0.000091,0.000056,0.000039,0.000071,0.000112,0.000058,0.000066,0.000064,0.000074,0.000014,0.000011,0.000040,0.000043
849,,,,,,,,,,,,,,0.000003,0.000048,0.000040,0.000028,0.000041,0.000041,0.000043,0.000048,0.000046,0.000047,0.000047,0.000037,0.000042,0.000033,0.000040,0.000040,0.000018,0.000058,0.000131,0.000105,0.000167,0.000177,0.000213,0.000128,0.000103,0.000054,0.000059,0.000076,0.000078,0.000047,0.000067,0.000083,0.000102,0.000016,0.000010,0.000026,0.000037
850,,,,,,,,,,,,,,0.000016,0.000131,0.000086,0.000069,0.000073,0.000070,0.000061,0.000069,0.000090,0.000060,0.000057,0.000074,0.000071,0.000069,0.000054,0.000078,0.000071,0.000061,0.000071,0.000047,0.000097,0.000112,0.000134,0.000060,0.000040,0.000022,0.000026,0.000033,0.000042,0.000025,0.000037,0.000034,0.000029,0.000008,0.000010,0.000053,0.000127
851,,,,,,,,,,,,,,0.000007,0.000127,0.000102,0.000112,0.000185,0.000175,0.000097,0.000122,0.000117,0.000093,0.000083,0.000116,0.000131,0.000182,0.000190,0.000336,0.000406,0.000178,0.000245,0.000156,0.000148,0.000126,0.000115,0.000043,0.000039,0.000024,0.000021,0.000036,0.000034,0.000047,0.000057,0.000057,0.000061,0.000006,0.000005,0.000019,0.000043
852,,,,,,,,,,,,,,0.000004,0.000063,0.000045,0.000033,0.000041,0.000055,0.000042,0.000073,0.000069,0.000081,0.000088,0.000122,0.000119,0.000108,0.000126,0.000105,0.000075,0.000032,0.000088,0.000057,0.000067,0.000063,0.000073,0.000034,0.000029,0.000024,0.000025,0.000054,0.000080,0.000070,0.000082,0.000064,0.000084,0.000018,0.000013,0.000033,0.000050
853,,,,,,,,,,,,,,0.000009,0.000163,0.000157,0.000111,0.000082,0.000084,0.000071,0.000102,0.000089,0.000108,0.000089,0.000069,0.000055,0.000051,0.000047,0.000090,0.000108,0.000046,0.000073,0.000088,0.000143,0.000161,0.000181,0.000099,0.000119,0.000069,0.000051,0.000117,0.000172,0.000246,0.000072,0.000047,0.000045,0.000006,0.000004,0.000021,0.000039
854,,,,,,,,,,,,,,0.000004,0.000078,0.000029,0.000041,0.000066,0.000142,0.000283,0.000436,0.000730,0.000636,0.000513,0.000677,0.000643,0.000562,0.000649,0.000509,0.000434,0.000171,0.000240,0.000168,0.000186,0.000195,0.000183,0.000075,0.000067,0.000063,0.000058,0.000087,0.000101,0.000117,0.000087,0.000092,0.000094,0.000019,0.000015,0.000071,0.000056
855,,,,,,,,,,,,,,0.000006,0.000111,0.000099,0.000082,0.000082,0.000081,0.000067,0.000101,0.000109,0.000083,0.000084,0.000104,0.000085,0.000151,0.000140,0.000157,0.000214,0.000226,0.000449,0.000220,0.000252,0.000244,0.000198,0.000084,0.000060,0.000040,0.000031,0.000050,0.000039,0.000020,0.000031,0.000036,0.000042,0.000013,0.000009,0.000029,0.000033
856,,,,,,,,,,,,,,0.000004,0.000050,0.000047,0.000057,0.000074,0.000103,0.000080,0.000093,0.000104,0.000066,0.000060,0.000085,0.000075,0.000051,0.000064,0.000099,0.000111,0.000069,0.000117,0.000140,0.000316,0.000410,0.000371,0.000131,0.000087,0.000056,0.000045,0.000110,0.000074,0.000038,0.000049,0.000042,0.000037,0.000008,0.000007,0.000036,0.000038
857,,,,,,,,,,,,,,0.000006,0.000045,0.000037,0.000024,0.000026,0.000035,0.000043,0.000053,0.000067,0.000071,0.000059,0.000067,0.000068,0.000058,0.000065,0.000051,0.000066,0.000040,0.000063,0.000076,0.000094,0.000061,0.000038,0.000026,0.000026,0.000022,0.000021,0.000023,0.000077,0.000046,0.000043,0.000073,0.000080,0.000015,0.000015,0.000042,0.000072
858,,,,,,,,,,,,,,0.000006,0.000109,0.000077,0.000054,0.000074,0.000116,0.000083,0.000112,0.000107,0.000119,0.000136,0.000255,0.000286,0.000333,0.000485,0.000758,0.000946,0.000188,0.000276,0.000104,0.000110,0.000173,0.000226,0.000141,0.000079,0.000048,0.000041,0.000065,0.000069,0.000058,0.000068,0.000056,0.000064,0.000012,0.000008,0.000041,0.000046
859,,,,,,,,,,,,,,0.000006,0.000066,0.000055,0.000055,0.000072,0.000192,0.000297,0.000542,0.000713,0.000673,0.000499,0.000713,0.000608,0.000455,0.000278,0.000251,0.000196,0.000069,0.000115,0.000076,0.000105,0.000089,0.000064,0.000033,0.000029,0.000025,0.000021,0.000034,0.000038,0.000032,0.000033,0.000031,0.000029,0.000006,0.000008,0.000084,0.000099
860,,,,,,,,,,,,,,0.000003,0.000036,0.000035,0.000031,0.000037,0.000041,0.000032,0.000033,0.000041,0.000017,0.000030,0.000037,0.000043,0.000065,0.000075,0.000078,0.000076,0.000060,0.000090,0.000076,0.000081,0.000106,0.000091,0.000057,0.000063,0.000045,0.000038,0.000084,0.000066,0.000027,0.000020,0.000021,0.000026,0.000008,0.000006,0.000030,0.000045
861,,,,,,,,,,,,,,0.000005,0.000058,0.000045,0.000049,0.000138,0.000295,0.000265,0.000324,0.000335,0.000274,0.000297,0.000513,0.000537,0.000457,0.000237,0.000217,0.000138,0.000065,0.000063,0.000052,0.000059,0.000045,0.000042,0.000028,0.000046,0.000028,0.000018,0.000022,0.000022,0.000022,0.000043,0.000042,0.000047,0.000020,0.000017,0.000058,0.000058
862,,,,,,,,,,,,,,0.000004,0.000108,0.000086,0.000065,0.000066,0.000072,0.000099,0.000171,0.000180,0.000140,0.000086,0.000105,0.000099,0.000076,0.000068,0.000079,0.000045,0.000068,0.000039,0.000031,0.000076,0.000095,0.000085,0.000037,0.000039,0.000040,0.000031,0.000058,0.000073,0.000055,0.000107,0.000118,0.000136,0.000012,0.000008,0.000029,0.000039
863,,,,,,,,,,,,,,0.000011,0.000130,0.000128,0.000151,0.000116,0.000144,0.000076,0.000110,0.000083,0.000078,0.000062,0.000053,0.000047,0.000051,0.000047,0.000035,0.000047,0.000034,0.000062,0.000059,0.000116,0.000152,0.000143,0.000057,0.000039,0.000026,0.000026,0.000048,0.000058,0.000032,0.000024,0.000028,0.000024,0.000006,0.000005,0.000021,0.000035
864,,,,,,,,,,,,,,0.000010,0.000061,0.000063,0.000048,0.000048,0.000067,0.000064,0.000084,0.000091,0.000111,0.000085,0.000130,0.000124,0.000152,0.000118,0.000129,0.000092,0.000062,0.000079,0.000077,0.000093,0.000106,0.000120,0.000072,0.000074,0.000046,0.000048,0.000073,0.000082,0.000058,0.000060,0.000046,0.000058,0.000009,0.000006,0.000037,0.000065
865,,,,,,,,,,,,,,0.000005,0.000047,0.000036,0.000028,0.000030,0.000050,0.000063,0.000055,0.000061,0.000084,0.000089,0.000126,0.000135,0.000155,0.000145,0.000118,0.000081,0.000077,0.000090,0.000053,0.000092,0.000099,0.000162,0.000159,0.000119,0.000053,0.000035,0.000059,0.000055,0.000051,0.000063,0.000044,0.000036,0.000009,0.000008,0.000028,0.000042
866,,,,,,,,,,,,,,0.000011,0.000233,0.000290,0.000352,0.000293,0.000357,0.000257,0.000262,0.000250,0.000219,0.000160,0.000196,0.000150,0.000135,0.000084,0.000089,0.000060,0.000039,0.000068,0.000118,0.000485,0.000403,0.000271,0.000129,0.000066,0.000060,0.000043,0.000096,0.000138,0.000096,0.000042,0.000044,0.000046,0.000011,0.000008,0.000053,0.000086
867,,,,,,,,,,,,,,0.000005,0.000081,0.000065,0.000059,0.000058,0.000090,0.000055,0.000065,0.000044,0.000045,0.000067,0.000074,0.000069,0.000086,0.000093,0.000109,0.000128,0.000056,0.000109,0.000059,0.000087,0.000103,0.000107,0.000084,0.000059,0.000041,0.000030,0.000044,0.000038,0.000028,0.000053,0.000055,0.000059,0.000017,0.000007,0.000033,0.000069
868,,,,,,,,,,,,,,0.000004,0.000052,0.000053,0.000060,0.000098,0.000265,0.000292,0.000317,0.000308,0.000278,0.000256,0.000373,0.000386,0.000366,0.000346,0.000317,0.000222,0.000102,0.000121,0.000083,0.000059,0.000080,0.000075,0.000048,0.000043,0.000050,0.000063,0.000052,0.000052,0.000035,0.000052,0.000033,0.000031,0.000009,0.000009,0.000026,0.000038
869,,,,,,,,,,,,,,0.000004,0.000031,0.000026,0.000035,0.000044,0.000071,0.000059,0.000211,0.000159,0.000095,0.000063,0.000082,0.000079,0.000085,0.000075,0.000067,0.000056,0.000031,0.000061,0.000048,0.000069,0.000079,0.000076,0.000052,0.000041,0.000031,0.000034,0.000092,0.000061,0.000037,0.000031,0.000028,0.000030,0.000009,0.000010,0.000046,0.000084
870,,,,,,,,,,,,,,0.000006,0.000080,0.000117,0.000114,0.000097,0.000122,0.000091,0.000124,0.000118,0.000126,0.000099,0.000115,0.000107,0.000081,0.000084,0.000084,0.000103,0.000071,0.000090,0.000124,0.000190,0.000260,0.000371,0.000273,0.000256,0.000168,0.000121,0.000224,0.000166,0.000086,0.000095,0.000065,0.000053,0.000005,0.000004,0.000028,0.000070
871,,,,,,,,,,,,,,0.000010,0.000342,0.000594,0.000563,0.000348,0.000316,0.000189,0.000247,0.000248,0.000183,0.000155,0.000222,0.000236,0.000220,0.000183,0.000199,0.000162,0.000059,0.000090,0.000069,0.000089,0.000111,0.000110,0.000054,0.000049,0.000028,0.000037,0.000059,0.000056,0.000044,0.000043,0.000057,0.000052,0.000007,0.000005,0.000038,0.000056
872,,,,,,,,,,,,,,0.000004,0.000041,0.000053,0.000103,0.000226,0.000649,0.000411,0.000526,0.000531,0.000388,0.000296,0.000350,0.000276,0.000210,0.000166,0.000147,0.000142,0.000060,0.000081,0.000059,0.000067,0.000075,0.000059,0.000027,0.000034,0.000023,0.000023,0.000038,0.000043,0.000052,0.000124,0.000068,0.000073,0.000009,0.000006,0.000040,0.000053
873,,,,,,,,,,,,,,0.000010,0.000152,0.000109,0.000078,0.000079,0.000097,0.000094,0.000138,0.000147,0.000151,0.000125,0.000178,0.000151,0.000169,0.000125,0.000113,0.000106,0.000039,0.000068,0.000039,0.000058,0.000079,0.000088,0.000044,0.000032,0.000032,0.000021,0.000055,0.000044,0.000027,0.000021,0.000018,0.000017,0.000006,0.000005,0.000028,0.000036
874,,,,,,,,,,,,,,0.000007,0.000132,0.000176,0.000224,0.000347,0.000332,0.000257,0.000162,0.000102,0.000090,0.000073,0.000076,0.000068,0.000060,0.000041,0.000050,0.000051,0.000062,0.000055,0.000038,0.000036,0.000035,0.000033,0.000028,0.000028,0.000034,0.000058,0.000123,0.000131,0.000058,0.000060,0.000067,0.000064,0.000011,0.000009,0.000064,0.000057
875,,,,,,,,,,,,,,0.000007,0.000085,0.000125,0.000095,0.000085,0.000118,0.000086,0.000115,0.000155,0.000157,0.000270,0.000159,0.000155,0.000132,0.000132,0.000164,0.000272,0.000070,0.000126,0.000086,0.000126,0.000186,0.000167,0.000045,0.000029,0.000022,0.000021,0.000041,0.000048,0.000024,0.000030,0.000041,0.000040,0.000008,0.000006,0.000024,0.000042
876,,,,,,,,,,,,,,0.000007,0.000095,0.000091,0.000076,0.000075,0.000093,0.000081,0.000081,0.000083,0.000088,0.000078,0.000122,0.000102,0.000104,0.000085,0.000099,0.000075,0.000038,0.000065,0.000035,0.000069,0.000097,0.000093,0.000038,0.000038,0.000041,0.000035,0.000072,0.000072,0.000041,0.000092,0.000170,0.000075,0.000008,0.000005,0.000023,0.000033
877,,,,,,,,,,,,,,0.000006,0.000088,0.000068,0.000054,0.000083,0.000111,0.000097,0.000103,0.000083,0.000101,0.000102,0.000134,0.000144,0.000150,0.000105,0.000127,0.000160,0.000156,0.000437,0.000168,0.000171,0.000170,0.000106,0.000060,0.000044,0.000035,0.000035,0.000040,0.000050,0.000034,0.000054,0.000044,0.000060,0.000011,0.000008,0.000029,0.000053
878,,,,,,,,,,,,,,0.000004,0.000071,0.000070,0.000069,0.000059,0.000100,0.000100,0.000131,0.000103,0.000094,0.000094,0.000128,0.000150,0.000098,0.000073,0.000123,0.000122,0.000066,0.000096,0.000058,0.000078,0.000118,0.000134,0.000121,0.000123,0.000134,0.000107,0.000142,0.000197,0.000091,0.000107,0.000156,0.000155,0.000019,0.000018,0.000054,0.000048
879,,,,,,,,,,,,,,0.000006,0.000087,0.000070,0.000060,0.000126,0.000123,0.000100,0.000107,0.000119,0.000115,0.000096,0.000151,0.000126,0.000097,0.000093,0.000111,0.000087,0.000043,0.000057,0.000051,0.000049,0.000068,0.000056,0.000019,0.000031,0.000030,0.000025,0.000044,0.000049,0.000032,0.000048,0.000041,0.000049,0.000008,0.000011,0.000037,0.000051
880,,,,,,,,,,,,,,0.000018,0.000152,0.000111,0.000089,0.000080,0.000110,0.000055,0.000073,0.000072,0.000076,0.000054,0.000076,0.000085,0.000066,0.000060,0.000100,0.000106,0.000116,0.000182,0.000074,0.000126,0.000112,0.000098,0.000036,0.000040,0.000043,0.000036,0.000070,0.000078,0.000050,0.000044,0.000049,0.000045,0.000006,0.000006,0.000065,0.000175
881,,,,,,,,,,,,,,0.000011,0.000157,0.000091,0.000071,0.000062,0.000082,0.000076,0.000081,0.000052,0.000050,0.000031,0.000033,0.000028,0.000054,0.000064,0.000079,0.000078,0.000173,0.000233,0.000229,0.000187,0.000175,0.000161,0.000057,0.000075,0.000035,0.000025,0.000044,0.000105,0.000178,0.000062,0.000044,0.000052,0.000012,0.000006,0.000023,0.000088
882,,,,,,,,,,,,,,0.000003,0.000062,0.000058,0.000049,0.000039,0.000062,0.000072,0.000137,0.000161,0.000162,0.000143,0.000223,0.000226,0.000214,0.000178,0.000197,0.000148,0.000082,0.000111,0.000072,0.000089,0.000102,0.000106,0.000043,0.000035,0.000085,0.000035,0.000073,0.000070,0.000058,0.000052,0.000058,0.000056,0.000008,0.000007,0.000027,0.000036
883,,,,,,,,,,,,,,0.000005,0.000098,0.000087,0.000062,0.000052,0.000036,0.000041,0.000075,0.000074,0.000063,0.000037,0.000018,0.000037,0.000035,0.000029,0.000028,0.000029,0.000042,0.000090,0.000084,0.000225,0.000112,0.000094,0.000029,0.000058,0.000047,0.000028,0.000060,0.000050,0.000038,0.000039,0.000056,0.000059,0.000014,0.000012,0.000054,0.000055
884,,,,,,,,,,,,,,0.000003,0.000053,0.000033,0.000038,0.000070,0.000195,0.000265,0.000346,0.000407,0.000396,0.000338,0.000511,0.000479,0.000394,0.000301,0.000250,0.000171,0.000174,0.000098,0.000076,0.000069,0.000081,0.000063,0.000033,0.000029,0.000019,0.000017,0.000034,0.000105,0.000126,0.000259,0.000277,0.000326,0.000025,0.000009,0.000029,0.000043
885,,,,,,,,,,,,,,0.000012,0.000097,0.000079,0.000085,0.000074,0.000106,0.000082,0.000103,0.000169,0.000130,0.000210,0.000131,0.000102,0.000095,0.000091,0.000130,0.000128,0.000054,0.000104,0.000177,0.000144,0.000149,0.000148,0.000064,0.000047,0.000036,0.000025,0.000033,0.000032,0.000030,0.000036,0.000037,0.000080,0.000012,0.000010,0.000048,0.000069
886,,,,,,,,,,,,,,0.000003,0.000069,0.000054,0.000059,0.000068,0.000067,0.000038,0.000084,0.000059,0.000089,0.000078,0.000102,0.000108,0.000112,0.000154,0.000094,0.000085,0.000047,0.000090,0.000109,0.000216,0.000264,0.000260,0.000085,0.000090,0.000057,0.000024,0.000069,0.000079,0.000059,0.000104,0.000078,0.000096,0.000019,0.000013,0.000062,0.000047
887,,,,,,,,,,,,,,0.000009,0.000116,0.000112,0.000107,0.000118,0.000147,0.000098,0.000130,0.000109,0.000108,0.000101,0.000129,0.000129,0.000140,0.000102,0.000129,0.000084,0.000032,0.000101,0.000156,0.000162,0.000118,0.000094,0.000061,0.000128,0.000185,0.000123,0.000194,0.000131,0.000056,0.000052,0.000037,0.000023,0.000006,0.000005,0.000038,0.000063
888,,,,,,,,,,,,,,0.000006,0.000108,0.000102,0.000094,0.000094,0.000121,0.000109,0.000129,0.000089,0.000094,0.000087,0.000132,0.000136,0.000127,0.000111,0.000116,0.000101,0.000038,0.000092,0.000098,0.000190,0.000300,0.000237,0.000060,0.000044,0.000039,0.000035,0.000071,0.000064,0.000047,0.000066,0.000058,0.000060,0.000008,0.000006,0.000033,0.000053
889,,,,,,,,,,,,,,0.000007,0.000086,0.000077,0.000069,0.000061,0.000100,0.000087,0.000091,0.000072,0.000085,0.000089,0.000119,0.000114,0.000140,0.000128,0.000129,0.000100,0.000044,0.000061,0.000054,0.000085,0.000059,0.000078,0.000043,0.000095,0.000090,0.000047,0.000060,0.000088,0.000060,0.000056,0.000072,0.000070,0.000013,0.000016,0.000127,0.000104
890,,,,,,,,,,,,,,0.000004,0.000054,0.000032,0.000043,0.000041,0.000057,0.000045,0.000047,0.000044,0.000050,0.000077,0.000062,0.000052,0.000051,0.000048,0.000043,0.000045,0.000042,0.000086,0.000077,0.000101,0.000091,0.000106,0.000087,0.000070,0.000051,0.000026,0.000037,0.000041,0.000054,0.000038,0.000047,0.000054,0.000014,0.000008,0.000020,0.000048
891,,,,,,,,,,,,,,0.000009,0.000130,0.000110,0.000070,0.000062,0.000086,0.000052,0.000066,0.000052,0.000077,0.000067,0.000082,0.000082,0.000084,0.000067,0.000071,0.000067,0.000049,0.000042,0.000081,0.000160,0.000246,0.000286,0.000081,0.000043,0.000028,0.000024,0.000049,0.000044,0.000030,0.000041,0.000051,0.000079,0.000009,0.000007,0.000034,0.000054
892,,,,,,,,,,,,,,0.000003,0.000065,0.000050,0.000041,0.000045,0.000052,0.000042,0.000067,0.000084,0.000083,0.000085,0.000098,0.000112,0.000105,0.000084,0.000079,0.000041,0.000024,0.000030,0.000038,0.000047,0.000054,0.000055,0.000049,0.000038,0.000044,0.000052,0.000062,0.000072,0.000044,0.000053,0.000049,0.000049,0.000010,0.000010,0.000024,0.000035
893,,,,,,,,,,,,,,0.000006,0.000072,0.000051,0.000032,0.000043,0.000062,0.000053,0.000081,0.000072,0.000070,0.000048,0.000066,0.000060,0.000068,0.000067,0.000087,0.000072,0.000040,0.000044,0.000029,0.000038,0.000045,0.000043,0.000035,0.000051,0.000041,0.000037,0.000096,0.000061,0.000040,0.000051,0.000059,0.000087,0.000017,0.000011,0.000112,0.000100
894,,,,,,,,,,,,,,0.000005,0.000076,0.000058,0.000054,0.000067,0.000097,0.000095,0.000146,0.000209,0.000201,0.000213,0.000287,0.000207,0.000172,0.000117,0.000144,0.000118,0.000051,0.000080,0.000054,0.000074,0.000088,0.000076,0.000037,0.000031,0.000024,0.000037,0.000101,0.000190,0.000133,0.000155,0.000120,0.000108,0.000008,0.000004,0.000040,0.000066
895,,,,,,,,,,,,,,0.000004,0.000095,0.000081,0.000117,0.000346,0.000254,0.000128,0.000153,0.000162,0.000111,0.000090,0.000104,0.000100,0.000094,0.000069,0.000063,0.000058,0.000028,0.000057,0.000057,0.000082,0.000063,0.000074,0.000081,0.000041,0.000048,0.000029,0.000067,0.000073,0.000048,0.000045,0.000044,0.000053,0.000008,0.000005,0.000020,0.000034
896,,,,,,,,,,,,,,0.000020,0.000346,0.000364,0.000235,0.000168,0.000162,0.000091,0.000071,0.000086,0.000086,0.000062,0.000071,0.000061,0.000068,0.000071,0.000097,0.000096,0.000059,0.000138,0.000146,0.000194,0.000166,0.000150,0.000069,0.000077,0.000050,0.000039,0.000096,0.000138,0.000144,0.000120,0.000100,0.000082,0.000007,0.000005,0.000034,0.000068
897,,,,,,,,,,,,,,0.000013,0.000466,0.000694,0.000566,0.000351,0.000384,0.000182,0.000208,0.000209,0.000126,0.000132,0.000174,0.000132,0.000139,0.000106,0.000140,0.000250,0.000091,0.000131,0.000213,0.000202,0.000175,0.000196,0.000072,0.000046,0.000041,0.000046,0.000080,0.000112,0.000133,0.000120,0.000087,0.000060,0.000011,0.000011,0.000062,0.000101
898,,,,,,,,,,,,,,0.000005,0.000089,0.000078,0.000061,0.000084,0.000157,0.000157,0.000235,0.000270,0.000269,0.000211,0.000245,0.000238,0.000172,0.000124,0.000108,0.000105,0.000053,0.000091,0.000057,0.000076,0.000087,0.000102,0.000043,0.000043,0.000039,0.000031,0.000059,0.000088,0.000091,0.000144,0.000172,0.000126,0.000009,0.000006,0.000023,0.000028
899,,,,,,,,,,,,,,0.000013,0.000255,0.000257,0.000281,0.000259,0.000366,0.000191,0.000224,0.000163,0.000130,0.000086,0.000114,0.000121,0.000111,0.000084,0.000089,0.000088,0.000035,0.000072,0.000053,0.000066,0.000063,0.000062,0.000030,0.000031,0.000031,0.000026,0.000037,0.000029,0.000019,0.000014,0.000029,0.000077,0.000016,0.000018,0.000138,0.000142
900,,,,,,,,,,,,,,0.000008,0.000114,0.000130,0.000234,0.000411,0.000624,0.000395,0.000465,0.000477,0.000410,0.000316,0.000387,0.000301,0.000260,0.000213,0.000242,0.000203,0.000133,0.000190,0.000102,0.000134,0.000162,0.000203,0.000088,0.000079,0.000066,0.000066,0.000079,0.000073,0.000048,0.000115,0.000071,0.000052,0.000008,0.000008,0.000078,0.000144
901,,,,,,,,,,,,,,0.000007,0.000174,0.000116,0.000083,0.000053,0.000049,0.000036,0.000037,0.000035,0.000041,0.000048,0.000076,0.000070,0.000057,0.000060,0.000073,0.000037,0.000036,0.000081,0.000099,0.000157,0.000174,0.000162,0.000059,0.000063,0.000050,0.000055,0.000147,0.000168,0.000093,0.000093,0.000086,0.000091,0.000010,0.000007,0.000042,0.000054
902,,,,,,,,,,,,,,0.000005,0.000079,0.000056,0.000071,0.000069,0.000097,0.000080,0.000097,0.000096,0.000108,0.000088,0.000111,0.000077,0.000095,0.000081,0.000069,0.000071,0.000044,0.000060,0.000051,0.000125,0.000117,0.000103,0.000062,0.000045,0.000033,0.000025,0.000047,0.000051,0.000041,0.000052,0.000045,0.000041,0.000009,0.000005,0.000024,0.000034
903,,,,,,,,,,,,,,0.000009,0.000119,0.000129,0.000132,0.000095,0.000121,0.000093,0.000111,0.000105,0.000110,0.000082,0.000121,0.000105,0.000089,0.000093,0.000098,0.000114,0.000108,0.000303,0.000285,0.000332,0.000353,0.000282,0.000091,0.000062,0.000037,0.000030,0.000079,0.000095,0.000063,0.000193,0.000082,0.000054,0.000007,0.000004,0.000028,0.000099
904,,,,,,,,,,,,,,0.000006,0.000082,0.000077,0.000075,0.000099,0.000127,0.000102,0.000105,0.000129,0.000108,0.000097,0.000127,0.000117,0.000089,0.000084,0.000098,0.000083,0.000053,0.000063,0.000053,0.000075,0.000095,0.000084,0.000045,0.000046,0.000036,0.000035,0.000052,0.000034,0.000033,0.000022,0.000027,0.000039,0.000010,0.000011,0.000040,0.000060
905,,,,,,,,,,,,,,0.000004,0.000068,0.000057,0.000060,0.000063,0.000073,0.000061,0.000076,0.000085,0.000087,0.000078,0.000104,0.000105,0.000099,0.000090,0.000106,0.000087,0.000040,0.000076,0.000050,0.000060,0.000066,0.000067,0.000029,0.000032,0.000026,0.000023,0.000074,0.000107,0.000177,0.000104,0.000065,0.000096,0.000011,0.000007,0.000029,0.000034
906,,,,,,,,,,,,,,0.000006,0.000105,0.000076,0.000083,0.000073,0.000105,0.000070,0.000062,0.000069,0.000060,0.000056,0.000056,0.000057,0.000081,0.000070,0.000122,0.000170,0.000083,0.000140,0.000090,0.000125,0.000114,0.000094,0.000037,0.000049,0.000037,0.000034,0.000052,0.000051,0.000046,0.000097,0.000164,0.000125,0.000011,0.000008,0.000036,0.000044
907,,,,,,,,,,,,,,0.000011,0.000122,0.000065,0.000054,0.000060,0.000109,0.000211,0.000303,0.000390,0.000529,0.000429,0.000724,0.000640,0.000538,0.000445,0.000517,0.000404,0.000180,0.000304,0.000249,0.000398,0.000449,0.000415,0.000174,0.000195,0.000090,0.000055,0.000087,0.000115,0.000079,0.000090,0.000092,0.000095,0.000011,0.000013,0.000126,0.000189
908,,,,,,,,,,,,,,0.000005,0.000059,0.000044,0.000053,0.000039,0.000053,0.000034,0.000049,0.000040,0.000049,0.000059,0.000059,0.000067,0.000067,0.000061,0.000090,0.000060,0.000035,0.000063,0.000040,0.000043,0.000052,0.000054,0.000023,0.000024,0.000022,0.000023,0.000038,0.000054,0.000059,0.000081,0.000044,0.000035,0.000008,0.000006,0.000035,0.000064
909,,,,,,,,,,,,,,0.000003,0.000053,0.000049,0.000036,0.000047,0.000065,0.000038,0.000079,0.000083,0.000075,0.000071,0.000069,0.000083,0.000066,0.000054,0.000058,0.000046,0.000034,0.000049,0.000042,0.000053,0.000069,0.000072,0.000031,0.000032,0.000026,0.000033,0.000046,0.000059,0.000052,0.000198,0.000176,0.000102,0.000010,0.000007,0.000027,0.000035
910,,,,,,,,,,,,,,0.000014,0.000206,0.000214,0.000237,0.000186,0.000234,0.000142,0.000176,0.000209,0.000154,0.000106,0.000178,0.000192,0.000185,0.000174,0.000225,0.000207,0.000121,0.000143,0.000092,0.000113,0.000133,0.000180,0.000094,0.000073,0.000050,0.000040,0.000079,0.000072,0.000045,0.000049,0.000066,0.000160,0.000010,0.000008,0.000035,0.000057
911,,,,,,,,,,,,,,0.000005,0.000077,0.000061,0.000057,0.000062,0.000067,0.000063,0.000080,0.000117,0.000123,0.000118,0.000170,0.000179,0.000161,0.000141,0.000125,0.000099,0.000057,0.000067,0.000040,0.000050,0.000059,0.000073,0.000037,0.000029,0.000031,0.000030,0.000051,0.000054,0.000035,0.000065,0.000074,0.000062,0.000007,0.000005,0.000026,0.000038
912,,,,,,,,,,,,,,0.000007,0.000173,0.000118,0.000089,0.000094,0.000118,0.000108,0.000119,0.000107,0.000089,0.000088,0.000105,0.000107,0.000091,0.000120,0.000081,0.000082,0.000031,0.000046,0.000165,0.000345,0.000391,0.000154,0.000038,0.000046,0.000037,0.000032,0.000061,0.000060,0.000059,0.000079,0.000075,0.000079,0.000013,0.000009,0.000037,0.000048
913,,,,,,,,,,,,,,0.000006,0.000109,0.000072,0.000092,0.000104,0.000124,0.000085,0.000117,0.000126,0.000099,0.000107,0.000118,0.000114,0.000120,0.000084,0.000107,0.000081,0.000055,0.000088,0.000072,0.000115,0.000154,0.000138,0.000049,0.000036,0.000029,0.000022,0.000048,0.000049,0.000049,0.000057,0.000061,0.000032,0.000007,0.000008,0.000030,0.000047
914,,,,,,,,,,,,,,0.000002,0.000042,0.000043,0.000040,0.000059,0.000233,0.000177,0.000213,0.000209,0.000186,0.000239,0.000367,0.000388,0.000367,0.000281,0.000275,0.000197,0.000098,0.000229,0.000211,0.000318,0.000290,0.000181,0.000050,0.000036,0.000027,0.000021,0.000032,0.000029,0.000027,0.000037,0.000032,0.000030,0.000011,0.000009,0.000027,0.000019
915,,,,,,,,,,,,,,0.000005,0.000059,0.000054,0.000054,0.000061,0.000089,0.000070,0.000080,0.000068,0.000053,0.000062,0.000070,0.000075,0.000078,0.000061,0.000106,0.000135,0.000043,0.000064,0.000025,0.000030,0.000054,0.000048,0.000021,0.000019,0.000019,0.000019,0.000042,0.000038,0.000025,0.000033,0.000037,0.000035,0.000011,0.000011,0.000061,0.000087
916,,,,,,,,,,,,,,0.000004,0.000075,0.000046,0.000047,0.000048,0.000078,0.000084,0.000136,0.000173,0.000157,0.000167,0.000352,0.000471,0.000686,0.000964,0.000752,0.000548,0.000185,0.000237,0.000132,0.000178,0.000150,0.000133,0.000050,0.000033,0.000023,0.000028,0.000039,0.000046,0.000029,0.000042,0.000053,0.000062,0.000015,0.000014,0.000042,0.000050
917,,,,,,,,,,,,,,0.000008,0.000111,0.000118,0.000156,0.000214,0.000365,0.000290,0.000273,0.000293,0.000207,0.000154,0.000197,0.000166,0.000141,0.000116,0.000106,0.000115,0.000062,0.000132,0.000111,0.000144,0.000164,0.000163,0.000065,0.000056,0.000035,0.000035,0.000067,0.000068,0.000049,0.000074,0.000066,0.000065,0.000007,0.000004,0.000015,0.000017
918,,,,,,,,,,,,,,0.000005,0.000052,0.000062,0.000052,0.000060,0.000081,0.000061,0.000085,0.000066,0.000053,0.000070,0.000090,0.000096,0.000107,0.000156,0.000155,0.000114,0.000041,0.000080,0.000055,0.000067,0.000071,0.000053,0.000017,0.000024,0.000028,0.000065,0.000055,0.000080,0.000030,0.000039,0.000044,0.000048,0.000009,0.000013,0.000031,0.000049
919,,,,,,,,,,,,,,0.000006,0.000104,0.000098,0.000116,0.000140,0.000217,0.000136,0.000148,0.000138,0.000143,0.000117,0.000141,0.000125,0.000128,0.000120,0.000100,0.000099,0.000054,0.000083,0.000063,0.000105,0.000173,0.000276,0.000100,0.000061,0.000028,0.000027,0.000053,0.000049,0.000025,0.000046,0.000064,0.000069,0.000008,0.000004,0.000024,0.000033
920,,,,,,,,,,,,,,0.000005,0.000157,0.000118,0.000105,0.000083,0.000087,0.000069,0.000058,0.000064,0.000094,0.000083,0.000120,0.000171,0.000123,0.000129,0.000127,0.000067,0.000029,0.000035,0.000060,0.000066,0.000073,0.000072,0.000032,0.000031,0.000023,0.000032,0.000054,0.000063,0.000065,0.000110,0.000111,0.000112,0.000016,0.000010,0.000047,0.000042
921,,,,,,,,,,,,,,0.000005,0.000079,0.000074,0.000061,0.000069,0.000167,0.000186,0.000337,0.000397,0.000493,0.000410,0.000570,0.000535,0.000419,0.000285,0.000305,0.000220,0.000065,0.000096,0.000062,0.000072,0.000104,0.000109,0.000050,0.000043,0.000038,0.000024,0.000033,0.000033,0.000023,0.000027,0.000026,0.000035,0.000013,0.000012,0.000066,0.000076
922,,,,,,,,,,,,,,0.000012,0.000139,0.000110,0.000082,0.000133,0.000347,0.000355,0.000447,0.000389,0.000372,0.000277,0.000374,0.000295,0.000257,0.000252,0.000781,0.000688,0.000266,0.000396,0.000123,0.000080,0.000087,0.000051,0.000022,0.000028,0.000032,0.000030,0.000056,0.000097,0.000066,0.000051,0.000048,0.000038,0.000011,0.000008,0.000039,0.000071
923,,,,,,,,,,,,,,0.000004,0.000050,0.000035,0.000035,0.000044,0.000049,0.000051,0.000057,0.000055,0.000046,0.000079,0.000060,0.000047,0.000050,0.000078,0.000080,0.000122,0.000133,0.000249,0.000300,0.000237,0.000229,0.000158,0.000052,0.000097,0.000094,0.000091,0.000105,0.000130,0.000074,0.000078,0.000084,0.000123,0.000017,0.000009,0.000033,0.000046
924,,,,,,,,,,,,,,0.000004,0.000051,0.000037,0.000027,0.000029,0.000047,0.000050,0.000057,0.000071,0.000061,0.000054,0.000061,0.000057,0.000068,0.000063,0.000072,0.000067,0.000047,0.000051,0.000057,0.000215,0.000260,0.000211,0.000061,0.000045,0.000025,0.000027,0.000051,0.000047,0.000095,0.000059,0.000025,0.000023,0.000010,0.000008,0.000035,0.000053
925,,,,,,,,,,,,,,0.000005,0.000113,0.000081,0.000064,0.000058,0.000077,0.000060,0.000091,0.000087,0.000089,0.000100,0.000160,0.000209,0.000291,0.000331,0.000421,0.000485,0.000209,0.000361,0.000236,0.000319,0.000331,0.000291,0.000087,0.000067,0.000046,0.000045,0.000077,0.000165,0.000115,0.000069,0.000053,0.000047,0.000007,0.000006,0.000022,0.000043
926,,,,,,,,,,,,,,0.000005,0.000118,0.000086,0.000065,0.000059,0.000062,0.000057,0.000070,0.000084,0.000084,0.000080,0.000129,0.000116,0.000129,0.000104,0.000130,0.000091,0.000066,0.000070,0.000056,0.000075,0.000080,0.000097,0.000045,0.000039,0.000031,0.000025,0.000045,0.000116,0.000222,0.000049,0.000033,0.000038,0.000008,0.000006,0.000023,0.000029
927,,,,,,,,,,,,,,0.000005,0.000100,0.000114,0.000122,0.000123,0.000123,0.000083,0.000088,0.000085,0.000081,0.000195,0.000087,0.000095,0.000087,0.000076,0.000093,0.000102,0.000053,0.000099,0.000056,0.000068,0.000079,0.000081,0.000049,0.000057,0.000033,0.000031,0.000056,0.000063,0.000086,0.000050,0.000048,0.000061,0.000009,0.000006,0.000022,0.000044
928,,,,,,,,,,,,,,0.000004,0.000040,0.000039,0.000050,0.000036,0.000043,0.000055,0.000066,0.000054,0.000060,0.000081,0.000143,0.000115,0.000087,0.000069,0.000068,0.000058,0.000024,0.000047,0.000035,0.000032,0.000037,0.000044,0.000029,0.000042,0.000046,0.000015,0.000028,0.000019,0.000023,0.000046,0.000065,0.000122,0.000018,0.000013,0.000030,0.000032
929,,,,,,,,,,,,,,0.000003,0.000059,0.000053,0.000065,0.000046,0.000052,0.000051,0.000053,0.000071,0.000061,0.000071,0.000121,0.000118,0.000145,0.000469,0.000247,0.000208,0.000077,0.000114,0.000065,0.000072,0.000074,0.000071,0.000027,0.000045,0.000035,0.000033,0.000062,0.000058,0.000040,0.000047,0.000040,0.000041,0.000011,0.000008,0.000022,0.000035
930,,,,,,,,,,,,,,0.000005,0.000091,0.000066,0.000079,0.000077,0.000110,0.000077,0.000102,0.000090,0.000072,0.000075,0.000110,0.000103,0.000079,0.000075,0.000082,0.000065,0.000042,0.000058,0.000031,0.000052,0.000055,0.000063,0.000031,0.000030,0.000025,0.000026,0.000039,0.000037,0.000035,0.000033,0.000040,0.000041,0.000006,0.000006,0.000025,0.000038
931,,,,,,,,,,,,,,0.000016,0.000204,0.000168,0.000154,0.000132,0.000169,0.000126,0.000160,0.000163,0.000162,0.000131,0.000151,0.000141,0.000127,0.000128,0.000146,0.000145,0.000077,0.000192,0.000260,0.000166,0.000134,0.000138,0.000056,0.000051,0.000040,0.000031,0.000067,0.000127,0.000077,0.000066,0.000056,0.000059,0.000007,0.000005,0.000031,0.000070
932,,,,,,,,,,,,,,0.000004,0.000074,0.000045,0.000037,0.000046,0.000091,0.000064,0.000066,0.000072,0.000054,0.000089,0.000064,0.000073,0.000092,0.000067,0.000088,0.000115,0.000059,0.000091,0.000080,0.000124,0.000114,0.000103,0.000041,0.000039,0.000025,0.000028,0.000040,0.000061,0.000143,0.000074,0.000065,0.000069,0.000012,0.000009,0.000024,0.000045
933,,,,,,,,,,,,,,0.000006,0.000120,0.000125,0.000118,0.000134,0.000184,0.000096,0.000127,0.000134,0.000258,0.000183,0.000263,0.000243,0.000218,0.000175,0.000206,0.000257,0.000159,0.000282,0.000132,0.000162,0.000173,0.000237,0.000192,0.000135,0.000078,0.000059,0.000102,0.000089,0.000071,0.000074,0.000047,0.000051,0.000008,0.000006,0.000031,0.000034
934,,,,,,,,,,,,,,0.000005,0.000084,0.000065,0.000046,0.000078,0.000091,0.000061,0.000079,0.000081,0.000073,0.000064,0.000094,0.000074,0.000071,0.000063,0.000066,0.000065,0.000040,0.000054,0.000050,0.000059,0.000082,0.000079,0.000037,0.000049,0.000032,0.000021,0.000067,0.000076,0.000053,0.000105,0.000150,0.000205,0.000020,0.000007,0.000048,0.000057
935,,,,,,,,,,,,,,0.000007,0.000131,0.000089,0.000093,0.000093,0.000082,0.000059,0.000076,0.000062,0.000081,0.000070,0.000100,0.000094,0.000099,0.000085,0.000101,0.000068,0.000032,0.000058,0.000043,0.000056,0.000059,0.000054,0.000020,0.000023,0.000021,0.000024,0.000123,0.000138,0.000067,0.000048,0.000058,0.000095,0.000011,0.000005,0.000028,0.000033
936,,,,,,,,,,,,,,0.000006,0.000092,0.000070,0.000064,0.000058,0.000076,0.000065,0.000075,0.000059,0.000063,0.000076,0.000086,0.000065,0.000089,0.000080,0.000104,0.000078,0.000034,0.000064,0.000050,0.000087,0.000070,0.000059,0.000024,0.000028,0.000027,0.000041,0.000055,0.000064,0.000042,0.000060,0.000051,0.000057,0.000011,0.000009,0.000047,0.000088
937,,,,,,,,,,,,,,0.000010,0.000121,0.000098,0.000087,0.000078,0.000106,0.000062,0.000063,0.000080,0.000100,0.000083,0.000133,0.000115,0.000109,0.000091,0.000096,0.000063,0.000041,0.000057,0.000102,0.000073,0.000102,0.000095,0.000032,0.000062,0.000080,0.000092,0.000139,0.000120,0.000064,0.000067,0.000072,0.000055,0.000021,0.000022,0.000064,0.000101
938,,,,,,,,,,,,,,0.000030,0.000409,0.000375,0.000301,0.000244,0.000311,0.000180,0.000219,0.000204,0.000173,0.000146,0.000196,0.000182,0.000135,0.000104,0.000113,0.000099,0.000052,0.000085,0.000088,0.000150,0.000191,0.000183,0.000078,0.000048,0.000054,0.000067,0.000111,0.000116,0.000065,0.000107,0.000132,0.000107,0.000010,0.000007,0.000063,0.000113
939,,,,,,,,,,,,,,0.000005,0.000139,0.000153,0.000173,0.000108,0.000123,0.000148,0.000205,0.000128,0.000110,0.000070,0.000114,0.000109,0.000098,0.000107,0.000145,0.000177,0.000099,0.000134,0.000106,0.000106,0.000093,0.000080,0.000038,0.000036,0.000034,0.000030,0.000040,0.000035,0.000038,0.000122,0.000070,0.000028,0.000006,0.000005,0.000024,0.000026
940,,,,,,,,,,,,,,0.000012,0.000204,0.000137,0.000116,0.000080,0.000124,0.000088,0.000104,0.000111,0.000106,0.000109,0.000137,0.000146,0.000178,0.000212,0.000163,0.000131,0.000066,0.000081,0.000067,0.000087,0.000067,0.000068,0.000106,0.000067,0.000039,0.000039,0.000097,0.000086,0.000049,0.000054,0.000051,0.000038,0.000009,0.000008,0.000034,0.000055
941,,,,,,,,,,,,,,0.000007,0.000121,0.000110,0.000074,0.000058,0.000083,0.000047,0.000051,0.000052,0.000046,0.000046,0.000077,0.000060,0.000067,0.000065,0.000073,0.000045,0.000040,0.000074,0.000061,0.000058,0.000067,0.000050,0.000024,0.000026,0.000028,0.000023,0.000058,0.000059,0.000038,0.000048,0.000039,0.000039,0.000007,0.000007,0.000029,0.000034
942,,,,,,,,,,,,,,0.000009,0.000111,0.000071,0.000064,0.000092,0.000109,0.000082,0.000099,0.000122,0.000086,0.000092,0.000133,0.000117,0.000102,0.000179,0.000192,0.000241,0.000487,0.000365,0.000163,0.000150,0.000117,0.000111,0.000035,0.000044,0.000046,0.000041,0.000065,0.000060,0.000042,0.000055,0.000070,0.000054,0.000010,0.000008,0.000046,0.000090
943,,,,,,,,,,,,,,0.000003,0.000044,0.000040,0.000028,0.000029,0.000048,0.000139,0.000133,0.000164,0.000180,0.000272,0.000211,0.000182,0.000144,0.000133,0.000093,0.000098,0.000056,0.000112,0.000102,0.000067,0.000078,0.000081,0.000049,0.000037,0.000033,0.000035,0.000044,0.000048,0.000044,0.000120,0.000175,0.000189,0.000016,0.000008,0.000036,0.000049
944,,,,,,,,,,,,,,0.000007,0.000250,0.000311,0.000273,0.000232,0.000319,0.000221,0.000218,0.000232,0.000213,0.000148,0.000210,0.000199,0.000186,0.000173,0.000183,0.000167,0.000066,0.000095,0.000062,0.000095,0.000110,0.000185,0.000077,0.000076,0.000050,0.000060,0.000103,0.000069,0.000026,0.000047,0.000062,0.000089,0.000015,0.000006,0.000035,0.000060
945,,,,,,,,,,,,,,0.000004,0.000049,0.000044,0.000088,0.000141,0.000263,0.000093,0.000093,0.000085,0.000057,0.000083,0.000085,0.000052,0.000046,0.000052,0.000036,0.000043,0.000060,0.000072,0.000052,0.000089,0.000121,0.000073,0.000034,0.000031,0.000018,0.000026,0.000051,0.000071,0.000073,0.000131,0.000143,0.000167,0.000024,0.000018,0.000041,0.000066
946,,,,,,,,,,,,,,0.000005,0.000076,0.000064,0.000086,0.000111,0.000178,0.000125,0.000145,0.000176,0.000135,0.000099,0.000135,0.000120,0.000113,0.000107,0.000113,0.000087,0.000057,0.000089,0.000061,0.000069,0.000101,0.000128,0.000062,0.000071,0.000037,0.000037,0.000097,0.000144,0.000090,0.000194,0.000083,0.000041,0.000006,0.000006,0.000021,0.000030
947,,,,,,,,,,,,,,0.000013,0.000232,0.000195,0.000182,0.000217,0.000331,0.000176,0.000221,0.000202,0.000159,0.000118,0.000127,0.000120,0.000140,0.000148,0.000245,0.000415,0.000160,0.000196,0.000115,0.000171,0.000287,0.000207,0.000080,0.000058,0.000050,0.000055,0.000083,0.000069,0.000037,0.000035,0.000052,0.000058,0.000009,0.000008,0.000075,0.000111
948,,,,,,,,,,,,,,0.000003,0.000065,0.000040,0.000036,0.000033,0.000047,0.000048,0.000060,0.000044,0.000038,0.000039,0.000053,0.000034,0.000032,0.000037,0.000038,0.000036,0.000028,0.000043,0.000028,0.000083,0.000059,0.000052,0.000028,0.000030,0.000023,0.000026,0.000056,0.000069,0.000047,0.000079,0.000052,0.000063,0.000017,0.000010,0.000038,0.000068
949,,,,,,,,,,,,,,0.000005,0.000066,0.000057,0.000051,0.000055,0.000100,0.000087,0.000067,0.000062,0.000052,0.000043,0.000056,0.000071,0.000069,0.000048,0.000108,0.000067,0.000068,0.000071,0.000026,0.000042,0.000050,0.000037,0.000031,0.000039,0.000023,0.000022,0.000070,0.000057,0.000051,0.000073,0.000047,0.000043,0.000019,0.000016,0.000045,0.000071
950,,,,,,,,,,,,,,0.000003,0.000063,0.000038,0.000060,0.000160,0.000389,0.000476,0.000585,0.000650,0.000448,0.000296,0.000294,0.000221,0.000164,0.000160,0.000112,0.000126,0.000059,0.000130,0.000103,0.000080,0.000052,0.000055,0.000026,0.000031,0.000033,0.000036,0.000054,0.000070,0.000033,0.000078,0.000093,0.000131,0.000020,0.000009,0.000034,0.000042
951,,,,,,,,,,,,,,0.000004,0.000054,0.000055,0.000058,0.000112,0.000072,0.000036,0.000051,0.000049,0.000039,0.000083,0.000074,0.000077,0.000072,0.000056,0.000070,0.000078,0.000042,0.000065,0.000060,0.000063,0.000072,0.000078,0.000033,0.000029,0.000033,0.000043,0.000177,0.000157,0.000053,0.000081,0.000085,0.000064,0.000008,0.000004,0.000015,0.000023
952,,,,,,,,,,,,,,0.000007,0.000091,0.000057,0.000057,0.000067,0.000082,0.000088,0.000109,0.000075,0.000106,0.000073,0.000119,0.000075,0.000063,0.000032,0.000026,0.000027,0.000032,0.000051,0.000047,0.000215,0.000360,0.000441,0.000377,0.000425,0.000272,0.000236,0.000484,0.000437,0.000241,0.000306,0.000262,0.000263,0.000028,0.000026,0.000200,0.000176
953,,,,,,,,,,,,,,0.000003,0.000124,0.000148,0.000146,0.000143,0.000166,0.000097,0.000106,0.000092,0.000086,0.000085,0.000109,0.000110,0.000098,0.000072,0.000083,0.000081,0.000042,0.000069,0.000065,0.000083,0.000120,0.000147,0.000079,0.000044,0.000030,0.000016,0.000033,0.000033,0.000029,0.000061,0.000119,0.000205,0.000017,0.000007,0.000031,0.000037
954,,,,,,,,,,,,,,0.000002,0.000029,0.000033,0.000041,0.000106,0.000203,0.000154,0.000181,0.000152,0.000133,0.000135,0.000195,0.000200,0.000192,0.000153,0.000125,0.000105,0.000049,0.000089,0.000053,0.000087,0.000074,0.000055,0.000021,0.000025,0.000021,0.000016,0.000020,0.000024,0.000023,0.000041,0.000035,0.000037,0.000019,0.000014,0.000031,0.000026
955,,,,,,,,,,,,,,0.000003,0.000035,0.000041,0.000031,0.000033,0.000051,0.000038,0.000063,0.000070,0.000056,0.000043,0.000066,0.000044,0.000049,0.000050,0.000056,0.000051,0.000033,0.000046,0.000031,0.000042,0.000041,0.000057,0.000025,0.000032,0.000033,0.000022,0.000068,0.000118,0.000146,0.000058,0.000047,0.000043,0.000006,0.000004,0.000017,0.000025
956,,,,,,,,,,,,,,0.000005,0.000068,0.000052,0.000061,0.000077,0.000190,0.000151,0.000116,0.000109,0.000093,0.000093,0.000104,0.000129,0.000143,0.000105,0.000139,0.000121,0.000066,0.000175,0.000157,0.000115,0.000117,0.000100,0.000046,0.000042,0.000038,0.000028,0.000041,0.000049,0.000033,0.000045,0.000049,0.000037,0.000013,0.000015,0.000037,0.000066
957,,,,,,,,,,,,,,0.000004,0.000057,0.000051,0.000036,0.000057,0.000074,0.000077,0.000113,0.000126,0.000091,0.000087,0.000128,0.000126,0.000096,0.000070,0.000072,0.000060,0.000029,0.000052,0.000044,0.000085,0.000124,0.000126,0.000046,0.000038,0.000030,0.000027,0.000057,0.000043,0.000026,0.000038,0.000039,0.000031,0.000006,0.000009,0.000104,0.000100
958,,,,,,,,,,,,,,0.000005,0.000121,0.000120,0.000083,0.000061,0.000080,0.000065,0.000095,0.000095,0.000087,0.000081,0.000095,0.000075,0.000090,0.000088,0.000097,0.000070,0.000044,0.000042,0.000055,0.000056,0.000073,0.000075,0.000045,0.000078,0.000052,0.000036,0.000059,0.000080,0.000101,0.000250,0.000109,0.000060,0.000007,0.000006,0.000036,0.000068
959,,,,,,,,,,,,,,0.000005,0.000084,0.000070,0.000067,0.000067,0.000159,0.000106,0.000144,0.000083,0.000064,0.000046,0.000049,0.000075,0.000069,0.000105,0.000138,0.000188,0.000100,0.000182,0.000161,0.000126,0.000120,0.000098,0.000044,0.000044,0.000029,0.000026,0.000070,0.000062,0.000046,0.000075,0.000095,0.000129,0.000012,0.000008,0.000024,0.000029
960,,,,,,,,,,,,,,0.000006,0.000054,0.000050,0.000034,0.000041,0.000035,0.000108,0.000126,0.000128,0.000224,0.000406,0.000258,0.000221,0.000187,0.000203,0.000277,0.000262,0.000120,0.000208,0.000198,0.000170,0.000150,0.000089,0.000079,0.000049,0.000039,0.000080,0.000135,0.000119,0.000078,0.000075,0.000052,0.000046,0.000008,0.000008,0.000037,0.000041
961,,,,,,,,,,,,,,0.000023,0.000349,0.000231,0.000192,0.000170,0.000225,0.000131,0.000171,0.000180,0.000146,0.000112,0.000186,0.000168,0.000159,0.000122,0.000160,0.000152,0.000056,0.000084,0.000098,0.000093,0.000102,0.000094,0.000028,0.000031,0.000027,0.000024,0.000044,0.000043,0.000023,0.000115,0.000210,0.000114,0.000010,0.000009,0.000065,0.000187
962,,,,,,,,,,,,,,0.000004,0.000077,0.000098,0.000091,0.000085,0.000081,0.000071,0.000081,0.000072,0.000072,0.000056,0.000116,0.000112,0.000114,0.000120,0.000154,0.000171,0.000074,0.000143,0.000111,0.000167,0.000218,0.000202,0.000073,0.000069,0.000061,0.000063,0.000137,0.000176,0.000112,0.000168,0.000149,0.000144,0.000015,0.000011,0.000038,0.000030
963,,,,,,,,,,,,,,0.000014,0.000156,0.000162,0.000155,0.000144,0.000238,0.000157,0.000212,0.000197,0.000203,0.000178,0.000238,0.000244,0.000281,0.000300,0.000327,0.000349,0.000130,0.000305,0.000231,0.000367,0.000425,0.000432,0.000154,0.000126,0.000087,0.000049,0.000092,0.000067,0.000053,0.000077,0.000097,0.000084,0.000010,0.000008,0.000044,0.000069
964,,,,,,,,,,,,,,0.000009,0.000127,0.000107,0.000072,0.000067,0.000108,0.000069,0.000083,0.000080,0.000098,0.000104,0.000113,0.000114,0.000101,0.000073,0.000097,0.000066,0.000058,0.000131,0.000063,0.000084,0.000082,0.000057,0.000018,0.000026,0.000021,0.000029,0.000065,0.000105,0.000091,0.000121,0.000098,0.000115,0.000011,0.000006,0.000026,0.000024
965,,,,,,,,,,,,,,0.000004,0.000061,0.000052,0.000053,0.000065,0.000093,0.000067,0.000095,0.000095,0.000102,0.000086,0.000115,0.000124,0.000118,0.000128,0.000120,0.000118,0.000061,0.000075,0.000057,0.000081,0.000093,0.000084,0.000038,0.000033,0.000028,0.000025,0.000075,0.000145,0.000244,0.000099,0.000079,0.000079,0.000009,0.000006,0.000031,0.000037
966,,,,,,,,,,,,,,0.000013,0.000147,0.000128,0.000094,0.000117,0.000226,0.000233,0.000430,0.000486,0.000438,0.000291,0.000401,0.000357,0.000274,0.000171,0.000204,0.000219,0.000071,0.000121,0.000070,0.000070,0.000078,0.000067,0.000026,0.000032,0.000027,0.000024,0.000048,0.000056,0.000042,0.000039,0.000036,0.000060,0.000007,0.000005,0.000021,0.000030
967,,,,,,,,,,,,,,0.000003,0.000049,0.000059,0.000053,0.000066,0.000062,0.000042,0.000051,0.000051,0.000061,0.000037,0.000064,0.000067,0.000059,0.000064,0.000063,0.000062,0.000101,0.000225,0.000152,0.000195,0.000148,0.000107,0.000046,0.000067,0.000032,0.000020,0.000028,0.000028,0.000021,0.000034,0.000035,0.000038,0.000007,0.000006,0.000022,0.000033
968,,,,,,,,,,,,,,0.000007,0.000062,0.000058,0.000051,0.000057,0.000066,0.000052,0.000057,0.000123,0.000078,0.000122,0.000108,0.000109,0.000084,0.000076,0.000098,0.000097,0.000054,0.000097,0.000113,0.000159,0.000226,0.000215,0.000098,0.000071,0.000035,0.000025,0.000026,0.000031,0.000028,0.000043,0.000035,0.000046,0.000009,0.000011,0.000065,0.000074
969,,,,,,,,,,,,,,0.000007,0.000070,0.000065,0.000067,0.000087,0.000145,0.000087,0.000154,0.000210,0.000228,0.000211,0.000280,0.000284,0.000446,0.000587,0.000797,0.000817,0.000234,0.000495,0.000187,0.000213,0.000163,0.000101,0.000052,0.000043,0.000069,0.000038,0.000071,0.000064,0.000047,0.000057,0.000054,0.000046,0.000013,0.000011,0.000068,0.000102
970,,,,,,,,,,,,,,0.000012,0.000246,0.000152,0.000121,0.000096,0.000103,0.000072,0.000084,0.000082,0.000060,0.000028,0.000063,0.000044,0.000042,0.000034,0.000065,0.000048,0.000062,0.000119,0.000102,0.000161,0.000166,0.000266,0.000189,0.000181,0.000108,0.000068,0.000122,0.000092,0.000061,0.000092,0.000071,0.000058,0.000013,0.000008,0.000026,0.000040
971,,,,,,,,,,,,,,0.000006,0.000111,0.000090,0.000071,0.000068,0.000211,0.000161,0.000261,0.000380,0.000444,0.000400,0.000667,0.000644,0.000540,0.000387,0.000369,0.000286,0.000074,0.000115,0.000086,0.000104,0.000097,0.000120,0.000040,0.000038,0.000031,0.000032,0.000054,0.000067,0.000063,0.000063,0.000050,0.000054,0.000008,0.000005,0.000031,0.000053
972,,,,,,,,,,,,,,0.000007,0.000133,0.000111,0.000122,0.000140,0.000202,0.000127,0.000127,0.000114,0.000091,0.000082,0.000106,0.000097,0.000082,0.000054,0.000068,0.000045,0.000034,0.000023,0.000023,0.000041,0.000066,0.000100,0.000061,0.000068,0.000043,0.000041,0.000060,0.000059,0.000041,0.000069,0.000077,0.000055,0.000006,0.000006,0.000046,0.000089
973,,,,,,,,,,,,,,0.000008,0.000130,0.000102,0.000079,0.000082,0.000103,0.000091,0.000081,0.000094,0.000094,0.000098,0.000115,0.000106,0.000088,0.000080,0.000076,0.000062,0.000040,0.000096,0.000141,0.000200,0.000115,0.000110,0.000048,0.000087,0.000044,0.000031,0.000054,0.000055,0.000035,0.000039,0.000041,0.000038,0.000006,0.000005,0.000024,0.000083
974,,,,,,,,,,,,,,0.000009,0.000132,0.000090,0.000081,0.000087,0.000094,0.000085,0.000112,0.000097,0.000097,0.000150,0.000229,0.000282,0.000420,0.000344,0.000417,0.000301,0.000140,0.000158,0.000082,0.000107,0.000091,0.000076,0.000056,0.000055,0.000049,0.000031,0.000043,0.000046,0.000061,0.000028,0.000039,0.000037,0.000007,0.000009,0.000080,0.000138
975,,,,,,,,,,,,,,0.000003,0.000079,0.000058,0.000052,0.000068,0.000074,0.000063,0.000096,0.000066,0.000076,0.000163,0.000057,0.000083,0.000067,0.000058,0.000097,0.000101,0.000116,0.000309,0.000199,0.000150,0.000140,0.000111,0.000051,0.000056,0.000055,0.000044,0.000076,0.000065,0.000057,0.000092,0.000107,0.000127,0.000016,0.000011,0.000038,0.000039
976,,,,,,,,,,,,,,0.000006,0.000087,0.000087,0.000093,0.000116,0.000119,0.000076,0.000083,0.000099,0.000089,0.000075,0.000107,0.000091,0.000075,0.000102,0.000101,0.000057,0.000026,0.000048,0.000042,0.000059,0.000117,0.000132,0.000069,0.000047,0.000034,0.000049,0.000174,0.000179,0.000083,0.000078,0.000050,0.000036,0.000004,0.000004,0.000021,0.000030
977,,,,,,,,,,,,,,0.000006,0.000109,0.000105,0.000123,0.000095,0.000100,0.000091,0.000083,0.000094,0.000083,0.000116,0.000145,0.000107,0.000086,0.000082,0.000116,0.000105,0.000063,0.000086,0.000108,0.000165,0.000121,0.000107,0.000052,0.000050,0.000063,0.000105,0.000108,0.000064,0.000049,0.000075,0.000075,0.000059,0.000008,0.000007,0.000031,0.000035
978,,,,,,,,,,,,,,0.000007,0.000060,0.000058,0.000070,0.000092,0.000124,0.000081,0.000106,0.000086,0.000091,0.000070,0.000093,0.000092,0.000081,0.000059,0.000078,0.000068,0.000049,0.000032,0.000064,0.000075,0.000166,0.000233,0.000116,0.000077,0.000053,0.000082,0.000165,0.000201,0.000165,0.000267,0.000255,0.000254,0.000024,0.000013,0.000044,0.000052
979,,,,,,,,,,,,,,0.000010,0.000188,0.000143,0.000147,0.000160,0.000239,0.000141,0.000170,0.000160,0.000096,0.000107,0.000109,0.000113,0.000098,0.000084,0.000085,0.000075,0.000036,0.000063,0.000050,0.000058,0.000059,0.000064,0.000030,0.000030,0.000037,0.000025,0.000043,0.000053,0.000037,0.000044,0.000032,0.000036,0.000007,0.000007,0.000024,0.000059
980,,,,,,,,,,,,,,0.000006,0.000092,0.000073,0.000079,0.000070,0.000095,0.000055,0.000096,0.000094,0.000090,0.000075,0.000101,0.000113,0.000128,0.000074,0.000055,0.000050,0.000058,0.000058,0.000050,0.000080,0.000092,0.000069,0.000063,0.000068,0.000053,0.000032,0.000082,0.000130,0.000125,0.000084,0.000075,0.000084,0.000013,0.000009,0.000026,0.000043
981,,,,,,,,,,,,,,0.000004,0.000074,0.000053,0.000039,0.000040,0.000049,0.000049,0.000043,0.000061,0.000053,0.000055,0.000052,0.000053,0.000056,0.000068,0.000103,0.000084,0.000057,0.000132,0.000115,0.000153,0.000145,0.000095,0.000045,0.000066,0.000075,0.000059,0.000094,0.000093,0.000056,0.000075,0.000067,0.000062,0.000011,0.000013,0.000083,0.000089
982,,,,,,,,,,,,,,0.000011,0.000236,0.000256,0.000192,0.000191,0.000272,0.000204,0.000276,0.000266,0.000267,0.000185,0.000239,0.000226,0.000196,0.000149,0.000137,0.000127,0.000064,0.000086,0.000061,0.000080,0.000095,0.000210,0.000132,0.000086,0.000047,0.000032,0.000076,0.000089,0.000078,0.000110,0.000118,0.000161,0.000017,0.000011,0.000029,0.000045
983,,,,,,,,,,,,,,0.000005,0.000080,0.000053,0.000043,0.000049,0.000062,0.000038,0.000052,0.000086,0.000093,0.000112,0.000235,0.000340,0.000475,0.000506,0.000538,0.000330,0.000103,0.000144,0.000100,0.000133,0.000296,0.000174,0.000085,0.000052,0.000031,0.000029,0.000046,0.000038,0.000027,0.000042,0.000034,0.000034,0.000031,0.000035,0.000069,0.000061
984,,,,,,,,,,,,,,0.000004,0.000052,0.000059,0.000118,0.000218,0.000299,0.000174,0.000153,0.000133,0.000112,0.000090,0.000143,0.000123,0.000124,0.000121,0.000118,0.000108,0.000046,0.000090,0.000091,0.000076,0.000092,0.000071,0.000027,0.000023,0.000027,0.000025,0.000048,0.000086,0.000086,0.000087,0.000062,0.000052,0.000008,0.000006,0.000018,0.000024
985,,,,,,,,,,,,,,0.000011,0.000192,0.000150,0.000119,0.000105,0.000085,0.000121,0.000105,0.000081,0.000093,0.000094,0.000168,0.000160,0.000153,0.000146,0.000150,0.000134,0.000055,0.000094,0.000105,0.000073,0.000092,0.000113,0.000065,0.000043,0.000032,0.000036,0.000077,0.000063,0.000048,0.000074,0.000073,0.000038,0.000008,0.000009,0.000033,0.000063
986,,,,,,,,,,,,,,0.000005,0.000081,0.000081,0.000126,0.000132,0.000177,0.000103,0.000128,0.000132,0.000117,0.000083,0.000089,0.000096,0.000079,0.000067,0.000110,0.000140,0.000072,0.000085,0.000043,0.000077,0.000072,0.000049,0.000038,0.000057,0.000074,0.000103,0.000262,0.000204,0.000087,0.000065,0.000068,0.000061,0.000009,0.000007,0.000043,0.000070
987,,,,,,,,,,,,,,0.000006,0.000099,0.000080,0.000059,0.000072,0.000109,0.000098,0.000124,0.000111,0.000117,0.000111,0.000112,0.000105,0.000094,0.000103,0.000077,0.000082,0.000057,0.000067,0.000070,0.000083,0.000082,0.000127,0.000117,0.000204,0.000147,0.000127,0.000252,0.000226,0.000114,0.000117,0.000097,0.000091,0.000010,0.000008,0.000033,0.000044
988,,,,,,,,,,,,,,0.000006,0.000055,0.000043,0.000053,0.000051,0.000070,0.000038,0.000059,0.000055,0.000039,0.000034,0.000052,0.000045,0.000030,0.000040,0.000065,0.000059,0.000033,0.000045,0.000046,0.000151,0.000308,0.000286,0.000103,0.000066,0.000051,0.000033,0.000068,0.000075,0.000040,0.000050,0.000059,0.000047,0.000012,0.000012,0.000064,0.000076
989,,,,,,,,,,,,,,0.000004,0.000113,0.000092,0.000063,0.000061,0.000087,0.000069,0.000059,0.000034,0.000032,0.000027,0.000060,0.000045,0.000050,0.000089,0.000149,0.000119,0.000074,0.000125,0.000091,0.000160,0.000150,0.000127,0.000046,0.000028,0.000031,0.000032,0.000079,0.000048,0.000023,0.000033,0.000035,0.000050,0.000008,0.000005,0.000023,0.000038
990,,,,,,,,,,,,,,0.000003,0.000089,0.000103,0.000172,0.000100,0.000076,0.000052,0.000045,0.000058,0.000083,0.000068,0.000113,0.000102,0.000103,0.000098,0.000112,0.000092,0.000055,0.000063,0.000036,0.000053,0.000059,0.000073,0.000046,0.000076,0.000045,0.000037,0.000093,0.000090,0.000032,0.000038,0.000039,0.000032,0.000006,0.000005,0.000027,0.000035
991,,,,,,,,,,,,,,0.000006,0.000091,0.000072,0.000057,0.000077,0.000079,0.000046,0.000084,0.000089,0.000113,0.000128,0.000166,0.000154,0.000153,0.000128,0.000191,0.000108,0.000050,0.000057,0.000057,0.000079,0.000103,0.000088,0.000059,0.000077,0.000072,0.000055,0.000134,0.000138,0.000096,0.000105,0.000096,0.000107,0.000038,0.000022,0.000052,0.000050
992,,,,,,,,,,,,,,0.000006,0.000083,0.000069,0.000068,0.000072,0.000087,0.000054,0.000076,0.000069,0.000051,0.000044,0.000064,0.000067,0.000081,0.000059,0.000081,0.000063,0.000042,0.000067,0.000048,0.000075,0.000071,0.000068,0.000038,0.000026,0.000018,0.000021,0.000105,0.000204,0.000142,0.000160,0.000099,0.000071,0.000006,0.000004,0.000027,0.000050
993,,,,,,,,,,,,,,0.000011,0.000154,0.000113,0.000109,0.000096,0.000111,0.000087,0.000094,0.000097,0.000087,0.000085,0.000116,0.000095,0.000088,0.000106,0.000091,0.000090,0.000049,0.000101,0.000090,0.000131,0.000120,0.000088,0.000037,0.000037,0.000028,0.000023,0.000071,0.000046,0.000032,0.000040,0.000035,0.000027,0.000004,0.000004,0.000020,0.000058
994,,,,,,,,,,,,,,0.000008,0.000088,0.000054,0.000073,0.000048,0.000058,0.000076,0.000093,0.000065,0.000056,0.000056,0.000080,0.000092,0.000080,0.000095,0.000112,0.000140,0.000097,0.000109,0.000113,0.000180,0.000170,0.000140,0.000060,0.000043,0.000040,0.000038,0.000058,0.000056,0.000027,0.000072,0.000061,0.000037,0.000011,0.000015,0.000167,0.000154
995,,,,,,,,,,,,,,0.000009,0.000174,0.000145,0.000123,0.000086,0.000091,0.000071,0.000086,0.000101,0.000074,0.000060,0.000094,0.000109,0.000096,0.000093,0.000115,0.000097,0.000059,0.000134,0.000097,0.000126,0.000150,0.000132,0.000061,0.000050,0.000040,0.000029,0.000040,0.000031,0.000018,0.000017,0.000013,0.000013,0.000006,0.000007,0.000032,0.000051
996,,,,,,,,,,,,,,0.000011,0.000217,0.000194,0.000133,0.000099,0.000218,0.000201,0.000249,0.000292,0.000303,0.000399,0.000481,0.000558,0.000529,0.000454,0.000378,0.000252,0.000115,0.000191,0.000095,0.000114,0.000132,0.000118,0.000085,0.000116,0.000096,0.000061,0.000103,0.000075,0.000034,0.000040,0.000024,0.000024,0.000006,0.000006,0.000029,0.000038
997,,,,,,,,,,,,,,0.000003,0.000059,0.000072,0.000073,0.000052,0.000063,0.000054,0.000072,0.000080,0.000085,0.000085,0.000106,0.000104,0.000094,0.000089,0.000111,0.000117,0.000058,0.000121,0.000183,0.000207,0.000160,0.000130,0.000038,0.000052,0.000027,0.000045,0.000082,0.000060,0.000036,0.000119,0.000131,0.000100,0.000005,0.000006,0.000027,0.000034
998,,,,,,,,,,,,,,0.000011,0.000192,0.000117,0.000093,0.000075,0.000111,0.000086,0.000128,0.000154,0.000130,0.000123,0.000238,0.000243,0.000208,0.000140,0.000155,0.000131,0.000048,0.000059,0.000075,0.000084,0.000082,0.000071,0.000040,0.000039,0.000035,0.000062,0.000192,0.000203,0.000160,0.000307,0.000222,0.000143,0.000010,0.000007,0.000029,0.000032
999,,,,,,,,,,,,,,0.000003,0.000049,0.000040,0.000032,0.000042,0.000048,0.000040,0.000039,0.000032,0.000026,0.000037,0.000047,0.000032,0.000037,0.000048,0.000065,0.000066,0.000050,0.000091,0.000062,0.000061,0.000042,0.000044,0.000022,0.000030,0.000032,0.000048,0.000113,0.000115,0.000092,0.000170,0.000153,0.000098,0.000013,0.000009,0.000040,0.000042
1000,,,,,,,,,,,,,,0.000019,0.000275,0.000210,0.000116,0.000103,0.000125,0.000081,0.000140,0.000106,0.000094,0.000098,0.000123,0.000124,0.000121,0.000101,0.000109,0.000080,0.000045,0.000089,0.000058,0.000110,0.000128,0.000118,0.000044,0.000042,0.000025,0.000033,0.000071,0.000086,0.000040,0.000038,0.000038,0.000031,0.000007,0.000006,0.000029,0.000044
1001,,,,,,,,,,,,,,0.000006,0.000085,0.000095,0.000072,0.000055,0.000069,0.000053,0.000073,0.000073,0.000056,0.000059,0.000072,0.000068,0.000053,0.000046,0.000059,0.000061,0.000039,0.000039,0.000037,0.000081,0.000173,0.000299,0.000153,0.000076,0.000035,0.000028,0.000038,0.000037,0.000031,0.000028,0.000022,0.000019,0.000005,0.000005,0.000027,0.000036
1002,,,,,,,,,,,,,,0.000003,0.000044,0.000053,0.000045,0.000092,0.000197,0.000116,0.000128,0.000197,0.000165,0.000124,0.000184,0.000151,0.000120,0.000108,0.000084,0.000080,0.000064,0.000080,0.000060,0.000073,0.000085,0.000060,0.000029,0.000051,0.000060,0.000024,0.000035,0.000033,0.000040,0.000057,0.000047,0.000046,0.000015,0.000006,0.000051,0.000028
1003,,,,,,,,,,,,,,0.000007,0.000074,0.000066,0.000071,0.000060,0.000091,0.000084,0.000117,0.000146,0.000125,0.000106,0.000179,0.000176,0.000161,0.000114,0.000098,0.000111,0.000046,0.000056,0.000049,0.000079,0.000113,0.000128,0.000067,0.000082,0.000065,0.000072,0.000099,0.000090,0.000071,0.000075,0.000102,0.000121,0.000015,0.000010,0.000036,0.000043
1004,,,,,,,,,,,,,,0.000004,0.000292,0.000104,0.000090,0.000081,0.000090,0.000089,0.000071,0.000076,0.000073,0.000071,0.000118,0.000086,0.000089,0.000080,0.000087,0.000096,0.000074,0.000104,0.000064,0.000085,0.000083,0.000091,0.000044,0.000036,0.000023,0.000025,0.000034,0.000045,0.000048,0.000199,0.000104,0.000068,0.000011,0.000008,0.000036,0.000047
1005,,,,,,,,,,,,,,0.000011,0.000327,0.000269,0.000163,0.000114,0.000154,0.000100,0.000193,0.000177,0.000157,0.000102,0.000131,0.000139,0.000122,0.000076,0.000103,0.000077,0.000037,0.000058,0.000064,0.000220,0.000498,0.000536,0.000201,0.000146,0.000083,0.000043,0.000109,0.000131,0.000149,0.000260,0.000230,0.000185,0.000011,0.000004,0.000026,0.000055
1006,,,,,,,,,,,,,,0.000004,0.000066,0.000047,0.000047,0.000057,0.000082,0.000069,0.000095,0.000100,0.000099,0.000061,0.000095,0.000095,0.000097,0.000088,0.000081,0.000072,0.000042,0.000077,0.000054,0.000055,0.000070,0.000062,0.000034,0.000031,0.000024,0.000027,0.000115,0.000302,0.000276,0.000420,0.000383,0.000410,0.000038,0.000015,0.000070,0.000090
1007,,,,,,,,,,,,,,0.000009,0.000123,0.000074,0.000083,0.000069,0.000057,0.000059,0.000060,0.000034,0.000038,0.000048,0.000121,0.000137,0.000167,0.000118,0.000065,0.000066,0.000048,0.000051,0.000049,0.000068,0.000081,0.000098,0.000048,0.000056,0.000057,0.000058,0.000180,0.000216,0.000128,0.000151,0.000111,0.000118,0.000015,0.000010,0.000026,0.000051
1008,,,,,,,,,,,,,,0.000006,0.000109,0.000105,0.000091,0.000079,0.000112,0.000065,0.000056,0.000061,0.000053,0.000057,0.000064,0.000077,0.000065,0.000084,0.000094,0.000099,0.000083,0.000105,0.000094,0.000167,0.000204,0.000234,0.000170,0.000233,0.000097,0.000057,0.000089,0.000100,0.000052,0.000037,0.000038,0.000039,0.000008,0.000009,0.000032,0.000048
1009,,,,,,,,,,,,,,0.000004,0.000067,0.000062,0.000064,0.000077,0.000104,0.000069,0.000122,0.000108,0.000105,0.000076,0.000133,0.000126,0.000125,0.000096,0.000105,0.000092,0.000046,0.000072,0.000060,0.000111,0.000086,0.000091,0.000037,0.000037,0.000028,0.000028,0.000058,0.000063,0.000037,0.000044,0.000047,0.000045,0.000011,0.000008,0.000066,0.000085
1010,,,,,,,,,,,,,,0.000004,0.000068,0.000062,0.000059,0.000056,0.000080,0.000080,0.000118,0.000107,0.000089,0.000084,0.000118,0.000118,0.000123,0.000106,0.000103,0.000076,0.000030,0.000063,0.000051,0.000063,0.000084,0.000074,0.000031,0.000033,0.000071,0.000022,0.000055,0.000052,0.000044,0.000063,0.000047,0.000039,0.000007,0.000005,0.000021,0.000030
1011,,,,,,,,,,,,,,0.000003,0.000060,0.000121,0.000198,0.000150,0.000160,0.000070,0.000070,0.000045,0.000046,0.000038,0.000059,0.000064,0.000069,0.000135,0.000268,0.000200,0.000050,0.000077,0.000057,0.000054,0.000051,0.000060,0.000026,0.000023,0.000019,0.000020,0.000028,0.000032,0.000029,0.000032,0.000038,0.000036,0.000006,0.000006,0.000029,0.000031
1012,,,,,,,,,,,,,,0.000006,0.000056,0.000113,0.000107,0.000101,0.000199,0.000175,0.000330,0.000504,0.000436,0.000474,0.000495,0.000386,0.000236,0.000137,0.000085,0.000075,0.000058,0.000039,0.000076,0.000132,0.000137,0.000104,0.000033,0.000035,0.000034,0.000025,0.000032,0.000040,0.000062,0.000093,0.000111,0.000103,0.000020,0.000018,0.000112,0.000131
1013,,,,,,,,,,,,,,0.000004,0.000085,0.000083,0.000072,0.000083,0.000125,0.000106,0.000136,0.000156,0.000160,0.000176,0.000291,0.000330,0.000372,0.000376,0.000449,0.000299,0.000112,0.000176,0.000099,0.000132,0.000124,0.000126,0.000065,0.000047,0.000034,0.000032,0.000062,0.000067,0.000043,0.000061,0.000055,0.000046,0.000006,0.000006,0.000020,0.000028
1014,,,,,,,,,,,,,,0.000004,0.000060,0.000051,0.000054,0.000049,0.000060,0.000054,0.000061,0.000057,0.000068,0.000057,0.000055,0.000081,0.000078,0.000070,0.000075,0.000080,0.000046,0.000052,0.000053,0.000060,0.000054,0.000075,0.000041,0.000034,0.000030,0.000024,0.000040,0.000047,0.000038,0.000045,0.000046,0.000043,0.000007,0.000006,0.000028,0.000124
1015,,,,,,,,,,,,,,0.000007,0.000114,0.000125,0.000109,0.000111,0.000118,0.000085,0.000135,0.000169,0.000269,0.000243,0.000403,0.000427,0.000397,0.000299,0.000326,0.000258,0.000089,0.000092,0.000063,0.000096,0.000114,0.000149,0.000060,0.000044,0.000034,0.000034,0.000049,0.000075,0.000130,0.000055,0.000047,0.000034,0.000007,0.000005,0.000028,0.000040
1016,,,,,,,,,,,,,,0.000006,0.000084,0.000067,0.000055,0.000041,0.000051,0.000049,0.000137,0.000184,0.000126,0.000099,0.000127,0.000122,0.000105,0.000104,0.000143,0.000113,0.000054,0.000061,0.000050,0.000060,0.000093,0.000122,0.000120,0.000055,0.000033,0.000030,0.000051,0.000052,0.000035,0.000038,0.000034,0.000033,0.000005,0.000004,0.000019,0.000028
1017,,,,,,,,,,,,,,0.000005,0.000068,0.000043,0.000040,0.000032,0.000049,0.000052,0.000085,0.000084,0.000094,0.000081,0.000087,0.000086,0.000060,0.000067,0.000074,0.000070,0.000050,0.000091,0.000099,0.000138,0.000140,0.000143,0.000088,0.000107,0.000051,0.000033,0.000062,0.000085,0.000058,0.000073,0.000065,0.000071,0.000012,0.000010,0.000073,0.000079
1018,,,,,,,,,,,,,,0.000006,0.000109,0.000105,0.000079,0.000090,0.000180,0.000174,0.000307,0.000280,0.000254,0.000147,0.000230,0.000216,0.000204,0.000166,0.000144,0.000125,0.000061,0.000078,0.000059,0.000076,0.000098,0.000100,0.000044,0.000038,0.000030,0.000059,0.000229,0.000200,0.000102,0.000046,0.000039,0.000035,0.000007,0.000005,0.000030,0.000038
1019,,,,,,,,,,,,,,0.000007,0.000094,0.000086,0.000060,0.000047,0.000083,0.000079,0.000183,0.000139,0.000139,0.000141,0.000208,0.000309,0.000329,0.000470,0.000763,0.000471,0.000221,0.000248,0.000134,0.000163,0.000123,0.000066,0.000032,0.000038,0.000051,0.000062,0.000088,0.000165,0.000052,0.000037,0.000040,0.000035,0.000009,0.000007,0.000051,0.000079
1020,,,,,,,,,,,,,,0.000002,0.000026,0.000027,0.000036,0.000034,0.000050,0.000039,0.000066,0.000100,0.000097,0.000081,0.000165,0.000178,0.000112,0.000097,0.000101,0.000077,0.000033,0.000036,0.000044,0.000068,0.000082,0.000140,0.000063,0.000051,0.000036,0.000035,0.000076,0.000100,0.000071,0.000106,0.000109,0.000117,0.000011,0.000007,0.000021,0.000031
1021,,,,,,,,,,,,,,0.000005,0.000106,0.000139,0.000138,0.000207,0.000269,0.000136,0.000156,0.000149,0.000123,0.000089,0.000117,0.000119,0.000086,0.000080,0.000081,0.000092,0.000069,0.000067,0.000053,0.000068,0.000053,0.000071,0.000046,0.000030,0.000028,0.000022,0.000030,0.000055,0.000083,0.000060,0.000072,0.000097,0.000017,0.000012,0.000051,0.000070
1022,,,,,,,,,,,,,,0.000005,0.000081,0.000140,0.000262,0.000230,0.000253,0.000177,0.000295,0.000430,0.000484,0.000364,0.000468,0.000428,0.000373,0.000292,0.000372,0.000348,0.000116,0.000127,0.000079,0.000089,0.000091,0.000079,0.000042,0.000037,0.000030,0.000022,0.000040,0.000063,0.000049,0.000057,0.000047,0.000047,0.000010,0.000007,0.000033,0.000038
1023,,,,,,,,,,,,,,0.000008,0.000114,0.000128,0.000160,0.000165,0.000270,0.000417,0.000478,0.000335,0.000234,0.000138,0.000161,0.000130,0.000104,0.000100,0.000092,0.000112,0.000051,0.000068,0.000052,0.000064,0.000086,0.000073,0.000045,0.000031,0.000035,0.000057,0.000024,0.000025,0.000023,0.000017,0.000040,0.000042,0.000008,0.000007,0.000032,0.000047
1024,,,,,,,,,,,,,,0.000011,0.000115,0.000119,0.000085,0.000084,0.000180,0.000159,0.000187,0.000187,0.000165,0.000119,0.000175,0.000140,0.000115,0.000099,0.000103,0.000083,0.000037,0.000053,0.000048,0.000078,0.000088,0.000090,0.000049,0.000039,0.000026,0.000020,0.000038,0.000050,0.000034,0.000034,0.000027,0.000022,0.000004,0.000005,0.000022,0.000030
1025,,,,,,,,,,,,,,0.000003,0.000044,0.000024,0.000033,0.000040,0.000054,0.000059,0.000059,0.000052,0.000049,0.000041,0.000070,0.000060,0.000059,0.000057,0.000164,0.000079,0.000040,0.000061,0.000035,0.000034,0.000064,0.000062,0.000032,0.000019,0.000025,0.000030,0.000046,0.000071,0.000052,0.000087,0.000108,0.000165,0.000022,0.000012,0.000036,0.000029
1026,,,,,,,,,,,,,,0.000003,0.000062,0.000046,0.000055,0.000076,0.000080,0.000049,0.000046,0.000072,0.000071,0.000073,0.000091,0.000112,0.000081,0.000088,0.000115,0.000134,0.000074,0.000138,0.000079,0.000112,0.000202,0.000176,0.000050,0.000030,0.000026,0.000033,0.000052,0.000039,0.000030,0.000044,0.000043,0.000043,0.000006,0.000005,0.000022,0.000037
1027,,,,,,,,,,,,,,0.000006,0.000117,0.000201,0.000080,0.000080,0.000087,0.000077,0.000096,0.000106,0.000065,0.000040,0.000086,0.000109,0.000120,0.000123,0.000164,0.000116,0.000065,0.000065,0.000049,0.000100,0.000118,0.000165,0.000102,0.000078,0.000058,0.000046,0.000078,0.000097,0.000070,0.000226,0.000109,0.000073,0.000012,0.000009,0.000042,0.000076
1028,,,,,,,,,,,,,,0.000006,0.000104,0.000072,0.000077,0.000066,0.000079,0.000065,0.000090,0.000098,0.000087,0.000096,0.000103,0.000111,0.000111,0.000090,0.000128,0.000073,0.000047,0.000074,0.000052,0.000070,0.000049,0.000061,0.000036,0.000035,0.000024,0.000048,0.000060,0.000039,0.000038,0.000045,0.000037,0.000041,0.000008,0.000007,0.000028,0.000044
1029,,,,,,,,,,,,,,0.000002,0.000029,0.000026,0.000023,0.000018,0.000032,0.000067,0.000077,0.000065,0.000078,0.000082,0.000101,0.000106,0.000106,0.000104,0.000113,0.000091,0.000085,0.000157,0.000080,0.000082,0.000078,0.000078,0.000029,0.000021,0.000024,0.000019,0.000024,0.000021,0.000016,0.000019,0.000031,0.000037,0.000016,0.000012,0.000024,0.000033
1030,,,,,,,,,,,,,,0.000005,0.000054,0.000049,0.000046,0.000035,0.000073,0.000083,0.000157,0.000264,0.000320,0.000313,0.000576,0.000578,0.000510,0.000404,0.000372,0.000304,0.000083,0.000123,0.000076,0.000076,0.000088,0.000064,0.000032,0.000057,0.000050,0.000066,0.000073,0.000059,0.000036,0.000034,0.000023,0.000027,0.000010,0.000009,0.000062,0.000068
1031,,,,,,,,,,,,,,0.000006,0.000092,0.000074,0.000091,0.000163,0.000354,0.000349,0.000517,0.000470,0.000410,0.000326,0.000451,0.000352,0.000273,0.000184,0.000188,0.000172,0.000059,0.000085,0.000058,0.000097,0.000108,0.000094,0.000041,0.000046,0.000032,0.000031,0.000046,0.000051,0.000030,0.000047,0.000052,0.000032,0.000006,0.000005,0.000032,0.000058
1032,,,,,,,,,,,,,,0.000006,0.000083,0.000083,0.000118,0.000110,0.000133,0.000097,0.000151,0.000132,0.000154,0.000124,0.000218,0.000210,0.000187,0.000175,0.000204,0.000275,0.000092,0.000117,0.000068,0.000092,0.000126,0.000113,0.000052,0.000055,0.000044,0.000036,0.000067,0.000083,0.000048,0.000048,0.000047,0.000045,0.000012,0.000010,0.000033,0.000068
1033,,,,,,,,,,,,,,0.000006,0.000097,0.000122,0.000128,0.000188,0.000291,0.000283,0.000323,0.000302,0.000377,0.000432,0.000566,0.000609,0.000622,0.000658,0.000713,0.000711,0.000168,0.000262,0.000147,0.000138,0.000131,0.000105,0.000047,0.000033,0.000034,0.000027,0.000075,0.000076,0.000082,0.000109,0.000060,0.000039,0.000005,0.000005,0.000021,0.000022
1034,,,,,,,,,,,,,,0.000006,0.000097,0.000087,0.000073,0.000073,0.000085,0.000072,0.000113,0.000117,0.000108,0.000083,0.000116,0.000114,0.000123,0.000076,0.000079,0.000078,0.000055,0.000055,0.000049,0.000069,0.000087,0.000074,0.000042,0.000038,0.000034,0.000027,0.000037,0.000041,0.000033,0.000036,0.000037,0.000031,0.000007,0.000006,0.000025,0.000039
1035,,,,,,,,,,,,,,0.000004,0.000054,0.000039,0.000057,0.000040,0.000037,0.000031,0.000032,0.000041,0.000046,0.000058,0.000069,0.000063,0.000065,0.000042,0.000067,0.000077,0.000045,0.000050,0.000062,0.000099,0.000093,0.000072,0.000040,0.000032,0.000024,0.000032,0.000046,0.000051,0.000034,0.000135,0.000082,0.000053,0.000009,0.000009,0.000052,0.000063
1036,,,,,,,,,,,,,,0.000006,0.000101,0.000114,0.000133,0.000172,0.000280,0.000215,0.000251,0.000249,0.000260,0.000200,0.000200,0.000156,0.000114,0.000077,0.000162,0.000202,0.000058,0.000081,0.000041,0.000025,0.000026,0.000032,0.000020,0.000044,0.000032,0.000030,0.000080,0.000164,0.000109,0.000122,0.000083,0.000062,0.000012,0.000010,0.000049,0.000059
1037,,,,,,,,,,,,,,0.000012,0.000169,0.000121,0.000098,0.000095,0.000092,0.000067,0.000069,0.000105,0.000090,0.000079,0.000091,0.000076,0.000097,0.000095,0.000089,0.000084,0.000070,0.000074,0.000097,0.000063,0.000073,0.000090,0.000042,0.000073,0.000058,0.000099,0.000223,0.000227,0.000132,0.000147,0.000110,0.000092,0.000027,0.000029,0.000080,0.000137
1038,,,,,,,,,,,,,,0.000019,0.000221,0.000195,0.000241,0.000272,0.000241,0.000173,0.000208,0.000175,0.000127,0.000131,0.000149,0.000111,0.000108,0.000102,0.000129,0.000144,0.000096,0.000243,0.000154,0.000168,0.000103,0.000079,0.000045,0.000061,0.000040,0.000054,0.000042,0.000031,0.000017,0.000024,0.000025,0.000038,0.000006,0.000005,0.000022,0.000054
1039,,,,,,,,,,,,,,0.000014,0.000141,0.000131,0.000086,0.000114,0.000165,0.000127,0.000140,0.000164,0.000122,0.000129,0.000099,0.000158,0.000265,0.000285,0.000370,0.000305,0.000161,0.000185,0.000105,0.000129,0.000096,0.000085,0.000048,0.000053,0.000057,0.000051,0.000103,0.000151,0.000077,0.000080,0.000080,0.000078,0.000013,0.000014,0.000105,0.000129
1040,,,,,,,,,,,,,,0.000012,0.000136,0.000128,0.000120,0.000225,0.000188,0.000132,0.000181,0.000204,0.000198,0.000169,0.000276,0.000272,0.000310,0.000216,0.000321,0.000363,0.000132,0.000188,0.000114,0.000176,0.000250,0.000290,0.000183,0.000118,0.000100,0.000095,0.000196,0.000155,0.000065,0.000076,0.000057,0.000057,0.000008,0.000007,0.000050,0.000107
1041,,,,,,,,,,,,,,0.000007,0.000095,0.000103,0.000068,0.000061,0.000086,0.000063,0.000074,0.000066,0.000092,0.000096,0.000119,0.000128,0.000213,0.000166,0.000212,0.000266,0.000108,0.000102,0.000071,0.000187,0.000257,0.000355,0.000191,0.000211,0.000099,0.000049,0.000085,0.000105,0.000211,0.000045,0.000046,0.000048,0.000015,0.000011,0.000082,0.000073
1042,,,,,,,,,,,,,,0.000015,0.000199,0.000185,0.000132,0.000116,0.000118,0.000088,0.000096,0.000093,0.000100,0.000142,0.000177,0.000148,0.000134,0.000112,0.000149,0.000173,0.000077,0.000117,0.000076,0.000098,0.000122,0.000132,0.000072,0.000061,0.000055,0.000030,0.000058,0.000066,0.000038,0.000047,0.000048,0.000053,0.000013,0.000008,0.000031,0.000033
1043,,,,,,,,,,,,,,0.000004,0.000049,0.000026,0.000039,0.000067,0.000103,0.000089,0.000111,0.000095,0.000061,0.000057,0.000069,0.000066,0.000072,0.000110,0.000131,0.000153,0.000077,0.000101,0.000050,0.000054,0.000053,0.000034,0.000015,0.000021,0.000031,0.000038,0.000108,0.000142,0.000112,0.000184,0.000133,0.000111,0.000012,0.000008,0.000036,0.000052
1044,,,,,,,,,,,,,,0.000003,0.000060,0.000057,0.000070,0.000060,0.000096,0.000071,0.000081,0.000076,0.000086,0.000075,0.000109,0.000108,0.000104,0.000091,0.000109,0.000077,0.000049,0.000092,0.000072,0.000070,0.000096,0.000095,0.000105,0.000066,0.000029,0.000025,0.000035,0.000032,0.000023,0.000029,0.000020,0.000015,0.000005,0.000005,0.000023,0.000028
1045,,,,,,,,,,,,,,0.000005,0.000110,0.000263,0.000101,0.000080,0.000122,0.000122,0.000145,0.000141,0.000130,0.000099,0.000143,0.000103,0.000127,0.000105,0.000110,0.000085,0.000051,0.000091,0.000068,0.000079,0.000101,0.000080,0.000044,0.000046,0.000034,0.000033,0.000053,0.000050,0.000037,0.000039,0.000036,0.000042,0.000010,0.000010,0.000036,0.000057
1046,,,,,,,,,,,,,,0.000005,0.000071,0.000059,0.000059,0.000066,0.000077,0.000073,0.000126,0.000187,0.000185,0.000196,0.000344,0.000336,0.000326,0.000271,0.000277,0.000220,0.000061,0.000105,0.000072,0.000117,0.000126,0.000127,0.000046,0.000045,0.000029,0.000022,0.000043,0.000035,0.000023,0.000036,0.000028,0.000026,0.000004,0.000004,0.000041,0.000061
1047,,,,,,,,,,,,,,0.000008,0.000212,0.000289,0.000375,0.000238,0.000205,0.000095,0.000100,0.000096,0.000078,0.000087,0.000100,0.000095,0.000076,0.000065,0.000042,0.000045,0.000038,0.000065,0.000047,0.000210,0.000132,0.000106,0.000048,0.000037,0.000031,0.000044,0.000103,0.000085,0.000042,0.000062,0.000074,0.000082,0.000010,0.000007,0.000022,0.000035
1048,,,,,,,,,,,,,,0.000008,0.000073,0.000060,0.000037,0.000088,0.000086,0.000071,0.000083,0.000104,0.000189,0.000127,0.000160,0.000142,0.000101,0.000376,0.000247,0.000208,0.000059,0.000057,0.000051,0.000100,0.000156,0.000153,0.000055,0.000050,0.000051,0.000090,0.000265,0.000305,0.000163,0.000236,0.000183,0.000177,0.000015,0.000007,0.000034,0.000098
1049,,,,,,,,,,,,,,0.000009,0.000143,0.000154,0.000127,0.000145,0.000156,0.000113,0.000136,0.000099,0.000102,0.000050,0.000079,0.000069,0.000059,0.000045,0.000075,0.000136,0.000171,0.000255,0.000115,0.000195,0.000173,0.000139,0.000093,0.000090,0.000062,0.000064,0.000091,0.000108,0.000074,0.000149,0.000132,0.000122,0.000018,0.000014,0.000036,0.000063
1050,,,,,,,,,,,,,,0.000007,0.000095,0.000074,0.000079,0.000084,0.000098,0.000065,0.000068,0.000054,0.000065,0.000075,0.000064,0.000073,0.000090,0.000086,0.000097,0.000092,0.000110,0.000368,0.000210,0.000273,0.000226,0.000181,0.000098,0.000045,0.000026,0.000034,0.000093,0.000124,0.000101,0.000142,0.000151,0.000130,0.000011,0.000013,0.000036,0.000055
1051,,,,,,,,,,,,,,0.000006,0.000080,0.000061,0.000067,0.000147,0.000132,0.000105,0.000140,0.000163,0.000203,0.000170,0.000300,0.000297,0.000262,0.000165,0.000169,0.000147,0.000050,0.000078,0.000041,0.000056,0.000072,0.000091,0.000040,0.000032,0.000032,0.000034,0.000092,0.000092,0.000068,0.000045,0.000026,0.000029,0.000007,0.000006,0.000040,0.000060
1052,,,,,,,,,,,,,,0.000003,0.000054,0.000038,0.000035,0.000054,0.000067,0.000068,0.000072,0.000068,0.000070,0.000082,0.000108,0.000091,0.000079,0.000055,0.000103,0.000076,0.000052,0.000057,0.000042,0.000124,0.000206,0.000145,0.000083,0.000049,0.000037,0.000029,0.000038,0.000032,0.000027,0.000040,0.000047,0.000075,0.000019,0.000011,0.000055,0.000065
1053,,,,,,,,,,,,,,0.000005,0.000086,0.000062,0.000118,0.000173,0.000292,0.000111,0.000101,0.000115,0.000104,0.000093,0.000133,0.000078,0.000082,0.000112,0.000119,0.000103,0.000071,0.000095,0.000085,0.000091,0.000087,0.000165,0.000054,0.000041,0.000031,0.000030,0.000047,0.000041,0.000036,0.000040,0.000041,0.000043,0.000012,0.000010,0.000054,0.000081
1054,,,,,,,,,,,,,,0.000004,0.000104,0.000107,0.000096,0.000104,0.000223,0.000160,0.000220,0.000207,0.000179,0.000138,0.000196,0.000137,0.000112,0.000099,0.000103,0.000097,0.000071,0.000126,0.000116,0.000148,0.000175,0.000167,0.000082,0.000084,0.000070,0.000040,0.000093,0.000184,0.000116,0.000069,0.000061,0.000061,0.000010,0.000008,0.000031,0.000037
1055,,,,,,,,,,,,,,0.000005,0.000061,0.000059,0.000084,0.000073,0.000103,0.000068,0.000091,0.000087,0.000085,0.000081,0.000132,0.000128,0.000111,0.000081,0.000095,0.000079,0.000042,0.000066,0.000078,0.000104,0.000104,0.000105,0.000046,0.000051,0.000028,0.000019,0.000044,0.000048,0.000049,0.000065,0.000080,0.000065,0.000013,0.000008,0.000047,0.000087
1056,,,,,,,,,,,,,,0.000005,0.000080,0.000059,0.000049,0.000057,0.000083,0.000049,0.000100,0.000101,0.000102,0.000094,0.000139,0.000141,0.000170,0.000102,0.000161,0.000137,0.000040,0.000078,0.000051,0.000064,0.000064,0.000054,0.000020,0.000021,0.000018,0.000012,0.000026,0.000031,0.000025,0.000025,0.000024,0.000032,0.000010,0.000008,0.000024,0.000040
1057,,,,,,,,,,,,,,0.000005,0.000071,0.000069,0.000055,0.000064,0.000080,0.000051,0.000094,0.000093,0.000107,0.000082,0.000099,0.000110,0.000134,0.000186,0.000264,0.000324,0.000173,0.000299,0.000181,0.000227,0.000225,0.000178,0.000066,0.000049,0.000036,0.000036,0.000057,0.000055,0.000052,0.000044,0.000045,0.000045,0.000009,0.000007,0.000037,0.000042
1058,,,,,,,,,,,,,,0.000005,0.000073,0.000065,0.000062,0.000106,0.000228,0.000354,0.000295,0.000242,0.000252,0.000217,0.000293,0.000298,0.000287,0.000278,0.000296,0.000247,0.000089,0.000116,0.000073,0.000118,0.000203,0.000272,0.000101,0.000058,0.000034,0.000026,0.000051,0.000037,0.000022,0.000030,0.000018,0.000027,0.000006,0.000005,0.000025,0.000058
1059,,,,,,,,,,,,,,0.000008,0.000079,0.000065,0.000063,0.000084,0.000100,0.000087,0.000146,0.000119,0.000108,0.000122,0.000192,0.000183,0.000186,0.000141,0.000181,0.000132,0.000068,0.000085,0.000058,0.000055,0.000081,0.000057,0.000032,0.000031,0.000036,0.000032,0.000070,0.000073,0.000054,0.000054,0.000044,0.000041,0.000016,0.000017,0.000041,0.000061
1060,,,,,,,,,,,,,,0.000019,0.000342,0.000260,0.000191,0.000168,0.000159,0.000090,0.000151,0.000109,0.000134,0.000116,0.000201,0.000178,0.000159,0.000143,0.000175,0.000133,0.000073,0.000131,0.000118,0.000161,0.000174,0.000171,0.000112,0.000074,0.000035,0.000036,0.000061,0.000074,0.000066,0.000053,0.000024,0.000017,0.000010,0.000009,0.000068,0.000152
1061,,,,,,,,,,,,,,0.000006,0.000163,0.000183,0.000195,0.000209,0.000282,0.000178,0.000274,0.000327,0.000344,0.000297,0.000403,0.000433,0.000430,0.000353,0.000252,0.000165,0.000074,0.000088,0.000051,0.000082,0.000085,0.000068,0.000036,0.000044,0.000051,0.000020,0.000032,0.000040,0.000045,0.000020,0.000032,0.000040,0.000007,0.000006,0.000032,0.000050
1062,,,,,,,,,,,,,,0.000010,0.000146,0.000088,0.000074,0.000069,0.000055,0.000040,0.000052,0.000046,0.000050,0.000045,0.000070,0.000062,0.000049,0.000043,0.000045,0.000042,0.000040,0.000083,0.000101,0.000162,0.000133,0.000105,0.000036,0.000020,0.000045,0.000021,0.000031,0.000045,0.000051,0.000043,0.000036,0.000039,0.000009,0.000007,0.000036,0.000052
1063,,,,,,,,,,,,,,0.000014,0.000217,0.000247,0.000237,0.000237,0.000356,0.000234,0.000314,0.000353,0.000315,0.000253,0.000352,0.000313,0.000253,0.000176,0.000201,0.000189,0.000112,0.000303,0.000197,0.000269,0.000339,0.000280,0.000092,0.000061,0.000037,0.000028,0.000047,0.000039,0.000046,0.000091,0.000084,0.000063,0.000008,0.000006,0.000045,0.000113
1064,,,,,,,,,,,,,,0.000015,0.000199,0.000091,0.000062,0.000046,0.000087,0.000103,0.000132,0.000180,0.000161,0.000157,0.000199,0.000213,0.000182,0.000161,0.000203,0.000143,0.000072,0.000077,0.000073,0.000065,0.000062,0.000062,0.000029,0.000032,0.000036,0.000076,0.000042,0.000040,0.000036,0.000053,0.000066,0.000040,0.000012,0.000012,0.000038,0.000099
1065,,,,,,,,,,,,,,0.000004,0.000069,0.000081,0.000062,0.000043,0.000070,0.000097,0.000316,0.000360,0.000413,0.000373,0.000663,0.000614,0.000569,0.000425,0.000360,0.000282,0.000082,0.000150,0.000189,0.000317,0.000293,0.000154,0.000044,0.000038,0.000026,0.000021,0.000047,0.000052,0.000039,0.000029,0.000027,0.000043,0.000011,0.000011,0.000033,0.000037
1066,,,,,,,,,,,,,,0.000005,0.000112,0.000109,0.000090,0.000086,0.000086,0.000042,0.000048,0.000057,0.000063,0.000061,0.000071,0.000076,0.000083,0.000102,0.000089,0.000068,0.000045,0.000038,0.000039,0.000057,0.000067,0.000100,0.000084,0.000069,0.000036,0.000039,0.000137,0.000138,0.000048,0.000051,0.000035,0.000038,0.000009,0.000007,0.000048,0.000068
1067,,,,,,,,,,,,,,0.000006,0.000050,0.000036,0.000026,0.000037,0.000043,0.000033,0.000036,0.000031,0.000044,0.000053,0.000045,0.000042,0.000031,0.000050,0.000048,0.000057,0.000037,0.000041,0.000090,0.000117,0.000092,0.000089,0.000071,0.000061,0.000047,0.000030,0.000052,0.000059,0.000043,0.000060,0.000073,0.000082,0.000014,0.000009,0.000052,0.000075
1068,,,,,,,,,,,,,,0.000006,0.000069,0.000048,0.000031,0.000030,0.000037,0.000023,0.000031,0.000032,0.000033,0.000023,0.000038,0.000048,0.000064,0.000032,0.000053,0.000035,0.000025,0.000047,0.000033,0.000050,0.000045,0.000039,0.000012,0.000014,0.000019,0.000013,0.000023,0.000028,0.000022,0.000022,0.000026,0.000028,0.000010,0.000009,0.000035,0.000065
1069,,,,,,,,,,,,,,0.000006,0.000081,0.000064,0.000065,0.000072,0.000083,0.000066,0.000088,0.000124,0.000146,0.000115,0.000187,0.000222,0.000227,0.000266,0.000239,0.000196,0.000095,0.000165,0.000078,0.000084,0.000072,0.000042,0.000027,0.000019,0.000017,0.000017,0.000026,0.000046,0.000044,0.000038,0.000035,0.000027,0.000008,0.000011,0.000032,0.000050
1070,,,,,,,,,,,,,,0.000003,0.000068,0.000059,0.000047,0.000046,0.000055,0.000044,0.000062,0.000060,0.000061,0.000049,0.000052,0.000048,0.000047,0.000054,0.000066,0.000062,0.000038,0.000060,0.000035,0.000091,0.000140,0.000119,0.000063,0.000075,0.000042,0.000035,0.000066,0.000058,0.000038,0.000042,0.000043,0.000047,0.000006,0.000005,0.000026,0.000035
1071,,,,,,,,,,,,,,0.000009,0.000116,0.000086,0.000100,0.000128,0.000184,0.000102,0.000154,0.000181,0.000158,0.000159,0.000157,0.000131,0.000132,0.000143,0.000339,0.000596,0.000135,0.000173,0.000087,0.000101,0.000114,0.000103,0.000037,0.000037,0.000036,0.000024,0.000047,0.000050,0.000045,0.000049,0.000063,0.000068,0.000016,0.000009,0.000089,0.000140
1072,,,,,,,,,,,,,,0.000011,0.000148,0.000107,0.000120,0.000153,0.000330,0.000340,0.000499,0.000439,0.000428,0.000357,0.000432,0.000489,0.000527,0.000453,0.000384,0.000319,0.000165,0.000185,0.000092,0.000077,0.000107,0.000111,0.000051,0.000056,0.000043,0.000047,0.000157,0.000187,0.000119,0.000117,0.000074,0.000085,0.000013,0.000009,0.000066,0.000160
1073,,,,,,,,,,,,,,0.000007,0.000078,0.000062,0.000057,0.000069,0.000102,0.000071,0.000109,0.000091,0.000071,0.000107,0.000113,0.000100,0.000093,0.000114,0.000129,0.000133,0.000077,0.000088,0.000058,0.000059,0.000080,0.000076,0.000040,0.000052,0.000045,0.000050,0.000068,0.000061,0.000048,0.000068,0.000092,0.000079,0.000008,0.000005,0.000040,0.000102
1074,,,,,,,,,,,,,,0.000007,0.000100,0.000104,0.000100,0.000106,0.000158,0.000100,0.000114,0.000124,0.000112,0.000125,0.000173,0.000168,0.000170,0.000152,0.000169,0.000126,0.000052,0.000076,0.000088,0.000144,0.000199,0.000138,0.000054,0.000040,0.000036,0.000039,0.000076,0.000078,0.000055,0.000080,0.000177,0.000140,0.000010,0.000009,0.000055,0.000078
1075,,,,,,,,,,,,,,0.000008,0.000112,0.000068,0.000074,0.000086,0.000123,0.000074,0.000122,0.000114,0.000137,0.000100,0.000149,0.000116,0.000120,0.000120,0.000134,0.000137,0.000066,0.000081,0.000061,0.000066,0.000085,0.000098,0.000056,0.000036,0.000030,0.000024,0.000050,0.000047,0.000040,0.000047,0.000043,0.000042,0.000006,0.000005,0.000031,0.000043
1076,,,,,,,,,,,,,,0.000005,0.000088,0.000068,0.000053,0.000070,0.000087,0.000070,0.000057,0.000069,0.000070,0.000195,0.000085,0.000052,0.000067,0.000067,0.000078,0.000072,0.000039,0.000099,0.000076,0.000099,0.000086,0.000064,0.000031,0.000028,0.000027,0.000028,0.000048,0.000053,0.000081,0.000080,0.000043,0.000042,0.000008,0.000008,0.000034,0.000044
1077,,,,,,,,,,,,,,0.000006,0.000109,0.000096,0.000116,0.000093,0.000086,0.000056,0.000061,0.000054,0.000043,0.000036,0.000072,0.000051,0.000070,0.000048,0.000063,0.000053,0.000033,0.000051,0.000059,0.000139,0.000123,0.000080,0.000031,0.000077,0.000065,0.000074,0.000113,0.000103,0.000064,0.000151,0.000121,0.000086,0.000009,0.000006,0.000030,0.000060
1078,,,,,,,,,,,,,,0.000006,0.000104,0.000083,0.000056,0.000061,0.000099,0.000064,0.000088,0.000104,0.000101,0.000102,0.000132,0.000129,0.000124,0.000087,0.000105,0.000092,0.000043,0.000069,0.000056,0.000068,0.000071,0.000084,0.000039,0.000041,0.000026,0.000028,0.000070,0.000097,0.000058,0.000061,0.000065,0.000061,0.000007,0.000006,0.000033,0.000045
1079,,,,,,,,,,,,,,0.000006,0.000060,0.000075,0.000075,0.000114,0.000130,0.000110,0.000129,0.000164,0.000115,0.000111,0.000144,0.000134,0.000103,0.000083,0.000095,0.000087,0.000056,0.000056,0.000045,0.000044,0.000050,0.000060,0.000036,0.000036,0.000034,0.000031,0.000058,0.000059,0.000041,0.000024,0.000034,0.000036,0.000009,0.000009,0.000032,0.000052
1080,,,,,,,,,,,,,,0.000003,0.000038,0.000041,0.000046,0.000066,0.000096,0.000066,0.000077,0.000049,0.000051,0.000041,0.000072,0.000059,0.000048,0.000048,0.000052,0.000056,0.000028,0.000036,0.000045,0.000062,0.000083,0.000131,0.000085,0.000062,0.000030,0.000024,0.000042,0.000047,0.000032,0.000044,0.000049,0.000071,0.000014,0.000009,0.000037,0.000043
1081,,,,,,,,,,,,,,0.000004,0.000061,0.000056,0.000035,0.000036,0.000060,0.000041,0.000071,0.000068,0.000061,0.000048,0.000077,0.000054,0.000050,0.000066,0.000048,0.000061,0.000030,0.000076,0.000061,0.000115,0.000079,0.000078,0.000049,0.000044,0.000031,0.000031,0.000056,0.000074,0.000037,0.000041,0.000039,0.000046,0.000008,0.000005,0.000029,0.000059
1082,,,,,,,,,,,,,,0.000007,0.000086,0.000065,0.000054,0.000043,0.000065,0.000042,0.000073,0.000073,0.000061,0.000059,0.000066,0.000062,0.000077,0.000078,0.000078,0.000047,0.000051,0.000058,0.000052,0.000072,0.000111,0.000132,0.000082,0.000050,0.000031,0.000039,0.000081,0.000063,0.000030,0.000039,0.000032,0.000032,0.000006,0.000006,0.000034,0.000057
1083,,,,,,,,,,,,,,0.000005,0.000041,0.000031,0.000032,0.000030,0.000035,0.000033,0.000035,0.000037,0.000038,0.000038,0.000042,0.000051,0.000049,0.000030,0.000039,0.000026,0.000043,0.000071,0.000062,0.000102,0.000097,0.000093,0.000035,0.000027,0.000023,0.000020,0.000047,0.000058,0.000084,0.000272,0.000222,0.000172,0.000019,0.000015,0.000090,0.000102
1084,,,,,,,,,,,,,,0.000007,0.000121,0.000090,0.000076,0.000058,0.000062,0.000064,0.000193,0.000156,0.000156,0.000142,0.000205,0.000194,0.000158,0.000098,0.000114,0.000095,0.000038,0.000073,0.000050,0.000068,0.000122,0.000155,0.000093,0.000081,0.000039,0.000060,0.000117,0.000130,0.000124,0.000083,0.000082,0.000056,0.000008,0.000006,0.000027,0.000067
1085,,,,,,,,,,,,,,0.000005,0.000088,0.000082,0.000071,0.000055,0.000052,0.000064,0.000077,0.000060,0.000066,0.000061,0.000076,0.000124,0.000125,0.000119,0.000093,0.000076,0.000029,0.000067,0.000114,0.000046,0.000056,0.000056,0.000028,0.000026,0.000029,0.000027,0.000040,0.000038,0.000038,0.000075,0.000050,0.000043,0.000006,0.000006,0.000034,0.000060
1086,,,,,,,,,,,,,,0.000006,0.000106,0.000090,0.000090,0.000106,0.000106,0.000059,0.000088,0.000098,0.000086,0.000074,0.000102,0.000080,0.000079,0.000091,0.000134,0.000132,0.000098,0.000198,0.000124,0.000186,0.000210,0.000141,0.000067,0.000052,0.000039,0.000028,0.000055,0.000052,0.000029,0.000033,0.000037,0.000021,0.000010,0.000009,0.000047,0.000064
1087,,,,,,,,,,,,,,0.000012,0.000129,0.000107,0.000096,0.000093,0.000110,0.000082,0.000097,0.000084,0.000086,0.000070,0.000098,0.000086,0.000082,0.000073,0.000069,0.000057,0.000031,0.000057,0.000044,0.000071,0.000065,0.000077,0.000035,0.000024,0.000021,0.000018,0.000043,0.000056,0.000042,0.000090,0.000119,0.000122,0.000008,0.000004,0.000028,0.000048
1088,,,,,,,,,,,,,,0.000005,0.000077,0.000054,0.000042,0.000041,0.000061,0.000053,0.000086,0.000074,0.000086,0.000087,0.000148,0.000181,0.000165,0.000108,0.000102,0.000087,0.000032,0.000036,0.000060,0.000109,0.000171,0.000159,0.000039,0.000031,0.000028,0.000033,0.000068,0.000058,0.000033,0.000044,0.000041,0.000038,0.000006,0.000004,0.000021,0.000023
1089,,,,,,,,,,,,,,0.000011,0.000109,0.000073,0.000056,0.000059,0.000081,0.000061,0.000069,0.000078,0.000074,0.000053,0.000091,0.000140,0.000119,0.000087,0.000086,0.000087,0.000051,0.000081,0.000040,0.000064,0.000077,0.000096,0.000045,0.000033,0.000038,0.000044,0.000097,0.000082,0.000049,0.000055,0.000049,0.000045,0.000010,0.000009,0.000070,0.000094
1090,,,,,,,,,,,,,,0.000005,0.000082,0.000076,0.000058,0.000052,0.000073,0.000050,0.000079,0.000065,0.000056,0.000069,0.000075,0.000062,0.000063,0.000072,0.000062,0.000050,0.000038,0.000051,0.000031,0.000045,0.000064,0.000073,0.000046,0.000055,0.000039,0.000035,0.000084,0.000094,0.000101,0.000134,0.000126,0.000088,0.000011,0.000009,0.000027,0.000033
1091,,,,,,,,,,,,,,0.000007,0.000101,0.000075,0.000066,0.000072,0.000103,0.000078,0.000099,0.000082,0.000071,0.000066,0.000095,0.000097,0.000086,0.000071,0.000061,0.000076,0.000045,0.000098,0.000108,0.000173,0.000262,0.000232,0.000077,0.000045,0.000041,0.000026,0.000058,0.000054,0.000035,0.000052,0.000050,0.000034,0.000007,0.000007,0.000025,0.000033
1092,,,,,,,,,,,,,,0.000004,0.000056,0.000049,0.000056,0.000067,0.000110,0.000112,0.000141,0.000136,0.000088,0.000058,0.000070,0.000071,0.000070,0.000065,0.000054,0.000068,0.000051,0.000134,0.000122,0.000120,0.000156,0.000220,0.000087,0.000038,0.000039,0.000037,0.000085,0.000127,0.000109,0.000214,0.000234,0.000271,0.000027,0.000012,0.000052,0.000061
1093,,,,,,,,,,,,,,0.000008,0.000122,0.000106,0.000074,0.000060,0.000067,0.000055,0.000068,0.000072,0.000068,0.000074,0.000114,0.000119,0.000128,0.000108,0.000113,0.000090,0.000040,0.000049,0.000040,0.000066,0.000075,0.000068,0.000023,0.000023,0.000054,0.000018,0.000060,0.000047,0.000085,0.000036,0.000029,0.000032,0.000007,0.000007,0.000044,0.000064
1094,,,,,,,,,,,,,,0.000008,0.000121,0.000104,0.000107,0.000112,0.000150,0.000095,0.000114,0.000110,0.000102,0.000101,0.000122,0.000125,0.000109,0.000086,0.000095,0.000087,0.000057,0.000066,0.000057,0.000125,0.000107,0.000100,0.000062,0.000100,0.000072,0.000072,0.000082,0.000056,0.000032,0.000018,0.000014,0.000006,0.000005,0.000005,0.000021,0.000023
1095,,,,,,,,,,,,,,0.000005,0.000072,0.000036,0.000052,0.000045,0.000075,0.000073,0.000110,0.000140,0.000135,0.000153,0.000169,0.000167,0.000147,0.000115,0.000134,0.000142,0.000075,0.000090,0.000051,0.000072,0.000077,0.000089,0.000043,0.000045,0.000044,0.000050,0.000113,0.000161,0.000133,0.000204,0.000183,0.000151,0.000018,0.000010,0.000048,0.000066
1096,,,,,,,,,,,,,,0.000003,0.000041,0.000030,0.000025,0.000028,0.000033,0.000028,0.000048,0.000039,0.000038,0.000027,0.000034,0.000031,0.000023,0.000014,0.000012,0.000014,0.000021,0.000019,0.000028,0.000034,0.000041,0.000037,0.000011,0.000022,0.000027,0.000035,0.000033,0.000027,0.000019,0.000013,0.000012,0.000018,0.000011,0.000009,0.000024,0.000034
1097,,,,,,,,,,,,,,0.000009,0.000117,0.000078,0.000090,0.000093,0.000127,0.000094,0.000120,0.000109,0.000116,0.000088,0.000106,0.000096,0.000086,0.000101,0.000089,0.000071,0.000042,0.000087,0.000043,0.000049,0.000060,0.000063,0.000026,0.000043,0.000027,0.000029,0.000044,0.000045,0.000026,0.000054,0.000102,0.000107,0.000033,0.000037,0.000117,0.000105
1098,,,,,,,,,,,,,,0.000004,0.000059,0.000064,0.000047,0.000046,0.000064,0.000059,0.000069,0.000045,0.000070,0.000055,0.000078,0.000071,0.000084,0.000067,0.000069,0.000054,0.000035,0.000096,0.000126,0.000118,0.000155,0.000130,0.000044,0.000040,0.000031,0.000022,0.000057,0.000062,0.000044,0.000051,0.000051,0.000063,0.000012,0.000010,0.000029,0.000042
1099,,,,,,,,,,,,,,0.000005,0.000086,0.000081,0.000086,0.000095,0.000105,0.000059,0.000072,0.000065,0.000070,0.000064,0.000073,0.000077,0.000083,0.000053,0.000082,0.000057,0.000036,0.000055,0.000042,0.000061,0.000077,0.000067,0.000034,0.000039,0.000032,0.000026,0.000046,0.000049,0.000046,0.000053,0.000040,0.000066,0.000008,0.000010,0.000029,0.000042
1100,,,,,,,,,,,,,,0.000007,0.000056,0.000049,0.000032,0.000041,0.000035,0.000050,0.000046,0.000028,0.000044,0.000058,0.000070,0.000086,0.000079,0.000081,0.000088,0.000067,0.000066,0.000085,0.000073,0.000085,0.000083,0.000085,0.000047,0.000038,0.000052,0.000041,0.000074,0.000066,0.000045,0.000045,0.000055,0.000052,0.000011,0.000008,0.000075,0.000159
1101,,,,,,,,,,,,,,0.000009,0.000096,0.000129,0.000127,0.000105,0.000123,0.000081,0.000095,0.000077,0.000080,0.000052,0.000066,0.000065,0.000077,0.000068,0.000088,0.000093,0.000118,0.000289,0.000294,0.000484,0.000594,0.000599,0.000235,0.000109,0.000064,0.000045,0.000077,0.000072,0.000057,0.000200,0.000106,0.000048,0.000005,0.000004,0.000031,0.000070
1102,,,,,,,,,,,,,,0.000007,0.000103,0.000065,0.000043,0.000037,0.000046,0.000035,0.000066,0.000067,0.000105,0.000105,0.000146,0.000110,0.000118,0.000101,0.000063,0.000058,0.000029,0.000039,0.000052,0.000130,0.000217,0.000136,0.000057,0.000077,0.000071,0.000094,0.000237,0.000400,0.000326,0.000602,0.000639,0.000732,0.000081,0.000038,0.000132,0.000102
1103,,,,,,,,,,,,,,0.000005,0.000074,0.000058,0.000045,0.000058,0.000111,0.000102,0.000207,0.000202,0.000206,0.000190,0.000245,0.000207,0.000166,0.000132,0.000141,0.000133,0.000071,0.000161,0.000232,0.000392,0.000469,0.000422,0.000130,0.000080,0.000051,0.000038,0.000084,0.000124,0.000066,0.000081,0.000092,0.000093,0.000007,0.000005,0.000027,0.000032
1104,,,,,,,,,,,,,,0.000005,0.000091,0.000080,0.000072,0.000075,0.000129,0.000101,0.000150,0.000125,0.000123,0.000110,0.000150,0.000133,0.000141,0.000145,0.000176,0.000124,0.000056,0.000079,0.000053,0.000071,0.000066,0.000068,0.000032,0.000032,0.000025,0.000030,0.000049,0.000041,0.000032,0.000039,0.000098,0.000048,0.000008,0.000007,0.000039,0.000055
1105,,,,,,,,,,,,,,0.000004,0.000051,0.000058,0.000057,0.000084,0.000075,0.000060,0.000053,0.000055,0.000064,0.000064,0.000076,0.000068,0.000080,0.000073,0.000119,0.000129,0.000076,0.000138,0.000103,0.000141,0.000196,0.000195,0.000092,0.000098,0.000094,0.000043,0.000061,0.000054,0.000033,0.000036,0.000036,0.000025,0.000012,0.000008,0.000026,0.000038
1106,,,,,,,,,,,,,,0.000008,0.000164,0.000131,0.000190,0.000142,0.000129,0.000096,0.000099,0.000097,0.000115,0.000101,0.000150,0.000147,0.000142,0.000126,0.000165,0.000177,0.000093,0.000092,0.000066,0.000095,0.000088,0.000075,0.000049,0.000052,0.000040,0.000037,0.000050,0.000050,0.000031,0.000038,0.000046,0.000028,0.000011,0.000011,0.000043,0.000055
1107,,,,,,,,,,,,,,0.000014,0.000142,0.000099,0.000081,0.000080,0.000116,0.000083,0.000129,0.000121,0.000126,0.000119,0.000164,0.000147,0.000118,0.000112,0.000145,0.000123,0.000052,0.000071,0.000054,0.000072,0.000120,0.000160,0.000076,0.000065,0.000043,0.000043,0.000132,0.000153,0.000090,0.000107,0.000114,0.000162,0.000013,0.000008,0.000034,0.000094
1108,,,,,,,,,,,,,,0.000005,0.000066,0.000069,0.000073,0.000092,0.000150,0.000111,0.000195,0.000184,0.000186,0.000134,0.000191,0.000180,0.000137,0.000103,0.000106,0.000089,0.000056,0.000069,0.000058,0.000059,0.000051,0.000051,0.000031,0.000030,0.000019,0.000021,0.000023,0.000022,0.000035,0.000046,0.000051,0.000054,0.000021,0.000015,0.000037,0.000041
1109,,,,,,,,,,,,,,0.000003,0.000068,0.000057,0.000046,0.000053,0.000073,0.000062,0.000101,0.000103,0.000098,0.000087,0.000107,0.000091,0.000079,0.000081,0.000085,0.000091,0.000062,0.000082,0.000047,0.000034,0.000071,0.000062,0.000037,0.000043,0.000061,0.000086,0.000194,0.000172,0.000085,0.000084,0.000063,0.000056,0.000007,0.000005,0.000023,0.000033
1110,,,,,,,,,,,,,,0.000012,0.000179,0.000232,0.000248,0.000297,0.000447,0.000327,0.000368,0.000317,0.000260,0.000181,0.000220,0.000191,0.000144,0.000155,0.000187,0.000198,0.000094,0.000170,0.000096,0.000131,0.000149,0.000137,0.000039,0.000034,0.000031,0.000031,0.000069,0.000039,0.000023,0.000020,0.000034,0.000071,0.000044,0.000040,0.000102,0.000110
1111,,,,,,,,,,,,,,0.000006,0.000085,0.000065,0.000078,0.000084,0.000125,0.000079,0.000110,0.000131,0.000100,0.000116,0.000173,0.000160,0.000155,0.000123,0.000141,0.000117,0.000070,0.000178,0.000154,0.000371,0.000359,0.000242,0.000082,0.000051,0.000047,0.000038,0.000094,0.000063,0.000049,0.000071,0.000066,0.000076,0.000007,0.000006,0.000039,0.000060
1112,,,,,,,,,,,,,,0.000014,0.000225,0.000167,0.000141,0.000111,0.000143,0.000097,0.000099,0.000096,0.000070,0.000062,0.000082,0.000085,0.000056,0.000056,0.000055,0.000034,0.000058,0.000197,0.000156,0.000377,0.000164,0.000093,0.000035,0.000029,0.000030,0.000029,0.000059,0.000082,0.000053,0.000054,0.000050,0.000051,0.000010,0.000008,0.000041,0.000051
1113,,,,,,,,,,,,,,0.000006,0.000078,0.000070,0.000049,0.000044,0.000202,0.000130,0.000121,0.000107,0.000106,0.000112,0.000140,0.000158,0.000164,0.000181,0.000147,0.000110,0.000060,0.000076,0.000062,0.000099,0.000097,0.000117,0.000120,0.000091,0.000033,0.000033,0.000083,0.000159,0.000165,0.000289,0.000339,0.000411,0.000061,0.000029,0.000091,0.000106
1114,,,,,,,,,,,,,,0.000006,0.000060,0.000069,0.000068,0.000064,0.000083,0.000062,0.000093,0.000108,0.000112,0.000109,0.000137,0.000128,0.000121,0.000079,0.000075,0.000075,0.000038,0.000043,0.000039,0.000044,0.000066,0.000070,0.000030,0.000028,0.000025,0.000019,0.000036,0.000038,0.000034,0.000040,0.000055,0.000044,0.000008,0.000008,0.000065,0.000082
1115,,,,,,,,,,,,,,0.000007,0.000215,0.000188,0.000128,0.000108,0.000121,0.000083,0.000092,0.000104,0.000096,0.000057,0.000081,0.000109,0.000097,0.000066,0.000077,0.000054,0.000045,0.000074,0.000086,0.000201,0.000355,0.000410,0.000138,0.000099,0.000054,0.000041,0.000076,0.000077,0.000038,0.000054,0.000053,0.000071,0.000010,0.000007,0.000030,0.000037
1116,,,,,,,,,,,,,,0.000004,0.000048,0.000038,0.000038,0.000051,0.000079,0.000065,0.000082,0.000100,0.000121,0.000171,0.000245,0.000280,0.000307,0.000291,0.000377,0.000286,0.000190,0.000249,0.000159,0.000123,0.000139,0.000128,0.000045,0.000066,0.000061,0.000053,0.000073,0.000058,0.000031,0.000019,0.000029,0.000030,0.000007,0.000005,0.000024,0.000033
1117,,,,,,,,,,,,,,0.000007,0.000101,0.000079,0.000071,0.000060,0.000086,0.000086,0.000100,0.000084,0.000101,0.000101,0.000185,0.000170,0.000134,0.000150,0.000123,0.000098,0.000051,0.000062,0.000066,0.000057,0.000074,0.000103,0.000046,0.000045,0.000030,0.000026,0.000059,0.000065,0.000052,0.000057,0.000056,0.000059,0.000012,0.000008,0.000085,0.000074
1118,,,,,,,,,,,,,,0.000004,0.000074,0.000077,0.000078,0.000069,0.000088,0.000105,0.000116,0.000108,0.000137,0.000103,0.000127,0.000121,0.000107,0.000103,0.000092,0.000080,0.000038,0.000097,0.000133,0.000117,0.000104,0.000103,0.000066,0.000088,0.000065,0.000033,0.000068,0.000089,0.000060,0.000086,0.000085,0.000087,0.000010,0.000007,0.000026,0.000045
1119,,,,,,,,,,,,,,0.000006,0.000128,0.000126,0.000107,0.000126,0.000166,0.000102,0.000106,0.000080,0.000093,0.000076,0.000102,0.000117,0.000109,0.000106,0.000100,0.000110,0.000124,0.000199,0.000144,0.000190,0.000162,0.000151,0.000075,0.000058,0.000043,0.000053,0.000088,0.000129,0.000117,0.000146,0.000139,0.000136,0.000024,0.000014,0.000052,0.000059
1120,,,,,,,,,,,,,,0.000005,0.000102,0.000051,0.000109,0.000130,0.000296,0.000202,0.000284,0.000274,0.000268,0.000291,0.000484,0.000662,0.000632,0.000634,0.000712,0.000549,0.000369,0.000223,0.000127,0.000158,0.000171,0.000126,0.000048,0.000144,0.000245,0.000139,0.000207,0.000237,0.000101,0.000050,0.000055,0.000044,0.000013,0.000012,0.000054,0.000119
1121,,,,,,,,,,,,,,0.000007,0.000102,0.000072,0.000063,0.000074,0.000094,0.000068,0.000069,0.000082,0.000085,0.000084,0.000131,0.000160,0.000199,0.000210,0.000266,0.000360,0.000121,0.000392,0.000209,0.000099,0.000105,0.000076,0.000043,0.000045,0.000033,0.000044,0.000093,0.000133,0.000072,0.000070,0.000066,0.000070,0.000009,0.000007,0.000039,0.000070
1122,,,,,,,,,,,,,,0.000004,0.000066,0.000045,0.000048,0.000047,0.000074,0.000054,0.000070,0.000065,0.000051,0.000055,0.000085,0.000083,0.000101,0.000100,0.000083,0.000040,0.000028,0.000035,0.000022,0.000033,0.000046,0.000052,0.000037,0.000075,0.000052,0.000065,0.000191,0.000162,0.000092,0.000111,0.000091,0.000089,0.000013,0.000009,0.000045,0.000096
1123,,,,,,,,,,,,,,0.000006,0.000084,0.000077,0.000080,0.000079,0.000313,0.000194,0.000195,0.000186,0.000177,0.000148,0.000206,0.000202,0.000189,0.000188,0.000258,0.000249,0.000085,0.000116,0.000061,0.000091,0.000092,0.000085,0.000037,0.000031,0.000024,0.000023,0.000054,0.000046,0.000034,0.000042,0.000034,0.000033,0.000006,0.000006,0.000028,0.000038
1124,,,,,,,,,,,,,,0.000005,0.000077,0.000058,0.000048,0.000057,0.000093,0.000077,0.000080,0.000097,0.000098,0.000085,0.000076,0.000095,0.000107,0.000121,0.000131,0.000136,0.000076,0.000097,0.000055,0.000073,0.000077,0.000074,0.000031,0.000031,0.000019,0.000020,0.000050,0.000040,0.000023,0.000021,0.000037,0.000062,0.000008,0.000006,0.000036,0.000050
1125,,,,,,,,,,,,,,0.000022,0.000234,0.000210,0.000147,0.000130,0.000132,0.000117,0.000145,0.000165,0.000178,0.000198,0.000371,0.000458,0.000438,0.000403,0.000298,0.000206,0.000083,0.000107,0.000075,0.000099,0.000116,0.000122,0.000047,0.000034,0.000029,0.000036,0.000058,0.000051,0.000033,0.000042,0.000040,0.000026,0.000006,0.000005,0.000028,0.000043
1126,,,,,,,,,,,,,,0.000005,0.000076,0.000064,0.000045,0.000065,0.000064,0.000074,0.000058,0.000070,0.000096,0.000091,0.000121,0.000134,0.000119,0.000112,0.000160,0.000142,0.000080,0.000087,0.000056,0.000097,0.000111,0.000171,0.000206,0.000161,0.000100,0.000084,0.000158,0.000125,0.000052,0.000036,0.000033,0.000031,0.000008,0.000006,0.000027,0.000032
1127,,,,,,,,,,,,,,0.000007,0.000132,0.000137,0.000164,0.000181,0.000274,0.000240,0.000369,0.000448,0.000486,0.000438,0.000547,0.000454,0.000334,0.000229,0.000227,0.000175,0.000075,0.000116,0.000078,0.000081,0.000112,0.000096,0.000035,0.000035,0.000044,0.000059,0.000097,0.000128,0.000063,0.000062,0.000062,0.000064,0.000009,0.000006,0.000030,0.000053
1128,,,,,,,,,,,,,,0.000006,0.000076,0.000083,0.000071,0.000059,0.000103,0.000093,0.000115,0.000109,0.000107,0.000100,0.000128,0.000157,0.000145,0.000118,0.000089,0.000086,0.000043,0.000055,0.000050,0.000058,0.000058,0.000047,0.000030,0.000070,0.000054,0.000055,0.000104,0.000068,0.000044,0.000049,0.000042,0.000045,0.000007,0.000006,0.000047,0.000075
1129,,,,,,,,,,,,,,0.000003,0.000049,0.000040,0.000030,0.000046,0.000047,0.000056,0.000063,0.000068,0.000057,0.000050,0.000077,0.000066,0.000075,0.000059,0.000070,0.000056,0.000044,0.000050,0.000053,0.000073,0.000068,0.000063,0.000034,0.000032,0.000028,0.000028,0.000054,0.000087,0.000164,0.000066,0.000056,0.000044,0.000008,0.000007,0.000027,0.000027
1130,,,,,,,,,,,,,,0.000005,0.000046,0.000038,0.000055,0.000157,0.000139,0.000105,0.000165,0.000198,0.000173,0.000161,0.000227,0.000215,0.000180,0.000135,0.000147,0.000108,0.000053,0.000068,0.000075,0.000093,0.000091,0.000060,0.000027,0.000031,0.000031,0.000025,0.000050,0.000047,0.000034,0.000051,0.000074,0.000085,0.000011,0.000011,0.000037,0.000055
1131,,,,,,,,,,,,,,0.000004,0.000055,0.000044,0.000043,0.000040,0.000083,0.000156,0.000205,0.000291,0.000262,0.000197,0.000218,0.000246,0.000237,0.000184,0.000183,0.000157,0.000063,0.000071,0.000038,0.000062,0.000084,0.000077,0.000061,0.000039,0.000032,0.000033,0.000057,0.000055,0.000044,0.000037,0.000042,0.000037,0.000011,0.000012,0.000023,0.000039
1132,,,,,,,,,,,,,,0.000009,0.000115,0.000083,0.000065,0.000055,0.000070,0.000059,0.000078,0.000119,0.000136,0.000131,0.000158,0.000153,0.000139,0.000112,0.000121,0.000096,0.000052,0.000078,0.000081,0.000130,0.000201,0.000129,0.000027,0.000018,0.000015,0.000018,0.000020,0.000029,0.000025,0.000022,0.000019,0.000039,0.000009,0.000010,0.000056,0.000121
1133,,,,,,,,,,,,,,0.000008,0.000118,0.000101,0.000093,0.000096,0.000166,0.000131,0.000202,0.000241,0.000242,0.000209,0.000344,0.000338,0.000272,0.000214,0.000206,0.000191,0.000084,0.000129,0.000104,0.000141,0.000172,0.000193,0.000086,0.000087,0.000059,0.000068,0.000168,0.000199,0.000142,0.000238,0.000259,0.000269,0.000019,0.000009,0.000031,0.000060
1134,,,,,,,,,,,,,,0.000004,0.000082,0.000063,0.000049,0.000061,0.000088,0.000096,0.000149,0.000371,0.000123,0.000093,0.000122,0.000115,0.000092,0.000102,0.000133,0.000147,0.000087,0.000167,0.000194,0.000244,0.000234,0.000152,0.000062,0.000050,0.000040,0.000040,0.000101,0.000104,0.000071,0.000094,0.000101,0.000104,0.000012,0.000008,0.000040,0.000062
1135,,,,,,,,,,,,,,0.000008,0.000127,0.000119,0.000071,0.000055,0.000089,0.000068,0.000084,0.000065,0.000054,0.000066,0.000062,0.000060,0.000077,0.000073,0.000064,0.000053,0.000044,0.000039,0.000055,0.000069,0.000138,0.000243,0.000156,0.000178,0.000089,0.000059,0.000128,0.000147,0.000107,0.000110,0.000098,0.000099,0.000013,0.000010,0.000045,0.000027
1136,,,,,,,,,,,,,,0.000008,0.000101,0.000072,0.000068,0.000075,0.000102,0.000131,0.000156,0.000084,0.000071,0.000070,0.000098,0.000108,0.000093,0.000077,0.000088,0.000101,0.000045,0.000047,0.000051,0.000150,0.000243,0.000180,0.000058,0.000064,0.000051,0.000046,0.000047,0.000037,0.000031,0.000031,0.000022,0.000022,0.000014,0.000015,0.000089,0.000118
1137,,,,,,,,,,,,,,0.000008,0.000170,0.000222,0.000311,0.000470,0.000742,0.000558,0.000486,0.000469,0.000323,0.000253,0.000321,0.000312,0.000257,0.000199,0.000202,0.000158,0.000063,0.000100,0.000073,0.000113,0.000144,0.000180,0.000087,0.000082,0.000048,0.000042,0.000067,0.000080,0.000046,0.000063,0.000069,0.000068,0.000011,0.000008,0.000032,0.000099
1138,,,,,,,,,,,,,,0.000003,0.000046,0.000052,0.000052,0.000116,0.000281,0.000264,0.000316,0.000373,0.000414,0.000369,0.000508,0.000523,0.000471,0.000450,0.000442,0.000331,0.000115,0.000168,0.000115,0.000107,0.000088,0.000081,0.000033,0.000038,0.000025,0.000021,0.000039,0.000042,0.000032,0.000041,0.000045,0.000046,0.000006,0.000004,0.000019,0.000026
1139,,,,,,,,,,,,,,0.000004,0.000057,0.000056,0.000046,0.000044,0.000050,0.000042,0.000074,0.000061,0.000058,0.000061,0.000083,0.000092,0.000076,0.000045,0.000061,0.000069,0.000048,0.000093,0.000090,0.000223,0.000213,0.000191,0.000085,0.000073,0.000048,0.000038,0.000084,0.000090,0.000107,0.000077,0.000115,0.000075,0.000007,0.000005,0.000018,0.000020
1140,,,,,,,,,,,,,,0.000003,0.000033,0.000025,0.000027,0.000058,0.000042,0.000039,0.000059,0.000065,0.000062,0.000066,0.000084,0.000083,0.000062,0.000058,0.000062,0.000058,0.000043,0.000082,0.000041,0.000035,0.000041,0.000049,0.000019,0.000017,0.000021,0.000022,0.000035,0.000039,0.000049,0.000089,0.000142,0.000214,0.000027,0.000015,0.000048,0.000057
1141,,,,,,,,,,,,,,0.000004,0.000083,0.000065,0.000089,0.000162,0.000278,0.000178,0.000193,0.000190,0.000133,0.000111,0.000138,0.000166,0.000131,0.000083,0.000068,0.000060,0.000043,0.000052,0.000041,0.000061,0.000048,0.000056,0.000034,0.000043,0.000052,0.000032,0.000053,0.000066,0.000123,0.000060,0.000064,0.000070,0.000011,0.000008,0.000031,0.000032
1142,,,,,,,,,,,,,,0.000007,0.000110,0.000058,0.000056,0.000056,0.000084,0.000058,0.000082,0.000079,0.000085,0.000091,0.000132,0.000135,0.000115,0.000115,0.000105,0.000089,0.000055,0.000082,0.000074,0.000080,0.000092,0.000133,0.000058,0.000045,0.000026,0.000037,0.000035,0.000030,0.000026,0.000022,0.000031,0.000036,0.000009,0.000010,0.000032,0.000052
1143,,,,,,,,,,,,,,0.000006,0.000089,0.000087,0.000086,0.000077,0.000098,0.000076,0.000084,0.000079,0.000078,0.000179,0.000116,0.000138,0.000130,0.000100,0.000104,0.000118,0.000074,0.000134,0.000124,0.000094,0.000120,0.000107,0.000047,0.000055,0.000037,0.000033,0.000046,0.000054,0.000038,0.000050,0.000040,0.000037,0.000009,0.000006,0.000027,0.000054
1144,,,,,,,,,,,,,,0.000004,0.000052,0.000057,0.000055,0.000060,0.000081,0.000057,0.000050,0.000065,0.000069,0.000056,0.000074,0.000071,0.000079,0.000080,0.000133,0.000107,0.000052,0.000065,0.000062,0.000133,0.000181,0.000210,0.000088,0.000081,0.000067,0.000048,0.000113,0.000093,0.000060,0.000077,0.000092,0.000113,0.000012,0.000009,0.000033,0.000043
1145,,,,,,,,,,,,,,0.000004,0.000076,0.000059,0.000047,0.000046,0.000070,0.000040,0.000055,0.000027,0.000035,0.000041,0.000038,0.000042,0.000050,0.000040,0.000050,0.000095,0.000043,0.000091,0.000079,0.000103,0.000135,0.000086,0.000042,0.000041,0.000024,0.000021,0.000046,0.000052,0.000032,0.000041,0.000071,0.000123,0.000016,0.000011,0.000041,0.000050
1146,,,,,,,,,,,,,,0.000002,0.000031,0.000034,0.000030,0.000047,0.000077,0.000077,0.000087,0.000084,0.000082,0.000074,0.000103,0.000089,0.000072,0.000065,0.000069,0.000069,0.000029,0.000050,0.000062,0.000079,0.000190,0.000163,0.000051,0.000044,0.000042,0.000031,0.000060,0.000071,0.000055,0.000091,0.000087,0.000092,0.000010,0.000006,0.000011,0.000021
1147,,,,,,,,,,,,,,0.000006,0.000106,0.000080,0.000109,0.000128,0.000318,0.000255,0.000396,0.000489,0.000563,0.000516,0.000838,0.000925,0.000975,0.000899,0.000860,0.000738,0.000257,0.000357,0.000201,0.000247,0.000231,0.000183,0.000087,0.000055,0.000041,0.000041,0.000067,0.000059,0.000043,0.000036,0.000037,0.000046,0.000008,0.000006,0.000026,0.000034
1148,,,,,,,,,,,,,,0.000004,0.000066,0.000040,0.000051,0.000066,0.000103,0.000068,0.000111,0.000162,0.000188,0.000235,0.000385,0.000419,0.000459,0.000291,0.000256,0.000176,0.000064,0.000080,0.000054,0.000066,0.000085,0.000080,0.000032,0.000036,0.000033,0.000034,0.000064,0.000060,0.000046,0.000066,0.000047,0.000034,0.000005,0.000004,0.000030,0.000041
1149,,,,,,,,,,,,,,0.000006,0.000073,0.000073,0.000077,0.000078,0.000110,0.000079,0.000147,0.000175,0.000165,0.000138,0.000201,0.000204,0.000192,0.000179,0.000204,0.000235,0.000160,0.000201,0.000109,0.000242,0.000242,0.000168,0.000071,0.000061,0.000050,0.000041,0.000062,0.000044,0.000028,0.000031,0.000026,0.000018,0.000004,0.000005,0.000038,0.000040
1150,,,,,,,,,,,,,,0.000006,0.000083,0.000067,0.000069,0.000062,0.000130,0.000084,0.000162,0.000179,0.000181,0.000177,0.000192,0.000208,0.000166,0.000178,0.000161,0.000153,0.000085,0.000138,0.000120,0.000198,0.000270,0.000162,0.000067,0.000054,0.000034,0.000029,0.000065,0.000054,0.000037,0.000029,0.000031,0.000031,0.000008,0.000006,0.000036,0.000049
1151,,,,,,,,,,,,,,0.000013,0.000133,0.000098,0.000109,0.000135,0.000272,0.000294,0.000423,0.000265,0.000185,0.000154,0.000209,0.000226,0.000208,0.000163,0.000136,0.000128,0.000036,0.000084,0.000093,0.000065,0.000059,0.000101,0.000143,0.000148,0.000099,0.000077,0.000063,0.000052,0.000048,0.000027,0.000030,0.000039,0.000027,0.000028,0.000074,0.000165
1152,,,,,,,,,,,,,,0.000005,0.000099,0.000078,0.000054,0.000051,0.000071,0.000055,0.000077,0.000063,0.000053,0.000059,0.000093,0.000114,0.000109,0.000139,0.000213,0.000148,0.000039,0.000052,0.000069,0.000086,0.000118,0.000090,0.000031,0.000032,0.000027,0.000025,0.000086,0.000150,0.000105,0.000127,0.000078,0.000077,0.000008,0.000005,0.000022,0.000036
1153,,,,,,,,,,,,,,0.000008,0.000081,0.000070,0.000052,0.000061,0.000075,0.000073,0.000103,0.000105,0.000118,0.000085,0.000139,0.000117,0.000112,0.000106,0.000086,0.000098,0.000037,0.000070,0.000060,0.000066,0.000060,0.000064,0.000032,0.000031,0.000024,0.000021,0.000043,0.000065,0.000041,0.000052,0.000099,0.000037,0.000008,0.000008,0.000053,0.000089
1154,,,,,,,,,,,,,,0.000009,0.000137,0.000118,0.000116,0.000138,0.000176,0.000101,0.000129,0.000115,0.000111,0.000076,0.000062,0.000050,0.000101,0.000073,0.000095,0.000133,0.000048,0.000104,0.000203,0.000261,0.000302,0.000219,0.000073,0.000044,0.000044,0.000039,0.000064,0.000069,0.000054,0.000063,0.000056,0.000073,0.000012,0.000013,0.000032,0.000041
1155,,,,,,,,,,,,,,0.000003,0.000050,0.000052,0.000073,0.000083,0.000099,0.000061,0.000099,0.000088,0.000069,0.000079,0.000054,0.000033,0.000023,0.000022,0.000026,0.000007,0.000027,0.000021,0.000045,0.000055,0.000090,0.000097,0.000074,0.000072,0.000048,0.000040,0.000099,0.000133,0.000120,0.000129,0.000158,0.000192,0.000034,0.000015,0.000052,0.000065
1156,,,,,,,,,,,,,,0.000006,0.000082,0.000057,0.000041,0.000074,0.000100,0.000064,0.000072,0.000055,0.000073,0.000062,0.000054,0.000055,0.000056,0.000057,0.000069,0.000060,0.000039,0.000069,0.000178,0.000190,0.000255,0.000238,0.000084,0.000044,0.000057,0.000030,0.000072,0.000101,0.000062,0.000064,0.000055,0.000065,0.000012,0.000014,0.000068,0.000105
1157,,,,,,,,,,,,,,0.000003,0.000056,0.000056,0.000047,0.000055,0.000076,0.000039,0.000053,0.000035,0.000030,0.000032,0.000052,0.000048,0.000046,0.000042,0.000055,0.000056,0.000073,0.000092,0.000131,0.000096,0.000138,0.000130,0.000065,0.000060,0.000050,0.000040,0.000078,0.000107,0.000070,0.000080,0.000079,0.000074,0.000007,0.000005,0.000028,0.000028
1158,,,,,,,,,,,,,,0.000005,0.000070,0.000097,0.000072,0.000063,0.000105,0.000064,0.000056,0.000045,0.000031,0.000035,0.000042,0.000024,0.000040,0.000127,0.000241,0.000240,0.000082,0.000117,0.000113,0.000150,0.000106,0.000109,0.000057,0.000069,0.000075,0.000048,0.000059,0.000048,0.000034,0.000053,0.000056,0.000078,0.000018,0.000016,0.000118,0.000159
1159,,,,,,,,,,,,,,0.000007,0.000096,0.000102,0.000083,0.000090,0.000129,0.000100,0.000110,0.000101,0.000093,0.000081,0.000111,0.000107,0.000105,0.000090,0.000102,0.000063,0.000039,0.000062,0.000052,0.000156,0.000106,0.000102,0.000063,0.000048,0.000025,0.000020,0.000030,0.000045,0.000025,0.000037,0.000043,0.000042,0.000008,0.000006,0.000036,0.000048
1160,,,,,,,,,,,,,,0.000006,0.000079,0.000063,0.000045,0.000049,0.000068,0.000044,0.000068,0.000087,0.000075,0.000061,0.000085,0.000061,0.000073,0.000070,0.000086,0.000086,0.000048,0.000097,0.000074,0.000065,0.000057,0.000084,0.000086,0.000065,0.000033,0.000025,0.000038,0.000033,0.000025,0.000039,0.000038,0.000019,0.000007,0.000008,0.000035,0.000077
1161,,,,,,,,,,,,,,0.000005,0.000136,0.000151,0.000128,0.000155,0.000358,0.000226,0.000226,0.000183,0.000109,0.000085,0.000114,0.000098,0.000089,0.000072,0.000070,0.000067,0.000046,0.000054,0.000033,0.000043,0.000052,0.000060,0.000044,0.000034,0.000024,0.000021,0.000059,0.000054,0.000080,0.000040,0.000035,0.000039,0.000009,0.000008,0.000032,0.000045
1162,,,,,,,,,,,,,,0.000007,0.000102,0.000090,0.000077,0.000073,0.000115,0.000112,0.000138,0.000170,0.000147,0.000141,0.000195,0.000236,0.000273,0.000200,0.000235,0.000186,0.000093,0.000224,0.000274,0.000447,0.000457,0.000401,0.000133,0.000118,0.000119,0.000115,0.000209,0.000264,0.000082,0.000120,0.000094,0.000081,0.000008,0.000005,0.000026,0.000050
1163,,,,,,,,,,,,,,0.000023,0.000183,0.000125,0.000115,0.000095,0.000090,0.000068,0.000115,0.000174,0.000128,0.000091,0.000109,0.000117,0.000180,0.000135,0.000120,0.000084,0.000068,0.000064,0.000054,0.000046,0.000044,0.000059,0.000044,0.000044,0.000046,0.000038,0.000066,0.000070,0.000067,0.000092,0.000078,0.000072,0.000028,0.000028,0.000129,0.000242
1164,,,,,,,,,,,,,,0.000003,0.000053,0.000047,0.000108,0.000081,0.000120,0.000102,0.000149,0.000174,0.000175,0.000148,0.000223,0.000202,0.000161,0.000123,0.000168,0.000120,0.000038,0.000051,0.000045,0.000052,0.000055,0.000052,0.000027,0.000021,0.000020,0.000014,0.000043,0.000051,0.000038,0.000029,0.000021,0.000025,0.000005,0.000004,0.000018,0.000043
1165,,,,,,,,,,,,,,0.000004,0.000045,0.000051,0.000050,0.000062,0.000064,0.000043,0.000064,0.000054,0.000061,0.000075,0.000126,0.000151,0.000193,0.000212,0.000284,0.000241,0.000074,0.000108,0.000057,0.000061,0.000074,0.000068,0.000033,0.000032,0.000024,0.000019,0.000043,0.000041,0.000037,0.000040,0.000033,0.000034,0.000005,0.000004,0.000019,0.000033
1166,,,,,,,,,,,,,,0.000012,0.000158,0.000124,0.000131,0.000153,0.000199,0.000133,0.000137,0.000125,0.000154,0.000124,0.000135,0.000099,0.000064,0.000047,0.000091,0.000110,0.000035,0.000062,0.000045,0.000032,0.000023,0.000036,0.000035,0.000063,0.000053,0.000052,0.000112,0.000120,0.000054,0.000064,0.000045,0.000037,0.000012,0.000011,0.000057,0.000090
1167,,,,,,,,,,,,,,0.000008,0.000149,0.000123,0.000085,0.000072,0.000109,0.000093,0.000137,0.000140,0.000142,0.000092,0.000096,0.000096,0.000099,0.000084,0.000102,0.000078,0.000036,0.000045,0.000035,0.000044,0.000062,0.000052,0.000034,0.000032,0.000018,0.000019,0.000029,0.000031,0.000026,0.000017,0.000027,0.000033,0.000007,0.000006,0.000027,0.000032
1168,,,,,,,,,,,,,,0.000005,0.000088,0.000056,0.000042,0.000057,0.000071,0.000040,0.000072,0.000075,0.000060,0.000065,0.000110,0.000097,0.000101,0.000099,0.000105,0.000088,0.000042,0.000063,0.000052,0.000051,0.000051,0.000066,0.000035,0.000036,0.000028,0.000027,0.000049,0.000042,0.000031,0.000053,0.000057,0.000062,0.000013,0.000008,0.000053,0.000108
1169,,,,,,,,,,,,,,0.000007,0.000145,0.000115,0.000109,0.000099,0.000080,0.000037,0.000053,0.000066,0.000067,0.000074,0.000051,0.000049,0.000072,0.000082,0.000104,0.000110,0.000075,0.000176,0.000224,0.000156,0.000126,0.000110,0.000064,0.000034,0.000029,0.000028,0.000069,0.000076,0.000055,0.000073,0.000084,0.000082,0.000009,0.000004,0.000023,0.000046
1170,,,,,,,,,,,,,,0.000009,0.000080,0.000081,0.000090,0.000117,0.000212,0.000266,0.000386,0.000510,0.000620,0.000509,0.000713,0.000664,0.000550,0.000499,0.000482,0.000380,0.000116,0.000163,0.000116,0.000132,0.000151,0.000099,0.000035,0.000040,0.000071,0.000044,0.000077,0.000063,0.000042,0.000048,0.000048,0.000042,0.000006,0.000004,0.000022,0.000058
1171,,,,,,,,,,,,,,0.000005,0.000100,0.000072,0.000080,0.000078,0.000127,0.000090,0.000121,0.000135,0.000134,0.000113,0.000150,0.000138,0.000145,0.000107,0.000112,0.000094,0.000045,0.000069,0.000052,0.000084,0.000089,0.000079,0.000035,0.000033,0.000030,0.000029,0.000083,0.000069,0.000039,0.000051,0.000044,0.000049,0.000007,0.000005,0.000037,0.000049
1172,,,,,,,,,,,,,,0.000005,0.000061,0.000064,0.000057,0.000136,0.000156,0.000143,0.000184,0.000099,0.000094,0.000066,0.000108,0.000102,0.000095,0.000090,0.000092,0.000070,0.000039,0.000037,0.000034,0.000058,0.000062,0.000047,0.000033,0.000037,0.000031,0.000032,0.000059,0.000070,0.000041,0.000043,0.000037,0.000026,0.000007,0.000006,0.000037,0.000048
1173,,,,,,,,,,,,,,0.000011,0.000162,0.000163,0.000171,0.000188,0.000321,0.000234,0.000347,0.000384,0.000376,0.000335,0.000568,0.000686,0.000665,0.000520,0.000534,0.000448,0.000140,0.000195,0.000121,0.000189,0.000224,0.000237,0.000094,0.000077,0.000049,0.000048,0.000118,0.000106,0.000049,0.000067,0.000055,0.000052,0.000004,0.000003,0.000045,0.000082
1174,,,,,,,,,,,,,,0.000005,0.000049,0.000054,0.000048,0.000044,0.000068,0.000073,0.000054,0.000068,0.000056,0.000060,0.000071,0.000071,0.000080,0.000109,0.000071,0.000061,0.000059,0.000072,0.000046,0.000052,0.000058,0.000071,0.000033,0.000063,0.000063,0.000056,0.000072,0.000121,0.000037,0.000040,0.000031,0.000019,0.000008,0.000009,0.000051,0.000083
1175,,,,,,,,,,,,,,0.000005,0.000069,0.000042,0.000034,0.000054,0.000070,0.000062,0.000075,0.000065,0.000073,0.000074,0.000097,0.000082,0.000080,0.000101,0.000118,0.000126,0.000048,0.000092,0.000065,0.000065,0.000080,0.000063,0.000019,0.000029,0.000025,0.000048,0.000097,0.000109,0.000065,0.000104,0.000070,0.000061,0.000007,0.000005,0.000023,0.000058
1176,,,,,,,,,,,,,,0.000004,0.000057,0.000055,0.000041,0.000058,0.000103,0.000091,0.000103,0.000096,0.000086,0.000081,0.000114,0.000095,0.000136,0.000099,0.000078,0.000082,0.000071,0.000143,0.000145,0.000177,0.000185,0.000180,0.000064,0.000053,0.000038,0.000024,0.000066,0.000088,0.000069,0.000126,0.000134,0.000136,0.000013,0.000007,0.000043,0.000061
1177,,,,,,,,,,,,,,0.000010,0.000114,0.000151,0.000153,0.000122,0.000113,0.000082,0.000065,0.000037,0.000052,0.000057,0.000088,0.000108,0.000093,0.000104,0.000139,0.000127,0.000052,0.000090,0.000055,0.000070,0.000104,0.000101,0.000047,0.000043,0.000035,0.000022,0.000045,0.000039,0.000027,0.000028,0.000017,0.000016,0.000008,0.000007,0.000031,0.000032
1178,,,,,,,,,,,,,,0.000003,0.000028,0.000016,0.000021,0.000028,0.000045,0.000054,0.000085,0.000103,0.000120,0.000108,0.000174,0.000174,0.000154,0.000114,0.000111,0.000083,0.000098,0.000045,0.000024,0.000032,0.000040,0.000039,0.000014,0.000017,0.000016,0.000039,0.000047,0.000055,0.000038,0.000053,0.000033,0.000027,0.000008,0.000006,0.000019,0.000038
1179,,,,,,,,,,,,,,0.000011,0.000197,0.000168,0.000166,0.000154,0.000217,0.000122,0.000135,0.000118,0.000100,0.000100,0.000117,0.000120,0.000110,0.000080,0.000117,0.000108,0.000049,0.000081,0.000055,0.000067,0.000074,0.000090,0.000035,0.000042,0.000045,0.000027,0.000054,0.000058,0.000040,0.000071,0.000077,0.000086,0.000008,0.000007,0.000041,0.000101
1180,,,,,,,,,,,,,,0.000004,0.000074,0.000059,0.000049,0.000064,0.000098,0.000065,0.000087,0.000090,0.000113,0.000097,0.000127,0.000110,0.000117,0.000094,0.000090,0.000090,0.000040,0.000044,0.000055,0.000051,0.000062,0.000061,0.000027,0.000035,0.000026,0.000034,0.000105,0.000144,0.000098,0.000117,0.000104,0.000090,0.000008,0.000007,0.000028,0.000036
1181,,,,,,,,,,,,,,0.000004,0.000065,0.000060,0.000100,0.000103,0.000131,0.000083,0.000092,0.000089,0.000118,0.000101,0.000125,0.000122,0.000107,0.000083,0.000094,0.000070,0.000036,0.000072,0.000045,0.000052,0.000053,0.000069,0.000036,0.000040,0.000026,0.000015,0.000029,0.000037,0.000037,0.000124,0.000082,0.000071,0.000011,0.000011,0.000033,0.000041
1182,,,,,,,,,,,,,,0.000004,0.000066,0.000093,0.000076,0.000056,0.000084,0.000053,0.000045,0.000073,0.000072,0.000067,0.000082,0.000072,0.000079,0.000084,0.000089,0.000064,0.000035,0.000047,0.000053,0.000061,0.000070,0.000073,0.000034,0.000031,0.000027,0.000023,0.000041,0.000038,0.000036,0.000070,0.000085,0.000095,0.000012,0.000005,0.000020,0.000029
1183,,,,,,,,,,,,,,0.000008,0.000127,0.000081,0.000071,0.000060,0.000069,0.000064,0.000078,0.000093,0.000090,0.000056,0.000082,0.000087,0.000085,0.000070,0.000073,0.000085,0.000114,0.000121,0.000093,0.000113,0.000097,0.000075,0.000086,0.000042,0.000025,0.000017,0.000034,0.000026,0.000073,0.000033,0.000031,0.000031,0.000012,0.000011,0.000042,0.000068
1184,,,,,,,,,,,,,,0.000006,0.000097,0.000074,0.000073,0.000066,0.000113,0.000085,0.000090,0.000103,0.000099,0.000092,0.000167,0.000151,0.000171,0.000149,0.000178,0.000159,0.000063,0.000105,0.000064,0.000106,0.000157,0.000183,0.000074,0.000108,0.000070,0.000049,0.000111,0.000097,0.000050,0.000054,0.000041,0.000040,0.000005,0.000005,0.000027,0.000038
1185,,,,,,,,,,,,,,0.000007,0.000150,0.000089,0.000065,0.000056,0.000074,0.000063,0.000070,0.000088,0.000079,0.000072,0.000096,0.000067,0.000084,0.000075,0.000095,0.000079,0.000055,0.000071,0.000075,0.000092,0.000102,0.000089,0.000031,0.000035,0.000050,0.000048,0.000121,0.000145,0.000082,0.000093,0.000068,0.000062,0.000007,0.000006,0.000048,0.000075
1186,,,,,,,,,,,,,,0.000005,0.000085,0.000063,0.000058,0.000053,0.000098,0.000065,0.000083,0.000087,0.000109,0.000099,0.000110,0.000096,0.000095,0.000087,0.000107,0.000096,0.000159,0.000225,0.000119,0.000108,0.000074,0.000054,0.000031,0.000038,0.000036,0.000030,0.000067,0.000080,0.000092,0.000146,0.000144,0.000119,0.000012,0.000007,0.000031,0.000042
1187,,,,,,,,,,,,,,0.000005,0.000113,0.000137,0.000148,0.000106,0.000104,0.000078,0.000091,0.000094,0.000095,0.000069,0.000081,0.000096,0.000081,0.000059,0.000077,0.000073,0.000035,0.000062,0.000056,0.000080,0.000088,0.000095,0.000054,0.000036,0.000033,0.000033,0.000091,0.000067,0.000033,0.000037,0.000035,0.000057,0.000008,0.000005,0.000025,0.000027
1188,,,,,,,,,,,,,,0.000004,0.000065,0.000059,0.000055,0.000048,0.000073,0.000065,0.000066,0.000083,0.000086,0.000057,0.000074,0.000049,0.000067,0.000048,0.000068,0.000046,0.000029,0.000051,0.000037,0.000059,0.000065,0.000065,0.000032,0.000035,0.000019,0.000022,0.000073,0.000171,0.000110,0.000103,0.000111,0.000078,0.000009,0.000007,0.000033,0.000044
1189,,,,,,,,,,,,,,0.000003,0.000069,0.000069,0.000090,0.000171,0.000104,0.000052,0.000054,0.000048,0.000047,0.000041,0.000043,0.000030,0.000037,0.000040,0.000042,0.000043,0.000032,0.000045,0.000031,0.000052,0.000056,0.000062,0.000026,0.000020,0.000025,0.000018,0.000033,0.000047,0.000045,0.000066,0.000079,0.000084,0.000008,0.000005,0.000020,0.000024
1190,,,,,,,,,,,,,,0.000006,0.000129,0.000093,0.000065,0.000064,0.000067,0.000046,0.000058,0.000052,0.000041,0.000051,0.000085,0.000103,0.000113,0.000094,0.000118,0.000114,0.000054,0.000073,0.000052,0.000095,0.000107,0.000088,0.000043,0.000028,0.000035,0.000039,0.000145,0.000111,0.000053,0.000054,0.000052,0.000048,0.000008,0.000006,0.000025,0.000028
1191,,,,,,,,,,,,,,0.000003,0.000044,0.000045,0.000044,0.000049,0.000063,0.000046,0.000056,0.000077,0.000097,0.000067,0.000084,0.000072,0.000066,0.000095,0.000066,0.000055,0.000032,0.000056,0.000104,0.000090,0.000100,0.000098,0.000074,0.000090,0.000084,0.000076,0.000145,0.000129,0.000068,0.000089,0.000089,0.000095,0.000017,0.000012,0.000021,0.000023
1192,,,,,,,,,,,,,,0.000006,0.000111,0.000101,0.000099,0.000098,0.000100,0.000103,0.000089,0.000079,0.000106,0.000095,0.000141,0.000142,0.000187,0.000220,0.000212,0.000198,0.000127,0.000148,0.000119,0.000082,0.000081,0.000067,0.000053,0.000043,0.000037,0.000036,0.000056,0.000045,0.000029,0.000026,0.000026,0.000023,0.000007,0.000007,0.000035,0.000049
1193,,,,,,,,,,,,,,0.000006,0.000116,0.000102,0.000090,0.000112,0.000136,0.000095,0.000098,0.000108,0.000098,0.000082,0.000108,0.000112,0.000131,0.000097,0.000123,0.000108,0.000050,0.000093,0.000056,0.000079,0.000101,0.000078,0.000054,0.000047,0.000029,0.000025,0.000042,0.000066,0.000040,0.000045,0.000034,0.000047,0.000009,0.000006,0.000033,0.000041
1194,,,,,,,,,,,,,,0.000004,0.000070,0.000063,0.000168,0.000126,0.000142,0.000098,0.000102,0.000087,0.000070,0.000062,0.000088,0.000081,0.000098,0.000069,0.000056,0.000063,0.000036,0.000043,0.000058,0.000046,0.000059,0.000048,0.000032,0.000029,0.000032,0.000043,0.000039,0.000036,0.000045,0.000017,0.000031,0.000030,0.000009,0.000008,0.000025,0.000041
1195,,,,,,,,,,,,,,0.000004,0.000083,0.000071,0.000081,0.000067,0.000133,0.000106,0.000135,0.000180,0.000138,0.000125,0.000176,0.000165,0.000124,0.000096,0.000090,0.000068,0.000041,0.000032,0.000044,0.000036,0.000051,0.000071,0.000038,0.000038,0.000031,0.000022,0.000032,0.000055,0.000067,0.000056,0.000045,0.000036,0.000010,0.000011,0.000043,0.000090
1196,,,,,,,,,,,,,,0.000013,0.000173,0.000205,0.000201,0.000213,0.000273,0.000189,0.000255,0.000274,0.000255,0.000294,0.000514,0.000720,0.000848,0.000700,0.000632,0.000487,0.000166,0.000280,0.000208,0.000274,0.000288,0.000259,0.000089,0.000074,0.000064,0.000058,0.000120,0.000108,0.000060,0.000072,0.000061,0.000060,0.000007,0.000006,0.000071,0.000091
1197,,,,,,,,,,,,,,0.000004,0.000050,0.000046,0.000035,0.000206,0.000055,0.000048,0.000066,0.000071,0.000058,0.000051,0.000081,0.000069,0.000060,0.000065,0.000058,0.000040,0.000029,0.000041,0.000035,0.000049,0.000068,0.000067,0.000040,0.000035,0.000030,0.000028,0.000040,0.000055,0.000043,0.000053,0.000054,0.000058,0.000010,0.000009,0.000046,0.000052
1198,,,,,,,,,,,,,,0.000010,0.000078,0.000075,0.000070,0.000068,0.000067,0.000052,0.000065,0.000088,0.000073,0.000088,0.000101,0.000111,0.000112,0.000089,0.000133,0.000115,0.000090,0.000164,0.000110,0.000161,0.000156,0.000112,0.000043,0.000033,0.000037,0.000026,0.000036,0.000029,0.000021,0.000019,0.000025,0.000012,0.000008,0.000015,0.000166,0.000188
1199,,,,,,,,,,,,,,0.000005,0.000132,0.000077,0.000059,0.000059,0.000118,0.000072,0.000074,0.000079,0.000072,0.000060,0.000082,0.000092,0.000067,0.000066,0.000056,0.000044,0.000064,0.000125,0.000104,0.000154,0.000149,0.000133,0.000043,0.000024,0.000028,0.000027,0.000057,0.000081,0.000064,0.000087,0.000105,0.000106,0.000011,0.000009,0.000069,0.000085
1200,,,,,,,,,,,,,,0.000007,0.000085,0.000075,0.000077,0.000087,0.000120,0.000080,0.000093,0.000112,0.000091,0.000097,0.000119,0.000134,0.000118,0.000119,0.000161,0.000135,0.000059,0.000081,0.000061,0.000076,0.000080,0.000097,0.000049,0.000034,0.000028,0.000024,0.000048,0.000084,0.000064,0.000083,0.000064,0.000048,0.000007,0.000006,0.000035,0.000048
1201,,,,,,,,,,,,,,0.000003,0.000055,0.000030,0.000036,0.000036,0.000047,0.000029,0.000026,0.000030,0.000033,0.000033,0.000055,0.000061,0.000052,0.000106,0.000052,0.000047,0.000037,0.000073,0.000045,0.000052,0.000077,0.000095,0.000051,0.000045,0.000026,0.000028,0.000040,0.000044,0.000031,0.000045,0.000046,0.000055,0.000010,0.000008,0.000033,0.000038
1202,,,,,,,,,,,,,,0.000005,0.000074,0.000070,0.000057,0.000066,0.000096,0.000069,0.000102,0.000098,0.000093,0.000086,0.000125,0.000134,0.000121,0.000094,0.000099,0.000075,0.000038,0.000069,0.000045,0.000056,0.000062,0.000052,0.000023,0.000037,0.000029,0.000046,0.000116,0.000213,0.000118,0.000111,0.000102,0.000083,0.000012,0.000006,0.000029,0.000034
1203,,,,,,,,,,,,,,0.000005,0.000170,0.000124,0.000070,0.000070,0.000121,0.000088,0.000119,0.000106,0.000116,0.000098,0.000137,0.000134,0.000139,0.000124,0.000084,0.000069,0.000051,0.000067,0.000051,0.000121,0.000151,0.000124,0.000051,0.000043,0.000031,0.000034,0.000064,0.000057,0.000051,0.000058,0.000046,0.000053,0.000008,0.000008,0.000029,0.000039
1204,,,,,,,,,,,,,,0.000006,0.000095,0.000098,0.000094,0.000111,0.000207,0.000154,0.000196,0.000215,0.000176,0.000140,0.000199,0.000188,0.000166,0.000114,0.000167,0.000114,0.000060,0.000085,0.000061,0.000084,0.000138,0.000219,0.000079,0.000065,0.000040,0.000027,0.000057,0.000064,0.000045,0.000054,0.000056,0.000057,0.000006,0.000005,0.000028,0.000043
1205,,,,,,,,,,,,,,0.000004,0.000052,0.000049,0.000058,0.000065,0.000073,0.000061,0.000077,0.000066,0.000056,0.000054,0.000063,0.000051,0.000047,0.000044,0.000053,0.000069,0.000056,0.000083,0.000085,0.000198,0.000236,0.000277,0.000178,0.000228,0.000144,0.000162,0.000346,0.000298,0.000118,0.000139,0.000101,0.000075,0.000010,0.000010,0.000031,0.000046
1206,,,,,,,,,,,,,,0.000011,0.000155,0.000136,0.000164,0.000188,0.000273,0.000171,0.000176,0.000170,0.000175,0.000145,0.000199,0.000186,0.000186,0.000118,0.000115,0.000069,0.000066,0.000093,0.000067,0.000093,0.000087,0.000058,0.000031,0.000034,0.000028,0.000032,0.000049,0.000053,0.000041,0.000048,0.000066,0.000066,0.000010,0.000010,0.000163,0.000171
1207,,,,,,,,,,,,,,0.000008,0.000143,0.000111,0.000108,0.000094,0.000146,0.000092,0.000141,0.000134,0.000152,0.000132,0.000219,0.000186,0.000177,0.000134,0.000129,0.000106,0.000082,0.000132,0.000054,0.000099,0.000117,0.000167,0.000081,0.000075,0.000103,0.000068,0.000204,0.000252,0.000157,0.000183,0.000142,0.000110,0.000007,0.000005,0.000027,0.000037
1208,,,,,,,,,,,,,,0.000005,0.000065,0.000052,0.000053,0.000054,0.000083,0.000054,0.000062,0.000065,0.000060,0.000041,0.000049,0.000032,0.000031,0.000045,0.000064,0.000075,0.000053,0.000088,0.000085,0.000082,0.000075,0.000079,0.000066,0.000037,0.000030,0.000022,0.000034,0.000044,0.000067,0.000084,0.000102,0.000159,0.000015,0.000011,0.000028,0.000049
1209,,,,,,,,,,,,,,0.000006,0.000083,0.000073,0.000062,0.000064,0.000099,0.000089,0.000108,0.000098,0.000104,0.000087,0.000140,0.000124,0.000125,0.000101,0.000103,0.000073,0.000038,0.000062,0.000045,0.000050,0.000081,0.000085,0.000045,0.000041,0.000029,0.000024,0.000048,0.000042,0.000040,0.000040,0.000044,0.000039,0.000013,0.000010,0.000044,0.000066
1210,,,,,,,,,,,,,,0.000004,0.000065,0.000046,0.000057,0.000064,0.000096,0.000060,0.000091,0.000099,0.000098,0.000096,0.000136,0.000131,0.000108,0.000102,0.000102,0.000114,0.000042,0.000070,0.000104,0.000130,0.000084,0.000090,0.000052,0.000040,0.000030,0.000028,0.000049,0.000060,0.000040,0.000054,0.000051,0.000060,0.000007,0.000005,0.000029,0.000052
1211,,,,,,,,,,,,,,0.000004,0.000063,0.000051,0.000050,0.000169,0.000084,0.000048,0.000048,0.000047,0.000046,0.000056,0.000083,0.000080,0.000086,0.000064,0.000078,0.000058,0.000039,0.000072,0.000067,0.000121,0.000105,0.000105,0.000058,0.000053,0.000025,0.000020,0.000041,0.000035,0.000023,0.000024,0.000028,0.000021,0.000006,0.000005,0.000020,0.000030
1212,,,,,,,,,,,,,,0.000009,0.000128,0.000134,0.000107,0.000079,0.000089,0.000128,0.000177,0.000117,0.000108,0.000091,0.000129,0.000123,0.000124,0.000084,0.000142,0.000173,0.000157,0.000129,0.000051,0.000112,0.000109,0.000086,0.000061,0.000046,0.000060,0.000042,0.000049,0.000044,0.000023,0.000062,0.000055,0.000063,0.000014,0.000016,0.000069,0.000131
1213,,,,,,,,,,,,,,0.000009,0.000135,0.000093,0.000070,0.000079,0.000102,0.000087,0.000141,0.000117,0.000116,0.000098,0.000143,0.000157,0.000126,0.000117,0.000145,0.000110,0.000043,0.000159,0.000128,0.000168,0.000182,0.000164,0.000047,0.000045,0.000039,0.000046,0.000072,0.000109,0.000051,0.000047,0.000066,0.000083,0.000011,0.000006,0.000040,0.000070
1214,,,,,,,,,,,,,,0.000009,0.000109,0.000076,0.000063,0.000090,0.000152,0.000141,0.000177,0.000164,0.000130,0.000092,0.000098,0.000099,0.000092,0.000085,0.000104,0.000065,0.000042,0.000061,0.000034,0.000046,0.000046,0.000036,0.000051,0.000047,0.000026,0.000023,0.000036,0.000038,0.000024,0.000027,0.000029,0.000035,0.000007,0.000005,0.000015,0.000030
1215,,,,,,,,,,,,,,0.000004,0.000049,0.000040,0.000041,0.000059,0.000129,0.000094,0.000131,0.000188,0.000258,0.000338,0.000630,0.000650,0.000640,0.000571,0.000581,0.000372,0.000112,0.000188,0.000135,0.000187,0.000154,0.000118,0.000034,0.000034,0.000023,0.000025,0.000030,0.000023,0.000014,0.000026,0.000031,0.000024,0.000010,0.000012,0.000034,0.000048
1216,,,,,,,,,,,,,,0.000007,0.000060,0.000049,0.000097,0.000154,0.000186,0.000104,0.000112,0.000099,0.000096,0.000071,0.000091,0.000088,0.000091,0.000076,0.000094,0.000089,0.000106,0.000159,0.000122,0.000171,0.000117,0.000131,0.000138,0.000115,0.000075,0.000044,0.000073,0.000051,0.000122,0.000047,0.000045,0.000032,0.000006,0.000005,0.000037,0.000030
1217,,,,,,,,,,,,,,0.000005,0.000089,0.000078,0.000088,0.000131,0.000293,0.000244,0.000358,0.000348,0.000294,0.000200,0.000247,0.000213,0.000139,0.000114,0.000134,0.000123,0.000047,0.000096,0.000109,0.000083,0.000089,0.000084,0.000036,0.000026,0.000021,0.000018,0.000033,0.000041,0.000048,0.000058,0.000053,0.000041,0.000006,0.000005,0.000030,0.000052
1218,,,,,,,,,,,,,,0.000003,0.000050,0.000050,0.000041,0.000030,0.000079,0.000049,0.000063,0.000054,0.000053,0.000049,0.000061,0.000060,0.000053,0.000036,0.000046,0.000037,0.000031,0.000041,0.000030,0.000035,0.000048,0.000039,0.000021,0.000024,0.000020,0.000017,0.000033,0.000037,0.000028,0.000030,0.000032,0.000043,0.000012,0.000007,0.000026,0.000020
1219,,,,,,,,,,,,,,0.000006,0.000175,0.000134,0.000142,0.000245,0.000229,0.000227,0.000256,0.000114,0.000104,0.000083,0.000093,0.000090,0.000134,0.000128,0.000152,0.000141,0.000130,0.000107,0.000130,0.000137,0.000126,0.000118,0.000068,0.000084,0.000091,0.000192,0.000142,0.000138,0.000076,0.000090,0.000072,0.000066,0.000010,0.000007,0.000025,0.000034
1220,,,,,,,,,,,,,,0.000005,0.000080,0.000073,0.000066,0.000061,0.000107,0.000105,0.000175,0.000183,0.000158,0.000173,0.000247,0.000232,0.000187,0.000150,0.000209,0.000211,0.000114,0.000306,0.000107,0.000118,0.000136,0.000105,0.000049,0.000037,0.000030,0.000021,0.000051,0.000061,0.000040,0.000054,0.000069,0.000067,0.000005,0.000005,0.000034,0.000052
1221,,,,,,,,,,,,,,0.000005,0.000084,0.000052,0.000035,0.000042,0.000067,0.000064,0.000092,0.000085,0.000071,0.000084,0.000080,0.000072,0.000070,0.000056,0.000038,0.000082,0.000042,0.000052,0.000037,0.000081,0.000087,0.000064,0.000024,0.000025,0.000070,0.000026,0.000044,0.000070,0.000063,0.000076,0.000036,0.000031,0.000010,0.000010,0.000025,0.000036
1222,,,,,,,,,,,,,,0.000004,0.000059,0.000063,0.000066,0.000065,0.000079,0.000050,0.000070,0.000061,0.000051,0.000055,0.000073,0.000054,0.000059,0.000058,0.000060,0.000047,0.000022,0.000035,0.000037,0.000042,0.000073,0.000093,0.000053,0.000039,0.000030,0.000025,0.000046,0.000048,0.000044,0.000050,0.000035,0.000033,0.000004,0.000005,0.000039,0.000037
1223,,,,,,,,,,,,,,0.000009,0.000204,0.000147,0.000177,0.000146,0.000156,0.000215,0.000157,0.000105,0.000086,0.000063,0.000084,0.000079,0.000091,0.000083,0.000133,0.000195,0.000123,0.000296,0.000133,0.000148,0.000131,0.000096,0.000043,0.000032,0.000054,0.000033,0.000060,0.000073,0.000028,0.000114,0.000070,0.000050,0.000012,0.000013,0.000054,0.000041
1224,,,,,,,,,,,,,,0.000004,0.000043,0.000043,0.000048,0.000058,0.000085,0.000069,0.000075,0.000069,0.000058,0.000065,0.000083,0.000071,0.000065,0.000052,0.000070,0.000072,0.000044,0.000072,0.000044,0.000086,0.000198,0.000203,0.000062,0.000035,0.000022,0.000017,0.000034,0.000032,0.000027,0.000034,0.000028,0.000022,0.000003,0.000003,0.000022,0.000032
1225,,,,,,,,,,,,,,0.000007,0.000128,0.000146,0.000208,0.000186,0.000214,0.000125,0.000095,0.000091,0.000077,0.000070,0.000103,0.000081,0.000088,0.000096,0.000099,0.000093,0.000054,0.000062,0.000049,0.000057,0.000054,0.000049,0.000028,0.000027,0.000037,0.000034,0.000080,0.000099,0.000085,0.000107,0.000090,0.000112,0.000016,0.000009,0.000020,0.000038
1226,,,,,,,,,,,,,,0.000005,0.000116,0.000104,0.000060,0.000048,0.000062,0.000048,0.000053,0.000076,0.000058,0.000095,0.000087,0.000096,0.000086,0.000054,0.000091,0.000076,0.000040,0.000064,0.000032,0.000062,0.000061,0.000073,0.000036,0.000031,0.000023,0.000020,0.000036,0.000042,0.000030,0.000045,0.000036,0.000048,0.000011,0.000006,0.000030,0.000042
1227,,,,,,,,,,,,,,0.000003,0.000058,0.000053,0.000104,0.000186,0.000231,0.000135,0.000159,0.000118,0.000096,0.000094,0.000105,0.000092,0.000094,0.000083,0.000074,0.000087,0.000051,0.000046,0.000041,0.000058,0.000059,0.000061,0.000046,0.000034,0.000023,0.000018,0.000024,0.000059,0.000042,0.000035,0.000033,0.000031,0.000008,0.000007,0.000021,0.000029
1228,,,,,,,,,,,,,,0.000004,0.000057,0.000053,0.000049,0.000058,0.000048,0.000028,0.000033,0.000054,0.000058,0.000062,0.000105,0.000101,0.000168,0.000214,0.000340,0.000436,0.000230,0.000342,0.000189,0.000215,0.000204,0.000163,0.000064,0.000045,0.000036,0.000033,0.000070,0.000078,0.000059,0.000066,0.000041,0.000052,0.000010,0.000007,0.000027,0.000049
1229,,,,,,,,,,,,,,0.000010,0.000129,0.000100,0.000096,0.000087,0.000118,0.000076,0.000110,0.000120,0.000125,0.000113,0.000152,0.000175,0.000188,0.000207,0.000174,0.000144,0.000071,0.000101,0.000060,0.000097,0.000135,0.000172,0.000117,0.000072,0.000038,0.000044,0.000048,0.000033,0.000028,0.000015,0.000055,0.000056,0.000007,0.000008,0.000064,0.000084
1230,,,,,,,,,,,,,,0.000012,0.000126,0.000149,0.000105,0.000072,0.000139,0.000090,0.000096,0.000081,0.000055,0.000044,0.000092,0.000123,0.000122,0.000094,0.000076,0.000095,0.000177,0.000132,0.000107,0.000097,0.000068,0.000058,0.000069,0.000096,0.000074,0.000075,0.000065,0.000069,0.000071,0.000211,0.000194,0.000218,0.000043,0.000035,0.000158,0.000224
1231,,,,,,,,,,,,,,0.000009,0.000190,0.000237,0.000186,0.000129,0.000156,0.000078,0.000121,0.000090,0.000109,0.000064,0.000102,0.000120,0.000099,0.000088,0.000092,0.000066,0.000060,0.000158,0.000116,0.000205,0.000142,0.000087,0.000052,0.000037,0.000027,0.000037,0.000074,0.000078,0.000044,0.000106,0.000061,0.000044,0.000007,0.000005,0.000039,0.000053
1232,,,,,,,,,,,,,,0.000009,0.000151,0.000137,0.000097,0.000064,0.000086,0.000075,0.000111,0.000070,0.000084,0.000067,0.000072,0.000062,0.000067,0.000067,0.000075,0.000075,0.000050,0.000069,0.000061,0.000090,0.000125,0.000186,0.000072,0.000067,0.000040,0.000033,0.000044,0.000042,0.000032,0.000036,0.000036,0.000037,0.000007,0.000006,0.000025,0.000048
1233,,,,,,,,,,,,,,0.000004,0.000072,0.000058,0.000073,0.000101,0.000138,0.000090,0.000090,0.000086,0.000077,0.000054,0.000057,0.000068,0.000077,0.000066,0.000091,0.000071,0.000037,0.000070,0.000056,0.000086,0.000137,0.000127,0.000048,0.000067,0.000047,0.000041,0.000109,0.000101,0.000059,0.000069,0.000047,0.000043,0.000006,0.000004,0.000020,0.000044
1234,,,,,,,,,,,,,,0.000007,0.000077,0.000071,0.000060,0.000057,0.000077,0.000062,0.000073,0.000061,0.000078,0.000037,0.000062,0.000081,0.000081,0.000083,0.000069,0.000092,0.000101,0.000096,0.000071,0.000053,0.000066,0.000061,0.000040,0.000038,0.000037,0.000025,0.000042,0.000045,0.000035,0.000045,0.000040,0.000059,0.000010,0.000008,0.000035,0.000049
1235,,,,,,,,,,,,,,0.000005,0.000080,0.000072,0.000087,0.000116,0.000198,0.000145,0.000156,0.000156,0.000111,0.000083,0.000112,0.000128,0.000108,0.000099,0.000145,0.000121,0.000130,0.000179,0.000113,0.000122,0.000094,0.000083,0.000041,0.000043,0.000032,0.000047,0.000073,0.000087,0.000060,0.000090,0.000092,0.000109,0.000010,0.000007,0.000036,0.000037
1236,,,,,,,,,,,,,,0.000006,0.000099,0.000118,0.000096,0.000080,0.000112,0.000085,0.000099,0.000098,0.000105,0.000088,0.000117,0.000106,0.000104,0.000092,0.000100,0.000083,0.000087,0.000091,0.000071,0.000076,0.000085,0.000075,0.000037,0.000046,0.000033,0.000026,0.000034,0.000045,0.000037,0.000041,0.000035,0.000033,0.000010,0.000012,0.000052,0.000068
1237,,,,,,,,,,,,,,0.000008,0.000084,0.000060,0.000055,0.000070,0.000111,0.000106,0.000101,0.000121,0.000098,0.000108,0.000193,0.000245,0.000225,0.000244,0.000334,0.000314,0.000137,0.000419,0.000277,0.000164,0.000134,0.000069,0.000029,0.000030,0.000027,0.000040,0.000043,0.000033,0.000065,0.000041,0.000038,0.000040,0.000032,0.000030,0.000119,0.000141
1238,,,,,,,,,,,,,,0.000006,0.000096,0.000081,0.000062,0.000068,0.000227,0.000146,0.000210,0.000231,0.000184,0.000183,0.000270,0.000267,0.000264,0.000176,0.000252,0.000285,0.000119,0.000232,0.000106,0.000085,0.000079,0.000083,0.000040,0.000067,0.000063,0.000073,0.000267,0.000315,0.000199,0.000174,0.000105,0.000089,0.000018,0.000010,0.000041,0.000081
1239,,,,,,,,,,,,,,0.000011,0.000125,0.000102,0.000091,0.000082,0.000128,0.000114,0.000122,0.000101,0.000083,0.000081,0.000103,0.000119,0.000154,0.000099,0.000107,0.000114,0.000085,0.000225,0.000157,0.000237,0.000246,0.000169,0.000056,0.000042,0.000026,0.000028,0.000063,0.000110,0.000111,0.000204,0.000250,0.000329,0.000032,0.000012,0.000054,0.000109
1240,,,,,,,,,,,,,,0.000009,0.000114,0.000126,0.000134,0.000171,0.000341,0.000358,0.000546,0.000651,0.000589,0.000512,0.000623,0.000550,0.000432,0.000348,0.000369,0.000292,0.000101,0.000154,0.000100,0.000118,0.000165,0.000182,0.000087,0.000075,0.000065,0.000073,0.000170,0.000177,0.000099,0.000113,0.000079,0.000081,0.000011,0.000009,0.000049,0.000074
1241,,,,,,,,,,,,,,0.000010,0.000223,0.000171,0.000114,0.000079,0.000100,0.000126,0.000117,0.000083,0.000068,0.000059,0.000075,0.000087,0.000090,0.000102,0.000093,0.000091,0.000049,0.000067,0.000084,0.000091,0.000075,0.000074,0.000050,0.000065,0.000046,0.000034,0.000049,0.000050,0.000061,0.000024,0.000021,0.000026,0.000007,0.000008,0.000062,0.000061
1242,,,,,,,,,,,,,,0.000007,0.000131,0.000101,0.000153,0.000249,0.000489,0.000323,0.000381,0.000379,0.000322,0.000302,0.000456,0.000408,0.000375,0.000221,0.000241,0.000252,0.000150,0.000099,0.000069,0.000102,0.000139,0.000145,0.000086,0.000071,0.000045,0.000042,0.000084,0.000109,0.000067,0.000086,0.000076,0.000086,0.000016,0.000011,0.000042,0.000060
1243,,,,,,,,,,,,,,0.000004,0.000062,0.000059,0.000045,0.000034,0.000055,0.000048,0.000073,0.000082,0.000062,0.000063,0.000065,0.000049,0.000058,0.000056,0.000073,0.000063,0.000065,0.000090,0.000072,0.000085,0.000090,0.000086,0.000039,0.000035,0.000029,0.000023,0.000038,0.000040,0.000038,0.000069,0.000078,0.000092,0.000009,0.000006,0.000026,0.000037
1244,,,,,,,,,,,,,,0.000009,0.000082,0.000057,0.000079,0.000070,0.000120,0.000109,0.000139,0.000159,0.000140,0.000119,0.000156,0.000152,0.000135,0.000087,0.000084,0.000072,0.000035,0.000105,0.000059,0.000063,0.000047,0.000061,0.000024,0.000027,0.000025,0.000035,0.000042,0.000045,0.000025,0.000032,0.000035,0.000029,0.000004,0.000003,0.000021,0.000048
1245,,,,,,,,,,,,,,0.000008,0.000147,0.000108,0.000102,0.000090,0.000125,0.000291,0.000327,0.000292,0.000218,0.000262,0.000352,0.000340,0.000368,0.000240,0.000228,0.000154,0.000052,0.000095,0.000094,0.000152,0.000117,0.000088,0.000037,0.000028,0.000025,0.000026,0.000043,0.000042,0.000035,0.000041,0.000042,0.000042,0.000006,0.000007,0.000035,0.000058
1246,,,,,,,,,,,,,,0.000006,0.000226,0.000244,0.000210,0.000135,0.000167,0.000083,0.000125,0.000122,0.000099,0.000079,0.000088,0.000094,0.000103,0.000082,0.000132,0.000115,0.000068,0.000100,0.000073,0.000107,0.000088,0.000085,0.000037,0.000031,0.000034,0.000031,0.000042,0.000045,0.000041,0.000044,0.000034,0.000035,0.000011,0.000009,0.000034,0.000078
1247,,,,,,,,,,,,,,0.000004,0.000063,0.000047,0.000049,0.000053,0.000082,0.000071,0.000084,0.000094,0.000096,0.000099,0.000103,0.000113,0.000140,0.000106,0.000103,0.000086,0.000078,0.000073,0.000055,0.000073,0.000065,0.000067,0.000032,0.000026,0.000025,0.000029,0.000044,0.000057,0.000048,0.000068,0.000058,0.000047,0.000009,0.000009,0.000022,0.000044
1248,,,,,,,,,,,,,,0.000006,0.000164,0.000119,0.000087,0.000053,0.000057,0.000037,0.000068,0.000064,0.000076,0.000064,0.000071,0.000089,0.000073,0.000061,0.000105,0.000087,0.000045,0.000066,0.000059,0.000061,0.000111,0.000094,0.000035,0.000034,0.000038,0.000037,0.000071,0.000076,0.000047,0.000053,0.000047,0.000049,0.000008,0.000006,0.000028,0.000041
1249,,,,,,,,,,,,,,0.000013,0.000115,0.000089,0.000087,0.000094,0.000104,0.000057,0.000090,0.000090,0.000094,0.000079,0.000096,0.000117,0.000112,0.000098,0.000091,0.000092,0.000041,0.000066,0.000050,0.000084,0.000090,0.000081,0.000040,0.000034,0.000034,0.000027,0.000055,0.000084,0.000053,0.000056,0.000049,0.000043,0.000009,0.000010,0.000103,0.000131
1250,,,,,,,,,,,,,,0.000018,0.000182,0.000132,0.000109,0.000123,0.000223,0.000135,0.000172,0.000148,0.000118,0.000098,0.000115,0.000146,0.000161,0.000115,0.000128,0.000121,0.000036,0.000057,0.000062,0.000105,0.000135,0.000130,0.000046,0.000043,0.000028,0.000024,0.000060,0.000059,0.000035,0.000046,0.000037,0.000048,0.000006,0.000005,0.000033,0.000115
1251,,,,,,,,,,,,,,0.000005,0.000153,0.000100,0.000083,0.000097,0.000071,0.000054,0.000070,0.000059,0.000053,0.000051,0.000073,0.000077,0.000077,0.000067,0.000072,0.000039,0.000035,0.000047,0.000044,0.000053,0.000068,0.000058,0.000053,0.000070,0.000045,0.000030,0.000037,0.000038,0.000029,0.000039,0.000033,0.000044,0.000009,0.000009,0.000028,0.000039
1252,,,,,,,,,,,,,,0.000005,0.000094,0.000112,0.000130,0.000124,0.000155,0.000108,0.000177,0.000254,0.000262,0.000261,0.000384,0.000356,0.000288,0.000193,0.000222,0.000186,0.000081,0.000112,0.000071,0.000132,0.000161,0.000173,0.000055,0.000039,0.000041,0.000046,0.000097,0.000081,0.000031,0.000018,0.000018,0.000014,0.000006,0.000007,0.000038,0.000041
1253,,,,,,,,,,,,,,0.000008,0.000161,0.000109,0.000089,0.000097,0.000132,0.000092,0.000100,0.000085,0.000064,0.000072,0.000119,0.000113,0.000149,0.000098,0.000110,0.000142,0.000066,0.000143,0.000069,0.000124,0.000122,0.000157,0.000079,0.000060,0.000038,0.000040,0.000056,0.000039,0.000033,0.000055,0.000054,0.000055,0.000012,0.000011,0.000059,0.000068
1254,,,,,,,,,,,,,,0.000004,0.000057,0.000053,0.000040,0.000054,0.000082,0.000058,0.000074,0.000071,0.000069,0.000071,0.000093,0.000072,0.000073,0.000083,0.000078,0.000063,0.000033,0.000056,0.000060,0.000068,0.000081,0.000070,0.000026,0.000033,0.000029,0.000033,0.000040,0.000053,0.000031,0.000041,0.000074,0.000064,0.000009,0.000005,0.000028,0.000034
1255,,,,,,,,,,,,,,0.000005,0.000083,0.000067,0.000101,0.000188,0.000204,0.000133,0.000193,0.000167,0.000131,0.000093,0.000123,0.000135,0.000118,0.000094,0.000087,0.000072,0.000053,0.000069,0.000055,0.000062,0.000069,0.000058,0.000032,0.000027,0.000027,0.000028,0.000038,0.000034,0.000027,0.000024,0.000037,0.000051,0.000010,0.000006,0.000057,0.000071
1256,,,,,,,,,,,,,,0.000009,0.000089,0.000071,0.000074,0.000074,0.000088,0.000070,0.000102,0.000084,0.000076,0.000069,0.000089,0.000105,0.000094,0.000068,0.000079,0.000079,0.000029,0.000075,0.000046,0.000081,0.000128,0.000211,0.000072,0.000045,0.000032,0.000032,0.000042,0.000046,0.000034,0.000044,0.000029,0.000026,0.000007,0.000006,0.000083,0.000096
1257,,,,,,,,,,,,,,0.000005,0.000059,0.000046,0.000065,0.000073,0.000124,0.000145,0.000212,0.000323,0.000278,0.000224,0.000327,0.000288,0.000244,0.000242,0.000207,0.000182,0.000116,0.000208,0.000143,0.000243,0.000215,0.000179,0.000047,0.000037,0.000029,0.000023,0.000043,0.000066,0.000067,0.000059,0.000057,0.000048,0.000013,0.000018,0.000046,0.000050
1258,,,,,,,,,,,,,,0.000011,0.000122,0.000098,0.000080,0.000082,0.000114,0.000088,0.000109,0.000104,0.000091,0.000103,0.000157,0.000136,0.000104,0.000093,0.000088,0.000082,0.000056,0.000051,0.000034,0.000040,0.000058,0.000072,0.000023,0.000026,0.000070,0.000046,0.000043,0.000069,0.000036,0.000059,0.000051,0.000043,0.000026,0.000025,0.000088,0.000102
1259,,,,,,,,,,,,,,0.000005,0.000053,0.000053,0.000045,0.000049,0.000058,0.000058,0.000075,0.000040,0.000035,0.000027,0.000040,0.000041,0.000050,0.000062,0.000098,0.000105,0.000102,0.000188,0.000158,0.000207,0.000192,0.000146,0.000056,0.000045,0.000032,0.000024,0.000038,0.000032,0.000020,0.000028,0.000033,0.000052,0.000016,0.000014,0.000023,0.000033
1260,,,,,,,,,,,,,,0.000013,0.000188,0.000125,0.000106,0.000122,0.000133,0.000105,0.000095,0.000092,0.000052,0.000103,0.000104,0.000075,0.000053,0.000057,0.000059,0.000089,0.000067,0.000087,0.000069,0.000121,0.000109,0.000107,0.000046,0.000036,0.000033,0.000031,0.000053,0.000107,0.000038,0.000033,0.000038,0.000028,0.000008,0.000006,0.000023,0.000039
1261,,,,,,,,,,,,,,0.000002,0.000048,0.000104,0.000120,0.000087,0.000101,0.000064,0.000077,0.000075,0.000077,0.000097,0.000104,0.000098,0.000097,0.000062,0.000071,0.000073,0.000031,0.000064,0.000072,0.000195,0.000279,0.000221,0.000062,0.000043,0.000030,0.000023,0.000047,0.000058,0.000044,0.000069,0.000059,0.000050,0.000007,0.000005,0.000023,0.000024
1262,,,,,,,,,,,,,,0.000014,0.000287,0.000254,0.000261,0.000167,0.000194,0.000135,0.000125,0.000118,0.000092,0.000107,0.000127,0.000120,0.000114,0.000073,0.000075,0.000076,0.000036,0.000042,0.000073,0.000055,0.000069,0.000088,0.000057,0.000063,0.000047,0.000024,0.000038,0.000032,0.000032,0.000050,0.000098,0.000122,0.000017,0.000013,0.000077,0.000081
1263,,,,,,,,,,,,,,0.000005,0.000062,0.000065,0.000067,0.000091,0.000105,0.000069,0.000071,0.000085,0.000090,0.000083,0.000116,0.000123,0.000110,0.000103,0.000114,0.000117,0.000046,0.000081,0.000065,0.000087,0.000129,0.000108,0.000037,0.000036,0.000034,0.000036,0.000080,0.000103,0.000063,0.000075,0.000061,0.000063,0.000007,0.000006,0.000023,0.000043
1264,,,,,,,,,,,,,,0.000007,0.000065,0.000080,0.000046,0.000050,0.000098,0.000076,0.000069,0.000064,0.000075,0.000079,0.000082,0.000088,0.000108,0.000098,0.000084,0.000069,0.000047,0.000056,0.000051,0.000027,0.000044,0.000046,0.000037,0.000048,0.000045,0.000036,0.000078,0.000075,0.000074,0.000126,0.000106,0.000098,0.000017,0.000014,0.000062,0.000074
1265,,,,,,,,,,,,,,0.000007,0.000116,0.000083,0.000061,0.000053,0.000081,0.000051,0.000086,0.000111,0.000131,0.000140,0.000234,0.000236,0.000197,0.000131,0.000088,0.000055,0.000034,0.000047,0.000047,0.000041,0.000056,0.000055,0.000025,0.000038,0.000043,0.000022,0.000046,0.000056,0.000036,0.000042,0.000041,0.000055,0.000006,0.000004,0.000023,0.000033
1266,,,,,,,,,,,,,,0.000007,0.000110,0.000088,0.000088,0.000096,0.000123,0.000087,0.000113,0.000134,0.000116,0.000105,0.000172,0.000170,0.000121,0.000103,0.000119,0.000112,0.000056,0.000096,0.000086,0.000131,0.000119,0.000117,0.000068,0.000086,0.000082,0.000056,0.000132,0.000110,0.000059,0.000084,0.000079,0.000054,0.000005,0.000004,0.000035,0.000052
1267,,,,,,,,,,,,,,0.000004,0.000067,0.000056,0.000058,0.000094,0.000131,0.000086,0.000112,0.000132,0.000110,0.000105,0.000232,0.000286,0.000353,0.000382,0.000447,0.000378,0.000143,0.000168,0.000101,0.000096,0.000107,0.000108,0.000047,0.000043,0.000029,0.000030,0.000051,0.000059,0.000045,0.000052,0.000055,0.000060,0.000009,0.000006,0.000029,0.000032
1268,,,,,,,,,,,,,,0.000007,0.000055,0.000048,0.000034,0.000058,0.000143,0.000239,0.000215,0.000171,0.000155,0.000150,0.000268,0.000300,0.000348,0.000217,0.000234,0.000170,0.000060,0.000111,0.000068,0.000060,0.000054,0.000058,0.000056,0.000089,0.000092,0.000078,0.000114,0.000078,0.000038,0.000042,0.000037,0.000044,0.000018,0.000016,0.000057,0.000064
1269,,,,,,,,,,,,,,0.000013,0.000127,0.000092,0.000117,0.000104,0.000132,0.000088,0.000115,0.000096,0.000078,0.000061,0.000092,0.000066,0.000077,0.000061,0.000056,0.000059,0.000037,0.000049,0.000052,0.000131,0.000287,0.000338,0.000151,0.000104,0.000052,0.000039,0.000064,0.000071,0.000050,0.000054,0.000033,0.000032,0.000005,0.000005,0.000058,0.000119
1270,,,,,,,,,,,,,,0.000005,0.000066,0.000061,0.000054,0.000069,0.000121,0.000096,0.000109,0.000062,0.000053,0.000066,0.000086,0.000058,0.000035,0.000039,0.000045,0.000056,0.000040,0.000060,0.000048,0.000073,0.000074,0.000075,0.000034,0.000039,0.000056,0.000046,0.000063,0.000037,0.000028,0.000030,0.000023,0.000042,0.000011,0.000008,0.000022,0.000043
1271,,,,,,,,,,,,,,0.000004,0.000060,0.000056,0.000049,0.000068,0.000115,0.000097,0.000113,0.000112,0.000100,0.000078,0.000091,0.000097,0.000088,0.000098,0.000116,0.000128,0.000061,0.000060,0.000035,0.000043,0.000063,0.000051,0.000038,0.000046,0.000036,0.000037,0.000042,0.000037,0.000040,0.000106,0.000081,0.000039,0.000012,0.000010,0.000036,0.000047
1272,,,,,,,,,,,,,,0.000006,0.000091,0.000076,0.000072,0.000077,0.000081,0.000063,0.000071,0.000082,0.000079,0.000089,0.000138,0.000163,0.000158,0.000107,0.000129,0.000149,0.000078,0.000094,0.000058,0.000081,0.000084,0.000085,0.000038,0.000032,0.000023,0.000018,0.000044,0.000044,0.000035,0.000052,0.000044,0.000044,0.000009,0.000007,0.000038,0.000050
1273,,,,,,,,,,,,,,0.000004,0.000058,0.000063,0.000038,0.000035,0.000054,0.000058,0.000143,0.000197,0.000202,0.000200,0.000223,0.000197,0.000178,0.000136,0.000130,0.000086,0.000048,0.000104,0.000080,0.000085,0.000071,0.000084,0.000039,0.000036,0.000039,0.000054,0.000120,0.000157,0.000162,0.000102,0.000060,0.000057,0.000013,0.000007,0.000029,0.000030
1274,,,,,,,,,,,,,,0.000004,0.000074,0.000050,0.000086,0.000256,0.000436,0.000377,0.000437,0.000507,0.000501,0.000452,0.000523,0.000510,0.000438,0.000349,0.000336,0.000347,0.000197,0.000216,0.000235,0.000153,0.000143,0.000130,0.000058,0.000043,0.000029,0.000042,0.000147,0.000197,0.000147,0.000147,0.000101,0.000077,0.000023,0.000013,0.000061,0.000067
1275,,,,,,,,,,,,,,0.000007,0.000084,0.000064,0.000073,0.000073,0.000140,0.000134,0.000237,0.000272,0.000430,0.000229,0.000257,0.000224,0.000169,0.000162,0.000140,0.000133,0.000046,0.000106,0.000064,0.000074,0.000088,0.000090,0.000032,0.000044,0.000037,0.000030,0.000043,0.000050,0.000037,0.000062,0.000056,0.000060,0.000009,0.000008,0.000063,0.000125
1276,,,,,,,,,,,,,,0.000005,0.000116,0.000147,0.000138,0.000094,0.000134,0.000103,0.000131,0.000118,0.000102,0.000080,0.000104,0.000110,0.000120,0.000095,0.000077,0.000055,0.000026,0.000030,0.000028,0.000035,0.000051,0.000052,0.000030,0.000042,0.000060,0.000046,0.000039,0.000034,0.000025,0.000024,0.000029,0.000027,0.000006,0.000005,0.000024,0.000036
1277,,,,,,,,,,,,,,0.000005,0.000083,0.000053,0.000052,0.000092,0.000090,0.000065,0.000079,0.000109,0.000130,0.000134,0.000196,0.000191,0.000203,0.000137,0.000130,0.000113,0.000062,0.000065,0.000052,0.000073,0.000105,0.000136,0.000057,0.000034,0.000030,0.000025,0.000064,0.000078,0.000072,0.000047,0.000029,0.000036,0.000008,0.000007,0.000040,0.000056
1278,,,,,,,,,,,,,,0.000005,0.000078,0.000043,0.000059,0.000084,0.000162,0.000129,0.000150,0.000148,0.000150,0.000110,0.000149,0.000125,0.000113,0.000099,0.000132,0.000152,0.000049,0.000070,0.000053,0.000074,0.000068,0.000076,0.000036,0.000031,0.000028,0.000021,0.000044,0.000038,0.000034,0.000054,0.000044,0.000050,0.000006,0.000006,0.000033,0.000036
1279,,,,,,,,,,,,,,0.000005,0.000112,0.000142,0.000208,0.000222,0.000406,0.000315,0.000490,0.000530,0.000508,0.000348,0.000421,0.000323,0.000240,0.000195,0.000182,0.000163,0.000116,0.000246,0.000108,0.000128,0.000087,0.000090,0.000057,0.000057,0.000040,0.000037,0.000060,0.000056,0.000041,0.000055,0.000084,0.000109,0.000013,0.000009,0.000053,0.000055
1280,,,,,,,,,,,,,,0.000005,0.000059,0.000069,0.000059,0.000046,0.000073,0.000064,0.000082,0.000199,0.000230,0.000283,0.000305,0.000321,0.000265,0.000192,0.000175,0.000096,0.000065,0.000102,0.000083,0.000101,0.000102,0.000096,0.000041,0.000056,0.000043,0.000051,0.000097,0.000097,0.000068,0.000080,0.000069,0.000062,0.000008,0.000006,0.000039,0.000055
1281,,,,,,,,,,,,,,0.000003,0.000038,0.000033,0.000041,0.000044,0.000061,0.000036,0.000065,0.000082,0.000072,0.000065,0.000076,0.000086,0.000070,0.000075,0.000083,0.000059,0.000059,0.000137,0.000083,0.000090,0.000078,0.000071,0.000046,0.000028,0.000028,0.000023,0.000056,0.000072,0.000057,0.000046,0.000024,0.000035,0.000011,0.000006,0.000023,0.000032
1282,,,,,,,,,,,,,,0.000006,0.000090,0.000086,0.000083,0.000085,0.000114,0.000093,0.000109,0.000094,0.000085,0.000078,0.000081,0.000091,0.000078,0.000046,0.000082,0.000096,0.000042,0.000067,0.000062,0.000092,0.000131,0.000114,0.000052,0.000066,0.000036,0.000025,0.000046,0.000041,0.000037,0.000042,0.000027,0.000038,0.000008,0.000010,0.000051,0.000062
1283,,,,,,,,,,,,,,0.000006,0.000145,0.000108,0.000112,0.000134,0.000213,0.000146,0.000179,0.000167,0.000138,0.000101,0.000137,0.000123,0.000111,0.000092,0.000077,0.000085,0.000054,0.000082,0.000051,0.000049,0.000056,0.000069,0.000028,0.000032,0.000034,0.000020,0.000025,0.000026,0.000026,0.000029,0.000043,0.000072,0.000018,0.000015,0.000039,0.000047
1284,,,,,,,,,,,,,,0.000004,0.000048,0.000033,0.000025,0.000038,0.000053,0.000056,0.000087,0.000082,0.000086,0.000074,0.000087,0.000098,0.000093,0.000101,0.000095,0.000087,0.000045,0.000054,0.000049,0.000060,0.000071,0.000058,0.000024,0.000030,0.000024,0.000020,0.000034,0.000039,0.000034,0.000044,0.000041,0.000043,0.000008,0.000006,0.000021,0.000030
1285,,,,,,,,,,,,,,0.000002,0.000033,0.000030,0.000041,0.000034,0.000050,0.000083,0.000151,0.000232,0.000266,0.000214,0.000310,0.000308,0.000248,0.000194,0.000222,0.000198,0.000118,0.000161,0.000080,0.000079,0.000084,0.000055,0.000041,0.000040,0.000052,0.000032,0.000074,0.000071,0.000030,0.000039,0.000023,0.000027,0.000006,0.000006,0.000036,0.000042
1286,,,,,,,,,,,,,,0.000008,0.000134,0.000140,0.000149,0.000186,0.000187,0.000092,0.000104,0.000133,0.000131,0.000087,0.000153,0.000166,0.000156,0.000125,0.000171,0.000154,0.000055,0.000081,0.000061,0.000100,0.000112,0.000090,0.000030,0.000026,0.000047,0.000023,0.000036,0.000042,0.000032,0.000074,0.000052,0.000044,0.000011,0.000008,0.000043,0.000073
1287,,,,,,,,,,,,,,0.000003,0.000054,0.000040,0.000033,0.000042,0.000087,0.000095,0.000115,0.000162,0.000165,0.000159,0.000282,0.000295,0.000319,0.000292,0.000377,0.000347,0.000157,0.000201,0.000105,0.000136,0.000146,0.000139,0.000076,0.000059,0.000036,0.000036,0.000066,0.000042,0.000023,0.000025,0.000023,0.000023,0.000005,0.000005,0.000022,0.000031
1288,,,,,,,,,,,,,,0.000005,0.000085,0.000084,0.000069,0.000048,0.000070,0.000047,0.000059,0.000089,0.000064,0.000065,0.000087,0.000074,0.000092,0.000108,0.000102,0.000089,0.000059,0.000095,0.000074,0.000087,0.000126,0.000093,0.000030,0.000046,0.000045,0.000046,0.000057,0.000042,0.000026,0.000037,0.000040,0.000040,0.000012,0.000011,0.000036,0.000045
1289,,,,,,,,,,,,,,0.000005,0.000071,0.000066,0.000059,0.000056,0.000083,0.000053,0.000104,0.000140,0.000142,0.000138,0.000229,0.000277,0.000285,0.000240,0.000287,0.000302,0.000065,0.000084,0.000063,0.000064,0.000089,0.000105,0.000078,0.000036,0.000027,0.000022,0.000044,0.000054,0.000036,0.000052,0.000041,0.000038,0.000004,0.000005,0.000021,0.000027
1290,,,,,,,,,,,,,,0.000005,0.000049,0.000042,0.000037,0.000060,0.000041,0.000070,0.000070,0.000048,0.000044,0.000070,0.000090,0.000135,0.000230,0.000367,0.000582,0.000670,0.000322,0.000415,0.000227,0.000254,0.000211,0.000163,0.000065,0.000044,0.000036,0.000028,0.000036,0.000030,0.000035,0.000029,0.000022,0.000045,0.000015,0.000014,0.000050,0.000060
1291,,,,,,,,,,,,,,0.000005,0.000086,0.000106,0.000116,0.000094,0.000133,0.000094,0.000107,0.000111,0.000119,0.000115,0.000164,0.000158,0.000155,0.000185,0.000221,0.000256,0.000204,0.000147,0.000067,0.000095,0.000107,0.000088,0.000038,0.000036,0.000027,0.000027,0.000067,0.000071,0.000062,0.000101,0.000087,0.000079,0.000009,0.000006,0.000033,0.000063
1292,,,,,,,,,,,,,,0.000003,0.000042,0.000034,0.000052,0.000051,0.000067,0.000056,0.000066,0.000092,0.000102,0.000119,0.000197,0.000217,0.000164,0.000142,0.000133,0.000101,0.000053,0.000069,0.000042,0.000040,0.000042,0.000059,0.000053,0.000084,0.000083,0.000082,0.000158,0.000151,0.000077,0.000087,0.000075,0.000076,0.000008,0.000006,0.000031,0.000040
1293,,,,,,,,,,,,,,0.000006,0.000075,0.000073,0.000054,0.000076,0.000096,0.000062,0.000071,0.000068,0.000071,0.000038,0.000066,0.000047,0.000065,0.000080,0.000094,0.000073,0.000073,0.000110,0.000063,0.000080,0.000081,0.000159,0.000147,0.000159,0.000096,0.000075,0.000137,0.000127,0.000093,0.000155,0.000089,0.000064,0.000011,0.000007,0.000030,0.000053
1294,,,,,,,,,,,,,,0.000007,0.000097,0.000064,0.000055,0.000067,0.000085,0.000079,0.000098,0.000091,0.000113,0.000078,0.000096,0.000103,0.000151,0.000147,0.000160,0.000115,0.000110,0.000231,0.000240,0.000156,0.000113,0.000094,0.000046,0.000043,0.000038,0.000037,0.000057,0.000056,0.000058,0.000071,0.000075,0.000062,0.000017,0.000012,0.000048,0.000080
1295,,,,,,,,,,,,,,0.000004,0.000056,0.000040,0.000039,0.000054,0.000083,0.000060,0.000095,0.000103,0.000089,0.000093,0.000125,0.000116,0.000135,0.000132,0.000131,0.000107,0.000046,0.000056,0.000049,0.000054,0.000042,0.000040,0.000022,0.000044,0.000050,0.000085,0.000068,0.000057,0.000026,0.000039,0.000037,0.000031,0.000005,0.000005,0.000021,0.000039
1296,,,,,,,,,,,,,,0.000006,0.000111,0.000095,0.000059,0.000056,0.000068,0.000101,0.000123,0.000095,0.000073,0.000061,0.000063,0.000088,0.000119,0.000102,0.000078,0.000096,0.000065,0.000089,0.000076,0.000077,0.000104,0.000087,0.000041,0.000071,0.000046,0.000039,0.000055,0.000067,0.000059,0.000060,0.000054,0.000065,0.000013,0.000008,0.000023,0.000037
1297,,,,,,,,,,,,,,0.000010,0.000193,0.000141,0.000120,0.000148,0.000212,0.000161,0.000181,0.000178,0.000135,0.000125,0.000143,0.000132,0.000108,0.000094,0.000109,0.000141,0.000053,0.000097,0.000061,0.000106,0.000096,0.000103,0.000060,0.000044,0.000038,0.000024,0.000058,0.000113,0.000060,0.000059,0.000057,0.000075,0.000013,0.000009,0.000069,0.000106
1298,,,,,,,,,,,,,,0.000002,0.000048,0.000032,0.000030,0.000024,0.000056,0.000060,0.000122,0.000128,0.000104,0.000116,0.000158,0.000151,0.000160,0.000097,0.000116,0.000097,0.000048,0.000052,0.000055,0.000072,0.000099,0.000086,0.000047,0.000042,0.000036,0.000031,0.000061,0.000060,0.000050,0.000093,0.000070,0.000056,0.000011,0.000011,0.000040,0.000069
1299,,,,,,,,,,,,,,0.000004,0.000063,0.000046,0.000045,0.000039,0.000056,0.000043,0.000054,0.000056,0.000052,0.000077,0.000091,0.000088,0.000095,0.000095,0.000222,0.000199,0.000092,0.000147,0.000113,0.000156,0.000232,0.000142,0.000044,0.000038,0.000033,0.000023,0.000035,0.000026,0.000026,0.000026,0.000020,0.000017,0.000007,0.000007,0.000030,0.000044
1300,,,,,,,,,,,,,,0.000007,0.000095,0.000089,0.000100,0.000083,0.000118,0.000083,0.000115,0.000109,0.000110,0.000102,0.000141,0.000134,0.000136,0.000132,0.000163,0.000128,0.000060,0.000098,0.000071,0.000114,0.000144,0.000122,0.000052,0.000063,0.000033,0.000027,0.000057,0.000053,0.000061,0.000041,0.000047,0.000040,0.000007,0.000005,0.000037,0.000092
1301,,,,,,,,,,,,,,0.000003,0.000070,0.000058,0.000055,0.000054,0.000079,0.000070,0.000106,0.000110,0.000088,0.000079,0.000109,0.000149,0.000104,0.000084,0.000072,0.000063,0.000039,0.000031,0.000026,0.000041,0.000041,0.000038,0.000025,0.000026,0.000025,0.000024,0.000046,0.000055,0.000042,0.000049,0.000043,0.000038,0.000009,0.000007,0.000032,0.000040
1302,,,,,,,,,,,,,,0.000005,0.000079,0.000051,0.000053,0.000061,0.000088,0.000057,0.000056,0.000080,0.000061,0.000076,0.000095,0.000092,0.000070,0.000073,0.000069,0.000058,0.000044,0.000054,0.000040,0.000053,0.000053,0.000051,0.000027,0.000031,0.000023,0.000023,0.000055,0.000085,0.000056,0.000076,0.000058,0.000062,0.000010,0.000008,0.000052,0.000059
1303,,,,,,,,,,,,,,0.000006,0.000073,0.000056,0.000065,0.000041,0.000025,0.000022,0.000031,0.000024,0.000037,0.000064,0.000080,0.000098,0.000115,0.000105,0.000075,0.000082,0.000057,0.000079,0.000062,0.000074,0.000066,0.000071,0.000046,0.000044,0.000039,0.000034,0.000066,0.000071,0.000050,0.000051,0.000054,0.000065,0.000013,0.000010,0.000037,0.000102
1304,,,,,,,,,,,,,,0.000005,0.000068,0.000067,0.000053,0.000055,0.000083,0.000063,0.000080,0.000058,0.000066,0.000069,0.000135,0.000154,0.000113,0.000061,0.000058,0.000070,0.000060,0.000074,0.000092,0.000127,0.000135,0.000098,0.000056,0.000049,0.000041,0.000034,0.000071,0.000079,0.000067,0.000106,0.000087,0.000084,0.000012,0.000009,0.000031,0.000045
1305,,,,,,,,,,,,,,0.000003,0.000053,0.000061,0.000093,0.000113,0.000198,0.000131,0.000176,0.000111,0.000107,0.000101,0.000102,0.000085,0.000080,0.000107,0.000138,0.000115,0.000061,0.000105,0.000073,0.000097,0.000091,0.000089,0.000037,0.000034,0.000024,0.000022,0.000050,0.000057,0.000039,0.000048,0.000042,0.000037,0.000006,0.000004,0.000015,0.000026
1306,,,,,,,,,,,,,,0.000005,0.000079,0.000079,0.000150,0.000317,0.000359,0.000210,0.000277,0.000251,0.000183,0.000159,0.000184,0.000193,0.000173,0.000153,0.000156,0.000129,0.000078,0.000109,0.000095,0.000104,0.000092,0.000103,0.000040,0.000039,0.000035,0.000054,0.000111,0.000100,0.000062,0.000066,0.000054,0.000057,0.000009,0.000008,0.000031,0.000042
1307,,,,,,,,,,,,,,0.000005,0.000048,0.000055,0.000044,0.000049,0.000190,0.000159,0.000214,0.000168,0.000119,0.000095,0.000130,0.000112,0.000104,0.000085,0.000077,0.000079,0.000045,0.000099,0.000126,0.000236,0.000184,0.000150,0.000068,0.000061,0.000041,0.000021,0.000035,0.000046,0.000035,0.000046,0.000054,0.000071,0.000016,0.000013,0.000038,0.000056
1308,,,,,,,,,,,,,,0.000006,0.000101,0.000062,0.000050,0.000048,0.000067,0.000059,0.000090,0.000103,0.000099,0.000084,0.000112,0.000109,0.000091,0.000086,0.000112,0.000094,0.000045,0.000068,0.000036,0.000042,0.000054,0.000066,0.000030,0.000031,0.000023,0.000024,0.000036,0.000033,0.000023,0.000028,0.000023,0.000023,0.000005,0.000004,0.000025,0.000046
1309,,,,,,,,,,,,,,0.000008,0.000115,0.000226,0.000267,0.000163,0.000222,0.000201,0.000163,0.000096,0.000070,0.000072,0.000087,0.000067,0.000057,0.000049,0.000069,0.000068,0.000052,0.000101,0.000079,0.000140,0.000153,0.000120,0.000068,0.000035,0.000023,0.000032,0.000092,0.000121,0.000090,0.000202,0.000120,0.000093,0.000011,0.000009,0.000022,0.000041
1310,,,,,,,,,,,,,,0.000003,0.000049,0.000038,0.000044,0.000047,0.000079,0.000058,0.000066,0.000082,0.000066,0.000074,0.000088,0.000071,0.000058,0.000068,0.000053,0.000063,0.000032,0.000040,0.000024,0.000038,0.000052,0.000062,0.000045,0.000056,0.000030,0.000021,0.000057,0.000080,0.000068,0.000078,0.000091,0.000068,0.000011,0.000008,0.000024,0.000030
1311,,,,,,,,,,,,,,0.000006,0.000079,0.000058,0.000122,0.000201,0.000264,0.000143,0.000171,0.000151,0.000114,0.000113,0.000188,0.000165,0.000138,0.000115,0.000115,0.000091,0.000032,0.000095,0.000071,0.000075,0.000077,0.000055,0.000018,0.000025,0.000023,0.000020,0.000046,0.000102,0.000033,0.000038,0.000029,0.000038,0.000007,0.000006,0.000028,0.000058
1312,,,,,,,,,,,,,,0.000003,0.000058,0.000054,0.000035,0.000037,0.000057,0.000058,0.000112,0.000131,0.000149,0.000228,0.000346,0.000351,0.000272,0.000185,0.000193,0.000151,0.000057,0.000088,0.000062,0.000095,0.000091,0.000080,0.000031,0.000034,0.000026,0.000026,0.000046,0.000058,0.000047,0.000059,0.000060,0.000051,0.000007,0.000006,0.000024,0.000040
1313,,,,,,,,,,,,,,0.000006,0.000123,0.000087,0.000059,0.000060,0.000093,0.000052,0.000049,0.000053,0.000058,0.000054,0.000113,0.000121,0.000125,0.000102,0.000115,0.000072,0.000043,0.000059,0.000047,0.000053,0.000053,0.000051,0.000027,0.000025,0.000032,0.000039,0.000042,0.000060,0.000053,0.000049,0.000061,0.000061,0.000009,0.000007,0.000023,0.000042
1314,,,,,,,,,,,,,,0.000008,0.000114,0.000093,0.000092,0.000089,0.000152,0.000100,0.000135,0.000137,0.000119,0.000109,0.000145,0.000167,0.000141,0.000113,0.000130,0.000110,0.000047,0.000079,0.000064,0.000089,0.000100,0.000115,0.000048,0.000037,0.000024,0.000026,0.000046,0.000069,0.000052,0.000059,0.000051,0.000058,0.000007,0.000008,0.000104,0.000121
1315,,,,,,,,,,,,,,0.000004,0.000105,0.000146,0.000138,0.000115,0.000109,0.000085,0.000106,0.000121,0.000114,0.000092,0.000139,0.000172,0.000159,0.000125,0.000122,0.000123,0.000057,0.000072,0.000074,0.000109,0.000110,0.000120,0.000061,0.000090,0.000140,0.000160,0.000291,0.000314,0.000217,0.000344,0.000211,0.000166,0.000011,0.000007,0.000050,0.000044
1316,,,,,,,,,,,,,,0.000004,0.000063,0.000047,0.000053,0.000058,0.000097,0.000081,0.000087,0.000077,0.000081,0.000079,0.000088,0.000084,0.000068,0.000040,0.000046,0.000059,0.000048,0.000106,0.000079,0.000128,0.000156,0.000145,0.000067,0.000038,0.000023,0.000027,0.000084,0.000108,0.000068,0.000079,0.000067,0.000092,0.000016,0.000015,0.000038,0.000038
1317,,,,,,,,,,,,,,0.000005,0.000093,0.000060,0.000039,0.000055,0.000077,0.000050,0.000054,0.000073,0.000053,0.000133,0.000094,0.000082,0.000094,0.000100,0.000079,0.000085,0.000067,0.000087,0.000080,0.000090,0.000112,0.000074,0.000035,0.000028,0.000029,0.000033,0.000045,0.000038,0.000033,0.000034,0.000027,0.000027,0.000012,0.000012,0.000031,0.000043
1318,,,,,,,,,,,,,,0.000008,0.000105,0.000106,0.000092,0.000109,0.000122,0.000139,0.000159,0.000145,0.000189,0.000186,0.000280,0.000295,0.000264,0.000249,0.000234,0.000159,0.000088,0.000131,0.000103,0.000260,0.000264,0.000154,0.000070,0.000098,0.000133,0.000127,0.000195,0.000163,0.000086,0.000086,0.000067,0.000058,0.000012,0.000012,0.000049,0.000069
1319,,,,,,,,,,,,,,0.000016,0.000134,0.000115,0.000094,0.000106,0.000167,0.000283,0.000190,0.000088,0.000123,0.000076,0.000089,0.000065,0.000028,0.000039,0.000060,0.000033,0.000062,0.000050,0.000058,0.000081,0.000042,0.000031,0.000047,0.000112,0.000070,0.000081,0.000121,0.000080,0.000036,0.000041,0.000065,0.000075,0.000037,0.000030,0.000130,0.000162
1320,,,,,,,,,,,,,,0.000005,0.000107,0.000086,0.000072,0.000070,0.000075,0.000048,0.000049,0.000038,0.000051,0.000057,0.000089,0.000058,0.000058,0.000045,0.000063,0.000116,0.000123,0.000192,0.000118,0.000118,0.000145,0.000132,0.000067,0.000032,0.000030,0.000029,0.000054,0.000079,0.000059,0.000072,0.000074,0.000061,0.000009,0.000012,0.000066,0.000057
1321,,,,,,,,,,,,,,0.000005,0.000134,0.000113,0.000068,0.000045,0.000052,0.000054,0.000058,0.000047,0.000055,0.000059,0.000054,0.000080,0.000095,0.000141,0.000132,0.000137,0.000067,0.000095,0.000070,0.000098,0.000111,0.000117,0.000054,0.000068,0.000044,0.000038,0.000060,0.000071,0.000049,0.000070,0.000065,0.000073,0.000007,0.000007,0.000064,0.000096
1322,,,,,,,,,,,,,,0.000003,0.000043,0.000035,0.000043,0.000051,0.000076,0.000056,0.000084,0.000082,0.000090,0.000080,0.000125,0.000108,0.000085,0.000071,0.000072,0.000060,0.000030,0.000054,0.000078,0.000120,0.000109,0.000084,0.000027,0.000030,0.000024,0.000029,0.000061,0.000067,0.000047,0.000057,0.000050,0.000061,0.000007,0.000005,0.000023,0.000031
1323,,,,,,,,,,,,,,0.000003,0.000026,0.000023,0.000031,0.000035,0.000038,0.000046,0.000051,0.000050,0.000080,0.000100,0.000120,0.000130,0.000096,0.000081,0.000063,0.000056,0.000054,0.000062,0.000096,0.000259,0.000181,0.000107,0.000043,0.000060,0.000061,0.000056,0.000049,0.000046,0.000075,0.000083,0.000074,0.000057,0.000010,0.000008,0.000037,0.000047
1324,,,,,,,,,,,,,,0.000005,0.000079,0.000081,0.000073,0.000083,0.000111,0.000076,0.000079,0.000081,0.000079,0.000062,0.000060,0.000049,0.000069,0.000051,0.000077,0.000062,0.000042,0.000083,0.000049,0.000065,0.000074,0.000060,0.000031,0.000026,0.000024,0.000017,0.000039,0.000037,0.000035,0.000039,0.000029,0.000051,0.000009,0.000013,0.000053,0.000050
1325,,,,,,,,,,,,,,0.000005,0.000098,0.000063,0.000073,0.000086,0.000115,0.000059,0.000099,0.000075,0.000088,0.000091,0.000128,0.000098,0.000081,0.000066,0.000086,0.000085,0.000040,0.000070,0.000074,0.000163,0.000229,0.000226,0.000070,0.000048,0.000031,0.000029,0.000051,0.000063,0.000047,0.000061,0.000060,0.000052,0.000009,0.000007,0.000035,0.000045
1326,,,,,,,,,,,,,,0.000005,0.000090,0.000050,0.000046,0.000037,0.000048,0.000094,0.000054,0.000035,0.000042,0.000100,0.000036,0.000035,0.000044,0.000115,0.000090,0.000080,0.000041,0.000050,0.000045,0.000128,0.000254,0.000208,0.000053,0.000040,0.000031,0.000036,0.000102,0.000089,0.000049,0.000052,0.000041,0.000046,0.000008,0.000006,0.000029,0.000043
1327,,,,,,,,,,,,,,0.000007,0.000084,0.000070,0.000085,0.000099,0.000142,0.000089,0.000119,0.000104,0.000099,0.000094,0.000117,0.000127,0.000113,0.000090,0.000103,0.000100,0.000052,0.000073,0.000054,0.000064,0.000079,0.000092,0.000049,0.000057,0.000074,0.000050,0.000113,0.000090,0.000054,0.000070,0.000049,0.000044,0.000006,0.000009,0.000036,0.000055
1328,,,,,,,,,,,,,,0.000008,0.000133,0.000131,0.000107,0.000139,0.000368,0.000400,0.000517,0.000568,0.000476,0.000301,0.000363,0.000316,0.000255,0.000168,0.000140,0.000109,0.000051,0.000068,0.000046,0.000074,0.000102,0.000124,0.000064,0.000052,0.000025,0.000019,0.000047,0.000034,0.000035,0.000047,0.000043,0.000046,0.000009,0.000006,0.000023,0.000041
1329,,,,,,,,,,,,,,0.000006,0.000221,0.000127,0.000100,0.000074,0.000118,0.000106,0.000116,0.000132,0.000114,0.000150,0.000182,0.000148,0.000123,0.000090,0.000136,0.000076,0.000078,0.000165,0.000231,0.000229,0.000219,0.000157,0.000072,0.000092,0.000127,0.000080,0.000172,0.000153,0.000073,0.000093,0.000060,0.000078,0.000017,0.000012,0.000042,0.000064
1330,,,,,,,,,,,,,,0.000004,0.000085,0.000073,0.000084,0.000103,0.000139,0.000081,0.000093,0.000101,0.000088,0.000059,0.000095,0.000107,0.000086,0.000086,0.000092,0.000072,0.000037,0.000061,0.000060,0.000081,0.000102,0.000112,0.000059,0.000044,0.000032,0.000039,0.000088,0.000162,0.000058,0.000073,0.000077,0.000050,0.000006,0.000005,0.000030,0.000047
1331,,,,,,,,,,,,,,0.000008,0.000167,0.000139,0.000106,0.000066,0.000090,0.000047,0.000082,0.000100,0.000107,0.000122,0.000135,0.000134,0.000148,0.000126,0.000126,0.000137,0.000099,0.000168,0.000102,0.000101,0.000100,0.000105,0.000055,0.000046,0.000034,0.000025,0.000046,0.000042,0.000021,0.000023,0.000059,0.000047,0.000008,0.000007,0.000038,0.000049
1332,,,,,,,,,,,,,,0.000005,0.000083,0.000072,0.000045,0.000049,0.000047,0.000048,0.000147,0.000116,0.000066,0.000069,0.000069,0.000068,0.000089,0.000112,0.000083,0.000065,0.000057,0.000065,0.000048,0.000093,0.000148,0.000087,0.000048,0.000042,0.000043,0.000039,0.000076,0.000067,0.000054,0.000055,0.000062,0.000060,0.000012,0.000009,0.000036,0.000054
1333,,,,,,,,,,,,,,0.000008,0.000159,0.000118,0.000093,0.000066,0.000096,0.000082,0.000110,0.000093,0.000084,0.000093,0.000138,0.000192,0.000215,0.000184,0.000281,0.000185,0.000095,0.000163,0.000113,0.000127,0.000121,0.000120,0.000078,0.000107,0.000060,0.000049,0.000134,0.000094,0.000064,0.000047,0.000056,0.000041,0.000012,0.000010,0.000063,0.000063
1334,,,,,,,,,,,,,,0.000003,0.000076,0.000072,0.000081,0.000118,0.000174,0.000106,0.000129,0.000134,0.000207,0.000207,0.000356,0.000417,0.000437,0.000360,0.000370,0.000301,0.000150,0.000123,0.000071,0.000087,0.000103,0.000080,0.000034,0.000048,0.000036,0.000036,0.000083,0.000067,0.000050,0.000065,0.000054,0.000061,0.000017,0.000008,0.000030,0.000032
1335,,,,,,,,,,,,,,0.000005,0.000086,0.000062,0.000039,0.000042,0.000053,0.000089,0.000129,0.000133,0.000136,0.000120,0.000197,0.000221,0.000209,0.000177,0.000194,0.000151,0.000063,0.000110,0.000072,0.000082,0.000106,0.000099,0.000039,0.000045,0.000031,0.000032,0.000049,0.000053,0.000042,0.000052,0.000047,0.000063,0.000016,0.000011,0.000057,0.000068
1336,,,,,,,,,,,,,,0.000004,0.000081,0.000085,0.000066,0.000082,0.000121,0.000105,0.000133,0.000130,0.000102,0.000105,0.000099,0.000112,0.000109,0.000103,0.000087,0.000070,0.000046,0.000067,0.000047,0.000077,0.000076,0.000067,0.000040,0.000048,0.000042,0.000031,0.000053,0.000061,0.000047,0.000063,0.000065,0.000059,0.000008,0.000006,0.000025,0.000038
1337,,,,,,,,,,,,,,0.000006,0.000100,0.000075,0.000069,0.000061,0.000098,0.000076,0.000078,0.000069,0.000073,0.000067,0.000105,0.000123,0.000108,0.000105,0.000104,0.000131,0.000067,0.000101,0.000075,0.000093,0.000092,0.000094,0.000046,0.000041,0.000053,0.000086,0.000189,0.000195,0.000076,0.000089,0.000057,0.000050,0.000010,0.000008,0.000034,0.000029
1338,,,,,,,,,,,,,,0.000004,0.000099,0.000110,0.000079,0.000057,0.000066,0.000078,0.000096,0.000114,0.000110,0.000094,0.000122,0.000104,0.000101,0.000106,0.000106,0.000088,0.000050,0.000062,0.000034,0.000081,0.000056,0.000058,0.000038,0.000035,0.000031,0.000041,0.000089,0.000108,0.000054,0.000062,0.000036,0.000032,0.000007,0.000006,0.000029,0.000032
1339,,,,,,,,,,,,,,0.000008,0.000128,0.000137,0.000137,0.000121,0.000139,0.000093,0.000125,0.000112,0.000116,0.000118,0.000123,0.000108,0.000124,0.000103,0.000105,0.000094,0.000056,0.000089,0.000061,0.000097,0.000071,0.000068,0.000054,0.000061,0.000042,0.000031,0.000051,0.000055,0.000041,0.000054,0.000044,0.000048,0.000010,0.000007,0.000029,0.000044
1340,,,,,,,,,,,,,,0.000007,0.000092,0.000093,0.000072,0.000080,0.000120,0.000085,0.000112,0.000133,0.000142,0.000123,0.000170,0.000180,0.000178,0.000115,0.000127,0.000123,0.000057,0.000076,0.000072,0.000069,0.000109,0.000081,0.000042,0.000039,0.000029,0.000027,0.000051,0.000057,0.000072,0.000079,0.000058,0.000065,0.000008,0.000007,0.000057,0.000082
1341,,,,,,,,,,,,,,0.000004,0.000068,0.000051,0.000070,0.000132,0.000246,0.000190,0.000221,0.000211,0.000180,0.000148,0.000187,0.000178,0.000141,0.000136,0.000139,0.000112,0.000041,0.000077,0.000051,0.000056,0.000076,0.000076,0.000031,0.000035,0.000026,0.000021,0.000058,0.000067,0.000077,0.000069,0.000042,0.000029,0.000004,0.000004,0.000030,0.000042
1342,,,,,,,,,,,,,,0.000006,0.000074,0.000062,0.000047,0.000039,0.000042,0.000042,0.000055,0.000067,0.000072,0.000066,0.000103,0.000093,0.000104,0.000090,0.000098,0.000088,0.000073,0.000084,0.000064,0.000236,0.000090,0.000075,0.000049,0.000041,0.000032,0.000028,0.000039,0.000044,0.000036,0.000042,0.000045,0.000035,0.000011,0.000010,0.000085,0.000115
1343,,,,,,,,,,,,,,0.000005,0.000071,0.000064,0.000077,0.000076,0.000117,0.000090,0.000126,0.000120,0.000110,0.000087,0.000137,0.000117,0.000100,0.000089,0.000117,0.000092,0.000046,0.000064,0.000047,0.000075,0.000078,0.000064,0.000034,0.000033,0.000029,0.000023,0.000045,0.000035,0.000034,0.000037,0.000026,0.000026,0.000007,0.000007,0.000032,0.000037
1344,,,,,,,,,,,,,,0.000003,0.000097,0.000121,0.000101,0.000080,0.000103,0.000063,0.000098,0.000102,0.000086,0.000058,0.000083,0.000090,0.000075,0.000058,0.000073,0.000055,0.000043,0.000059,0.000050,0.000086,0.000133,0.000108,0.000038,0.000038,0.000027,0.000025,0.000059,0.000056,0.000056,0.000101,0.000100,0.000106,0.000012,0.000005,0.000025,0.000032
1345,,,,,,,,,,,,,,0.000006,0.000100,0.000091,0.000084,0.000083,0.000094,0.000074,0.000107,0.000107,0.000080,0.000073,0.000126,0.000124,0.000104,0.000097,0.000100,0.000081,0.000054,0.000065,0.000056,0.000053,0.000071,0.000069,0.000034,0.000040,0.000022,0.000022,0.000040,0.000040,0.000035,0.000053,0.000054,0.000058,0.000008,0.000007,0.000044,0.000063
1346,,,,,,,,,,,,,,0.000010,0.000146,0.000126,0.000114,0.000114,0.000184,0.000130,0.000174,0.000180,0.000162,0.000122,0.000194,0.000157,0.000123,0.000105,0.000127,0.000130,0.000055,0.000086,0.000059,0.000087,0.000095,0.000100,0.000042,0.000032,0.000025,0.000017,0.000055,0.000075,0.000038,0.000085,0.000056,0.000046,0.000005,0.000003,0.000021,0.000040
1347,,,,,,,,,,,,,,0.000006,0.000097,0.000097,0.000090,0.000097,0.000128,0.000098,0.000107,0.000111,0.000109,0.000077,0.000109,0.000117,0.000090,0.000104,0.000144,0.000181,0.000125,0.000286,0.000155,0.000146,0.000145,0.000120,0.000046,0.000066,0.000049,0.000026,0.000044,0.000051,0.000032,0.000048,0.000043,0.000053,0.000008,0.000006,0.000019,0.000042
1348,,,,,,,,,,,,,,0.000005,0.000114,0.000082,0.000074,0.000068,0.000116,0.000112,0.000149,0.000159,0.000107,0.000080,0.000140,0.000142,0.000119,0.000085,0.000104,0.000098,0.000047,0.000059,0.000043,0.000060,0.000051,0.000058,0.000027,0.000032,0.000024,0.000018,0.000024,0.000030,0.000024,0.000033,0.000030,0.000033,0.000006,0.000005,0.000025,0.000035
1349,,,,,,,,,,,,,,0.000005,0.000084,0.000060,0.000053,0.000047,0.000062,0.000054,0.000055,0.000077,0.000077,0.000060,0.000090,0.000074,0.000068,0.000068,0.000088,0.000082,0.000062,0.000078,0.000047,0.000056,0.000079,0.000084,0.000040,0.000043,0.000034,0.000024,0.000074,0.000085,0.000051,0.000060,0.000045,0.000045,0.000009,0.000008,0.000052,0.000052
1350,,,,,,,,,,,,,,0.000004,0.000057,0.000051,0.000051,0.000063,0.000070,0.000073,0.000085,0.000091,0.000115,0.000122,0.000210,0.000253,0.000276,0.000329,0.000290,0.000216,0.000091,0.000124,0.000081,0.000083,0.000065,0.000077,0.000038,0.000034,0.000030,0.000028,0.000049,0.000045,0.000041,0.000054,0.000054,0.000055,0.000011,0.000008,0.000034,0.000046
1351,,,,,,,,,,,,,,0.000006,0.000076,0.000071,0.000054,0.000061,0.000081,0.000067,0.000081,0.000089,0.000083,0.000105,0.000176,0.000127,0.000123,0.000096,0.000069,0.000076,0.000061,0.000092,0.000075,0.000073,0.000087,0.000111,0.000040,0.000048,0.000034,0.000036,0.000080,0.000078,0.000061,0.000066,0.000066,0.000060,0.000014,0.000009,0.000035,0.000053
1352,,,,,,,,,,,,,,0.000005,0.000053,0.000058,0.000073,0.000067,0.000116,0.000090,0.000138,0.000115,0.000098,0.000069,0.000101,0.000107,0.000085,0.000076,0.000071,0.000052,0.000037,0.000062,0.000052,0.000065,0.000064,0.000061,0.000041,0.000041,0.000042,0.000023,0.000044,0.000056,0.000031,0.000032,0.000031,0.000029,0.000009,0.000007,0.000025,0.000036
1353,,,,,,,,,,,,,,0.000007,0.000129,0.000100,0.000103,0.000101,0.000129,0.000084,0.000109,0.000114,0.000082,0.000082,0.000089,0.000076,0.000077,0.000082,0.000100,0.000085,0.000040,0.000078,0.000046,0.000057,0.000077,0.000075,0.000032,0.000037,0.000024,0.000022,0.000040,0.000050,0.000034,0.000038,0.000032,0.000041,0.000010,0.000008,0.000032,0.000042
1354,,,,,,,,,,,,,,0.000004,0.000054,0.000035,0.000035,0.000044,0.000055,0.000067,0.000049,0.000040,0.000064,0.000070,0.000080,0.000104,0.000116,0.000209,0.000275,0.000213,0.000089,0.000113,0.000064,0.000070,0.000071,0.000072,0.000028,0.000023,0.000026,0.000023,0.000054,0.000054,0.000037,0.000036,0.000032,0.000060,0.000018,0.000015,0.000053,0.000060
1355,,,,,,,,,,,,,,0.000010,0.000124,0.000083,0.000072,0.000096,0.000147,0.000121,0.000184,0.000220,0.000163,0.000158,0.000243,0.000249,0.000230,0.000165,0.000186,0.000170,0.000066,0.000112,0.000092,0.000101,0.000107,0.000125,0.000066,0.000040,0.000037,0.000038,0.000091,0.000092,0.000045,0.000048,0.000043,0.000042,0.000009,0.000006,0.000040,0.000079
1356,,,,,,,,,,,,,,0.000003,0.000035,0.000029,0.000018,0.000032,0.000054,0.000060,0.000110,0.000137,0.000157,0.000175,0.000177,0.000159,0.000136,0.000105,0.000107,0.000097,0.000044,0.000062,0.000038,0.000042,0.000042,0.000043,0.000030,0.000031,0.000032,0.000031,0.000050,0.000037,0.000029,0.000035,0.000038,0.000050,0.000009,0.000008,0.000039,0.000038
1357,,,,,,,,,,,,,,0.000004,0.000084,0.000053,0.000049,0.000053,0.000100,0.000090,0.000140,0.000143,0.000145,0.000122,0.000179,0.000173,0.000164,0.000135,0.000149,0.000123,0.000047,0.000070,0.000074,0.000101,0.000124,0.000140,0.000085,0.000065,0.000044,0.000049,0.000124,0.000151,0.000096,0.000106,0.000080,0.000084,0.000015,0.000010,0.000029,0.000065
1358,,,,,,,,,,,,,,0.000007,0.000069,0.000046,0.000047,0.000025,0.000026,0.000069,0.000088,0.000063,0.000043,0.000039,0.000068,0.000066,0.000071,0.000179,0.000182,0.000149,0.000132,0.000108,0.000092,0.000102,0.000128,0.000125,0.000063,0.000074,0.000048,0.000038,0.000053,0.000054,0.000035,0.000022,0.000023,0.000015,0.000009,0.000009,0.000051,0.000093
1359,,,,,,,,,,,,,,0.000003,0.000055,0.000045,0.000043,0.000038,0.000059,0.000030,0.000046,0.000049,0.000038,0.000062,0.000117,0.000128,0.000104,0.000092,0.000086,0.000071,0.000048,0.000114,0.000135,0.000350,0.000259,0.000207,0.000064,0.000050,0.000031,0.000022,0.000058,0.000052,0.000041,0.000066,0.000055,0.000060,0.000010,0.000007,0.000026,0.000037
1360,,,,,,,,,,,,,,0.000006,0.000097,0.000069,0.000063,0.000061,0.000084,0.000068,0.000082,0.000088,0.000089,0.000065,0.000093,0.000130,0.000101,0.000116,0.000193,0.000185,0.000120,0.000302,0.000109,0.000100,0.000074,0.000056,0.000030,0.000034,0.000030,0.000031,0.000064,0.000112,0.000155,0.000260,0.000250,0.000220,0.000023,0.000011,0.000037,0.000061
1361,,,,,,,,,,,,,,0.000009,0.000064,0.000055,0.000037,0.000046,0.000073,0.000067,0.000069,0.000042,0.000040,0.000037,0.000042,0.000047,0.000051,0.000044,0.000058,0.000066,0.000033,0.000092,0.000075,0.000096,0.000087,0.000078,0.000041,0.000036,0.000025,0.000044,0.000054,0.000086,0.000041,0.000045,0.000037,0.000052,0.000007,0.000007,0.000059,0.000130
1362,,,,,,,,,,,,,,0.000004,0.000058,0.000044,0.000027,0.000034,0.000045,0.000036,0.000069,0.000076,0.000067,0.000067,0.000103,0.000125,0.000129,0.000140,0.000142,0.000106,0.000038,0.000101,0.000056,0.000072,0.000069,0.000044,0.000018,0.000030,0.000027,0.000024,0.000063,0.000052,0.000032,0.000038,0.000047,0.000034,0.000010,0.000008,0.000028,0.000033
1363,,,,,,,,,,,,,,0.000004,0.000067,0.000054,0.000039,0.000044,0.000062,0.000045,0.000090,0.000092,0.000096,0.000075,0.000132,0.000124,0.000118,0.000108,0.000102,0.000072,0.000031,0.000047,0.000049,0.000083,0.000063,0.000078,0.000049,0.000031,0.000027,0.000026,0.000054,0.000054,0.000035,0.000046,0.000052,0.000053,0.000006,0.000005,0.000030,0.000035
1364,,,,,,,,,,,,,,0.000007,0.000117,0.000117,0.000107,0.000118,0.000176,0.000131,0.000188,0.000187,0.000161,0.000122,0.000156,0.000141,0.000120,0.000119,0.000235,0.000362,0.000133,0.000322,0.000153,0.000188,0.000229,0.000151,0.000054,0.000054,0.000048,0.000067,0.000090,0.000089,0.000057,0.000077,0.000064,0.000069,0.000012,0.000009,0.000046,0.000081
1365,,,,,,,,,,,,,,0.000003,0.000045,0.000041,0.000044,0.000049,0.000054,0.000050,0.000058,0.000058,0.000059,0.000066,0.000104,0.000098,0.000089,0.000105,0.000151,0.000128,0.000068,0.000182,0.000125,0.000112,0.000090,0.000050,0.000027,0.000040,0.000043,0.000038,0.000058,0.000063,0.000059,0.000090,0.000103,0.000096,0.000010,0.000005,0.000027,0.000022
1366,,,,,,,,,,,,,,0.000006,0.000131,0.000115,0.000075,0.000074,0.000119,0.000069,0.000115,0.000116,0.000122,0.000160,0.000130,0.000133,0.000131,0.000159,0.000149,0.000095,0.000064,0.000069,0.000087,0.000115,0.000116,0.000095,0.000050,0.000077,0.000070,0.000029,0.000044,0.000050,0.000066,0.000050,0.000048,0.000044,0.000008,0.000007,0.000034,0.000033
1367,,,,,,,,,,,,,,0.000006,0.000094,0.000047,0.000036,0.000043,0.000071,0.000049,0.000079,0.000086,0.000082,0.000066,0.000097,0.000088,0.000067,0.000046,0.000068,0.000064,0.000058,0.000157,0.000126,0.000148,0.000144,0.000128,0.000050,0.000049,0.000037,0.000029,0.000055,0.000065,0.000051,0.000080,0.000061,0.000053,0.000010,0.000010,0.000070,0.000109
1368,,,,,,,,,,,,,,0.000007,0.000277,0.000207,0.000155,0.000134,0.000169,0.000112,0.000160,0.000108,0.000095,0.000091,0.000122,0.000097,0.000100,0.000086,0.000151,0.000141,0.000076,0.000160,0.000099,0.000113,0.000157,0.000195,0.000090,0.000054,0.000034,0.000023,0.000061,0.000084,0.000083,0.000077,0.000068,0.000047,0.000006,0.000007,0.000028,0.000045
1369,,,,,,,,,,,,,,0.000006,0.000084,0.000096,0.000081,0.000097,0.000113,0.000098,0.000109,0.000141,0.000119,0.000135,0.000183,0.000179,0.000166,0.000145,0.000165,0.000120,0.000070,0.000085,0.000067,0.000094,0.000109,0.000077,0.000033,0.000039,0.000035,0.000052,0.000059,0.000081,0.000047,0.000070,0.000073,0.000081,0.000010,0.000007,0.000039,0.000052
1370,,,,,,,,,,,,,,0.000005,0.000084,0.000080,0.000074,0.000088,0.000126,0.000078,0.000080,0.000084,0.000090,0.000069,0.000101,0.000096,0.000104,0.000113,0.000115,0.000114,0.000058,0.000133,0.000085,0.000154,0.000140,0.000097,0.000038,0.000031,0.000035,0.000065,0.000045,0.000030,0.000019,0.000024,0.000024,0.000027,0.000005,0.000005,0.000014,0.000028
1371,,,,,,,,,,,,,,0.000005,0.000056,0.000037,0.000052,0.000037,0.000037,0.000036,0.000043,0.000041,0.000039,0.000034,0.000045,0.000048,0.000059,0.000066,0.000066,0.000050,0.000039,0.000057,0.000066,0.000065,0.000065,0.000072,0.000032,0.000042,0.000027,0.000025,0.000063,0.000038,0.000041,0.000037,0.000039,0.000046,0.000019,0.000017,0.000053,0.000056
1372,,,,,,,,,,,,,,0.000005,0.000083,0.000074,0.000069,0.000054,0.000044,0.000051,0.000072,0.000071,0.000061,0.000064,0.000077,0.000099,0.000114,0.000127,0.000179,0.000290,0.000239,0.000409,0.000219,0.000192,0.000207,0.000149,0.000054,0.000049,0.000038,0.000032,0.000048,0.000049,0.000034,0.000048,0.000040,0.000035,0.000009,0.000011,0.000032,0.000039
1373,,,,,,,,,,,,,,0.000005,0.000086,0.000066,0.000071,0.000091,0.000183,0.000156,0.000223,0.000266,0.000231,0.000142,0.000193,0.000212,0.000171,0.000125,0.000130,0.000103,0.000047,0.000092,0.000064,0.000093,0.000117,0.000113,0.000047,0.000048,0.000033,0.000026,0.000050,0.000068,0.000053,0.000062,0.000047,0.000056,0.000009,0.000006,0.000031,0.000049
1374,,,,,,,,,,,,,,0.000006,0.000080,0.000071,0.000061,0.000056,0.000056,0.000047,0.000067,0.000092,0.000086,0.000083,0.000113,0.000105,0.000139,0.000099,0.000086,0.000077,0.000036,0.000057,0.000045,0.000056,0.000072,0.000069,0.000034,0.000039,0.000022,0.000026,0.000041,0.000053,0.000032,0.000028,0.000036,0.000029,0.000009,0.000006,0.000023,0.000041
1375,,,,,,,,,,,,,,0.000003,0.000049,0.000040,0.000067,0.000116,0.000151,0.000193,0.000315,0.000242,0.000300,0.000347,0.000446,0.000459,0.000491,0.000435,0.000370,0.000277,0.000120,0.000181,0.000130,0.000110,0.000097,0.000082,0.000037,0.000035,0.000037,0.000031,0.000082,0.000098,0.000081,0.000130,0.000089,0.000050,0.000007,0.000007,0.000034,0.000036
1376,,,,,,,,,,,,,,0.000005,0.000062,0.000045,0.000031,0.000037,0.000034,0.000039,0.000059,0.000084,0.000160,0.000179,0.000318,0.000338,0.000371,0.000424,0.000449,0.000362,0.000173,0.000248,0.000159,0.000181,0.000176,0.000139,0.000059,0.000035,0.000026,0.000022,0.000052,0.000040,0.000030,0.000041,0.000040,0.000042,0.000008,0.000006,0.000018,0.000026
1377,,,,,,,,,,,,,,0.000011,0.000157,0.000115,0.000094,0.000090,0.000127,0.000082,0.000154,0.000219,0.000270,0.000276,0.000492,0.000574,0.000565,0.000438,0.000451,0.000341,0.000109,0.000138,0.000066,0.000109,0.000106,0.000102,0.000041,0.000033,0.000024,0.000020,0.000046,0.000043,0.000039,0.000056,0.000049,0.000068,0.000008,0.000006,0.000062,0.000125
1378,,,,,,,,,,,,,,0.000006,0.000133,0.000141,0.000119,0.000193,0.000319,0.000200,0.000186,0.000160,0.000132,0.000089,0.000123,0.000114,0.000109,0.000077,0.000077,0.000052,0.000022,0.000040,0.000026,0.000037,0.000058,0.000058,0.000028,0.000023,0.000020,0.000023,0.000031,0.000034,0.000028,0.000021,0.000014,0.000016,0.000005,0.000006,0.000021,0.000035
1379,,,,,,,,,,,,,,0.000016,0.000126,0.000075,0.000052,0.000049,0.000049,0.000072,0.000146,0.000208,0.000205,0.000156,0.000277,0.000293,0.000243,0.000172,0.000153,0.000122,0.000076,0.000128,0.000073,0.000161,0.000116,0.000088,0.000043,0.000024,0.000030,0.000021,0.000021,0.000028,0.000016,0.000016,0.000022,0.000023,0.000023,0.000023,0.000128,0.000201
1380,,,,,,,,,,,,,,0.000010,0.000094,0.000095,0.000133,0.000127,0.000138,0.000112,0.000193,0.000197,0.000188,0.000174,0.000273,0.000284,0.000301,0.000320,0.000339,0.000334,0.000108,0.000153,0.000085,0.000093,0.000105,0.000085,0.000035,0.000038,0.000029,0.000026,0.000049,0.000056,0.000058,0.000102,0.000074,0.000043,0.000005,0.000008,0.000059,0.000088
1381,,,,,,,,,,,,,,0.000007,0.000101,0.000083,0.000064,0.000072,0.000111,0.000065,0.000125,0.000151,0.000115,0.000100,0.000175,0.000163,0.000098,0.000079,0.000116,0.000082,0.000053,0.000070,0.000058,0.000177,0.000105,0.000100,0.000046,0.000046,0.000050,0.000035,0.000062,0.000055,0.000030,0.000048,0.000053,0.000046,0.000007,0.000006,0.000036,0.000072
1382,,,,,,,,,,,,,,0.000003,0.000046,0.000037,0.000035,0.000055,0.000087,0.000064,0.000061,0.000089,0.000073,0.000070,0.000115,0.000112,0.000090,0.000089,0.000091,0.000072,0.000054,0.000070,0.000069,0.000109,0.000140,0.000148,0.000073,0.000063,0.000046,0.000079,0.000097,0.000148,0.000089,0.000063,0.000056,0.000056,0.000009,0.000007,0.000051,0.000065
1383,,,,,,,,,,,,,,0.000028,0.000336,0.000273,0.000217,0.000203,0.000236,0.000247,0.000353,0.000435,0.000444,0.000434,0.000794,0.000764,0.000792,0.000651,0.000700,0.000612,0.000299,0.000317,0.000199,0.000251,0.000291,0.000300,0.000141,0.000124,0.000068,0.000069,0.000144,0.000157,0.000092,0.000150,0.000132,0.000133,0.000012,0.000006,0.000048,0.000145
1384,,,,,,,,,,,,,,0.000013,0.000181,0.000127,0.000074,0.000072,0.000078,0.000053,0.000092,0.000114,0.000130,0.000163,0.000367,0.000507,0.000437,0.000344,0.000268,0.000191,0.000067,0.000103,0.000061,0.000063,0.000085,0.000073,0.000036,0.000038,0.000047,0.000042,0.000085,0.000066,0.000038,0.000039,0.000033,0.000015,0.000006,0.000004,0.000015,0.000028
1385,,,,,,,,,,,,,,0.000006,0.000092,0.000076,0.000105,0.000087,0.000136,0.000119,0.000179,0.000158,0.000156,0.000133,0.000166,0.000183,0.000165,0.000123,0.000154,0.000155,0.000069,0.000109,0.000072,0.000097,0.000122,0.000098,0.000048,0.000039,0.000040,0.000042,0.000067,0.000062,0.000046,0.000052,0.000041,0.000040,0.000009,0.000009,0.000035,0.000072
1386,,,,,,,,,,,,,,0.000006,0.000078,0.000054,0.000049,0.000051,0.000065,0.000058,0.000088,0.000100,0.000119,0.000098,0.000122,0.000102,0.000098,0.000106,0.000111,0.000112,0.000056,0.000080,0.000061,0.000079,0.000060,0.000079,0.000049,0.000034,0.000037,0.000041,0.000107,0.000082,0.000055,0.000061,0.000053,0.000041,0.000007,0.000007,0.000049,0.000059
1387,,,,,,,,,,,,,,0.000004,0.000069,0.000057,0.000052,0.000047,0.000062,0.000059,0.000069,0.000072,0.000078,0.000084,0.000070,0.000076,0.000085,0.000087,0.000174,0.000153,0.000067,0.000078,0.000049,0.000072,0.000066,0.000060,0.000044,0.000071,0.000047,0.000058,0.000179,0.000185,0.000073,0.000064,0.000053,0.000068,0.000010,0.000009,0.000033,0.000041
1388,,,,,,,,,,,,,,0.000006,0.000101,0.000109,0.000153,0.000131,0.000185,0.000161,0.000145,0.000168,0.000163,0.000127,0.000185,0.000160,0.000120,0.000138,0.000140,0.000092,0.000041,0.000078,0.000068,0.000096,0.000084,0.000055,0.000033,0.000037,0.000031,0.000028,0.000034,0.000027,0.000019,0.000035,0.000029,0.000025,0.000006,0.000005,0.000019,0.000032
1389,,,,,,,,,,,,,,0.000003,0.000069,0.000060,0.000039,0.000046,0.000056,0.000046,0.000075,0.000076,0.000067,0.000062,0.000089,0.000093,0.000079,0.000068,0.000056,0.000052,0.000032,0.000054,0.000029,0.000042,0.000049,0.000058,0.000035,0.000036,0.000021,0.000026,0.000039,0.000041,0.000034,0.000043,0.000036,0.000043,0.000010,0.000006,0.000025,0.000031
1390,,,,,,,,,,,,,,0.000004,0.000059,0.000053,0.000052,0.000090,0.000203,0.000138,0.000134,0.000178,0.000176,0.000171,0.000195,0.000189,0.000152,0.000101,0.000089,0.000074,0.000050,0.000077,0.000065,0.000062,0.000065,0.000062,0.000029,0.000036,0.000027,0.000018,0.000037,0.000038,0.000028,0.000036,0.000036,0.000043,0.000007,0.000007,0.000020,0.000030
1391,,,,,,,,,,,,,,0.000003,0.000046,0.000049,0.000054,0.000054,0.000079,0.000051,0.000066,0.000047,0.000037,0.000032,0.000040,0.000037,0.000026,0.000026,0.000023,0.000024,0.000020,0.000051,0.000060,0.000094,0.000068,0.000062,0.000031,0.000032,0.000018,0.000028,0.000051,0.000058,0.000056,0.000058,0.000075,0.000054,0.000009,0.000007,0.000023,0.000026
1392,,,,,,,,,,,,,,0.000006,0.000074,0.000082,0.000084,0.000083,0.000121,0.000088,0.000138,0.000142,0.000142,0.000142,0.000209,0.000199,0.000196,0.000129,0.000144,0.000142,0.000064,0.000092,0.000054,0.000081,0.000107,0.000079,0.000039,0.000035,0.000033,0.000030,0.000057,0.000058,0.000065,0.000079,0.000054,0.000051,0.000006,0.000005,0.000033,0.000058
1393,,,,,,,,,,,,,,0.000003,0.000050,0.000054,0.000041,0.000041,0.000053,0.000033,0.000047,0.000053,0.000047,0.000078,0.000067,0.000073,0.000066,0.000054,0.000078,0.000041,0.000026,0.000057,0.000052,0.000079,0.000086,0.000085,0.000032,0.000054,0.000039,0.000036,0.000031,0.000036,0.000035,0.000037,0.000031,0.000034,0.000008,0.000007,0.000026,0.000032
1394,,,,,,,,,,,,,,0.000005,0.000062,0.000053,0.000055,0.000082,0.000079,0.000082,0.000116,0.000129,0.000137,0.000134,0.000172,0.000155,0.000136,0.000118,0.000144,0.000120,0.000055,0.000072,0.000090,0.000074,0.000100,0.000128,0.000104,0.000045,0.000045,0.000044,0.000043,0.000056,0.000068,0.000064,0.000080,0.000139,0.000017,0.000010,0.000044,0.000060
1395,,,,,,,,,,,,,,0.000004,0.000075,0.000055,0.000057,0.000054,0.000061,0.000052,0.000068,0.000077,0.000071,0.000067,0.000115,0.000125,0.000121,0.000106,0.000122,0.000098,0.000043,0.000079,0.000060,0.000085,0.000119,0.000117,0.000049,0.000039,0.000020,0.000025,0.000047,0.000044,0.000023,0.000029,0.000028,0.000028,0.000005,0.000004,0.000027,0.000051
1396,,,,,,,,,,,,,,0.000005,0.000085,0.000064,0.000046,0.000060,0.000111,0.000082,0.000111,0.000134,0.000114,0.000093,0.000161,0.000163,0.000193,0.000158,0.000158,0.000143,0.000073,0.000106,0.000079,0.000096,0.000096,0.000123,0.000082,0.000081,0.000058,0.000055,0.000117,0.000092,0.000064,0.000068,0.000053,0.000048,0.000006,0.000005,0.000030,0.000038
1397,,,,,,,,,,,,,,0.000007,0.000076,0.000048,0.000046,0.000051,0.000116,0.000098,0.000124,0.000134,0.000163,0.000165,0.000238,0.000255,0.000232,0.000207,0.000212,0.000139,0.000053,0.000076,0.000074,0.000104,0.000080,0.000068,0.000027,0.000020,0.000022,0.000032,0.000101,0.000193,0.000188,0.000084,0.000061,0.000047,0.000009,0.000007,0.000038,0.000071
1398,,,,,,,,,,,,,,0.000005,0.000063,0.000053,0.000039,0.000037,0.000042,0.000039,0.000057,0.000072,0.000077,0.000071,0.000101,0.000090,0.000079,0.000088,0.000091,0.000064,0.000058,0.000106,0.000086,0.000103,0.000101,0.000104,0.000039,0.000031,0.000028,0.000020,0.000042,0.000048,0.000026,0.000042,0.000040,0.000034,0.000006,0.000005,0.000026,0.000042
1399,,,,,,,,,,,,,,0.000005,0.000095,0.000083,0.000059,0.000064,0.000064,0.000050,0.000058,0.000059,0.000074,0.000074,0.000088,0.000099,0.000084,0.000073,0.000088,0.000075,0.000037,0.000054,0.000031,0.000060,0.000071,0.000071,0.000060,0.000099,0.000057,0.000023,0.000030,0.000044,0.000029,0.000053,0.000041,0.000047,0.000009,0.000007,0.000042,0.000063
1400,,,,,,,,,,,,,,0.000009,0.000120,0.000093,0.000086,0.000071,0.000080,0.000141,0.000159,0.000108,0.000122,0.000239,0.000151,0.000127,0.000132,0.000121,0.000123,0.000268,0.000069,0.000116,0.000087,0.000088,0.000075,0.000073,0.000046,0.000040,0.000030,0.000050,0.000048,0.000069,0.000059,0.000102,0.000122,0.000112,0.000013,0.000009,0.000040,0.000080
1401,,,,,,,,,,,,,,0.000006,0.000112,0.000092,0.000070,0.000043,0.000067,0.000034,0.000048,0.000049,0.000071,0.000091,0.000101,0.000104,0.000106,0.000073,0.000116,0.000117,0.000052,0.000091,0.000066,0.000101,0.000185,0.000117,0.000038,0.000055,0.000033,0.000027,0.000060,0.000059,0.000043,0.000056,0.000057,0.000049,0.000008,0.000006,0.000030,0.000048
1402,,,,,,,,,,,,,,0.000005,0.000085,0.000050,0.000057,0.000061,0.000089,0.000054,0.000089,0.000125,0.000108,0.000105,0.000203,0.000221,0.000261,0.000191,0.000179,0.000113,0.000051,0.000073,0.000047,0.000083,0.000072,0.000069,0.000038,0.000031,0.000028,0.000024,0.000050,0.000053,0.000041,0.000054,0.000054,0.000055,0.000011,0.000009,0.000042,0.000059
1403,,,,,,,,,,,,,,0.000007,0.000090,0.000068,0.000071,0.000073,0.000109,0.000073,0.000104,0.000120,0.000112,0.000090,0.000119,0.000109,0.000112,0.000080,0.000082,0.000083,0.000042,0.000058,0.000044,0.000063,0.000098,0.000084,0.000043,0.000037,0.000029,0.000025,0.000059,0.000059,0.000041,0.000053,0.000067,0.000069,0.000007,0.000007,0.000031,0.000043
1404,,,,,,,,,,,,,,0.000004,0.000078,0.000064,0.000080,0.000080,0.000178,0.000094,0.000141,0.000129,0.000185,0.000090,0.000122,0.000119,0.000130,0.000103,0.000116,0.000097,0.000044,0.000067,0.000069,0.000092,0.000088,0.000087,0.000033,0.000025,0.000015,0.000016,0.000046,0.000042,0.000027,0.000026,0.000022,0.000019,0.000007,0.000006,0.000023,0.000040
1405,,,,,,,,,,,,,,0.000004,0.000062,0.000049,0.000056,0.000052,0.000081,0.000051,0.000063,0.000060,0.000042,0.000040,0.000063,0.000069,0.000061,0.000056,0.000068,0.000069,0.000042,0.000051,0.000036,0.000086,0.000119,0.000081,0.000063,0.000076,0.000079,0.000070,0.000142,0.000133,0.000078,0.000100,0.000072,0.000060,0.000008,0.000005,0.000020,0.000034
1406,,,,,,,,,,,,,,0.000007,0.000157,0.000131,0.000086,0.000061,0.000102,0.000057,0.000114,0.000066,0.000060,0.000052,0.000076,0.000070,0.000070,0.000060,0.000050,0.000062,0.000051,0.000085,0.000042,0.000039,0.000037,0.000022,0.000014,0.000045,0.000026,0.000021,0.000054,0.000075,0.000062,0.000073,0.000069,0.000089,0.000018,0.000009,0.000036,0.000031
1407,,,,,,,,,,,,,,0.000003,0.000081,0.000084,0.000076,0.000065,0.000075,0.000048,0.000070,0.000074,0.000057,0.000053,0.000077,0.000086,0.000068,0.000070,0.000061,0.000059,0.000029,0.000028,0.000054,0.000064,0.000061,0.000058,0.000032,0.000059,0.000038,0.000023,0.000034,0.000046,0.000039,0.000042,0.000045,0.000039,0.000009,0.000005,0.000024,0.000035
1408,,,,,,,,,,,,,,0.000004,0.000071,0.000058,0.000066,0.000070,0.000127,0.000091,0.000146,0.000158,0.000168,0.000169,0.000253,0.000238,0.000229,0.000168,0.000174,0.000146,0.000050,0.000089,0.000046,0.000059,0.000070,0.000063,0.000024,0.000024,0.000020,0.000016,0.000034,0.000040,0.000032,0.000045,0.000049,0.000042,0.000004,0.000003,0.000023,0.000038
1409,,,,,,,,,,,,,,0.000005,0.000080,0.000090,0.000087,0.000086,0.000178,0.000141,0.000196,0.000216,0.000216,0.000170,0.000223,0.000195,0.000161,0.000147,0.000154,0.000124,0.000055,0.000082,0.000059,0.000088,0.000083,0.000110,0.000055,0.000044,0.000041,0.000061,0.000142,0.000122,0.000051,0.000052,0.000043,0.000049,0.000009,0.000004,0.000024,0.000047
1410,,,,,,,,,,,,,,0.000006,0.000082,0.000077,0.000100,0.000091,0.000106,0.000077,0.000142,0.000128,0.000129,0.000105,0.000158,0.000168,0.000162,0.000106,0.000126,0.000141,0.000127,0.000081,0.000075,0.000085,0.000089,0.000084,0.000030,0.000029,0.000038,0.000032,0.000044,0.000036,0.000051,0.000053,0.000038,0.000028,0.000005,0.000005,0.000030,0.000034
1411,,,,,,,,,,,,,,0.000004,0.000077,0.000109,0.000104,0.000085,0.000097,0.000087,0.000117,0.000125,0.000122,0.000095,0.000160,0.000138,0.000103,0.000080,0.000092,0.000067,0.000153,0.000062,0.000056,0.000074,0.000082,0.000081,0.000042,0.000056,0.000061,0.000025,0.000041,0.000045,0.000055,0.000117,0.000088,0.000078,0.000009,0.000008,0.000030,0.000050
1412,,,,,,,,,,,,,,0.000008,0.000092,0.000092,0.000108,0.000129,0.000131,0.000094,0.000078,0.000068,0.000042,0.000034,0.000036,0.000045,0.000046,0.000070,0.000102,0.000115,0.000081,0.000104,0.000052,0.000084,0.000067,0.000046,0.000031,0.000046,0.000048,0.000033,0.000074,0.000096,0.000088,0.000111,0.000109,0.000121,0.000013,0.000007,0.000045,0.000056
1413,,,,,,,,,,,,,,0.000013,0.000136,0.000129,0.000102,0.000082,0.000096,0.000072,0.000080,0.000079,0.000061,0.000090,0.000100,0.000102,0.000110,0.000105,0.000123,0.000128,0.000084,0.000154,0.000082,0.000092,0.000085,0.000060,0.000042,0.000057,0.000038,0.000025,0.000041,0.000037,0.000028,0.000034,0.000026,0.000023,0.000006,0.000006,0.000031,0.000056
1414,,,,,,,,,,,,,,0.000012,0.000155,0.000099,0.000103,0.000113,0.000179,0.000127,0.000178,0.000163,0.000130,0.000087,0.000100,0.000078,0.000080,0.000080,0.000109,0.000102,0.000047,0.000065,0.000043,0.000067,0.000079,0.000075,0.000048,0.000037,0.000053,0.000071,0.000193,0.000221,0.000139,0.000138,0.000132,0.000114,0.000011,0.000005,0.000023,0.000077
1415,,,,,,,,,,,,,,0.000004,0.000054,0.000047,0.000043,0.000047,0.000065,0.000048,0.000059,0.000051,0.000042,0.000039,0.000064,0.000073,0.000069,0.000071,0.000086,0.000078,0.000037,0.000057,0.000045,0.000047,0.000041,0.000031,0.000025,0.000026,0.000023,0.000019,0.000023,0.000024,0.000029,0.000014,0.000018,0.000014,0.000009,0.000011,0.000035,0.000039
1416,,,,,,,,,,,,,,0.000004,0.000053,0.000058,0.000051,0.000042,0.000083,0.000081,0.000117,0.000164,0.000149,0.000165,0.000202,0.000186,0.000205,0.000108,0.000087,0.000077,0.000040,0.000058,0.000043,0.000052,0.000045,0.000046,0.000027,0.000019,0.000016,0.000019,0.000043,0.000051,0.000024,0.000087,0.000067,0.000042,0.000006,0.000005,0.000023,0.000042
1417,,,,,,,,,,,,,,0.000004,0.000055,0.000038,0.000040,0.000045,0.000051,0.000049,0.000079,0.000078,0.000055,0.000050,0.000035,0.000044,0.000051,0.000042,0.000100,0.000071,0.000040,0.000174,0.000157,0.000217,0.000283,0.000253,0.000091,0.000050,0.000048,0.000040,0.000078,0.000088,0.000053,0.000081,0.000080,0.000087,0.000015,0.000009,0.000057,0.000068
1418,,,,,,,,,,,,,,0.000005,0.000048,0.000049,0.000040,0.000031,0.000037,0.000028,0.000036,0.000032,0.000031,0.000029,0.000041,0.000043,0.000035,0.000024,0.000028,0.000040,0.000026,0.000037,0.000031,0.000047,0.000063,0.000070,0.000036,0.000021,0.000015,0.000016,0.000026,0.000043,0.000048,0.000036,0.000027,0.000017,0.000008,0.000010,0.000046,0.000049
1419,,,,,,,,,,,,,,0.000004,0.000089,0.000079,0.000076,0.000068,0.000085,0.000077,0.000078,0.000081,0.000080,0.000071,0.000093,0.000122,0.000128,0.000133,0.000224,0.000197,0.000081,0.000125,0.000064,0.000077,0.000075,0.000081,0.000070,0.000049,0.000048,0.000031,0.000064,0.000090,0.000083,0.000134,0.000113,0.000117,0.000011,0.000007,0.000024,0.000030
1420,,,,,,,,,,,,,,0.000005,0.000062,0.000053,0.000051,0.000055,0.000093,0.000067,0.000086,0.000084,0.000080,0.000073,0.000104,0.000072,0.000066,0.000073,0.000084,0.000089,0.000053,0.000056,0.000043,0.000062,0.000068,0.000121,0.000060,0.000041,0.000024,0.000023,0.000036,0.000047,0.000034,0.000036,0.000029,0.000020,0.000006,0.000006,0.000038,0.000088
1421,,,,,,,,,,,,,,0.000005,0.000086,0.000070,0.000078,0.000063,0.000132,0.000090,0.000104,0.000126,0.000156,0.000202,0.000267,0.000261,0.000268,0.000247,0.000218,0.000179,0.000095,0.000163,0.000152,0.000140,0.000176,0.000151,0.000058,0.000056,0.000039,0.000037,0.000084,0.000116,0.000084,0.000085,0.000076,0.000083,0.000009,0.000006,0.000021,0.000029
1422,,,,,,,,,,,,,,0.000004,0.000047,0.000044,0.000052,0.000061,0.000112,0.000064,0.000156,0.000070,0.000074,0.000055,0.000067,0.000077,0.000070,0.000083,0.000166,0.000206,0.000139,0.000205,0.000204,0.000212,0.000151,0.000073,0.000027,0.000024,0.000025,0.000041,0.000021,0.000024,0.000018,0.000024,0.000033,0.000085,0.000037,0.000026,0.000053,0.000048
1423,,,,,,,,,,,,,,0.000006,0.000139,0.000088,0.000073,0.000062,0.000107,0.000066,0.000080,0.000091,0.000117,0.000096,0.000105,0.000091,0.000078,0.000085,0.000080,0.000059,0.000099,0.000169,0.000047,0.000039,0.000063,0.000056,0.000042,0.000067,0.000075,0.000041,0.000072,0.000079,0.000054,0.000060,0.000076,0.000097,0.000008,0.000004,0.000026,0.000042
1424,,,,,,,,,,,,,,0.000004,0.000082,0.000068,0.000055,0.000075,0.000164,0.000304,0.000294,0.000211,0.000222,0.000244,0.000222,0.000198,0.000161,0.000111,0.000094,0.000081,0.000047,0.000060,0.000043,0.000088,0.000095,0.000088,0.000026,0.000028,0.000018,0.000022,0.000033,0.000045,0.000032,0.000040,0.000055,0.000066,0.000009,0.000005,0.000025,0.000023
1425,,,,,,,,,,,,,,0.000006,0.000097,0.000083,0.000096,0.000091,0.000107,0.000087,0.000088,0.000098,0.000116,0.000104,0.000123,0.000103,0.000108,0.000107,0.000115,0.000065,0.000042,0.000065,0.000074,0.000186,0.000126,0.000125,0.000047,0.000045,0.000030,0.000028,0.000065,0.000073,0.000075,0.000093,0.000088,0.000065,0.000010,0.000009,0.000030,0.000031
1426,,,,,,,,,,,,,,0.000007,0.000067,0.000056,0.000051,0.000063,0.000089,0.000070,0.000096,0.000079,0.000071,0.000074,0.000131,0.000106,0.000095,0.000083,0.000087,0.000085,0.000037,0.000057,0.000063,0.000085,0.000083,0.000087,0.000050,0.000057,0.000034,0.000026,0.000052,0.000058,0.000037,0.000042,0.000031,0.000047,0.000008,0.000007,0.000067,0.000116
1427,,,,,,,,,,,,,,0.000004,0.000109,0.000078,0.000112,0.000077,0.000091,0.000077,0.000091,0.000088,0.000073,0.000079,0.000081,0.000062,0.000069,0.000065,0.000073,0.000071,0.000036,0.000049,0.000037,0.000076,0.000098,0.000129,0.000078,0.000043,0.000028,0.000024,0.000044,0.000059,0.000030,0.000037,0.000035,0.000042,0.000007,0.000005,0.000019,0.000027
1428,,,,,,,,,,,,,,0.000004,0.000083,0.000050,0.000090,0.000085,0.000113,0.000109,0.000153,0.000109,0.000080,0.000063,0.000081,0.000065,0.000061,0.000052,0.000061,0.000046,0.000043,0.000037,0.000035,0.000057,0.000061,0.000054,0.000030,0.000032,0.000023,0.000025,0.000054,0.000051,0.000032,0.000024,0.000024,0.000026,0.000007,0.000006,0.000023,0.000028
1429,,,,,,,,,,,,,,0.000012,0.000150,0.000112,0.000097,0.000093,0.000128,0.000085,0.000098,0.000081,0.000100,0.000090,0.000103,0.000130,0.000140,0.000216,0.000461,0.000686,0.000288,0.000449,0.000257,0.000339,0.000357,0.000285,0.000133,0.000074,0.000053,0.000047,0.000062,0.000057,0.000047,0.000042,0.000037,0.000036,0.000005,0.000007,0.000033,0.000075
1430,,,,,,,,,,,,,,0.000006,0.000092,0.000083,0.000079,0.000067,0.000099,0.000070,0.000090,0.000078,0.000074,0.000073,0.000100,0.000085,0.000079,0.000085,0.000080,0.000067,0.000037,0.000084,0.000056,0.000064,0.000081,0.000108,0.000046,0.000034,0.000021,0.000032,0.000037,0.000042,0.000043,0.000042,0.000065,0.000046,0.000007,0.000006,0.000038,0.000070
1431,,,,,,,,,,,,,,0.000008,0.000197,0.000174,0.000120,0.000081,0.000081,0.000051,0.000066,0.000088,0.000071,0.000062,0.000110,0.000089,0.000066,0.000073,0.000095,0.000085,0.000038,0.000042,0.000055,0.000066,0.000054,0.000060,0.000026,0.000025,0.000018,0.000014,0.000035,0.000051,0.000043,0.000065,0.000072,0.000071,0.000007,0.000005,0.000022,0.000082
1432,,,,,,,,,,,,,,0.000006,0.000096,0.000110,0.000101,0.000105,0.000130,0.000083,0.000101,0.000108,0.000099,0.000069,0.000116,0.000126,0.000123,0.000087,0.000105,0.000084,0.000046,0.000055,0.000048,0.000060,0.000070,0.000066,0.000029,0.000027,0.000029,0.000023,0.000035,0.000050,0.000040,0.000049,0.000054,0.000056,0.000009,0.000006,0.000034,0.000029
1433,,,,,,,,,,,,,,0.000005,0.000083,0.000043,0.000037,0.000035,0.000064,0.000040,0.000055,0.000053,0.000035,0.000041,0.000044,0.000042,0.000048,0.000059,0.000138,0.000205,0.000050,0.000073,0.000038,0.000061,0.000074,0.000076,0.000049,0.000035,0.000023,0.000025,0.000057,0.000062,0.000056,0.000071,0.000072,0.000073,0.000014,0.000010,0.000041,0.000050
1434,,,,,,,,,,,,,,0.000015,0.000193,0.000157,0.000118,0.000099,0.000130,0.000093,0.000138,0.000145,0.000151,0.000129,0.000149,0.000160,0.000134,0.000143,0.000151,0.000116,0.000058,0.000092,0.000072,0.000089,0.000141,0.000187,0.000112,0.000064,0.000031,0.000022,0.000045,0.000068,0.000068,0.000020,0.000031,0.000025,0.000007,0.000006,0.000051,0.000110
1435,,,,,,,,,,,,,,0.000004,0.000064,0.000055,0.000048,0.000044,0.000050,0.000055,0.000065,0.000065,0.000068,0.000068,0.000091,0.000097,0.000111,0.000093,0.000084,0.000068,0.000040,0.000060,0.000044,0.000050,0.000071,0.000053,0.000029,0.000033,0.000040,0.000065,0.000049,0.000041,0.000023,0.000031,0.000031,0.000031,0.000006,0.000005,0.000024,0.000039
1436,,,,,,,,,,,,,,0.000005,0.000062,0.000060,0.000052,0.000068,0.000098,0.000069,0.000108,0.000116,0.000147,0.000091,0.000129,0.000137,0.000130,0.000098,0.000092,0.000091,0.000043,0.000090,0.000057,0.000072,0.000073,0.000064,0.000042,0.000038,0.000034,0.000026,0.000055,0.000044,0.000102,0.000047,0.000031,0.000035,0.000009,0.000006,0.000029,0.000026
1437,,,,,,,,,,,,,,0.000008,0.000140,0.000091,0.000068,0.000068,0.000078,0.000039,0.000071,0.000052,0.000036,0.000053,0.000076,0.000048,0.000036,0.000032,0.000045,0.000056,0.000040,0.000099,0.000097,0.000196,0.000138,0.000096,0.000037,0.000039,0.000036,0.000028,0.000038,0.000043,0.000048,0.000037,0.000039,0.000058,0.000013,0.000016,0.000054,0.000060
1438,,,,,,,,,,,,,,0.000003,0.000045,0.000043,0.000059,0.000047,0.000070,0.000034,0.000038,0.000025,0.000033,0.000043,0.000053,0.000058,0.000044,0.000057,0.000091,0.000080,0.000041,0.000070,0.000051,0.000056,0.000059,0.000056,0.000024,0.000036,0.000067,0.000054,0.000130,0.000148,0.000099,0.000114,0.000070,0.000048,0.000009,0.000006,0.000024,0.000030
1439,,,,,,,,,,,,,,0.000007,0.000106,0.000111,0.000065,0.000063,0.000145,0.000092,0.000092,0.000073,0.000052,0.000069,0.000047,0.000069,0.000063,0.000045,0.000046,0.000043,0.000024,0.000035,0.000056,0.000055,0.000075,0.000048,0.000023,0.000025,0.000023,0.000025,0.000055,0.000081,0.000111,0.000102,0.000091,0.000100,0.000012,0.000011,0.000046,0.000128
1440,,,,,,,,,,,,,,0.000006,0.000099,0.000069,0.000050,0.000081,0.000148,0.000143,0.000195,0.000173,0.000162,0.000112,0.000158,0.000131,0.000113,0.000115,0.000101,0.000089,0.000058,0.000060,0.000051,0.000044,0.000089,0.000060,0.000036,0.000030,0.000029,0.000025,0.000037,0.000034,0.000039,0.000056,0.000063,0.000074,0.000019,0.000012,0.000045,0.000059
1441,,,,,,,,,,,,,,0.000004,0.000052,0.000056,0.000030,0.000039,0.000060,0.000063,0.000072,0.000075,0.000078,0.000071,0.000113,0.000112,0.000135,0.000142,0.000200,0.000195,0.000084,0.000108,0.000073,0.000086,0.000085,0.000077,0.000038,0.000035,0.000022,0.000030,0.000077,0.000094,0.000037,0.000036,0.000049,0.000037,0.000005,0.000004,0.000019,0.000033
1442,,,,,,,,,,,,,,0.000014,0.000276,0.000243,0.000303,0.000246,0.000295,0.000177,0.000138,0.000109,0.000043,0.000041,0.000041,0.000026,0.000028,0.000044,0.000046,0.000050,0.000051,0.000042,0.000033,0.000076,0.000074,0.000058,0.000034,0.000031,0.000027,0.000029,0.000057,0.000059,0.000049,0.000055,0.000059,0.000062,0.000010,0.000009,0.000053,0.000061
1443,,,,,,,,,,,,,,0.000006,0.000082,0.000068,0.000070,0.000090,0.000234,0.000245,0.000290,0.000326,0.000326,0.000264,0.000312,0.000301,0.000244,0.000227,0.000216,0.000162,0.000095,0.000215,0.000169,0.000196,0.000172,0.000166,0.000068,0.000058,0.000036,0.000036,0.000088,0.000085,0.000073,0.000139,0.000143,0.000157,0.000014,0.000008,0.000054,0.000060
