roi_id,bin_0,bin_1,bin_2,bin_3,bin_4,bin_5,bin_6,bin_7,bin_8,bin_9,bin_10,bin_11,bin_12,bin_13,bin_14,bin_15,bin_16,bin_17,bin_18,bin_19,bin_20,bin_21,bin_22,bin_23,bin_24,bin_25,bin_26,bin_27,bin_28,bin_29,bin_30,bin_31,bin_32,bin_33,bin_34,bin_35,bin_36,bin_37,bin_38,bin_39,bin_40,bin_41,bin_42,bin_43,bin_44,bin_45,bin_46,bin_47,bin_48,bin_49
0,,,,,,,,,,,,,0.000645,0.000008,0.000443,0.000364,0.000344,0.000342,0.000198,0.000155,0.000135,0.000092,0.000082,0.000066,0.000069,0.000045,0.000034,0.000021,0.000018,0.000006,0.000006,0.000139,0.000276,0.000275,0.000259,0.000736,0.000116,0.000088,0.000124,0.000498,0.000413,0.000434,0.000261,0.000274,0.000159,0.000117,0.000007,0.000021,0.000100,0.000088
1,,,,,,,,,,,,,0.009437,0.000017,0.000245,0.000269,0.000242,0.000248,0.000163,0.000107,0.000105,0.000100,0.000086,0.000065,0.000058,0.000043,0.000044,0.000042,0.000031,0.000032,0.000015,0.000013,-0.000001,0.000007,0.000013,-0.000000,0.000006,0.000006,0.000019,0.000302,0.000476,0.000475,0.000361,0.000345,0.000340,0.000410,0.000083,0.000187,0.000313,0.000373
2,,,,,,,,,,,,,-0.000001,0.000008,0.000061,0.000067,0.000058,0.000164,0.000287,0.000446,0.000717,0.000923,0.000969,0.000804,0.000891,0.000755,0.000722,0.000708,0.000709,0.000653,0.000564,0.000130,0.000436,0.000161,0.000114,0.000194,0.000029,0.000026,0.000055,0.000122,0.000209,0.000360,0.000456,0.000402,0.000326,0.000178,0.000013,0.000025,0.000140,0.000138
3,,,,,,,,,,,,,0.005784,0.000009,0.000082,0.000084,0.000073,0.000076,0.000073,0.000043,0.000047,0.000052,0.000061,0.000068,0.000085,0.000067,0.000052,0.000037,0.000047,0.000084,0.000097,0.000037,0.000105,0.000046,0.000029,0.000068,0.000016,0.000005,0.000007,0.000100,0.000272,0.000555,0.000521,0.000604,0.000669,0.000812,0.000084,0.000147,0.000259,0.000323
4,,,,,,,,,,,,,0.000497,0.000024,0.000260,0.000239,0.000269,0.000311,0.000297,0.000206,0.000204,0.000163,0.000133,0.000106,0.000092,0.000074,0.000051,0.000040,0.000027,0.000021,0.000010,0.000050,0.000076,0.000062,0.000046,0.000071,0.000026,0.000024,0.000048,0.000287,0.000155,0.000196,0.000124,0.000093,0.000078,0.000080,0.000082,0.000138,0.000532,0.000503
5,,,,,,,,,,,,,0.006794,0.000012,0.000118,0.000098,0.000164,0.000176,0.000177,0.000119,0.000123,0.000086,0.000059,0.000044,0.000058,0.000048,0.000051,0.000033,0.000051,0.000074,0.000101,0.000034,0.000081,0.000039,0.000030,0.000067,0.000091,0.000007,0.000011,0.000170,0.000388,0.000620,0.000625,0.000767,0.000873,0.001075,0.000146,0.000200,0.000374,0.000397
6,,,,,,,,,,,,,0.000854,0.000039,0.000355,0.000673,0.001551,0.002552,0.003159,0.003134,0.003835,0.003822,0.003335,0.002791,0.002733,0.002143,0.001784,0.001419,0.001127,0.000978,0.000712,0.000156,0.000408,0.000137,0.000122,0.000143,0.000102,0.000019,0.000015,0.000062,0.000063,0.000067,0.000051,0.000145,0.000174,0.000071,0.000027,0.000124,0.000687,0.000896
7,,,,,,,,,,,,,0.000259,0.000024,0.000162,0.000183,0.000173,0.000165,0.000132,0.000110,0.000129,0.000123,0.000098,0.000073,0.000077,0.000053,0.000072,0.000054,0.000039,0.000060,0.000034,0.000029,0.000029,0.000029,0.000019,0.000029,0.000016,0.000005,0.000007,0.000118,0.000374,0.000790,0.000756,0.000869,0.000886,0.000929,0.000077,0.000173,0.000557,0.000544
8,,,,,,,,,,,,,0.000323,0.000009,0.000126,0.000173,0.000185,0.000188,0.000228,0.000316,0.000275,0.000327,0.000207,0.000117,0.000089,0.000058,0.000044,0.000034,0.000046,0.000058,0.000062,0.000021,0.000051,0.000088,0.000059,0.000023,0.000018,0.000047,0.000071,0.000096,0.000121,0.000157,0.000161,0.000113,0.000143,0.000091,0.000030,0.000072,0.000105,0.000185
9,,,,,,,,,,,,,0.000098,0.000002,0.000046,0.000169,0.000494,0.000741,0.000797,0.000560,0.000555,0.000370,0.000374,0.000288,0.000345,0.000312,0.000281,0.000265,0.000231,0.000188,0.000176,0.000137,0.000203,0.000237,0.000206,0.000344,0.000129,0.000062,0.000083,0.000142,0.000154,0.000123,0.000154,0.000143,0.000079,0.000038,0.000022,0.000022,0.000065,0.000096
10,,,,,,,,,,,,,0.018589,0.000012,0.000124,0.000131,0.000141,0.000146,0.000171,0.000107,0.000096,0.000111,0.000082,0.000084,0.000094,0.000067,0.000060,0.000047,0.000056,0.000058,0.000040,0.000037,0.000029,0.000026,0.000023,0.000036,0.000021,0.000069,0.000093,0.000073,0.000077,0.000092,0.000138,0.000239,0.000304,0.000334,0.000094,0.000181,0.000328,0.000372
11,,,,,,,,,,,,,0.016375,0.000015,0.000081,0.000089,0.000100,0.000084,0.000067,0.000052,0.000060,0.000055,0.000045,0.000040,0.000067,0.000080,0.000092,0.000111,0.000141,0.000140,0.000132,0.000041,0.000074,0.000036,0.000037,0.000076,0.000037,0.000012,0.000014,0.000023,0.000193,0.000157,0.000175,0.000194,0.000201,0.000339,0.000132,0.000263,0.000533,0.000709
12,,,,,,,,,,,,,0.000014,0.000006,0.000134,0.000091,0.000086,0.000086,0.000067,0.000057,0.000062,0.000063,0.000056,0.000049,0.000053,0.000050,0.000051,0.000039,0.000033,0.000037,0.000044,0.000026,0.000051,0.000066,0.000117,0.000038,0.000029,0.000011,0.000005,0.000019,0.000018,0.000045,0.000054,0.000074,0.000109,0.000177,0.000046,0.000087,0.000116,0.000107
13,,,,,,,,,,,,,-0.000125,0.000022,0.000133,0.000162,0.000147,0.000099,0.000067,0.000049,0.000058,0.000054,0.000037,0.000034,0.000012,0.000006,0.000004,0.000077,0.000187,0.000398,0.000668,0.000141,0.000690,0.000275,0.000145,0.000300,0.000036,0.000013,0.000025,0.000121,0.000191,0.000397,0.000480,0.000732,0.000917,0.000972,0.000099,0.000193,0.000662,0.000549
14,,,,,,,,,,,,,0.001018,0.000018,0.000085,0.000072,0.000087,0.000078,0.000065,0.000073,0.000051,0.000058,0.000056,0.000043,0.000034,0.000026,0.000038,0.000034,0.000040,0.000045,0.000027,0.000015,0.000021,0.000028,0.000022,0.000042,0.000026,0.000069,0.000067,0.000142,0.000077,0.000106,0.000083,0.000085,0.000082,0.000071,0.000017,0.000073,0.000121,0.000199
15,,,,,,,,,,,,,0.001211,0.000010,0.000160,0.000120,0.000093,0.000069,0.000062,0.000049,0.000049,0.000068,0.000070,0.000073,0.000079,0.000063,0.000061,0.000042,0.000041,0.000051,0.000037,0.000027,0.000031,0.000052,0.000079,0.000008,0.000024,0.000010,0.000012,0.000125,0.000169,0.000189,0.000120,0.000098,0.000061,0.000132,0.000073,0.000127,0.000386,0.000216
16,,,,,,,,,,,,,0.002468,0.000005,0.000049,0.000067,0.000065,0.000069,0.000062,0.000054,0.000055,0.000049,0.000037,0.000034,0.000039,0.000034,0.000029,0.000016,0.000033,0.000087,0.000085,0.000025,0.000078,0.000046,0.000028,0.000049,0.000011,0.000012,0.000009,0.000011,0.000041,0.000058,0.000122,0.000119,0.000062,0.000095,0.000045,0.000095,0.000186,0.000271
17,,,,,,,,,,,,,0.000098,0.000044,0.000828,0.001042,0.001113,0.001118,0.001096,0.000799,0.000918,0.000751,0.000635,0.000615,0.000603,0.000482,0.000446,0.000385,0.000369,0.000343,0.000347,0.000089,0.000461,0.000204,0.000136,0.000420,0.000054,0.000024,0.000017,0.000111,0.000116,0.000136,0.000085,0.000081,0.000059,0.000048,0.000004,0.000009,0.000056,0.000056
18,,,,,,,,,,,,,0.000038,0.000005,0.000081,0.000082,0.000084,0.000098,0.000127,0.000107,0.000141,0.000116,0.000076,0.000080,0.000085,0.000079,0.000084,0.000069,0.000058,0.000052,0.000051,0.000020,0.000072,0.000063,0.000037,0.000169,0.000051,0.000078,0.000070,0.000073,0.000078,0.000090,0.000065,0.000056,0.000038,0.000045,0.000006,0.000013,0.000060,0.000068
19,,,,,,,,,,,,,-0.000098,0.000012,0.000214,0.000344,0.000445,0.000597,0.000510,0.000409,0.000363,0.000259,0.000217,0.000188,0.000171,0.000140,0.000116,0.000080,0.000087,0.000061,0.000077,0.000032,0.000113,0.000170,0.000132,0.000228,0.000045,0.000019,0.000027,0.000160,0.000243,0.000249,0.000190,0.000136,0.000115,0.000094,0.000019,0.000023,0.000102,0.000293
20,,,,,,,,,,,,,0.000210,0.000012,0.000074,0.000083,0.000127,0.000471,0.000679,0.000926,0.001214,0.001457,0.001503,0.001739,0.001988,0.001866,0.001753,0.001792,0.001791,0.001463,0.001307,0.000272,0.001008,0.000459,0.000228,0.000511,0.000077,0.000023,0.000024,0.000184,0.000379,0.000563,0.000585,0.000352,0.000245,0.000190,0.000009,0.000029,0.000155,0.000177
21,,,,,,,,,,,,,0.021512,0.000016,0.000179,0.000182,0.000232,0.000264,0.000191,0.000141,0.000160,0.000151,0.000113,0.000116,0.000110,0.000084,0.000090,0.000065,0.000056,0.000062,0.000059,0.000018,0.000035,0.000024,0.000016,0.000019,0.000007,0.000005,0.000010,0.000018,0.000020,0.000029,0.000035,0.000051,0.000074,0.000117,0.000026,0.000071,0.000189,0.000316
22,,,,,,,,,,,,,0.001852,0.000011,0.000179,0.000266,0.000287,0.000392,0.000395,0.000283,0.000289,0.000249,0.000212,0.000169,0.000187,0.000160,0.000153,0.000172,0.000141,0.000135,0.000101,0.000031,0.000061,0.000087,0.000076,0.000034,0.000021,0.000032,0.000026,0.000078,0.000103,0.000075,0.000158,0.000188,0.000074,0.000034,0.000019,0.000022,0.000113,0.000133
23,,,,,,,,,,,,,0.000127,0.000015,0.000280,0.000417,0.000522,0.000616,0.000683,0.000703,0.000568,0.000488,0.000421,0.000378,0.000377,0.000323,0.000304,0.000259,0.000231,0.000222,0.000206,0.000056,0.000205,0.000088,0.000063,0.000151,0.000025,0.000012,0.000029,0.000111,0.000119,0.000110,0.000091,0.000080,0.000052,0.000047,0.000004,0.000016,0.000117,0.000154
24,,,,,,,,,,,,,0.007274,0.000007,0.000118,0.000137,0.000131,0.000107,0.000087,0.000067,0.000053,0.000046,0.000060,0.000047,0.000046,0.000032,0.000040,0.000040,0.000042,0.000061,0.000135,0.000140,0.000188,0.000124,0.000088,0.000351,0.000076,0.000048,0.000074,0.000195,0.000302,0.000333,0.000211,0.000185,0.000125,0.000093,0.000008,0.000022,0.000034,0.000031
25,,,,,,,,,,,,,0.002266,0.000006,0.000090,0.000127,0.000134,0.000129,0.000110,0.000071,0.000068,0.000052,0.000041,0.000054,0.000050,0.000044,0.000047,0.000044,0.000044,0.000025,0.000022,0.000013,0.000017,0.000014,0.000016,0.000023,0.000009,0.000015,0.000005,0.000022,0.000025,0.000042,0.000071,0.000171,0.000256,0.000408,0.000058,0.000099,0.000320,0.000186
26,,,,,,,,,,,,,0.000106,0.000005,0.000125,0.000179,0.000156,0.000146,0.000150,0.000120,0.000106,0.000088,0.000056,0.000046,0.000049,0.000040,0.000038,0.000034,0.000036,0.000030,0.000005,0.000006,-0.000005,0.000022,0.000042,0.000278,0.000070,0.000070,0.000115,0.000172,0.000116,0.000140,0.000164,0.000091,0.000086,0.000042,0.000004,0.000010,0.000036,0.000068
27,,,,,,,,,,,,,0.003750,0.000005,0.000038,0.000057,0.000056,0.000052,0.000063,0.000056,0.000076,0.000076,0.000068,0.000062,0.000061,0.000051,0.000056,0.000046,0.000048,0.000050,0.000046,0.000023,0.000046,0.000029,0.000024,0.000063,0.000015,0.000008,0.000013,0.000027,0.000019,0.000030,0.000070,0.000160,0.000253,0.000372,0.000054,0.000089,0.000175,0.000189
28,,,,,,,,,,,,,0.000390,0.000002,0.000020,0.000021,0.000052,0.000243,0.000739,0.001410,0.001851,0.002181,0.002197,0.001908,0.002007,0.001639,0.001303,0.001070,0.000830,0.000700,0.000512,0.000088,0.000294,0.000111,0.000067,0.000120,0.000020,0.000009,0.000009,0.000046,0.000050,0.000050,0.000029,0.000025,0.000019,0.000024,0.000004,0.000012,0.000052,0.000081
29,,,,,,,,,,,,,0.000817,0.000004,0.000052,0.000054,0.000041,0.000044,0.000051,0.000043,0.000046,0.000048,0.000036,0.000026,0.000034,0.000035,0.000035,0.000024,0.000037,0.000031,0.000049,0.000059,0.000073,0.000316,0.000135,0.000068,0.000047,0.000049,0.000060,0.000091,0.000098,0.000077,0.000063,0.000036,0.000027,0.000027,0.000017,0.000038,0.000079,0.000074
30,,,,,,,,,,,,,0.025155,0.000006,0.000035,0.000031,0.000036,0.000048,0.000070,0.000094,0.000178,0.000246,0.000242,0.000239,0.000235,0.000236,0.000288,0.000312,0.000331,0.000321,0.000320,0.000080,0.000248,0.000088,0.000051,0.000099,0.000018,0.000011,0.000009,0.000021,0.000014,0.000018,0.000107,0.000224,0.000280,0.000263,0.000051,0.000084,0.000317,0.000338
31,,,,,,,,,,,,,0.004772,0.000005,0.000052,0.000053,0.000056,0.000067,0.000077,0.000073,0.000081,0.000065,0.000057,0.000066,0.000094,0.000103,0.000110,0.000107,0.000098,0.000082,0.000079,0.000151,0.000056,0.000032,0.000044,0.000047,0.000037,0.000022,0.000010,0.000030,0.000058,0.000109,0.000056,0.000035,0.000028,0.000034,0.000060,0.000072,0.000106,0.000171
32,,,,,,,,,,,,,-0.000088,0.000002,0.000032,0.000039,0.000066,0.000171,0.000451,0.000700,0.000861,0.001002,0.000976,0.000925,0.001069,0.001074,0.001073,0.001148,0.001183,0.001276,0.001328,0.000296,0.001306,0.000478,0.000273,0.000598,0.000068,0.000016,0.000019,0.000126,0.000112,0.000120,0.000067,0.000049,0.000038,0.000031,0.000004,0.000008,0.000029,0.000049
33,,,,,,,,,,,,,0.000223,0.000036,0.000353,0.000473,0.000446,0.000391,0.000335,0.000262,0.000318,0.000271,0.000233,0.000238,0.000232,0.000177,0.000206,0.000240,0.000286,0.000415,0.000571,0.000122,0.000465,0.000167,0.000103,0.000206,0.000035,0.000013,0.000027,0.000381,0.000298,0.000310,0.000203,0.000192,0.000148,0.000099,0.000016,0.000034,0.000143,0.000176
34,,,,,,,,,,,,,0.012578,0.000036,0.000403,0.000499,0.000498,0.000504,0.000497,0.000394,0.000440,0.000461,0.000385,0.000358,0.000352,0.000319,0.000320,0.000261,0.000226,0.000234,0.000200,0.000086,0.000166,0.000072,0.000061,0.000080,0.000033,0.000008,0.000005,0.000027,0.000020,0.000024,0.000015,0.000036,0.000052,0.000063,0.000007,0.000042,0.000437,0.000509
35,,,,,,,,,,,,,0.000194,0.000006,0.000094,0.000128,0.000125,0.000126,0.000226,0.000166,0.000128,0.000182,0.000133,0.000101,0.000129,0.000141,0.000143,0.000178,0.000163,0.000156,0.000121,0.000025,0.000071,0.000049,0.000050,0.000041,0.000022,0.000026,0.000021,0.000039,0.000067,0.000095,0.000052,0.000036,0.000038,0.000029,0.000011,0.000022,0.000317,0.000356
36,,,,,,,,,,,,,0.000169,0.000013,0.000201,0.000280,0.000300,0.000407,0.000563,0.000676,0.000952,0.001010,0.000883,0.000944,0.000965,0.000853,0.000810,0.000766,0.000665,0.000598,0.000465,0.000093,0.000344,0.000123,0.000061,0.000145,0.000019,0.000010,0.000011,0.000057,0.000084,0.000136,0.000127,0.000148,0.000155,0.000143,0.000012,0.000040,0.000252,0.000225
37,,,,,,,,,,,,,0.000073,0.000006,0.000087,0.000083,0.000088,0.000081,0.000077,0.000076,0.000110,0.000091,0.000087,0.000105,0.000178,0.000270,0.000436,0.000407,0.000405,0.000328,0.000233,0.000041,0.000122,0.000119,0.000108,0.000371,0.000051,0.000036,0.000106,0.000430,0.000426,0.000360,0.000226,0.000293,0.000188,0.000123,0.000017,0.000039,0.000148,0.000148
38,,,,,,,,,,,,,0.018472,0.000017,0.000156,0.000146,0.000137,0.000131,0.000082,0.000055,0.000057,0.000043,0.000036,0.000023,0.000013,0.000025,0.000032,0.000035,0.000060,0.000074,0.000073,0.000093,0.000067,0.000054,0.000032,0.000046,0.000027,0.000031,0.000057,0.000198,0.000170,0.000187,0.000152,0.000153,0.000130,0.000149,0.000054,0.000122,0.000405,0.000655
39,,,,,,,,,,,,,0.008923,0.000022,0.000297,0.000235,0.000220,0.000190,0.000179,0.000156,0.000156,0.000141,0.000101,0.000096,0.000091,0.000070,0.000077,0.000063,0.000037,0.000048,0.000048,0.000020,0.000026,0.000030,0.000024,0.000034,0.000012,0.000007,0.000014,0.000024,0.000019,0.000020,0.000016,0.000023,0.000031,0.000055,0.000119,0.000297,0.000477,0.000461
40,,,,,,,,,,,,,0.000003,0.000006,0.000043,0.000070,0.000120,0.000235,0.000293,0.000302,0.000314,0.000246,0.000165,0.000120,0.000110,0.000079,0.000042,0.000024,0.000017,0.000040,0.000030,0.000026,0.000097,0.000160,0.000175,0.000863,0.000155,0.000065,0.000082,0.000204,0.000189,0.000408,0.000290,0.000222,0.000136,0.000085,0.000009,0.000027,0.000141,0.000163
41,,,,,,,,,,,,,0.000517,0.000002,0.000042,0.000038,0.000049,0.000069,0.000069,0.000064,0.000058,0.000058,0.000052,0.000043,0.000041,0.000044,0.000058,0.000045,0.000029,0.000031,0.000044,0.000036,0.000207,0.000153,0.000168,0.000667,0.000105,0.000044,0.000038,0.000051,0.000059,0.000084,0.000039,0.000034,0.000020,0.000022,0.000004,0.000009,0.000028,0.000032
42,,,,,,,,,,,,,0.002838,0.000007,0.000078,0.000092,0.000091,0.000091,0.000073,0.000061,0.000066,0.000050,0.000043,0.000038,0.000033,0.000022,0.000017,0.000020,0.000017,0.000020,0.000019,0.000016,0.000032,0.000034,0.000030,0.000048,0.000013,0.000005,0.000010,0.000060,0.000141,0.000262,0.000255,0.000280,0.000292,0.000349,0.000051,0.000085,0.000175,0.000193
43,,,,,,,,,,,,,0.000822,0.000014,0.000375,0.000266,0.000234,0.000220,0.000147,0.000114,0.000128,0.000161,0.000197,0.000275,0.000398,0.000449,0.000427,0.000352,0.000289,0.000309,0.000252,0.000048,0.000178,0.000069,0.000078,0.000159,0.000023,0.000014,0.000014,0.000068,0.000121,0.000140,0.000121,0.000179,0.000180,0.000189,0.000023,0.000026,0.000110,0.000230
44,,,,,,,,,,,,,0.000328,0.000003,0.000062,0.000072,0.000072,0.000077,0.000086,0.000075,0.000096,0.000105,0.000095,0.000097,0.000111,0.000123,0.000135,0.000118,0.000126,0.000140,0.000160,0.000055,0.000230,0.000108,0.000086,0.000240,0.000064,0.000015,0.000031,0.000350,0.000411,0.000539,0.000382,0.000294,0.000234,0.000238,0.000016,0.000025,0.000062,0.000050
45,,,,,,,,,,,,,0.002928,0.000011,0.000185,0.000229,0.000321,0.000332,0.000326,0.000220,0.000252,0.000200,0.000165,0.000159,0.000186,0.000172,0.000181,0.000183,0.000168,0.000137,0.000102,0.000027,0.000059,0.000074,0.000042,0.000037,0.000019,0.000005,0.000008,0.000042,0.000113,0.000060,0.000051,0.000086,0.000070,0.000231,0.000072,0.000147,0.000160,0.000257
46,,,,,,,,,,,,,0.018582,0.000009,0.000090,0.000131,0.000225,0.000344,0.000344,0.000271,0.000300,0.000239,0.000175,0.000135,0.000116,0.000082,0.000045,0.000035,0.000025,0.000027,0.000016,0.000015,0.000011,0.000027,0.000017,0.000044,0.000015,0.000015,0.000042,0.000075,0.000072,0.000068,0.000069,0.000098,0.000170,0.000292,0.000079,0.000134,0.000392,0.000549
47,,,,,,,,,,,,,0.000295,0.000002,0.000022,0.000028,0.000046,0.000094,0.000164,0.000227,0.000277,0.000277,0.000326,0.000326,0.000412,0.000452,0.000525,0.000611,0.000665,0.000746,0.000815,0.000218,0.000831,0.000263,0.000154,0.000413,0.000097,0.000025,0.000022,0.000068,0.000060,0.000084,0.000065,0.000052,0.000035,0.000034,0.000011,0.000017,0.000042,0.000035
48,,,,,,,,,,,,,0.000429,0.000002,0.000017,0.000037,0.000078,0.000145,0.000164,0.000134,0.000129,0.000099,0.000062,0.000061,0.000047,0.000041,0.000030,0.000030,0.000018,0.000031,0.000029,0.000040,0.000032,0.000029,0.000037,0.000029,0.000018,0.000007,0.000012,0.000042,0.000100,0.000290,0.000344,0.000396,0.000372,0.000301,0.000020,0.000028,0.000095,0.000062
49,,,,,,,,,,,,,0.000376,0.000002,0.000020,0.000031,0.000042,0.000024,0.000022,0.000024,0.000025,0.000024,0.000021,0.000039,0.000101,0.000230,0.000371,0.000405,0.000487,0.000509,0.000500,0.000102,0.000352,0.000127,0.000077,0.000199,0.000050,0.000040,0.000031,0.000056,0.000056,0.000069,0.000060,0.000056,0.000043,0.000047,0.000010,0.000025,0.000050,0.000077
50,,,,,,,,,,,,,0.014377,0.000006,0.000217,0.000221,0.000200,0.000184,0.000144,0.000091,0.000084,0.000081,0.000065,0.000052,0.000046,0.000040,0.000033,0.000010,0.000020,0.000026,0.000035,0.000030,0.000085,0.000042,0.000026,0.000069,0.000018,0.000026,0.000064,0.000123,0.000149,0.000143,0.000111,0.000184,0.000192,0.000142,0.000024,0.000031,0.000085,0.000162
51,,,,,,,,,,,,,0.003389,0.000004,0.000058,0.000073,0.000092,0.000094,0.000068,0.000041,0.000060,0.000059,0.000056,0.000041,0.000061,0.000056,0.000048,0.000076,0.000167,0.000349,0.000666,0.000172,0.000972,0.000423,0.000297,0.000828,0.000136,0.000028,0.000034,0.000222,0.000288,0.000271,0.000182,0.000166,0.000126,0.000093,0.000013,0.000029,0.000047,0.000055
52,,,,,,,,,,,,,0.000996,0.000004,0.000090,0.000096,0.000082,0.000100,0.000102,0.000088,0.000187,0.000211,0.000424,0.000361,0.000555,0.000633,0.000746,0.000876,0.001084,0.001309,0.001455,0.000418,0.001169,0.000331,0.000174,0.000377,0.000042,0.000009,0.000011,0.000055,0.000063,0.000075,0.000048,0.000056,0.000055,0.000078,0.000015,0.000026,0.000262,0.000102
53,,,,,,,,,,,,,0.001015,0.000007,0.000073,0.000100,0.000141,0.000153,0.000245,0.000144,0.000093,0.000111,0.000064,0.000042,0.000038,0.000029,0.000056,0.000070,0.000107,0.000168,0.000203,0.000150,0.000154,0.000122,0.000092,0.000067,0.000016,0.000030,0.000037,0.000060,0.000046,0.000052,0.000198,0.000116,0.000117,0.000110,0.000017,0.000025,0.000104,0.000113
54,,,,,,,,,,,,,-0.000097,0.000007,0.000061,0.000081,0.000082,0.000093,0.000079,0.000047,0.000042,0.000047,0.000017,0.000013,0.000003,0.000011,0.000060,0.000138,0.000339,0.000579,0.000813,0.000396,0.001162,0.000515,0.000309,0.000816,0.000167,0.000042,0.000033,0.000272,0.000253,0.000303,0.000183,0.000146,0.000099,0.000071,0.000014,0.000048,0.000152,0.000146
55,,,,,,,,,,,,,0.000124,0.000003,0.000030,0.000031,0.000035,0.000029,0.000027,0.000023,0.000021,0.000011,0.000012,0.000011,0.000004,0.000015,0.000015,0.000075,0.000043,0.000043,0.000053,0.000163,0.000073,0.000163,0.000137,0.000072,0.000068,0.000013,0.000026,0.000064,0.000100,0.000160,0.000114,0.000078,0.000064,0.000043,0.000017,0.000026,0.000061,0.000109
56,,,,,,,,,,,,,0.009536,0.000006,0.000059,0.000031,0.000038,0.000040,0.000056,0.000045,0.000039,0.000027,0.000024,0.000034,0.000023,0.000014,0.000025,0.000018,0.000024,0.000049,0.000064,0.000064,0.000072,0.000033,0.000037,0.000081,0.000024,0.000016,0.000020,0.000087,0.000090,0.000105,0.000153,0.000266,0.000394,0.000543,0.000066,0.000132,0.000158,0.000259
57,,,,,,,,,,,,,0.007751,0.000007,0.000044,0.000049,0.000047,0.000047,0.000055,0.000055,0.000068,0.000053,0.000053,0.000037,0.000042,0.000033,0.000029,0.000022,0.000028,0.000025,0.000018,0.000012,0.000027,0.000015,0.000016,0.000020,0.000011,0.000007,0.000010,0.000093,0.000147,0.000255,0.000222,0.000216,0.000196,0.000187,0.000037,0.000079,0.000255,0.000344
58,,,,,,,,,,,,,0.000210,0.000010,0.000090,0.000095,0.000085,0.000090,0.000087,0.000067,0.000097,0.000103,0.000093,0.000111,0.000133,0.000099,0.000082,0.000041,0.000031,0.000026,0.000037,0.000034,0.000169,0.000124,0.000123,0.000499,0.000138,0.000024,0.000037,0.000331,0.000499,0.000732,0.000493,0.000349,0.000209,0.000152,0.000011,0.000051,0.000327,0.000290
59,,,,,,,,,,,,,0.000639,0.000022,0.000304,0.000321,0.000304,0.000268,0.000235,0.000162,0.000185,0.000152,0.000165,0.000149,0.000174,0.000192,0.000231,0.000184,0.000150,0.000136,0.000124,0.000086,0.000169,0.000089,0.000107,0.000283,0.000092,0.000025,0.000025,0.000217,0.000248,0.000316,0.000239,0.000266,0.000225,0.000177,0.000018,0.000057,0.000123,0.000144
60,,,,,,,,,,,,,0.000714,0.000006,0.000089,0.000138,0.000134,0.000118,0.000102,0.000076,0.000096,0.000094,0.000120,0.000120,0.000176,0.000158,0.000188,0.000134,0.000133,0.000112,0.000116,0.000066,0.000154,0.000053,0.000030,0.000057,0.000017,0.000034,0.000022,0.000055,0.000121,0.000226,0.000346,0.000281,0.000286,0.000231,0.000024,0.000043,0.000068,0.000074
61,,,,,,,,,,,,,0.000301,0.000009,0.000244,0.000300,0.000255,0.000232,0.000216,0.000148,0.000136,0.000113,0.000085,0.000073,0.000072,0.000086,0.000082,0.000055,0.000060,0.000070,0.000056,0.000040,0.000072,0.000054,0.000048,0.000153,0.000076,0.000022,0.000046,0.000484,0.000430,0.000516,0.000331,0.000265,0.000199,0.000151,0.000010,0.000016,0.000046,0.000047
62,,,,,,,,,,,,,0.000429,0.000006,0.000207,0.000424,0.000464,0.000538,0.000534,0.000470,0.000424,0.000340,0.000258,0.000200,0.000205,0.000161,0.000156,0.000106,0.000072,0.000062,0.000054,0.000024,0.000033,0.000024,0.000019,0.000077,0.000037,0.000029,0.000060,0.000063,0.000048,0.000045,0.000034,0.000021,0.000014,0.000024,0.000020,0.000055,0.000040,0.000049
63,,,,,,,,,,,,,0.000773,0.000009,0.000119,0.000128,0.000106,0.000108,0.000142,0.000159,0.000189,0.000124,0.000101,0.000132,0.000203,0.000228,0.000266,0.000203,0.000146,0.000118,0.000071,0.000022,0.000090,0.000070,0.000054,0.000177,0.000064,0.000055,0.000084,0.000213,0.000173,0.000211,0.000204,0.000120,0.000077,0.000039,0.000007,0.000018,0.000079,0.000104
64,,,,,,,,,,,,,0.000051,0.000011,0.000272,0.000427,0.000457,0.000455,0.000408,0.000268,0.000263,0.000220,0.000160,0.000127,0.000132,0.000107,0.000083,0.000069,0.000060,0.000090,0.000042,0.000023,0.000074,0.000143,0.000223,0.000973,0.000116,0.000034,0.000027,0.000048,0.000055,0.000067,0.000054,0.000047,0.000045,0.000094,0.000021,0.000075,0.000060,0.000135
65,,,,,,,,,,,,,0.000371,0.000003,0.000137,0.000117,0.000120,0.000161,0.000097,0.000069,0.000071,0.000078,0.000059,0.000037,0.000047,0.000073,0.000087,0.000061,0.000044,0.000047,0.000046,0.000130,0.000084,0.000182,0.000141,0.000136,0.000031,0.000033,0.000039,0.000098,0.000100,0.000099,0.000095,0.000060,0.000104,0.000069,0.000017,0.000029,0.000101,0.000345
66,,,,,,,,,,,,,0.000012,0.000006,0.000068,0.000062,0.000056,0.000044,0.000045,0.000038,0.000055,0.000078,0.000111,0.000090,0.000075,0.000053,0.000055,0.000053,0.000061,0.000037,0.000029,0.000016,0.000024,0.000021,0.000032,0.000169,0.000050,0.000038,0.000085,0.000242,0.000361,0.000584,0.000377,0.000255,0.000168,0.000116,0.000009,0.000022,0.000044,0.000057
67,,,,,,,,,,,,,0.011761,0.000007,0.000082,0.000111,0.000120,0.000105,0.000092,0.000063,0.000067,0.000073,0.000079,0.000092,0.000122,0.000106,0.000115,0.000084,0.000075,0.000062,0.000052,0.000023,0.000047,0.000036,0.000023,0.000033,0.000008,0.000003,0.000005,0.000025,0.000031,0.000035,0.000028,0.000039,0.000068,0.000141,0.000034,0.000098,0.000390,0.000763
68,,,,,,,,,,,,,0.000942,0.000002,0.000053,0.000039,0.000039,0.000049,0.000063,0.000084,0.000078,0.000060,0.000040,0.000038,0.000043,0.000038,0.000054,0.000048,0.000044,0.000049,0.000058,0.000022,0.000039,0.000050,0.000035,0.000022,0.000038,0.000019,0.000014,0.000048,0.000076,0.000067,0.000042,0.000036,0.000038,0.000030,0.000008,0.000025,0.000050,0.000203
69,,,,,,,,,,,,,0.000797,0.000005,0.000050,0.000054,0.000070,0.000063,0.000069,0.000064,0.000074,0.000060,0.000050,0.000043,0.000036,0.000028,0.000025,0.000020,0.000024,0.000022,0.000026,0.000023,0.000035,0.000027,0.000021,0.000021,0.000016,0.000009,0.000010,0.000070,0.000178,0.000194,0.000127,0.000095,0.000072,0.000189,0.000010,0.000029,0.000070,0.000095
70,,,,,,,,,,,,,0.000052,0.000002,0.000047,0.000125,0.000214,0.000463,0.000706,0.000746,0.001188,0.001428,0.001536,0.001570,0.001630,0.001335,0.001189,0.000966,0.000838,0.000735,0.000548,0.000114,0.000314,0.000130,0.000139,0.000128,0.000016,0.000007,0.000008,0.000032,0.000051,0.000038,0.000024,0.000060,0.000093,0.000032,0.000009,0.000034,0.000042,0.000042
71,,,,,,,,,,,,,0.000709,0.000001,0.000012,0.000018,0.000020,0.000024,0.000040,0.000054,0.000049,0.000076,0.000094,0.000075,0.000063,0.000054,0.000050,0.000044,0.000029,0.000071,0.000035,0.000057,0.000041,0.000028,0.000047,0.000033,0.000011,0.000007,0.000008,0.000023,0.000020,0.000029,0.000039,0.000033,0.000025,0.000019,0.000007,0.000016,0.000033,0.000026
72,,,,,,,,,,,,,0.000490,0.000010,0.000178,0.000165,0.000154,0.000165,0.000152,0.000114,0.000101,0.000085,0.000064,0.000041,0.000039,0.000042,0.000036,0.000019,0.000034,0.000056,0.000100,0.000036,0.000113,0.000060,0.000063,0.000278,0.000054,0.000028,0.000043,0.000222,0.000397,0.000638,0.000553,0.000527,0.000463,0.000342,0.000020,0.000023,0.000041,0.000088
73,,,,,,,,,,,,,0.010184,0.000007,0.000056,0.000043,0.000040,0.000052,0.000065,0.000148,0.000107,0.000136,0.000091,0.000051,0.000047,0.000027,0.000023,0.000017,0.000027,0.000056,0.000080,0.000031,0.000139,0.000073,0.000047,0.000120,0.000066,0.000020,0.000033,0.000130,0.000130,0.000135,0.000069,0.000055,0.000061,0.000113,0.000051,0.000106,0.000288,0.000354
74,,,,,,,,,,,,,-0.000017,0.000003,0.000024,0.000044,0.000057,0.000050,0.000044,0.000048,0.000061,0.000054,0.000074,0.000113,0.000161,0.000168,0.000161,0.000182,0.000184,0.000196,0.000211,0.000085,0.000413,0.000193,0.000146,0.000315,0.000050,0.000035,0.000027,0.000141,0.000071,0.000093,0.000296,0.000186,0.000097,0.000089,0.000006,0.000017,0.000072,0.000065
75,,,,,,,,,,,,,0.000792,0.000002,0.000037,0.000030,0.000020,0.000023,0.000023,0.000020,0.000021,0.000026,0.000021,0.000016,0.000018,0.000036,0.000084,0.000098,0.000110,0.000123,0.000135,0.000038,0.000106,0.000039,0.000030,0.000060,0.000012,0.000007,0.000011,0.000035,0.000075,0.000199,0.000245,0.000298,0.000396,0.000428,0.000033,0.000045,0.000063,0.000096
76,,,,,,,,,,,,,0.000009,0.000008,0.000089,0.000117,0.000101,0.000118,0.000205,0.000225,0.000172,0.000151,0.000106,0.000089,0.000070,0.000066,0.000065,0.000079,0.000121,0.000228,0.000472,0.000186,0.000743,0.000320,0.000192,0.000487,0.000057,0.000024,0.000025,0.000036,0.000100,0.000102,0.000077,0.000053,0.000044,0.000052,0.000011,0.000033,0.000304,0.000290
77,,,,,,,,,,,,,-0.000001,0.000005,0.000107,0.000142,0.000217,0.000327,0.000390,0.000281,0.000260,0.000158,0.000111,0.000095,0.000082,0.000070,0.000068,0.000065,0.000060,0.000071,0.000054,0.000041,0.000149,0.000136,0.000082,0.000192,0.000034,0.000057,0.000066,0.000103,0.000234,0.000259,0.000162,0.000115,0.000077,0.000057,0.000005,0.000015,0.000187,0.000191
78,,,,,,,,,,,,,0.000076,0.000003,0.000029,0.000025,0.000032,0.000035,0.000058,0.000122,0.000148,0.000197,0.000166,0.000121,0.000099,0.000084,0.000076,0.000075,0.000060,0.000067,0.000048,0.000031,0.000042,0.000032,0.000018,0.000022,0.000007,0.000008,0.000014,0.000023,0.000028,0.000047,0.000044,0.000043,0.000033,0.000024,0.000009,0.000031,0.000071,0.000099
79,,,,,,,,,,,,,0.000374,0.000025,0.000513,0.000719,0.000765,0.000845,0.000764,0.000536,0.000592,0.000445,0.000327,0.000316,0.000286,0.000234,0.000202,0.000163,0.000144,0.000107,0.000081,0.000031,0.000062,0.000037,0.000030,0.000043,0.000014,0.000006,0.000007,0.000032,0.000019,0.000031,0.000025,0.000029,0.000027,0.000020,0.000005,0.000014,0.000034,0.000047
80,,,,,,,,,,,,,0.000147,0.000011,0.000087,0.000112,0.000102,0.000104,0.000115,0.000070,0.000059,0.000049,0.000037,0.000036,0.000027,0.000026,0.000032,0.000032,0.000051,0.000053,0.000037,0.000013,0.000005,0.000024,0.000047,0.000252,0.000066,0.000043,0.000084,0.000096,0.000076,0.000079,0.000055,0.000052,0.000049,0.000028,0.000004,0.000011,0.000138,0.000191
81,,,,,,,,,,,,,0.001337,0.000014,0.000112,0.000116,0.000136,0.000121,0.000124,0.000115,0.000133,0.000128,0.000127,0.000110,0.000124,0.000103,0.000096,0.000087,0.000065,0.000052,0.000032,0.000072,0.000051,0.000083,0.000075,0.000033,0.000014,0.000022,0.000014,0.000076,0.000148,0.000187,0.000156,0.000170,0.000223,0.000253,0.000087,0.000222,0.000353,0.000320
82,,,,,,,,,,,,,0.001275,0.000006,0.000110,0.000161,0.000245,0.000459,0.000639,0.000753,0.000928,0.000945,0.000908,0.000801,0.000751,0.000585,0.000476,0.000376,0.000340,0.000276,0.000192,0.000049,0.000134,0.000121,0.000154,0.000112,0.000043,0.000010,0.000011,0.000030,0.000075,0.000164,0.000123,0.000202,0.000099,0.000090,0.000022,0.000064,0.000145,0.000122
83,,,,,,,,,,,,,0.001711,0.000003,0.000060,0.000057,0.000045,0.000034,0.000024,0.000019,0.000011,0.000011,-0.000005,0.000003,0.000014,0.000024,0.000049,0.000073,0.000117,0.000222,0.000381,0.000148,0.000579,0.000247,0.000162,0.000526,0.000101,0.000025,0.000034,0.000177,0.000213,0.000248,0.000226,0.000236,0.000250,0.000193,0.000025,0.000038,0.000075,0.000071
84,,,,,,,,,,,,,0.000815,0.000007,0.000093,0.000131,0.000132,0.000119,0.000125,0.000090,0.000065,0.000062,0.000033,0.000024,0.000025,0.000021,0.000017,0.000015,0.000076,0.000054,0.000033,0.000074,0.000046,0.000047,0.000035,0.000042,0.000019,0.000018,0.000052,0.000226,0.000318,0.000241,0.000220,0.000228,0.000247,0.000206,0.000047,0.000071,0.000307,0.000242
85,,,,,,,,,,,,,0.008407,0.000006,0.000322,0.000210,0.000164,0.000167,0.000102,0.000076,0.000078,0.000085,0.000055,0.000047,0.000053,0.000043,0.000024,0.000017,0.000025,0.000036,0.000026,0.000014,0.000042,0.000156,0.000154,0.000034,0.000061,0.000020,0.000035,0.000075,0.000064,0.000075,0.000162,0.000129,0.000177,0.000254,0.000048,0.000093,0.000182,0.000212
86,,,,,,,,,,,,,0.000118,0.000008,0.000146,0.000141,0.000134,0.000121,0.000125,0.000086,0.000084,0.000063,0.000067,0.000067,0.000070,0.000056,0.000038,0.000031,0.000028,0.000044,0.000043,0.000072,0.000140,0.000097,0.000092,0.000272,0.000044,0.000031,0.000033,0.000054,0.000071,0.000123,0.000162,0.000170,0.000252,0.000206,0.000027,0.000040,0.000333,0.000282
87,,,,,,,,,,,,,0.000269,0.000004,0.000053,0.000063,0.000069,0.000075,0.000076,0.000075,0.000121,0.000222,0.000496,0.000391,0.000604,0.000715,0.000897,0.000904,0.001053,0.001074,0.001162,0.000315,0.000902,0.000246,0.000123,0.000296,0.000036,0.000009,0.000009,0.000032,0.000044,0.000057,0.000042,0.000033,0.000029,0.000022,0.000010,0.000015,0.000056,0.000105
88,,,,,,,,,,,,,0.001380,0.000006,0.000166,0.000198,0.000157,0.000140,0.000132,0.000105,0.000114,0.000114,0.000111,0.000100,0.000098,0.000097,0.000099,0.000086,0.000094,0.000100,0.000133,0.000123,0.000252,0.000144,0.000077,0.000099,0.000022,0.000007,0.000012,0.000047,0.000091,0.000106,0.000102,0.000096,0.000096,0.000219,0.000009,0.000021,0.000050,0.000072
89,,,,,,,,,,,,,0.001432,0.000016,0.000298,0.000321,0.000260,0.000227,0.000227,0.000176,0.000163,0.000134,0.000136,0.000115,0.000126,0.000132,0.000115,0.000109,0.000095,0.000092,0.000060,0.000026,0.000027,0.000032,0.000050,0.000318,0.000075,0.000026,0.000029,0.000051,0.000032,0.000048,0.000065,0.000129,0.000179,0.000201,0.000021,0.000029,0.000042,0.000037
90,,,,,,,,,,,,,0.006370,0.000004,0.000042,0.000055,0.000065,0.000090,0.000156,0.000230,0.000468,0.000660,0.000696,0.000769,0.000762,0.000770,0.000913,0.000993,0.001057,0.001068,0.001032,0.000227,0.000749,0.000221,0.000116,0.000250,0.000030,0.000015,0.000008,0.000038,0.000023,0.000034,0.000046,0.000078,0.000098,0.000078,0.000011,0.000023,0.000103,0.000127
91,,,,,,,,,,,,,0.005997,0.000009,0.000111,0.000089,0.000081,0.000079,0.000063,0.000039,0.000044,0.000044,0.000051,0.000073,0.000075,0.000053,0.000042,0.000050,0.000054,0.000068,0.000081,0.000049,0.000147,0.000077,0.000066,0.000111,0.000033,0.000015,0.000032,0.000099,0.000085,0.000065,0.000062,0.000058,0.000040,0.000024,0.000018,0.000023,0.000065,0.000065
92,,,,,,,,,,,,,0.000363,0.000036,0.000440,0.000506,0.000549,0.000526,0.000475,0.000377,0.000348,0.000305,0.000228,0.000198,0.000202,0.000151,0.000111,0.000091,0.000081,0.000093,0.000085,0.000025,0.000056,0.000034,0.000026,0.000039,0.000017,0.000009,0.000011,0.000055,0.000072,0.000070,0.000080,0.000079,0.000054,0.000042,0.000005,0.000017,0.000062,0.000059
93,,,,,,,,,,,,,0.000311,0.000010,0.000086,0.000092,0.000104,0.000095,0.000082,0.000064,0.000068,0.000060,0.000054,0.000074,0.000093,0.000101,0.000134,0.000167,0.000249,0.000376,0.000318,0.000124,0.000235,0.000110,0.000096,0.000135,0.000028,0.000007,0.000010,0.000023,0.000021,0.000032,0.000037,0.000042,0.000047,0.000046,0.000040,0.000053,0.000202,0.000196
94,,,,,,,,,,,,,0.000236,0.000004,0.000096,0.000103,0.000103,0.000115,0.000102,0.000088,0.000095,0.000098,0.000081,0.000068,0.000064,0.000077,0.000118,0.000161,0.000233,0.000318,0.000403,0.000229,0.000340,0.000148,0.000121,0.000093,0.000086,0.000025,0.000027,0.000064,0.000086,0.000061,0.000037,0.000093,0.000039,0.000174,0.000013,0.000074,0.000046,0.000045
95,,,,,,,,,,,,,0.004470,0.000005,0.000103,0.000146,0.000147,0.000145,0.000124,0.000094,0.000100,0.000094,0.000082,0.000080,0.000072,0.000053,0.000073,0.000095,0.000099,0.000130,0.000136,0.000032,0.000097,0.000048,0.000026,0.000043,0.000011,0.000004,0.000006,0.000084,0.000162,0.000293,0.000310,0.000364,0.000391,0.000390,0.000035,0.000061,0.000082,0.000105
96,,,,,,,,,,,,,0.000631,0.000036,0.000505,0.000467,0.000406,0.000359,0.000297,0.000223,0.000236,0.000183,0.000143,0.000146,0.000123,0.000098,0.000102,0.000079,0.000066,0.000063,0.000060,0.000024,0.000063,0.000036,0.000025,0.000034,0.000011,0.000005,0.000007,0.000032,0.000024,0.000031,0.000061,0.000146,0.000253,0.000258,0.000014,0.000047,0.000250,0.000209
97,,,,,,,,,,,,,0.000698,0.000005,0.000060,0.000058,0.000057,0.000039,0.000035,0.000051,0.000072,0.000102,0.000168,0.000326,0.000655,0.000835,0.001157,0.001309,0.001252,0.001072,0.000939,0.000175,0.000701,0.000255,0.000139,0.000274,0.000036,0.000012,0.000014,0.000069,0.000081,0.000117,0.000070,0.000052,0.000033,0.000027,0.000004,0.000013,0.000056,0.000088
98,,,,,,,,,,,,,0.019386,0.000008,0.000100,0.000092,0.000081,0.000078,0.000102,0.000055,0.000038,0.000037,0.000022,0.000024,0.000024,0.000022,0.000032,0.000036,0.000028,0.000041,0.000033,0.000064,0.000046,0.000241,0.000128,0.000022,0.000039,0.000022,0.000025,0.000053,0.000090,0.000085,0.000052,0.000054,0.000053,0.000067,0.000032,0.000052,0.000153,0.000269
99,,,,,,,,,,,,,0.001220,0.000006,0.000040,0.000062,0.000090,0.000115,0.000117,0.000088,0.000088,0.000059,0.000056,0.000038,0.000036,0.000035,0.000064,0.000076,0.000077,0.000103,0.000107,0.000027,0.000040,0.000061,0.000035,0.000030,0.000015,0.000027,0.000029,0.000046,0.000036,0.000080,0.000134,0.000194,0.000257,0.000308,0.000058,0.000093,0.000173,0.000165
100,,,,,,,,,,,,,0.000679,0.000028,0.000602,0.000730,0.000606,0.000533,0.000507,0.000490,0.000329,0.000256,0.000192,0.000172,0.000160,0.000113,0.000100,0.000069,0.000067,0.000049,0.000036,0.000022,0.000038,0.000021,0.000019,0.000017,0.000016,0.000021,0.000019,0.000054,0.000140,0.000141,0.000103,0.000082,0.000071,0.000058,0.000009,0.000024,0.000040,0.000094
101,,,,,,,,,,,,,-0.000057,0.000006,0.000077,0.000100,0.000079,0.000072,0.000095,0.000081,0.000091,0.000077,0.000078,0.000067,0.000078,0.000068,0.000066,0.000042,0.000058,0.000085,0.000112,0.000070,0.000518,0.000329,0.000192,0.000419,0.000047,0.000018,0.000057,0.000082,0.000092,0.000145,0.000114,0.000100,0.000090,0.000097,0.000015,0.000018,0.000066,0.000100
102,,,,,,,,,,,,,0.000278,0.000001,0.000021,0.000023,0.000022,0.000026,0.000036,0.000031,0.000034,0.000038,0.000038,0.000038,0.000039,0.000029,0.000029,0.000028,0.000027,0.000029,0.000034,0.000019,0.000047,0.000034,0.000021,0.000030,0.000011,0.000006,0.000006,0.000019,0.000023,0.000033,0.000027,0.000020,0.000022,0.000019,0.000003,0.000007,0.000033,0.000029
103,,,,,,,,,,,,,0.000876,0.000050,0.000565,0.000692,0.000616,0.000576,0.000482,0.000345,0.000347,0.000300,0.000246,0.000211,0.000197,0.000154,0.000151,0.000123,0.000098,0.000089,0.000090,0.000038,0.000104,0.000043,0.000032,0.000050,0.000014,0.000007,0.000010,0.000036,0.000030,0.000032,0.000017,0.000042,0.000025,0.000016,0.000006,0.000012,0.000047,0.000082
104,,,,,,,,,,,,,0.000902,0.000003,0.000044,0.000104,0.000375,0.000974,0.001480,0.001591,0.001883,0.002156,0.001730,0.001195,0.001003,0.000650,0.000486,0.000366,0.000257,0.000239,0.000163,0.000043,0.000132,0.000053,0.000035,0.000064,0.000017,0.000007,0.000009,0.000046,0.000078,0.000087,0.000077,0.000081,0.000075,0.000072,0.000007,0.000012,0.000040,0.000039
105,,,,,,,,,,,,,0.000219,0.000006,0.000089,0.000112,0.000112,0.000126,0.000165,0.000148,0.000193,0.000184,0.000151,0.000140,0.000129,0.000114,0.000112,0.000116,0.000106,0.000118,0.000119,0.000033,0.000110,0.000048,0.000029,0.000065,0.000018,0.000019,0.000023,0.000058,0.000064,0.000085,0.000053,0.000054,0.000061,0.000038,0.000004,0.000013,0.000059,0.000064
106,,,,,,,,,,,,,0.023197,0.000005,0.000027,0.000039,0.000055,0.000057,0.000056,0.000046,0.000052,0.000052,0.000030,0.000021,0.000018,0.000023,0.000029,0.000022,0.000026,0.000031,0.000027,0.000192,0.000043,0.000033,0.000020,0.000038,0.000027,0.000019,0.000024,0.000056,0.000083,0.000112,0.000144,0.000156,0.000235,0.000373,0.000053,0.000094,0.000126,0.000197
107,,,,,,,,,,,,,0.000801,0.000022,0.000579,0.001161,0.001586,0.001860,0.001887,0.001465,0.001496,0.001204,0.000893,0.000826,0.000794,0.000627,0.000529,0.000426,0.000355,0.000317,0.000264,0.000061,0.000169,0.000062,0.000045,0.000082,0.000018,0.000006,0.000005,0.000024,0.000025,0.000032,0.000023,0.000034,0.000027,0.000026,0.000004,0.000017,0.000109,0.000146
108,,,,,,,,,,,,,0.000344,0.000011,0.000179,0.000211,0.000208,0.000209,0.000264,0.000275,0.000363,0.000457,0.000509,0.000632,0.000807,0.000885,0.000953,0.000899,0.000860,0.000804,0.000691,0.000184,0.000431,0.000187,0.000171,0.000190,0.000047,0.000015,0.000011,0.000037,0.000059,0.000087,0.000081,0.000055,0.000075,0.000127,0.000015,0.000032,0.000150,0.000138
109,,,,,,,,,,,,,0.001456,0.000030,0.000554,0.000623,0.000679,0.000721,0.000772,0.000632,0.000674,0.000549,0.000533,0.000410,0.000392,0.000306,0.000313,0.000247,0.000213,0.000183,0.000167,0.000038,0.000096,0.000043,0.000037,0.000064,0.000014,0.000006,0.000006,0.000026,0.000026,0.000046,0.000044,0.000065,0.000070,0.000081,0.000006,0.000013,0.000039,0.000063
110,,,,,,,,,,,,,0.003158,0.000010,0.000115,0.000109,0.000104,0.000101,0.000137,0.000088,0.000074,0.000070,0.000042,0.000022,0.000022,0.000022,0.000029,0.000036,0.000057,0.000139,0.000202,0.000140,0.000186,0.000078,0.000066,0.000149,0.000027,0.000020,0.000024,0.000154,0.000109,0.000125,0.000181,0.000269,0.000414,0.000424,0.000045,0.000064,0.000157,0.000202
111,,,,,,,,,,,,,0.000378,0.000015,0.000216,0.000240,0.000234,0.000197,0.000213,0.000161,0.000180,0.000175,0.000132,0.000119,0.000153,0.000199,0.000262,0.000281,0.000334,0.000293,0.000310,0.000082,0.000279,0.000099,0.000063,0.000121,0.000152,0.000011,0.000014,0.000154,0.000178,0.000219,0.000155,0.000119,0.000095,0.000059,0.000007,0.000014,0.000039,0.000040
112,,,,,,,,,,,,,-0.000061,0.000003,0.000037,0.000066,0.000144,0.000359,0.000709,0.000968,0.001354,0.001320,0.001101,0.001023,0.000992,0.000843,0.000617,0.000496,0.000415,0.000321,0.000259,0.000057,0.000195,0.000093,0.000064,0.000134,0.000021,0.000006,0.000007,0.000047,0.000046,0.000074,0.000062,0.000062,0.000060,0.000070,0.000005,0.000011,0.000034,0.000034
113,,,,,,,,,,,,,0.001575,0.000002,0.000051,0.000069,0.000076,0.000064,0.000053,0.000051,0.000045,0.000049,0.000046,0.000046,0.000057,0.000054,0.000042,0.000043,0.000039,0.000024,0.000026,0.000029,0.000026,0.000022,0.000018,0.000036,0.000014,0.000005,0.000007,0.000060,0.000163,0.000327,0.000290,0.000266,0.000237,0.000206,0.000021,0.000034,0.000053,0.000045
114,,,,,,,,,,,,,-0.000088,0.000044,0.000546,0.000618,0.000492,0.000439,0.000438,0.000321,0.000325,0.000286,0.000224,0.000229,0.000237,0.000220,0.000224,0.000253,0.000323,0.000406,0.000525,0.000124,0.000398,0.000130,0.000071,0.000201,0.000035,0.000009,0.000015,0.000041,0.000081,0.000148,0.000120,0.000124,0.000150,0.000182,0.000012,0.000043,0.000409,0.000491
115,,,,,,,,,,,,,0.000325,0.000002,0.000037,0.000036,0.000035,0.000023,0.000015,0.000007,0.000013,0.000035,0.000031,0.000035,0.000042,0.000041,0.000035,0.000041,0.000037,0.000030,0.000039,0.000016,0.000031,0.000023,0.000024,0.000017,0.000025,0.000010,0.000013,0.000140,0.000051,0.000047,0.000037,0.000028,0.000031,0.000029,0.000005,0.000011,0.000041,0.000047
116,,,,,,,,,,,,,0.001436,0.000005,0.000079,0.000081,0.000074,0.000055,0.000070,0.000068,0.000084,0.000102,0.000123,0.000168,0.000212,0.000239,0.000260,0.000258,0.000248,0.000244,0.000216,0.000056,0.000139,0.000081,0.000065,0.000081,0.000060,0.000016,0.000011,0.000028,0.000068,0.000097,0.000114,0.000051,0.000043,0.000082,0.000017,0.000034,0.000110,0.000106
117,,,,,,,,,,,,,0.001856,0.000011,0.000147,0.000161,0.000185,0.000279,0.000467,0.000565,0.000686,0.000711,0.000682,0.000748,0.000720,0.000590,0.000543,0.000448,0.000411,0.000351,0.000275,0.000056,0.000179,0.000057,0.000029,0.000054,0.000012,0.000009,0.000018,0.000099,0.000122,0.000167,0.000111,0.000086,0.000082,0.000082,0.000008,0.000030,0.000173,0.000247
118,,,,,,,,,,,,,0.000133,0.000006,0.000223,0.000157,0.000163,0.000167,0.000102,0.000064,0.000058,0.000033,0.000034,0.000029,0.000037,0.000049,0.000034,0.000049,0.000038,0.000022,0.000025,0.000116,0.000074,0.000107,0.000094,0.000192,0.000046,0.000030,0.000056,0.000174,0.000125,0.000118,0.000137,0.000102,0.000081,0.000055,0.000013,0.000021,0.000067,0.000074
119,,,,,,,,,,,,,0.000039,0.000001,0.000015,0.000014,0.000019,0.000035,0.000039,0.000031,0.000046,0.000057,0.000050,0.000045,0.000042,0.000033,0.000037,0.000030,0.000032,0.000051,0.000053,0.000035,0.000070,0.000057,0.000057,0.000203,0.000043,0.000027,0.000037,0.000028,0.000025,0.000028,0.000053,0.000140,0.000095,0.000110,0.000015,0.000025,0.000054,0.000045
120,,,,,,,,,,,,,0.000638,0.000005,0.000053,0.000080,0.000096,0.000138,0.000212,0.000299,0.000514,0.000651,0.000916,0.000726,0.000768,0.000543,0.000485,0.000297,0.000225,0.000155,0.000124,0.000040,0.000121,0.000055,0.000039,0.000066,0.000014,0.000004,0.000009,0.000034,0.000047,0.000077,0.000059,0.000054,0.000036,0.000027,0.000026,0.000060,0.000108,0.000082
121,,,,,,,,,,,,,0.000770,0.000005,0.000109,0.000192,0.000336,0.000794,0.001432,0.001721,0.002120,0.001853,0.001671,0.001317,0.001199,0.000906,0.000725,0.000569,0.000430,0.000362,0.000287,0.000055,0.000155,0.000068,0.000043,0.000090,0.000019,0.000005,0.000008,0.000048,0.000041,0.000036,0.000026,0.000020,0.000019,0.000023,0.000004,0.000012,0.000040,0.000061
122,,,,,,,,,,,,,0.001038,0.000006,0.000088,0.000108,0.000117,0.000106,0.000108,0.000081,0.000082,0.000055,0.000048,0.000054,0.000054,0.000044,0.000035,0.000073,0.000118,0.000168,0.000182,0.000067,0.000138,0.000072,0.000048,0.000126,0.000028,0.000032,0.000047,0.000083,0.000144,0.000297,0.000352,0.000377,0.000474,0.000446,0.000043,0.000073,0.000345,0.000292
123,,,,,,,,,,,,,0.000684,0.000005,0.000060,0.000076,0.000161,0.000378,0.000651,0.000716,0.000980,0.000895,0.000928,0.000787,0.000778,0.000589,0.000477,0.000396,0.000276,0.000179,0.000135,0.000030,0.000063,0.000048,0.000050,0.000054,0.000025,0.000018,0.000038,0.000179,0.000102,0.000109,0.000076,0.000072,0.000078,0.000084,0.000011,0.000040,0.000146,0.000129
124,,,,,,,,,,,,,0.001411,0.000004,0.000071,0.000074,0.000071,0.000079,0.000087,0.000083,0.000089,0.000096,0.000096,0.000096,0.000084,0.000085,0.000092,0.000087,0.000065,0.000069,0.000069,0.000025,0.000062,0.000032,0.000023,0.000094,0.000016,0.000031,0.000048,0.000223,0.000076,0.000065,0.000037,0.000048,0.000041,0.000036,0.000007,0.000019,0.000049,0.000062
125,,,,,,,,,,,,,0.000358,0.000004,0.000067,0.000112,0.000145,0.000165,0.000185,0.000158,0.000164,0.000163,0.000139,0.000209,0.000304,0.000429,0.000483,0.000533,0.000688,0.000713,0.000737,0.000179,0.000663,0.000261,0.000182,0.000414,0.000088,0.000021,0.000033,0.000067,0.000055,0.000083,0.000094,0.000049,0.000039,0.000031,0.000004,0.000009,0.000028,0.000035
126,,,,,,,,,,,,,0.000555,0.000002,0.000030,0.000038,0.000037,0.000051,0.000048,0.000049,0.000045,0.000060,0.000083,0.000116,0.000139,0.000121,0.000088,0.000048,0.000037,0.000027,0.000030,0.000014,0.000027,0.000054,0.000074,0.000223,0.000034,0.000023,0.000038,0.000125,0.000085,0.000118,0.000126,0.000116,0.000148,0.000141,0.000014,0.000029,0.000095,0.000068
127,,,,,,,,,,,,,0.000144,0.000005,0.000065,0.000081,0.000085,0.000095,0.000087,0.000077,0.000085,0.000096,0.000084,0.000092,0.000100,0.000103,0.000102,0.000099,0.000098,0.000097,0.000094,0.000028,0.000100,0.000079,0.000055,0.000095,0.000069,0.000013,0.000012,0.000062,0.000100,0.000198,0.000261,0.000193,0.000157,0.000107,0.000013,0.000031,0.000071,0.000083
128,,,,,,,,,,,,,0.000287,0.000003,0.000031,0.000029,0.000042,0.000046,0.000052,0.000103,0.000101,0.000083,0.000062,0.000063,0.000071,0.000067,0.000072,0.000070,0.000068,0.000088,0.000094,0.000034,0.000117,0.000051,0.000031,0.000054,0.000016,0.000008,0.000014,0.000061,0.000064,0.000074,0.000047,0.000050,0.000046,0.000044,0.000007,0.000023,0.000040,0.000049
129,,,,,,,,,,,,,0.000128,0.000005,0.000141,0.000388,0.000566,0.000576,0.000463,0.000321,0.000295,0.000252,0.000193,0.000154,0.000126,0.000103,0.000095,0.000087,0.000091,0.000108,0.000113,0.000036,0.000078,0.000034,0.000025,0.000048,0.000012,0.000004,0.000007,0.000091,0.000189,0.000337,0.000342,0.000362,0.000323,0.000247,0.000014,0.000015,0.000027,0.000031
130,,,,,,,,,,,,,0.000562,0.000004,0.000079,0.000087,0.000119,0.000150,0.000177,0.000153,0.000179,0.000167,0.000166,0.000178,0.000189,0.000172,0.000167,0.000139,0.000120,0.000115,0.000115,0.000037,0.000095,0.000045,0.000026,0.000054,0.000015,0.000006,0.000008,0.000055,0.000067,0.000093,0.000084,0.000097,0.000114,0.000074,0.000020,0.000039,0.000081,0.000093
131,,,,,,,,,,,,,0.000454,0.000003,0.000025,0.000027,0.000050,0.000069,0.000120,0.000150,0.000200,0.000242,0.000238,0.000216,0.000224,0.000219,0.000176,0.000174,0.000188,0.000251,0.000344,0.000251,0.000296,0.000107,0.000068,0.000119,0.000021,0.000010,0.000018,0.000045,0.000054,0.000095,0.000083,0.000085,0.000149,0.000242,0.000031,0.000047,0.000080,0.000113
132,,,,,,,,,,,,,0.010547,0.000007,0.000107,0.000128,0.000179,0.000277,0.000163,0.000119,0.000108,0.000088,0.000062,0.000036,0.000035,0.000043,0.000030,0.000030,0.000033,0.000043,0.000034,0.000028,0.000059,0.000080,0.000047,0.000169,0.000042,0.000028,0.000047,0.000116,0.000146,0.000120,0.000079,0.000096,0.000208,0.000223,0.000051,0.000082,0.000223,0.000453
133,,,,,,,,,,,,,0.000572,0.000009,0.000078,0.000100,0.000091,0.000093,0.000091,0.000075,0.000084,0.000083,0.000080,0.000107,0.000113,0.000119,0.000113,0.000095,0.000068,0.000064,0.000057,0.000028,0.000050,0.000033,0.000029,0.000036,0.000015,0.000006,0.000007,0.000024,0.000033,0.000076,0.000126,0.000134,0.000146,0.000143,0.000024,0.000034,0.000122,0.000140
134,,,,,,,,,,,,,0.000380,0.000003,0.000044,0.000055,0.000050,0.000067,0.000079,0.000047,0.000036,0.000058,0.000060,0.000070,0.000065,0.000056,0.000042,0.000036,0.000029,0.000035,0.000029,0.000024,0.000065,0.000065,0.000082,0.000422,0.000126,0.000024,0.000033,0.000157,0.000158,0.000175,0.000110,0.000064,0.000053,0.000047,0.000007,0.000015,0.000042,0.000054
135,,,,,,,,,,,,,0.000574,0.000004,0.000067,0.000095,0.000109,0.000100,0.000122,0.000115,0.000121,0.000110,0.000097,0.000078,0.000072,0.000082,0.000123,0.000216,0.000348,0.000524,0.000739,0.000153,0.000595,0.000191,0.000117,0.000260,0.000037,0.000008,0.000011,0.000085,0.000208,0.000479,0.000468,0.000439,0.000336,0.000221,0.000011,0.000019,0.000052,0.000047
136,,,,,,,,,,,,,0.003652,0.000004,0.000052,0.000054,0.000056,0.000053,0.000049,0.000024,0.000038,0.000047,0.000032,0.000026,0.000048,0.000064,0.000060,0.000049,0.000040,0.000044,0.000037,0.000022,0.000033,0.000026,0.000024,0.000040,0.000015,0.000011,0.000008,0.000034,0.000080,0.000136,0.000154,0.000229,0.000309,0.000438,0.000043,0.000057,0.000161,0.000151
137,,,,,,,,,,,,,0.000222,0.000005,0.000036,0.000046,0.000077,0.000196,0.000093,0.000079,0.000082,0.000087,0.000110,0.000173,0.000266,0.000361,0.000523,0.000765,0.000905,0.000714,0.000634,0.000149,0.000298,0.000082,0.000045,0.000078,0.000050,0.000007,0.000014,0.000040,0.000102,0.000193,0.000066,0.000035,0.000089,0.000028,0.000008,0.000035,0.000184,0.000132
138,,,,,,,,,,,,,0.000089,0.000031,0.001008,0.001862,0.002068,0.002057,0.001787,0.001243,0.001174,0.000921,0.000674,0.000611,0.000591,0.000475,0.000397,0.000311,0.000230,0.000172,0.000142,0.000044,0.000123,0.000067,0.000047,0.000095,0.000020,0.000007,0.000008,0.000031,0.000047,0.000054,0.000046,0.000052,0.000052,0.000053,0.000006,0.000015,0.000058,0.000074
139,,,,,,,,,,,,,0.001678,0.000003,0.000036,0.000040,0.000038,0.000033,0.000040,0.000054,0.000083,0.000107,0.000164,0.000355,0.000686,0.000902,0.000946,0.000921,0.000878,0.000732,0.000636,0.000163,0.000418,0.000145,0.000076,0.000155,0.000028,0.000012,0.000011,0.000057,0.000056,0.000072,0.000057,0.000077,0.000062,0.000053,0.000011,0.000013,0.000051,0.000065
140,,,,,,,,,,,,,-0.000012,0.000005,0.000059,0.000054,0.000070,0.000082,0.000091,0.000074,0.000078,0.000080,0.000071,0.000065,0.000066,0.000059,0.000057,0.000060,0.000053,0.000071,0.000068,0.000031,0.000055,0.000039,0.000034,0.000053,0.000030,0.000028,0.000023,0.000056,0.000078,0.000093,0.000068,0.000049,0.000040,0.000049,0.000008,0.000020,0.000170,0.000062
141,,,,,,,,,,,,,0.000793,0.000004,0.000054,0.000059,0.000094,0.000101,0.000069,0.000067,0.000073,0.000058,0.000054,0.000042,0.000049,0.000048,0.000060,0.000128,0.000142,0.000106,0.000141,0.000033,0.000105,0.000051,0.000042,0.000120,0.000019,0.000013,0.000050,0.000117,0.000191,0.000155,0.000108,0.000081,0.000085,0.000069,0.000008,0.000021,0.000068,0.000073
142,,,,,,,,,,,,,0.001957,0.000041,0.000279,0.000266,0.000259,0.000266,0.000266,0.000213,0.000225,0.000195,0.000136,0.000133,0.000154,0.000120,0.000107,0.000096,0.000083,0.000097,0.000069,0.000036,0.000057,0.000030,0.000026,0.000042,0.000014,0.000007,0.000014,0.000041,0.000042,0.000030,0.000032,0.000035,0.000025,0.000016,0.000006,0.000022,0.000234,0.000404
143,,,,,,,,,,,,,0.001052,0.000004,0.000030,0.000046,0.000068,0.000074,0.000078,0.000066,0.000064,0.000071,0.000083,0.000062,0.000077,0.000072,0.000082,0.000063,0.000061,0.000052,0.000040,0.000027,0.000123,0.000129,0.000180,0.000157,0.000025,0.000020,0.000022,0.000073,0.000031,0.000030,0.000022,0.000031,0.000022,0.000030,0.000006,0.000023,0.000072,0.000063
144,,,,,,,,,,,,,0.000634,0.000005,0.000044,0.000054,0.000041,0.000024,0.000047,0.000041,0.000060,0.000107,0.000128,0.000254,0.000400,0.000400,0.000416,0.000284,0.000206,0.000182,0.000148,0.000039,0.000073,0.000041,0.000033,0.000058,0.000051,0.000054,0.000079,0.000095,0.000094,0.000086,0.000061,0.000104,0.000071,0.000077,0.000012,0.000024,0.000078,0.000107
145,,,,,,,,,,,,,0.001685,0.000022,0.000229,0.000258,0.000287,0.000289,0.000249,0.000178,0.000189,0.000160,0.000143,0.000115,0.000125,0.000112,0.000108,0.000083,0.000063,0.000067,0.000066,0.000047,0.000071,0.000061,0.000044,0.000065,0.000021,0.000010,0.000011,0.000058,0.000168,0.000117,0.000079,0.000061,0.000051,0.000061,0.000007,0.000015,0.000047,0.000058
146,,,,,,,,,,,,,0.000125,0.000003,0.000056,0.000072,0.000082,0.000096,0.000085,0.000149,0.000085,0.000059,0.000049,0.000046,0.000038,0.000037,0.000038,0.000041,0.000036,0.000054,0.000047,0.000154,0.000053,0.000151,0.000168,0.000376,0.000051,0.000013,0.000018,0.000046,0.000135,0.000044,0.000053,0.000033,0.000023,0.000015,0.000005,0.000011,0.000047,0.000050
147,,,,,,,,,,,,,0.001179,0.000002,0.000030,0.000040,0.000039,0.000041,0.000048,0.000051,0.000055,0.000054,0.000039,0.000048,0.000061,0.000055,0.000055,0.000046,0.000058,0.000048,0.000055,0.000035,0.000050,0.000024,0.000082,0.000083,0.000020,0.000037,0.000046,0.000137,0.000113,0.000120,0.000101,0.000102,0.000103,0.000115,0.000011,0.000024,0.000044,0.000055
148,,,,,,,,,,,,,0.000148,0.000016,0.000245,0.000300,0.000341,0.000333,0.000236,0.000148,0.000144,0.000115,0.000096,0.000071,0.000081,0.000082,0.000084,0.000082,0.000074,0.000050,0.000047,0.000022,0.000152,0.000140,0.000143,0.000450,0.000060,0.000009,0.000024,0.000190,0.000178,0.000190,0.000127,0.000126,0.000135,0.000084,0.000011,0.000012,0.000069,0.000061
149,,,,,,,,,,,,,0.001584,0.000005,0.000064,0.000064,0.000063,0.000098,0.000114,0.000076,0.000087,0.000067,0.000071,0.000068,0.000081,0.000073,0.000089,0.000095,0.000077,0.000057,0.000038,0.000016,0.000018,0.000016,0.000013,0.000021,0.000015,0.000008,0.000016,0.000138,0.000136,0.000173,0.000118,0.000109,0.000094,0.000118,0.000030,0.000022,0.000048,0.000064
150,,,,,,,,,,,,,0.000563,0.000006,0.000125,0.000178,0.000199,0.000215,0.000252,0.000282,0.000411,0.000338,0.000344,0.000294,0.000321,0.000274,0.000277,0.000300,0.000307,0.000247,0.000225,0.000056,0.000148,0.000079,0.000050,0.000099,0.000024,0.000014,0.000020,0.000039,0.000070,0.000103,0.000074,0.000189,0.000130,0.000058,0.000005,0.000012,0.000045,0.000099
151,,,,,,,,,,,,,0.000576,0.000004,0.000076,0.000059,0.000060,0.000059,0.000071,0.000062,0.000087,0.000085,0.000088,0.000089,0.000097,0.000097,0.000099,0.000090,0.000096,0.000102,0.000105,0.000176,0.000115,0.000080,0.000047,0.000075,0.000025,0.000016,0.000014,0.000040,0.000035,0.000024,0.000024,0.000018,0.000021,0.000036,0.000029,0.000040,0.000154,0.000289
152,,,,,,,,,,,,,0.000240,0.000002,0.000056,0.000112,0.000168,0.000226,0.000185,0.000109,0.000098,0.000082,0.000055,0.000043,0.000042,0.000038,0.000038,0.000031,0.000046,0.000060,0.000059,0.000031,0.000074,0.000036,0.000037,0.000146,0.000053,0.000021,0.000040,0.000351,0.000349,0.000341,0.000217,0.000169,0.000146,0.000109,0.000011,0.000020,0.000054,0.000044
153,,,,,,,,,,,,,0.001867,0.000004,0.000053,0.000100,0.000099,0.000074,0.000059,0.000034,0.000029,0.000036,0.000041,0.000028,0.000025,0.000035,0.000028,0.000041,0.000045,0.000041,0.000046,0.000029,0.000057,0.000137,0.000065,0.000177,0.000038,0.000040,0.000080,0.000137,0.000183,0.000177,0.000156,0.000227,0.000114,0.000071,0.000008,0.000020,0.000045,0.000042
154,,,,,,,,,,,,,0.000121,0.000002,0.000023,0.000023,0.000022,0.000033,0.000026,0.000043,0.000052,0.000058,0.000055,0.000057,0.000076,0.000070,0.000100,0.000134,0.000209,0.000304,0.000421,0.000173,0.000765,0.000284,0.000149,0.000319,0.000042,0.000011,0.000015,0.000041,0.000049,0.000062,0.000052,0.000042,0.000038,0.000040,0.000011,0.000027,0.000061,0.000066
155,,,,,,,,,,,,,0.000886,0.000010,0.000120,0.000202,0.000158,0.000143,0.000143,0.000087,0.000076,0.000083,0.000061,0.000052,0.000066,0.000083,0.000100,0.000114,0.000176,0.000206,0.000227,0.000075,0.000277,0.000136,0.000099,0.000318,0.000051,0.000019,0.000032,0.000131,0.000231,0.000131,0.000101,0.000080,0.000063,0.000055,0.000012,0.000042,0.000050,0.000043
156,,,,,,,,,,,,,0.000158,0.000005,0.000071,0.000089,0.000088,0.000126,0.000346,0.000528,0.000510,0.000677,0.000445,0.000327,0.000295,0.000237,0.000194,0.000150,0.000132,0.000153,0.000114,0.000039,0.000098,0.000041,0.000029,0.000058,0.000013,0.000022,0.000008,0.000021,0.000031,0.000043,0.000026,0.000019,0.000021,0.000017,0.000007,0.000023,0.000094,0.000117
157,,,,,,,,,,,,,0.001224,0.000015,0.000191,0.000204,0.000200,0.000250,0.000285,0.000303,0.000302,0.000242,0.000152,0.000134,0.000111,0.000085,0.000072,0.000063,0.000068,0.000168,0.000127,0.000027,0.000082,0.000132,0.000085,0.000108,0.000033,0.000034,0.000040,0.000089,0.000139,0.000105,0.000068,0.000158,0.000080,0.000053,0.000005,0.000013,0.000066,0.000232
158,,,,,,,,,,,,,0.000628,0.000004,0.000068,0.000091,0.000099,0.000113,0.000138,0.000125,0.000162,0.000152,0.000129,0.000131,0.000147,0.000134,0.000147,0.000217,0.000395,0.000583,0.000826,0.000156,0.000602,0.000220,0.000130,0.000280,0.000036,0.000011,0.000020,0.000101,0.000085,0.000092,0.000058,0.000044,0.000034,0.000025,0.000005,0.000011,0.000036,0.000046
159,,,,,,,,,,,,,0.000106,0.000003,0.000043,0.000034,0.000066,0.000161,0.000274,0.000550,0.000498,0.000833,0.000582,0.000246,0.000191,0.000161,0.000117,0.000111,0.000198,0.000220,0.000135,0.000039,0.000079,0.000038,0.000030,0.000064,0.000036,0.000012,0.000013,0.000101,0.000161,0.000196,0.000130,0.000109,0.000080,0.000075,0.000016,0.000059,0.000053,0.000068
160,,,,,,,,,,,,,0.000032,0.000004,0.000084,0.000101,0.000103,0.000079,0.000060,0.000050,0.000045,0.000042,0.000035,0.000026,0.000026,0.000018,0.000027,0.000030,0.000054,0.000068,0.000080,0.000081,0.000272,0.000144,0.000077,0.000144,0.000021,0.000007,0.000007,0.000027,0.000040,0.000100,0.000170,0.000220,0.000290,0.000310,0.000039,0.000055,0.000092,0.000097
161,,,,,,,,,,,,,0.000318,0.000009,0.000270,0.000491,0.000638,0.000950,0.001239,0.001038,0.001187,0.000990,0.000835,0.000690,0.000808,0.000686,0.000715,0.000670,0.000586,0.000609,0.000360,0.000071,0.000222,0.000095,0.000054,0.000103,0.000019,0.000006,0.000008,0.000044,0.000054,0.000077,0.000044,0.000047,0.000049,0.000035,0.000005,0.000012,0.000078,0.000166
162,,,,,,,,,,,,,0.000171,0.000006,0.000099,0.000096,0.000081,0.000075,0.000064,0.000074,0.000091,0.000064,0.000043,0.000060,0.000058,0.000049,0.000038,0.000041,0.000026,0.000037,0.000036,0.000030,0.000063,0.000035,0.000025,0.000032,0.000017,0.000029,0.000042,0.000127,0.000237,0.000365,0.000236,0.000244,0.000189,0.000129,0.000020,0.000037,0.000055,0.000066
163,,,,,,,,,,,,,0.000401,0.000002,0.000042,0.000025,0.000017,0.000016,0.000026,0.000037,0.000056,0.000096,0.000107,0.000179,0.000279,0.000269,0.000333,0.000367,0.000355,0.000302,0.000266,0.000121,0.000173,0.000066,0.000046,0.000097,0.000047,0.000015,0.000034,0.000094,0.000078,0.000094,0.000115,0.000104,0.000059,0.000042,0.000007,0.000015,0.000043,0.000044
164,,,,,,,,,,,,,0.002789,0.000011,0.000084,0.000069,0.000083,0.000096,0.000117,0.000091,0.000121,0.000121,0.000094,0.000097,0.000112,0.000079,0.000054,0.000060,0.000044,0.000050,0.000046,0.000034,0.000054,0.000163,0.000120,0.000074,0.000038,0.000017,0.000023,0.000167,0.000076,0.000067,0.000079,0.000065,0.000050,0.000036,0.000042,0.000095,0.000182,0.000176
165,,,,,,,,,,,,,0.001185,0.000003,0.000036,0.000043,0.000047,0.000066,0.000074,0.000062,0.000077,0.000086,0.000088,0.000094,0.000094,0.000083,0.000077,0.000076,0.000060,0.000062,0.000062,0.000047,0.000039,0.000064,0.000058,0.000083,0.000037,0.000011,0.000011,0.000036,0.000037,0.000032,0.000029,0.000045,0.000052,0.000112,0.000021,0.000021,0.000183,0.000213
166,,,,,,,,,,,,,0.008894,0.000006,0.000103,0.000081,0.000071,0.000087,0.000088,0.000072,0.000075,0.000073,0.000046,0.000022,0.000043,0.000042,0.000050,0.000070,0.000129,0.000093,0.000093,0.000042,0.000046,0.000046,0.000024,0.000031,0.000094,0.000025,0.000021,0.000025,0.000067,0.000063,0.000047,0.000066,0.000113,0.000151,0.000030,0.000073,0.000100,0.000130
167,,,,,,,,,,,,,0.000433,0.000002,0.000035,0.000039,0.000063,0.000066,0.000060,0.000060,0.000108,0.000112,0.000088,0.000083,0.000091,0.000082,0.000066,0.000072,0.000067,0.000066,0.000068,0.000126,0.000141,0.000133,0.000117,0.000228,0.000032,0.000012,0.000022,0.000068,0.000115,0.000159,0.000104,0.000098,0.000092,0.000050,0.000005,0.000010,0.000060,0.000098
168,,,,,,,,,,,,,0.005216,0.000007,0.000080,0.000065,0.000058,0.000047,0.000049,0.000049,0.000054,0.000049,0.000048,0.000034,0.000034,0.000016,0.000017,0.000012,0.000018,0.000012,0.000014,0.000053,0.000027,0.000026,0.000042,0.000046,0.000021,0.000015,0.000031,0.000054,0.000038,0.000035,0.000043,0.000056,0.000066,0.000103,0.000043,0.000094,0.000200,0.000255
169,,,,,,,,,,,,,0.000129,0.000003,0.000089,0.000089,0.000089,0.000143,0.000293,0.000453,0.000831,0.001164,0.001189,0.001213,0.001335,0.001248,0.001209,0.001142,0.000942,0.000722,0.000551,0.000092,0.000326,0.000108,0.000063,0.000122,0.000020,0.000005,0.000007,0.000032,0.000023,0.000043,0.000042,0.000029,0.000024,0.000021,0.000003,0.000010,0.000029,0.000040
170,,,,,,,,,,,,,0.000581,0.000003,0.000057,0.000105,0.000174,0.000162,0.000162,0.000126,0.000149,0.000128,0.000123,0.000112,0.000109,0.000097,0.000091,0.000075,0.000071,0.000057,0.000052,0.000025,0.000053,0.000038,0.000034,0.000050,0.000011,0.000006,0.000009,0.000029,0.000032,0.000031,0.000023,0.000025,0.000028,0.000022,0.000005,0.000012,0.000031,0.000034
171,,,,,,,,,,,,,0.000166,0.000004,0.000049,0.000038,0.000028,0.000026,0.000038,0.000052,0.000095,0.000126,0.000143,0.000199,0.000237,0.000227,0.000254,0.000218,0.000186,0.000157,0.000111,0.000041,0.000121,0.000102,0.000062,0.000142,0.000029,0.000009,0.000012,0.000044,0.000026,0.000026,0.000017,0.000024,0.000028,0.000049,0.000043,0.000070,0.000125,0.000124
172,,,,,,,,,,,,,-0.000122,0.000003,0.000114,0.000126,0.000158,0.000294,0.000544,0.000512,0.000664,0.000660,0.000562,0.000518,0.000451,0.000342,0.000284,0.000231,0.000173,0.000133,0.000127,0.000028,0.000076,0.000121,0.000077,0.000059,0.000019,0.000011,0.000020,0.000036,0.000117,0.000133,0.000086,0.000062,0.000040,0.000042,0.000005,0.000015,0.000065,0.000063
173,,,,,,,,,,,,,0.000026,0.000003,0.000039,0.000053,0.000098,0.000156,0.000199,0.000138,0.000149,0.000105,0.000090,0.000093,0.000087,0.000074,0.000068,0.000062,0.000061,0.000071,0.000088,0.000029,0.000116,0.000045,0.000032,0.000101,0.000020,0.000010,0.000018,0.000070,0.000072,0.000075,0.000052,0.000046,0.000034,0.000025,0.000006,0.000008,0.000030,0.000032
174,,,,,,,,,,,,,0.002147,0.000012,0.000100,0.000115,0.000121,0.000098,0.000080,0.000071,0.000086,0.000089,0.000075,0.000062,0.000059,0.000054,0.000062,0.000096,0.000161,0.000204,0.000200,0.000054,0.000150,0.000061,0.000111,0.000067,0.000036,0.000015,0.000030,0.000067,0.000042,0.000055,0.000039,0.000043,0.000080,0.000127,0.000027,0.000047,0.000129,0.000150
175,,,,,,,,,,,,,0.000016,0.000007,0.000067,0.000097,0.000186,0.000204,0.000200,0.000178,0.000189,0.000175,0.000144,0.000126,0.000127,0.000128,0.000151,0.000203,0.000116,0.000095,0.000070,0.000030,0.000135,0.000074,0.000063,0.000114,0.000025,0.000014,0.000022,0.000037,0.000034,0.000043,0.000038,0.000032,0.000041,0.000064,0.000009,0.000022,0.000085,0.000154
176,,,,,,,,,,,,,0.000043,0.000003,0.000076,0.000094,0.000080,0.000072,0.000068,0.000060,0.000042,0.000053,0.000022,0.000012,0.000018,0.000032,0.000063,0.000108,0.000177,0.000324,0.000467,0.000131,0.000574,0.000206,0.000132,0.000366,0.000054,0.000012,0.000022,0.000098,0.000160,0.000190,0.000256,0.000346,0.000384,0.000265,0.000018,0.000025,0.000054,0.000043
177,,,,,,,,,,,,,0.000155,0.000013,0.000075,0.000101,0.000096,0.000150,0.000270,0.000488,0.000820,0.001054,0.001133,0.001266,0.001364,0.001205,0.001128,0.000965,0.000866,0.000737,0.000644,0.000131,0.000484,0.000155,0.000090,0.000240,0.000033,0.000011,0.000012,0.000166,0.000085,0.000090,0.000066,0.000060,0.000067,0.000101,0.000011,0.000046,0.000308,0.000272
178,,,,,,,,,,,,,0.001917,0.000013,0.000404,0.000941,0.001476,0.001730,0.001789,0.001292,0.001131,0.000796,0.000517,0.000418,0.000352,0.000252,0.000195,0.000149,0.000103,0.000105,0.000092,0.000032,0.000078,0.000048,0.000030,0.000050,0.000014,0.000005,0.000005,0.000018,0.000040,0.000067,0.000069,0.000063,0.000059,0.000048,0.000009,0.000025,0.000075,0.000063
179,,,,,,,,,,,,,0.000999,0.000004,0.000042,0.000055,0.000079,0.000114,0.000105,0.000076,0.000084,0.000083,0.000063,0.000043,0.000039,0.000052,0.000056,0.000046,0.000045,0.000049,0.000042,0.000023,0.000071,0.000032,0.000022,0.000047,0.000012,0.000005,0.000006,0.000027,0.000028,0.000041,0.000039,0.000046,0.000056,0.000041,0.000013,0.000029,0.000042,0.000043
180,,,,,,,,,,,,,0.000705,0.000008,0.000101,0.000130,0.000154,0.000188,0.000209,0.000157,0.000161,0.000159,0.000147,0.000150,0.000184,0.000199,0.000218,0.000207,0.000258,0.000269,0.000270,0.000076,0.000243,0.000092,0.000068,0.000141,0.000028,0.000012,0.000012,0.000063,0.000084,0.000119,0.000049,0.000040,0.000034,0.000092,0.000012,0.000021,0.000116,0.000104
181,,,,,,,,,,,,,0.000255,0.000005,0.000070,0.000095,0.000104,0.000092,0.000082,0.000075,0.000093,0.000086,0.000061,0.000075,0.000100,0.000175,0.000268,0.000440,0.000455,0.000354,0.000293,0.000049,0.000146,0.000069,0.000048,0.000185,0.000063,0.000029,0.000023,0.000081,0.000090,0.000186,0.000184,0.000184,0.000077,0.000057,0.000005,0.000014,0.000048,0.000053
182,,,,,,,,,,,,,0.000118,0.000004,0.000079,0.000186,0.000423,0.000741,0.000920,0.000851,0.000922,0.000885,0.000814,0.000918,0.000966,0.000850,0.000731,0.000624,0.000480,0.000419,0.000364,0.000087,0.000287,0.000092,0.000050,0.000091,0.000013,0.000003,0.000005,0.000035,0.000037,0.000048,0.000044,0.000056,0.000075,0.000073,0.000006,0.000016,0.000053,0.000067
183,,,,,,,,,,,,,0.000798,0.000005,0.000043,0.000042,0.000040,0.000050,0.000049,0.000050,0.000065,0.000051,0.000060,0.000071,0.000069,0.000065,0.000068,0.000051,0.000048,0.000036,0.000020,0.000017,0.000037,0.000044,0.000034,0.000156,0.000055,0.000045,0.000043,0.000179,0.000325,0.000386,0.000259,0.000231,0.000166,0.000123,0.000010,0.000023,0.000104,0.000231
184,,,,,,,,,,,,,0.003135,0.000013,0.000121,0.000140,0.000159,0.000217,0.000232,0.000196,0.000212,0.000199,0.000166,0.000174,0.000164,0.000167,0.000210,0.000405,0.000483,0.000586,0.000659,0.000118,0.000475,0.000148,0.000077,0.000173,0.000024,0.000008,0.000007,0.000044,0.000048,0.000059,0.000040,0.000042,0.000042,0.000048,0.000006,0.000028,0.000185,0.000188
185,,,,,,,,,,,,,0.000317,0.000005,0.000035,0.000049,0.000048,0.000034,0.000038,0.000047,0.000042,0.000042,0.000041,0.000049,0.000069,0.000136,0.000395,0.000615,0.000548,0.000459,0.000375,0.000060,0.000202,0.000070,0.000048,0.000102,0.000017,0.000006,0.000008,0.000053,0.000058,0.000065,0.000068,0.000109,0.000120,0.000128,0.000007,0.000024,0.000114,0.000101
186,,,,,,,,,,,,,0.001761,0.000008,0.000137,0.000173,0.000170,0.000178,0.000198,0.000175,0.000235,0.000268,0.000274,0.000292,0.000337,0.000346,0.000331,0.000326,0.000234,0.000177,0.000120,0.000054,0.000082,0.000062,0.000084,0.000325,0.000079,0.000017,0.000016,0.000051,0.000060,0.000061,0.000041,0.000043,0.000035,0.000026,0.000027,0.000091,0.000126,0.000125
187,,,,,,,,,,,,,0.000481,0.000003,0.000057,0.000100,0.000256,0.000486,0.000490,0.000399,0.000374,0.000280,0.000241,0.000171,0.000178,0.000144,0.000149,0.000121,0.000119,0.000128,0.000134,0.000037,0.000107,0.000043,0.000027,0.000054,0.000011,0.000005,0.000006,0.000031,0.000034,0.000056,0.000038,0.000030,0.000025,0.000015,0.000007,0.000009,0.000046,0.000042
188,,,,,,,,,,,,,0.000121,0.000006,0.000080,0.000103,0.000116,0.000138,0.000135,0.000113,0.000122,0.000114,0.000112,0.000101,0.000111,0.000104,0.000105,0.000084,0.000087,0.000078,0.000065,0.000026,0.000064,0.000039,0.000027,0.000029,0.000012,0.000015,0.000007,0.000038,0.000103,0.000133,0.000163,0.000176,0.000165,0.000189,0.000013,0.000055,0.000114,0.000094
189,,,,,,,,,,,,,0.001523,0.000003,0.000038,0.000055,0.000119,0.000187,0.000266,0.000289,0.000330,0.000351,0.000264,0.000178,0.000140,0.000100,0.000077,0.000077,0.000090,0.000093,0.000086,0.000041,0.000123,0.000052,0.000051,0.000142,0.000041,0.000013,0.000019,0.000149,0.000347,0.000410,0.000362,0.000384,0.000407,0.000378,0.000040,0.000056,0.000075,0.000084
190,,,,,,,,,,,,,0.000134,0.000006,0.000057,0.000052,0.000055,0.000057,0.000071,0.000079,0.000062,0.000065,0.000076,0.000112,0.000145,0.000146,0.000181,0.000208,0.000342,0.000611,0.000947,0.000208,0.000944,0.000343,0.000203,0.000443,0.000057,0.000013,0.000018,0.000102,0.000099,0.000121,0.000083,0.000060,0.000043,0.000042,0.000005,0.000016,0.000062,0.000090
191,,,,,,,,,,,,,0.000198,0.000002,0.000022,0.000024,0.000070,0.000219,0.000419,0.000525,0.000717,0.000675,0.000773,0.000734,0.000854,0.000805,0.000751,0.000647,0.000583,0.000568,0.000515,0.000120,0.000435,0.000150,0.000084,0.000198,0.000040,0.000009,0.000008,0.000030,0.000027,0.000039,0.000025,0.000022,0.000016,0.000018,0.000005,0.000009,0.000020,0.000021
192,,,,,,,,,,,,,-0.000108,0.000002,0.000014,0.000019,0.000031,0.000071,0.000122,0.000125,0.000137,0.000115,0.000091,0.000103,0.000117,0.000115,0.000113,0.000107,0.000074,0.000061,0.000054,0.000022,0.000047,0.000038,0.000030,0.000044,0.000014,0.000007,0.000018,0.000297,0.000346,0.000411,0.000240,0.000177,0.000142,0.000109,0.000007,0.000020,0.000052,0.000054
193,,,,,,,,,,,,,0.002309,0.000010,0.000053,0.000065,0.000067,0.000063,0.000042,0.000044,0.000131,0.000311,0.000449,0.000839,0.001201,0.001318,0.001467,0.001343,0.001186,0.001008,0.000734,0.000129,0.000451,0.000149,0.000083,0.000167,0.000028,0.000009,0.000010,0.000047,0.000039,0.000036,0.000024,0.000032,0.000048,0.000089,0.000023,0.000049,0.000179,0.000230
194,,,,,,,,,,,,,0.000096,0.000004,0.000057,0.000064,0.000060,0.000050,0.000062,0.000093,0.000150,0.000256,0.000397,0.000742,0.000983,0.001018,0.001026,0.000728,0.000529,0.000411,0.000291,0.000066,0.000170,0.000052,0.000039,0.000073,0.000015,0.000005,0.000006,0.000027,0.000045,0.000071,0.000061,0.000055,0.000031,0.000035,0.000005,0.000012,0.000044,0.000050
195,,,,,,,,,,,,,0.000465,0.000004,0.000048,0.000050,0.000054,0.000092,0.000069,0.000121,0.000203,0.000302,0.000397,0.000695,0.001001,0.001134,0.001225,0.001290,0.000942,0.000794,0.000584,0.000121,0.000398,0.000152,0.000079,0.000170,0.000035,0.000008,0.000009,0.000044,0.000038,0.000044,0.000035,0.000041,0.000040,0.000046,0.000008,0.000014,0.000055,0.000071
196,,,,,,,,,,,,,0.000169,0.000004,0.000056,0.000058,0.000082,0.000137,0.000166,0.000146,0.000136,0.000119,0.000127,0.000092,0.000085,0.000106,0.000199,0.000292,0.000390,0.000628,0.000867,0.000191,0.000738,0.000258,0.000151,0.000354,0.000049,0.000014,0.000017,0.000082,0.000063,0.000069,0.000060,0.000046,0.000043,0.000050,0.000008,0.000017,0.000077,0.000074
197,,,,,,,,,,,,,0.001462,0.000013,0.000323,0.000562,0.000573,0.000573,0.000485,0.000381,0.000432,0.000425,0.000547,0.000697,0.001004,0.000861,0.000755,0.000502,0.000359,0.000243,0.000179,0.000044,0.000106,0.000048,0.000039,0.000048,0.000015,0.000006,0.000009,0.000029,0.000035,0.000036,0.000035,0.000037,0.000036,0.000036,0.000007,0.000020,0.000067,0.000078
198,,,,,,,,,,,,,0.000146,0.000003,0.000054,0.000088,0.000134,0.000159,0.000139,0.000109,0.000093,0.000087,0.000068,0.000039,0.000028,0.000029,0.000033,0.000023,0.000021,0.000016,0.000017,0.000011,0.000018,0.000031,0.000034,0.000137,0.000053,0.000039,0.000057,0.000142,0.000181,0.000137,0.000103,0.000091,0.000082,0.000054,0.000009,0.000024,0.000058,0.000059
199,,,,,,,,,,,,,0.001686,0.000034,0.000297,0.000304,0.000315,0.000338,0.000279,0.000212,0.000225,0.000204,0.000191,0.000185,0.000187,0.000168,0.000130,0.000101,0.000096,0.000100,0.000093,0.000030,0.000081,0.000039,0.000035,0.000068,0.000020,0.000010,0.000015,0.000063,0.000055,0.000045,0.000027,0.000022,0.000010,0.000011,0.000004,0.000015,0.000140,0.000247
200,,,,,,,,,,,,,0.000588,0.000002,0.000021,0.000023,0.000042,0.000055,0.000070,0.000062,0.000062,0.000057,0.000050,0.000048,0.000054,0.000047,0.000041,0.000046,0.000053,0.000067,0.000084,0.000027,0.000079,0.000040,0.000029,0.000038,0.000009,0.000009,0.000015,0.000061,0.000069,0.000087,0.000061,0.000036,0.000030,0.000027,0.000008,0.000018,0.000050,0.000053
201,,,,,,,,,,,,,0.001012,0.000004,0.000060,0.000081,0.000086,0.000092,0.000088,0.000082,0.000089,0.000091,0.000080,0.000076,0.000085,0.000077,0.000073,0.000080,0.000063,0.000066,0.000052,0.000046,0.000083,0.000042,0.000030,0.000038,0.000011,0.000021,0.000021,0.000146,0.000050,0.000043,0.000033,0.000048,0.000051,0.000064,0.000015,0.000025,0.000039,0.000085
202,,,,,,,,,,,,,0.000225,0.000003,0.000038,0.000053,0.000073,0.000076,0.000082,0.000060,0.000055,0.000050,0.000044,0.000043,0.000062,0.000067,0.000072,0.000052,0.000060,0.000068,0.000058,0.000024,0.000046,0.000037,0.000024,0.000041,0.000085,0.000021,0.000026,0.000095,0.000109,0.000133,0.000138,0.000044,0.000040,0.000041,0.000011,0.000021,0.000035,0.000057
203,,,,,,,,,,,,,0.000141,0.000003,0.000050,0.000059,0.000070,0.000078,0.000079,0.000071,0.000104,0.000103,0.000082,0.000063,0.000071,0.000060,0.000070,0.000069,0.000053,0.000046,0.000049,0.000026,0.000082,0.000040,0.000024,0.000086,0.000047,0.000010,0.000021,0.000114,0.000172,0.000274,0.000237,0.000219,0.000205,0.000169,0.000013,0.000056,0.000066,0.000050
204,,,,,,,,,,,,,0.000526,0.000007,0.000095,0.000109,0.000126,0.000129,0.000126,0.000098,0.000108,0.000115,0.000113,0.000109,0.000116,0.000100,0.000100,0.000090,0.000088,0.000109,0.000133,0.000039,0.000167,0.000086,0.000060,0.000137,0.000028,0.000008,0.000018,0.000035,0.000227,0.000114,0.000106,0.000122,0.000115,0.000117,0.000018,0.000042,0.000074,0.000099
205,,,,,,,,,,,,,0.000238,0.000008,0.000157,0.000163,0.000167,0.000142,0.000120,0.000083,0.000064,0.000026,0.000023,0.000025,0.000028,0.000042,0.000071,0.000128,0.000130,0.000178,0.000243,0.000061,0.000223,0.000164,0.000123,0.000411,0.000076,0.000035,0.000053,0.000174,0.000182,0.000168,0.000116,0.000089,0.000064,0.000057,0.000012,0.000038,0.000072,0.000072
206,,,,,,,,,,,,,0.001416,0.000002,0.000024,0.000043,0.000056,0.000065,0.000061,0.000042,0.000054,0.000052,0.000035,0.000051,0.000074,0.000076,0.000100,0.000116,0.000157,0.000156,0.000140,0.000046,0.000108,0.000043,0.000032,0.000070,0.000013,0.000007,0.000016,0.000036,0.000038,0.000052,0.000052,0.000056,0.000077,0.000098,0.000012,0.000021,0.000043,0.000066
207,,,,,,,,,,,,,0.000061,0.000033,0.000706,0.001160,0.001060,0.000994,0.000862,0.000590,0.000570,0.000463,0.000357,0.000325,0.000294,0.000235,0.000206,0.000154,0.000119,0.000104,0.000095,0.000026,0.000089,0.000036,0.000027,0.000064,0.000015,0.000005,0.000009,0.000046,0.000046,0.000053,0.000035,0.000035,0.000034,0.000032,0.000003,0.000010,0.000091,0.000174
208,,,,,,,,,,,,,0.000483,0.000007,0.000099,0.000104,0.000106,0.000100,0.000097,0.000073,0.000081,0.000077,0.000090,0.000079,0.000081,0.000060,0.000051,0.000043,0.000053,0.000051,0.000054,0.000106,0.000078,0.000163,0.000080,0.000048,0.000024,0.000011,0.000008,0.000025,0.000027,0.000020,0.000018,0.000036,0.000012,0.000012,0.000029,0.000060,0.000128,0.000125
209,,,,,,,,,,,,,0.000808,0.000005,0.000075,0.000080,0.000088,0.000089,0.000083,0.000077,0.000099,0.000086,0.000089,0.000109,0.000164,0.000195,0.000227,0.000242,0.000184,0.000200,0.000174,0.000070,0.000161,0.000099,0.000068,0.000066,0.000030,0.000008,0.000006,0.000033,0.000026,0.000035,0.000047,0.000083,0.000147,0.000222,0.000035,0.000056,0.000176,0.000176
210,,,,,,,,,,,,,0.005158,0.000006,0.000054,0.000072,0.000075,0.000083,0.000054,0.000035,0.000047,0.000066,0.000069,0.000080,0.000128,0.000173,0.000247,0.000293,0.000380,0.000484,0.000531,0.000134,0.000358,0.000102,0.000052,0.000091,0.000015,0.000004,0.000010,0.000035,0.000067,0.000149,0.000177,0.000194,0.000179,0.000326,0.000031,0.000053,0.000276,0.000117
211,,,,,,,,,,,,,0.000661,0.000003,0.000048,0.000079,0.000099,0.000112,0.000088,0.000052,0.000060,0.000049,0.000039,0.000053,0.000074,0.000092,0.000119,0.000138,0.000155,0.000148,0.000104,0.000025,0.000078,0.000038,0.000017,0.000027,0.000009,0.000004,0.000010,0.000165,0.000290,0.000350,0.000183,0.000117,0.000071,0.000039,0.000004,0.000010,0.000037,0.000044
212,,,,,,,,,,,,,0.000008,0.000003,0.000044,0.000050,0.000053,0.000053,0.000046,0.000036,0.000048,0.000042,0.000037,0.000039,0.000041,0.000032,0.000034,0.000025,0.000028,0.000038,0.000045,0.000019,0.000076,0.000046,0.000031,0.000063,0.000014,0.000004,0.000008,0.000034,0.000041,0.000053,0.000041,0.000038,0.000042,0.000041,0.000003,0.000007,0.000037,0.000039
213,,,,,,,,,,,,,0.000553,0.000008,0.000063,0.000076,0.000081,0.000066,0.000072,0.000070,0.000088,0.000088,0.000093,0.000105,0.000098,0.000076,0.000073,0.000050,0.000047,0.000047,0.000056,0.000028,0.000099,0.000077,0.000083,0.000306,0.000075,0.000011,0.000014,0.000087,0.000077,0.000082,0.000048,0.000048,0.000043,0.000035,0.000008,0.000012,0.000064,0.000088
214,,,,,,,,,,,,,0.001171,0.000006,0.000068,0.000095,0.000095,0.000090,0.000101,0.000085,0.000089,0.000073,0.000063,0.000069,0.000076,0.000060,0.000061,0.000049,0.000046,0.000056,0.000060,0.000033,0.000071,0.000038,0.000029,0.000044,0.000017,0.000005,0.000009,0.000046,0.000032,0.000049,0.000083,0.000166,0.000233,0.000372,0.000053,0.000088,0.000131,0.000139
215,,,,,,,,,,,,,0.001317,0.000015,0.000184,0.000237,0.000292,0.000569,0.000797,0.000740,0.000663,0.000684,0.000575,0.000602,0.000633,0.000538,0.000531,0.000541,0.000595,0.000718,0.000592,0.000114,0.000434,0.000161,0.000072,0.000123,0.000019,0.000006,0.000006,0.000024,0.000025,0.000034,0.000025,0.000035,0.000043,0.000047,0.000007,0.000021,0.000098,0.000105
216,,,,,,,,,,,,,0.000425,0.000004,0.000056,0.000084,0.000102,0.000103,0.000107,0.000080,0.000078,0.000087,0.000077,0.000065,0.000071,0.000063,0.000061,0.000056,0.000046,0.000045,0.000042,0.000020,0.000041,0.000034,0.000019,0.000020,0.000032,0.000011,0.000023,0.000045,0.000069,0.000032,0.000031,0.000045,0.000034,0.000060,0.000009,0.000043,0.000082,0.000085
217,,,,,,,,,,,,,0.002446,0.000004,0.000072,0.000059,0.000050,0.000045,0.000046,0.000053,0.000064,0.000050,0.000041,0.000053,0.000058,0.000049,0.000054,0.000050,0.000043,0.000048,0.000037,0.000051,0.000055,0.000062,0.000038,0.000083,0.000028,0.000011,0.000009,0.000026,0.000034,0.000041,0.000041,0.000064,0.000046,0.000119,0.000020,0.000050,0.000229,0.000123
218,,,,,,,,,,,,,0.000270,0.000016,0.000134,0.000142,0.000129,0.000128,0.000117,0.000088,0.000098,0.000095,0.000088,0.000075,0.000099,0.000139,0.000125,0.000104,0.000084,0.000069,0.000061,0.000056,0.000166,0.000088,0.000054,0.000110,0.000026,0.000015,0.000023,0.000226,0.000281,0.000284,0.000191,0.000141,0.000114,0.000105,0.000009,0.000028,0.000237,0.000608
219,,,,,,,,,,,,,0.001996,0.000005,0.000107,0.000180,0.000260,0.000296,0.000151,0.000094,0.000073,0.000061,0.000057,0.000058,0.000067,0.000101,0.000113,0.000093,0.000111,0.000162,0.000179,0.000068,0.000247,0.000116,0.000113,0.000373,0.000084,0.000025,0.000041,0.000157,0.000262,0.000130,0.000096,0.000080,0.000075,0.000064,0.000019,0.000034,0.000176,0.000154
220,,,,,,,,,,,,,0.001165,0.000006,0.000117,0.000103,0.000118,0.000126,0.000112,0.000101,0.000102,0.000085,0.000071,0.000051,0.000055,0.000042,0.000041,0.000045,0.000062,0.000094,0.000169,0.000049,0.000145,0.000053,0.000034,0.000065,0.000018,0.000010,0.000014,0.000111,0.000127,0.000126,0.000075,0.000049,0.000046,0.000038,0.000008,0.000084,0.000080,0.000106
221,,,,,,,,,,,,,0.001665,0.000008,0.000073,0.000076,0.000051,0.000037,0.000030,0.000062,0.000093,0.000101,0.000091,0.000088,0.000110,0.000103,0.000230,0.000281,0.000331,0.000197,0.000206,0.000048,0.000126,0.000046,0.000037,0.000054,0.000014,0.000010,0.000010,0.000035,0.000040,0.000050,0.000046,0.000033,0.000035,0.000033,0.000017,0.000049,0.000052,0.000116
222,,,,,,,,,,,,,0.001923,0.000007,0.000086,0.000096,0.000084,0.000121,0.000247,0.000312,0.000499,0.000612,0.000693,0.000754,0.000929,0.000975,0.000979,0.000972,0.000706,0.000542,0.000379,0.000080,0.000236,0.000112,0.000117,0.000378,0.000069,0.000013,0.000014,0.000089,0.000149,0.000190,0.000148,0.000146,0.000120,0.000088,0.000016,0.000055,0.000114,0.000105
223,,,,,,,,,,,,,0.000362,0.000019,0.000157,0.000242,0.000244,0.000231,0.000241,0.000213,0.000196,0.000177,0.000160,0.000152,0.000159,0.000118,0.000098,0.000102,0.000112,0.000105,0.000083,0.000029,0.000063,0.000041,0.000029,0.000033,0.000017,0.000007,0.000010,0.000038,0.000040,0.000064,0.000097,0.000142,0.000245,0.000229,0.000022,0.000062,0.000439,0.000407
224,,,,,,,,,,,,,0.000652,0.000004,0.000049,0.000068,0.000071,0.000098,0.000120,0.000125,0.000133,0.000131,0.000132,0.000126,0.000120,0.000107,0.000083,0.000069,0.000055,0.000052,0.000044,0.000019,0.000045,0.000028,0.000020,0.000023,0.000012,0.000015,0.000013,0.000026,0.000059,0.000067,0.000068,0.000046,0.000046,0.000047,0.000013,0.000017,0.000070,0.000075
225,,,,,,,,,,,,,0.000144,0.000004,0.000034,0.000048,0.000068,0.000061,0.000060,0.000051,0.000054,0.000052,0.000053,0.000056,0.000050,0.000037,0.000035,0.000044,0.000055,0.000063,0.000060,0.000024,0.000065,0.000033,0.000031,0.000041,0.000010,0.000005,0.000004,0.000016,0.000032,0.000111,0.000162,0.000165,0.000148,0.000164,0.000016,0.000038,0.000095,0.000081
226,,,,,,,,,,,,,-0.000097,0.000003,0.000041,0.000051,0.000044,0.000043,0.000055,0.000097,0.000128,0.000122,0.000143,0.000161,0.000222,0.000223,0.000209,0.000208,0.000174,0.000123,0.000102,0.000021,0.000068,0.000033,0.000029,0.000056,0.000037,0.000021,0.000030,0.000067,0.000088,0.000073,0.000061,0.000045,0.000046,0.000040,0.000008,0.000019,0.000070,0.000080
227,,,,,,,,,,,,,0.000591,0.000014,0.000213,0.000242,0.000211,0.000180,0.000184,0.000145,0.000125,0.000101,0.000072,0.000069,0.000065,0.000056,0.000056,0.000051,0.000063,0.000147,0.000126,0.000043,0.000081,0.000104,0.000047,0.000066,0.000033,0.000013,0.000019,0.000081,0.000038,0.000038,0.000205,0.000075,0.000105,0.000030,0.000009,0.000018,0.000084,0.000102
228,,,,,,,,,,,,,0.000544,0.000002,0.000033,0.000031,0.000046,0.000059,0.000061,0.000173,0.000129,0.000103,0.000067,0.000069,0.000071,0.000041,0.000042,0.000053,0.000036,0.000026,0.000039,0.000019,0.000035,0.000046,0.000033,0.000042,0.000016,0.000029,0.000053,0.000106,0.000188,0.000175,0.000109,0.000079,0.000060,0.000069,0.000010,0.000014,0.000051,0.000051
229,,,,,,,,,,,,,0.000324,0.000004,0.000162,0.000558,0.001199,0.001572,0.001392,0.000859,0.000707,0.000495,0.000360,0.000287,0.000255,0.000181,0.000144,0.000130,0.000119,0.000122,0.000158,0.000058,0.000263,0.000119,0.000077,0.000149,0.000024,0.000008,0.000010,0.000037,0.000036,0.000052,0.000036,0.000030,0.000023,0.000024,0.000014,0.000018,0.000042,0.000047
230,,,,,,,,,,,,,0.000141,0.000004,0.000071,0.000079,0.000121,0.000130,0.000127,0.000108,0.000095,0.000083,0.000107,0.000051,0.000049,0.000046,0.000049,0.000038,0.000029,0.000031,0.000033,0.000015,0.000042,0.000029,0.000021,0.000034,0.000016,0.000011,0.000004,0.000043,0.000047,0.000059,0.000081,0.000073,0.000090,0.000101,0.000017,0.000020,0.000083,0.000076
231,,,,,,,,,,,,,0.000166,0.000014,0.000233,0.000206,0.000180,0.000150,0.000107,0.000083,0.000087,0.000066,0.000061,0.000057,0.000080,0.000077,0.000072,0.000075,0.000073,0.000088,0.000113,0.000106,0.000148,0.000084,0.000051,0.000102,0.000020,0.000005,0.000008,0.000100,0.000167,0.000253,0.000189,0.000151,0.000121,0.000085,0.000007,0.000015,0.000075,0.000079
232,,,,,,,,,,,,,0.000403,0.000004,0.000066,0.000091,0.000113,0.000166,0.000305,0.000190,0.000164,0.000120,0.000108,0.000085,0.000094,0.000076,0.000078,0.000062,0.000051,0.000054,0.000044,0.000021,0.000068,0.000039,0.000029,0.000039,0.000011,0.000016,0.000022,0.000086,0.000090,0.000052,0.000027,0.000022,0.000013,0.000018,0.000004,0.000010,0.000039,0.000052
233,,,,,,,,,,,,,0.000391,0.000028,0.000229,0.000320,0.000363,0.000332,0.000285,0.000182,0.000194,0.000180,0.000150,0.000148,0.000173,0.000189,0.000167,0.000151,0.000128,0.000121,0.000110,0.000029,0.000083,0.000096,0.000138,0.000597,0.000076,0.000014,0.000013,0.000043,0.000067,0.000157,0.000085,0.000045,0.000043,0.000038,0.000004,0.000044,0.000464,0.000570
234,,,,,,,,,,,,,0.000370,0.000010,0.000089,0.000125,0.000135,0.000135,0.000123,0.000102,0.000129,0.000118,0.000096,0.000089,0.000070,0.000073,0.000072,0.000052,0.000056,0.000064,0.000083,0.000040,0.000255,0.000180,0.000105,0.000361,0.000068,0.000023,0.000021,0.000083,0.000094,0.000131,0.000070,0.000058,0.000047,0.000040,0.000005,0.000021,0.000138,0.000168
235,,,,,,,,,,,,,0.001111,0.000010,0.000211,0.000265,0.000227,0.000240,0.000227,0.000204,0.000236,0.000140,0.000107,0.000119,0.000118,0.000084,0.000075,0.000069,0.000067,0.000062,0.000066,0.000033,0.000106,0.000118,0.000063,0.000085,0.000032,0.000017,0.000033,0.000129,0.000152,0.000162,0.000134,0.000205,0.000177,0.000108,0.000010,0.000026,0.000144,0.000265
236,,,,,,,,,,,,,0.000052,0.000005,0.000076,0.000093,0.000081,0.000066,0.000075,0.000062,0.000052,0.000046,0.000035,0.000037,0.000039,0.000035,0.000036,0.000030,0.000032,0.000029,0.000030,0.000019,0.000048,0.000038,0.000049,0.000047,0.000018,0.000008,0.000021,0.000069,0.000079,0.000070,0.000074,0.000072,0.000067,0.000086,0.000010,0.000039,0.000079,0.000082
237,,,,,,,,,,,,,0.000701,0.000013,0.000098,0.000126,0.000136,0.000173,0.000175,0.000159,0.000152,0.000113,0.000074,0.000078,0.000070,0.000066,0.000067,0.000062,0.000058,0.000059,0.000062,0.000078,0.000047,0.000038,0.000035,0.000062,0.000019,0.000018,0.000029,0.000137,0.000082,0.000085,0.000070,0.000098,0.000126,0.000144,0.000012,0.000050,0.000360,0.000323
238,,,,,,,,,,,,,0.000132,0.000003,0.000051,0.000079,0.000075,0.000087,0.000115,0.000133,0.000326,0.000529,0.000717,0.000789,0.001206,0.001225,0.001241,0.001227,0.001149,0.000942,0.000724,0.000194,0.000389,0.000128,0.000072,0.000156,0.000033,0.000015,0.000012,0.000056,0.000068,0.000086,0.000065,0.000057,0.000046,0.000043,0.000006,0.000013,0.000045,0.000050
239,,,,,,,,,,,,,0.000451,0.000002,0.000025,0.000043,0.000091,0.000062,0.000070,0.000065,0.000058,0.000064,0.000078,0.000081,0.000099,0.000145,0.000176,0.000263,0.000334,0.000420,0.000490,0.000104,0.000362,0.000138,0.000091,0.000163,0.000029,0.000012,0.000012,0.000061,0.000055,0.000054,0.000046,0.000038,0.000029,0.000029,0.000007,0.000017,0.000045,0.000075
240,,,,,,,,,,,,,0.002491,0.000024,0.000267,0.000247,0.000198,0.000180,0.000160,0.000156,0.000138,0.000163,0.000163,0.000139,0.000105,0.000100,0.000091,0.000093,0.000063,0.000059,0.000022,0.000035,0.000025,0.000066,0.000042,0.000068,0.000028,0.000027,0.000045,0.000114,0.000162,0.000277,0.000289,0.000339,0.000273,0.000219,0.000020,0.000051,0.000253,0.000290
241,,,,,,,,,,,,,-0.000000,0.000012,0.000112,0.000146,0.000126,0.000104,0.000086,0.000074,0.000085,0.000070,0.000065,0.000085,0.000097,0.000090,0.000089,0.000064,0.000054,0.000071,0.000111,0.000094,0.000880,0.000520,0.000290,0.000547,0.000050,0.000012,0.000016,0.000036,0.000028,0.000033,0.000022,0.000039,0.000044,0.000053,0.000009,0.000041,0.000346,0.000331
242,,,,,,,,,,,,,-0.000117,0.000003,0.000136,0.000312,0.000527,0.000644,0.000571,0.000361,0.000330,0.000231,0.000173,0.000127,0.000115,0.000085,0.000104,0.000182,0.000294,0.000223,0.000248,0.000103,0.000492,0.000168,0.000130,0.000445,0.000076,0.000020,0.000017,0.000058,0.000077,0.000082,0.000072,0.000068,0.000092,0.000115,0.000022,0.000039,0.000071,0.000083
243,,,,,,,,,,,,,0.000177,0.000006,0.000054,0.000073,0.000158,0.000280,0.000293,0.000243,0.000239,0.000202,0.000195,0.000152,0.000156,0.000115,0.000096,0.000072,0.000076,0.000077,0.000077,0.000028,0.000059,0.000043,0.000024,0.000038,0.000027,0.000010,0.000013,0.000050,0.000036,0.000036,0.000022,0.000019,0.000013,0.000015,0.000008,0.000044,0.000112,0.000109
244,,,,,,,,,,,,,0.000874,0.000017,0.000201,0.000190,0.000145,0.000121,0.000127,0.000130,0.000165,0.000208,0.000220,0.000301,0.000479,0.000526,0.000452,0.000370,0.000260,0.000195,0.000144,0.000039,0.000084,0.000037,0.000032,0.000049,0.000017,0.000006,0.000014,0.000035,0.000037,0.000033,0.000027,0.000033,0.000032,0.000028,0.000008,0.000012,0.000023,0.000028
245,,,,,,,,,,,,,0.000454,0.000005,0.000067,0.000127,0.000131,0.000174,0.000228,0.000204,0.000251,0.000251,0.000252,0.000229,0.000236,0.000191,0.000163,0.000129,0.000107,0.000102,0.000096,0.000036,0.000066,0.000037,0.000024,0.000052,0.000032,0.000011,0.000025,0.000153,0.000143,0.000121,0.000080,0.000059,0.000044,0.000039,0.000008,0.000010,0.000032,0.000031
246,,,,,,,,,,,,,0.002644,0.000003,0.000047,0.000059,0.000071,0.000073,0.000061,0.000047,0.000063,0.000049,0.000047,0.000056,0.000082,0.000078,0.000061,0.000056,0.000050,0.000049,0.000084,0.000032,0.000138,0.000050,0.000032,0.000069,0.000027,0.000030,0.000077,0.000119,0.000058,0.000070,0.000052,0.000042,0.000026,0.000027,0.000005,0.000013,0.000037,0.000048
247,,,,,,,,,,,,,0.000713,0.000006,0.000116,0.000149,0.000161,0.000254,0.000405,0.000581,0.001082,0.001300,0.001192,0.001185,0.001071,0.000803,0.000667,0.000441,0.000322,0.000275,0.000238,0.000055,0.000148,0.000060,0.000039,0.000064,0.000015,0.000006,0.000008,0.000039,0.000038,0.000059,0.000047,0.000041,0.000038,0.000022,0.000005,0.000014,0.000038,0.000047
248,,,,,,,,,,,,,0.000161,0.000014,0.000161,0.000216,0.000191,0.000167,0.000144,0.000141,0.000275,0.000410,0.000527,0.000623,0.000785,0.000780,0.000779,0.000733,0.000586,0.000532,0.000490,0.000139,0.000429,0.000127,0.000093,0.000285,0.000041,0.000011,0.000015,0.000063,0.000069,0.000103,0.000066,0.000049,0.000045,0.000032,0.000005,0.000012,0.000085,0.000072
249,,,,,,,,,,,,,0.000897,0.000018,0.000341,0.000749,0.001059,0.001085,0.000884,0.000601,0.000603,0.000492,0.000406,0.000378,0.000343,0.000247,0.000203,0.000151,0.000110,0.000108,0.000119,0.000096,0.000154,0.000061,0.000033,0.000056,0.000013,0.000007,0.000010,0.000039,0.000044,0.000062,0.000053,0.000055,0.000038,0.000026,0.000010,0.000028,0.000086,0.000117
250,,,,,,,,,,,,,0.001995,0.000003,0.000033,0.000046,0.000110,0.000171,0.000218,0.000226,0.000318,0.000261,0.000456,0.000201,0.000238,0.000256,0.000359,0.000347,0.000435,0.000471,0.000505,0.000186,0.000420,0.000136,0.000073,0.000209,0.000036,0.000015,0.000026,0.000087,0.000109,0.000138,0.000069,0.000052,0.000052,0.000046,0.000007,0.000018,0.000069,0.000071
251,,,,,,,,,,,,,0.000062,0.000003,0.000044,0.000047,0.000041,0.000030,0.000012,0.000020,0.000029,0.000051,0.000058,0.000066,0.000085,0.000107,0.000141,0.000151,0.000133,0.000133,0.000104,0.000032,0.000075,0.000097,0.000044,0.000106,0.000026,0.000019,0.000047,0.000200,0.000084,0.000084,0.000092,0.000111,0.000106,0.000088,0.000007,0.000020,0.000040,0.000050
252,,,,,,,,,,,,,0.000499,0.000007,0.000094,0.000081,0.000063,0.000043,0.000050,0.000042,0.000034,0.000043,0.000039,0.000030,0.000039,0.000033,0.000047,0.000022,0.000028,0.000037,0.000035,0.000024,0.000022,0.000033,0.000044,0.000024,0.000017,0.000009,0.000017,0.000251,0.000321,0.000433,0.000291,0.000239,0.000177,0.000188,0.000044,0.000076,0.000222,0.000147
253,,,,,,,,,,,,,0.002033,0.000006,0.000075,0.000097,0.000097,0.000134,0.000222,0.000272,0.000403,0.000473,0.000521,0.000500,0.000589,0.000522,0.000494,0.000360,0.000316,0.000242,0.000218,0.000066,0.000212,0.000085,0.000060,0.000169,0.000089,0.000017,0.000019,0.000127,0.000133,0.000173,0.000095,0.000074,0.000070,0.000056,0.000006,0.000025,0.000070,0.000079
254,,,,,,,,,,,,,0.001025,0.000005,0.000077,0.000118,0.000155,0.000168,0.000149,0.000116,0.000121,0.000110,0.000095,0.000090,0.000086,0.000079,0.000083,0.000083,0.000074,0.000083,0.000064,0.000029,0.000061,0.000042,0.000032,0.000056,0.000023,0.000011,0.000020,0.000053,0.000054,0.000062,0.000378,0.000074,0.000057,0.000050,0.000013,0.000019,0.000064,0.000056
255,,,,,,,,,,,,,0.000875,0.000003,0.000038,0.000037,0.000047,0.000033,0.000026,0.000021,0.000040,0.000060,0.000052,0.000097,0.000167,0.000245,0.000305,0.000304,0.000349,0.000463,0.000582,0.000166,0.000746,0.000281,0.000183,0.000412,0.000068,0.000014,0.000017,0.000130,0.000147,0.000168,0.000113,0.000087,0.000096,0.000113,0.000015,0.000033,0.000063,0.000063
256,,,,,,,,,,,,,0.000328,0.000004,0.000066,0.000098,0.000125,0.000130,0.000135,0.000151,0.000222,0.000264,0.000232,0.000174,0.000153,0.000127,0.000128,0.000120,0.000160,0.000235,0.000350,0.000143,0.000881,0.000375,0.000206,0.000358,0.000032,0.000007,0.000010,0.000070,0.000117,0.000088,0.000047,0.000045,0.000027,0.000023,0.000005,0.000014,0.000062,0.000091
257,,,,,,,,,,,,,-0.000008,0.000007,0.000148,0.000128,0.000130,0.000125,0.000094,0.000069,0.000090,0.000097,0.000110,0.000130,0.000173,0.000187,0.000185,0.000176,0.000215,0.000291,0.000334,0.000071,0.000243,0.000087,0.000055,0.000124,0.000020,0.000008,0.000010,0.000069,0.000125,0.000111,0.000103,0.000118,0.000110,0.000108,0.000011,0.000019,0.000077,0.000112
258,,,,,,,,,,,,,0.000330,0.000012,0.000076,0.000069,0.000070,0.000046,0.000052,0.000041,0.000058,0.000067,0.000074,0.000099,0.000141,0.000172,0.000193,0.000190,0.000165,0.000180,0.000176,0.000166,0.000133,0.000169,0.000078,0.000116,0.000030,0.000011,0.000014,0.000057,0.000046,0.000055,0.000034,0.000029,0.000032,0.000038,0.000017,0.000082,0.000373,0.000277
259,,,,,,,,,,,,,0.000279,0.000006,0.000134,0.000207,0.000212,0.000182,0.000172,0.000109,0.000109,0.000095,0.000068,0.000066,0.000055,0.000049,0.000061,0.000098,0.000120,0.000179,0.000218,0.000056,0.000226,0.000076,0.000043,0.000072,0.000011,0.000005,0.000011,0.000091,0.000096,0.000098,0.000070,0.000056,0.000043,0.000037,0.000004,0.000017,0.000165,0.000307
260,,,,,,,,,,,,,0.000667,0.000003,0.000029,0.000028,0.000039,0.000035,0.000032,0.000020,0.000017,0.000030,0.000025,0.000023,0.000016,0.000014,0.000014,0.000005,0.000019,0.000023,0.000040,0.000014,0.000152,0.000306,0.000156,0.000176,0.000030,0.000033,0.000054,0.000098,0.000085,0.000110,0.000135,0.000131,0.000148,0.000154,0.000024,0.000049,0.000095,0.000080
261,,,,,,,,,,,,,0.009310,0.000011,0.000136,0.000138,0.000125,0.000114,0.000104,0.000077,0.000075,0.000067,0.000054,0.000051,0.000048,0.000031,0.000040,0.000074,0.000104,0.000158,0.000214,0.000049,0.000148,0.000061,0.000061,0.000270,0.000056,0.000027,0.000023,0.000066,0.000083,0.000133,0.000108,0.000078,0.000115,0.000221,0.000061,0.000097,0.000274,0.000484
262,,,,,,,,,,,,,-0.000010,0.000016,0.000213,0.000287,0.000256,0.000242,0.000328,0.000282,0.000263,0.000216,0.000190,0.000169,0.000209,0.000231,0.000260,0.000324,0.000437,0.000599,0.000629,0.000160,0.000608,0.000238,0.000130,0.000184,0.000040,0.000006,0.000012,0.000064,0.000064,0.000056,0.000030,0.000037,0.000038,0.000031,0.000005,0.000011,0.000025,0.000042
263,,,,,,,,,,,,,0.000801,0.000030,0.000366,0.000387,0.000321,0.000287,0.000299,0.000269,0.000333,0.000384,0.000332,0.000427,0.000469,0.000476,0.000525,0.000536,0.000621,0.000646,0.000620,0.000158,0.000601,0.000214,0.000112,0.000232,0.000031,0.000010,0.000009,0.000034,0.000027,0.000039,0.000032,0.000031,0.000032,0.000024,0.000006,0.000011,0.000068,0.000093
264,,,,,,,,,,,,,0.004619,0.000007,0.000087,0.000106,0.000088,0.000066,0.000056,0.000050,0.000054,0.000049,0.000045,0.000045,0.000041,0.000045,0.000056,0.000041,0.000043,0.000030,0.000036,0.000016,0.000033,0.000023,0.000027,0.000079,0.000023,0.000016,0.000015,0.000070,0.000049,0.000059,0.000063,0.000073,0.000092,0.000103,0.000015,0.000036,0.000089,0.000280
265,,,,,,,,,,,,,0.000291,0.000004,0.000056,0.000066,0.000068,0.000079,0.000084,0.000072,0.000079,0.000081,0.000073,0.000065,0.000057,0.000055,0.000038,0.000030,0.000026,0.000048,0.000060,0.000062,0.000112,0.000088,0.000102,0.000143,0.000068,0.000013,0.000014,0.000093,0.000136,0.000233,0.000211,0.000223,0.000188,0.000152,0.000013,0.000021,0.000047,0.000051
266,,,,,,,,,,,,,0.000173,0.000006,0.000089,0.000127,0.000124,0.000100,0.000092,0.000074,0.000063,0.000071,0.000082,0.000126,0.000232,0.000338,0.000446,0.000505,0.000546,0.000533,0.000418,0.000068,0.000220,0.000081,0.000051,0.000094,0.000014,0.000007,0.000016,0.000065,0.000067,0.000063,0.000052,0.000062,0.000055,0.000043,0.000005,0.000013,0.000083,0.000113
267,,,,,,,,,,,,,0.000180,0.000003,0.000067,0.000117,0.000115,0.000106,0.000097,0.000072,0.000073,0.000073,0.000066,0.000082,0.000096,0.000105,0.000109,0.000105,0.000100,0.000104,0.000086,0.000028,0.000079,0.000045,0.000036,0.000059,0.000011,0.000004,0.000006,0.000026,0.000026,0.000032,0.000039,0.000084,0.000078,0.000061,0.000012,0.000012,0.000049,0.000044
268,,,,,,,,,,,,,0.000381,0.000002,0.000043,0.000071,0.000088,0.000118,0.000123,0.000085,0.000091,0.000080,0.000068,0.000068,0.000073,0.000072,0.000059,0.000055,0.000085,0.000116,0.000097,0.000024,0.000071,0.000026,0.000020,0.000035,0.000014,0.000016,0.000012,0.000036,0.000037,0.000036,0.000027,0.000030,0.000021,0.000021,0.000005,0.000017,0.000046,0.000050
269,,,,,,,,,,,,,0.001518,0.000005,0.000061,0.000075,0.000074,0.000066,0.000059,0.000066,0.000076,0.000103,0.000131,0.000234,0.000395,0.000542,0.000699,0.000725,0.000742,0.000670,0.000666,0.000232,0.000519,0.000164,0.000088,0.000171,0.000029,0.000013,0.000018,0.000054,0.000054,0.000052,0.000059,0.000067,0.000084,0.000121,0.000014,0.000037,0.000216,0.000156
270,,,,,,,,,,,,,0.000696,0.000003,0.000038,0.000033,0.000037,0.000060,0.000062,0.000057,0.000049,0.000055,0.000048,0.000032,0.000026,0.000024,0.000029,0.000041,0.000047,0.000070,0.000079,0.000135,0.000114,0.000115,0.000067,0.000079,0.000016,0.000009,0.000026,0.000048,0.000066,0.000084,0.000061,0.000060,0.000041,0.000035,0.000011,0.000017,0.000026,0.000034
271,,,,,,,,,,,,,0.000210,0.000034,0.000227,0.000279,0.000252,0.000233,0.000165,0.000123,0.000161,0.000137,0.000162,0.000140,0.000115,0.000107,0.000116,0.000085,0.000059,0.000076,0.000073,0.000036,0.000052,0.000055,0.000039,0.000080,0.000025,0.000007,0.000011,0.000043,0.000048,0.000065,0.000049,0.000047,0.000054,0.000054,0.000010,0.000050,0.000455,0.000633
272,,,,,,,,,,,,,0.000945,0.000005,0.000073,0.000091,0.000109,0.000142,0.000177,0.000205,0.000371,0.000479,0.000546,0.000723,0.000920,0.000903,0.000799,0.000722,0.000526,0.000402,0.000275,0.000100,0.000159,0.000057,0.000047,0.000057,0.000015,0.000008,0.000011,0.000033,0.000026,0.000030,0.000019,0.000021,0.000019,0.000013,0.000008,0.000023,0.000064,0.000076
273,,,,,,,,,,,,,0.001312,0.000003,0.000035,0.000037,0.000048,0.000097,0.000235,0.000401,0.000715,0.000860,0.000730,0.000672,0.000651,0.000450,0.000361,0.000302,0.000233,0.000199,0.000165,0.000038,0.000098,0.000042,0.000028,0.000041,0.000010,0.000004,0.000005,0.000026,0.000024,0.000042,0.000045,0.000048,0.000038,0.000038,0.000005,0.000010,0.000033,0.000043
274,,,,,,,,,,,,,0.000485,0.000012,0.000088,0.000104,0.000086,0.000083,0.000069,0.000084,0.000088,0.000091,0.000052,0.000031,0.000027,0.000020,0.000016,0.000010,0.000008,0.000016,0.000014,0.000017,0.000018,0.000027,0.000018,0.000039,0.000025,0.000006,0.000008,0.000029,0.000038,0.000034,0.000028,0.000051,0.000045,0.000061,0.000011,0.000034,0.000215,0.000249
275,,,,,,,,,,,,,0.000455,0.000004,0.000063,0.000079,0.000078,0.000115,0.000118,0.000109,0.000139,0.000137,0.000126,0.000106,0.000114,0.000083,0.000059,0.000046,0.000038,0.000054,0.000054,0.000029,0.000111,0.000111,0.000070,0.000194,0.000055,0.000026,0.000059,0.000385,0.000392,0.000509,0.000382,0.000315,0.000240,0.000166,0.000010,0.000023,0.000052,0.000060
276,,,,,,,,,,,,,0.000139,0.000012,0.000216,0.000404,0.000637,0.001060,0.001337,0.001161,0.001320,0.001128,0.000879,0.000857,0.000789,0.000678,0.000650,0.000567,0.000531,0.000517,0.000480,0.000129,0.000466,0.000175,0.000113,0.000305,0.000047,0.000012,0.000011,0.000062,0.000058,0.000114,0.000106,0.000130,0.000116,0.000110,0.000008,0.000028,0.000131,0.000135
277,,,,,,,,,,,,,0.000498,0.000002,0.000027,0.000052,0.000079,0.000096,0.000110,0.000144,0.000170,0.000135,0.000097,0.000062,0.000042,0.000029,0.000026,0.000018,0.000017,0.000017,0.000037,0.000026,0.000046,0.000045,0.000032,0.000094,0.000037,0.000020,0.000039,0.000281,0.000367,0.000293,0.000170,0.000143,0.000102,0.000070,0.000009,0.000020,0.000071,0.000083
278,,,,,,,,,,,,,0.000871,0.000004,0.000068,0.000096,0.000099,0.000098,0.000075,0.000108,0.000169,0.000260,0.000310,0.000410,0.000594,0.000644,0.000688,0.000685,0.000609,0.000550,0.000437,0.000087,0.000287,0.000108,0.000061,0.000121,0.000025,0.000009,0.000010,0.000041,0.000042,0.000044,0.000034,0.000021,0.000027,0.000031,0.000006,0.000014,0.000029,0.000038
279,,,,,,,,,,,,,0.000529,0.000018,0.000270,0.000323,0.000280,0.000242,0.000182,0.000120,0.000137,0.000118,0.000098,0.000097,0.000098,0.000081,0.000078,0.000046,0.000035,0.000035,0.000035,0.000016,0.000048,0.000033,0.000025,0.000062,0.000027,0.000013,0.000025,0.000111,0.000074,0.000092,0.000062,0.000052,0.000050,0.000049,0.000017,0.000023,0.000057,0.000054
280,,,,,,,,,,,,,0.000260,0.000005,0.000046,0.000051,0.000055,0.000070,0.000049,0.000036,0.000037,0.000059,0.000101,0.000071,0.000079,0.000067,0.000048,0.000060,0.000111,0.000181,0.000254,0.000081,0.000234,0.000074,0.000058,0.000264,0.000059,0.000018,0.000028,0.000058,0.000111,0.000153,0.000106,0.000080,0.000083,0.000070,0.000015,0.000022,0.000054,0.000041
281,,,,,,,,,,,,,0.000687,0.000005,0.000041,0.000064,0.000094,0.000130,0.000122,0.000111,0.000157,0.000149,0.000144,0.000161,0.000193,0.000187,0.000164,0.000147,0.000124,0.000122,0.000146,0.000056,0.000178,0.000072,0.000058,0.000151,0.000024,0.000007,0.000008,0.000051,0.000058,0.000088,0.000083,0.000160,0.000149,0.000137,0.000011,0.000027,0.000129,0.000092
282,,,,,,,,,,,,,0.000314,0.000007,0.000102,0.000130,0.000134,0.000141,0.000159,0.000132,0.000129,0.000107,0.000089,0.000093,0.000113,0.000098,0.000115,0.000111,0.000115,0.000159,0.000196,0.000104,0.000373,0.000118,0.000062,0.000114,0.000018,0.000006,0.000008,0.000057,0.000142,0.000289,0.000126,0.000095,0.000056,0.000047,0.000006,0.000024,0.000063,0.000070
283,,,,,,,,,,,,,0.000311,0.000015,0.000271,0.000566,0.000737,0.000815,0.000751,0.000505,0.000507,0.000464,0.000490,0.000528,0.000561,0.000488,0.000464,0.000451,0.000465,0.000456,0.000441,0.000087,0.000311,0.000128,0.000093,0.000256,0.000040,0.000007,0.000011,0.000136,0.000195,0.000236,0.000151,0.000120,0.000092,0.000070,0.000005,0.000020,0.000208,0.000277
284,,,,,,,,,,,,,0.000386,0.000008,0.000133,0.000167,0.000188,0.000252,0.000231,0.000163,0.000176,0.000164,0.000137,0.000129,0.000148,0.000141,0.000159,0.000165,0.000201,0.000213,0.000219,0.000058,0.000149,0.000054,0.000033,0.000063,0.000015,0.000007,0.000007,0.000047,0.000072,0.000084,0.000067,0.000083,0.000096,0.000099,0.000010,0.000009,0.000026,0.000031
285,,,,,,,,,,,,,0.000358,0.000005,0.000085,0.000172,0.000314,0.000631,0.000718,0.000586,0.000593,0.000507,0.000402,0.000377,0.000357,0.000278,0.000242,0.000165,0.000121,0.000096,0.000081,0.000030,0.000094,0.000073,0.000054,0.000061,0.000025,0.000012,0.000032,0.000094,0.000113,0.000096,0.000093,0.000095,0.000059,0.000040,0.000007,0.000021,0.000056,0.000057
286,,,,,,,,,,,,,0.000504,0.000008,0.000106,0.000117,0.000174,0.000246,0.000428,0.000497,0.000499,0.000511,0.000396,0.000339,0.000357,0.000350,0.000365,0.000368,0.000419,0.000366,0.000265,0.000055,0.000165,0.000121,0.000089,0.000045,0.000039,0.000016,0.000023,0.000121,0.000253,0.000134,0.000108,0.000088,0.000090,0.000065,0.000007,0.000022,0.000053,0.000059
287,,,,,,,,,,,,,0.000343,0.000018,0.000201,0.000241,0.000203,0.000172,0.000149,0.000114,0.000124,0.000122,0.000098,0.000073,0.000078,0.000069,0.000067,0.000054,0.000047,0.000043,0.000036,0.000016,0.000037,0.000036,0.000038,0.000068,0.000012,0.000006,0.000007,0.000025,0.000029,0.000030,0.000025,0.000024,0.000020,0.000023,0.000006,0.000012,0.000099,0.000089
288,,,,,,,,,,,,,0.000013,0.000009,0.000071,0.000080,0.000061,0.000056,0.000055,0.000088,0.000152,0.000188,0.000179,0.000232,0.000271,0.000231,0.000230,0.000176,0.000127,0.000132,0.000114,0.000029,0.000092,0.000048,0.000037,0.000085,0.000017,0.000006,0.000008,0.000027,0.000051,0.000098,0.000111,0.000112,0.000079,0.000057,0.000005,0.000017,0.000140,0.000164
289,,,,,,,,,,,,,0.001108,0.000008,0.000268,0.000459,0.000468,0.000424,0.000341,0.000222,0.000243,0.000200,0.000171,0.000158,0.000137,0.000139,0.000207,0.000301,0.000387,0.000472,0.000511,0.000095,0.000329,0.000116,0.000063,0.000120,0.000023,0.000006,0.000010,0.000095,0.000107,0.000159,0.000135,0.000132,0.000127,0.000118,0.000009,0.000019,0.000055,0.000054
290,,,,,,,,,,,,,0.000048,0.000004,0.000050,0.000064,0.000078,0.000074,0.000067,0.000047,0.000074,0.000072,0.000053,0.000057,0.000071,0.000070,0.000053,0.000049,0.000043,0.000055,0.000044,0.000015,0.000048,0.000067,0.000069,0.000029,0.000009,0.000009,0.000007,0.000023,0.000038,0.000045,0.000039,0.000031,0.000023,0.000026,0.000007,0.000016,0.000054,0.000056
291,,,,,,,,,,,,,0.012477,0.000010,0.000129,0.000119,0.000144,0.000182,0.000273,0.000361,0.000620,0.000633,0.000573,0.000573,0.000547,0.000417,0.000295,0.000243,0.000187,0.000139,0.000105,0.000033,0.000077,0.000115,0.000040,0.000046,0.000012,0.000011,0.000011,0.000107,0.000046,0.000036,0.000033,0.000032,0.000020,0.000017,0.000012,0.000013,0.000091,0.000113
292,,,,,,,,,,,,,0.000328,0.000007,0.000118,0.000262,0.000300,0.000327,0.000292,0.000188,0.000168,0.000117,0.000081,0.000064,0.000060,0.000046,0.000047,0.000043,0.000036,0.000046,0.000051,0.000043,0.000043,0.000019,0.000014,0.000052,0.000023,0.000012,0.000013,0.000011,0.000024,0.000040,0.000062,0.000101,0.000095,0.000124,0.000015,0.000046,0.000199,0.000166
293,,,,,,,,,,,,,0.000590,0.000003,0.000025,0.000035,0.000050,0.000045,0.000063,0.000065,0.000075,0.000087,0.000084,0.000067,0.000074,0.000074,0.000068,0.000065,0.000052,0.000047,0.000086,0.000029,0.000081,0.000047,0.000037,0.000072,0.000019,0.000022,0.000013,0.000036,0.000049,0.000065,0.000051,0.000039,0.000042,0.000041,0.000006,0.000015,0.000043,0.000054
294,,,,,,,,,,,,,-0.000026,0.000022,0.000372,0.000549,0.000574,0.000577,0.000556,0.000399,0.000384,0.000327,0.000263,0.000270,0.000267,0.000231,0.000238,0.000231,0.000223,0.000245,0.000283,0.000068,0.000319,0.000160,0.000116,0.000270,0.000033,0.000008,0.000010,0.000056,0.000050,0.000081,0.000059,0.000098,0.000047,0.000036,0.000003,0.000011,0.000050,0.000056
295,,,,,,,,,,,,,0.000660,0.000005,0.000061,0.000083,0.000106,0.000139,0.000148,0.000130,0.000158,0.000271,0.000271,0.000189,0.000156,0.000129,0.000118,0.000121,0.000105,0.000130,0.000084,0.000028,0.000075,0.000042,0.000026,0.000041,0.000014,0.000013,0.000011,0.000016,0.000022,0.000036,0.000031,0.000019,0.000020,0.000014,0.000007,0.000022,0.000069,0.000082
296,,,,,,,,,,,,,0.000289,0.000015,0.000425,0.000711,0.000703,0.000629,0.000551,0.000388,0.000393,0.000305,0.000218,0.000207,0.000213,0.000154,0.000155,0.000149,0.000183,0.000271,0.000279,0.000074,0.000239,0.000159,0.000214,0.000184,0.000033,0.000012,0.000017,0.000091,0.000094,0.000107,0.000057,0.000053,0.000064,0.000058,0.000008,0.000022,0.000095,0.000100
297,,,,,,,,,,,,,0.000223,0.000008,0.000068,0.000095,0.000106,0.000089,0.000076,0.000054,0.000057,0.000039,0.000060,0.000039,0.000039,0.000028,0.000060,0.000067,0.000091,0.000128,0.000119,0.000058,0.000064,0.000042,0.000035,0.000044,0.000051,0.000014,0.000017,0.000076,0.000068,0.000134,0.000173,0.000158,0.000149,0.000126,0.000018,0.000024,0.000097,0.000074
298,,,,,,,,,,,,,0.000281,0.000006,0.000084,0.000114,0.000111,0.000125,0.000132,0.000107,0.000088,0.000080,0.000061,0.000051,0.000058,0.000055,0.000053,0.000051,0.000076,0.000110,0.000149,0.000059,0.000376,0.000239,0.000157,0.000326,0.000040,0.000007,0.000019,0.000129,0.000114,0.000102,0.000080,0.000087,0.000081,0.000078,0.000016,0.000048,0.000140,0.000120
299,,,,,,,,,,,,,-0.000052,0.000003,0.000041,0.000049,0.000051,0.000048,0.000057,0.000051,0.000099,0.000103,0.000065,0.000045,0.000052,0.000059,0.000064,0.000066,0.000062,0.000052,0.000045,0.000024,0.000064,0.000040,0.000035,0.000063,0.000015,0.000008,0.000011,0.000033,0.000032,0.000043,0.000033,0.000046,0.000069,0.000165,0.000023,0.000054,0.000102,0.000323
300,,,,,,,,,,,,,0.001615,0.000009,0.000475,0.000857,0.001135,0.001147,0.000967,0.000663,0.000592,0.000419,0.000323,0.000296,0.000271,0.000211,0.000191,0.000170,0.000157,0.000133,0.000092,0.000033,0.000085,0.000044,0.000036,0.000048,0.000017,0.000007,0.000008,0.000035,0.000044,0.000036,0.000033,0.000038,0.000030,0.000034,0.000007,0.000018,0.000075,0.000083
301,,,,,,,,,,,,,0.000094,0.000011,0.000090,0.000114,0.000121,0.000111,0.000102,0.000084,0.000091,0.000081,0.000064,0.000060,0.000068,0.000059,0.000056,0.000045,0.000034,0.000033,0.000025,0.000031,0.000033,0.000029,0.000020,0.000035,0.000012,0.000004,0.000006,0.000016,0.000038,0.000038,0.000064,0.000042,0.000029,0.000018,0.000007,0.000040,0.000246,0.000254
302,,,,,,,,,,,,,0.000034,0.000005,0.000058,0.000095,0.000133,0.000133,0.000121,0.000086,0.000095,0.000083,0.000074,0.000073,0.000094,0.000104,0.000159,0.000250,0.000269,0.000265,0.000317,0.000076,0.000325,0.000118,0.000067,0.000137,0.000022,0.000010,0.000017,0.000066,0.000053,0.000060,0.000038,0.000043,0.000048,0.000036,0.000006,0.000017,0.000056,0.000060
303,,,,,,,,,,,,,0.000174,0.000003,0.000085,0.000091,0.000095,0.000099,0.000156,0.000186,0.000282,0.000325,0.000398,0.000552,0.000679,0.000819,0.000898,0.001015,0.000957,0.000781,0.000564,0.000095,0.000286,0.000141,0.000069,0.000142,0.000022,0.000011,0.000016,0.000104,0.000042,0.000049,0.000080,0.000039,0.000024,0.000022,0.000005,0.000012,0.000044,0.000049
304,,,,,,,,,,,,,0.001320,0.000004,0.000052,0.000048,0.000055,0.000053,0.000058,0.000040,0.000053,0.000048,0.000047,0.000055,0.000051,0.000041,0.000043,0.000030,0.000033,0.000043,0.000045,0.000022,0.000033,0.000029,0.000017,0.000023,0.000015,0.000017,0.000010,0.000029,0.000035,0.000062,0.000039,0.000044,0.000031,0.000030,0.000010,0.000019,0.000064,0.000086
305,,,,,,,,,,,,,0.000667,0.000028,0.000437,0.000559,0.000524,0.000505,0.000428,0.000282,0.000254,0.000211,0.000188,0.000180,0.000183,0.000227,0.000371,0.000513,0.000646,0.000836,0.000781,0.000185,0.000530,0.000167,0.000087,0.000154,0.000029,0.000008,0.000010,0.000041,0.000041,0.000038,0.000041,0.000042,0.000030,0.000040,0.000008,0.000019,0.000051,0.000078
306,,,,,,,,,,,,,-0.000015,0.000007,0.000098,0.000120,0.000102,0.000111,0.000102,0.000084,0.000103,0.000093,0.000095,0.000126,0.000155,0.000145,0.000175,0.000175,0.000180,0.000231,0.000233,0.000089,0.000297,0.000111,0.000079,0.000219,0.000034,0.000007,0.000009,0.000055,0.000091,0.000080,0.000048,0.000047,0.000036,0.000034,0.000005,0.000017,0.000107,0.000123
307,,,,,,,,,,,,,0.001168,0.000008,0.000127,0.000193,0.000245,0.000319,0.000345,0.000279,0.000345,0.000354,0.000341,0.000265,0.000255,0.000217,0.000206,0.000190,0.000182,0.000176,0.000141,0.000046,0.000138,0.000064,0.000054,0.000147,0.000041,0.000008,0.000011,0.000074,0.000080,0.000133,0.000138,0.000159,0.000209,0.000245,0.000016,0.000031,0.000079,0.000094
308,,,,,,,,,,,,,0.000673,0.000005,0.000061,0.000073,0.000096,0.000099,0.000119,0.000087,0.000067,0.000060,0.000059,0.000058,0.000068,0.000064,0.000061,0.000054,0.000070,0.000057,0.000057,0.000030,0.000074,0.000034,0.000030,0.000059,0.000016,0.000008,0.000011,0.000040,0.000292,0.000096,0.000073,0.000068,0.000053,0.000059,0.000009,0.000023,0.000057,0.000056
309,,,,,,,,,,,,,0.004880,0.000007,0.000113,0.000102,0.000089,0.000094,0.000080,0.000050,0.000066,0.000085,0.000098,0.000099,0.000127,0.000119,0.000108,0.000083,0.000063,0.000052,0.000042,0.000035,0.000057,0.000040,0.000033,0.000056,0.000016,0.000016,0.000016,0.000080,0.000142,0.000229,0.000180,0.000137,0.000096,0.000111,0.000029,0.000070,0.000122,0.000174
310,,,,,,,,,,,,,0.000238,0.000004,0.000146,0.000355,0.000501,0.000505,0.000410,0.000256,0.000262,0.000207,0.000151,0.000143,0.000130,0.000101,0.000092,0.000075,0.000059,0.000064,0.000075,0.000033,0.000079,0.000038,0.000026,0.000056,0.000017,0.000006,0.000008,0.000036,0.000039,0.000048,0.000067,0.000087,0.000086,0.000059,0.000009,0.000028,0.000043,0.000060
311,,,,,,,,,,,,,-0.000023,0.000021,0.000380,0.000669,0.000861,0.000887,0.000769,0.000488,0.000401,0.000324,0.000278,0.000243,0.000220,0.000175,0.000140,0.000125,0.000106,0.000085,0.000095,0.000027,0.000072,0.000046,0.000048,0.000076,0.000018,0.000006,0.000009,0.000057,0.000076,0.000066,0.000055,0.000043,0.000044,0.000043,0.000006,0.000013,0.000048,0.000053
312,,,,,,,,,,,,,0.000590,0.000006,0.000065,0.000080,0.000080,0.000079,0.000082,0.000091,0.000096,0.000215,0.000230,0.000085,0.000064,0.000059,0.000100,0.000101,0.000137,0.000170,0.000205,0.000050,0.000218,0.000095,0.000070,0.000166,0.000034,0.000008,0.000011,0.000071,0.000190,0.000175,0.000088,0.000088,0.000086,0.000088,0.000024,0.000039,0.000101,0.000105
313,,,,,,,,,,,,,0.002485,0.000005,0.000148,0.000120,0.000097,0.000097,0.000118,0.000076,0.000093,0.000087,0.000060,0.000062,0.000067,0.000052,0.000059,0.000049,0.000049,0.000054,0.000054,0.000084,0.000076,0.000066,0.000088,0.000064,0.000041,0.000008,0.000008,0.000073,0.000053,0.000062,0.000053,0.000047,0.000047,0.000119,0.000021,0.000062,0.000158,0.000115
314,,,,,,,,,,,,,0.000414,0.000013,0.000224,0.000252,0.000226,0.000222,0.000213,0.000194,0.000260,0.000291,0.000320,0.000300,0.000378,0.000350,0.000336,0.000366,0.000366,0.000507,0.000646,0.000187,0.000668,0.000189,0.000099,0.000158,0.000022,0.000008,0.000018,0.000058,0.000078,0.000152,0.000147,0.000156,0.000109,0.000073,0.000006,0.000017,0.000144,0.000203
315,,,,,,,,,,,,,0.000310,0.000003,0.000054,0.000106,0.000227,0.000421,0.000540,0.000442,0.000529,0.000421,0.000341,0.000290,0.000263,0.000213,0.000173,0.000144,0.000108,0.000116,0.000095,0.000025,0.000067,0.000026,0.000022,0.000031,0.000011,0.000004,0.000005,0.000023,0.000017,0.000027,0.000020,0.000016,0.000015,0.000012,0.000004,0.000012,0.000036,0.000053
316,,,,,,,,,,,,,0.000943,0.000005,0.000050,0.000061,0.000067,0.000071,0.000084,0.000068,0.000065,0.000065,0.000058,0.000037,0.000044,0.000029,0.000031,0.000025,0.000038,0.000048,0.000042,0.000018,0.000058,0.000036,0.000028,0.000046,0.000014,0.000019,0.000020,0.000043,0.000124,0.000067,0.000049,0.000040,0.000037,0.000031,0.000012,0.000024,0.000081,0.000118
317,,,,,,,,,,,,,0.000351,0.000021,0.000359,0.000370,0.000350,0.000350,0.000312,0.000232,0.000251,0.000238,0.000194,0.000168,0.000146,0.000128,0.000135,0.000126,0.000120,0.000108,0.000100,0.000031,0.000111,0.000084,0.000086,0.000162,0.000019,0.000005,0.000006,0.000051,0.000054,0.000072,0.000056,0.000164,0.000157,0.000187,0.000009,0.000026,0.000127,0.000124
318,,,,,,,,,,,,,0.000687,0.000001,0.000027,0.000028,0.000035,0.000061,0.000061,0.000059,0.000086,0.000125,0.000188,0.000277,0.000406,0.000452,0.000523,0.000506,0.000531,0.000557,0.000446,0.000100,0.000397,0.000148,0.000081,0.000182,0.000027,0.000008,0.000011,0.000067,0.000089,0.000105,0.000080,0.000065,0.000053,0.000045,0.000005,0.000011,0.000033,0.000051
319,,,,,,,,,,,,,0.000168,0.000005,0.000040,0.000048,0.000069,0.000086,0.000083,0.000078,0.000107,0.000174,0.000286,0.000431,0.000614,0.000682,0.000635,0.000563,0.000357,0.000246,0.000208,0.000050,0.000178,0.000105,0.000066,0.000111,0.000020,0.000009,0.000016,0.000087,0.000089,0.000108,0.000082,0.000122,0.000155,0.000109,0.000008,0.000028,0.000124,0.000105
320,,,,,,,,,,,,,0.001592,0.000014,0.000138,0.000190,0.000179,0.000182,0.000166,0.000137,0.000165,0.000150,0.000142,0.000139,0.000140,0.000110,0.000101,0.000080,0.000067,0.000060,0.000045,0.000015,0.000045,0.000028,0.000023,0.000048,0.000011,0.000004,0.000005,0.000038,0.000034,0.000036,0.000026,0.000029,0.000027,0.000030,0.000005,0.000013,0.000106,0.000160
321,,,,,,,,,,,,,0.004446,0.000027,0.000204,0.000267,0.000224,0.000185,0.000188,0.000214,0.000231,0.000184,0.000168,0.000180,0.000162,0.000138,0.000112,0.000088,0.000061,0.000046,0.000040,0.000024,0.000048,0.000039,0.000037,0.000040,0.000017,0.000007,0.000009,0.000043,0.000057,0.000060,0.000054,0.000045,0.000053,0.000087,0.000020,0.000050,0.000179,0.000215
322,,,,,,,,,,,,,0.000500,0.000009,0.000078,0.000104,0.000107,0.000090,0.000079,0.000058,0.000061,0.000045,0.000032,0.000042,0.000042,0.000044,0.000047,0.000050,0.000080,0.000109,0.000116,0.000039,0.000156,0.000056,0.000038,0.000074,0.000015,0.000007,0.000008,0.000033,0.000038,0.000048,0.000041,0.000084,0.000091,0.000114,0.000008,0.000023,0.000098,0.000081
323,,,,,,,,,,,,,0.000968,0.000003,0.000038,0.000059,0.000090,0.000133,0.000118,0.000091,0.000090,0.000077,0.000068,0.000072,0.000081,0.000079,0.000072,0.000068,0.000069,0.000068,0.000060,0.000027,0.000071,0.000046,0.000028,0.000047,0.000009,0.000005,0.000007,0.000030,0.000029,0.000020,0.000031,0.000026,0.000047,0.000110,0.000026,0.000045,0.000107,0.000111
324,,,,,,,,,,,,,0.000218,0.000003,0.000070,0.000121,0.000175,0.000285,0.000289,0.000240,0.000301,0.000288,0.000294,0.000337,0.000364,0.000382,0.000340,0.000383,0.000407,0.000300,0.000247,0.000056,0.000153,0.000050,0.000031,0.000052,0.000012,0.000006,0.000008,0.000024,0.000019,0.000019,0.000019,0.000017,0.000017,0.000016,0.000005,0.000011,0.000034,0.000035
325,,,,,,,,,,,,,0.000302,0.000002,0.000015,0.000019,0.000022,0.000028,0.000139,0.000258,0.000235,0.000450,0.000268,0.000114,0.000079,0.000059,0.000061,0.000065,0.000069,0.000081,0.000083,0.000028,0.000085,0.000044,0.000036,0.000073,0.000018,0.000010,0.000011,0.000032,0.000041,0.000043,0.000047,0.000061,0.000055,0.000046,0.000008,0.000016,0.000045,0.000065
326,,,,,,,,,,,,,0.000884,0.000004,0.000019,0.000033,0.000044,0.000053,0.000058,0.000062,0.000077,0.000059,0.000061,0.000059,0.000055,0.000032,0.000041,0.000044,0.000037,0.000031,0.000035,0.000030,0.000040,0.000142,0.000108,0.000174,0.000031,0.000029,0.000030,0.000104,0.000109,0.000110,0.000053,0.000054,0.000056,0.000050,0.000011,0.000025,0.000095,0.000102
327,,,,,,,,,,,,,0.000642,0.000002,0.000026,0.000017,0.000006,0.000001,0.000019,0.000037,0.000071,0.000098,0.000096,0.000078,0.000090,0.000092,0.000129,0.000202,0.000253,0.000367,0.000412,0.000098,0.000299,0.000089,0.000048,0.000096,0.000019,0.000010,0.000015,0.000038,0.000040,0.000040,0.000034,0.000027,0.000028,0.000036,0.000006,0.000012,0.000032,0.000049
328,,,,,,,,,,,,,0.006962,0.000008,0.000046,0.000049,0.000060,0.000167,0.000138,0.000104,0.000122,0.000143,0.000153,0.000225,0.000282,0.000327,0.000427,0.000335,0.000297,0.000286,0.000239,0.000127,0.000121,0.000124,0.000068,0.000098,0.000039,0.000025,0.000025,0.000051,0.000159,0.000053,0.000060,0.000053,0.000057,0.000085,0.000009,0.000022,0.000061,0.000053
329,,,,,,,,,,,,,0.000148,0.000014,0.000172,0.000184,0.000135,0.000136,0.000102,0.000090,0.000085,0.000088,0.000080,0.000092,0.000109,0.000094,0.000091,0.000124,0.000173,0.000085,0.000058,0.000022,0.000091,0.000174,0.000098,0.000097,0.000032,0.000023,0.000017,0.000078,0.000123,0.000192,0.000152,0.000122,0.000062,0.000044,0.000006,0.000013,0.000044,0.000059
330,,,,,,,,,,,,,0.001876,0.000003,0.000073,0.000120,0.000123,0.000135,0.000116,0.000092,0.000079,0.000063,0.000063,0.000067,0.000064,0.000068,0.000080,0.000097,0.000094,0.000103,0.000105,0.000040,0.000312,0.000216,0.000117,0.000221,0.000033,0.000011,0.000012,0.000033,0.000031,0.000046,0.000050,0.000047,0.000052,0.000039,0.000016,0.000026,0.000049,0.000061
331,,,,,,,,,,,,,0.000398,0.000025,0.000233,0.000358,0.000559,0.000676,0.000684,0.000515,0.000504,0.000446,0.000332,0.000328,0.000288,0.000204,0.000162,0.000136,0.000135,0.000117,0.000111,0.000044,0.000193,0.000111,0.000076,0.000127,0.000024,0.000010,0.000012,0.000039,0.000060,0.000107,0.000116,0.000165,0.000128,0.000116,0.000009,0.000029,0.000217,0.000261
332,,,,,,,,,,,,,0.000100,0.000006,0.000148,0.000218,0.000245,0.000229,0.000272,0.000208,0.000190,0.000157,0.000157,0.000155,0.000175,0.000143,0.000128,0.000102,0.000100,0.000099,0.000069,0.000028,0.000074,0.000061,0.000047,0.000082,0.000028,0.000011,0.000022,0.000225,0.000277,0.000329,0.000198,0.000146,0.000120,0.000108,0.000009,0.000023,0.000057,0.000074
333,,,,,,,,,,,,,-0.000009,0.000018,0.000281,0.000333,0.000321,0.000376,0.000323,0.000224,0.000191,0.000143,0.000109,0.000100,0.000088,0.000062,0.000055,0.000052,0.000055,0.000064,0.000055,0.000043,0.000097,0.000063,0.000036,0.000096,0.000034,0.000024,0.000034,0.000126,0.000129,0.000163,0.000117,0.000110,0.000078,0.000056,0.000006,0.000019,0.000137,0.000162
334,,,,,,,,,,,,,0.000430,0.000004,0.000039,0.000046,0.000074,0.000103,0.000139,0.000098,0.000101,0.000120,0.000070,0.000047,0.000056,0.000051,0.000043,0.000046,0.000060,0.000070,0.000081,0.000034,0.000082,0.000037,0.000034,0.000148,0.000038,0.000017,0.000018,0.000074,0.000077,0.000093,0.000058,0.000042,0.000031,0.000029,0.000008,0.000013,0.000022,0.000027
335,,,,,,,,,,,,,-0.000188,0.000003,0.000090,0.000106,0.000146,0.000131,0.000139,0.000151,0.000138,0.000199,0.000146,0.000120,0.000130,0.000115,0.000092,0.000086,0.000063,0.000050,0.000052,0.000023,0.000078,0.000063,0.000046,0.000198,0.000035,0.000020,0.000027,0.000083,0.000080,0.000105,0.000099,0.000061,0.000068,0.000088,0.000013,0.000022,0.000059,0.000076
336,,,,,,,,,,,,,0.003210,0.000005,0.000160,0.000176,0.000186,0.000242,0.000266,0.000239,0.000332,0.000317,0.000506,0.000406,0.000553,0.000501,0.000495,0.000430,0.000435,0.000405,0.000425,0.000086,0.000358,0.000120,0.000053,0.000104,0.000029,0.000011,0.000009,0.000028,0.000048,0.000063,0.000064,0.000076,0.000059,0.000045,0.000008,0.000016,0.000080,0.000078
337,,,,,,,,,,,,,0.000371,0.000004,0.000060,0.000074,0.000117,0.000169,0.000159,0.000144,0.000151,0.000118,0.000088,0.000060,0.000065,0.000071,0.000062,0.000068,0.000066,0.000077,0.000091,0.000050,0.000089,0.000062,0.000058,0.000080,0.000021,0.000009,0.000012,0.000068,0.000079,0.000088,0.000050,0.000044,0.000048,0.000043,0.000006,0.000016,0.000041,0.000055
338,,,,,,,,,,,,,0.004377,0.000010,0.000387,0.000557,0.000640,0.000561,0.000437,0.000267,0.000296,0.000194,0.000151,0.000131,0.000143,0.000131,0.000104,0.000093,0.000081,0.000081,0.000061,0.000044,0.000080,0.000178,0.000074,0.000083,0.000022,0.000010,0.000018,0.000115,0.000236,0.000472,0.000353,0.000281,0.000260,0.000246,0.000023,0.000054,0.000152,0.000220
339,,,,,,,,,,,,,0.000728,0.000002,0.000023,0.000027,0.000032,0.000050,0.000055,0.000039,0.000051,0.000042,0.000035,0.000035,0.000075,0.000072,0.000059,0.000036,0.000040,0.000050,0.000059,0.000024,0.000052,0.000031,0.000028,0.000061,0.000019,0.000011,0.000022,0.000210,0.000244,0.000288,0.000201,0.000161,0.000118,0.000086,0.000009,0.000016,0.000031,0.000047
340,,,,,,,,,,,,,0.000041,0.000006,0.000117,0.000214,0.000312,0.000393,0.000434,0.000349,0.000375,0.000297,0.000278,0.000190,0.000201,0.000159,0.000135,0.000099,0.000088,0.000094,0.000110,0.000039,0.000135,0.000113,0.000102,0.000310,0.000061,0.000010,0.000008,0.000026,0.000020,0.000023,0.000019,0.000017,0.000012,0.000018,0.000004,0.000009,0.000025,0.000031
341,,,,,,,,,,,,,0.000202,0.000002,0.000022,0.000025,0.000034,0.000038,0.000038,0.000038,0.000045,0.000054,0.000039,0.000029,0.000046,0.000045,0.000063,0.000061,0.000058,0.000052,0.000064,0.000025,0.000067,0.000042,0.000030,0.000051,0.000026,0.000021,0.000012,0.000042,0.000048,0.000053,0.000050,0.000032,0.000029,0.000028,0.000017,0.000021,0.000039,0.000039
342,,,,,,,,,,,,,0.000132,0.000002,0.000021,0.000022,0.000021,0.000036,0.000048,0.000042,0.000035,0.000035,0.000038,0.000038,0.000041,0.000047,0.000048,0.000040,0.000037,0.000035,0.000029,0.000021,0.000032,0.000021,0.000017,0.000041,0.000011,0.000008,0.000018,0.000045,0.000049,0.000050,0.000040,0.000036,0.000036,0.000039,0.000006,0.000015,0.000044,0.000052
343,,,,,,,,,,,,,0.000826,0.000005,0.000073,0.000091,0.000081,0.000097,0.000105,0.000063,0.000082,0.000070,0.000072,0.000083,0.000081,0.000070,0.000075,0.000084,0.000085,0.000088,0.000083,0.000028,0.000078,0.000041,0.000028,0.000057,0.000016,0.000005,0.000008,0.000032,0.000032,0.000045,0.000026,0.000033,0.000027,0.000174,0.000011,0.000035,0.000063,0.000071
344,,,,,,,,,,,,,0.001362,0.000004,0.000058,0.000068,0.000071,0.000110,0.000124,0.000099,0.000097,0.000087,0.000079,0.000073,0.000070,0.000061,0.000053,0.000055,0.000070,0.000084,0.000072,0.000020,0.000040,0.000021,0.000017,0.000014,0.000009,0.000005,0.000009,0.000059,0.000133,0.000278,0.000253,0.000233,0.000155,0.000121,0.000012,0.000024,0.000039,0.000066
345,,,,,,,,,,,,,0.001852,0.000003,0.000020,0.000049,0.000059,0.000066,0.000080,0.000064,0.000073,0.000078,0.000076,0.000094,0.000099,0.000089,0.000090,0.000088,0.000125,0.000253,0.000260,0.000220,0.000192,0.000077,0.000038,0.000059,0.000014,0.000007,0.000009,0.000029,0.000029,0.000029,0.000043,0.000067,0.000085,0.000128,0.000023,0.000041,0.000177,0.000107
346,,,,,,,,,,,,,0.000395,0.000004,0.000070,0.000083,0.000073,0.000061,0.000063,0.000049,0.000043,0.000051,0.000031,0.000025,0.000028,0.000034,0.000038,0.000051,0.000068,0.000096,0.000101,0.000058,0.000203,0.000076,0.000049,0.000099,0.000027,0.000020,0.000025,0.000093,0.000127,0.000154,0.000106,0.000081,0.000077,0.000085,0.000011,0.000018,0.000031,0.000073
347,,,,,,,,,,,,,0.000159,0.000005,0.000080,0.000102,0.000108,0.000127,0.000137,0.000100,0.000118,0.000163,0.000175,0.000127,0.000158,0.000176,0.000388,0.000378,0.000480,0.000442,0.000370,0.000080,0.000244,0.000085,0.000055,0.000082,0.000020,0.000007,0.000009,0.000040,0.000041,0.000044,0.000029,0.000038,0.000056,0.000070,0.000016,0.000030,0.000074,0.000075
348,,,,,,,,,,,,,0.024778,0.000006,0.000192,0.000150,0.000115,0.000081,0.000044,0.000049,0.000067,0.000060,0.000048,0.000062,0.000065,0.000050,0.000041,0.000052,0.000074,0.000107,0.000090,0.000115,0.000178,0.000273,0.000206,0.000227,0.000103,0.000015,0.000037,0.000122,0.000125,0.000101,0.000084,0.000070,0.000050,0.000054,0.000037,0.000054,0.000159,0.000136
349,,,,,,,,,,,,,0.001012,0.000033,0.000308,0.000384,0.000390,0.000300,0.000243,0.000178,0.000168,0.000161,0.000174,0.000197,0.000247,0.000256,0.000280,0.000246,0.000216,0.000181,0.000136,0.000049,0.000076,0.000037,0.000027,0.000044,0.000019,0.000006,0.000009,0.000040,0.000031,0.000040,0.000041,0.000045,0.000048,0.000047,0.000008,0.000017,0.000083,0.000138
350,,,,,,,,,,,,,0.003253,0.000006,0.000091,0.000131,0.000149,0.000152,0.000171,0.000130,0.000120,0.000128,0.000096,0.000069,0.000067,0.000050,0.000049,0.000033,0.000026,0.000024,0.000018,0.000013,0.000018,0.000022,0.000026,0.000054,0.000009,0.000004,0.000005,0.000036,0.000043,0.000037,0.000031,0.000049,0.000051,0.000081,0.000013,0.000020,0.000127,0.000132
351,,,,,,,,,,,,,0.000389,0.000003,0.000052,0.000079,0.000103,0.000192,0.000237,0.000273,0.000458,0.000628,0.000579,0.000658,0.000817,0.000655,0.000488,0.000403,0.000332,0.000274,0.000196,0.000061,0.000147,0.000064,0.000046,0.000122,0.000024,0.000008,0.000007,0.000034,0.000044,0.000089,0.000070,0.000073,0.000064,0.000035,0.000004,0.000013,0.000040,0.000052
352,,,,,,,,,,,,,0.000217,0.000005,0.000059,0.000081,0.000102,0.000101,0.000111,0.000086,0.000112,0.000140,0.000178,0.000285,0.000429,0.000504,0.000587,0.000599,0.000579,0.000460,0.000329,0.000073,0.000215,0.000083,0.000050,0.000096,0.000019,0.000007,0.000009,0.000045,0.000042,0.000068,0.000059,0.000077,0.000084,0.000070,0.000009,0.000016,0.000046,0.000059
353,,,,,,,,,,,,,0.000220,0.000016,0.000103,0.000133,0.000178,0.000166,0.000168,0.000137,0.000131,0.000132,0.000133,0.000090,0.000108,0.000084,0.000084,0.000064,0.000066,0.000099,0.000091,0.000027,0.000064,0.000032,0.000057,0.000080,0.000024,0.000010,0.000013,0.000061,0.000058,0.000052,0.000040,0.000036,0.000057,0.000075,0.000012,0.000038,0.000210,0.000267
354,,,,,,,,,,,,,0.000327,0.000005,0.000059,0.000081,0.000117,0.000121,0.000110,0.000069,0.000074,0.000079,0.000069,0.000050,0.000043,0.000053,0.000050,0.000055,0.000056,0.000068,0.000074,0.000029,0.000052,0.000040,0.000038,0.000051,0.000020,0.000019,0.000030,0.000078,0.000056,0.000072,0.000050,0.000046,0.000039,0.000033,0.000006,0.000020,0.000051,0.000050
355,,,,,,,,,,,,,0.000065,0.000004,0.000052,0.000097,0.000107,0.000074,0.000095,0.000093,0.000073,0.000064,0.000060,0.000082,0.000084,0.000059,0.000044,0.000044,0.000061,0.000053,0.000047,0.000079,0.000043,0.000059,0.000061,0.000103,0.000041,0.000019,0.000028,0.000105,0.000096,0.000198,0.000251,0.000196,0.000160,0.000153,0.000009,0.000041,0.000077,0.000042
356,,,,,,,,,,,,,0.000115,0.000014,0.000342,0.000597,0.000618,0.000493,0.000479,0.000304,0.000292,0.000292,0.000336,0.000376,0.000446,0.000400,0.000388,0.000378,0.000350,0.000272,0.000243,0.000051,0.000125,0.000054,0.000037,0.000057,0.000016,0.000006,0.000009,0.000045,0.000045,0.000067,0.000063,0.000055,0.000043,0.000035,0.000006,0.000016,0.000098,0.000167
357,,,,,,,,,,,,,0.000033,0.000010,0.000304,0.000450,0.000467,0.000496,0.000485,0.000326,0.000342,0.000289,0.000227,0.000212,0.000211,0.000164,0.000150,0.000165,0.000164,0.000156,0.000160,0.000048,0.000141,0.000085,0.000069,0.000092,0.000020,0.000017,0.000033,0.000181,0.000200,0.000193,0.000134,0.000128,0.000094,0.000068,0.000010,0.000028,0.000118,0.000192
358,,,,,,,,,,,,,0.000512,0.000004,0.000066,0.000106,0.000191,0.000351,0.000392,0.000333,0.000358,0.000278,0.000214,0.000168,0.000162,0.000136,0.000120,0.000087,0.000079,0.000086,0.000082,0.000027,0.000114,0.000048,0.000023,0.000028,0.000010,0.000003,0.000004,0.000015,0.000018,0.000033,0.000027,0.000026,0.000031,0.000046,0.000016,0.000016,0.000113,0.000112
359,,,,,,,,,,,,,0.001640,0.000041,0.000288,0.000359,0.000381,0.000331,0.000259,0.000222,0.000243,0.000239,0.000203,0.000198,0.000182,0.000154,0.000127,0.000099,0.000097,0.000109,0.000084,0.000033,0.000086,0.000058,0.000036,0.000064,0.000021,0.000008,0.000016,0.000101,0.000068,0.000090,0.000050,0.000043,0.000032,0.000027,0.000006,0.000021,0.000087,0.000118
360,,,,,,,,,,,,,0.000294,0.000003,0.000048,0.000075,0.000248,0.000514,0.000654,0.000550,0.000555,0.000364,0.000347,0.000199,0.000183,0.000110,0.000095,0.000108,0.000120,0.000137,0.000175,0.000054,0.000186,0.000076,0.000051,0.000104,0.000017,0.000007,0.000009,0.000041,0.000039,0.000062,0.000046,0.000040,0.000035,0.000033,0.000005,0.000013,0.000043,0.000037
361,,,,,,,,,,,,,0.000122,0.000003,0.000042,0.000063,0.000068,0.000083,0.000092,0.000113,0.000135,0.000129,0.000116,0.000129,0.000122,0.000137,0.000127,0.000126,0.000162,0.000129,0.000124,0.000044,0.000098,0.000036,0.000031,0.000103,0.000033,0.000013,0.000019,0.000065,0.000089,0.000196,0.000227,0.000107,0.000065,0.000052,0.000010,0.000021,0.000045,0.000055
362,,,,,,,,,,,,,0.000062,0.000006,0.000069,0.000054,0.000061,0.000075,0.000103,0.000074,0.000084,0.000087,0.000073,0.000095,0.000100,0.000081,0.000071,0.000061,0.000048,0.000041,0.000045,0.000017,0.000044,0.000023,0.000050,0.000036,0.000052,0.000025,0.000019,0.000041,0.000041,0.000057,0.000049,0.000049,0.000059,0.000063,0.000012,0.000062,0.000110,0.000105
363,,,,,,,,,,,,,0.007071,0.000005,0.000100,0.000108,0.000153,0.000125,0.000145,0.000101,0.000102,0.000074,0.000062,0.000065,0.000083,0.000080,0.000062,0.000061,0.000070,0.000068,0.000069,0.000029,0.000065,0.000054,0.000040,0.000055,0.000021,0.000018,0.000028,0.000086,0.000176,0.000146,0.000140,0.000103,0.000079,0.000063,0.000006,0.000017,0.000072,0.000067
364,,,,,,,,,,,,,0.000667,0.000004,0.000045,0.000053,0.000059,0.000069,0.000135,0.000217,0.000456,0.000616,0.000575,0.000561,0.000507,0.000352,0.000361,0.000259,0.000219,0.000166,0.000143,0.000037,0.000082,0.000038,0.000029,0.000046,0.000014,0.000005,0.000006,0.000026,0.000035,0.000043,0.000040,0.000048,0.000041,0.000027,0.000006,0.000018,0.000056,0.000071
365,,,,,,,,,,,,,0.000739,0.000003,0.000021,0.000020,0.000042,0.000102,0.000103,0.000085,0.000083,0.000063,0.000069,0.000060,0.000076,0.000061,0.000061,0.000047,0.000052,0.000052,0.000043,0.000071,0.000052,0.000043,0.000052,0.000038,0.000023,0.000009,0.000010,0.000024,0.000019,0.000028,0.000021,0.000017,0.000014,0.000014,0.000018,0.000030,0.000054,0.000059
366,,,,,,,,,,,,,0.001094,0.000004,0.000068,0.000090,0.000103,0.000116,0.000116,0.000112,0.000135,0.000121,0.000106,0.000104,0.000090,0.000098,0.000097,0.000090,0.000079,0.000085,0.000085,0.000048,0.000517,0.000295,0.000145,0.000257,0.000031,0.000007,0.000012,0.000035,0.000027,0.000045,0.000043,0.000037,0.000036,0.000034,0.000005,0.000014,0.000056,0.000065
367,,,,,,,,,,,,,0.000950,0.000009,0.000138,0.000193,0.000231,0.000283,0.000314,0.000280,0.000342,0.000323,0.000281,0.000297,0.000307,0.000252,0.000232,0.000198,0.000182,0.000193,0.000178,0.000057,0.000153,0.000071,0.000050,0.000093,0.000019,0.000016,0.000008,0.000046,0.000050,0.000085,0.000081,0.000074,0.000064,0.000058,0.000004,0.000013,0.000077,0.000075
368,,,,,,,,,,,,,0.001561,0.000006,0.000102,0.000119,0.000104,0.000085,0.000099,0.000105,0.000138,0.000177,0.000152,0.000125,0.000120,0.000114,0.000093,0.000084,0.000086,0.000132,0.000221,0.000131,0.000478,0.000144,0.000078,0.000155,0.000064,0.000009,0.000011,0.000047,0.000066,0.000072,0.000055,0.000053,0.000042,0.000037,0.000007,0.000065,0.000087,0.000119
369,,,,,,,,,,,,,0.000051,0.000008,0.000131,0.000170,0.000270,0.000370,0.000491,0.000304,0.000216,0.000155,0.000184,0.000111,0.000110,0.000084,0.000064,0.000067,0.000061,0.000068,0.000092,0.000082,0.000121,0.000072,0.000065,0.000290,0.000071,0.000022,0.000025,0.000052,0.000067,0.000124,0.000098,0.000095,0.000097,0.000160,0.000010,0.000024,0.000065,0.000075
370,,,,,,,,,,,,,-0.000026,0.000011,0.000159,0.000182,0.000250,0.000269,0.000231,0.000164,0.000152,0.000125,0.000109,0.000088,0.000075,0.000074,0.000059,0.000057,0.000084,0.000109,0.000166,0.000092,0.000293,0.000096,0.000043,0.000068,0.000028,0.000015,0.000030,0.000043,0.000041,0.000052,0.000040,0.000058,0.000043,0.000038,0.000009,0.000021,0.000075,0.000071
371,,,,,,,,,,,,,0.004516,0.000005,0.000100,0.000096,0.000085,0.000100,0.000123,0.000089,0.000099,0.000077,0.000064,0.000063,0.000062,0.000055,0.000049,0.000038,0.000057,0.000053,0.000047,0.000025,0.000045,0.000024,0.000020,0.000017,0.000017,0.000018,0.000028,0.000038,0.000035,0.000045,0.000049,0.000070,0.000157,0.000119,0.000026,0.000058,0.000120,0.000127
372,,,,,,,,,,,,,0.001033,0.000003,0.000037,0.000056,0.000078,0.000092,0.000087,0.000094,0.000116,0.000183,0.000252,0.000391,0.000505,0.000542,0.000672,0.000476,0.000419,0.000374,0.000395,0.000106,0.000378,0.000137,0.000083,0.000139,0.000027,0.000007,0.000010,0.000040,0.000042,0.000049,0.000046,0.000038,0.000029,0.000019,0.000008,0.000017,0.000048,0.000065
373,,,,,,,,,,,,,0.001070,0.000004,0.000053,0.000073,0.000103,0.000128,0.000122,0.000097,0.000089,0.000080,0.000067,0.000063,0.000078,0.000080,0.000075,0.000061,0.000058,0.000061,0.000062,0.000021,0.000052,0.000044,0.000037,0.000031,0.000012,0.000007,0.000012,0.000044,0.000031,0.000026,0.000042,0.000040,0.000041,0.000162,0.000017,0.000029,0.000067,0.000063
374,,,,,,,,,,,,,0.000113,0.000003,0.000041,0.000085,0.000135,0.000172,0.000204,0.000225,0.000439,0.000613,0.000707,0.000741,0.000730,0.000540,0.000443,0.000359,0.000305,0.000234,0.000210,0.000057,0.000154,0.000063,0.000043,0.000113,0.000031,0.000015,0.000009,0.000031,0.000040,0.000050,0.000043,0.000054,0.000065,0.000069,0.000006,0.000015,0.000065,0.000068
375,,,,,,,,,,,,,0.000955,0.000006,0.000069,0.000107,0.000085,0.000079,0.000103,0.000078,0.000081,0.000085,0.000076,0.000078,0.000087,0.000088,0.000089,0.000093,0.000085,0.000084,0.000085,0.000084,0.000081,0.000082,0.000082,0.000047,0.000034,0.000007,0.000014,0.000050,0.000057,0.000076,0.000066,0.000061,0.000052,0.000065,0.000007,0.000022,0.000064,0.000067
376,,,,,,,,,,,,,0.000600,0.000026,0.000512,0.000613,0.000560,0.000516,0.000491,0.000375,0.000392,0.000356,0.000316,0.000304,0.000296,0.000264,0.000235,0.000197,0.000186,0.000177,0.000163,0.000047,0.000140,0.000068,0.000052,0.000084,0.000022,0.000006,0.000009,0.000030,0.000031,0.000048,0.000036,0.000031,0.000026,0.000026,0.000005,0.000013,0.000057,0.000070
377,,,,,,,,,,,,,0.000078,0.000006,0.000139,0.000123,0.000137,0.000165,0.000158,0.000077,0.000061,0.000053,0.000042,0.000051,0.000052,0.000061,0.000077,0.000069,0.000075,0.000071,0.000073,0.000034,0.000078,0.000047,0.000031,0.000068,0.000020,0.000005,0.000007,0.000051,0.000101,0.000172,0.000137,0.000100,0.000071,0.000068,0.000015,0.000032,0.000095,0.000088
378,,,,,,,,,,,,,0.000829,0.000003,0.000030,0.000045,0.000066,0.000064,0.000059,0.000048,0.000068,0.000113,0.000104,0.000122,0.000201,0.000262,0.000266,0.000282,0.000284,0.000274,0.000199,0.000041,0.000100,0.000044,0.000028,0.000063,0.000012,0.000006,0.000008,0.000030,0.000033,0.000051,0.000034,0.000026,0.000019,0.000019,0.000006,0.000035,0.000042,0.000049
379,,,,,,,,,,,,,0.000333,0.000016,0.000232,0.000295,0.000278,0.000354,0.000426,0.000409,0.000496,0.000493,0.000397,0.000402,0.000351,0.000300,0.000295,0.000263,0.000276,0.000298,0.000295,0.000063,0.000195,0.000097,0.000049,0.000092,0.000021,0.000017,0.000020,0.000042,0.000056,0.000077,0.000075,0.000114,0.000112,0.000106,0.000010,0.000026,0.000159,0.000199
380,,,,,,,,,,,,,0.000504,0.000018,0.000162,0.000219,0.000246,0.000299,0.000375,0.000420,0.000359,0.000296,0.000241,0.000248,0.000232,0.000210,0.000216,0.000229,0.000215,0.000178,0.000139,0.000046,0.000094,0.000050,0.000028,0.000047,0.000014,0.000009,0.000013,0.000083,0.000077,0.000088,0.000111,0.000166,0.000181,0.000157,0.000012,0.000061,0.000451,0.000399
381,,,,,,,,,,,,,0.000579,0.000005,0.000072,0.000114,0.000170,0.000185,0.000178,0.000145,0.000143,0.000135,0.000121,0.000111,0.000111,0.000095,0.000096,0.000075,0.000067,0.000063,0.000064,0.000029,0.000095,0.000066,0.000053,0.000116,0.000022,0.000007,0.000010,0.000047,0.000057,0.000093,0.000063,0.000047,0.000073,0.000194,0.000006,0.000016,0.000053,0.000055
382,,,,,,,,,,,,,0.000969,0.000008,0.000065,0.000073,0.000074,0.000074,0.000068,0.000067,0.000076,0.000088,0.000073,0.000092,0.000166,0.000222,0.000376,0.000542,0.000709,0.000914,0.000827,0.000146,0.000463,0.000145,0.000071,0.000138,0.000021,0.000006,0.000007,0.000032,0.000040,0.000041,0.000033,0.000027,0.000024,0.000017,0.000005,0.000020,0.000149,0.000219
383,,,,,,,,,,,,,0.008848,0.000006,0.000085,0.000100,0.000121,0.000150,0.000147,0.000146,0.000174,0.000172,0.000151,0.000120,0.000103,0.000075,0.000056,0.000039,0.000037,0.000034,0.000026,0.000014,0.000039,0.000035,0.000034,0.000036,0.000012,0.000006,0.000010,0.000026,0.000060,0.000106,0.000101,0.000129,0.000135,0.000172,0.000031,0.000040,0.000080,0.000100
384,,,,,,,,,,,,,0.000143,0.000005,0.000232,0.000164,0.000123,0.000134,0.000109,0.000070,0.000067,0.000078,0.000078,0.000088,0.000087,0.000086,0.000084,0.000081,0.000070,0.000074,0.000062,0.000022,0.000068,0.000038,0.000035,0.000066,0.000022,0.000015,0.000015,0.000093,0.000134,0.000158,0.000118,0.000132,0.000122,0.000097,0.000010,0.000024,0.000047,0.000055
385,,,,,,,,,,,,,0.000126,0.000009,0.000144,0.000165,0.000159,0.000138,0.000141,0.000109,0.000096,0.000062,0.000043,0.000016,0.000004,-0.000001,0.000004,0.000018,0.000040,0.000056,0.000055,0.000018,0.000041,0.000023,0.000025,0.000052,0.000019,0.000008,0.000008,0.000065,0.000136,0.000281,0.000245,0.000205,0.000158,0.000170,0.000016,0.000023,0.000056,0.000057
386,,,,,,,,,,,,,0.016979,0.000007,0.000144,0.000089,0.000075,0.000082,0.000086,0.000054,0.000057,0.000035,0.000030,0.000058,0.000060,0.000063,0.000095,0.000094,0.000092,0.000097,0.000089,0.000053,0.000086,0.000081,0.000051,0.000039,0.000021,0.000014,0.000014,0.000056,0.000094,0.000123,0.000095,0.000107,0.000135,0.000169,0.000053,0.000080,0.000215,0.000245
387,,,,,,,,,,,,,0.001721,0.000011,0.000133,0.000188,0.000214,0.000241,0.000274,0.000209,0.000223,0.000186,0.000236,0.000181,0.000229,0.000182,0.000163,0.000171,0.000208,0.000269,0.000278,0.000078,0.000236,0.000077,0.000043,0.000070,0.000014,0.000006,0.000009,0.000065,0.000112,0.000138,0.000075,0.000054,0.000049,0.000071,0.000011,0.000052,0.000438,0.000369
388,,,,,,,,,,,,,0.001003,0.000005,0.000079,0.000071,0.000082,0.000106,0.000137,0.000119,0.000120,0.000120,0.000112,0.000112,0.000120,0.000098,0.000116,0.000091,0.000073,0.000073,0.000067,0.000029,0.000065,0.000036,0.000034,0.000048,0.000014,0.000006,0.000010,0.000035,0.000030,0.000039,0.000042,0.000051,0.000082,0.000124,0.000029,0.000081,0.000111,0.000136
389,,,,,,,,,,,,,0.000575,0.000012,0.000114,0.000144,0.000130,0.000123,0.000101,0.000087,0.000087,0.000072,0.000058,0.000067,0.000052,0.000036,0.000039,0.000057,0.000096,0.000225,0.000377,0.000108,0.000403,0.000144,0.000078,0.000158,0.000026,0.000008,0.000010,0.000058,0.000109,0.000171,0.000147,0.000144,0.000136,0.000095,0.000009,0.000015,0.000069,0.000106
390,,,,,,,,,,,,,0.002021,0.000007,0.000079,0.000109,0.000095,0.000091,0.000084,0.000082,0.000076,0.000089,0.000087,0.000084,0.000093,0.000064,0.000065,0.000064,0.000066,0.000085,0.000116,0.000047,0.000190,0.000090,0.000062,0.000129,0.000027,0.000009,0.000013,0.000069,0.000067,0.000108,0.000094,0.000073,0.000063,0.000152,0.000032,0.000108,0.000193,0.000361
391,,,,,,,,,,,,,0.000420,0.000014,0.000095,0.000153,0.000261,0.000424,0.000446,0.000402,0.000453,0.000404,0.000305,0.000297,0.000259,0.000197,0.000162,0.000120,0.000120,0.000162,0.000193,0.000076,0.000296,0.000104,0.000061,0.000116,0.000019,0.000007,0.000018,0.000058,0.000061,0.000063,0.000052,0.000060,0.000077,0.000106,0.000018,0.000082,0.000275,0.000348
392,,,,,,,,,,,,,-0.000011,0.000003,0.000049,0.000090,0.000180,0.000238,0.000226,0.000148,0.000137,0.000109,0.000088,0.000083,0.000077,0.000060,0.000040,0.000038,0.000047,0.000048,0.000040,0.000017,0.000037,0.000038,0.000041,0.000138,0.000032,0.000033,0.000030,0.000044,0.000059,0.000065,0.000049,0.000045,0.000041,0.000048,0.000006,0.000014,0.000039,0.000047
393,,,,,,,,,,,,,0.000509,0.000009,0.000065,0.000095,0.000087,0.000088,0.000087,0.000060,0.000064,0.000049,0.000037,0.000041,0.000039,0.000048,0.000050,0.000040,0.000053,0.000062,0.000056,0.000033,0.000071,0.000044,0.000037,0.000064,0.000015,0.000008,0.000015,0.000052,0.000061,0.000058,0.000043,0.000048,0.000041,0.000047,0.000010,0.000019,0.000143,0.000141
394,,,,,,,,,,,,,0.000897,0.000009,0.000120,0.000162,0.000169,0.000196,0.000224,0.000237,0.000335,0.000357,0.000303,0.000269,0.000266,0.000221,0.000245,0.000271,0.000340,0.000433,0.000428,0.000134,0.000369,0.000129,0.000071,0.000147,0.000021,0.000005,0.000008,0.000042,0.000046,0.000051,0.000040,0.000044,0.000031,0.000030,0.000005,0.000016,0.000079,0.000104
395,,,,,,,,,,,,,0.001133,0.000006,0.000061,0.000073,0.000083,0.000074,0.000074,0.000075,0.000101,0.000096,0.000099,0.000125,0.000163,0.000184,0.000203,0.000229,0.000225,0.000237,0.000226,0.000050,0.000127,0.000054,0.000035,0.000065,0.000015,0.000005,0.000008,0.000039,0.000034,0.000077,0.000056,0.000046,0.000032,0.000029,0.000004,0.000016,0.000094,0.000113
396,,,,,,,,,,,,,0.000515,0.000003,0.000027,0.000036,0.000048,0.000093,0.000144,0.000220,0.000184,0.000163,0.000099,0.000079,0.000078,0.000061,0.000053,0.000043,0.000047,0.000040,0.000047,0.000030,0.000061,0.000028,0.000024,0.000029,0.000020,0.000005,0.000019,0.000047,0.000040,0.000040,0.000035,0.000034,0.000023,0.000024,0.000006,0.000010,0.000036,0.000040
397,,,,,,,,,,,,,0.000351,0.000017,0.000239,0.000288,0.000275,0.000282,0.000288,0.000270,0.000278,0.000252,0.000200,0.000197,0.000224,0.000203,0.000226,0.000272,0.000341,0.000405,0.000436,0.000092,0.000336,0.000122,0.000068,0.000131,0.000020,0.000006,0.000008,0.000034,0.000049,0.000052,0.000039,0.000038,0.000030,0.000034,0.000005,0.000015,0.000067,0.000066
398,,,,,,,,,,,,,-0.000038,0.000006,0.000079,0.000092,0.000125,0.000232,0.000290,0.000287,0.000304,0.000505,0.000555,0.000242,0.000184,0.000149,0.000128,0.000112,0.000087,0.000085,0.000071,0.000029,0.000111,0.000080,0.000058,0.000107,0.000023,0.000009,0.000011,0.000045,0.000072,0.000108,0.000081,0.000082,0.000090,0.000079,0.000007,0.000016,0.000067,0.000070
399,,,,,,,,,,,,,0.001051,0.000005,0.000055,0.000054,0.000052,0.000069,0.000088,0.000077,0.000078,0.000078,0.000089,0.000098,0.000107,0.000094,0.000105,0.000069,0.000046,0.000051,0.000056,0.000025,0.000050,0.000050,0.000022,0.000031,0.000013,0.000008,0.000019,0.000032,0.000033,0.000034,0.000027,0.000033,0.000036,0.000050,0.000011,0.000036,0.000044,0.000053
400,,,,,,,,,,,,,0.000179,0.000005,0.000067,0.000070,0.000074,0.000091,0.000099,0.000090,0.000093,0.000077,0.000081,0.000086,0.000110,0.000093,0.000097,0.000109,0.000109,0.000103,0.000096,0.000035,0.000077,0.000085,0.000045,0.000047,0.000030,0.000013,0.000025,0.000051,0.000051,0.000052,0.000047,0.000042,0.000025,0.000019,0.000005,0.000010,0.000038,0.000089
401,,,,,,,,,,,,,-0.000115,0.000003,0.000048,0.000077,0.000087,0.000098,0.000085,0.000074,0.000078,0.000066,0.000057,0.000051,0.000060,0.000062,0.000060,0.000054,0.000050,0.000049,0.000043,0.000023,0.000034,0.000044,0.000032,0.000023,0.000042,0.000009,0.000022,0.000095,0.000155,0.000153,0.000161,0.000115,0.000078,0.000043,0.000004,0.000011,0.000028,0.000029
402,,,,,,,,,,,,,0.000507,0.000006,0.000111,0.000097,0.000084,0.000073,0.000060,0.000053,0.000047,0.000063,0.000078,0.000061,0.000084,0.000087,0.000091,0.000061,0.000062,0.000067,0.000045,0.000029,0.000048,0.000033,0.000031,0.000042,0.000030,0.000017,0.000025,0.000141,0.000118,0.000112,0.000055,0.000043,0.000038,0.000039,0.000005,0.000011,0.000054,0.000079
403,,,,,,,,,,,,,0.003545,0.000013,0.000181,0.000169,0.000150,0.000105,0.000081,0.000068,0.000073,0.000064,0.000043,0.000014,0.000020,0.000009,0.000004,-0.000000,0.000024,0.000071,0.000156,0.000071,0.000397,0.000190,0.000163,0.000445,0.000072,0.000021,0.000038,0.000370,0.000553,0.000714,0.000469,0.000387,0.000287,0.000162,0.000023,0.000060,0.000374,0.000333
404,,,,,,,,,,,,,0.000545,0.000004,0.000044,0.000059,0.000070,0.000086,0.000103,0.000096,0.000096,0.000086,0.000069,0.000071,0.000079,0.000080,0.000095,0.000084,0.000076,0.000069,0.000069,0.000031,0.000042,0.000031,0.000033,0.000055,0.000014,0.000007,0.000010,0.000055,0.000073,0.000076,0.000060,0.000060,0.000052,0.000036,0.000013,0.000017,0.000083,0.000080
405,,,,,,,,,,,,,0.007804,0.000007,0.000074,0.000068,0.000063,0.000062,0.000041,0.000027,0.000028,0.000019,0.000019,0.000022,0.000016,0.000017,0.000022,0.000025,0.000024,0.000028,0.000024,0.000078,0.000035,0.000087,0.000037,0.000019,0.000026,0.000026,0.000060,0.000183,0.000152,0.000155,0.000124,0.000148,0.000116,0.000107,0.000026,0.000061,0.000192,0.000317
406,,,,,,,,,,,,,0.000176,0.000002,0.000015,0.000022,0.000023,0.000021,0.000025,0.000030,0.000034,0.000030,0.000030,0.000040,0.000055,0.000047,0.000034,0.000034,0.000040,0.000044,0.000046,0.000020,0.000024,0.000029,0.000023,0.000036,0.000013,0.000016,0.000034,0.000077,0.000052,0.000059,0.000080,0.000078,0.000066,0.000059,0.000006,0.000015,0.000038,0.000042
407,,,,,,,,,,,,,0.000144,0.000003,0.000042,0.000055,0.000047,0.000040,0.000043,0.000043,0.000035,0.000032,0.000054,0.000064,0.000087,0.000084,0.000085,0.000108,0.000152,0.000159,0.000189,0.000056,0.000222,0.000101,0.000070,0.000133,0.000024,0.000022,0.000017,0.000060,0.000057,0.000076,0.000049,0.000046,0.000051,0.000047,0.000007,0.000020,0.000077,0.000075
408,,,,,,,,,,,,,0.000531,0.000013,0.000210,0.000236,0.000237,0.000207,0.000139,0.000099,0.000117,0.000111,0.000100,0.000070,0.000058,0.000043,0.000046,0.000038,0.000039,0.000046,0.000054,0.000064,0.000183,0.000149,0.000142,0.000367,0.000058,0.000012,0.000015,0.000067,0.000075,0.000117,0.000079,0.000067,0.000059,0.000108,0.000014,0.000044,0.000164,0.000152
409,,,,,,,,,,,,,0.000128,0.000031,0.000799,0.001156,0.000989,0.000873,0.000703,0.000522,0.000576,0.000534,0.000416,0.000387,0.000357,0.000285,0.000247,0.000191,0.000171,0.000159,0.000146,0.000049,0.000124,0.000073,0.000055,0.000088,0.000022,0.000006,0.000008,0.000039,0.000035,0.000065,0.000063,0.000070,0.000054,0.000046,0.000007,0.000022,0.000102,0.000214
410,,,,,,,,,,,,,0.000810,0.000025,0.000293,0.000314,0.000312,0.000250,0.000215,0.000182,0.000256,0.000293,0.000382,0.000412,0.000445,0.000380,0.000330,0.000258,0.000201,0.000180,0.000148,0.000038,0.000104,0.000058,0.000047,0.000080,0.000018,0.000008,0.000010,0.000052,0.000056,0.000070,0.000057,0.000054,0.000049,0.000039,0.000007,0.000015,0.000069,0.000076
411,,,,,,,,,,,,,0.000441,0.000005,0.000072,0.000104,0.000179,0.000363,0.000526,0.000489,0.000658,0.000639,0.000588,0.000492,0.000463,0.000326,0.000271,0.000248,0.000176,0.000162,0.000156,0.000040,0.000113,0.000052,0.000036,0.000050,0.000014,0.000004,0.000005,0.000029,0.000036,0.000071,0.000060,0.000059,0.000050,0.000027,0.000005,0.000014,0.000056,0.000050
412,,,,,,,,,,,,,0.000154,0.000003,0.000047,0.000057,0.000082,0.000184,0.000250,0.000219,0.000218,0.000151,0.000141,0.000119,0.000119,0.000093,0.000093,0.000087,0.000087,0.000081,0.000082,0.000026,0.000093,0.000048,0.000031,0.000064,0.000016,0.000005,0.000011,0.000051,0.000062,0.000047,0.000035,0.000037,0.000025,0.000032,0.000006,0.000009,0.000053,0.000060
413,,,,,,,,,,,,,0.000975,0.000007,0.000100,0.000122,0.000111,0.000108,0.000106,0.000084,0.000089,0.000083,0.000066,0.000065,0.000074,0.000068,0.000083,0.000083,0.000099,0.000072,0.000063,0.000029,0.000084,0.000065,0.000038,0.000066,0.000018,0.000009,0.000012,0.000107,0.000232,0.000359,0.000231,0.000186,0.000112,0.000083,0.000006,0.000017,0.000072,0.000076
414,,,,,,,,,,,,,0.000084,0.000006,0.000082,0.000111,0.000130,0.000142,0.000146,0.000109,0.000133,0.000121,0.000110,0.000114,0.000122,0.000110,0.000105,0.000091,0.000070,0.000074,0.000080,0.000029,0.000072,0.000040,0.000031,0.000063,0.000014,0.000006,0.000022,0.000032,0.000028,0.000027,0.000021,0.000024,0.000023,0.000027,0.000010,0.000020,0.000057,0.000063
415,,,,,,,,,,,,,0.001478,0.000026,0.000248,0.000273,0.000250,0.000209,0.000174,0.000168,0.000187,0.000172,0.000138,0.000142,0.000130,0.000107,0.000110,0.000089,0.000089,0.000105,0.000098,0.000028,0.000077,0.000045,0.000037,0.000036,0.000016,0.000007,0.000008,0.000051,0.000064,0.000085,0.000069,0.000051,0.000038,0.000040,0.000007,0.000015,0.000061,0.000100
416,,,,,,,,,,,,,0.001135,0.000004,0.000031,0.000041,0.000051,0.000054,0.000054,0.000061,0.000052,0.000053,0.000052,0.000053,0.000061,0.000049,0.000060,0.000051,0.000034,0.000039,0.000040,0.000040,0.000057,0.000037,0.000021,0.000035,0.000015,0.000010,0.000022,0.000256,0.000342,0.000503,0.000332,0.000254,0.000155,0.000089,0.000012,0.000015,0.000035,0.000045
417,,,,,,,,,,,,,0.000678,0.000003,0.000066,0.000083,0.000098,0.000133,0.000149,0.000126,0.000154,0.000136,0.000103,0.000093,0.000086,0.000080,0.000079,0.000085,0.000088,0.000072,0.000057,0.000023,0.000077,0.000037,0.000028,0.000043,0.000013,0.000005,0.000007,0.000033,0.000034,0.000041,0.000041,0.000036,0.000033,0.000124,0.000012,0.000014,0.000054,0.000056
418,,,,,,,,,,,,,0.000795,0.000007,0.000090,0.000098,0.000110,0.000115,0.000103,0.000178,0.000199,0.000159,0.000102,0.000081,0.000072,0.000055,0.000048,0.000037,0.000022,0.000033,0.000079,0.000034,0.000102,0.000064,0.000051,0.000113,0.000025,0.000009,0.000011,0.000046,0.000096,0.000113,0.000107,0.000164,0.000169,0.000180,0.000018,0.000067,0.000240,0.000247
419,,,,,,,,,,,,,0.002273,0.000004,0.000071,0.000084,0.000092,0.000108,0.000130,0.000126,0.000168,0.000156,0.000212,0.000285,0.000412,0.000494,0.000518,0.000564,0.000506,0.000488,0.000434,0.000153,0.000263,0.000104,0.000051,0.000062,0.000026,0.000006,0.000007,0.000032,0.000051,0.000045,0.000024,0.000021,0.000023,0.000019,0.000007,0.000016,0.000065,0.000083
420,,,,,,,,,,,,,0.000815,0.000011,0.000325,0.000461,0.000478,0.000511,0.000445,0.000334,0.000294,0.000255,0.000249,0.000166,0.000138,0.000120,0.000126,0.000099,0.000115,0.000107,0.000079,0.000034,0.000073,0.000233,0.000072,0.000104,0.000042,0.000036,0.000031,0.000053,0.000042,0.000061,0.000055,0.000049,0.000042,0.000022,0.000009,0.000023,0.000062,0.000135
421,,,,,,,,,,,,,0.000635,0.000008,0.000110,0.000143,0.000146,0.000152,0.000165,0.000135,0.000149,0.000158,0.000163,0.000163,0.000179,0.000168,0.000170,0.000147,0.000126,0.000093,0.000079,0.000024,0.000081,0.000061,0.000068,0.000300,0.000042,0.000008,0.000011,0.000104,0.000059,0.000134,0.000110,0.000068,0.000058,0.000044,0.000006,0.000016,0.000099,0.000133
422,,,,,,,,,,,,,0.000465,0.000005,0.000077,0.000086,0.000095,0.000106,0.000098,0.000075,0.000111,0.000131,0.000126,0.000197,0.000313,0.000393,0.000494,0.000400,0.000382,0.000380,0.000245,0.000058,0.000107,0.000054,0.000040,0.000052,0.000014,0.000007,0.000011,0.000062,0.000189,0.000384,0.000207,0.000133,0.000072,0.000051,0.000007,0.000018,0.000056,0.000083
423,,,,,,,,,,,,,0.000295,0.000007,0.000099,0.000099,0.000095,0.000091,0.000092,0.000067,0.000066,0.000067,0.000070,0.000090,0.000124,0.000189,0.000295,0.000357,0.000443,0.000409,0.000323,0.000059,0.000156,0.000063,0.000041,0.000080,0.000030,0.000006,0.000008,0.000051,0.000052,0.000076,0.000072,0.000061,0.000049,0.000037,0.000005,0.000013,0.000073,0.000091
424,,,,,,,,,,,,,0.002137,0.000004,0.000064,0.000057,0.000068,0.000079,0.000086,0.000068,0.000076,0.000069,0.000051,0.000041,0.000052,0.000061,0.000073,0.000057,0.000060,0.000048,0.000046,0.000025,0.000043,0.000030,0.000023,0.000030,0.000010,0.000010,0.000013,0.000030,0.000047,0.000040,0.000036,0.000040,0.000032,0.000028,0.000012,0.000018,0.000269,0.000078
425,,,,,,,,,,,,,0.000379,0.000006,0.000158,0.000179,0.000174,0.000214,0.000323,0.000378,0.000457,0.000445,0.000392,0.000449,0.000449,0.000401,0.000345,0.000322,0.000276,0.000262,0.000229,0.000039,0.000120,0.000044,0.000038,0.000058,0.000012,0.000008,0.000012,0.000027,0.000061,0.000048,0.000029,0.000031,0.000020,0.000019,0.000004,0.000010,0.000017,0.000043
426,,,,,,,,,,,,,0.000330,0.000004,0.000054,0.000061,0.000086,0.000095,0.000088,0.000056,0.000054,0.000059,0.000053,0.000063,0.000072,0.000060,0.000051,0.000037,0.000051,0.000080,0.000111,0.000054,0.000245,0.000118,0.000080,0.000169,0.000031,0.000008,0.000012,0.000059,0.000049,0.000069,0.000048,0.000040,0.000040,0.000039,0.000005,0.000013,0.000046,0.000055
427,,,,,,,,,,,,,0.000555,0.000004,0.000048,0.000136,0.000394,0.000724,0.000762,0.000547,0.000521,0.000359,0.000247,0.000259,0.000225,0.000181,0.000157,0.000133,0.000116,0.000092,0.000079,0.000029,0.000053,0.000038,0.000027,0.000048,0.000028,0.000012,0.000010,0.000061,0.000104,0.000075,0.000040,0.000036,0.000028,0.000044,0.000005,0.000010,0.000034,0.000042
428,,,,,,,,,,,,,0.000089,0.000016,0.000175,0.000246,0.000308,0.000278,0.000246,0.000159,0.000152,0.000135,0.000123,0.000121,0.000127,0.000108,0.000132,0.000152,0.000185,0.000252,0.000221,0.000037,0.000181,0.000093,0.000061,0.000212,0.000032,0.000010,0.000009,0.000038,0.000040,0.000064,0.000050,0.000048,0.000090,0.000038,0.000004,0.000015,0.000208,0.000490
429,,,,,,,,,,,,,0.000296,0.000008,0.000108,0.000134,0.000137,0.000175,0.000226,0.000201,0.000218,0.000199,0.000169,0.000183,0.000222,0.000209,0.000182,0.000158,0.000150,0.000137,0.000133,0.000049,0.000256,0.000124,0.000084,0.000134,0.000024,0.000032,0.000052,0.000204,0.000132,0.000142,0.000139,0.000089,0.000058,0.000065,0.000011,0.000031,0.000087,0.000121
430,,,,,,,,,,,,,0.000900,0.000028,0.000253,0.000200,0.000170,0.000179,0.000188,0.000153,0.000182,0.000137,0.000113,0.000100,0.000093,0.000090,0.000098,0.000076,0.000069,0.000085,0.000062,0.000030,0.000045,0.000029,0.000033,0.000045,0.000017,0.000009,0.000009,0.000030,0.000034,0.000048,0.000039,0.000027,0.000036,0.000031,0.000008,0.000016,0.000109,0.000254
431,,,,,,,,,,,,,0.000435,0.000007,0.000098,0.000119,0.000168,0.000172,0.000199,0.000128,0.000108,0.000083,0.000102,0.000066,0.000062,0.000069,0.000074,0.000074,0.000070,0.000074,0.000096,0.000158,0.000118,0.000066,0.000048,0.000110,0.000036,0.000016,0.000024,0.000055,0.000062,0.000094,0.000073,0.000081,0.000093,0.000192,0.000010,0.000024,0.000094,0.000108
432,,,,,,,,,,,,,0.001307,0.000007,0.000091,0.000168,0.000200,0.000193,0.000163,0.000109,0.000104,0.000080,0.000051,0.000057,0.000048,0.000043,0.000054,0.000039,0.000050,0.000038,0.000036,0.000027,0.000047,0.000033,0.000025,0.000032,0.000014,0.000011,0.000018,0.000091,0.000148,0.000208,0.000233,0.000274,0.000278,0.000231,0.000023,0.000031,0.000116,0.000108
433,,,,,,,,,,,,,0.000817,0.000012,0.000200,0.000245,0.000291,0.000298,0.000325,0.000247,0.000253,0.000194,0.000161,0.000152,0.000152,0.000132,0.000127,0.000123,0.000107,0.000111,0.000096,0.000032,0.000079,0.000042,0.000032,0.000053,0.000011,0.000004,0.000008,0.000044,0.000045,0.000062,0.000046,0.000048,0.000037,0.000108,0.000005,0.000019,0.000100,0.000100
434,,,,,,,,,,,,,0.001697,0.000004,0.000028,0.000033,0.000041,0.000043,0.000046,0.000041,0.000040,0.000047,0.000043,0.000028,0.000027,0.000013,0.000017,0.000011,0.000011,0.000010,0.000010,0.000064,0.000018,0.000026,0.000030,0.000027,0.000015,0.000012,0.000022,0.000036,0.000021,0.000021,0.000023,0.000041,0.000032,0.000041,0.000016,0.000034,0.000093,0.000108
435,,,,,,,,,,,,,0.000389,0.000005,0.000064,0.000093,0.000164,0.000378,0.000673,0.000762,0.001112,0.001041,0.000982,0.000796,0.000715,0.000502,0.000401,0.000310,0.000221,0.000181,0.000145,0.000045,0.000108,0.000048,0.000042,0.000101,0.000021,0.000008,0.000009,0.000039,0.000032,0.000037,0.000034,0.000054,0.000049,0.000030,0.000005,0.000015,0.000068,0.000066
436,,,,,,,,,,,,,0.000989,0.000004,0.000085,0.000201,0.000402,0.000837,0.001210,0.001175,0.001115,0.000917,0.000661,0.000527,0.000468,0.000351,0.000262,0.000213,0.000183,0.000137,0.000109,0.000032,0.000080,0.000052,0.000051,0.000040,0.000016,0.000005,0.000007,0.000031,0.000093,0.000201,0.000163,0.000168,0.000098,0.000069,0.000009,0.000029,0.000066,0.000049
437,,,,,,,,,,,,,0.001097,0.000003,0.000026,0.000027,0.000027,0.000028,0.000033,0.000031,0.000041,0.000040,0.000028,0.000014,0.000017,0.000025,0.000058,0.000077,0.000088,0.000082,0.000080,0.000032,0.000061,0.000037,0.000028,0.000052,0.000012,0.000009,0.000027,0.000058,0.000066,0.000114,0.000175,0.000155,0.000221,0.000218,0.000018,0.000032,0.000088,0.000111
438,,,,,,,,,,,,,0.000781,0.000005,0.000086,0.000145,0.000292,0.000685,0.001151,0.001307,0.001407,0.001087,0.000760,0.000584,0.000523,0.000414,0.000292,0.000248,0.000194,0.000170,0.000128,0.000042,0.000133,0.000084,0.000063,0.000240,0.000042,0.000012,0.000014,0.000041,0.000049,0.000097,0.000098,0.000089,0.000060,0.000039,0.000005,0.000018,0.000078,0.000085
439,,,,,,,,,,,,,0.000163,0.000004,0.000048,0.000062,0.000111,0.000226,0.000393,0.000562,0.000500,0.000466,0.000469,0.000438,0.000417,0.000309,0.000249,0.000182,0.000161,0.000125,0.000094,0.000025,0.000077,0.000036,0.000023,0.000048,0.000010,0.000007,0.000015,0.000101,0.000123,0.000139,0.000089,0.000065,0.000050,0.000040,0.000006,0.000017,0.000074,0.000088
440,,,,,,,,,,,,,-0.000010,0.000003,0.000045,0.000048,0.000052,0.000037,0.000047,0.000061,0.000066,0.000066,0.000057,0.000066,0.000086,0.000123,0.000138,0.000160,0.000145,0.000111,0.000093,0.000033,0.000075,0.000057,0.000045,0.000094,0.000022,0.000014,0.000033,0.000069,0.000069,0.000058,0.000069,0.000050,0.000039,0.000031,0.000005,0.000013,0.000044,0.000045
441,,,,,,,,,,,,,0.002101,0.000003,0.000052,0.000069,0.000153,0.000384,0.000845,0.000879,0.000750,0.000791,0.000504,0.000274,0.000203,0.000128,0.000095,0.000073,0.000063,0.000054,0.000032,0.000025,0.000023,0.000026,0.000032,0.000030,0.000019,0.000008,0.000010,0.000051,0.000098,0.000096,0.000088,0.000079,0.000077,0.000089,0.000020,0.000052,0.000101,0.000065
442,,,,,,,,,,,,,0.000136,0.000005,0.000044,0.000074,0.000127,0.000245,0.000404,0.000373,0.000394,0.000557,0.000542,0.000314,0.000267,0.000212,0.000190,0.000145,0.000115,0.000128,0.000097,0.000029,0.000068,0.000034,0.000025,0.000042,0.000018,0.000012,0.000019,0.000053,0.000222,0.000145,0.000114,0.000100,0.000086,0.000077,0.000015,0.000018,0.000069,0.000065
443,,,,,,,,,,,,,0.000524,0.000003,0.000029,0.000038,0.000049,0.000067,0.000084,0.000098,0.000197,0.000316,0.000365,0.000549,0.000669,0.000682,0.000689,0.000651,0.000484,0.000338,0.000239,0.000057,0.000169,0.000072,0.000049,0.000091,0.000026,0.000014,0.000017,0.000045,0.000054,0.000068,0.000045,0.000050,0.000047,0.000028,0.000009,0.000017,0.000049,0.000058
444,,,,,,,,,,,,,0.000406,0.000005,0.000074,0.000085,0.000087,0.000105,0.000113,0.000130,0.000120,0.000135,0.000131,0.000163,0.000206,0.000189,0.000192,0.000173,0.000152,0.000130,0.000107,0.000041,0.000094,0.000116,0.000081,0.000080,0.000035,0.000012,0.000015,0.000050,0.000043,0.000050,0.000037,0.000055,0.000058,0.000039,0.000007,0.000021,0.000071,0.000066
445,,,,,,,,,,,,,0.001246,0.000002,0.000039,0.000059,0.000063,0.000044,0.000036,0.000036,0.000052,0.000038,0.000015,0.000005,0.000011,0.000020,0.000052,0.000096,0.000122,0.000167,0.000235,0.000074,0.000313,0.000133,0.000095,0.000192,0.000030,0.000009,0.000022,0.000123,0.000117,0.000124,0.000086,0.000078,0.000058,0.000042,0.000010,0.000026,0.000068,0.000063
446,,,,,,,,,,,,,0.000687,0.000004,0.000064,0.000068,0.000071,0.000088,0.000083,0.000068,0.000096,0.000106,0.000090,0.000099,0.000113,0.000105,0.000097,0.000089,0.000082,0.000079,0.000066,0.000028,0.000146,0.000051,0.000038,0.000065,0.000014,0.000007,0.000016,0.000026,0.000033,0.000041,0.000034,0.000040,0.000027,0.000032,0.000006,0.000013,0.000041,0.000048
447,,,,,,,,,,,,,0.001740,0.000003,0.000034,0.000053,0.000069,0.000061,0.000092,0.000092,0.000117,0.000114,0.000095,0.000073,0.000077,0.000069,0.000075,0.000053,0.000066,0.000064,0.000062,0.000035,0.000052,0.000025,0.000023,0.000046,0.000013,0.000008,0.000027,0.000049,0.000046,0.000065,0.000065,0.000055,0.000055,0.000053,0.000012,0.000024,0.000086,0.000111
448,,,,,,,,,,,,,0.000194,0.000012,0.000123,0.000149,0.000162,0.000192,0.000214,0.000168,0.000212,0.000205,0.000222,0.000294,0.000316,0.000287,0.000220,0.000208,0.000219,0.000278,0.000311,0.000089,0.000340,0.000124,0.000064,0.000111,0.000021,0.000014,0.000022,0.000081,0.000085,0.000086,0.000107,0.000076,0.000068,0.000066,0.000008,0.000017,0.000116,0.000185
449,,,,,,,,,,,,,0.000282,0.000003,0.000080,0.000126,0.000146,0.000129,0.000108,0.000095,0.000088,0.000066,0.000054,0.000067,0.000118,0.000097,0.000091,0.000065,0.000049,0.000054,0.000050,0.000026,0.000120,0.000104,0.000091,0.000322,0.000047,0.000012,0.000018,0.000043,0.000049,0.000055,0.000034,0.000045,0.000065,0.000044,0.000010,0.000020,0.000036,0.000142
450,,,,,,,,,,,,,0.001049,0.000007,0.000088,0.000227,0.000546,0.001120,0.001438,0.001267,0.001143,0.000817,0.000575,0.000455,0.000348,0.000268,0.000208,0.000186,0.000182,0.000173,0.000131,0.000052,0.000129,0.000067,0.000039,0.000065,0.000024,0.000008,0.000011,0.000046,0.000037,0.000044,0.000046,0.000049,0.000049,0.000042,0.000006,0.000016,0.000071,0.000076
451,,,,,,,,,,,,,0.000453,0.000006,0.000067,0.000079,0.000089,0.000109,0.000150,0.000129,0.000175,0.000139,0.000121,0.000095,0.000090,0.000081,0.000097,0.000085,0.000071,0.000066,0.000059,0.000026,0.000061,0.000035,0.000025,0.000049,0.000018,0.000007,0.000010,0.000038,0.000035,0.000080,0.000085,0.000094,0.000112,0.000182,0.000008,0.000037,0.000059,0.000080
452,,,,,,,,,,,,,0.000601,0.000004,0.000052,0.000085,0.000087,0.000112,0.000148,0.000188,0.000310,0.000373,0.000320,0.000311,0.000304,0.000231,0.000221,0.000185,0.000174,0.000130,0.000092,0.000024,0.000074,0.000042,0.000036,0.000065,0.000024,0.000011,0.000027,0.000237,0.000208,0.000231,0.000112,0.000099,0.000061,0.000077,0.000007,0.000016,0.000045,0.000050
453,,,,,,,,,,,,,0.000096,0.000016,0.000228,0.000283,0.000258,0.000242,0.000251,0.000229,0.000311,0.000337,0.000365,0.000342,0.000438,0.000418,0.000364,0.000289,0.000232,0.000203,0.000150,0.000040,0.000122,0.000049,0.000035,0.000085,0.000015,0.000007,0.000021,0.000120,0.000171,0.000136,0.000085,0.000071,0.000052,0.000045,0.000004,0.000015,0.000067,0.000071
454,,,,,,,,,,,,,0.001429,0.000005,0.000060,0.000083,0.000089,0.000100,0.000172,0.000302,0.000253,0.000342,0.000239,0.000196,0.000229,0.000210,0.000197,0.000155,0.000117,0.000107,0.000087,0.000027,0.000061,0.000032,0.000027,0.000038,0.000016,0.000008,0.000009,0.000036,0.000031,0.000042,0.000025,0.000027,0.000041,0.000050,0.000007,0.000030,0.000105,0.000095
455,,,,,,,,,,,,,0.000257,0.000005,0.000094,0.000139,0.000150,0.000161,0.000166,0.000110,0.000104,0.000097,0.000099,0.000112,0.000123,0.000107,0.000105,0.000101,0.000094,0.000087,0.000078,0.000030,0.000069,0.000042,0.000037,0.000047,0.000020,0.000005,0.000007,0.000034,0.000057,0.000139,0.000176,0.000190,0.000140,0.000126,0.000007,0.000021,0.000053,0.000055
456,,,,,,,,,,,,,0.000306,0.000008,0.000142,0.000175,0.000170,0.000177,0.000177,0.000140,0.000151,0.000143,0.000132,0.000129,0.000156,0.000128,0.000124,0.000110,0.000099,0.000096,0.000086,0.000043,0.000102,0.000052,0.000037,0.000082,0.000041,0.000014,0.000017,0.000108,0.000102,0.000129,0.000091,0.000078,0.000062,0.000061,0.000007,0.000019,0.000045,0.000042
457,,,,,,,,,,,,,0.001255,0.000006,0.000062,0.000061,0.000072,0.000071,0.000059,0.000059,0.000069,0.000063,0.000083,0.000111,0.000165,0.000226,0.000363,0.000491,0.000527,0.000600,0.000611,0.000154,0.000729,0.000325,0.000188,0.000383,0.000051,0.000021,0.000024,0.000096,0.000141,0.000200,0.000124,0.000085,0.000057,0.000050,0.000007,0.000019,0.000064,0.000134
458,,,,,,,,,,,,,0.000262,0.000003,0.000047,0.000049,0.000046,0.000065,0.000079,0.000116,0.000166,0.000241,0.000257,0.000323,0.000463,0.000466,0.000410,0.000374,0.000316,0.000240,0.000162,0.000044,0.000094,0.000071,0.000064,0.000100,0.000028,0.000018,0.000018,0.000055,0.000032,0.000034,0.000030,0.000060,0.000054,0.000058,0.000012,0.000031,0.000126,0.000083
459,,,,,,,,,,,,,0.000194,0.000008,0.000065,0.000081,0.000097,0.000102,0.000094,0.000061,0.000062,0.000057,0.000040,0.000056,0.000074,0.000094,0.000170,0.000249,0.000272,0.000306,0.000325,0.000093,0.000378,0.000159,0.000112,0.000229,0.000040,0.000008,0.000016,0.000162,0.000059,0.000072,0.000056,0.000058,0.000054,0.000060,0.000007,0.000026,0.000166,0.000178
460,,,,,,,,,,,,,0.000432,0.000013,0.000516,0.000818,0.000861,0.000713,0.000611,0.000420,0.000428,0.000337,0.000295,0.000299,0.000298,0.000243,0.000202,0.000169,0.000171,0.000151,0.000154,0.000040,0.000216,0.000145,0.000100,0.000186,0.000032,0.000008,0.000011,0.000046,0.000043,0.000060,0.000047,0.000051,0.000032,0.000037,0.000006,0.000018,0.000076,0.000088
461,,,,,,,,,,,,,0.000623,0.000006,0.000067,0.000110,0.000156,0.000182,0.000144,0.000100,0.000093,0.000103,0.000096,0.000085,0.000085,0.000070,0.000097,0.000123,0.000188,0.000294,0.000432,0.000094,0.000396,0.000155,0.000081,0.000165,0.000022,0.000007,0.000008,0.000048,0.000069,0.000113,0.000133,0.000104,0.000078,0.000072,0.000008,0.000022,0.000093,0.000109
462,,,,,,,,,,,,,0.000664,0.000013,0.000076,0.000110,0.000133,0.000162,0.000163,0.000134,0.000139,0.000111,0.000101,0.000071,0.000066,0.000055,0.000057,0.000054,0.000039,0.000033,0.000029,0.000027,0.000028,0.000024,0.000020,0.000020,0.000016,0.000010,0.000013,0.000028,0.000032,0.000034,0.000026,0.000025,0.000017,0.000020,0.000008,0.000022,0.000151,0.000270
463,,,,,,,,,,,,,0.001886,0.000005,0.000071,0.000093,0.000108,0.000143,0.000135,0.000128,0.000158,0.000154,0.000150,0.000137,0.000156,0.000182,0.000188,0.000192,0.000177,0.000248,0.000117,0.000040,0.000072,0.000052,0.000043,0.000102,0.000032,0.000019,0.000019,0.000043,0.000037,0.000046,0.000048,0.000047,0.000033,0.000042,0.000015,0.000037,0.000167,0.000141
464,,,,,,,,,,,,,0.000325,0.000012,0.000167,0.000155,0.000124,0.000165,0.000271,0.000355,0.000576,0.000734,0.000531,0.000477,0.000512,0.000393,0.000414,0.000330,0.000214,0.000177,0.000152,0.000055,0.000124,0.000060,0.000039,0.000080,0.000024,0.000017,0.000019,0.000059,0.000069,0.000107,0.000071,0.000062,0.000032,0.000040,0.000007,0.000020,0.000121,0.000246
465,,,,,,,,,,,,,0.001206,0.000004,0.000082,0.000066,0.000073,0.000081,0.000084,0.000068,0.000073,0.000058,0.000044,0.000034,0.000030,0.000032,0.000030,0.000025,0.000020,0.000022,0.000034,0.000019,0.000044,0.000040,0.000030,0.000045,0.000032,0.000012,0.000016,0.000090,0.000040,0.000045,0.000041,0.000034,0.000029,0.000036,0.000019,0.000054,0.000235,0.000121
466,,,,,,,,,,,,,0.002145,0.000004,0.000086,0.000106,0.000118,0.000131,0.000124,0.000093,0.000097,0.000078,0.000061,0.000043,0.000029,0.000016,0.000021,0.000034,0.000103,0.000056,0.000045,0.000025,0.000054,0.000037,0.000046,0.000136,0.000039,0.000022,0.000032,0.000053,0.000042,0.000040,0.000042,0.000042,0.000044,0.000040,0.000008,0.000021,0.000039,0.000049
467,,,,,,,,,,,,,0.000058,0.000007,0.000104,0.000169,0.000233,0.000305,0.000356,0.000351,0.000478,0.000472,0.000482,0.000408,0.000440,0.000355,0.000306,0.000244,0.000186,0.000175,0.000144,0.000052,0.000237,0.000101,0.000067,0.000153,0.000020,0.000004,0.000006,0.000055,0.000067,0.000064,0.000110,0.000056,0.000045,0.000038,0.000004,0.000012,0.000097,0.000101
468,,,,,,,,,,,,,0.001379,0.000007,0.000067,0.000087,0.000083,0.000079,0.000118,0.000119,0.000122,0.000157,0.000213,0.000363,0.000606,0.000759,0.000822,0.000736,0.000608,0.000447,0.000351,0.000075,0.000229,0.000083,0.000053,0.000108,0.000026,0.000007,0.000010,0.000049,0.000052,0.000060,0.000041,0.000049,0.000053,0.000071,0.000009,0.000014,0.000053,0.000080
469,,,,,,,,,,,,,0.018891,0.000004,0.000081,0.000051,0.000046,0.000048,0.000058,0.000059,0.000051,0.000064,0.000056,0.000061,0.000059,0.000063,0.000076,0.000053,0.000050,0.000048,0.000051,0.000056,0.000055,0.000046,0.000042,0.000116,0.000021,0.000009,0.000011,0.000068,0.000082,0.000144,0.000096,0.000085,0.000082,0.000070,0.000015,0.000062,0.000076,0.000177
470,,,,,,,,,,,,,0.000085,0.000005,0.000068,0.000098,0.000133,0.000169,0.000169,0.000120,0.000115,0.000097,0.000080,0.000068,0.000067,0.000053,0.000083,0.000156,0.000147,0.000142,0.000123,0.000038,0.000075,0.000057,0.000054,0.000183,0.000044,0.000027,0.000025,0.000049,0.000072,0.000087,0.000088,0.000096,0.000103,0.000089,0.000011,0.000025,0.000087,0.000101
471,,,,,,,,,,,,,0.001111,0.000007,0.000110,0.000147,0.000147,0.000159,0.000157,0.000096,0.000092,0.000090,0.000064,0.000063,0.000057,0.000048,0.000061,0.000051,0.000054,0.000062,0.000086,0.000032,0.000124,0.000066,0.000054,0.000150,0.000025,0.000007,0.000007,0.000031,0.000034,0.000050,0.000036,0.000033,0.000035,0.000041,0.000006,0.000015,0.000168,0.000158
472,,,,,,,,,,,,,-0.000081,0.000004,0.000059,0.000103,0.000177,0.000333,0.000535,0.000446,0.000517,0.000373,0.000481,0.000227,0.000247,0.000168,0.000146,0.000116,0.000102,0.000083,0.000074,0.000035,0.000092,0.000049,0.000029,0.000048,0.000017,0.000005,0.000008,0.000034,0.000047,0.000053,0.000042,0.000043,0.000051,0.000053,0.000006,0.000013,0.000045,0.000061
473,,,,,,,,,,,,,0.000251,0.000002,0.000071,0.000069,0.000084,0.000116,0.000115,0.000093,0.000076,0.000067,0.000046,0.000036,0.000051,0.000049,0.000051,0.000045,0.000037,0.000037,0.000039,0.000046,0.000055,0.000077,0.000057,0.000099,0.000022,0.000019,0.000024,0.000101,0.000282,0.000117,0.000087,0.000063,0.000096,0.000111,0.000013,0.000023,0.000043,0.000119
474,,,,,,,,,,,,,0.000563,0.000007,0.000069,0.000094,0.000095,0.000081,0.000076,0.000056,0.000054,0.000061,0.000062,0.000052,0.000059,0.000064,0.000059,0.000045,0.000071,0.000069,0.000065,0.000041,0.000062,0.000054,0.000041,0.000065,0.000028,0.000022,0.000028,0.000048,0.000080,0.000087,0.000081,0.000076,0.000070,0.000057,0.000020,0.000037,0.000184,0.000192
475,,,,,,,,,,,,,-0.000003,0.000015,0.000084,0.000139,0.000287,0.000530,0.000642,0.000628,0.000661,0.000576,0.000447,0.000430,0.000340,0.000259,0.000211,0.000132,0.000096,0.000107,0.000126,0.000044,0.000179,0.000113,0.000080,0.000293,0.000048,0.000019,0.000030,0.000102,0.000085,0.000155,0.000104,0.000082,0.000070,0.000068,0.000014,0.000052,0.000229,0.000336
476,,,,,,,,,,,,,0.011275,0.000014,0.000148,0.000109,0.000103,0.000114,0.000146,0.000176,0.000212,0.000220,0.000236,0.000212,0.000237,0.000228,0.000269,0.000300,0.000292,0.000314,0.000333,0.000104,0.000304,0.000109,0.000072,0.000173,0.000067,0.000015,0.000017,0.000126,0.000156,0.000202,0.000119,0.000098,0.000070,0.000057,0.000016,0.000091,0.000227,0.000254
477,,,,,,,,,,,,,0.000204,0.000004,0.000061,0.000052,0.000084,0.000161,0.000214,0.000206,0.000254,0.000278,0.000285,0.000306,0.000294,0.000264,0.000211,0.000157,0.000156,0.000207,0.000216,0.000084,0.000194,0.000081,0.000044,0.000079,0.000014,0.000007,0.000006,0.000027,0.000043,0.000040,0.000023,0.000023,0.000021,0.000026,0.000014,0.000029,0.000111,0.000158
478,,,,,,,,,,,,,0.000969,0.000010,0.000118,0.000171,0.000203,0.000208,0.000188,0.000164,0.000218,0.000256,0.000284,0.000308,0.000340,0.000267,0.000195,0.000149,0.000132,0.000149,0.000205,0.000209,0.000292,0.000140,0.000094,0.000135,0.000025,0.000008,0.000011,0.000037,0.000043,0.000038,0.000031,0.000041,0.000038,0.000044,0.000009,0.000034,0.000217,0.000248
479,,,,,,,,,,,,,0.000525,0.000003,0.000048,0.000078,0.000108,0.000124,0.000118,0.000107,0.000111,0.000115,0.000118,0.000138,0.000174,0.000189,0.000219,0.000228,0.000209,0.000196,0.000159,0.000050,0.000122,0.000048,0.000037,0.000048,0.000014,0.000005,0.000007,0.000023,0.000045,0.000037,0.000025,0.000027,0.000025,0.000017,0.000004,0.000010,0.000032,0.000046
480,,,,,,,,,,,,,0.000362,0.000023,0.000300,0.000295,0.000251,0.000209,0.000214,0.000185,0.000220,0.000188,0.000165,0.000146,0.000152,0.000137,0.000117,0.000158,0.000103,0.000087,0.000072,0.000032,0.000066,0.000039,0.000035,0.000045,0.000024,0.000005,0.000007,0.000033,0.000039,0.000053,0.000037,0.000041,0.000042,0.000032,0.000006,0.000011,0.000053,0.000051
481,,,,,,,,,,,,,0.001336,0.000024,0.000483,0.000657,0.000577,0.000495,0.000419,0.000269,0.000302,0.000247,0.000196,0.000167,0.000149,0.000113,0.000082,0.000073,0.000090,0.000086,0.000061,0.000032,0.000068,0.000062,0.000038,0.000056,0.000021,0.000007,0.000015,0.000042,0.000053,0.000133,0.000128,0.000143,0.000138,0.000108,0.000010,0.000024,0.000131,0.000102
482,,,,,,,,,,,,,0.000738,0.000010,0.000281,0.000482,0.000560,0.000555,0.000464,0.000327,0.000350,0.000306,0.000253,0.000285,0.000301,0.000255,0.000244,0.000280,0.000272,0.000244,0.000238,0.000063,0.000184,0.000063,0.000041,0.000071,0.000016,0.000005,0.000006,0.000032,0.000028,0.000041,0.000024,0.000021,0.000020,0.000013,0.000004,0.000013,0.000053,0.000072
483,,,,,,,,,,,,,0.001287,0.000010,0.000088,0.000126,0.000140,0.000142,0.000128,0.000091,0.000098,0.000091,0.000100,0.000095,0.000104,0.000090,0.000084,0.000081,0.000076,0.000084,0.000088,0.000036,0.000142,0.000071,0.000051,0.000109,0.000015,0.000004,0.000010,0.000089,0.000080,0.000100,0.000050,0.000061,0.000035,0.000027,0.000005,0.000012,0.000087,0.000125
484,,,,,,,,,,,,,0.000313,0.000004,0.000040,0.000022,0.000024,0.000035,0.000072,0.000117,0.000129,0.000137,0.000116,0.000104,0.000122,0.000096,0.000076,0.000069,0.000059,0.000044,0.000057,0.000041,0.000048,0.000037,0.000042,0.000072,0.000017,0.000009,0.000019,0.000146,0.000337,0.000226,0.000131,0.000108,0.000069,0.000063,0.000008,0.000017,0.000045,0.000043
485,,,,,,,,,,,,,0.001402,0.000005,0.000073,0.000119,0.000147,0.000172,0.000184,0.000149,0.000151,0.000109,0.000065,0.000067,0.000061,0.000059,0.000058,0.000042,0.000058,0.000053,0.000044,0.000029,0.000061,0.000057,0.000065,0.000246,0.000059,0.000011,0.000015,0.000076,0.000111,0.000092,0.000060,0.000050,0.000041,0.000040,0.000005,0.000013,0.000043,0.000053
486,,,,,,,,,,,,,0.001521,0.000004,0.000045,0.000032,0.000035,0.000028,0.000027,0.000035,0.000044,0.000051,0.000053,0.000067,0.000100,0.000110,0.000106,0.000071,0.000059,0.000076,0.000073,0.000041,0.000065,0.000040,0.000036,0.000034,0.000037,0.000012,0.000009,0.000028,0.000031,0.000041,0.000036,0.000050,0.000046,0.000057,0.000014,0.000026,0.000137,0.000107
487,,,,,,,,,,,,,0.001463,0.000009,0.000120,0.000149,0.000146,0.000139,0.000127,0.000101,0.000164,0.000162,0.000173,0.000190,0.000236,0.000229,0.000214,0.000208,0.000167,0.000138,0.000128,0.000193,0.000139,0.000072,0.000061,0.000079,0.000021,0.000009,0.000012,0.000032,0.000022,0.000019,0.000029,0.000025,0.000022,0.000030,0.000013,0.000026,0.000069,0.000058
488,,,,,,,,,,,,,0.002197,0.000008,0.000063,0.000086,0.000091,0.000106,0.000097,0.000075,0.000078,0.000065,0.000058,0.000070,0.000073,0.000062,0.000078,0.000092,0.000087,0.000075,0.000063,0.000020,0.000054,0.000034,0.000027,0.000038,0.000016,0.000007,0.000008,0.000068,0.000094,0.000115,0.000064,0.000057,0.000074,0.000095,0.000011,0.000031,0.000265,0.000181
489,,,,,,,,,,,,,0.000700,0.000001,0.000011,0.000020,0.000027,0.000039,0.000048,0.000051,0.000048,0.000040,0.000032,0.000025,0.000031,0.000027,0.000039,0.000035,0.000027,0.000032,0.000040,0.000025,0.000041,0.000030,0.000020,0.000028,0.000010,0.000005,0.000007,0.000025,0.000026,0.000036,0.000033,0.000028,0.000036,0.000034,0.000006,0.000011,0.000034,0.000032
490,,,,,,,,,,,,,0.000804,0.000003,0.000047,0.000044,0.000050,0.000065,0.000063,0.000051,0.000055,0.000057,0.000050,0.000054,0.000067,0.000082,0.000090,0.000084,0.000078,0.000061,0.000058,0.000046,0.000047,0.000030,0.000033,0.000027,0.000013,0.000011,0.000017,0.000023,0.000031,0.000031,0.000031,0.000028,0.000018,0.000033,0.000009,0.000029,0.000058,0.000062
491,,,,,,,,,,,,,0.000743,0.000005,0.000080,0.000102,0.000116,0.000154,0.000223,0.000228,0.000295,0.000288,0.000253,0.000239,0.000234,0.000186,0.000169,0.000155,0.000141,0.000139,0.000139,0.000059,0.000355,0.000196,0.000146,0.000318,0.000040,0.000009,0.000011,0.000081,0.000087,0.000093,0.000067,0.000057,0.000046,0.000120,0.000005,0.000025,0.000055,0.000085
492,,,,,,,,,,,,,0.000613,0.000014,0.000112,0.000147,0.000136,0.000129,0.000107,0.000079,0.000089,0.000096,0.000088,0.000109,0.000121,0.000115,0.000120,0.000108,0.000094,0.000071,0.000064,0.000015,0.000032,0.000025,0.000022,0.000059,0.000018,0.000005,0.000010,0.000045,0.000049,0.000070,0.000049,0.000059,0.000059,0.000071,0.000006,0.000016,0.000133,0.000184
493,,,,,,,,,,,,,0.003049,0.000004,0.000047,0.000054,0.000054,0.000075,0.000088,0.000074,0.000092,0.000100,0.000071,0.000060,0.000066,0.000072,0.000058,0.000030,0.000026,0.000051,0.000049,0.000055,0.000134,0.000083,0.000072,0.000178,0.000039,0.000012,0.000017,0.000066,0.000076,0.000079,0.000056,0.000071,0.000071,0.000076,0.000015,0.000033,0.000095,0.000127
494,,,,,,,,,,,,,0.000438,0.000006,0.000090,0.000171,0.000270,0.000438,0.000567,0.000511,0.000582,0.000554,0.000436,0.000389,0.000331,0.000276,0.000243,0.000192,0.000156,0.000139,0.000124,0.000046,0.000119,0.000066,0.000056,0.000103,0.000021,0.000009,0.000009,0.000031,0.000046,0.000065,0.000057,0.000073,0.000056,0.000067,0.000005,0.000014,0.000064,0.000073
495,,,,,,,,,,,,,-0.000089,0.000005,0.000128,0.000156,0.000082,0.000044,0.000038,0.000064,0.000073,0.000045,0.000051,0.000074,0.000088,0.000078,0.000095,0.000116,0.000151,0.000163,0.000209,0.000061,0.000242,0.000146,0.000122,0.000399,0.000055,0.000016,0.000036,0.000196,0.000172,0.000183,0.000162,0.000158,0.000193,0.000211,0.000019,0.000042,0.000114,0.000096
496,,,,,,,,,,,,,-0.000212,0.000002,0.000042,0.000087,0.000107,0.000121,0.000169,0.000174,0.000195,0.000194,0.000229,0.000323,0.000480,0.000484,0.000539,0.000536,0.000452,0.000418,0.000417,0.000114,0.000414,0.000152,0.000080,0.000157,0.000023,0.000007,0.000009,0.000034,0.000050,0.000092,0.000085,0.000073,0.000082,0.000070,0.000007,0.000011,0.000036,0.000068
497,,,,,,,,,,,,,0.000108,0.000007,0.000109,0.000147,0.000245,0.000464,0.000650,0.000565,0.000545,0.000385,0.000275,0.000227,0.000212,0.000176,0.000174,0.000165,0.000157,0.000158,0.000178,0.000051,0.000223,0.000113,0.000063,0.000150,0.000023,0.000006,0.000009,0.000063,0.000055,0.000050,0.000034,0.000033,0.000033,0.000050,0.000005,0.000023,0.000150,0.000150
498,,,,,,,,,,,,,0.001558,0.000029,0.000449,0.000593,0.000610,0.000676,0.000752,0.000707,0.000811,0.000766,0.000673,0.000643,0.000656,0.000582,0.000538,0.000458,0.000380,0.000333,0.000296,0.000087,0.000243,0.000107,0.000064,0.000091,0.000022,0.000007,0.000011,0.000068,0.000061,0.000060,0.000051,0.000074,0.000086,0.000077,0.000009,0.000025,0.000066,0.000100
499,,,,,,,,,,,,,0.000461,0.000004,0.000068,0.000085,0.000091,0.000106,0.000103,0.000094,0.000108,0.000125,0.000088,0.000092,0.000085,0.000080,0.000076,0.000071,0.000078,0.000070,0.000060,0.000024,0.000070,0.000057,0.000038,0.000059,0.000019,0.000007,0.000011,0.000079,0.000100,0.000150,0.000115,0.000083,0.000088,0.000085,0.000009,0.000027,0.000054,0.000062
500,,,,,,,,,,,,,-0.000055,0.000005,0.000054,0.000059,0.000081,0.000106,0.000133,0.000079,0.000060,0.000056,0.000048,0.000088,0.000173,0.000224,0.000305,0.000242,0.000193,0.000144,0.000101,0.000025,0.000058,0.000033,0.000027,0.000095,0.000031,0.000010,0.000015,0.000045,0.000048,0.000064,0.000042,0.000025,0.000026,0.000025,0.000006,0.000026,0.000062,0.000076
501,,,,,,,,,,,,,-0.000007,0.000009,0.000072,0.000108,0.000157,0.000259,0.000226,0.000193,0.000211,0.000196,0.000179,0.000189,0.000224,0.000228,0.000212,0.000172,0.000142,0.000125,0.000079,0.000029,0.000074,0.000060,0.000036,0.000080,0.000019,0.000006,0.000012,0.000050,0.000064,0.000062,0.000027,0.000023,0.000018,0.000028,0.000027,0.000055,0.000232,0.000214
502,,,,,,,,,,,,,0.000382,0.000009,0.000159,0.000226,0.000227,0.000196,0.000147,0.000116,0.000096,0.000098,0.000088,0.000123,0.000158,0.000179,0.000225,0.000262,0.000282,0.000303,0.000262,0.000057,0.000164,0.000059,0.000037,0.000060,0.000013,0.000005,0.000011,0.000067,0.000054,0.000054,0.000036,0.000035,0.000030,0.000025,0.000005,0.000015,0.000107,0.000106
503,,,,,,,,,,,,,0.000544,0.000008,0.000112,0.000236,0.000517,0.000868,0.000946,0.000760,0.000880,0.000765,0.000685,0.000626,0.000557,0.000393,0.000294,0.000226,0.000183,0.000147,0.000122,0.000040,0.000095,0.000063,0.000042,0.000068,0.000019,0.000006,0.000010,0.000039,0.000050,0.000057,0.000049,0.000048,0.000070,0.000070,0.000007,0.000021,0.000057,0.000062
504,,,,,,,,,,,,,0.000197,0.000008,0.000092,0.000133,0.000147,0.000140,0.000157,0.000152,0.000165,0.000168,0.000182,0.000180,0.000192,0.000166,0.000148,0.000129,0.000124,0.000110,0.000101,0.000042,0.000087,0.000038,0.000022,0.000042,0.000017,0.000004,0.000010,0.000024,0.000027,0.000036,0.000035,0.000058,0.000064,0.000050,0.000005,0.000013,0.000071,0.000058
505,,,,,,,,,,,,,0.000003,0.000005,0.000081,0.000095,0.000120,0.000229,0.000475,0.000381,0.000463,0.000774,0.000869,0.000863,0.000894,0.000729,0.000553,0.000467,0.000399,0.000337,0.000269,0.000075,0.000240,0.000084,0.000056,0.000103,0.000023,0.000008,0.000011,0.000039,0.000041,0.000049,0.000038,0.000035,0.000032,0.000030,0.000007,0.000014,0.000041,0.000059
506,,,,,,,,,,,,,0.000157,0.000011,0.000201,0.000231,0.000231,0.000249,0.000242,0.000185,0.000223,0.000202,0.000181,0.000156,0.000158,0.000159,0.000164,0.000200,0.000183,0.000209,0.000228,0.000067,0.000238,0.000094,0.000049,0.000071,0.000017,0.000008,0.000014,0.000049,0.000091,0.000124,0.000103,0.000079,0.000052,0.000049,0.000006,0.000015,0.000054,0.000070
507,,,,,,,,,,,,,-0.000023,0.000006,0.000084,0.000093,0.000086,0.000073,0.000066,0.000061,0.000068,0.000088,0.000068,0.000057,0.000075,0.000090,0.000100,0.000100,0.000100,0.000081,0.000072,0.000026,0.000056,0.000045,0.000037,0.000103,0.000026,0.000010,0.000019,0.000041,0.000046,0.000065,0.000099,0.000111,0.000078,0.000066,0.000008,0.000016,0.000055,0.000060
508,,,,,,,,,,,,,0.000878,0.000003,0.000039,0.000048,0.000051,0.000058,0.000081,0.000067,0.000061,0.000062,0.000063,0.000061,0.000069,0.000060,0.000063,0.000051,0.000037,0.000039,0.000047,0.000039,0.000058,0.000086,0.000042,0.000053,0.000016,0.000011,0.000017,0.000071,0.000068,0.000075,0.000065,0.000057,0.000044,0.000041,0.000009,0.000014,0.000033,0.000036
509,,,,,,,,,,,,,0.000974,0.000005,0.000043,0.000053,0.000053,0.000073,0.000077,0.000069,0.000077,0.000071,0.000079,0.000072,0.000082,0.000072,0.000077,0.000081,0.000095,0.000117,0.000103,0.000028,0.000071,0.000045,0.000043,0.000090,0.000018,0.000008,0.000029,0.000197,0.000195,0.000148,0.000076,0.000077,0.000056,0.000035,0.000005,0.000013,0.000050,0.000069
510,,,,,,,,,,,,,0.000961,0.000005,0.000061,0.000080,0.000071,0.000076,0.000085,0.000084,0.000096,0.000082,0.000057,0.000055,0.000058,0.000058,0.000080,0.000071,0.000051,0.000046,0.000058,0.000028,0.000050,0.000036,0.000030,0.000049,0.000015,0.000009,0.000007,0.000038,0.000054,0.000077,0.000088,0.000094,0.000116,0.000087,0.000008,0.000019,0.000090,0.000077
511,,,,,,,,,,,,,-0.000026,0.000005,0.000068,0.000069,0.000075,0.000074,0.000065,0.000047,0.000046,0.000036,0.000032,0.000028,0.000035,0.000038,0.000056,0.000074,0.000093,0.000125,0.000166,0.000062,0.000217,0.000077,0.000039,0.000072,0.000015,0.000004,0.000005,0.000034,0.000022,0.000022,0.000019,0.000020,0.000016,0.000012,0.000005,0.000006,0.000026,0.000030
512,,,,,,,,,,,,,0.001213,0.000005,0.000090,0.000120,0.000137,0.000173,0.000192,0.000198,0.000307,0.000303,0.000288,0.000267,0.000325,0.000404,0.000467,0.000421,0.000343,0.000248,0.000196,0.000043,0.000122,0.000053,0.000044,0.000073,0.000017,0.000007,0.000009,0.000031,0.000036,0.000047,0.000036,0.000030,0.000021,0.000018,0.000007,0.000017,0.000061,0.000074
513,,,,,,,,,,,,,0.001429,0.000011,0.000104,0.000146,0.000167,0.000194,0.000205,0.000186,0.000222,0.000227,0.000219,0.000184,0.000179,0.000136,0.000113,0.000087,0.000078,0.000102,0.000110,0.000073,0.000094,0.000049,0.000040,0.000052,0.000028,0.000016,0.000012,0.000029,0.000031,0.000052,0.000067,0.000049,0.000029,0.000028,0.000008,0.000013,0.000066,0.000090
514,,,,,,,,,,,,,0.000556,0.000022,0.000205,0.000262,0.000249,0.000236,0.000206,0.000166,0.000209,0.000194,0.000188,0.000131,0.000078,0.000039,0.000041,0.000056,0.000091,0.000166,0.000252,0.000093,0.000245,0.000074,0.000054,0.000174,0.000033,0.000012,0.000021,0.000159,0.000157,0.000185,0.000119,0.000084,0.000068,0.000053,0.000004,0.000015,0.000086,0.000186
515,,,,,,,,,,,,,0.000219,0.000005,0.000072,0.000103,0.000117,0.000117,0.000108,0.000089,0.000116,0.000112,0.000113,0.000109,0.000118,0.000110,0.000128,0.000126,0.000102,0.000100,0.000088,0.000029,0.000060,0.000036,0.000020,0.000028,0.000015,0.000014,0.000009,0.000031,0.000028,0.000039,0.000045,0.000037,0.000042,0.000034,0.000012,0.000017,0.000050,0.000074
516,,,,,,,,,,,,,0.002670,0.000007,0.000098,0.000178,0.000229,0.000225,0.000175,0.000149,0.000190,0.000206,0.000184,0.000200,0.000206,0.000168,0.000151,0.000095,0.000082,0.000069,0.000050,0.000032,0.000058,0.000042,0.000027,0.000035,0.000013,0.000010,0.000017,0.000040,0.000065,0.000119,0.000110,0.000123,0.000143,0.000186,0.000024,0.000052,0.000218,0.000204
517,,,,,,,,,,,,,0.000683,0.000006,0.000105,0.000096,0.000097,0.000105,0.000094,0.000077,0.000094,0.000095,0.000089,0.000071,0.000070,0.000062,0.000070,0.000061,0.000062,0.000057,0.000054,0.000033,0.000237,0.000207,0.000146,0.000312,0.000031,0.000007,0.000007,0.000040,0.000040,0.000049,0.000035,0.000019,0.000016,0.000020,0.000006,0.000014,0.000057,0.000043
518,,,,,,,,,,,,,0.000507,0.000003,0.000049,0.000070,0.000085,0.000084,0.000076,0.000081,0.000119,0.000142,0.000137,0.000138,0.000160,0.000144,0.000124,0.000110,0.000100,0.000087,0.000065,0.000031,0.000080,0.000037,0.000024,0.000060,0.000015,0.000005,0.000007,0.000044,0.000058,0.000100,0.000125,0.000170,0.000193,0.000130,0.000006,0.000013,0.000036,0.000034
519,,,,,,,,,,,,,0.001483,0.000008,0.000151,0.000175,0.000189,0.000198,0.000177,0.000141,0.000155,0.000138,0.000120,0.000119,0.000110,0.000091,0.000080,0.000067,0.000071,0.000070,0.000078,0.000029,0.000094,0.000043,0.000026,0.000044,0.000012,0.000006,0.000012,0.000041,0.000035,0.000035,0.000037,0.000034,0.000023,0.000016,0.000006,0.000014,0.000056,0.000197
520,,,,,,,,,,,,,0.000677,0.000019,0.000160,0.000227,0.000244,0.000177,0.000134,0.000135,0.000138,0.000143,0.000130,0.000116,0.000124,0.000129,0.000123,0.000101,0.000104,0.000082,0.000099,0.000038,0.000083,0.000049,0.000032,0.000068,0.000021,0.000007,0.000008,0.000037,0.000065,0.000073,0.000070,0.000071,0.000059,0.000051,0.000007,0.000020,0.000067,0.000076
521,,,,,,,,,,,,,0.000196,0.000007,0.000079,0.000086,0.000087,0.000100,0.000107,0.000088,0.000100,0.000084,0.000075,0.000076,0.000090,0.000087,0.000079,0.000066,0.000049,0.000050,0.000054,0.000026,0.000050,0.000033,0.000027,0.000036,0.000021,0.000019,0.000013,0.000040,0.000069,0.000072,0.000056,0.000043,0.000034,0.000039,0.000006,0.000013,0.000067,0.000053
522,,,,,,,,,,,,,-0.000091,0.000009,0.000168,0.000239,0.000266,0.000332,0.000353,0.000318,0.000368,0.000356,0.000326,0.000358,0.000388,0.000372,0.000359,0.000334,0.000337,0.000408,0.000433,0.000112,0.000464,0.000144,0.000084,0.000190,0.000029,0.000008,0.000016,0.000093,0.000088,0.000110,0.000080,0.000078,0.000079,0.000067,0.000004,0.000011,0.000053,0.000053
523,,,,,,,,,,,,,0.000219,0.000011,0.000139,0.000167,0.000142,0.000150,0.000149,0.000111,0.000099,0.000125,0.000112,0.000199,0.000370,0.000441,0.000525,0.000439,0.000331,0.000340,0.000315,0.000102,0.000203,0.000154,0.000113,0.000153,0.000032,0.000012,0.000020,0.000126,0.000170,0.000151,0.000099,0.000103,0.000123,0.000130,0.000010,0.000027,0.000060,0.000059
524,,,,,,,,,,,,,0.001423,0.000017,0.000350,0.000412,0.000322,0.000295,0.000252,0.000176,0.000177,0.000158,0.000146,0.000125,0.000117,0.000106,0.000085,0.000065,0.000061,0.000071,0.000055,0.000023,0.000041,0.000038,0.000034,0.000036,0.000018,0.000009,0.000012,0.000032,0.000034,0.000046,0.000039,0.000032,0.000027,0.000037,0.000007,0.000018,0.000067,0.000095
525,,,,,,,,,,,,,0.000051,0.000004,0.000069,0.000107,0.000150,0.000240,0.000349,0.000338,0.000494,0.000484,0.000425,0.000470,0.000363,0.000260,0.000233,0.000224,0.000203,0.000198,0.000149,0.000038,0.000132,0.000054,0.000040,0.000089,0.000016,0.000005,0.000007,0.000036,0.000035,0.000045,0.000045,0.000045,0.000040,0.000046,0.000004,0.000010,0.000038,0.000044
526,,,,,,,,,,,,,0.001544,0.000005,0.000069,0.000082,0.000100,0.000097,0.000080,0.000081,0.000084,0.000082,0.000134,0.000127,0.000145,0.000117,0.000107,0.000095,0.000068,0.000052,0.000042,0.000029,0.000053,0.000047,0.000022,0.000022,0.000016,0.000010,0.000024,0.000042,0.000056,0.000041,0.000032,0.000044,0.000044,0.000051,0.000013,0.000030,0.000080,0.000135
527,,,,,,,,,,,,,0.000013,0.000004,0.000042,0.000075,0.000115,0.000122,0.000095,0.000079,0.000088,0.000087,0.000071,0.000071,0.000067,0.000066,0.000067,0.000053,0.000059,0.000058,0.000060,0.000031,0.000065,0.000053,0.000036,0.000076,0.000012,0.000004,0.000007,0.000042,0.000035,0.000050,0.000045,0.000035,0.000032,0.000024,0.000002,0.000009,0.000041,0.000034
528,,,,,,,,,,,,,0.002722,0.000009,0.000067,0.000090,0.000088,0.000069,0.000059,0.000057,0.000072,0.000060,0.000081,0.000140,0.000290,0.000398,0.000446,0.000435,0.000375,0.000292,0.000226,0.000060,0.000174,0.000105,0.000065,0.000083,0.000031,0.000010,0.000013,0.000042,0.000052,0.000066,0.000031,0.000035,0.000034,0.000058,0.000013,0.000047,0.000277,0.000271
529,,,,,,,,,,,,,0.000945,0.000002,0.000028,0.000033,0.000043,0.000050,0.000054,0.000038,0.000038,0.000032,0.000032,0.000023,0.000022,0.000022,0.000030,0.000025,0.000017,0.000014,0.000013,0.000016,0.000027,0.000033,0.000031,0.000069,0.000028,0.000009,0.000012,0.000090,0.000109,0.000129,0.000084,0.000079,0.000071,0.000073,0.000015,0.000029,0.000064,0.000057
530,,,,,,,,,,,,,0.000372,0.000005,0.000072,0.000080,0.000090,0.000119,0.000140,0.000119,0.000132,0.000106,0.000083,0.000075,0.000079,0.000078,0.000070,0.000066,0.000069,0.000067,0.000066,0.000061,0.000060,0.000045,0.000039,0.000078,0.000025,0.000014,0.000025,0.000148,0.000210,0.000309,0.000285,0.000249,0.000270,0.000258,0.000016,0.000035,0.000087,0.000096
531,,,,,,,,,,,,,0.007042,0.000004,0.000049,0.000054,0.000070,0.000093,0.000065,0.000062,0.000047,0.000063,0.000045,0.000045,0.000049,0.000052,0.000041,0.000036,0.000046,0.000058,0.000063,0.000032,0.000094,0.000069,0.000059,0.000118,0.000023,0.000008,0.000009,0.000040,0.000040,0.000049,0.000053,0.000047,0.000037,0.000037,0.000008,0.000019,0.000076,0.000090
532,,,,,,,,,,,,,0.000372,0.000007,0.000066,0.000077,0.000071,0.000096,0.000092,0.000097,0.000093,0.000067,0.000098,0.000127,0.000198,0.000195,0.000208,0.000179,0.000126,0.000126,0.000167,0.000118,0.000295,0.000138,0.000098,0.000251,0.000039,0.000011,0.000014,0.000063,0.000048,0.000046,0.000052,0.000056,0.000061,0.000036,0.000008,0.000014,0.000051,0.000059
533,,,,,,,,,,,,,-0.000049,0.000016,0.000273,0.000300,0.000244,0.000248,0.000232,0.000166,0.000152,0.000167,0.000174,0.000176,0.000259,0.000348,0.000390,0.000446,0.000409,0.000415,0.000320,0.000064,0.000150,0.000061,0.000084,0.000395,0.000064,0.000014,0.000015,0.000047,0.000037,0.000074,0.000061,0.000082,0.000091,0.000090,0.000009,0.000015,0.000055,0.000071
534,,,,,,,,,,,,,0.002088,0.000005,0.000128,0.000119,0.000108,0.000112,0.000091,0.000078,0.000089,0.000058,0.000038,0.000044,0.000048,0.000032,0.000023,0.000026,0.000027,0.000045,0.000108,0.000083,0.000279,0.000244,0.000133,0.000221,0.000042,0.000018,0.000018,0.000081,0.000070,0.000076,0.000059,0.000067,0.000071,0.000062,0.000012,0.000021,0.000088,0.000155
535,,,,,,,,,,,,,0.000711,0.000015,0.000599,0.001023,0.001024,0.000867,0.000810,0.000620,0.000656,0.000580,0.000474,0.000414,0.000374,0.000265,0.000223,0.000177,0.000117,0.000108,0.000106,0.000041,0.000114,0.000069,0.000040,0.000048,0.000019,0.000008,0.000009,0.000069,0.000121,0.000158,0.000090,0.000072,0.000054,0.000052,0.000007,0.000021,0.000103,0.000119
536,,,,,,,,,,,,,0.000104,0.000005,0.000077,0.000145,0.000200,0.000306,0.000408,0.000483,0.000848,0.000929,0.000871,0.000924,0.000947,0.000755,0.000602,0.000425,0.000322,0.000260,0.000187,0.000033,0.000113,0.000061,0.000045,0.000072,0.000021,0.000008,0.000010,0.000031,0.000041,0.000056,0.000046,0.000052,0.000055,0.000052,0.000006,0.000016,0.000061,0.000063
537,,,,,,,,,,,,,0.000187,0.000004,0.000060,0.000132,0.000341,0.000677,0.000823,0.000712,0.000744,0.000625,0.000456,0.000412,0.000391,0.000342,0.000252,0.000203,0.000174,0.000136,0.000129,0.000047,0.000160,0.000070,0.000053,0.000072,0.000022,0.000008,0.000013,0.000055,0.000059,0.000048,0.000040,0.000044,0.000040,0.000046,0.000008,0.000021,0.000071,0.000066
538,,,,,,,,,,,,,0.000610,0.000007,0.000074,0.000098,0.000118,0.000130,0.000117,0.000124,0.000108,0.000122,0.000091,0.000067,0.000059,0.000046,0.000046,0.000054,0.000057,0.000063,0.000067,0.000021,0.000071,0.000059,0.000033,0.000025,0.000016,0.000016,0.000029,0.000052,0.000065,0.000084,0.000065,0.000053,0.000044,0.000033,0.000018,0.000035,0.000116,0.000157
539,,,,,,,,,,,,,0.000732,0.000004,0.000078,0.000109,0.000120,0.000129,0.000114,0.000087,0.000101,0.000095,0.000085,0.000092,0.000123,0.000138,0.000143,0.000136,0.000143,0.000153,0.000176,0.000086,0.000203,0.000071,0.000041,0.000089,0.000025,0.000009,0.000021,0.000041,0.000050,0.000062,0.000042,0.000041,0.000032,0.000031,0.000005,0.000016,0.000055,0.000066
540,,,,,,,,,,,,,-0.000012,0.000009,0.000162,0.000196,0.000168,0.000214,0.000239,0.000140,0.000152,0.000155,0.000145,0.000170,0.000190,0.000193,0.000267,0.000311,0.000342,0.000414,0.000416,0.000124,0.000195,0.000056,0.000032,0.000045,0.000012,0.000005,0.000008,0.000044,0.000058,0.000070,0.000077,0.000071,0.000055,0.000075,0.000012,0.000031,0.000168,0.000168
541,,,,,,,,,,,,,-0.000017,0.000002,0.000051,0.000146,0.000322,0.000565,0.000752,0.000695,0.000770,0.000664,0.000489,0.000400,0.000361,0.000277,0.000242,0.000196,0.000151,0.000129,0.000122,0.000037,0.000128,0.000066,0.000052,0.000106,0.000019,0.000006,0.000008,0.000040,0.000049,0.000073,0.000050,0.000037,0.000034,0.000032,0.000008,0.000012,0.000032,0.000023
542,,,,,,,,,,,,,0.000440,0.000011,0.000106,0.000137,0.000164,0.000257,0.000269,0.000224,0.000251,0.000224,0.000186,0.000152,0.000147,0.000129,0.000103,0.000088,0.000096,0.000084,0.000068,0.000028,0.000067,0.000035,0.000029,0.000038,0.000014,0.000007,0.000009,0.000041,0.000067,0.000137,0.000105,0.000106,0.000121,0.000134,0.000009,0.000019,0.000072,0.000104
543,,,,,,,,,,,,,0.000485,0.000006,0.000099,0.000212,0.000360,0.000551,0.000654,0.000521,0.000420,0.000313,0.000234,0.000218,0.000202,0.000180,0.000166,0.000148,0.000142,0.000152,0.000145,0.000044,0.000117,0.000044,0.000041,0.000070,0.000014,0.000005,0.000005,0.000034,0.000030,0.000038,0.000036,0.000052,0.000057,0.000054,0.000004,0.000032,0.000038,0.000051
544,,,,,,,,,,,,,0.000708,0.000017,0.000175,0.000190,0.000176,0.000141,0.000112,0.000084,0.000114,0.000101,0.000083,0.000081,0.000075,0.000082,0.000122,0.000199,0.000285,0.000377,0.000384,0.000086,0.000308,0.000111,0.000090,0.000141,0.000027,0.000011,0.000018,0.000043,0.000043,0.000060,0.000046,0.000037,0.000046,0.000061,0.000011,0.000022,0.000062,0.000079
545,,,,,,,,,,,,,0.001421,0.000005,0.000086,0.000099,0.000105,0.000146,0.000203,0.000168,0.000173,0.000184,0.000128,0.000118,0.000139,0.000136,0.000125,0.000110,0.000145,0.000220,0.000312,0.000119,0.000328,0.000106,0.000069,0.000165,0.000028,0.000007,0.000009,0.000049,0.000044,0.000040,0.000029,0.000031,0.000034,0.000064,0.000018,0.000035,0.000078,0.000057
546,,,,,,,,,,,,,0.000842,0.000011,0.000078,0.000103,0.000112,0.000144,0.000174,0.000121,0.000126,0.000095,0.000066,0.000051,0.000045,0.000043,0.000042,0.000039,0.000031,0.000055,0.000048,0.000023,0.000069,0.000038,0.000024,0.000058,0.000016,0.000008,0.000013,0.000054,0.000062,0.000084,0.000088,0.000113,0.000179,0.000272,0.000024,0.000038,0.000163,0.000210
547,,,,,,,,,,,,,0.000360,0.000003,0.000038,0.000049,0.000043,0.000037,0.000044,0.000045,0.000049,0.000059,0.000057,0.000045,0.000037,0.000034,0.000036,0.000037,0.000034,0.000032,0.000032,0.000026,0.000036,0.000022,0.000026,0.000048,0.000015,0.000008,0.000012,0.000065,0.000099,0.000146,0.000121,0.000155,0.000139,0.000089,0.000010,0.000016,0.000036,0.000038
548,,,,,,,,,,,,,-0.000075,0.000037,0.000447,0.000590,0.000590,0.000665,0.000760,0.000808,0.001201,0.001375,0.001380,0.001653,0.001747,0.001500,0.001460,0.001339,0.001167,0.001106,0.001009,0.000231,0.000821,0.000284,0.000184,0.000512,0.000080,0.000020,0.000022,0.000146,0.000152,0.000202,0.000147,0.000157,0.000149,0.000152,0.000010,0.000035,0.000247,0.000298
549,,,,,,,,,,,,,0.000061,0.000004,0.000122,0.000305,0.000459,0.000559,0.000559,0.000436,0.000440,0.000355,0.000314,0.000247,0.000244,0.000204,0.000212,0.000232,0.000274,0.000396,0.000483,0.000125,0.000382,0.000114,0.000069,0.000114,0.000042,0.000006,0.000007,0.000028,0.000033,0.000052,0.000054,0.000044,0.000037,0.000031,0.000005,0.000010,0.000012,0.000023
550,,,,,,,,,,,,,-0.000016,0.000005,0.000065,0.000097,0.000094,0.000082,0.000089,0.000086,0.000087,0.000077,0.000075,0.000081,0.000090,0.000084,0.000076,0.000082,0.000102,0.000124,0.000134,0.000046,0.000145,0.000063,0.000047,0.000079,0.000020,0.000016,0.000008,0.000040,0.000051,0.000073,0.000067,0.000056,0.000051,0.000045,0.000005,0.000014,0.000053,0.000067
551,,,,,,,,,,,,,0.001395,0.000006,0.000266,0.000118,0.000085,0.000099,0.000080,0.000058,0.000074,0.000076,0.000092,0.000067,0.000078,0.000088,0.000078,0.000063,0.000067,0.000085,0.000083,0.000066,0.000077,0.000068,0.000102,0.000042,0.000028,0.000025,0.000021,0.000055,0.000094,0.000096,0.000106,0.000121,0.000160,0.000209,0.000019,0.000047,0.000079,0.000088
552,,,,,,,,,,,,,0.000347,0.000010,0.000117,0.000168,0.000154,0.000225,0.000317,0.000290,0.000257,0.000181,0.000197,0.000115,0.000114,0.000105,0.000094,0.000073,0.000071,0.000074,0.000072,0.000027,0.000093,0.000050,0.000033,0.000055,0.000014,0.000005,0.000008,0.000026,0.000026,0.000038,0.000052,0.000039,0.000031,0.000029,0.000008,0.000009,0.000037,0.000124
553,,,,,,,,,,,,,0.000254,0.000007,0.000097,0.000160,0.000166,0.000183,0.000178,0.000155,0.000208,0.000177,0.000167,0.000168,0.000170,0.000146,0.000130,0.000106,0.000099,0.000074,0.000074,0.000036,0.000083,0.000085,0.000048,0.000054,0.000019,0.000018,0.000008,0.000060,0.000046,0.000046,0.000041,0.000060,0.000069,0.000099,0.000018,0.000049,0.000092,0.000081
554,,,,,,,,,,,,,0.000391,0.000004,0.000084,0.000223,0.000423,0.000620,0.000606,0.000455,0.000345,0.000258,0.000184,0.000168,0.000170,0.000137,0.000124,0.000111,0.000108,0.000130,0.000169,0.000105,0.000313,0.000097,0.000058,0.000112,0.000020,0.000005,0.000007,0.000030,0.000041,0.000045,0.000042,0.000044,0.000048,0.000035,0.000004,0.000009,0.000036,0.000036
555,,,,,,,,,,,,,0.001141,0.000004,0.000058,0.000093,0.000097,0.000112,0.000091,0.000083,0.000074,0.000082,0.000073,0.000067,0.000068,0.000070,0.000074,0.000069,0.000053,0.000063,0.000064,0.000039,0.000128,0.000083,0.000055,0.000142,0.000049,0.000006,0.000011,0.000042,0.000049,0.000062,0.000049,0.000033,0.000028,0.000020,0.000005,0.000016,0.000041,0.000037
556,,,,,,,,,,,,,0.001286,0.000005,0.000128,0.000199,0.000192,0.000203,0.000202,0.000182,0.000313,0.000351,0.000481,0.000259,0.000309,0.000241,0.000185,0.000157,0.000134,0.000138,0.000089,0.000054,0.000087,0.000057,0.000053,0.000077,0.000028,0.000011,0.000015,0.000045,0.000054,0.000059,0.000058,0.000042,0.000044,0.000043,0.000009,0.000021,0.000051,0.000051
557,,,,,,,,,,,,,0.000282,0.000004,0.000034,0.000057,0.000103,0.000107,0.000110,0.000059,0.000065,0.000072,0.000071,0.000053,0.000049,0.000043,0.000043,0.000050,0.000053,0.000053,0.000054,0.000034,0.000048,0.000049,0.000048,0.000063,0.000018,0.000013,0.000025,0.000059,0.000053,0.000060,0.000042,0.000042,0.000035,0.000034,0.000005,0.000020,0.000044,0.000045
558,,,,,,,,,,,,,0.001552,0.000004,0.000062,0.000068,0.000070,0.000063,0.000048,0.000048,0.000064,0.000071,0.000060,0.000056,0.000057,0.000048,0.000054,0.000060,0.000078,0.000142,0.000242,0.000069,0.000343,0.000165,0.000131,0.000343,0.000063,0.000018,0.000025,0.000126,0.000136,0.000142,0.000130,0.000187,0.000162,0.000124,0.000015,0.000029,0.000089,0.000064
559,,,,,,,,,,,,,0.001222,0.000004,0.000047,0.000027,0.000041,0.000050,0.000051,0.000071,0.000091,0.000094,0.000087,0.000085,0.000107,0.000078,0.000072,0.000070,0.000071,0.000075,0.000093,0.000058,0.000159,0.000101,0.000081,0.000230,0.000040,0.000018,0.000025,0.000217,0.000215,0.000200,0.000105,0.000071,0.000042,0.000039,0.000013,0.000026,0.000056,0.000093
560,,,,,,,,,,,,,0.000281,0.000014,0.000296,0.000422,0.000429,0.000415,0.000378,0.000264,0.000270,0.000247,0.000205,0.000214,0.000248,0.000258,0.000282,0.000297,0.000377,0.000446,0.000382,0.000072,0.000197,0.000078,0.000055,0.000090,0.000017,0.000005,0.000006,0.000040,0.000038,0.000055,0.000052,0.000061,0.000056,0.000048,0.000005,0.000014,0.000062,0.000077
561,,,,,,,,,,,,,0.017186,0.000012,0.000162,0.000285,0.000512,0.000802,0.000917,0.000731,0.000818,0.000639,0.000486,0.000393,0.000326,0.000240,0.000150,0.000113,0.000095,0.000089,0.000062,0.000024,0.000043,0.000033,0.000023,0.000034,0.000011,0.000011,0.000032,0.000058,0.000043,0.000041,0.000042,0.000063,0.000104,0.000202,0.000060,0.000112,0.000356,0.000478
562,,,,,,,,,,,,,0.000414,0.000005,0.000109,0.000114,0.000127,0.000128,0.000147,0.000133,0.000154,0.000124,0.000107,0.000134,0.000147,0.000140,0.000133,0.000150,0.000125,0.000139,0.000139,0.000041,0.000118,0.000055,0.000048,0.000091,0.000021,0.000006,0.000008,0.000029,0.000053,0.000082,0.000066,0.000071,0.000073,0.000063,0.000006,0.000017,0.000056,0.000087
563,,,,,,,,,,,,,0.001730,0.000011,0.000086,0.000097,0.000087,0.000116,0.000174,0.000217,0.000216,0.000146,0.000188,0.000097,0.000122,0.000105,0.000116,0.000091,0.000068,0.000075,0.000064,0.000030,0.000040,0.000050,0.000035,0.000021,0.000024,0.000020,0.000029,0.000055,0.000066,0.000056,0.000052,0.000083,0.000094,0.000130,0.000056,0.000088,0.000263,0.000280
564,,,,,,,,,,,,,0.012826,0.000004,0.000031,0.000050,0.000076,0.000095,0.000110,0.000081,0.000073,0.000066,0.000055,0.000059,0.000056,0.000041,0.000022,0.000022,0.000008,0.000021,0.000045,0.000024,0.000065,0.000029,0.000023,0.000032,0.000010,0.000005,0.000010,0.000066,0.000075,0.000093,0.000091,0.000110,0.000159,0.000185,0.000018,0.000042,0.000073,0.000101
565,,,,,,,,,,,,,0.003434,0.000006,0.000068,0.000085,0.000084,0.000087,0.000081,0.000043,0.000073,0.000073,0.000065,0.000094,0.000105,0.000082,0.000067,0.000051,0.000041,0.000038,0.000026,0.000031,0.000049,0.000042,0.000028,0.000044,0.000039,0.000011,0.000016,0.000127,0.000172,0.000155,0.000132,0.000112,0.000090,0.000094,0.000027,0.000060,0.000190,0.000185
566,,,,,,,,,,,,,0.000379,0.000027,0.000236,0.000301,0.000334,0.000294,0.000226,0.000150,0.000155,0.000125,0.000104,0.000126,0.000142,0.000127,0.000158,0.000171,0.000190,0.000267,0.000282,0.000070,0.000178,0.000092,0.000056,0.000108,0.000024,0.000008,0.000011,0.000068,0.000109,0.000147,0.000124,0.000127,0.000168,0.000224,0.000030,0.000068,0.000326,0.000463
567,,,,,,,,,,,,,-0.000046,0.000003,0.000025,0.000068,0.000112,0.000160,0.000264,0.000412,0.000702,0.000844,0.000682,0.000653,0.000606,0.000465,0.000416,0.000340,0.000260,0.000210,0.000130,0.000045,0.000105,0.000059,0.000038,0.000079,0.000025,0.000011,0.000028,0.000173,0.000164,0.000247,0.000098,0.000128,0.000069,0.000067,0.000009,0.000025,0.000048,0.000056
568,,,,,,,,,,,,,0.000624,0.000008,0.000071,0.000104,0.000113,0.000114,0.000124,0.000127,0.000165,0.000127,0.000116,0.000126,0.000134,0.000136,0.000128,0.000095,0.000074,0.000067,0.000055,0.000033,0.000077,0.000051,0.000044,0.000056,0.000019,0.000011,0.000008,0.000032,0.000037,0.000062,0.000070,0.000131,0.000086,0.000076,0.000012,0.000035,0.000115,0.000131
569,,,,,,,,,,,,,0.000280,0.000003,0.000047,0.000053,0.000048,0.000062,0.000169,0.000141,0.000130,0.000134,0.000138,0.000100,0.000102,0.000131,0.000177,0.000191,0.000226,0.000264,0.000275,0.000097,0.000217,0.000091,0.000059,0.000128,0.000031,0.000017,0.000025,0.000037,0.000038,0.000045,0.000036,0.000029,0.000031,0.000024,0.000004,0.000009,0.000024,0.000033
570,,,,,,,,,,,,,0.007336,0.000005,0.000161,0.000122,0.000110,0.000115,0.000117,0.000094,0.000106,0.000097,0.000088,0.000100,0.000112,0.000102,0.000102,0.000090,0.000084,0.000105,0.000113,0.000035,0.000088,0.000037,0.000025,0.000049,0.000016,0.000008,0.000007,0.000023,0.000036,0.000066,0.000062,0.000025,0.000026,0.000064,0.000010,0.000021,0.000059,0.000117
571,,,,,,,,,,,,,0.000956,0.000003,0.000034,0.000053,0.000061,0.000053,0.000043,0.000045,0.000065,0.000060,0.000040,0.000056,0.000105,0.000128,0.000151,0.000137,0.000128,0.000122,0.000087,0.000031,0.000058,0.000031,0.000028,0.000028,0.000015,0.000013,0.000009,0.000027,0.000059,0.000051,0.000042,0.000043,0.000039,0.000032,0.000007,0.000013,0.000075,0.000068
572,,,,,,,,,,,,,0.000800,0.000019,0.000157,0.000164,0.000131,0.000118,0.000093,0.000088,0.000138,0.000154,0.000139,0.000149,0.000181,0.000156,0.000163,0.000135,0.000094,0.000090,0.000071,0.000024,0.000048,0.000034,0.000033,0.000033,0.000016,0.000008,0.000011,0.000145,0.000200,0.000258,0.000209,0.000213,0.000142,0.000091,0.000011,0.000025,0.000181,0.000226
573,,,,,,,,,,,,,0.001206,0.000017,0.000606,0.000849,0.000679,0.000575,0.000485,0.000329,0.000301,0.000240,0.000183,0.000170,0.000165,0.000149,0.000148,0.000138,0.000115,0.000103,0.000089,0.000028,0.000096,0.000045,0.000034,0.000054,0.000013,0.000006,0.000007,0.000037,0.000047,0.000046,0.000041,0.000028,0.000033,0.000036,0.000008,0.000027,0.000083,0.000092
574,,,,,,,,,,,,,0.000647,0.000003,0.000054,0.000089,0.000111,0.000102,0.000072,0.000069,0.000075,0.000088,0.000094,0.000151,0.000254,0.000371,0.000462,0.000423,0.000381,0.000410,0.000290,0.000058,0.000163,0.000078,0.000052,0.000081,0.000021,0.000006,0.000008,0.000043,0.000055,0.000074,0.000046,0.000055,0.000059,0.000064,0.000007,0.000017,0.000063,0.000073
575,,,,,,,,,,,,,0.000593,0.000005,0.000060,0.000115,0.000213,0.000432,0.000623,0.000619,0.000634,0.000507,0.000341,0.000265,0.000249,0.000200,0.000170,0.000140,0.000125,0.000139,0.000240,0.000063,0.000222,0.000077,0.000044,0.000090,0.000021,0.000008,0.000012,0.000056,0.000083,0.000051,0.000043,0.000039,0.000029,0.000041,0.000006,0.000019,0.000034,0.000066
576,,,,,,,,,,,,,0.000014,0.000002,0.000016,0.000014,0.000021,0.000030,0.000022,0.000024,0.000028,0.000026,0.000026,0.000029,0.000048,0.000051,0.000057,0.000061,0.000057,0.000060,0.000061,0.000098,0.000070,0.000070,0.000051,0.000071,0.000022,0.000011,0.000014,0.000050,0.000037,0.000037,0.000021,0.000013,0.000017,0.000013,0.000007,0.000013,0.000040,0.000039
577,,,,,,,,,,,,,0.001067,0.000007,0.000095,0.000134,0.000116,0.000137,0.000143,0.000149,0.000181,0.000166,0.000152,0.000163,0.000233,0.000238,0.000224,0.000207,0.000217,0.000268,0.000316,0.000079,0.000252,0.000082,0.000053,0.000111,0.000020,0.000006,0.000007,0.000036,0.000054,0.000079,0.000057,0.000067,0.000100,0.000118,0.000008,0.000028,0.000155,0.000135
578,,,,,,,,,,,,,0.001373,0.000005,0.000086,0.000118,0.000119,0.000119,0.000102,0.000066,0.000082,0.000086,0.000065,0.000057,0.000054,0.000033,0.000045,0.000053,0.000050,0.000052,0.000069,0.000028,0.000099,0.000076,0.000091,0.000123,0.000032,0.000009,0.000017,0.000044,0.000050,0.000049,0.000030,0.000038,0.000028,0.000018,0.000007,0.000013,0.000110,0.000057
579,,,,,,,,,,,,,0.000131,0.000017,0.000299,0.000257,0.000237,0.000215,0.000171,0.000126,0.000137,0.000107,0.000103,0.000085,0.000101,0.000088,0.000098,0.000080,0.000067,0.000078,0.000068,0.000040,0.000171,0.000116,0.000102,0.000232,0.000034,0.000011,0.000012,0.000036,0.000026,0.000034,0.000045,0.000041,0.000040,0.000033,0.000008,0.000019,0.000047,0.000047
580,,,,,,,,,,,,,0.001230,0.000018,0.000265,0.000292,0.000282,0.000289,0.000273,0.000194,0.000192,0.000171,0.000151,0.000134,0.000120,0.000118,0.000115,0.000094,0.000077,0.000072,0.000070,0.000020,0.000055,0.000037,0.000041,0.000096,0.000018,0.000008,0.000010,0.000051,0.000078,0.000104,0.000068,0.000065,0.000051,0.000037,0.000004,0.000012,0.000058,0.000078
581,,,,,,,,,,,,,0.001879,0.000004,0.000066,0.000098,0.000109,0.000122,0.000130,0.000126,0.000153,0.000157,0.000151,0.000185,0.000226,0.000217,0.000242,0.000285,0.000253,0.000129,0.000096,0.000029,0.000052,0.000033,0.000035,0.000054,0.000018,0.000006,0.000008,0.000024,0.000023,0.000020,0.000023,0.000033,0.000027,0.000027,0.000007,0.000015,0.000057,0.000084
582,,,,,,,,,,,,,0.000122,0.000004,0.000059,0.000083,0.000096,0.000127,0.000215,0.000171,0.000182,0.000163,0.000162,0.000123,0.000112,0.000122,0.000154,0.000141,0.000171,0.000212,0.000256,0.000079,0.000266,0.000112,0.000068,0.000130,0.000024,0.000008,0.000011,0.000038,0.000042,0.000042,0.000032,0.000025,0.000020,0.000021,0.000010,0.000012,0.000045,0.000048
583,,,,,,,,,,,,,0.000691,0.000018,0.000140,0.000136,0.000130,0.000123,0.000120,0.000091,0.000106,0.000117,0.000140,0.000245,0.000309,0.000255,0.000207,0.000159,0.000153,0.000188,0.000205,0.000057,0.000182,0.000068,0.000049,0.000100,0.000044,0.000009,0.000014,0.000055,0.000024,0.000030,0.000027,0.000026,0.000024,0.000024,0.000007,0.000021,0.000163,0.000237
584,,,,,,,,,,,,,-0.000069,0.000005,0.000060,0.000047,0.000057,0.000061,0.000053,0.000064,0.000094,0.000102,0.000112,0.000117,0.000140,0.000133,0.000111,0.000097,0.000100,0.000078,0.000066,0.000031,0.000053,0.000030,0.000026,0.000026,0.000010,0.000013,0.000011,0.000030,0.000036,0.000046,0.000049,0.000037,0.000030,0.000034,0.000008,0.000018,0.000057,0.000057
585,,,,,,,,,,,,,0.000320,0.000023,0.000284,0.000332,0.000288,0.000219,0.000182,0.000130,0.000116,0.000103,0.000068,0.000088,0.000124,0.000144,0.000120,0.000077,0.000064,0.000105,0.000099,0.000028,0.000083,0.000034,0.000029,0.000047,0.000022,0.000006,0.000008,0.000028,0.000041,0.000044,0.000050,0.000082,0.000123,0.000139,0.000014,0.000047,0.000201,0.000210
586,,,,,,,,,,,,,0.001088,0.000005,0.000082,0.000104,0.000122,0.000137,0.000126,0.000136,0.000159,0.000150,0.000160,0.000188,0.000244,0.000284,0.000263,0.000250,0.000224,0.000173,0.000164,0.000048,0.000123,0.000062,0.000045,0.000072,0.000019,0.000015,0.000009,0.000039,0.000086,0.000107,0.000060,0.000036,0.000029,0.000030,0.000004,0.000009,0.000038,0.000047
587,,,,,,,,,,,,,0.000470,0.000009,0.000181,0.000241,0.000234,0.000228,0.000194,0.000154,0.000170,0.000151,0.000130,0.000137,0.000143,0.000128,0.000143,0.000128,0.000117,0.000103,0.000084,0.000021,0.000079,0.000066,0.000033,0.000049,0.000013,0.000006,0.000023,0.000055,0.000059,0.000077,0.000057,0.000072,0.000063,0.000048,0.000006,0.000014,0.000055,0.000077
588,,,,,,,,,,,,,0.001137,0.000010,0.000356,0.000481,0.000525,0.000652,0.000472,0.000331,0.000367,0.000282,0.000237,0.000228,0.000204,0.000162,0.000138,0.000115,0.000116,0.000109,0.000101,0.000032,0.000115,0.000055,0.000040,0.000084,0.000020,0.000008,0.000011,0.000043,0.000051,0.000068,0.000054,0.000057,0.000056,0.000051,0.000007,0.000019,0.000073,0.000074
589,,,,,,,,,,,,,0.000825,0.000002,0.000023,0.000026,0.000028,0.000025,0.000028,0.000032,0.000036,0.000039,0.000036,0.000027,0.000036,0.000037,0.000027,0.000033,0.000032,0.000036,0.000033,0.000011,0.000034,0.000120,0.000040,0.000027,0.000013,0.000005,0.000008,0.000017,0.000013,0.000015,0.000014,0.000021,0.000014,0.000012,0.000007,0.000015,0.000034,0.000049
590,,,,,,,,,,,,,0.001143,0.000004,0.000062,0.000066,0.000096,0.000144,0.000185,0.000148,0.000120,0.000138,0.000128,0.000098,0.000116,0.000176,0.000211,0.000271,0.000238,0.000196,0.000161,0.000038,0.000088,0.000049,0.000029,0.000031,0.000017,0.000008,0.000014,0.000097,0.000105,0.000105,0.000114,0.000198,0.000071,0.000069,0.000018,0.000040,0.000062,0.000088
591,,,,,,,,,,,,,0.000118,0.000019,0.000189,0.000211,0.000209,0.000204,0.000192,0.000161,0.000162,0.000151,0.000133,0.000121,0.000113,0.000095,0.000085,0.000074,0.000061,0.000063,0.000060,0.000022,0.000049,0.000027,0.000019,0.000034,0.000021,0.000003,0.000006,0.000016,0.000026,0.000032,0.000031,0.000035,0.000035,0.000030,0.000004,0.000008,0.000034,0.000049
592,,,,,,,,,,,,,0.000776,0.000004,0.000054,0.000057,0.000072,0.000080,0.000086,0.000085,0.000091,0.000066,0.000054,0.000059,0.000063,0.000083,0.000111,0.000215,0.000332,0.000463,0.000509,0.000113,0.000233,0.000076,0.000042,0.000067,0.000020,0.000012,0.000020,0.000050,0.000074,0.000139,0.000167,0.000159,0.000187,0.000180,0.000016,0.000031,0.000113,0.000101
593,,,,,,,,,,,,,0.000946,0.000026,0.000396,0.000525,0.000456,0.000481,0.000475,0.000403,0.000403,0.000349,0.000258,0.000209,0.000180,0.000137,0.000157,0.000160,0.000189,0.000241,0.000245,0.000089,0.000296,0.000133,0.000078,0.000168,0.000032,0.000009,0.000011,0.000063,0.000057,0.000074,0.000045,0.000040,0.000032,0.000021,0.000006,0.000016,0.000085,0.000119
594,,,,,,,,,,,,,0.001105,0.000006,0.000092,0.000100,0.000116,0.000140,0.000132,0.000085,0.000116,0.000123,0.000084,0.000072,0.000083,0.000089,0.000074,0.000072,0.000070,0.000072,0.000116,0.000038,0.000092,0.000048,0.000034,0.000081,0.000028,0.000024,0.000027,0.000153,0.000143,0.000172,0.000113,0.000109,0.000074,0.000049,0.000007,0.000018,0.000062,0.000068
595,,,,,,,,,,,,,0.000006,0.000005,0.000065,0.000106,0.000145,0.000140,0.000163,0.000124,0.000133,0.000104,0.000100,0.000120,0.000150,0.000152,0.000109,0.000089,0.000080,0.000061,0.000071,0.000038,0.000103,0.000060,0.000043,0.000085,0.000025,0.000008,0.000012,0.000054,0.000063,0.000078,0.000049,0.000047,0.000058,0.000051,0.000007,0.000019,0.000065,0.000079
596,,,,,,,,,,,,,0.001050,0.000007,0.000100,0.000142,0.000163,0.000209,0.000297,0.000407,0.000822,0.000960,0.000903,0.000887,0.000776,0.000590,0.000441,0.000350,0.000243,0.000184,0.000157,0.000052,0.000122,0.000056,0.000042,0.000093,0.000027,0.000008,0.000010,0.000055,0.000061,0.000070,0.000052,0.000048,0.000039,0.000040,0.000007,0.000014,0.000058,0.000066
597,,,,,,,,,,,,,0.001982,0.000006,0.000079,0.000101,0.000100,0.000090,0.000081,0.000067,0.000078,0.000057,0.000052,0.000047,0.000051,0.000040,0.000049,0.000057,0.000065,0.000083,0.000119,0.000058,0.000173,0.000090,0.000056,0.000105,0.000023,0.000007,0.000010,0.000038,0.000045,0.000055,0.000043,0.000049,0.000056,0.000060,0.000009,0.000053,0.000171,0.000159
598,,,,,,,,,,,,,0.000721,0.000006,0.000059,0.000072,0.000072,0.000078,0.000101,0.000083,0.000071,0.000086,0.000070,0.000069,0.000081,0.000085,0.000080,0.000075,0.000087,0.000097,0.000100,0.000032,0.000073,0.000040,0.000024,0.000040,0.000025,0.000008,0.000008,0.000036,0.000050,0.000065,0.000056,0.000062,0.000050,0.000046,0.000018,0.000043,0.000156,0.000151
599,,,,,,,,,,,,,0.000914,0.000007,0.000087,0.000125,0.000153,0.000168,0.000182,0.000177,0.000157,0.000132,0.000104,0.000083,0.000090,0.000079,0.000075,0.000078,0.000064,0.000056,0.000050,0.000026,0.000073,0.000043,0.000033,0.000050,0.000013,0.000006,0.000013,0.000143,0.000211,0.000206,0.000104,0.000084,0.000063,0.000055,0.000005,0.000013,0.000099,0.000087
600,,,,,,,,,,,,,0.000325,0.000007,0.000106,0.000165,0.000243,0.000401,0.000602,0.000605,0.000792,0.000668,0.000439,0.000425,0.000408,0.000373,0.000388,0.000344,0.000308,0.000288,0.000255,0.000076,0.000265,0.000127,0.000076,0.000181,0.000034,0.000014,0.000014,0.000061,0.000077,0.000080,0.000070,0.000060,0.000048,0.000057,0.000007,0.000025,0.000100,0.000117
601,,,,,,,,,,,,,0.000017,0.000003,0.000046,0.000064,0.000069,0.000062,0.000069,0.000071,0.000081,0.000068,0.000057,0.000061,0.000061,0.000041,0.000033,0.000040,0.000036,0.000055,0.000046,0.000016,0.000051,0.000032,0.000027,0.000037,0.000014,0.000006,0.000016,0.000054,0.000045,0.000066,0.000070,0.000178,0.000130,0.000086,0.000008,0.000016,0.000105,0.000066
602,,,,,,,,,,,,,0.001291,0.000006,0.000058,0.000070,0.000076,0.000086,0.000083,0.000074,0.000083,0.000069,0.000056,0.000052,0.000058,0.000053,0.000053,0.000054,0.000047,0.000043,0.000040,0.000031,0.000062,0.000049,0.000036,0.000095,0.000035,0.000016,0.000022,0.000043,0.000040,0.000047,0.000050,0.000051,0.000065,0.000105,0.000016,0.000029,0.000071,0.000096
603,,,,,,,,,,,,,0.000595,0.000005,0.000063,0.000075,0.000099,0.000117,0.000110,0.000101,0.000091,0.000082,0.000085,0.000084,0.000075,0.000053,0.000054,0.000049,0.000052,0.000063,0.000053,0.000043,0.000062,0.000035,0.000027,0.000049,0.000014,0.000011,0.000008,0.000031,0.000049,0.000075,0.000059,0.000058,0.000051,0.000046,0.000007,0.000016,0.000062,0.000064
604,,,,,,,,,,,,,0.000031,0.000004,0.000069,0.000138,0.000211,0.000268,0.000278,0.000295,0.000454,0.000557,0.000603,0.000705,0.000760,0.000627,0.000487,0.000324,0.000210,0.000157,0.000121,0.000036,0.000078,0.000044,0.000031,0.000046,0.000014,0.000007,0.000009,0.000047,0.000107,0.000088,0.000082,0.000075,0.000068,0.000052,0.000010,0.000019,0.000056,0.000074
605,,,,,,,,,,,,,0.000139,0.000004,0.000074,0.000111,0.000122,0.000099,0.000108,0.000083,0.000077,0.000057,0.000038,0.000024,0.000025,0.000032,0.000047,0.000078,0.000098,0.000120,0.000136,0.000038,0.000104,0.000045,0.000038,0.000050,0.000013,0.000008,0.000017,0.000064,0.000050,0.000053,0.000053,0.000033,0.000023,0.000027,0.000007,0.000017,0.000095,0.000140
606,,,,,,,,,,,,,0.001261,0.000005,0.000049,0.000072,0.000105,0.000129,0.000133,0.000098,0.000105,0.000096,0.000111,0.000141,0.000173,0.000191,0.000250,0.000277,0.000295,0.000208,0.000159,0.000060,0.000142,0.000067,0.000036,0.000031,0.000011,0.000007,0.000010,0.000021,0.000016,0.000020,0.000022,0.000048,0.000073,0.000098,0.000014,0.000025,0.000040,0.000075
607,,,,,,,,,,,,,0.001592,0.000008,0.000149,0.000196,0.000185,0.000172,0.000147,0.000121,0.000143,0.000122,0.000123,0.000125,0.000121,0.000108,0.000099,0.000091,0.000089,0.000081,0.000057,0.000036,0.000048,0.000035,0.000022,0.000039,0.000017,0.000007,0.000015,0.000038,0.000038,0.000036,0.000040,0.000057,0.000075,0.000078,0.000015,0.000034,0.000068,0.000062
608,,,,,,,,,,,,,0.001107,0.000014,0.000124,0.000137,0.000107,0.000118,0.000102,0.000098,0.000092,0.000104,0.000112,0.000122,0.000135,0.000126,0.000122,0.000091,0.000069,0.000068,0.000064,0.000025,0.000056,0.000044,0.000028,0.000056,0.000018,0.000007,0.000011,0.000054,0.000070,0.000084,0.000065,0.000042,0.000038,0.000035,0.000006,0.000020,0.000126,0.000226
609,,,,,,,,,,,,,0.000336,0.000004,0.000054,0.000089,0.000099,0.000097,0.000102,0.000076,0.000082,0.000085,0.000085,0.000069,0.000079,0.000076,0.000090,0.000115,0.000164,0.000158,0.000175,0.000065,0.000223,0.000072,0.000041,0.000073,0.000014,0.000007,0.000008,0.000021,0.000022,0.000028,0.000019,0.000020,0.000023,0.000025,0.000004,0.000015,0.000091,0.000092
610,,,,,,,,,,,,,0.000073,0.000005,0.000090,0.000153,0.000173,0.000181,0.000168,0.000144,0.000191,0.000224,0.000245,0.000286,0.000303,0.000252,0.000198,0.000133,0.000099,0.000086,0.000072,0.000033,0.000070,0.000040,0.000028,0.000034,0.000011,0.000005,0.000006,0.000039,0.000079,0.000067,0.000049,0.000043,0.000037,0.000027,0.000004,0.000011,0.000040,0.000044
611,,,,,,,,,,,,,0.001063,0.000008,0.000099,0.000105,0.000120,0.000134,0.000120,0.000098,0.000109,0.000099,0.000089,0.000096,0.000097,0.000088,0.000088,0.000082,0.000077,0.000062,0.000050,0.000020,0.000046,0.000030,0.000022,0.000024,0.000010,0.000010,0.000011,0.000023,0.000033,0.000036,0.000024,0.000026,0.000030,0.000023,0.000008,0.000015,0.000057,0.000063
612,,,,,,,,,,,,,0.000655,0.000003,0.000023,0.000038,0.000060,0.000052,0.000089,0.000064,0.000053,0.000065,0.000072,0.000067,0.000047,0.000032,0.000040,0.000044,0.000067,0.000088,0.000086,0.000079,0.000067,0.000106,0.000114,0.000041,0.000032,0.000015,0.000019,0.000080,0.000054,0.000058,0.000057,0.000049,0.000040,0.000038,0.000011,0.000024,0.000062,0.000074
613,,,,,,,,,,,,,0.000885,0.000004,0.000044,0.000062,0.000145,0.000163,0.000110,0.000097,0.000099,0.000087,0.000066,0.000063,0.000070,0.000069,0.000066,0.000086,0.000098,0.000100,0.000079,0.000027,0.000068,0.000034,0.000026,0.000045,0.000012,0.000005,0.000007,0.000025,0.000030,0.000039,0.000031,0.000029,0.000025,0.000024,0.000009,0.000035,0.000114,0.000128
614,,,,,,,,,,,,,0.001777,0.000007,0.000115,0.000113,0.000110,0.000155,0.000204,0.000219,0.000272,0.000274,0.000247,0.000286,0.000318,0.000294,0.000289,0.000205,0.000158,0.000136,0.000115,0.000030,0.000069,0.000035,0.000021,0.000034,0.000013,0.000009,0.000016,0.000022,0.000026,0.000020,0.000018,0.000027,0.000024,0.000024,0.000008,0.000025,0.000043,0.000044
615,,,,,,,,,,,,,0.006998,0.000004,0.000033,0.000044,0.000045,0.000064,0.000095,0.000133,0.000228,0.000212,0.000184,0.000174,0.000170,0.000142,0.000100,0.000099,0.000092,0.000062,0.000052,0.000026,0.000055,0.000039,0.000027,0.000050,0.000017,0.000006,0.000010,0.000048,0.000061,0.000063,0.000058,0.000059,0.000047,0.000043,0.000007,0.000019,0.000079,0.000222
616,,,,,,,,,,,,,0.000723,0.000014,0.000112,0.000162,0.000195,0.000195,0.000160,0.000150,0.000203,0.000174,0.000151,0.000147,0.000138,0.000129,0.000133,0.000107,0.000097,0.000100,0.000088,0.000037,0.000087,0.000049,0.000049,0.000080,0.000025,0.000010,0.000011,0.000045,0.000039,0.000054,0.000054,0.000053,0.000064,0.000097,0.000012,0.000059,0.000352,0.000321
617,,,,,,,,,,,,,0.003269,0.000014,0.000133,0.000205,0.000228,0.000268,0.000274,0.000203,0.000216,0.000199,0.000170,0.000174,0.000191,0.000158,0.000181,0.000167,0.000139,0.000151,0.000155,0.000044,0.000134,0.000065,0.000046,0.000079,0.000022,0.000006,0.000010,0.000054,0.000054,0.000072,0.000053,0.000048,0.000045,0.000041,0.000005,0.000028,0.000232,0.000243
618,,,,,,,,,,,,,0.000325,0.000003,0.000049,0.000052,0.000130,0.000243,0.000250,0.000239,0.000238,0.000192,0.000149,0.000094,0.000094,0.000100,0.000099,0.000097,0.000081,0.000092,0.000076,0.000050,0.000126,0.000194,0.000118,0.000208,0.000065,0.000010,0.000015,0.000072,0.000064,0.000076,0.000059,0.000038,0.000035,0.000029,0.000016,0.000046,0.000076,0.000072
619,,,,,,,,,,,,,0.000182,0.000005,0.000056,0.000078,0.000078,0.000106,0.000193,0.000220,0.000278,0.000245,0.000269,0.000245,0.000248,0.000212,0.000218,0.000211,0.000218,0.000251,0.000176,0.000049,0.000104,0.000034,0.000025,0.000034,0.000013,0.000004,0.000006,0.000026,0.000021,0.000025,0.000020,0.000027,0.000025,0.000028,0.000005,0.000012,0.000038,0.000030
620,,,,,,,,,,,,,-0.000039,0.000004,0.000063,0.000091,0.000169,0.000267,0.000308,0.000237,0.000146,0.000088,0.000077,0.000089,0.000098,0.000080,0.000108,0.000117,0.000116,0.000093,0.000089,0.000042,0.000068,0.000044,0.000040,0.000065,0.000018,0.000009,0.000011,0.000076,0.000117,0.000143,0.000096,0.000061,0.000067,0.000075,0.000017,0.000032,0.000205,0.000104
621,,,,,,,,,,,,,0.000846,0.000007,0.000108,0.000152,0.000175,0.000323,0.000519,0.000506,0.000681,0.000569,0.000514,0.000484,0.000418,0.000344,0.000285,0.000269,0.000277,0.000280,0.000280,0.000073,0.000181,0.000080,0.000046,0.000078,0.000016,0.000006,0.000007,0.000037,0.000050,0.000081,0.000080,0.000061,0.000050,0.000050,0.000006,0.000018,0.000110,0.000100
622,,,,,,,,,,,,,0.000648,0.000003,0.000059,0.000092,0.000111,0.000122,0.000131,0.000187,0.000163,0.000182,0.000134,0.000110,0.000129,0.000112,0.000095,0.000098,0.000096,0.000088,0.000077,0.000047,0.000099,0.000057,0.000048,0.000079,0.000018,0.000009,0.000010,0.000041,0.000042,0.000053,0.000040,0.000036,0.000036,0.000034,0.000008,0.000023,0.000063,0.000059
623,,,,,,,,,,,,,0.001072,0.000013,0.000244,0.000303,0.000277,0.000289,0.000282,0.000213,0.000272,0.000288,0.000279,0.000268,0.000277,0.000234,0.000202,0.000198,0.000200,0.000274,0.000358,0.000108,0.000381,0.000155,0.000094,0.000147,0.000024,0.000008,0.000011,0.000079,0.000107,0.000239,0.000182,0.000165,0.000104,0.000086,0.000006,0.000020,0.000125,0.000143
624,,,,,,,,,,,,,0.002594,0.000006,0.000099,0.000094,0.000142,0.000211,0.000247,0.000246,0.000258,0.000210,0.000174,0.000185,0.000175,0.000132,0.000119,0.000124,0.000137,0.000152,0.000160,0.000070,0.000194,0.000100,0.000060,0.000094,0.000035,0.000008,0.000018,0.000056,0.000074,0.000072,0.000053,0.000048,0.000042,0.000043,0.000007,0.000021,0.000097,0.000120
625,,,,,,,,,,,,,0.000972,0.000011,0.000195,0.000212,0.000181,0.000161,0.000172,0.000142,0.000142,0.000123,0.000110,0.000136,0.000146,0.000119,0.000113,0.000096,0.000091,0.000101,0.000103,0.000037,0.000096,0.000068,0.000043,0.000076,0.000018,0.000008,0.000009,0.000038,0.000051,0.000058,0.000053,0.000043,0.000032,0.000037,0.000006,0.000016,0.000069,0.000075
626,,,,,,,,,,,,,0.001612,0.000012,0.000192,0.000206,0.000189,0.000193,0.000168,0.000118,0.000125,0.000123,0.000112,0.000108,0.000095,0.000068,0.000059,0.000049,0.000039,0.000037,0.000041,0.000021,0.000048,0.000026,0.000021,0.000050,0.000016,0.000008,0.000011,0.000030,0.000046,0.000108,0.000118,0.000105,0.000070,0.000058,0.000007,0.000017,0.000070,0.000107
627,,,,,,,,,,,,,0.000550,0.000007,0.000123,0.000176,0.000192,0.000194,0.000177,0.000153,0.000146,0.000143,0.000124,0.000109,0.000113,0.000094,0.000088,0.000093,0.000085,0.000086,0.000062,0.000025,0.000084,0.000032,0.000021,0.000061,0.000017,0.000008,0.000007,0.000041,0.000165,0.000161,0.000144,0.000153,0.000179,0.000205,0.000024,0.000060,0.000170,0.000162
628,,,,,,,,,,,,,-0.000095,0.000016,0.000300,0.000306,0.000262,0.000252,0.000225,0.000162,0.000164,0.000138,0.000153,0.000124,0.000127,0.000095,0.000081,0.000065,0.000068,0.000059,0.000084,0.000040,0.000105,0.000062,0.000047,0.000115,0.000036,0.000014,0.000022,0.000054,0.000069,0.000065,0.000046,0.000055,0.000034,0.000028,0.000010,0.000022,0.000112,0.000100
629,,,,,,,,,,,,,0.000688,0.000007,0.000119,0.000183,0.000220,0.000268,0.000307,0.000291,0.000329,0.000300,0.000279,0.000301,0.000334,0.000302,0.000312,0.000278,0.000238,0.000219,0.000202,0.000057,0.000235,0.000107,0.000076,0.000220,0.000036,0.000008,0.000007,0.000025,0.000035,0.000048,0.000051,0.000074,0.000072,0.000049,0.000005,0.000025,0.000094,0.000106
630,,,,,,,,,,,,,0.001103,0.000006,0.000139,0.000327,0.000700,0.001156,0.001546,0.001323,0.001159,0.000822,0.000585,0.000437,0.000377,0.000276,0.000228,0.000173,0.000140,0.000135,0.000104,0.000036,0.000074,0.000037,0.000030,0.000023,0.000011,0.000006,0.000007,0.000035,0.000051,0.000104,0.000117,0.000127,0.000091,0.000067,0.000007,0.000016,0.000059,0.000070
631,,,,,,,,,,,,,0.001404,0.000005,0.000064,0.000096,0.000143,0.000136,0.000144,0.000118,0.000140,0.000131,0.000134,0.000133,0.000131,0.000110,0.000100,0.000069,0.000076,0.000076,0.000093,0.000054,0.000079,0.000047,0.000042,0.000071,0.000024,0.000011,0.000014,0.000053,0.000109,0.000072,0.000054,0.000044,0.000039,0.000047,0.000009,0.000029,0.000073,0.000077
632,,,,,,,,,,,,,0.000301,0.000004,0.000054,0.000063,0.000066,0.000164,0.000291,0.000364,0.000459,0.000485,0.000489,0.000558,0.000711,0.000706,0.000732,0.000633,0.000509,0.000510,0.000336,0.000106,0.000152,0.000080,0.000054,0.000103,0.000020,0.000008,0.000010,0.000038,0.000067,0.000103,0.000081,0.000060,0.000056,0.000053,0.000008,0.000015,0.000030,0.000031
633,,,,,,,,,,,,,0.000608,0.000005,0.000049,0.000065,0.000068,0.000055,0.000064,0.000088,0.000100,0.000116,0.000097,0.000083,0.000085,0.000093,0.000114,0.000108,0.000094,0.000103,0.000108,0.000037,0.000118,0.000056,0.000037,0.000090,0.000018,0.000005,0.000008,0.000032,0.000027,0.000036,0.000025,0.000030,0.000023,0.000020,0.000006,0.000026,0.000120,0.000139
634,,,,,,,,,,,,,0.000619,0.000008,0.000117,0.000183,0.000241,0.000297,0.000237,0.000148,0.000150,0.000130,0.000137,0.000130,0.000167,0.000177,0.000182,0.000167,0.000132,0.000151,0.000121,0.000028,0.000120,0.000092,0.000096,0.000190,0.000023,0.000008,0.000016,0.000185,0.000162,0.000134,0.000075,0.000047,0.000029,0.000023,0.000005,0.000017,0.000068,0.000101
635,,,,,,,,,,,,,0.000015,0.000003,0.000028,0.000032,0.000033,0.000048,0.000069,0.000087,0.000149,0.000179,0.000196,0.000221,0.000259,0.000241,0.000207,0.000179,0.000159,0.000136,0.000131,0.000046,0.000230,0.000128,0.000105,0.000259,0.000070,0.000013,0.000018,0.000046,0.000042,0.000047,0.000033,0.000034,0.000031,0.000029,0.000006,0.000014,0.000047,0.000048
636,,,,,,,,,,,,,0.000977,0.000008,0.000110,0.000120,0.000105,0.000102,0.000084,0.000062,0.000052,0.000052,0.000055,0.000033,0.000039,0.000035,0.000032,0.000033,0.000027,0.000026,0.000022,0.000016,0.000047,0.000031,0.000024,0.000048,0.000019,0.000007,0.000013,0.000026,0.000044,0.000046,0.000027,0.000031,0.000025,0.000022,0.000008,0.000016,0.000046,0.000052
637,,,,,,,,,,,,,-0.000041,0.000015,0.000302,0.000433,0.000428,0.000384,0.000307,0.000227,0.000229,0.000193,0.000157,0.000161,0.000148,0.000139,0.000130,0.000144,0.000124,0.000108,0.000105,0.000032,0.000092,0.000037,0.000033,0.000051,0.000014,0.000007,0.000010,0.000037,0.000035,0.000034,0.000025,0.000024,0.000026,0.000025,0.000007,0.000015,0.000040,0.000045
638,,,,,,,,,,,,,0.000510,0.000004,0.000068,0.000131,0.000157,0.000153,0.000127,0.000099,0.000095,0.000099,0.000104,0.000098,0.000122,0.000125,0.000146,0.000162,0.000184,0.000258,0.000339,0.000123,0.000407,0.000111,0.000060,0.000112,0.000022,0.000006,0.000010,0.000040,0.000034,0.000037,0.000031,0.000021,0.000020,0.000015,0.000006,0.000015,0.000050,0.000055
639,,,,,,,,,,,,,0.000763,0.000004,0.000058,0.000089,0.000115,0.000150,0.000140,0.000119,0.000136,0.000231,0.000259,0.000189,0.000146,0.000102,0.000115,0.000160,0.000170,0.000159,0.000120,0.000029,0.000102,0.000051,0.000035,0.000066,0.000013,0.000005,0.000007,0.000020,0.000027,0.000040,0.000035,0.000036,0.000032,0.000033,0.000004,0.000017,0.000046,0.000050
640,,,,,,,,,,,,,0.001022,0.000004,0.000032,0.000030,0.000036,0.000055,0.000041,0.000110,0.000162,0.000198,0.000160,0.000148,0.000191,0.000173,0.000164,0.000138,0.000099,0.000100,0.000072,0.000032,0.000052,0.000026,0.000021,0.000037,0.000017,0.000015,0.000013,0.000053,0.000073,0.000097,0.000077,0.000094,0.000080,0.000072,0.000009,0.000017,0.000067,0.000079
641,,,,,,,,,,,,,0.000686,0.000005,0.000058,0.000080,0.000112,0.000115,0.000101,0.000079,0.000087,0.000080,0.000084,0.000073,0.000076,0.000066,0.000059,0.000052,0.000047,0.000067,0.000053,0.000038,0.000059,0.000033,0.000025,0.000039,0.000010,0.000005,0.000007,0.000043,0.000027,0.000038,0.000030,0.000030,0.000020,0.000028,0.000007,0.000014,0.000049,0.000069
642,,,,,,,,,,,,,0.000273,0.000011,0.000177,0.000155,0.000148,0.000149,0.000139,0.000087,0.000106,0.000098,0.000112,0.000099,0.000069,0.000063,0.000071,0.000063,0.000074,0.000055,0.000038,0.000028,0.000045,0.000034,0.000037,0.000177,0.000050,0.000019,0.000045,0.000130,0.000156,0.000248,0.000153,0.000109,0.000073,0.000056,0.000006,0.000016,0.000064,0.000062
643,,,,,,,,,,,,,0.000861,0.000005,0.000119,0.000151,0.000170,0.000281,0.000365,0.000336,0.000345,0.000288,0.000217,0.000214,0.000229,0.000205,0.000171,0.000166,0.000133,0.000117,0.000070,0.000019,0.000050,0.000037,0.000030,0.000090,0.000024,0.000018,0.000021,0.000045,0.000081,0.000093,0.000064,0.000046,0.000032,0.000031,0.000005,0.000014,0.000055,0.000060
644,,,,,,,,,,,,,0.000044,0.000003,0.000050,0.000061,0.000070,0.000092,0.000098,0.000088,0.000084,0.000088,0.000081,0.000080,0.000092,0.000092,0.000092,0.000079,0.000069,0.000062,0.000075,0.000031,0.000163,0.000093,0.000066,0.000139,0.000042,0.000007,0.000009,0.000117,0.000034,0.000039,0.000035,0.000025,0.000018,0.000012,0.000005,0.000011,0.000042,0.000053
645,,,,,,,,,,,,,0.001650,0.000011,0.000119,0.000179,0.000183,0.000197,0.000201,0.000188,0.000201,0.000178,0.000166,0.000176,0.000176,0.000153,0.000139,0.000134,0.000139,0.000150,0.000131,0.000050,0.000162,0.000081,0.000048,0.000071,0.000019,0.000008,0.000008,0.000037,0.000033,0.000041,0.000036,0.000036,0.000036,0.000036,0.000007,0.000025,0.000218,0.000262
646,,,,,,,,,,,,,0.000481,0.000006,0.000114,0.000184,0.000177,0.000169,0.000138,0.000138,0.000167,0.000164,0.000198,0.000162,0.000189,0.000170,0.000150,0.000161,0.000160,0.000118,0.000110,0.000036,0.000112,0.000058,0.000035,0.000074,0.000023,0.000007,0.000011,0.000076,0.000086,0.000101,0.000075,0.000049,0.000097,0.000054,0.000010,0.000022,0.000098,0.000131
647,,,,,,,,,,,,,0.001410,0.000011,0.000184,0.000191,0.000175,0.000178,0.000159,0.000111,0.000139,0.000131,0.000111,0.000109,0.000115,0.000106,0.000102,0.000099,0.000081,0.000058,0.000046,0.000019,0.000047,0.000044,0.000037,0.000085,0.000024,0.000015,0.000010,0.000035,0.000043,0.000025,0.000032,0.000029,0.000020,0.000021,0.000012,0.000036,0.000082,0.000093
648,,,,,,,,,,,,,0.000829,0.000007,0.000090,0.000121,0.000111,0.000116,0.000137,0.000092,0.000085,0.000089,0.000082,0.000052,0.000047,0.000055,0.000067,0.000063,0.000127,0.000198,0.000222,0.000067,0.000176,0.000070,0.000047,0.000082,0.000023,0.000010,0.000022,0.000078,0.000151,0.000161,0.000102,0.000096,0.000151,0.000057,0.000009,0.000022,0.000080,0.000107
649,,,,,,,,,,,,,0.000027,0.000009,0.000077,0.000103,0.000102,0.000085,0.000060,0.000054,0.000043,0.000038,0.000030,0.000024,0.000022,0.000017,0.000014,0.000012,0.000017,0.000018,0.000019,0.000010,0.000018,0.000033,0.000033,0.000030,0.000012,0.000006,0.000014,0.000042,0.000028,0.000032,0.000033,0.000044,0.000063,0.000066,0.000007,0.000020,0.000085,0.000091
650,,,,,,,,,,,,,0.000797,0.000015,0.000148,0.000219,0.000206,0.000196,0.000191,0.000161,0.000180,0.000118,0.000130,0.000139,0.000131,0.000113,0.000108,0.000092,0.000113,0.000099,0.000077,0.000035,0.000084,0.000057,0.000044,0.000077,0.000026,0.000008,0.000014,0.000071,0.000067,0.000080,0.000070,0.000088,0.000089,0.000103,0.000011,0.000044,0.000397,0.000423
651,,,,,,,,,,,,,0.000781,0.000013,0.000289,0.000408,0.000387,0.000349,0.000305,0.000221,0.000235,0.000222,0.000168,0.000126,0.000123,0.000111,0.000101,0.000085,0.000077,0.000073,0.000073,0.000029,0.000075,0.000037,0.000034,0.000095,0.000027,0.000015,0.000021,0.000040,0.000031,0.000074,0.000082,0.000085,0.000076,0.000081,0.000008,0.000025,0.000074,0.000089
652,,,,,,,,,,,,,0.000101,0.000011,0.000088,0.000102,0.000106,0.000093,0.000071,0.000050,0.000062,0.000060,0.000045,0.000038,0.000042,0.000041,0.000056,0.000054,0.000046,0.000046,0.000046,0.000023,0.000040,0.000032,0.000027,0.000036,0.000012,0.000005,0.000010,0.000101,0.000133,0.000174,0.000157,0.000172,0.000146,0.000131,0.000012,0.000029,0.000119,0.000141
653,,,,,,,,,,,,,0.000185,0.000011,0.000100,0.000122,0.000119,0.000109,0.000103,0.000080,0.000082,0.000081,0.000068,0.000087,0.000097,0.000107,0.000088,0.000081,0.000078,0.000092,0.000130,0.000067,0.000388,0.000198,0.000145,0.000320,0.000044,0.000011,0.000013,0.000071,0.000094,0.000100,0.000067,0.000056,0.000052,0.000049,0.000007,0.000017,0.000074,0.000109
654,,,,,,,,,,,,,0.000394,0.000013,0.000079,0.000108,0.000125,0.000157,0.000150,0.000119,0.000126,0.000124,0.000098,0.000093,0.000098,0.000083,0.000100,0.000111,0.000094,0.000128,0.000063,0.000028,0.000088,0.000047,0.000034,0.000089,0.000020,0.000006,0.000010,0.000038,0.000048,0.000049,0.000041,0.000035,0.000025,0.000034,0.000006,0.000016,0.000116,0.000240
655,,,,,,,,,,,,,0.001055,0.000004,0.000040,0.000048,0.000067,0.000086,0.000083,0.000114,0.000176,0.000228,0.000244,0.000301,0.000376,0.000381,0.000354,0.000317,0.000235,0.000193,0.000138,0.000108,0.000077,0.000033,0.000035,0.000044,0.000018,0.000016,0.000027,0.000059,0.000055,0.000038,0.000036,0.000023,0.000021,0.000023,0.000017,0.000038,0.000070,0.000084
656,,,,,,,,,,,,,0.000453,0.000005,0.000064,0.000096,0.000109,0.000192,0.000325,0.000357,0.000570,0.000734,0.000866,0.000822,0.000810,0.000586,0.000429,0.000332,0.000245,0.000200,0.000155,0.000036,0.000112,0.000054,0.000043,0.000060,0.000017,0.000006,0.000008,0.000039,0.000051,0.000056,0.000040,0.000046,0.000036,0.000028,0.000005,0.000014,0.000044,0.000064
657,,,,,,,,,,,,,0.001247,0.000004,0.000071,0.000080,0.000096,0.000115,0.000127,0.000095,0.000088,0.000078,0.000069,0.000070,0.000067,0.000045,0.000036,0.000031,0.000031,0.000039,0.000075,0.000039,0.000223,0.000135,0.000083,0.000151,0.000020,0.000007,0.000010,0.000048,0.000045,0.000042,0.000034,0.000038,0.000021,0.000027,0.000005,0.000013,0.000045,0.000055
658,,,,,,,,,,,,,0.000154,0.000002,0.000020,0.000038,0.000080,0.000160,0.000170,0.000134,0.000133,0.000101,0.000078,0.000059,0.000049,0.000045,0.000042,0.000036,0.000036,0.000043,0.000039,0.000018,0.000079,0.000049,0.000029,0.000073,0.000011,0.000006,0.000009,0.000015,0.000018,0.000020,0.000019,0.000020,0.000021,0.000020,0.000010,0.000029,0.000044,0.000038
659,,,,,,,,,,,,,0.000900,0.000014,0.000169,0.000177,0.000149,0.000121,0.000131,0.000087,0.000094,0.000092,0.000092,0.000106,0.000130,0.000135,0.000218,0.000209,0.000172,0.000151,0.000122,0.000043,0.000123,0.000065,0.000057,0.000101,0.000032,0.000009,0.000012,0.000090,0.000071,0.000098,0.000067,0.000055,0.000050,0.000054,0.000007,0.000019,0.000083,0.000077
660,,,,,,,,,,,,,0.000394,0.000009,0.000117,0.000179,0.000178,0.000158,0.000177,0.000211,0.000359,0.000404,0.000348,0.000280,0.000292,0.000202,0.000169,0.000146,0.000128,0.000092,0.000091,0.000034,0.000075,0.000041,0.000035,0.000050,0.000019,0.000008,0.000012,0.000034,0.000057,0.000092,0.000084,0.000065,0.000052,0.000042,0.000005,0.000013,0.000062,0.000065
661,,,,,,,,,,,,,0.001378,0.000011,0.000189,0.000209,0.000222,0.000252,0.000314,0.000314,0.000436,0.000487,0.000459,0.000491,0.000528,0.000482,0.000452,0.000360,0.000430,0.000354,0.000229,0.000146,0.000142,0.000089,0.000052,0.000042,0.000027,0.000009,0.000011,0.000027,0.000074,0.000053,0.000044,0.000043,0.000040,0.000039,0.000013,0.000025,0.000029,0.000049
662,,,,,,,,,,,,,0.001201,0.000006,0.000141,0.000245,0.000366,0.000516,0.000602,0.000486,0.000464,0.000420,0.000385,0.000397,0.000449,0.000428,0.000429,0.000354,0.000350,0.000387,0.000343,0.000099,0.000293,0.000122,0.000081,0.000207,0.000043,0.000010,0.000015,0.000082,0.000074,0.000082,0.000057,0.000073,0.000119,0.000119,0.000022,0.000040,0.000103,0.000115
663,,,,,,,,,,,,,0.000727,0.000004,0.000082,0.000122,0.000147,0.000244,0.000389,0.000480,0.000516,0.000535,0.000363,0.000224,0.000154,0.000102,0.000086,0.000080,0.000076,0.000089,0.000085,0.000047,0.000123,0.000060,0.000056,0.000061,0.000015,0.000006,0.000009,0.000026,0.000051,0.000038,0.000028,0.000028,0.000030,0.000029,0.000006,0.000018,0.000049,0.000053
664,,,,,,,,,,,,,0.001575,0.000003,0.000040,0.000052,0.000061,0.000078,0.000077,0.000079,0.000095,0.000112,0.000108,0.000101,0.000100,0.000094,0.000102,0.000108,0.000092,0.000086,0.000081,0.000032,0.000053,0.000034,0.000028,0.000032,0.000016,0.000011,0.000027,0.000069,0.000065,0.000072,0.000047,0.000040,0.000044,0.000031,0.000009,0.000017,0.000043,0.000044
665,,,,,,,,,,,,,0.000916,0.000007,0.000066,0.000059,0.000071,0.000111,0.000128,0.000099,0.000097,0.000093,0.000084,0.000085,0.000093,0.000080,0.000080,0.000083,0.000062,0.000070,0.000081,0.000033,0.000087,0.000037,0.000028,0.000061,0.000024,0.000012,0.000017,0.000092,0.000074,0.000078,0.000051,0.000036,0.000032,0.000020,0.000005,0.000029,0.000175,0.000194
666,,,,,,,,,,,,,0.001045,0.000005,0.000050,0.000067,0.000067,0.000070,0.000092,0.000104,0.000147,0.000135,0.000113,0.000166,0.000295,0.000437,0.000404,0.000303,0.000282,0.000208,0.000151,0.000041,0.000111,0.000054,0.000033,0.000060,0.000019,0.000008,0.000011,0.000031,0.000036,0.000047,0.000038,0.000046,0.000051,0.000072,0.000008,0.000025,0.000060,0.000079
667,,,,,,,,,,,,,0.000509,0.000011,0.000159,0.000265,0.000301,0.000312,0.000237,0.000152,0.000132,0.000110,0.000084,0.000078,0.000111,0.000177,0.000282,0.000327,0.000397,0.000404,0.000292,0.000071,0.000270,0.000122,0.000061,0.000073,0.000015,0.000004,0.000009,0.000075,0.000129,0.000150,0.000072,0.000047,0.000031,0.000028,0.000004,0.000014,0.000068,0.000087
668,,,,,,,,,,,,,-0.000187,0.000033,0.000305,0.000329,0.000286,0.000286,0.000240,0.000174,0.000194,0.000186,0.000155,0.000149,0.000161,0.000157,0.000162,0.000150,0.000169,0.000169,0.000181,0.000054,0.000139,0.000070,0.000063,0.000100,0.000024,0.000007,0.000009,0.000040,0.000040,0.000058,0.000038,0.000044,0.000049,0.000055,0.000007,0.000019,0.000073,0.000102
669,,,,,,,,,,,,,0.000517,0.000005,0.000113,0.000160,0.000159,0.000138,0.000142,0.000153,0.000184,0.000224,0.000285,0.000459,0.000565,0.000506,0.000479,0.000388,0.000291,0.000220,0.000151,0.000047,0.000102,0.000068,0.000051,0.000086,0.000021,0.000010,0.000014,0.000053,0.000063,0.000073,0.000078,0.000078,0.000075,0.000063,0.000008,0.000020,0.000075,0.000094
670,,,,,,,,,,,,,0.004071,0.000005,0.000069,0.000084,0.000089,0.000095,0.000083,0.000069,0.000068,0.000054,0.000045,0.000043,0.000041,0.000047,0.000053,0.000040,0.000030,0.000034,0.000038,0.000041,0.000057,0.000067,0.000068,0.000033,0.000020,0.000008,0.000017,0.000047,0.000039,0.000060,0.000072,0.000054,0.000037,0.000050,0.000010,0.000041,0.000094,0.000066
671,,,,,,,,,,,,,0.000841,0.000015,0.000225,0.000254,0.000250,0.000260,0.000235,0.000188,0.000186,0.000162,0.000129,0.000097,0.000087,0.000072,0.000071,0.000069,0.000078,0.000082,0.000069,0.000038,0.000095,0.000056,0.000051,0.000146,0.000040,0.000013,0.000016,0.000069,0.000094,0.000095,0.000087,0.000089,0.000042,0.000039,0.000008,0.000014,0.000087,0.000194
672,,,,,,,,,,,,,0.000495,0.000006,0.000065,0.000111,0.000155,0.000197,0.000212,0.000162,0.000150,0.000133,0.000113,0.000119,0.000161,0.000157,0.000177,0.000197,0.000216,0.000243,0.000242,0.000120,0.000203,0.000068,0.000049,0.000098,0.000017,0.000005,0.000007,0.000035,0.000032,0.000044,0.000037,0.000030,0.000026,0.000021,0.000004,0.000018,0.000034,0.000046
673,,,,,,,,,,,,,0.000462,0.000011,0.000145,0.000203,0.000207,0.000270,0.000312,0.000295,0.000421,0.000396,0.000385,0.000405,0.000403,0.000393,0.000442,0.000450,0.000408,0.000340,0.000309,0.000063,0.000229,0.000092,0.000052,0.000117,0.000018,0.000005,0.000007,0.000039,0.000036,0.000049,0.000037,0.000033,0.000037,0.000021,0.000004,0.000031,0.000121,0.000120
674,,,,,,,,,,,,,0.000083,0.000005,0.000055,0.000070,0.000082,0.000093,0.000082,0.000074,0.000086,0.000085,0.000068,0.000079,0.000094,0.000079,0.000074,0.000058,0.000057,0.000069,0.000068,0.000026,0.000085,0.000042,0.000036,0.000058,0.000017,0.000006,0.000010,0.000052,0.000090,0.000190,0.000185,0.000170,0.000144,0.000119,0.000008,0.000018,0.000055,0.000055
675,,,,,,,,,,,,,0.000065,0.000003,0.000065,0.000083,0.000092,0.000089,0.000084,0.000085,0.000079,0.000071,0.000063,0.000071,0.000062,0.000063,0.000061,0.000052,0.000061,0.000065,0.000053,0.000024,0.000055,0.000040,0.000030,0.000036,0.000015,0.000006,0.000012,0.000040,0.000057,0.000093,0.000061,0.000066,0.000067,0.000074,0.000015,0.000035,0.000107,0.000123
676,,,,,,,,,,,,,0.000900,0.000005,0.000064,0.000085,0.000089,0.000087,0.000115,0.000132,0.000150,0.000161,0.000148,0.000153,0.000162,0.000118,0.000092,0.000075,0.000077,0.000070,0.000066,0.000028,0.000061,0.000041,0.000037,0.000075,0.000023,0.000007,0.000008,0.000040,0.000069,0.000056,0.000038,0.000043,0.000051,0.000060,0.000009,0.000023,0.000092,0.000087
677,,,,,,,,,,,,,0.000766,0.000003,0.000053,0.000059,0.000056,0.000054,0.000056,0.000046,0.000037,0.000048,0.000059,0.000056,0.000047,0.000034,0.000036,0.000066,0.000151,0.000345,0.000500,0.000110,0.000390,0.000117,0.000064,0.000125,0.000025,0.000008,0.000016,0.000091,0.000083,0.000097,0.000082,0.000065,0.000042,0.000034,0.000006,0.000016,0.000038,0.000047
678,,,,,,,,,,,,,0.000876,0.000020,0.000192,0.000249,0.000218,0.000211,0.000211,0.000198,0.000213,0.000184,0.000158,0.000145,0.000141,0.000115,0.000113,0.000113,0.000108,0.000108,0.000105,0.000028,0.000112,0.000051,0.000033,0.000073,0.000019,0.000005,0.000007,0.000034,0.000045,0.000062,0.000051,0.000047,0.000050,0.000041,0.000007,0.000017,0.000088,0.000116
679,,,,,,,,,,,,,0.000088,0.000010,0.000065,0.000084,0.000082,0.000074,0.000091,0.000080,0.000083,0.000059,0.000049,0.000054,0.000048,0.000040,0.000056,0.000051,0.000053,0.000058,0.000071,0.000027,0.000073,0.000033,0.000023,0.000047,0.000015,0.000007,0.000010,0.000033,0.000030,0.000034,0.000028,0.000028,0.000037,0.000046,0.000008,0.000023,0.000178,0.000207
680,,,,,,,,,,,,,0.001913,0.000011,0.000107,0.000124,0.000124,0.000120,0.000102,0.000122,0.000242,0.000379,0.000451,0.000631,0.000675,0.000509,0.000405,0.000255,0.000157,0.000138,0.000105,0.000051,0.000085,0.000046,0.000024,0.000017,0.000020,0.000007,0.000008,0.000036,0.000057,0.000064,0.000064,0.000057,0.000046,0.000069,0.000013,0.000053,0.000314,0.000432
681,,,,,,,,,,,,,-0.000095,0.000004,0.000074,0.000082,0.000077,0.000084,0.000109,0.000105,0.000119,0.000121,0.000098,0.000090,0.000102,0.000101,0.000088,0.000066,0.000071,0.000079,0.000077,0.000028,0.000123,0.000127,0.000153,0.000387,0.000044,0.000010,0.000013,0.000040,0.000043,0.000062,0.000044,0.000050,0.000041,0.000045,0.000006,0.000015,0.000045,0.000063
682,,,,,,,,,,,,,0.003072,0.000005,0.000068,0.000083,0.000081,0.000115,0.000161,0.000159,0.000159,0.000164,0.000109,0.000069,0.000086,0.000091,0.000086,0.000092,0.000078,0.000058,0.000064,0.000031,0.000047,0.000030,0.000026,0.000038,0.000019,0.000009,0.000016,0.000065,0.000119,0.000151,0.000146,0.000203,0.000219,0.000230,0.000021,0.000033,0.000120,0.000096
683,,,,,,,,,,,,,0.000415,0.000006,0.000099,0.000100,0.000109,0.000133,0.000158,0.000114,0.000161,0.000163,0.000140,0.000142,0.000143,0.000182,0.000287,0.000503,0.000613,0.000520,0.000401,0.000076,0.000218,0.000100,0.000062,0.000103,0.000031,0.000013,0.000010,0.000057,0.000056,0.000090,0.000096,0.000084,0.000069,0.000054,0.000011,0.000026,0.000080,0.000189
684,,,,,,,,,,,,,0.000557,0.000004,0.000045,0.000061,0.000063,0.000064,0.000063,0.000055,0.000054,0.000046,0.000049,0.000070,0.000067,0.000057,0.000051,0.000053,0.000045,0.000039,0.000035,0.000018,0.000035,0.000028,0.000026,0.000050,0.000013,0.000009,0.000006,0.000016,0.000020,0.000030,0.000038,0.000061,0.000081,0.000121,0.000016,0.000033,0.000067,0.000069
685,,,,,,,,,,,,,0.002482,0.000004,0.000056,0.000044,0.000052,0.000055,0.000051,0.000034,0.000041,0.000051,0.000042,0.000041,0.000055,0.000038,0.000042,0.000036,0.000051,0.000056,0.000036,0.000025,0.000039,0.000027,0.000022,0.000045,0.000018,0.000011,0.000018,0.000080,0.000104,0.000120,0.000067,0.000062,0.000054,0.000038,0.000010,0.000023,0.000072,0.000272
686,,,,,,,,,,,,,0.000696,0.000013,0.000156,0.000181,0.000178,0.000159,0.000169,0.000118,0.000116,0.000150,0.000125,0.000130,0.000138,0.000145,0.000158,0.000130,0.000118,0.000086,0.000088,0.000045,0.000103,0.000052,0.000038,0.000081,0.000022,0.000008,0.000010,0.000038,0.000057,0.000089,0.000096,0.000095,0.000084,0.000061,0.000010,0.000021,0.000081,0.000081
687,,,,,,,,,,,,,0.004643,0.000019,0.000149,0.000171,0.000196,0.000244,0.000298,0.000290,0.000378,0.000349,0.000355,0.000359,0.000383,0.000312,0.000209,0.000186,0.000220,0.000213,0.000138,0.000046,0.000150,0.000084,0.000082,0.000187,0.000028,0.000007,0.000011,0.000044,0.000035,0.000044,0.000031,0.000026,0.000023,0.000027,0.000004,0.000022,0.000118,0.000166
688,,,,,,,,,,,,,0.001632,0.000009,0.000097,0.000145,0.000180,0.000157,0.000149,0.000125,0.000151,0.000140,0.000141,0.000127,0.000120,0.000100,0.000138,0.000194,0.000278,0.000294,0.000237,0.000053,0.000178,0.000071,0.000057,0.000105,0.000024,0.000011,0.000030,0.000189,0.000116,0.000123,0.000081,0.000065,0.000067,0.000050,0.000007,0.000017,0.000082,0.000102
689,,,,,,,,,,,,,0.001605,0.000005,0.000078,0.000097,0.000109,0.000108,0.000132,0.000120,0.000138,0.000144,0.000157,0.000180,0.000183,0.000169,0.000187,0.000164,0.000114,0.000095,0.000081,0.000042,0.000132,0.000083,0.000052,0.000069,0.000022,0.000007,0.000010,0.000049,0.000070,0.000123,0.000119,0.000143,0.000224,0.000283,0.000020,0.000028,0.000122,0.000134
690,,,,,,,,,,,,,0.000966,0.000007,0.000110,0.000165,0.000204,0.000227,0.000250,0.000199,0.000195,0.000167,0.000118,0.000083,0.000059,0.000047,0.000051,0.000061,0.000056,0.000051,0.000036,0.000021,0.000030,0.000034,0.000026,0.000152,0.000034,0.000016,0.000024,0.000048,0.000043,0.000044,0.000044,0.000040,0.000036,0.000046,0.000008,0.000029,0.000097,0.000153
691,,,,,,,,,,,,,0.001130,0.000015,0.000175,0.000236,0.000234,0.000228,0.000222,0.000164,0.000177,0.000168,0.000146,0.000133,0.000116,0.000104,0.000101,0.000089,0.000097,0.000084,0.000075,0.000033,0.000087,0.000046,0.000029,0.000054,0.000016,0.000009,0.000007,0.000036,0.000044,0.000041,0.000035,0.000041,0.000048,0.000053,0.000009,0.000018,0.000079,0.000108
692,,,,,,,,,,,,,0.000124,0.000009,0.000157,0.000239,0.000300,0.000339,0.000269,0.000224,0.000193,0.000155,0.000113,0.000096,0.000068,0.000060,0.000048,0.000047,0.000047,0.000034,0.000024,0.000021,0.000084,0.000103,0.000057,0.000115,0.000029,0.000016,0.000034,0.000135,0.000121,0.000123,0.000084,0.000060,0.000057,0.000052,0.000011,0.000013,0.000056,0.000132
693,,,,,,,,,,,,,0.000308,0.000004,0.000054,0.000066,0.000066,0.000087,0.000127,0.000220,0.000466,0.000598,0.000600,0.000633,0.000562,0.000412,0.000297,0.000212,0.000159,0.000136,0.000099,0.000027,0.000067,0.000038,0.000027,0.000078,0.000018,0.000006,0.000008,0.000029,0.000029,0.000043,0.000037,0.000032,0.000034,0.000039,0.000006,0.000017,0.000048,0.000041
694,,,,,,,,,,,,,0.000051,0.000003,0.000054,0.000099,0.000154,0.000259,0.000380,0.000413,0.000510,0.000485,0.000387,0.000308,0.000247,0.000198,0.000190,0.000144,0.000110,0.000100,0.000081,0.000028,0.000070,0.000041,0.000032,0.000039,0.000017,0.000007,0.000009,0.000022,0.000034,0.000038,0.000030,0.000033,0.000031,0.000040,0.000008,0.000018,0.000042,0.000057
695,,,,,,,,,,,,,0.000185,0.000003,0.000050,0.000069,0.000084,0.000102,0.000112,0.000106,0.000141,0.000118,0.000113,0.000101,0.000096,0.000088,0.000097,0.000086,0.000078,0.000068,0.000053,0.000019,0.000032,0.000027,0.000028,0.000113,0.000022,0.000007,0.000012,0.000032,0.000040,0.000054,0.000039,0.000039,0.000030,0.000032,0.000004,0.000013,0.000042,0.000048
696,,,,,,,,,,,,,0.000648,0.000024,0.000400,0.000387,0.000351,0.000366,0.000349,0.000259,0.000330,0.000302,0.000299,0.000246,0.000214,0.000161,0.000127,0.000098,0.000090,0.000095,0.000069,0.000041,0.000061,0.000077,0.000044,0.000057,0.000016,0.000007,0.000010,0.000051,0.000053,0.000057,0.000053,0.000055,0.000034,0.000038,0.000012,0.000021,0.000071,0.000061
697,,,,,,,,,,,,,0.000994,0.000005,0.000068,0.000096,0.000136,0.000215,0.000228,0.000213,0.000238,0.000254,0.000218,0.000216,0.000175,0.000163,0.000180,0.000186,0.000190,0.000193,0.000230,0.000086,0.000425,0.000189,0.000094,0.000127,0.000021,0.000006,0.000008,0.000051,0.000071,0.000091,0.000099,0.000095,0.000076,0.000060,0.000008,0.000016,0.000037,0.000047
698,,,,,,,,,,,,,0.000268,0.000009,0.000219,0.000331,0.000267,0.000229,0.000177,0.000144,0.000152,0.000194,0.000201,0.000191,0.000167,0.000120,0.000114,0.000084,0.000070,0.000068,0.000078,0.000033,0.000062,0.000044,0.000028,0.000052,0.000013,0.000007,0.000011,0.000047,0.000078,0.000109,0.000056,0.000044,0.000037,0.000032,0.000007,0.000019,0.000062,0.000098
699,,,,,,,,,,,,,0.001232,0.000010,0.000104,0.000099,0.000097,0.000129,0.000149,0.000116,0.000103,0.000101,0.000100,0.000095,0.000099,0.000094,0.000092,0.000095,0.000094,0.000121,0.000100,0.000036,0.000065,0.000047,0.000035,0.000041,0.000018,0.000008,0.000010,0.000034,0.000035,0.000058,0.000049,0.000049,0.000037,0.000036,0.000012,0.000073,0.000378,0.000287
700,,,,,,,,,,,,,0.000470,0.000003,0.000056,0.000059,0.000087,0.000175,0.000260,0.000349,0.000510,0.000486,0.000416,0.000403,0.000448,0.000330,0.000332,0.000264,0.000213,0.000117,0.000094,0.000034,0.000069,0.000034,0.000023,0.000040,0.000014,0.000005,0.000007,0.000034,0.000044,0.000045,0.000032,0.000039,0.000035,0.000038,0.000006,0.000014,0.000043,0.000047
701,,,,,,,,,,,,,0.001020,0.000006,0.000154,0.000329,0.000491,0.000663,0.000676,0.000453,0.000454,0.000360,0.000282,0.000264,0.000250,0.000209,0.000168,0.000124,0.000126,0.000108,0.000102,0.000034,0.000075,0.000054,0.000037,0.000057,0.000017,0.000006,0.000010,0.000043,0.000048,0.000066,0.000067,0.000067,0.000045,0.000034,0.000004,0.000012,0.000069,0.000074
702,,,,,,,,,,,,,0.001862,0.000003,0.000044,0.000040,0.000051,0.000058,0.000074,0.000053,0.000053,0.000044,0.000037,0.000051,0.000056,0.000041,0.000059,0.000049,0.000051,0.000057,0.000064,0.000031,0.000056,0.000034,0.000035,0.000104,0.000033,0.000024,0.000035,0.000054,0.000068,0.000096,0.000120,0.000125,0.000142,0.000184,0.000017,0.000033,0.000051,0.000087
703,,,,,,,,,,,,,0.001107,0.000005,0.000078,0.000101,0.000117,0.000136,0.000133,0.000102,0.000132,0.000128,0.000111,0.000117,0.000119,0.000132,0.000160,0.000134,0.000111,0.000107,0.000087,0.000034,0.000208,0.000113,0.000055,0.000095,0.000020,0.000005,0.000017,0.000032,0.000033,0.000039,0.000027,0.000026,0.000028,0.000026,0.000004,0.000014,0.000059,0.000073
704,,,,,,,,,,,,,0.000251,0.000003,0.000048,0.000082,0.000092,0.000098,0.000095,0.000080,0.000090,0.000094,0.000073,0.000062,0.000080,0.000082,0.000068,0.000056,0.000059,0.000111,0.000141,0.000073,0.000194,0.000081,0.000046,0.000095,0.000017,0.000007,0.000005,0.000016,0.000027,0.000033,0.000042,0.000026,0.000021,0.000017,0.000008,0.000018,0.000049,0.000060
705,,,,,,,,,,,,,0.000202,0.000012,0.000224,0.000339,0.000383,0.000457,0.000465,0.000414,0.000497,0.000530,0.000557,0.000701,0.000813,0.000822,0.000800,0.000757,0.000703,0.000615,0.000549,0.000114,0.000410,0.000148,0.000085,0.000200,0.000027,0.000008,0.000010,0.000057,0.000075,0.000105,0.000077,0.000073,0.000059,0.000046,0.000004,0.000012,0.000079,0.000090
706,,,,,,,,,,,,,0.000165,0.000010,0.000075,0.000092,0.000107,0.000095,0.000084,0.000062,0.000074,0.000066,0.000051,0.000072,0.000081,0.000072,0.000068,0.000076,0.000081,0.000103,0.000117,0.000177,0.000115,0.000049,0.000038,0.000062,0.000026,0.000014,0.000022,0.000081,0.000062,0.000051,0.000056,0.000055,0.000072,0.000075,0.000011,0.000028,0.000153,0.000167
707,,,,,,,,,,,,,0.000354,0.000003,0.000049,0.000059,0.000071,0.000075,0.000084,0.000061,0.000059,0.000067,0.000069,0.000055,0.000050,0.000058,0.000069,0.000065,0.000069,0.000086,0.000099,0.000023,0.000081,0.000045,0.000032,0.000061,0.000016,0.000013,0.000008,0.000031,0.000051,0.000082,0.000036,0.000032,0.000023,0.000033,0.000005,0.000012,0.000041,0.000042
708,,,,,,,,,,,,,-0.000025,0.000002,0.000017,0.000027,0.000032,0.000039,0.000041,0.000041,0.000052,0.000041,0.000045,0.000054,0.000065,0.000053,0.000048,0.000045,0.000056,0.000063,0.000049,0.000025,0.000102,0.000057,0.000053,0.000082,0.000017,0.000014,0.000023,0.000099,0.000093,0.000093,0.000123,0.000085,0.000067,0.000077,0.000008,0.000020,0.000047,0.000039
709,,,,,,,,,,,,,0.000376,0.000017,0.000177,0.000239,0.000238,0.000245,0.000232,0.000185,0.000215,0.000194,0.000167,0.000179,0.000191,0.000172,0.000149,0.000122,0.000121,0.000127,0.000114,0.000033,0.000100,0.000052,0.000031,0.000064,0.000016,0.000006,0.000007,0.000035,0.000051,0.000070,0.000048,0.000047,0.000044,0.000043,0.000006,0.000027,0.000223,0.000317
710,,,,,,,,,,,,,0.000910,0.000006,0.000158,0.000324,0.000406,0.000336,0.000275,0.000184,0.000235,0.000221,0.000164,0.000126,0.000132,0.000117,0.000098,0.000085,0.000086,0.000069,0.000078,0.000027,0.000084,0.000087,0.000048,0.000068,0.000019,0.000007,0.000012,0.000053,0.000055,0.000050,0.000034,0.000042,0.000034,0.000033,0.000008,0.000022,0.000109,0.000082
711,,,,,,,,,,,,,0.000486,0.000004,0.000069,0.000095,0.000091,0.000122,0.000191,0.000204,0.000182,0.000191,0.000144,0.000105,0.000076,0.000050,0.000041,0.000031,0.000053,0.000069,0.000084,0.000030,0.000085,0.000065,0.000033,0.000033,0.000018,0.000015,0.000034,0.000150,0.000138,0.000169,0.000104,0.000075,0.000064,0.000039,0.000009,0.000018,0.000054,0.000081
712,,,,,,,,,,,,,0.000157,0.000011,0.000147,0.000277,0.000452,0.000602,0.000639,0.000506,0.000504,0.000416,0.000333,0.000321,0.000319,0.000290,0.000295,0.000272,0.000260,0.000272,0.000301,0.000112,0.000380,0.000151,0.000093,0.000223,0.000039,0.000008,0.000010,0.000061,0.000074,0.000111,0.000101,0.000098,0.000077,0.000062,0.000004,0.000020,0.000108,0.000133
713,,,,,,,,,,,,,0.000834,0.000004,0.000070,0.000125,0.000200,0.000196,0.000174,0.000108,0.000112,0.000090,0.000063,0.000064,0.000072,0.000065,0.000062,0.000056,0.000050,0.000073,0.000064,0.000022,0.000056,0.000029,0.000019,0.000029,0.000010,0.000006,0.000005,0.000011,0.000025,0.000036,0.000054,0.000036,0.000028,0.000030,0.000011,0.000023,0.000102,0.000097
714,,,,,,,,,,,,,0.000133,0.000004,0.000064,0.000156,0.000367,0.000414,0.000352,0.000196,0.000174,0.000134,0.000098,0.000093,0.000109,0.000109,0.000107,0.000089,0.000102,0.000097,0.000084,0.000035,0.000075,0.000071,0.000058,0.000064,0.000018,0.000010,0.000011,0.000072,0.000168,0.000189,0.000123,0.000147,0.000145,0.000101,0.000010,0.000023,0.000077,0.000101
715,,,,,,,,,,,,,0.001313,0.000005,0.000066,0.000084,0.000083,0.000088,0.000099,0.000094,0.000108,0.000117,0.000087,0.000097,0.000103,0.000115,0.000126,0.000124,0.000131,0.000153,0.000129,0.000032,0.000096,0.000048,0.000040,0.000068,0.000020,0.000007,0.000017,0.000040,0.000037,0.000053,0.000049,0.000066,0.000107,0.000047,0.000007,0.000018,0.000065,0.000068
716,,,,,,,,,,,,,0.002237,0.000005,0.000091,0.000140,0.000161,0.000164,0.000153,0.000129,0.000143,0.000117,0.000115,0.000103,0.000101,0.000070,0.000079,0.000066,0.000061,0.000069,0.000063,0.000025,0.000090,0.000072,0.000038,0.000066,0.000021,0.000006,0.000010,0.000039,0.000036,0.000052,0.000045,0.000045,0.000042,0.000039,0.000006,0.000019,0.000087,0.000115
717,,,,,,,,,,,,,0.000692,0.000006,0.000084,0.000108,0.000107,0.000110,0.000130,0.000106,0.000106,0.000093,0.000075,0.000069,0.000069,0.000076,0.000070,0.000058,0.000050,0.000060,0.000054,0.000020,0.000055,0.000048,0.000029,0.000050,0.000014,0.000008,0.000016,0.000131,0.000226,0.000358,0.000251,0.000185,0.000110,0.000071,0.000007,0.000018,0.000053,0.000055
718,,,,,,,,,,,,,0.001013,0.000005,0.000078,0.000091,0.000115,0.000145,0.000216,0.000160,0.000129,0.000111,0.000063,0.000058,0.000066,0.000034,0.000031,0.000023,0.000020,0.000024,0.000031,0.000019,0.000037,0.000040,0.000036,0.000084,0.000021,0.000015,0.000023,0.000075,0.000061,0.000065,0.000041,0.000039,0.000041,0.000038,0.000011,0.000017,0.000054,0.000066
719,,,,,,,,,,,,,0.000545,0.000006,0.000103,0.000134,0.000142,0.000147,0.000139,0.000105,0.000106,0.000087,0.000056,0.000046,0.000054,0.000062,0.000084,0.000107,0.000217,0.000168,0.000127,0.000040,0.000113,0.000046,0.000030,0.000049,0.000015,0.000006,0.000009,0.000051,0.000061,0.000063,0.000033,0.000034,0.000023,0.000028,0.000006,0.000014,0.000049,0.000073
720,,,,,,,,,,,,,0.000572,0.000002,0.000012,0.000021,0.000054,0.000063,0.000067,0.000068,0.000073,0.000069,0.000057,0.000061,0.000068,0.000059,0.000050,0.000046,0.000033,0.000042,0.000037,0.000030,0.000066,0.000040,0.000037,0.000098,0.000028,0.000011,0.000018,0.000144,0.000120,0.000134,0.000084,0.000063,0.000051,0.000048,0.000007,0.000016,0.000067,0.000057
721,,,,,,,,,,,,,0.001593,0.000006,0.000092,0.000110,0.000093,0.000110,0.000131,0.000122,0.000144,0.000134,0.000133,0.000133,0.000141,0.000114,0.000103,0.000088,0.000080,0.000116,0.000165,0.000062,0.000241,0.000106,0.000071,0.000147,0.000033,0.000008,0.000008,0.000046,0.000066,0.000086,0.000060,0.000059,0.000058,0.000052,0.000009,0.000015,0.000075,0.000096
722,,,,,,,,,,,,,0.000710,0.000004,0.000059,0.000072,0.000085,0.000090,0.000091,0.000068,0.000076,0.000068,0.000058,0.000058,0.000061,0.000066,0.000062,0.000053,0.000045,0.000042,0.000036,0.000015,0.000035,0.000028,0.000023,0.000046,0.000037,0.000006,0.000007,0.000025,0.000018,0.000016,0.000019,0.000026,0.000025,0.000012,0.000007,0.000020,0.000050,0.000047
723,,,,,,,,,,,,,0.000275,0.000005,0.000050,0.000068,0.000078,0.000100,0.000138,0.000310,0.000256,0.000289,0.000202,0.000163,0.000132,0.000120,0.000104,0.000091,0.000077,0.000081,0.000076,0.000044,0.000115,0.000053,0.000035,0.000064,0.000022,0.000009,0.000013,0.000040,0.000045,0.000047,0.000040,0.000039,0.000046,0.000038,0.000010,0.000026,0.000090,0.000095
724,,,,,,,,,,,,,0.000264,0.000003,0.000044,0.000050,0.000055,0.000113,0.000211,0.000234,0.000312,0.000328,0.000322,0.000302,0.000295,0.000238,0.000220,0.000202,0.000196,0.000212,0.000184,0.000058,0.000192,0.000145,0.000103,0.000151,0.000027,0.000019,0.000019,0.000085,0.000110,0.000085,0.000091,0.000081,0.000074,0.000067,0.000012,0.000023,0.000049,0.000053
725,,,,,,,,,,,,,0.000258,0.000007,0.000089,0.000114,0.000131,0.000163,0.000176,0.000148,0.000169,0.000145,0.000140,0.000125,0.000117,0.000095,0.000070,0.000063,0.000051,0.000061,0.000061,0.000021,0.000071,0.000039,0.000036,0.000066,0.000028,0.000008,0.000010,0.000040,0.000053,0.000068,0.000081,0.000146,0.000173,0.000137,0.000009,0.000024,0.000119,0.000131
726,,,,,,,,,,,,,0.000864,0.000006,0.000081,0.000118,0.000122,0.000138,0.000122,0.000108,0.000112,0.000090,0.000062,0.000066,0.000064,0.000048,0.000043,0.000038,0.000044,0.000044,0.000049,0.000074,0.000104,0.000081,0.000065,0.000160,0.000043,0.000014,0.000022,0.000187,0.000236,0.000277,0.000203,0.000185,0.000159,0.000128,0.000018,0.000033,0.000095,0.000112
727,,,,,,,,,,,,,0.000131,0.000002,0.000033,0.000050,0.000057,0.000063,0.000062,0.000048,0.000057,0.000070,0.000091,0.000116,0.000122,0.000141,0.000170,0.000176,0.000187,0.000189,0.000169,0.000042,0.000098,0.000050,0.000040,0.000072,0.000017,0.000010,0.000010,0.000038,0.000037,0.000047,0.000042,0.000041,0.000039,0.000045,0.000006,0.000009,0.000038,0.000045
728,,,,,,,,,,,,,-0.000001,0.000005,0.000106,0.000111,0.000115,0.000145,0.000090,0.000071,0.000074,0.000094,0.000082,0.000070,0.000093,0.000171,0.000188,0.000156,0.000123,0.000132,0.000132,0.000111,0.000212,0.000180,0.000127,0.000194,0.000049,0.000020,0.000025,0.000065,0.000069,0.000066,0.000056,0.000043,0.000069,0.000062,0.000012,0.000028,0.000136,0.000282
729,,,,,,,,,,,,,0.001538,0.000005,0.000060,0.000080,0.000077,0.000090,0.000105,0.000163,0.000243,0.000293,0.000403,0.000377,0.000430,0.000358,0.000314,0.000288,0.000262,0.000249,0.000179,0.000053,0.000144,0.000082,0.000051,0.000068,0.000017,0.000010,0.000014,0.000037,0.000037,0.000039,0.000044,0.000039,0.000042,0.000026,0.000008,0.000028,0.000126,0.000119
730,,,,,,,,,,,,,0.000053,0.000004,0.000056,0.000079,0.000091,0.000098,0.000103,0.000088,0.000102,0.000115,0.000119,0.000120,0.000126,0.000101,0.000074,0.000076,0.000071,0.000071,0.000072,0.000035,0.000076,0.000066,0.000087,0.000273,0.000033,0.000007,0.000008,0.000028,0.000035,0.000036,0.000037,0.000041,0.000027,0.000026,0.000006,0.000015,0.000050,0.000046
731,,,,,,,,,,,,,0.000642,0.000002,0.000026,0.000045,0.000089,0.000198,0.000301,0.000405,0.000543,0.000602,0.000580,0.000514,0.000497,0.000354,0.000289,0.000244,0.000215,0.000211,0.000172,0.000056,0.000086,0.000045,0.000032,0.000067,0.000024,0.000010,0.000014,0.000036,0.000040,0.000039,0.000030,0.000026,0.000021,0.000026,0.000009,0.000023,0.000046,0.000054
732,,,,,,,,,,,,,0.000387,0.000006,0.000079,0.000083,0.000069,0.000070,0.000101,0.000101,0.000120,0.000113,0.000102,0.000088,0.000103,0.000093,0.000096,0.000086,0.000099,0.000095,0.000106,0.000056,0.000162,0.000073,0.000052,0.000079,0.000020,0.000009,0.000009,0.000041,0.000066,0.000085,0.000064,0.000067,0.000086,0.000145,0.000022,0.000051,0.000118,0.000113
733,,,,,,,,,,,,,0.000422,0.000004,0.000060,0.000083,0.000112,0.000119,0.000119,0.000097,0.000091,0.000081,0.000068,0.000070,0.000089,0.000107,0.000209,0.000282,0.000313,0.000296,0.000271,0.000063,0.000187,0.000071,0.000048,0.000065,0.000020,0.000012,0.000014,0.000047,0.000048,0.000048,0.000043,0.000038,0.000041,0.000036,0.000009,0.000020,0.000063,0.000080
734,,,,,,,,,,,,,-0.000007,0.000013,0.000246,0.000284,0.000289,0.000296,0.000291,0.000232,0.000262,0.000231,0.000202,0.000197,0.000205,0.000192,0.000187,0.000170,0.000137,0.000121,0.000100,0.000037,0.000114,0.000063,0.000031,0.000067,0.000018,0.000005,0.000007,0.000043,0.000046,0.000060,0.000052,0.000049,0.000045,0.000034,0.000005,0.000015,0.000078,0.000094
735,,,,,,,,,,,,,0.001026,0.000008,0.000121,0.000181,0.000206,0.000230,0.000211,0.000171,0.000192,0.000171,0.000144,0.000133,0.000144,0.000125,0.000110,0.000090,0.000094,0.000101,0.000083,0.000029,0.000078,0.000044,0.000043,0.000168,0.000037,0.000011,0.000019,0.000136,0.000096,0.000106,0.000060,0.000049,0.000042,0.000040,0.000004,0.000016,0.000069,0.000076
736,,,,,,,,,,,,,0.000778,0.000005,0.000080,0.000100,0.000130,0.000280,0.000346,0.000198,0.000189,0.000126,0.000113,0.000094,0.000086,0.000061,0.000067,0.000065,0.000078,0.000083,0.000077,0.000039,0.000068,0.000036,0.000030,0.000035,0.000018,0.000008,0.000010,0.000037,0.000039,0.000039,0.000037,0.000035,0.000035,0.000029,0.000008,0.000024,0.000090,0.000086
737,,,,,,,,,,,,,0.001515,0.000007,0.000065,0.000052,0.000073,0.000092,0.000123,0.000095,0.000094,0.000092,0.000093,0.000069,0.000070,0.000078,0.000066,0.000061,0.000055,0.000068,0.000077,0.000050,0.000072,0.000045,0.000034,0.000055,0.000016,0.000015,0.000019,0.000064,0.000057,0.000051,0.000044,0.000049,0.000048,0.000052,0.000020,0.000036,0.000252,0.000153
738,,,,,,,,,,,,,0.000086,0.000007,0.000108,0.000224,0.000507,0.000715,0.000598,0.000409,0.000403,0.000329,0.000240,0.000199,0.000154,0.000124,0.000101,0.000090,0.000085,0.000094,0.000106,0.000039,0.000081,0.000051,0.000038,0.000076,0.000022,0.000007,0.000010,0.000044,0.000052,0.000073,0.000050,0.000050,0.000051,0.000048,0.000007,0.000021,0.000064,0.000059
739,,,,,,,,,,,,,0.000113,0.000003,0.000050,0.000058,0.000054,0.000051,0.000049,0.000050,0.000057,0.000061,0.000048,0.000066,0.000090,0.000077,0.000081,0.000069,0.000065,0.000060,0.000059,0.000028,0.000083,0.000040,0.000033,0.000053,0.000015,0.000005,0.000007,0.000026,0.000054,0.000059,0.000082,0.000125,0.000153,0.000168,0.000013,0.000019,0.000047,0.000041
740,,,,,,,,,,,,,-0.000082,0.000026,0.000335,0.000389,0.000315,0.000304,0.000308,0.000242,0.000284,0.000280,0.000261,0.000288,0.000325,0.000291,0.000277,0.000254,0.000266,0.000285,0.000321,0.000108,0.000263,0.000095,0.000058,0.000146,0.000054,0.000007,0.000011,0.000041,0.000056,0.000089,0.000073,0.000076,0.000083,0.000082,0.000007,0.000028,0.000239,0.000309
741,,,,,,,,,,,,,0.001039,0.000005,0.000078,0.000090,0.000074,0.000079,0.000075,0.000071,0.000070,0.000076,0.000062,0.000064,0.000141,0.000175,0.000210,0.000210,0.000207,0.000184,0.000160,0.000042,0.000073,0.000042,0.000035,0.000065,0.000021,0.000011,0.000029,0.000176,0.000192,0.000170,0.000117,0.000096,0.000069,0.000063,0.000013,0.000028,0.000074,0.000078
742,,,,,,,,,,,,,0.000270,0.000009,0.000074,0.000071,0.000089,0.000126,0.000146,0.000141,0.000131,0.000126,0.000103,0.000083,0.000073,0.000069,0.000082,0.000066,0.000069,0.000078,0.000061,0.000023,0.000040,0.000044,0.000031,0.000041,0.000015,0.000009,0.000009,0.000038,0.000035,0.000056,0.000038,0.000040,0.000042,0.000040,0.000007,0.000010,0.000046,0.000076
743,,,,,,,,,,,,,0.000942,0.000004,0.000036,0.000043,0.000049,0.000063,0.000068,0.000060,0.000063,0.000076,0.000061,0.000051,0.000053,0.000039,0.000034,0.000036,0.000037,0.000036,0.000029,0.000017,0.000043,0.000033,0.000027,0.000035,0.000013,0.000007,0.000009,0.000025,0.000029,0.000037,0.000030,0.000035,0.000045,0.000056,0.000009,0.000025,0.000075,0.000074
744,,,,,,,,,,,,,0.000550,0.000007,0.000107,0.000191,0.000261,0.000257,0.000235,0.000179,0.000169,0.000136,0.000129,0.000127,0.000123,0.000093,0.000122,0.000109,0.000090,0.000087,0.000073,0.000037,0.000138,0.000074,0.000039,0.000131,0.000022,0.000007,0.000009,0.000036,0.000048,0.000062,0.000047,0.000039,0.000041,0.000025,0.000008,0.000023,0.000166,0.000193
745,,,,,,,,,,,,,0.003755,0.000006,0.000097,0.000111,0.000097,0.000080,0.000133,0.000080,0.000057,0.000040,0.000025,0.000012,0.000019,0.000021,0.000042,0.000046,0.000052,0.000060,0.000076,0.000083,0.000097,0.000091,0.000065,0.000081,0.000027,0.000016,0.000027,0.000156,0.000207,0.000230,0.000131,0.000105,0.000075,0.000062,0.000020,0.000050,0.000119,0.000087
746,,,,,,,,,,,,,0.000296,0.000009,0.000122,0.000225,0.000322,0.000370,0.000353,0.000251,0.000229,0.000157,0.000125,0.000121,0.000140,0.000139,0.000129,0.000142,0.000125,0.000102,0.000085,0.000040,0.000086,0.000081,0.000065,0.000145,0.000029,0.000010,0.000012,0.000024,0.000032,0.000053,0.000031,0.000034,0.000030,0.000024,0.000004,0.000007,0.000020,0.000050
747,,,,,,,,,,,,,0.000191,0.000010,0.000143,0.000189,0.000200,0.000228,0.000233,0.000160,0.000158,0.000154,0.000137,0.000153,0.000156,0.000140,0.000133,0.000114,0.000111,0.000110,0.000093,0.000034,0.000110,0.000064,0.000037,0.000069,0.000017,0.000005,0.000006,0.000040,0.000040,0.000050,0.000037,0.000031,0.000022,0.000027,0.000004,0.000017,0.000135,0.000165
748,,,,,,,,,,,,,0.000735,0.000005,0.000075,0.000088,0.000082,0.000092,0.000136,0.000119,0.000123,0.000098,0.000069,0.000057,0.000054,0.000055,0.000065,0.000057,0.000074,0.000061,0.000070,0.000044,0.000087,0.000059,0.000040,0.000080,0.000052,0.000010,0.000012,0.000042,0.000070,0.000115,0.000133,0.000134,0.000131,0.000120,0.000012,0.000026,0.000083,0.000076
749,,,,,,,,,,,,,0.001673,0.000007,0.000072,0.000079,0.000086,0.000109,0.000135,0.000111,0.000117,0.000094,0.000081,0.000043,0.000050,0.000027,0.000029,0.000034,0.000074,0.000094,0.000088,0.000031,0.000086,0.000040,0.000027,0.000043,0.000019,0.000012,0.000013,0.000027,0.000071,0.000047,0.000060,0.000057,0.000042,0.000052,0.000012,0.000029,0.000199,0.000222
750,,,,,,,,,,,,,0.000741,0.000005,0.000095,0.000119,0.000137,0.000171,0.000229,0.000165,0.000146,0.000129,0.000105,0.000104,0.000122,0.000100,0.000098,0.000102,0.000107,0.000122,0.000141,0.000078,0.000175,0.000081,0.000042,0.000070,0.000014,0.000007,0.000013,0.000075,0.000055,0.000054,0.000051,0.000032,0.000018,0.000050,0.000007,0.000020,0.000094,0.000112
751,,,,,,,,,,,,,0.000440,0.000006,0.000273,0.000157,0.000146,0.000211,0.000273,0.000396,0.000351,0.000244,0.000159,0.000131,0.000114,0.000108,0.000109,0.000094,0.000083,0.000077,0.000070,0.000024,0.000070,0.000050,0.000037,0.000033,0.000036,0.000013,0.000013,0.000065,0.000098,0.000073,0.000046,0.000050,0.000044,0.000034,0.000011,0.000026,0.000110,0.000197
752,,,,,,,,,,,,,0.000155,0.000009,0.000096,0.000142,0.000150,0.000159,0.000138,0.000131,0.000153,0.000170,0.000216,0.000141,0.000155,0.000137,0.000122,0.000075,0.000056,0.000030,0.000026,0.000025,0.000171,0.000172,0.000117,0.000211,0.000022,0.000011,0.000013,0.000031,0.000043,0.000051,0.000040,0.000089,0.000053,0.000046,0.000006,0.000020,0.000146,0.000179
753,,,,,,,,,,,,,0.000406,0.000017,0.000457,0.000755,0.000648,0.000568,0.000407,0.000278,0.000260,0.000158,0.000119,0.000091,0.000083,0.000067,0.000086,0.000121,0.000165,0.000186,0.000169,0.000057,0.000117,0.000084,0.000056,0.000110,0.000034,0.000022,0.000039,0.000137,0.000140,0.000199,0.000166,0.000133,0.000101,0.000083,0.000008,0.000036,0.000234,0.000261
754,,,,,,,,,,,,,0.000218,0.000002,0.000043,0.000052,0.000076,0.000101,0.000093,0.000074,0.000097,0.000098,0.000090,0.000085,0.000100,0.000081,0.000063,0.000066,0.000056,0.000032,0.000033,0.000022,0.000043,0.000111,0.000068,0.000177,0.000053,0.000028,0.000060,0.000303,0.000285,0.000297,0.000197,0.000147,0.000126,0.000097,0.000006,0.000020,0.000055,0.000056
755,,,,,,,,,,,,,0.002230,0.000004,0.000060,0.000075,0.000090,0.000098,0.000082,0.000063,0.000090,0.000091,0.000093,0.000084,0.000089,0.000090,0.000086,0.000055,0.000056,0.000047,0.000061,0.000030,0.000059,0.000039,0.000023,0.000037,0.000013,0.000009,0.000011,0.000038,0.000029,0.000051,0.000045,0.000040,0.000031,0.000024,0.000013,0.000021,0.000063,0.000061
756,,,,,,,,,,,,,-0.000031,0.000005,0.000084,0.000100,0.000106,0.000127,0.000143,0.000140,0.000163,0.000130,0.000103,0.000106,0.000127,0.000098,0.000093,0.000091,0.000076,0.000050,0.000047,0.000020,0.000111,0.000067,0.000038,0.000087,0.000035,0.000009,0.000017,0.000106,0.000132,0.000200,0.000118,0.000083,0.000068,0.000048,0.000007,0.000011,0.000058,0.000047
757,,,,,,,,,,,,,0.000754,0.000005,0.000063,0.000076,0.000062,0.000065,0.000094,0.000092,0.000100,0.000349,0.000274,0.000104,0.000105,0.000090,0.000093,0.000080,0.000072,0.000079,0.000059,0.000041,0.000069,0.000036,0.000029,0.000048,0.000025,0.000011,0.000023,0.000110,0.000136,0.000161,0.000121,0.000094,0.000066,0.000103,0.000010,0.000025,0.000075,0.000070
758,,,,,,,,,,,,,-0.000009,0.000005,0.000036,0.000064,0.000086,0.000067,0.000069,0.000064,0.000084,0.000078,0.000065,0.000059,0.000068,0.000067,0.000082,0.000069,0.000049,0.000053,0.000053,0.000026,0.000033,0.000028,0.000021,0.000031,0.000013,0.000006,0.000011,0.000085,0.000089,0.000099,0.000057,0.000045,0.000034,0.000027,0.000006,0.000015,0.000089,0.000099
759,,,,,,,,,,,,,0.000231,0.000008,0.000118,0.000144,0.000137,0.000129,0.000107,0.000092,0.000113,0.000119,0.000105,0.000096,0.000078,0.000065,0.000101,0.000086,0.000070,0.000079,0.000078,0.000030,0.000085,0.000047,0.000041,0.000069,0.000026,0.000008,0.000011,0.000065,0.000071,0.000071,0.000046,0.000039,0.000036,0.000032,0.000006,0.000017,0.000043,0.000057
760,,,,,,,,,,,,,0.000805,0.000012,0.000117,0.000148,0.000199,0.000215,0.000168,0.000133,0.000144,0.000134,0.000116,0.000096,0.000087,0.000078,0.000087,0.000092,0.000102,0.000106,0.000137,0.000056,0.000264,0.000111,0.000065,0.000159,0.000031,0.000015,0.000016,0.000065,0.000144,0.000133,0.000090,0.000081,0.000068,0.000064,0.000007,0.000014,0.000061,0.000088
761,,,,,,,,,,,,,0.000562,0.000003,0.000036,0.000044,0.000065,0.000072,0.000071,0.000061,0.000063,0.000074,0.000076,0.000063,0.000066,0.000050,0.000043,0.000030,0.000057,0.000132,0.000126,0.000037,0.000079,0.000033,0.000030,0.000075,0.000019,0.000010,0.000013,0.000035,0.000042,0.000046,0.000030,0.000026,0.000010,0.000017,0.000016,0.000024,0.000070,0.000078
762,,,,,,,,,,,,,0.001433,0.000006,0.000135,0.000192,0.000224,0.000266,0.000287,0.000248,0.000266,0.000254,0.000228,0.000272,0.000261,0.000230,0.000215,0.000233,0.000253,0.000293,0.000383,0.000144,0.000461,0.000170,0.000085,0.000185,0.000032,0.000008,0.000010,0.000062,0.000054,0.000081,0.000063,0.000071,0.000048,0.000035,0.000006,0.000013,0.000031,0.000055
763,,,,,,,,,,,,,0.000303,0.000003,0.000043,0.000074,0.000123,0.000183,0.000180,0.000137,0.000115,0.000104,0.000089,0.000092,0.000103,0.000084,0.000079,0.000074,0.000073,0.000058,0.000069,0.000036,0.000074,0.000036,0.000024,0.000044,0.000013,0.000006,0.000014,0.000090,0.000074,0.000092,0.000062,0.000043,0.000033,0.000030,0.000005,0.000010,0.000038,0.000046
764,,,,,,,,,,,,,0.007112,0.000004,0.000095,0.000082,0.000099,0.000131,0.000115,0.000103,0.000118,0.000099,0.000104,0.000107,0.000144,0.000148,0.000155,0.000154,0.000138,0.000138,0.000151,0.000055,0.000140,0.000062,0.000044,0.000079,0.000047,0.000007,0.000009,0.000042,0.000057,0.000050,0.000027,0.000022,0.000022,0.000025,0.000007,0.000015,0.000055,0.000084
765,,,,,,,,,,,,,0.001570,0.000008,0.000138,0.000151,0.000151,0.000170,0.000145,0.000121,0.000156,0.000202,0.000220,0.000225,0.000314,0.000370,0.000391,0.000389,0.000389,0.000345,0.000277,0.000058,0.000169,0.000092,0.000069,0.000129,0.000022,0.000008,0.000011,0.000041,0.000044,0.000053,0.000050,0.000045,0.000031,0.000036,0.000007,0.000016,0.000043,0.000063
766,,,,,,,,,,,,,0.000091,0.000004,0.000051,0.000070,0.000085,0.000098,0.000126,0.000157,0.000212,0.000229,0.000230,0.000241,0.000253,0.000227,0.000191,0.000157,0.000144,0.000144,0.000125,0.000041,0.000087,0.000047,0.000023,0.000037,0.000018,0.000006,0.000010,0.000075,0.000103,0.000124,0.000077,0.000089,0.000109,0.000135,0.000015,0.000030,0.000141,0.000080
767,,,,,,,,,,,,,0.000519,0.000002,0.000021,0.000053,0.000137,0.000257,0.000337,0.000296,0.000272,0.000227,0.000165,0.000153,0.000207,0.000224,0.000245,0.000205,0.000189,0.000188,0.000163,0.000039,0.000120,0.000044,0.000027,0.000041,0.000012,0.000004,0.000011,0.000062,0.000133,0.000234,0.000207,0.000174,0.000108,0.000071,0.000006,0.000019,0.000041,0.000035
768,,,,,,,,,,,,,0.000916,0.000002,0.000032,0.000030,0.000025,0.000036,0.000052,0.000050,0.000073,0.000098,0.000115,0.000117,0.000141,0.000121,0.000103,0.000081,0.000066,0.000059,0.000055,0.000024,0.000053,0.000024,0.000022,0.000053,0.000018,0.000007,0.000009,0.000047,0.000052,0.000043,0.000038,0.000032,0.000027,0.000031,0.000007,0.000012,0.000031,0.000036
769,,,,,,,,,,,,,0.000874,0.000009,0.000150,0.000253,0.000280,0.000251,0.000218,0.000160,0.000210,0.000217,0.000187,0.000165,0.000164,0.000139,0.000129,0.000140,0.000119,0.000125,0.000088,0.000023,0.000072,0.000057,0.000045,0.000147,0.000051,0.000008,0.000010,0.000045,0.000057,0.000066,0.000063,0.000079,0.000066,0.000051,0.000005,0.000014,0.000065,0.000093
770,,,,,,,,,,,,,0.001635,0.000002,0.000027,0.000025,0.000024,0.000031,0.000026,0.000032,0.000036,0.000039,0.000034,0.000031,0.000046,0.000046,0.000076,0.000080,0.000086,0.000095,0.000085,0.000053,0.000054,0.000020,0.000018,0.000061,0.000021,0.000016,0.000030,0.000062,0.000042,0.000046,0.000043,0.000033,0.000088,0.000049,0.000012,0.000026,0.000041,0.000056
771,,,,,,,,,,,,,0.000614,0.000011,0.000147,0.000187,0.000202,0.000185,0.000156,0.000103,0.000107,0.000091,0.000072,0.000075,0.000090,0.000082,0.000086,0.000105,0.000178,0.000309,0.000444,0.000129,0.000423,0.000115,0.000054,0.000108,0.000019,0.000005,0.000007,0.000046,0.000095,0.000192,0.000174,0.000186,0.000206,0.000239,0.000020,0.000036,0.000142,0.000174
772,,,,,,,,,,,,,0.000212,0.000007,0.000102,0.000097,0.000093,0.000110,0.000123,0.000113,0.000098,0.000102,0.000108,0.000085,0.000081,0.000078,0.000080,0.000094,0.000091,0.000097,0.000161,0.000049,0.000152,0.000059,0.000043,0.000089,0.000023,0.000016,0.000013,0.000095,0.000162,0.000204,0.000147,0.000106,0.000080,0.000075,0.000009,0.000024,0.000124,0.000130
773,,,,,,,,,,,,,0.000283,0.000005,0.000074,0.000103,0.000118,0.000132,0.000130,0.000091,0.000119,0.000129,0.000116,0.000115,0.000106,0.000086,0.000081,0.000069,0.000062,0.000067,0.000063,0.000027,0.000077,0.000052,0.000048,0.000128,0.000017,0.000006,0.000006,0.000027,0.000030,0.000033,0.000029,0.000031,0.000025,0.000029,0.000005,0.000014,0.000050,0.000049
774,,,,,,,,,,,,,0.002269,0.000003,0.000054,0.000051,0.000036,0.000048,0.000073,0.000101,0.000101,0.000100,0.000088,0.000085,0.000077,0.000059,0.000060,0.000105,0.000202,0.000168,0.000094,0.000044,0.000060,0.000047,0.000028,0.000054,0.000019,0.000014,0.000019,0.000039,0.000036,0.000039,0.000036,0.000030,0.000037,0.000051,0.000017,0.000036,0.000065,0.000099
775,,,,,,,,,,,,,0.000657,0.000004,0.000045,0.000061,0.000058,0.000062,0.000079,0.000087,0.000130,0.000134,0.000131,0.000128,0.000123,0.000117,0.000120,0.000095,0.000085,0.000074,0.000066,0.000025,0.000065,0.000031,0.000018,0.000031,0.000011,0.000004,0.000005,0.000019,0.000026,0.000034,0.000029,0.000038,0.000039,0.000035,0.000007,0.000032,0.000058,0.000063
776,,,,,,,,,,,,,0.000583,0.000005,0.000104,0.000162,0.000182,0.000192,0.000197,0.000165,0.000231,0.000259,0.000264,0.000348,0.000414,0.000401,0.000372,0.000257,0.000196,0.000174,0.000129,0.000035,0.000076,0.000039,0.000030,0.000037,0.000013,0.000006,0.000009,0.000026,0.000015,0.000020,0.000023,0.000017,0.000021,0.000018,0.000005,0.000013,0.000046,0.000039
777,,,,,,,,,,,,,0.000181,0.000022,0.000210,0.000252,0.000217,0.000201,0.000192,0.000147,0.000138,0.000102,0.000081,0.000088,0.000085,0.000075,0.000086,0.000067,0.000055,0.000052,0.000037,0.000023,0.000078,0.000083,0.000086,0.000251,0.000031,0.000010,0.000011,0.000035,0.000042,0.000060,0.000040,0.000032,0.000033,0.000021,0.000005,0.000012,0.000040,0.000075
778,,,,,,,,,,,,,0.000305,0.000003,0.000049,0.000065,0.000068,0.000073,0.000078,0.000105,0.000095,0.000102,0.000103,0.000106,0.000159,0.000209,0.000217,0.000212,0.000202,0.000200,0.000164,0.000160,0.000120,0.000057,0.000039,0.000077,0.000022,0.000007,0.000010,0.000037,0.000062,0.000071,0.000057,0.000060,0.000079,0.000096,0.000016,0.000020,0.000050,0.000056
779,,,,,,,,,,,,,0.000413,0.000007,0.000097,0.000111,0.000112,0.000106,0.000115,0.000088,0.000099,0.000269,0.000332,0.000140,0.000120,0.000105,0.000125,0.000132,0.000123,0.000115,0.000093,0.000033,0.000081,0.000042,0.000025,0.000036,0.000013,0.000007,0.000009,0.000025,0.000033,0.000038,0.000029,0.000022,0.000023,0.000019,0.000007,0.000011,0.000048,0.000049
780,,,,,,,,,,,,,0.001471,0.000004,0.000035,0.000034,0.000043,0.000073,0.000083,0.000083,0.000106,0.000095,0.000085,0.000079,0.000082,0.000074,0.000075,0.000072,0.000070,0.000049,0.000036,0.000019,0.000032,0.000057,0.000063,0.000035,0.000016,0.000008,0.000022,0.000086,0.000079,0.000134,0.000111,0.000076,0.000076,0.000081,0.000016,0.000029,0.000105,0.000139
781,,,,,,,,,,,,,0.001885,0.000017,0.000160,0.000219,0.000234,0.000246,0.000238,0.000190,0.000211,0.000199,0.000204,0.000212,0.000196,0.000168,0.000174,0.000152,0.000138,0.000112,0.000108,0.000039,0.000104,0.000051,0.000040,0.000070,0.000020,0.000007,0.000008,0.000045,0.000045,0.000055,0.000041,0.000043,0.000045,0.000052,0.000007,0.000032,0.000285,0.000344
782,,,,,,,,,,,,,-0.000099,0.000003,0.000037,0.000049,0.000055,0.000071,0.000090,0.000088,0.000108,0.000110,0.000106,0.000116,0.000138,0.000133,0.000136,0.000115,0.000105,0.000101,0.000101,0.000026,0.000093,0.000052,0.000055,0.000194,0.000032,0.000006,0.000006,0.000029,0.000029,0.000046,0.000033,0.000038,0.000036,0.000036,0.000003,0.000007,0.000036,0.000043
783,,,,,,,,,,,,,0.000731,0.000005,0.000067,0.000095,0.000164,0.000175,0.000171,0.000158,0.000176,0.000134,0.000113,0.000111,0.000122,0.000086,0.000077,0.000075,0.000075,0.000072,0.000078,0.000037,0.000107,0.000052,0.000033,0.000069,0.000022,0.000010,0.000012,0.000034,0.000034,0.000043,0.000046,0.000051,0.000044,0.000039,0.000011,0.000020,0.000079,0.000074
784,,,,,,,,,,,,,0.000329,0.000003,0.000048,0.000076,0.000093,0.000105,0.000093,0.000073,0.000089,0.000081,0.000076,0.000062,0.000069,0.000064,0.000071,0.000073,0.000070,0.000073,0.000068,0.000026,0.000056,0.000045,0.000029,0.000026,0.000029,0.000008,0.000018,0.000127,0.000187,0.000186,0.000155,0.000134,0.000103,0.000065,0.000005,0.000012,0.000033,0.000038
785,,,,,,,,,,,,,0.000844,0.000003,0.000072,0.000093,0.000086,0.000079,0.000063,0.000046,0.000058,0.000050,0.000098,0.000131,0.000200,0.000257,0.000362,0.000368,0.000273,0.000193,0.000171,0.000049,0.000088,0.000053,0.000035,0.000048,0.000021,0.000011,0.000014,0.000040,0.000053,0.000042,0.000050,0.000066,0.000060,0.000067,0.000016,0.000029,0.000067,0.000069
786,,,,,,,,,,,,,-0.000126,0.000005,0.000067,0.000100,0.000123,0.000139,0.000149,0.000126,0.000117,0.000121,0.000106,0.000108,0.000106,0.000080,0.000066,0.000058,0.000077,0.000084,0.000063,0.000136,0.000068,0.000100,0.000096,0.000099,0.000047,0.000013,0.000019,0.000070,0.000067,0.000127,0.000163,0.000133,0.000112,0.000106,0.000007,0.000041,0.000065,0.000056
787,,,,,,,,,,,,,0.000984,0.000005,0.000080,0.000103,0.000117,0.000148,0.000132,0.000114,0.000139,0.000152,0.000128,0.000120,0.000143,0.000139,0.000134,0.000164,0.000164,0.000143,0.000134,0.000042,0.000148,0.000088,0.000079,0.000198,0.000031,0.000009,0.000012,0.000076,0.000068,0.000072,0.000057,0.000050,0.000034,0.000030,0.000007,0.000017,0.000043,0.000054
788,,,,,,,,,,,,,0.000237,0.000003,0.000064,0.000082,0.000075,0.000084,0.000083,0.000070,0.000101,0.000107,0.000081,0.000067,0.000093,0.000102,0.000112,0.000087,0.000097,0.000106,0.000098,0.000032,0.000073,0.000039,0.000026,0.000038,0.000013,0.000006,0.000008,0.000027,0.000044,0.000055,0.000038,0.000049,0.000045,0.000136,0.000013,0.000026,0.000075,0.000071
789,,,,,,,,,,,,,0.000123,0.000016,0.000188,0.000256,0.000257,0.000257,0.000208,0.000150,0.000169,0.000154,0.000128,0.000115,0.000106,0.000105,0.000110,0.000088,0.000060,0.000069,0.000060,0.000029,0.000064,0.000036,0.000030,0.000046,0.000015,0.000008,0.000015,0.000044,0.000044,0.000073,0.000098,0.000065,0.000117,0.000064,0.000009,0.000020,0.000120,0.000130
790,,,,,,,,,,,,,0.000353,0.000003,0.000047,0.000065,0.000101,0.000154,0.000188,0.000214,0.000293,0.000289,0.000327,0.000388,0.000470,0.000463,0.000436,0.000383,0.000307,0.000289,0.000236,0.000064,0.000184,0.000066,0.000036,0.000063,0.000013,0.000008,0.000014,0.000091,0.000088,0.000080,0.000040,0.000036,0.000024,0.000022,0.000006,0.000014,0.000044,0.000081
791,,,,,,,,,,,,,0.000607,0.000022,0.000308,0.000297,0.000241,0.000213,0.000186,0.000136,0.000142,0.000117,0.000083,0.000062,0.000060,0.000049,0.000060,0.000055,0.000068,0.000077,0.000064,0.000023,0.000069,0.000042,0.000032,0.000064,0.000013,0.000005,0.000008,0.000074,0.000176,0.000175,0.000116,0.000105,0.000097,0.000084,0.000008,0.000017,0.000052,0.000058
792,,,,,,,,,,,,,0.001097,0.000023,0.000212,0.000271,0.000265,0.000250,0.000223,0.000182,0.000243,0.000256,0.000230,0.000233,0.000233,0.000202,0.000192,0.000152,0.000118,0.000110,0.000117,0.000043,0.000155,0.000097,0.000058,0.000105,0.000026,0.000010,0.000023,0.000166,0.000105,0.000102,0.000061,0.000036,0.000030,0.000019,0.000007,0.000026,0.000136,0.000182
793,,,,,,,,,,,,,0.000339,0.000003,0.000048,0.000047,0.000060,0.000086,0.000107,0.000094,0.000093,0.000091,0.000096,0.000101,0.000132,0.000164,0.000247,0.000335,0.000399,0.000474,0.000489,0.000082,0.000260,0.000085,0.000055,0.000089,0.000017,0.000005,0.000006,0.000034,0.000037,0.000047,0.000047,0.000045,0.000043,0.000052,0.000005,0.000016,0.000047,0.000044
794,,,,,,,,,,,,,0.000904,0.000009,0.000116,0.000104,0.000087,0.000096,0.000084,0.000077,0.000079,0.000088,0.000090,0.000104,0.000145,0.000149,0.000163,0.000172,0.000125,0.000221,0.000107,0.000036,0.000079,0.000060,0.000045,0.000095,0.000023,0.000008,0.000010,0.000029,0.000030,0.000032,0.000056,0.000080,0.000103,0.000095,0.000011,0.000022,0.000081,0.000088
795,,,,,,,,,,,,,0.000666,0.000005,0.000068,0.000083,0.000084,0.000085,0.000073,0.000062,0.000071,0.000124,0.000153,0.000152,0.000177,0.000163,0.000181,0.000146,0.000138,0.000152,0.000133,0.000041,0.000102,0.000045,0.000029,0.000032,0.000016,0.000013,0.000016,0.000038,0.000034,0.000029,0.000038,0.000030,0.000023,0.000027,0.000012,0.000028,0.000092,0.000115
796,,,,,,,,,,,,,0.000661,0.000006,0.000060,0.000066,0.000090,0.000106,0.000094,0.000095,0.000121,0.000101,0.000124,0.000116,0.000118,0.000089,0.000099,0.000095,0.000095,0.000092,0.000084,0.000037,0.000082,0.000054,0.000048,0.000094,0.000021,0.000007,0.000008,0.000038,0.000053,0.000056,0.000043,0.000054,0.000065,0.000085,0.000008,0.000020,0.000102,0.000096
797,,,,,,,,,,,,,0.000196,0.000002,0.000018,0.000034,0.000034,0.000040,0.000045,0.000049,0.000061,0.000063,0.000060,0.000060,0.000065,0.000060,0.000082,0.000086,0.000072,0.000072,0.000072,0.000025,0.000048,0.000024,0.000015,0.000023,0.000007,0.000005,0.000007,0.000024,0.000017,0.000026,0.000019,0.000017,0.000017,0.000013,0.000004,0.000009,0.000030,0.000038
798,,,,,,,,,,,,,0.000321,0.000004,0.000058,0.000061,0.000054,0.000052,0.000092,0.000120,0.000187,0.000228,0.000217,0.000205,0.000212,0.000201,0.000202,0.000198,0.000187,0.000212,0.000173,0.000055,0.000126,0.000064,0.000039,0.000067,0.000025,0.000010,0.000015,0.000105,0.000096,0.000121,0.000085,0.000077,0.000070,0.000073,0.000012,0.000021,0.000075,0.000068
799,,,,,,,,,,,,,0.000632,0.000006,0.000106,0.000121,0.000175,0.000294,0.000384,0.000230,0.000219,0.000189,0.000146,0.000117,0.000128,0.000113,0.000113,0.000106,0.000101,0.000093,0.000067,0.000024,0.000037,0.000034,0.000027,0.000047,0.000020,0.000009,0.000009,0.000082,0.000075,0.000091,0.000070,0.000041,0.000033,0.000029,0.000008,0.000019,0.000060,0.000080
800,,,,,,,,,,,,,0.000277,0.000004,0.000042,0.000053,0.000057,0.000050,0.000058,0.000049,0.000054,0.000050,0.000049,0.000048,0.000053,0.000051,0.000049,0.000051,0.000052,0.000046,0.000054,0.000045,0.000064,0.000067,0.000034,0.000040,0.000020,0.000011,0.000024,0.000071,0.000062,0.000067,0.000057,0.000070,0.000052,0.000037,0.000005,0.000010,0.000043,0.000061
801,,,,,,,,,,,,,0.000075,0.000003,0.000058,0.000073,0.000071,0.000073,0.000073,0.000083,0.000097,0.000103,0.000095,0.000094,0.000095,0.000098,0.000105,0.000089,0.000097,0.000098,0.000086,0.000036,0.000070,0.000041,0.000031,0.000070,0.000021,0.000010,0.000016,0.000109,0.000103,0.000128,0.000123,0.000145,0.000104,0.000085,0.000011,0.000028,0.000052,0.000066
802,,,,,,,,,,,,,0.000836,0.000003,0.000038,0.000065,0.000087,0.000105,0.000093,0.000093,0.000140,0.000168,0.000192,0.000234,0.000326,0.000321,0.000363,0.000362,0.000338,0.000308,0.000272,0.000066,0.000164,0.000050,0.000032,0.000056,0.000013,0.000004,0.000005,0.000011,0.000032,0.000040,0.000043,0.000068,0.000067,0.000075,0.000009,0.000012,0.000032,0.000043
803,,,,,,,,,,,,,0.002177,0.000006,0.000113,0.000167,0.000203,0.000292,0.000319,0.000317,0.000442,0.000418,0.000384,0.000328,0.000289,0.000220,0.000205,0.000196,0.000166,0.000143,0.000135,0.000037,0.000105,0.000049,0.000036,0.000066,0.000019,0.000006,0.000007,0.000047,0.000052,0.000057,0.000056,0.000060,0.000049,0.000041,0.000005,0.000017,0.000093,0.000087
804,,,,,,,,,,,,,0.000057,0.000004,0.000055,0.000054,0.000059,0.000052,0.000059,0.000062,0.000058,0.000078,0.000070,0.000074,0.000087,0.000087,0.000084,0.000080,0.000071,0.000057,0.000054,0.000025,0.000092,0.000071,0.000038,0.000072,0.000016,0.000007,0.000008,0.000029,0.000034,0.000033,0.000034,0.000040,0.000026,0.000022,0.000011,0.000013,0.000045,0.000056
805,,,,,,,,,,,,,0.001322,0.000004,0.000092,0.000105,0.000116,0.000123,0.000147,0.000133,0.000199,0.000128,0.000091,0.000079,0.000073,0.000059,0.000062,0.000059,0.000052,0.000056,0.000062,0.000024,0.000079,0.000047,0.000031,0.000062,0.000014,0.000005,0.000006,0.000026,0.000041,0.000057,0.000044,0.000043,0.000052,0.000058,0.000014,0.000023,0.000081,0.000084
806,,,,,,,,,,,,,-0.000138,0.000002,0.000031,0.000031,0.000045,0.000047,0.000054,0.000043,0.000064,0.000084,0.000093,0.000101,0.000111,0.000103,0.000094,0.000092,0.000084,0.000090,0.000092,0.000029,0.000063,0.000033,0.000023,0.000036,0.000018,0.000009,0.000009,0.000031,0.000033,0.000039,0.000032,0.000028,0.000049,0.000050,0.000006,0.000014,0.000055,0.000050
807,,,,,,,,,,,,,0.000589,0.000009,0.000115,0.000161,0.000187,0.000209,0.000228,0.000156,0.000173,0.000172,0.000203,0.000136,0.000138,0.000109,0.000097,0.000076,0.000067,0.000069,0.000064,0.000016,0.000061,0.000035,0.000027,0.000049,0.000014,0.000004,0.000006,0.000050,0.000052,0.000043,0.000028,0.000024,0.000028,0.000025,0.000003,0.000010,0.000049,0.000058
808,,,,,,,,,,,,,0.000095,0.000015,0.000228,0.000212,0.000191,0.000179,0.000183,0.000142,0.000137,0.000131,0.000117,0.000101,0.000128,0.000149,0.000166,0.000137,0.000144,0.000152,0.000178,0.000053,0.000124,0.000054,0.000037,0.000057,0.000018,0.000008,0.000012,0.000039,0.000040,0.000066,0.000103,0.000047,0.000035,0.000028,0.000006,0.000011,0.000039,0.000052
809,,,,,,,,,,,,,0.000200,0.000011,0.000206,0.000379,0.000374,0.000353,0.000255,0.000171,0.000175,0.000165,0.000142,0.000128,0.000103,0.000071,0.000088,0.000087,0.000093,0.000088,0.000067,0.000030,0.000141,0.000081,0.000054,0.000109,0.000022,0.000007,0.000010,0.000040,0.000037,0.000040,0.000039,0.000044,0.000037,0.000029,0.000007,0.000016,0.000077,0.000079
810,,,,,,,,,,,,,0.000693,0.000005,0.000068,0.000078,0.000093,0.000091,0.000096,0.000081,0.000089,0.000091,0.000085,0.000087,0.000088,0.000082,0.000071,0.000065,0.000063,0.000054,0.000061,0.000029,0.000053,0.000031,0.000024,0.000049,0.000016,0.000009,0.000012,0.000053,0.000088,0.000222,0.000221,0.000190,0.000131,0.000081,0.000010,0.000020,0.000072,0.000089
811,,,,,,,,,,,,,0.000728,0.000004,0.000065,0.000093,0.000091,0.000096,0.000114,0.000097,0.000100,0.000099,0.000089,0.000075,0.000069,0.000063,0.000058,0.000054,0.000057,0.000068,0.000059,0.000027,0.000065,0.000037,0.000029,0.000036,0.000033,0.000005,0.000007,0.000025,0.000035,0.000034,0.000031,0.000026,0.000020,0.000019,0.000006,0.000026,0.000056,0.000069
812,,,,,,,,,,,,,0.000083,0.000007,0.000123,0.000195,0.000227,0.000263,0.000282,0.000254,0.000287,0.000275,0.000205,0.000158,0.000123,0.000094,0.000078,0.000078,0.000074,0.000061,0.000054,0.000025,0.000179,0.000150,0.000114,0.000267,0.000028,0.000007,0.000007,0.000056,0.000033,0.000044,0.000024,0.000026,0.000018,0.000021,0.000005,0.000009,0.000033,0.000029
813,,,,,,,,,,,,,0.001640,0.000004,0.000041,0.000039,0.000057,0.000075,0.000098,0.000076,0.000080,0.000099,0.000082,0.000073,0.000085,0.000070,0.000067,0.000063,0.000064,0.000080,0.000112,0.000050,0.000235,0.000116,0.000090,0.000195,0.000028,0.000010,0.000012,0.000085,0.000085,0.000087,0.000045,0.000035,0.000022,0.000022,0.000008,0.000014,0.000049,0.000071
814,,,,,,,,,,,,,0.001342,0.000004,0.000080,0.000091,0.000095,0.000092,0.000085,0.000068,0.000080,0.000077,0.000068,0.000068,0.000075,0.000062,0.000052,0.000041,0.000030,0.000035,0.000040,0.000018,0.000044,0.000026,0.000019,0.000035,0.000020,0.000009,0.000008,0.000057,0.000032,0.000046,0.000040,0.000060,0.000061,0.000057,0.000008,0.000016,0.000048,0.000058
815,,,,,,,,,,,,,0.000333,0.000008,0.000083,0.000091,0.000087,0.000091,0.000107,0.000107,0.000124,0.000117,0.000091,0.000095,0.000096,0.000101,0.000102,0.000083,0.000069,0.000081,0.000082,0.000028,0.000080,0.000041,0.000046,0.000089,0.000029,0.000013,0.000021,0.000138,0.000146,0.000151,0.000097,0.000079,0.000054,0.000057,0.000007,0.000018,0.000121,0.000102
816,,,,,,,,,,,,,0.002754,0.000006,0.000123,0.000154,0.000170,0.000196,0.000182,0.000148,0.000159,0.000152,0.000126,0.000117,0.000125,0.000106,0.000115,0.000107,0.000100,0.000139,0.000167,0.000057,0.000159,0.000052,0.000034,0.000078,0.000017,0.000005,0.000007,0.000034,0.000030,0.000035,0.000038,0.000030,0.000030,0.000023,0.000005,0.000014,0.000049,0.000063
817,,,,,,,,,,,,,0.000723,0.000007,0.000093,0.000102,0.000118,0.000125,0.000107,0.000098,0.000110,0.000117,0.000106,0.000122,0.000139,0.000111,0.000106,0.000102,0.000106,0.000101,0.000090,0.000028,0.000083,0.000049,0.000028,0.000041,0.000016,0.000008,0.000011,0.000039,0.000042,0.000039,0.000031,0.000045,0.000048,0.000058,0.000009,0.000023,0.000085,0.000104
818,,,,,,,,,,,,,0.000224,0.000005,0.000081,0.000120,0.000127,0.000158,0.000151,0.000147,0.000195,0.000256,0.000352,0.000554,0.000715,0.000693,0.000604,0.000418,0.000294,0.000254,0.000181,0.000043,0.000109,0.000060,0.000055,0.000107,0.000022,0.000010,0.000013,0.000048,0.000038,0.000061,0.000066,0.000056,0.000064,0.000071,0.000008,0.000016,0.000061,0.000058
819,,,,,,,,,,,,,-0.000047,0.000011,0.000171,0.000161,0.000148,0.000114,0.000075,0.000057,0.000064,0.000048,0.000057,0.000099,0.000218,0.000277,0.000347,0.000402,0.000377,0.000360,0.000294,0.000080,0.000239,0.000096,0.000056,0.000119,0.000020,0.000010,0.000012,0.000049,0.000070,0.000143,0.000095,0.000061,0.000035,0.000039,0.000006,0.000018,0.000105,0.000112
820,,,,,,,,,,,,,0.000164,0.000015,0.000412,0.000667,0.000598,0.000554,0.000428,0.000297,0.000315,0.000258,0.000216,0.000219,0.000220,0.000191,0.000185,0.000173,0.000164,0.000105,0.000108,0.000042,0.000117,0.000058,0.000042,0.000060,0.000019,0.000007,0.000014,0.000134,0.000153,0.000187,0.000136,0.000117,0.000116,0.000097,0.000007,0.000022,0.000113,0.000097
821,,,,,,,,,,,,,0.000390,0.000006,0.000051,0.000069,0.000084,0.000097,0.000100,0.000076,0.000084,0.000099,0.000091,0.000077,0.000062,0.000047,0.000084,0.000089,0.000085,0.000107,0.000093,0.000044,0.000083,0.000054,0.000046,0.000071,0.000020,0.000008,0.000011,0.000057,0.000065,0.000102,0.000142,0.000204,0.000171,0.000115,0.000010,0.000024,0.000089,0.000093
822,,,,,,,,,,,,,0.003451,0.000006,0.000115,0.000127,0.000118,0.000121,0.000122,0.000084,0.000094,0.000078,0.000075,0.000063,0.000064,0.000047,0.000053,0.000052,0.000046,0.000051,0.000059,0.000017,0.000037,0.000024,0.000015,0.000034,0.000012,0.000005,0.000007,0.000024,0.000033,0.000025,0.000023,0.000033,0.000026,0.000026,0.000006,0.000028,0.000084,0.000089
823,,,,,,,,,,,,,0.000880,0.000003,0.000018,0.000005,0.000042,0.000124,0.000239,0.000336,0.000479,0.000449,0.000359,0.000327,0.000324,0.000310,0.000292,0.000275,0.000210,0.000190,0.000166,0.000060,0.000142,0.000063,0.000035,0.000045,0.000020,0.000011,0.000017,0.000089,0.000101,0.000101,0.000053,0.000045,0.000033,0.000025,0.000016,0.000044,0.000167,0.000075
824,,,,,,,,,,,,,0.000243,0.000006,0.000094,0.000128,0.000130,0.000153,0.000171,0.000136,0.000158,0.000183,0.000149,0.000149,0.000149,0.000159,0.000174,0.000210,0.000224,0.000256,0.000271,0.000088,0.000326,0.000098,0.000059,0.000118,0.000021,0.000010,0.000011,0.000040,0.000046,0.000057,0.000047,0.000066,0.000053,0.000038,0.000007,0.000016,0.000063,0.000067
825,,,,,,,,,,,,,0.000776,0.000005,0.000078,0.000105,0.000113,0.000125,0.000126,0.000095,0.000098,0.000088,0.000060,0.000072,0.000084,0.000062,0.000049,0.000038,0.000042,0.000054,0.000059,0.000027,0.000064,0.000042,0.000043,0.000102,0.000022,0.000008,0.000013,0.000080,0.000096,0.000094,0.000080,0.000097,0.000103,0.000085,0.000006,0.000017,0.000079,0.000083
826,,,,,,,,,,,,,0.000062,0.000005,0.000073,0.000085,0.000087,0.000091,0.000101,0.000064,0.000051,0.000055,0.000034,0.000031,0.000035,0.000032,0.000035,0.000058,0.000105,0.000158,0.000199,0.000110,0.000304,0.000176,0.000116,0.000236,0.000043,0.000013,0.000013,0.000082,0.000095,0.000119,0.000084,0.000064,0.000054,0.000045,0.000008,0.000020,0.000103,0.000117
827,,,,,,,,,,,,,0.001265,0.000002,0.000031,0.000036,0.000038,0.000031,0.000038,0.000031,0.000036,0.000039,0.000042,0.000043,0.000077,0.000087,0.000084,0.000092,0.000082,0.000081,0.000082,0.000032,0.000075,0.000038,0.000033,0.000044,0.000018,0.000011,0.000011,0.000035,0.000068,0.000062,0.000065,0.000039,0.000032,0.000029,0.000007,0.000018,0.000040,0.000053
828,,,,,,,,,,,,,0.000177,0.000004,0.000074,0.000109,0.000127,0.000119,0.000118,0.000102,0.000100,0.000112,0.000134,0.000165,0.000220,0.000253,0.000309,0.000308,0.000339,0.000316,0.000280,0.000065,0.000236,0.000084,0.000057,0.000116,0.000022,0.000006,0.000006,0.000022,0.000028,0.000039,0.000022,0.000025,0.000019,0.000024,0.000005,0.000011,0.000041,0.000048
829,,,,,,,,,,,,,0.000405,0.000013,0.000237,0.000292,0.000303,0.000321,0.000347,0.000286,0.000309,0.000265,0.000243,0.000222,0.000243,0.000203,0.000171,0.000136,0.000121,0.000120,0.000137,0.000049,0.000166,0.000078,0.000067,0.000142,0.000029,0.000008,0.000011,0.000053,0.000044,0.000068,0.000039,0.000040,0.000054,0.000049,0.000006,0.000014,0.000063,0.000077
830,,,,,,,,,,,,,0.000345,0.000002,0.000050,0.000087,0.000149,0.000183,0.000183,0.000157,0.000244,0.000267,0.000209,0.000182,0.000205,0.000156,0.000110,0.000084,0.000073,0.000055,0.000041,0.000023,0.000045,0.000035,0.000034,0.000098,0.000019,0.000008,0.000010,0.000030,0.000037,0.000038,0.000033,0.000033,0.000025,0.000026,0.000010,0.000015,0.000033,0.000035
831,,,,,,,,,,,,,0.000799,0.000005,0.000079,0.000136,0.000212,0.000268,0.000332,0.000312,0.000355,0.000345,0.000284,0.000251,0.000283,0.000269,0.000311,0.000309,0.000321,0.000268,0.000202,0.000056,0.000145,0.000055,0.000019,0.000011,0.000016,0.000006,0.000007,0.000040,0.000044,0.000057,0.000056,0.000056,0.000046,0.000036,0.000006,0.000014,0.000047,0.000068
832,,,,,,,,,,,,,0.001410,0.000011,0.000159,0.000269,0.000429,0.000692,0.000849,0.000729,0.000610,0.000472,0.000344,0.000304,0.000305,0.000245,0.000241,0.000209,0.000185,0.000173,0.000143,0.000036,0.000091,0.000041,0.000030,0.000042,0.000015,0.000006,0.000008,0.000036,0.000027,0.000030,0.000027,0.000035,0.000036,0.000047,0.000007,0.000023,0.000106,0.000118
833,,,,,,,,,,,,,0.000157,0.000003,0.000032,0.000049,0.000051,0.000046,0.000059,0.000059,0.000074,0.000093,0.000098,0.000091,0.000090,0.000066,0.000062,0.000076,0.000068,0.000060,0.000050,0.000024,0.000058,0.000034,0.000033,0.000048,0.000011,0.000012,0.000013,0.000030,0.000033,0.000038,0.000043,0.000039,0.000043,0.000050,0.000011,0.000019,0.000036,0.000056
834,,,,,,,,,,,,,0.000496,0.000005,0.000107,0.000132,0.000142,0.000135,0.000144,0.000123,0.000127,0.000115,0.000132,0.000103,0.000096,0.000082,0.000108,0.000090,0.000058,0.000055,0.000049,0.000025,0.000064,0.000037,0.000029,0.000043,0.000020,0.000007,0.000014,0.000047,0.000055,0.000045,0.000071,0.000066,0.000041,0.000036,0.000007,0.000017,0.000082,0.000095
835,,,,,,,,,,,,,0.000575,0.000011,0.000179,0.000198,0.000181,0.000204,0.000201,0.000141,0.000166,0.000156,0.000137,0.000100,0.000096,0.000060,0.000066,0.000075,0.000102,0.000088,0.000064,0.000031,0.000076,0.000081,0.000057,0.000079,0.000020,0.000007,0.000010,0.000073,0.000067,0.000076,0.000057,0.000046,0.000041,0.000037,0.000009,0.000026,0.000162,0.000160
836,,,,,,,,,,,,,0.001123,0.000004,0.000053,0.000084,0.000135,0.000139,0.000113,0.000099,0.000104,0.000106,0.000110,0.000089,0.000093,0.000093,0.000106,0.000113,0.000078,0.000057,0.000070,0.000037,0.000097,0.000065,0.000046,0.000064,0.000018,0.000009,0.000013,0.000064,0.000143,0.000090,0.000092,0.000047,0.000060,0.000069,0.000011,0.000020,0.000061,0.000086
837,,,,,,,,,,,,,0.000497,0.000010,0.000111,0.000138,0.000176,0.000242,0.000329,0.000351,0.000413,0.000391,0.000317,0.000277,0.000211,0.000160,0.000126,0.000083,0.000067,0.000079,0.000093,0.000049,0.000130,0.000058,0.000037,0.000056,0.000014,0.000008,0.000012,0.000042,0.000077,0.000167,0.000159,0.000137,0.000112,0.000067,0.000006,0.000019,0.000073,0.000078
838,,,,,,,,,,,,,0.000851,0.000002,0.000017,0.000020,0.000035,0.000036,0.000027,0.000040,0.000065,0.000076,0.000088,0.000088,0.000086,0.000065,0.000059,0.000055,0.000071,0.000099,0.000092,0.000028,0.000074,0.000036,0.000031,0.000048,0.000015,0.000011,0.000017,0.000038,0.000056,0.000090,0.000106,0.000080,0.000069,0.000062,0.000011,0.000024,0.000060,0.000072
839,,,,,,,,,,,,,0.000437,0.000002,0.000023,0.000042,0.000067,0.000120,0.000193,0.000210,0.000277,0.000264,0.000254,0.000250,0.000243,0.000190,0.000155,0.000119,0.000097,0.000076,0.000064,0.000023,0.000069,0.000032,0.000024,0.000034,0.000010,0.000006,0.000008,0.000014,0.000044,0.000024,0.000043,0.000044,0.000035,0.000031,0.000008,0.000011,0.000053,0.000060
840,,,,,,,,,,,,,0.000020,0.000003,0.000037,0.000047,0.000040,0.000026,0.000054,0.000035,0.000042,0.000052,0.000051,0.000058,0.000080,0.000080,0.000077,0.000075,0.000062,0.000046,0.000052,0.000028,0.000050,0.000035,0.000029,0.000049,0.000012,0.000008,0.000010,0.000029,0.000037,0.000048,0.000037,0.000037,0.000038,0.000032,0.000007,0.000015,0.000033,0.000053
841,,,,,,,,,,,,,0.011326,0.000012,0.000153,0.000199,0.000221,0.000241,0.000277,0.000242,0.000306,0.000295,0.000264,0.000316,0.000387,0.000404,0.000420,0.000364,0.000313,0.000287,0.000269,0.000086,0.000251,0.000087,0.000051,0.000113,0.000031,0.000007,0.000012,0.000068,0.000062,0.000080,0.000058,0.000048,0.000052,0.000051,0.000007,0.000018,0.000127,0.000137
842,,,,,,,,,,,,,0.000635,0.000003,0.000042,0.000050,0.000057,0.000057,0.000054,0.000069,0.000072,0.000081,0.000093,0.000132,0.000190,0.000222,0.000220,0.000192,0.000141,0.000113,0.000076,0.000047,0.000061,0.000032,0.000021,0.000019,0.000025,0.000010,0.000009,0.000035,0.000036,0.000046,0.000035,0.000028,0.000029,0.000026,0.000011,0.000016,0.000053,0.000058
843,,,,,,,,,,,,,0.000400,0.000003,0.000062,0.000104,0.000119,0.000082,0.000095,0.000090,0.000095,0.000086,0.000065,0.000066,0.000063,0.000061,0.000088,0.000068,0.000060,0.000053,0.000050,0.000035,0.000026,0.000029,0.000031,0.000044,0.000023,0.000010,0.000017,0.000067,0.000108,0.000128,0.000096,0.000106,0.000082,0.000065,0.000013,0.000027,0.000057,0.000071
844,,,,,,,,,,,,,0.000110,0.000006,0.000113,0.000185,0.000253,0.000325,0.000257,0.000187,0.000175,0.000134,0.000106,0.000082,0.000076,0.000063,0.000070,0.000075,0.000080,0.000086,0.000094,0.000037,0.000084,0.000123,0.000081,0.000114,0.000022,0.000009,0.000014,0.000078,0.000122,0.000128,0.000084,0.000062,0.000055,0.000039,0.000008,0.000017,0.000062,0.000174
845,,,,,,,,,,,,,0.000328,0.000003,0.000035,0.000046,0.000048,0.000052,0.000045,0.000037,0.000040,0.000041,0.000040,0.000027,0.000039,0.000031,0.000020,0.000017,0.000010,0.000013,0.000010,0.000012,0.000024,0.000028,0.000022,0.000026,0.000011,0.000008,0.000012,0.000034,0.000057,0.000061,0.000070,0.000022,0.000016,0.000021,0.000009,0.000022,0.000039,0.000040
846,,,,,,,,,,,,,0.000378,0.000003,0.000051,0.000071,0.000073,0.000064,0.000066,0.000067,0.000109,0.000144,0.000149,0.000088,0.000097,0.000077,0.000059,0.000092,0.000126,0.000095,0.000100,0.000039,0.000126,0.000058,0.000038,0.000079,0.000023,0.000011,0.000016,0.000064,0.000092,0.000124,0.000101,0.000079,0.000051,0.000044,0.000006,0.000014,0.000049,0.000064
847,,,,,,,,,,,,,0.000037,0.000011,0.000114,0.000131,0.000140,0.000169,0.000190,0.000152,0.000170,0.000174,0.000112,0.000098,0.000105,0.000081,0.000087,0.000075,0.000084,0.000069,0.000063,0.000034,0.000072,0.000049,0.000042,0.000069,0.000064,0.000008,0.000011,0.000044,0.000048,0.000059,0.000055,0.000044,0.000038,0.000043,0.000007,0.000022,0.000114,0.000168
848,,,,,,,,,,,,,0.000604,0.000007,0.000096,0.000123,0.000131,0.000145,0.000148,0.000110,0.000135,0.000135,0.000122,0.000120,0.000119,0.000116,0.000122,0.000096,0.000065,0.000084,0.000077,0.000033,0.000071,0.000040,0.000027,0.000037,0.000013,0.000005,0.000006,0.000022,0.000027,0.000035,0.000034,0.000031,0.000027,0.000033,0.000007,0.000014,0.000056,0.000053
849,,,,,,,,,,,,,0.001313,0.000007,0.000114,0.000132,0.000112,0.000098,0.000111,0.000078,0.000090,0.000083,0.000072,0.000066,0.000078,0.000067,0.000083,0.000097,0.000085,0.000074,0.000061,0.000026,0.000083,0.000040,0.000030,0.000047,0.000014,0.000006,0.000008,0.000044,0.000032,0.000039,0.000047,0.000041,0.000035,0.000027,0.000006,0.000016,0.000148,0.000125
850,,,,,,,,,,,,,0.001205,0.000014,0.000138,0.000150,0.000144,0.000160,0.000152,0.000119,0.000157,0.000148,0.000132,0.000141,0.000137,0.000107,0.000091,0.000065,0.000068,0.000081,0.000069,0.000027,0.000059,0.000044,0.000032,0.000039,0.000012,0.000010,0.000008,0.000032,0.000037,0.000046,0.000042,0.000052,0.000055,0.000057,0.000008,0.000023,0.000169,0.000227
851,,,,,,,,,,,,,0.001333,0.000010,0.000141,0.000204,0.000233,0.000231,0.000209,0.000152,0.000176,0.000168,0.000136,0.000157,0.000193,0.000227,0.000311,0.000351,0.000363,0.000344,0.000272,0.000063,0.000213,0.000090,0.000056,0.000088,0.000018,0.000007,0.000009,0.000043,0.000055,0.000069,0.000034,0.000037,0.000045,0.000052,0.000007,0.000024,0.000174,0.000176
852,,,,,,,,,,,,,0.000921,0.000007,0.000032,0.000042,0.000043,0.000041,0.000037,0.000044,0.000073,0.000082,0.000101,0.000122,0.000151,0.000163,0.000193,0.000237,0.000226,0.000237,0.000222,0.000053,0.000116,0.000054,0.000038,0.000062,0.000016,0.000006,0.000008,0.000022,0.000019,0.000033,0.000027,0.000031,0.000022,0.000022,0.000005,0.000018,0.000147,0.000191
853,,,,,,,,,,,,,0.001014,0.000024,0.000289,0.000288,0.000235,0.000197,0.000188,0.000159,0.000186,0.000181,0.000136,0.000142,0.000160,0.000143,0.000137,0.000123,0.000087,0.000074,0.000074,0.000029,0.000100,0.000060,0.000045,0.000054,0.000016,0.000009,0.000012,0.000117,0.000141,0.000132,0.000100,0.000089,0.000061,0.000044,0.000008,0.000021,0.000109,0.000145
854,,,,,,,,,,,,,-0.000051,0.000010,0.000167,0.000408,0.000599,0.000655,0.000540,0.000356,0.000311,0.000236,0.000186,0.000179,0.000172,0.000125,0.000116,0.000095,0.000090,0.000083,0.000067,0.000025,0.000072,0.000049,0.000033,0.000063,0.000018,0.000006,0.000008,0.000046,0.000050,0.000073,0.000071,0.000074,0.000071,0.000067,0.000006,0.000010,0.000054,0.000057
855,,,,,,,,,,,,,0.001399,0.000014,0.000371,0.000492,0.000444,0.000392,0.000312,0.000240,0.000240,0.000205,0.000175,0.000164,0.000164,0.000147,0.000135,0.000117,0.000084,0.000072,0.000067,0.000020,0.000076,0.000064,0.000042,0.000068,0.000011,0.000004,0.000011,0.000071,0.000062,0.000059,0.000039,0.000036,0.000024,0.000028,0.000004,0.000013,0.000062,0.000069
856,,,,,,,,,,,,,-0.000157,0.000010,0.000116,0.000127,0.000158,0.000167,0.000176,0.000117,0.000113,0.000103,0.000103,0.000086,0.000111,0.000111,0.000105,0.000083,0.000076,0.000058,0.000049,0.000024,0.000052,0.000031,0.000024,0.000037,0.000017,0.000006,0.000011,0.000118,0.000112,0.000168,0.000136,0.000142,0.000135,0.000112,0.000008,0.000016,0.000072,0.000073
857,,,,,,,,,,,,,0.000682,0.000009,0.000080,0.000103,0.000122,0.000177,0.000207,0.000212,0.000264,0.000270,0.000251,0.000240,0.000211,0.000138,0.000108,0.000076,0.000062,0.000056,0.000045,0.000021,0.000041,0.000029,0.000023,0.000013,0.000010,0.000006,0.000010,0.000043,0.000035,0.000029,0.000025,0.000023,0.000021,0.000019,0.000007,0.000018,0.000121,0.000143
858,,,,,,,,,,,,,0.005067,0.000005,0.000062,0.000066,0.000089,0.000119,0.000105,0.000093,0.000083,0.000079,0.000053,0.000060,0.000060,0.000062,0.000065,0.000060,0.000080,0.000088,0.000084,0.000047,0.000052,0.000058,0.000040,0.000071,0.000032,0.000009,0.000019,0.000162,0.000177,0.000156,0.000077,0.000070,0.000064,0.000058,0.000017,0.000053,0.000122,0.000159
859,,,,,,,,,,,,,0.001136,0.000006,0.000093,0.000143,0.000225,0.000256,0.000278,0.000238,0.000213,0.000173,0.000159,0.000131,0.000134,0.000125,0.000128,0.000115,0.000104,0.000107,0.000103,0.000032,0.000121,0.000050,0.000031,0.000049,0.000012,0.000005,0.000006,0.000033,0.000040,0.000066,0.000043,0.000035,0.000037,0.000034,0.000005,0.000014,0.000058,0.000063
860,,,,,,,,,,,,,0.003528,0.000002,0.000036,0.000025,0.000028,0.000029,0.000027,0.000030,0.000025,0.000020,0.000018,0.000021,0.000028,0.000033,0.000041,0.000044,0.000036,0.000037,0.000036,0.000020,0.000041,0.000036,0.000023,0.000024,0.000011,0.000007,0.000008,0.000031,0.000040,0.000062,0.000069,0.000086,0.000095,0.000111,0.000017,0.000025,0.000067,0.000070
861,,,,,,,,,,,,,0.000503,0.000008,0.000087,0.000075,0.000074,0.000079,0.000082,0.000069,0.000117,0.000117,0.000136,0.000185,0.000278,0.000297,0.000325,0.000319,0.000334,0.000297,0.000244,0.000065,0.000223,0.000090,0.000063,0.000132,0.000021,0.000006,0.000009,0.000040,0.000044,0.000073,0.000095,0.000110,0.000121,0.000114,0.000015,0.000034,0.000163,0.000127
862,,,,,,,,,,,,,0.001535,0.000002,0.000037,0.000020,0.000032,0.000041,0.000040,0.000039,0.000047,0.000056,0.000052,0.000067,0.000090,0.000086,0.000085,0.000087,0.000072,0.000077,0.000077,0.000041,0.000076,0.000046,0.000030,0.000042,0.000019,0.000013,0.000015,0.000027,0.000064,0.000033,0.000045,0.000033,0.000028,0.000030,0.000010,0.000021,0.000059,0.000064
863,,,,,,,,,,,,,-0.000125,0.000006,0.000055,0.000067,0.000085,0.000108,0.000109,0.000092,0.000085,0.000082,0.000059,0.000054,0.000066,0.000057,0.000047,0.000036,0.000038,0.000039,0.000055,0.000027,0.000056,0.000040,0.000033,0.000064,0.000020,0.000008,0.000010,0.000055,0.000062,0.000082,0.000068,0.000065,0.000054,0.000056,0.000007,0.000016,0.000055,0.000065
864,,,,,,,,,,,,,0.000526,0.000006,0.000112,0.000153,0.000159,0.000171,0.000155,0.000111,0.000155,0.000141,0.000141,0.000134,0.000198,0.000194,0.000183,0.000184,0.000172,0.000208,0.000109,0.000036,0.000099,0.000055,0.000037,0.000069,0.000016,0.000005,0.000006,0.000046,0.000058,0.000066,0.000055,0.000055,0.000040,0.000032,0.000005,0.000013,0.000061,0.000073
865,,,,,,,,,,,,,0.000229,0.000006,0.000092,0.000111,0.000126,0.000129,0.000135,0.000114,0.000134,0.000130,0.000087,0.000079,0.000080,0.000074,0.000072,0.000070,0.000081,0.000081,0.000073,0.000033,0.000071,0.000043,0.000033,0.000060,0.000017,0.000006,0.000007,0.000080,0.000076,0.000056,0.000039,0.000042,0.000039,0.000044,0.000005,0.000018,0.000052,0.000051
866,,,,,,,,,,,,,0.001756,0.000005,0.000092,0.000101,0.000080,0.000121,0.000161,0.000103,0.000072,0.000044,0.000040,0.000047,0.000045,0.000047,0.000059,0.000048,0.000060,0.000068,0.000076,0.000037,0.000087,0.000046,0.000031,0.000067,0.000013,0.000007,0.000012,0.000073,0.000105,0.000128,0.000104,0.000092,0.000096,0.000103,0.000012,0.000030,0.000104,0.000123
867,,,,,,,,,,,,,0.000722,0.000010,0.000116,0.000137,0.000113,0.000096,0.000088,0.000083,0.000154,0.000225,0.000249,0.000227,0.000223,0.000169,0.000161,0.000124,0.000114,0.000113,0.000107,0.000032,0.000121,0.000064,0.000038,0.000072,0.000016,0.000004,0.000007,0.000037,0.000048,0.000058,0.000058,0.000075,0.000062,0.000050,0.000004,0.000011,0.000064,0.000090
868,,,,,,,,,,,,,0.004510,0.000010,0.000159,0.000109,0.000113,0.000094,0.000092,0.000080,0.000098,0.000092,0.000091,0.000071,0.000067,0.000081,0.000063,0.000044,0.000050,0.000048,0.000047,0.000025,0.000045,0.000064,0.000064,0.000066,0.000036,0.000019,0.000030,0.000082,0.000081,0.000095,0.000164,0.000148,0.000155,0.000191,0.000049,0.000115,0.000288,0.000264
869,,,,,,,,,,,,,0.000386,0.000015,0.000154,0.000124,0.000134,0.000124,0.000170,0.000132,0.000088,0.000077,0.000070,0.000075,0.000094,0.000100,0.000120,0.000178,0.000271,0.000250,0.000205,0.000047,0.000123,0.000102,0.000043,0.000044,0.000019,0.000010,0.000022,0.000078,0.000078,0.000098,0.000058,0.000051,0.000035,0.000046,0.000005,0.000012,0.000044,0.000043
870,,,,,,,,,,,,,0.001152,0.000005,0.000073,0.000104,0.000118,0.000119,0.000113,0.000075,0.000089,0.000082,0.000079,0.000089,0.000109,0.000114,0.000131,0.000143,0.000135,0.000136,0.000109,0.000036,0.000085,0.000051,0.000051,0.000091,0.000031,0.000012,0.000014,0.000035,0.000039,0.000044,0.000037,0.000039,0.000032,0.000034,0.000007,0.000019,0.000057,0.000095
871,,,,,,,,,,,,,0.000658,0.000013,0.000168,0.000230,0.000291,0.000361,0.000411,0.000334,0.000353,0.000314,0.000253,0.000247,0.000278,0.000293,0.000357,0.000327,0.000351,0.000304,0.000251,0.000068,0.000183,0.000189,0.000082,0.000056,0.000028,0.000015,0.000024,0.000030,0.000038,0.000072,0.000049,0.000039,0.000040,0.000061,0.000009,0.000022,0.000112,0.000121
872,,,,,,,,,,,,,-0.000032,0.000004,0.000072,0.000104,0.000264,0.000549,0.000835,0.000803,0.000801,0.000701,0.000621,0.000561,0.000632,0.000545,0.000507,0.000443,0.000405,0.000357,0.000270,0.000091,0.000200,0.000076,0.000058,0.000105,0.000021,0.000009,0.000015,0.000054,0.000057,0.000073,0.000054,0.000052,0.000062,0.000069,0.000009,0.000018,0.000044,0.000058
873,,,,,,,,,,,,,0.000115,0.000006,0.000089,0.000120,0.000092,0.000082,0.000100,0.000081,0.000093,0.000089,0.000065,0.000053,0.000049,0.000054,0.000076,0.000087,0.000100,0.000118,0.000114,0.000060,0.000128,0.000099,0.000071,0.000195,0.000041,0.000016,0.000030,0.000126,0.000132,0.000097,0.000066,0.000063,0.000033,0.000029,0.000014,0.000033,0.000059,0.000048
874,,,,,,,,,,,,,0.001092,0.000003,0.000047,0.000058,0.000062,0.000072,0.000076,0.000097,0.000125,0.000160,0.000167,0.000209,0.000248,0.000228,0.000195,0.000161,0.000163,0.000148,0.000133,0.000039,0.000110,0.000052,0.000031,0.000069,0.000017,0.000011,0.000015,0.000098,0.000109,0.000112,0.000085,0.000076,0.000067,0.000044,0.000006,0.000014,0.000038,0.000033
875,,,,,,,,,,,,,0.000889,0.000004,0.000042,0.000066,0.000067,0.000054,0.000057,0.000055,0.000049,0.000044,0.000044,0.000037,0.000030,0.000025,0.000025,0.000025,0.000037,0.000050,0.000047,0.000055,0.000058,0.000040,0.000030,0.000055,0.000019,0.000007,0.000010,0.000046,0.000074,0.000109,0.000069,0.000064,0.000047,0.000040,0.000007,0.000026,0.000058,0.000069
876,,,,,,,,,,,,,0.001167,0.000004,0.000074,0.000101,0.000138,0.000222,0.000235,0.000483,0.000302,0.000244,0.000146,0.000106,0.000124,0.000100,0.000075,0.000071,0.000077,0.000092,0.000099,0.000039,0.000217,0.000177,0.000121,0.000244,0.000034,0.000008,0.000011,0.000069,0.000072,0.000110,0.000071,0.000058,0.000029,0.000015,0.000006,0.000013,0.000039,0.000066
877,,,,,,,,,,,,,0.000456,0.000003,0.000043,0.000049,0.000054,0.000082,0.000095,0.000102,0.000138,0.000147,0.000157,0.000155,0.000170,0.000148,0.000183,0.000243,0.000322,0.000343,0.000302,0.000069,0.000183,0.000061,0.000047,0.000074,0.000024,0.000010,0.000017,0.000047,0.000065,0.000120,0.000145,0.000190,0.000210,0.000195,0.000016,0.000031,0.000066,0.000064
878,,,,,,,,,,,,,0.000339,0.000003,0.000042,0.000045,0.000044,0.000046,0.000041,0.000061,0.000056,0.000052,0.000050,0.000049,0.000047,0.000055,0.000065,0.000087,0.000099,0.000094,0.000146,0.000055,0.000179,0.000073,0.000043,0.000091,0.000016,0.000009,0.000007,0.000022,0.000029,0.000034,0.000073,0.000023,0.000019,0.000025,0.000007,0.000016,0.000083,0.000082
879,,,,,,,,,,,,,0.000605,0.000007,0.000088,0.000126,0.000138,0.000145,0.000143,0.000101,0.000128,0.000110,0.000086,0.000080,0.000084,0.000085,0.000085,0.000082,0.000078,0.000086,0.000068,0.000020,0.000054,0.000036,0.000029,0.000020,0.000016,0.000013,0.000028,0.000067,0.000049,0.000045,0.000039,0.000059,0.000036,0.000023,0.000007,0.000016,0.000053,0.000068
880,,,,,,,,,,,,,0.000425,0.000005,0.000118,0.000265,0.000407,0.000591,0.000676,0.000567,0.000612,0.000492,0.000433,0.000361,0.000359,0.000301,0.000283,0.000295,0.000316,0.000357,0.000362,0.000085,0.000270,0.000083,0.000045,0.000102,0.000028,0.000005,0.000006,0.000026,0.000030,0.000047,0.000053,0.000035,0.000026,0.000014,0.000004,0.000010,0.000021,0.000039
881,,,,,,,,,,,,,0.000534,0.000004,0.000076,0.000096,0.000110,0.000111,0.000143,0.000123,0.000140,0.000121,0.000077,0.000075,0.000076,0.000076,0.000086,0.000117,0.000187,0.000220,0.000227,0.000062,0.000173,0.000070,0.000042,0.000088,0.000020,0.000007,0.000009,0.000055,0.000056,0.000066,0.000050,0.000047,0.000047,0.000040,0.000007,0.000015,0.000050,0.000053
882,,,,,,,,,,,,,0.000488,0.000004,0.000111,0.000188,0.000196,0.000176,0.000152,0.000096,0.000105,0.000085,0.000069,0.000065,0.000076,0.000065,0.000054,0.000058,0.000059,0.000061,0.000057,0.000034,0.000106,0.000060,0.000038,0.000046,0.000012,0.000005,0.000008,0.000032,0.000025,0.000031,0.000027,0.000022,0.000020,0.000021,0.000007,0.000017,0.000059,0.000064
883,,,,,,,,,,,,,0.000301,0.000016,0.000337,0.000475,0.000460,0.000418,0.000334,0.000217,0.000255,0.000220,0.000173,0.000175,0.000187,0.000166,0.000150,0.000148,0.000162,0.000169,0.000144,0.000042,0.000125,0.000064,0.000058,0.000097,0.000019,0.000005,0.000006,0.000035,0.000041,0.000056,0.000046,0.000057,0.000055,0.000046,0.000005,0.000014,0.000066,0.000092
884,,,,,,,,,,,,,0.000255,0.000003,0.000057,0.000068,0.000064,0.000066,0.000074,0.000062,0.000109,0.000112,0.000102,0.000103,0.000113,0.000105,0.000112,0.000100,0.000099,0.000137,0.000201,0.000093,0.000427,0.000177,0.000126,0.000292,0.000057,0.000013,0.000024,0.000229,0.000257,0.000321,0.000226,0.000171,0.000141,0.000156,0.000013,0.000024,0.000051,0.000046
885,,,,,,,,,,,,,0.000138,0.000003,0.000044,0.000034,0.000048,0.000053,0.000054,0.000061,0.000075,0.000078,0.000067,0.000071,0.000083,0.000073,0.000065,0.000055,0.000062,0.000058,0.000055,0.000021,0.000030,0.000021,0.000019,0.000032,0.000014,0.000007,0.000008,0.000021,0.000019,0.000026,0.000019,0.000024,0.000020,0.000024,0.000008,0.000028,0.000081,0.000134
886,,,,,,,,,,,,,0.001572,0.000011,0.000191,0.000257,0.000227,0.000200,0.000178,0.000137,0.000137,0.000114,0.000100,0.000084,0.000089,0.000093,0.000086,0.000087,0.000069,0.000079,0.000072,0.000023,0.000065,0.000036,0.000028,0.000051,0.000015,0.000005,0.000008,0.000031,0.000027,0.000033,0.000028,0.000042,0.000036,0.000040,0.000007,0.000015,0.000064,0.000071
887,,,,,,,,,,,,,0.000840,0.000005,0.000148,0.000263,0.000291,0.000302,0.000293,0.000216,0.000207,0.000167,0.000138,0.000125,0.000125,0.000104,0.000103,0.000093,0.000082,0.000077,0.000065,0.000029,0.000078,0.000049,0.000031,0.000084,0.000018,0.000005,0.000008,0.000037,0.000036,0.000047,0.000041,0.000040,0.000032,0.000032,0.000003,0.000008,0.000037,0.000050
888,,,,,,,,,,,,,0.001008,0.000010,0.000131,0.000172,0.000157,0.000133,0.000145,0.000144,0.000178,0.000178,0.000162,0.000149,0.000153,0.000150,0.000140,0.000126,0.000106,0.000110,0.000114,0.000056,0.000125,0.000064,0.000037,0.000059,0.000020,0.000005,0.000009,0.000039,0.000048,0.000060,0.000055,0.000064,0.000053,0.000071,0.000008,0.000048,0.000234,0.000186
889,,,,,,,,,,,,,0.003987,0.000005,0.000084,0.000112,0.000125,0.000154,0.000178,0.000158,0.000163,0.000150,0.000119,0.000110,0.000113,0.000101,0.000091,0.000076,0.000055,0.000063,0.000064,0.000049,0.000112,0.000062,0.000042,0.000101,0.000020,0.000006,0.000008,0.000030,0.000050,0.000034,0.000024,0.000020,0.000012,0.000017,0.000011,0.000032,0.000115,0.000098
890,,,,,,,,,,,,,0.000833,0.000005,0.000071,0.000104,0.000109,0.000147,0.000195,0.000122,0.000100,0.000108,0.000068,0.000063,0.000068,0.000057,0.000046,0.000056,0.000070,0.000106,0.000106,0.000038,0.000094,0.000064,0.000033,0.000041,0.000015,0.000009,0.000029,0.000121,0.000083,0.000083,0.000095,0.000054,0.000039,0.000034,0.000007,0.000017,0.000069,0.000116
891,,,,,,,,,,,,,0.000035,0.000013,0.000141,0.000179,0.000183,0.000181,0.000146,0.000120,0.000105,0.000096,0.000081,0.000095,0.000097,0.000094,0.000099,0.000114,0.000143,0.000177,0.000177,0.000080,0.000110,0.000048,0.000031,0.000044,0.000009,0.000005,0.000006,0.000041,0.000040,0.000057,0.000045,0.000036,0.000032,0.000028,0.000005,0.000011,0.000041,0.000053
892,,,,,,,,,,,,,0.000649,0.000009,0.000096,0.000115,0.000133,0.000165,0.000217,0.000227,0.000270,0.000245,0.000210,0.000194,0.000181,0.000158,0.000141,0.000106,0.000097,0.000126,0.000149,0.000052,0.000182,0.000072,0.000042,0.000074,0.000039,0.000007,0.000007,0.000031,0.000037,0.000073,0.000065,0.000075,0.000092,0.000067,0.000008,0.000020,0.000108,0.000133
893,,,,,,,,,,,,,0.001582,0.000006,0.000091,0.000128,0.000145,0.000157,0.000171,0.000210,0.000244,0.000221,0.000173,0.000153,0.000145,0.000141,0.000142,0.000126,0.000106,0.000092,0.000071,0.000058,0.000040,0.000034,0.000039,0.000050,0.000017,0.000011,0.000024,0.000076,0.000115,0.000070,0.000050,0.000040,0.000039,0.000024,0.000014,0.000030,0.000087,0.000109
894,,,,,,,,,,,,,0.001339,0.000012,0.000134,0.000151,0.000114,0.000096,0.000080,0.000063,0.000061,0.000057,0.000055,0.000054,0.000062,0.000056,0.000054,0.000070,0.000052,0.000049,0.000051,0.000028,0.000056,0.000049,0.000035,0.000063,0.000019,0.000006,0.000014,0.000029,0.000031,0.000039,0.000040,0.000043,0.000037,0.000036,0.000006,0.000009,0.000027,0.000045
895,,,,,,,,,,,,,0.000540,0.000007,0.000103,0.000112,0.000106,0.000105,0.000154,0.000110,0.000121,0.000145,0.000158,0.000184,0.000248,0.000267,0.000294,0.000280,0.000269,0.000288,0.000272,0.000068,0.000193,0.000078,0.000041,0.000076,0.000013,0.000006,0.000011,0.000034,0.000087,0.000161,0.000096,0.000102,0.000052,0.000046,0.000008,0.000019,0.000038,0.000048
896,,,,,,,,,,,,,0.001206,0.000008,0.000092,0.000103,0.000078,0.000098,0.000088,0.000112,0.000148,0.000136,0.000137,0.000149,0.000190,0.000151,0.000130,0.000149,0.000136,0.000131,0.000123,0.000058,0.000187,0.000103,0.000056,0.000075,0.000038,0.000024,0.000027,0.000082,0.000118,0.000111,0.000083,0.000118,0.000113,0.000084,0.000019,0.000032,0.000079,0.000099
897,,,,,,,,,,,,,0.013902,0.000027,0.000281,0.000344,0.000355,0.000322,0.000316,0.000228,0.000252,0.000228,0.000207,0.000196,0.000195,0.000153,0.000113,0.000097,0.000086,0.000092,0.000069,0.000029,0.000068,0.000033,0.000020,0.000031,0.000017,0.000007,0.000009,0.000044,0.000040,0.000041,0.000022,0.000022,0.000021,0.000026,0.000017,0.000090,0.000486,0.000661
898,,,,,,,,,,,,,0.000436,0.000003,0.000060,0.000078,0.000082,0.000100,0.000110,0.000107,0.000158,0.000171,0.000162,0.000154,0.000145,0.000116,0.000105,0.000095,0.000078,0.000059,0.000054,0.000031,0.000040,0.000030,0.000030,0.000088,0.000025,0.000008,0.000010,0.000051,0.000044,0.000059,0.000052,0.000043,0.000024,0.000028,0.000008,0.000016,0.000039,0.000066
899,,,,,,,,,,,,,0.000277,0.000007,0.000124,0.000160,0.000143,0.000120,0.000107,0.000090,0.000092,0.000082,0.000069,0.000081,0.000103,0.000122,0.000159,0.000191,0.000223,0.000233,0.000193,0.000046,0.000116,0.000061,0.000036,0.000076,0.000024,0.000007,0.000009,0.000036,0.000032,0.000049,0.000044,0.000035,0.000034,0.000026,0.000004,0.000012,0.000047,0.000063
900,,,,,,,,,,,,,0.000833,0.000003,0.000042,0.000061,0.000062,0.000067,0.000072,0.000098,0.000167,0.000171,0.000151,0.000163,0.000180,0.000165,0.000156,0.000124,0.000117,0.000117,0.000108,0.000039,0.000155,0.000081,0.000067,0.000143,0.000034,0.000013,0.000021,0.000050,0.000029,0.000038,0.000030,0.000027,0.000035,0.000028,0.000008,0.000016,0.000052,0.000053
901,,,,,,,,,,,,,0.000575,0.000006,0.000097,0.000088,0.000087,0.000112,0.000105,0.000117,0.000109,0.000093,0.000100,0.000095,0.000085,0.000074,0.000082,0.000099,0.000098,0.000107,0.000108,0.000049,0.000116,0.000067,0.000083,0.000195,0.000035,0.000009,0.000017,0.000056,0.000087,0.000094,0.000065,0.000072,0.000058,0.000058,0.000008,0.000017,0.000064,0.000085
902,,,,,,,,,,,,,0.000676,0.000019,0.000290,0.000346,0.000291,0.000284,0.000270,0.000221,0.000196,0.000167,0.000122,0.000107,0.000101,0.000077,0.000087,0.000096,0.000124,0.000176,0.000188,0.000057,0.000189,0.000085,0.000064,0.000131,0.000027,0.000008,0.000013,0.000074,0.000067,0.000089,0.000053,0.000043,0.000037,0.000031,0.000006,0.000012,0.000061,0.000074
903,,,,,,,,,,,,,0.000166,0.000006,0.000080,0.000079,0.000093,0.000097,0.000096,0.000083,0.000100,0.000098,0.000094,0.000067,0.000068,0.000081,0.000098,0.000077,0.000089,0.000135,0.000136,0.000056,0.000156,0.000056,0.000035,0.000048,0.000025,0.000007,0.000009,0.000024,0.000024,0.000030,0.000033,0.000022,0.000020,0.000017,0.000006,0.000015,0.000042,0.000054
904,,,,,,,,,,,,,0.000809,0.000007,0.000073,0.000079,0.000070,0.000068,0.000071,0.000051,0.000094,0.000128,0.000132,0.000126,0.000114,0.000097,0.000108,0.000118,0.000097,0.000080,0.000075,0.000028,0.000043,0.000038,0.000027,0.000047,0.000015,0.000007,0.000008,0.000024,0.000028,0.000041,0.000031,0.000036,0.000036,0.000020,0.000011,0.000044,0.000217,0.000204
905,,,,,,,,,,,,,0.000809,0.000004,0.000042,0.000048,0.000058,0.000054,0.000048,0.000031,0.000036,0.000035,0.000032,0.000039,0.000043,0.000037,0.000034,0.000028,0.000029,0.000039,0.000044,0.000017,0.000052,0.000033,0.000021,0.000035,0.000011,0.000006,0.000011,0.000029,0.000037,0.000034,0.000026,0.000030,0.000033,0.000032,0.000006,0.000020,0.000074,0.000087
906,,,,,,,,,,,,,0.000593,0.000005,0.000073,0.000097,0.000094,0.000109,0.000124,0.000115,0.000147,0.000149,0.000109,0.000094,0.000103,0.000082,0.000082,0.000077,0.000065,0.000078,0.000086,0.000040,0.000130,0.000085,0.000060,0.000150,0.000022,0.000007,0.000010,0.000070,0.000043,0.000051,0.000050,0.000066,0.000093,0.000084,0.000006,0.000013,0.000048,0.000065
907,,,,,,,,,,,,,0.000634,0.000003,0.000049,0.000025,0.000048,0.000048,0.000049,0.000052,0.000053,0.000037,0.000070,0.000073,0.000080,0.000073,0.000066,0.000077,0.000082,0.000073,0.000067,0.000043,0.000089,0.000050,0.000049,0.000077,0.000022,0.000013,0.000015,0.000057,0.000100,0.000154,0.000148,0.000133,0.000100,0.000098,0.000015,0.000031,0.000046,0.000054
908,,,,,,,,,,,,,0.001066,0.000004,0.000067,0.000103,0.000196,0.000400,0.000523,0.000474,0.000401,0.000309,0.000246,0.000202,0.000176,0.000137,0.000123,0.000106,0.000096,0.000088,0.000093,0.000050,0.000169,0.000069,0.000051,0.000109,0.000024,0.000007,0.000010,0.000052,0.000063,0.000068,0.000057,0.000061,0.000053,0.000052,0.000006,0.000018,0.000058,0.000087
909,,,,,,,,,,,,,0.000162,0.000003,0.000023,0.000041,0.000065,0.000061,0.000070,0.000082,0.000101,0.000116,0.000110,0.000119,0.000121,0.000091,0.000076,0.000069,0.000070,0.000073,0.000084,0.000031,0.000126,0.000063,0.000038,0.000073,0.000015,0.000005,0.000008,0.000076,0.000086,0.000086,0.000056,0.000034,0.000026,0.000033,0.000006,0.000014,0.000071,0.000072
910,,,,,,,,,,,,,0.001423,0.000012,0.000138,0.000147,0.000210,0.000351,0.000456,0.000388,0.000381,0.000313,0.000227,0.000210,0.000227,0.000204,0.000206,0.000186,0.000236,0.000213,0.000164,0.000070,0.000112,0.000067,0.000049,0.000068,0.000023,0.000011,0.000012,0.000049,0.000055,0.000068,0.000053,0.000055,0.000057,0.000069,0.000012,0.000022,0.000051,0.000077
911,,,,,,,,,,,,,0.001318,0.000008,0.000123,0.000182,0.000189,0.000195,0.000190,0.000159,0.000146,0.000127,0.000105,0.000103,0.000120,0.000106,0.000113,0.000108,0.000111,0.000111,0.000092,0.000025,0.000064,0.000038,0.000027,0.000045,0.000019,0.000007,0.000013,0.000101,0.000105,0.000141,0.000099,0.000078,0.000048,0.000035,0.000006,0.000015,0.000067,0.000086
912,,,,,,,,,,,,,0.000048,0.000003,0.000058,0.000090,0.000117,0.000108,0.000114,0.000075,0.000070,0.000079,0.000079,0.000067,0.000051,0.000033,0.000037,0.000052,0.000061,0.000068,0.000055,0.000024,0.000072,0.000042,0.000030,0.000056,0.000016,0.000008,0.000009,0.000033,0.000040,0.000076,0.000110,0.000127,0.000121,0.000105,0.000010,0.000021,0.000074,0.000098
913,,,,,,,,,,,,,0.001273,0.000011,0.000144,0.000145,0.000124,0.000108,0.000130,0.000098,0.000097,0.000107,0.000083,0.000074,0.000076,0.000066,0.000054,0.000059,0.000064,0.000049,0.000060,0.000024,0.000049,0.000036,0.000027,0.000040,0.000019,0.000009,0.000010,0.000025,0.000029,0.000031,0.000031,0.000039,0.000022,0.000025,0.000009,0.000021,0.000060,0.000065
914,,,,,,,,,,,,,0.000501,0.000009,0.000124,0.000141,0.000151,0.000164,0.000161,0.000132,0.000159,0.000159,0.000126,0.000126,0.000133,0.000115,0.000117,0.000145,0.000280,0.000141,0.000092,0.000037,0.000113,0.000049,0.000049,0.000067,0.000021,0.000007,0.000012,0.000044,0.000048,0.000076,0.000052,0.000038,0.000051,0.000041,0.000009,0.000023,0.000077,0.000087
915,,,,,,,,,,,,,0.004688,0.000006,0.000055,0.000110,0.000086,0.000063,0.000072,0.000069,0.000082,0.000146,0.000204,0.000247,0.000218,0.000183,0.000164,0.000143,0.000109,0.000096,0.000083,0.000030,0.000082,0.000050,0.000045,0.000081,0.000022,0.000007,0.000012,0.000029,0.000061,0.000057,0.000062,0.000066,0.000058,0.000074,0.000018,0.000053,0.000162,0.000175
916,,,,,,,,,,,,,-0.000107,0.000005,0.000047,0.000067,0.000060,0.000065,0.000069,0.000056,0.000074,0.000064,0.000068,0.000086,0.000088,0.000076,0.000072,0.000073,0.000063,0.000057,0.000058,0.000023,0.000069,0.000044,0.000029,0.000063,0.000016,0.000006,0.000009,0.000091,0.000099,0.000119,0.000078,0.000054,0.000039,0.000045,0.000006,0.000027,0.000150,0.000125
917,,,,,,,,,,,,,0.001070,0.000004,0.000063,0.000081,0.000070,0.000064,0.000051,0.000044,0.000045,0.000066,0.000064,0.000080,0.000085,0.000073,0.000071,0.000061,0.000060,0.000066,0.000078,0.000027,0.000079,0.000041,0.000028,0.000053,0.000013,0.000005,0.000008,0.000029,0.000031,0.000049,0.000046,0.000051,0.000057,0.000051,0.000005,0.000013,0.000077,0.000061
918,,,,,,,,,,,,,0.001013,0.000005,0.000084,0.000102,0.000115,0.000147,0.000137,0.000139,0.000203,0.000258,0.000280,0.000295,0.000282,0.000203,0.000194,0.000134,0.000110,0.000115,0.000112,0.000031,0.000108,0.000052,0.000036,0.000060,0.000017,0.000006,0.000008,0.000042,0.000042,0.000042,0.000033,0.000031,0.000027,0.000030,0.000006,0.000016,0.000067,0.000064
919,,,,,,,,,,,,,0.000522,0.000007,0.000064,0.000095,0.000175,0.000278,0.000321,0.000292,0.000282,0.000236,0.000188,0.000156,0.000131,0.000112,0.000105,0.000098,0.000086,0.000102,0.000072,0.000025,0.000034,0.000036,0.000027,0.000038,0.000016,0.000006,0.000009,0.000040,0.000048,0.000073,0.000074,0.000085,0.000097,0.000100,0.000011,0.000027,0.000131,0.000158
920,,,,,,,,,,,,,0.001046,0.000004,0.000097,0.000150,0.000175,0.000156,0.000141,0.000098,0.000094,0.000071,0.000059,0.000055,0.000053,0.000049,0.000057,0.000065,0.000079,0.000096,0.000108,0.000034,0.000084,0.000050,0.000034,0.000058,0.000013,0.000006,0.000008,0.000057,0.000076,0.000129,0.000099,0.000081,0.000059,0.000050,0.000007,0.000015,0.000056,0.000071
921,,,,,,,,,,,,,0.000834,0.000005,0.000157,0.000195,0.000166,0.000158,0.000105,0.000072,0.000077,0.000104,0.000122,0.000130,0.000157,0.000134,0.000138,0.000174,0.000125,0.000117,0.000087,0.000030,0.000114,0.000055,0.000032,0.000079,0.000018,0.000007,0.000007,0.000032,0.000043,0.000047,0.000039,0.000035,0.000040,0.000036,0.000004,0.000013,0.000047,0.000062
922,,,,,,,,,,,,,0.000568,0.000005,0.000064,0.000094,0.000239,0.000521,0.000355,0.000190,0.000137,0.000125,0.000131,0.000153,0.000141,0.000123,0.000109,0.000117,0.000095,0.000098,0.000088,0.000040,0.000114,0.000055,0.000041,0.000084,0.000020,0.000011,0.000014,0.000044,0.000038,0.000047,0.000041,0.000043,0.000048,0.000043,0.000009,0.000021,0.000115,0.000133
923,,,,,,,,,,,,,0.001474,0.000003,0.000044,0.000051,0.000054,0.000060,0.000052,0.000047,0.000096,0.000096,0.000093,0.000081,0.000088,0.000080,0.000078,0.000130,0.000216,0.000101,0.000071,0.000025,0.000048,0.000034,0.000028,0.000063,0.000020,0.000007,0.000010,0.000058,0.000058,0.000066,0.000047,0.000048,0.000045,0.000048,0.000006,0.000012,0.000037,0.000032
924,,,,,,,,,,,,,0.001344,0.000005,0.000055,0.000079,0.000095,0.000099,0.000097,0.000087,0.000107,0.000107,0.000134,0.000153,0.000173,0.000156,0.000146,0.000148,0.000142,0.000126,0.000099,0.000031,0.000092,0.000058,0.000041,0.000053,0.000016,0.000027,0.000022,0.000082,0.000061,0.000054,0.000056,0.000062,0.000064,0.000071,0.000011,0.000020,0.000070,0.000090
925,,,,,,,,,,,,,0.000311,0.000011,0.000249,0.000319,0.000280,0.000248,0.000215,0.000164,0.000162,0.000117,0.000097,0.000089,0.000076,0.000082,0.000079,0.000055,0.000061,0.000073,0.000084,0.000046,0.000112,0.000075,0.000067,0.000147,0.000074,0.000019,0.000035,0.000290,0.000287,0.000405,0.000347,0.000331,0.000256,0.000170,0.000010,0.000023,0.000085,0.000103
926,,,,,,,,,,,,,0.000106,0.000005,0.000083,0.000103,0.000123,0.000148,0.000153,0.000133,0.000158,0.000169,0.000156,0.000132,0.000124,0.000103,0.000101,0.000107,0.000118,0.000122,0.000107,0.000035,0.000091,0.000044,0.000027,0.000051,0.000015,0.000008,0.000010,0.000052,0.000048,0.000076,0.000075,0.000081,0.000081,0.000079,0.000006,0.000016,0.000068,0.000078
927,,,,,,,,,,,,,-0.000055,0.000011,0.000248,0.000329,0.000290,0.000285,0.000250,0.000172,0.000170,0.000141,0.000108,0.000084,0.000081,0.000060,0.000049,0.000056,0.000063,0.000075,0.000090,0.000028,0.000090,0.000063,0.000051,0.000125,0.000025,0.000007,0.000014,0.000036,0.000038,0.000051,0.000040,0.000050,0.000029,0.000035,0.000004,0.000010,0.000042,0.000043
928,,,,,,,,,,,,,0.001077,0.000007,0.000135,0.000277,0.000555,0.001009,0.001136,0.000884,0.000867,0.000652,0.000504,0.000457,0.000463,0.000380,0.000334,0.000278,0.000246,0.000228,0.000167,0.000047,0.000136,0.000065,0.000044,0.000069,0.000017,0.000006,0.000009,0.000046,0.000082,0.000129,0.000091,0.000074,0.000050,0.000049,0.000007,0.000019,0.000102,0.000110
929,,,,,,,,,,,,,0.006253,0.000005,0.000036,0.000054,0.000070,0.000091,0.000124,0.000063,0.000042,0.000052,0.000043,0.000032,0.000044,0.000040,0.000036,0.000023,0.000012,0.000024,0.000037,0.000021,0.000069,0.000038,0.000032,0.000064,0.000014,0.000008,0.000009,0.000037,0.000048,0.000091,0.000083,0.000077,0.000088,0.000102,0.000014,0.000034,0.000077,0.000093
930,,,,,,,,,,,,,0.000404,0.000007,0.000083,0.000118,0.000121,0.000140,0.000137,0.000101,0.000107,0.000094,0.000099,0.000123,0.000135,0.000116,0.000114,0.000101,0.000147,0.000142,0.000100,0.000029,0.000076,0.000047,0.000031,0.000060,0.000014,0.000005,0.000008,0.000033,0.000043,0.000045,0.000033,0.000031,0.000025,0.000026,0.000004,0.000010,0.000049,0.000074
931,,,,,,,,,,,,,0.006652,0.000007,0.000097,0.000131,0.000181,0.000195,0.000174,0.000139,0.000133,0.000106,0.000113,0.000075,0.000086,0.000067,0.000071,0.000063,0.000061,0.000058,0.000058,0.000031,0.000077,0.000058,0.000046,0.000087,0.000026,0.000003,0.000006,0.000040,0.000086,0.000042,0.000031,0.000028,0.000021,0.000035,0.000007,0.000011,0.000116,0.000127
932,,,,,,,,,,,,,0.000293,0.000006,0.000104,0.000134,0.000134,0.000117,0.000110,0.000078,0.000091,0.000072,0.000070,0.000063,0.000072,0.000063,0.000054,0.000056,0.000056,0.000066,0.000071,0.000038,0.000201,0.000120,0.000090,0.000185,0.000024,0.000006,0.000007,0.000034,0.000045,0.000059,0.000044,0.000053,0.000055,0.000052,0.000004,0.000013,0.000044,0.000060
933,,,,,,,,,,,,,0.000262,0.000003,0.000056,0.000071,0.000073,0.000088,0.000111,0.000092,0.000128,0.000150,0.000148,0.000164,0.000186,0.000161,0.000203,0.000178,0.000151,0.000140,0.000122,0.000030,0.000068,0.000030,0.000022,0.000035,0.000012,0.000007,0.000009,0.000034,0.000027,0.000042,0.000027,0.000021,0.000022,0.000025,0.000004,0.000011,0.000039,0.000046
934,,,,,,,,,,,,,0.000255,0.000007,0.000107,0.000132,0.000187,0.000298,0.000356,0.000301,0.000269,0.000176,0.000138,0.000122,0.000124,0.000099,0.000087,0.000093,0.000082,0.000084,0.000069,0.000031,0.000094,0.000072,0.000073,0.000269,0.000045,0.000011,0.000014,0.000059,0.000052,0.000077,0.000070,0.000056,0.000056,0.000048,0.000007,0.000017,0.000040,0.000054
935,,,,,,,,,,,,,0.001032,0.000004,0.000068,0.000090,0.000095,0.000104,0.000115,0.000102,0.000116,0.000115,0.000119,0.000113,0.000112,0.000089,0.000085,0.000083,0.000078,0.000104,0.000167,0.000065,0.000350,0.000170,0.000108,0.000241,0.000027,0.000006,0.000008,0.000048,0.000051,0.000062,0.000053,0.000046,0.000041,0.000042,0.000004,0.000011,0.000055,0.000071
936,,,,,,,,,,,,,0.000866,0.000004,0.000063,0.000070,0.000072,0.000091,0.000107,0.000108,0.000136,0.000136,0.000104,0.000091,0.000113,0.000093,0.000092,0.000087,0.000103,0.000130,0.000168,0.000057,0.000169,0.000071,0.000056,0.000130,0.000032,0.000009,0.000010,0.000056,0.000055,0.000049,0.000033,0.000033,0.000035,0.000043,0.000015,0.000026,0.000052,0.000038
937,,,,,,,,,,,,,0.001140,0.000007,0.000067,0.000074,0.000080,0.000082,0.000101,0.000092,0.000093,0.000076,0.000080,0.000051,0.000080,0.000084,0.000110,0.000107,0.000110,0.000160,0.000222,0.000133,0.000260,0.000149,0.000094,0.000200,0.000042,0.000011,0.000013,0.000047,0.000072,0.000049,0.000048,0.000043,0.000030,0.000037,0.000013,0.000026,0.000071,0.000098
938,,,,,,,,,,,,,0.000674,0.000006,0.000064,0.000094,0.000109,0.000142,0.000155,0.000129,0.000145,0.000122,0.000118,0.000158,0.000230,0.000280,0.000312,0.000352,0.000366,0.000364,0.000300,0.000071,0.000222,0.000085,0.000060,0.000093,0.000026,0.000009,0.000012,0.000051,0.000055,0.000058,0.000045,0.000045,0.000032,0.000036,0.000007,0.000018,0.000072,0.000069
939,,,,,,,,,,,,,0.000440,0.000004,0.000040,0.000058,0.000075,0.000067,0.000058,0.000062,0.000066,0.000067,0.000057,0.000051,0.000037,0.000026,0.000051,0.000049,0.000059,0.000026,0.000018,0.000014,0.000020,0.000048,0.000046,0.000168,0.000036,0.000028,0.000031,0.000061,0.000076,0.000065,0.000062,0.000066,0.000055,0.000033,0.000010,0.000029,0.000072,0.000073
940,,,,,,,,,,,,,0.000358,0.000004,0.000048,0.000050,0.000057,0.000062,0.000045,0.000046,0.000062,0.000054,0.000043,0.000040,0.000049,0.000053,0.000043,0.000056,0.000068,0.000051,0.000057,0.000022,0.000055,0.000054,0.000045,0.000075,0.000021,0.000010,0.000014,0.000098,0.000120,0.000151,0.000100,0.000124,0.000064,0.000051,0.000007,0.000016,0.000051,0.000059
941,,,,,,,,,,,,,0.000201,0.000007,0.000096,0.000109,0.000119,0.000122,0.000119,0.000102,0.000124,0.000103,0.000089,0.000078,0.000090,0.000076,0.000080,0.000079,0.000079,0.000078,0.000063,0.000032,0.000071,0.000057,0.000050,0.000132,0.000024,0.000011,0.000010,0.000047,0.000075,0.000073,0.000058,0.000053,0.000050,0.000039,0.000006,0.000010,0.000049,0.000061
942,,,,,,,,,,,,,0.000796,0.000006,0.000116,0.000151,0.000169,0.000205,0.000205,0.000162,0.000194,0.000181,0.000216,0.000206,0.000204,0.000170,0.000158,0.000148,0.000138,0.000122,0.000119,0.000037,0.000122,0.000054,0.000034,0.000051,0.000016,0.000006,0.000009,0.000025,0.000028,0.000036,0.000035,0.000040,0.000024,0.000027,0.000005,0.000015,0.000059,0.000065
943,,,,,,,,,,,,,0.000173,0.000004,0.000063,0.000082,0.000080,0.000089,0.000083,0.000094,0.000136,0.000133,0.000139,0.000139,0.000149,0.000138,0.000153,0.000164,0.000176,0.000160,0.000145,0.000043,0.000099,0.000047,0.000032,0.000043,0.000015,0.000005,0.000008,0.000023,0.000027,0.000044,0.000054,0.000058,0.000070,0.000089,0.000009,0.000019,0.000058,0.000062
944,,,,,,,,,,,,,0.002170,0.000008,0.000052,0.000069,0.000083,0.000083,0.000070,0.000082,0.000084,0.000074,0.000068,0.000065,0.000077,0.000069,0.000069,0.000099,0.000134,0.000169,0.000179,0.000046,0.000129,0.000066,0.000054,0.000098,0.000021,0.000007,0.000010,0.000030,0.000033,0.000055,0.000055,0.000070,0.000070,0.000062,0.000007,0.000018,0.000115,0.000188
945,,,,,,,,,,,,,0.000832,0.000008,0.000138,0.000167,0.000176,0.000203,0.000224,0.000191,0.000228,0.000239,0.000207,0.000216,0.000216,0.000186,0.000174,0.000144,0.000120,0.000126,0.000106,0.000039,0.000098,0.000044,0.000031,0.000071,0.000017,0.000006,0.000007,0.000025,0.000029,0.000041,0.000042,0.000041,0.000026,0.000020,0.000007,0.000029,0.000101,0.000186
946,,,,,,,,,,,,,0.002739,0.000011,0.000094,0.000097,0.000133,0.000202,0.000273,0.000339,0.000421,0.000401,0.000340,0.000280,0.000298,0.000258,0.000212,0.000163,0.000145,0.000153,0.000159,0.000053,0.000138,0.000065,0.000049,0.000092,0.000036,0.000008,0.000011,0.000064,0.000072,0.000095,0.000064,0.000052,0.000047,0.000042,0.000007,0.000029,0.000070,0.000091
947,,,,,,,,,,,,,-0.000060,0.000003,0.000036,0.000048,0.000039,0.000033,0.000038,0.000036,0.000048,0.000065,0.000070,0.000059,0.000066,0.000059,0.000052,0.000048,0.000052,0.000059,0.000066,0.000028,0.000067,0.000042,0.000031,0.000064,0.000017,0.000008,0.000012,0.000076,0.000080,0.000083,0.000053,0.000037,0.000033,0.000029,0.000006,0.000011,0.000029,0.000037
948,,,,,,,,,,,,,0.000632,0.000014,0.000198,0.000272,0.000342,0.000370,0.000313,0.000279,0.000345,0.000345,0.000299,0.000280,0.000271,0.000231,0.000208,0.000185,0.000141,0.000124,0.000115,0.000039,0.000104,0.000068,0.000038,0.000073,0.000021,0.000006,0.000007,0.000039,0.000045,0.000065,0.000052,0.000059,0.000047,0.000050,0.000005,0.000016,0.000074,0.000090
949,,,,,,,,,,,,,0.000876,0.000007,0.000110,0.000170,0.000190,0.000276,0.000344,0.000379,0.000367,0.000279,0.000210,0.000157,0.000145,0.000123,0.000117,0.000091,0.000086,0.000072,0.000090,0.000053,0.000264,0.000142,0.000112,0.000170,0.000027,0.000008,0.000007,0.000051,0.000089,0.000060,0.000083,0.000126,0.000150,0.000118,0.000007,0.000026,0.000101,0.000088
950,,,,,,,,,,,,,0.000902,0.000004,0.000046,0.000064,0.000074,0.000065,0.000065,0.000065,0.000091,0.000086,0.000095,0.000104,0.000106,0.000087,0.000110,0.000119,0.000175,0.000239,0.000353,0.000162,0.000401,0.000117,0.000082,0.000157,0.000028,0.000012,0.000014,0.000066,0.000060,0.000065,0.000059,0.000047,0.000039,0.000026,0.000006,0.000016,0.000045,0.000044
951,,,,,,,,,,,,,0.000819,0.000005,0.000067,0.000088,0.000096,0.000115,0.000128,0.000132,0.000137,0.000127,0.000111,0.000114,0.000121,0.000100,0.000092,0.000076,0.000080,0.000074,0.000052,0.000042,0.000056,0.000035,0.000024,0.000038,0.000015,0.000008,0.000009,0.000034,0.000032,0.000051,0.000053,0.000046,0.000034,0.000032,0.000005,0.000026,0.000054,0.000066
952,,,,,,,,,,,,,0.000982,0.000005,0.000074,0.000058,0.000057,0.000067,0.000111,0.000192,0.000245,0.000203,0.000129,0.000088,0.000070,0.000061,0.000048,0.000019,0.000010,0.000028,0.000079,0.000031,0.000117,0.000082,0.000055,0.000121,0.000033,0.000012,0.000018,0.000116,0.000168,0.000194,0.000135,0.000160,0.000135,0.000124,0.000015,0.000048,0.000164,0.000241
953,,,,,,,,,,,,,0.000093,0.000007,0.000171,0.000266,0.000386,0.000397,0.000304,0.000201,0.000210,0.000188,0.000156,0.000143,0.000150,0.000123,0.000103,0.000074,0.000062,0.000074,0.000066,0.000035,0.000060,0.000046,0.000032,0.000045,0.000014,0.000008,0.000010,0.000035,0.000052,0.000047,0.000032,0.000030,0.000032,0.000026,0.000006,0.000015,0.000069,0.000061
954,,,,,,,,,,,,,0.001487,0.000006,0.000073,0.000094,0.000120,0.000178,0.000210,0.000171,0.000189,0.000184,0.000155,0.000151,0.000158,0.000135,0.000116,0.000118,0.000129,0.000123,0.000117,0.000047,0.000293,0.000151,0.000080,0.000155,0.000023,0.000006,0.000007,0.000071,0.000074,0.000081,0.000055,0.000045,0.000050,0.000041,0.000006,0.000015,0.000070,0.000089
955,,,,,,,,,,,,,0.000817,0.000005,0.000060,0.000086,0.000107,0.000145,0.000141,0.000120,0.000146,0.000155,0.000127,0.000117,0.000117,0.000101,0.000097,0.000114,0.000222,0.000233,0.000181,0.000048,0.000141,0.000053,0.000039,0.000065,0.000016,0.000007,0.000008,0.000037,0.000039,0.000044,0.000030,0.000028,0.000033,0.000035,0.000005,0.000013,0.000043,0.000096
956,,,,,,,,,,,,,0.000769,0.000006,0.000065,0.000085,0.000076,0.000069,0.000085,0.000087,0.000136,0.000180,0.000213,0.000242,0.000341,0.000328,0.000380,0.000416,0.000367,0.000363,0.000258,0.000062,0.000126,0.000039,0.000037,0.000064,0.000026,0.000006,0.000006,0.000033,0.000048,0.000048,0.000071,0.000083,0.000080,0.000058,0.000011,0.000024,0.000087,0.000058
957,,,,,,,,,,,,,0.003869,0.000007,0.000061,0.000064,0.000083,0.000185,0.000120,0.000093,0.000095,0.000081,0.000072,0.000078,0.000073,0.000067,0.000076,0.000053,0.000057,0.000062,0.000047,0.000027,0.000130,0.000122,0.000107,0.000212,0.000036,0.000011,0.000014,0.000056,0.000067,0.000071,0.000078,0.000058,0.000056,0.000060,0.000009,0.000034,0.000193,0.000211
958,,,,,,,,,,,,,0.000298,0.000003,0.000036,0.000053,0.000071,0.000083,0.000082,0.000064,0.000083,0.000080,0.000079,0.000102,0.000120,0.000117,0.000125,0.000080,0.000077,0.000079,0.000071,0.000034,0.000061,0.000033,0.000020,0.000037,0.000011,0.000007,0.000008,0.000020,0.000021,0.000037,0.000037,0.000044,0.000044,0.000033,0.000006,0.000012,0.000054,0.000049
959,,,,,,,,,,,,,0.000384,0.000001,0.000005,0.000030,0.000084,0.000210,0.000346,0.000405,0.000585,0.000697,0.000774,0.000830,0.000914,0.000726,0.000622,0.000481,0.000380,0.000313,0.000222,0.000043,0.000129,0.000056,0.000048,0.000064,0.000016,0.000008,0.000009,0.000039,0.000071,0.000113,0.000089,0.000081,0.000066,0.000067,0.000016,0.000024,0.000049,0.000035
960,,,,,,,,,,,,,0.000669,0.000003,0.000062,0.000058,0.000052,0.000100,0.000112,0.000095,0.000126,0.000144,0.000142,0.000134,0.000130,0.000115,0.000113,0.000083,0.000064,0.000056,0.000031,0.000014,0.000032,0.000037,0.000039,0.000050,0.000012,0.000009,0.000012,0.000038,0.000035,0.000036,0.000028,0.000025,0.000032,0.000035,0.000009,0.000023,0.000059,0.000062
961,,,,,,,,,,,,,0.001344,0.000006,0.000121,0.000157,0.000167,0.000144,0.000107,0.000106,0.000122,0.000153,0.000116,0.000111,0.000128,0.000107,0.000098,0.000099,0.000082,0.000071,0.000060,0.000026,0.000061,0.000053,0.000034,0.000057,0.000015,0.000008,0.000019,0.000036,0.000078,0.000070,0.000071,0.000064,0.000054,0.000054,0.000009,0.000021,0.000059,0.000071
962,,,,,,,,,,,,,0.001187,0.000004,0.000052,0.000059,0.000064,0.000074,0.000079,0.000082,0.000116,0.000145,0.000147,0.000168,0.000179,0.000138,0.000113,0.000076,0.000062,0.000070,0.000072,0.000040,0.000111,0.000044,0.000033,0.000046,0.000013,0.000006,0.000008,0.000028,0.000033,0.000035,0.000032,0.000026,0.000029,0.000027,0.000006,0.000019,0.000050,0.000056
963,,,,,,,,,,,,,0.002228,0.000016,0.000252,0.000346,0.000364,0.000392,0.000416,0.000361,0.000431,0.000421,0.000340,0.000393,0.000427,0.000380,0.000381,0.000356,0.000342,0.000325,0.000330,0.000111,0.000487,0.000196,0.000110,0.000238,0.000034,0.000008,0.000010,0.000047,0.000060,0.000082,0.000059,0.000079,0.000056,0.000050,0.000005,0.000013,0.000083,0.000122
964,,,,,,,,,,,,,0.000160,0.000002,0.000033,0.000047,0.000047,0.000046,0.000038,0.000031,0.000035,0.000047,0.000054,0.000048,0.000045,0.000043,0.000036,0.000034,0.000033,0.000032,0.000045,0.000027,0.000068,0.000075,0.000079,0.000185,0.000035,0.000014,0.000014,0.000036,0.000058,0.000074,0.000061,0.000054,0.000052,0.000080,0.000010,0.000021,0.000042,0.000036
965,,,,,,,,,,,,,0.000707,0.000006,0.000082,0.000114,0.000145,0.000166,0.000178,0.000123,0.000159,0.000193,0.000199,0.000233,0.000305,0.000294,0.000300,0.000216,0.000159,0.000138,0.000104,0.000037,0.000146,0.000073,0.000058,0.000108,0.000030,0.000007,0.000008,0.000048,0.000078,0.000117,0.000110,0.000085,0.000061,0.000057,0.000007,0.000021,0.000085,0.000083
966,,,,,,,,,,,,,0.000312,0.000004,0.000075,0.000064,0.000058,0.000053,0.000064,0.000048,0.000066,0.000089,0.000080,0.000089,0.000091,0.000064,0.000047,0.000075,0.000075,0.000077,0.000071,0.000031,0.000078,0.000066,0.000042,0.000065,0.000017,0.000008,0.000010,0.000034,0.000146,0.000086,0.000066,0.000061,0.000051,0.000048,0.000008,0.000021,0.000069,0.000074
967,,,,,,,,,,,,,0.001591,0.000008,0.000132,0.000161,0.000158,0.000192,0.000208,0.000165,0.000195,0.000178,0.000168,0.000169,0.000167,0.000139,0.000144,0.000155,0.000136,0.000135,0.000110,0.000052,0.000106,0.000047,0.000039,0.000061,0.000021,0.000006,0.000009,0.000046,0.000073,0.000124,0.000130,0.000164,0.000100,0.000063,0.000007,0.000022,0.000102,0.000115
968,,,,,,,,,,,,,-0.000123,0.000006,0.000100,0.000178,0.000197,0.000181,0.000161,0.000133,0.000148,0.000151,0.000158,0.000166,0.000166,0.000130,0.000107,0.000092,0.000066,0.000063,0.000058,0.000022,0.000052,0.000039,0.000031,0.000068,0.000015,0.000007,0.000008,0.000020,0.000039,0.000047,0.000040,0.000047,0.000053,0.000064,0.000009,0.000019,0.000043,0.000060
969,,,,,,,,,,,,,0.000208,0.000005,0.000045,0.000055,0.000065,0.000088,0.000111,0.000102,0.000136,0.000167,0.000183,0.000253,0.000356,0.000412,0.000499,0.000435,0.000404,0.000392,0.000320,0.000064,0.000146,0.000061,0.000036,0.000073,0.000017,0.000006,0.000008,0.000028,0.000033,0.000037,0.000032,0.000039,0.000041,0.000042,0.000006,0.000019,0.000055,0.000052
970,,,,,,,,,,,,,0.001561,0.000005,0.000072,0.000082,0.000065,0.000081,0.000091,0.000091,0.000083,0.000085,0.000086,0.000068,0.000062,0.000047,0.000067,0.000054,0.000052,0.000062,0.000041,0.000027,0.000051,0.000046,0.000024,0.000025,0.000036,0.000012,0.000021,0.000285,0.000477,0.000608,0.000346,0.000249,0.000191,0.000171,0.000019,0.000029,0.000075,0.000082
971,,,,,,,,,,,,,0.000317,0.000017,0.000090,0.000092,0.000112,0.000137,0.000141,0.000161,0.000199,0.000142,0.000120,0.000090,0.000104,0.000066,0.000073,0.000114,0.000129,0.000206,0.000234,0.000069,0.000103,0.000053,0.000049,0.000063,0.000027,0.000018,0.000026,0.000062,0.000093,0.000099,0.000063,0.000074,0.000065,0.000069,0.000026,0.000044,0.000190,0.000227
972,,,,,,,,,,,,,0.002695,0.000006,0.000099,0.000099,0.000109,0.000113,0.000105,0.000080,0.000080,0.000078,0.000090,0.000157,0.000265,0.000337,0.000358,0.000258,0.000194,0.000164,0.000115,0.000037,0.000086,0.000045,0.000034,0.000036,0.000020,0.000008,0.000011,0.000030,0.000036,0.000057,0.000083,0.000076,0.000050,0.000058,0.000010,0.000027,0.000085,0.000124
973,,,,,,,,,,,,,0.000993,0.000003,0.000044,0.000052,0.000057,0.000085,0.000072,0.000061,0.000061,0.000069,0.000065,0.000070,0.000084,0.000089,0.000131,0.000178,0.000223,0.000171,0.000156,0.000051,0.000190,0.000114,0.000055,0.000087,0.000020,0.000008,0.000011,0.000034,0.000052,0.000071,0.000032,0.000031,0.000037,0.000021,0.000007,0.000016,0.000071,0.000082
974,,,,,,,,,,,,,0.000686,0.000004,0.000058,0.000080,0.000117,0.000159,0.000180,0.000165,0.000170,0.000191,0.000194,0.000103,0.000098,0.000091,0.000129,0.000129,0.000126,0.000113,0.000110,0.000036,0.000110,0.000061,0.000050,0.000097,0.000020,0.000008,0.000009,0.000075,0.000176,0.000283,0.000180,0.000139,0.000089,0.000066,0.000011,0.000021,0.000077,0.000091
975,,,,,,,,,,,,,0.000586,0.000017,0.000197,0.000248,0.000183,0.000166,0.000164,0.000127,0.000123,0.000119,0.000114,0.000112,0.000105,0.000078,0.000090,0.000076,0.000061,0.000047,0.000038,0.000028,0.000064,0.000046,0.000044,0.000047,0.000018,0.000009,0.000010,0.000116,0.000260,0.000431,0.000360,0.000361,0.000332,0.000302,0.000025,0.000073,0.000425,0.000364
976,,,,,,,,,,,,,0.000783,0.000005,0.000062,0.000077,0.000060,0.000043,0.000065,0.000061,0.000062,0.000068,0.000082,0.000057,0.000078,0.000098,0.000094,0.000091,0.000098,0.000102,0.000089,0.000038,0.000103,0.000038,0.000027,0.000067,0.000028,0.000015,0.000030,0.000105,0.000085,0.000087,0.000050,0.000044,0.000030,0.000035,0.000005,0.000011,0.000039,0.000069
977,,,,,,,,,,,,,0.000765,0.000007,0.000072,0.000084,0.000081,0.000116,0.000133,0.000087,0.000087,0.000075,0.000061,0.000061,0.000058,0.000070,0.000094,0.000088,0.000090,0.000092,0.000077,0.000041,0.000109,0.000066,0.000057,0.000146,0.000029,0.000008,0.000010,0.000038,0.000055,0.000065,0.000044,0.000042,0.000042,0.000035,0.000007,0.000017,0.000090,0.000094
978,,,,,,,,,,,,,0.001175,0.000003,0.000043,0.000055,0.000093,0.000132,0.000164,0.000146,0.000142,0.000134,0.000116,0.000102,0.000097,0.000110,0.000126,0.000097,0.000084,0.000083,0.000055,0.000023,0.000045,0.000035,0.000028,0.000068,0.000019,0.000007,0.000009,0.000024,0.000026,0.000076,0.000114,0.000186,0.000154,0.000139,0.000020,0.000031,0.000092,0.000106
979,,,,,,,,,,,,,0.000623,0.000003,0.000047,0.000064,0.000064,0.000058,0.000050,0.000036,0.000046,0.000076,0.000093,0.000104,0.000117,0.000119,0.000121,0.000114,0.000096,0.000094,0.000081,0.000077,0.000072,0.000040,0.000050,0.000053,0.000016,0.000006,0.000008,0.000050,0.000071,0.000111,0.000090,0.000087,0.000072,0.000051,0.000005,0.000011,0.000030,0.000032
980,,,,,,,,,,,,,-0.000035,0.000001,0.000009,0.000026,0.000089,0.000168,0.000179,0.000136,0.000121,0.000091,0.000075,0.000082,0.000107,0.000105,0.000111,0.000122,0.000126,0.000125,0.000129,0.000047,0.000133,0.000084,0.000056,0.000105,0.000023,0.000006,0.000009,0.000046,0.000066,0.000102,0.000086,0.000078,0.000050,0.000042,0.000009,0.000030,0.000057,0.000057
981,,,,,,,,,,,,,0.000016,0.000003,0.000034,0.000037,0.000047,0.000053,0.000073,0.000074,0.000069,0.000066,0.000049,0.000041,0.000042,0.000044,0.000044,0.000038,0.000014,0.000031,0.000054,0.000031,0.000058,0.000037,0.000039,0.000054,0.000016,0.000015,0.000013,0.000046,0.000044,0.000050,0.000057,0.000082,0.000095,0.000098,0.000013,0.000043,0.000072,0.000062
982,,,,,,,,,,,,,0.000546,0.000008,0.000134,0.000141,0.000128,0.000134,0.000153,0.000135,0.000117,0.000098,0.000103,0.000099,0.000095,0.000084,0.000072,0.000049,0.000039,0.000051,0.000041,0.000020,0.000030,0.000048,0.000034,0.000024,0.000014,0.000012,0.000017,0.000042,0.000051,0.000043,0.000040,0.000056,0.000058,0.000064,0.000024,0.000044,0.000153,0.000142
983,,,,,,,,,,,,,0.001037,0.000013,0.000097,0.000101,0.000126,0.000122,0.000114,0.000076,0.000108,0.000104,0.000082,0.000067,0.000065,0.000054,0.000064,0.000055,0.000053,0.000050,0.000048,0.000031,0.000059,0.000042,0.000032,0.000056,0.000015,0.000007,0.000011,0.000054,0.000075,0.000090,0.000059,0.000046,0.000036,0.000071,0.000012,0.000027,0.000123,0.000159
984,,,,,,,,,,,,,0.000590,0.000002,0.000031,0.000025,0.000048,0.000069,0.000086,0.000070,0.000053,0.000057,0.000052,0.000055,0.000083,0.000085,0.000093,0.000095,0.000089,0.000084,0.000065,0.000033,0.000077,0.000047,0.000035,0.000050,0.000015,0.000010,0.000011,0.000029,0.000091,0.000029,0.000034,0.000032,0.000031,0.000032,0.000011,0.000023,0.000044,0.000042
985,,,,,,,,,,,,,0.000337,0.000004,0.000055,0.000066,0.000061,0.000052,0.000068,0.000051,0.000060,0.000033,0.000029,0.000038,0.000041,0.000033,0.000037,0.000049,0.000055,0.000066,0.000073,0.000028,0.000085,0.000047,0.000031,0.000059,0.000016,0.000005,0.000007,0.000055,0.000095,0.000095,0.000072,0.000079,0.000089,0.000101,0.000010,0.000019,0.000059,0.000067
986,,,,,,,,,,,,,0.001127,0.000011,0.000205,0.000232,0.000178,0.000137,0.000161,0.000130,0.000144,0.000124,0.000106,0.000097,0.000105,0.000090,0.000072,0.000067,0.000064,0.000083,0.000066,0.000029,0.000053,0.000042,0.000031,0.000058,0.000018,0.000008,0.000014,0.000054,0.000069,0.000123,0.000146,0.000120,0.000099,0.000082,0.000008,0.000020,0.000057,0.000051
987,,,,,,,,,,,,,0.000344,0.000004,0.000085,0.000159,0.000305,0.000435,0.000314,0.000214,0.000192,0.000165,0.000147,0.000149,0.000170,0.000170,0.000160,0.000148,0.000156,0.000160,0.000144,0.000042,0.000142,0.000072,0.000047,0.000070,0.000020,0.000006,0.000013,0.000045,0.000062,0.000069,0.000032,0.000028,0.000021,0.000020,0.000004,0.000015,0.000059,0.000080
988,,,,,,,,,,,,,0.000265,0.000004,0.000059,0.000093,0.000229,0.000418,0.000269,0.000166,0.000133,0.000102,0.000082,0.000081,0.000100,0.000083,0.000071,0.000052,0.000043,0.000051,0.000035,0.000021,0.000025,0.000027,0.000023,0.000029,0.000013,0.000018,0.000021,0.000044,0.000050,0.000054,0.000047,0.000072,0.000054,0.000041,0.000012,0.000026,0.000073,0.000072
989,,,,,,,,,,,,,0.000719,0.000005,0.000120,0.000150,0.000144,0.000132,0.000122,0.000125,0.000147,0.000132,0.000123,0.000129,0.000115,0.000094,0.000091,0.000076,0.000086,0.000070,0.000062,0.000024,0.000068,0.000044,0.000039,0.000060,0.000020,0.000017,0.000023,0.000073,0.000066,0.000089,0.000102,0.000147,0.000174,0.000162,0.000012,0.000027,0.000081,0.000100
990,,,,,,,,,,,,,0.000590,0.000004,0.000092,0.000113,0.000124,0.000141,0.000125,0.000089,0.000084,0.000070,0.000054,0.000048,0.000044,0.000056,0.000084,0.000073,0.000063,0.000068,0.000088,0.000033,0.000086,0.000049,0.000037,0.000099,0.000022,0.000010,0.000016,0.000060,0.000052,0.000060,0.000057,0.000047,0.000025,0.000025,0.000005,0.000013,0.000031,0.000023
991,,,,,,,,,,,,,0.002545,0.000004,0.000110,0.000190,0.000346,0.000549,0.000622,0.000426,0.000348,0.000236,0.000160,0.000127,0.000127,0.000101,0.000083,0.000076,0.000064,0.000071,0.000048,0.000018,0.000055,0.000030,0.000026,0.000036,0.000019,0.000008,0.000009,0.000034,0.000052,0.000060,0.000072,0.000073,0.000056,0.000043,0.000009,0.000016,0.000068,0.000078
992,,,,,,,,,,,,,0.000533,0.000010,0.000121,0.000153,0.000157,0.000182,0.000178,0.000132,0.000164,0.000168,0.000147,0.000139,0.000131,0.000102,0.000099,0.000101,0.000091,0.000106,0.000091,0.000026,0.000099,0.000046,0.000035,0.000065,0.000017,0.000005,0.000007,0.000044,0.000046,0.000063,0.000048,0.000036,0.000035,0.000040,0.000005,0.000010,0.000044,0.000046
993,,,,,,,,,,,,,0.000035,0.000015,0.000248,0.000414,0.000595,0.000946,0.001191,0.001055,0.001215,0.001087,0.000872,0.000883,0.000853,0.000757,0.000746,0.000649,0.000610,0.000607,0.000574,0.000154,0.000560,0.000213,0.000149,0.000402,0.000060,0.000015,0.000015,0.000086,0.000079,0.000142,0.000127,0.000155,0.000143,0.000132,0.000009,0.000034,0.000164,0.000171
994,,,,,,,,,,,,,0.000900,0.000008,0.000123,0.000160,0.000154,0.000156,0.000165,0.000139,0.000176,0.000166,0.000163,0.000174,0.000204,0.000214,0.000232,0.000203,0.000165,0.000159,0.000134,0.000035,0.000115,0.000046,0.000039,0.000050,0.000018,0.000006,0.000007,0.000030,0.000033,0.000041,0.000033,0.000030,0.000038,0.000026,0.000005,0.000015,0.000059,0.000203
995,,,,,,,,,,,,,0.002034,0.000018,0.000195,0.000234,0.000238,0.000248,0.000277,0.000221,0.000208,0.000241,0.000212,0.000144,0.000130,0.000118,0.000098,0.000098,0.000088,0.000098,0.000085,0.000039,0.000115,0.000060,0.000047,0.000054,0.000020,0.000011,0.000023,0.000119,0.000104,0.000086,0.000067,0.000046,0.000041,0.000037,0.000007,0.000016,0.000059,0.000097
996,,,,,,,,,,,,,0.001439,0.000006,0.000108,0.000144,0.000140,0.000161,0.000147,0.000113,0.000131,0.000118,0.000084,0.000095,0.000143,0.000138,0.000140,0.000142,0.000119,0.000095,0.000067,0.000025,0.000031,0.000032,0.000030,0.000036,0.000012,0.000007,0.000014,0.000051,0.000064,0.000069,0.000056,0.000061,0.000042,0.000047,0.000009,0.000023,0.000077,0.000090
997,,,,,,,,,,,,,0.000335,0.000006,0.000055,0.000054,0.000066,0.000071,0.000073,0.000060,0.000082,0.000063,0.000048,0.000042,0.000053,0.000055,0.000061,0.000060,0.000076,0.000098,0.000097,0.000030,0.000082,0.000038,0.000027,0.000037,0.000011,0.000005,0.000007,0.000027,0.000031,0.000035,0.000024,0.000025,0.000023,0.000022,0.000009,0.000023,0.000041,0.000048
998,,,,,,,,,,,,,0.000206,0.000012,0.000149,0.000191,0.000197,0.000220,0.000209,0.000167,0.000163,0.000140,0.000124,0.000129,0.000126,0.000095,0.000079,0.000065,0.000062,0.000053,0.000045,0.000018,0.000057,0.000035,0.000030,0.000060,0.000018,0.000005,0.000011,0.000033,0.000037,0.000046,0.000031,0.000035,0.000022,0.000024,0.000005,0.000016,0.000058,0.000077
999,,,,,,,,,,,,,0.001085,0.000010,0.000143,0.000198,0.000278,0.000358,0.000367,0.000292,0.000311,0.000265,0.000200,0.000199,0.000198,0.000163,0.000158,0.000139,0.000117,0.000110,0.000096,0.000027,0.000102,0.000063,0.000032,0.000060,0.000013,0.000006,0.000006,0.000029,0.000038,0.000039,0.000034,0.000029,0.000022,0.000018,0.000004,0.000010,0.000061,0.000069
1000,,,,,,,,,,,,,0.000423,0.000003,0.000046,0.000063,0.000114,0.000203,0.000247,0.000212,0.000192,0.000145,0.000140,0.000093,0.000091,0.000081,0.000096,0.000126,0.000162,0.000233,0.000311,0.000082,0.000280,0.000106,0.000069,0.000152,0.000023,0.000008,0.000011,0.000049,0.000048,0.000049,0.000045,0.000037,0.000038,0.000051,0.000006,0.000014,0.000048,0.000046
1001,,,,,,,,,,,,,0.000690,0.000011,0.000150,0.000217,0.000227,0.000237,0.000220,0.000168,0.000204,0.000177,0.000219,0.000282,0.000413,0.000477,0.000506,0.000451,0.000354,0.000301,0.000216,0.000069,0.000182,0.000105,0.000057,0.000111,0.000023,0.000007,0.000010,0.000055,0.000055,0.000063,0.000048,0.000046,0.000037,0.000033,0.000006,0.000030,0.000154,0.000149
1002,,,,,,,,,,,,,0.000500,0.000015,0.000260,0.000395,0.000368,0.000346,0.000296,0.000204,0.000201,0.000163,0.000196,0.000192,0.000207,0.000144,0.000115,0.000086,0.000074,0.000058,0.000071,0.000030,0.000077,0.000039,0.000036,0.000065,0.000012,0.000006,0.000009,0.000029,0.000030,0.000046,0.000036,0.000029,0.000024,0.000026,0.000004,0.000009,0.000044,0.000063
1003,,,,,,,,,,,,,0.000407,0.000006,0.000075,0.000107,0.000104,0.000104,0.000095,0.000080,0.000097,0.000110,0.000103,0.000108,0.000151,0.000158,0.000149,0.000113,0.000110,0.000102,0.000102,0.000038,0.000071,0.000058,0.000042,0.000056,0.000018,0.000008,0.000009,0.000042,0.000057,0.000085,0.000102,0.000102,0.000083,0.000060,0.000008,0.000020,0.000060,0.000079
1004,,,,,,,,,,,,,0.000072,0.000006,0.000080,0.000101,0.000096,0.000099,0.000107,0.000100,0.000108,0.000101,0.000075,0.000085,0.000117,0.000118,0.000206,0.000356,0.000192,0.000174,0.000150,0.000045,0.000104,0.000059,0.000043,0.000082,0.000026,0.000016,0.000019,0.000049,0.000055,0.000071,0.000050,0.000051,0.000048,0.000047,0.000008,0.000020,0.000078,0.000069
1005,,,,,,,,,,,,,0.000293,0.000009,0.000164,0.000261,0.000363,0.000579,0.000730,0.000686,0.000821,0.000747,0.000621,0.000631,0.000655,0.000584,0.000552,0.000486,0.000433,0.000432,0.000409,0.000101,0.000372,0.000142,0.000093,0.000261,0.000041,0.000009,0.000012,0.000086,0.000110,0.000176,0.000117,0.000104,0.000076,0.000071,0.000006,0.000011,0.000037,0.000053
1006,,,,,,,,,,,,,0.000348,0.000003,0.000051,0.000055,0.000065,0.000081,0.000132,0.000087,0.000065,0.000055,0.000054,0.000053,0.000074,0.000079,0.000072,0.000071,0.000062,0.000057,0.000055,0.000021,0.000052,0.000029,0.000026,0.000052,0.000014,0.000009,0.000014,0.000076,0.000076,0.000066,0.000047,0.000036,0.000033,0.000027,0.000005,0.000013,0.000043,0.000052
1007,,,,,,,,,,,,,0.000404,0.000005,0.000067,0.000102,0.000112,0.000149,0.000140,0.000138,0.000159,0.000142,0.000145,0.000176,0.000209,0.000192,0.000189,0.000168,0.000151,0.000148,0.000129,0.000040,0.000104,0.000044,0.000036,0.000051,0.000013,0.000005,0.000010,0.000080,0.000083,0.000075,0.000041,0.000036,0.000030,0.000031,0.000004,0.000013,0.000052,0.000074
1008,,,,,,,,,,,,,0.000084,0.000004,0.000068,0.000091,0.000099,0.000108,0.000108,0.000087,0.000112,0.000112,0.000119,0.000148,0.000183,0.000175,0.000175,0.000153,0.000127,0.000121,0.000123,0.000035,0.000117,0.000048,0.000034,0.000058,0.000016,0.000004,0.000005,0.000051,0.000108,0.000171,0.000090,0.000066,0.000049,0.000040,0.000006,0.000011,0.000052,0.000052
1009,,,,,,,,,,,,,0.000479,0.000013,0.000115,0.000134,0.000141,0.000142,0.000153,0.000120,0.000156,0.000152,0.000133,0.000124,0.000116,0.000107,0.000102,0.000102,0.000096,0.000079,0.000086,0.000036,0.000106,0.000052,0.000037,0.000070,0.000019,0.000006,0.000009,0.000038,0.000064,0.000069,0.000045,0.000049,0.000045,0.000054,0.000006,0.000017,0.000115,0.000193
1010,,,,,,,,,,,,,0.000127,0.000002,0.000029,0.000027,0.000060,0.000111,0.000191,0.000279,0.000282,0.000325,0.000419,0.000360,0.000360,0.000258,0.000184,0.000110,0.000086,0.000063,0.000048,0.000021,0.000034,0.000023,0.000025,0.000039,0.000011,0.000008,0.000015,0.000057,0.000070,0.000077,0.000070,0.000051,0.000039,0.000040,0.000010,0.000021,0.000048,0.000075
1011,,,,,,,,,,,,,0.000554,0.000004,0.000027,0.000032,0.000045,0.000051,0.000046,0.000048,0.000075,0.000100,0.000109,0.000101,0.000096,0.000077,0.000060,0.000045,0.000044,0.000056,0.000050,0.000025,0.000026,0.000032,0.000024,0.000025,0.000026,0.000007,0.000012,0.000036,0.000037,0.000043,0.000035,0.000020,0.000014,0.000018,0.000011,0.000016,0.000046,0.000054
1012,,,,,,,,,,,,,0.000125,0.000003,0.000053,0.000080,0.000073,0.000063,0.000049,0.000042,0.000049,0.000047,0.000039,0.000038,0.000041,0.000035,0.000036,0.000043,0.000035,0.000037,0.000027,0.000019,0.000039,0.000045,0.000045,0.000076,0.000020,0.000010,0.000014,0.000048,0.000031,0.000037,0.000037,0.000046,0.000049,0.000063,0.000006,0.000015,0.000070,0.000076
1013,,,,,,,,,,,,,0.000009,0.000008,0.000076,0.000115,0.000117,0.000123,0.000124,0.000098,0.000108,0.000109,0.000108,0.000100,0.000116,0.000100,0.000077,0.000070,0.000054,0.000055,0.000045,0.000033,0.000074,0.000046,0.000045,0.000077,0.000018,0.000008,0.000011,0.000035,0.000020,0.000037,0.000036,0.000049,0.000053,0.000039,0.000008,0.000035,0.000191,0.000136
1014,,,,,,,,,,,,,0.000832,0.000003,0.000049,0.000052,0.000059,0.000048,0.000039,0.000047,0.000039,0.000041,0.000044,0.000042,0.000044,0.000040,0.000038,0.000039,0.000042,0.000039,0.000040,0.000055,0.000051,0.000035,0.000029,0.000028,0.000017,0.000011,0.000014,0.000059,0.000079,0.000085,0.000061,0.000058,0.000057,0.000064,0.000019,0.000036,0.000051,0.000058
1015,,,,,,,,,,,,,0.000082,0.000009,0.000198,0.000401,0.000425,0.000456,0.000509,0.000487,0.000620,0.000592,0.000513,0.000518,0.000507,0.000437,0.000406,0.000360,0.000321,0.000311,0.000282,0.000067,0.000231,0.000091,0.000059,0.000131,0.000028,0.000007,0.000009,0.000046,0.000052,0.000060,0.000045,0.000053,0.000053,0.000051,0.000005,0.000013,0.000073,0.000082
1016,,,,,,,,,,,,,0.001370,0.000008,0.000187,0.000235,0.000241,0.000237,0.000223,0.000158,0.000138,0.000129,0.000111,0.000083,0.000084,0.000072,0.000079,0.000082,0.000099,0.000117,0.000116,0.000039,0.000084,0.000034,0.000023,0.000037,0.000016,0.000005,0.000007,0.000060,0.000076,0.000079,0.000052,0.000053,0.000028,0.000022,0.000007,0.000017,0.000025,0.000043
1017,,,,,,,,,,,,,0.000030,0.000004,0.000059,0.000094,0.000112,0.000123,0.000157,0.000231,0.000387,0.000427,0.000418,0.000418,0.000376,0.000258,0.000226,0.000173,0.000136,0.000113,0.000090,0.000033,0.000099,0.000055,0.000028,0.000053,0.000015,0.000006,0.000008,0.000044,0.000026,0.000037,0.000030,0.000025,0.000024,0.000026,0.000006,0.000012,0.000040,0.000042
1018,,,,,,,,,,,,,0.000957,0.000006,0.000081,0.000126,0.000188,0.000261,0.000324,0.000337,0.000257,0.000191,0.000132,0.000134,0.000135,0.000110,0.000093,0.000085,0.000072,0.000061,0.000050,0.000031,0.000093,0.000049,0.000032,0.000049,0.000015,0.000006,0.000016,0.000085,0.000102,0.000103,0.000056,0.000054,0.000047,0.000066,0.000009,0.000018,0.000095,0.000106
1019,,,,,,,,,,,,,0.000450,0.000005,0.000039,0.000045,0.000032,0.000023,0.000031,0.000038,0.000029,0.000048,0.000058,0.000068,0.000075,0.000073,0.000083,0.000081,0.000064,0.000078,0.000077,0.000044,0.000083,0.000041,0.000037,0.000058,0.000018,0.000011,0.000013,0.000074,0.000059,0.000072,0.000078,0.000063,0.000061,0.000059,0.000010,0.000026,0.000056,0.000051
1020,,,,,,,,,,,,,-0.000048,0.000004,0.000064,0.000091,0.000101,0.000115,0.000124,0.000136,0.000173,0.000176,0.000137,0.000139,0.000140,0.000113,0.000119,0.000104,0.000107,0.000092,0.000067,0.000027,0.000064,0.000052,0.000037,0.000062,0.000020,0.000006,0.000010,0.000052,0.000074,0.000088,0.000070,0.000058,0.000068,0.000061,0.000008,0.000021,0.000061,0.000070
1021,,,,,,,,,,,,,0.000186,0.000004,0.000058,0.000079,0.000100,0.000120,0.000159,0.000148,0.000207,0.000215,0.000192,0.000191,0.000182,0.000166,0.000146,0.000140,0.000177,0.000206,0.000183,0.000049,0.000146,0.000063,0.000043,0.000085,0.000023,0.000009,0.000013,0.000042,0.000053,0.000080,0.000071,0.000072,0.000073,0.000062,0.000010,0.000021,0.000055,0.000062
1022,,,,,,,,,,,,,0.004728,0.000009,0.000302,0.000344,0.000359,0.000255,0.000225,0.000192,0.000246,0.000257,0.000248,0.000284,0.000352,0.000352,0.000326,0.000325,0.000274,0.000211,0.000143,0.000057,0.000089,0.000062,0.000059,0.000062,0.000024,0.000011,0.000018,0.000045,0.000086,0.000072,0.000051,0.000038,0.000034,0.000044,0.000016,0.000043,0.000133,0.000155
1023,,,,,,,,,,,,,0.004119,0.000022,0.000421,0.000714,0.000802,0.000820,0.000657,0.000506,0.000577,0.000533,0.000478,0.000521,0.000564,0.000503,0.000475,0.000441,0.000389,0.000344,0.000289,0.000070,0.000244,0.000112,0.000063,0.000130,0.000027,0.000008,0.000015,0.000074,0.000077,0.000099,0.000074,0.000077,0.000070,0.000058,0.000010,0.000036,0.000208,0.000224
1024,,,,,,,,,,,,,0.000429,0.000005,0.000052,0.000057,0.000051,0.000048,0.000043,0.000045,0.000062,0.000065,0.000071,0.000071,0.000086,0.000087,0.000093,0.000080,0.000059,0.000053,0.000048,0.000021,0.000052,0.000046,0.000030,0.000070,0.000020,0.000017,0.000019,0.000062,0.000082,0.000102,0.000083,0.000081,0.000077,0.000064,0.000008,0.000024,0.000049,0.000067
1025,,,,,,,,,,,,,0.000030,0.000006,0.000083,0.000088,0.000089,0.000120,0.000110,0.000089,0.000113,0.000119,0.000117,0.000118,0.000102,0.000092,0.000084,0.000074,0.000087,0.000092,0.000082,0.000026,0.000068,0.000045,0.000038,0.000083,0.000019,0.000006,0.000008,0.000035,0.000035,0.000051,0.000048,0.000059,0.000070,0.000058,0.000006,0.000013,0.000054,0.000064
1026,,,,,,,,,,,,,0.000180,0.000005,0.000056,0.000059,0.000060,0.000072,0.000080,0.000089,0.000102,0.000107,0.000116,0.000102,0.000120,0.000114,0.000141,0.000138,0.000112,0.000167,0.000097,0.000039,0.000088,0.000050,0.000035,0.000070,0.000016,0.000007,0.000009,0.000037,0.000044,0.000057,0.000045,0.000056,0.000049,0.000043,0.000006,0.000016,0.000062,0.000058
1027,,,,,,,,,,,,,-0.000037,0.000005,0.000046,0.000058,0.000067,0.000066,0.000072,0.000047,0.000056,0.000060,0.000051,0.000047,0.000050,0.000049,0.000051,0.000068,0.000052,0.000063,0.000071,0.000076,0.000080,0.000051,0.000045,0.000077,0.000029,0.000013,0.000019,0.000083,0.000097,0.000121,0.000090,0.000092,0.000079,0.000075,0.000013,0.000055,0.000095,0.000075
1028,,,,,,,,,,,,,0.000193,0.000005,0.000064,0.000123,0.000318,0.000448,0.000393,0.000206,0.000169,0.000152,0.000128,0.000116,0.000098,0.000074,0.000061,0.000049,0.000042,0.000034,0.000028,0.000022,0.000047,0.000051,0.000051,0.000130,0.000027,0.000020,0.000018,0.000037,0.000054,0.000071,0.000066,0.000069,0.000082,0.000094,0.000014,0.000025,0.000068,0.000089
1029,,,,,,,,,,,,,0.001659,0.000006,0.000083,0.000133,0.000217,0.000272,0.000296,0.000239,0.000288,0.000258,0.000232,0.000177,0.000168,0.000130,0.000112,0.000099,0.000077,0.000067,0.000050,0.000024,0.000060,0.000098,0.000050,0.000071,0.000018,0.000009,0.000012,0.000039,0.000084,0.000064,0.000055,0.000051,0.000045,0.000043,0.000006,0.000015,0.000077,0.000093
1030,,,,,,,,,,,,,0.001764,0.000008,0.000100,0.000125,0.000126,0.000116,0.000135,0.000111,0.000118,0.000102,0.000114,0.000112,0.000102,0.000090,0.000074,0.000079,0.000086,0.000096,0.000106,0.000037,0.000119,0.000076,0.000054,0.000087,0.000027,0.000008,0.000012,0.000050,0.000054,0.000082,0.000078,0.000118,0.000183,0.000225,0.000016,0.000047,0.000210,0.000180
1031,,,,,,,,,,,,,0.000404,0.000003,0.000025,0.000033,0.000066,0.000114,0.000136,0.000136,0.000230,0.000268,0.000244,0.000220,0.000206,0.000148,0.000126,0.000083,0.000061,0.000069,0.000051,0.000025,0.000028,0.000039,0.000038,0.000075,0.000019,0.000010,0.000017,0.000093,0.000110,0.000154,0.000116,0.000098,0.000061,0.000035,0.000010,0.000021,0.000056,0.000062
1032,,,,,,,,,,,,,0.000205,0.000003,0.000041,0.000059,0.000094,0.000146,0.000197,0.000215,0.000167,0.000140,0.000119,0.000123,0.000138,0.000145,0.000166,0.000149,0.000150,0.000193,0.000120,0.000043,0.000092,0.000052,0.000038,0.000056,0.000017,0.000007,0.000009,0.000057,0.000072,0.000073,0.000058,0.000060,0.000055,0.000053,0.000005,0.000010,0.000035,0.000047
1033,,,,,,,,,,,,,0.000021,0.000008,0.000121,0.000165,0.000213,0.000218,0.000208,0.000194,0.000215,0.000197,0.000165,0.000132,0.000143,0.000119,0.000120,0.000146,0.000123,0.000122,0.000114,0.000034,0.000112,0.000060,0.000045,0.000095,0.000021,0.000009,0.000016,0.000034,0.000044,0.000053,0.000050,0.000043,0.000038,0.000038,0.000005,0.000015,0.000077,0.000093
1034,,,,,,,,,,,,,0.000565,0.000009,0.000091,0.000102,0.000109,0.000113,0.000095,0.000076,0.000065,0.000060,0.000053,0.000068,0.000064,0.000060,0.000040,0.000066,0.000058,0.000037,0.000032,0.000021,0.000045,0.000049,0.000052,0.000123,0.000033,0.000010,0.000012,0.000029,0.000030,0.000041,0.000040,0.000026,0.000044,0.000030,0.000012,0.000032,0.000116,0.000085
1035,,,,,,,,,,,,,0.001949,0.000004,0.000054,0.000042,0.000043,0.000023,0.000015,0.000041,0.000046,0.000079,0.000090,0.000062,0.000061,0.000073,0.000067,0.000069,0.000058,0.000074,0.000087,0.000043,0.000108,0.000046,0.000040,0.000095,0.000024,0.000011,0.000014,0.000050,0.000042,0.000083,0.000112,0.000118,0.000088,0.000052,0.000010,0.000018,0.000061,0.000061
1036,,,,,,,,,,,,,0.000307,0.000010,0.000121,0.000131,0.000121,0.000097,0.000098,0.000089,0.000082,0.000065,0.000061,0.000055,0.000056,0.000060,0.000066,0.000074,0.000078,0.000114,0.000094,0.000044,0.000102,0.000049,0.000051,0.000158,0.000049,0.000017,0.000019,0.000151,0.000197,0.000296,0.000251,0.000268,0.000244,0.000225,0.000019,0.000031,0.000069,0.000068
1037,,,,,,,,,,,,,-0.000022,0.000012,0.000192,0.000270,0.000296,0.000330,0.000362,0.000321,0.000325,0.000321,0.000292,0.000296,0.000353,0.000365,0.000280,0.000216,0.000176,0.000154,0.000156,0.000045,0.000150,0.000093,0.000049,0.000084,0.000023,0.000011,0.000014,0.000037,0.000041,0.000042,0.000020,0.000029,0.000043,0.000059,0.000006,0.000021,0.000059,0.000074
1038,,,,,,,,,,,,,0.002767,0.000013,0.000239,0.000336,0.000320,0.000282,0.000243,0.000152,0.000165,0.000160,0.000124,0.000141,0.000154,0.000123,0.000096,0.000085,0.000078,0.000063,0.000069,0.000026,0.000073,0.000046,0.000039,0.000055,0.000024,0.000009,0.000011,0.000038,0.000042,0.000056,0.000038,0.000043,0.000040,0.000060,0.000013,0.000049,0.000201,0.000169
1039,,,,,,,,,,,,,0.000845,0.000006,0.000122,0.000161,0.000191,0.000223,0.000213,0.000228,0.000310,0.000355,0.000348,0.000442,0.000506,0.000484,0.000416,0.000350,0.000308,0.000237,0.000201,0.000048,0.000167,0.000076,0.000040,0.000081,0.000020,0.000007,0.000010,0.000065,0.000063,0.000067,0.000041,0.000037,0.000038,0.000035,0.000005,0.000013,0.000058,0.000073
1040,,,,,,,,,,,,,0.000644,0.000004,0.000060,0.000096,0.000177,0.000293,0.000288,0.000200,0.000180,0.000148,0.000121,0.000123,0.000132,0.000108,0.000091,0.000072,0.000061,0.000060,0.000050,0.000023,0.000047,0.000026,0.000023,0.000040,0.000018,0.000007,0.000009,0.000034,0.000039,0.000028,0.000026,0.000030,0.000042,0.000055,0.000008,0.000015,0.000056,0.000048
1041,,,,,,,,,,,,,0.000587,0.000013,0.000118,0.000179,0.000198,0.000176,0.000161,0.000119,0.000115,0.000122,0.000104,0.000105,0.000099,0.000081,0.000078,0.000095,0.000120,0.000143,0.000123,0.000042,0.000100,0.000060,0.000044,0.000066,0.000019,0.000008,0.000013,0.000084,0.000150,0.000205,0.000139,0.000092,0.000086,0.000053,0.000009,0.000024,0.000120,0.000196
1042,,,,,,,,,,,,,0.000857,0.000006,0.000167,0.000231,0.000232,0.000243,0.000237,0.000194,0.000269,0.000226,0.000333,0.000291,0.000353,0.000280,0.000255,0.000193,0.000187,0.000174,0.000170,0.000039,0.000140,0.000051,0.000033,0.000055,0.000014,0.000008,0.000011,0.000028,0.000035,0.000044,0.000037,0.000030,0.000031,0.000032,0.000004,0.000013,0.000053,0.000068
1043,,,,,,,,,,,,,0.002152,0.000003,0.000053,0.000063,0.000067,0.000073,0.000082,0.000079,0.000097,0.000077,0.000069,0.000071,0.000072,0.000070,0.000052,0.000042,0.000040,0.000044,0.000046,0.000033,0.000074,0.000059,0.000051,0.000073,0.000022,0.000008,0.000015,0.000051,0.000044,0.000055,0.000057,0.000052,0.000042,0.000046,0.000006,0.000024,0.000053,0.000044
1044,,,,,,,,,,,,,0.000467,0.000007,0.000103,0.000128,0.000138,0.000187,0.000213,0.000211,0.000275,0.000387,0.000382,0.000425,0.000503,0.000516,0.000500,0.000469,0.000413,0.000375,0.000324,0.000097,0.000298,0.000122,0.000081,0.000154,0.000042,0.000012,0.000013,0.000071,0.000086,0.000103,0.000081,0.000071,0.000052,0.000051,0.000007,0.000020,0.000062,0.000066
1045,,,,,,,,,,,,,0.001114,0.000006,0.000069,0.000071,0.000091,0.000105,0.000098,0.000085,0.000119,0.000112,0.000064,0.000051,0.000072,0.000082,0.000070,0.000060,0.000062,0.000060,0.000076,0.000039,0.000156,0.000074,0.000058,0.000139,0.000031,0.000011,0.000017,0.000070,0.000072,0.000086,0.000053,0.000049,0.000040,0.000038,0.000011,0.000020,0.000058,0.000070
1046,,,,,,,,,,,,,0.001268,0.000004,0.000056,0.000065,0.000071,0.000068,0.000088,0.000087,0.000090,0.000088,0.000085,0.000073,0.000073,0.000056,0.000056,0.000060,0.000065,0.000069,0.000063,0.000085,0.000048,0.000063,0.000042,0.000045,0.000022,0.000010,0.000014,0.000039,0.000040,0.000050,0.000040,0.000024,0.000019,0.000018,0.000007,0.000017,0.000046,0.000053
1047,,,,,,,,,,,,,0.000480,0.000008,0.000113,0.000151,0.000164,0.000194,0.000205,0.000203,0.000286,0.000239,0.000201,0.000194,0.000203,0.000168,0.000152,0.000130,0.000113,0.000134,0.000168,0.000051,0.000155,0.000057,0.000031,0.000044,0.000014,0.000004,0.000007,0.000031,0.000032,0.000050,0.000039,0.000040,0.000034,0.000038,0.000005,0.000014,0.000074,0.000074
1048,,,,,,,,,,,,,0.000496,0.000007,0.000106,0.000111,0.000126,0.000156,0.000206,0.000183,0.000234,0.000228,0.000202,0.000206,0.000208,0.000156,0.000168,0.000164,0.000156,0.000126,0.000122,0.000039,0.000099,0.000064,0.000041,0.000064,0.000028,0.000013,0.000012,0.000063,0.000092,0.000149,0.000190,0.000159,0.000109,0.000069,0.000011,0.000028,0.000098,0.000176
1049,,,,,,,,,,,,,0.000170,0.000008,0.000143,0.000205,0.000199,0.000195,0.000162,0.000115,0.000118,0.000095,0.000088,0.000085,0.000094,0.000082,0.000083,0.000090,0.000100,0.000109,0.000111,0.000028,0.000079,0.000052,0.000030,0.000061,0.000014,0.000007,0.000014,0.000040,0.000053,0.000051,0.000044,0.000071,0.000046,0.000031,0.000004,0.000011,0.000048,0.000062
1050,,,,,,,,,,,,,0.009456,0.000005,0.000130,0.000153,0.000146,0.000170,0.000170,0.000141,0.000169,0.000163,0.000120,0.000125,0.000132,0.000102,0.000095,0.000090,0.000084,0.000082,0.000063,0.000023,0.000060,0.000038,0.000022,0.000057,0.000046,0.000009,0.000014,0.000189,0.000178,0.000245,0.000179,0.000160,0.000148,0.000127,0.000009,0.000017,0.000067,0.000063
1051,,,,,,,,,,,,,0.000465,0.000005,0.000091,0.000106,0.000096,0.000113,0.000123,0.000120,0.000140,0.000116,0.000113,0.000124,0.000110,0.000096,0.000086,0.000078,0.000092,0.000086,0.000083,0.000033,0.000082,0.000066,0.000042,0.000087,0.000024,0.000008,0.000013,0.000038,0.000052,0.000047,0.000040,0.000034,0.000038,0.000026,0.000008,0.000017,0.000072,0.000072
1052,,,,,,,,,,,,,0.001163,0.000004,0.000114,0.000101,0.000098,0.000089,0.000077,0.000073,0.000094,0.000091,0.000081,0.000065,0.000073,0.000077,0.000061,0.000048,0.000054,0.000058,0.000040,0.000024,0.000038,0.000076,0.000061,0.000047,0.000030,0.000012,0.000021,0.000070,0.000097,0.000135,0.000134,0.000094,0.000086,0.000085,0.000015,0.000034,0.000068,0.000069
1053,,,,,,,,,,,,,0.000069,0.000004,0.000035,0.000052,0.000071,0.000090,0.000088,0.000042,0.000060,0.000072,0.000078,0.000065,0.000060,0.000049,0.000052,0.000045,0.000039,0.000044,0.000023,0.000031,0.000038,0.000064,0.000070,0.000193,0.000054,0.000026,0.000045,0.000142,0.000201,0.000266,0.000178,0.000130,0.000093,0.000080,0.000015,0.000034,0.000075,0.000072
1054,,,,,,,,,,,,,0.000803,0.000003,0.000129,0.000214,0.000224,0.000211,0.000193,0.000153,0.000141,0.000104,0.000059,0.000055,0.000101,0.000095,0.000087,0.000070,0.000058,0.000051,0.000063,0.000027,0.000108,0.000089,0.000095,0.000355,0.000052,0.000013,0.000021,0.000060,0.000061,0.000068,0.000043,0.000049,0.000055,0.000041,0.000010,0.000025,0.000034,0.000110
1055,,,,,,,,,,,,,0.002768,0.000004,0.000063,0.000117,0.000260,0.000368,0.000313,0.000202,0.000143,0.000095,0.000100,0.000112,0.000113,0.000076,0.000066,0.000069,0.000071,0.000079,0.000065,0.000035,0.000085,0.000051,0.000040,0.000051,0.000025,0.000013,0.000026,0.000090,0.000070,0.000072,0.000059,0.000054,0.000033,0.000040,0.000017,0.000026,0.000058,0.000069
1056,,,,,,,,,,,,,0.000625,0.000007,0.000140,0.000160,0.000132,0.000113,0.000103,0.000094,0.000099,0.000078,0.000067,0.000065,0.000088,0.000090,0.000096,0.000096,0.000095,0.000105,0.000115,0.000071,0.000160,0.000089,0.000054,0.000072,0.000019,0.000007,0.000010,0.000037,0.000066,0.000090,0.000082,0.000081,0.000068,0.000138,0.000006,0.000018,0.000054,0.000054
1057,,,,,,,,,,,,,0.000722,0.000009,0.000100,0.000171,0.000269,0.000443,0.000307,0.000265,0.000275,0.000237,0.000188,0.000176,0.000163,0.000121,0.000104,0.000107,0.000093,0.000098,0.000097,0.000035,0.000134,0.000057,0.000040,0.000075,0.000020,0.000006,0.000010,0.000041,0.000039,0.000054,0.000048,0.000048,0.000047,0.000059,0.000008,0.000028,0.000125,0.000133
1058,,,,,,,,,,,,,0.001765,0.000017,0.000237,0.000323,0.000334,0.000358,0.000340,0.000280,0.000294,0.000292,0.000251,0.000254,0.000261,0.000211,0.000225,0.000214,0.000180,0.000173,0.000166,0.000063,0.000241,0.000113,0.000066,0.000108,0.000023,0.000007,0.000008,0.000051,0.000056,0.000067,0.000060,0.000080,0.000066,0.000070,0.000007,0.000023,0.000135,0.000157
1059,,,,,,,,,,,,,0.000938,0.000003,0.000051,0.000067,0.000098,0.000149,0.000172,0.000147,0.000185,0.000192,0.000198,0.000196,0.000203,0.000168,0.000151,0.000102,0.000081,0.000079,0.000067,0.000025,0.000047,0.000026,0.000016,0.000021,0.000008,0.000007,0.000007,0.000028,0.000021,0.000036,0.000026,0.000023,0.000023,0.000016,0.000006,0.000013,0.000048,0.000058
1060,,,,,,,,,,,,,0.001454,0.000004,0.000053,0.000053,0.000067,0.000073,0.000056,0.000062,0.000066,0.000071,0.000052,0.000051,0.000052,0.000058,0.000071,0.000086,0.000086,0.000099,0.000117,0.000052,0.000131,0.000075,0.000059,0.000144,0.000048,0.000013,0.000016,0.000093,0.000101,0.000092,0.000055,0.000038,0.000029,0.000042,0.000014,0.000035,0.000055,0.000055
1061,,,,,,,,,,,,,0.000238,0.000007,0.000081,0.000116,0.000118,0.000135,0.000142,0.000110,0.000156,0.000144,0.000106,0.000093,0.000095,0.000086,0.000106,0.000108,0.000088,0.000106,0.000092,0.000044,0.000283,0.000168,0.000100,0.000162,0.000026,0.000014,0.000014,0.000040,0.000026,0.000043,0.000032,0.000063,0.000068,0.000053,0.000008,0.000024,0.000151,0.000147
1062,,,,,,,,,,,,,0.000115,0.000004,0.000040,0.000054,0.000070,0.000086,0.000104,0.000086,0.000092,0.000086,0.000067,0.000067,0.000071,0.000066,0.000060,0.000074,0.000070,0.000088,0.000093,0.000043,0.000089,0.000045,0.000035,0.000065,0.000017,0.000007,0.000007,0.000035,0.000048,0.000099,0.000108,0.000120,0.000117,0.000096,0.000007,0.000020,0.000063,0.000063
1063,,,,,,,,,,,,,0.000580,0.000006,0.000080,0.000091,0.000087,0.000106,0.000153,0.000127,0.000180,0.000220,0.000177,0.000148,0.000137,0.000107,0.000097,0.000103,0.000089,0.000078,0.000072,0.000023,0.000057,0.000041,0.000021,0.000041,0.000011,0.000006,0.000011,0.000028,0.000067,0.000130,0.000069,0.000074,0.000048,0.000040,0.000009,0.000020,0.000039,0.000149
1064,,,,,,,,,,,,,0.000054,0.000008,0.000130,0.000137,0.000116,0.000126,0.000148,0.000166,0.000179,0.000204,0.000177,0.000145,0.000127,0.000110,0.000136,0.000125,0.000137,0.000152,0.000146,0.000067,0.000129,0.000086,0.000064,0.000108,0.000030,0.000014,0.000020,0.000061,0.000091,0.000111,0.000091,0.000127,0.000104,0.000104,0.000012,0.000026,0.000073,0.000087
1065,,,,,,,,,,,,,0.002222,0.000014,0.000182,0.000260,0.000336,0.000339,0.000284,0.000187,0.000186,0.000133,0.000100,0.000048,0.000051,0.000018,0.000003,0.000011,0.000029,0.000042,0.000041,0.000040,0.000083,0.000041,0.000058,0.000050,0.000022,0.000010,0.000015,0.000040,0.000087,0.000080,0.000070,0.000104,0.000056,0.000050,0.000030,0.000089,0.000291,0.000327
1066,,,,,,,,,,,,,0.000489,0.000004,0.000055,0.000058,0.000063,0.000067,0.000095,0.000077,0.000088,0.000085,0.000095,0.000099,0.000107,0.000082,0.000083,0.000087,0.000081,0.000080,0.000078,0.000041,0.000131,0.000078,0.000060,0.000120,0.000021,0.000007,0.000007,0.000038,0.000055,0.000063,0.000057,0.000053,0.000042,0.000060,0.000010,0.000021,0.000083,0.000094
1067,,,,,,,,,,,,,0.000257,0.000007,0.000099,0.000134,0.000162,0.000208,0.000198,0.000164,0.000202,0.000196,0.000156,0.000183,0.000189,0.000169,0.000177,0.000172,0.000145,0.000150,0.000160,0.000065,0.000149,0.000076,0.000044,0.000091,0.000027,0.000010,0.000016,0.000051,0.000070,0.000067,0.000056,0.000056,0.000043,0.000045,0.000008,0.000019,0.000058,0.000071
1068,,,,,,,,,,,,,0.003593,0.000006,0.000038,0.000034,0.000037,0.000025,0.000015,0.000059,0.000131,0.000170,0.000173,0.000175,0.000185,0.000137,0.000123,0.000113,0.000131,0.000144,0.000186,0.000052,0.000158,0.000168,0.000072,0.000103,0.000027,0.000008,0.000009,0.000040,0.000090,0.000114,0.000130,0.000119,0.000104,0.000099,0.000026,0.000060,0.000154,0.000140
1069,,,,,,,,,,,,,0.000219,0.000002,0.000035,0.000050,0.000071,0.000100,0.000089,0.000082,0.000083,0.000111,0.000137,0.000172,0.000225,0.000242,0.000276,0.000280,0.000299,0.000326,0.000284,0.000091,0.000357,0.000140,0.000076,0.000156,0.000024,0.000005,0.000008,0.000062,0.000082,0.000124,0.000095,0.000072,0.000052,0.000037,0.000004,0.000011,0.000031,0.000048
1070,,,,,,,,,,,,,0.000437,0.000003,0.000046,0.000061,0.000060,0.000072,0.000074,0.000080,0.000100,0.000136,0.000117,0.000113,0.000197,0.000226,0.000185,0.000177,0.000156,0.000127,0.000113,0.000038,0.000090,0.000052,0.000047,0.000086,0.000021,0.000009,0.000012,0.000038,0.000030,0.000062,0.000050,0.000044,0.000044,0.000049,0.000009,0.000019,0.000056,0.000041
1071,,,,,,,,,,,,,0.000649,0.000004,0.000051,0.000073,0.000093,0.000108,0.000145,0.000248,0.000191,0.000183,0.000135,0.000140,0.000168,0.000189,0.000185,0.000156,0.000189,0.000170,0.000113,0.000024,0.000084,0.000044,0.000032,0.000067,0.000018,0.000008,0.000014,0.000135,0.000163,0.000199,0.000132,0.000104,0.000058,0.000046,0.000006,0.000013,0.000038,0.000036
1072,,,,,,,,,,,,,0.001151,0.000005,0.000090,0.000123,0.000120,0.000104,0.000112,0.000125,0.000138,0.000121,0.000104,0.000120,0.000114,0.000089,0.000090,0.000073,0.000072,0.000068,0.000060,0.000029,0.000063,0.000039,0.000027,0.000049,0.000016,0.000006,0.000009,0.000047,0.000050,0.000062,0.000053,0.000058,0.000047,0.000042,0.000007,0.000018,0.000065,0.000084
1073,,,,,,,,,,,,,0.001942,0.000005,0.000091,0.000122,0.000131,0.000196,0.000230,0.000237,0.000275,0.000237,0.000186,0.000158,0.000136,0.000123,0.000118,0.000103,0.000083,0.000073,0.000067,0.000030,0.000107,0.000078,0.000054,0.000097,0.000018,0.000008,0.000013,0.000140,0.000065,0.000079,0.000067,0.000068,0.000068,0.000050,0.000007,0.000014,0.000064,0.000077
1074,,,,,,,,,,,,,0.000779,0.000006,0.000087,0.000107,0.000123,0.000140,0.000171,0.000165,0.000246,0.000245,0.000238,0.000239,0.000229,0.000203,0.000179,0.000134,0.000111,0.000115,0.000113,0.000034,0.000117,0.000063,0.000038,0.000075,0.000015,0.000005,0.000008,0.000049,0.000040,0.000059,0.000046,0.000043,0.000037,0.000032,0.000004,0.000010,0.000041,0.000046
1075,,,,,,,,,,,,,0.004205,0.000006,0.000058,0.000053,0.000049,0.000062,0.000033,0.000036,0.000046,0.000036,0.000043,0.000040,0.000054,0.000062,0.000080,0.000105,0.000161,0.000218,0.000224,0.000086,0.000155,0.000046,0.000034,0.000072,0.000014,0.000013,0.000020,0.000055,0.000042,0.000045,0.000041,0.000039,0.000057,0.000040,0.000018,0.000040,0.000104,0.000162
1076,,,,,,,,,,,,,0.000637,0.000004,0.000061,0.000079,0.000107,0.000144,0.000161,0.000121,0.000141,0.000129,0.000141,0.000141,0.000178,0.000189,0.000221,0.000240,0.000235,0.000207,0.000215,0.000048,0.000137,0.000050,0.000035,0.000066,0.000018,0.000009,0.000010,0.000040,0.000038,0.000047,0.000030,0.000031,0.000029,0.000028,0.000007,0.000014,0.000057,0.000070
1077,,,,,,,,,,,,,-0.000000,0.000004,0.000099,0.000151,0.000196,0.000206,0.000189,0.000147,0.000145,0.000126,0.000105,0.000107,0.000119,0.000107,0.000103,0.000081,0.000070,0.000070,0.000078,0.000040,0.000068,0.000039,0.000026,0.000071,0.000019,0.000009,0.000014,0.000039,0.000051,0.000048,0.000037,0.000046,0.000039,0.000036,0.000006,0.000017,0.000064,0.000067
1078,,,,,,,,,,,,,0.000429,0.000004,0.000051,0.000090,0.000125,0.000187,0.000248,0.000236,0.000307,0.000267,0.000218,0.000186,0.000173,0.000142,0.000139,0.000119,0.000125,0.000140,0.000120,0.000040,0.000120,0.000049,0.000034,0.000061,0.000018,0.000005,0.000006,0.000052,0.000070,0.000089,0.000060,0.000051,0.000057,0.000060,0.000006,0.000016,0.000075,0.000067
1079,,,,,,,,,,,,,0.002017,0.000004,0.000084,0.000088,0.000077,0.000070,0.000088,0.000109,0.000170,0.000193,0.000206,0.000241,0.000280,0.000331,0.000359,0.000409,0.000381,0.000321,0.000250,0.000058,0.000157,0.000117,0.000055,0.000082,0.000015,0.000012,0.000018,0.000109,0.000046,0.000066,0.000099,0.000046,0.000027,0.000019,0.000005,0.000012,0.000034,0.000052
1080,,,,,,,,,,,,,0.000910,0.000005,0.000047,0.000072,0.000081,0.000080,0.000076,0.000063,0.000070,0.000074,0.000064,0.000085,0.000118,0.000177,0.000255,0.000257,0.000287,0.000290,0.000286,0.000062,0.000210,0.000083,0.000054,0.000122,0.000034,0.000020,0.000015,0.000041,0.000039,0.000046,0.000043,0.000051,0.000036,0.000033,0.000006,0.000016,0.000052,0.000071
1081,,,,,,,,,,,,,0.000275,0.000004,0.000053,0.000075,0.000080,0.000093,0.000104,0.000108,0.000181,0.000241,0.000269,0.000304,0.000359,0.000360,0.000375,0.000323,0.000276,0.000260,0.000220,0.000053,0.000134,0.000051,0.000043,0.000081,0.000012,0.000004,0.000007,0.000042,0.000056,0.000062,0.000044,0.000027,0.000021,0.000018,0.000004,0.000013,0.000050,0.000064
1082,,,,,,,,,,,,,0.000375,0.000005,0.000047,0.000062,0.000056,0.000047,0.000051,0.000056,0.000075,0.000074,0.000063,0.000040,0.000064,0.000067,0.000062,0.000058,0.000063,0.000070,0.000060,0.000036,0.000059,0.000038,0.000036,0.000060,0.000019,0.000009,0.000012,0.000041,0.000045,0.000065,0.000041,0.000047,0.000036,0.000032,0.000010,0.000020,0.000047,0.000048
1083,,,,,,,,,,,,,0.000452,0.000009,0.000114,0.000151,0.000182,0.000196,0.000173,0.000123,0.000147,0.000137,0.000132,0.000138,0.000135,0.000122,0.000106,0.000099,0.000093,0.000070,0.000055,0.000020,0.000036,0.000035,0.000029,0.000074,0.000022,0.000007,0.000010,0.000043,0.000044,0.000044,0.000031,0.000045,0.000041,0.000039,0.000005,0.000015,0.000097,0.000128
1084,,,,,,,,,,,,,0.000303,0.000005,0.000096,0.000150,0.000202,0.000191,0.000164,0.000152,0.000227,0.000221,0.000135,0.000101,0.000101,0.000089,0.000076,0.000075,0.000074,0.000083,0.000074,0.000031,0.000083,0.000056,0.000038,0.000080,0.000021,0.000009,0.000012,0.000035,0.000045,0.000051,0.000058,0.000056,0.000050,0.000056,0.000012,0.000027,0.000111,0.000095
1085,,,,,,,,,,,,,0.004873,0.000005,0.000094,0.000094,0.000076,0.000061,0.000047,0.000041,0.000065,0.000063,0.000038,0.000031,0.000025,0.000014,0.000025,0.000048,0.000056,0.000087,0.000098,0.000049,0.000151,0.000124,0.000078,0.000145,0.000039,0.000015,0.000017,0.000056,0.000078,0.000105,0.000078,0.000076,0.000082,0.000079,0.000018,0.000032,0.000089,0.000120
1086,,,,,,,,,,,,,0.001716,0.000005,0.000075,0.000078,0.000084,0.000078,0.000067,0.000069,0.000099,0.000107,0.000076,0.000069,0.000064,0.000048,0.000044,0.000046,0.000040,0.000052,0.000054,0.000031,0.000058,0.000044,0.000036,0.000083,0.000023,0.000008,0.000008,0.000046,0.000042,0.000061,0.000071,0.000116,0.000125,0.000114,0.000009,0.000028,0.000090,0.000082
1087,,,,,,,,,,,,,0.001302,0.000005,0.000051,0.000060,0.000063,0.000095,0.000091,0.000083,0.000111,0.000084,0.000071,0.000056,0.000057,0.000069,0.000057,0.000047,0.000043,0.000066,0.000068,0.000025,0.000105,0.000121,0.000099,0.000189,0.000032,0.000013,0.000017,0.000047,0.000043,0.000048,0.000050,0.000062,0.000060,0.000047,0.000008,0.000017,0.000054,0.000086
1088,,,,,,,,,,,,,0.000312,0.000006,0.000086,0.000103,0.000105,0.000137,0.000159,0.000130,0.000129,0.000115,0.000113,0.000129,0.000131,0.000103,0.000108,0.000123,0.000163,0.000214,0.000255,0.000063,0.000178,0.000083,0.000049,0.000070,0.000023,0.000009,0.000012,0.000050,0.000050,0.000063,0.000060,0.000067,0.000055,0.000042,0.000009,0.000025,0.000080,0.000105
1089,,,,,,,,,,,,,0.000537,0.000004,0.000040,0.000055,0.000057,0.000083,0.000069,0.000066,0.000088,0.000106,0.000093,0.000106,0.000113,0.000111,0.000139,0.000133,0.000158,0.000175,0.000158,0.000042,0.000087,0.000051,0.000039,0.000083,0.000019,0.000006,0.000008,0.000043,0.000053,0.000084,0.000069,0.000088,0.000072,0.000055,0.000007,0.000016,0.000043,0.000067
1090,,,,,,,,,,,,,0.000852,0.000004,0.000062,0.000123,0.000205,0.000335,0.000428,0.000403,0.000394,0.000322,0.000249,0.000206,0.000212,0.000199,0.000253,0.000250,0.000277,0.000244,0.000164,0.000044,0.000099,0.000056,0.000034,0.000015,0.000015,0.000009,0.000013,0.000051,0.000053,0.000059,0.000063,0.000054,0.000045,0.000039,0.000008,0.000019,0.000035,0.000047
1091,,,,,,,,,,,,,0.005997,0.000011,0.000128,0.000129,0.000163,0.000259,0.000451,0.000587,0.000691,0.000598,0.000488,0.000436,0.000410,0.000312,0.000253,0.000172,0.000136,0.000112,0.000078,0.000032,0.000057,0.000048,0.000038,0.000021,0.000017,0.000007,0.000010,0.000037,0.000043,0.000045,0.000036,0.000032,0.000045,0.000062,0.000024,0.000053,0.000156,0.000174
1092,,,,,,,,,,,,,0.001057,0.000005,0.000069,0.000088,0.000097,0.000113,0.000129,0.000120,0.000129,0.000111,0.000101,0.000090,0.000089,0.000094,0.000107,0.000104,0.000106,0.000117,0.000119,0.000037,0.000108,0.000050,0.000028,0.000052,0.000014,0.000005,0.000006,0.000027,0.000061,0.000029,0.000024,0.000023,0.000020,0.000018,0.000005,0.000017,0.000096,0.000099
1093,,,,,,,,,,,,,0.000706,0.000006,0.000070,0.000119,0.000160,0.000220,0.000244,0.000219,0.000227,0.000197,0.000165,0.000160,0.000146,0.000106,0.000095,0.000078,0.000074,0.000076,0.000059,0.000029,0.000055,0.000039,0.000032,0.000041,0.000017,0.000008,0.000014,0.000067,0.000125,0.000195,0.000145,0.000149,0.000146,0.000132,0.000014,0.000026,0.000083,0.000081
1094,,,,,,,,,,,,,0.000382,0.000004,0.000050,0.000040,0.000057,0.000065,0.000046,0.000040,0.000044,0.000062,0.000066,0.000069,0.000075,0.000065,0.000074,0.000073,0.000103,0.000129,0.000170,0.000067,0.000244,0.000085,0.000046,0.000096,0.000021,0.000009,0.000011,0.000043,0.000046,0.000067,0.000058,0.000044,0.000044,0.000050,0.000008,0.000017,0.000046,0.000047
1095,,,,,,,,,,,,,0.001288,0.000004,0.000044,0.000057,0.000067,0.000078,0.000068,0.000076,0.000087,0.000070,0.000074,0.000075,0.000077,0.000078,0.000078,0.000116,0.000161,0.000121,0.000146,0.000042,0.000100,0.000046,0.000033,0.000058,0.000015,0.000009,0.000008,0.000024,0.000034,0.000043,0.000066,0.000062,0.000081,0.000113,0.000015,0.000030,0.000101,0.000076
1096,,,,,,,,,,,,,0.000717,0.000003,0.000045,0.000092,0.000153,0.000188,0.000178,0.000137,0.000142,0.000124,0.000110,0.000095,0.000106,0.000095,0.000104,0.000084,0.000076,0.000081,0.000100,0.000041,0.000173,0.000068,0.000040,0.000047,0.000013,0.000005,0.000007,0.000024,0.000033,0.000045,0.000035,0.000030,0.000029,0.000039,0.000006,0.000010,0.000038,0.000037
1097,,,,,,,,,,,,,0.002830,0.000015,0.000294,0.000449,0.000531,0.000679,0.000788,0.000701,0.000692,0.000584,0.000439,0.000424,0.000406,0.000348,0.000305,0.000309,0.000241,0.000212,0.000188,0.000064,0.000149,0.000081,0.000052,0.000077,0.000025,0.000012,0.000023,0.000149,0.000206,0.000185,0.000111,0.000068,0.000052,0.000043,0.000011,0.000025,0.000093,0.000084
1098,,,,,,,,,,,,,0.000375,0.000003,0.000042,0.000053,0.000059,0.000070,0.000067,0.000042,0.000050,0.000045,0.000027,0.000021,0.000025,0.000025,0.000043,0.000042,0.000055,0.000074,0.000074,0.000035,0.000100,0.000065,0.000047,0.000096,0.000016,0.000005,0.000006,0.000032,0.000027,0.000044,0.000035,0.000027,0.000019,0.000017,0.000005,0.000012,0.000049,0.000053
1099,,,,,,,,,,,,,0.000433,0.000003,0.000065,0.000122,0.000186,0.000240,0.000263,0.000198,0.000229,0.000220,0.000242,0.000242,0.000269,0.000214,0.000175,0.000135,0.000123,0.000103,0.000100,0.000033,0.000071,0.000037,0.000023,0.000050,0.000024,0.000008,0.000011,0.000119,0.000045,0.000046,0.000045,0.000048,0.000039,0.000030,0.000005,0.000012,0.000050,0.000044
1100,,,,,,,,,,,,,-0.000028,0.000009,0.000095,0.000121,0.000113,0.000127,0.000127,0.000101,0.000122,0.000126,0.000112,0.000121,0.000119,0.000099,0.000095,0.000090,0.000078,0.000081,0.000066,0.000026,0.000075,0.000041,0.000034,0.000043,0.000011,0.000004,0.000005,0.000032,0.000032,0.000047,0.000035,0.000030,0.000017,0.000019,0.000004,0.000012,0.000085,0.000111
1101,,,,,,,,,,,,,0.000780,0.000009,0.000137,0.000206,0.000207,0.000205,0.000244,0.000248,0.000346,0.000350,0.000342,0.000301,0.000314,0.000248,0.000260,0.000238,0.000207,0.000180,0.000197,0.000060,0.000181,0.000064,0.000044,0.000066,0.000018,0.000007,0.000009,0.000036,0.000058,0.000070,0.000081,0.000055,0.000054,0.000048,0.000004,0.000012,0.000048,0.000055
1102,,,,,,,,,,,,,0.001215,0.000005,0.000051,0.000068,0.000066,0.000073,0.000064,0.000094,0.000113,0.000085,0.000057,0.000061,0.000063,0.000044,0.000043,0.000078,0.000045,0.000043,0.000046,0.000021,0.000029,0.000146,0.000072,0.000035,0.000035,0.000042,0.000041,0.000084,0.000111,0.000154,0.000185,0.000191,0.000183,0.000176,0.000036,0.000080,0.000120,0.000170
1103,,,,,,,,,,,,,0.000294,0.000009,0.000158,0.000203,0.000157,0.000151,0.000145,0.000136,0.000168,0.000163,0.000142,0.000173,0.000182,0.000170,0.000214,0.000260,0.000310,0.000366,0.000435,0.000144,0.000416,0.000125,0.000072,0.000104,0.000028,0.000012,0.000016,0.000053,0.000064,0.000074,0.000051,0.000047,0.000029,0.000094,0.000009,0.000028,0.000082,0.000108
1104,,,,,,,,,,,,,0.002246,0.000008,0.000134,0.000157,0.000164,0.000181,0.000176,0.000141,0.000156,0.000167,0.000151,0.000143,0.000142,0.000127,0.000125,0.000109,0.000103,0.000090,0.000100,0.000036,0.000109,0.000072,0.000056,0.000160,0.000031,0.000011,0.000012,0.000062,0.000078,0.000095,0.000065,0.000052,0.000042,0.000066,0.000005,0.000015,0.000077,0.000078
1105,,,,,,,,,,,,,0.000676,0.000002,0.000035,0.000044,0.000041,0.000048,0.000040,0.000070,0.000089,0.000102,0.000107,0.000128,0.000149,0.000125,0.000109,0.000093,0.000074,0.000054,0.000054,0.000025,0.000081,0.000044,0.000029,0.000052,0.000014,0.000008,0.000011,0.000039,0.000075,0.000166,0.000150,0.000152,0.000118,0.000085,0.000010,0.000018,0.000041,0.000041
1106,,,,,,,,,,,,,0.000076,0.000005,0.000103,0.000129,0.000144,0.000167,0.000175,0.000137,0.000158,0.000151,0.000140,0.000139,0.000156,0.000149,0.000151,0.000145,0.000130,0.000127,0.000127,0.000040,0.000126,0.000049,0.000037,0.000080,0.000023,0.000005,0.000006,0.000036,0.000042,0.000059,0.000054,0.000049,0.000035,0.000026,0.000004,0.000011,0.000043,0.000064
1107,,,,,,,,,,,,,0.000240,0.000007,0.000089,0.000133,0.000147,0.000169,0.000176,0.000140,0.000145,0.000111,0.000097,0.000087,0.000083,0.000074,0.000065,0.000077,0.000050,0.000048,0.000036,0.000019,0.000034,0.000054,0.000037,0.000037,0.000013,0.000004,0.000007,0.000026,0.000035,0.000054,0.000046,0.000050,0.000044,0.000042,0.000006,0.000014,0.000051,0.000076
1108,,,,,,,,,,,,,0.000145,0.000004,0.000068,0.000080,0.000082,0.000085,0.000103,0.000089,0.000095,0.000101,0.000090,0.000081,0.000090,0.000096,0.000100,0.000098,0.000097,0.000100,0.000086,0.000021,0.000054,0.000034,0.000024,0.000039,0.000012,0.000004,0.000007,0.000030,0.000042,0.000047,0.000030,0.000034,0.000029,0.000025,0.000006,0.000013,0.000052,0.000123
1109,,,,,,,,,,,,,0.000469,0.000015,0.000251,0.000258,0.000245,0.000245,0.000222,0.000166,0.000213,0.000190,0.000123,0.000128,0.000149,0.000134,0.000145,0.000154,0.000141,0.000143,0.000099,0.000031,0.000063,0.000043,0.000042,0.000069,0.000018,0.000005,0.000006,0.000023,0.000031,0.000041,0.000038,0.000040,0.000039,0.000041,0.000005,0.000015,0.000053,0.000077
1110,,,,,,,,,,,,,-0.000086,0.000006,0.000109,0.000140,0.000149,0.000139,0.000144,0.000116,0.000160,0.000161,0.000154,0.000151,0.000133,0.000118,0.000113,0.000100,0.000087,0.000096,0.000092,0.000037,0.000177,0.000076,0.000047,0.000106,0.000020,0.000006,0.000008,0.000044,0.000051,0.000073,0.000049,0.000063,0.000057,0.000068,0.000005,0.000014,0.000069,0.000081
1111,,,,,,,,,,,,,0.000319,0.000006,0.000093,0.000114,0.000135,0.000140,0.000114,0.000086,0.000099,0.000122,0.000119,0.000112,0.000129,0.000114,0.000094,0.000074,0.000074,0.000095,0.000104,0.000038,0.000088,0.000052,0.000028,0.000046,0.000013,0.000006,0.000009,0.000042,0.000043,0.000056,0.000043,0.000040,0.000034,0.000033,0.000009,0.000017,0.000060,0.000091
1112,,,,,,,,,,,,,0.000151,0.000007,0.000099,0.000133,0.000126,0.000120,0.000142,0.000115,0.000130,0.000137,0.000124,0.000130,0.000145,0.000134,0.000128,0.000118,0.000107,0.000098,0.000086,0.000038,0.000100,0.000047,0.000033,0.000049,0.000015,0.000006,0.000008,0.000033,0.000050,0.000045,0.000036,0.000045,0.000049,0.000064,0.000007,0.000023,0.000067,0.000071
1113,,,,,,,,,,,,,0.000535,0.000005,0.000100,0.000128,0.000119,0.000129,0.000130,0.000116,0.000149,0.000125,0.000152,0.000134,0.000197,0.000187,0.000146,0.000114,0.000086,0.000087,0.000073,0.000028,0.000060,0.000041,0.000028,0.000038,0.000013,0.000008,0.000009,0.000038,0.000025,0.000038,0.000039,0.000069,0.000057,0.000042,0.000007,0.000017,0.000058,0.000069
1114,,,,,,,,,,,,,0.000023,0.000005,0.000083,0.000111,0.000157,0.000210,0.000238,0.000175,0.000157,0.000127,0.000106,0.000102,0.000121,0.000118,0.000119,0.000106,0.000093,0.000109,0.000094,0.000031,0.000087,0.000042,0.000027,0.000052,0.000017,0.000005,0.000007,0.000033,0.000040,0.000057,0.000055,0.000061,0.000061,0.000061,0.000007,0.000014,0.000059,0.000077
