roi_id,bin_0,bin_1,bin_2,bin_3,bin_4,bin_5,bin_6,bin_7,bin_8,bin_9,bin_10,bin_11,bin_12,bin_13,bin_14,bin_15,bin_16,bin_17,bin_18,bin_19,bin_20,bin_21,bin_22,bin_23,bin_24,bin_25,bin_26,bin_27,bin_28,bin_29,bin_30,bin_31,bin_32,bin_33,bin_34,bin_35,bin_36,bin_37,bin_38,bin_39,bin_40,bin_41,bin_42,bin_43,bin_44,bin_45,bin_46,bin_47,bin_48,bin_49
0,,,,,,,,,,,,,,0.000015,0.000252,0.000227,0.000181,0.000137,0.000082,0.000082,0.000101,0.000093,0.000073,0.000066,0.000051,0.000046,0.000045,0.000048,0.000042,0.000038,0.000037,0.000034,0.000051,0.000114,0.000195,0.000279,0.000297,0.000340,0.000273,0.000835,0.000840,0.001055,0.000896,0.000697,0.000685,0.000523,0.000235,0.000356,0.000809,0.000957
1,,,,,,,,,,,,,,0.000009,0.000133,0.000134,0.000101,0.000099,0.000041,0.000035,0.000037,0.000029,0.000044,0.000040,0.000039,0.000052,0.000044,0.000079,0.000088,0.000085,0.000101,0.000103,0.000121,0.000220,0.000341,0.000366,0.000316,0.000192,0.000170,0.000595,0.000647,0.000644,0.000551,0.000432,0.000415,0.000320,0.000135,0.000212,0.000471,0.000587
2,,,,,,,,,,,,,,0.000017,0.000697,0.000564,0.000481,0.000475,0.000204,0.000272,0.000372,0.000346,0.000300,0.000258,0.000186,0.000188,0.000163,0.000220,0.000217,0.000183,0.000207,0.000199,0.000206,0.000188,0.000153,0.000104,0.000144,0.000086,0.000082,0.000328,0.000501,0.000655,0.000562,0.000506,0.000489,0.000425,0.000605,0.000851,0.001034,0.001126
3,,,,,,,,,,,,,,0.000011,0.000199,0.000196,0.000207,0.000176,0.000159,0.000133,0.000119,0.000143,0.000104,0.000068,0.000031,0.000007,-0.000006,-0.000039,-0.000037,0.000019,0.000157,0.000420,0.000804,0.001136,0.001246,0.001120,0.000767,0.000272,0.000195,0.000585,0.000599,0.000544,0.000522,0.000454,0.000424,0.000336,0.000187,0.000272,0.000617,0.000711
4,,,,,,,,,,,,,,0.000011,0.000236,0.000217,0.000168,0.000143,0.000087,0.000123,0.000181,0.000134,0.000141,0.000136,0.000083,0.000049,0.000036,0.000044,0.000043,0.000064,0.000182,0.000473,0.000996,0.001532,0.001792,0.001646,0.001148,0.000465,0.000271,0.000851,0.000856,0.001086,0.000951,0.000737,0.000722,0.000734,0.000749,0.000933,0.000876,0.001052
5,,,,,,,,,,,,,,0.000009,0.000155,0.000143,0.000128,0.000094,0.000054,0.000073,0.000068,0.000047,0.000055,0.000050,0.000046,0.000051,0.000067,0.000169,0.000272,0.000420,0.000666,0.000918,0.001249,0.001406,0.001395,0.001176,0.000936,0.000434,0.000257,0.000730,0.000711,0.000717,0.000671,0.000510,0.000509,0.000373,0.000218,0.000265,0.000571,0.000652
6,,,,,,,,,,,,,,0.000009,0.000191,0.000194,0.000144,0.000122,0.000073,0.000097,0.000104,0.000087,0.000080,0.000075,0.000042,0.000037,0.000037,0.000045,0.000051,0.000042,0.000041,0.000038,0.000048,0.000060,0.000132,0.000147,0.000146,0.000192,0.000140,0.000626,0.000787,0.000965,0.000749,0.000546,0.000607,0.000583,0.000705,0.000576,0.000795,0.000862
7,,,,,,,,,,,,,,0.000008,0.000191,0.000156,0.000149,0.000128,0.000060,0.000076,0.000070,0.000110,0.000060,0.000052,0.000031,0.000026,0.000025,0.000017,0.000019,0.000013,0.000028,0.000045,0.000094,0.000173,0.000260,0.000346,0.000470,0.000348,0.000190,0.000569,0.000583,0.000622,0.000484,0.000385,0.000373,0.000252,0.000116,0.000162,0.000319,0.000499
8,,,,,,,,,,,,,,0.000052,0.001036,0.000844,0.000783,0.000680,0.000316,0.000416,0.000393,0.000337,0.000366,0.000314,0.000207,0.000232,0.000183,0.000262,0.000283,0.000229,0.000233,0.000217,0.000214,0.000215,0.000142,0.000078,0.000040,0.000008,0.000003,0.000016,0.000028,0.000107,0.000270,0.000478,0.000984,0.001378,0.001428,0.002174,0.003605,0.003898
9,,,,,,,,,,,,,,0.000010,0.000304,0.000265,0.000206,0.000157,0.000076,0.000058,0.000051,0.000044,0.000024,0.000015,0.000016,0.000016,0.000011,0.000016,0.000019,0.000014,0.000021,0.000027,0.000031,0.000047,0.000119,0.000234,0.000282,0.000208,0.000170,0.000586,0.000506,0.000566,0.000507,0.000387,0.000359,0.000285,0.000220,0.000227,0.000423,0.000511
10,,,,,,,,,,,,,,0.000006,0.000135,0.000121,0.000084,0.000063,0.000032,0.000030,0.000021,0.000020,0.000005,-0.000006,-0.000013,-0.000003,0.000010,0.000031,0.000111,0.000194,0.000377,0.000679,0.001201,0.001862,0.002330,0.002050,0.001377,0.000392,0.000255,0.000773,0.000629,0.000485,0.000436,0.000418,0.000435,0.000445,0.000433,0.000466,0.000333,0.000326
11,,,,,,,,,,,,,,0.000012,0.000348,0.000295,0.000272,0.000224,0.000105,0.000138,0.000129,0.000128,0.000105,0.000087,0.000049,0.000046,0.000032,0.000029,0.000017,0.000006,-0.000002,-0.000001,0.000017,0.000069,0.000167,0.000400,0.000449,0.000246,0.000217,0.000599,0.000535,0.000471,0.000378,0.000344,0.000319,0.000235,0.000128,0.000201,0.000448,0.000552
12,,,,,,,,,,,,,,0.000003,0.000089,0.000090,0.000088,0.000085,0.000051,0.000061,0.000068,0.000064,0.000067,0.000065,0.000047,0.000043,0.000037,0.000063,0.000060,0.000054,0.000063,0.000059,0.000064,0.000064,0.000052,0.000029,0.000014,0.000005,0.000005,0.000024,0.000029,0.000033,0.000039,0.000037,0.000045,0.000036,0.000017,0.000034,0.000070,0.000089
13,,,,,,,,,,,,,,0.000013,0.000387,0.000325,0.000276,0.000224,0.000111,0.000136,0.000137,0.000112,0.000115,0.000103,0.000078,0.000073,0.000056,0.000061,0.000054,0.000042,0.000033,0.000031,0.000061,0.000104,0.000207,0.000404,0.000416,0.000219,0.000100,0.000251,0.000248,0.000240,0.000243,0.000225,0.000234,0.000196,0.000143,0.000329,0.000790,0.000932
14,,,,,,,,,,,,,,0.000001,0.000037,0.000042,0.000043,0.000041,0.000024,0.000042,0.000050,0.000053,0.000065,0.000061,0.000046,0.000048,0.000049,0.000094,0.000110,0.000112,0.000141,0.000156,0.000175,0.000183,0.000158,0.000112,0.000077,0.000028,0.000015,0.000049,0.000063,0.000061,0.000054,0.000051,0.000067,0.000073,0.000055,0.000031,0.000033,0.000046
15,,,,,,,,,,,,,,0.000007,0.000240,0.000229,0.000245,0.000200,0.000117,0.000194,0.000158,0.000181,0.000182,0.000161,0.000117,0.000101,0.000092,0.000148,0.000154,0.000132,0.000148,0.000150,0.000158,0.000169,0.000140,0.000109,0.000084,0.000047,0.000047,0.000389,0.000307,0.000170,0.000145,0.000110,0.000139,0.000126,0.000082,0.000093,0.000119,0.000196
16,,,,,,,,,,,,,,0.000009,0.000223,0.000194,0.000175,0.000140,0.000098,0.000102,0.000119,0.000116,0.000133,0.000109,0.000065,0.000104,0.000087,0.000075,0.000067,0.000053,0.000055,0.000042,0.000039,0.000057,0.000082,0.000240,0.000365,0.000255,0.000183,0.000469,0.000634,0.000662,0.000518,0.000415,0.000351,0.000290,0.000152,0.000262,0.000413,0.000614
17,,,,,,,,,,,,,,0.000002,0.000047,0.000051,0.000059,0.000079,0.000258,0.000282,0.000311,0.000489,0.000448,0.000552,0.000318,0.000367,0.000331,0.000567,0.000559,0.000679,0.000801,0.000835,0.000826,0.000705,0.000541,0.000415,0.000289,0.000102,0.000044,0.000188,0.000214,0.000294,0.000231,0.000179,0.000176,0.000128,0.000069,0.000053,0.000105,0.000156
18,,,,,,,,,,,,,,0.000003,0.000099,0.000099,0.000080,0.000084,0.000058,0.000059,0.000063,0.000066,0.000074,0.000061,0.000040,0.000050,0.000043,0.000053,0.000045,0.000033,0.000025,0.000023,0.000023,0.000045,0.000084,0.000147,0.000240,0.000157,0.000099,0.000317,0.000305,0.000280,0.000189,0.000183,0.000181,0.000141,0.000069,0.000097,0.000213,0.000225
19,,,,,,,,,,,,,,0.000060,0.001275,0.001097,0.000968,0.000788,0.000391,0.000539,0.000496,0.000461,0.000542,0.000457,0.000311,0.000314,0.000234,0.000332,0.000319,0.000254,0.000244,0.000213,0.000207,0.000208,0.000139,0.000083,0.000042,0.000009,0.000005,0.000042,0.000095,0.000201,0.000455,0.000805,0.001407,0.001393,0.000752,0.001351,0.003616,0.004325
20,,,,,,,,,,,,,,0.000030,0.001324,0.001317,0.001157,0.001131,0.000891,0.000834,0.001132,0.001077,0.001254,0.001329,0.000965,0.000838,0.000769,0.001307,0.001245,0.001077,0.001172,0.001116,0.001075,0.000960,0.000725,0.000462,0.000273,0.000088,0.000051,0.000180,0.000195,0.000191,0.000178,0.000141,0.000136,0.000119,0.000067,0.000079,0.000036,0.000036
21,,,,,,,,,,,,,,0.000002,0.000262,0.000393,0.000574,0.000943,0.001043,0.001075,0.001255,0.001197,0.001331,0.001142,0.000820,0.000824,0.000660,0.000797,0.000690,0.000571,0.000557,0.000501,0.000475,0.000403,0.000310,0.000203,0.000117,0.000059,0.000032,0.000202,0.000255,0.000420,0.000361,0.000258,0.000222,0.000164,0.000089,0.000088,0.000210,0.000350
22,,,,,,,,,,,,,,0.000006,0.000160,0.000154,0.000283,0.000244,0.000141,0.000099,0.000091,0.000085,0.000089,0.000083,0.000051,0.000044,0.000044,0.000044,0.000041,0.000027,0.000033,0.000041,0.000077,0.000116,0.000241,0.000252,0.000217,0.000158,0.000058,0.000221,0.000221,0.000261,0.000225,0.000204,0.000191,0.000141,0.000087,0.000178,0.000294,0.000309
23,,,,,,,,,,,,,,0.000006,0.000300,0.000326,0.000260,0.000203,0.000119,0.000110,0.000134,0.000111,0.000109,0.000116,0.000072,0.000083,0.000081,0.000075,0.000077,0.000057,0.000053,0.000047,0.000062,0.000070,0.000094,0.000138,0.000208,0.000116,0.000097,0.000320,0.000343,0.000350,0.000287,0.000245,0.000208,0.000168,0.000090,0.000107,0.000286,0.000330
24,,,,,,,,,,,,,,0.000009,0.000193,0.000184,0.000141,0.000134,0.000060,0.000077,0.000112,0.000105,0.000085,0.000072,0.000044,0.000037,0.000027,0.000037,0.000031,0.000038,0.000051,0.000066,0.000097,0.000137,0.000238,0.000401,0.000515,0.000286,0.000190,0.000555,0.000657,0.000799,0.000726,0.000646,0.000774,0.000741,0.000590,0.000506,0.000704,0.000886
25,,,,,,,,,,,,,,0.000010,0.000270,0.000228,0.000200,0.000201,0.000116,0.000138,0.000128,0.000103,0.000125,0.000113,0.000082,0.000072,0.000065,0.000087,0.000081,0.000070,0.000068,0.000051,0.000051,0.000057,0.000145,0.000274,0.000459,0.000355,0.000247,0.000631,0.000620,0.000700,0.000645,0.000529,0.000484,0.000390,0.000177,0.000271,0.000593,0.000722
26,,,,,,,,,,,,,,0.000006,0.000201,0.000170,0.000139,0.000132,0.000073,0.000088,0.000108,0.000125,0.000099,0.000085,0.000074,0.000066,0.000052,0.000037,0.000020,0.000011,0.000046,0.000108,0.000294,0.000553,0.000640,0.000606,0.000375,0.000096,0.000058,0.000142,0.000199,0.000297,0.000372,0.000454,0.000647,0.000732,0.000714,0.000775,0.000581,0.000569
27,,,,,,,,,,,,,,0.000004,0.000348,0.000277,0.000372,0.000619,0.000519,0.000734,0.000781,0.000891,0.000842,0.000789,0.000507,0.000442,0.000362,0.000439,0.000350,0.000280,0.000264,0.000255,0.000317,0.000412,0.000359,0.000253,0.000160,0.000065,0.000063,0.000253,0.000214,0.000161,0.000091,0.000083,0.000087,0.000070,0.000033,0.000052,0.000074,0.000111
28,,,,,,,,,,,,,,0.000092,0.002058,0.001860,0.001649,0.001433,0.000693,0.000924,0.000887,0.000816,0.000912,0.000776,0.000532,0.000492,0.000377,0.000530,0.000483,0.000398,0.000404,0.000370,0.000362,0.000358,0.000249,0.000148,0.000075,0.000016,0.000009,0.000025,0.000033,0.000035,0.000061,0.000122,0.000229,0.000328,0.000241,0.000515,0.001603,0.002582
29,,,,,,,,,,,,,,0.000061,0.001755,0.001410,0.001292,0.001038,0.000488,0.000521,0.000563,0.000496,0.000563,0.000446,0.000313,0.000315,0.000263,0.000392,0.000362,0.000285,0.000254,0.000205,0.000183,0.000147,0.000102,0.000062,0.000036,0.000014,0.000010,0.000022,0.000013,0.000004,0.000006,0.000017,0.000025,0.000021,0.000019,0.000051,0.000177,0.000371
30,,,,,,,,,,,,,,0.000025,0.000622,0.000671,0.000703,0.000763,0.000432,0.000486,0.000442,0.000380,0.000404,0.000332,0.000247,0.000241,0.000166,0.000213,0.000175,0.000144,0.000130,0.000113,0.000100,0.000103,0.000068,0.000049,0.000023,0.000009,0.000009,0.000069,0.000143,0.000304,0.000625,0.000859,0.001088,0.000976,0.000471,0.000813,0.001847,0.002068
31,,,,,,,,,,,,,,0.000002,0.000029,0.000031,0.000034,0.000064,0.000085,0.000216,0.000456,0.000684,0.000927,0.001170,0.001070,0.001389,0.001364,0.001909,0.001901,0.001523,0.001425,0.001259,0.001092,0.000900,0.000647,0.000391,0.000191,0.000045,0.000022,0.000062,0.000053,0.000039,0.000042,0.000039,0.000051,0.000043,0.000018,0.000040,0.000090,0.000105
32,,,,,,,,,,,,,,0.000004,0.000100,0.000082,0.000072,0.000056,0.000054,0.000110,0.000110,0.000172,0.000102,0.000059,0.000042,0.000036,0.000028,0.000029,0.000022,0.000022,0.000039,0.000039,0.000048,0.000079,0.000117,0.000164,0.000237,0.000142,0.000093,0.000594,0.000767,0.000761,0.000612,0.000527,0.000558,0.000522,0.000321,0.000227,0.000297,0.000366
33,,,,,,,,,,,,,,0.000002,0.000188,0.000304,0.000667,0.000931,0.000913,0.001643,0.002416,0.002535,0.002956,0.002919,0.002285,0.002026,0.001599,0.002373,0.002122,0.001733,0.001762,0.001572,0.001423,0.001241,0.000949,0.000566,0.000299,0.000080,0.000041,0.000137,0.000110,0.000088,0.000078,0.000053,0.000064,0.000055,0.000030,0.000043,0.000066,0.000084
34,,,,,,,,,,,,,,0.000002,-0.000004,-0.000014,-0.000023,-0.000007,0.000019,0.000122,0.000416,0.000677,0.001142,0.001598,0.001418,0.001599,0.001540,0.002536,0.002477,0.002034,0.002127,0.001920,0.001883,0.001698,0.001295,0.000824,0.000494,0.000149,0.000088,0.000278,0.000249,0.000200,0.000179,0.000157,0.000209,0.000192,0.000112,0.000093,0.000163,0.000162
35,,,,,,,,,,,,,,0.000006,0.000133,0.000124,0.000102,0.000099,0.000047,0.000063,0.000067,0.000061,0.000068,0.000050,0.000042,0.000032,0.000031,0.000041,0.000040,0.000042,0.000048,0.000057,0.000081,0.000166,0.000328,0.000437,0.000397,0.000269,0.000173,0.000661,0.000636,0.000661,0.000574,0.000462,0.000396,0.000287,0.000136,0.000187,0.000441,0.000509
36,,,,,,,,,,,,,,0.000004,0.000082,0.000079,0.000071,0.000056,0.000038,0.000046,0.000058,0.000063,0.000066,0.000060,0.000031,0.000027,0.000018,0.000008,0.000003,0.000014,0.000059,0.000160,0.000348,0.000537,0.000730,0.000794,0.000619,0.000218,0.000137,0.000525,0.000496,0.000419,0.000323,0.000256,0.000231,0.000162,0.000084,0.000125,0.000268,0.000303
37,,,,,,,,,,,,,,0.000027,0.001358,0.001352,0.001256,0.001159,0.000761,0.000551,0.000637,0.000576,0.000596,0.000557,0.000424,0.000343,0.000262,0.000389,0.000341,0.000260,0.000273,0.000269,0.000305,0.000364,0.000506,0.000559,0.000407,0.000141,0.000068,0.000218,0.000185,0.000184,0.000201,0.000147,0.000158,0.000122,0.000092,0.000127,0.000196,0.000236
38,,,,,,,,,,,,,,0.000007,0.000164,0.000125,0.000159,0.000152,0.000190,0.000147,0.000190,0.000192,0.000203,0.000176,0.000107,0.000088,0.000066,0.000074,0.000065,0.000053,0.000044,0.000046,0.000042,0.000064,0.000107,0.000112,0.000094,0.000083,0.000141,0.000870,0.000893,0.000928,0.000866,0.000696,0.000630,0.000454,0.000191,0.000307,0.000665,0.000807
39,,,,,,,,,,,,,,0.000007,0.000198,0.000185,0.000238,0.000181,0.000123,0.000135,0.000124,0.000115,0.000118,0.000085,0.000090,0.000071,0.000069,0.000067,0.000068,0.000055,0.000066,0.000064,0.000055,0.000052,0.000043,0.000040,0.000037,0.000040,0.000035,0.000129,0.000179,0.000316,0.000429,0.000453,0.000478,0.000419,0.000315,0.000242,0.000168,0.000178
40,,,,,,,,,,,,,,0.000013,0.000535,0.000668,0.000773,0.000938,0.000657,0.000807,0.000897,0.000873,0.000947,0.000799,0.000508,0.000452,0.000342,0.000490,0.000418,0.000324,0.000317,0.000244,0.000219,0.000188,0.000122,0.000059,0.000031,0.000012,0.000020,0.000066,0.000063,0.000081,0.000083,0.000064,0.000062,0.000050,0.000038,0.000111,0.000116,0.000162
41,,,,,,,,,,,,,,0.000002,0.000096,0.000099,0.000080,0.000070,0.000047,0.000080,0.000135,0.000196,0.000320,0.000459,0.000462,0.000931,0.000757,0.001130,0.001104,0.000893,0.000882,0.000814,0.000708,0.000605,0.000426,0.000282,0.000160,0.000050,0.000023,0.000068,0.000074,0.000073,0.000084,0.000089,0.000101,0.000089,0.000058,0.000045,0.000118,0.000137
42,,,,,,,,,,,,,,0.000005,0.000111,0.000076,0.000061,0.000047,0.000069,0.000047,0.000051,0.000044,0.000050,0.000043,0.000048,0.000040,0.000049,0.000059,0.000073,0.000054,0.000061,0.000054,0.000055,0.000064,0.000082,0.000108,0.000134,0.000155,0.000107,0.000292,0.000239,0.000289,0.000238,0.000176,0.000237,0.000255,0.000395,0.000449,0.000379,0.000385
43,,,,,,,,,,,,,,0.000043,0.001601,0.001550,0.001214,0.000968,0.000512,0.000483,0.000531,0.000453,0.000429,0.000425,0.000301,0.000270,0.000214,0.000321,0.000314,0.000268,0.000275,0.000263,0.000271,0.000251,0.000215,0.000130,0.000076,0.000020,0.000008,0.000035,0.000037,0.000050,0.000051,0.000045,0.000051,0.000053,0.000038,0.000028,0.000033,0.000054
44,,,,,,,,,,,,,,0.000046,0.001089,0.001003,0.000905,0.000876,0.000476,0.000733,0.000898,0.001144,0.001325,0.001393,0.000997,0.000986,0.000770,0.000982,0.000884,0.000710,0.000680,0.000611,0.000559,0.000519,0.000368,0.000220,0.000104,0.000021,0.000013,0.000059,0.000071,0.000048,0.000038,0.000043,0.000053,0.000065,0.000055,0.000166,0.000653,0.001177
45,,,,,,,,,,,,,,0.000003,0.000090,0.000171,0.000106,0.000094,0.000182,0.000132,0.000285,0.000327,0.000346,0.000315,0.000227,0.000235,0.000143,0.000197,0.000148,0.000154,0.000161,0.000152,0.000150,0.000171,0.000146,0.000125,0.000104,0.000076,0.000082,0.000495,0.000456,0.000322,0.000351,0.000287,0.000353,0.000319,0.000212,0.000221,0.000223,0.000225
46,,,,,,,,,,,,,,0.000015,0.000602,0.000558,0.000372,0.000306,0.000165,0.000173,0.000199,0.000207,0.000192,0.000158,0.000111,0.000091,0.000084,0.000100,0.000107,0.000086,0.000096,0.000104,0.000108,0.000101,0.000070,0.000046,0.000023,0.000012,0.000008,0.000035,0.000034,0.000141,0.000200,0.000218,0.000324,0.000449,0.000643,0.000983,0.000828,0.000823
47,,,,,,,,,,,,,,0.000069,0.002657,0.002693,0.002551,0.002557,0.001618,0.001909,0.002193,0.002080,0.002324,0.002128,0.001529,0.001375,0.001114,0.001713,0.001567,0.001324,0.001362,0.001257,0.001264,0.001143,0.000900,0.000560,0.000325,0.000089,0.000040,0.000128,0.000112,0.000102,0.000115,0.000097,0.000119,0.000113,0.000070,0.000050,0.000015,-0.000001
48,,,,,,,,,,,,,,0.000003,0.000095,0.000081,0.000063,0.000061,0.000033,0.000031,0.000037,0.000046,0.000051,0.000050,0.000048,0.000044,0.000045,0.000078,0.000087,0.000087,0.000117,0.000121,0.000158,0.000169,0.000161,0.000138,0.000097,0.000031,0.000016,0.000169,0.000240,0.000334,0.000385,0.000398,0.000532,0.000538,0.000350,0.000253,0.000167,0.000163
49,,,,,,,,,,,,,,0.000025,0.001193,0.001178,0.001207,0.001272,0.000777,0.000722,0.000772,0.000712,0.000862,0.000746,0.000566,0.000558,0.000424,0.000693,0.000657,0.000587,0.000696,0.000658,0.000669,0.000580,0.000445,0.000229,0.000122,0.000034,0.000021,0.000109,0.000110,0.000128,0.000138,0.000112,0.000144,0.000138,0.000077,0.000034,0.000025,0.000044
50,,,,,,,,,,,,,,0.000003,0.000072,0.000077,0.000086,0.000090,0.000048,0.000053,0.000044,0.000047,0.000044,0.000048,0.000034,0.000033,0.000026,0.000019,0.000014,0.000015,0.000010,0.000022,0.000035,0.000077,0.000162,0.000298,0.000348,0.000201,0.000146,0.000550,0.000508,0.000410,0.000280,0.000200,0.000192,0.000141,0.000077,0.000126,0.000224,0.000263
51,,,,,,,,,,,,,,0.000003,0.000117,0.000142,0.000130,0.000121,0.000063,0.000079,0.000096,0.000106,0.000113,0.000122,0.000071,0.000100,0.000083,0.000093,0.000091,0.000071,0.000068,0.000063,0.000061,0.000061,0.000042,0.000033,0.000026,0.000025,0.000026,0.000116,0.000109,0.000117,0.000113,0.000111,0.000136,0.000116,0.000127,0.000126,0.000165,0.000184
52,,,,,,,,,,,,,,0.000003,0.000063,0.000062,0.000064,0.000052,0.000030,0.000039,0.000028,0.000029,0.000039,0.000044,0.000041,0.000033,0.000038,0.000078,0.000130,0.000219,0.000435,0.000705,0.001012,0.001008,0.000795,0.000490,0.000266,0.000096,0.000057,0.000167,0.000144,0.000159,0.000159,0.000118,0.000093,0.000086,0.000053,0.000169,0.000173,0.000216
53,,,,,,,,,,,,,,0.000040,0.001205,0.001096,0.000942,0.000816,0.000456,0.000415,0.000432,0.000368,0.000355,0.000330,0.000241,0.000205,0.000173,0.000223,0.000212,0.000164,0.000165,0.000153,0.000144,0.000128,0.000111,0.000044,0.000022,0.000010,0.000007,0.000045,0.000048,0.000053,0.000050,0.000047,0.000048,0.000040,0.000022,0.000032,0.000073,0.000073
54,,,,,,,,,,,,,,0.000003,0.000152,0.000139,0.000109,0.000125,0.000150,0.000190,0.000353,0.000578,0.000911,0.001211,0.001505,0.001402,0.001503,0.002298,0.002355,0.002063,0.002119,0.001958,0.001796,0.001511,0.001129,0.000753,0.000369,0.000081,0.000038,0.000129,0.000106,0.000059,0.000052,0.000041,0.000051,0.000055,0.000035,0.000017,0.000060,0.000078
55,,,,,,,,,,,,,,0.000025,0.000498,0.000467,0.000451,0.000507,0.000386,0.000581,0.000758,0.000797,0.000898,0.000764,0.000500,0.000459,0.000341,0.000507,0.000454,0.000374,0.000374,0.000309,0.000300,0.000291,0.000200,0.000097,0.000050,0.000013,0.000014,0.000368,0.000751,0.001257,0.001675,0.001640,0.001721,0.001371,0.000620,0.000871,0.001931,0.002263
56,,,,,,,,,,,,,,0.000003,0.000081,0.000066,0.000069,0.000064,0.000030,0.000031,0.000033,0.000023,0.000019,0.000024,0.000018,0.000019,0.000017,0.000028,0.000031,0.000030,0.000032,0.000039,0.000057,0.000098,0.000175,0.000273,0.000335,0.000182,0.000109,0.000320,0.000289,0.000356,0.000316,0.000262,0.000259,0.000185,0.000077,0.000062,0.000115,0.000146
57,,,,,,,,,,,,,,0.000002,0.000039,0.000045,0.000059,0.000088,0.000104,0.000225,0.000480,0.000700,0.001072,0.001408,0.001274,0.001375,0.001142,0.001782,0.001654,0.001324,0.001227,0.001089,0.000980,0.000857,0.000590,0.000360,0.000212,0.000060,0.000034,0.000107,0.000117,0.000108,0.000098,0.000081,0.000109,0.000111,0.000047,0.000051,0.000077,0.000146
58,,,,,,,,,,,,,,0.000016,0.000420,0.000409,0.000344,0.000387,0.000181,0.000195,0.000233,0.000224,0.000289,0.000226,0.000175,0.000163,0.000144,0.000232,0.000214,0.000192,0.000213,0.000201,0.000210,0.000197,0.000148,0.000098,0.000055,0.000014,0.000005,0.000022,0.000047,0.000098,0.000238,0.000437,0.000516,0.000485,0.000256,0.000381,0.001026,0.001177
59,,,,,,,,,,,,,,0.000006,0.000119,0.000099,0.000053,0.000035,0.000015,0.000005,0.000007,0.000020,0.000051,0.000175,0.000214,0.000410,0.000678,0.001594,0.002075,0.002057,0.002250,0.002194,0.002119,0.002027,0.001550,0.001106,0.000667,0.000200,0.000127,0.000368,0.000265,0.000259,0.000272,0.000224,0.000240,0.000205,0.000110,0.000121,0.000268,0.000335
60,,,,,,,,,,,,,,0.000021,0.000678,0.000649,0.000582,0.000516,0.000272,0.000302,0.000319,0.000320,0.000298,0.000285,0.000177,0.000178,0.000143,0.000179,0.000168,0.000139,0.000142,0.000127,0.000118,0.000089,0.000055,0.000030,0.000019,0.000016,0.000027,0.000083,0.000084,0.000102,0.000098,0.000087,0.000077,0.000058,0.000042,0.000087,0.000169,0.000217
61,,,,,,,,,,,,,,0.000002,0.000053,0.000045,0.000034,0.000032,0.000024,0.000076,0.000090,0.000166,0.000265,0.000399,0.000400,0.000534,0.000711,0.001477,0.001746,0.001670,0.001848,0.001765,0.001604,0.001362,0.000991,0.000562,0.000290,0.000065,0.000030,0.000146,0.000103,0.000095,0.000091,0.000088,0.000099,0.000092,0.000060,0.000065,0.000106,0.000104
62,,,,,,,,,,,,,,0.000002,0.000028,0.000031,0.000022,0.000022,0.000020,0.000036,0.000072,0.000152,0.000282,0.000392,0.000476,0.000724,0.000935,0.001627,0.002023,0.002186,0.002531,0.002531,0.002372,0.002066,0.001519,0.000932,0.000460,0.000108,0.000056,0.000131,0.000104,0.000069,0.000053,0.000040,0.000051,0.000050,0.000028,0.000032,0.000067,0.000095
63,,,,,,,,,,,,,,0.000003,0.000077,0.000076,0.000072,0.000085,0.000078,0.000116,0.000217,0.000356,0.000610,0.000875,0.000888,0.000945,0.000946,0.001642,0.001428,0.001199,0.001179,0.001031,0.000898,0.000775,0.000562,0.000326,0.000222,0.000098,0.000062,0.000165,0.000143,0.000141,0.000153,0.000120,0.000143,0.000132,0.000086,0.000075,0.000120,0.000140
64,,,,,,,,,,,,,,0.000008,0.000455,0.000474,0.000539,0.000473,0.000364,0.000358,0.000385,0.000402,0.000393,0.000337,0.000229,0.000220,0.000185,0.000259,0.000222,0.000174,0.000176,0.000148,0.000143,0.000132,0.000097,0.000057,0.000026,0.000011,0.000012,0.000048,0.000043,0.000043,0.000045,0.000034,0.000036,0.000030,0.000020,0.000064,0.000086,0.000106
65,,,,,,,,,,,,,,0.000018,0.000899,0.000903,0.000759,0.000526,0.000271,0.000288,0.000299,0.000283,0.000320,0.000257,0.000170,0.000136,0.000096,0.000141,0.000107,0.000081,0.000075,0.000057,0.000039,0.000047,0.000039,0.000038,0.000032,0.000015,0.000015,0.000102,0.000107,0.000120,0.000133,0.000147,0.000160,0.000138,0.000107,0.000094,0.000077,0.000082
66,,,,,,,,,,,,,,0.000007,0.000203,0.000173,0.000187,0.000165,0.000070,0.000093,0.000091,0.000094,0.000076,0.000072,0.000036,0.000034,0.000037,0.000041,0.000046,0.000049,0.000099,0.000182,0.000357,0.000621,0.000816,0.000746,0.000526,0.000152,0.000093,0.000317,0.000290,0.000147,0.000108,0.000093,0.000082,0.000065,0.000030,0.000037,0.000078,0.000110
67,,,,,,,,,,,,,,0.000003,0.000076,0.000114,0.000155,0.000326,0.000781,0.000545,0.000682,0.000894,0.001034,0.000945,0.000701,0.000731,0.000648,0.000662,0.000540,0.000431,0.000420,0.000368,0.000329,0.000303,0.000221,0.000137,0.000067,0.000019,0.000015,0.000063,0.000093,0.000107,0.000181,0.000143,0.000141,0.000121,0.000082,0.000082,0.000052,0.000058
68,,,,,,,,,,,,,,0.000004,0.000091,0.000090,0.000071,0.000053,0.000042,0.000037,0.000024,0.000041,0.000049,0.000051,0.000037,0.000044,0.000041,0.000038,0.000039,0.000037,0.000038,0.000049,0.000052,0.000075,0.000377,0.000469,0.000365,0.000235,0.000171,0.000712,0.000635,0.000664,0.000565,0.000413,0.000361,0.000256,0.000125,0.000152,0.000289,0.000347
69,,,,,,,,,,,,,,0.000005,0.000194,0.000163,0.000156,0.000145,0.000074,0.000081,0.000098,0.000079,0.000079,0.000063,0.000048,0.000052,0.000041,0.000031,0.000023,0.000034,0.000056,0.000080,0.000186,0.000254,0.000297,0.000333,0.000256,0.000134,0.000058,0.000229,0.000229,0.000331,0.000296,0.000241,0.000202,0.000143,0.000105,0.000089,0.000227,0.000286
70,,,,,,,,,,,,,,0.000010,0.000375,0.000307,0.000325,0.000310,0.000237,0.000327,0.000468,0.000654,0.000772,0.000985,0.000873,0.000685,0.000582,0.000851,0.000744,0.000658,0.000571,0.000500,0.000391,0.000306,0.000204,0.000105,0.000040,0.000011,0.000021,0.000211,0.000236,0.000257,0.000245,0.000222,0.000211,0.000157,0.000092,0.000226,0.000459,0.000468
71,,,,,,,,,,,,,,0.000007,0.000121,0.000105,0.000109,0.000112,0.000083,0.000174,0.000322,0.000475,0.000865,0.001204,0.000873,0.001028,0.000927,0.001267,0.001253,0.000993,0.000966,0.000855,0.000834,0.000718,0.000588,0.000327,0.000158,0.000035,0.000021,0.000129,0.000152,0.000229,0.000446,0.000495,0.000659,0.000552,0.000262,0.000320,0.000613,0.000701
72,,,,,,,,,,,,,,0.000004,0.000100,0.000082,0.000070,0.000040,0.000013,0.000016,0.000026,0.000051,0.000053,0.000038,0.000023,0.000037,0.000046,0.000047,0.000065,0.000102,0.000185,0.000288,0.000508,0.000804,0.001061,0.001044,0.000610,0.000189,0.000099,0.000312,0.000280,0.000241,0.000212,0.000188,0.000228,0.000269,0.000354,0.000449,0.000327,0.000302
73,,,,,,,,,,,,,,0.000045,0.000932,0.000729,0.000634,0.000472,0.000236,0.000265,0.000268,0.000229,0.000277,0.000213,0.000153,0.000170,0.000128,0.000184,0.000191,0.000177,0.000175,0.000152,0.000127,0.000112,0.000058,0.000039,0.000015,0.000005,0.000010,0.000039,0.000034,0.000034,0.000064,0.000117,0.000265,0.000395,0.000338,0.000879,0.002579,0.003643
74,,,,,,,,,,,,,,0.000024,0.000510,0.000442,0.000368,0.000310,0.000135,0.000202,0.000164,0.000168,0.000190,0.000169,0.000116,0.000090,0.000064,0.000063,0.000035,0.000021,0.000010,0.000002,0.000042,0.000110,0.000332,0.000502,0.000480,0.000259,0.000162,0.000494,0.000572,0.000565,0.000453,0.000442,0.000585,0.000594,0.000427,0.000617,0.001490,0.001880
75,,,,,,,,,,,,,,0.000026,0.000598,0.000559,0.000406,0.000364,0.000163,0.000223,0.000229,0.000225,0.000276,0.000228,0.000157,0.000172,0.000140,0.000204,0.000188,0.000164,0.000173,0.000158,0.000175,0.000170,0.000123,0.000081,0.000048,0.000014,0.000007,0.000028,0.000029,0.000032,0.000044,0.000062,0.000155,0.000227,0.000170,0.000285,0.001003,0.001478
76,,,,,,,,,,,,,,0.000004,0.000154,0.000139,0.000112,0.000129,0.000162,0.000155,0.000205,0.000347,0.000353,0.000405,0.000576,0.000543,0.000614,0.001084,0.001211,0.001073,0.001122,0.000965,0.000910,0.000776,0.000521,0.000311,0.000167,0.000067,0.000036,0.000100,0.000123,0.000198,0.000161,0.000116,0.000104,0.000078,0.000049,0.000080,0.000124,0.000168
77,,,,,,,,,,,,,,0.000005,0.000142,0.000162,0.000216,0.000188,0.000119,0.000144,0.000117,0.000125,0.000101,0.000087,0.000066,0.000060,0.000052,0.000082,0.000086,0.000075,0.000087,0.000086,0.000083,0.000082,0.000064,0.000042,0.000025,0.000008,0.000009,0.000044,0.000046,0.000041,0.000038,0.000047,0.000041,0.000035,0.000020,0.000024,0.000054,0.000069
78,,,,,,,,,,,,,,0.000057,0.001810,0.001718,0.001403,0.001247,0.000668,0.000605,0.000667,0.000560,0.000572,0.000529,0.000385,0.000329,0.000251,0.000353,0.000302,0.000233,0.000218,0.000176,0.000147,0.000116,0.000085,0.000049,0.000024,0.000013,0.000022,0.000259,0.000497,0.000726,0.000953,0.000863,0.000879,0.000666,0.000286,0.000389,0.000859,0.000962
79,,,,,,,,,,,,,,0.000005,0.000201,0.000206,0.000210,0.000146,0.000122,0.000068,0.000074,0.000094,0.000105,0.000075,0.000050,0.000048,0.000060,0.000097,0.000108,0.000094,0.000100,0.000082,0.000114,0.000167,0.000211,0.000230,0.000202,0.000092,0.000102,0.000685,0.000592,0.000461,0.000368,0.000320,0.000434,0.000516,0.000446,0.000345,0.000253,0.000248
80,,,,,,,,,,,,,,0.000003,0.000120,0.000107,0.000091,0.000075,0.000029,0.000036,0.000027,0.000028,0.000038,0.000041,0.000042,0.000030,0.000035,0.000052,0.000069,0.000082,0.000121,0.000157,0.000215,0.000304,0.000328,0.000300,0.000235,0.000088,0.000095,0.000327,0.000256,0.000227,0.000202,0.000198,0.000237,0.000199,0.000108,0.000086,0.000151,0.000163
81,,,,,,,,,,,,,,0.000002,0.000076,0.000083,0.000112,0.000139,0.000191,0.000319,0.000465,0.000661,0.000810,0.000884,0.000591,0.000692,0.000526,0.000833,0.000799,0.000651,0.000651,0.000527,0.000451,0.000372,0.000250,0.000110,0.000056,0.000015,0.000011,0.000058,0.000060,0.000082,0.000089,0.000090,0.000116,0.000100,0.000063,0.000055,0.000114,0.000133
82,,,,,,,,,,,,,,0.000027,0.000981,0.000877,0.000736,0.000716,0.000335,0.000442,0.000457,0.000447,0.000482,0.000538,0.000414,0.000339,0.000282,0.000327,0.000287,0.000223,0.000210,0.000195,0.000198,0.000176,0.000139,0.000085,0.000049,0.000015,0.000011,0.000060,0.000080,0.000079,0.000076,0.000103,0.000066,0.000041,0.000031,0.000033,0.000105,0.000189
83,,,,,,,,,,,,,,0.000008,0.000191,0.000186,0.000163,0.000146,0.000082,0.000101,0.000111,0.000120,0.000115,0.000098,0.000063,0.000065,0.000059,0.000063,0.000052,0.000035,0.000029,0.000027,0.000021,0.000021,0.000028,0.000064,0.000111,0.000161,0.000130,0.000494,0.000523,0.000525,0.000425,0.000354,0.000331,0.000253,0.000127,0.000186,0.000400,0.000470
84,,,,,,,,,,,,,,0.000009,0.000474,0.000484,0.000379,0.000274,0.000140,0.000155,0.000179,0.000154,0.000141,0.000151,0.000080,0.000073,0.000053,0.000065,0.000054,0.000045,0.000037,0.000029,0.000029,0.000042,0.000056,0.000071,0.000105,0.000069,0.000056,0.000230,0.000171,0.000166,0.000159,0.000133,0.000146,0.000112,0.000087,0.000123,0.000175,0.000191
85,,,,,,,,,,,,,,0.000004,0.000115,0.000102,0.000079,0.000077,0.000046,0.000053,0.000089,0.000082,0.000068,0.000072,0.000044,0.000036,0.000039,0.000046,0.000042,0.000031,0.000034,0.000039,0.000054,0.000115,0.000165,0.000181,0.000199,0.000200,0.000136,0.000549,0.000666,0.000806,0.000644,0.000433,0.000372,0.000277,0.000133,0.000171,0.000335,0.000452
86,,,,,,,,,,,,,,0.000032,0.000764,0.000652,0.000550,0.000454,0.000226,0.000249,0.000273,0.000240,0.000260,0.000235,0.000140,0.000116,0.000106,0.000123,0.000113,0.000093,0.000078,0.000083,0.000096,0.000105,0.000093,0.000050,0.000027,0.000013,0.000012,0.000083,0.000084,0.000091,0.000100,0.000100,0.000129,0.000126,0.000097,0.000160,0.000533,0.000980
87,,,,,,,,,,,,,,0.000003,0.000079,0.000088,0.000109,0.000127,0.000100,0.000220,0.000418,0.000602,0.000828,0.000770,0.000545,0.000537,0.000455,0.000606,0.000491,0.000384,0.000372,0.000288,0.000278,0.000254,0.000154,0.000061,0.000025,0.000009,0.000008,0.000055,0.000056,0.000076,0.000085,0.000064,0.000072,0.000066,0.000039,0.000065,0.000111,0.000143
88,,,,,,,,,,,,,,0.000022,0.001030,0.001077,0.001021,0.000887,0.000547,0.000582,0.000644,0.000635,0.000699,0.000637,0.000438,0.000416,0.000340,0.000540,0.000527,0.000450,0.000495,0.000478,0.000498,0.000445,0.000362,0.000244,0.000132,0.000026,0.000009,0.000067,0.000058,0.000062,0.000064,0.000062,0.000073,0.000075,0.000042,0.000064,0.000179,0.000221
89,,,,,,,,,,,,,,0.000006,0.000210,0.000213,0.000356,0.000378,0.000327,0.000484,0.000650,0.000764,0.000928,0.000918,0.000698,0.000657,0.000499,0.000727,0.000655,0.000542,0.000530,0.000510,0.000541,0.000563,0.000483,0.000250,0.000129,0.000027,0.000014,0.000144,0.000149,0.000174,0.000192,0.000165,0.000209,0.000191,0.000108,0.000060,0.000071,0.000126
90,,,,,,,,,,,,,,0.000004,0.000116,0.000079,0.000067,0.000041,0.000023,0.000032,0.000049,0.000063,0.000064,0.000067,0.000061,0.000049,0.000039,0.000049,0.000047,0.000044,0.000051,0.000063,0.000063,0.000065,0.000065,0.000094,0.000121,0.000103,0.000119,0.000286,0.000217,0.000215,0.000186,0.000151,0.000158,0.000137,0.000247,0.000347,0.000267,0.000312
91,,,,,,,,,,,,,,0.000012,0.000692,0.000691,0.000705,0.000699,0.000426,0.000411,0.000415,0.000415,0.000517,0.000402,0.000328,0.000266,0.000232,0.000339,0.000296,0.000207,0.000209,0.000194,0.000175,0.000173,0.000143,0.000096,0.000066,0.000022,0.000023,0.000096,0.000065,0.000090,0.000069,0.000073,0.000092,0.000092,0.000048,0.000045,0.000099,0.000087
92,,,,,,,,,,,,,,0.000002,0.000065,0.000087,0.000079,0.000069,0.000040,0.000068,0.000114,0.000170,0.000269,0.000381,0.000408,0.000409,0.000411,0.000702,0.000676,0.000541,0.000535,0.000513,0.000524,0.000442,0.000368,0.000232,0.000130,0.000034,0.000020,0.000073,0.000055,0.000052,0.000050,0.000056,0.000066,0.000064,0.000042,0.000049,0.000091,0.000092
93,,,,,,,,,,,,,,0.000017,0.001014,0.001158,0.000983,0.001008,0.000514,0.000436,0.000511,0.000442,0.000402,0.000421,0.000264,0.000279,0.000219,0.000347,0.000306,0.000268,0.000303,0.000268,0.000256,0.000242,0.000172,0.000112,0.000066,0.000023,0.000013,0.000058,0.000069,0.000064,0.000070,0.000080,0.000096,0.000094,0.000052,0.000027,0.000061,0.000084
94,,,,,,,,,,,,,,0.000002,0.000082,0.000075,0.000084,0.000073,0.000046,0.000048,0.000063,0.000061,0.000079,0.000091,0.000087,0.000095,0.000091,0.000158,0.000165,0.000173,0.000263,0.000328,0.000450,0.000499,0.000415,0.000171,0.000080,0.000021,0.000016,0.000168,0.000185,0.000214,0.000241,0.000203,0.000277,0.000260,0.000171,0.000125,0.000096,0.000102
95,,,,,,,,,,,,,,0.000026,0.001130,0.001241,0.001199,0.001148,0.000670,0.000653,0.000678,0.000599,0.000610,0.000602,0.000435,0.000325,0.000272,0.000382,0.000342,0.000276,0.000295,0.000281,0.000288,0.000288,0.000250,0.000155,0.000084,0.000021,0.000018,0.000084,0.000086,0.000078,0.000067,0.000065,0.000068,0.000055,0.000037,0.000087,0.000201,0.000319
96,,,,,,,,,,,,,,0.000004,0.000106,0.000084,0.000079,0.000069,0.000053,0.000052,0.000059,0.000057,0.000053,0.000054,0.000043,0.000037,0.000022,0.000025,0.000023,0.000037,0.000037,0.000049,0.000057,0.000064,0.000099,0.000195,0.000248,0.000144,0.000106,0.000274,0.000248,0.000244,0.000232,0.000159,0.000153,0.000103,0.000061,0.000072,0.000200,0.000225
97,,,,,,,,,,,,,,0.000011,0.000835,0.000662,0.000670,0.000517,0.000274,0.000312,0.000338,0.000258,0.000287,0.000250,0.000168,0.000163,0.000155,0.000251,0.000258,0.000224,0.000230,0.000220,0.000218,0.000184,0.000126,0.000076,0.000038,0.000011,0.000010,0.000088,0.000067,0.000077,0.000113,0.000112,0.000136,0.000148,0.000101,0.000122,0.000101,0.000093
98,,,,,,,,,,,,,,0.000004,0.000166,0.000180,0.000180,0.000161,0.000070,0.000092,0.000070,0.000174,0.000094,0.000069,0.000067,0.000025,0.000015,0.000024,0.000029,0.000033,0.000052,0.000077,0.000141,0.000227,0.000264,0.000202,0.000139,0.000048,0.000040,0.000293,0.000335,0.000409,0.000430,0.000353,0.000394,0.000332,0.000194,0.000177,0.000183,0.000191
99,,,,,,,,,,,,,,0.000022,0.000672,0.000716,0.000823,0.000937,0.000604,0.000781,0.000836,0.000781,0.000765,0.000624,0.000397,0.000295,0.000236,0.000338,0.000304,0.000235,0.000238,0.000209,0.000212,0.000192,0.000156,0.000098,0.000066,0.000020,0.000014,0.000101,0.000096,0.000079,0.000052,0.000035,0.000053,0.000031,0.000011,0.000007,0.000036,0.000070
100,,,,,,,,,,,,,,0.000002,0.000084,0.000072,0.000074,0.000081,0.000080,0.000103,0.000195,0.000283,0.000479,0.000602,0.000602,0.000682,0.000710,0.001269,0.001393,0.001260,0.001295,0.001177,0.001040,0.000892,0.000623,0.000369,0.000179,0.000044,0.000024,0.000067,0.000044,0.000034,0.000031,0.000024,0.000029,0.000027,0.000014,0.000018,0.000030,0.000043
101,,,,,,,,,,,,,,0.000021,0.000832,0.000829,0.000744,0.000575,0.000329,0.000347,0.000347,0.000378,0.000398,0.000489,0.000382,0.000420,0.000410,0.000716,0.000763,0.000660,0.000734,0.000703,0.000570,0.000458,0.000325,0.000185,0.000096,0.000026,0.000013,0.000058,0.000065,0.000061,0.000058,0.000055,0.000070,0.000063,0.000044,0.000034,0.000035,0.000033
102,,,,,,,,,,,,,,0.000008,0.000198,0.000176,0.000147,0.000140,0.000120,0.000198,0.000363,0.000641,0.000782,0.000753,0.000591,0.000598,0.000533,0.000881,0.000836,0.000666,0.000671,0.000554,0.000516,0.000420,0.000258,0.000135,0.000062,0.000015,0.000013,0.000038,0.000033,0.000046,0.000059,0.000079,0.000155,0.000171,0.000098,0.000171,0.000401,0.000561
103,,,,,,,,,,,,,,0.000008,0.000342,0.000343,0.000309,0.000276,0.000155,0.000182,0.000213,0.000220,0.000230,0.000215,0.000160,0.000152,0.000144,0.000272,0.000302,0.000295,0.000375,0.000407,0.000469,0.000473,0.000412,0.000271,0.000154,0.000034,0.000016,0.000107,0.000090,0.000111,0.000133,0.000114,0.000120,0.000095,0.000029,0.000013,0.000051,0.000076
104,,,,,,,,,,,,,,0.000022,0.000701,0.000688,0.000670,0.000642,0.000339,0.000447,0.000430,0.000387,0.000376,0.000372,0.000251,0.000192,0.000144,0.000188,0.000165,0.000133,0.000117,0.000088,0.000084,0.000068,0.000043,0.000020,0.000016,0.000009,0.000013,0.000044,0.000032,0.000041,0.000054,0.000058,0.000062,0.000053,0.000031,0.000048,0.000095,0.000147
105,,,,,,,,,,,,,,0.000004,0.000065,0.000054,0.000066,0.000063,0.000031,0.000031,0.000046,0.000035,0.000031,0.000026,0.000020,0.000023,0.000023,0.000042,0.000081,0.000138,0.000264,0.000451,0.000785,0.001184,0.001399,0.001071,0.000689,0.000195,0.000130,0.000358,0.000275,0.000216,0.000162,0.000146,0.000165,0.000144,0.000065,0.000093,0.000190,0.000239
106,,,,,,,,,,,,,,0.000002,0.000050,0.000045,0.000070,0.000100,0.000103,0.000227,0.000415,0.000608,0.000905,0.001075,0.000991,0.000994,0.000915,0.001463,0.001424,0.001153,0.001147,0.001004,0.000915,0.000763,0.000571,0.000330,0.000173,0.000040,0.000017,0.000044,0.000040,0.000048,0.000050,0.000059,0.000068,0.000071,0.000038,0.000044,0.000091,0.000108
107,,,,,,,,,,,,,,0.000024,0.000669,0.000631,0.000590,0.000524,0.000308,0.000281,0.000296,0.000282,0.000255,0.000211,0.000146,0.000125,0.000102,0.000152,0.000148,0.000128,0.000142,0.000137,0.000131,0.000099,0.000069,0.000036,0.000016,0.000006,0.000006,0.000037,0.000046,0.000060,0.000061,0.000065,0.000074,0.000064,0.000033,0.000064,0.000119,0.000145
108,,,,,,,,,,,,,,0.000011,0.000295,0.000315,0.000254,0.000209,0.000093,0.000118,0.000139,0.000150,0.000202,0.000204,0.000128,0.000150,0.000116,0.000137,0.000121,0.000105,0.000121,0.000106,0.000109,0.000091,0.000082,0.000070,0.000085,0.000057,0.000094,0.000481,0.000465,0.000496,0.000388,0.000368,0.000355,0.000308,0.000150,0.000222,0.000452,0.000582
109,,,,,,,,,,,,,,0.000038,0.000786,0.000714,0.000591,0.000480,0.000252,0.000329,0.000280,0.000263,0.000325,0.000237,0.000174,0.000147,0.000101,0.000111,0.000104,0.000080,0.000101,0.000115,0.000110,0.000108,0.000077,0.000046,0.000025,0.000010,0.000009,0.000036,0.000078,0.000155,0.000140,0.000169,0.000188,0.000219,0.000189,0.000297,0.000820,0.001458
110,,,,,,,,,,,,,,0.000014,0.000270,0.000273,0.000253,0.000303,0.000284,0.000244,0.000261,0.000209,0.000304,0.000218,0.000175,0.000127,0.000128,0.000125,0.000121,0.000108,0.000098,0.000096,0.000100,0.000105,0.000081,0.000059,0.000035,0.000011,0.000006,0.000027,0.000039,0.000073,0.000238,0.000338,0.000476,0.000544,0.000345,0.000485,0.001209,0.001292
111,,,,,,,,,,,,,,0.000002,0.000069,0.000146,0.000299,0.000489,0.000503,0.000858,0.001267,0.001386,0.001693,0.001722,0.001140,0.001143,0.000887,0.001224,0.001072,0.000862,0.000846,0.000778,0.000743,0.000657,0.000490,0.000300,0.000158,0.000042,0.000024,0.000085,0.000082,0.000049,0.000045,0.000047,0.000055,0.000065,0.000039,0.000060,0.000157,0.000175
112,,,,,,,,,,,,,,0.000009,0.000268,0.000230,0.000253,0.000225,0.000146,0.000181,0.000178,0.000197,0.000143,0.000131,0.000086,0.000072,0.000063,0.000086,0.000077,0.000068,0.000075,0.000073,0.000072,0.000081,0.000079,0.000077,0.000062,0.000045,0.000047,0.000239,0.000291,0.000253,0.000227,0.000191,0.000201,0.000141,0.000060,0.000064,0.000156,0.000201
113,,,,,,,,,,,,,,0.000003,0.000135,0.000144,0.000126,0.000177,0.000495,0.000089,0.000075,0.000075,0.000082,0.000095,0.000567,0.000354,0.000373,0.000087,0.000082,0.000075,0.000075,0.000081,0.000086,0.000092,0.000079,0.000075,0.000061,0.000031,0.000023,0.000066,0.000073,0.000080,0.000070,0.000068,0.000073,0.000064,0.000068,0.000057,0.000047,0.000048
114,,,,,,,,,,,,,,0.000008,0.000182,0.000152,0.000135,0.000120,0.000053,0.000057,0.000071,0.000074,0.000078,0.000062,0.000050,0.000037,0.000029,0.000033,0.000027,0.000025,0.000017,0.000022,0.000026,0.000041,0.000076,0.000122,0.000158,0.000142,0.000193,0.001117,0.001061,0.001019,0.000884,0.000737,0.000659,0.000446,0.000194,0.000287,0.000638,0.000732
115,,,,,,,,,,,,,,0.000019,0.000633,0.000710,0.000790,0.000807,0.000507,0.000617,0.000636,0.000549,0.000452,0.000502,0.000408,0.000219,0.000190,0.000258,0.000239,0.000192,0.000184,0.000158,0.000144,0.000115,0.000087,0.000050,0.000027,0.000009,0.000011,0.000083,0.000124,0.000145,0.000118,0.000108,0.000097,0.000091,0.000103,0.000152,0.000404,0.000547
116,,,,,,,,,,,,,,0.000038,0.001183,0.001027,0.000857,0.000694,0.000351,0.000319,0.000326,0.000269,0.000307,0.000261,0.000212,0.000183,0.000160,0.000245,0.000250,0.000252,0.000272,0.000245,0.000209,0.000190,0.000148,0.000092,0.000044,0.000011,0.000007,0.000019,0.000010,0.000004,0.000003,-0.000002,-0.000000,0.000002,0.000022,0.000103,0.000169,0.000226
117,,,,,,,,,,,,,,0.000016,0.000330,0.000310,0.000346,0.000277,0.000139,0.000133,0.000120,0.000117,0.000123,0.000103,0.000075,0.000052,0.000048,0.000040,0.000034,0.000027,0.000016,0.000017,0.000017,0.000023,0.000017,0.000022,0.000019,0.000019,0.000016,0.000114,0.000193,0.000423,0.000812,0.000949,0.000916,0.000637,0.000269,0.000345,0.000774,0.000859
118,,,,,,,,,,,,,,0.000005,0.000202,0.000172,0.000168,0.000163,0.000081,0.000095,0.000099,0.000091,0.000099,0.000093,0.000063,0.000055,0.000058,0.000056,0.000052,0.000040,0.000033,0.000029,0.000028,0.000027,0.000025,0.000017,0.000010,0.000007,0.000008,0.000075,0.000164,0.000337,0.000310,0.000339,0.000299,0.000213,0.000094,0.000172,0.000351,0.000382
119,,,,,,,,,,,,,,0.000004,0.000125,0.000122,0.000103,0.000105,0.000112,0.000125,0.000176,0.000371,0.000374,0.000381,0.000655,0.000471,0.000586,0.000375,0.000316,0.000285,0.000214,0.000188,0.000204,0.000205,0.000130,0.000061,0.000015,0.000011,0.000015,0.000093,0.000123,0.000131,0.000123,0.000095,0.000092,0.000070,0.000038,0.000063,0.000110,0.000121
120,,,,,,,,,,,,,,0.000002,0.000091,0.000102,0.000170,0.000163,0.000175,0.000121,0.000134,0.000139,0.000120,0.000093,0.000054,0.000047,0.000046,0.000062,0.000055,0.000049,0.000052,0.000050,0.000050,0.000045,0.000034,0.000021,0.000012,0.000006,0.000007,0.000029,0.000030,0.000037,0.000035,0.000030,0.000034,0.000033,0.000020,0.000039,0.000051,0.000075
121,,,,,,,,,,,,,,0.000010,0.000186,0.000165,0.000172,0.000139,0.000075,0.000078,0.000066,0.000046,0.000049,0.000051,0.000079,0.000040,0.000050,0.000036,0.000044,0.000044,0.000054,0.000049,0.000050,0.000058,0.000046,0.000033,0.000022,0.000014,0.000010,0.000070,0.000180,0.000483,0.000830,0.000897,0.000945,0.000853,0.000535,0.000746,0.000899,0.000977
122,,,,,,,,,,,,,,0.000006,0.000602,0.000843,0.001308,0.001526,0.001208,0.001029,0.001114,0.001014,0.000971,0.000747,0.000478,0.000396,0.000303,0.000440,0.000403,0.000321,0.000373,0.000396,0.000426,0.000416,0.000374,0.000225,0.000119,0.000031,0.000017,0.000114,0.000103,0.000111,0.000129,0.000111,0.000147,0.000125,0.000069,0.000043,0.000052,0.000063
123,,,,,,,,,,,,,,0.000012,0.000291,0.000287,0.000243,0.000303,0.000191,0.000149,0.000173,0.000204,0.000174,0.000145,0.000103,0.000081,0.000085,0.000133,0.000117,0.000101,0.000109,0.000101,0.000117,0.000122,0.000083,0.000058,0.000037,0.000015,0.000011,0.000051,0.000075,0.000099,0.000211,0.000353,0.000376,0.000344,0.000182,0.000278,0.000561,0.000555
124,,,,,,,,,,,,,,0.000002,0.000040,0.000046,0.000063,0.000099,0.000117,0.000229,0.000419,0.000564,0.000776,0.000868,0.000674,0.000615,0.000525,0.000840,0.000689,0.000560,0.000550,0.000515,0.000481,0.000407,0.000288,0.000174,0.000107,0.000036,0.000023,0.000064,0.000067,0.000064,0.000072,0.000086,0.000092,0.000100,0.000056,0.000046,0.000096,0.000135
125,,,,,,,,,,,,,,0.000002,0.000112,0.000176,0.000302,0.000509,0.000628,0.001009,0.001578,0.001664,0.001911,0.001878,0.001352,0.001275,0.000972,0.001274,0.001055,0.000815,0.000777,0.000659,0.000603,0.000487,0.000363,0.000218,0.000097,0.000025,0.000016,0.000053,0.000069,0.000040,0.000042,0.000035,0.000037,0.000032,0.000028,0.000050,0.000082,0.000087
126,,,,,,,,,,,,,,0.000003,0.000090,0.000080,0.000073,0.000063,0.000040,0.000048,0.000064,0.000076,0.000056,0.000051,0.000034,0.000040,0.000029,0.000042,0.000036,0.000034,0.000039,0.000045,0.000058,0.000098,0.000130,0.000120,0.000116,0.000054,0.000036,0.000137,0.000138,0.000183,0.000132,0.000102,0.000142,0.000113,0.000078,0.000064,0.000097,0.000131
127,,,,,,,,,,,,,,0.000008,0.000204,0.000173,0.000134,0.000117,0.000059,0.000071,0.000066,0.000067,0.000056,0.000046,0.000037,0.000035,0.000023,0.000038,0.000045,0.000053,0.000084,0.000115,0.000213,0.000269,0.000264,0.000167,0.000127,0.000041,0.000033,0.000272,0.000442,0.000628,0.000704,0.000559,0.000634,0.000529,0.000342,0.000349,0.000520,0.000617
128,,,,,,,,,,,,,,0.000003,0.000070,0.000073,0.000064,0.000061,0.000051,0.000051,0.000055,0.000062,0.000067,0.000058,0.000051,0.000049,0.000040,0.000049,0.000044,0.000039,0.000060,0.000097,0.000218,0.000390,0.000522,0.000620,0.000471,0.000156,0.000077,0.000176,0.000137,0.000137,0.000108,0.000096,0.000093,0.000067,0.000045,0.000060,0.000123,0.000120
129,,,,,,,,,,,,,,0.000002,0.000070,0.000080,0.000115,0.000178,0.000184,0.000432,0.000603,0.000788,0.001013,0.001111,0.001045,0.001052,0.000932,0.001331,0.001119,0.000834,0.000785,0.000659,0.000581,0.000489,0.000339,0.000185,0.000084,0.000017,0.000010,0.000045,0.000034,0.000026,0.000022,0.000032,0.000042,0.000046,0.000028,0.000040,0.000094,0.000126
130,,,,,,,,,,,,,,0.000023,0.001136,0.001058,0.000899,0.000603,0.000314,0.000292,0.000282,0.000199,0.000230,0.000177,0.000137,0.000103,0.000080,0.000098,0.000102,0.000078,0.000075,0.000063,0.000052,0.000047,0.000057,0.000041,0.000038,0.000022,0.000032,0.000183,0.000178,0.000169,0.000184,0.000211,0.000268,0.000271,0.000198,0.000282,0.000255,0.000281
131,,,,,,,,,,,,,,0.000003,0.000097,0.000094,0.000084,0.000085,0.000042,0.000041,0.000048,0.000047,0.000049,0.000047,0.000038,0.000033,0.000028,0.000037,0.000039,0.000028,0.000037,0.000075,0.000136,0.000234,0.000335,0.000420,0.000308,0.000150,0.000076,0.000202,0.000253,0.000207,0.000216,0.000181,0.000240,0.000387,0.000450,0.000491,0.000302,0.000289
132,,,,,,,,,,,,,,0.000001,0.000033,0.000033,0.000034,0.000032,0.000030,0.000050,0.000090,0.000158,0.000244,0.000381,0.000354,0.000382,0.000426,0.000793,0.000798,0.000733,0.000785,0.000735,0.000707,0.000586,0.000452,0.000271,0.000153,0.000041,0.000022,0.000068,0.000067,0.000064,0.000066,0.000064,0.000073,0.000069,0.000047,0.000023,0.000018,0.000028
133,,,,,,,,,,,,,,0.000005,0.000115,0.000110,0.000098,0.000158,0.000296,0.000073,0.000101,0.000196,0.000094,0.000087,0.000087,0.000048,0.000044,0.000060,0.000053,0.000047,0.000053,0.000057,0.000053,0.000052,0.000045,0.000033,0.000030,0.000022,0.000021,0.000158,0.000199,0.000216,0.000154,0.000135,0.000166,0.000111,0.000049,0.000089,0.000197,0.000312
134,,,,,,,,,,,,,,0.000002,0.000102,0.000101,0.000100,0.000090,0.000047,0.000078,0.000160,0.000271,0.000387,0.000543,0.000585,0.000576,0.000655,0.001216,0.001355,0.001394,0.001407,0.001319,0.001230,0.001073,0.000746,0.000441,0.000198,0.000041,0.000025,0.000084,0.000075,0.000055,0.000063,0.000055,0.000062,0.000055,0.000032,0.000041,0.000081,0.000108
135,,,,,,,,,,,,,,0.000006,0.000244,0.000243,0.000451,0.000445,0.000860,0.000176,0.000181,0.000213,0.000200,0.000193,0.000153,0.000135,0.000120,0.000152,0.000125,0.000110,0.000102,0.000108,0.000104,0.000104,0.000106,0.000066,0.000036,0.000017,0.000018,0.000072,0.000068,0.000070,0.000070,0.000057,0.000069,0.000064,0.000041,0.000051,0.000086,0.000119
136,,,,,,,,,,,,,,0.000008,0.000530,0.000652,0.000855,0.001078,0.001004,0.000663,0.000655,0.000583,0.000519,0.000438,0.000268,0.000235,0.000190,0.000243,0.000208,0.000181,0.000178,0.000179,0.000144,0.000113,0.000078,0.000040,0.000016,0.000009,0.000011,0.000075,0.000069,0.000089,0.000081,0.000069,0.000074,0.000059,0.000036,0.000064,0.000128,0.000169
137,,,,,,,,,,,,,,0.000005,0.000147,0.000140,0.000153,0.000154,0.000095,0.000140,0.000184,0.000159,0.000153,0.000171,0.000117,0.000110,0.000097,0.000168,0.000167,0.000162,0.000188,0.000185,0.000198,0.000194,0.000161,0.000163,0.000137,0.000103,0.000052,0.000198,0.000259,0.000226,0.000175,0.000140,0.000206,0.000227,0.000208,0.000263,0.000231,0.000255
138,,,,,,,,,,,,,,0.000009,0.000305,0.000267,0.000241,0.000186,0.000100,0.000125,0.000125,0.000117,0.000113,0.000090,0.000063,0.000066,0.000054,0.000061,0.000055,0.000051,0.000112,0.000157,0.000065,0.000062,0.000043,0.000029,0.000021,0.000016,0.000010,0.000084,0.000192,0.000411,0.000670,0.000903,0.001018,0.000820,0.000570,0.000575,0.000673,0.000700
139,,,,,,,,,,,,,,0.000003,0.000071,0.000057,0.000068,0.000086,0.000056,0.000132,0.000259,0.000445,0.000689,0.001084,0.001009,0.001212,0.001229,0.001983,0.001975,0.001672,0.001639,0.001512,0.001395,0.001199,0.000904,0.000588,0.000280,0.000059,0.000026,0.000107,0.000101,0.000076,0.000080,0.000059,0.000067,0.000070,0.000043,0.000045,0.000099,0.000130
140,,,,,,,,,,,,,,0.000012,0.000248,0.000206,0.000197,0.000176,0.000113,0.000147,0.000173,0.000165,0.000170,0.000139,0.000102,0.000098,0.000085,0.000098,0.000099,0.000078,0.000064,0.000053,0.000046,0.000042,0.000029,0.000018,0.000009,0.000007,0.000020,0.000326,0.000569,0.000959,0.001221,0.001131,0.001121,0.000803,0.000342,0.000510,0.001136,0.001243
141,,,,,,,,,,,,,,0.000002,0.000133,0.000191,0.000312,0.000511,0.000630,0.001229,0.001613,0.001570,0.001802,0.001706,0.001161,0.001135,0.001023,0.001136,0.001101,0.000910,0.000969,0.001342,0.001122,0.001044,0.000939,0.000659,0.000364,0.000086,0.000034,0.000132,0.000110,0.000084,0.000073,0.000065,0.000083,0.000080,0.000048,0.000058,0.000114,0.000123
142,,,,,,,,,,,,,,0.000003,0.000281,0.000377,0.000363,0.000519,0.000676,0.000433,0.000410,0.000359,0.000360,0.000382,0.000209,0.000234,0.000191,0.000236,0.000273,0.000221,0.000222,0.000189,0.000193,0.000215,0.000190,0.000110,0.000051,0.000034,0.000023,0.000120,0.000124,0.000167,0.000163,0.000166,0.000193,0.000165,0.000179,0.000111,0.000162,0.000173
143,,,,,,,,,,,,,,0.000004,0.000124,0.000101,0.000108,0.000070,0.000037,0.000037,0.000039,0.000033,0.000040,0.000036,0.000032,0.000030,0.000034,0.000042,0.000045,0.000039,0.000050,0.000065,0.000085,0.000100,0.000157,0.000178,0.000162,0.000115,0.000076,0.000196,0.000136,0.000137,0.000130,0.000120,0.000120,0.000085,0.000050,0.000179,0.000171,0.000218
144,,,,,,,,,,,,,,0.000040,0.000928,0.000796,0.000668,0.000598,0.000290,0.000382,0.000349,0.000321,0.000382,0.000335,0.000243,0.000237,0.000176,0.000261,0.000261,0.000191,0.000185,0.000157,0.000147,0.000152,0.000093,0.000076,0.000073,0.000023,0.000011,0.000084,0.000165,0.000393,0.000798,0.001083,0.001366,0.001231,0.000649,0.001148,0.002586,0.003002
145,,,,,,,,,,,,,,0.000008,0.000306,0.000312,0.000302,0.000295,0.000166,0.000179,0.000154,0.000121,0.000113,0.000108,0.000066,0.000054,0.000044,0.000052,0.000047,0.000032,0.000033,0.000030,0.000031,0.000027,0.000027,0.000026,0.000023,0.000026,0.000055,0.000618,0.000696,0.000751,0.000677,0.000531,0.000461,0.000323,0.000130,0.000181,0.000398,0.000467
146,,,,,,,,,,,,,,0.000006,0.000155,0.000135,0.000106,0.000094,0.000066,0.000056,0.000065,0.000053,0.000066,0.000062,0.000041,0.000039,0.000036,0.000029,0.000031,0.000026,0.000033,0.000045,0.000047,0.000050,0.000054,0.000083,0.000089,0.000056,0.000041,0.000162,0.000271,0.000381,0.000351,0.000321,0.000345,0.000360,0.000459,0.000563,0.000487,0.000582
147,,,,,,,,,,,,,,0.000005,0.000159,0.000164,0.000123,0.000127,0.000065,0.000065,0.000089,0.000076,0.000080,0.000068,0.000061,0.000060,0.000064,0.000081,0.000094,0.000085,0.000103,0.000108,0.000123,0.000144,0.000215,0.000526,0.000583,0.000295,0.000144,0.000312,0.000332,0.000290,0.000253,0.000238,0.000207,0.000173,0.000096,0.000113,0.000261,0.000294
148,,,,,,,,,,,,,,0.000009,0.000381,0.000415,0.000480,0.000679,0.000728,0.000819,0.000860,0.000824,0.000890,0.000909,0.000677,0.000762,0.000725,0.000549,0.000487,0.000433,0.000372,0.000348,0.000312,0.000282,0.000217,0.000135,0.000065,0.000015,0.000009,0.000047,0.000052,0.000050,0.000052,0.000051,0.000058,0.000049,0.000023,0.000036,0.000089,0.000118
149,,,,,,,,,,,,,,0.000002,0.000075,0.000066,0.000073,0.000077,0.000064,0.000095,0.000158,0.000247,0.000443,0.000420,0.000335,0.000333,0.000310,0.000545,0.000499,0.000453,0.000466,0.000465,0.000407,0.000360,0.000252,0.000158,0.000087,0.000027,0.000014,0.000045,0.000060,0.000050,0.000043,0.000029,0.000035,0.000037,0.000026,0.000016,0.000034,0.000032
150,,,,,,,,,,,,,,0.000001,0.000065,0.000094,0.000171,0.000439,0.000665,0.001046,0.001301,0.001427,0.001612,0.001646,0.001387,0.001285,0.001137,0.001792,0.001654,0.001293,0.001240,0.001022,0.000917,0.000748,0.000545,0.000316,0.000171,0.000043,0.000024,0.000071,0.000071,0.000053,0.000056,0.000046,0.000063,0.000063,0.000029,0.000017,0.000029,0.000021
151,,,,,,,,,,,,,,0.000008,0.000303,0.000319,0.000317,0.000311,0.000198,0.000240,0.000294,0.000328,0.000410,0.000428,0.000321,0.000333,0.000290,0.000470,0.000462,0.000390,0.000418,0.000389,0.000408,0.000384,0.000336,0.000243,0.000140,0.000034,0.000012,0.000059,0.000051,0.000055,0.000068,0.000062,0.000085,0.000079,0.000034,0.000036,0.000108,0.000149
152,,,,,,,,,,,,,,0.000029,0.000923,0.000871,0.000824,0.000655,0.000350,0.000315,0.000308,0.000288,0.000302,0.000251,0.000190,0.000167,0.000158,0.000221,0.000218,0.000182,0.000188,0.000187,0.000195,0.000195,0.000166,0.000128,0.000090,0.000033,0.000016,0.000048,0.000060,0.000077,0.000106,0.000147,0.000229,0.000331,0.000260,0.000200,0.000068,0.000055
153,,,,,,,,,,,,,,0.000007,0.000206,0.000217,0.000257,0.000237,0.000094,0.000118,0.000135,0.000169,0.000204,0.000202,0.000159,0.000164,0.000149,0.000232,0.000223,0.000186,0.000198,0.000198,0.000210,0.000185,0.000144,0.000090,0.000056,0.000016,0.000008,0.000053,0.000053,0.000089,0.000132,0.000191,0.000245,0.000220,0.000101,0.000193,0.000413,0.000579
154,,,,,,,,,,,,,,0.000005,0.000174,0.000165,0.000154,0.000133,0.000072,0.000078,0.000094,0.000088,0.000105,0.000089,0.000062,0.000059,0.000051,0.000088,0.000088,0.000069,0.000085,0.000080,0.000084,0.000089,0.000100,0.000084,0.000064,0.000022,0.000011,0.000052,0.000085,0.000128,0.000152,0.000201,0.000323,0.000444,0.000452,0.000410,0.000316,0.000309
155,,,,,,,,,,,,,,0.000003,0.000078,0.000059,0.000066,0.000050,0.000038,0.000025,0.000023,0.000018,0.000036,0.000027,0.000030,0.000026,0.000024,0.000041,0.000051,0.000048,0.000060,0.000067,0.000094,0.000114,0.000112,0.000088,0.000103,0.000070,0.000062,0.000200,0.000243,0.000233,0.000207,0.000210,0.000188,0.000144,0.000098,0.000149,0.000169,0.000213
156,,,,,,,,,,,,,,0.000004,0.000093,0.000087,0.000088,0.000079,0.000040,0.000051,0.000055,0.000057,0.000050,0.000046,0.000027,0.000022,0.000022,0.000026,0.000028,0.000029,0.000049,0.000083,0.000163,0.000299,0.000369,0.000401,0.000347,0.000159,0.000077,0.000254,0.000258,0.000236,0.000211,0.000173,0.000164,0.000128,0.000055,0.000078,0.000171,0.000216
157,,,,,,,,,,,,,,0.000003,0.000078,0.000067,0.000064,0.000066,0.000033,0.000038,0.000035,0.000033,0.000055,0.000041,0.000032,0.000026,0.000025,0.000038,0.000052,0.000062,0.000112,0.000215,0.000462,0.000802,0.000982,0.000695,0.000387,0.000079,0.000034,0.000182,0.000143,0.000158,0.000157,0.000135,0.000168,0.000144,0.000064,0.000100,0.000204,0.000268
158,,,,,,,,,,,,,,0.000007,0.000204,0.000191,0.000170,0.000148,0.000078,0.000080,0.000093,0.000072,0.000075,0.000084,0.000074,0.000062,0.000055,0.000085,0.000083,0.000077,0.000076,0.000052,0.000048,0.000042,0.000043,0.000075,0.000072,0.000087,0.000053,0.000222,0.000334,0.000334,0.000248,0.000170,0.000165,0.000147,0.000204,0.000356,0.000318,0.000399
159,,,,,,,,,,,,,,0.000003,0.000156,0.000103,0.000109,0.000123,0.000063,0.000073,0.000070,0.000073,0.000049,0.000046,0.000035,0.000032,0.000029,0.000032,0.000024,0.000012,0.000016,0.000043,0.000093,0.000179,0.000277,0.000330,0.000293,0.000123,0.000094,0.000333,0.000269,0.000236,0.000189,0.000148,0.000140,0.000099,0.000042,0.000067,0.000127,0.000164
160,,,,,,,,,,,,,,0.000007,0.000227,0.000215,0.000213,0.000185,0.000093,0.000209,0.000289,0.000301,0.000398,0.000373,0.000306,0.000251,0.000188,0.000285,0.000251,0.000201,0.000193,0.000166,0.000161,0.000166,0.000135,0.000105,0.000096,0.000055,0.000026,0.000082,0.000090,0.000100,0.000140,0.000263,0.000450,0.000622,0.000771,0.000960,0.000658,0.000658
161,,,,,,,,,,,,,,0.000004,0.000151,0.000149,0.000172,0.000218,0.000237,0.000415,0.000621,0.000929,0.001060,0.001079,0.000863,0.000880,0.000788,0.001198,0.001201,0.001007,0.000889,0.000682,0.000521,0.000394,0.000295,0.000175,0.000073,0.000010,0.000003,0.000034,0.000074,0.000130,0.000233,0.000254,0.000264,0.000213,0.000113,0.000208,0.000353,0.000400
162,,,,,,,,,,,,,,0.000011,0.000310,0.000303,0.000283,0.000253,0.000121,0.000165,0.000201,0.000205,0.000252,0.000255,0.000191,0.000197,0.000172,0.000268,0.000266,0.000208,0.000205,0.000183,0.000172,0.000159,0.000122,0.000079,0.000042,0.000009,0.000017,0.000164,0.000202,0.000215,0.000206,0.000209,0.000305,0.000364,0.000351,0.000726,0.000992,0.001111
163,,,,,,,,,,,,,,0.000009,0.000240,0.000179,0.000153,0.000117,0.000047,0.000047,0.000056,0.000043,0.000047,0.000043,0.000032,0.000029,0.000035,0.000048,0.000044,0.000046,0.000053,0.000063,0.000079,0.000099,0.000123,0.000172,0.000163,0.000087,0.000060,0.000215,0.000195,0.000152,0.000110,0.000083,0.000084,0.000081,0.000072,0.000085,0.000093,0.000138
164,,,,,,,,,,,,,,0.000016,0.000399,0.000368,0.000295,0.000244,0.000132,0.000121,0.000134,0.000133,0.000123,0.000108,0.000073,0.000056,0.000046,0.000054,0.000053,0.000041,0.000033,0.000034,0.000035,0.000040,0.000039,0.000034,0.000028,0.000011,0.000010,0.000028,0.000028,0.000028,0.000050,0.000146,0.000249,0.000399,0.000402,0.000207,0.000230,0.000264
165,,,,,,,,,,,,,,0.000015,0.000565,0.000568,0.000536,0.000509,0.000292,0.000403,0.000470,0.000443,0.000523,0.000505,0.000372,0.000356,0.000300,0.000496,0.000483,0.000404,0.000438,0.000406,0.000412,0.000383,0.000300,0.000190,0.000102,0.000020,0.000005,0.000071,0.000078,0.000129,0.000183,0.000182,0.000218,0.000188,0.000087,0.000143,0.000386,0.000475
166,,,,,,,,,,,,,,0.000002,0.000058,0.000043,0.000031,0.000024,0.000019,0.000015,0.000017,0.000019,0.000026,0.000033,0.000044,0.000031,0.000032,0.000038,0.000049,0.000053,0.000072,0.000084,0.000124,0.000209,0.000156,0.000140,0.000078,0.000023,0.000018,0.000161,0.000252,0.000256,0.000341,0.000380,0.000400,0.000352,0.000211,0.000174,0.000163,0.000165
167,,,,,,,,,,,,,,0.000003,0.000359,0.000273,0.000252,0.000317,0.000584,0.000233,0.000226,0.000351,0.000281,0.000202,0.000139,0.000129,0.000106,0.000155,0.000149,0.000133,0.000147,0.000155,0.000168,0.000175,0.000145,0.000102,0.000065,0.000026,0.000017,0.000045,0.000056,0.000059,0.000048,0.000036,0.000049,0.000059,0.000047,0.000030,0.000088,0.000074
168,,,,,,,,,,,,,,0.000011,0.000285,0.000252,0.000265,0.000321,0.000295,0.000333,0.000335,0.000405,0.000389,0.000423,0.000680,0.000453,0.000546,0.000449,0.000476,0.000527,0.000485,0.000455,0.000394,0.000356,0.000251,0.000126,0.000062,0.000014,0.000006,0.000029,0.000033,0.000036,0.000058,0.000078,0.000112,0.000097,0.000044,0.000062,0.000220,0.000277
169,,,,,,,,,,,,,,0.000012,0.000227,0.000178,0.000150,0.000114,0.000054,0.000076,0.000084,0.000074,0.000095,0.000065,0.000053,0.000053,0.000045,0.000069,0.000076,0.000071,0.000075,0.000078,0.000075,0.000075,0.000051,0.000041,0.000025,0.000022,0.000038,0.000488,0.000866,0.001134,0.001180,0.001054,0.001018,0.000739,0.000428,0.000518,0.001051,0.001192
170,,,,,,,,,,,,,,0.000008,0.000527,0.000571,0.000688,0.000745,0.000519,0.000482,0.000507,0.000463,0.000439,0.000356,0.000241,0.000207,0.000160,0.000244,0.000241,0.000221,0.000280,0.000346,0.000366,0.000353,0.000267,0.000142,0.000078,0.000023,0.000015,0.000067,0.000060,0.000070,0.000068,0.000051,0.000068,0.000058,0.000022,0.000023,0.000035,0.000047
171,,,,,,,,,,,,,,0.000015,0.000657,0.000719,0.000654,0.000452,0.000198,0.000193,0.000188,0.000225,0.000280,0.000320,0.000299,0.000342,0.000388,0.000760,0.000841,0.000838,0.001002,0.001020,0.001047,0.000972,0.000762,0.000428,0.000211,0.000049,0.000030,0.000155,0.000141,0.000114,0.000083,0.000071,0.000084,0.000071,0.000049,0.000105,0.000158,0.000228
172,,,,,,,,,,,,,,0.000006,0.000163,0.000119,0.000104,0.000088,0.000042,0.000044,0.000046,0.000049,0.000049,0.000027,0.000008,0.000005,0.000006,0.000020,0.000028,0.000050,0.000106,0.000186,0.000324,0.000489,0.000676,0.000729,0.000524,0.000219,0.000087,0.000254,0.000213,0.000220,0.000138,0.000102,0.000118,0.000138,0.000152,0.000208,0.000121,0.000130
173,,,,,,,,,,,,,,0.000017,0.000691,0.000614,0.000509,0.000487,0.000204,0.000235,0.000260,0.000246,0.000246,0.000201,0.000125,0.000110,0.000095,0.000127,0.000115,0.000101,0.000111,0.000099,0.000104,0.000093,0.000071,0.000044,0.000027,0.000009,0.000005,0.000019,0.000021,0.000024,0.000021,0.000016,0.000012,0.000010,0.000007,0.000015,0.000053,0.000131
174,,,,,,,,,,,,,,0.000004,0.000137,0.000125,0.000128,0.000117,0.000096,0.000109,0.000120,0.000124,0.000135,0.000126,0.000098,0.000090,0.000074,0.000104,0.000107,0.000101,0.000090,0.000075,0.000046,0.000032,0.000019,0.000040,0.000042,0.000027,0.000023,0.000154,0.000213,0.000285,0.000385,0.000412,0.000587,0.000592,0.000465,0.000312,0.000235,0.000229
175,,,,,,,,,,,,,,0.000002,0.000054,0.000058,0.000023,0.000022,0.000014,0.000022,0.000028,0.000026,0.000020,0.000042,0.000031,0.000040,0.000049,0.000075,0.000079,0.000086,0.000148,0.000238,0.000364,0.000451,0.000463,0.000446,0.000339,0.000161,0.000085,0.000227,0.000242,0.000305,0.000242,0.000209,0.000192,0.000154,0.000083,0.000108,0.000179,0.000235
176,,,,,,,,,,,,,,0.000005,0.000120,0.000110,0.000106,0.000086,0.000078,0.000097,0.000108,0.000130,0.000136,0.000113,0.000153,0.000090,0.000101,0.000063,0.000050,0.000036,0.000030,0.000034,0.000045,0.000043,0.000046,0.000036,0.000021,0.000073,0.000091,0.000225,0.000221,0.000230,0.000255,0.000199,0.000186,0.000141,0.000161,0.000195,0.000243,0.000285
177,,,,,,,,,,,,,,0.000007,0.000451,0.000544,0.000627,0.000551,0.000324,0.000373,0.000324,0.000314,0.000319,0.000288,0.000217,0.000156,0.000130,0.000178,0.000157,0.000125,0.000130,0.000107,0.000095,0.000083,0.000070,0.000045,0.000026,0.000010,0.000009,0.000035,0.000029,0.000033,0.000028,0.000024,0.000032,0.000032,0.000021,0.000036,0.000055,0.000056
178,,,,,,,,,,,,,,0.000014,0.000480,0.000471,0.000453,0.000418,0.000264,0.000292,0.000308,0.000304,0.000304,0.000240,0.000159,0.000141,0.000114,0.000187,0.000181,0.000170,0.000207,0.000210,0.000195,0.000177,0.000135,0.000073,0.000037,0.000009,0.000005,0.000033,0.000039,0.000045,0.000056,0.000053,0.000074,0.000095,0.000072,0.000072,0.000053,0.000099
179,,,,,,,,,,,,,,0.000004,0.000174,0.000166,0.000152,0.000118,0.000073,0.000142,0.000129,0.000162,0.000239,0.000346,0.000349,0.000412,0.000468,0.000862,0.001024,0.001084,0.001302,0.001299,0.001324,0.001134,0.000792,0.000436,0.000214,0.000047,0.000025,0.000076,0.000058,0.000052,0.000059,0.000059,0.000079,0.000076,0.000052,0.000045,0.000089,0.000121
180,,,,,,,,,,,,,,0.000010,0.000405,0.000393,0.000401,0.000357,0.000163,0.000246,0.000274,0.000267,0.000259,0.000276,0.000206,0.000210,0.000203,0.000355,0.000340,0.000297,0.000329,0.000309,0.000278,0.000235,0.000153,0.000065,0.000021,0.000006,0.000007,0.000061,0.000078,0.000096,0.000127,0.000124,0.000146,0.000117,0.000054,0.000081,0.000204,0.000250
181,,,,,,,,,,,,,,0.000005,0.000281,0.000258,0.000309,0.000264,0.000208,0.000258,0.000263,0.000257,0.000244,0.000244,0.000185,0.000112,0.000095,0.000109,0.000109,0.000083,0.000085,0.000063,0.000058,0.000050,0.000036,0.000022,0.000016,0.000008,0.000010,0.000095,0.000145,0.000166,0.000140,0.000130,0.000103,0.000084,0.000044,0.000075,0.000123,0.000126
182,,,,,,,,,,,,,,0.000005,0.000203,0.000197,0.000166,0.000146,0.000090,0.000104,0.000120,0.000123,0.000132,0.000126,0.000096,0.000102,0.000125,0.000319,0.000412,0.000501,0.000734,0.000865,0.001059,0.001076,0.000922,0.000578,0.000288,0.000059,0.000025,0.000127,0.000106,0.000111,0.000118,0.000092,0.000093,0.000065,0.000017,-0.000006,0.000006,0.000024
183,,,,,,,,,,,,,,0.000013,0.000219,0.000184,0.000161,0.000143,0.000072,0.000107,0.000124,0.000148,0.000200,0.000183,0.000148,0.000178,0.000180,0.000196,0.000185,0.000150,0.000146,0.000133,0.000125,0.000130,0.000095,0.000061,0.000042,0.000010,0.000005,0.000049,0.000100,0.000236,0.000452,0.000573,0.000760,0.000640,0.000288,0.000409,0.000997,0.001219
184,,,,,,,,,,,,,,0.000018,0.000592,0.000516,0.000419,0.000383,0.000211,0.000205,0.000204,0.000203,0.000221,0.000190,0.000133,0.000139,0.000112,0.000172,0.000171,0.000128,0.000140,0.000119,0.000097,0.000089,0.000064,0.000109,0.000152,0.000065,0.000032,0.000111,0.000128,0.000155,0.000259,0.000351,0.000444,0.000425,0.000339,0.000695,0.001106,0.001227
185,,,,,,,,,,,,,,0.000003,0.000060,0.000075,0.000052,0.000051,0.000110,0.000072,0.000087,0.000188,0.000148,0.000096,0.000078,0.000125,0.000158,0.000097,0.000088,0.000067,0.000082,0.000092,0.000122,0.000164,0.000208,0.000208,0.000187,0.000082,0.000068,0.000290,0.000208,0.000195,0.000171,0.000135,0.000140,0.000124,0.000064,0.000073,0.000143,0.000162
186,,,,,,,,,,,,,,0.000002,0.000055,0.000054,0.000043,0.000037,0.000018,0.000036,0.000063,0.000103,0.000132,0.000188,0.000194,0.000257,0.000338,0.000781,0.001068,0.001222,0.001509,0.001540,0.001479,0.001275,0.000859,0.000467,0.000208,0.000042,0.000021,0.000074,0.000049,0.000037,0.000036,0.000036,0.000038,0.000033,0.000022,0.000033,0.000064,0.000084
187,,,,,,,,,,,,,,0.000007,0.000121,0.000099,0.000091,0.000079,0.000041,0.000055,0.000068,0.000056,0.000063,0.000075,0.000066,0.000057,0.000058,0.000086,0.000095,0.000088,0.000107,0.000101,0.000108,0.000104,0.000082,0.000062,0.000040,0.000014,0.000005,0.000043,0.000101,0.000327,0.000547,0.000551,0.000659,0.000693,0.000539,0.000723,0.000677,0.000723
188,,,,,,,,,,,,,,0.000019,0.000318,0.000286,0.000248,0.000201,0.000105,0.000146,0.000122,0.000125,0.000115,0.000115,0.000059,0.000073,0.000045,0.000046,0.000036,0.000027,0.000015,0.000009,0.000027,0.000074,0.000112,0.000218,0.000216,0.000079,0.000042,0.000109,0.000110,0.000169,0.000360,0.000553,0.000878,0.000904,0.000431,0.000559,0.001339,0.001565
189,,,,,,,,,,,,,,0.000025,0.000511,0.000445,0.000401,0.000354,0.000182,0.000252,0.000242,0.000219,0.000236,0.000193,0.000135,0.000112,0.000100,0.000121,0.000127,0.000101,0.000103,0.000091,0.000091,0.000086,0.000063,0.000034,0.000020,0.000013,0.000008,0.000041,0.000044,0.000045,0.000053,0.000051,0.000061,0.000063,0.000052,0.000109,0.000339,0.000602
190,,,,,,,,,,,,,,0.000002,0.000072,0.000067,0.000088,0.000110,0.000183,0.000160,0.000210,0.000338,0.000378,0.000416,0.000551,0.000569,0.000586,0.000386,0.000332,0.000290,0.000313,0.000418,0.000323,0.000289,0.000231,0.000148,0.000087,0.000029,0.000017,0.000063,0.000069,0.000079,0.000084,0.000069,0.000078,0.000075,0.000054,0.000112,0.000040,0.000041
191,,,,,,,,,,,,,,0.000003,0.000073,0.000069,0.000066,0.000062,0.000120,0.000051,0.000047,0.000050,0.000039,0.000036,0.000056,0.000301,0.000457,0.000048,0.000041,0.000071,0.000030,0.000039,0.000038,0.000047,0.000044,0.000036,0.000030,0.000028,0.000024,0.000099,0.000119,0.000151,0.000124,0.000108,0.000091,0.000079,0.000086,0.000100,0.000150,0.000182
192,,,,,,,,,,,,,,0.000002,0.000137,0.000118,0.000161,0.000214,0.000227,0.000120,0.000127,0.000175,0.000155,0.000143,0.000138,0.000131,0.000108,0.000158,0.000210,0.000167,0.000206,0.000236,0.000277,0.000297,0.000229,0.000167,0.000093,0.000042,0.000031,0.000100,0.000109,0.000121,0.000118,0.000111,0.000087,0.000085,0.000121,0.000083,0.000101,0.000102
193,,,,,,,,,,,,,,0.000003,0.000083,0.000073,0.000078,0.000067,0.000058,0.000081,0.000110,0.000149,0.000146,0.000153,0.000110,0.000100,0.000092,0.000125,0.000117,0.000101,0.000105,0.000103,0.000103,0.000091,0.000066,0.000046,0.000028,0.000012,0.000007,0.000037,0.000047,0.000085,0.000197,0.000309,0.000515,0.000603,0.000550,0.000265,0.000230,0.000209
194,,,,,,,,,,,,,,0.000016,0.000371,0.000309,0.000290,0.000243,0.000151,0.000228,0.000223,0.000240,0.000268,0.000322,0.000282,0.000217,0.000215,0.000391,0.000446,0.000465,0.000552,0.000574,0.000577,0.000483,0.000294,0.000171,0.000098,0.000025,0.000012,0.000098,0.000068,0.000057,0.000060,0.000055,0.000058,0.000057,0.000059,0.000062,0.000034,0.000019
195,,,,,,,,,,,,,,0.000001,0.000088,0.000135,0.000208,0.000338,0.000204,0.000359,0.000435,0.000466,0.000607,0.000583,0.000406,0.000379,0.000299,0.000477,0.000448,0.000367,0.000393,0.000343,0.000352,0.000333,0.000239,0.000139,0.000092,0.000030,0.000020,0.000090,0.000079,0.000099,0.000101,0.000086,0.000090,0.000078,0.000068,0.000101,0.000099,0.000109
196,,,,,,,,,,,,,,0.000002,0.000073,0.000109,0.000167,0.000237,0.000266,0.000489,0.000620,0.000691,0.000849,0.000976,0.000635,0.000563,0.000450,0.000548,0.000498,0.000375,0.000344,0.000282,0.000237,0.000184,0.000134,0.000081,0.000047,0.000017,0.000013,0.000039,0.000040,0.000038,0.000029,0.000025,0.000037,0.000036,0.000027,0.000051,0.000037,0.000040
197,,,,,,,,,,,,,,0.000004,0.000123,0.000108,0.000091,0.000069,0.000055,0.000052,0.000057,0.000058,0.000062,0.000058,0.000048,0.000044,0.000042,0.000064,0.000059,0.000037,0.000034,0.000024,0.000028,0.000044,0.000049,0.000048,0.000033,0.000013,0.000009,0.000089,0.000112,0.000176,0.000276,0.000307,0.000317,0.000310,0.000152,0.000114,0.000101,0.000124
198,,,,,,,,,,,,,,0.000003,0.000108,0.000129,0.000168,0.000257,0.000152,0.000242,0.000334,0.000396,0.000521,0.000535,0.000428,0.000425,0.000389,0.000670,0.000601,0.000513,0.000505,0.000426,0.000392,0.000351,0.000244,0.000133,0.000066,0.000019,0.000018,0.000081,0.000101,0.000103,0.000105,0.000127,0.000195,0.000161,0.000107,0.000147,0.000135,0.000157
199,,,,,,,,,,,,,,0.000014,0.000286,0.000252,0.000215,0.000176,0.000112,0.000138,0.000129,0.000121,0.000123,0.000113,0.000112,0.000094,0.000076,0.000050,0.000040,0.000014,-0.000001,-0.000007,-0.000009,0.000009,0.000005,0.000018,0.000019,0.000017,0.000016,0.000079,0.000158,0.000383,0.000633,0.000887,0.001256,0.001280,0.000844,0.001167,0.001425,0.001625
200,,,,,,,,,,,,,,0.000022,0.000411,0.000345,0.000289,0.000257,0.000119,0.000166,0.000192,0.000196,0.000196,0.000173,0.000110,0.000117,0.000096,0.000115,0.000100,0.000076,0.000074,0.000066,0.000061,0.000063,0.000041,0.000034,0.000024,0.000008,0.000006,0.000043,0.000086,0.000168,0.000332,0.000551,0.000772,0.000817,0.000514,0.000960,0.002013,0.002364
201,,,,,,,,,,,,,,0.000011,0.000347,0.000387,0.000475,0.000640,0.000492,0.000671,0.000713,0.000672,0.000727,0.000645,0.000395,0.000333,0.000259,0.000342,0.000287,0.000227,0.000218,0.000210,0.000194,0.000177,0.000124,0.000079,0.000034,0.000007,0.000006,0.000048,0.000057,0.000091,0.000161,0.000250,0.000418,0.000434,0.000242,0.000374,0.000909,0.000946
202,,,,,,,,,,,,,,0.000008,0.000177,0.000142,0.000136,0.000127,0.000069,0.000080,0.000093,0.000095,0.000099,0.000083,0.000057,0.000050,0.000038,0.000056,0.000049,0.000040,0.000044,0.000039,0.000045,0.000053,0.000037,0.000026,0.000024,0.000012,0.000013,0.000186,0.000400,0.000573,0.000601,0.000584,0.000634,0.000529,0.000243,0.000353,0.000695,0.000813
203,,,,,,,,,,,,,,0.000016,0.000491,0.000463,0.000371,0.000326,0.000327,0.000306,0.000319,0.000343,0.000270,0.000255,0.000193,0.000234,0.000214,0.000239,0.000192,0.000233,0.000144,0.000128,0.000129,0.000112,0.000088,0.000093,0.000109,0.000064,0.000047,0.000146,0.000196,0.000223,0.000174,0.000143,0.000132,0.000106,0.000064,0.000092,0.000138,0.000239
204,,,,,,,,,,,,,,0.000010,0.000498,0.000461,0.000371,0.000377,0.000205,0.000153,0.000166,0.000167,0.000188,0.000198,0.000159,0.000160,0.000151,0.000243,0.000246,0.000222,0.000265,0.000275,0.000281,0.000267,0.000220,0.000149,0.000088,0.000026,0.000015,0.000064,0.000091,0.000085,0.000065,0.000070,0.000066,0.000052,0.000037,0.000023,0.000045,0.000051
205,,,,,,,,,,,,,,0.000006,0.000145,0.000145,0.000119,0.000099,0.000043,0.000069,0.000084,0.000127,0.000107,0.000134,0.000118,0.000139,0.000179,0.000420,0.000631,0.000810,0.001167,0.001374,0.001281,0.001025,0.000660,0.000339,0.000142,0.000024,0.000010,0.000058,0.000047,0.000051,0.000052,0.000049,0.000064,0.000049,0.000034,0.000084,0.000238,0.000363
206,,,,,,,,,,,,,,0.000010,0.000375,0.000367,0.000308,0.000228,0.000162,0.000147,0.000177,0.000129,0.000146,0.000122,0.000083,0.000080,0.000070,0.000084,0.000077,0.000066,0.000069,0.000071,0.000113,0.000132,0.000139,0.000072,0.000056,0.000017,0.000014,0.000071,0.000083,0.000088,0.000094,0.000102,0.000180,0.000198,0.000112,0.000109,0.000109,0.000116
207,,,,,,,,,,,,,,0.000013,0.000554,0.000660,0.000503,0.000448,0.000373,0.000342,0.000302,0.000421,0.000328,0.000294,0.000241,0.000238,0.000222,0.000312,0.000273,0.000297,0.000249,0.000214,0.000178,0.000143,0.000098,0.000058,0.000025,0.000015,0.000021,0.000063,0.000055,0.000063,0.000089,0.000071,0.000086,0.000081,0.000060,0.000095,0.000133,0.000133
208,,,,,,,,,,,,,,0.000018,0.000233,0.000172,0.000143,0.000117,0.000053,0.000082,0.000105,0.000157,0.000221,0.000279,0.000207,0.000274,0.000259,0.000376,0.000360,0.000304,0.000293,0.000251,0.000228,0.000212,0.000144,0.000091,0.000041,0.000011,0.000003,0.000014,0.000042,0.000095,0.000200,0.000347,0.000610,0.000652,0.000369,0.000709,0.001745,0.002102
209,,,,,,,,,,,,,,0.000005,0.000182,0.000167,0.000127,0.000110,0.000069,0.000060,0.000076,0.000087,0.000080,0.000082,0.000054,0.000059,0.000051,0.000069,0.000068,0.000061,0.000065,0.000054,0.000053,0.000050,0.000048,0.000064,0.000097,0.000081,0.000024,0.000093,0.000141,0.000310,0.000273,0.000202,0.000199,0.000170,0.000125,0.000148,0.000229,0.000332
210,,,,,,,,,,,,,,0.000023,0.000518,0.000446,0.000439,0.000352,0.000193,0.000173,0.000179,0.000146,0.000155,0.000120,0.000093,0.000085,0.000070,0.000104,0.000106,0.000090,0.000092,0.000097,0.000111,0.000117,0.000107,0.000076,0.000050,0.000017,0.000009,0.000036,0.000040,0.000040,0.000033,0.000035,0.000035,0.000037,0.000022,0.000022,0.000015,0.000032
211,,,,,,,,,,,,,,0.000004,0.000201,0.000183,0.000167,0.000122,0.000076,0.000099,0.000114,0.000103,0.000112,0.000110,0.000081,0.000073,0.000062,0.000102,0.000107,0.000100,0.000131,0.000164,0.000217,0.000323,0.000283,0.000186,0.000107,0.000041,0.000031,0.000095,0.000090,0.000079,0.000079,0.000075,0.000070,0.000046,0.000022,0.000024,0.000046,0.000058
212,,,,,,,,,,,,,,0.000008,0.000365,0.000344,0.000374,0.000340,0.000154,0.000201,0.000235,0.000225,0.000219,0.000240,0.000145,0.000147,0.000131,0.000188,0.000169,0.000146,0.000186,0.000194,0.000193,0.000202,0.000164,0.000098,0.000057,0.000023,0.000016,0.000058,0.000064,0.000073,0.000066,0.000064,0.000092,0.000085,0.000060,0.000042,0.000060,0.000088
213,,,,,,,,,,,,,,0.000007,0.000159,0.000142,0.000140,0.000125,0.000077,0.000086,0.000102,0.000114,0.000132,0.000105,0.000083,0.000072,0.000062,0.000080,0.000070,0.000058,0.000053,0.000048,0.000042,0.000027,0.000017,0.000011,0.000016,0.000047,0.000086,0.000511,0.000432,0.000459,0.000442,0.000367,0.000362,0.000266,0.000117,0.000204,0.000401,0.000518
214,,,,,,,,,,,,,,0.000010,0.000303,0.000300,0.000330,0.000312,0.000152,0.000204,0.000265,0.000301,0.000407,0.000441,0.000390,0.000417,0.000388,0.000652,0.000555,0.000464,0.000509,0.000465,0.000456,0.000404,0.000270,0.000112,0.000040,0.000008,0.000009,0.000114,0.000139,0.000165,0.000174,0.000150,0.000172,0.000140,0.000069,0.000087,0.000191,0.000246
215,,,,,,,,,,,,,,0.000012,0.000216,0.000186,0.000136,0.000134,0.000067,0.000109,0.000143,0.000161,0.000199,0.000184,0.000151,0.000153,0.000133,0.000215,0.000220,0.000186,0.000198,0.000195,0.000220,0.000237,0.000195,0.000119,0.000060,0.000012,0.000004,0.000041,0.000048,0.000067,0.000118,0.000188,0.000376,0.000416,0.000247,0.000470,0.001272,0.001566
216,,,,,,,,,,,,,,0.000004,0.000108,0.000106,0.000103,0.000082,0.000046,0.000054,0.000046,0.000048,0.000045,0.000048,0.000047,0.000036,0.000033,0.000050,0.000053,0.000050,0.000060,0.000061,0.000068,0.000076,0.000074,0.000063,0.000049,0.000027,0.000034,0.000169,0.000247,0.000207,0.000183,0.000153,0.000174,0.000135,0.000080,0.000091,0.000176,0.000209
217,,,,,,,,,,,,,,0.000012,0.000390,0.000352,0.000339,0.000290,0.000168,0.000188,0.000204,0.000200,0.000195,0.000177,0.000125,0.000123,0.000109,0.000149,0.000155,0.000127,0.000134,0.000124,0.000121,0.000108,0.000072,0.000038,0.000015,0.000006,0.000006,0.000037,0.000044,0.000078,0.000100,0.000115,0.000151,0.000171,0.000173,0.000496,0.000821,0.000927
218,,,,,,,,,,,,,,0.000005,0.000156,0.000167,0.000170,0.000139,0.000085,0.000104,0.000115,0.000119,0.000113,0.000112,0.000094,0.000102,0.000135,0.000373,0.000637,0.000857,0.001267,0.001607,0.001745,0.001672,0.001206,0.000694,0.000367,0.000080,0.000040,0.000134,0.000114,0.000054,0.000046,0.000042,0.000060,0.000077,0.000054,0.000069,0.000184,0.000257
219,,,,,,,,,,,,,,0.000003,0.000073,0.000066,0.000072,0.000062,0.000037,0.000041,0.000051,0.000068,0.000080,0.000060,0.000039,0.000044,0.000037,0.000036,0.000031,0.000028,0.000040,0.000054,0.000117,0.000235,0.000358,0.000415,0.000340,0.000132,0.000099,0.000381,0.000294,0.000271,0.000189,0.000139,0.000132,0.000100,0.000045,0.000072,0.000124,0.000145
220,,,,,,,,,,,,,,0.000004,0.000102,0.000109,0.000121,0.000114,0.000074,0.000089,0.000102,0.000085,0.000094,0.000083,0.000069,0.000059,0.000051,0.000060,0.000053,0.000045,0.000042,0.000040,0.000040,0.000039,0.000042,0.000040,0.000029,0.000015,0.000011,0.000046,0.000056,0.000078,0.000135,0.000169,0.000288,0.000402,0.000390,0.000272,0.000157,0.000187
221,,,,,,,,,,,,,,0.000009,0.000305,0.000256,0.000249,0.000183,0.000115,0.000123,0.000108,0.000099,0.000084,0.000074,0.000051,0.000041,0.000032,0.000026,0.000013,-0.000000,-0.000008,0.000003,0.000055,0.000129,0.000218,0.000276,0.000318,0.000121,0.000072,0.000215,0.000199,0.000204,0.000194,0.000163,0.000165,0.000129,0.000070,0.000092,0.000108,0.000123
222,,,,,,,,,,,,,,0.000003,0.000128,0.000099,0.000107,0.000079,0.000055,0.000063,0.000071,0.000061,0.000072,0.000071,0.000053,0.000043,0.000054,0.000065,0.000061,0.000081,0.000150,0.000229,0.000381,0.000390,0.000320,0.000139,0.000061,0.000019,0.000014,0.000100,0.000099,0.000130,0.000140,0.000123,0.000149,0.000124,0.000080,0.000097,0.000125,0.000144
223,,,,,,,,,,,,,,0.000013,0.000563,0.000536,0.000471,0.000498,0.000294,0.000286,0.000364,0.000401,0.000493,0.000512,0.000452,0.000402,0.000334,0.000511,0.000468,0.000362,0.000374,0.000344,0.000310,0.000290,0.000228,0.000148,0.000091,0.000023,0.000014,0.000066,0.000067,0.000093,0.000111,0.000131,0.000187,0.000177,0.000101,0.000050,0.000056,0.000057
224,,,,,,,,,,,,,,0.000006,0.000185,0.000193,0.000208,0.000335,0.000598,0.000481,0.000618,0.000538,0.000512,0.000480,0.000375,0.000215,0.000176,0.000253,0.000220,0.000162,0.000159,0.000150,0.000142,0.000133,0.000113,0.000066,0.000033,0.000011,0.000012,0.000059,0.000071,0.000068,0.000090,0.000090,0.000101,0.000096,0.000057,0.000084,0.000159,0.000191
225,,,,,,,,,,,,,,0.000003,0.000111,0.000113,0.000119,0.000114,0.000073,0.000087,0.000102,0.000096,0.000106,0.000083,0.000061,0.000046,0.000033,0.000032,0.000023,0.000016,0.000013,0.000011,0.000021,0.000029,0.000026,0.000026,0.000024,0.000018,0.000021,0.000059,0.000094,0.000188,0.000132,0.000091,0.000078,0.000061,0.000032,0.000039,0.000042,0.000051
226,,,,,,,,,,,,,,0.000004,0.000240,0.000194,0.000147,0.000132,0.000080,0.000056,0.000068,0.000070,0.000076,0.000066,0.000073,0.000048,0.000039,0.000058,0.000062,0.000054,0.000058,0.000058,0.000070,0.000088,0.000123,0.000130,0.000141,0.000064,0.000047,0.000281,0.000282,0.000305,0.000293,0.000201,0.000195,0.000162,0.000086,0.000088,0.000127,0.000138
227,,,,,,,,,,,,,,0.000004,0.000090,0.000080,0.000075,0.000080,0.000090,0.000141,0.000233,0.000326,0.000396,0.000387,0.000300,0.000349,0.000371,0.000689,0.000844,0.000879,0.000984,0.000906,0.000780,0.000591,0.000383,0.000210,0.000091,0.000025,0.000015,0.000055,0.000049,0.000043,0.000036,0.000026,0.000035,0.000023,0.000025,0.000028,0.000047,0.000087
228,,,,,,,,,,,,,,0.000004,0.000114,0.000114,0.000095,0.000081,0.000076,0.000063,0.000054,0.000063,0.000067,0.000051,0.000056,0.000042,0.000049,0.000068,0.000086,0.000100,0.000158,0.000211,0.000277,0.000317,0.000281,0.000148,0.000104,0.000041,0.000038,0.000147,0.000154,0.000174,0.000145,0.000114,0.000128,0.000092,0.000063,0.000056,0.000115,0.000123
229,,,,,,,,,,,,,,0.000003,0.000082,0.000066,0.000054,0.000058,0.000072,0.000062,0.000088,0.000104,0.000125,0.000151,0.000120,0.000272,0.000268,0.000198,0.000183,0.000136,0.000125,0.000094,0.000071,0.000059,0.000046,0.000038,0.000035,0.000028,0.000028,0.000194,0.000233,0.000308,0.000225,0.000189,0.000164,0.000124,0.000061,0.000117,0.000206,0.000249
230,,,,,,,,,,,,,,0.000004,0.000226,0.000176,0.000172,0.000197,0.000231,0.000123,0.000114,0.000178,0.000115,0.000087,0.000089,0.000085,0.000073,0.000092,0.000138,0.000167,0.000272,0.000384,0.000555,0.000659,0.000705,0.000498,0.000310,0.000103,0.000077,0.000273,0.000270,0.000250,0.000166,0.000139,0.000137,0.000122,0.000105,0.000141,0.000115,0.000130
231,,,,,,,,,,,,,,0.000009,0.000410,0.000418,0.000367,0.000271,0.000127,0.000134,0.000132,0.000127,0.000121,0.000111,0.000100,0.000099,0.000110,0.000227,0.000337,0.000420,0.000643,0.000780,0.000884,0.000824,0.000594,0.000359,0.000191,0.000055,0.000026,0.000077,0.000056,0.000060,0.000054,0.000053,0.000067,0.000067,0.000052,0.000023,0.000024,0.000034
232,,,,,,,,,,,,,,0.000003,0.000131,0.000159,0.000180,0.000217,0.000192,0.000379,0.000472,0.000472,0.000539,0.000490,0.000344,0.000318,0.000298,0.000436,0.000485,0.000476,0.000663,0.000935,0.001256,0.001538,0.001540,0.001160,0.000627,0.000136,0.000063,0.000254,0.000178,0.000124,0.000110,0.000088,0.000108,0.000104,0.000050,0.000037,0.000087,0.000108
233,,,,,,,,,,,,,,0.000004,0.000301,0.000241,0.000212,0.000186,0.000091,0.000103,0.000117,0.000098,0.000101,0.000084,0.000067,0.000071,0.000058,0.000083,0.000074,0.000059,0.000066,0.000060,0.000066,0.000062,0.000051,0.000043,0.000033,0.000015,0.000011,0.000040,0.000037,0.000041,0.000050,0.000050,0.000051,0.000037,0.000038,0.000051,0.000092,0.000098
234,,,,,,,,,,,,,,0.000008,0.000209,0.000202,0.000167,0.000142,0.000093,0.000104,0.000118,0.000102,0.000091,0.000081,0.000065,0.000066,0.000050,0.000059,0.000043,0.000038,0.000028,0.000020,0.000009,0.000015,0.000017,0.000043,0.000061,0.000065,0.000058,0.000295,0.000399,0.000449,0.000424,0.000362,0.000350,0.000281,0.000168,0.000265,0.000445,0.000650
235,,,,,,,,,,,,,,0.000007,0.000201,0.000177,0.000163,0.000246,0.000355,0.000101,0.000125,0.000116,0.000123,0.000110,0.000077,0.000073,0.000069,0.000072,0.000052,0.000039,0.000046,0.000064,0.000073,0.000067,0.000045,0.000026,0.000014,0.000012,0.000018,0.000185,0.000331,0.000393,0.000374,0.000342,0.000277,0.000207,0.000131,0.000166,0.000338,0.000436
236,,,,,,,,,,,,,,0.000002,0.000089,0.000101,0.000138,0.000189,0.000365,0.000316,0.000359,0.000386,0.000463,0.000448,0.000373,0.000390,0.000361,0.000322,0.000268,0.000227,0.000210,0.000191,0.000208,0.000188,0.000141,0.000081,0.000049,0.000020,0.000010,0.000067,0.000107,0.000106,0.000100,0.000090,0.000095,0.000078,0.000053,0.000035,0.000077,0.000130
237,,,,,,,,,,,,,,0.000001,0.000038,0.000044,0.000042,0.000035,0.000052,0.000031,0.000046,0.000081,0.000145,0.000189,0.000208,0.000268,0.000331,0.000646,0.000722,0.000631,0.000632,0.000540,0.000497,0.000414,0.000277,0.000157,0.000089,0.000024,0.000018,0.000048,0.000038,0.000036,0.000040,0.000036,0.000039,0.000029,0.000025,0.000030,0.000050,0.000055
238,,,,,,,,,,,,,,0.000011,0.000371,0.000353,0.000298,0.000234,0.000157,0.000145,0.000155,0.000161,0.000188,0.000174,0.000123,0.000117,0.000092,0.000137,0.000124,0.000103,0.000085,0.000069,0.000046,0.000032,0.000025,0.000032,0.000049,0.000053,0.000020,0.000047,0.000044,0.000045,0.000063,0.000071,0.000101,0.000168,0.000144,0.000076,0.000104,0.000122
239,,,,,,,,,,,,,,0.000008,0.000452,0.000389,0.000410,0.000321,0.000241,0.000178,0.000202,0.000220,0.000208,0.000194,0.000130,0.000113,0.000093,0.000139,0.000135,0.000113,0.000125,0.000106,0.000098,0.000082,0.000063,0.000038,0.000020,0.000006,0.000007,0.000051,0.000061,0.000071,0.000074,0.000068,0.000066,0.000058,0.000029,0.000047,0.000119,0.000153
240,,,,,,,,,,,,,,0.000004,0.000107,0.000115,0.000106,0.000086,0.000350,0.000081,0.000099,0.000108,0.000129,0.000142,0.000216,0.000130,0.000137,0.000105,0.000091,0.000087,0.000089,0.000086,0.000082,0.000079,0.000060,0.000043,0.000021,0.000017,0.000012,0.000039,0.000037,0.000039,0.000047,0.000046,0.000059,0.000054,0.000036,0.000056,0.000127,0.000247
241,,,,,,,,,,,,,,0.000013,0.000578,0.000546,0.000401,0.000316,0.000186,0.000169,0.000168,0.000155,0.000157,0.000138,0.000071,0.000079,0.000080,0.000155,0.000238,0.000289,0.000376,0.000397,0.000388,0.000322,0.000217,0.000097,0.000033,0.000006,0.000007,0.000037,0.000035,0.000056,0.000052,0.000045,0.000053,0.000053,0.000034,0.000118,0.000148,0.000156
242,,,,,,,,,,,,,,0.000002,0.000095,0.000147,0.000379,0.000364,0.000313,0.000290,0.000223,0.000235,0.000199,0.000147,0.000110,0.000096,0.000085,0.000136,0.000141,0.000124,0.000140,0.000140,0.000138,0.000130,0.000107,0.000083,0.000052,0.000021,0.000011,0.000058,0.000063,0.000076,0.000069,0.000059,0.000069,0.000059,0.000042,0.000034,0.000042,0.000060
243,,,,,,,,,,,,,,0.000010,0.000406,0.000435,0.000363,0.000340,0.000178,0.000234,0.000287,0.000296,0.000306,0.000272,0.000190,0.000181,0.000152,0.000232,0.000210,0.000165,0.000170,0.000141,0.000159,0.000162,0.000139,0.000092,0.000049,0.000011,0.000003,0.000086,0.000183,0.000292,0.000365,0.000313,0.000298,0.000192,0.000076,0.000131,0.000315,0.000365
244,,,,,,,,,,,,,,0.000004,0.000143,0.000143,0.000117,0.000103,0.000065,0.000080,0.000103,0.000108,0.000095,0.000099,0.000076,0.000061,0.000059,0.000075,0.000065,0.000053,0.000054,0.000049,0.000045,0.000042,0.000038,0.000036,0.000029,0.000035,0.000030,0.000171,0.000209,0.000281,0.000320,0.000309,0.000284,0.000199,0.000092,0.000154,0.000295,0.000481
245,,,,,,,,,,,,,,0.000017,0.000683,0.000700,0.000722,0.000670,0.000403,0.000513,0.000613,0.000660,0.000724,0.000691,0.000525,0.000506,0.000436,0.000696,0.000655,0.000569,0.000617,0.000582,0.000579,0.000528,0.000415,0.000239,0.000109,0.000017,0.000005,0.000071,0.000081,0.000097,0.000116,0.000124,0.000169,0.000147,0.000059,0.000114,0.000299,0.000408
246,,,,,,,,,,,,,,0.000002,0.000064,0.000063,0.000077,0.000061,0.000036,0.000045,0.000053,0.000055,0.000063,0.000061,0.000044,0.000056,0.000049,0.000075,0.000079,0.000088,0.000136,0.000228,0.000424,0.000690,0.000874,0.000886,0.000588,0.000155,0.000083,0.000150,0.000121,0.000105,0.000095,0.000086,0.000100,0.000082,0.000053,0.000047,0.000101,0.000130
247,,,,,,,,,,,,,,0.000002,0.000095,0.000129,0.000159,0.000149,0.000071,0.000094,0.000104,0.000084,0.000093,0.000078,0.000052,0.000039,0.000036,0.000050,0.000049,0.000062,0.000122,0.000246,0.000464,0.000678,0.000775,0.000653,0.000406,0.000099,0.000054,0.000157,0.000142,0.000107,0.000083,0.000068,0.000066,0.000051,0.000037,0.000078,0.000127,0.000154
248,,,,,,,,,,,,,,0.000005,0.000153,0.000178,0.000153,0.000125,0.000093,0.000077,0.000077,0.000105,0.000124,0.000098,0.000081,0.000060,0.000051,0.000039,0.000031,0.000020,-0.000001,-0.000002,0.000022,0.000048,0.000080,0.000133,0.000176,0.000087,0.000079,0.000311,0.000256,0.000257,0.000230,0.000203,0.000188,0.000143,0.000079,0.000137,0.000211,0.000239
249,,,,,,,,,,,,,,0.000006,0.000201,0.000189,0.000176,0.000161,0.000072,0.000095,0.000092,0.000085,0.000097,0.000105,0.000133,0.000117,0.000113,0.000163,0.000174,0.000158,0.000182,0.000164,0.000168,0.000165,0.000142,0.000127,0.000083,0.000037,0.000017,0.000111,0.000132,0.000194,0.000253,0.000319,0.000491,0.000592,0.000492,0.000416,0.000281,0.000277
250,,,,,,,,,,,,,,0.000008,0.000168,0.000156,0.000145,0.000131,0.000070,0.000091,0.000084,0.000094,0.000115,0.000118,0.000078,0.000084,0.000073,0.000108,0.000115,0.000087,0.000095,0.000083,0.000081,0.000077,0.000058,0.000032,0.000019,0.000006,0.000005,0.000031,0.000045,0.000078,0.000152,0.000251,0.000334,0.000355,0.000187,0.000279,0.000571,0.000632
251,,,,,,,,,,,,,,0.000009,0.000152,0.000139,0.000124,0.000101,0.000040,0.000061,0.000057,0.000056,0.000070,0.000070,0.000044,0.000042,0.000027,0.000025,0.000021,0.000019,0.000019,0.000029,0.000059,0.000133,0.000234,0.000447,0.000448,0.000163,0.000086,0.000237,0.000208,0.000226,0.000310,0.000349,0.000459,0.000448,0.000207,0.000280,0.000667,0.000776
252,,,,,,,,,,,,,,0.000003,0.000163,0.000127,0.000147,0.000115,0.000076,0.000084,0.000093,0.000083,0.000089,0.000081,0.000074,0.000071,0.000061,0.000086,0.000090,0.000083,0.000106,0.000114,0.000136,0.000150,0.000150,0.000156,0.000115,0.000070,0.000049,0.000122,0.000135,0.000182,0.000133,0.000120,0.000140,0.000133,0.000090,0.000079,0.000095,0.000128
253,,,,,,,,,,,,,,0.000002,0.000044,0.000032,0.000025,0.000026,0.000015,0.000025,0.000030,0.000044,0.000048,0.000061,0.000064,0.000067,0.000091,0.000187,0.000229,0.000284,0.000388,0.000500,0.000744,0.000918,0.000882,0.000643,0.000273,0.000055,0.000024,0.000070,0.000067,0.000057,0.000070,0.000073,0.000098,0.000091,0.000063,0.000057,0.000106,0.000127
254,,,,,,,,,,,,,,0.000003,0.000083,0.000083,0.000097,0.000081,0.000093,0.000082,0.000123,0.000119,0.000211,0.000119,0.000078,0.000314,0.000543,0.000124,0.000121,0.000148,0.000069,0.000071,0.000075,0.000089,0.000087,0.000062,0.000038,0.000013,0.000009,0.000093,0.000152,0.000249,0.000304,0.000303,0.000444,0.000409,0.000256,0.000178,0.000186,0.000201
255,,,,,,,,,,,,,,0.000022,0.000701,0.000654,0.000621,0.000546,0.000330,0.000397,0.000455,0.000507,0.000555,0.000516,0.000405,0.000415,0.000364,0.000525,0.000491,0.000417,0.000426,0.000392,0.000387,0.000346,0.000252,0.000139,0.000057,0.000006,0.000004,0.000099,0.000123,0.000164,0.000224,0.000238,0.000287,0.000258,0.000125,0.000223,0.000558,0.000688
256,,,,,,,,,,,,,,0.000034,0.001060,0.000999,0.001172,0.000967,0.000650,0.000707,0.000886,0.000886,0.000980,0.000950,0.000694,0.000741,0.000571,0.000849,0.000718,0.000535,0.000492,0.000372,0.000350,0.000305,0.000213,0.000129,0.000080,0.000027,0.000019,0.000108,0.000136,0.000107,0.000100,0.000094,0.000102,0.000085,0.000041,0.000053,0.000088,0.000108
257,,,,,,,,,,,,,,0.000003,0.000113,0.000117,0.000105,0.000104,0.000077,0.000078,0.000089,0.000088,0.000105,0.000098,0.000064,0.000068,0.000061,0.000105,0.000115,0.000145,0.000249,0.000409,0.000692,0.000852,0.000818,0.000553,0.000233,0.000043,0.000020,0.000092,0.000130,0.000224,0.000169,0.000124,0.000120,0.000080,0.000042,0.000054,0.000075,0.000095
258,,,,,,,,,,,,,,0.000009,0.000395,0.000385,0.000348,0.000251,0.000140,0.000165,0.000160,0.000149,0.000183,0.000156,0.000104,0.000108,0.000095,0.000144,0.000141,0.000112,0.000127,0.000120,0.000128,0.000137,0.000168,0.000152,0.000145,0.000063,0.000042,0.000133,0.000092,0.000085,0.000084,0.000067,0.000084,0.000077,0.000037,0.000062,0.000126,0.000165
259,,,,,,,,,,,,,,0.000009,0.000204,0.000202,0.000144,0.000156,0.000134,0.000122,0.000139,0.000134,0.000135,0.000117,0.000080,0.000071,0.000068,0.000080,0.000087,0.000063,0.000072,0.000074,0.000089,0.000102,0.000107,0.000077,0.000051,0.000048,0.000029,0.000132,0.000160,0.000207,0.000194,0.000196,0.000274,0.000298,0.000263,0.000345,0.000792,0.001039
260,,,,,,,,,,,,,,0.000012,0.000332,0.000333,0.000284,0.000255,0.000129,0.000196,0.000169,0.000145,0.000135,0.000140,0.000085,0.000081,0.000064,0.000089,0.000086,0.000068,0.000077,0.000076,0.000076,0.000076,0.000126,0.000062,0.000035,0.000014,0.000010,0.000051,0.000047,0.000052,0.000055,0.000051,0.000050,0.000039,0.000028,0.000068,0.000133,0.000198
261,,,,,,,,,,,,,,0.000006,0.000272,0.000234,0.000270,0.000217,0.000151,0.000171,0.000171,0.000177,0.000222,0.000267,0.000232,0.000217,0.000217,0.000325,0.000308,0.000265,0.000283,0.000282,0.000376,0.000460,0.000496,0.000435,0.000213,0.000059,0.000033,0.000065,0.000064,0.000048,0.000048,0.000047,0.000048,0.000041,0.000020,0.000031,0.000079,0.000134
262,,,,,,,,,,,,,,0.000005,0.000098,0.000090,0.000081,0.000073,0.000052,0.000040,0.000055,0.000071,0.000107,0.000147,0.000204,0.000243,0.000308,0.000596,0.000674,0.000556,0.000603,0.000566,0.000497,0.000400,0.000294,0.000204,0.000129,0.000044,0.000022,0.000054,0.000102,0.000120,0.000149,0.000207,0.000244,0.000294,0.000122,0.000141,0.000251,0.000313
263,,,,,,,,,,,,,,0.000003,0.000080,0.000097,0.000069,0.000061,0.000041,0.000050,0.000068,0.000084,0.000107,0.000111,0.000080,0.000099,0.000087,0.000155,0.000158,0.000193,0.000197,0.000171,0.000221,0.000248,0.000194,0.000131,0.000087,0.000048,0.000017,0.000075,0.000082,0.000093,0.000104,0.000080,0.000097,0.000106,0.000064,0.000045,0.000090,0.000098
264,,,,,,,,,,,,,,0.000004,0.000198,0.000250,0.000202,0.000216,0.000134,0.000102,0.000113,0.000116,0.000157,0.000111,0.000094,0.000095,0.000097,0.000131,0.000144,0.000122,0.000124,0.000120,0.000122,0.000113,0.000101,0.000085,0.000059,0.000027,0.000017,0.000088,0.000105,0.000106,0.000101,0.000088,0.000106,0.000098,0.000054,0.000049,0.000078,0.000081
265,,,,,,,,,,,,,,0.000006,0.000240,0.000223,0.000193,0.000152,0.000089,0.000092,0.000100,0.000095,0.000121,0.000112,0.000068,0.000060,0.000056,0.000073,0.000070,0.000058,0.000065,0.000066,0.000078,0.000073,0.000068,0.000073,0.000090,0.000046,0.000041,0.000121,0.000090,0.000109,0.000092,0.000095,0.000107,0.000111,0.000110,0.000297,0.000563,0.000568
266,,,,,,,,,,,,,,0.000003,0.000086,0.000090,0.000110,0.000172,0.000183,0.000359,0.000583,0.000692,0.000864,0.000867,0.000667,0.000607,0.000506,0.000527,0.000431,0.000323,0.000260,0.000205,0.000178,0.000148,0.000115,0.000066,0.000026,0.000007,0.000007,0.000035,0.000039,0.000053,0.000054,0.000052,0.000062,0.000074,0.000094,0.000223,0.000313,0.000264
267,,,,,,,,,,,,,,0.000004,0.000178,0.000172,0.000163,0.000158,0.000081,0.000089,0.000112,0.000113,0.000103,0.000105,0.000072,0.000070,0.000056,0.000077,0.000071,0.000062,0.000062,0.000052,0.000051,0.000047,0.000036,0.000030,0.000030,0.000042,0.000033,0.000176,0.000295,0.000353,0.000238,0.000168,0.000143,0.000086,0.000103,0.000087,0.000151,0.000188
268,,,,,,,,,,,,,,0.000019,0.000340,0.000289,0.000231,0.000217,0.000126,0.000166,0.000181,0.000192,0.000226,0.000210,0.000170,0.000159,0.000135,0.000176,0.000160,0.000126,0.000115,0.000098,0.000091,0.000086,0.000059,0.000039,0.000022,0.000007,0.000007,0.000037,0.000046,0.000049,0.000070,0.000105,0.000208,0.000266,0.000191,0.000413,0.001208,0.001710
269,,,,,,,,,,,,,,0.000004,0.000098,0.000091,0.000075,0.000081,0.000050,0.000061,0.000067,0.000073,0.000087,0.000086,0.000073,0.000067,0.000063,0.000061,0.000056,0.000041,0.000042,0.000040,0.000027,0.000023,0.000030,0.000030,0.000036,0.000065,0.000041,0.000158,0.000152,0.000186,0.000169,0.000148,0.000202,0.000239,0.000234,0.000423,0.000244,0.000251
270,,,,,,,,,,,,,,0.000002,0.000042,0.000043,0.000048,0.000058,0.000066,0.000072,0.000103,0.000134,0.000203,0.000206,0.000137,0.000203,0.000174,0.000128,0.000132,0.000111,0.000130,0.000138,0.000135,0.000147,0.000173,0.000138,0.000098,0.000032,0.000023,0.000093,0.000110,0.000096,0.000087,0.000074,0.000084,0.000067,0.000061,0.000061,0.000105,0.000101
271,,,,,,,,,,,,,,0.000003,0.000104,0.000078,0.000068,0.000077,0.000046,0.000089,0.000161,0.000229,0.000396,0.000527,0.000503,0.000589,0.000556,0.000889,0.000827,0.000632,0.000591,0.000487,0.000434,0.000364,0.000263,0.000136,0.000068,0.000016,0.000009,0.000032,0.000034,0.000042,0.000080,0.000158,0.000231,0.000250,0.000126,0.000142,0.000325,0.000334
272,,,,,,,,,,,,,,0.000003,0.000092,0.000084,0.000079,0.000065,0.000049,0.000091,0.000152,0.000273,0.000404,0.000563,0.000504,0.000628,0.000690,0.001149,0.001202,0.001148,0.001225,0.001097,0.000989,0.000836,0.000597,0.000355,0.000170,0.000037,0.000016,0.000089,0.000101,0.000095,0.000093,0.000087,0.000105,0.000089,0.000074,0.000064,0.000087,0.000086
273,,,,,,,,,,,,,,0.000025,0.000600,0.000578,0.000685,0.000695,0.000361,0.000475,0.000460,0.000431,0.000437,0.000413,0.000258,0.000211,0.000170,0.000259,0.000229,0.000198,0.000228,0.000224,0.000234,0.000222,0.000152,0.000085,0.000040,0.000010,0.000008,0.000021,0.000030,0.000029,0.000042,0.000037,0.000037,0.000038,0.000028,0.000044,0.000084,0.000136
274,,,,,,,,,,,,,,0.000017,0.000646,0.000542,0.000473,0.000418,0.000220,0.000215,0.000225,0.000226,0.000228,0.000225,0.000145,0.000136,0.000120,0.000205,0.000204,0.000259,0.000296,0.000354,0.000336,0.000294,0.000230,0.000140,0.000084,0.000028,0.000022,0.000062,0.000050,0.000047,0.000040,0.000032,0.000040,0.000029,0.000012,0.000021,0.000049,0.000060
275,,,,,,,,,,,,,,0.000015,0.000286,0.000242,0.000218,0.000194,0.000106,0.000136,0.000148,0.000157,0.000202,0.000207,0.000165,0.000175,0.000145,0.000212,0.000203,0.000179,0.000177,0.000151,0.000128,0.000098,0.000048,0.000027,0.000011,0.000009,0.000008,0.000073,0.000140,0.000284,0.000494,0.000628,0.000815,0.000735,0.000357,0.000572,0.001301,0.001583
276,,,,,,,,,,,,,,0.000010,0.000382,0.000352,0.000344,0.000332,0.000216,0.000364,0.000386,0.000425,0.000405,0.000390,0.000287,0.000175,0.000161,0.000221,0.000217,0.000180,0.000185,0.000194,0.000193,0.000193,0.000147,0.000090,0.000057,0.000019,0.000009,0.000027,0.000028,0.000041,0.000051,0.000069,0.000107,0.000120,0.000067,0.000102,0.000192,0.000205
277,,,,,,,,,,,,,,0.000005,0.000177,0.000166,0.000161,0.000159,0.000101,0.000103,0.000108,0.000118,0.000224,0.000132,0.000092,0.000088,0.000079,0.000103,0.000082,0.000057,0.000043,0.000027,0.000020,0.000015,0.000018,0.000049,0.000060,0.000046,0.000034,0.000130,0.000116,0.000135,0.000131,0.000093,0.000091,0.000066,0.000035,0.000075,0.000138,0.000154
278,,,,,,,,,,,,,,0.000007,0.000313,0.000318,0.000323,0.000279,0.000210,0.000193,0.000190,0.000188,0.000178,0.000151,0.000095,0.000075,0.000051,0.000050,0.000031,0.000013,0.000013,0.000015,0.000020,0.000028,0.000030,0.000028,0.000012,0.000010,0.000017,0.000084,0.000085,0.000093,0.000079,0.000074,0.000086,0.000070,0.000049,0.000088,0.000194,0.000229
279,,,,,,,,,,,,,,0.000013,0.000351,0.000294,0.000299,0.000248,0.000130,0.000143,0.000118,0.000088,0.000081,0.000054,0.000061,0.000036,0.000036,0.000042,0.000058,0.000079,0.000134,0.000182,0.000226,0.000232,0.000190,0.000155,0.000104,0.000042,0.000045,0.000087,0.000085,0.000058,0.000045,0.000044,0.000052,0.000039,0.000040,0.000086,0.000089,0.000085
280,,,,,,,,,,,,,,0.000009,0.000348,0.000330,0.000280,0.000222,0.000139,0.000153,0.000154,0.000155,0.000176,0.000179,0.000172,0.000122,0.000114,0.000153,0.000143,0.000107,0.000103,0.000089,0.000082,0.000068,0.000045,0.000021,0.000007,0.000004,0.000011,0.000138,0.000195,0.000226,0.000198,0.000168,0.000163,0.000116,0.000066,0.000156,0.000271,0.000344
281,,,,,,,,,,,,,,0.000039,0.000875,0.000777,0.000737,0.000650,0.000358,0.000410,0.000393,0.000373,0.000343,0.000286,0.000185,0.000183,0.000159,0.000205,0.000193,0.000150,0.000148,0.000131,0.000128,0.000118,0.000085,0.000043,0.000027,0.000010,0.000006,0.000030,0.000047,0.000051,0.000053,0.000053,0.000063,0.000063,0.000040,0.000136,0.000516,0.000934
282,,,,,,,,,,,,,,0.000021,0.000561,0.000487,0.000445,0.000358,0.000193,0.000232,0.000254,0.000247,0.000271,0.000227,0.000166,0.000170,0.000148,0.000183,0.000155,0.000120,0.000116,0.000107,0.000113,0.000099,0.000064,0.000018,0.000012,0.000008,0.000019,0.000293,0.000510,0.000843,0.001116,0.001134,0.001131,0.000846,0.000342,0.000528,0.001124,0.001374
283,,,,,,,,,,,,,,0.000005,0.000251,0.000256,0.000306,0.000353,0.000250,0.000429,0.000564,0.000584,0.000664,0.000554,0.000382,0.000427,0.000306,0.000374,0.000344,0.000274,0.000254,0.000242,0.000255,0.000248,0.000212,0.000105,0.000063,0.000020,0.000012,0.000094,0.000161,0.000140,0.000120,0.000103,0.000110,0.000117,0.000078,0.000064,0.000052,0.000077
284,,,,,,,,,,,,,,0.000014,0.000443,0.000435,0.000357,0.000300,0.000208,0.000237,0.000317,0.000380,0.000405,0.000521,0.000459,0.000527,0.000537,0.000961,0.000996,0.000860,0.000891,0.000809,0.000786,0.000690,0.000501,0.000320,0.000189,0.000050,0.000026,0.000076,0.000067,0.000058,0.000058,0.000041,0.000070,0.000075,0.000050,0.000034,0.000088,0.000127
285,,,,,,,,,,,,,,0.000007,0.000204,0.000212,0.000154,0.000125,0.000063,0.000071,0.000075,0.000079,0.000102,0.000115,0.000081,0.000082,0.000094,0.000182,0.000220,0.000203,0.000218,0.000177,0.000150,0.000153,0.000120,0.000099,0.000071,0.000032,0.000018,0.000090,0.000117,0.000226,0.000169,0.000180,0.000294,0.000350,0.000376,0.000608,0.000554,0.000554
286,,,,,,,,,,,,,,0.000005,0.000250,0.000294,0.000273,0.000229,0.000160,0.000115,0.000105,0.000102,0.000075,0.000055,0.000040,0.000032,0.000034,0.000061,0.000073,0.000099,0.000205,0.000386,0.000689,0.000926,0.000946,0.000704,0.000347,0.000074,0.000037,0.000116,0.000084,0.000051,0.000044,0.000039,0.000053,0.000044,0.000030,0.000056,0.000127,0.000127
287,,,,,,,,,,,,,,0.000018,0.000452,0.000382,0.000359,0.000221,0.000128,0.000107,0.000113,0.000104,0.000090,0.000081,0.000045,0.000038,0.000047,0.000050,0.000049,0.000047,0.000052,0.000046,0.000043,0.000045,0.000041,0.000038,0.000037,0.000037,0.000038,0.000153,0.000155,0.000182,0.000147,0.000103,0.000082,0.000055,0.000031,0.000089,0.000256,0.000427
288,,,,,,,,,,,,,,0.000035,0.000822,0.000680,0.000583,0.000439,0.000233,0.000271,0.000269,0.000239,0.000272,0.000242,0.000162,0.000176,0.000153,0.000151,0.000126,0.000095,0.000094,0.000100,0.000080,0.000066,0.000035,0.000022,0.000017,0.000015,0.000013,0.000085,0.000126,0.000171,0.000211,0.000200,0.000221,0.000206,0.000128,0.000266,0.000831,0.001474
289,,,,,,,,,,,,,,0.000003,0.000173,0.000145,0.000142,0.000113,0.000102,0.000065,0.000077,0.000095,0.000076,0.000065,0.000052,0.000048,0.000049,0.000076,0.000081,0.000083,0.000103,0.000112,0.000127,0.000138,0.000124,0.000087,0.000068,0.000038,0.000042,0.000116,0.000098,0.000107,0.000106,0.000086,0.000085,0.000060,0.000044,0.000054,0.000084,0.000119
290,,,,,,,,,,,,,,0.000023,0.000592,0.000500,0.000514,0.000440,0.000269,0.000251,0.000252,0.000255,0.000267,0.000198,0.000130,0.000126,0.000096,0.000148,0.000131,0.000101,0.000103,0.000090,0.000084,0.000081,0.000071,0.000040,0.000020,0.000008,0.000008,0.000046,0.000055,0.000065,0.000073,0.000066,0.000092,0.000079,0.000047,0.000070,0.000151,0.000195
291,,,,,,,,,,,,,,0.000003,0.000080,0.000084,0.000084,0.000078,0.000048,0.000039,0.000047,0.000053,0.000059,0.000070,0.000057,0.000043,0.000036,0.000036,0.000024,0.000022,0.000025,0.000026,0.000028,0.000038,0.000095,0.000186,0.000234,0.000137,0.000088,0.000336,0.000318,0.000290,0.000243,0.000187,0.000171,0.000122,0.000063,0.000089,0.000192,0.000219
292,,,,,,,,,,,,,,0.000003,0.000084,0.000073,0.000084,0.000072,0.000047,0.000052,0.000057,0.000044,0.000065,0.000068,0.000063,0.000066,0.000063,0.000072,0.000072,0.000079,0.000100,0.000103,0.000127,0.000162,0.000226,0.000133,0.000103,0.000048,0.000038,0.000079,0.000079,0.000072,0.000078,0.000068,0.000067,0.000056,0.000036,0.000067,0.000093,0.000099
293,,,,,,,,,,,,,,0.000005,0.000137,0.000120,0.000122,0.000099,0.000072,0.000068,0.000086,0.000084,0.000116,0.000102,0.000068,0.000061,0.000054,0.000068,0.000064,0.000048,0.000052,0.000055,0.000056,0.000058,0.000052,0.000028,0.000011,0.000018,0.000033,0.000202,0.000186,0.000184,0.000161,0.000140,0.000143,0.000105,0.000057,0.000096,0.000231,0.000306
294,,,,,,,,,,,,,,0.000015,0.000550,0.000549,0.000512,0.000444,0.000230,0.000202,0.000208,0.000165,0.000183,0.000150,0.000125,0.000099,0.000075,0.000111,0.000096,0.000079,0.000091,0.000089,0.000090,0.000083,0.000060,0.000029,0.000017,0.000011,0.000012,0.000069,0.000066,0.000072,0.000062,0.000054,0.000063,0.000045,0.000036,0.000056,0.000072,0.000094
295,,,,,,,,,,,,,,0.000005,0.000159,0.000141,0.000123,0.000115,0.000064,0.000075,0.000090,0.000093,0.000105,0.000113,0.000090,0.000103,0.000096,0.000127,0.000130,0.000144,0.000157,0.000155,0.000155,0.000160,0.000162,0.000123,0.000087,0.000033,0.000030,0.000164,0.000194,0.000188,0.000188,0.000142,0.000155,0.000159,0.000094,0.000106,0.000197,0.000223
296,,,,,,,,,,,,,,0.000006,0.000205,0.000195,0.000173,0.000160,0.000100,0.000116,0.000135,0.000138,0.000145,0.000139,0.000097,0.000096,0.000081,0.000100,0.000090,0.000068,0.000067,0.000060,0.000058,0.000043,0.000044,0.000059,0.000051,0.000064,0.000058,0.000242,0.000311,0.000379,0.000264,0.000194,0.000160,0.000135,0.000079,0.000128,0.000242,0.000328
297,,,,,,,,,,,,,,0.000002,0.000053,0.000047,0.000058,0.000060,0.000051,0.000090,0.000162,0.000365,0.000293,0.000235,0.000201,0.000105,0.000121,0.000167,0.000130,0.000110,0.000121,0.000094,0.000087,0.000083,0.000086,0.000061,0.000038,0.000018,0.000016,0.000073,0.000079,0.000099,0.000131,0.000159,0.000176,0.000153,0.000074,0.000075,0.000116,0.000128
298,,,,,,,,,,,,,,0.000025,0.000736,0.000685,0.000588,0.000522,0.000273,0.000284,0.000317,0.000302,0.000306,0.000289,0.000204,0.000200,0.000157,0.000246,0.000237,0.000204,0.000220,0.000207,0.000202,0.000176,0.000127,0.000069,0.000031,0.000005,0.000004,0.000044,0.000049,0.000074,0.000071,0.000061,0.000067,0.000060,0.000031,0.000052,0.000138,0.000194
299,,,,,,,,,,,,,,0.000005,0.000182,0.000175,0.000173,0.000148,0.000113,0.000109,0.000112,0.000099,0.000107,0.000099,0.000101,0.000063,0.000059,0.000067,0.000060,0.000043,0.000031,0.000015,-0.000002,-0.000006,0.000000,0.000005,0.000007,0.000018,0.000021,0.000069,0.000076,0.000086,0.000083,0.000078,0.000092,0.000076,0.000049,0.000089,0.000152,0.000177
300,,,,,,,,,,,,,,0.000005,0.000238,0.000258,0.000384,0.000310,0.000253,0.000186,0.000171,0.000183,0.000157,0.000132,0.000090,0.000081,0.000067,0.000084,0.000079,0.000060,0.000062,0.000087,0.000076,0.000071,0.000071,0.000057,0.000043,0.000016,0.000009,0.000037,0.000050,0.000046,0.000040,0.000040,0.000074,0.000068,0.000039,0.000047,0.000060,0.000053
301,,,,,,,,,,,,,,0.000006,0.000191,0.000185,0.000179,0.000165,0.000141,0.000110,0.000137,0.000160,0.000195,0.000191,0.000178,0.000176,0.000154,0.000189,0.000160,0.000123,0.000123,0.000109,0.000091,0.000066,0.000040,0.000016,0.000003,0.000009,0.000017,0.000149,0.000189,0.000238,0.000226,0.000190,0.000192,0.000163,0.000104,0.000195,0.000227,0.000263
302,,,,,,,,,,,,,,0.000002,0.000118,0.000124,0.000248,0.000317,0.000341,0.000397,0.000569,0.000616,0.000616,0.000563,0.000332,0.000280,0.000200,0.000265,0.000215,0.000152,0.000150,0.000119,0.000110,0.000108,0.000107,0.000084,0.000061,0.000030,0.000040,0.000237,0.000231,0.000225,0.000194,0.000140,0.000124,0.000092,0.000037,0.000053,0.000119,0.000150
303,,,,,,,,,,,,,,0.000007,0.000293,0.000272,0.000247,0.000217,0.000203,0.000140,0.000158,0.000184,0.000160,0.000142,0.000139,0.000112,0.000108,0.000095,0.000084,0.000072,0.000060,0.000058,0.000039,0.000036,0.000026,0.000010,0.000012,0.000019,0.000034,0.000120,0.000127,0.000127,0.000115,0.000115,0.000103,0.000097,0.000076,0.000113,0.000186,0.000192
304,,,,,,,,,,,,,,0.000022,0.000622,0.000491,0.000443,0.000348,0.000163,0.000157,0.000168,0.000140,0.000157,0.000145,0.000104,0.000090,0.000086,0.000137,0.000140,0.000118,0.000119,0.000114,0.000097,0.000075,0.000072,0.000046,0.000023,0.000009,0.000007,0.000043,0.000039,0.000045,0.000042,0.000039,0.000040,0.000035,0.000022,0.000038,0.000077,0.000113
305,,,,,,,,,,,,,,0.000003,0.000104,0.000119,0.000155,0.000185,0.000141,0.000207,0.000301,0.000272,0.000305,0.000260,0.000183,0.000160,0.000125,0.000147,0.000126,0.000086,0.000071,0.000057,0.000052,0.000041,0.000026,0.000017,0.000011,0.000013,0.000028,0.000116,0.000126,0.000139,0.000084,0.000064,0.000067,0.000055,0.000040,0.000067,0.000100,0.000109
306,,,,,,,,,,,,,,0.000017,0.000517,0.000480,0.000384,0.000360,0.000212,0.000200,0.000228,0.000186,0.000209,0.000190,0.000149,0.000121,0.000098,0.000141,0.000138,0.000111,0.000106,0.000097,0.000092,0.000078,0.000063,0.000030,0.000018,0.000011,0.000012,0.000051,0.000060,0.000073,0.000144,0.000184,0.000260,0.000250,0.000164,0.000182,0.000349,0.000431
307,,,,,,,,,,,,,,0.000002,0.000059,0.000058,0.000056,0.000064,0.000052,0.000063,0.000080,0.000078,0.000083,0.000069,0.000052,0.000045,0.000037,0.000056,0.000056,0.000065,0.000105,0.000150,0.000221,0.000284,0.000291,0.000177,0.000120,0.000077,0.000051,0.000219,0.000226,0.000238,0.000187,0.000127,0.000143,0.000105,0.000048,0.000032,0.000038,0.000040
308,,,,,,,,,,,,,,0.000002,0.000080,0.000075,0.000073,0.000071,0.000059,0.000059,0.000055,0.000046,0.000044,0.000029,0.000032,0.000027,0.000026,0.000013,0.000024,0.000028,0.000056,0.000101,0.000204,0.000387,0.000517,0.000494,0.000339,0.000099,0.000064,0.000179,0.000263,0.000176,0.000166,0.000183,0.000309,0.000427,0.000437,0.000314,0.000236,0.000222
309,,,,,,,,,,,,,,0.000005,0.000220,0.000197,0.000184,0.000214,0.000088,0.000124,0.000091,0.000087,0.000087,0.000114,0.000241,0.000125,0.000125,0.000080,0.000080,0.000068,0.000059,0.000061,0.000048,0.000047,0.000026,0.000017,0.000012,0.000011,0.000016,0.000100,0.000117,0.000217,0.000304,0.000263,0.000287,0.000245,0.000153,0.000179,0.000266,0.000289
310,,,,,,,,,,,,,,0.000006,0.000169,0.000160,0.000149,0.000118,0.000072,0.000089,0.000091,0.000098,0.000092,0.000080,0.000065,0.000046,0.000047,0.000039,0.000031,0.000032,0.000039,0.000030,0.000037,0.000027,0.000029,0.000039,0.000028,0.000040,0.000047,0.000265,0.000256,0.000209,0.000188,0.000160,0.000170,0.000122,0.000076,0.000122,0.000239,0.000281
311,,,,,,,,,,,,,,0.000005,0.000148,0.000140,0.000124,0.000104,0.000067,0.000066,0.000075,0.000082,0.000095,0.000091,0.000065,0.000051,0.000043,0.000034,0.000022,0.000013,0.000015,0.000018,0.000021,0.000022,0.000067,0.000121,0.000151,0.000123,0.000092,0.000344,0.000331,0.000397,0.000430,0.000327,0.000326,0.000218,0.000111,0.000195,0.000359,0.000499
312,,,,,,,,,,,,,,0.000013,0.000344,0.000309,0.000290,0.000245,0.000130,0.000184,0.000210,0.000206,0.000185,0.000166,0.000103,0.000090,0.000084,0.000110,0.000114,0.000101,0.000111,0.000113,0.000124,0.000124,0.000101,0.000060,0.000045,0.000012,0.000007,0.000064,0.000105,0.000114,0.000123,0.000099,0.000103,0.000126,0.000093,0.000139,0.000324,0.000461
313,,,,,,,,,,,,,,0.000007,0.000269,0.000253,0.000255,0.000234,0.000145,0.000192,0.000232,0.000267,0.000307,0.000314,0.000249,0.000247,0.000228,0.000382,0.000396,0.000360,0.000412,0.000410,0.000432,0.000411,0.000325,0.000222,0.000123,0.000030,0.000014,0.000053,0.000049,0.000043,0.000045,0.000044,0.000059,0.000070,0.000051,0.000035,0.000123,0.000194
314,,,,,,,,,,,,,,0.000016,0.000394,0.000341,0.000338,0.000299,0.000148,0.000159,0.000165,0.000145,0.000165,0.000150,0.000102,0.000101,0.000082,0.000127,0.000113,0.000083,0.000088,0.000077,0.000073,0.000073,0.000057,0.000022,0.000010,0.000006,0.000007,0.000048,0.000046,0.000055,0.000059,0.000062,0.000103,0.000081,0.000039,0.000074,0.000118,0.000114
315,,,,,,,,,,,,,,0.000003,0.000111,0.000113,0.000105,0.000090,0.000056,0.000071,0.000070,0.000078,0.000077,0.000064,0.000053,0.000082,0.000091,0.000061,0.000046,0.000034,0.000035,0.000046,0.000047,0.000048,0.000059,0.000103,0.000129,0.000095,0.000060,0.000167,0.000146,0.000149,0.000126,0.000106,0.000130,0.000090,0.000056,0.000082,0.000134,0.000159
316,,,,,,,,,,,,,,0.000020,0.000631,0.000568,0.000459,0.000362,0.000187,0.000189,0.000207,0.000168,0.000178,0.000166,0.000136,0.000117,0.000087,0.000122,0.000104,0.000083,0.000072,0.000060,0.000054,0.000059,0.000049,0.000038,0.000028,0.000022,0.000013,0.000033,0.000034,0.000049,0.000036,0.000021,0.000022,0.000021,0.000026,0.000031,0.000059,0.000076
317,,,,,,,,,,,,,,0.000005,0.000224,0.000204,0.000219,0.000184,0.000105,0.000130,0.000163,0.000142,0.000130,0.000143,0.000093,0.000102,0.000104,0.000119,0.000134,0.000087,0.000107,0.000107,0.000104,0.000096,0.000062,0.000043,0.000031,0.000017,0.000020,0.000105,0.000123,0.000157,0.000186,0.000161,0.000161,0.000123,0.000088,0.000103,0.000175,0.000218
318,,,,,,,,,,,,,,0.000010,0.000410,0.000456,0.000327,0.000286,0.000206,0.000291,0.000259,0.000284,0.000308,0.000242,0.000156,0.000158,0.000150,0.000108,0.000108,0.000083,0.000067,0.000085,0.000070,0.000058,0.000063,0.000043,0.000023,0.000014,0.000013,0.000097,0.000085,0.000092,0.000077,0.000059,0.000067,0.000061,0.000038,0.000033,0.000052,0.000070
319,,,,,,,,,,,,,,0.000014,0.000540,0.000833,0.000682,0.000631,0.000377,0.000424,0.000495,0.000520,0.000677,0.000710,0.000558,0.000600,0.000544,0.000827,0.000737,0.000538,0.000457,0.000362,0.000306,0.000249,0.000181,0.000103,0.000048,0.000012,0.000005,0.000026,0.000029,0.000022,0.000024,0.000025,0.000040,0.000046,0.000076,0.000268,0.000448,0.000470
320,,,,,,,,,,,,,,0.000002,0.000067,0.000061,0.000048,0.000043,0.000037,0.000034,0.000046,0.000044,0.000048,0.000058,0.000058,0.000049,0.000047,0.000064,0.000072,0.000077,0.000099,0.000108,0.000138,0.000163,0.000122,0.000072,0.000046,0.000021,0.000021,0.000059,0.000092,0.000122,0.000086,0.000065,0.000076,0.000064,0.000037,0.000047,0.000078,0.000101
321,,,,,,,,,,,,,,0.000003,0.000097,0.000100,0.000089,0.000069,0.000053,0.000053,0.000054,0.000059,0.000057,0.000050,0.000043,0.000030,0.000021,0.000008,0.000011,0.000014,0.000024,0.000044,0.000084,0.000137,0.000191,0.000216,0.000202,0.000077,0.000073,0.000306,0.000216,0.000157,0.000120,0.000105,0.000109,0.000084,0.000051,0.000064,0.000102,0.000113
322,,,,,,,,,,,,,,0.000006,0.000152,0.000117,0.000097,0.000091,0.000045,0.000053,0.000066,0.000073,0.000088,0.000093,0.000070,0.000065,0.000068,0.000121,0.000157,0.000221,0.000360,0.000515,0.000639,0.000639,0.000502,0.000306,0.000152,0.000036,0.000018,0.000057,0.000044,0.000041,0.000033,0.000031,0.000035,0.000032,0.000022,0.000049,0.000077,0.000115
323,,,,,,,,,,,,,,0.000005,0.000298,0.000464,0.000704,0.000818,0.000613,0.000700,0.000782,0.000682,0.000624,0.000547,0.000322,0.000278,0.000220,0.000298,0.000249,0.000194,0.000181,0.000159,0.000137,0.000096,0.000066,0.000035,0.000017,0.000008,0.000010,0.000063,0.000080,0.000092,0.000084,0.000065,0.000072,0.000076,0.000042,0.000092,0.000172,0.000190
324,,,,,,,,,,,,,,0.000003,0.000066,0.000050,0.000061,0.000054,0.000033,0.000047,0.000052,0.000057,0.000051,0.000046,0.000031,0.000038,0.000039,0.000074,0.000086,0.000088,0.000107,0.000119,0.000137,0.000135,0.000126,0.000083,0.000077,0.000034,0.000020,0.000061,0.000068,0.000085,0.000091,0.000139,0.000272,0.000323,0.000281,0.000205,0.000140,0.000168
325,,,,,,,,,,,,,,0.000015,0.000374,0.000318,0.000326,0.000265,0.000116,0.000167,0.000118,0.000103,0.000095,0.000086,0.000061,0.000064,0.000065,0.000095,0.000111,0.000083,0.000097,0.000115,0.000131,0.000121,0.000093,0.000054,0.000034,0.000015,0.000013,0.000064,0.000055,0.000052,0.000027,0.000026,0.000032,0.000031,0.000034,0.000030,0.000091,0.000216
326,,,,,,,,,,,,,,0.000008,0.000244,0.000243,0.000226,0.000198,0.000103,0.000117,0.000160,0.000166,0.000138,0.000122,0.000073,0.000072,0.000058,0.000106,0.000107,0.000104,0.000114,0.000115,0.000132,0.000134,0.000118,0.000091,0.000064,0.000019,0.000009,0.000046,0.000045,0.000047,0.000042,0.000034,0.000043,0.000065,0.000074,0.000171,0.000413,0.000559
327,,,,,,,,,,,,,,0.000006,0.000119,0.000107,0.000104,0.000093,0.000040,0.000051,0.000042,0.000067,0.000060,0.000045,0.000044,0.000043,0.000045,0.000088,0.000110,0.000100,0.000116,0.000102,0.000137,0.000190,0.000185,0.000104,0.000059,0.000018,0.000025,0.000413,0.000601,0.000760,0.000771,0.000655,0.000626,0.000483,0.000209,0.000274,0.000508,0.000533
328,,,,,,,,,,,,,,0.000012,0.000352,0.000314,0.000238,0.000178,0.000085,0.000075,0.000084,0.000072,0.000072,0.000078,0.000070,0.000093,0.000129,0.000323,0.000468,0.000536,0.000702,0.000799,0.000910,0.000978,0.000894,0.000619,0.000341,0.000075,0.000043,0.000138,0.000101,0.000070,0.000059,0.000055,0.000049,0.000047,0.000044,0.000053,0.000055,0.000069
329,,,,,,,,,,,,,,0.000002,0.000068,0.000055,0.000082,0.000094,0.000069,0.000055,0.000064,0.000089,0.000101,0.000114,0.000090,0.000094,0.000098,0.000163,0.000200,0.000226,0.000339,0.000458,0.000608,0.000620,0.000460,0.000271,0.000133,0.000029,0.000016,0.000118,0.000135,0.000146,0.000165,0.000144,0.000125,0.000105,0.000069,0.000074,0.000144,0.000166
330,,,,,,,,,,,,,,0.000003,0.000097,0.000099,0.000081,0.000085,0.000042,0.000052,0.000057,0.000055,0.000057,0.000050,0.000033,0.000027,0.000025,0.000037,0.000041,0.000037,0.000041,0.000052,0.000081,0.000096,0.000092,0.000070,0.000055,0.000028,0.000031,0.000134,0.000169,0.000216,0.000211,0.000169,0.000195,0.000169,0.000175,0.000275,0.000228,0.000244
331,,,,,,,,,,,,,,0.000005,0.000154,0.000173,0.000186,0.000162,0.000122,0.000100,0.000109,0.000119,0.000114,0.000107,0.000077,0.000072,0.000067,0.000083,0.000088,0.000081,0.000099,0.000105,0.000112,0.000107,0.000079,0.000041,0.000018,0.000005,0.000006,0.000053,0.000052,0.000070,0.000066,0.000064,0.000072,0.000059,0.000045,0.000069,0.000143,0.000174
332,,,,,,,,,,,,,,0.000003,0.000081,0.000080,0.000070,0.000092,0.000142,0.000128,0.000189,0.000270,0.000295,0.000341,0.000283,0.000330,0.000318,0.000279,0.000234,0.000205,0.000192,0.000168,0.000155,0.000129,0.000093,0.000054,0.000031,0.000010,0.000005,0.000043,0.000066,0.000083,0.000103,0.000107,0.000123,0.000104,0.000047,0.000065,0.000170,0.000188
333,,,,,,,,,,,,,,0.000009,0.000252,0.000264,0.000238,0.000180,0.000127,0.000118,0.000103,0.000098,0.000108,0.000098,0.000078,0.000058,0.000052,0.000062,0.000053,0.000040,0.000033,0.000037,0.000042,0.000047,0.000049,0.000037,0.000025,0.000012,0.000006,0.000026,0.000030,0.000031,0.000044,0.000039,0.000038,0.000028,0.000017,0.000038,0.000105,0.000167
334,,,,,,,,,,,,,,0.000004,0.000183,0.000189,0.000214,0.000265,0.000231,0.000372,0.000599,0.000643,0.000795,0.000729,0.000492,0.000441,0.000299,0.000400,0.000318,0.000229,0.000220,0.000214,0.000206,0.000200,0.000186,0.000127,0.000073,0.000021,0.000022,0.000225,0.000300,0.000255,0.000183,0.000101,0.000077,0.000061,0.000037,0.000029,0.000044,0.000039
335,,,,,,,,,,,,,,0.000019,0.000552,0.000543,0.000332,0.000244,0.000112,0.000084,0.000078,0.000063,0.000073,0.000059,0.000028,0.000022,0.000019,0.000015,0.000013,0.000022,0.000058,0.000118,0.000243,0.000332,0.000314,0.000211,0.000101,0.000029,0.000019,0.000054,0.000067,0.000067,0.000039,0.000023,0.000022,0.000016,0.000019,0.000033,0.000082,0.000154
336,,,,,,,,,,,,,,0.000004,0.000121,0.000112,0.000108,0.000104,0.000074,0.000079,0.000089,0.000114,0.000100,0.000087,0.000072,0.000062,0.000058,0.000056,0.000050,0.000045,0.000044,0.000042,0.000034,0.000029,0.000021,0.000021,0.000035,0.000024,0.000022,0.000082,0.000077,0.000081,0.000082,0.000077,0.000077,0.000064,0.000037,0.000069,0.000159,0.000198
337,,,,,,,,,,,,,,0.000010,0.000413,0.000418,0.000392,0.000400,0.000221,0.000214,0.000257,0.000189,0.000193,0.000172,0.000141,0.000135,0.000108,0.000151,0.000144,0.000138,0.000170,0.000158,0.000163,0.000161,0.000155,0.000108,0.000066,0.000028,0.000016,0.000073,0.000076,0.000088,0.000087,0.000070,0.000082,0.000089,0.000056,0.000071,0.000094,0.000130
338,,,,,,,,,,,,,,0.000003,0.000108,0.000086,0.000099,0.000113,0.000054,0.000070,0.000066,0.000072,0.000099,0.000123,0.000108,0.000067,0.000068,0.000099,0.000088,0.000079,0.000100,0.000119,0.000151,0.000191,0.000193,0.000147,0.000097,0.000029,0.000015,0.000069,0.000111,0.000151,0.000193,0.000258,0.000270,0.000179,0.000091,0.000098,0.000176,0.000211
339,,,,,,,,,,,,,,0.000006,0.000161,0.000164,0.000157,0.000156,0.000082,0.000134,0.000151,0.000159,0.000161,0.000143,0.000111,0.000084,0.000086,0.000100,0.000085,0.000081,0.000084,0.000084,0.000082,0.000074,0.000056,0.000028,0.000013,0.000007,0.000007,0.000039,0.000044,0.000050,0.000046,0.000045,0.000069,0.000077,0.000289,0.000367,0.000396,0.000373
340,,,,,,,,,,,,,,0.000015,0.000494,0.000483,0.000440,0.000402,0.000251,0.000268,0.000315,0.000341,0.000412,0.000392,0.000302,0.000295,0.000237,0.000375,0.000346,0.000267,0.000259,0.000234,0.000249,0.000253,0.000246,0.000197,0.000117,0.000022,0.000006,0.000067,0.000062,0.000096,0.000144,0.000174,0.000219,0.000211,0.000118,0.000160,0.000399,0.000490
341,,,,,,,,,,,,,,0.000004,0.000173,0.000171,0.000173,0.000150,0.000107,0.000102,0.000114,0.000130,0.000140,0.000158,0.000146,0.000142,0.000135,0.000178,0.000186,0.000167,0.000180,0.000183,0.000199,0.000200,0.000190,0.000163,0.000098,0.000037,0.000019,0.000064,0.000065,0.000064,0.000054,0.000046,0.000043,0.000039,0.000034,0.000022,0.000017,0.000014
342,,,,,,,,,,,,,,0.000002,0.000076,0.000070,0.000054,0.000042,0.000022,0.000033,0.000034,0.000045,0.000045,0.000055,0.000048,0.000055,0.000064,0.000136,0.000251,0.000414,0.000748,0.001066,0.001292,0.001212,0.000845,0.000437,0.000195,0.000040,0.000020,0.000082,0.000080,0.000060,0.000048,0.000047,0.000053,0.000052,0.000034,0.000034,0.000075,0.000098
343,,,,,,,,,,,,,,0.000012,0.000429,0.000408,0.000388,0.000363,0.000264,0.000262,0.000306,0.000323,0.000350,0.000344,0.000309,0.000261,0.000225,0.000294,0.000261,0.000202,0.000200,0.000170,0.000143,0.000113,0.000076,0.000033,0.000007,0.000004,0.000011,0.000086,0.000096,0.000115,0.000135,0.000128,0.000139,0.000118,0.000065,0.000145,0.000305,0.000372
344,,,,,,,,,,,,,,0.000008,0.000251,0.000242,0.000233,0.000213,0.000133,0.000139,0.000141,0.000144,0.000120,0.000108,0.000083,0.000067,0.000063,0.000068,0.000067,0.000041,0.000032,0.000027,0.000029,0.000040,0.000031,0.000030,0.000018,0.000011,0.000017,0.000104,0.000116,0.000124,0.000104,0.000142,0.000251,0.000381,0.000417,0.000680,0.000548,0.000547
345,,,,,,,,,,,,,,0.000003,0.000076,0.000062,0.000053,0.000044,0.000038,0.000041,0.000051,0.000045,0.000041,0.000043,0.000047,0.000049,0.000050,0.000058,0.000062,0.000068,0.000054,0.000060,0.000058,0.000057,0.000049,0.000058,0.000051,0.000049,0.000059,0.000262,0.000225,0.000237,0.000217,0.000162,0.000167,0.000118,0.000051,0.000087,0.000165,0.000240
346,,,,,,,,,,,,,,0.000001,0.000077,0.000068,0.000054,0.000053,0.000026,0.000038,0.000045,0.000041,0.000034,0.000037,0.000024,0.000027,0.000033,0.000044,0.000052,0.000052,0.000063,0.000068,0.000070,0.000062,0.000058,0.000058,0.000059,0.000040,0.000022,0.000074,0.000073,0.000136,0.000123,0.000087,0.000104,0.000088,0.000054,0.000076,0.000055,0.000075
347,,,,,,,,,,,,,,0.000002,0.000056,0.000050,0.000063,0.000063,0.000052,0.000084,0.000142,0.000174,0.000231,0.000253,0.000200,0.000188,0.000157,0.000244,0.000205,0.000179,0.000183,0.000176,0.000172,0.000152,0.000118,0.000091,0.000069,0.000025,0.000016,0.000058,0.000059,0.000065,0.000108,0.000154,0.000177,0.000224,0.000136,0.000046,0.000066,0.000087
348,,,,,,,,,,,,,,0.000004,0.000121,0.000114,0.000125,0.000124,0.000071,0.000082,0.000113,0.000131,0.000177,0.000205,0.000217,0.000230,0.000217,0.000297,0.000272,0.000244,0.000273,0.000248,0.000265,0.000237,0.000176,0.000084,0.000032,0.000005,0.000004,0.000045,0.000057,0.000074,0.000080,0.000080,0.000093,0.000076,0.000047,0.000054,0.000132,0.000165
349,,,,,,,,,,,,,,0.000013,0.000288,0.000239,0.000195,0.000195,0.000083,0.000107,0.000104,0.000113,0.000143,0.000108,0.000078,0.000206,0.000245,0.000097,0.000087,0.000083,0.000079,0.000085,0.000086,0.000089,0.000059,0.000032,0.000018,0.000005,0.000005,0.000053,0.000061,0.000086,0.000107,0.000109,0.000151,0.000152,0.000106,0.000215,0.000694,0.000996
350,,,,,,,,,,,,,,0.000013,0.000485,0.000477,0.000452,0.000374,0.000195,0.000208,0.000238,0.000202,0.000201,0.000181,0.000153,0.000125,0.000125,0.000168,0.000173,0.000121,0.000105,0.000089,0.000074,0.000058,0.000049,0.000038,0.000028,0.000029,0.000022,0.000104,0.000148,0.000137,0.000122,0.000099,0.000095,0.000086,0.000101,0.000197,0.000249,0.000291
351,,,,,,,,,,,,,,0.000002,0.000050,0.000060,0.000100,0.000089,0.000084,0.000073,0.000069,0.000071,0.000069,0.000065,0.000050,0.000062,0.000054,0.000070,0.000074,0.000083,0.000100,0.000109,0.000117,0.000113,0.000094,0.000059,0.000039,0.000014,0.000009,0.000033,0.000033,0.000033,0.000045,0.000036,0.000051,0.000054,0.000036,0.000030,0.000049,0.000056
352,,,,,,,,,,,,,,0.000014,0.000269,0.000232,0.000193,0.000169,0.000083,0.000092,0.000094,0.000082,0.000084,0.000081,0.000046,0.000042,0.000035,0.000042,0.000038,0.000042,0.000044,0.000055,0.000071,0.000079,0.000062,0.000041,0.000026,0.000010,0.000008,0.000046,0.000081,0.000192,0.000364,0.000514,0.000747,0.000788,0.000521,0.000846,0.001483,0.001581
353,,,,,,,,,,,,,,0.000011,0.000324,0.000275,0.000297,0.000234,0.000114,0.000125,0.000148,0.000138,0.000153,0.000108,0.000075,0.000089,0.000072,0.000099,0.000091,0.000073,0.000083,0.000073,0.000072,0.000063,0.000048,0.000039,0.000029,0.000013,0.000012,0.000031,0.000050,0.000042,0.000064,0.000074,0.000074,0.000068,0.000038,0.000041,0.000091,0.000100
354,,,,,,,,,,,,,,0.000002,0.000096,0.000091,0.000099,0.000096,0.000061,0.000089,0.000178,0.000241,0.000174,0.000202,0.000190,0.000186,0.000267,0.000675,0.000787,0.000803,0.000945,0.000885,0.000823,0.000681,0.000465,0.000260,0.000137,0.000042,0.000023,0.000077,0.000068,0.000053,0.000037,0.000033,0.000041,0.000043,0.000027,0.000037,0.000038,0.000055
355,,,,,,,,,,,,,,0.000010,0.000430,0.000434,0.000421,0.000423,0.000314,0.000316,0.000408,0.000461,0.000485,0.000454,0.000321,0.000307,0.000250,0.000365,0.000317,0.000244,0.000247,0.000221,0.000214,0.000207,0.000167,0.000099,0.000045,0.000010,0.000008,0.000066,0.000059,0.000084,0.000096,0.000087,0.000095,0.000075,0.000029,0.000050,0.000089,0.000128
356,,,,,,,,,,,,,,0.000018,0.000315,0.000238,0.000200,0.000168,0.000081,0.000109,0.000107,0.000125,0.000138,0.000112,0.000089,0.000111,0.000110,0.000172,0.000178,0.000173,0.000183,0.000166,0.000173,0.000178,0.000136,0.000090,0.000056,0.000016,0.000007,0.000036,0.000052,0.000072,0.000072,0.000101,0.000222,0.000315,0.000253,0.000550,0.001610,0.002130
357,,,,,,,,,,,,,,0.000012,0.000538,0.000461,0.000398,0.000374,0.000253,0.000237,0.000247,0.000254,0.000240,0.000206,0.000142,0.000131,0.000103,0.000129,0.000111,0.000077,0.000061,0.000044,0.000040,0.000031,0.000012,0.000008,0.000004,0.000010,0.000012,0.000057,0.000067,0.000078,0.000091,0.000094,0.000096,0.000081,0.000052,0.000097,0.000221,0.000284
358,,,,,,,,,,,,,,0.000004,0.000099,0.000081,0.000093,0.000079,0.000047,0.000056,0.000054,0.000051,0.000057,0.000053,0.000031,0.000033,0.000026,0.000040,0.000043,0.000043,0.000057,0.000063,0.000076,0.000088,0.000089,0.000093,0.000098,0.000052,0.000034,0.000102,0.000121,0.000144,0.000139,0.000096,0.000110,0.000111,0.000079,0.000104,0.000219,0.000243
359,,,,,,,,,,,,,,0.000010,0.000225,0.000192,0.000165,0.000158,0.000088,0.000090,0.000100,0.000080,0.000091,0.000080,0.000063,0.000057,0.000052,0.000077,0.000083,0.000073,0.000069,0.000066,0.000053,0.000054,0.000047,0.000031,0.000021,0.000010,0.000007,0.000018,0.000031,0.000034,0.000035,0.000076,0.000127,0.000171,0.000123,0.000177,0.000481,0.000746
360,,,,,,,,,,,,,,0.000003,0.000085,0.000074,0.000123,0.000117,0.000078,0.000073,0.000087,0.000090,0.000098,0.000099,0.000069,0.000065,0.000058,0.000096,0.000106,0.000103,0.000106,0.000103,0.000105,0.000108,0.000081,0.000055,0.000040,0.000015,0.000009,0.000035,0.000039,0.000037,0.000032,0.000042,0.000053,0.000054,0.000073,0.000149,0.000115,0.000120
361,,,,,,,,,,,,,,0.000009,0.000356,0.000298,0.000288,0.000262,0.000144,0.000134,0.000128,0.000106,0.000104,0.000083,0.000067,0.000052,0.000060,0.000069,0.000091,0.000108,0.000113,0.000108,0.000094,0.000085,0.000051,0.000030,0.000032,0.000018,0.000011,0.000028,0.000041,0.000071,0.000089,0.000086,0.000141,0.000200,0.000225,0.000250,0.000136,0.000141
362,,,,,,,,,,,,,,0.000005,0.000120,0.000110,0.000095,0.000082,0.000038,0.000043,0.000049,0.000052,0.000031,0.000027,0.000019,0.000022,0.000031,0.000034,0.000029,0.000032,0.000037,0.000049,0.000078,0.000115,0.000187,0.000299,0.000366,0.000191,0.000130,0.000331,0.000327,0.000366,0.000334,0.000306,0.000354,0.000324,0.000239,0.000207,0.000297,0.000387
363,,,,,,,,,,,,,,0.000021,0.000464,0.000356,0.000316,0.000267,0.000141,0.000172,0.000186,0.000162,0.000158,0.000128,0.000093,0.000096,0.000088,0.000110,0.000106,0.000083,0.000084,0.000077,0.000081,0.000089,0.000072,0.000047,0.000034,0.000011,0.000006,0.000035,0.000029,0.000053,0.000079,0.000080,0.000069,0.000059,0.000040,0.000074,0.000224,0.000413
364,,,,,,,,,,,,,,0.000004,0.000123,0.000093,0.000107,0.000079,0.000060,0.000102,0.000143,0.000191,0.000306,0.000408,0.000376,0.000400,0.000409,0.000673,0.000634,0.000531,0.000540,0.000446,0.000444,0.000391,0.000324,0.000217,0.000117,0.000032,0.000018,0.000059,0.000062,0.000066,0.000078,0.000068,0.000078,0.000058,0.000021,0.000044,0.000149,0.000223
365,,,,,,,,,,,,,,0.000005,0.000109,0.000102,0.000094,0.000086,0.000043,0.000051,0.000053,0.000047,0.000044,0.000038,0.000025,0.000022,0.000022,0.000029,0.000036,0.000031,0.000047,0.000054,0.000066,0.000081,0.000096,0.000116,0.000106,0.000083,0.000092,0.000567,0.000570,0.000545,0.000477,0.000373,0.000316,0.000220,0.000098,0.000126,0.000289,0.000331
366,,,,,,,,,,,,,,0.000006,0.000204,0.000205,0.000265,0.000307,0.000239,0.000371,0.000523,0.000564,0.000647,0.000651,0.000438,0.000423,0.000328,0.000447,0.000390,0.000316,0.000305,0.000263,0.000236,0.000198,0.000133,0.000074,0.000035,0.000010,0.000013,0.000043,0.000052,0.000044,0.000055,0.000061,0.000091,0.000115,0.000082,0.000164,0.000410,0.000437
367,,,,,,,,,,,,,,0.000012,0.000407,0.000382,0.000377,0.000369,0.000254,0.000189,0.000202,0.000195,0.000187,0.000186,0.000133,0.000120,0.000103,0.000154,0.000140,0.000113,0.000105,0.000096,0.000094,0.000078,0.000062,0.000038,0.000021,0.000011,0.000012,0.000051,0.000046,0.000048,0.000041,0.000050,0.000046,0.000043,0.000038,0.000068,0.000061,0.000057
368,,,,,,,,,,,,,,0.000008,0.000187,0.000166,0.000174,0.000165,0.000089,0.000110,0.000094,0.000084,0.000096,0.000083,0.000062,0.000048,0.000044,0.000082,0.000113,0.000158,0.000276,0.000416,0.000560,0.000634,0.000536,0.000352,0.000146,0.000034,0.000017,0.000036,0.000023,0.000029,0.000028,0.000032,0.000052,0.000064,0.000044,0.000043,0.000103,0.000155
369,,,,,,,,,,,,,,0.000009,0.000182,0.000152,0.000114,0.000116,0.000098,0.000101,0.000119,0.000133,0.000150,0.000141,0.000096,0.000200,0.000271,0.000140,0.000157,0.000137,0.000097,0.000106,0.000100,0.000111,0.000101,0.000076,0.000043,0.000015,0.000006,0.000015,0.000021,0.000027,0.000043,0.000064,0.000117,0.000144,0.000256,0.000324,0.000665,0.000677
370,,,,,,,,,,,,,,0.000009,0.000324,0.000310,0.000288,0.000271,0.000201,0.000188,0.000227,0.000249,0.000261,0.000240,0.000202,0.000167,0.000149,0.000189,0.000167,0.000137,0.000125,0.000105,0.000093,0.000069,0.000050,0.000018,0.000003,0.000009,0.000020,0.000097,0.000106,0.000132,0.000144,0.000138,0.000147,0.000123,0.000088,0.000180,0.000304,0.000360
371,,,,,,,,,,,,,,0.000003,0.000201,0.000187,0.000184,0.000158,0.000097,0.000175,0.000176,0.000137,0.000137,0.000133,0.000103,0.000111,0.000092,0.000155,0.000143,0.000124,0.000124,0.000112,0.000107,0.000091,0.000067,0.000038,0.000021,0.000008,0.000008,0.000031,0.000035,0.000048,0.000071,0.000060,0.000065,0.000054,0.000029,0.000042,0.000076,0.000085
372,,,,,,,,,,,,,,0.000004,0.000108,0.000109,0.000143,0.000116,0.000078,0.000093,0.000108,0.000153,0.000191,0.000144,0.000433,0.000139,0.000135,0.000133,0.000131,0.000110,0.000115,0.000106,0.000112,0.000113,0.000089,0.000052,0.000029,0.000012,0.000007,0.000029,0.000033,0.000025,0.000032,0.000023,0.000036,0.000036,0.000032,0.000049,0.000096,0.000147
373,,,,,,,,,,,,,,0.000005,0.000158,0.000146,0.000138,0.000114,0.000064,0.000067,0.000073,0.000074,0.000085,0.000092,0.000082,0.000104,0.000113,0.000163,0.000168,0.000156,0.000174,0.000171,0.000170,0.000151,0.000105,0.000050,0.000016,0.000007,0.000009,0.000068,0.000072,0.000090,0.000073,0.000078,0.000129,0.000158,0.000192,0.000431,0.000282,0.000287
374,,,,,,,,,,,,,,0.000003,0.000120,0.000106,0.000088,0.000077,0.000049,0.000058,0.000062,0.000077,0.000078,0.000072,0.000060,0.000053,0.000049,0.000073,0.000067,0.000056,0.000056,0.000051,0.000060,0.000073,0.000086,0.000115,0.000139,0.000055,0.000037,0.000078,0.000073,0.000060,0.000062,0.000060,0.000073,0.000053,0.000026,0.000038,0.000102,0.000112
375,,,,,,,,,,,,,,0.000003,0.000059,0.000060,0.000058,0.000055,0.000029,0.000049,0.000092,0.000150,0.000203,0.000242,0.000198,0.000212,0.000191,0.000307,0.000290,0.000286,0.000243,0.000230,0.000232,0.000219,0.000178,0.000122,0.000079,0.000026,0.000028,0.000115,0.000134,0.000223,0.000310,0.000284,0.000305,0.000254,0.000122,0.000079,0.000145,0.000203
376,,,,,,,,,,,,,,0.000005,0.000138,0.000114,0.000091,0.000084,0.000072,0.000054,0.000063,0.000068,0.000067,0.000071,0.000052,0.000056,0.000051,0.000051,0.000054,0.000052,0.000049,0.000044,0.000038,0.000042,0.000036,0.000027,0.000019,0.000010,0.000010,0.000068,0.000104,0.000161,0.000231,0.000246,0.000284,0.000226,0.000172,0.000366,0.000349,0.000351
377,,,,,,,,,,,,,,0.000014,0.000539,0.000486,0.000366,0.000280,0.000158,0.000112,0.000116,0.000099,0.000078,0.000068,0.000041,0.000035,0.000024,0.000033,0.000032,0.000019,0.000024,0.000031,0.000032,0.000037,0.000102,0.000200,0.000238,0.000171,0.000122,0.000389,0.000346,0.000420,0.000331,0.000249,0.000243,0.000213,0.000184,0.000167,0.000303,0.000351
378,,,,,,,,,,,,,,0.000003,0.000120,0.000121,0.000104,0.000078,0.000055,0.000045,0.000051,0.000043,0.000059,0.000053,0.000048,0.000114,0.000166,0.000092,0.000103,0.000135,0.000207,0.000263,0.000320,0.000314,0.000266,0.000114,0.000065,0.000025,0.000020,0.000108,0.000133,0.000178,0.000201,0.000174,0.000251,0.000249,0.000187,0.000203,0.000140,0.000124
379,,,,,,,,,,,,,,0.000009,0.000523,0.000654,0.000669,0.000526,0.000431,0.000294,0.000248,0.000251,0.000192,0.000130,0.000091,0.000081,0.000072,0.000072,0.000064,0.000054,0.000086,0.000166,0.000291,0.000398,0.000428,0.000346,0.000193,0.000052,0.000030,0.000087,0.000065,0.000041,0.000034,0.000026,0.000029,0.000020,0.000013,0.000020,0.000058,0.000069
380,,,,,,,,,,,,,,0.000010,0.000168,0.000140,0.000128,0.000116,0.000051,0.000079,0.000087,0.000094,0.000101,0.000095,0.000087,0.000074,0.000065,0.000111,0.000131,0.000129,0.000146,0.000161,0.000185,0.000194,0.000163,0.000118,0.000073,0.000021,0.000009,0.000030,0.000030,0.000022,0.000028,0.000033,0.000061,0.000090,0.000083,0.000260,0.000778,0.001027
381,,,,,,,,,,,,,,0.000003,0.000120,0.000110,0.000094,0.000072,0.000043,0.000044,0.000043,0.000031,0.000052,0.000057,0.000051,0.000041,0.000046,0.000070,0.000068,0.000062,0.000075,0.000085,0.000089,0.000093,0.000082,0.000058,0.000045,0.000027,0.000019,0.000081,0.000087,0.000087,0.000097,0.000091,0.000097,0.000117,0.000139,0.000131,0.000161,0.000181
382,,,,,,,,,,,,,,0.000012,0.000512,0.000497,0.000524,0.000448,0.000280,0.000246,0.000244,0.000234,0.000239,0.000210,0.000147,0.000126,0.000117,0.000183,0.000170,0.000155,0.000161,0.000150,0.000142,0.000123,0.000089,0.000044,0.000025,0.000009,0.000007,0.000037,0.000046,0.000067,0.000065,0.000056,0.000065,0.000056,0.000031,0.000044,0.000085,0.000112
383,,,,,,,,,,,,,,0.000010,0.000221,0.000222,0.000160,0.000129,0.000082,0.000105,0.000108,0.000117,0.000135,0.000128,0.000090,0.000093,0.000098,0.000149,0.000153,0.000139,0.000157,0.000163,0.000177,0.000191,0.000162,0.000117,0.000074,0.000019,0.000008,0.000033,0.000033,0.000031,0.000044,0.000061,0.000117,0.000149,0.000111,0.000172,0.000466,0.000655
384,,,,,,,,,,,,,,0.000003,0.000070,0.000066,0.000059,0.000052,0.000034,0.000029,0.000036,0.000038,0.000046,0.000047,0.000038,0.000040,0.000043,0.000035,0.000034,0.000032,0.000032,0.000035,0.000031,0.000029,0.000023,0.000030,0.000031,0.000039,0.000032,0.000137,0.000126,0.000125,0.000115,0.000096,0.000109,0.000090,0.000051,0.000084,0.000132,0.000160
385,,,,,,,,,,,,,,0.000005,0.000138,0.000136,0.000134,0.000116,0.000064,0.000085,0.000086,0.000086,0.000072,0.000072,0.000053,0.000046,0.000041,0.000059,0.000052,0.000046,0.000054,0.000070,0.000128,0.000236,0.000315,0.000244,0.000141,0.000031,0.000019,0.000056,0.000049,0.000024,0.000014,0.000027,0.000036,0.000045,0.000048,0.000072,0.000087,0.000118
386,,,,,,,,,,,,,,0.000019,0.000476,0.000444,0.000487,0.000399,0.000217,0.000206,0.000273,0.000227,0.000241,0.000217,0.000163,0.000150,0.000137,0.000189,0.000167,0.000141,0.000155,0.000146,0.000141,0.000111,0.000079,0.000052,0.000027,0.000009,0.000006,0.000038,0.000043,0.000055,0.000067,0.000063,0.000075,0.000073,0.000043,0.000063,0.000140,0.000173
387,,,,,,,,,,,,,,0.000012,0.000450,0.000440,0.000411,0.000380,0.000236,0.000296,0.000338,0.000350,0.000395,0.000374,0.000266,0.000263,0.000220,0.000346,0.000329,0.000291,0.000310,0.000299,0.000318,0.000300,0.000250,0.000160,0.000092,0.000020,0.000008,0.000050,0.000042,0.000032,0.000032,0.000029,0.000037,0.000033,0.000021,0.000029,0.000078,0.000143
388,,,,,,,,,,,,,,0.000006,0.000158,0.000143,0.000126,0.000107,0.000058,0.000069,0.000077,0.000079,0.000088,0.000077,0.000072,0.000054,0.000047,0.000067,0.000069,0.000070,0.000083,0.000091,0.000095,0.000093,0.000073,0.000044,0.000023,0.000007,0.000005,0.000032,0.000036,0.000039,0.000035,0.000041,0.000054,0.000053,0.000042,0.000076,0.000168,0.000203
389,,,,,,,,,,,,,,0.000003,0.000082,0.000077,0.000060,0.000049,0.000030,0.000033,0.000040,0.000035,0.000026,0.000030,0.000040,0.000040,0.000035,0.000047,0.000058,0.000054,0.000063,0.000059,0.000061,0.000067,0.000074,0.000076,0.000067,0.000053,0.000037,0.000212,0.000227,0.000255,0.000268,0.000251,0.000279,0.000269,0.000194,0.000183,0.000215,0.000255
390,,,,,,,,,,,,,,0.000012,0.000515,0.000454,0.000430,0.000343,0.000177,0.000247,0.000236,0.000252,0.000272,0.000268,0.000223,0.000212,0.000184,0.000296,0.000315,0.000262,0.000280,0.000267,0.000258,0.000219,0.000167,0.000110,0.000072,0.000027,0.000022,0.000192,0.000148,0.000083,0.000083,0.000067,0.000114,0.000101,0.000085,0.000113,0.000109,0.000157
391,,,,,,,,,,,,,,0.000003,0.000141,0.000213,0.000339,0.000405,0.000342,0.000242,0.000300,0.000294,0.000249,0.000218,0.000148,0.000120,0.000087,0.000135,0.000123,0.000112,0.000119,0.000117,0.000120,0.000120,0.000106,0.000075,0.000040,0.000011,0.000007,0.000044,0.000063,0.000063,0.000080,0.000090,0.000083,0.000073,0.000040,0.000029,0.000052,0.000071
392,,,,,,,,,,,,,,0.000002,0.000082,0.000092,0.000095,0.000084,0.000061,0.000087,0.000138,0.000167,0.000188,0.000196,0.000167,0.000164,0.000166,0.000275,0.000340,0.000393,0.000535,0.000579,0.000605,0.000528,0.000337,0.000173,0.000076,0.000020,0.000012,0.000038,0.000025,0.000032,0.000028,0.000024,0.000031,0.000025,0.000024,0.000042,0.000067,0.000059
393,,,,,,,,,,,,,,0.000017,0.000816,0.000824,0.000664,0.000505,0.000295,0.000261,0.000277,0.000243,0.000275,0.000231,0.000160,0.000144,0.000109,0.000155,0.000154,0.000138,0.000141,0.000138,0.000139,0.000119,0.000089,0.000044,0.000019,0.000008,0.000007,0.000031,0.000046,0.000069,0.000088,0.000099,0.000112,0.000112,0.000052,0.000094,0.000182,0.000216
394,,,,,,,,,,,,,,0.000009,0.000365,0.000339,0.000306,0.000271,0.000180,0.000154,0.000150,0.000160,0.000172,0.000141,0.000119,0.000100,0.000093,0.000096,0.000078,0.000062,0.000048,0.000024,0.000018,0.000013,0.000019,0.000021,0.000012,0.000011,0.000014,0.000067,0.000074,0.000081,0.000086,0.000081,0.000073,0.000056,0.000047,0.000081,0.000128,0.000158
395,,,,,,,,,,,,,,0.000003,0.000101,0.000081,0.000071,0.000073,0.000062,0.000057,0.000056,0.000057,0.000049,0.000063,0.000048,0.000050,0.000050,0.000046,0.000048,0.000044,0.000073,0.000108,0.000072,0.000090,0.000108,0.000103,0.000094,0.000053,0.000056,0.000146,0.000129,0.000147,0.000142,0.000131,0.000157,0.000169,0.000146,0.000211,0.000134,0.000151
396,,,,,,,,,,,,,,0.000002,0.000118,0.000091,0.000089,0.000075,0.000049,0.000052,0.000064,0.000067,0.000068,0.000057,0.000044,0.000035,0.000039,0.000063,0.000080,0.000084,0.000111,0.000148,0.000210,0.000302,0.000429,0.000324,0.000178,0.000045,0.000022,0.000080,0.000070,0.000075,0.000061,0.000052,0.000060,0.000050,0.000040,0.000061,0.000061,0.000073
397,,,,,,,,,,,,,,0.000004,0.000163,0.000140,0.000120,0.000122,0.000080,0.000064,0.000061,0.000068,0.000065,0.000055,0.000064,0.000200,0.000294,0.000107,0.000084,0.000094,0.000120,0.000148,0.000175,0.000168,0.000136,0.000065,0.000036,0.000022,0.000021,0.000113,0.000125,0.000190,0.000205,0.000190,0.000264,0.000243,0.000182,0.000248,0.000228,0.000224
398,,,,,,,,,,,,,,0.000014,0.000389,0.000382,0.000329,0.000285,0.000138,0.000153,0.000180,0.000183,0.000219,0.000205,0.000148,0.000143,0.000126,0.000192,0.000165,0.000134,0.000131,0.000114,0.000098,0.000086,0.000068,0.000038,0.000023,0.000018,0.000014,0.000042,0.000049,0.000061,0.000048,0.000047,0.000057,0.000042,0.000031,0.000035,0.000070,0.000116
399,,,,,,,,,,,,,,0.000010,0.000278,0.000237,0.000204,0.000170,0.000105,0.000107,0.000117,0.000117,0.000119,0.000114,0.000079,0.000075,0.000053,0.000083,0.000071,0.000054,0.000055,0.000049,0.000057,0.000063,0.000061,0.000051,0.000036,0.000021,0.000014,0.000049,0.000030,0.000040,0.000042,0.000053,0.000061,0.000070,0.000042,0.000058,0.000166,0.000225
400,,,,,,,,,,,,,,0.000012,0.000291,0.000271,0.000253,0.000220,0.000108,0.000131,0.000132,0.000139,0.000153,0.000147,0.000094,0.000100,0.000086,0.000124,0.000110,0.000092,0.000093,0.000083,0.000082,0.000097,0.000072,0.000049,0.000028,0.000009,0.000010,0.000072,0.000140,0.000338,0.000656,0.000782,0.000862,0.000631,0.000273,0.000372,0.000841,0.000930
401,,,,,,,,,,,,,,0.000003,0.000128,0.000155,0.000234,0.000273,0.000213,0.000309,0.000381,0.000451,0.000479,0.000435,0.000298,0.000386,0.000315,0.000276,0.000245,0.000179,0.000165,0.000162,0.000155,0.000149,0.000121,0.000068,0.000033,0.000009,0.000006,0.000032,0.000041,0.000050,0.000056,0.000054,0.000062,0.000046,0.000030,0.000034,0.000059,0.000059
402,,,,,,,,,,,,,,0.000016,0.000331,0.000304,0.000281,0.000243,0.000129,0.000175,0.000177,0.000175,0.000195,0.000175,0.000129,0.000107,0.000098,0.000136,0.000128,0.000105,0.000112,0.000111,0.000114,0.000110,0.000091,0.000053,0.000027,0.000007,0.000004,0.000027,0.000035,0.000022,0.000028,0.000035,0.000059,0.000072,0.000053,0.000142,0.000484,0.000770
403,,,,,,,,,,,,,,0.000006,0.000112,0.000089,0.000078,0.000054,0.000029,0.000041,0.000048,0.000029,0.000035,0.000031,0.000051,0.000075,0.000114,0.000309,0.000504,0.000759,0.001174,0.001600,0.002113,0.002298,0.002063,0.001497,0.000990,0.000369,0.000204,0.000575,0.000511,0.000497,0.000456,0.000347,0.000361,0.000269,0.000164,0.000201,0.000391,0.000444
404,,,,,,,,,,,,,,0.000010,0.000319,0.000315,0.000267,0.000219,0.000150,0.000153,0.000125,0.000128,0.000131,0.000122,0.000118,0.000090,0.000093,0.000094,0.000085,0.000066,0.000048,0.000036,0.000031,0.000039,0.000040,0.000021,0.000017,0.000012,0.000012,0.000040,0.000050,0.000051,0.000045,0.000041,0.000034,0.000032,0.000046,0.000068,0.000120,0.000155
405,,,,,,,,,,,,,,0.000008,0.000202,0.000180,0.000156,0.000124,0.000068,0.000072,0.000073,0.000071,0.000079,0.000094,0.000075,0.000124,0.000098,0.000096,0.000092,0.000075,0.000094,0.000100,0.000115,0.000127,0.000115,0.000069,0.000039,0.000010,0.000009,0.000161,0.000288,0.000431,0.000525,0.000513,0.000545,0.000437,0.000184,0.000276,0.000554,0.000540
406,,,,,,,,,,,,,,0.000008,0.000205,0.000189,0.000189,0.000159,0.000090,0.000129,0.000156,0.000167,0.000196,0.000200,0.000167,0.000157,0.000144,0.000247,0.000260,0.000241,0.000286,0.000296,0.000313,0.000295,0.000222,0.000133,0.000070,0.000017,0.000011,0.000046,0.000050,0.000059,0.000059,0.000057,0.000074,0.000096,0.000097,0.000073,0.000191,0.000293
407,,,,,,,,,,,,,,0.000002,0.000082,0.000094,0.000111,0.000132,0.000126,0.000223,0.000380,0.000458,0.000638,0.000721,0.000559,0.000591,0.000514,0.000741,0.000672,0.000513,0.000485,0.000437,0.000394,0.000332,0.000247,0.000147,0.000073,0.000018,0.000009,0.000048,0.000056,0.000044,0.000042,0.000039,0.000045,0.000047,0.000026,0.000030,0.000075,0.000106
408,,,,,,,,,,,,,,0.000006,0.000225,0.000190,0.000192,0.000153,0.000089,0.000112,0.000119,0.000129,0.000128,0.000137,0.000104,0.000104,0.000095,0.000144,0.000149,0.000121,0.000118,0.000107,0.000104,0.000103,0.000083,0.000059,0.000046,0.000015,0.000007,0.000024,0.000036,0.000037,0.000044,0.000042,0.000052,0.000040,0.000018,0.000021,0.000049,0.000067
409,,,,,,,,,,,,,,0.000002,0.000076,0.000076,0.000065,0.000069,0.000040,0.000071,0.000047,0.000053,0.000065,0.000073,0.000047,0.000049,0.000049,0.000078,0.000087,0.000082,0.000096,0.000114,0.000133,0.000143,0.000130,0.000097,0.000066,0.000021,0.000015,0.000058,0.000057,0.000077,0.000065,0.000058,0.000074,0.000071,0.000046,0.000038,0.000065,0.000085
410,,,,,,,,,,,,,,0.000003,0.000108,0.000100,0.000097,0.000091,0.000157,0.000106,0.000119,0.000132,0.000124,0.000096,0.000066,0.000066,0.000066,0.000108,0.000113,0.000115,0.000136,0.000128,0.000140,0.000124,0.000103,0.000078,0.000063,0.000032,0.000021,0.000124,0.000172,0.000311,0.000286,0.000256,0.000203,0.000149,0.000072,0.000082,0.000149,0.000180
411,,,,,,,,,,,,,,0.000003,0.000084,0.000080,0.000077,0.000065,0.000032,0.000040,0.000046,0.000046,0.000044,0.000052,0.000042,0.000049,0.000054,0.000085,0.000089,0.000096,0.000092,0.000097,0.000117,0.000120,0.000102,0.000072,0.000045,0.000012,0.000007,0.000035,0.000035,0.000043,0.000038,0.000041,0.000060,0.000055,0.000041,0.000044,0.000080,0.000110
412,,,,,,,,,,,,,,0.000002,0.000099,0.000165,0.000304,0.000443,0.000421,0.000779,0.001191,0.001354,0.001747,0.001814,0.001366,0.001261,0.001008,0.001437,0.001274,0.000965,0.000935,0.000803,0.000727,0.000606,0.000449,0.000237,0.000110,0.000026,0.000016,0.000077,0.000066,0.000067,0.000079,0.000062,0.000072,0.000057,0.000034,0.000046,0.000106,0.000140
413,,,,,,,,,,,,,,0.000023,0.000777,0.000697,0.000608,0.000514,0.000286,0.000263,0.000290,0.000248,0.000247,0.000238,0.000165,0.000159,0.000120,0.000175,0.000170,0.000148,0.000149,0.000145,0.000158,0.000165,0.000164,0.000117,0.000077,0.000024,0.000012,0.000048,0.000071,0.000103,0.000079,0.000051,0.000050,0.000054,0.000045,0.000035,0.000015,0.000025
414,,,,,,,,,,,,,,0.000021,0.000450,0.000450,0.000565,0.000503,0.000326,0.000343,0.000303,0.000315,0.000293,0.000256,0.000242,0.000152,0.000126,0.000179,0.000162,0.000135,0.000140,0.000129,0.000128,0.000122,0.000078,0.000049,0.000031,0.000008,0.000007,0.000029,0.000027,0.000042,0.000049,0.000039,0.000049,0.000060,0.000058,0.000117,0.000403,0.000756
415,,,,,,,,,,,,,,0.000006,0.000396,0.000320,0.000324,0.000253,0.000136,0.000147,0.000165,0.000146,0.000160,0.000144,0.000126,0.000143,0.000187,0.000385,0.000530,0.000510,0.000578,0.000546,0.000523,0.000414,0.000281,0.000152,0.000058,0.000011,0.000009,0.000071,0.000070,0.000084,0.000079,0.000109,0.000188,0.000277,0.000316,0.000452,0.000352,0.000290
416,,,,,,,,,,,,,,0.000004,0.000061,0.000057,0.000064,0.000062,0.000045,0.000045,0.000043,0.000041,0.000046,0.000043,0.000044,0.000040,0.000033,0.000051,0.000053,0.000053,0.000060,0.000061,0.000065,0.000069,0.000059,0.000057,0.000035,0.000017,0.000008,0.000027,0.000044,0.000073,0.000108,0.000137,0.000179,0.000174,0.000098,0.000138,0.000303,0.000367
417,,,,,,,,,,,,,,0.000009,0.000247,0.000225,0.000218,0.000193,0.000111,0.000111,0.000123,0.000124,0.000119,0.000114,0.000080,0.000068,0.000053,0.000087,0.000090,0.000082,0.000086,0.000090,0.000096,0.000095,0.000068,0.000037,0.000022,0.000011,0.000009,0.000030,0.000033,0.000029,0.000034,0.000033,0.000044,0.000031,0.000022,0.000035,0.000079,0.000112
418,,,,,,,,,,,,,,0.000012,0.000399,0.000275,0.000254,0.000239,0.000133,0.000160,0.000160,0.000141,0.000143,0.000127,0.000090,0.000088,0.000089,0.000110,0.000109,0.000104,0.000116,0.000111,0.000092,0.000067,0.000047,0.000018,0.000007,0.000008,0.000012,0.000055,0.000067,0.000100,0.000099,0.000096,0.000111,0.000085,0.000039,0.000086,0.000155,0.000178
419,,,,,,,,,,,,,,0.000013,0.000436,0.000415,0.000353,0.000253,0.000142,0.000144,0.000141,0.000120,0.000119,0.000096,0.000073,0.000061,0.000058,0.000065,0.000063,0.000050,0.000048,0.000050,0.000057,0.000065,0.000059,0.000046,0.000025,0.000013,0.000010,0.000025,0.000027,0.000031,0.000033,0.000037,0.000035,0.000032,0.000028,0.000043,0.000062,0.000083
420,,,,,,,,,,,,,,0.000013,0.000327,0.000287,0.000311,0.000239,0.000143,0.000153,0.000163,0.000146,0.000154,0.000126,0.000094,0.000085,0.000075,0.000104,0.000096,0.000075,0.000069,0.000062,0.000058,0.000053,0.000045,0.000028,0.000021,0.000015,0.000012,0.000072,0.000105,0.000165,0.000212,0.000223,0.000235,0.000196,0.000130,0.000110,0.000097,0.000126
421,,,,,,,,,,,,,,0.000008,0.000175,0.000156,0.000145,0.000148,0.000072,0.000088,0.000091,0.000107,0.000110,0.000097,0.000077,0.000075,0.000064,0.000094,0.000092,0.000089,0.000100,0.000101,0.000110,0.000120,0.000093,0.000061,0.000038,0.000013,0.000008,0.000026,0.000035,0.000046,0.000078,0.000111,0.000191,0.000200,0.000138,0.000266,0.000579,0.000710
422,,,,,,,,,,,,,,0.000002,0.000104,0.000086,0.000083,0.000060,0.000040,0.000053,0.000058,0.000048,0.000052,0.000046,0.000037,0.000045,0.000055,0.000101,0.000146,0.000178,0.000238,0.000254,0.000260,0.000233,0.000170,0.000107,0.000056,0.000017,0.000021,0.000067,0.000068,0.000058,0.000047,0.000032,0.000039,0.000043,0.000039,0.000033,0.000064,0.000082
423,,,,,,,,,,,,,,0.000003,0.000090,0.000087,0.000071,0.000067,0.000046,0.000048,0.000054,0.000056,0.000054,0.000044,0.000072,0.000052,0.000068,0.000070,0.000078,0.000085,0.000096,0.000100,0.000114,0.000115,0.000096,0.000055,0.000028,0.000013,0.000009,0.000043,0.000068,0.000127,0.000132,0.000115,0.000119,0.000114,0.000058,0.000091,0.000188,0.000325
424,,,,,,,,,,,,,,0.000008,0.000203,0.000222,0.000258,0.000253,0.000195,0.000298,0.000396,0.000434,0.000495,0.000491,0.000323,0.000330,0.000239,0.000338,0.000293,0.000236,0.000226,0.000210,0.000198,0.000176,0.000116,0.000061,0.000029,0.000009,0.000010,0.000034,0.000045,0.000033,0.000042,0.000050,0.000078,0.000103,0.000082,0.000171,0.000462,0.000634
425,,,,,,,,,,,,,,0.000005,0.000184,0.000179,0.000162,0.000155,0.000081,0.000094,0.000103,0.000076,0.000087,0.000075,0.000052,0.000052,0.000056,0.000116,0.000145,0.000155,0.000208,0.000245,0.000328,0.000398,0.000398,0.000321,0.000218,0.000078,0.000053,0.000196,0.000167,0.000112,0.000084,0.000065,0.000066,0.000032,0.000013,-0.000011,0.000008,0.000034
426,,,,,,,,,,,,,,0.000004,0.000094,0.000088,0.000082,0.000078,0.000048,0.000049,0.000057,0.000047,0.000046,0.000034,0.000039,0.000038,0.000037,0.000060,0.000059,0.000064,0.000071,0.000081,0.000108,0.000140,0.000160,0.000126,0.000089,0.000029,0.000024,0.000237,0.000388,0.000487,0.000436,0.000322,0.000273,0.000182,0.000096,0.000129,0.000278,0.000305
427,,,,,,,,,,,,,,0.000004,0.000093,0.000071,0.000059,0.000052,0.000023,0.000041,0.000045,0.000066,0.000060,0.000059,0.000040,0.000048,0.000047,0.000069,0.000080,0.000071,0.000083,0.000084,0.000087,0.000082,0.000084,0.000073,0.000070,0.000040,0.000026,0.000096,0.000166,0.000273,0.000257,0.000172,0.000150,0.000130,0.000104,0.000113,0.000139,0.000197
428,,,,,,,,,,,,,,0.000007,0.000188,0.000174,0.000155,0.000133,0.000084,0.000119,0.000165,0.000215,0.000280,0.000431,0.000414,0.000357,0.000338,0.000496,0.000443,0.000341,0.000305,0.000260,0.000194,0.000150,0.000094,0.000050,0.000020,0.000003,0.000006,0.000039,0.000049,0.000062,0.000067,0.000081,0.000094,0.000093,0.000072,0.000129,0.000269,0.000323
429,,,,,,,,,,,,,,0.000008,0.000219,0.000197,0.000181,0.000161,0.000101,0.000100,0.000100,0.000096,0.000092,0.000079,0.000052,0.000053,0.000041,0.000056,0.000062,0.000053,0.000065,0.000075,0.000078,0.000078,0.000064,0.000038,0.000028,0.000026,0.000016,0.000073,0.000074,0.000075,0.000068,0.000059,0.000070,0.000066,0.000058,0.000095,0.000207,0.000278
430,,,,,,,,,,,,,,0.000005,0.000255,0.000211,0.000226,0.000174,0.000103,0.000115,0.000109,0.000118,0.000084,0.000094,0.000063,0.000064,0.000053,0.000069,0.000076,0.000065,0.000075,0.000080,0.000092,0.000099,0.000080,0.000049,0.000029,0.000011,0.000009,0.000032,0.000034,0.000044,0.000055,0.000050,0.000047,0.000043,0.000036,0.000040,0.000058,0.000070
431,,,,,,,,,,,,,,0.000003,0.000098,0.000115,0.000112,0.000117,0.000079,0.000103,0.000114,0.000110,0.000130,0.000133,0.000114,0.000098,0.000080,0.000124,0.000112,0.000082,0.000077,0.000068,0.000080,0.000084,0.000085,0.000063,0.000044,0.000025,0.000016,0.000058,0.000122,0.000113,0.000089,0.000066,0.000081,0.000076,0.000029,0.000049,0.000068,0.000062
432,,,,,,,,,,,,,,0.000010,0.000242,0.000241,0.000251,0.000252,0.000172,0.000237,0.000250,0.000327,0.000313,0.000232,0.000160,0.000126,0.000108,0.000143,0.000132,0.000100,0.000120,0.000105,0.000091,0.000078,0.000064,0.000038,0.000028,0.000008,0.000008,0.000073,0.000107,0.000163,0.000274,0.000295,0.000363,0.000350,0.000158,0.000280,0.000570,0.000604
433,,,,,,,,,,,,,,0.000005,0.000149,0.000127,0.000134,0.000111,0.000076,0.000068,0.000070,0.000096,0.000104,0.000098,0.000073,0.000062,0.000066,0.000075,0.000069,0.000056,0.000062,0.000072,0.000072,0.000068,0.000056,0.000031,0.000016,0.000009,0.000008,0.000050,0.000054,0.000087,0.000085,0.000094,0.000116,0.000139,0.000172,0.000221,0.000164,0.000161
434,,,,,,,,,,,,,,0.000005,0.000246,0.000237,0.000199,0.000153,0.000103,0.000105,0.000115,0.000116,0.000151,0.000128,0.000102,0.000103,0.000100,0.000151,0.000167,0.000176,0.000248,0.000336,0.000478,0.000619,0.000703,0.000661,0.000459,0.000171,0.000085,0.000271,0.000219,0.000199,0.000138,0.000104,0.000121,0.000101,0.000051,0.000036,0.000080,0.000096
435,,,,,,,,,,,,,,0.000004,0.000133,0.000135,0.000121,0.000095,0.000087,0.000070,0.000074,0.000073,0.000079,0.000057,0.000048,0.000047,0.000042,0.000043,0.000043,0.000051,0.000039,0.000043,0.000040,0.000046,0.000042,0.000049,0.000046,0.000031,0.000016,0.000087,0.000091,0.000096,0.000098,0.000130,0.000160,0.000209,0.000204,0.000122,0.000091,0.000102
436,,,,,,,,,,,,,,0.000002,0.000040,0.000046,0.000051,0.000056,0.000118,0.000085,0.000139,0.000319,0.000160,0.000140,0.000156,0.000114,0.000111,0.000106,0.000104,0.000094,0.000101,0.000111,0.000119,0.000124,0.000102,0.000074,0.000051,0.000019,0.000010,0.000046,0.000064,0.000090,0.000120,0.000136,0.000175,0.000162,0.000090,0.000104,0.000205,0.000212
437,,,,,,,,,,,,,,0.000003,0.000096,0.000098,0.000089,0.000085,0.000055,0.000063,0.000077,0.000078,0.000096,0.000096,0.000071,0.000077,0.000075,0.000104,0.000099,0.000085,0.000089,0.000087,0.000080,0.000079,0.000064,0.000040,0.000025,0.000012,0.000010,0.000075,0.000137,0.000091,0.000081,0.000057,0.000073,0.000055,0.000034,0.000046,0.000079,0.000105
438,,,,,,,,,,,,,,0.000006,0.000159,0.000153,0.000155,0.000141,0.000115,0.000097,0.000096,0.000100,0.000096,0.000092,0.000118,0.000072,0.000075,0.000086,0.000070,0.000058,0.000058,0.000053,0.000028,0.000020,0.000016,0.000013,0.000014,0.000018,0.000023,0.000113,0.000117,0.000141,0.000145,0.000134,0.000157,0.000133,0.000134,0.000210,0.000252,0.000267
439,,,,,,,,,,,,,,0.000004,0.000198,0.000209,0.000210,0.000194,0.000099,0.000131,0.000180,0.000235,0.000160,0.000177,0.000161,0.000130,0.000095,0.000174,0.000168,0.000243,0.000196,0.000212,0.000216,0.000187,0.000139,0.000086,0.000048,0.000019,0.000010,0.000054,0.000073,0.000065,0.000052,0.000047,0.000058,0.000053,0.000037,0.000041,0.000066,0.000081
440,,,,,,,,,,,,,,0.000003,0.000135,0.000149,0.000147,0.000123,0.000093,0.000082,0.000076,0.000075,0.000079,0.000072,0.000074,0.000061,0.000062,0.000099,0.000108,0.000105,0.000117,0.000127,0.000131,0.000119,0.000108,0.000074,0.000046,0.000012,0.000006,0.000045,0.000054,0.000053,0.000052,0.000045,0.000053,0.000046,0.000033,0.000029,0.000056,0.000087
441,,,,,,,,,,,,,,0.000017,0.000632,0.000664,0.000650,0.000484,0.000236,0.000266,0.000275,0.000273,0.000297,0.000298,0.000222,0.000222,0.000210,0.000369,0.000384,0.000360,0.000410,0.000411,0.000431,0.000398,0.000295,0.000154,0.000070,0.000012,0.000007,0.000090,0.000094,0.000119,0.000124,0.000128,0.000144,0.000127,0.000059,0.000122,0.000278,0.000376
442,,,,,,,,,,,,,,0.000003,0.000098,0.000093,0.000085,0.000078,0.000037,0.000059,0.000070,0.000094,0.000093,0.000102,0.000064,0.000060,0.000044,0.000077,0.000074,0.000071,0.000081,0.000093,0.000095,0.000103,0.000095,0.000078,0.000062,0.000037,0.000023,0.000109,0.000133,0.000197,0.000155,0.000180,0.000181,0.000129,0.000055,0.000095,0.000177,0.000197
443,,,,,,,,,,,,,,0.000003,0.000110,0.000088,0.000085,0.000067,0.000049,0.000070,0.000071,0.000087,0.000102,0.000119,0.000084,0.000085,0.000080,0.000109,0.000102,0.000084,0.000078,0.000079,0.000076,0.000080,0.000067,0.000048,0.000039,0.000011,0.000011,0.000066,0.000075,0.000089,0.000077,0.000066,0.000093,0.000077,0.000042,0.000080,0.000152,0.000179
444,,,,,,,,,,,,,,0.000007,0.000187,0.000172,0.000172,0.000148,0.000235,0.000124,0.000110,0.000120,0.000115,0.000104,0.000100,0.000095,0.000103,0.000100,0.000082,0.000071,0.000072,0.000068,0.000063,0.000058,0.000044,0.000030,0.000012,0.000020,0.000031,0.000137,0.000155,0.000152,0.000142,0.000141,0.000134,0.000106,0.000090,0.000255,0.000414,0.000387
445,,,,,,,,,,,,,,0.000005,0.000248,0.000206,0.000184,0.000177,0.000101,0.000124,0.000136,0.000127,0.000135,0.000136,0.000094,0.000098,0.000086,0.000129,0.000122,0.000129,0.000154,0.000157,0.000171,0.000157,0.000142,0.000079,0.000043,0.000011,0.000007,0.000035,0.000043,0.000054,0.000048,0.000045,0.000059,0.000049,0.000026,0.000034,0.000089,0.000118
446,,,,,,,,,,,,,,0.000003,0.000116,0.000111,0.000079,0.000070,0.000034,0.000043,0.000059,0.000096,0.000130,0.000159,0.000114,0.000152,0.000155,0.000287,0.000323,0.000291,0.000336,0.000352,0.000381,0.000401,0.000316,0.000201,0.000112,0.000033,0.000019,0.000079,0.000093,0.000087,0.000085,0.000085,0.000105,0.000104,0.000054,0.000053,0.000114,0.000137
447,,,,,,,,,,,,,,0.000004,0.000149,0.000147,0.000144,0.000129,0.000074,0.000091,0.000088,0.000085,0.000089,0.000081,0.000065,0.000064,0.000062,0.000077,0.000075,0.000063,0.000060,0.000066,0.000069,0.000072,0.000059,0.000046,0.000027,0.000010,0.000006,0.000052,0.000065,0.000160,0.000163,0.000125,0.000131,0.000171,0.000194,0.000141,0.000180,0.000206
448,,,,,,,,,,,,,,0.000003,0.000126,0.000130,0.000124,0.000110,0.000063,0.000085,0.000178,0.000325,0.000379,0.000454,0.000479,0.000419,0.000459,0.000822,0.000838,0.000748,0.000831,0.000740,0.000700,0.000624,0.000462,0.000279,0.000147,0.000036,0.000017,0.000064,0.000054,0.000051,0.000052,0.000046,0.000059,0.000059,0.000034,0.000030,0.000066,0.000077
449,,,,,,,,,,,,,,0.000004,0.000122,0.000101,0.000105,0.000102,0.000089,0.000056,0.000062,0.000060,0.000066,0.000061,0.000047,0.000042,0.000066,0.000041,0.000025,0.000025,0.000070,0.000159,0.000192,0.000189,0.000133,0.000078,0.000043,0.000024,0.000038,0.000293,0.000342,0.000378,0.000360,0.000300,0.000259,0.000198,0.000129,0.000161,0.000268,0.000341
450,,,,,,,,,,,,,,0.000011,0.000414,0.000440,0.000451,0.000457,0.000293,0.000403,0.000536,0.000559,0.000680,0.000702,0.000526,0.000526,0.000435,0.000691,0.000644,0.000538,0.000556,0.000514,0.000501,0.000463,0.000386,0.000244,0.000126,0.000025,0.000006,0.000079,0.000083,0.000125,0.000171,0.000173,0.000219,0.000207,0.000091,0.000095,0.000189,0.000233
451,,,,,,,,,,,,,,0.000003,0.000162,0.000142,0.000117,0.000115,0.000061,0.000068,0.000070,0.000070,0.000064,0.000072,0.000078,0.000082,0.000085,0.000121,0.000158,0.000129,0.000130,0.000112,0.000115,0.000128,0.000124,0.000064,0.000036,0.000015,0.000015,0.000081,0.000097,0.000090,0.000081,0.000067,0.000076,0.000058,0.000039,0.000027,0.000043,0.000058
452,,,,,,,,,,,,,,0.000010,0.000262,0.000217,0.000202,0.000164,0.000104,0.000115,0.000118,0.000117,0.000132,0.000097,0.000085,0.000069,0.000076,0.000134,0.000085,0.000059,0.000054,0.000041,0.000035,0.000025,0.000010,0.000009,0.000009,0.000019,0.000015,0.000101,0.000159,0.000277,0.000298,0.000271,0.000280,0.000242,0.000254,0.000311,0.000402,0.000410
453,,,,,,,,,,,,,,0.000002,0.000085,0.000080,0.000064,0.000040,0.000028,0.000039,0.000050,0.000067,0.000099,0.000113,0.000115,0.000143,0.000170,0.000312,0.000382,0.000424,0.000516,0.000521,0.000500,0.000415,0.000276,0.000170,0.000091,0.000027,0.000014,0.000034,0.000044,0.000044,0.000045,0.000050,0.000056,0.000055,0.000039,0.000047,0.000058,0.000097
454,,,,,,,,,,,,,,0.000008,0.000277,0.000270,0.000225,0.000197,0.000105,0.000112,0.000133,0.000125,0.000116,0.000110,0.000084,0.000079,0.000059,0.000088,0.000083,0.000079,0.000109,0.000170,0.000285,0.000438,0.000546,0.000397,0.000249,0.000061,0.000028,0.000126,0.000100,0.000103,0.000089,0.000078,0.000095,0.000103,0.000067,0.000055,0.000038,0.000037
455,,,,,,,,,,,,,,0.000011,0.000470,0.000335,0.000263,0.000234,0.000127,0.000114,0.000123,0.000125,0.000119,0.000092,0.000079,0.000079,0.000069,0.000093,0.000092,0.000077,0.000084,0.000083,0.000081,0.000071,0.000065,0.000041,0.000031,0.000011,0.000008,0.000031,0.000040,0.000041,0.000039,0.000043,0.000070,0.000080,0.000063,0.000098,0.000174,0.000198
456,,,,,,,,,,,,,,0.000003,0.000092,0.000100,0.000083,0.000070,0.000046,0.000057,0.000063,0.000053,0.000071,0.000072,0.000056,0.000053,0.000054,0.000083,0.000091,0.000069,0.000072,0.000064,0.000051,0.000063,0.000072,0.000050,0.000049,0.000049,0.000032,0.000146,0.000117,0.000132,0.000112,0.000099,0.000105,0.000114,0.000155,0.000167,0.000147,0.000157
457,,,,,,,,,,,,,,0.000006,0.000185,0.000167,0.000147,0.000147,0.000081,0.000086,0.000085,0.000086,0.000087,0.000085,0.000079,0.000097,0.000084,0.000073,0.000060,0.000050,0.000046,0.000035,0.000027,0.000029,0.000015,0.000015,0.000012,0.000015,0.000017,0.000064,0.000082,0.000103,0.000112,0.000106,0.000115,0.000113,0.000085,0.000147,0.000280,0.000341
458,,,,,,,,,,,,,,0.000007,0.000151,0.000114,0.000095,0.000077,0.000037,0.000052,0.000070,0.000078,0.000098,0.000095,0.000074,0.000075,0.000080,0.000120,0.000128,0.000119,0.000117,0.000112,0.000103,0.000100,0.000093,0.000099,0.000095,0.000059,0.000039,0.000192,0.000212,0.000264,0.000257,0.000217,0.000219,0.000183,0.000106,0.000201,0.000513,0.000776
459,,,,,,,,,,,,,,0.000003,0.000103,0.000106,0.000103,0.000102,0.000080,0.000163,0.000156,0.000150,0.000165,0.000182,0.000132,0.000084,0.000074,0.000118,0.000114,0.000115,0.000103,0.000089,0.000085,0.000078,0.000064,0.000042,0.000025,0.000009,0.000007,0.000025,0.000018,0.000023,0.000032,0.000034,0.000049,0.000049,0.000032,0.000026,0.000070,0.000099
460,,,,,,,,,,,,,,0.000003,0.000103,0.000148,0.000123,0.000110,0.000086,0.000139,0.000258,0.000360,0.000401,0.000429,0.000368,0.000385,0.000418,0.000746,0.000785,0.000737,0.000766,0.000696,0.000653,0.000524,0.000358,0.000202,0.000086,0.000017,0.000008,0.000032,0.000032,0.000039,0.000045,0.000042,0.000050,0.000042,0.000019,0.000036,0.000091,0.000114
461,,,,,,,,,,,,,,0.000007,0.000183,0.000192,0.000175,0.000166,0.000088,0.000107,0.000131,0.000140,0.000158,0.000148,0.000117,0.000115,0.000103,0.000169,0.000162,0.000135,0.000147,0.000166,0.000164,0.000174,0.000143,0.000085,0.000050,0.000015,0.000013,0.000225,0.000262,0.000328,0.000315,0.000273,0.000297,0.000239,0.000115,0.000189,0.000438,0.000518
462,,,,,,,,,,,,,,0.000005,0.000221,0.000216,0.000231,0.000225,0.000166,0.000179,0.000223,0.000221,0.000234,0.000225,0.000162,0.000151,0.000120,0.000173,0.000151,0.000122,0.000118,0.000105,0.000106,0.000093,0.000073,0.000037,0.000016,0.000012,0.000014,0.000068,0.000067,0.000073,0.000077,0.000076,0.000077,0.000057,0.000040,0.000072,0.000111,0.000147
463,,,,,,,,,,,,,,0.000002,0.000070,0.000072,0.000056,0.000051,0.000031,0.000034,0.000042,0.000038,0.000040,0.000042,0.000028,0.000024,0.000024,0.000032,0.000029,0.000023,0.000014,0.000013,0.000018,0.000028,0.000035,0.000037,0.000037,0.000025,0.000023,0.000114,0.000110,0.000118,0.000093,0.000066,0.000062,0.000042,0.000024,0.000041,0.000077,0.000090
464,,,,,,,,,,,,,,0.000020,0.000615,0.000540,0.000549,0.000440,0.000254,0.000318,0.000379,0.000386,0.000377,0.000335,0.000218,0.000201,0.000161,0.000202,0.000169,0.000131,0.000126,0.000116,0.000101,0.000088,0.000057,0.000020,0.000007,0.000006,0.000012,0.000080,0.000083,0.000095,0.000096,0.000096,0.000103,0.000084,0.000051,0.000101,0.000211,0.000279
465,,,,,,,,,,,,,,0.000009,0.000304,0.000296,0.000269,0.000236,0.000131,0.000163,0.000192,0.000198,0.000232,0.000254,0.000168,0.000161,0.000123,0.000187,0.000178,0.000137,0.000142,0.000137,0.000143,0.000150,0.000157,0.000126,0.000093,0.000030,0.000010,0.000069,0.000064,0.000072,0.000090,0.000085,0.000111,0.000121,0.000073,0.000094,0.000220,0.000287
466,,,,,,,,,,,,,,0.000007,0.000174,0.000188,0.000207,0.000213,0.000130,0.000163,0.000187,0.000195,0.000230,0.000210,0.000161,0.000146,0.000123,0.000194,0.000194,0.000178,0.000185,0.000187,0.000196,0.000186,0.000132,0.000063,0.000027,0.000006,0.000005,0.000052,0.000073,0.000082,0.000080,0.000079,0.000078,0.000067,0.000039,0.000067,0.000169,0.000227
467,,,,,,,,,,,,,,0.000003,0.000069,0.000071,0.000076,0.000073,0.000047,0.000054,0.000056,0.000056,0.000063,0.000062,0.000045,0.000047,0.000044,0.000055,0.000054,0.000051,0.000072,0.000087,0.000094,0.000093,0.000076,0.000048,0.000025,0.000011,0.000007,0.000068,0.000092,0.000130,0.000149,0.000136,0.000157,0.000142,0.000071,0.000075,0.000151,0.000179
468,,,,,,,,,,,,,,0.000026,0.000913,0.000863,0.000811,0.000681,0.000342,0.000338,0.000345,0.000291,0.000333,0.000286,0.000192,0.000174,0.000145,0.000203,0.000179,0.000144,0.000141,0.000130,0.000123,0.000107,0.000070,0.000039,0.000022,0.000007,0.000008,0.000052,0.000057,0.000069,0.000084,0.000082,0.000085,0.000071,0.000036,0.000069,0.000201,0.000298
469,,,,,,,,,,,,,,0.000014,0.000382,0.000364,0.000327,0.000271,0.000134,0.000146,0.000175,0.000143,0.000148,0.000131,0.000084,0.000083,0.000075,0.000098,0.000097,0.000097,0.000112,0.000116,0.000118,0.000125,0.000122,0.000066,0.000038,0.000013,0.000005,0.000054,0.000061,0.000080,0.000098,0.000080,0.000092,0.000072,0.000047,0.000073,0.000172,0.000214
470,,,,,,,,,,,,,,0.000005,0.000143,0.000128,0.000161,0.000158,0.000100,0.000097,0.000101,0.000108,0.000120,0.000113,0.000076,0.000126,0.000127,0.000082,0.000065,0.000055,0.000054,0.000051,0.000050,0.000055,0.000039,0.000031,0.000020,0.000007,0.000005,0.000069,0.000121,0.000194,0.000296,0.000359,0.000363,0.000290,0.000145,0.000191,0.000387,0.000435
471,,,,,,,,,,,,,,0.000003,0.000121,0.000116,0.000109,0.000107,0.000089,0.000097,0.000136,0.000157,0.000158,0.000136,0.000107,0.000099,0.000092,0.000157,0.000175,0.000216,0.000260,0.000283,0.000291,0.000254,0.000196,0.000096,0.000042,0.000009,0.000007,0.000048,0.000041,0.000054,0.000057,0.000061,0.000063,0.000051,0.000031,0.000067,0.000126,0.000167
472,,,,,,,,,,,,,,0.000002,0.000056,0.000064,0.000060,0.000090,0.000110,0.000122,0.000136,0.000152,0.000185,0.000129,0.000095,0.000119,0.000104,0.000102,0.000096,0.000091,0.000100,0.000104,0.000125,0.000138,0.000121,0.000110,0.000089,0.000047,0.000016,0.000087,0.000127,0.000161,0.000194,0.000197,0.000225,0.000234,0.000148,0.000125,0.000203,0.000209
473,,,,,,,,,,,,,,0.000009,0.000410,0.000477,0.000698,0.000626,0.000456,0.000381,0.000409,0.000376,0.000363,0.000296,0.000217,0.000188,0.000147,0.000212,0.000184,0.000146,0.000150,0.000136,0.000129,0.000107,0.000076,0.000038,0.000012,0.000003,0.000007,0.000045,0.000049,0.000062,0.000069,0.000069,0.000079,0.000061,0.000051,0.000079,0.000151,0.000189
474,,,,,,,,,,,,,,0.000006,0.000151,0.000139,0.000124,0.000114,0.000048,0.000068,0.000106,0.000176,0.000190,0.000210,0.000153,0.000154,0.000154,0.000253,0.000256,0.000357,0.000305,0.000337,0.000387,0.000365,0.000288,0.000175,0.000092,0.000021,0.000011,0.000059,0.000070,0.000108,0.000132,0.000114,0.000126,0.000111,0.000056,0.000077,0.000246,0.000370
475,,,,,,,,,,,,,,0.000012,0.000675,0.000711,0.000521,0.000419,0.000229,0.000225,0.000241,0.000202,0.000250,0.000231,0.000162,0.000143,0.000112,0.000169,0.000162,0.000138,0.000148,0.000145,0.000142,0.000134,0.000105,0.000085,0.000057,0.000022,0.000015,0.000051,0.000050,0.000046,0.000035,0.000028,0.000035,0.000031,0.000031,0.000042,0.000042,0.000053
476,,,,,,,,,,,,,,0.000017,0.000556,0.000588,0.000614,0.000594,0.000315,0.000393,0.000427,0.000406,0.000406,0.000361,0.000219,0.000204,0.000154,0.000198,0.000167,0.000142,0.000126,0.000110,0.000100,0.000087,0.000056,0.000039,0.000029,0.000014,0.000026,0.000098,0.000089,0.000092,0.000089,0.000091,0.000092,0.000074,0.000051,0.000103,0.000215,0.000302
477,,,,,,,,,,,,,,0.000015,0.000635,0.000593,0.000510,0.000418,0.000204,0.000231,0.000226,0.000222,0.000249,0.000288,0.000258,0.000181,0.000164,0.000196,0.000172,0.000131,0.000100,0.000082,0.000067,0.000060,0.000041,0.000021,0.000015,0.000007,0.000010,0.000052,0.000069,0.000110,0.000163,0.000168,0.000185,0.000157,0.000075,0.000112,0.000206,0.000256
478,,,,,,,,,,,,,,0.000003,0.000118,0.000112,0.000131,0.000109,0.000079,0.000082,0.000086,0.000075,0.000096,0.000070,0.000067,0.000061,0.000059,0.000074,0.000067,0.000046,0.000042,0.000048,0.000056,0.000070,0.000073,0.000062,0.000043,0.000021,0.000015,0.000058,0.000060,0.000076,0.000074,0.000068,0.000083,0.000075,0.000054,0.000070,0.000107,0.000126
479,,,,,,,,,,,,,,0.000002,0.000115,0.000083,0.000083,0.000080,0.000057,0.000078,0.000112,0.000123,0.000114,0.000108,0.000084,0.000062,0.000061,0.000084,0.000103,0.000164,0.000111,0.000096,0.000053,0.000046,0.000037,0.000026,0.000026,0.000016,0.000014,0.000066,0.000116,0.000156,0.000143,0.000126,0.000131,0.000150,0.000103,0.000115,0.000131,0.000150
480,,,,,,,,,,,,,,0.000005,0.000082,0.000066,0.000101,0.000094,0.000043,0.000054,0.000057,0.000066,0.000062,0.000047,0.000031,0.000033,0.000031,0.000048,0.000063,0.000069,0.000087,0.000099,0.000122,0.000128,0.000128,0.000105,0.000052,0.000018,0.000022,0.000312,0.000429,0.000526,0.000571,0.000505,0.000460,0.000324,0.000138,0.000205,0.000369,0.000429
481,,,,,,,,,,,,,,0.000005,0.000164,0.000162,0.000228,0.000198,0.000110,0.000097,0.000088,0.000076,0.000077,0.000066,0.000049,0.000047,0.000046,0.000056,0.000059,0.000055,0.000057,0.000068,0.000086,0.000089,0.000106,0.000082,0.000063,0.000049,0.000020,0.000082,0.000083,0.000098,0.000086,0.000085,0.000098,0.000079,0.000063,0.000204,0.000214,0.000205
482,,,,,,,,,,,,,,0.000005,0.000186,0.000173,0.000202,0.000221,0.000149,0.000269,0.000343,0.000352,0.000388,0.000321,0.000207,0.000250,0.000188,0.000243,0.000242,0.000198,0.000212,0.000216,0.000229,0.000221,0.000191,0.000117,0.000074,0.000022,0.000011,0.000093,0.000158,0.000178,0.000191,0.000174,0.000192,0.000264,0.000218,0.000194,0.000137,0.000160
483,,,,,,,,,,,,,,0.000002,0.000052,0.000052,0.000044,0.000041,0.000029,0.000039,0.000053,0.000064,0.000078,0.000082,0.000070,0.000072,0.000066,0.000090,0.000082,0.000066,0.000068,0.000074,0.000089,0.000115,0.000132,0.000116,0.000083,0.000024,0.000017,0.000054,0.000061,0.000066,0.000082,0.000086,0.000101,0.000084,0.000115,0.000114,0.000082,0.000087
484,,,,,,,,,,,,,,0.000011,0.000367,0.000358,0.000343,0.000297,0.000174,0.000187,0.000203,0.000209,0.000211,0.000186,0.000135,0.000129,0.000118,0.000156,0.000145,0.000124,0.000115,0.000117,0.000118,0.000113,0.000082,0.000045,0.000016,0.000009,0.000018,0.000185,0.000206,0.000236,0.000233,0.000221,0.000217,0.000163,0.000072,0.000137,0.000319,0.000398
485,,,,,,,,,,,,,,0.000004,0.000231,0.000184,0.000151,0.000109,0.000058,0.000074,0.000067,0.000073,0.000071,0.000064,0.000052,0.000068,0.000085,0.000058,0.000062,0.000057,0.000056,0.000050,0.000056,0.000057,0.000059,0.000046,0.000033,0.000014,0.000014,0.000110,0.000119,0.000125,0.000109,0.000108,0.000088,0.000074,0.000035,0.000041,0.000071,0.000081
486,,,,,,,,,,,,,,0.000013,0.000404,0.000338,0.000287,0.000232,0.000138,0.000111,0.000110,0.000092,0.000091,0.000081,0.000062,0.000050,0.000042,0.000042,0.000046,0.000038,0.000047,0.000059,0.000090,0.000120,0.000150,0.000171,0.000127,0.000049,0.000036,0.000103,0.000090,0.000090,0.000080,0.000071,0.000080,0.000081,0.000081,0.000091,0.000083,0.000068
487,,,,,,,,,,,,,,0.000003,0.000127,0.000111,0.000081,0.000067,0.000041,0.000053,0.000062,0.000064,0.000088,0.000088,0.000068,0.000090,0.000102,0.000183,0.000217,0.000237,0.000289,0.000331,0.000389,0.000403,0.000321,0.000200,0.000110,0.000024,0.000011,0.000079,0.000119,0.000176,0.000179,0.000168,0.000174,0.000149,0.000095,0.000107,0.000165,0.000193
488,,,,,,,,,,,,,,0.000005,0.000242,0.000243,0.000210,0.000218,0.000128,0.000099,0.000105,0.000103,0.000113,0.000089,0.000062,0.000062,0.000056,0.000062,0.000054,0.000043,0.000046,0.000040,0.000043,0.000038,0.000038,0.000029,0.000018,0.000010,0.000010,0.000056,0.000072,0.000067,0.000057,0.000058,0.000062,0.000074,0.000126,0.000169,0.000171,0.000195
489,,,,,,,,,,,,,,0.000017,0.000510,0.000557,0.000582,0.000570,0.000353,0.000551,0.000687,0.000740,0.000921,0.000923,0.000722,0.000744,0.000637,0.001055,0.001043,0.000924,0.000971,0.000945,0.000956,0.000915,0.000754,0.000522,0.000291,0.000064,0.000018,0.000100,0.000113,0.000125,0.000178,0.000209,0.000295,0.000293,0.000148,0.000172,0.000480,0.000589
490,,,,,,,,,,,,,,0.000006,0.000198,0.000198,0.000180,0.000161,0.000094,0.000109,0.000106,0.000104,0.000114,0.000112,0.000081,0.000075,0.000063,0.000075,0.000064,0.000051,0.000058,0.000057,0.000061,0.000077,0.000064,0.000031,0.000013,0.000012,0.000011,0.000054,0.000060,0.000068,0.000071,0.000057,0.000064,0.000055,0.000039,0.000063,0.000120,0.000161
491,,,,,,,,,,,,,,0.000014,0.000496,0.000444,0.000426,0.000348,0.000191,0.000194,0.000201,0.000183,0.000214,0.000186,0.000140,0.000148,0.000131,0.000223,0.000235,0.000222,0.000268,0.000290,0.000343,0.000339,0.000274,0.000172,0.000089,0.000018,0.000007,0.000047,0.000058,0.000059,0.000057,0.000046,0.000059,0.000053,0.000027,0.000021,0.000087,0.000122
492,,,,,,,,,,,,,,0.000013,0.000357,0.000339,0.000325,0.000291,0.000142,0.000162,0.000168,0.000135,0.000148,0.000105,0.000077,0.000076,0.000065,0.000078,0.000064,0.000062,0.000054,0.000038,0.000033,0.000021,0.000018,0.000017,0.000029,0.000026,0.000023,0.000105,0.000102,0.000120,0.000096,0.000070,0.000084,0.000130,0.000158,0.000193,0.000179,0.000223
493,,,,,,,,,,,,,,0.000006,0.000106,0.000087,0.000075,0.000054,0.000029,0.000029,0.000030,0.000029,0.000034,0.000039,0.000035,0.000043,0.000046,0.000076,0.000075,0.000061,0.000077,0.000082,0.000094,0.000101,0.000096,0.000074,0.000045,0.000011,0.000007,0.000082,0.000143,0.000242,0.000310,0.000348,0.000364,0.000321,0.000148,0.000183,0.000369,0.000400
494,,,,,,,,,,,,,,0.000004,0.000129,0.000124,0.000116,0.000106,0.000061,0.000074,0.000087,0.000089,0.000105,0.000097,0.000072,0.000069,0.000065,0.000112,0.000111,0.000097,0.000114,0.000115,0.000126,0.000119,0.000090,0.000051,0.000023,0.000009,0.000020,0.000090,0.000083,0.000101,0.000113,0.000102,0.000107,0.000087,0.000040,0.000069,0.000162,0.000200
495,,,,,,,,,,,,,,0.000005,0.000203,0.000198,0.000179,0.000157,0.000094,0.000110,0.000120,0.000129,0.000137,0.000131,0.000107,0.000086,0.000086,0.000112,0.000087,0.000074,0.000079,0.000076,0.000078,0.000067,0.000049,0.000015,0.000004,0.000011,0.000016,0.000118,0.000173,0.000231,0.000222,0.000216,0.000196,0.000155,0.000110,0.000132,0.000277,0.000329
496,,,,,,,,,,,,,,0.000002,0.000116,0.000170,0.000273,0.000383,0.000379,0.000543,0.000689,0.000656,0.000714,0.000557,0.000378,0.000308,0.000224,0.000267,0.000208,0.000156,0.000147,0.000132,0.000129,0.000108,0.000076,0.000037,0.000017,0.000006,0.000005,0.000047,0.000047,0.000063,0.000051,0.000048,0.000051,0.000046,0.000029,0.000048,0.000088,0.000101
497,,,,,,,,,,,,,,0.000002,0.000055,0.000048,0.000039,0.000041,0.000060,0.000056,0.000088,0.000125,0.000119,0.000111,0.000129,0.000105,0.000111,0.000163,0.000181,0.000179,0.000214,0.000226,0.000229,0.000222,0.000196,0.000154,0.000109,0.000040,0.000026,0.000083,0.000091,0.000079,0.000070,0.000068,0.000073,0.000083,0.000127,0.000077,0.000084,0.000110
498,,,,,,,,,,,,,,0.000004,0.000104,0.000087,0.000098,0.000091,0.000087,0.000132,0.000124,0.000148,0.000160,0.000191,0.000129,0.000145,0.000134,0.000225,0.000208,0.000215,0.000245,0.000223,0.000237,0.000217,0.000172,0.000123,0.000080,0.000022,0.000016,0.000085,0.000091,0.000139,0.000185,0.000270,0.000319,0.000253,0.000103,0.000138,0.000266,0.000288
499,,,,,,,,,,,,,,0.000005,0.000163,0.000179,0.000178,0.000174,0.000118,0.000110,0.000117,0.000127,0.000117,0.000108,0.000081,0.000081,0.000067,0.000086,0.000078,0.000066,0.000075,0.000078,0.000075,0.000062,0.000043,0.000020,0.000011,0.000033,0.000032,0.000123,0.000140,0.000144,0.000156,0.000151,0.000145,0.000114,0.000083,0.000150,0.000234,0.000285
500,,,,,,,,,,,,,,0.000002,0.000075,0.000084,0.000087,0.000079,0.000062,0.000061,0.000067,0.000068,0.000064,0.000061,0.000049,0.000047,0.000045,0.000054,0.000054,0.000046,0.000047,0.000047,0.000041,0.000034,0.000032,0.000022,0.000022,0.000014,0.000019,0.000083,0.000092,0.000069,0.000049,0.000044,0.000056,0.000039,0.000028,0.000031,0.000062,0.000063
501,,,,,,,,,,,,,,0.000003,0.000121,0.000129,0.000119,0.000090,0.000059,0.000059,0.000055,0.000068,0.000066,0.000063,0.000057,0.000046,0.000038,0.000057,0.000068,0.000067,0.000088,0.000094,0.000103,0.000114,0.000102,0.000080,0.000060,0.000026,0.000020,0.000059,0.000054,0.000053,0.000047,0.000036,0.000052,0.000059,0.000054,0.000055,0.000078,0.000096
502,,,,,,,,,,,,,,0.000003,0.000102,0.000112,0.000143,0.000127,0.000089,0.000117,0.000081,0.000092,0.000083,0.000075,0.000054,0.000049,0.000049,0.000063,0.000057,0.000053,0.000050,0.000056,0.000063,0.000078,0.000082,0.000068,0.000046,0.000017,0.000010,0.000040,0.000040,0.000039,0.000031,0.000036,0.000040,0.000029,0.000016,0.000026,0.000038,0.000049
503,,,,,,,,,,,,,,0.000019,0.000598,0.000481,0.000492,0.000423,0.000204,0.000245,0.000259,0.000252,0.000265,0.000261,0.000167,0.000161,0.000135,0.000155,0.000151,0.000140,0.000177,0.000185,0.000202,0.000218,0.000220,0.000139,0.000087,0.000022,0.000015,0.000086,0.000109,0.000107,0.000110,0.000104,0.000130,0.000072,0.000041,0.000048,0.000123,0.000222
504,,,,,,,,,,,,,,0.000009,0.000337,0.000298,0.000261,0.000208,0.000104,0.000093,0.000092,0.000069,0.000063,0.000059,0.000047,0.000043,0.000040,0.000039,0.000036,0.000020,0.000021,0.000023,0.000026,0.000033,0.000039,0.000028,0.000020,0.000012,0.000018,0.000113,0.000128,0.000161,0.000158,0.000167,0.000225,0.000238,0.000182,0.000366,0.000595,0.000650
505,,,,,,,,,,,,,,0.000006,0.000162,0.000137,0.000156,0.000150,0.000088,0.000095,0.000109,0.000125,0.000107,0.000089,0.000058,0.000049,0.000048,0.000060,0.000057,0.000049,0.000055,0.000064,0.000068,0.000068,0.000059,0.000040,0.000019,0.000009,0.000010,0.000101,0.000185,0.000265,0.000291,0.000285,0.000318,0.000275,0.000133,0.000188,0.000381,0.000462
506,,,,,,,,,,,,,,0.000003,0.000083,0.000094,0.000116,0.000111,0.000073,0.000087,0.000099,0.000094,0.000101,0.000098,0.000068,0.000055,0.000047,0.000064,0.000055,0.000049,0.000064,0.000083,0.000118,0.000131,0.000114,0.000087,0.000061,0.000017,0.000010,0.000049,0.000053,0.000053,0.000052,0.000036,0.000047,0.000059,0.000070,0.000144,0.000125,0.000150
507,,,,,,,,,,,,,,0.000009,0.000362,0.000349,0.000341,0.000250,0.000131,0.000147,0.000155,0.000136,0.000127,0.000133,0.000111,0.000093,0.000085,0.000125,0.000134,0.000107,0.000099,0.000086,0.000091,0.000085,0.000070,0.000053,0.000033,0.000012,0.000009,0.000037,0.000043,0.000037,0.000042,0.000049,0.000045,0.000046,0.000031,0.000044,0.000065,0.000072
508,,,,,,,,,,,,,,0.000004,0.000105,0.000096,0.000087,0.000091,0.000046,0.000057,0.000061,0.000055,0.000059,0.000042,0.000027,0.000032,0.000025,0.000032,0.000023,0.000017,0.000021,0.000024,0.000031,0.000036,0.000053,0.000139,0.000270,0.000163,0.000115,0.000308,0.000297,0.000267,0.000217,0.000187,0.000193,0.000148,0.000061,0.000097,0.000215,0.000261
509,,,,,,,,,,,,,,0.000002,0.000088,0.000085,0.000095,0.000085,0.000046,0.000048,0.000050,0.000063,0.000061,0.000053,0.000047,0.000050,0.000040,0.000055,0.000053,0.000042,0.000055,0.000070,0.000079,0.000082,0.000071,0.000040,0.000023,0.000014,0.000014,0.000069,0.000088,0.000083,0.000067,0.000066,0.000078,0.000057,0.000043,0.000044,0.000079,0.000086
510,,,,,,,,,,,,,,0.000002,0.000083,0.000082,0.000079,0.000058,0.000031,0.000046,0.000046,0.000040,0.000053,0.000056,0.000057,0.000049,0.000053,0.000075,0.000089,0.000092,0.000106,0.000106,0.000098,0.000088,0.000073,0.000047,0.000031,0.000014,0.000011,0.000047,0.000049,0.000059,0.000079,0.000132,0.000151,0.000120,0.000059,0.000076,0.000073,0.000066
511,,,,,,,,,,,,,,0.000001,0.000045,0.000062,0.000091,0.000137,0.000139,0.000265,0.000440,0.000513,0.000666,0.000754,0.000611,0.000565,0.000454,0.000638,0.000543,0.000412,0.000406,0.000340,0.000307,0.000251,0.000174,0.000095,0.000044,0.000012,0.000011,0.000041,0.000054,0.000043,0.000039,0.000038,0.000038,0.000027,0.000021,0.000029,0.000041,0.000043
512,,,,,,,,,,,,,,0.000003,0.000079,0.000080,0.000085,0.000076,0.000054,0.000069,0.000092,0.000104,0.000127,0.000116,0.000092,0.000092,0.000074,0.000097,0.000079,0.000062,0.000074,0.000072,0.000083,0.000083,0.000065,0.000047,0.000033,0.000019,0.000010,0.000041,0.000035,0.000030,0.000036,0.000032,0.000037,0.000034,0.000030,0.000046,0.000073,0.000077
513,,,,,,,,,,,,,,0.000003,0.000061,0.000064,0.000071,0.000065,0.000037,0.000056,0.000125,0.000273,0.000356,0.000509,0.000488,0.000534,0.000533,0.000853,0.000821,0.000690,0.000700,0.000613,0.000539,0.000466,0.000327,0.000192,0.000096,0.000026,0.000013,0.000061,0.000051,0.000058,0.000055,0.000065,0.000069,0.000073,0.000043,0.000043,0.000087,0.000091
514,,,,,,,,,,,,,,0.000003,0.000110,0.000089,0.000083,0.000071,0.000056,0.000062,0.000075,0.000097,0.000109,0.000092,0.000075,0.000078,0.000073,0.000083,0.000074,0.000058,0.000046,0.000047,0.000045,0.000046,0.000034,0.000017,0.000009,0.000012,0.000012,0.000100,0.000102,0.000129,0.000136,0.000101,0.000102,0.000078,0.000040,0.000074,0.000121,0.000131
515,,,,,,,,,,,,,,0.000004,0.000136,0.000121,0.000147,0.000121,0.000081,0.000092,0.000096,0.000111,0.000097,0.000078,0.000064,0.000064,0.000064,0.000079,0.000075,0.000074,0.000092,0.000097,0.000104,0.000104,0.000080,0.000047,0.000037,0.000016,0.000013,0.000047,0.000051,0.000072,0.000059,0.000056,0.000080,0.000069,0.000051,0.000064,0.000099,0.000141
516,,,,,,,,,,,,,,0.000003,0.000102,0.000104,0.000098,0.000093,0.000054,0.000075,0.000077,0.000067,0.000078,0.000069,0.000058,0.000056,0.000046,0.000059,0.000060,0.000055,0.000059,0.000058,0.000066,0.000073,0.000068,0.000046,0.000034,0.000014,0.000010,0.000053,0.000056,0.000061,0.000054,0.000050,0.000064,0.000063,0.000041,0.000040,0.000074,0.000083
517,,,,,,,,,,,,,,0.000003,0.000108,0.000116,0.000110,0.000109,0.000077,0.000079,0.000092,0.000099,0.000096,0.000085,0.000064,0.000064,0.000092,0.000187,0.000315,0.000426,0.000653,0.000744,0.000792,0.000712,0.000554,0.000288,0.000137,0.000039,0.000018,0.000074,0.000062,0.000078,0.000067,0.000050,0.000048,0.000037,0.000036,0.000058,0.000107,0.000121
518,,,,,,,,,,,,,,0.000004,0.000111,0.000105,0.000119,0.000129,0.000155,0.000183,0.000343,0.000335,0.000292,0.000210,0.000171,0.000136,0.000099,0.000157,0.000142,0.000131,0.000134,0.000124,0.000118,0.000103,0.000079,0.000057,0.000038,0.000012,0.000010,0.000049,0.000076,0.000068,0.000064,0.000065,0.000075,0.000059,0.000035,0.000043,0.000084,0.000117
519,,,,,,,,,,,,,,0.000005,0.000201,0.000215,0.000177,0.000145,0.000081,0.000082,0.000099,0.000096,0.000106,0.000098,0.000073,0.000063,0.000057,0.000077,0.000066,0.000050,0.000050,0.000047,0.000048,0.000041,0.000032,0.000019,0.000008,0.000008,0.000009,0.000038,0.000035,0.000038,0.000042,0.000047,0.000054,0.000056,0.000039,0.000052,0.000097,0.000115
520,,,,,,,,,,,,,,0.000003,0.000081,0.000073,0.000061,0.000052,0.000049,0.000045,0.000056,0.000083,0.000147,0.000170,0.000183,0.000202,0.000217,0.000399,0.000363,0.000294,0.000282,0.000199,0.000171,0.000135,0.000090,0.000048,0.000028,0.000010,0.000008,0.000036,0.000039,0.000058,0.000074,0.000072,0.000090,0.000075,0.000038,0.000055,0.000112,0.000130
521,,,,,,,,,,,,,,0.000004,0.000120,0.000116,0.000144,0.000163,0.000114,0.000149,0.000175,0.000163,0.000156,0.000145,0.000106,0.000104,0.000090,0.000120,0.000117,0.000100,0.000108,0.000105,0.000106,0.000104,0.000079,0.000053,0.000029,0.000010,0.000010,0.000056,0.000058,0.000097,0.000078,0.000065,0.000064,0.000068,0.000121,0.000159,0.000156,0.000179
522,,,,,,,,,,,,,,0.000005,0.000178,0.000169,0.000129,0.000108,0.000058,0.000062,0.000064,0.000062,0.000069,0.000065,0.000047,0.000038,0.000034,0.000046,0.000053,0.000072,0.000079,0.000084,0.000090,0.000098,0.000097,0.000079,0.000051,0.000021,0.000009,0.000040,0.000050,0.000066,0.000117,0.000138,0.000098,0.000083,0.000044,0.000045,0.000078,0.000084
523,,,,,,,,,,,,,,0.000003,0.000113,0.000105,0.000080,0.000079,0.000053,0.000055,0.000069,0.000074,0.000079,0.000071,0.000059,0.000083,0.000070,0.000088,0.000095,0.000091,0.000085,0.000075,0.000084,0.000107,0.000142,0.000150,0.000114,0.000068,0.000047,0.000187,0.000204,0.000222,0.000154,0.000126,0.000130,0.000091,0.000061,0.000067,0.000145,0.000187
524,,,,,,,,,,,,,,0.000003,0.000088,0.000078,0.000069,0.000059,0.000038,0.000040,0.000036,0.000025,0.000029,0.000017,0.000020,0.000017,0.000015,0.000038,0.000092,0.000096,0.000110,0.000114,0.000123,0.000122,0.000087,0.000061,0.000040,0.000023,0.000015,0.000059,0.000058,0.000061,0.000061,0.000046,0.000043,0.000031,0.000024,0.000044,0.000069,0.000077
525,,,,,,,,,,,,,,0.000004,0.000092,0.000063,0.000075,0.000055,0.000050,0.000067,0.000117,0.000163,0.000223,0.000252,0.000214,0.000203,0.000184,0.000326,0.000325,0.000344,0.000400,0.000492,0.000489,0.000515,0.000451,0.000333,0.000219,0.000082,0.000057,0.000176,0.000178,0.000141,0.000130,0.000157,0.000167,0.000166,0.000098,0.000103,0.000248,0.000340
526,,,,,,,,,,,,,,0.000003,0.000112,0.000111,0.000124,0.000108,0.000076,0.000079,0.000102,0.000110,0.000131,0.000132,0.000118,0.000116,0.000098,0.000142,0.000136,0.000119,0.000116,0.000111,0.000097,0.000089,0.000072,0.000046,0.000021,0.000004,0.000005,0.000039,0.000036,0.000054,0.000067,0.000082,0.000125,0.000142,0.000133,0.000285,0.000284,0.000291
527,,,,,,,,,,,,,,0.000003,0.000106,0.000107,0.000107,0.000092,0.000064,0.000070,0.000073,0.000067,0.000075,0.000087,0.000063,0.000077,0.000075,0.000098,0.000088,0.000075,0.000068,0.000064,0.000061,0.000058,0.000040,0.000027,0.000028,0.000023,0.000021,0.000137,0.000105,0.000162,0.000132,0.000113,0.000121,0.000087,0.000056,0.000090,0.000141,0.000163
528,,,,,,,,,,,,,,0.000007,0.000208,0.000183,0.000193,0.000164,0.000074,0.000097,0.000114,0.000106,0.000114,0.000101,0.000082,0.000114,0.000103,0.000206,0.000250,0.000255,0.000327,0.000368,0.000388,0.000367,0.000300,0.000175,0.000106,0.000027,0.000014,0.000090,0.000098,0.000103,0.000088,0.000083,0.000111,0.000107,0.000085,0.000133,0.000366,0.000523
529,,,,,,,,,,,,,,0.000003,0.000130,0.000133,0.000131,0.000127,0.000066,0.000063,0.000061,0.000063,0.000077,0.000070,0.000047,0.000048,0.000036,0.000051,0.000051,0.000048,0.000065,0.000066,0.000069,0.000080,0.000076,0.000056,0.000055,0.000039,0.000014,0.000116,0.000118,0.000117,0.000101,0.000070,0.000068,0.000050,0.000022,0.000047,0.000117,0.000144
530,,,,,,,,,,,,,,0.000005,0.000197,0.000193,0.000207,0.000170,0.000093,0.000134,0.000148,0.000153,0.000101,0.000082,0.000069,0.000051,0.000043,0.000043,0.000038,0.000023,0.000020,0.000022,0.000026,0.000026,0.000025,0.000025,0.000035,0.000021,0.000020,0.000046,0.000049,0.000051,0.000043,0.000043,0.000045,0.000043,0.000048,0.000068,0.000077,0.000091
531,,,,,,,,,,,,,,0.000003,0.000080,0.000078,0.000066,0.000055,0.000032,0.000039,0.000041,0.000048,0.000063,0.000068,0.000053,0.000061,0.000065,0.000088,0.000087,0.000077,0.000089,0.000089,0.000093,0.000093,0.000080,0.000054,0.000034,0.000012,0.000009,0.000045,0.000045,0.000052,0.000063,0.000068,0.000077,0.000120,0.000119,0.000213,0.000138,0.000133
532,,,,,,,,,,,,,,0.000004,0.000129,0.000135,0.000160,0.000167,0.000138,0.000117,0.000114,0.000112,0.000120,0.000107,0.000085,0.000092,0.000119,0.000253,0.000375,0.000440,0.000518,0.000540,0.000519,0.000386,0.000255,0.000110,0.000041,0.000010,0.000010,0.000103,0.000096,0.000117,0.000143,0.000115,0.000122,0.000080,0.000038,0.000053,0.000123,0.000147
533,,,,,,,,,,,,,,0.000021,0.000474,0.000376,0.000416,0.000324,0.000181,0.000196,0.000210,0.000196,0.000222,0.000177,0.000135,0.000127,0.000116,0.000166,0.000157,0.000147,0.000168,0.000166,0.000175,0.000161,0.000131,0.000092,0.000053,0.000016,0.000007,0.000030,0.000035,0.000044,0.000040,0.000042,0.000059,0.000047,0.000036,0.000038,0.000084,0.000143
534,,,,,,,,,,,,,,0.000007,0.000223,0.000192,0.000173,0.000146,0.000113,0.000104,0.000113,0.000144,0.000143,0.000136,0.000103,0.000084,0.000066,0.000081,0.000074,0.000080,0.000087,0.000062,0.000041,0.000029,0.000024,0.000006,0.000015,0.000030,0.000029,0.000132,0.000132,0.000164,0.000159,0.000132,0.000130,0.000110,0.000067,0.000118,0.000219,0.000262
535,,,,,,,,,,,,,,0.000021,0.000559,0.000443,0.000375,0.000280,0.000136,0.000129,0.000126,0.000106,0.000114,0.000082,0.000057,0.000056,0.000040,0.000045,0.000044,0.000034,0.000044,0.000042,0.000027,0.000028,0.000028,0.000034,0.000031,0.000012,0.000010,0.000026,0.000022,0.000026,0.000030,0.000027,0.000036,0.000037,0.000041,0.000068,0.000157,0.000313
536,,,,,,,,,,,,,,0.000003,0.000084,0.000086,0.000084,0.000098,0.000055,0.000089,0.000112,0.000166,0.000159,0.000240,0.000303,0.000348,0.000385,0.000723,0.000654,0.000507,0.000481,0.000400,0.000361,0.000314,0.000245,0.000148,0.000083,0.000019,0.000008,0.000035,0.000049,0.000041,0.000049,0.000048,0.000068,0.000053,0.000022,0.000026,0.000065,0.000098
537,,,,,,,,,,,,,,0.000006,0.000238,0.000210,0.000179,0.000144,0.000085,0.000091,0.000096,0.000103,0.000098,0.000082,0.000071,0.000054,0.000050,0.000054,0.000061,0.000074,0.000112,0.000159,0.000234,0.000236,0.000177,0.000094,0.000043,0.000015,0.000013,0.000048,0.000052,0.000052,0.000052,0.000049,0.000048,0.000043,0.000034,0.000057,0.000124,0.000165
538,,,,,,,,,,,,,,0.000002,0.000114,0.000114,0.000115,0.000125,0.000066,0.000077,0.000091,0.000099,0.000129,0.000132,0.000099,0.000092,0.000090,0.000151,0.000152,0.000143,0.000167,0.000162,0.000167,0.000160,0.000130,0.000078,0.000046,0.000023,0.000016,0.000084,0.000109,0.000099,0.000087,0.000085,0.000103,0.000092,0.000054,0.000058,0.000133,0.000125
539,,,,,,,,,,,,,,0.000004,0.000118,0.000105,0.000100,0.000098,0.000051,0.000063,0.000064,0.000061,0.000063,0.000069,0.000053,0.000065,0.000057,0.000056,0.000052,0.000043,0.000042,0.000038,0.000042,0.000051,0.000050,0.000032,0.000020,0.000009,0.000008,0.000053,0.000062,0.000067,0.000072,0.000067,0.000088,0.000080,0.000123,0.000324,0.000325,0.000323
540,,,,,,,,,,,,,,0.000005,0.000244,0.000371,0.000250,0.000192,0.000107,0.000095,0.000116,0.000123,0.000114,0.000116,0.000070,0.000069,0.000052,0.000057,0.000051,0.000039,0.000037,0.000036,0.000024,0.000024,0.000013,0.000009,0.000008,0.000008,0.000011,0.000064,0.000067,0.000079,0.000084,0.000077,0.000083,0.000065,0.000040,0.000076,0.000139,0.000176
541,,,,,,,,,,,,,,0.000002,0.000138,0.000146,0.000131,0.000115,0.000097,0.000072,0.000061,0.000073,0.000068,0.000057,0.000048,0.000054,0.000046,0.000062,0.000081,0.000105,0.000153,0.000215,0.000352,0.000438,0.000413,0.000272,0.000158,0.000042,0.000022,0.000064,0.000056,0.000046,0.000053,0.000059,0.000060,0.000052,0.000049,0.000040,0.000060,0.000066
542,,,,,,,,,,,,,,0.000005,0.000160,0.000161,0.000127,0.000117,0.000071,0.000097,0.000100,0.000093,0.000125,0.000102,0.000084,0.000071,0.000073,0.000104,0.000111,0.000102,0.000121,0.000133,0.000137,0.000147,0.000122,0.000078,0.000055,0.000018,0.000012,0.000042,0.000057,0.000057,0.000075,0.000069,0.000078,0.000074,0.000140,0.000163,0.000187,0.000244
543,,,,,,,,,,,,,,0.000004,0.000117,0.000118,0.000117,0.000104,0.000070,0.000070,0.000074,0.000087,0.000087,0.000086,0.000067,0.000053,0.000040,0.000044,0.000030,0.000022,0.000009,0.000009,0.000025,0.000044,0.000068,0.000122,0.000125,0.000054,0.000061,0.000248,0.000186,0.000162,0.000128,0.000120,0.000109,0.000077,0.000046,0.000072,0.000151,0.000186
544,,,,,,,,,,,,,,0.000001,0.000082,0.000134,0.000205,0.000227,0.000150,0.000165,0.000164,0.000148,0.000150,0.000140,0.000117,0.000129,0.000143,0.000265,0.000293,0.000268,0.000280,0.000262,0.000247,0.000244,0.000202,0.000178,0.000152,0.000090,0.000059,0.000250,0.000320,0.000374,0.000257,0.000157,0.000132,0.000097,0.000042,0.000078,0.000079,0.000099
545,,,,,,,,,,,,,,0.000008,0.000385,0.000384,0.000364,0.000323,0.000272,0.000180,0.000162,0.000136,0.000150,0.000138,0.000090,0.000089,0.000088,0.000092,0.000078,0.000067,0.000074,0.000072,0.000071,0.000062,0.000052,0.000043,0.000038,0.000019,0.000016,0.000053,0.000061,0.000064,0.000073,0.000097,0.000138,0.000122,0.000086,0.000084,0.000135,0.000154
546,,,,,,,,,,,,,,0.000004,0.000120,0.000116,0.000090,0.000067,0.000042,0.000058,0.000073,0.000063,0.000066,0.000063,0.000069,0.000061,0.000074,0.000079,0.000076,0.000066,0.000070,0.000072,0.000087,0.000097,0.000092,0.000071,0.000052,0.000024,0.000019,0.000066,0.000071,0.000084,0.000082,0.000071,0.000087,0.000077,0.000056,0.000079,0.000109,0.000140
547,,,,,,,,,,,,,,0.000002,0.000071,0.000078,0.000066,0.000066,0.000032,0.000041,0.000039,0.000048,0.000037,0.000032,0.000020,0.000018,0.000023,0.000051,0.000068,0.000078,0.000090,0.000107,0.000124,0.000142,0.000131,0.000089,0.000060,0.000026,0.000018,0.000103,0.000111,0.000178,0.000234,0.000296,0.000348,0.000333,0.000152,0.000171,0.000280,0.000304
548,,,,,,,,,,,,,,0.000010,0.000276,0.000244,0.000258,0.000225,0.000168,0.000169,0.000177,0.000182,0.000180,0.000142,0.000097,0.000092,0.000085,0.000082,0.000071,0.000053,0.000039,0.000029,0.000024,0.000022,0.000027,0.000024,0.000009,0.000009,0.000035,0.000132,0.000086,0.000094,0.000101,0.000097,0.000119,0.000129,0.000099,0.000219,0.000517,0.000687
549,,,,,,,,,,,,,,0.000007,0.000237,0.000204,0.000178,0.000154,0.000081,0.000102,0.000115,0.000133,0.000138,0.000140,0.000125,0.000214,0.000241,0.000168,0.000163,0.000157,0.000154,0.000142,0.000137,0.000124,0.000099,0.000061,0.000038,0.000010,0.000004,0.000015,0.000016,0.000020,0.000033,0.000034,0.000042,0.000036,0.000030,0.000052,0.000106,0.000131
550,,,,,,,,,,,,,,0.000003,0.000107,0.000102,0.000097,0.000076,0.000040,0.000044,0.000049,0.000060,0.000068,0.000062,0.000051,0.000048,0.000049,0.000064,0.000073,0.000066,0.000067,0.000059,0.000059,0.000061,0.000058,0.000069,0.000099,0.000053,0.000030,0.000172,0.000152,0.000144,0.000135,0.000100,0.000109,0.000092,0.000054,0.000065,0.000125,0.000141
551,,,,,,,,,,,,,,0.000006,0.000185,0.000165,0.000173,0.000154,0.000119,0.000098,0.000106,0.000121,0.000129,0.000124,0.000099,0.000078,0.000070,0.000102,0.000088,0.000077,0.000084,0.000073,0.000068,0.000066,0.000045,0.000020,0.000008,0.000011,0.000013,0.000059,0.000060,0.000078,0.000078,0.000069,0.000078,0.000073,0.000070,0.000115,0.000208,0.000266
552,,,,,,,,,,,,,,0.000004,0.000090,0.000078,0.000084,0.000068,0.000031,0.000053,0.000068,0.000068,0.000073,0.000069,0.000056,0.000047,0.000044,0.000060,0.000072,0.000079,0.000086,0.000090,0.000093,0.000094,0.000066,0.000054,0.000056,0.000021,0.000017,0.000148,0.000131,0.000121,0.000102,0.000086,0.000096,0.000075,0.000046,0.000118,0.000242,0.000317
553,,,,,,,,,,,,,,0.000003,0.000121,0.000130,0.000149,0.000161,0.000106,0.000109,0.000128,0.000125,0.000126,0.000124,0.000086,0.000076,0.000063,0.000104,0.000097,0.000085,0.000098,0.000094,0.000114,0.000126,0.000139,0.000075,0.000040,0.000011,0.000005,0.000046,0.000055,0.000066,0.000067,0.000072,0.000097,0.000075,0.000044,0.000046,0.000101,0.000130
554,,,,,,,,,,,,,,0.000002,0.000069,0.000072,0.000059,0.000056,0.000030,0.000034,0.000071,0.000097,0.000142,0.000191,0.000208,0.000265,0.000341,0.000680,0.000827,0.000843,0.001041,0.001127,0.001204,0.001133,0.000857,0.000514,0.000249,0.000052,0.000024,0.000083,0.000081,0.000067,0.000073,0.000056,0.000067,0.000057,0.000035,0.000049,0.000100,0.000098
555,,,,,,,,,,,,,,0.000004,0.000185,0.000200,0.000246,0.000267,0.000277,0.000441,0.000544,0.000599,0.000665,0.000665,0.000417,0.000412,0.000285,0.000361,0.000299,0.000214,0.000188,0.000153,0.000130,0.000100,0.000060,0.000033,0.000021,0.000016,0.000013,0.000076,0.000104,0.000107,0.000086,0.000076,0.000086,0.000068,0.000055,0.000077,0.000142,0.000177
556,,,,,,,,,,,,,,0.000012,0.000454,0.000466,0.000408,0.000425,0.000357,0.000380,0.000405,0.000375,0.000427,0.000412,0.000288,0.000317,0.000295,0.000267,0.000235,0.000205,0.000180,0.000168,0.000156,0.000130,0.000103,0.000073,0.000033,0.000011,0.000008,0.000033,0.000034,0.000024,0.000026,0.000032,0.000036,0.000022,0.000009,0.000030,0.000088,0.000119
557,,,,,,,,,,,,,,0.000003,0.000078,0.000074,0.000065,0.000061,0.000038,0.000049,0.000058,0.000070,0.000083,0.000080,0.000057,0.000061,0.000057,0.000091,0.000099,0.000093,0.000117,0.000130,0.000153,0.000155,0.000126,0.000097,0.000076,0.000041,0.000022,0.000105,0.000144,0.000186,0.000113,0.000082,0.000077,0.000073,0.000038,0.000037,0.000082,0.000109
558,,,,,,,,,,,,,,0.000007,0.000216,0.000238,0.000261,0.000250,0.000123,0.000122,0.000118,0.000127,0.000110,0.000092,0.000068,0.000047,0.000038,0.000045,0.000036,0.000028,0.000028,0.000033,0.000037,0.000052,0.000048,0.000041,0.000032,0.000028,0.000022,0.000114,0.000128,0.000214,0.000331,0.000369,0.000365,0.000268,0.000116,0.000148,0.000348,0.000381
559,,,,,,,,,,,,,,0.000004,0.000130,0.000114,0.000099,0.000090,0.000051,0.000069,0.000100,0.000107,0.000123,0.000108,0.000072,0.000072,0.000060,0.000088,0.000089,0.000082,0.000093,0.000095,0.000115,0.000112,0.000092,0.000066,0.000054,0.000019,0.000008,0.000046,0.000059,0.000092,0.000130,0.000150,0.000207,0.000164,0.000087,0.000130,0.000253,0.000370
560,,,,,,,,,,,,,,0.000010,0.000259,0.000288,0.000230,0.000217,0.000113,0.000161,0.000148,0.000130,0.000149,0.000145,0.000096,0.000087,0.000074,0.000108,0.000094,0.000073,0.000074,0.000079,0.000079,0.000069,0.000056,0.000045,0.000029,0.000009,0.000008,0.000060,0.000052,0.000068,0.000074,0.000054,0.000056,0.000051,0.000033,0.000055,0.000101,0.000131
561,,,,,,,,,,,,,,0.000003,0.000180,0.000263,0.000330,0.000393,0.000223,0.000193,0.000198,0.000170,0.000173,0.000165,0.000143,0.000118,0.000105,0.000152,0.000143,0.000162,0.000204,0.000330,0.000357,0.000340,0.000263,0.000127,0.000043,0.000010,0.000018,0.000061,0.000065,0.000092,0.000104,0.000091,0.000115,0.000086,0.000047,0.000069,0.000119,0.000140
562,,,,,,,,,,,,,,0.000003,0.000097,0.000090,0.000104,0.000098,0.000079,0.000074,0.000089,0.000106,0.000085,0.000112,0.000088,0.000086,0.000081,0.000079,0.000069,0.000046,0.000048,0.000034,0.000027,0.000033,0.000044,0.000041,0.000044,0.000024,0.000023,0.000080,0.000076,0.000065,0.000067,0.000067,0.000071,0.000065,0.000059,0.000074,0.000089,0.000102
563,,,,,,,,,,,,,,0.000020,0.000655,0.000569,0.000458,0.000399,0.000217,0.000217,0.000268,0.000247,0.000258,0.000206,0.000147,0.000139,0.000114,0.000172,0.000159,0.000138,0.000139,0.000134,0.000130,0.000108,0.000078,0.000051,0.000038,0.000016,0.000014,0.000050,0.000071,0.000090,0.000101,0.000084,0.000100,0.000072,0.000058,0.000079,0.000134,0.000150
564,,,,,,,,,,,,,,0.000007,0.000117,0.000101,0.000082,0.000080,0.000041,0.000071,0.000078,0.000075,0.000085,0.000053,0.000070,0.000049,0.000046,0.000052,0.000055,0.000061,0.000087,0.000106,0.000125,0.000134,0.000099,0.000077,0.000053,0.000022,0.000007,0.000041,0.000061,0.000087,0.000143,0.000210,0.000376,0.000450,0.000255,0.000346,0.000803,0.000850
565,,,,,,,,,,,,,,0.000003,0.000137,0.000166,0.000136,0.000115,0.000076,0.000077,0.000075,0.000070,0.000083,0.000090,0.000066,0.000067,0.000057,0.000090,0.000103,0.000099,0.000124,0.000147,0.000147,0.000137,0.000112,0.000073,0.000043,0.000014,0.000009,0.000039,0.000050,0.000050,0.000058,0.000053,0.000065,0.000066,0.000070,0.000080,0.000106,0.000116
566,,,,,,,,,,,,,,0.000010,0.000279,0.000248,0.000241,0.000261,0.000130,0.000175,0.000205,0.000177,0.000201,0.000200,0.000104,0.000110,0.000082,0.000102,0.000090,0.000073,0.000063,0.000065,0.000066,0.000060,0.000051,0.000028,0.000019,0.000008,0.000007,0.000033,0.000052,0.000091,0.000148,0.000171,0.000209,0.000202,0.000135,0.000207,0.000487,0.000622
567,,,,,,,,,,,,,,0.000006,0.000269,0.000263,0.000213,0.000168,0.000085,0.000104,0.000119,0.000120,0.000121,0.000128,0.000091,0.000076,0.000067,0.000080,0.000075,0.000048,0.000038,0.000024,0.000021,0.000026,0.000034,0.000043,0.000050,0.000032,0.000029,0.000126,0.000099,0.000103,0.000149,0.000132,0.000160,0.000137,0.000190,0.000241,0.000254,0.000247
568,,,,,,,,,,,,,,0.000002,0.000059,0.000057,0.000053,0.000052,0.000039,0.000032,0.000029,0.000038,0.000028,0.000029,0.000025,0.000024,0.000028,0.000043,0.000055,0.000070,0.000091,0.000094,0.000104,0.000098,0.000091,0.000078,0.000066,0.000037,0.000030,0.000101,0.000093,0.000113,0.000096,0.000086,0.000098,0.000083,0.000039,0.000038,0.000038,0.000048
569,,,,,,,,,,,,,,0.000003,0.000086,0.000091,0.000099,0.000090,0.000058,0.000072,0.000079,0.000208,0.000111,0.000082,0.000068,0.000034,0.000032,0.000046,0.000041,0.000035,0.000037,0.000036,0.000044,0.000048,0.000058,0.000060,0.000052,0.000037,0.000021,0.000086,0.000089,0.000095,0.000086,0.000086,0.000074,0.000054,0.000039,0.000052,0.000087,0.000114
570,,,,,,,,,,,,,,0.000004,0.000102,0.000093,0.000088,0.000066,0.000032,0.000040,0.000036,0.000055,0.000058,0.000062,0.000045,0.000034,0.000034,0.000032,0.000036,0.000032,0.000036,0.000049,0.000075,0.000100,0.000112,0.000106,0.000077,0.000025,0.000016,0.000048,0.000050,0.000051,0.000052,0.000058,0.000067,0.000077,0.000075,0.000222,0.000182,0.000178
571,,,,,,,,,,,,,,0.000006,0.000207,0.000172,0.000183,0.000159,0.000115,0.000104,0.000115,0.000121,0.000135,0.000116,0.000079,0.000072,0.000061,0.000066,0.000052,0.000034,0.000025,0.000027,0.000029,0.000020,0.000010,0.000007,0.000017,0.000012,0.000017,0.000081,0.000092,0.000118,0.000127,0.000121,0.000140,0.000112,0.000104,0.000248,0.000231,0.000235
572,,,,,,,,,,,,,,0.000006,0.000277,0.000248,0.000243,0.000173,0.000091,0.000094,0.000083,0.000078,0.000057,0.000052,0.000032,0.000044,0.000041,0.000043,0.000036,0.000030,0.000033,0.000035,0.000051,0.000076,0.000101,0.000121,0.000123,0.000076,0.000043,0.000131,0.000139,0.000166,0.000119,0.000108,0.000105,0.000080,0.000037,0.000050,0.000077,0.000113
573,,,,,,,,,,,,,,0.000003,0.000098,0.000089,0.000063,0.000041,0.000038,0.000035,0.000033,0.000026,0.000035,0.000032,0.000038,0.000041,0.000050,0.000082,0.000109,0.000115,0.000147,0.000148,0.000153,0.000152,0.000130,0.000105,0.000065,0.000031,0.000016,0.000065,0.000063,0.000074,0.000080,0.000065,0.000085,0.000073,0.000046,0.000038,0.000038,0.000054
574,,,,,,,,,,,,,,0.000003,0.000121,0.000104,0.000102,0.000084,0.000083,0.000102,0.000113,0.000170,0.000118,0.000089,0.000063,0.000055,0.000068,0.000113,0.000146,0.000206,0.000163,0.000145,0.000110,0.000097,0.000084,0.000065,0.000036,0.000013,0.000011,0.000059,0.000071,0.000095,0.000098,0.000077,0.000096,0.000120,0.000094,0.000116,0.000126,0.000134
575,,,,,,,,,,,,,,0.000005,0.000292,0.000310,0.000270,0.000242,0.000169,0.000208,0.000269,0.000306,0.000426,0.000422,0.000350,0.000331,0.000297,0.000478,0.000434,0.000364,0.000352,0.000304,0.000288,0.000247,0.000190,0.000120,0.000068,0.000020,0.000009,0.000034,0.000029,0.000021,0.000030,0.000028,0.000034,0.000034,0.000025,0.000022,0.000040,0.000053
576,,,,,,,,,,,,,,0.000003,0.000079,0.000079,0.000061,0.000060,0.000039,0.000042,0.000062,0.000061,0.000061,0.000051,0.000037,0.000036,0.000037,0.000068,0.000068,0.000069,0.000082,0.000089,0.000105,0.000113,0.000113,0.000127,0.000128,0.000085,0.000050,0.000222,0.000247,0.000271,0.000199,0.000172,0.000263,0.000279,0.000203,0.000142,0.000178,0.000206
577,,,,,,,,,,,,,,0.000002,0.000079,0.000072,0.000062,0.000057,0.000037,0.000052,0.000062,0.000104,0.000101,0.000080,0.000073,0.000110,0.000158,0.000375,0.000496,0.000523,0.000601,0.000572,0.000531,0.000448,0.000322,0.000183,0.000093,0.000021,0.000009,0.000048,0.000044,0.000049,0.000045,0.000031,0.000038,0.000042,0.000030,0.000031,0.000074,0.000087
578,,,,,,,,,,,,,,0.000002,0.000097,0.000085,0.000081,0.000074,0.000038,0.000048,0.000050,0.000053,0.000057,0.000048,0.000045,0.000040,0.000041,0.000063,0.000068,0.000063,0.000064,0.000063,0.000071,0.000077,0.000069,0.000059,0.000053,0.000025,0.000021,0.000071,0.000087,0.000068,0.000061,0.000061,0.000071,0.000071,0.000107,0.000139,0.000115,0.000113
579,,,,,,,,,,,,,,0.000003,0.000092,0.000081,0.000099,0.000097,0.000060,0.000091,0.000086,0.000089,0.000087,0.000091,0.000089,0.000096,0.000091,0.000164,0.000179,0.000161,0.000155,0.000132,0.000121,0.000101,0.000076,0.000045,0.000031,0.000013,0.000021,0.000277,0.000325,0.000342,0.000321,0.000235,0.000196,0.000138,0.000070,0.000091,0.000169,0.000188
580,,,,,,,,,,,,,,0.000012,0.000353,0.000316,0.000315,0.000256,0.000158,0.000144,0.000146,0.000145,0.000147,0.000123,0.000095,0.000120,0.000124,0.000074,0.000061,0.000052,0.000046,0.000042,0.000035,0.000017,0.000018,0.000016,0.000013,0.000011,0.000013,0.000050,0.000059,0.000063,0.000060,0.000062,0.000067,0.000054,0.000039,0.000074,0.000126,0.000173
581,,,,,,,,,,,,,,0.000004,0.000167,0.000193,0.000214,0.000270,0.000215,0.000232,0.000228,0.000193,0.000210,0.000173,0.000129,0.000138,0.000153,0.000188,0.000186,0.000162,0.000173,0.000181,0.000169,0.000140,0.000095,0.000045,0.000022,0.000009,0.000008,0.000045,0.000050,0.000058,0.000063,0.000055,0.000062,0.000055,0.000036,0.000053,0.000113,0.000157
582,,,,,,,,,,,,,,0.000010,0.000299,0.000282,0.000282,0.000253,0.000156,0.000187,0.000186,0.000173,0.000171,0.000162,0.000117,0.000084,0.000073,0.000106,0.000100,0.000089,0.000106,0.000117,0.000114,0.000103,0.000085,0.000046,0.000021,0.000008,0.000012,0.000077,0.000084,0.000086,0.000081,0.000072,0.000083,0.000068,0.000190,0.000249,0.000309,0.000352
583,,,,,,,,,,,,,,0.000010,0.000232,0.000209,0.000217,0.000163,0.000094,0.000089,0.000088,0.000112,0.000110,0.000128,0.000123,0.000188,0.000258,0.000586,0.000778,0.000837,0.000956,0.000917,0.000809,0.000625,0.000383,0.000183,0.000068,0.000014,0.000008,0.000020,0.000011,0.000018,0.000017,0.000036,0.000050,0.000074,0.000062,0.000137,0.000347,0.000503
584,,,,,,,,,,,,,,0.000003,0.000099,0.000117,0.000137,0.000170,0.000091,0.000153,0.000178,0.000189,0.000233,0.000228,0.000165,0.000155,0.000130,0.000199,0.000180,0.000142,0.000147,0.000129,0.000140,0.000134,0.000096,0.000069,0.000070,0.000033,0.000028,0.000084,0.000082,0.000100,0.000091,0.000083,0.000114,0.000116,0.000126,0.000276,0.000194,0.000213
585,,,,,,,,,,,,,,0.000002,0.000077,0.000081,0.000080,0.000066,0.000039,0.000041,0.000044,0.000051,0.000060,0.000067,0.000080,0.000128,0.000183,0.000389,0.000458,0.000388,0.000384,0.000306,0.000260,0.000217,0.000159,0.000082,0.000042,0.000012,0.000008,0.000083,0.000121,0.000154,0.000148,0.000146,0.000153,0.000110,0.000055,0.000087,0.000132,0.000153
586,,,,,,,,,,,,,,0.000023,0.000896,0.000901,0.000906,0.000808,0.000527,0.000601,0.000691,0.000702,0.000803,0.000772,0.000572,0.000528,0.000439,0.000678,0.000625,0.000527,0.000539,0.000504,0.000499,0.000466,0.000375,0.000244,0.000134,0.000027,0.000009,0.000052,0.000058,0.000055,0.000059,0.000059,0.000067,0.000069,0.000042,0.000063,0.000207,0.000306
587,,,,,,,,,,,,,,0.000008,0.000261,0.000214,0.000176,0.000133,0.000068,0.000092,0.000106,0.000103,0.000104,0.000100,0.000086,0.000085,0.000078,0.000118,0.000112,0.000099,0.000092,0.000081,0.000081,0.000078,0.000048,0.000024,0.000017,0.000006,0.000004,0.000047,0.000050,0.000051,0.000059,0.000067,0.000075,0.000075,0.000038,0.000067,0.000165,0.000197
588,,,,,,,,,,,,,,0.000003,0.000149,0.000111,0.000101,0.000097,0.000076,0.000078,0.000088,0.000085,0.000089,0.000079,0.000089,0.000062,0.000053,0.000069,0.000078,0.000082,0.000102,0.000115,0.000137,0.000157,0.000138,0.000101,0.000069,0.000025,0.000019,0.000093,0.000064,0.000060,0.000074,0.000079,0.000073,0.000058,0.000039,0.000029,0.000047,0.000060
589,,,,,,,,,,,,,,0.000003,0.000133,0.000134,0.000108,0.000105,0.000084,0.000096,0.000132,0.000243,0.000237,0.000239,0.000373,0.000264,0.000317,0.000218,0.000188,0.000168,0.000136,0.000120,0.000148,0.000193,0.000136,0.000067,0.000026,0.000015,0.000020,0.000141,0.000186,0.000189,0.000177,0.000137,0.000131,0.000102,0.000051,0.000069,0.000123,0.000129
590,,,,,,,,,,,,,,0.000006,0.000186,0.000172,0.000174,0.000185,0.000128,0.000148,0.000210,0.000220,0.000273,0.000280,0.000227,0.000204,0.000172,0.000230,0.000189,0.000142,0.000136,0.000117,0.000098,0.000079,0.000056,0.000031,0.000012,0.000009,0.000012,0.000078,0.000160,0.000189,0.000139,0.000109,0.000107,0.000082,0.000053,0.000109,0.000182,0.000245
591,,,,,,,,,,,,,,0.000004,0.000130,0.000106,0.000100,0.000086,0.000072,0.000081,0.000108,0.000140,0.000162,0.000169,0.000128,0.000111,0.000088,0.000127,0.000119,0.000127,0.000185,0.000244,0.000369,0.000418,0.000410,0.000252,0.000101,0.000019,0.000014,0.000090,0.000084,0.000080,0.000066,0.000058,0.000062,0.000058,0.000052,0.000081,0.000193,0.000231
592,,,,,,,,,,,,,,0.000007,0.000190,0.000167,0.000186,0.000143,0.000079,0.000090,0.000090,0.000118,0.000114,0.000099,0.000073,0.000136,0.000118,0.000129,0.000128,0.000124,0.000140,0.000136,0.000137,0.000132,0.000110,0.000075,0.000048,0.000014,0.000009,0.000038,0.000031,0.000037,0.000043,0.000032,0.000026,0.000030,0.000022,0.000034,0.000043,0.000041
593,,,,,,,,,,,,,,0.000019,0.000603,0.000540,0.000443,0.000402,0.000190,0.000221,0.000239,0.000242,0.000230,0.000242,0.000185,0.000166,0.000158,0.000248,0.000233,0.000192,0.000202,0.000184,0.000167,0.000135,0.000098,0.000052,0.000028,0.000008,0.000007,0.000078,0.000087,0.000104,0.000121,0.000114,0.000119,0.000093,0.000044,0.000100,0.000215,0.000262
594,,,,,,,,,,,,,,0.000004,0.000127,0.000115,0.000117,0.000103,0.000070,0.000072,0.000079,0.000141,0.000094,0.000111,0.000107,0.000089,0.000101,0.000188,0.000214,0.000245,0.000284,0.000292,0.000276,0.000225,0.000157,0.000084,0.000036,0.000014,0.000013,0.000058,0.000052,0.000053,0.000048,0.000043,0.000046,0.000034,0.000032,0.000100,0.000186,0.000191
595,,,,,,,,,,,,,,0.000005,0.000258,0.000242,0.000194,0.000161,0.000094,0.000101,0.000102,0.000101,0.000131,0.000125,0.000088,0.000078,0.000074,0.000108,0.000102,0.000085,0.000093,0.000079,0.000075,0.000071,0.000055,0.000044,0.000036,0.000014,0.000009,0.000037,0.000043,0.000047,0.000033,0.000028,0.000039,0.000042,0.000031,0.000015,0.000022,0.000029
596,,,,,,,,,,,,,,0.000002,0.000046,0.000042,0.000042,0.000036,0.000018,0.000027,0.000025,0.000028,0.000042,0.000040,0.000034,0.000046,0.000050,0.000059,0.000053,0.000049,0.000061,0.000065,0.000075,0.000087,0.000082,0.000067,0.000049,0.000023,0.000015,0.000054,0.000066,0.000079,0.000074,0.000106,0.000123,0.000107,0.000084,0.000071,0.000103,0.000110
597,,,,,,,,,,,,,,0.000003,0.000142,0.000124,0.000109,0.000104,0.000081,0.000056,0.000061,0.000048,0.000048,0.000043,0.000042,0.000030,0.000026,0.000027,0.000032,0.000030,0.000027,0.000028,0.000033,0.000047,0.000074,0.000093,0.000092,0.000051,0.000038,0.000146,0.000137,0.000152,0.000128,0.000089,0.000086,0.000076,0.000056,0.000053,0.000066,0.000083
598,,,,,,,,,,,,,,0.000019,0.000483,0.000416,0.000341,0.000269,0.000140,0.000136,0.000135,0.000110,0.000117,0.000087,0.000065,0.000068,0.000060,0.000077,0.000080,0.000068,0.000088,0.000138,0.000235,0.000353,0.000369,0.000257,0.000144,0.000031,0.000012,0.000046,0.000059,0.000041,0.000027,0.000026,0.000037,0.000043,0.000030,0.000065,0.000251,0.000462
599,,,,,,,,,,,,,,0.000009,0.000263,0.000231,0.000213,0.000190,0.000107,0.000178,0.000145,0.000108,0.000111,0.000142,0.000115,0.000072,0.000067,0.000084,0.000078,0.000070,0.000071,0.000076,0.000081,0.000080,0.000062,0.000048,0.000030,0.000012,0.000014,0.000075,0.000066,0.000075,0.000074,0.000072,0.000081,0.000071,0.000040,0.000050,0.000113,0.000157
600,,,,,,,,,,,,,,0.000003,0.000091,0.000099,0.000088,0.000084,0.000051,0.000073,0.000077,0.000069,0.000079,0.000081,0.000053,0.000057,0.000048,0.000082,0.000085,0.000080,0.000095,0.000107,0.000127,0.000130,0.000106,0.000071,0.000045,0.000012,0.000007,0.000041,0.000048,0.000050,0.000047,0.000049,0.000066,0.000058,0.000086,0.000051,0.000095,0.000106
601,,,,,,,,,,,,,,0.000005,0.000149,0.000117,0.000124,0.000115,0.000068,0.000079,0.000080,0.000094,0.000115,0.000139,0.000102,0.000104,0.000086,0.000135,0.000145,0.000151,0.000214,0.000259,0.000332,0.000376,0.000355,0.000237,0.000150,0.000040,0.000021,0.000109,0.000095,0.000085,0.000086,0.000074,0.000097,0.000073,0.000043,0.000032,0.000069,0.000102
602,,,,,,,,,,,,,,0.000003,0.000102,0.000079,0.000069,0.000070,0.000043,0.000038,0.000043,0.000043,0.000047,0.000060,0.000045,0.000065,0.000084,0.000073,0.000072,0.000072,0.000082,0.000096,0.000115,0.000133,0.000142,0.000111,0.000078,0.000028,0.000016,0.000067,0.000081,0.000120,0.000138,0.000118,0.000140,0.000118,0.000069,0.000063,0.000071,0.000076
603,,,,,,,,,,,,,,0.000004,0.000090,0.000094,0.000100,0.000097,0.000069,0.000112,0.000150,0.000175,0.000219,0.000214,0.000165,0.000159,0.000135,0.000209,0.000197,0.000153,0.000157,0.000152,0.000157,0.000144,0.000110,0.000066,0.000032,0.000010,0.000007,0.000045,0.000060,0.000060,0.000059,0.000059,0.000084,0.000077,0.000042,0.000077,0.000176,0.000244
604,,,,,,,,,,,,,,0.000005,0.000217,0.000233,0.000258,0.000240,0.000141,0.000210,0.000282,0.000315,0.000367,0.000364,0.000256,0.000256,0.000192,0.000242,0.000214,0.000169,0.000163,0.000153,0.000141,0.000122,0.000089,0.000039,0.000016,0.000006,0.000008,0.000046,0.000051,0.000052,0.000050,0.000051,0.000074,0.000081,0.000060,0.000135,0.000188,0.000200
605,,,,,,,,,,,,,,0.000002,0.000083,0.000086,0.000076,0.000084,0.000054,0.000044,0.000057,0.000078,0.000128,0.000120,0.000106,0.000094,0.000083,0.000113,0.000121,0.000098,0.000126,0.000121,0.000149,0.000142,0.000118,0.000087,0.000064,0.000027,0.000019,0.000080,0.000082,0.000081,0.000082,0.000073,0.000091,0.000125,0.000137,0.000075,0.000084,0.000095
606,,,,,,,,,,,,,,0.000005,0.000181,0.000201,0.000246,0.000238,0.000164,0.000222,0.000211,0.000215,0.000233,0.000215,0.000155,0.000125,0.000113,0.000149,0.000130,0.000095,0.000087,0.000081,0.000084,0.000082,0.000064,0.000035,0.000018,0.000008,0.000008,0.000028,0.000029,0.000053,0.000082,0.000110,0.000132,0.000077,0.000043,0.000049,0.000085,0.000086
607,,,,,,,,,,,,,,0.000002,0.000092,0.000089,0.000111,0.000106,0.000088,0.000126,0.000157,0.000141,0.000154,0.000135,0.000124,0.000093,0.000080,0.000121,0.000127,0.000108,0.000111,0.000102,0.000101,0.000097,0.000083,0.000064,0.000048,0.000019,0.000011,0.000084,0.000094,0.000130,0.000155,0.000143,0.000182,0.000145,0.000088,0.000058,0.000041,0.000045
608,,,,,,,,,,,,,,0.000004,0.000143,0.000113,0.000149,0.000141,0.000068,0.000086,0.000094,0.000105,0.000142,0.000138,0.000093,0.000077,0.000072,0.000112,0.000104,0.000097,0.000104,0.000102,0.000107,0.000114,0.000100,0.000059,0.000030,0.000009,0.000007,0.000072,0.000090,0.000121,0.000140,0.000122,0.000134,0.000109,0.000050,0.000061,0.000114,0.000131
609,,,,,,,,,,,,,,0.000010,0.000340,0.000378,0.000337,0.000333,0.000188,0.000250,0.000310,0.000317,0.000352,0.000359,0.000263,0.000277,0.000244,0.000432,0.000463,0.000425,0.000511,0.000536,0.000596,0.000613,0.000559,0.000438,0.000285,0.000074,0.000023,0.000137,0.000134,0.000152,0.000171,0.000139,0.000153,0.000141,0.000046,0.000001,0.000057,0.000129
610,,,,,,,,,,,,,,0.000025,0.000582,0.000495,0.000437,0.000367,0.000186,0.000211,0.000230,0.000196,0.000212,0.000169,0.000117,0.000098,0.000085,0.000095,0.000089,0.000077,0.000069,0.000074,0.000102,0.000127,0.000128,0.000064,0.000033,0.000016,0.000014,0.000105,0.000105,0.000131,0.000141,0.000118,0.000145,0.000130,0.000091,0.000148,0.000460,0.000829
611,,,,,,,,,,,,,,0.000006,0.000244,0.000229,0.000212,0.000207,0.000188,0.000151,0.000181,0.000195,0.000206,0.000197,0.000165,0.000208,0.000190,0.000154,0.000130,0.000091,0.000086,0.000072,0.000057,0.000050,0.000030,0.000021,0.000011,0.000009,0.000013,0.000073,0.000071,0.000103,0.000173,0.000181,0.000143,0.000101,0.000043,0.000079,0.000109,0.000136
612,,,,,,,,,,,,,,0.000003,0.000071,0.000062,0.000062,0.000051,0.000052,0.000037,0.000038,0.000052,0.000064,0.000059,0.000234,0.000105,0.000138,0.000069,0.000067,0.000049,0.000040,0.000037,0.000031,0.000028,0.000027,0.000023,0.000022,0.000013,0.000011,0.000041,0.000057,0.000053,0.000058,0.000057,0.000073,0.000068,0.000055,0.000071,0.000135,0.000176
613,,,,,,,,,,,,,,0.000005,0.000204,0.000198,0.000160,0.000140,0.000227,0.000087,0.000086,0.000104,0.000113,0.000115,0.000112,0.000099,0.000085,0.000104,0.000089,0.000076,0.000071,0.000063,0.000059,0.000052,0.000031,0.000018,0.000014,0.000008,0.000008,0.000050,0.000067,0.000089,0.000081,0.000070,0.000091,0.000073,0.000047,0.000083,0.000164,0.000192
614,,,,,,,,,,,,,,0.000002,0.000084,0.000079,0.000078,0.000074,0.000046,0.000061,0.000051,0.000048,0.000049,0.000052,0.000039,0.000037,0.000035,0.000048,0.000053,0.000056,0.000068,0.000082,0.000110,0.000132,0.000129,0.000119,0.000090,0.000030,0.000016,0.000062,0.000061,0.000072,0.000057,0.000050,0.000050,0.000042,0.000026,0.000030,0.000055,0.000065
615,,,,,,,,,,,,,,0.000007,0.000273,0.000271,0.000243,0.000186,0.000099,0.000111,0.000119,0.000116,0.000096,0.000090,0.000058,0.000056,0.000054,0.000070,0.000063,0.000053,0.000058,0.000060,0.000072,0.000076,0.000084,0.000060,0.000038,0.000015,0.000015,0.000064,0.000063,0.000066,0.000060,0.000063,0.000069,0.000062,0.000038,0.000071,0.000128,0.000141
616,,,,,,,,,,,,,,0.000006,0.000157,0.000135,0.000126,0.000127,0.000067,0.000092,0.000111,0.000096,0.000094,0.000089,0.000068,0.000119,0.000133,0.000097,0.000109,0.000115,0.000126,0.000121,0.000120,0.000122,0.000088,0.000062,0.000041,0.000014,0.000010,0.000060,0.000067,0.000081,0.000106,0.000087,0.000111,0.000094,0.000066,0.000127,0.000234,0.000226
617,,,,,,,,,,,,,,0.000007,0.000184,0.000169,0.000179,0.000153,0.000107,0.000116,0.000143,0.000165,0.000162,0.000139,0.000108,0.000092,0.000085,0.000112,0.000099,0.000089,0.000087,0.000078,0.000073,0.000067,0.000051,0.000033,0.000019,0.000007,0.000008,0.000086,0.000118,0.000155,0.000196,0.000201,0.000225,0.000176,0.000078,0.000069,0.000075,0.000100
618,,,,,,,,,,,,,,0.000002,0.000058,0.000058,0.000062,0.000061,0.000031,0.000039,0.000043,0.000055,0.000057,0.000061,0.000044,0.000049,0.000051,0.000078,0.000083,0.000067,0.000086,0.000117,0.000150,0.000184,0.000201,0.000205,0.000200,0.000063,0.000039,0.000151,0.000132,0.000109,0.000103,0.000097,0.000089,0.000075,0.000043,0.000039,0.000089,0.000120
619,,,,,,,,,,,,,,0.000005,0.000152,0.000137,0.000152,0.000133,0.000104,0.000100,0.000114,0.000119,0.000122,0.000122,0.000105,0.000083,0.000082,0.000103,0.000097,0.000073,0.000065,0.000055,0.000056,0.000044,0.000024,0.000019,0.000008,0.000005,0.000011,0.000067,0.000074,0.000083,0.000092,0.000102,0.000101,0.000081,0.000057,0.000102,0.000181,0.000206
620,,,,,,,,,,,,,,0.000003,0.000083,0.000088,0.000090,0.000085,0.000056,0.000069,0.000072,0.000063,0.000062,0.000062,0.000042,0.000042,0.000034,0.000071,0.000074,0.000069,0.000084,0.000094,0.000112,0.000121,0.000098,0.000076,0.000051,0.000015,0.000020,0.000043,0.000043,0.000048,0.000045,0.000043,0.000062,0.000071,0.000053,0.000064,0.000139,0.000177
621,,,,,,,,,,,,,,0.000005,0.000231,0.000265,0.000205,0.000200,0.000136,0.000119,0.000121,0.000138,0.000146,0.000141,0.000141,0.000111,0.000108,0.000098,0.000085,0.000074,0.000074,0.000093,0.000089,0.000078,0.000059,0.000049,0.000032,0.000017,0.000011,0.000047,0.000046,0.000065,0.000058,0.000052,0.000053,0.000057,0.000030,0.000039,0.000071,0.000095
622,,,,,,,,,,,,,,0.000015,0.000476,0.000391,0.000314,0.000260,0.000158,0.000141,0.000151,0.000143,0.000140,0.000128,0.000087,0.000074,0.000062,0.000068,0.000066,0.000055,0.000059,0.000075,0.000067,0.000068,0.000074,0.000045,0.000037,0.000011,0.000008,0.000061,0.000070,0.000075,0.000077,0.000061,0.000077,0.000065,0.000035,0.000038,0.000064,0.000068
623,,,,,,,,,,,,,,0.000009,0.000265,0.000229,0.000213,0.000173,0.000110,0.000101,0.000104,0.000092,0.000079,0.000061,0.000056,0.000039,0.000032,0.000020,0.000014,0.000010,0.000010,0.000007,-0.000001,0.000011,0.000030,0.000051,0.000065,0.000039,0.000029,0.000076,0.000077,0.000068,0.000060,0.000057,0.000057,0.000052,0.000048,0.000048,0.000052,0.000068
624,,,,,,,,,,,,,,0.000003,0.000089,0.000075,0.000079,0.000090,0.000072,0.000088,0.000096,0.000114,0.000153,0.000170,0.000125,0.000109,0.000103,0.000140,0.000135,0.000139,0.000174,0.000189,0.000251,0.000279,0.000253,0.000186,0.000134,0.000051,0.000025,0.000105,0.000092,0.000076,0.000072,0.000072,0.000078,0.000062,0.000038,0.000042,0.000083,0.000112
625,,,,,,,,,,,,,,0.000011,0.000298,0.000291,0.000276,0.000252,0.000140,0.000152,0.000154,0.000142,0.000158,0.000154,0.000115,0.000097,0.000082,0.000096,0.000083,0.000064,0.000060,0.000063,0.000064,0.000073,0.000056,0.000021,0.000013,0.000017,0.000012,0.000061,0.000070,0.000078,0.000095,0.000085,0.000083,0.000080,0.000070,0.000098,0.000192,0.000240
626,,,,,,,,,,,,,,0.000005,0.000211,0.000266,0.000371,0.000391,0.000295,0.000368,0.000413,0.000360,0.000368,0.000317,0.000208,0.000211,0.000198,0.000239,0.000222,0.000191,0.000211,0.000207,0.000218,0.000198,0.000140,0.000058,0.000022,0.000004,0.000004,0.000047,0.000052,0.000069,0.000087,0.000089,0.000102,0.000088,0.000046,0.000090,0.000173,0.000231
627,,,,,,,,,,,,,,0.000002,0.000081,0.000080,0.000086,0.000086,0.000080,0.000091,0.000105,0.000118,0.000130,0.000134,0.000094,0.000082,0.000076,0.000090,0.000077,0.000062,0.000060,0.000043,0.000033,0.000021,0.000007,0.000004,0.000009,0.000016,0.000022,0.000085,0.000107,0.000110,0.000090,0.000069,0.000071,0.000064,0.000050,0.000156,0.000140,0.000148
628,,,,,,,,,,,,,,0.000005,0.000178,0.000168,0.000137,0.000103,0.000052,0.000065,0.000066,0.000062,0.000076,0.000082,0.000066,0.000073,0.000065,0.000102,0.000100,0.000089,0.000101,0.000113,0.000131,0.000148,0.000128,0.000080,0.000054,0.000018,0.000009,0.000035,0.000041,0.000037,0.000034,0.000038,0.000054,0.000051,0.000035,0.000028,0.000052,0.000058
629,,,,,,,,,,,,,,0.000003,0.000082,0.000095,0.000087,0.000081,0.000042,0.000053,0.000066,0.000066,0.000069,0.000070,0.000047,0.000045,0.000032,0.000054,0.000056,0.000048,0.000066,0.000064,0.000080,0.000085,0.000096,0.000093,0.000079,0.000031,0.000031,0.000202,0.000233,0.000133,0.000108,0.000094,0.000095,0.000070,0.000038,0.000121,0.000152,0.000161
630,,,,,,,,,,,,,,0.000002,0.000088,0.000112,0.000151,0.000162,0.000071,0.000102,0.000111,0.000087,0.000096,0.000090,0.000083,0.000094,0.000071,0.000109,0.000111,0.000105,0.000127,0.000140,0.000158,0.000150,0.000125,0.000066,0.000037,0.000013,0.000013,0.000087,0.000099,0.000108,0.000116,0.000136,0.000171,0.000139,0.000075,0.000097,0.000191,0.000240
631,,,,,,,,,,,,,,0.000010,0.000243,0.000202,0.000228,0.000184,0.000115,0.000179,0.000272,0.000327,0.000363,0.000405,0.000313,0.000290,0.000274,0.000412,0.000386,0.000301,0.000296,0.000254,0.000220,0.000188,0.000134,0.000075,0.000036,0.000010,0.000006,0.000035,0.000046,0.000050,0.000061,0.000057,0.000089,0.000102,0.000057,0.000094,0.000232,0.000275
632,,,,,,,,,,,,,,0.000003,0.000094,0.000094,0.000115,0.000104,0.000062,0.000084,0.000073,0.000065,0.000068,0.000058,0.000044,0.000050,0.000047,0.000068,0.000071,0.000068,0.000097,0.000100,0.000110,0.000110,0.000100,0.000081,0.000057,0.000019,0.000012,0.000045,0.000043,0.000051,0.000046,0.000042,0.000054,0.000060,0.000099,0.000074,0.000102,0.000098
633,,,,,,,,,,,,,,0.000012,0.000322,0.000276,0.000238,0.000188,0.000112,0.000138,0.000127,0.000137,0.000153,0.000148,0.000097,0.000103,0.000079,0.000084,0.000065,0.000056,0.000074,0.000088,0.000117,0.000120,0.000108,0.000080,0.000055,0.000020,0.000011,0.000042,0.000048,0.000056,0.000066,0.000086,0.000098,0.000094,0.000055,0.000095,0.000220,0.000276
634,,,,,,,,,,,,,,0.000010,0.000228,0.000184,0.000174,0.000160,0.000094,0.000151,0.000159,0.000161,0.000191,0.000174,0.000132,0.000135,0.000120,0.000172,0.000174,0.000155,0.000165,0.000161,0.000156,0.000141,0.000091,0.000054,0.000026,0.000006,0.000002,0.000025,0.000029,0.000040,0.000058,0.000074,0.000132,0.000167,0.000137,0.000342,0.000886,0.001116
635,,,,,,,,,,,,,,0.000015,0.000386,0.000338,0.000253,0.000199,0.000091,0.000108,0.000121,0.000113,0.000122,0.000127,0.000077,0.000083,0.000070,0.000089,0.000075,0.000074,0.000073,0.000094,0.000130,0.000138,0.000121,0.000072,0.000026,0.000007,0.000004,0.000020,0.000038,0.000053,0.000053,0.000043,0.000054,0.000049,0.000050,0.000105,0.000266,0.000470
636,,,,,,,,,,,,,,0.000013,0.000365,0.000437,0.000296,0.000245,0.000112,0.000132,0.000140,0.000126,0.000138,0.000122,0.000073,0.000060,0.000052,0.000068,0.000066,0.000053,0.000057,0.000050,0.000059,0.000067,0.000060,0.000048,0.000033,0.000018,0.000014,0.000048,0.000069,0.000104,0.000072,0.000086,0.000103,0.000106,0.000126,0.000192,0.000232,0.000326
637,,,,,,,,,,,,,,0.000003,0.000110,0.000106,0.000087,0.000081,0.000061,0.000066,0.000083,0.000079,0.000074,0.000068,0.000085,0.000070,0.000066,0.000096,0.000108,0.000096,0.000108,0.000106,0.000101,0.000084,0.000067,0.000041,0.000023,0.000008,0.000007,0.000035,0.000043,0.000048,0.000057,0.000052,0.000065,0.000070,0.000052,0.000084,0.000196,0.000221
638,,,,,,,,,,,,,,0.000004,0.000155,0.000140,0.000123,0.000104,0.000063,0.000064,0.000072,0.000070,0.000070,0.000059,0.000053,0.000047,0.000031,0.000016,0.000003,0.000010,0.000025,0.000043,0.000099,0.000183,0.000232,0.000239,0.000162,0.000076,0.000056,0.000167,0.000183,0.000214,0.000236,0.000246,0.000298,0.000279,0.000251,0.000278,0.000282,0.000302
639,,,,,,,,,,,,,,0.000014,0.000438,0.000440,0.000469,0.000412,0.000264,0.000312,0.000369,0.000397,0.000438,0.000427,0.000361,0.000328,0.000300,0.000480,0.000490,0.000447,0.000511,0.000515,0.000545,0.000536,0.000423,0.000261,0.000126,0.000021,0.000005,0.000074,0.000086,0.000092,0.000111,0.000116,0.000149,0.000144,0.000067,0.000104,0.000293,0.000395
640,,,,,,,,,,,,,,0.000006,0.000238,0.000231,0.000221,0.000196,0.000124,0.000106,0.000123,0.000116,0.000115,0.000112,0.000077,0.000070,0.000066,0.000082,0.000080,0.000071,0.000073,0.000070,0.000065,0.000079,0.000080,0.000071,0.000060,0.000028,0.000026,0.000093,0.000080,0.000090,0.000090,0.000089,0.000093,0.000083,0.000070,0.000127,0.000167,0.000181
641,,,,,,,,,,,,,,0.000004,0.000248,0.000227,0.000203,0.000183,0.000097,0.000112,0.000111,0.000110,0.000118,0.000131,0.000107,0.000115,0.000081,0.000111,0.000102,0.000086,0.000099,0.000089,0.000098,0.000092,0.000071,0.000050,0.000037,0.000013,0.000011,0.000093,0.000108,0.000116,0.000128,0.000122,0.000113,0.000089,0.000042,0.000054,0.000119,0.000137
642,,,,,,,,,,,,,,0.000004,0.000130,0.000118,0.000113,0.000106,0.000064,0.000066,0.000072,0.000064,0.000073,0.000051,0.000031,0.000042,0.000036,0.000046,0.000048,0.000054,0.000060,0.000086,0.000081,0.000075,0.000055,0.000050,0.000049,0.000023,0.000022,0.000069,0.000071,0.000088,0.000082,0.000063,0.000072,0.000053,0.000026,0.000054,0.000093,0.000106
643,,,,,,,,,,,,,,0.000011,0.000472,0.000490,0.000490,0.000458,0.000273,0.000367,0.000447,0.000452,0.000515,0.000530,0.000385,0.000390,0.000324,0.000535,0.000542,0.000488,0.000539,0.000535,0.000584,0.000580,0.000495,0.000336,0.000185,0.000040,0.000011,0.000075,0.000070,0.000103,0.000122,0.000121,0.000147,0.000141,0.000065,0.000056,0.000155,0.000200
644,,,,,,,,,,,,,,0.000006,0.000123,0.000102,0.000093,0.000073,0.000043,0.000054,0.000046,0.000039,0.000053,0.000048,0.000039,0.000041,0.000038,0.000058,0.000068,0.000058,0.000065,0.000067,0.000071,0.000068,0.000057,0.000049,0.000045,0.000016,0.000007,0.000047,0.000059,0.000084,0.000107,0.000140,0.000214,0.000203,0.000116,0.000201,0.000468,0.000536
645,,,,,,,,,,,,,,0.000006,0.000192,0.000186,0.000157,0.000122,0.000082,0.000086,0.000096,0.000082,0.000090,0.000094,0.000081,0.000087,0.000087,0.000130,0.000147,0.000143,0.000157,0.000149,0.000125,0.000093,0.000064,0.000033,0.000014,0.000007,0.000008,0.000043,0.000049,0.000060,0.000059,0.000051,0.000058,0.000049,0.000049,0.000118,0.000135,0.000151
646,,,,,,,,,,,,,,0.000003,0.000116,0.000105,0.000098,0.000091,0.000056,0.000075,0.000090,0.000095,0.000118,0.000106,0.000075,0.000084,0.000071,0.000094,0.000103,0.000101,0.000116,0.000125,0.000143,0.000160,0.000146,0.000145,0.000123,0.000041,0.000021,0.000061,0.000061,0.000068,0.000066,0.000065,0.000082,0.000068,0.000049,0.000050,0.000090,0.000110
647,,,,,,,,,,,,,,0.000004,0.000192,0.000159,0.000152,0.000127,0.000078,0.000069,0.000057,0.000057,0.000053,0.000055,0.000040,0.000049,0.000052,0.000072,0.000071,0.000079,0.000112,0.000136,0.000165,0.000177,0.000162,0.000106,0.000074,0.000024,0.000019,0.000073,0.000082,0.000096,0.000115,0.000129,0.000152,0.000128,0.000069,0.000090,0.000170,0.000199
648,,,,,,,,,,,,,,0.000002,0.000145,0.000126,0.000119,0.000093,0.000044,0.000054,0.000062,0.000056,0.000057,0.000052,0.000046,0.000038,0.000039,0.000050,0.000044,0.000035,0.000036,0.000033,0.000031,0.000027,0.000020,0.000019,0.000014,0.000012,0.000009,0.000032,0.000038,0.000043,0.000054,0.000050,0.000051,0.000046,0.000031,0.000033,0.000067,0.000083
649,,,,,,,,,,,,,,0.000002,0.000073,0.000079,0.000081,0.000109,0.000231,0.000044,0.000036,0.000040,0.000038,0.000034,0.000027,0.000019,0.000028,0.000020,0.000023,0.000023,0.000029,0.000038,0.000055,0.000072,0.000084,0.000089,0.000071,0.000035,0.000036,0.000208,0.000209,0.000182,0.000154,0.000136,0.000160,0.000166,0.000140,0.000124,0.000101,0.000103
650,,,,,,,,,,,,,,0.000002,0.000046,0.000046,0.000056,0.000048,0.000036,0.000048,0.000057,0.000072,0.000083,0.000085,0.000069,0.000068,0.000065,0.000101,0.000113,0.000106,0.000126,0.000133,0.000147,0.000149,0.000138,0.000103,0.000087,0.000041,0.000037,0.000114,0.000105,0.000098,0.000080,0.000080,0.000083,0.000080,0.000065,0.000049,0.000074,0.000084
651,,,,,,,,,,,,,,0.000004,0.000156,0.000138,0.000171,0.000136,0.000104,0.000089,0.000097,0.000099,0.000100,0.000103,0.000074,0.000078,0.000076,0.000096,0.000096,0.000087,0.000099,0.000110,0.000113,0.000106,0.000082,0.000046,0.000034,0.000012,0.000011,0.000043,0.000062,0.000066,0.000071,0.000057,0.000073,0.000062,0.000040,0.000075,0.000133,0.000176
652,,,,,,,,,,,,,,0.000012,0.000417,0.000310,0.000297,0.000244,0.000144,0.000130,0.000145,0.000196,0.000193,0.000169,0.000132,0.000126,0.000112,0.000149,0.000158,0.000159,0.000166,0.000170,0.000149,0.000114,0.000061,0.000019,0.000009,0.000014,0.000015,0.000079,0.000092,0.000105,0.000098,0.000082,0.000098,0.000075,0.000045,0.000101,0.000200,0.000267
653,,,,,,,,,,,,,,0.000005,0.000140,0.000130,0.000131,0.000109,0.000059,0.000045,0.000058,0.000060,0.000068,0.000070,0.000068,0.000066,0.000073,0.000123,0.000141,0.000127,0.000136,0.000134,0.000136,0.000130,0.000101,0.000075,0.000051,0.000020,0.000015,0.000037,0.000044,0.000053,0.000045,0.000048,0.000064,0.000059,0.000046,0.000057,0.000110,0.000159
654,,,,,,,,,,,,,,0.000003,0.000107,0.000111,0.000104,0.000097,0.000065,0.000086,0.000105,0.000110,0.000147,0.000170,0.000157,0.000130,0.000141,0.000177,0.000153,0.000125,0.000132,0.000112,0.000099,0.000075,0.000055,0.000045,0.000027,0.000016,0.000015,0.000072,0.000079,0.000080,0.000091,0.000087,0.000089,0.000099,0.000059,0.000084,0.000117,0.000133
655,,,,,,,,,,,,,,0.000004,0.000163,0.000165,0.000162,0.000137,0.000079,0.000081,0.000089,0.000110,0.000100,0.000091,0.000064,0.000057,0.000042,0.000041,0.000024,0.000012,-0.000004,-0.000003,-0.000005,0.000007,0.000026,0.000062,0.000087,0.000047,0.000054,0.000165,0.000152,0.000150,0.000129,0.000118,0.000112,0.000067,0.000038,0.000047,0.000091,0.000091
656,,,,,,,,,,,,,,0.000003,0.000114,0.000109,0.000101,0.000100,0.000059,0.000053,0.000056,0.000050,0.000052,0.000053,0.000049,0.000051,0.000075,0.000169,0.000234,0.000219,0.000229,0.000199,0.000183,0.000182,0.000143,0.000100,0.000065,0.000027,0.000019,0.000064,0.000061,0.000046,0.000036,0.000029,0.000035,0.000030,0.000030,0.000047,0.000074,0.000097
657,,,,,,,,,,,,,,0.000003,0.000134,0.000125,0.000121,0.000106,0.000057,0.000054,0.000058,0.000061,0.000075,0.000085,0.000075,0.000075,0.000083,0.000109,0.000103,0.000097,0.000110,0.000111,0.000112,0.000104,0.000080,0.000046,0.000034,0.000021,0.000017,0.000054,0.000064,0.000075,0.000083,0.000079,0.000085,0.000082,0.000069,0.000089,0.000147,0.000168
658,,,,,,,,,,,,,,0.000006,0.000271,0.000287,0.000317,0.000353,0.000275,0.000367,0.000405,0.000364,0.000312,0.000299,0.000175,0.000136,0.000097,0.000116,0.000091,0.000065,0.000075,0.000091,0.000099,0.000104,0.000097,0.000070,0.000027,0.000009,0.000005,0.000040,0.000039,0.000049,0.000068,0.000060,0.000069,0.000054,0.000026,0.000055,0.000109,0.000126
659,,,,,,,,,,,,,,0.000004,0.000126,0.000125,0.000116,0.000107,0.000075,0.000113,0.000157,0.000173,0.000164,0.000162,0.000108,0.000104,0.000090,0.000154,0.000142,0.000126,0.000142,0.000161,0.000192,0.000208,0.000182,0.000118,0.000062,0.000014,0.000008,0.000061,0.000067,0.000073,0.000080,0.000069,0.000081,0.000063,0.000034,0.000067,0.000141,0.000230
660,,,,,,,,,,,,,,0.000003,0.000066,0.000072,0.000072,0.000076,0.000046,0.000079,0.000095,0.000092,0.000078,0.000064,0.000075,0.000059,0.000064,0.000090,0.000089,0.000063,0.000083,0.000082,0.000082,0.000082,0.000082,0.000073,0.000061,0.000038,0.000026,0.000088,0.000091,0.000105,0.000094,0.000077,0.000080,0.000069,0.000035,0.000056,0.000098,0.000116
661,,,,,,,,,,,,,,0.000003,0.000084,0.000091,0.000080,0.000076,0.000042,0.000061,0.000087,0.000140,0.000157,0.000205,0.000164,0.000170,0.000153,0.000215,0.000177,0.000123,0.000114,0.000102,0.000105,0.000121,0.000129,0.000081,0.000049,0.000015,0.000010,0.000087,0.000101,0.000150,0.000154,0.000145,0.000190,0.000153,0.000086,0.000114,0.000159,0.000247
662,,,,,,,,,,,,,,0.000002,0.000062,0.000057,0.000051,0.000054,0.000041,0.000055,0.000058,0.000074,0.000066,0.000055,0.000055,0.000057,0.000066,0.000109,0.000123,0.000142,0.000182,0.000230,0.000332,0.000448,0.000481,0.000387,0.000249,0.000078,0.000046,0.000147,0.000202,0.000185,0.000146,0.000103,0.000113,0.000107,0.000079,0.000086,0.000108,0.000120
663,,,,,,,,,,,,,,0.000002,0.000063,0.000068,0.000063,0.000055,0.000150,0.000041,0.000051,0.000042,0.000049,0.000052,0.000082,0.000120,0.000132,0.000071,0.000073,0.000065,0.000069,0.000068,0.000077,0.000078,0.000072,0.000075,0.000047,0.000019,0.000015,0.000066,0.000079,0.000068,0.000057,0.000044,0.000059,0.000067,0.000045,0.000094,0.000089,0.000103
664,,,,,,,,,,,,,,0.000005,0.000148,0.000155,0.000173,0.000167,0.000082,0.000136,0.000150,0.000145,0.000154,0.000155,0.000112,0.000107,0.000105,0.000172,0.000167,0.000164,0.000190,0.000170,0.000187,0.000166,0.000119,0.000069,0.000035,0.000008,0.000006,0.000037,0.000052,0.000067,0.000087,0.000107,0.000150,0.000139,0.000078,0.000116,0.000289,0.000334
665,,,,,,,,,,,,,,0.000006,0.000359,0.000436,0.000483,0.000472,0.000255,0.000260,0.000252,0.000232,0.000222,0.000204,0.000142,0.000120,0.000103,0.000141,0.000139,0.000114,0.000123,0.000125,0.000128,0.000133,0.000120,0.000084,0.000051,0.000012,0.000005,0.000028,0.000055,0.000093,0.000138,0.000148,0.000164,0.000135,0.000053,0.000075,0.000158,0.000177
666,,,,,,,,,,,,,,0.000005,0.000183,0.000157,0.000167,0.000156,0.000201,0.000197,0.000218,0.000328,0.000328,0.000303,0.000247,0.000273,0.000265,0.000381,0.000402,0.000345,0.000310,0.000260,0.000211,0.000194,0.000140,0.000095,0.000053,0.000014,0.000006,0.000025,0.000035,0.000024,0.000033,0.000052,0.000068,0.000062,0.000029,0.000043,0.000105,0.000127
667,,,,,,,,,,,,,,0.000016,0.000343,0.000267,0.000222,0.000155,0.000105,0.000092,0.000104,0.000103,0.000129,0.000123,0.000091,0.000082,0.000062,0.000082,0.000062,0.000041,0.000034,0.000005,-0.000003,0.000017,0.000030,0.000037,0.000032,0.000029,0.000019,0.000042,0.000046,0.000050,0.000050,0.000051,0.000065,0.000077,0.000069,0.000066,0.000140,0.000235
668,,,,,,,,,,,,,,0.000004,0.000100,0.000095,0.000092,0.000084,0.000054,0.000067,0.000082,0.000083,0.000095,0.000093,0.000086,0.000076,0.000071,0.000095,0.000095,0.000073,0.000097,0.000090,0.000087,0.000068,0.000051,0.000029,0.000023,0.000010,0.000008,0.000047,0.000057,0.000069,0.000071,0.000076,0.000090,0.000078,0.000045,0.000068,0.000140,0.000190
669,,,,,,,,,,,,,,0.000004,0.000088,0.000078,0.000097,0.000081,0.000052,0.000065,0.000068,0.000067,0.000080,0.000086,0.000069,0.000077,0.000080,0.000118,0.000129,0.000120,0.000130,0.000117,0.000122,0.000127,0.000100,0.000078,0.000051,0.000022,0.000016,0.000049,0.000063,0.000049,0.000078,0.000107,0.000142,0.000159,0.000115,0.000138,0.000231,0.000263
670,,,,,,,,,,,,,,0.000005,0.000111,0.000095,0.000073,0.000060,0.000035,0.000041,0.000070,0.000077,0.000083,0.000145,0.000149,0.000215,0.000315,0.000720,0.000940,0.000945,0.001053,0.001036,0.001020,0.000977,0.000752,0.000557,0.000340,0.000103,0.000064,0.000199,0.000158,0.000154,0.000186,0.000142,0.000166,0.000149,0.000080,0.000087,0.000184,0.000240
671,,,,,,,,,,,,,,0.000008,0.000268,0.000249,0.000274,0.000251,0.000152,0.000164,0.000187,0.000190,0.000242,0.000231,0.000176,0.000177,0.000169,0.000282,0.000279,0.000250,0.000257,0.000269,0.000272,0.000234,0.000182,0.000089,0.000039,0.000007,0.000006,0.000062,0.000075,0.000116,0.000133,0.000131,0.000187,0.000162,0.000088,0.000153,0.000325,0.000415
672,,,,,,,,,,,,,,0.000003,0.000080,0.000081,0.000078,0.000073,0.000057,0.000051,0.000062,0.000059,0.000075,0.000070,0.000069,0.000077,0.000072,0.000092,0.000093,0.000082,0.000087,0.000093,0.000105,0.000105,0.000087,0.000058,0.000035,0.000009,0.000004,0.000046,0.000056,0.000075,0.000104,0.000108,0.000150,0.000168,0.000119,0.000098,0.000087,0.000104
673,,,,,,,,,,,,,,0.000009,0.000324,0.000300,0.000241,0.000213,0.000126,0.000134,0.000164,0.000152,0.000162,0.000151,0.000095,0.000080,0.000058,0.000082,0.000066,0.000056,0.000062,0.000055,0.000054,0.000043,0.000039,0.000050,0.000055,0.000031,0.000020,0.000064,0.000053,0.000070,0.000050,0.000032,0.000036,0.000031,0.000029,0.000026,0.000068,0.000091
674,,,,,,,,,,,,,,0.000003,0.000096,0.000099,0.000101,0.000098,0.000052,0.000071,0.000077,0.000070,0.000076,0.000072,0.000052,0.000048,0.000051,0.000086,0.000096,0.000087,0.000091,0.000092,0.000102,0.000098,0.000079,0.000042,0.000021,0.000004,0.000004,0.000030,0.000031,0.000041,0.000049,0.000053,0.000108,0.000183,0.000096,0.000146,0.000128,0.000149
675,,,,,,,,,,,,,,0.000009,0.000310,0.000291,0.000232,0.000209,0.000123,0.000101,0.000108,0.000102,0.000091,0.000084,0.000066,0.000061,0.000052,0.000059,0.000056,0.000049,0.000044,0.000043,0.000042,0.000035,0.000039,0.000043,0.000045,0.000027,0.000024,0.000073,0.000061,0.000066,0.000070,0.000055,0.000052,0.000039,0.000024,0.000041,0.000072,0.000087
676,,,,,,,,,,,,,,0.000008,0.000255,0.000276,0.000387,0.000341,0.000241,0.000271,0.000304,0.000316,0.000337,0.000322,0.000213,0.000214,0.000155,0.000224,0.000184,0.000133,0.000124,0.000110,0.000114,0.000115,0.000085,0.000047,0.000029,0.000012,0.000015,0.000126,0.000148,0.000120,0.000108,0.000108,0.000105,0.000081,0.000038,0.000067,0.000121,0.000152
677,,,,,,,,,,,,,,0.000004,0.000150,0.000160,0.000175,0.000161,0.000087,0.000113,0.000127,0.000115,0.000117,0.000103,0.000095,0.000087,0.000089,0.000127,0.000139,0.000115,0.000128,0.000126,0.000117,0.000112,0.000100,0.000051,0.000026,0.000010,0.000007,0.000043,0.000054,0.000062,0.000069,0.000072,0.000084,0.000060,0.000030,0.000057,0.000104,0.000115
678,,,,,,,,,,,,,,0.000013,0.000329,0.000286,0.000288,0.000289,0.000184,0.000273,0.000323,0.000341,0.000395,0.000398,0.000308,0.000257,0.000220,0.000327,0.000315,0.000263,0.000274,0.000252,0.000246,0.000207,0.000128,0.000078,0.000047,0.000017,0.000008,0.000042,0.000025,0.000032,0.000028,0.000032,0.000046,0.000064,0.000101,0.000117,0.000078,0.000085
679,,,,,,,,,,,,,,0.000007,0.000224,0.000204,0.000169,0.000148,0.000100,0.000096,0.000106,0.000110,0.000121,0.000099,0.000076,0.000069,0.000069,0.000108,0.000112,0.000120,0.000146,0.000142,0.000157,0.000136,0.000117,0.000080,0.000051,0.000013,0.000007,0.000036,0.000033,0.000054,0.000073,0.000095,0.000127,0.000119,0.000054,0.000115,0.000210,0.000274
680,,,,,,,,,,,,,,0.000002,0.000062,0.000058,0.000057,0.000045,0.000031,0.000035,0.000042,0.000047,0.000056,0.000061,0.000038,0.000038,0.000037,0.000046,0.000050,0.000058,0.000077,0.000092,0.000130,0.000179,0.000186,0.000176,0.000138,0.000061,0.000032,0.000128,0.000146,0.000121,0.000109,0.000092,0.000111,0.000098,0.000057,0.000060,0.000098,0.000123
681,,,,,,,,,,,,,,0.000004,0.000107,0.000086,0.000075,0.000065,0.000039,0.000044,0.000045,0.000037,0.000047,0.000041,0.000037,0.000030,0.000038,0.000052,0.000061,0.000061,0.000077,0.000078,0.000094,0.000098,0.000098,0.000066,0.000039,0.000012,0.000006,0.000031,0.000047,0.000066,0.000117,0.000166,0.000236,0.000245,0.000136,0.000193,0.000403,0.000455
682,,,,,,,,,,,,,,0.000007,0.000262,0.000229,0.000161,0.000158,0.000080,0.000083,0.000107,0.000141,0.000181,0.000241,0.000173,0.000208,0.000194,0.000349,0.000375,0.000338,0.000368,0.000348,0.000301,0.000280,0.000223,0.000144,0.000077,0.000017,0.000011,0.000054,0.000083,0.000093,0.000115,0.000130,0.000152,0.000140,0.000070,0.000094,0.000193,0.000229
683,,,,,,,,,,,,,,0.000009,0.000244,0.000228,0.000175,0.000139,0.000066,0.000061,0.000061,0.000058,0.000051,0.000053,0.000040,0.000045,0.000049,0.000047,0.000055,0.000054,0.000074,0.000081,0.000083,0.000076,0.000060,0.000039,0.000021,0.000010,0.000011,0.000038,0.000047,0.000048,0.000041,0.000035,0.000040,0.000031,0.000023,0.000037,0.000065,0.000114
684,,,,,,,,,,,,,,0.000002,0.000083,0.000080,0.000083,0.000073,0.000039,0.000067,0.000078,0.000097,0.000136,0.000167,0.000149,0.000173,0.000190,0.000379,0.000424,0.000404,0.000452,0.000422,0.000407,0.000373,0.000281,0.000175,0.000097,0.000023,0.000014,0.000058,0.000053,0.000044,0.000046,0.000036,0.000045,0.000044,0.000034,0.000036,0.000024,0.000007
685,,,,,,,,,,,,,,0.000005,0.000162,0.000163,0.000205,0.000187,0.000155,0.000127,0.000151,0.000150,0.000138,0.000125,0.000094,0.000085,0.000080,0.000115,0.000114,0.000110,0.000122,0.000120,0.000114,0.000097,0.000064,0.000026,0.000006,0.000009,0.000014,0.000076,0.000078,0.000084,0.000098,0.000089,0.000097,0.000078,0.000047,0.000081,0.000155,0.000197
686,,,,,,,,,,,,,,0.000006,0.000224,0.000190,0.000172,0.000155,0.000096,0.000117,0.000127,0.000119,0.000137,0.000122,0.000092,0.000090,0.000067,0.000066,0.000054,0.000046,0.000059,0.000053,0.000069,0.000075,0.000085,0.000076,0.000058,0.000024,0.000014,0.000045,0.000057,0.000058,0.000061,0.000058,0.000091,0.000170,0.000175,0.000176,0.000323,0.000278
687,,,,,,,,,,,,,,0.000003,0.000109,0.000092,0.000080,0.000088,0.000052,0.000064,0.000079,0.000077,0.000077,0.000072,0.000059,0.000053,0.000052,0.000070,0.000082,0.000076,0.000092,0.000089,0.000103,0.000116,0.000113,0.000097,0.000082,0.000032,0.000016,0.000052,0.000064,0.000065,0.000053,0.000047,0.000060,0.000067,0.000065,0.000142,0.000101,0.000094
688,,,,,,,,,,,,,,0.000006,0.000158,0.000145,0.000137,0.000124,0.000071,0.000086,0.000098,0.000090,0.000109,0.000113,0.000085,0.000089,0.000085,0.000136,0.000138,0.000120,0.000128,0.000129,0.000136,0.000133,0.000113,0.000074,0.000042,0.000014,0.000007,0.000030,0.000036,0.000062,0.000083,0.000079,0.000088,0.000073,0.000039,0.000086,0.000232,0.000306
689,,,,,,,,,,,,,,0.000003,0.000147,0.000127,0.000109,0.000099,0.000062,0.000074,0.000091,0.000099,0.000133,0.000163,0.000150,0.000184,0.000183,0.000182,0.000155,0.000141,0.000146,0.000131,0.000124,0.000115,0.000087,0.000050,0.000032,0.000015,0.000012,0.000045,0.000041,0.000050,0.000055,0.000059,0.000069,0.000066,0.000044,0.000055,0.000087,0.000111
690,,,,,,,,,,,,,,0.000007,0.000245,0.000215,0.000172,0.000145,0.000104,0.000094,0.000107,0.000098,0.000091,0.000074,0.000077,0.000068,0.000067,0.000116,0.000126,0.000123,0.000137,0.000125,0.000131,0.000104,0.000081,0.000042,0.000030,0.000020,0.000012,0.000052,0.000058,0.000057,0.000060,0.000056,0.000068,0.000064,0.000034,0.000041,0.000063,0.000083
691,,,,,,,,,,,,,,0.000005,0.000173,0.000143,0.000132,0.000118,0.000112,0.000078,0.000111,0.000169,0.000159,0.000220,0.000190,0.000265,0.000177,0.000119,0.000088,0.000050,0.000045,0.000026,0.000013,0.000021,0.000034,0.000045,0.000034,0.000021,0.000025,0.000081,0.000077,0.000088,0.000082,0.000083,0.000091,0.000083,0.000063,0.000104,0.000156,0.000193
692,,,,,,,,,,,,,,0.000004,0.000081,0.000084,0.000082,0.000069,0.000044,0.000049,0.000053,0.000056,0.000051,0.000048,0.000282,0.000074,0.000079,0.000042,0.000041,0.000034,0.000035,0.000031,0.000039,0.000038,0.000035,0.000030,0.000021,0.000013,0.000010,0.000039,0.000051,0.000060,0.000069,0.000077,0.000111,0.000117,0.000077,0.000105,0.000218,0.000228
693,,,,,,,,,,,,,,0.000004,0.000156,0.000137,0.000137,0.000121,0.000086,0.000121,0.000177,0.000240,0.000201,0.000168,0.000133,0.000127,0.000111,0.000128,0.000118,0.000104,0.000098,0.000097,0.000097,0.000096,0.000081,0.000054,0.000030,0.000011,0.000009,0.000035,0.000039,0.000058,0.000058,0.000057,0.000055,0.000049,0.000052,0.000056,0.000116,0.000146
694,,,,,,,,,,,,,,0.000005,0.000194,0.000207,0.000309,0.000392,0.000330,0.000362,0.000374,0.000315,0.000281,0.000258,0.000160,0.000170,0.000145,0.000188,0.000188,0.000157,0.000172,0.000183,0.000182,0.000166,0.000132,0.000096,0.000054,0.000016,0.000008,0.000040,0.000042,0.000045,0.000058,0.000056,0.000063,0.000063,0.000037,0.000034,0.000106,0.000136
695,,,,,,,,,,,,,,0.000002,0.000080,0.000074,0.000073,0.000062,0.000039,0.000053,0.000048,0.000056,0.000057,0.000055,0.000045,0.000048,0.000053,0.000093,0.000100,0.000099,0.000113,0.000109,0.000120,0.000130,0.000122,0.000092,0.000063,0.000018,0.000009,0.000020,0.000033,0.000040,0.000048,0.000052,0.000073,0.000094,0.000063,0.000081,0.000124,0.000156
696,,,,,,,,,,,,,,0.000003,0.000082,0.000096,0.000077,0.000079,0.000036,0.000049,0.000069,0.000092,0.000132,0.000148,0.000125,0.000177,0.000146,0.000224,0.000214,0.000173,0.000175,0.000181,0.000180,0.000162,0.000123,0.000076,0.000042,0.000016,0.000009,0.000047,0.000058,0.000069,0.000072,0.000071,0.000075,0.000064,0.000034,0.000052,0.000083,0.000094
697,,,,,,,,,,,,,,0.000005,0.000175,0.000160,0.000155,0.000138,0.000082,0.000103,0.000122,0.000123,0.000140,0.000144,0.000107,0.000097,0.000093,0.000114,0.000099,0.000082,0.000084,0.000078,0.000083,0.000079,0.000053,0.000023,0.000008,0.000005,0.000010,0.000073,0.000083,0.000095,0.000091,0.000085,0.000084,0.000069,0.000039,0.000079,0.000164,0.000202
698,,,,,,,,,,,,,,0.000005,0.000156,0.000143,0.000138,0.000123,0.000071,0.000069,0.000081,0.000070,0.000079,0.000087,0.000066,0.000055,0.000053,0.000071,0.000071,0.000073,0.000093,0.000113,0.000120,0.000132,0.000121,0.000089,0.000073,0.000033,0.000022,0.000065,0.000077,0.000079,0.000077,0.000047,0.000067,0.000066,0.000052,0.000071,0.000175,0.000243
699,,,,,,,,,,,,,,0.000005,0.000182,0.000166,0.000153,0.000129,0.000097,0.000089,0.000107,0.000121,0.000108,0.000112,0.000144,0.000089,0.000092,0.000110,0.000111,0.000097,0.000098,0.000086,0.000084,0.000066,0.000047,0.000028,0.000019,0.000018,0.000019,0.000079,0.000090,0.000103,0.000125,0.000101,0.000096,0.000079,0.000059,0.000088,0.000153,0.000173
700,,,,,,,,,,,,,,0.000013,0.000297,0.000283,0.000277,0.000240,0.000137,0.000159,0.000187,0.000174,0.000180,0.000150,0.000108,0.000096,0.000086,0.000101,0.000090,0.000075,0.000069,0.000062,0.000070,0.000074,0.000057,0.000037,0.000021,0.000007,0.000006,0.000031,0.000039,0.000045,0.000052,0.000095,0.000197,0.000258,0.000164,0.000306,0.000887,0.001011
701,,,,,,,,,,,,,,0.000012,0.000364,0.000307,0.000317,0.000267,0.000184,0.000302,0.000395,0.000432,0.000451,0.000390,0.000257,0.000226,0.000171,0.000209,0.000168,0.000119,0.000109,0.000100,0.000086,0.000069,0.000040,0.000021,0.000004,0.000012,0.000016,0.000062,0.000082,0.000087,0.000088,0.000082,0.000088,0.000064,0.000037,0.000066,0.000138,0.000189
702,,,,,,,,,,,,,,0.000005,0.000103,0.000086,0.000078,0.000061,0.000026,0.000027,0.000018,0.000018,0.000050,0.000050,0.000058,0.000105,0.000131,0.000210,0.000264,0.000306,0.000382,0.000468,0.000569,0.000623,0.000514,0.000327,0.000189,0.000048,0.000026,0.000104,0.000150,0.000199,0.000251,0.000279,0.000314,0.000288,0.000194,0.000218,0.000346,0.000392
703,,,,,,,,,,,,,,0.000006,0.000271,0.000243,0.000205,0.000177,0.000124,0.000113,0.000115,0.000138,0.000133,0.000103,0.000080,0.000079,0.000090,0.000128,0.000120,0.000097,0.000112,0.000104,0.000123,0.000135,0.000106,0.000060,0.000043,0.000022,0.000016,0.000090,0.000078,0.000079,0.000089,0.000086,0.000115,0.000111,0.000146,0.000163,0.000218,0.000260
704,,,,,,,,,,,,,,0.000005,0.000198,0.000206,0.000268,0.000260,0.000188,0.000233,0.000296,0.000306,0.000352,0.000326,0.000247,0.000221,0.000184,0.000272,0.000237,0.000197,0.000202,0.000187,0.000185,0.000174,0.000133,0.000096,0.000061,0.000018,0.000009,0.000039,0.000038,0.000064,0.000057,0.000051,0.000062,0.000049,0.000027,0.000016,0.000020,0.000020
705,,,,,,,,,,,,,,0.000003,0.000079,0.000083,0.000089,0.000080,0.000040,0.000055,0.000055,0.000056,0.000062,0.000054,0.000049,0.000053,0.000047,0.000064,0.000082,0.000085,0.000100,0.000117,0.000128,0.000136,0.000120,0.000092,0.000054,0.000020,0.000011,0.000096,0.000112,0.000148,0.000173,0.000139,0.000131,0.000095,0.000034,0.000023,0.000068,0.000080
706,,,,,,,,,,,,,,0.000004,0.000105,0.000096,0.000107,0.000101,0.000064,0.000067,0.000065,0.000088,0.000090,0.000084,0.000084,0.000086,0.000091,0.000152,0.000163,0.000152,0.000164,0.000157,0.000165,0.000158,0.000126,0.000083,0.000048,0.000011,0.000008,0.000038,0.000054,0.000060,0.000045,0.000047,0.000060,0.000059,0.000036,0.000045,0.000085,0.000139
707,,,,,,,,,,,,,,0.000003,0.000072,0.000074,0.000067,0.000123,0.000081,0.000109,0.000108,0.000098,0.000099,0.000087,0.000057,0.000045,0.000049,0.000050,0.000049,0.000046,0.000037,0.000029,0.000027,0.000023,0.000016,0.000029,0.000028,0.000024,0.000030,0.000132,0.000136,0.000136,0.000115,0.000089,0.000077,0.000066,0.000044,0.000060,0.000106,0.000125
708,,,,,,,,,,,,,,0.000007,0.000330,0.000258,0.000259,0.000219,0.000131,0.000137,0.000148,0.000174,0.000150,0.000134,0.000095,0.000084,0.000067,0.000074,0.000067,0.000062,0.000077,0.000080,0.000074,0.000063,0.000053,0.000030,0.000012,0.000009,0.000012,0.000048,0.000061,0.000065,0.000059,0.000056,0.000056,0.000060,0.000036,0.000076,0.000123,0.000132
709,,,,,,,,,,,,,,0.000017,0.000500,0.000515,0.000518,0.000465,0.000274,0.000346,0.000350,0.000325,0.000355,0.000335,0.000234,0.000229,0.000200,0.000345,0.000380,0.000366,0.000426,0.000446,0.000473,0.000454,0.000358,0.000228,0.000122,0.000022,0.000004,0.000098,0.000118,0.000152,0.000192,0.000192,0.000262,0.000254,0.000138,0.000194,0.000494,0.000640
710,,,,,,,,,,,,,,0.000009,0.000236,0.000241,0.000189,0.000151,0.000080,0.000080,0.000080,0.000080,0.000084,0.000068,0.000063,0.000051,0.000048,0.000063,0.000066,0.000068,0.000068,0.000082,0.000089,0.000089,0.000077,0.000064,0.000041,0.000016,0.000010,0.000036,0.000042,0.000045,0.000049,0.000050,0.000052,0.000045,0.000045,0.000049,0.000081,0.000135
711,,,,,,,,,,,,,,0.000013,0.000312,0.000267,0.000246,0.000172,0.000108,0.000099,0.000098,0.000102,0.000081,0.000064,0.000043,0.000035,0.000030,0.000033,0.000027,0.000017,0.000016,0.000007,0.000003,0.000025,0.000057,0.000069,0.000075,0.000092,0.000087,0.000337,0.000332,0.000415,0.000343,0.000238,0.000212,0.000157,0.000071,0.000146,0.000335,0.000464
712,,,,,,,,,,,,,,0.000005,0.000220,0.000198,0.000155,0.000159,0.000082,0.000080,0.000089,0.000095,0.000125,0.000141,0.000112,0.000126,0.000124,0.000209,0.000222,0.000211,0.000240,0.000236,0.000243,0.000242,0.000205,0.000143,0.000083,0.000022,0.000010,0.000045,0.000084,0.000084,0.000077,0.000092,0.000091,0.000078,0.000051,0.000045,0.000078,0.000093
713,,,,,,,,,,,,,,0.000005,0.000148,0.000131,0.000125,0.000104,0.000103,0.000099,0.000146,0.000164,0.000155,0.000092,0.000093,0.000080,0.000081,0.000088,0.000090,0.000102,0.000139,0.000168,0.000193,0.000182,0.000119,0.000067,0.000029,0.000009,0.000006,0.000039,0.000046,0.000056,0.000056,0.000058,0.000088,0.000081,0.000053,0.000111,0.000263,0.000331
714,,,,,,,,,,,,,,0.000004,0.000151,0.000140,0.000153,0.000152,0.000099,0.000119,0.000126,0.000139,0.000158,0.000145,0.000126,0.000105,0.000098,0.000130,0.000118,0.000098,0.000115,0.000107,0.000096,0.000083,0.000056,0.000023,0.000014,0.000007,0.000011,0.000047,0.000049,0.000069,0.000091,0.000071,0.000086,0.000086,0.000055,0.000091,0.000161,0.000191
715,,,,,,,,,,,,,,0.000010,0.000218,0.000187,0.000164,0.000135,0.000073,0.000080,0.000081,0.000108,0.000105,0.000101,0.000077,0.000091,0.000092,0.000127,0.000127,0.000115,0.000106,0.000091,0.000081,0.000066,0.000047,0.000033,0.000020,0.000014,0.000013,0.000050,0.000053,0.000046,0.000046,0.000048,0.000058,0.000045,0.000037,0.000068,0.000111,0.000118
716,,,,,,,,,,,,,,0.000005,0.000158,0.000182,0.000162,0.000133,0.000083,0.000094,0.000098,0.000105,0.000131,0.000133,0.000100,0.000104,0.000094,0.000145,0.000142,0.000119,0.000130,0.000123,0.000112,0.000107,0.000083,0.000064,0.000044,0.000016,0.000009,0.000032,0.000032,0.000032,0.000035,0.000041,0.000056,0.000056,0.000041,0.000059,0.000097,0.000105
717,,,,,,,,,,,,,,0.000012,0.000283,0.000272,0.000253,0.000232,0.000106,0.000134,0.000146,0.000151,0.000185,0.000192,0.000148,0.000145,0.000121,0.000191,0.000196,0.000175,0.000187,0.000187,0.000180,0.000167,0.000130,0.000084,0.000046,0.000011,0.000005,0.000034,0.000057,0.000073,0.000086,0.000087,0.000110,0.000111,0.000060,0.000082,0.000202,0.000276
718,,,,,,,,,,,,,,0.000007,0.000249,0.000223,0.000204,0.000161,0.000084,0.000096,0.000089,0.000096,0.000111,0.000115,0.000100,0.000071,0.000070,0.000082,0.000088,0.000078,0.000066,0.000061,0.000056,0.000053,0.000035,0.000026,0.000014,0.000008,0.000008,0.000043,0.000056,0.000077,0.000097,0.000111,0.000122,0.000099,0.000053,0.000085,0.000168,0.000202
719,,,,,,,,,,,,,,0.000005,0.000193,0.000168,0.000173,0.000137,0.000093,0.000082,0.000081,0.000065,0.000074,0.000064,0.000063,0.000056,0.000047,0.000036,0.000028,0.000020,0.000019,0.000026,0.000028,0.000032,0.000029,0.000026,0.000016,0.000022,0.000025,0.000062,0.000065,0.000074,0.000082,0.000074,0.000075,0.000061,0.000056,0.000093,0.000097,0.000116
720,,,,,,,,,,,,,,0.000005,0.000161,0.000149,0.000151,0.000129,0.000112,0.000092,0.000101,0.000101,0.000097,0.000076,0.000073,0.000066,0.000065,0.000041,0.000028,0.000027,0.000022,0.000010,0.000013,0.000016,0.000013,0.000009,0.000012,0.000015,0.000018,0.000074,0.000079,0.000091,0.000089,0.000076,0.000079,0.000075,0.000051,0.000087,0.000171,0.000207
721,,,,,,,,,,,,,,0.000003,0.000127,0.000123,0.000107,0.000091,0.000062,0.000056,0.000055,0.000056,0.000066,0.000061,0.000179,0.000094,0.000124,0.000094,0.000112,0.000108,0.000111,0.000103,0.000104,0.000107,0.000083,0.000061,0.000033,0.000012,0.000008,0.000033,0.000034,0.000031,0.000027,0.000021,0.000026,0.000029,0.000046,0.000092,0.000092,0.000104
722,,,,,,,,,,,,,,0.000003,0.000103,0.000078,0.000077,0.000055,0.000042,0.000040,0.000037,0.000049,0.000052,0.000042,0.000042,0.000038,0.000047,0.000058,0.000062,0.000057,0.000066,0.000075,0.000087,0.000094,0.000088,0.000072,0.000053,0.000026,0.000020,0.000067,0.000073,0.000071,0.000052,0.000053,0.000056,0.000057,0.000142,0.000093,0.000087,0.000104
723,,,,,,,,,,,,,,0.000003,0.000093,0.000088,0.000104,0.000097,0.000074,0.000063,0.000082,0.000098,0.000119,0.000095,0.000138,0.000074,0.000073,0.000091,0.000087,0.000063,0.000063,0.000065,0.000060,0.000060,0.000049,0.000031,0.000014,0.000014,0.000011,0.000069,0.000114,0.000063,0.000068,0.000064,0.000079,0.000061,0.000036,0.000069,0.000114,0.000123
724,,,,,,,,,,,,,,0.000003,0.000097,0.000090,0.000080,0.000072,0.000051,0.000064,0.000065,0.000062,0.000071,0.000063,0.000051,0.000057,0.000052,0.000086,0.000088,0.000080,0.000092,0.000088,0.000101,0.000109,0.000093,0.000076,0.000048,0.000018,0.000013,0.000053,0.000070,0.000073,0.000071,0.000068,0.000068,0.000068,0.000039,0.000037,0.000079,0.000099
725,,,,,,,,,,,,,,0.000005,0.000206,0.000171,0.000158,0.000121,0.000077,0.000077,0.000078,0.000075,0.000084,0.000075,0.000065,0.000064,0.000052,0.000054,0.000053,0.000047,0.000050,0.000053,0.000060,0.000064,0.000056,0.000041,0.000037,0.000019,0.000014,0.000065,0.000076,0.000095,0.000096,0.000073,0.000094,0.000097,0.000067,0.000060,0.000060,0.000080
726,,,,,,,,,,,,,,0.000002,0.000099,0.000097,0.000113,0.000128,0.000100,0.000159,0.000235,0.000256,0.000298,0.000270,0.000184,0.000162,0.000113,0.000149,0.000121,0.000094,0.000102,0.000120,0.000132,0.000131,0.000116,0.000075,0.000037,0.000013,0.000015,0.000109,0.000125,0.000116,0.000089,0.000049,0.000044,0.000031,0.000020,0.000011,0.000021,0.000027
727,,,,,,,,,,,,,,0.000002,0.000080,0.000108,0.000161,0.000261,0.000212,0.000303,0.000389,0.000378,0.000371,0.000295,0.000193,0.000155,0.000121,0.000143,0.000106,0.000071,0.000073,0.000090,0.000122,0.000156,0.000173,0.000154,0.000101,0.000033,0.000020,0.000045,0.000044,0.000041,0.000039,0.000038,0.000034,0.000033,0.000031,0.000056,0.000074,0.000092
728,,,,,,,,,,,,,,0.000003,0.000104,0.000087,0.000087,0.000082,0.000052,0.000073,0.000089,0.000080,0.000096,0.000091,0.000067,0.000068,0.000070,0.000147,0.000168,0.000159,0.000154,0.000161,0.000131,0.000119,0.000097,0.000073,0.000051,0.000018,0.000012,0.000056,0.000061,0.000066,0.000068,0.000065,0.000099,0.000108,0.000071,0.000073,0.000095,0.000117
729,,,,,,,,,,,,,,0.000007,0.000282,0.000266,0.000211,0.000179,0.000101,0.000126,0.000126,0.000129,0.000140,0.000135,0.000098,0.000082,0.000080,0.000122,0.000114,0.000099,0.000108,0.000097,0.000113,0.000123,0.000106,0.000071,0.000047,0.000014,0.000007,0.000037,0.000048,0.000050,0.000059,0.000051,0.000062,0.000053,0.000026,0.000023,0.000049,0.000073
730,,,,,,,,,,,,,,0.000010,0.000325,0.000288,0.000271,0.000226,0.000131,0.000135,0.000146,0.000130,0.000115,0.000105,0.000077,0.000075,0.000068,0.000099,0.000096,0.000087,0.000092,0.000095,0.000102,0.000107,0.000089,0.000072,0.000048,0.000024,0.000017,0.000049,0.000064,0.000074,0.000068,0.000049,0.000063,0.000062,0.000086,0.000055,0.000028,0.000042
731,,,,,,,,,,,,,,0.000004,0.000139,0.000131,0.000114,0.000096,0.000056,0.000053,0.000059,0.000067,0.000073,0.000068,0.000063,0.000056,0.000061,0.000099,0.000112,0.000103,0.000129,0.000129,0.000140,0.000118,0.000079,0.000044,0.000022,0.000009,0.000008,0.000026,0.000032,0.000048,0.000044,0.000033,0.000044,0.000039,0.000036,0.000044,0.000071,0.000094
732,,,,,,,,,,,,,,0.000006,0.000175,0.000182,0.000197,0.000181,0.000104,0.000132,0.000136,0.000127,0.000144,0.000140,0.000099,0.000094,0.000087,0.000164,0.000198,0.000236,0.000350,0.000471,0.000446,0.000413,0.000315,0.000185,0.000092,0.000018,0.000010,0.000058,0.000038,0.000033,0.000043,0.000059,0.000106,0.000129,0.000141,0.000189,0.000191,0.000223
733,,,,,,,,,,,,,,0.000008,0.000383,0.000328,0.000323,0.000268,0.000169,0.000202,0.000230,0.000252,0.000235,0.000224,0.000147,0.000117,0.000098,0.000125,0.000114,0.000090,0.000088,0.000090,0.000073,0.000074,0.000050,0.000023,0.000009,0.000007,0.000009,0.000065,0.000064,0.000075,0.000074,0.000071,0.000091,0.000081,0.000075,0.000138,0.000212,0.000270
734,,,,,,,,,,,,,,0.000003,0.000091,0.000078,0.000090,0.000089,0.000072,0.000081,0.000097,0.000097,0.000083,0.000086,0.000072,0.000052,0.000049,0.000068,0.000070,0.000070,0.000078,0.000079,0.000085,0.000080,0.000072,0.000050,0.000035,0.000017,0.000015,0.000077,0.000114,0.000142,0.000126,0.000094,0.000062,0.000055,0.000054,0.000063,0.000083,0.000097
735,,,,,,,,,,,,,,0.000011,0.000242,0.000233,0.000201,0.000180,0.000087,0.000119,0.000137,0.000144,0.000163,0.000161,0.000125,0.000121,0.000117,0.000160,0.000143,0.000123,0.000123,0.000101,0.000097,0.000092,0.000064,0.000035,0.000011,0.000003,0.000006,0.000044,0.000052,0.000077,0.000080,0.000078,0.000096,0.000113,0.000070,0.000171,0.000508,0.000790
736,,,,,,,,,,,,,,0.000007,0.000282,0.000297,0.000272,0.000220,0.000149,0.000141,0.000143,0.000130,0.000136,0.000118,0.000103,0.000077,0.000073,0.000072,0.000062,0.000047,0.000034,0.000037,0.000040,0.000046,0.000051,0.000039,0.000025,0.000015,0.000011,0.000035,0.000040,0.000037,0.000042,0.000039,0.000034,0.000030,0.000020,0.000042,0.000089,0.000118
737,,,,,,,,,,,,,,0.000003,0.000111,0.000130,0.000134,0.000120,0.000092,0.000105,0.000127,0.000166,0.000175,0.000143,0.000117,0.000095,0.000081,0.000109,0.000089,0.000076,0.000080,0.000076,0.000070,0.000063,0.000050,0.000036,0.000047,0.000022,0.000016,0.000088,0.000075,0.000068,0.000064,0.000039,0.000043,0.000036,0.000020,0.000019,0.000047,0.000060
738,,,,,,,,,,,,,,0.000004,0.000156,0.000151,0.000138,0.000124,0.000075,0.000076,0.000086,0.000089,0.000088,0.000084,0.000071,0.000077,0.000075,0.000119,0.000114,0.000087,0.000096,0.000093,0.000104,0.000108,0.000180,0.000095,0.000054,0.000015,0.000009,0.000064,0.000059,0.000080,0.000115,0.000119,0.000163,0.000150,0.000076,0.000056,0.000099,0.000124
739,,,,,,,,,,,,,,0.000003,0.000072,0.000060,0.000074,0.000086,0.000070,0.000068,0.000083,0.000084,0.000098,0.000093,0.000073,0.000067,0.000059,0.000067,0.000065,0.000057,0.000045,0.000036,0.000033,0.000030,0.000030,0.000024,0.000016,0.000012,0.000013,0.000054,0.000068,0.000072,0.000070,0.000066,0.000072,0.000055,0.000040,0.000067,0.000109,0.000122
740,,,,,,,,,,,,,,0.000010,0.000311,0.000266,0.000240,0.000214,0.000139,0.000163,0.000193,0.000201,0.000211,0.000204,0.000159,0.000162,0.000143,0.000190,0.000177,0.000137,0.000122,0.000122,0.000117,0.000103,0.000073,0.000029,0.000007,0.000004,0.000009,0.000074,0.000083,0.000096,0.000103,0.000103,0.000113,0.000095,0.000056,0.000150,0.000379,0.000518
741,,,,,,,,,,,,,,0.000006,0.000192,0.000151,0.000152,0.000110,0.000063,0.000069,0.000068,0.000070,0.000079,0.000072,0.000066,0.000073,0.000062,0.000083,0.000083,0.000071,0.000066,0.000062,0.000060,0.000058,0.000057,0.000052,0.000043,0.000021,0.000013,0.000034,0.000050,0.000062,0.000053,0.000046,0.000043,0.000039,0.000030,0.000031,0.000034,0.000045
742,,,,,,,,,,,,,,0.000010,0.000264,0.000241,0.000230,0.000191,0.000102,0.000117,0.000142,0.000152,0.000177,0.000167,0.000126,0.000136,0.000124,0.000196,0.000190,0.000164,0.000165,0.000160,0.000165,0.000155,0.000117,0.000068,0.000024,0.000004,0.000004,0.000053,0.000068,0.000096,0.000124,0.000122,0.000152,0.000138,0.000101,0.000115,0.000209,0.000273
743,,,,,,,,,,,,,,0.000005,0.000116,0.000100,0.000104,0.000078,0.000060,0.000091,0.000111,0.000114,0.000144,0.000142,0.000117,0.000136,0.000159,0.000295,0.000373,0.000399,0.000499,0.000520,0.000541,0.000512,0.000417,0.000260,0.000143,0.000040,0.000019,0.000039,0.000036,0.000033,0.000055,0.000058,0.000107,0.000129,0.000106,0.000293,0.000539,0.000552
744,,,,,,,,,,,,,,0.000004,0.000148,0.000143,0.000141,0.000123,0.000077,0.000077,0.000073,0.000081,0.000104,0.000101,0.000072,0.000058,0.000065,0.000073,0.000062,0.000041,0.000040,0.000051,0.000058,0.000063,0.000067,0.000054,0.000033,0.000017,0.000015,0.000067,0.000062,0.000074,0.000080,0.000083,0.000167,0.000156,0.000129,0.000106,0.000141,0.000156
745,,,,,,,,,,,,,,0.000003,0.000098,0.000089,0.000059,0.000047,0.000033,0.000034,0.000044,0.000056,0.000072,0.000050,0.000032,0.000037,0.000028,0.000035,0.000043,0.000047,0.000060,0.000056,0.000061,0.000064,0.000056,0.000041,0.000036,0.000019,0.000018,0.000086,0.000090,0.000113,0.000096,0.000080,0.000085,0.000067,0.000037,0.000049,0.000103,0.000143
746,,,,,,,,,,,,,,0.000005,0.000220,0.000203,0.000167,0.000134,0.000071,0.000083,0.000089,0.000122,0.000085,0.000083,0.000065,0.000057,0.000059,0.000093,0.000094,0.000093,0.000114,0.000137,0.000201,0.000253,0.000264,0.000208,0.000105,0.000022,0.000011,0.000057,0.000055,0.000081,0.000095,0.000089,0.000098,0.000096,0.000064,0.000071,0.000045,0.000049
747,,,,,,,,,,,,,,0.000003,0.000116,0.000117,0.000118,0.000115,0.000066,0.000080,0.000093,0.000105,0.000122,0.000123,0.000090,0.000097,0.000077,0.000092,0.000082,0.000072,0.000067,0.000066,0.000072,0.000081,0.000070,0.000048,0.000025,0.000011,0.000009,0.000052,0.000071,0.000073,0.000102,0.000123,0.000146,0.000132,0.000085,0.000070,0.000090,0.000116
748,,,,,,,,,,,,,,0.000007,0.000208,0.000203,0.000179,0.000141,0.000073,0.000078,0.000078,0.000061,0.000084,0.000096,0.000087,0.000080,0.000076,0.000099,0.000105,0.000087,0.000119,0.000138,0.000170,0.000169,0.000137,0.000085,0.000056,0.000027,0.000015,0.000058,0.000073,0.000080,0.000061,0.000053,0.000052,0.000056,0.000031,0.000038,0.000066,0.000094
749,,,,,,,,,,,,,,0.000004,0.000122,0.000119,0.000110,0.000096,0.000069,0.000067,0.000080,0.000086,0.000074,0.000077,0.000071,0.000081,0.000101,0.000170,0.000222,0.000247,0.000295,0.000298,0.000272,0.000211,0.000133,0.000061,0.000029,0.000010,0.000010,0.000047,0.000047,0.000044,0.000050,0.000044,0.000049,0.000041,0.000030,0.000061,0.000108,0.000141
750,,,,,,,,,,,,,,0.000007,0.000255,0.000234,0.000223,0.000182,0.000113,0.000107,0.000106,0.000097,0.000104,0.000083,0.000065,0.000066,0.000061,0.000111,0.000119,0.000119,0.000157,0.000195,0.000239,0.000253,0.000217,0.000164,0.000106,0.000029,0.000015,0.000072,0.000081,0.000094,0.000098,0.000078,0.000084,0.000062,0.000030,0.000014,0.000020,0.000044
751,,,,,,,,,,,,,,0.000008,0.000167,0.000147,0.000122,0.000094,0.000052,0.000060,0.000082,0.000120,0.000080,0.000068,0.000047,0.000046,0.000037,0.000065,0.000063,0.000055,0.000058,0.000067,0.000078,0.000088,0.000072,0.000049,0.000038,0.000013,0.000008,0.000052,0.000089,0.000114,0.000111,0.000142,0.000230,0.000242,0.000149,0.000273,0.000759,0.000780
752,,,,,,,,,,,,,,0.000008,0.000217,0.000168,0.000144,0.000116,0.000057,0.000064,0.000064,0.000055,0.000061,0.000063,0.000046,0.000052,0.000043,0.000052,0.000058,0.000041,0.000031,0.000031,0.000041,0.000060,0.000072,0.000102,0.000089,0.000035,0.000019,0.000041,0.000047,0.000063,0.000048,0.000043,0.000057,0.000047,0.000050,0.000086,0.000168,0.000210
753,,,,,,,,,,,,,,0.000004,0.000111,0.000112,0.000102,0.000089,0.000039,0.000048,0.000060,0.000060,0.000077,0.000083,0.000099,0.000078,0.000073,0.000088,0.000084,0.000084,0.000093,0.000110,0.000102,0.000103,0.000097,0.000076,0.000047,0.000017,0.000016,0.000061,0.000069,0.000080,0.000057,0.000052,0.000069,0.000064,0.000069,0.000077,0.000128,0.000175
754,,,,,,,,,,,,,,0.000004,0.000073,0.000057,0.000089,0.000072,0.000078,0.000058,0.000060,0.000082,0.000064,0.000047,0.000043,0.000031,0.000035,0.000032,0.000032,0.000039,0.000070,0.000128,0.000214,0.000296,0.000329,0.000292,0.000204,0.000078,0.000060,0.000164,0.000158,0.000143,0.000140,0.000128,0.000144,0.000121,0.000077,0.000114,0.000212,0.000240
755,,,,,,,,,,,,,,0.000009,0.000299,0.000268,0.000263,0.000237,0.000140,0.000162,0.000203,0.000240,0.000296,0.000316,0.000290,0.000365,0.000409,0.000744,0.000782,0.000662,0.000667,0.000577,0.000539,0.000431,0.000305,0.000174,0.000096,0.000020,0.000007,0.000040,0.000035,0.000032,0.000042,0.000053,0.000055,0.000049,0.000026,0.000049,0.000132,0.000186
756,,,,,,,,,,,,,,0.000003,0.000070,0.000071,0.000062,0.000060,0.000042,0.000046,0.000053,0.000057,0.000071,0.000070,0.000232,0.000070,0.000084,0.000097,0.000097,0.000091,0.000102,0.000103,0.000111,0.000109,0.000091,0.000072,0.000043,0.000017,0.000007,0.000026,0.000034,0.000029,0.000023,0.000031,0.000038,0.000048,0.000037,0.000050,0.000057,0.000079
757,,,,,,,,,,,,,,0.000004,0.000160,0.000147,0.000153,0.000145,0.000082,0.000109,0.000127,0.000131,0.000145,0.000144,0.000105,0.000102,0.000086,0.000143,0.000138,0.000160,0.000147,0.000161,0.000178,0.000175,0.000132,0.000069,0.000036,0.000008,0.000007,0.000089,0.000071,0.000092,0.000105,0.000093,0.000103,0.000079,0.000037,0.000060,0.000148,0.000195
758,,,,,,,,,,,,,,0.000002,0.000074,0.000069,0.000071,0.000060,0.000045,0.000051,0.000058,0.000055,0.000057,0.000048,0.000047,0.000035,0.000038,0.000036,0.000040,0.000041,0.000041,0.000047,0.000050,0.000060,0.000057,0.000049,0.000037,0.000018,0.000016,0.000056,0.000075,0.000042,0.000064,0.000062,0.000061,0.000058,0.000050,0.000055,0.000040,0.000047
759,,,,,,,,,,,,,,0.000003,0.000069,0.000065,0.000046,0.000053,0.000041,0.000038,0.000061,0.000071,0.000092,0.000088,0.000086,0.000068,0.000079,0.000117,0.000129,0.000114,0.000131,0.000129,0.000130,0.000122,0.000092,0.000048,0.000028,0.000026,0.000028,0.000107,0.000141,0.000180,0.000208,0.000159,0.000161,0.000123,0.000088,0.000100,0.000187,0.000213
760,,,,,,,,,,,,,,0.000003,0.000113,0.000109,0.000097,0.000086,0.000053,0.000065,0.000067,0.000073,0.000091,0.000072,0.000053,0.000051,0.000053,0.000054,0.000051,0.000053,0.000061,0.000067,0.000071,0.000072,0.000063,0.000047,0.000033,0.000016,0.000011,0.000044,0.000048,0.000061,0.000077,0.000106,0.000128,0.000103,0.000078,0.000064,0.000080,0.000080
761,,,,,,,,,,,,,,0.000005,0.000215,0.000182,0.000164,0.000116,0.000078,0.000075,0.000082,0.000060,0.000068,0.000059,0.000047,0.000048,0.000047,0.000068,0.000083,0.000086,0.000106,0.000110,0.000123,0.000124,0.000110,0.000077,0.000054,0.000026,0.000017,0.000063,0.000060,0.000065,0.000052,0.000049,0.000050,0.000039,0.000018,0.000027,0.000070,0.000093
762,,,,,,,,,,,,,,0.000004,0.000117,0.000127,0.000160,0.000141,0.000076,0.000086,0.000102,0.000104,0.000105,0.000115,0.000078,0.000079,0.000081,0.000121,0.000114,0.000102,0.000116,0.000115,0.000119,0.000118,0.000091,0.000045,0.000017,0.000004,0.000007,0.000064,0.000076,0.000091,0.000092,0.000074,0.000086,0.000071,0.000034,0.000058,0.000109,0.000148
763,,,,,,,,,,,,,,0.000004,0.000171,0.000130,0.000123,0.000103,0.000067,0.000112,0.000118,0.000163,0.000095,0.000081,0.000053,0.000067,0.000064,0.000083,0.000093,0.000089,0.000116,0.000125,0.000135,0.000148,0.000123,0.000087,0.000058,0.000020,0.000008,0.000037,0.000050,0.000069,0.000076,0.000072,0.000085,0.000079,0.000045,0.000037,0.000101,0.000141
764,,,,,,,,,,,,,,0.000005,0.000216,0.000224,0.000193,0.000161,0.000087,0.000091,0.000105,0.000109,0.000127,0.000129,0.000092,0.000091,0.000068,0.000088,0.000086,0.000074,0.000082,0.000086,0.000088,0.000089,0.000063,0.000038,0.000020,0.000007,0.000007,0.000035,0.000039,0.000046,0.000047,0.000036,0.000039,0.000036,0.000023,0.000030,0.000073,0.000090
765,,,,,,,,,,,,,,0.000012,0.000311,0.000284,0.000226,0.000230,0.000105,0.000132,0.000128,0.000116,0.000113,0.000108,0.000080,0.000075,0.000068,0.000087,0.000079,0.000059,0.000051,0.000050,0.000056,0.000053,0.000046,0.000034,0.000021,0.000011,0.000010,0.000041,0.000045,0.000053,0.000072,0.000055,0.000060,0.000070,0.000037,0.000066,0.000174,0.000328
766,,,,,,,,,,,,,,0.000005,0.000200,0.000169,0.000189,0.000204,0.000151,0.000188,0.000190,0.000179,0.000186,0.000167,0.000115,0.000091,0.000086,0.000099,0.000082,0.000061,0.000057,0.000050,0.000052,0.000052,0.000046,0.000037,0.000023,0.000011,0.000007,0.000030,0.000042,0.000044,0.000061,0.000074,0.000113,0.000108,0.000064,0.000100,0.000201,0.000226
767,,,,,,,,,,,,,,0.000002,0.000082,0.000068,0.000064,0.000051,0.000040,0.000042,0.000045,0.000052,0.000052,0.000046,0.000040,0.000034,0.000031,0.000031,0.000035,0.000038,0.000043,0.000046,0.000050,0.000065,0.000077,0.000076,0.000061,0.000033,0.000029,0.000082,0.000089,0.000072,0.000049,0.000034,0.000042,0.000037,0.000037,0.000036,0.000066,0.000071
768,,,,,,,,,,,,,,0.000005,0.000204,0.000147,0.000133,0.000105,0.000061,0.000066,0.000069,0.000065,0.000071,0.000072,0.000063,0.000067,0.000065,0.000073,0.000079,0.000080,0.000094,0.000094,0.000091,0.000089,0.000084,0.000066,0.000049,0.000019,0.000014,0.000050,0.000060,0.000057,0.000036,0.000037,0.000040,0.000045,0.000054,0.000054,0.000081,0.000092
769,,,,,,,,,,,,,,0.000008,0.000289,0.000249,0.000218,0.000188,0.000107,0.000102,0.000103,0.000119,0.000110,0.000091,0.000069,0.000051,0.000049,0.000062,0.000058,0.000046,0.000045,0.000045,0.000046,0.000056,0.000047,0.000042,0.000028,0.000011,0.000011,0.000049,0.000042,0.000045,0.000054,0.000057,0.000067,0.000069,0.000050,0.000068,0.000145,0.000188
770,,,,,,,,,,,,,,0.000004,0.000120,0.000115,0.000105,0.000101,0.000076,0.000080,0.000098,0.000095,0.000092,0.000083,0.000073,0.000067,0.000061,0.000088,0.000084,0.000069,0.000064,0.000058,0.000054,0.000057,0.000046,0.000030,0.000020,0.000016,0.000008,0.000051,0.000061,0.000071,0.000083,0.000074,0.000085,0.000069,0.000042,0.000070,0.000131,0.000160
771,,,,,,,,,,,,,,0.000008,0.000227,0.000252,0.000226,0.000194,0.000106,0.000172,0.000170,0.000200,0.000220,0.000222,0.000152,0.000151,0.000119,0.000167,0.000148,0.000127,0.000129,0.000122,0.000118,0.000119,0.000090,0.000054,0.000028,0.000008,0.000005,0.000027,0.000035,0.000047,0.000048,0.000038,0.000041,0.000042,0.000022,0.000048,0.000130,0.000201
772,,,,,,,,,,,,,,0.000012,0.000331,0.000286,0.000280,0.000233,0.000126,0.000127,0.000133,0.000144,0.000146,0.000122,0.000086,0.000072,0.000065,0.000080,0.000073,0.000063,0.000071,0.000073,0.000071,0.000070,0.000055,0.000032,0.000018,0.000006,0.000006,0.000037,0.000045,0.000054,0.000075,0.000078,0.000087,0.000083,0.000046,0.000111,0.000174,0.000205
773,,,,,,,,,,,,,,0.000003,0.000080,0.000072,0.000064,0.000058,0.000046,0.000038,0.000040,0.000043,0.000054,0.000046,0.000032,0.000043,0.000052,0.000047,0.000050,0.000047,0.000061,0.000062,0.000075,0.000085,0.000087,0.000073,0.000047,0.000021,0.000019,0.000129,0.000134,0.000142,0.000122,0.000091,0.000088,0.000067,0.000035,0.000042,0.000082,0.000110
774,,,,,,,,,,,,,,0.000004,0.000154,0.000142,0.000189,0.000162,0.000108,0.000122,0.000108,0.000106,0.000102,0.000090,0.000063,0.000054,0.000053,0.000077,0.000078,0.000075,0.000088,0.000081,0.000075,0.000064,0.000046,0.000023,0.000014,0.000007,0.000009,0.000049,0.000059,0.000074,0.000075,0.000070,0.000082,0.000062,0.000036,0.000076,0.000134,0.000173
775,,,,,,,,,,,,,,0.000005,0.000179,0.000174,0.000175,0.000143,0.000110,0.000115,0.000131,0.000153,0.000154,0.000142,0.000127,0.000111,0.000097,0.000100,0.000079,0.000058,0.000062,0.000036,0.000030,0.000035,0.000033,0.000025,0.000023,0.000016,0.000017,0.000065,0.000086,0.000119,0.000172,0.000187,0.000161,0.000113,0.000071,0.000123,0.000247,0.000296
776,,,,,,,,,,,,,,0.000003,0.000107,0.000107,0.000094,0.000110,0.000056,0.000051,0.000071,0.000078,0.000085,0.000074,0.000064,0.000060,0.000067,0.000079,0.000071,0.000075,0.000069,0.000070,0.000078,0.000078,0.000068,0.000048,0.000031,0.000017,0.000019,0.000091,0.000103,0.000091,0.000078,0.000067,0.000085,0.000065,0.000035,0.000054,0.000092,0.000119
777,,,,,,,,,,,,,,0.000002,0.000178,0.000260,0.000369,0.000515,0.000390,0.000410,0.000405,0.000354,0.000362,0.000317,0.000197,0.000192,0.000144,0.000173,0.000150,0.000121,0.000126,0.000113,0.000115,0.000100,0.000075,0.000051,0.000036,0.000021,0.000023,0.000192,0.000210,0.000256,0.000207,0.000146,0.000118,0.000086,0.000039,0.000036,0.000067,0.000083
778,,,,,,,,,,,,,,0.000002,0.000088,0.000081,0.000072,0.000052,0.000036,0.000040,0.000041,0.000054,0.000062,0.000052,0.000068,0.000071,0.000071,0.000095,0.000105,0.000103,0.000096,0.000098,0.000098,0.000096,0.000070,0.000047,0.000026,0.000020,0.000014,0.000054,0.000050,0.000048,0.000053,0.000060,0.000069,0.000063,0.000049,0.000074,0.000109,0.000118
779,,,,,,,,,,,,,,0.000003,0.000081,0.000083,0.000070,0.000064,0.000043,0.000038,0.000048,0.000064,0.000066,0.000070,0.000056,0.000055,0.000050,0.000072,0.000067,0.000056,0.000059,0.000060,0.000058,0.000052,0.000036,0.000023,0.000019,0.000009,0.000009,0.000057,0.000066,0.000074,0.000096,0.000091,0.000115,0.000105,0.000047,0.000108,0.000165,0.000163
780,,,,,,,,,,,,,,0.000004,0.000122,0.000131,0.000143,0.000166,0.000123,0.000161,0.000212,0.000194,0.000201,0.000227,0.000138,0.000151,0.000133,0.000214,0.000221,0.000217,0.000266,0.000270,0.000279,0.000272,0.000226,0.000179,0.000127,0.000063,0.000032,0.000128,0.000158,0.000139,0.000116,0.000097,0.000137,0.000136,0.000133,0.000128,0.000105,0.000117
781,,,,,,,,,,,,,,0.000006,0.000191,0.000176,0.000208,0.000175,0.000114,0.000098,0.000103,0.000119,0.000138,0.000159,0.000135,0.000138,0.000143,0.000219,0.000201,0.000185,0.000192,0.000177,0.000156,0.000123,0.000100,0.000044,0.000028,0.000012,0.000013,0.000065,0.000064,0.000065,0.000071,0.000068,0.000086,0.000074,0.000048,0.000064,0.000118,0.000157
782,,,,,,,,,,,,,,0.000003,0.000137,0.000125,0.000142,0.000113,0.000064,0.000093,0.000099,0.000093,0.000111,0.000102,0.000085,0.000081,0.000073,0.000118,0.000122,0.000104,0.000118,0.000118,0.000135,0.000135,0.000118,0.000086,0.000059,0.000019,0.000007,0.000045,0.000045,0.000053,0.000060,0.000061,0.000055,0.000037,0.000023,0.000026,0.000056,0.000068
783,,,,,,,,,,,,,,0.000003,0.000111,0.000112,0.000122,0.000115,0.000076,0.000102,0.000136,0.000137,0.000133,0.000124,0.000089,0.000083,0.000069,0.000102,0.000094,0.000081,0.000076,0.000067,0.000063,0.000057,0.000056,0.000040,0.000026,0.000010,0.000008,0.000041,0.000042,0.000035,0.000038,0.000041,0.000052,0.000041,0.000030,0.000040,0.000066,0.000098
784,,,,,,,,,,,,,,0.000005,0.000205,0.000198,0.000178,0.000136,0.000076,0.000092,0.000105,0.000115,0.000138,0.000135,0.000101,0.000093,0.000085,0.000116,0.000114,0.000104,0.000114,0.000119,0.000118,0.000118,0.000100,0.000060,0.000032,0.000008,0.000006,0.000030,0.000039,0.000033,0.000040,0.000045,0.000044,0.000039,0.000035,0.000036,0.000069,0.000087
785,,,,,,,,,,,,,,0.000003,0.000086,0.000081,0.000076,0.000087,0.000060,0.000069,0.000072,0.000078,0.000068,0.000058,0.000055,0.000039,0.000053,0.000110,0.000168,0.000225,0.000264,0.000272,0.000308,0.000293,0.000213,0.000124,0.000067,0.000022,0.000012,0.000056,0.000062,0.000067,0.000054,0.000044,0.000043,0.000038,0.000019,0.000003,0.000025,0.000044
786,,,,,,,,,,,,,,0.000003,0.000110,0.000132,0.000164,0.000169,0.000120,0.000147,0.000152,0.000131,0.000133,0.000110,0.000080,0.000063,0.000063,0.000081,0.000076,0.000072,0.000091,0.000116,0.000152,0.000149,0.000115,0.000058,0.000036,0.000011,0.000009,0.000028,0.000029,0.000027,0.000034,0.000032,0.000046,0.000054,0.000036,0.000124,0.000098,0.000110
787,,,,,,,,,,,,,,0.000003,0.000099,0.000074,0.000066,0.000047,0.000044,0.000042,0.000045,0.000064,0.000064,0.000048,0.000058,0.000053,0.000047,0.000056,0.000051,0.000040,0.000042,0.000040,0.000028,0.000027,0.000025,0.000030,0.000021,0.000013,0.000012,0.000036,0.000046,0.000069,0.000113,0.000121,0.000144,0.000174,0.000152,0.000116,0.000211,0.000214
788,,,,,,,,,,,,,,0.000003,0.000110,0.000109,0.000104,0.000097,0.000060,0.000057,0.000062,0.000085,0.000085,0.000081,0.000065,0.000056,0.000056,0.000081,0.000082,0.000080,0.000083,0.000078,0.000080,0.000082,0.000051,0.000031,0.000025,0.000011,0.000011,0.000037,0.000039,0.000049,0.000048,0.000048,0.000058,0.000044,0.000063,0.000076,0.000118,0.000127
789,,,,,,,,,,,,,,0.000004,0.000133,0.000131,0.000135,0.000123,0.000084,0.000085,0.000106,0.000124,0.000127,0.000122,0.000111,0.000092,0.000078,0.000087,0.000069,0.000057,0.000056,0.000049,0.000044,0.000037,0.000031,0.000046,0.000028,0.000024,0.000023,0.000109,0.000150,0.000182,0.000151,0.000130,0.000120,0.000089,0.000074,0.000094,0.000146,0.000161
790,,,,,,,,,,,,,,0.000004,0.000131,0.000127,0.000122,0.000103,0.000064,0.000070,0.000081,0.000067,0.000083,0.000075,0.000063,0.000071,0.000060,0.000061,0.000057,0.000050,0.000042,0.000036,0.000036,0.000035,0.000025,0.000012,0.000010,0.000008,0.000012,0.000110,0.000132,0.000132,0.000138,0.000111,0.000124,0.000098,0.000052,0.000083,0.000137,0.000160
791,,,,,,,,,,,,,,0.000003,0.000099,0.000087,0.000071,0.000072,0.000048,0.000047,0.000056,0.000065,0.000052,0.000036,0.000031,0.000045,0.000048,0.000035,0.000044,0.000049,0.000058,0.000049,0.000061,0.000062,0.000070,0.000067,0.000048,0.000028,0.000021,0.000062,0.000057,0.000074,0.000102,0.000142,0.000193,0.000198,0.000113,0.000119,0.000208,0.000214
792,,,,,,,,,,,,,,0.000005,0.000139,0.000119,0.000110,0.000095,0.000069,0.000059,0.000064,0.000062,0.000061,0.000053,0.000058,0.000037,0.000034,0.000038,0.000042,0.000036,0.000041,0.000045,0.000055,0.000055,0.000048,0.000032,0.000022,0.000008,0.000007,0.000043,0.000044,0.000056,0.000057,0.000049,0.000061,0.000056,0.000040,0.000059,0.000097,0.000123
793,,,,,,,,,,,,,,0.000005,0.000186,0.000182,0.000157,0.000136,0.000074,0.000107,0.000111,0.000121,0.000126,0.000104,0.000072,0.000064,0.000055,0.000079,0.000102,0.000134,0.000229,0.000323,0.000387,0.000364,0.000245,0.000113,0.000047,0.000013,0.000009,0.000092,0.000100,0.000125,0.000149,0.000124,0.000115,0.000091,0.000040,0.000077,0.000151,0.000197
794,,,,,,,,,,,,,,0.000006,0.000191,0.000200,0.000184,0.000173,0.000105,0.000140,0.000193,0.000237,0.000285,0.000316,0.000258,0.000264,0.000244,0.000412,0.000420,0.000364,0.000389,0.000368,0.000367,0.000331,0.000270,0.000185,0.000095,0.000016,0.000007,0.000061,0.000051,0.000050,0.000055,0.000042,0.000058,0.000051,0.000021,0.000041,0.000103,0.000123
795,,,,,,,,,,,,,,0.000004,0.000174,0.000171,0.000148,0.000134,0.000074,0.000091,0.000098,0.000112,0.000117,0.000118,0.000214,0.000088,0.000089,0.000138,0.000146,0.000133,0.000159,0.000161,0.000164,0.000144,0.000105,0.000064,0.000033,0.000009,0.000007,0.000045,0.000055,0.000052,0.000070,0.000063,0.000082,0.000069,0.000040,0.000064,0.000149,0.000186
796,,,,,,,,,,,,,,0.000004,0.000115,0.000133,0.000061,0.000040,0.000011,0.000014,0.000023,0.000020,0.000026,0.000038,0.000027,0.000033,0.000031,0.000054,0.000051,0.000043,0.000062,0.000097,0.000145,0.000173,0.000180,0.000191,0.000181,0.000091,0.000060,0.000159,0.000160,0.000187,0.000153,0.000120,0.000121,0.000100,0.000048,0.000080,0.000166,0.000208
797,,,,,,,,,,,,,,0.000011,0.000298,0.000273,0.000245,0.000221,0.000116,0.000163,0.000194,0.000210,0.000257,0.000260,0.000211,0.000196,0.000174,0.000239,0.000198,0.000139,0.000130,0.000117,0.000120,0.000123,0.000095,0.000056,0.000027,0.000005,0.000004,0.000037,0.000042,0.000055,0.000068,0.000072,0.000093,0.000095,0.000070,0.000173,0.000522,0.000790
798,,,,,,,,,,,,,,0.000006,0.000294,0.000258,0.000226,0.000166,0.000085,0.000106,0.000113,0.000123,0.000105,0.000106,0.000075,0.000078,0.000062,0.000075,0.000058,0.000039,0.000041,0.000050,0.000062,0.000063,0.000060,0.000048,0.000025,0.000007,0.000006,0.000042,0.000067,0.000080,0.000124,0.000130,0.000131,0.000109,0.000060,0.000109,0.000189,0.000177
799,,,,,,,,,,,,,,0.000005,0.000196,0.000178,0.000176,0.000159,0.000079,0.000088,0.000063,0.000055,0.000050,0.000040,0.000030,0.000033,0.000050,0.000065,0.000081,0.000116,0.000127,0.000139,0.000155,0.000159,0.000139,0.000097,0.000069,0.000024,0.000015,0.000080,0.000096,0.000084,0.000086,0.000081,0.000091,0.000084,0.000075,0.000089,0.000151,0.000195
800,,,,,,,,,,,,,,0.000005,0.000169,0.000164,0.000171,0.000118,0.000084,0.000093,0.000128,0.000116,0.000142,0.000125,0.000114,0.000135,0.000120,0.000153,0.000153,0.000138,0.000152,0.000144,0.000138,0.000125,0.000120,0.000092,0.000064,0.000026,0.000026,0.000076,0.000072,0.000070,0.000061,0.000073,0.000090,0.000095,0.000077,0.000081,0.000125,0.000159
801,,,,,,,,,,,,,,0.000014,0.000312,0.000273,0.000261,0.000208,0.000127,0.000151,0.000157,0.000159,0.000169,0.000138,0.000105,0.000100,0.000090,0.000134,0.000106,0.000078,0.000068,0.000054,0.000049,0.000032,0.000011,0.000003,0.000003,0.000010,0.000011,0.000105,0.000190,0.000362,0.000502,0.000559,0.000664,0.000588,0.000384,0.000533,0.000785,0.000889
802,,,,,,,,,,,,,,0.000015,0.000512,0.000442,0.000365,0.000243,0.000109,0.000130,0.000133,0.000111,0.000110,0.000099,0.000069,0.000056,0.000052,0.000054,0.000052,0.000054,0.000062,0.000086,0.000127,0.000150,0.000120,0.000067,0.000041,0.000022,0.000022,0.000137,0.000193,0.000264,0.000332,0.000327,0.000345,0.000298,0.000197,0.000290,0.000556,0.000736
803,,,,,,,,,,,,,,0.000003,0.000089,0.000085,0.000082,0.000071,0.000039,0.000049,0.000056,0.000054,0.000048,0.000049,0.000042,0.000042,0.000037,0.000052,0.000051,0.000045,0.000052,0.000063,0.000119,0.000213,0.000281,0.000253,0.000155,0.000033,0.000016,0.000049,0.000046,0.000047,0.000037,0.000031,0.000033,0.000023,0.000016,0.000022,0.000028,0.000032
804,,,,,,,,,,,,,,0.000006,0.000232,0.000214,0.000200,0.000198,0.000178,0.000184,0.000219,0.000233,0.000270,0.000257,0.000187,0.000182,0.000152,0.000228,0.000214,0.000180,0.000176,0.000159,0.000154,0.000144,0.000117,0.000097,0.000074,0.000037,0.000017,0.000042,0.000048,0.000036,0.000044,0.000044,0.000054,0.000080,0.000067,0.000047,0.000067,0.000067
805,,,,,,,,,,,,,,0.000002,0.000071,0.000075,0.000078,0.000064,0.000035,0.000050,0.000057,0.000043,0.000047,0.000051,0.000029,0.000039,0.000040,0.000055,0.000063,0.000067,0.000082,0.000104,0.000123,0.000125,0.000103,0.000063,0.000032,0.000014,0.000009,0.000035,0.000040,0.000031,0.000031,0.000030,0.000036,0.000033,0.000029,0.000037,0.000067,0.000086
806,,,,,,,,,,,,,,0.000007,0.000193,0.000165,0.000152,0.000129,0.000059,0.000076,0.000073,0.000069,0.000098,0.000083,0.000066,0.000125,0.000138,0.000091,0.000094,0.000093,0.000098,0.000109,0.000120,0.000123,0.000097,0.000071,0.000041,0.000012,0.000005,0.000026,0.000032,0.000039,0.000058,0.000064,0.000090,0.000098,0.000069,0.000101,0.000304,0.000436
807,,,,,,,,,,,,,,0.000006,0.000172,0.000158,0.000172,0.000128,0.000066,0.000065,0.000062,0.000053,0.000054,0.000053,0.000044,0.000046,0.000046,0.000064,0.000065,0.000059,0.000066,0.000079,0.000101,0.000128,0.000160,0.000162,0.000108,0.000037,0.000019,0.000083,0.000081,0.000125,0.000120,0.000066,0.000074,0.000069,0.000035,0.000039,0.000055,0.000085
808,,,,,,,,,,,,,,0.000005,0.000180,0.000166,0.000144,0.000139,0.000109,0.000201,0.000184,0.000149,0.000201,0.000252,0.000142,0.000124,0.000126,0.000170,0.000176,0.000164,0.000165,0.000162,0.000165,0.000170,0.000131,0.000082,0.000056,0.000024,0.000020,0.000079,0.000091,0.000101,0.000109,0.000103,0.000118,0.000103,0.000087,0.000123,0.000174,0.000237
809,,,,,,,,,,,,,,0.000003,0.000099,0.000103,0.000112,0.000102,0.000066,0.000078,0.000076,0.000069,0.000069,0.000063,0.000050,0.000062,0.000050,0.000077,0.000090,0.000091,0.000109,0.000110,0.000107,0.000092,0.000082,0.000065,0.000049,0.000017,0.000013,0.000042,0.000034,0.000049,0.000051,0.000061,0.000071,0.000064,0.000045,0.000042,0.000062,0.000077
810,,,,,,,,,,,,,,0.000003,0.000075,0.000068,0.000049,0.000056,0.000044,0.000077,0.000092,0.000105,0.000118,0.000114,0.000094,0.000098,0.000093,0.000093,0.000080,0.000078,0.000085,0.000074,0.000070,0.000063,0.000057,0.000048,0.000040,0.000022,0.000017,0.000084,0.000124,0.000184,0.000204,0.000161,0.000190,0.000156,0.000079,0.000124,0.000210,0.000305
811,,,,,,,,,,,,,,0.000007,0.000145,0.000104,0.000090,0.000077,0.000037,0.000042,0.000046,0.000063,0.000066,0.000049,0.000040,0.000038,0.000039,0.000062,0.000075,0.000067,0.000076,0.000073,0.000081,0.000085,0.000078,0.000077,0.000058,0.000023,0.000014,0.000046,0.000046,0.000051,0.000050,0.000052,0.000064,0.000073,0.000064,0.000100,0.000230,0.000386
812,,,,,,,,,,,,,,0.000005,0.000140,0.000119,0.000118,0.000088,0.000057,0.000058,0.000058,0.000062,0.000065,0.000069,0.000057,0.000071,0.000070,0.000081,0.000070,0.000057,0.000058,0.000056,0.000058,0.000049,0.000039,0.000025,0.000016,0.000010,0.000009,0.000062,0.000099,0.000144,0.000211,0.000217,0.000231,0.000188,0.000090,0.000121,0.000234,0.000262
813,,,,,,,,,,,,,,0.000007,0.000387,0.000399,0.000297,0.000232,0.000147,0.000154,0.000189,0.000192,0.000256,0.000266,0.000218,0.000210,0.000185,0.000286,0.000262,0.000219,0.000207,0.000178,0.000172,0.000148,0.000108,0.000069,0.000035,0.000010,0.000005,0.000021,0.000015,0.000018,0.000021,0.000025,0.000026,0.000029,0.000019,0.000033,0.000063,0.000079
814,,,,,,,,,,,,,,0.000003,0.000078,0.000065,0.000061,0.000056,0.000067,0.000069,0.000088,0.000165,0.000211,0.000230,0.000235,0.000237,0.000221,0.000375,0.000373,0.000365,0.000447,0.000477,0.000526,0.000490,0.000383,0.000213,0.000083,0.000017,0.000010,0.000050,0.000048,0.000053,0.000064,0.000067,0.000082,0.000078,0.000045,0.000064,0.000194,0.000253
815,,,,,,,,,,,,,,0.000007,0.000197,0.000173,0.000181,0.000195,0.000156,0.000215,0.000319,0.000366,0.000461,0.000435,0.000306,0.000269,0.000201,0.000276,0.000238,0.000176,0.000170,0.000143,0.000141,0.000138,0.000109,0.000064,0.000022,0.000007,0.000010,0.000055,0.000067,0.000087,0.000097,0.000105,0.000120,0.000110,0.000091,0.000190,0.000383,0.000447
816,,,,,,,,,,,,,,0.000003,0.000105,0.000087,0.000068,0.000054,0.000038,0.000042,0.000053,0.000045,0.000051,0.000054,0.000035,0.000033,0.000035,0.000062,0.000075,0.000082,0.000101,0.000104,0.000118,0.000128,0.000124,0.000104,0.000067,0.000023,0.000014,0.000055,0.000065,0.000079,0.000096,0.000097,0.000169,0.000189,0.000170,0.000111,0.000100,0.000121
817,,,,,,,,,,,,,,0.000003,0.000064,0.000079,0.000071,0.000065,0.000057,0.000056,0.000070,0.000074,0.000076,0.000071,0.000054,0.000072,0.000060,0.000094,0.000100,0.000098,0.000115,0.000126,0.000148,0.000152,0.000130,0.000097,0.000070,0.000026,0.000016,0.000052,0.000065,0.000068,0.000078,0.000060,0.000076,0.000071,0.000054,0.000052,0.000079,0.000101
818,,,,,,,,,,,,,,0.000003,0.000100,0.000087,0.000092,0.000087,0.000075,0.000093,0.000118,0.000172,0.000145,0.000206,0.000126,0.000131,0.000114,0.000074,0.000056,0.000032,0.000027,0.000025,0.000031,0.000037,0.000047,0.000039,0.000032,0.000016,0.000015,0.000059,0.000055,0.000059,0.000056,0.000051,0.000052,0.000045,0.000034,0.000059,0.000089,0.000112
819,,,,,,,,,,,,,,0.000003,0.000092,0.000073,0.000076,0.000056,0.000033,0.000039,0.000027,0.000033,0.000026,0.000025,0.000015,0.000014,0.000020,0.000039,0.000060,0.000068,0.000086,0.000088,0.000098,0.000115,0.000102,0.000087,0.000066,0.000030,0.000021,0.000082,0.000095,0.000109,0.000117,0.000125,0.000143,0.000135,0.000088,0.000117,0.000140,0.000220
820,,,,,,,,,,,,,,0.000002,0.000058,0.000060,0.000063,0.000058,0.000041,0.000057,0.000063,0.000079,0.000096,0.000094,0.000084,0.000072,0.000073,0.000127,0.000131,0.000155,0.000222,0.000300,0.000395,0.000457,0.000395,0.000255,0.000136,0.000036,0.000019,0.000061,0.000075,0.000082,0.000101,0.000115,0.000137,0.000122,0.000068,0.000059,0.000088,0.000110
821,,,,,,,,,,,,,,0.000003,0.000083,0.000078,0.000072,0.000068,0.000036,0.000036,0.000038,0.000051,0.000051,0.000043,0.000028,0.000021,0.000026,0.000023,0.000017,0.000013,0.000015,0.000014,0.000014,0.000014,0.000017,0.000019,0.000019,0.000013,0.000011,0.000062,0.000083,0.000090,0.000088,0.000076,0.000076,0.000068,0.000048,0.000071,0.000142,0.000191
822,,,,,,,,,,,,,,0.000005,0.000194,0.000160,0.000122,0.000090,0.000055,0.000055,0.000054,0.000043,0.000055,0.000053,0.000043,0.000038,0.000032,0.000040,0.000041,0.000031,0.000026,0.000026,0.000026,0.000040,0.000039,0.000033,0.000024,0.000014,0.000011,0.000037,0.000044,0.000043,0.000048,0.000056,0.000075,0.000060,0.000047,0.000060,0.000143,0.000180
823,,,,,,,,,,,,,,0.000021,0.000519,0.000476,0.000377,0.000325,0.000136,0.000177,0.000192,0.000171,0.000179,0.000142,0.000082,0.000070,0.000058,0.000085,0.000079,0.000069,0.000074,0.000063,0.000068,0.000069,0.000058,0.000041,0.000039,0.000019,0.000021,0.000103,0.000127,0.000163,0.000131,0.000118,0.000119,0.000105,0.000130,0.000195,0.000339,0.000527
824,,,,,,,,,,,,,,0.000004,0.000153,0.000138,0.000118,0.000115,0.000085,0.000096,0.000161,0.000239,0.000298,0.000357,0.000361,0.000322,0.000335,0.000543,0.000550,0.000512,0.000486,0.000441,0.000396,0.000334,0.000240,0.000148,0.000064,0.000012,0.000008,0.000044,0.000039,0.000048,0.000048,0.000037,0.000043,0.000029,0.000019,0.000039,0.000094,0.000129
825,,,,,,,,,,,,,,0.000007,0.000164,0.000176,0.000240,0.000212,0.000157,0.000112,0.000106,0.000114,0.000121,0.000122,0.000087,0.000079,0.000079,0.000123,0.000120,0.000096,0.000115,0.000124,0.000116,0.000095,0.000072,0.000047,0.000038,0.000019,0.000013,0.000047,0.000054,0.000052,0.000042,0.000050,0.000059,0.000059,0.000040,0.000051,0.000123,0.000175
826,,,,,,,,,,,,,,0.000006,0.000166,0.000127,0.000101,0.000091,0.000057,0.000084,0.000096,0.000114,0.000137,0.000120,0.000084,0.000093,0.000096,0.000176,0.000198,0.000180,0.000238,0.000221,0.000205,0.000174,0.000124,0.000063,0.000031,0.000009,0.000006,0.000028,0.000042,0.000050,0.000072,0.000140,0.000268,0.000299,0.000171,0.000282,0.000680,0.000656
827,,,,,,,,,,,,,,0.000005,0.000167,0.000152,0.000173,0.000171,0.000114,0.000136,0.000168,0.000197,0.000236,0.000214,0.000148,0.000137,0.000113,0.000153,0.000129,0.000088,0.000082,0.000076,0.000082,0.000080,0.000066,0.000045,0.000020,0.000006,0.000008,0.000054,0.000077,0.000082,0.000077,0.000072,0.000061,0.000067,0.000046,0.000094,0.000127,0.000167
828,,,,,,,,,,,,,,0.000004,0.000144,0.000127,0.000133,0.000110,0.000063,0.000082,0.000089,0.000077,0.000081,0.000074,0.000049,0.000050,0.000049,0.000073,0.000074,0.000064,0.000061,0.000072,0.000097,0.000103,0.000106,0.000075,0.000048,0.000016,0.000010,0.000046,0.000043,0.000050,0.000062,0.000049,0.000059,0.000057,0.000033,0.000048,0.000087,0.000114
829,,,,,,,,,,,,,,0.000006,0.000220,0.000201,0.000187,0.000174,0.000119,0.000123,0.000141,0.000151,0.000185,0.000204,0.000179,0.000140,0.000138,0.000194,0.000166,0.000142,0.000124,0.000112,0.000104,0.000079,0.000053,0.000029,0.000011,0.000007,0.000009,0.000063,0.000082,0.000100,0.000127,0.000134,0.000148,0.000119,0.000055,0.000095,0.000206,0.000237
830,,,,,,,,,,,,,,0.000008,0.000195,0.000175,0.000189,0.000116,0.000057,0.000062,0.000064,0.000059,0.000078,0.000067,0.000046,0.000042,0.000045,0.000074,0.000079,0.000088,0.000107,0.000138,0.000158,0.000167,0.000161,0.000110,0.000065,0.000021,0.000010,0.000042,0.000051,0.000058,0.000056,0.000044,0.000044,0.000034,0.000036,0.000016,0.000032,0.000046
831,,,,,,,,,,,,,,0.000005,0.000140,0.000141,0.000120,0.000122,0.000083,0.000079,0.000098,0.000112,0.000119,0.000116,0.000089,0.000091,0.000108,0.000167,0.000155,0.000150,0.000159,0.000170,0.000177,0.000159,0.000124,0.000070,0.000037,0.000011,0.000007,0.000048,0.000047,0.000071,0.000085,0.000093,0.000107,0.000090,0.000066,0.000076,0.000168,0.000197
832,,,,,,,,,,,,,,0.000002,0.000104,0.000086,0.000086,0.000083,0.000056,0.000058,0.000050,0.000060,0.000079,0.000071,0.000055,0.000055,0.000049,0.000065,0.000074,0.000072,0.000075,0.000071,0.000077,0.000080,0.000075,0.000060,0.000041,0.000017,0.000011,0.000034,0.000048,0.000058,0.000057,0.000048,0.000060,0.000059,0.000044,0.000042,0.000047,0.000056
833,,,,,,,,,,,,,,0.000005,0.000144,0.000118,0.000113,0.000097,0.000076,0.000063,0.000105,0.000095,0.000099,0.000098,0.000116,0.000067,0.000074,0.000075,0.000070,0.000067,0.000082,0.000075,0.000078,0.000099,0.000077,0.000041,0.000034,0.000017,0.000013,0.000071,0.000074,0.000068,0.000067,0.000060,0.000070,0.000083,0.000078,0.000080,0.000051,0.000068
834,,,,,,,,,,,,,,0.000003,0.000116,0.000127,0.000129,0.000114,0.000077,0.000087,0.000098,0.000089,0.000104,0.000105,0.000079,0.000078,0.000062,0.000078,0.000074,0.000059,0.000047,0.000048,0.000069,0.000119,0.000150,0.000094,0.000054,0.000020,0.000016,0.000115,0.000130,0.000133,0.000138,0.000103,0.000111,0.000083,0.000043,0.000060,0.000085,0.000117
835,,,,,,,,,,,,,,0.000003,0.000083,0.000083,0.000068,0.000064,0.000035,0.000030,0.000031,0.000031,0.000041,0.000031,0.000025,0.000021,0.000025,0.000069,0.000116,0.000184,0.000329,0.000523,0.000834,0.001126,0.001176,0.000975,0.000607,0.000170,0.000089,0.000234,0.000209,0.000180,0.000141,0.000115,0.000112,0.000097,0.000055,0.000069,0.000126,0.000158
836,,,,,,,,,,,,,,0.000014,0.000351,0.000302,0.000264,0.000214,0.000139,0.000136,0.000149,0.000175,0.000228,0.000266,0.000250,0.000213,0.000194,0.000264,0.000234,0.000190,0.000182,0.000152,0.000125,0.000103,0.000064,0.000024,0.000011,0.000008,0.000013,0.000064,0.000067,0.000082,0.000104,0.000107,0.000108,0.000099,0.000070,0.000140,0.000315,0.000459
837,,,,,,,,,,,,,,0.000005,0.000189,0.000187,0.000192,0.000186,0.000121,0.000148,0.000181,0.000196,0.000210,0.000186,0.000128,0.000122,0.000111,0.000151,0.000134,0.000108,0.000108,0.000090,0.000074,0.000056,0.000032,0.000016,0.000004,0.000005,0.000010,0.000068,0.000074,0.000096,0.000111,0.000120,0.000104,0.000086,0.000058,0.000099,0.000195,0.000230
838,,,,,,,,,,,,,,0.000012,0.000303,0.000268,0.000227,0.000240,0.000119,0.000120,0.000128,0.000123,0.000109,0.000099,0.000070,0.000052,0.000058,0.000084,0.000080,0.000071,0.000072,0.000066,0.000072,0.000080,0.000059,0.000050,0.000045,0.000022,0.000018,0.000099,0.000121,0.000169,0.000176,0.000212,0.000225,0.000187,0.000124,0.000173,0.000312,0.000353
839,,,,,,,,,,,,,,0.000004,0.000150,0.000147,0.000145,0.000127,0.000081,0.000088,0.000093,0.000096,0.000118,0.000105,0.000080,0.000072,0.000062,0.000093,0.000085,0.000085,0.000090,0.000097,0.000103,0.000101,0.000087,0.000063,0.000027,0.000007,0.000006,0.000058,0.000094,0.000120,0.000118,0.000107,0.000106,0.000094,0.000051,0.000090,0.000173,0.000220
840,,,,,,,,,,,,,,0.000004,0.000132,0.000121,0.000119,0.000112,0.000075,0.000091,0.000114,0.000121,0.000139,0.000105,0.000083,0.000077,0.000076,0.000085,0.000077,0.000064,0.000083,0.000082,0.000091,0.000101,0.000111,0.000089,0.000046,0.000015,0.000012,0.000073,0.000152,0.000176,0.000133,0.000126,0.000115,0.000088,0.000048,0.000068,0.000148,0.000193
841,,,,,,,,,,,,,,0.000005,0.000203,0.000194,0.000159,0.000136,0.000168,0.000094,0.000108,0.000127,0.000126,0.000123,0.000110,0.000096,0.000078,0.000099,0.000083,0.000076,0.000075,0.000069,0.000072,0.000059,0.000042,0.000032,0.000027,0.000013,0.000010,0.000064,0.000071,0.000083,0.000082,0.000070,0.000091,0.000071,0.000050,0.000084,0.000171,0.000198
842,,,,,,,,,,,,,,0.000003,0.000105,0.000108,0.000094,0.000096,0.000070,0.000060,0.000071,0.000079,0.000052,0.000050,0.000035,0.000044,0.000043,0.000056,0.000069,0.000066,0.000073,0.000086,0.000085,0.000085,0.000073,0.000056,0.000040,0.000015,0.000011,0.000054,0.000063,0.000102,0.000131,0.000108,0.000102,0.000081,0.000038,0.000055,0.000118,0.000144
843,,,,,,,,,,,,,,0.000009,0.000324,0.000293,0.000267,0.000210,0.000112,0.000113,0.000105,0.000079,0.000086,0.000066,0.000065,0.000046,0.000053,0.000067,0.000081,0.000083,0.000083,0.000087,0.000090,0.000102,0.000093,0.000074,0.000063,0.000023,0.000014,0.000064,0.000071,0.000089,0.000082,0.000095,0.000100,0.000121,0.000090,0.000093,0.000069,0.000077
844,,,,,,,,,,,,,,0.000004,0.000119,0.000128,0.000126,0.000108,0.000077,0.000098,0.000116,0.000119,0.000122,0.000121,0.000090,0.000080,0.000074,0.000098,0.000091,0.000078,0.000074,0.000067,0.000081,0.000086,0.000078,0.000057,0.000027,0.000011,0.000008,0.000048,0.000093,0.000174,0.000102,0.000079,0.000100,0.000096,0.000054,0.000084,0.000145,0.000172
845,,,,,,,,,,,,,,0.000004,0.000149,0.000137,0.000149,0.000159,0.000105,0.000149,0.000194,0.000177,0.000233,0.000206,0.000162,0.000185,0.000170,0.000274,0.000303,0.000263,0.000299,0.000296,0.000312,0.000304,0.000255,0.000182,0.000113,0.000037,0.000018,0.000069,0.000075,0.000098,0.000093,0.000072,0.000117,0.000105,0.000065,0.000061,0.000096,0.000137
846,,,,,,,,,,,,,,0.000006,0.000199,0.000166,0.000141,0.000119,0.000085,0.000076,0.000084,0.000083,0.000087,0.000073,0.000043,0.000045,0.000044,0.000034,0.000029,0.000026,0.000038,0.000044,0.000044,0.000053,0.000051,0.000033,0.000019,0.000014,0.000011,0.000058,0.000068,0.000077,0.000070,0.000055,0.000051,0.000046,0.000041,0.000055,0.000128,0.000218
847,,,,,,,,,,,,,,0.000004,0.000129,0.000124,0.000112,0.000102,0.000075,0.000073,0.000086,0.000087,0.000097,0.000085,0.000061,0.000057,0.000054,0.000079,0.000075,0.000062,0.000063,0.000060,0.000051,0.000047,0.000037,0.000026,0.000017,0.000009,0.000010,0.000045,0.000063,0.000074,0.000117,0.000105,0.000106,0.000129,0.000088,0.000075,0.000100,0.000132
848,,,,,,,,,,,,,,0.000002,0.000060,0.000063,0.000079,0.000086,0.000052,0.000049,0.000057,0.000053,0.000052,0.000048,0.000039,0.000037,0.000027,0.000040,0.000045,0.000053,0.000070,0.000096,0.000115,0.000127,0.000108,0.000073,0.000043,0.000018,0.000014,0.000057,0.000060,0.000059,0.000055,0.000058,0.000110,0.000131,0.000089,0.000035,0.000036,0.000042
849,,,,,,,,,,,,,,0.000005,0.000181,0.000160,0.000126,0.000105,0.000057,0.000063,0.000073,0.000084,0.000092,0.000085,0.000070,0.000061,0.000063,0.000105,0.000130,0.000125,0.000150,0.000151,0.000161,0.000152,0.000126,0.000097,0.000062,0.000020,0.000013,0.000034,0.000029,0.000032,0.000039,0.000037,0.000030,0.000037,0.000033,0.000022,0.000035,0.000074
850,,,,,,,,,,,,,,0.000002,0.000064,0.000055,0.000068,0.000048,0.000033,0.000047,0.000041,0.000044,0.000040,0.000041,0.000034,0.000045,0.000047,0.000068,0.000084,0.000096,0.000143,0.000199,0.000261,0.000268,0.000218,0.000137,0.000076,0.000029,0.000019,0.000087,0.000077,0.000069,0.000065,0.000057,0.000054,0.000051,0.000032,0.000052,0.000064,0.000096
851,,,,,,,,,,,,,,0.000004,0.000222,0.000182,0.000217,0.000164,0.000088,0.000094,0.000088,0.000064,0.000059,0.000061,0.000057,0.000059,0.000071,0.000074,0.000069,0.000068,0.000070,0.000077,0.000078,0.000081,0.000081,0.000058,0.000049,0.000026,0.000017,0.000049,0.000062,0.000072,0.000067,0.000064,0.000068,0.000076,0.000047,0.000089,0.000133,0.000153
852,,,,,,,,,,,,,,0.000002,0.000073,0.000070,0.000070,0.000060,0.000055,0.000049,0.000044,0.000035,0.000030,0.000022,0.000020,0.000017,0.000017,0.000022,0.000030,0.000026,0.000040,0.000052,0.000065,0.000075,0.000075,0.000062,0.000050,0.000021,0.000016,0.000088,0.000108,0.000111,0.000101,0.000089,0.000071,0.000064,0.000045,0.000041,0.000034,0.000033
853,,,,,,,,,,,,,,0.000011,0.000305,0.000278,0.000271,0.000200,0.000096,0.000115,0.000117,0.000110,0.000115,0.000099,0.000081,0.000066,0.000055,0.000072,0.000076,0.000074,0.000071,0.000065,0.000070,0.000075,0.000063,0.000034,0.000017,0.000008,0.000008,0.000043,0.000050,0.000064,0.000054,0.000042,0.000045,0.000046,0.000028,0.000035,0.000098,0.000174
854,,,,,,,,,,,,,,0.000004,0.000131,0.000124,0.000114,0.000097,0.000080,0.000060,0.000059,0.000075,0.000056,0.000061,0.000043,0.000040,0.000043,0.000059,0.000059,0.000063,0.000061,0.000065,0.000066,0.000062,0.000044,0.000033,0.000012,0.000008,0.000011,0.000059,0.000077,0.000119,0.000156,0.000146,0.000151,0.000114,0.000060,0.000054,0.000104,0.000147
855,,,,,,,,,,,,,,0.000003,0.000100,0.000094,0.000083,0.000081,0.000044,0.000059,0.000069,0.000071,0.000080,0.000083,0.000063,0.000050,0.000050,0.000110,0.000135,0.000157,0.000208,0.000232,0.000251,0.000261,0.000227,0.000159,0.000089,0.000021,0.000010,0.000048,0.000063,0.000069,0.000073,0.000052,0.000065,0.000063,0.000034,0.000040,0.000087,0.000124
856,,,,,,,,,,,,,,0.000008,0.000363,0.000386,0.000394,0.000372,0.000257,0.000306,0.000355,0.000339,0.000389,0.000358,0.000260,0.000263,0.000205,0.000332,0.000312,0.000261,0.000292,0.000287,0.000329,0.000334,0.000301,0.000203,0.000126,0.000033,0.000013,0.000105,0.000094,0.000105,0.000107,0.000086,0.000123,0.000134,0.000089,0.000061,0.000102,0.000123
857,,,,,,,,,,,,,,0.000009,0.000235,0.000230,0.000220,0.000220,0.000178,0.000197,0.000228,0.000259,0.000311,0.000324,0.000280,0.000312,0.000272,0.000333,0.000296,0.000238,0.000248,0.000241,0.000277,0.000303,0.000311,0.000274,0.000176,0.000073,0.000041,0.000107,0.000090,0.000091,0.000067,0.000030,0.000025,0.000034,0.000039,0.000022,0.000049,0.000137
858,,,,,,,,,,,,,,0.000006,0.000148,0.000151,0.000177,0.000150,0.000088,0.000108,0.000114,0.000145,0.000154,0.000150,0.000105,0.000259,0.000211,0.000159,0.000136,0.000117,0.000138,0.000155,0.000175,0.000187,0.000165,0.000103,0.000051,0.000008,0.000006,0.000051,0.000063,0.000077,0.000101,0.000093,0.000097,0.000080,0.000043,0.000077,0.000165,0.000190
859,,,,,,,,,,,,,,0.000003,0.000102,0.000091,0.000081,0.000075,0.000157,0.000053,0.000055,0.000068,0.000071,0.000077,0.000075,0.000078,0.000072,0.000126,0.000140,0.000138,0.000168,0.000179,0.000189,0.000181,0.000155,0.000111,0.000083,0.000031,0.000016,0.000047,0.000052,0.000054,0.000060,0.000051,0.000069,0.000072,0.000062,0.000047,0.000045,0.000060
860,,,,,,,,,,,,,,0.000009,0.000265,0.000239,0.000247,0.000183,0.000104,0.000124,0.000146,0.000144,0.000156,0.000155,0.000121,0.000117,0.000122,0.000194,0.000204,0.000192,0.000196,0.000191,0.000175,0.000156,0.000107,0.000051,0.000013,0.000005,0.000008,0.000082,0.000080,0.000109,0.000117,0.000104,0.000104,0.000085,0.000052,0.000083,0.000162,0.000202
861,,,,,,,,,,,,,,0.000004,0.000210,0.000212,0.000161,0.000151,0.000103,0.000170,0.000221,0.000294,0.000332,0.000326,0.000252,0.000252,0.000229,0.000339,0.000333,0.000282,0.000260,0.000217,0.000181,0.000158,0.000132,0.000110,0.000058,0.000012,0.000004,0.000014,0.000031,0.000054,0.000083,0.000096,0.000108,0.000101,0.000070,0.000146,0.000293,0.000355
862,,,,,,,,,,,,,,0.000006,0.000159,0.000138,0.000134,0.000114,0.000060,0.000068,0.000078,0.000069,0.000079,0.000106,0.000073,0.000092,0.000084,0.000132,0.000122,0.000113,0.000130,0.000140,0.000147,0.000139,0.000108,0.000068,0.000040,0.000014,0.000010,0.000049,0.000058,0.000080,0.000095,0.000106,0.000105,0.000086,0.000042,0.000090,0.000218,0.000273
863,,,,,,,,,,,,,,0.000004,0.000113,0.000101,0.000094,0.000093,0.000054,0.000049,0.000057,0.000055,0.000068,0.000056,0.000041,0.000049,0.000050,0.000052,0.000056,0.000051,0.000057,0.000047,0.000043,0.000047,0.000043,0.000030,0.000020,0.000009,0.000008,0.000058,0.000067,0.000074,0.000075,0.000064,0.000078,0.000102,0.000081,0.000143,0.000278,0.000318
864,,,,,,,,,,,,,,0.000006,0.000194,0.000190,0.000163,0.000154,0.000122,0.000123,0.000139,0.000144,0.000171,0.000151,0.000112,0.000115,0.000092,0.000127,0.000109,0.000101,0.000097,0.000085,0.000061,0.000054,0.000044,0.000026,0.000008,0.000011,0.000017,0.000162,0.000268,0.000360,0.000337,0.000278,0.000257,0.000187,0.000086,0.000163,0.000317,0.000368
865,,,,,,,,,,,,,,0.000005,0.000204,0.000193,0.000188,0.000141,0.000083,0.000118,0.000132,0.000128,0.000134,0.000125,0.000092,0.000129,0.000092,0.000158,0.000154,0.000150,0.000174,0.000175,0.000188,0.000183,0.000145,0.000089,0.000057,0.000016,0.000007,0.000029,0.000036,0.000040,0.000035,0.000036,0.000049,0.000049,0.000033,0.000044,0.000089,0.000098
866,,,,,,,,,,,,,,0.000003,0.000146,0.000130,0.000122,0.000107,0.000055,0.000064,0.000077,0.000070,0.000081,0.000068,0.000040,0.000044,0.000046,0.000081,0.000102,0.000099,0.000124,0.000150,0.000188,0.000240,0.000277,0.000210,0.000123,0.000036,0.000016,0.000055,0.000055,0.000054,0.000052,0.000055,0.000067,0.000070,0.000052,0.000062,0.000060,0.000071
867,,,,,,,,,,,,,,0.000004,0.000122,0.000110,0.000100,0.000089,0.000046,0.000052,0.000069,0.000062,0.000056,0.000063,0.000055,0.000053,0.000057,0.000109,0.000105,0.000098,0.000103,0.000078,0.000078,0.000075,0.000063,0.000063,0.000058,0.000054,0.000032,0.000130,0.000184,0.000184,0.000141,0.000100,0.000101,0.000097,0.000125,0.000206,0.000195,0.000238
868,,,,,,,,,,,,,,0.000004,0.000159,0.000149,0.000136,0.000112,0.000060,0.000079,0.000082,0.000084,0.000102,0.000102,0.000085,0.000072,0.000076,0.000104,0.000098,0.000081,0.000081,0.000069,0.000062,0.000050,0.000031,0.000017,0.000009,0.000006,0.000010,0.000148,0.000165,0.000169,0.000151,0.000128,0.000123,0.000091,0.000044,0.000098,0.000186,0.000240
869,,,,,,,,,,,,,,0.000003,0.000210,0.000149,0.000130,0.000145,0.000072,0.000068,0.000054,0.000058,0.000050,0.000054,0.000041,0.000073,0.000089,0.000073,0.000065,0.000071,0.000091,0.000107,0.000123,0.000120,0.000110,0.000073,0.000048,0.000018,0.000013,0.000055,0.000064,0.000085,0.000085,0.000081,0.000111,0.000097,0.000061,0.000073,0.000105,0.000083
870,,,,,,,,,,,,,,0.000007,0.000219,0.000206,0.000202,0.000165,0.000114,0.000098,0.000107,0.000131,0.000124,0.000104,0.000080,0.000063,0.000048,0.000053,0.000046,0.000036,0.000028,0.000014,0.000017,0.000013,0.000010,0.000037,0.000050,0.000043,0.000032,0.000154,0.000178,0.000242,0.000243,0.000230,0.000220,0.000159,0.000073,0.000159,0.000229,0.000323
871,,,,,,,,,,,,,,0.000004,0.000126,0.000112,0.000117,0.000097,0.000079,0.000068,0.000075,0.000070,0.000070,0.000061,0.000051,0.000038,0.000035,0.000019,0.000020,0.000015,0.000014,0.000011,0.000016,0.000019,0.000020,0.000046,0.000027,0.000020,0.000022,0.000129,0.000146,0.000171,0.000166,0.000130,0.000117,0.000079,0.000047,0.000056,0.000072,0.000065
872,,,,,,,,,,,,,,0.000004,0.000106,0.000095,0.000104,0.000086,0.000062,0.000064,0.000083,0.000089,0.000089,0.000098,0.000076,0.000063,0.000059,0.000083,0.000093,0.000093,0.000101,0.000114,0.000127,0.000123,0.000104,0.000073,0.000045,0.000016,0.000009,0.000054,0.000058,0.000075,0.000094,0.000124,0.000150,0.000134,0.000059,0.000055,0.000091,0.000119
873,,,,,,,,,,,,,,0.000003,0.000088,0.000092,0.000095,0.000093,0.000072,0.000110,0.000146,0.000157,0.000191,0.000189,0.000139,0.000125,0.000105,0.000126,0.000122,0.000106,0.000106,0.000098,0.000093,0.000075,0.000051,0.000032,0.000010,0.000005,0.000006,0.000039,0.000047,0.000064,0.000064,0.000061,0.000067,0.000067,0.000050,0.000084,0.000136,0.000160
874,,,,,,,,,,,,,,0.000010,0.000327,0.000330,0.000305,0.000239,0.000124,0.000117,0.000120,0.000126,0.000165,0.000156,0.000122,0.000119,0.000115,0.000161,0.000156,0.000138,0.000152,0.000136,0.000148,0.000118,0.000083,0.000050,0.000031,0.000009,0.000006,0.000042,0.000035,0.000037,0.000037,0.000039,0.000050,0.000053,0.000043,0.000068,0.000169,0.000245
875,,,,,,,,,,,,,,0.000004,0.000176,0.000166,0.000137,0.000154,0.000108,0.000114,0.000121,0.000131,0.000153,0.000126,0.000088,0.000094,0.000106,0.000232,0.000317,0.000354,0.000456,0.000477,0.000504,0.000473,0.000350,0.000246,0.000132,0.000038,0.000016,0.000072,0.000068,0.000074,0.000066,0.000055,0.000063,0.000052,0.000032,0.000023,0.000061,0.000079
876,,,,,,,,,,,,,,0.000009,0.000270,0.000232,0.000199,0.000179,0.000099,0.000104,0.000105,0.000115,0.000109,0.000106,0.000071,0.000060,0.000050,0.000069,0.000079,0.000119,0.000128,0.000145,0.000148,0.000142,0.000126,0.000087,0.000056,0.000019,0.000010,0.000047,0.000072,0.000122,0.000128,0.000148,0.000190,0.000188,0.000087,0.000151,0.000315,0.000340
877,,,,,,,,,,,,,,0.000008,0.000253,0.000263,0.000235,0.000206,0.000143,0.000135,0.000129,0.000114,0.000131,0.000121,0.000120,0.000102,0.000113,0.000122,0.000104,0.000080,0.000072,0.000071,0.000059,0.000051,0.000043,0.000026,0.000015,0.000009,0.000011,0.000064,0.000069,0.000074,0.000076,0.000077,0.000091,0.000073,0.000057,0.000097,0.000170,0.000202
878,,,,,,,,,,,,,,0.000006,0.000197,0.000200,0.000224,0.000183,0.000167,0.000117,0.000125,0.000137,0.000142,0.000120,0.000083,0.000076,0.000082,0.000090,0.000084,0.000083,0.000061,0.000067,0.000056,0.000042,0.000039,0.000033,0.000021,0.000011,0.000013,0.000065,0.000091,0.000092,0.000093,0.000082,0.000088,0.000080,0.000049,0.000091,0.000191,0.000215
879,,,,,,,,,,,,,,0.000002,0.000065,0.000058,0.000061,0.000067,0.000060,0.000061,0.000072,0.000062,0.000079,0.000074,0.000067,0.000059,0.000058,0.000093,0.000097,0.000090,0.000111,0.000123,0.000135,0.000148,0.000143,0.000135,0.000101,0.000044,0.000024,0.000099,0.000089,0.000069,0.000052,0.000037,0.000060,0.000080,0.000050,0.000053,0.000065,0.000095
880,,,,,,,,,,,,,,0.000004,0.000141,0.000141,0.000130,0.000125,0.000080,0.000083,0.000088,0.000081,0.000083,0.000083,0.000075,0.000068,0.000076,0.000108,0.000103,0.000086,0.000088,0.000078,0.000074,0.000072,0.000056,0.000025,0.000017,0.000014,0.000019,0.000088,0.000074,0.000083,0.000091,0.000065,0.000075,0.000056,0.000028,0.000050,0.000116,0.000164
881,,,,,,,,,,,,,,0.000003,0.000115,0.000114,0.000129,0.000122,0.000070,0.000094,0.000089,0.000081,0.000090,0.000068,0.000046,0.000035,0.000026,0.000038,0.000033,0.000035,0.000044,0.000047,0.000048,0.000051,0.000047,0.000047,0.000034,0.000016,0.000014,0.000053,0.000056,0.000063,0.000053,0.000048,0.000058,0.000050,0.000047,0.000066,0.000107,0.000119
882,,,,,,,,,,,,,,0.000004,0.000097,0.000082,0.000078,0.000066,0.000036,0.000054,0.000062,0.000064,0.000075,0.000052,0.000036,0.000102,0.000103,0.000027,0.000018,0.000007,0.000007,0.000007,0.000005,0.000017,0.000035,0.000120,0.000178,0.000122,0.000086,0.000214,0.000290,0.000297,0.000228,0.000185,0.000159,0.000143,0.000091,0.000131,0.000176,0.000227
883,,,,,,,,,,,,,,0.000002,0.000048,0.000034,0.000036,0.000041,0.000044,0.000060,0.000060,0.000063,0.000068,0.000072,0.000065,0.000054,0.000056,0.000080,0.000087,0.000093,0.000109,0.000126,0.000152,0.000163,0.000142,0.000096,0.000062,0.000027,0.000019,0.000062,0.000054,0.000061,0.000061,0.000060,0.000079,0.000101,0.000086,0.000117,0.000273,0.000250
884,,,,,,,,,,,,,,0.000002,0.000124,0.000104,0.000100,0.000075,0.000047,0.000054,0.000054,0.000049,0.000049,0.000047,0.000031,0.000036,0.000039,0.000054,0.000059,0.000052,0.000062,0.000063,0.000064,0.000069,0.000061,0.000060,0.000057,0.000039,0.000027,0.000085,0.000092,0.000118,0.000098,0.000071,0.000084,0.000072,0.000086,0.000132,0.000064,0.000075
885,,,,,,,,,,,,,,0.000003,0.000089,0.000096,0.000097,0.000090,0.000059,0.000058,0.000062,0.000065,0.000056,0.000059,0.000044,0.000052,0.000047,0.000053,0.000046,0.000044,0.000038,0.000039,0.000042,0.000042,0.000044,0.000037,0.000029,0.000012,0.000011,0.000041,0.000044,0.000053,0.000051,0.000041,0.000043,0.000040,0.000018,0.000040,0.000055,0.000070
886,,,,,,,,,,,,,,0.000007,0.000219,0.000168,0.000158,0.000111,0.000082,0.000086,0.000111,0.000124,0.000105,0.000094,0.000088,0.000099,0.000100,0.000136,0.000145,0.000154,0.000153,0.000187,0.000177,0.000163,0.000126,0.000072,0.000036,0.000013,0.000008,0.000041,0.000048,0.000047,0.000048,0.000046,0.000060,0.000049,0.000033,0.000064,0.000152,0.000201
887,,,,,,,,,,,,,,0.000008,0.000277,0.000263,0.000235,0.000211,0.000129,0.000121,0.000111,0.000107,0.000106,0.000091,0.000048,0.000043,0.000045,0.000059,0.000058,0.000041,0.000057,0.000070,0.000079,0.000082,0.000074,0.000069,0.000039,0.000018,0.000013,0.000040,0.000047,0.000067,0.000067,0.000075,0.000094,0.000092,0.000083,0.000119,0.000187,0.000238
888,,,,,,,,,,,,,,0.000005,0.000143,0.000154,0.000139,0.000137,0.000069,0.000089,0.000099,0.000101,0.000104,0.000104,0.000080,0.000090,0.000087,0.000149,0.000157,0.000154,0.000177,0.000189,0.000192,0.000180,0.000129,0.000066,0.000024,0.000007,0.000006,0.000045,0.000065,0.000081,0.000079,0.000082,0.000113,0.000122,0.000077,0.000130,0.000254,0.000305
889,,,,,,,,,,,,,,0.000003,0.000098,0.000097,0.000137,0.000121,0.000088,0.000086,0.000107,0.000102,0.000107,0.000101,0.000120,0.000134,0.000123,0.000112,0.000114,0.000099,0.000104,0.000125,0.000139,0.000149,0.000137,0.000078,0.000041,0.000019,0.000027,0.000126,0.000116,0.000124,0.000107,0.000105,0.000107,0.000090,0.000049,0.000113,0.000155,0.000179
890,,,,,,,,,,,,,,0.000004,0.000094,0.000076,0.000079,0.000065,0.000043,0.000055,0.000072,0.000069,0.000086,0.000077,0.000066,0.000062,0.000059,0.000074,0.000072,0.000066,0.000075,0.000081,0.000100,0.000106,0.000094,0.000055,0.000025,0.000010,0.000012,0.000070,0.000073,0.000068,0.000068,0.000062,0.000061,0.000052,0.000030,0.000046,0.000109,0.000155
891,,,,,,,,,,,,,,0.000002,0.000053,0.000043,0.000042,0.000047,0.000040,0.000060,0.000060,0.000067,0.000066,0.000064,0.000045,0.000061,0.000060,0.000093,0.000093,0.000083,0.000090,0.000088,0.000106,0.000105,0.000106,0.000083,0.000065,0.000025,0.000027,0.000137,0.000127,0.000140,0.000129,0.000104,0.000108,0.000081,0.000037,0.000047,0.000093,0.000123
892,,,,,,,,,,,,,,0.000004,0.000165,0.000169,0.000172,0.000191,0.000137,0.000195,0.000231,0.000272,0.000252,0.000258,0.000242,0.000154,0.000139,0.000188,0.000160,0.000122,0.000124,0.000111,0.000101,0.000071,0.000037,0.000007,0.000007,0.000007,0.000013,0.000073,0.000076,0.000090,0.000095,0.000088,0.000082,0.000061,0.000039,0.000078,0.000143,0.000182
893,,,,,,,,,,,,,,0.000008,0.000280,0.000252,0.000234,0.000182,0.000090,0.000098,0.000118,0.000121,0.000121,0.000128,0.000098,0.000105,0.000093,0.000146,0.000147,0.000142,0.000166,0.000178,0.000199,0.000196,0.000169,0.000092,0.000057,0.000013,0.000006,0.000034,0.000043,0.000043,0.000057,0.000060,0.000077,0.000062,0.000039,0.000046,0.000099,0.000143
894,,,,,,,,,,,,,,0.000004,0.000097,0.000086,0.000077,0.000067,0.000042,0.000054,0.000072,0.000074,0.000110,0.000124,0.000121,0.000158,0.000207,0.000431,0.000589,0.000530,0.000573,0.000498,0.000440,0.000349,0.000249,0.000134,0.000072,0.000026,0.000019,0.000066,0.000076,0.000069,0.000077,0.000074,0.000087,0.000069,0.000043,0.000075,0.000088,0.000092
895,,,,,,,,,,,,,,0.000003,0.000101,0.000095,0.000090,0.000085,0.000053,0.000062,0.000072,0.000076,0.000063,0.000060,0.000059,0.000053,0.000053,0.000068,0.000070,0.000054,0.000047,0.000032,0.000027,0.000039,0.000045,0.000042,0.000037,0.000015,0.000012,0.000035,0.000041,0.000058,0.000077,0.000090,0.000091,0.000090,0.000062,0.000089,0.000174,0.000185
896,,,,,,,,,,,,,,0.000005,0.000121,0.000105,0.000100,0.000087,0.000056,0.000063,0.000080,0.000105,0.000142,0.000109,0.000067,0.000097,0.000104,0.000134,0.000129,0.000147,0.000172,0.000194,0.000215,0.000217,0.000169,0.000112,0.000056,0.000017,0.000011,0.000050,0.000064,0.000053,0.000063,0.000061,0.000077,0.000086,0.000062,0.000057,0.000101,0.000146
897,,,,,,,,,,,,,,0.000004,0.000105,0.000116,0.000106,0.000088,0.000064,0.000071,0.000091,0.000085,0.000101,0.000097,0.000074,0.000068,0.000063,0.000096,0.000091,0.000075,0.000082,0.000076,0.000080,0.000074,0.000056,0.000036,0.000020,0.000009,0.000010,0.000039,0.000049,0.000063,0.000072,0.000057,0.000065,0.000064,0.000036,0.000055,0.000124,0.000143
898,,,,,,,,,,,,,,0.000003,0.000098,0.000084,0.000077,0.000079,0.000047,0.000049,0.000056,0.000067,0.000059,0.000059,0.000202,0.000064,0.000072,0.000073,0.000062,0.000054,0.000053,0.000050,0.000045,0.000046,0.000035,0.000027,0.000016,0.000012,0.000012,0.000051,0.000054,0.000055,0.000052,0.000056,0.000055,0.000053,0.000037,0.000058,0.000124,0.000153
899,,,,,,,,,,,,,,0.000005,0.000173,0.000153,0.000172,0.000159,0.000109,0.000119,0.000140,0.000158,0.000163,0.000143,0.000089,0.000086,0.000082,0.000133,0.000148,0.000133,0.000136,0.000123,0.000116,0.000103,0.000074,0.000045,0.000022,0.000007,0.000004,0.000022,0.000025,0.000037,0.000038,0.000035,0.000035,0.000032,0.000021,0.000032,0.000061,0.000106
900,,,,,,,,,,,,,,0.000002,0.000061,0.000064,0.000077,0.000091,0.000065,0.000097,0.000121,0.000123,0.000143,0.000158,0.000122,0.000148,0.000119,0.000129,0.000113,0.000092,0.000095,0.000093,0.000101,0.000101,0.000089,0.000051,0.000022,0.000007,0.000008,0.000041,0.000064,0.000062,0.000074,0.000072,0.000085,0.000072,0.000038,0.000067,0.000148,0.000162
901,,,,,,,,,,,,,,0.000005,0.000212,0.000192,0.000157,0.000134,0.000082,0.000104,0.000108,0.000158,0.000176,0.000219,0.000203,0.000231,0.000259,0.000459,0.000485,0.000457,0.000484,0.000482,0.000500,0.000480,0.000376,0.000258,0.000141,0.000046,0.000023,0.000104,0.000120,0.000151,0.000161,0.000202,0.000287,0.000304,0.000231,0.000228,0.000357,0.000405
902,,,,,,,,,,,,,,0.000002,0.000110,0.000093,0.000098,0.000101,0.000077,0.000065,0.000063,0.000074,0.000079,0.000075,0.000054,0.000056,0.000053,0.000078,0.000086,0.000091,0.000114,0.000130,0.000157,0.000156,0.000127,0.000075,0.000041,0.000012,0.000007,0.000031,0.000026,0.000037,0.000030,0.000026,0.000045,0.000054,0.000039,0.000042,0.000071,0.000081
903,,,,,,,,,,,,,,0.000014,0.000366,0.000321,0.000328,0.000271,0.000152,0.000137,0.000149,0.000135,0.000122,0.000101,0.000094,0.000101,0.000097,0.000068,0.000063,0.000056,0.000055,0.000056,0.000055,0.000060,0.000060,0.000045,0.000020,0.000013,0.000011,0.000043,0.000051,0.000075,0.000081,0.000059,0.000043,0.000042,0.000033,0.000075,0.000115,0.000170
904,,,,,,,,,,,,,,0.000009,0.000155,0.000136,0.000109,0.000087,0.000046,0.000052,0.000051,0.000037,0.000029,0.000028,0.000011,0.000023,0.000022,0.000035,0.000040,0.000067,0.000091,0.000123,0.000162,0.000185,0.000166,0.000140,0.000107,0.000044,0.000026,0.000080,0.000100,0.000181,0.000288,0.000368,0.000519,0.000539,0.000435,0.000636,0.000931,0.000985
905,,,,,,,,,,,,,,0.000003,0.000103,0.000087,0.000086,0.000081,0.000040,0.000058,0.000084,0.000144,0.000210,0.000283,0.000279,0.000326,0.000334,0.000572,0.000581,0.000554,0.000540,0.000485,0.000441,0.000361,0.000259,0.000143,0.000063,0.000012,0.000010,0.000037,0.000044,0.000036,0.000047,0.000071,0.000108,0.000099,0.000061,0.000073,0.000129,0.000141
906,,,,,,,,,,,,,,0.000003,0.000102,0.000095,0.000102,0.000088,0.000050,0.000062,0.000066,0.000065,0.000075,0.000070,0.000051,0.000051,0.000047,0.000079,0.000097,0.000096,0.000115,0.000118,0.000125,0.000125,0.000110,0.000078,0.000052,0.000018,0.000011,0.000041,0.000049,0.000062,0.000072,0.000080,0.000079,0.000083,0.000062,0.000050,0.000086,0.000115
907,,,,,,,,,,,,,,0.000003,0.000083,0.000072,0.000097,0.000106,0.000078,0.000103,0.000128,0.000138,0.000173,0.000184,0.000159,0.000152,0.000135,0.000192,0.000173,0.000134,0.000123,0.000100,0.000086,0.000071,0.000056,0.000037,0.000022,0.000009,0.000007,0.000034,0.000035,0.000041,0.000035,0.000048,0.000073,0.000088,0.000126,0.000185,0.000145,0.000147
908,,,,,,,,,,,,,,0.000004,0.000198,0.000165,0.000161,0.000128,0.000065,0.000093,0.000112,0.000102,0.000095,0.000082,0.000057,0.000065,0.000067,0.000051,0.000043,0.000037,0.000039,0.000035,0.000034,0.000042,0.000036,0.000025,0.000021,0.000019,0.000029,0.000154,0.000152,0.000146,0.000139,0.000126,0.000113,0.000089,0.000048,0.000072,0.000151,0.000195
909,,,,,,,,,,,,,,0.000004,0.000173,0.000162,0.000147,0.000137,0.000078,0.000093,0.000093,0.000092,0.000100,0.000100,0.000092,0.000112,0.000110,0.000164,0.000172,0.000154,0.000145,0.000121,0.000111,0.000107,0.000086,0.000042,0.000028,0.000016,0.000019,0.000122,0.000151,0.000140,0.000121,0.000096,0.000106,0.000088,0.000045,0.000055,0.000109,0.000143
910,,,,,,,,,,,,,,0.000005,0.000120,0.000107,0.000110,0.000107,0.000068,0.000067,0.000082,0.000079,0.000092,0.000089,0.000063,0.000066,0.000059,0.000068,0.000058,0.000057,0.000065,0.000055,0.000042,0.000036,0.000032,0.000029,0.000033,0.000020,0.000015,0.000072,0.000079,0.000100,0.000104,0.000109,0.000154,0.000175,0.000124,0.000186,0.000327,0.000358
911,,,,,,,,,,,,,,0.000005,0.000138,0.000141,0.000136,0.000145,0.000083,0.000124,0.000170,0.000221,0.000289,0.000338,0.000277,0.000283,0.000259,0.000414,0.000403,0.000322,0.000324,0.000294,0.000286,0.000258,0.000196,0.000110,0.000052,0.000009,0.000005,0.000085,0.000084,0.000110,0.000105,0.000125,0.000146,0.000150,0.000091,0.000144,0.000297,0.000356
912,,,,,,,,,,,,,,0.000012,0.000446,0.000499,0.000531,0.000484,0.000251,0.000230,0.000234,0.000220,0.000239,0.000216,0.000151,0.000135,0.000115,0.000170,0.000157,0.000134,0.000153,0.000160,0.000159,0.000143,0.000102,0.000060,0.000038,0.000011,0.000006,0.000030,0.000038,0.000041,0.000045,0.000036,0.000043,0.000039,0.000020,0.000054,0.000171,0.000311
913,,,,,,,,,,,,,,0.000005,0.000150,0.000140,0.000136,0.000110,0.000134,0.000075,0.000065,0.000069,0.000070,0.000064,0.000064,0.000052,0.000054,0.000057,0.000049,0.000045,0.000060,0.000066,0.000076,0.000091,0.000081,0.000064,0.000029,0.000012,0.000020,0.000113,0.000117,0.000119,0.000118,0.000106,0.000106,0.000077,0.000057,0.000140,0.000221,0.000203
914,,,,,,,,,,,,,,0.000006,0.000225,0.000191,0.000175,0.000128,0.000084,0.000070,0.000080,0.000080,0.000070,0.000063,0.000047,0.000041,0.000034,0.000044,0.000044,0.000047,0.000055,0.000048,0.000049,0.000039,0.000025,0.000020,0.000008,0.000013,0.000012,0.000066,0.000080,0.000091,0.000104,0.000108,0.000115,0.000095,0.000059,0.000114,0.000225,0.000291
915,,,,,,,,,,,,,,0.000006,0.000163,0.000161,0.000157,0.000141,0.000086,0.000095,0.000106,0.000101,0.000112,0.000099,0.000078,0.000073,0.000058,0.000070,0.000061,0.000046,0.000046,0.000039,0.000026,0.000015,0.000011,0.000018,0.000006,0.000017,0.000037,0.000325,0.000327,0.000343,0.000321,0.000242,0.000208,0.000150,0.000067,0.000111,0.000242,0.000293
916,,,,,,,,,,,,,,0.000002,0.000098,0.000093,0.000092,0.000066,0.000044,0.000044,0.000042,0.000053,0.000073,0.000069,0.000052,0.000060,0.000064,0.000109,0.000117,0.000115,0.000144,0.000142,0.000160,0.000161,0.000139,0.000103,0.000069,0.000037,0.000018,0.000053,0.000066,0.000066,0.000066,0.000057,0.000070,0.000073,0.000055,0.000043,0.000054,0.000066
917,,,,,,,,,,,,,,0.000002,0.000079,0.000058,0.000050,0.000051,0.000035,0.000060,0.000084,0.000098,0.000126,0.000120,0.000119,0.000182,0.000186,0.000155,0.000144,0.000113,0.000108,0.000099,0.000098,0.000096,0.000086,0.000062,0.000037,0.000013,0.000009,0.000029,0.000029,0.000033,0.000036,0.000034,0.000053,0.000053,0.000033,0.000038,0.000079,0.000104
918,,,,,,,,,,,,,,0.000006,0.000181,0.000169,0.000166,0.000166,0.000103,0.000106,0.000115,0.000120,0.000125,0.000128,0.000082,0.000079,0.000061,0.000077,0.000056,0.000034,0.000028,0.000031,0.000031,0.000031,0.000024,0.000022,0.000012,0.000008,0.000011,0.000046,0.000062,0.000072,0.000092,0.000112,0.000163,0.000171,0.000107,0.000181,0.000444,0.000552
919,,,,,,,,,,,,,,0.000004,0.000274,0.000329,0.000389,0.000450,0.000318,0.000422,0.000485,0.000478,0.000558,0.000478,0.000332,0.000276,0.000225,0.000343,0.000334,0.000296,0.000312,0.000307,0.000328,0.000314,0.000257,0.000170,0.000088,0.000018,0.000007,0.000048,0.000053,0.000069,0.000086,0.000084,0.000093,0.000068,0.000043,0.000054,0.000129,0.000146
920,,,,,,,,,,,,,,0.000006,0.000171,0.000160,0.000141,0.000154,0.000084,0.000113,0.000156,0.000213,0.000258,0.000264,0.000210,0.000257,0.000185,0.000296,0.000279,0.000235,0.000256,0.000235,0.000205,0.000152,0.000110,0.000070,0.000068,0.000025,0.000021,0.000090,0.000101,0.000143,0.000170,0.000186,0.000242,0.000219,0.000106,0.000146,0.000316,0.000366
921,,,,,,,,,,,,,,0.000002,0.000032,0.000039,0.000046,0.000050,0.000040,0.000034,0.000042,0.000053,0.000055,0.000049,0.000055,0.000056,0.000062,0.000119,0.000153,0.000175,0.000216,0.000226,0.000229,0.000197,0.000151,0.000093,0.000053,0.000023,0.000017,0.000056,0.000054,0.000061,0.000057,0.000054,0.000051,0.000044,0.000029,0.000025,0.000033,0.000031
922,,,,,,,,,,,,,,0.000008,0.000237,0.000196,0.000196,0.000169,0.000135,0.000122,0.000126,0.000129,0.000141,0.000108,0.000102,0.000074,0.000060,0.000045,0.000031,0.000018,0.000004,0.000006,0.000000,0.000004,0.000007,0.000012,0.000011,0.000024,0.000028,0.000094,0.000096,0.000111,0.000117,0.000111,0.000124,0.000114,0.000085,0.000145,0.000240,0.000286
923,,,,,,,,,,,,,,0.000004,0.000135,0.000129,0.000149,0.000172,0.000080,0.000101,0.000100,0.000095,0.000078,0.000085,0.000058,0.000055,0.000061,0.000078,0.000077,0.000058,0.000060,0.000058,0.000077,0.000076,0.000060,0.000042,0.000028,0.000016,0.000014,0.000048,0.000069,0.000071,0.000073,0.000060,0.000066,0.000064,0.000048,0.000048,0.000111,0.000137
924,,,,,,,,,,,,,,0.000003,0.000079,0.000071,0.000072,0.000064,0.000048,0.000085,0.000132,0.000146,0.000182,0.000142,0.000109,0.000099,0.000086,0.000122,0.000126,0.000115,0.000122,0.000115,0.000126,0.000117,0.000087,0.000053,0.000029,0.000009,0.000005,0.000028,0.000037,0.000036,0.000030,0.000033,0.000041,0.000048,0.000045,0.000081,0.000100,0.000114
925,,,,,,,,,,,,,,0.000004,0.000118,0.000105,0.000095,0.000080,0.000042,0.000060,0.000063,0.000083,0.000101,0.000093,0.000089,0.000078,0.000080,0.000108,0.000106,0.000086,0.000088,0.000090,0.000086,0.000088,0.000060,0.000034,0.000018,0.000009,0.000009,0.000045,0.000041,0.000047,0.000063,0.000091,0.000110,0.000098,0.000083,0.000173,0.000167,0.000180
926,,,,,,,,,,,,,,0.000004,0.000137,0.000144,0.000124,0.000106,0.000061,0.000082,0.000085,0.000082,0.000080,0.000077,0.000063,0.000070,0.000063,0.000080,0.000081,0.000067,0.000082,0.000080,0.000087,0.000082,0.000077,0.000046,0.000034,0.000018,0.000010,0.000043,0.000039,0.000062,0.000062,0.000057,0.000052,0.000057,0.000033,0.000045,0.000068,0.000084
927,,,,,,,,,,,,,,0.000002,0.000095,0.000091,0.000098,0.000104,0.000108,0.000135,0.000172,0.000218,0.000269,0.000268,0.000280,0.000275,0.000284,0.000318,0.000322,0.000295,0.000329,0.000323,0.000291,0.000259,0.000192,0.000129,0.000081,0.000024,0.000014,0.000057,0.000060,0.000064,0.000064,0.000053,0.000053,0.000056,0.000033,0.000033,0.000015,0.000024
928,,,,,,,,,,,,,,0.000010,0.000446,0.000450,0.000459,0.000340,0.000192,0.000264,0.000267,0.000217,0.000235,0.000205,0.000159,0.000137,0.000120,0.000191,0.000181,0.000165,0.000179,0.000169,0.000159,0.000140,0.000099,0.000063,0.000032,0.000011,0.000006,0.000039,0.000044,0.000057,0.000076,0.000073,0.000074,0.000057,0.000033,0.000056,0.000120,0.000164
929,,,,,,,,,,,,,,0.000005,0.000170,0.000176,0.000180,0.000167,0.000104,0.000112,0.000141,0.000149,0.000155,0.000150,0.000123,0.000131,0.000124,0.000135,0.000128,0.000103,0.000103,0.000090,0.000084,0.000070,0.000045,0.000016,0.000005,0.000010,0.000015,0.000087,0.000101,0.000108,0.000103,0.000101,0.000109,0.000069,0.000054,0.000105,0.000166,0.000203
930,,,,,,,,,,,,,,0.000006,0.000297,0.000344,0.000372,0.000346,0.000200,0.000213,0.000213,0.000184,0.000179,0.000143,0.000098,0.000098,0.000076,0.000115,0.000134,0.000138,0.000178,0.000176,0.000203,0.000223,0.000217,0.000146,0.000100,0.000023,0.000013,0.000066,0.000071,0.000068,0.000072,0.000054,0.000069,0.000062,0.000030,0.000025,0.000045,0.000052
931,,,,,,,,,,,,,,0.000004,0.000141,0.000155,0.000160,0.000166,0.000110,0.000126,0.000143,0.000152,0.000173,0.000159,0.000114,0.000112,0.000107,0.000179,0.000186,0.000175,0.000195,0.000203,0.000218,0.000209,0.000157,0.000093,0.000046,0.000005,0.000005,0.000070,0.000101,0.000131,0.000168,0.000154,0.000164,0.000133,0.000063,0.000099,0.000203,0.000232
932,,,,,,,,,,,,,,0.000005,0.000118,0.000110,0.000121,0.000109,0.000064,0.000090,0.000108,0.000084,0.000102,0.000102,0.000084,0.000093,0.000086,0.000149,0.000151,0.000138,0.000148,0.000147,0.000149,0.000147,0.000116,0.000079,0.000052,0.000015,0.000008,0.000039,0.000047,0.000066,0.000081,0.000079,0.000091,0.000076,0.000039,0.000067,0.000182,0.000234
933,,,,,,,,,,,,,,0.000002,0.000049,0.000065,0.000121,0.000110,0.000099,0.000090,0.000081,0.000087,0.000070,0.000060,0.000046,0.000052,0.000035,0.000040,0.000043,0.000050,0.000060,0.000069,0.000079,0.000075,0.000070,0.000061,0.000051,0.000019,0.000012,0.000038,0.000040,0.000029,0.000036,0.000040,0.000052,0.000059,0.000039,0.000034,0.000072,0.000102
934,,,,,,,,,,,,,,0.000003,0.000122,0.000117,0.000084,0.000080,0.000062,0.000063,0.000069,0.000088,0.000103,0.000089,0.000073,0.000074,0.000069,0.000106,0.000119,0.000112,0.000131,0.000200,0.000190,0.000180,0.000162,0.000141,0.000099,0.000033,0.000019,0.000060,0.000066,0.000079,0.000078,0.000062,0.000078,0.000086,0.000083,0.000140,0.000160,0.000169
935,,,,,,,,,,,,,,0.000006,0.000191,0.000210,0.000252,0.000176,0.000117,0.000107,0.000103,0.000104,0.000116,0.000103,0.000086,0.000067,0.000066,0.000107,0.000107,0.000100,0.000099,0.000100,0.000106,0.000098,0.000065,0.000034,0.000025,0.000009,0.000008,0.000046,0.000061,0.000072,0.000069,0.000074,0.000072,0.000074,0.000036,0.000049,0.000116,0.000140
936,,,,,,,,,,,,,,0.000005,0.000205,0.000177,0.000147,0.000117,0.000075,0.000074,0.000078,0.000069,0.000082,0.000073,0.000063,0.000057,0.000050,0.000054,0.000052,0.000046,0.000054,0.000061,0.000068,0.000094,0.000082,0.000057,0.000040,0.000014,0.000011,0.000045,0.000048,0.000057,0.000047,0.000048,0.000042,0.000035,0.000027,0.000035,0.000062,0.000072
937,,,,,,,,,,,,,,0.000005,0.000173,0.000163,0.000118,0.000087,0.000067,0.000041,0.000049,0.000061,0.000073,0.000067,0.000070,0.000073,0.000096,0.000192,0.000274,0.000355,0.000468,0.000526,0.000553,0.000480,0.000322,0.000160,0.000072,0.000019,0.000014,0.000052,0.000044,0.000064,0.000064,0.000061,0.000074,0.000072,0.000055,0.000080,0.000116,0.000130
938,,,,,,,,,,,,,,0.000017,0.000502,0.000417,0.000401,0.000323,0.000166,0.000170,0.000195,0.000205,0.000235,0.000236,0.000188,0.000218,0.000241,0.000415,0.000448,0.000384,0.000365,0.000324,0.000288,0.000209,0.000148,0.000084,0.000061,0.000016,0.000007,0.000029,0.000027,0.000029,0.000040,0.000058,0.000052,0.000048,0.000035,0.000078,0.000182,0.000264
939,,,,,,,,,,,,,,0.000007,0.000273,0.000239,0.000226,0.000218,0.000157,0.000156,0.000167,0.000163,0.000147,0.000141,0.000139,0.000146,0.000137,0.000154,0.000144,0.000132,0.000147,0.000159,0.000146,0.000133,0.000109,0.000070,0.000032,0.000016,0.000011,0.000058,0.000081,0.000101,0.000105,0.000100,0.000102,0.000089,0.000061,0.000067,0.000151,0.000201
940,,,,,,,,,,,,,,0.000004,0.000114,0.000106,0.000099,0.000093,0.000049,0.000068,0.000081,0.000068,0.000060,0.000052,0.000050,0.000039,0.000043,0.000056,0.000046,0.000033,0.000046,0.000054,0.000052,0.000050,0.000051,0.000035,0.000023,0.000014,0.000014,0.000077,0.000097,0.000126,0.000121,0.000089,0.000089,0.000080,0.000047,0.000067,0.000139,0.000163
941,,,,,,,,,,,,,,0.000004,0.000173,0.000174,0.000191,0.000197,0.000145,0.000174,0.000198,0.000213,0.000214,0.000189,0.000132,0.000118,0.000104,0.000148,0.000117,0.000088,0.000075,0.000064,0.000077,0.000106,0.000113,0.000074,0.000034,0.000009,0.000008,0.000044,0.000049,0.000053,0.000062,0.000062,0.000067,0.000046,0.000032,0.000058,0.000118,0.000132
942,,,,,,,,,,,,,,0.000007,0.000302,0.000293,0.000260,0.000220,0.000105,0.000124,0.000149,0.000151,0.000155,0.000180,0.000145,0.000165,0.000131,0.000185,0.000159,0.000134,0.000141,0.000135,0.000140,0.000127,0.000100,0.000073,0.000050,0.000018,0.000010,0.000043,0.000033,0.000040,0.000029,0.000024,0.000042,0.000041,0.000024,0.000025,0.000050,0.000071
943,,,,,,,,,,,,,,0.000006,0.000212,0.000181,0.000148,0.000136,0.000076,0.000092,0.000107,0.000121,0.000150,0.000145,0.000091,0.000102,0.000087,0.000124,0.000118,0.000103,0.000128,0.000133,0.000137,0.000146,0.000143,0.000198,0.000172,0.000089,0.000047,0.000124,0.000119,0.000122,0.000125,0.000117,0.000122,0.000108,0.000115,0.000112,0.000216,0.000242
944,,,,,,,,,,,,,,0.000002,0.000078,0.000057,0.000066,0.000063,0.000035,0.000047,0.000052,0.000050,0.000062,0.000065,0.000075,0.000061,0.000057,0.000091,0.000091,0.000082,0.000095,0.000099,0.000116,0.000121,0.000100,0.000061,0.000037,0.000015,0.000009,0.000056,0.000056,0.000050,0.000051,0.000049,0.000052,0.000052,0.000030,0.000039,0.000083,0.000102
945,,,,,,,,,,,,,,0.000003,0.000144,0.000142,0.000129,0.000111,0.000065,0.000081,0.000086,0.000096,0.000097,0.000081,0.000065,0.000067,0.000064,0.000070,0.000063,0.000054,0.000055,0.000051,0.000047,0.000039,0.000030,0.000035,0.000044,0.000033,0.000022,0.000069,0.000069,0.000070,0.000075,0.000066,0.000085,0.000064,0.000042,0.000059,0.000099,0.000111
946,,,,,,,,,,,,,,0.000012,0.000381,0.000357,0.000260,0.000230,0.000143,0.000168,0.000160,0.000175,0.000229,0.000198,0.000144,0.000134,0.000127,0.000166,0.000179,0.000159,0.000165,0.000158,0.000176,0.000170,0.000158,0.000121,0.000069,0.000027,0.000016,0.000066,0.000061,0.000063,0.000057,0.000033,0.000035,0.000027,0.000013,-0.000004,-0.000032,-0.000029
947,,,,,,,,,,,,,,0.000005,0.000186,0.000180,0.000197,0.000175,0.000124,0.000107,0.000105,0.000091,0.000105,0.000085,0.000068,0.000082,0.000088,0.000039,0.000029,0.000061,0.000127,0.000185,0.000223,0.000207,0.000169,0.000085,0.000049,0.000019,0.000015,0.000067,0.000077,0.000099,0.000087,0.000078,0.000126,0.000124,0.000087,0.000091,0.000086,0.000087
948,,,,,,,,,,,,,,0.000006,0.000210,0.000179,0.000159,0.000164,0.000098,0.000099,0.000109,0.000111,0.000116,0.000102,0.000073,0.000096,0.000083,0.000112,0.000095,0.000091,0.000114,0.000118,0.000138,0.000127,0.000110,0.000071,0.000049,0.000020,0.000017,0.000069,0.000081,0.000097,0.000093,0.000076,0.000105,0.000093,0.000060,0.000082,0.000141,0.000159
949,,,,,,,,,,,,,,0.000003,0.000081,0.000076,0.000056,0.000055,0.000043,0.000045,0.000048,0.000060,0.000077,0.000078,0.000058,0.000078,0.000071,0.000116,0.000131,0.000133,0.000154,0.000161,0.000174,0.000181,0.000157,0.000120,0.000087,0.000031,0.000019,0.000063,0.000089,0.000096,0.000078,0.000076,0.000087,0.000093,0.000075,0.000064,0.000083,0.000098
950,,,,,,,,,,,,,,0.000008,0.000252,0.000244,0.000257,0.000232,0.000132,0.000158,0.000155,0.000140,0.000146,0.000152,0.000111,0.000095,0.000081,0.000102,0.000095,0.000087,0.000086,0.000075,0.000068,0.000067,0.000043,0.000021,0.000008,0.000006,0.000010,0.000058,0.000067,0.000081,0.000102,0.000106,0.000123,0.000127,0.000076,0.000139,0.000291,0.000418
951,,,,,,,,,,,,,,0.000004,0.000100,0.000077,0.000063,0.000052,0.000047,0.000042,0.000037,0.000052,0.000060,0.000042,0.000040,0.000039,0.000038,0.000035,0.000037,0.000038,0.000045,0.000058,0.000087,0.000125,0.000170,0.000191,0.000145,0.000062,0.000030,0.000084,0.000085,0.000089,0.000069,0.000057,0.000071,0.000073,0.000064,0.000073,0.000079,0.000106
952,,,,,,,,,,,,,,0.000012,0.000379,0.000336,0.000287,0.000229,0.000126,0.000128,0.000141,0.000136,0.000145,0.000133,0.000115,0.000093,0.000078,0.000097,0.000083,0.000062,0.000046,0.000035,0.000030,0.000036,0.000046,0.000039,0.000029,0.000028,0.000015,0.000043,0.000053,0.000069,0.000059,0.000046,0.000042,0.000037,0.000035,0.000042,0.000084,0.000109
953,,,,,,,,,,,,,,0.000007,0.000206,0.000218,0.000239,0.000219,0.000131,0.000139,0.000194,0.000210,0.000240,0.000227,0.000179,0.000166,0.000154,0.000204,0.000188,0.000144,0.000155,0.000146,0.000149,0.000136,0.000103,0.000066,0.000043,0.000014,0.000009,0.000064,0.000078,0.000090,0.000102,0.000087,0.000115,0.000118,0.000086,0.000109,0.000199,0.000248
954,,,,,,,,,,,,,,0.000003,0.000100,0.000102,0.000105,0.000131,0.000119,0.000222,0.000367,0.000496,0.000687,0.000712,0.000550,0.000600,0.000497,0.000740,0.000641,0.000512,0.000515,0.000439,0.000436,0.000381,0.000268,0.000149,0.000079,0.000023,0.000011,0.000058,0.000073,0.000100,0.000115,0.000081,0.000092,0.000083,0.000054,0.000053,0.000114,0.000162
955,,,,,,,,,,,,,,0.000003,0.000092,0.000091,0.000081,0.000065,0.000058,0.000057,0.000065,0.000075,0.000066,0.000080,0.000085,0.000099,0.000105,0.000187,0.000207,0.000217,0.000253,0.000240,0.000224,0.000203,0.000145,0.000095,0.000058,0.000021,0.000017,0.000055,0.000053,0.000069,0.000064,0.000044,0.000036,0.000026,0.000026,0.000043,0.000054,0.000064
956,,,,,,,,,,,,,,0.000004,0.000098,0.000098,0.000098,0.000098,0.000058,0.000083,0.000106,0.000115,0.000145,0.000172,0.000143,0.000148,0.000144,0.000232,0.000216,0.000181,0.000190,0.000176,0.000179,0.000161,0.000116,0.000058,0.000036,0.000011,0.000006,0.000050,0.000065,0.000090,0.000126,0.000152,0.000194,0.000194,0.000081,0.000114,0.000232,0.000272
957,,,,,,,,,,,,,,0.000004,0.000117,0.000118,0.000129,0.000112,0.000055,0.000076,0.000084,0.000075,0.000093,0.000085,0.000071,0.000059,0.000050,0.000069,0.000066,0.000055,0.000056,0.000063,0.000065,0.000068,0.000055,0.000037,0.000024,0.000008,0.000007,0.000041,0.000049,0.000066,0.000084,0.000089,0.000136,0.000139,0.000151,0.000157,0.000183,0.000191
958,,,,,,,,,,,,,,0.000002,0.000093,0.000090,0.000087,0.000090,0.000071,0.000071,0.000092,0.000152,0.000115,0.000099,0.000075,0.000078,0.000068,0.000093,0.000088,0.000079,0.000088,0.000094,0.000103,0.000109,0.000101,0.000072,0.000054,0.000023,0.000018,0.000057,0.000057,0.000059,0.000063,0.000049,0.000048,0.000045,0.000029,0.000047,0.000069,0.000080
959,,,,,,,,,,,,,,0.000005,0.000116,0.000108,0.000115,0.000098,0.000063,0.000070,0.000079,0.000091,0.000113,0.000097,0.000080,0.000073,0.000065,0.000089,0.000091,0.000090,0.000096,0.000103,0.000119,0.000131,0.000104,0.000063,0.000030,0.000009,0.000007,0.000038,0.000044,0.000038,0.000040,0.000043,0.000051,0.000054,0.000040,0.000082,0.000182,0.000256
960,,,,,,,,,,,,,,0.000004,0.000172,0.000154,0.000152,0.000130,0.000091,0.000086,0.000089,0.000075,0.000072,0.000073,0.000070,0.000060,0.000057,0.000089,0.000097,0.000083,0.000089,0.000094,0.000110,0.000121,0.000119,0.000107,0.000082,0.000037,0.000020,0.000055,0.000052,0.000061,0.000057,0.000042,0.000044,0.000056,0.000035,0.000026,0.000025,0.000043
961,,,,,,,,,,,,,,0.000006,0.000166,0.000158,0.000158,0.000133,0.000074,0.000085,0.000090,0.000080,0.000091,0.000090,0.000060,0.000068,0.000053,0.000065,0.000063,0.000060,0.000061,0.000068,0.000069,0.000065,0.000055,0.000030,0.000016,0.000010,0.000015,0.000117,0.000107,0.000119,0.000114,0.000104,0.000111,0.000091,0.000037,0.000072,0.000183,0.000230
962,,,,,,,,,,,,,,0.000005,0.000162,0.000147,0.000145,0.000120,0.000062,0.000080,0.000075,0.000087,0.000095,0.000096,0.000069,0.000065,0.000060,0.000079,0.000075,0.000065,0.000067,0.000068,0.000071,0.000075,0.000058,0.000044,0.000025,0.000010,0.000009,0.000032,0.000036,0.000047,0.000040,0.000041,0.000045,0.000045,0.000028,0.000032,0.000081,0.000115
963,,,,,,,,,,,,,,0.000004,0.000176,0.000155,0.000166,0.000139,0.000071,0.000086,0.000076,0.000063,0.000054,0.000049,0.000040,0.000051,0.000050,0.000065,0.000080,0.000087,0.000112,0.000126,0.000145,0.000146,0.000133,0.000076,0.000048,0.000026,0.000020,0.000084,0.000093,0.000125,0.000119,0.000102,0.000101,0.000066,0.000042,0.000056,0.000108,0.000138
964,,,,,,,,,,,,,,0.000009,0.000257,0.000234,0.000223,0.000178,0.000093,0.000109,0.000115,0.000114,0.000105,0.000094,0.000060,0.000058,0.000056,0.000074,0.000077,0.000066,0.000064,0.000065,0.000070,0.000068,0.000061,0.000043,0.000026,0.000009,0.000009,0.000110,0.000196,0.000230,0.000197,0.000151,0.000151,0.000095,0.000049,0.000095,0.000252,0.000369
