roi_id,bin_0,bin_1,bin_2,bin_3,bin_4,bin_5,bin_6,bin_7,bin_8,bin_9,bin_10,bin_11,bin_12,bin_13,bin_14,bin_15,bin_16,bin_17,bin_18,bin_19,bin_20,bin_21,bin_22,bin_23,bin_24,bin_25,bin_26,bin_27,bin_28,bin_29,bin_30,bin_31,bin_32,bin_33,bin_34,bin_35,bin_36,bin_37,bin_38,bin_39,bin_40,bin_41,bin_42,bin_43,bin_44,bin_45,bin_46,bin_47,bin_48,bin_49
0,,,,,,,,,,,,,,0.000012,0.000158,0.000141,0.000139,0.000145,0.000150,0.000113,0.000090,0.000092,0.000080,0.000060,0.000049,0.000041,0.000047,0.000027,0.000036,0.000018,0.000022,0.000019,0.000027,0.000021,0.000051,0.000043,0.000097,0.000231,0.000223,0.000114,0.000081,0.000070,0.000092,0.000118,0.000172,0.000267,0.000108,0.000459,0.000711,0.000832
1,,,,,,,,,,,,,,0.000002,0.000031,0.000033,0.000036,0.000049,0.000041,0.000030,0.000023,0.000021,0.000022,0.000015,0.000014,0.000013,0.000025,0.000035,0.000058,0.000099,0.000158,0.000169,0.000504,0.000931,0.001300,0.001701,0.001541,0.000278,0.001129,0.001753,0.001674,0.001396,0.001138,0.000919,0.000596,0.000375,0.000046,0.000100,0.000158,0.000161
2,,,,,,,,,,,,,,0.000006,0.000060,0.000053,0.000095,0.000102,0.000082,0.000062,0.000046,0.000035,0.000042,0.000041,0.000040,0.000034,0.000032,0.000044,0.000041,0.000053,0.000066,0.000053,0.000084,0.000104,0.000130,0.000141,0.000132,0.000036,0.000045,0.000075,0.000135,0.000165,0.000237,0.000347,0.000412,0.000473,0.000105,0.000313,0.000447,0.000438
3,,,,,,,,,,,,,,0.000002,0.000057,0.000071,0.000149,0.000344,0.000683,0.001040,0.001376,0.001726,0.002310,0.002769,0.003215,0.003506,0.003488,0.003545,0.003587,0.003187,0.003174,0.001510,0.002395,0.002237,0.001852,0.001561,0.001019,0.000147,0.000449,0.000575,0.000530,0.000407,0.000314,0.000241,0.000142,0.000080,0.000008,0.000025,0.000032,0.000016
4,,,,,,,,,,,,,,0.000013,0.000268,0.000226,0.000207,0.000218,0.000253,0.000193,0.000143,0.000141,0.000143,0.000140,0.000141,0.000115,0.000117,0.000107,0.000081,0.000338,0.000170,0.000630,0.000191,0.000153,0.000173,0.000142,0.000097,0.000156,0.000082,0.000078,0.000072,0.000050,0.000037,0.000029,0.000018,0.000034,0.000022,0.000250,0.001209,0.001750
5,,,,,,,,,,,,,,0.000007,0.000084,0.000076,0.000118,0.000115,0.000097,0.000057,0.000035,0.000036,0.000045,0.000031,0.000024,0.000025,0.000016,0.000014,0.000032,0.000027,0.000045,0.000061,0.000098,0.000131,0.000196,0.000308,0.000649,0.000583,0.000693,0.000324,0.000244,0.000247,0.000275,0.000352,0.000371,0.000386,0.000130,0.000424,0.000637,0.000607
6,,,,,,,,,,,,,,0.000002,0.000022,0.000025,0.000036,0.000055,0.000076,0.000077,0.000076,0.000081,0.000101,0.000145,0.000216,0.000347,0.000512,0.000758,0.001121,0.001693,0.002091,0.002066,0.002916,0.003217,0.003064,0.002878,0.001958,0.000297,0.001019,0.001381,0.001289,0.001063,0.000851,0.000689,0.000433,0.000267,0.000031,0.000074,0.000097,0.000085
7,,,,,,,,,,,,,,0.000001,0.000065,0.000150,0.000342,0.000668,0.001103,0.001346,0.001680,0.001705,0.001810,0.001822,0.001861,0.001713,0.001533,0.001324,0.001207,0.000931,0.000850,0.000395,0.000620,0.000568,0.000466,0.000409,0.000249,0.000042,0.000127,0.000175,0.000161,0.000149,0.000145,0.000140,0.000107,0.000067,0.000012,0.000091,0.000077,0.000050
8,,,,,,,,,,,,,,0.000002,0.000097,0.000083,0.000077,0.000106,0.000093,0.000096,0.000072,0.000096,0.000132,0.000172,0.000167,0.000199,0.000206,0.000225,0.000242,0.000198,0.000189,0.000118,0.000160,0.000152,0.000138,0.000139,0.000136,0.000064,0.000233,0.000407,0.000609,0.000679,0.000703,0.000648,0.000424,0.000315,0.000033,0.000119,0.000178,0.000161
9,,,,,,,,,,,,,,0.000006,0.000082,0.000075,0.000083,0.000090,0.000083,0.000075,0.000040,0.000044,0.000030,0.000024,0.000025,0.000018,0.000013,0.000004,0.000010,0.000032,0.000049,0.000091,0.000168,0.000155,0.000191,0.000197,0.000156,0.000070,0.000137,0.000148,0.000129,0.000133,0.000164,0.000111,0.000084,0.000078,0.000047,0.000220,0.000266,0.000281
10,,,,,,,,,,,,,,0.000003,0.000036,0.000035,0.000049,0.000056,0.000056,0.000053,0.000047,0.000045,0.000060,0.000062,0.000056,0.000056,0.000059,0.000050,0.000044,0.000038,0.000048,0.000030,0.000052,0.000063,0.000078,0.000084,0.000078,0.000026,0.000059,0.000075,0.000089,0.000090,0.000117,0.000111,0.000143,0.000120,0.000051,0.000207,0.000393,0.000378
11,,,,,,,,,,,,,,0.000022,0.000725,0.000693,0.000678,0.000805,0.000823,0.000692,0.000487,0.000497,0.000423,0.000389,0.000368,0.000341,0.000316,0.000315,0.000300,0.000274,0.000235,0.000121,0.000184,0.000168,0.000151,0.000129,0.000090,0.000027,0.000051,0.000056,0.000045,0.000030,0.000021,0.000010,-0.000000,0.000001,0.000006,0.000029,0.000044,0.000067
12,,,,,,,,,,,,,,0.000001,0.000002,-0.000001,0.000005,0.000037,0.000086,0.000137,0.000202,0.000248,0.000328,0.000363,0.000450,0.000465,0.000448,0.000470,0.000491,0.000431,0.000459,0.000239,0.000421,0.000503,0.000607,0.000796,0.000877,0.000236,0.000983,0.001747,0.001976,0.001755,0.001460,0.001213,0.000733,0.000422,0.000042,0.000097,0.000136,0.000113
13,,,,,,,,,,,,,,0.000003,0.000048,0.000049,0.000065,0.000081,0.000083,0.000059,0.000038,0.000024,0.000018,0.000013,0.000016,0.000014,0.000010,0.000009,0.000016,0.000015,0.000004,0.000028,-0.000004,-0.000008,0.000004,0.000032,0.000073,0.000059,0.000113,0.000139,0.000200,0.000261,0.000339,0.000421,0.000388,0.000377,0.000061,0.000137,0.000202,0.000217
14,,,,,,,,,,,,,,0.000002,0.000034,0.000032,0.000037,0.000047,0.000042,0.000034,0.000027,0.000023,0.000028,0.000030,0.000054,0.000076,0.000097,0.000104,0.000077,0.000069,0.000113,0.000085,0.000243,0.000483,0.000791,0.001167,0.001174,0.000230,0.000914,0.001371,0.001351,0.001020,0.000753,0.000551,0.000283,0.000149,0.000014,0.000039,0.000069,0.000056
15,,,,,,,,,,,,,,0.000060,0.001452,0.001259,0.001120,0.001134,0.001093,0.000827,0.000529,0.000475,0.000420,0.000383,0.000340,0.000311,0.000248,0.000245,0.000235,0.000194,0.000176,0.000091,0.000129,0.000128,0.000107,0.000086,0.000051,0.000026,0.000069,0.000076,0.000062,0.000100,0.000134,0.000065,0.000035,0.000015,0.000005,0.000054,0.000108,0.000131
16,,,,,,,,,,,,,,0.000002,0.000051,0.000043,0.000039,0.000045,0.000041,0.000031,0.000024,0.000026,0.000029,0.000028,0.000026,0.000028,0.000029,0.000032,0.000049,0.000060,0.000072,0.000064,0.000139,0.000190,0.000264,0.000364,0.000388,0.000082,0.000422,0.000688,0.000764,0.000728,0.000689,0.000723,0.000596,0.000460,0.000052,0.000110,0.000123,0.000090
17,,,,,,,,,,,,,,0.000002,0.000024,0.000022,0.000043,0.000045,0.000036,0.000031,0.000021,0.000026,0.000032,0.000034,0.000038,0.000041,0.000052,0.000043,0.000047,0.000050,0.000060,0.000050,0.000070,0.000083,0.000108,0.000157,0.000220,0.000088,0.000427,0.000958,0.001249,0.001242,0.001107,0.000949,0.000576,0.000333,0.000039,0.000091,0.000132,0.000141
18,,,,,,,,,,,,,,0.000004,0.000055,0.000056,0.000060,0.000073,0.000068,0.000052,0.000034,0.000036,0.000030,0.000036,0.000047,0.000055,0.000057,0.000061,0.000070,0.000052,0.000052,0.000026,0.000033,0.000025,0.000025,0.000012,0.000014,0.000023,0.000064,0.000072,0.000087,0.000088,0.000105,0.000141,0.000159,0.000153,0.000074,0.000212,0.000239,0.000267
19,,,,,,,,,,,,,,0.000019,0.000660,0.000649,0.000702,0.000836,0.000840,0.000719,0.000472,0.000487,0.000551,0.000578,0.000529,0.000552,0.000523,0.000508,0.000473,0.000431,0.000435,0.000217,0.000376,0.000384,0.000337,0.000317,0.000220,0.000035,0.000093,0.000102,0.000093,0.000069,0.000057,0.000045,0.000025,0.000015,0.000002,0.000037,0.000091,0.000163
20,,,,,,,,,,,,,,0.000011,0.000245,0.000275,0.000398,0.000431,0.000389,0.000277,0.000166,0.000169,0.000158,0.000139,0.000110,0.000105,0.000090,0.000072,0.000071,0.000070,0.000069,0.000031,0.000058,0.000061,0.000106,0.000183,0.000413,0.000394,0.000515,0.000218,0.000106,0.000065,0.000069,0.000083,0.000127,0.000218,0.000097,0.000439,0.000837,0.000820
21,,,,,,,,,,,,,,0.000004,0.000056,0.000040,0.000034,0.000032,0.000030,0.000026,0.000028,0.000028,0.000041,0.000034,0.000030,0.000027,0.000021,0.000012,0.000017,0.000012,0.000014,0.000038,0.000042,0.000064,0.000084,0.000091,0.000085,0.000037,0.000058,0.000074,0.000085,0.000098,0.000136,0.000180,0.000213,0.000332,0.000073,0.000193,0.000295,0.000326
22,,,,,,,,,,,,,,0.000014,0.000100,0.000082,0.000068,0.000088,0.000080,0.000076,0.000050,0.000093,0.000079,0.000073,0.000096,0.000123,0.000180,0.000158,0.000195,0.000207,0.000213,0.000223,0.000206,0.000208,0.000210,0.000179,0.000157,0.000158,0.000347,0.000237,0.000147,0.000108,0.000100,0.000095,0.000090,0.000097,0.000118,0.000775,0.000879,0.001016
23,,,,,,,,,,,,,,0.000003,0.000051,0.000056,0.000072,0.000099,0.000114,0.000119,0.000101,0.000110,0.000108,0.000110,0.000097,0.000077,0.000067,0.000068,0.000074,0.000071,0.000111,0.000054,0.000072,0.000068,0.000077,0.000071,0.000080,0.000051,0.000061,0.000061,0.000073,0.000085,0.000119,0.000177,0.000191,0.000228,0.000047,0.000159,0.000235,0.000253
24,,,,,,,,,,,,,,0.000003,0.000054,0.000046,0.000041,0.000045,0.000041,0.000032,0.000021,0.000019,0.000021,0.000015,0.000013,0.000009,0.000017,0.000030,0.000030,0.000038,0.000042,0.000042,0.000067,0.000074,0.000126,0.000183,0.000219,0.000166,0.000213,0.000370,0.000422,0.000379,0.000387,0.000376,0.000265,0.000311,0.000052,0.000162,0.000229,0.000265
25,,,,,,,,,,,,,,0.000004,0.000081,0.000110,0.000281,0.000305,0.000256,0.000185,0.000087,0.000085,0.000083,0.000065,0.000063,0.000061,0.000057,0.000047,0.000038,0.000030,0.000031,0.000023,0.000021,0.000021,0.000027,0.000058,0.000153,0.000248,0.000364,0.000152,0.000121,0.000134,0.000164,0.000196,0.000174,0.000147,0.000047,0.000139,0.000191,0.000197
26,,,,,,,,,,,,,,0.000037,0.000827,0.000773,0.000792,0.000872,0.000885,0.000664,0.000410,0.000406,0.000424,0.000435,0.000422,0.000415,0.000384,0.000375,0.000380,0.000351,0.000336,0.000159,0.000269,0.000256,0.000231,0.000202,0.000142,0.000031,0.000073,0.000084,0.000076,0.000054,0.000064,0.000042,0.000012,0.000003,0.000004,0.000045,0.000086,0.000145
27,,,,,,,,,,,,,,0.000001,0.000038,0.000100,0.000257,0.000571,0.000980,0.001193,0.001206,0.001263,0.001366,0.001464,0.001469,0.001361,0.001268,0.001219,0.001131,0.000931,0.000853,0.000510,0.000654,0.000645,0.000575,0.000491,0.000329,0.000055,0.000171,0.000223,0.000197,0.000173,0.000134,0.000104,0.000066,0.000046,0.000010,0.000051,0.000070,0.000079
28,,,,,,,,,,,,,,0.000003,0.000068,0.000057,0.000058,0.000063,0.000059,0.000047,0.000038,0.000028,0.000037,0.000029,0.000027,0.000026,0.000025,0.000032,0.000042,0.000059,0.000083,0.000062,0.000128,0.000127,0.000128,0.000147,0.000152,0.000040,0.000243,0.000570,0.000814,0.000870,0.000823,0.000727,0.000464,0.000258,0.000021,0.000038,0.000062,0.000069
29,,,,,,,,,,,,,,0.000001,0.000047,0.000057,0.000103,0.000224,0.000440,0.000606,0.000691,0.000914,0.001188,0.001485,0.001699,0.001922,0.002044,0.002206,0.002385,0.001919,0.001838,0.000896,0.001216,0.001126,0.000866,0.000725,0.000444,0.000070,0.000200,0.000247,0.000229,0.000165,0.000115,0.000081,0.000043,0.000021,0.000003,0.000018,0.000033,0.000073
30,,,,,,,,,,,,,,0.000019,0.001020,0.001329,0.001584,0.001888,0.001940,0.001416,0.000869,0.000795,0.000727,0.000648,0.000584,0.000538,0.000433,0.000387,0.000359,0.000305,0.000284,0.000161,0.000217,0.000207,0.000182,0.000143,0.000096,0.000028,0.000037,0.000032,0.000029,0.000027,0.000026,0.000018,0.000014,0.000009,0.000007,0.000022,0.000011,0.000025
31,,,,,,,,,,,,,,0.000004,0.000074,0.000058,0.000046,0.000055,0.000050,0.000048,0.000037,0.000037,0.000036,0.000037,0.000029,0.000021,0.000011,0.000013,0.000007,0.000005,0.000011,0.000014,0.000022,0.000016,0.000035,0.000062,0.000122,0.000058,0.000102,0.000229,0.000396,0.000539,0.000681,0.000786,0.000687,0.000531,0.000062,0.000156,0.000247,0.000273
32,,,,,,,,,,,,,,0.000036,0.000871,0.000779,0.000737,0.000802,0.000806,0.000586,0.000348,0.000323,0.000323,0.000309,0.000286,0.000280,0.000227,0.000230,0.000231,0.000199,0.000206,0.000105,0.000175,0.000170,0.000163,0.000160,0.000138,0.000028,0.000072,0.000089,0.000079,0.000042,0.000021,0.000018,0.000013,0.000015,0.000003,0.000032,0.000066,0.000107
33,,,,,,,,,,,,,,0.000007,0.000187,0.000275,0.000572,0.000642,0.000594,0.000409,0.000210,0.000186,0.000165,0.000123,0.000103,0.000094,0.000083,0.000065,0.000048,0.000042,0.000042,0.000031,0.000056,0.000065,0.000131,0.000277,0.000606,0.000536,0.000701,0.000346,0.000207,0.000129,0.000100,0.000078,0.000048,0.000030,0.000018,0.000227,0.000415,0.000483
34,,,,,,,,,,,,,,0.000010,0.000119,0.000118,0.000108,0.000140,0.000144,0.000134,0.000115,0.000100,0.000109,0.000142,0.000186,0.000157,0.000155,0.000122,0.000106,0.000090,0.000136,0.000158,0.000179,0.000104,0.000085,0.000071,0.000044,0.000038,0.000078,0.000068,0.000054,0.000049,0.000048,0.000046,0.000053,0.000080,0.000059,0.000358,0.000452,0.000538
35,,,,,,,,,,,,,,0.000001,0.000022,0.000017,0.000031,0.000031,0.000036,0.000049,0.000062,0.000084,0.000133,0.000214,0.000372,0.000627,0.000761,0.001177,0.001547,0.001967,0.002380,0.001519,0.002679,0.002843,0.002551,0.002226,0.001413,0.000190,0.000670,0.000888,0.000791,0.000609,0.000459,0.000356,0.000202,0.000114,0.000013,0.000031,0.000051,0.000055
36,,,,,,,,,,,,,,0.000001,0.000020,0.000024,0.000040,0.000092,0.000173,0.000259,0.000333,0.000489,0.000552,0.000631,0.000726,0.000729,0.000700,0.000759,0.000809,0.000802,0.000987,0.000569,0.001109,0.001132,0.001072,0.001024,0.000894,0.000235,0.000296,0.000169,0.000143,0.000108,0.000092,0.000080,0.000067,0.000040,0.000009,0.000042,0.000053,0.000050
37,,,,,,,,,,,,,,0.000002,0.000011,0.000004,0.000009,0.000054,0.000177,0.000333,0.000552,0.000679,0.000861,0.000891,0.001012,0.000991,0.000942,0.000786,0.000693,0.000540,0.000489,0.000417,0.000298,0.000268,0.000219,0.000195,0.000141,0.000035,0.000126,0.000258,0.000410,0.000543,0.000617,0.000592,0.000447,0.000297,0.000037,0.000114,0.000142,0.000219
38,,,,,,,,,,,,,,0.000001,0.000010,0.000035,0.000096,0.000259,0.000412,0.000468,0.000391,0.000411,0.000441,0.000473,0.000387,0.000371,0.000345,0.000338,0.000288,0.000272,0.000283,0.000123,0.000232,0.000206,0.000149,0.000130,0.000110,0.000039,0.000132,0.000351,0.000572,0.000608,0.000646,0.000694,0.000561,0.000375,0.000048,0.000132,0.000175,0.000181
39,,,,,,,,,,,,,,0.000005,0.000071,0.000069,0.000066,0.000097,0.000103,0.000104,0.000159,0.000157,0.000255,0.000195,0.000198,0.000183,0.000196,0.000147,0.000118,0.000325,0.000121,0.000068,0.000073,0.000067,0.000041,0.000029,0.000017,0.000014,0.000038,0.000039,0.000060,0.000092,0.000115,0.000157,0.000215,0.000262,0.000079,0.000319,0.000403,0.000418
40,,,,,,,,,,,,,,0.000004,0.000119,0.000107,0.000125,0.000140,0.000135,0.000108,0.000089,0.000075,0.000078,0.000082,0.000077,0.000073,0.000087,0.000088,0.000086,0.000080,0.000103,0.000062,0.000119,0.000143,0.000194,0.000322,0.000602,0.000414,0.000513,0.000226,0.000146,0.000117,0.000106,0.000074,0.000057,0.000043,0.000012,0.000087,0.000631,0.000963
41,,,,,,,,,,,,,,0.000003,0.000058,0.000052,0.000058,0.000070,0.000074,0.000064,0.000044,0.000033,0.000037,0.000050,0.000050,0.000046,0.000038,0.000027,0.000018,0.000003,-0.000009,0.000002,-0.000022,-0.000011,0.000022,0.000088,0.000195,0.000102,0.000322,0.000772,0.001194,0.001284,0.001210,0.001021,0.000653,0.000411,0.000042,0.000153,0.000177,0.000186
42,,,,,,,,,,,,,,0.000014,0.000394,0.000326,0.000279,0.000338,0.000281,0.000239,0.000157,0.000156,0.000158,0.000145,0.000125,0.000134,0.000130,0.000109,0.000094,0.000088,0.000099,0.000072,0.000127,0.000161,0.000167,0.000191,0.000153,0.000042,0.000136,0.000191,0.000199,0.000184,0.000161,0.000150,0.000099,0.000065,0.000010,0.000155,0.000374,0.000463
43,,,,,,,,,,,,,,0.000019,0.000635,0.000544,0.000483,0.000502,0.000514,0.000378,0.000240,0.000248,0.000213,0.000203,0.000174,0.000173,0.000144,0.000146,0.000141,0.000138,0.000134,0.000076,0.000133,0.000128,0.000116,0.000095,0.000070,0.000034,0.000047,0.000033,0.000035,0.000024,0.000014,0.000012,0.000008,0.000008,0.000005,0.000031,0.000040,0.000058
44,,,,,,,,,,,,,,0.000004,0.000298,0.000433,0.000614,0.000759,0.000743,0.000553,0.000317,0.000264,0.000243,0.000189,0.000157,0.000143,0.000123,0.000114,0.000150,0.000120,0.000112,0.000054,0.000085,0.000077,0.000076,0.000075,0.000103,0.000223,0.000486,0.000433,0.000344,0.000236,0.000178,0.000107,0.000063,0.000037,0.000004,0.000024,0.000058,0.000053
45,,,,,,,,,,,,,,0.000004,0.000040,0.000055,0.000124,0.000300,0.000532,0.000763,0.000956,0.001210,0.001552,0.001891,0.002091,0.002214,0.002019,0.001988,0.001890,0.001520,0.001471,0.000648,0.001064,0.000988,0.000808,0.000686,0.000466,0.000084,0.000197,0.000212,0.000180,0.000131,0.000101,0.000076,0.000045,0.000027,0.000005,0.000033,0.000098,0.000164
46,,,,,,,,,,,,,,0.000004,0.000041,0.000033,0.000033,0.000041,0.000032,0.000036,0.000036,0.000058,0.000072,0.000086,0.000090,0.000087,0.000073,0.000074,0.000071,0.000047,0.000048,0.000029,0.000072,0.000109,0.000185,0.000367,0.000679,0.000294,0.000397,0.000243,0.000246,0.000247,0.000271,0.000317,0.000337,0.000377,0.000090,0.000192,0.000244,0.000276
47,,,,,,,,,,,,,,0.000031,0.000784,0.000737,0.000717,0.000714,0.000612,0.000424,0.000253,0.000224,0.000193,0.000157,0.000124,0.000111,0.000097,0.000094,0.000105,0.000118,0.000155,0.000136,0.000290,0.000275,0.000236,0.000216,0.000191,0.000267,0.000557,0.000328,0.000173,0.000110,0.000081,0.000060,0.000033,0.000020,0.000006,0.000024,0.000057,0.000105
48,,,,,,,,,,,,,,0.000005,0.000062,0.000062,0.000109,0.000101,0.000087,0.000063,0.000096,0.000063,0.000095,0.000133,0.000160,0.000141,0.000147,0.000125,0.000135,0.000129,0.000183,0.000161,0.000391,0.000525,0.000733,0.001063,0.001243,0.000424,0.000892,0.000845,0.000795,0.000651,0.000589,0.000598,0.000488,0.000357,0.000047,0.000146,0.000478,0.000578
49,,,,,,,,,,,,,,0.000003,0.000035,0.000021,0.000018,0.000020,0.000023,0.000027,0.000035,0.000032,0.000035,0.000033,0.000033,0.000041,0.000043,0.000040,0.000062,0.000064,0.000093,0.000111,0.000200,0.000241,0.000283,0.000321,0.000288,0.000097,0.000152,0.000095,0.000086,0.000088,0.000079,0.000066,0.000042,0.000031,0.000026,0.000100,0.000129,0.000147
50,,,,,,,,,,,,,,0.000020,0.000221,0.000192,0.000180,0.000207,0.000200,0.000195,0.000151,0.000225,0.000272,0.000310,0.000357,0.000389,0.000414,0.000347,0.000386,0.000283,0.000292,0.000108,0.000183,0.000177,0.000170,0.000119,0.000092,0.000022,0.000056,0.000067,0.000052,0.000042,0.000029,0.000014,0.000008,0.000007,0.000010,0.000281,0.000802,0.001407
51,,,,,,,,,,,,,,0.000001,0.000016,0.000013,0.000019,0.000032,0.000039,0.000044,0.000042,0.000049,0.000085,0.000129,0.000179,0.000279,0.000392,0.000576,0.000782,0.001033,0.001302,0.001095,0.001696,0.001928,0.001880,0.001787,0.001212,0.000188,0.000604,0.000790,0.000702,0.000540,0.000405,0.000319,0.000186,0.000103,0.000011,0.000031,0.000043,0.000047
52,,,,,,,,,,,,,,0.000003,0.000061,0.000043,0.000036,0.000045,0.000058,0.000057,0.000045,0.000054,0.000062,0.000080,0.000096,0.000103,0.000112,0.000103,0.000098,0.000090,0.000127,0.000091,0.000194,0.000231,0.000322,0.000479,0.000798,0.000357,0.000550,0.000501,0.000560,0.000548,0.000564,0.000519,0.000298,0.000168,0.000017,0.000119,0.000439,0.000669
53,,,,,,,,,,,,,,0.000011,0.000391,0.000386,0.000378,0.000476,0.000426,0.000369,0.000226,0.000250,0.000257,0.000287,0.000269,0.000295,0.000317,0.000306,0.000310,0.000287,0.000318,0.000130,0.000249,0.000252,0.000227,0.000200,0.000177,0.000026,0.000080,0.000110,0.000117,0.000106,0.000092,0.000081,0.000056,0.000043,0.000004,0.000016,0.000047,0.000067
54,,,,,,,,,,,,,,0.000002,0.000061,0.000060,0.000060,0.000061,0.000057,0.000043,0.000028,0.000026,0.000020,0.000019,0.000015,0.000017,0.000021,0.000029,0.000040,0.000043,0.000064,0.000048,0.000119,0.000169,0.000242,0.000348,0.000386,0.000096,0.000443,0.000831,0.000954,0.000875,0.000708,0.000569,0.000370,0.000213,0.000019,0.000042,0.000068,0.000076
55,,,,,,,,,,,,,,0.000025,0.000608,0.000565,0.000537,0.000547,0.000531,0.000391,0.000241,0.000255,0.000264,0.000260,0.000243,0.000238,0.000199,0.000208,0.000192,0.000182,0.000182,0.000083,0.000151,0.000153,0.000155,0.000149,0.000122,0.000024,0.000053,0.000069,0.000068,0.000073,0.000060,0.000050,0.000032,0.000023,0.000003,0.000020,0.000045,0.000056
56,,,,,,,,,,,,,,0.000004,0.000086,0.000115,0.000235,0.000546,0.000964,0.001191,0.001142,0.001390,0.001759,0.002076,0.002327,0.002543,0.002395,0.002491,0.002432,0.002034,0.002015,0.000823,0.001390,0.001282,0.001021,0.000866,0.000572,0.000085,0.000294,0.000419,0.000409,0.000335,0.000263,0.000214,0.000127,0.000066,0.000004,0.000022,0.000091,0.000217
57,,,,,,,,,,,,,,0.000002,0.000031,0.000025,0.000030,0.000035,0.000037,0.000035,0.000033,0.000020,0.000026,0.000020,0.000020,0.000024,0.000029,0.000028,0.000038,0.000039,0.000056,0.000054,0.000141,0.000219,0.000367,0.000524,0.000632,0.000173,0.000143,0.000083,0.000099,0.000114,0.000154,0.000213,0.000287,0.000376,0.000050,0.000120,0.000152,0.000154
58,,,,,,,,,,,,,,0.000007,0.000155,0.000160,0.000145,0.000157,0.000136,0.000098,0.000074,0.000057,0.000060,0.000056,0.000054,0.000052,0.000047,0.000042,0.000049,0.000034,0.000033,0.000045,0.000043,0.000041,0.000042,0.000043,0.000034,0.000025,0.000050,0.000046,0.000049,0.000066,0.000068,0.000081,0.000103,0.000128,0.000057,0.000295,0.000295,0.000267
59,,,,,,,,,,,,,,0.000003,0.000062,0.000054,0.000052,0.000058,0.000060,0.000049,0.000043,0.000056,0.000067,0.000062,0.000070,0.000074,0.000070,0.000067,0.000075,0.000073,0.000094,0.000052,0.000104,0.000118,0.000188,0.000445,0.000948,0.000480,0.000535,0.000233,0.000149,0.000116,0.000106,0.000097,0.000080,0.000100,0.000020,0.000077,0.000117,0.000121
60,,,,,,,,,,,,,,0.000053,0.001199,0.001092,0.000979,0.000999,0.000888,0.000700,0.000421,0.000370,0.000379,0.000353,0.000345,0.000321,0.000275,0.000265,0.000258,0.000224,0.000214,0.000098,0.000169,0.000143,0.000119,0.000103,0.000073,0.000014,0.000026,0.000035,0.000031,0.000027,0.000027,0.000028,0.000024,0.000018,0.000003,0.000023,0.000072,0.000115
61,,,,,,,,,,,,,,0.000011,0.000291,0.000273,0.000285,0.000352,0.000319,0.000259,0.000171,0.000182,0.000205,0.000206,0.000173,0.000190,0.000189,0.000163,0.000138,0.000119,0.000138,0.000071,0.000116,0.000104,0.000094,0.000090,0.000124,0.000051,0.000057,0.000077,0.000074,0.000084,0.000125,0.000156,0.000107,0.000076,0.000012,0.000175,0.000478,0.000552
62,,,,,,,,,,,,,,0.000002,0.000064,0.000061,0.000070,0.000084,0.000081,0.000068,0.000036,0.000039,0.000038,0.000033,0.000021,0.000034,0.000040,0.000051,0.000069,0.000108,0.000135,0.000140,0.000363,0.000565,0.000868,0.001233,0.001246,0.000252,0.001090,0.001614,0.001490,0.001077,0.000741,0.000512,0.000263,0.000132,0.000010,0.000027,0.000044,0.000056
63,,,,,,,,,,,,,,0.000003,0.000056,0.000052,0.000062,0.000075,0.000086,0.000067,0.000044,0.000052,0.000061,0.000064,0.000055,0.000058,0.000056,0.000064,0.000074,0.000069,0.000092,0.000072,0.000119,0.000113,0.000126,0.000136,0.000134,0.000031,0.000090,0.000169,0.000219,0.000217,0.000212,0.000213,0.000182,0.000159,0.000018,0.000175,0.000181,0.000175
64,,,,,,,,,,,,,,0.000005,0.000072,0.000053,0.000046,0.000048,0.000043,0.000040,0.000027,0.000030,0.000033,0.000041,0.000047,0.000057,0.000065,0.000066,0.000075,0.000061,0.000078,0.000063,0.000124,0.000184,0.000315,0.000535,0.000818,0.000320,0.000328,0.000143,0.000086,0.000055,0.000040,0.000026,0.000019,0.000013,0.000004,0.000069,0.000166,0.000248
65,,,,,,,,,,,,,,0.000004,0.000046,0.000047,0.000061,0.000083,0.000099,0.000106,0.000180,0.000247,0.000294,0.000260,0.000240,0.000230,0.000183,0.000137,0.000112,0.000072,0.000060,0.000040,0.000048,0.000049,0.000042,0.000035,0.000035,0.000023,0.000038,0.000047,0.000095,0.000134,0.000195,0.000277,0.000342,0.000382,0.000057,0.000153,0.000245,0.000252
66,,,,,,,,,,,,,,0.000005,0.000068,0.000060,0.000054,0.000064,0.000072,0.000056,0.000056,0.000039,0.000043,0.000043,0.000038,0.000037,0.000039,0.000034,0.000033,0.000032,0.000025,0.000033,0.000053,0.000055,0.000062,0.000063,0.000075,0.000044,0.000070,0.000129,0.000226,0.000329,0.000450,0.000587,0.000506,0.000396,0.000046,0.000176,0.000337,0.000411
67,,,,,,,,,,,,,,0.000002,0.000161,0.000385,0.000846,0.001568,0.002157,0.002180,0.001800,0.001650,0.001710,0.001677,0.001623,0.001551,0.001354,0.001242,0.001153,0.000968,0.000899,0.000375,0.000655,0.000614,0.000483,0.000434,0.000291,0.000050,0.000128,0.000171,0.000172,0.000137,0.000107,0.000085,0.000048,0.000022,0.000004,0.000013,0.000023,0.000026
68,,,,,,,,,,,,,,0.000005,0.000112,0.000112,0.000238,0.000230,0.000221,0.000142,0.000093,0.000069,0.000059,0.000055,0.000050,0.000046,0.000034,0.000027,0.000026,0.000022,0.000018,0.000012,0.000029,0.000042,0.000064,0.000114,0.000225,0.000173,0.000232,0.000141,0.000180,0.000217,0.000250,0.000245,0.000230,0.000239,0.000036,0.000092,0.000123,0.000124
69,,,,,,,,,,,,,,0.000001,0.000026,0.000046,0.000111,0.000255,0.000461,0.000596,0.000811,0.000978,0.001280,0.001428,0.001712,0.001803,0.001765,0.001827,0.001864,0.001627,0.001661,0.000801,0.001295,0.001262,0.001149,0.001035,0.000824,0.000183,0.000479,0.000667,0.000669,0.000561,0.000436,0.000341,0.000198,0.000109,0.000012,0.000020,0.000011,0.000016
70,,,,,,,,,,,,,,0.000020,0.000309,0.000322,0.000425,0.000628,0.000672,0.000616,0.000638,0.000386,0.000384,0.000298,0.000281,0.000236,0.000222,0.000183,0.000245,0.000246,0.000287,0.000155,0.000232,0.000214,0.000205,0.000140,0.000138,0.000109,0.000121,0.000136,0.000139,0.000102,0.000075,0.000031,0.000012,0.000008,0.000021,0.000583,0.001328,0.001936
71,,,,,,,,,,,,,,0.000001,0.000007,0.000012,0.000042,0.000104,0.000212,0.000302,0.000649,0.000688,0.000978,0.001050,0.001146,0.001282,0.001345,0.001181,0.001009,0.000809,0.000782,0.000384,0.000647,0.000603,0.000543,0.000535,0.000467,0.000142,0.000200,0.000205,0.000185,0.000162,0.000156,0.000143,0.000103,0.000078,0.000007,0.000026,0.000052,0.000043
72,,,,,,,,,,,,,,0.000004,0.000104,0.000112,0.000128,0.000170,0.000168,0.000144,0.000110,0.000113,0.000129,0.000143,0.000156,0.000194,0.000208,0.000241,0.000300,0.000312,0.000438,0.000279,0.000477,0.000507,0.000545,0.000596,0.000675,0.000345,0.000456,0.000274,0.000212,0.000145,0.000114,0.000089,0.000056,0.000029,0.000003,0.000051,0.000100,0.000140
73,,,,,,,,,,,,,,0.000007,0.000089,0.000083,0.000083,0.000099,0.000109,0.000084,0.000064,0.000060,0.000075,0.000062,0.000065,0.000063,0.000058,0.000059,0.000063,0.000053,0.000063,0.000047,0.000045,0.000036,0.000031,0.000027,0.000030,0.000025,0.000027,0.000033,0.000073,0.000103,0.000143,0.000189,0.000225,0.000302,0.000065,0.000217,0.000372,0.000492
74,,,,,,,,,,,,,,0.000002,0.000072,0.000116,0.000226,0.000441,0.000679,0.000833,0.001112,0.000918,0.001083,0.001038,0.001069,0.001041,0.001027,0.000938,0.000976,0.000979,0.000773,0.000404,0.000563,0.000523,0.000464,0.000401,0.000280,0.000153,0.000164,0.000175,0.000160,0.000115,0.000079,0.000056,0.000033,0.000020,0.000004,0.000040,0.000056,0.000076
75,,,,,,,,,,,,,,0.000003,0.000070,0.000058,0.000053,0.000062,0.000060,0.000051,0.000030,0.000033,0.000031,0.000024,0.000027,0.000036,0.000043,0.000055,0.000063,0.000064,0.000064,0.000043,0.000070,0.000083,0.000097,0.000106,0.000096,0.000029,0.000053,0.000074,0.000104,0.000127,0.000172,0.000228,0.000187,0.000169,0.000037,0.000139,0.000240,0.000215
76,,,,,,,,,,,,,,0.000003,0.000086,0.000090,0.000116,0.000155,0.000188,0.000246,0.000503,0.000232,0.000261,0.000216,0.000223,0.000183,0.000189,0.000179,0.000181,0.000141,0.000131,0.000072,0.000117,0.000182,0.000355,0.000558,0.000812,0.000378,0.000365,0.000210,0.000212,0.000136,0.000088,0.000044,0.000024,0.000031,0.000005,0.000028,0.000049,0.000071
77,,,,,,,,,,,,,,0.000007,0.000136,0.000117,0.000146,0.000154,0.000140,0.000112,0.000071,0.000066,0.000060,0.000063,0.000072,0.000067,0.000065,0.000089,0.000090,0.000075,0.000070,0.000053,0.000057,0.000054,0.000057,0.000050,0.000048,0.000020,0.000049,0.000072,0.000084,0.000084,0.000086,0.000072,0.000058,0.000090,0.000029,0.000094,0.000124,0.000138
78,,,,,,,,,,,,,,0.000010,0.000159,0.000147,0.000128,0.000167,0.000156,0.000128,0.000138,0.000098,0.000127,0.000129,0.000135,0.000148,0.000156,0.000146,0.000143,0.000132,0.000183,0.000260,0.000359,0.000467,0.000585,0.000682,0.000687,0.000250,0.000225,0.000106,0.000078,0.000068,0.000058,0.000054,0.000048,0.000037,0.000048,0.000276,0.000374,0.000456
79,,,,,,,,,,,,,,0.000036,0.000785,0.000659,0.000549,0.000528,0.000501,0.000383,0.000264,0.000170,0.000143,0.000131,0.000114,0.000098,0.000085,0.000068,0.000059,0.000058,0.000059,0.000026,0.000056,0.000079,0.000132,0.000188,0.000254,0.000063,0.000309,0.000622,0.000752,0.000668,0.000529,0.000326,0.000155,0.000072,0.000009,0.000031,0.000037,0.000022
80,,,,,,,,,,,,,,0.000001,0.000014,0.000020,0.000033,0.000055,0.000087,0.000094,0.000091,0.000089,0.000107,0.000107,0.000103,0.000088,0.000083,0.000064,0.000041,0.000027,0.000025,0.000020,0.000036,0.000072,0.000126,0.000212,0.000266,0.000072,0.000303,0.000564,0.000710,0.000760,0.000805,0.000853,0.000631,0.000404,0.000037,0.000106,0.000144,0.000195
81,,,,,,,,,,,,,,0.000018,0.000405,0.000365,0.000378,0.000417,0.000433,0.000346,0.000226,0.000246,0.000230,0.000218,0.000171,0.000166,0.000158,0.000141,0.000132,0.000117,0.000112,0.000058,0.000090,0.000069,0.000049,0.000035,0.000018,0.000011,0.000018,0.000018,0.000018,0.000015,0.000013,0.000008,0.000013,0.000052,0.000030,0.000136,0.000191,0.000208
82,,,,,,,,,,,,,,0.000003,0.000065,0.000057,0.000056,0.000061,0.000062,0.000046,0.000036,0.000031,0.000027,0.000028,0.000026,0.000024,0.000024,0.000012,0.000020,0.000006,0.000008,0.000026,0.000020,0.000028,0.000041,0.000071,0.000082,0.000044,0.000156,0.000309,0.000466,0.000486,0.000421,0.000352,0.000201,0.000130,0.000023,0.000143,0.000321,0.000316
83,,,,,,,,,,,,,,0.000003,0.000088,0.000079,0.000069,0.000091,0.000092,0.000077,0.000050,0.000058,0.000053,0.000057,0.000058,0.000064,0.000065,0.000067,0.000066,0.000071,0.000069,0.000058,0.000060,0.000059,0.000063,0.000059,0.000087,0.000031,0.000097,0.000185,0.000274,0.000284,0.000291,0.000286,0.000219,0.000253,0.000045,0.000146,0.000209,0.000182
84,,,,,,,,,,,,,,0.000009,0.000532,0.000768,0.001045,0.001453,0.001713,0.001491,0.001249,0.001050,0.001042,0.001017,0.000955,0.000912,0.000759,0.000695,0.000599,0.000494,0.000424,0.000168,0.000274,0.000233,0.000169,0.000141,0.000081,0.000022,0.000040,0.000039,0.000035,0.000035,0.000040,0.000062,0.000051,0.000044,0.000008,0.000016,0.000030,0.000021
85,,,,,,,,,,,,,,0.000002,0.000051,0.000072,0.000130,0.000266,0.000447,0.000554,0.000525,0.000710,0.000971,0.001247,0.001494,0.001768,0.001767,0.002059,0.002170,0.001985,0.001978,0.000858,0.001454,0.001318,0.001046,0.000859,0.000542,0.000073,0.000233,0.000289,0.000252,0.000204,0.000158,0.000137,0.000088,0.000054,0.000003,0.000022,0.000044,0.000062
86,,,,,,,,,,,,,,0.000010,0.000167,0.000138,0.000127,0.000155,0.000172,0.000152,0.000106,0.000105,0.000099,0.000102,0.000109,0.000109,0.000105,0.000092,0.000089,0.000074,0.000082,0.000102,0.000136,0.000172,0.000216,0.000254,0.000243,0.000060,0.000283,0.000548,0.000714,0.000747,0.000726,0.000695,0.000447,0.000244,0.000019,0.000041,0.000158,0.000328
87,,,,,,,,,,,,,,0.000012,0.000173,0.000157,0.000163,0.000196,0.000194,0.000167,0.000109,0.000130,0.000132,0.000126,0.000123,0.000126,0.000134,0.000119,0.000137,0.000162,0.000212,0.000446,0.000286,0.000229,0.000223,0.000161,0.000107,0.000048,0.000081,0.000070,0.000052,0.000039,0.000025,0.000007,0.000004,0.000002,0.000042,0.000224,0.000358,0.000542
88,,,,,,,,,,,,,,0.000012,0.000143,0.000113,0.000093,0.000089,0.000055,0.000042,0.000024,0.000023,0.000040,0.000027,0.000039,0.000038,0.000035,0.000030,0.000029,0.000022,0.000028,0.000016,0.000027,0.000043,0.000068,0.000074,0.000084,0.000029,0.000055,0.000078,0.000098,0.000116,0.000127,0.000120,0.000096,0.000089,0.000051,0.000479,0.000607,0.000712
89,,,,,,,,,,,,,,0.000005,0.000297,0.000575,0.001171,0.002064,0.002708,0.002682,0.002071,0.001790,0.001635,0.001478,0.001286,0.001173,0.000934,0.000864,0.000758,0.000605,0.000575,0.000237,0.000375,0.000344,0.000278,0.000243,0.000174,0.000031,0.000088,0.000103,0.000097,0.000078,0.000072,0.000058,0.000035,0.000020,0.000004,0.000052,0.000067,0.000080
90,,,,,,,,,,,,,,0.000014,0.000598,0.000596,0.000593,0.000669,0.000678,0.000524,0.000368,0.000345,0.000322,0.000326,0.000286,0.000290,0.000255,0.000261,0.000261,0.000236,0.000219,0.000103,0.000171,0.000163,0.000154,0.000144,0.000103,0.000022,0.000069,0.000090,0.000087,0.000090,0.000075,0.000061,0.000036,0.000022,0.000003,0.000017,0.000036,0.000058
91,,,,,,,,,,,,,,0.000002,0.000044,0.000040,0.000034,0.000025,0.000024,0.000020,0.000016,0.000020,0.000023,0.000030,0.000034,0.000041,0.000042,0.000050,0.000054,0.000044,0.000043,0.000040,0.000086,0.000142,0.000238,0.000406,0.000483,0.000191,0.000630,0.001089,0.001113,0.000829,0.000533,0.000335,0.000160,0.000078,0.000009,0.000025,0.000020,0.000027
92,,,,,,,,,,,,,,0.000003,0.000044,0.000049,0.000064,0.000085,0.000084,0.000085,0.000064,0.000064,0.000086,0.000108,0.000137,0.000152,0.000153,0.000151,0.000155,0.000140,0.000170,0.000102,0.000139,0.000141,0.000186,0.000244,0.000238,0.000061,0.000068,0.000115,0.000111,0.000066,0.000055,0.000039,0.000066,0.000105,0.000047,0.000193,0.000305,0.000370
93,,,,,,,,,,,,,,0.000004,0.000072,0.000066,0.000080,0.000084,0.000072,0.000067,0.000055,0.000058,0.000077,0.000074,0.000089,0.000095,0.000104,0.000130,0.000156,0.000267,0.000334,0.000235,0.000668,0.001002,0.001307,0.001662,0.001506,0.000251,0.001043,0.001546,0.001463,0.001153,0.000859,0.000653,0.000379,0.000201,0.000014,0.000045,0.000087,0.000116
94,,,,,,,,,,,,,,0.000005,0.000065,0.000069,0.000071,0.000094,0.000087,0.000073,0.000045,0.000033,0.000033,0.000031,0.000035,0.000038,0.000042,0.000021,0.000024,0.000030,0.000027,0.000019,0.000024,0.000023,0.000039,0.000039,0.000043,0.000020,0.000040,0.000056,0.000051,0.000049,0.000058,0.000062,0.000068,0.000091,0.000048,0.000154,0.000211,0.000229
95,,,,,,,,,,,,,,0.000023,0.000581,0.000521,0.000483,0.000521,0.000510,0.000415,0.000268,0.000243,0.000226,0.000233,0.000211,0.000198,0.000171,0.000175,0.000167,0.000138,0.000129,0.000058,0.000121,0.000131,0.000131,0.000137,0.000115,0.000024,0.000055,0.000072,0.000072,0.000057,0.000053,0.000043,0.000031,0.000025,0.000003,0.000020,0.000053,0.000084
96,,,,,,,,,,,,,,0.000026,0.000823,0.000670,0.000577,0.000615,0.000566,0.000410,0.000260,0.000226,0.000214,0.000201,0.000201,0.000184,0.000166,0.000151,0.000153,0.000140,0.000147,0.000071,0.000120,0.000114,0.000104,0.000098,0.000078,0.000015,0.000036,0.000041,0.000040,0.000035,0.000032,0.000019,0.000015,0.000014,0.000005,0.000026,0.000038,0.000051
97,,,,,,,,,,,,,,0.000019,0.000295,0.000265,0.000250,0.000300,0.000263,0.000219,0.000163,0.000144,0.000159,0.000158,0.000164,0.000165,0.000160,0.000143,0.000131,0.000101,0.000119,0.000069,0.000108,0.000103,0.000100,0.000101,0.000082,0.000026,0.000081,0.000112,0.000109,0.000090,0.000071,0.000054,0.000024,0.000011,0.000004,0.000030,0.000102,0.000206
98,,,,,,,,,,,,,,0.000003,0.000104,0.000134,0.000196,0.000345,0.000515,0.000650,0.000871,0.000854,0.001043,0.001251,0.001415,0.001485,0.001459,0.001432,0.001288,0.000969,0.000969,0.000387,0.000623,0.000548,0.000420,0.000359,0.000233,0.000049,0.000127,0.000135,0.000106,0.000074,0.000045,0.000026,0.000013,0.000006,0.000002,0.000022,0.000034,0.000060
99,,,,,,,,,,,,,,0.000003,0.000138,0.000125,0.000129,0.000134,0.000134,0.000106,0.000068,0.000060,0.000048,0.000047,0.000042,0.000046,0.000045,0.000051,0.000051,0.000042,0.000045,0.000040,0.000044,0.000042,0.000050,0.000082,0.000123,0.000047,0.000282,0.000675,0.000919,0.000853,0.000698,0.000515,0.000256,0.000126,0.000011,0.000040,0.000054,0.000054
100,,,,,,,,,,,,,,0.000006,0.000180,0.000161,0.000141,0.000153,0.000143,0.000118,0.000095,0.000073,0.000064,0.000053,0.000043,0.000038,0.000032,0.000029,0.000026,0.000027,0.000019,0.000037,0.000029,0.000033,0.000048,0.000051,0.000055,0.000056,0.000055,0.000062,0.000103,0.000087,0.000067,0.000053,0.000041,0.000046,0.000031,0.000195,0.000690,0.000898
101,,,,,,,,,,,,,,0.000021,0.000520,0.000456,0.000463,0.000479,0.000532,0.000376,0.000238,0.000218,0.000226,0.000228,0.000202,0.000189,0.000150,0.000153,0.000139,0.000126,0.000131,0.000060,0.000114,0.000109,0.000109,0.000103,0.000075,0.000017,0.000046,0.000066,0.000066,0.000059,0.000056,0.000052,0.000038,0.000029,0.000003,0.000032,0.000053,0.000064
102,,,,,,,,,,,,,,0.000004,0.000054,0.000040,0.000037,0.000038,0.000034,0.000025,0.000030,0.000026,0.000032,0.000032,0.000024,0.000013,0.000019,0.000027,0.000042,0.000046,0.000075,0.000071,0.000139,0.000201,0.000298,0.000414,0.000650,0.000340,0.000474,0.000303,0.000233,0.000205,0.000227,0.000314,0.000266,0.000220,0.000047,0.000206,0.000474,0.000489
103,,,,,,,,,,,,,,0.000004,0.000086,0.000075,0.000076,0.000079,0.000072,0.000051,0.000040,0.000037,0.000031,0.000026,0.000028,0.000028,0.000036,0.000024,0.000016,0.000017,0.000017,0.000040,0.000012,0.000017,0.000013,0.000013,0.000014,0.000033,0.000099,0.000194,0.000355,0.000535,0.000679,0.000755,0.000571,0.000346,0.000040,0.000098,0.000133,0.000167
104,,,,,,,,,,,,,,0.000007,0.000189,0.000173,0.000165,0.000184,0.000191,0.000137,0.000090,0.000070,0.000074,0.000081,0.000089,0.000104,0.000097,0.000085,0.000080,0.000074,0.000079,0.000045,0.000079,0.000076,0.000070,0.000065,0.000061,0.000031,0.000052,0.000037,0.000035,0.000031,0.000039,0.000043,0.000032,0.000029,0.000011,0.000140,0.000702,0.001080
105,,,,,,,,,,,,,,0.000002,0.000039,0.000051,0.000066,0.000076,0.000069,0.000053,0.000027,0.000031,0.000030,0.000034,0.000047,0.000050,0.000046,0.000049,0.000062,0.000056,0.000063,0.000032,0.000048,0.000038,0.000053,0.000069,0.000099,0.000038,0.000130,0.000243,0.000285,0.000245,0.000198,0.000154,0.000137,0.000185,0.000050,0.000141,0.000191,0.000153
106,,,,,,,,,,,,,,0.000003,0.000095,0.000157,0.000245,0.000407,0.000576,0.000603,0.000573,0.000712,0.000907,0.001089,0.001313,0.001558,0.001749,0.001984,0.002128,0.001981,0.002124,0.000983,0.001688,0.001517,0.001228,0.001052,0.000672,0.000093,0.000306,0.000411,0.000363,0.000287,0.000224,0.000170,0.000098,0.000054,0.000004,0.000018,0.000042,0.000077
107,,,,,,,,,,,,,,0.000001,0.000012,0.000013,0.000030,0.000064,0.000118,0.000158,0.000205,0.000291,0.000425,0.000591,0.000786,0.000932,0.001049,0.001064,0.001078,0.000977,0.001066,0.000608,0.001131,0.001397,0.001525,0.001639,0.001292,0.000223,0.000738,0.000969,0.000844,0.000650,0.000486,0.000376,0.000226,0.000124,0.000012,0.000024,0.000041,0.000044
108,,,,,,,,,,,,,,0.000006,0.000178,0.000198,0.000255,0.000383,0.000513,0.000550,0.000506,0.000597,0.000743,0.000892,0.001052,0.001190,0.001272,0.001394,0.001565,0.001447,0.001455,0.000655,0.001141,0.001075,0.000855,0.000746,0.000499,0.000068,0.000216,0.000289,0.000279,0.000219,0.000178,0.000150,0.000097,0.000061,0.000003,0.000025,0.000045,0.000053
109,,,,,,,,,,,,,,0.000003,0.000066,0.000066,0.000082,0.000108,0.000144,0.000171,0.000460,0.000195,0.000236,0.000214,0.000202,0.000186,0.000164,0.000159,0.000142,0.000135,0.000131,0.000109,0.000164,0.000205,0.000273,0.000362,0.000379,0.000218,0.000401,0.000580,0.000545,0.000401,0.000261,0.000168,0.000079,0.000047,0.000009,0.000093,0.000148,0.000189
110,,,,,,,,,,,,,,0.000004,0.000092,0.000093,0.000093,0.000109,0.000094,0.000066,0.000041,0.000045,0.000048,0.000056,0.000047,0.000047,0.000043,0.000057,0.000066,0.000054,0.000056,0.000039,0.000045,0.000044,0.000044,0.000056,0.000076,0.000224,0.000516,0.000454,0.000299,0.000222,0.000187,0.000134,0.000075,0.000043,0.000008,0.000069,0.000119,0.000147
111,,,,,,,,,,,,,,0.000002,0.000060,0.000061,0.000067,0.000074,0.000077,0.000066,0.000055,0.000052,0.000056,0.000058,0.000063,0.000066,0.000062,0.000052,0.000050,0.000040,0.000036,0.000023,0.000038,0.000039,0.000040,0.000048,0.000036,0.000011,0.000026,0.000051,0.000046,0.000033,0.000061,0.000087,0.000046,0.000032,0.000004,0.000069,0.000093,0.000097
112,,,,,,,,,,,,,,0.000002,0.000055,0.000047,0.000054,0.000091,0.000155,0.000216,0.000203,0.000298,0.000449,0.000675,0.000907,0.001191,0.001383,0.001691,0.001836,0.001629,0.001626,0.000882,0.001078,0.000928,0.000734,0.000585,0.000369,0.000056,0.000168,0.000194,0.000173,0.000129,0.000093,0.000070,0.000039,0.000024,0.000003,0.000013,0.000018,0.000019
113,,,,,,,,,,,,,,0.000010,0.000124,0.000117,0.000116,0.000124,0.000107,0.000085,0.000069,0.000059,0.000068,0.000061,0.000061,0.000057,0.000051,0.000044,0.000056,0.000039,0.000049,0.000035,0.000047,0.000033,0.000045,0.000041,0.000042,0.000033,0.000038,0.000021,0.000026,0.000028,0.000031,0.000034,0.000036,0.000030,0.000035,0.000260,0.000321,0.000397
114,,,,,,,,,,,,,,0.000003,0.000045,0.000040,0.000063,0.000068,0.000078,0.000087,0.000090,0.000097,0.000101,0.000112,0.000123,0.000141,0.000180,0.000238,0.000309,0.000384,0.000568,0.000334,0.000687,0.000703,0.000685,0.000701,0.000627,0.000161,0.000227,0.000142,0.000128,0.000103,0.000085,0.000065,0.000040,0.000026,0.000006,0.000006,-0.000000,0.000004
115,,,,,,,,,,,,,,0.000019,0.001069,0.001432,0.001832,0.002259,0.002262,0.001703,0.001043,0.000878,0.000783,0.000701,0.000606,0.000559,0.000463,0.000410,0.000372,0.000307,0.000313,0.000143,0.000306,0.000331,0.000358,0.000348,0.000261,0.000042,0.000076,0.000107,0.000121,0.000111,0.000088,0.000067,0.000042,0.000023,0.000003,0.000029,0.000026,0.000046
116,,,,,,,,,,,,,,0.000001,0.000054,0.000075,0.000099,0.000131,0.000151,0.000128,0.000114,0.000105,0.000156,0.000179,0.000221,0.000318,0.000424,0.000537,0.000712,0.000933,0.001198,0.000976,0.001472,0.001428,0.001398,0.001200,0.000809,0.000140,0.000348,0.000399,0.000332,0.000224,0.000142,0.000097,0.000046,0.000027,0.000005,0.000020,0.000031,0.000031
117,,,,,,,,,,,,,,0.000007,0.000170,0.000155,0.000155,0.000182,0.000233,0.000211,0.000262,0.000157,0.000149,0.000132,0.000127,0.000106,0.000114,0.000087,0.000074,0.000059,0.000084,0.000076,0.000131,0.000170,0.000228,0.000264,0.000246,0.000094,0.000176,0.000217,0.000178,0.000146,0.000119,0.000097,0.000057,0.000041,0.000011,0.000178,0.000693,0.001067
118,,,,,,,,,,,,,,0.000008,0.000172,0.000179,0.000209,0.000304,0.000337,0.000322,0.000253,0.000276,0.000276,0.000276,0.000253,0.000244,0.000213,0.000184,0.000175,0.000125,0.000125,0.000063,0.000094,0.000073,0.000058,0.000050,0.000036,0.000049,0.000169,0.000274,0.000297,0.000234,0.000179,0.000117,0.000064,0.000029,0.000014,0.000223,0.000353,0.000404
119,,,,,,,,,,,,,,0.000003,0.000058,0.000053,0.000055,0.000063,0.000070,0.000049,0.000037,0.000039,0.000040,0.000036,0.000032,0.000035,0.000032,0.000043,0.000051,0.000051,0.000086,0.000119,0.000319,0.000385,0.000477,0.000496,0.000372,0.000068,0.000196,0.000238,0.000213,0.000167,0.000131,0.000088,0.000069,0.000066,0.000017,0.000086,0.000282,0.000408
120,,,,,,,,,,,,,,0.000002,0.000032,0.000028,0.000045,0.000054,0.000063,0.000054,0.000049,0.000048,0.000051,0.000067,0.000074,0.000079,0.000082,0.000083,0.000095,0.000087,0.000093,0.000056,0.000089,0.000093,0.000103,0.000117,0.000124,0.000032,0.000104,0.000208,0.000344,0.000440,0.000507,0.000523,0.000332,0.000181,0.000017,0.000050,0.000078,0.000064
121,,,,,,,,,,,,,,0.000013,0.000267,0.000244,0.000258,0.000296,0.000300,0.000266,0.000202,0.000201,0.000207,0.000204,0.000198,0.000192,0.000165,0.000167,0.000159,0.000130,0.000119,0.000058,0.000096,0.000084,0.000070,0.000052,0.000024,0.000019,0.000054,0.000064,0.000059,0.000055,0.000058,0.000058,0.000056,0.000055,0.000018,0.000139,0.000139,0.000189
122,,,,,,,,,,,,,,0.000006,0.000129,0.000112,0.000113,0.000143,0.000138,0.000121,0.000085,0.000081,0.000093,0.000100,0.000082,0.000093,0.000095,0.000097,0.000099,0.000092,0.000111,0.000059,0.000089,0.000082,0.000074,0.000064,0.000041,0.000009,0.000031,0.000081,0.000136,0.000228,0.000346,0.000491,0.000501,0.000428,0.000056,0.000209,0.000395,0.000419
123,,,,,,,,,,,,,,0.000002,0.000046,0.000044,0.000056,0.000076,0.000089,0.000088,0.000061,0.000064,0.000068,0.000077,0.000090,0.000105,0.000104,0.000102,0.000110,0.000086,0.000080,0.000034,0.000070,0.000069,0.000076,0.000068,0.000066,0.000024,0.000058,0.000098,0.000147,0.000219,0.000336,0.000461,0.000474,0.000439,0.000044,0.000068,0.000086,0.000061
124,,,,,,,,,,,,,,0.000013,0.000203,0.000197,0.000259,0.000285,0.000242,0.000203,0.000143,0.000121,0.000134,0.000116,0.000114,0.000115,0.000115,0.000091,0.000086,0.000071,0.000084,0.000052,0.000078,0.000079,0.000104,0.000074,0.000042,0.000024,0.000052,0.000042,0.000028,0.000020,0.000021,0.000017,0.000015,0.000016,0.000020,0.000390,0.000670,0.000886
125,,,,,,,,,,,,,,0.000003,0.000106,0.000075,0.000060,0.000069,0.000068,0.000073,0.000125,0.000185,0.000255,0.000297,0.000391,0.000450,0.000521,0.000609,0.000871,0.000641,0.000687,0.000302,0.000507,0.000480,0.000502,0.000379,0.000259,0.000038,0.000121,0.000153,0.000142,0.000098,0.000075,0.000061,0.000042,0.000034,0.000005,0.000060,0.000129,0.000160
126,,,,,,,,,,,,,,0.000004,0.000358,0.000666,0.001264,0.002038,0.002571,0.002503,0.001989,0.001524,0.001399,0.001289,0.001105,0.000990,0.000793,0.000758,0.000678,0.000543,0.000527,0.000230,0.000392,0.000364,0.000282,0.000241,0.000161,0.000032,0.000082,0.000080,0.000070,0.000062,0.000060,0.000057,0.000043,0.000033,0.000003,0.000016,0.000029,0.000035
127,,,,,,,,,,,,,,0.000034,0.000435,0.000398,0.000417,0.000514,0.000519,0.000442,0.000344,0.000357,0.000404,0.000425,0.000456,0.000505,0.000534,0.000567,0.000580,0.000507,0.000546,0.000253,0.000415,0.000380,0.000325,0.000270,0.000179,0.000031,0.000087,0.000118,0.000100,0.000076,0.000063,0.000043,0.000022,0.000010,0.000002,0.000089,0.000274,0.000635
128,,,,,,,,,,,,,,0.000008,0.000372,0.000402,0.000409,0.000466,0.000422,0.000324,0.000223,0.000201,0.000238,0.000274,0.000305,0.000342,0.000343,0.000347,0.000349,0.000324,0.000314,0.000179,0.000249,0.000242,0.000224,0.000280,0.000470,0.000326,0.000374,0.000169,0.000100,0.000059,0.000037,0.000017,0.000004,-0.000001,0.000013,0.000088,0.000128,0.000162
129,,,,,,,,,,,,,,0.000007,0.000157,0.000141,0.000139,0.000164,0.000164,0.000131,0.000081,0.000090,0.000099,0.000114,0.000101,0.000089,0.000099,0.000091,0.000090,0.000082,0.000087,0.000426,0.000105,0.000103,0.000138,0.000161,0.000146,0.000034,0.000031,0.000025,0.000015,0.000030,0.000056,0.000040,0.000025,0.000022,0.000019,0.000185,0.000490,0.000669
130,,,,,,,,,,,,,,0.000011,0.000141,0.000116,0.000106,0.000113,0.000112,0.000090,0.000077,0.000059,0.000061,0.000057,0.000065,0.000065,0.000062,0.000055,0.000049,0.000037,0.000023,0.000014,0.000015,0.000047,0.000123,0.000168,0.000207,0.000101,0.000261,0.000329,0.000301,0.000163,0.000102,0.000060,0.000027,0.000017,0.000016,0.000324,0.000551,0.000681
131,,,,,,,,,,,,,,0.000002,0.000067,0.000067,0.000070,0.000068,0.000068,0.000056,0.000059,0.000048,0.000048,0.000038,0.000046,0.000041,0.000039,0.000045,0.000054,0.000053,0.000053,0.000051,0.000060,0.000054,0.000046,0.000037,0.000032,0.000029,0.000062,0.000075,0.000090,0.000115,0.000151,0.000165,0.000131,0.000093,0.000025,0.000095,0.000099,0.000122
132,,,,,,,,,,,,,,0.000005,0.000076,0.000068,0.000077,0.000080,0.000073,0.000052,0.000040,0.000041,0.000047,0.000043,0.000046,0.000045,0.000045,0.000049,0.000050,0.000056,0.000062,0.000041,0.000082,0.000074,0.000068,0.000072,0.000053,0.000014,0.000021,0.000026,0.000048,0.000072,0.000084,0.000075,0.000079,0.000114,0.000043,0.000154,0.000236,0.000266
133,,,,,,,,,,,,,,0.000011,0.000350,0.000314,0.000344,0.000451,0.000465,0.000416,0.000295,0.000284,0.000311,0.000328,0.000329,0.000335,0.000311,0.000300,0.000304,0.000241,0.000269,0.000130,0.000223,0.000198,0.000166,0.000134,0.000085,0.000018,0.000008,0.000002,-0.000001,0.000002,0.000008,0.000008,0.000032,0.000065,0.000036,0.000200,0.000307,0.000303
134,,,,,,,,,,,,,,0.000018,0.000446,0.000379,0.000351,0.000380,0.000382,0.000270,0.000163,0.000151,0.000145,0.000141,0.000128,0.000118,0.000108,0.000107,0.000110,0.000100,0.000105,0.000067,0.000152,0.000174,0.000233,0.000265,0.000238,0.000045,0.000094,0.000098,0.000089,0.000071,0.000057,0.000044,0.000029,0.000028,0.000004,0.000016,0.000020,0.000026
135,,,,,,,,,,,,,,0.000019,0.000509,0.000500,0.000482,0.000523,0.000548,0.000447,0.000292,0.000251,0.000250,0.000233,0.000230,0.000212,0.000176,0.000178,0.000165,0.000154,0.000143,0.000070,0.000119,0.000123,0.000119,0.000127,0.000138,0.000035,0.000075,0.000093,0.000112,0.000104,0.000091,0.000065,0.000039,0.000026,0.000002,0.000015,0.000030,0.000029
136,,,,,,,,,,,,,,0.000021,0.000758,0.000705,0.000703,0.000771,0.000728,0.000604,0.000453,0.000426,0.000378,0.000363,0.000344,0.000323,0.000281,0.000273,0.000255,0.000202,0.000189,0.000083,0.000133,0.000137,0.000132,0.000134,0.000125,0.000048,0.000115,0.000163,0.000189,0.000155,0.000106,0.000069,0.000033,0.000020,0.000003,0.000033,0.000069,0.000081
137,,,,,,,,,,,,,,0.000024,0.000470,0.000378,0.000376,0.000366,0.000379,0.000275,0.000188,0.000162,0.000155,0.000165,0.000160,0.000153,0.000127,0.000126,0.000122,0.000117,0.000105,0.000056,0.000095,0.000097,0.000094,0.000088,0.000059,0.000018,0.000038,0.000046,0.000045,0.000037,0.000032,0.000017,0.000011,0.000006,0.000003,0.000014,0.000023,0.000033
138,,,,,,,,,,,,,,0.000002,0.000035,0.000025,0.000027,0.000039,0.000055,0.000065,0.000070,0.000071,0.000088,0.000100,0.000117,0.000127,0.000119,0.000128,0.000129,0.000105,0.000099,0.000050,0.000073,0.000071,0.000072,0.000079,0.000074,0.000020,0.000060,0.000073,0.000074,0.000065,0.000054,0.000051,0.000052,0.000057,0.000023,0.000108,0.000195,0.000140
139,,,,,,,,,,,,,,0.000017,0.000570,0.000510,0.000434,0.000452,0.000437,0.000310,0.000186,0.000165,0.000149,0.000149,0.000140,0.000130,0.000118,0.000107,0.000104,0.000101,0.000099,0.000055,0.000091,0.000100,0.000099,0.000102,0.000100,0.000029,0.000055,0.000067,0.000079,0.000078,0.000078,0.000072,0.000050,0.000036,0.000003,0.000019,0.000017,0.000013
140,,,,,,,,,,,,,,0.000002,0.000040,0.000028,0.000023,0.000031,0.000031,0.000025,0.000020,0.000029,0.000031,0.000027,0.000041,0.000046,0.000061,0.000070,0.000086,0.000097,0.000104,0.000067,0.000102,0.000095,0.000082,0.000067,0.000051,0.000016,0.000069,0.000167,0.000286,0.000369,0.000452,0.000519,0.000457,0.000356,0.000038,0.000090,0.000118,0.000112
141,,,,,,,,,,,,,,0.000002,0.000052,0.000053,0.000050,0.000064,0.000070,0.000070,0.000056,0.000063,0.000066,0.000076,0.000109,0.000138,0.000147,0.000146,0.000154,0.000123,0.000123,0.000066,0.000102,0.000120,0.000139,0.000178,0.000214,0.000066,0.000313,0.000681,0.000994,0.001088,0.001037,0.000959,0.000573,0.000308,0.000023,0.000060,0.000071,0.000078
142,,,,,,,,,,,,,,0.000032,0.000544,0.000453,0.000446,0.000478,0.000441,0.000348,0.000213,0.000177,0.000169,0.000172,0.000165,0.000163,0.000156,0.000135,0.000130,0.000109,0.000107,0.000055,0.000102,0.000070,0.000064,0.000056,0.000046,0.000011,0.000045,0.000093,0.000117,0.000110,0.000082,0.000066,0.000036,0.000021,0.000002,0.000016,0.000037,0.000063
143,,,,,,,,,,,,,,0.000015,0.000555,0.000490,0.000452,0.000493,0.000508,0.000379,0.000255,0.000269,0.000253,0.000279,0.000241,0.000231,0.000214,0.000186,0.000188,0.000175,0.000162,0.000068,0.000131,0.000130,0.000117,0.000112,0.000084,0.000020,0.000053,0.000058,0.000062,0.000047,0.000033,0.000017,0.000009,0.000006,0.000003,0.000021,0.000042,0.000062
144,,,,,,,,,,,,,,0.000002,0.000064,0.000066,0.000067,0.000089,0.000095,0.000097,0.000079,0.000106,0.000131,0.000185,0.000207,0.000233,0.000259,0.000275,0.000251,0.000257,0.000316,0.000159,0.000307,0.000279,0.000237,0.000215,0.000172,0.000035,0.000085,0.000119,0.000138,0.000103,0.000082,0.000079,0.000068,0.000067,0.000009,0.000050,0.000091,0.000069
145,,,,,,,,,,,,,,0.000028,0.000511,0.000460,0.000468,0.000484,0.000437,0.000352,0.000215,0.000196,0.000201,0.000197,0.000174,0.000180,0.000185,0.000138,0.000112,0.000099,0.000108,0.000048,0.000105,0.000111,0.000110,0.000125,0.000113,0.000037,0.000066,0.000086,0.000095,0.000087,0.000089,0.000072,0.000046,0.000028,0.000002,0.000025,0.000091,0.000118
146,,,,,,,,,,,,,,0.000003,0.000058,0.000054,0.000061,0.000074,0.000068,0.000061,0.000064,0.000047,0.000064,0.000082,0.000116,0.000176,0.000255,0.000390,0.000590,0.000746,0.001050,0.000849,0.001617,0.001736,0.001609,0.001444,0.000934,0.000127,0.000438,0.000569,0.000488,0.000377,0.000287,0.000225,0.000129,0.000071,0.000008,0.000052,0.000053,0.000059
147,,,,,,,,,,,,,,0.000004,0.000117,0.000095,0.000104,0.000109,0.000117,0.000094,0.000073,0.000071,0.000066,0.000061,0.000066,0.000068,0.000061,0.000046,0.000041,0.000033,0.000031,0.000017,0.000036,0.000033,0.000042,0.000049,0.000054,0.000023,0.000043,0.000067,0.000104,0.000160,0.000238,0.000270,0.000252,0.000198,0.000028,0.000123,0.000140,0.000220
148,,,,,,,,,,,,,,0.000002,0.000034,0.000037,0.000040,0.000062,0.000081,0.000087,0.000090,0.000113,0.000145,0.000168,0.000172,0.000176,0.000159,0.000145,0.000139,0.000109,0.000099,0.000073,0.000072,0.000068,0.000054,0.000055,0.000051,0.000084,0.000136,0.000100,0.000066,0.000055,0.000047,0.000038,0.000032,0.000042,0.000015,0.000093,0.000131,0.000159
149,,,,,,,,,,,,,,0.000013,0.000513,0.000439,0.000384,0.000430,0.000410,0.000329,0.000220,0.000220,0.000188,0.000201,0.000191,0.000196,0.000180,0.000189,0.000190,0.000185,0.000211,0.000105,0.000220,0.000216,0.000202,0.000186,0.000144,0.000026,0.000068,0.000087,0.000086,0.000074,0.000068,0.000056,0.000040,0.000027,0.000002,0.000020,0.000041,0.000056
150,,,,,,,,,,,,,,0.000003,0.000065,0.000069,0.000089,0.000098,0.000106,0.000090,0.000059,0.000056,0.000060,0.000063,0.000070,0.000074,0.000088,0.000088,0.000121,0.000127,0.000146,0.000262,0.000172,0.000219,0.000318,0.000468,0.000703,0.000308,0.000288,0.000147,0.000085,0.000067,0.000055,0.000052,0.000038,0.000028,0.000003,0.000020,0.000040,0.000052
151,,,,,,,,,,,,,,0.000004,0.000145,0.000133,0.000138,0.000158,0.000151,0.000122,0.000076,0.000072,0.000068,0.000075,0.000066,0.000061,0.000060,0.000056,0.000054,0.000057,0.000065,0.000028,0.000052,0.000049,0.000052,0.000047,0.000034,0.000005,0.000038,0.000097,0.000172,0.000240,0.000322,0.000400,0.000357,0.000269,0.000024,0.000046,0.000066,0.000065
152,,,,,,,,,,,,,,0.000006,0.000068,0.000051,0.000044,0.000056,0.000049,0.000053,0.000044,0.000045,0.000043,0.000043,0.000044,0.000048,0.000048,0.000044,0.000060,0.000048,0.000067,0.000139,0.000106,0.000123,0.000150,0.000166,0.000141,0.000062,0.000088,0.000061,0.000053,0.000056,0.000059,0.000044,0.000025,0.000022,0.000039,0.000204,0.000257,0.000306
153,,,,,,,,,,,,,,0.000001,0.000023,0.000013,0.000005,0.000008,0.000018,0.000014,0.000021,0.000028,0.000041,0.000047,0.000056,0.000059,0.000058,0.000070,0.000066,0.000074,0.000084,0.000055,0.000089,0.000109,0.000134,0.000191,0.000228,0.000063,0.000329,0.000711,0.000888,0.000851,0.000710,0.000551,0.000293,0.000149,0.000014,0.000032,0.000046,0.000048
154,,,,,,,,,,,,,,0.000002,0.000053,0.000076,0.000250,0.000229,0.000207,0.000133,0.000093,0.000088,0.000089,0.000084,0.000075,0.000079,0.000071,0.000071,0.000075,0.000129,0.000095,0.000065,0.000089,0.000095,0.000090,0.000091,0.000062,0.000159,0.000061,0.000072,0.000066,0.000053,0.000049,0.000039,0.000025,0.000018,0.000008,0.000032,0.000035,0.000045
155,,,,,,,,,,,,,,0.000008,0.000223,0.000220,0.000225,0.000270,0.000248,0.000201,0.000137,0.000143,0.000168,0.000158,0.000147,0.000160,0.000146,0.000136,0.000123,0.000110,0.000115,0.000066,0.000107,0.000118,0.000116,0.000112,0.000079,0.000023,0.000063,0.000090,0.000092,0.000104,0.000105,0.000095,0.000072,0.000050,0.000007,0.000131,0.000294,0.000344
156,,,,,,,,,,,,,,0.000005,0.000185,0.000235,0.000292,0.000385,0.000409,0.000348,0.000219,0.000217,0.000215,0.000240,0.000228,0.000260,0.000275,0.000292,0.000337,0.000373,0.000525,0.000325,0.000663,0.000677,0.000692,0.000672,0.000596,0.000141,0.000159,0.000064,0.000050,0.000038,0.000037,0.000039,0.000030,0.000023,0.000002,0.000028,0.000072,0.000125
157,,,,,,,,,,,,,,0.000001,0.000035,0.000059,0.000142,0.000347,0.000605,0.000813,0.000881,0.001060,0.001363,0.001610,0.001811,0.002008,0.001912,0.001956,0.001865,0.001518,0.001408,0.000584,0.000908,0.000798,0.000613,0.000540,0.000347,0.000051,0.000155,0.000180,0.000153,0.000119,0.000090,0.000071,0.000045,0.000022,0.000004,0.000009,0.000020,0.000017
158,,,,,,,,,,,,,,0.000002,0.000030,0.000032,0.000027,0.000030,0.000029,0.000026,0.000021,0.000027,0.000031,0.000042,0.000050,0.000054,0.000060,0.000044,0.000043,0.000046,0.000045,0.000034,0.000053,0.000067,0.000087,0.000136,0.000182,0.000057,0.000314,0.000677,0.000926,0.000893,0.000799,0.000648,0.000349,0.000184,0.000016,0.000058,0.000057,0.000064
159,,,,,,,,,,,,,,0.000009,0.000287,0.000234,0.000192,0.000225,0.000214,0.000156,0.000106,0.000089,0.000083,0.000074,0.000060,0.000049,0.000042,0.000038,0.000041,0.000036,0.000041,0.000043,0.000052,0.000057,0.000091,0.000128,0.000113,0.000037,0.000076,0.000091,0.000094,0.000110,0.000112,0.000083,0.000048,0.000032,0.000007,0.000025,0.000034,0.000030
160,,,,,,,,,,,,,,0.000006,0.000110,0.000098,0.000100,0.000107,0.000105,0.000092,0.000064,0.000061,0.000054,0.000056,0.000050,0.000051,0.000049,0.000055,0.000065,0.000055,0.000052,0.000050,0.000045,0.000041,0.000041,0.000036,0.000020,0.000010,0.000030,0.000042,0.000051,0.000064,0.000068,0.000064,0.000066,0.000075,0.000040,0.000219,0.000562,0.000683
161,,,,,,,,,,,,,,0.000005,0.000087,0.000080,0.000080,0.000102,0.000110,0.000094,0.000077,0.000079,0.000082,0.000074,0.000074,0.000079,0.000076,0.000073,0.000073,0.000050,0.000051,0.000024,0.000047,0.000043,0.000043,0.000040,0.000026,0.000011,0.000035,0.000067,0.000124,0.000191,0.000280,0.000426,0.000442,0.000409,0.000043,0.000143,0.000209,0.000173
162,,,,,,,,,,,,,,0.000028,0.000719,0.000639,0.000607,0.000644,0.000637,0.000498,0.000320,0.000299,0.000313,0.000284,0.000262,0.000244,0.000228,0.000236,0.000274,0.000344,0.000448,0.000491,0.000469,0.000412,0.000353,0.000264,0.000160,0.000032,0.000079,0.000109,0.000104,0.000094,0.000082,0.000049,0.000028,0.000016,0.000002,0.000027,0.000086,0.000143
163,,,,,,,,,,,,,,0.000018,0.000558,0.000449,0.000357,0.000399,0.000378,0.000270,0.000187,0.000180,0.000150,0.000149,0.000127,0.000117,0.000102,0.000110,0.000111,0.000094,0.000090,0.000046,0.000095,0.000106,0.000117,0.000130,0.000126,0.000039,0.000112,0.000171,0.000164,0.000125,0.000082,0.000054,0.000024,0.000016,0.000003,0.000018,0.000017,0.000018
164,,,,,,,,,,,,,,0.000010,0.000150,0.000128,0.000122,0.000143,0.000135,0.000115,0.000078,0.000078,0.000080,0.000069,0.000078,0.000083,0.000086,0.000090,0.000100,0.000086,0.000092,0.000113,0.000067,0.000054,0.000064,0.000035,0.000016,0.000043,0.000063,0.000052,0.000047,0.000040,0.000033,0.000024,0.000020,0.000032,0.000029,0.000511,0.000817,0.001027
165,,,,,,,,,,,,,,0.000015,0.000352,0.000391,0.000445,0.000524,0.000454,0.000348,0.000202,0.000185,0.000165,0.000148,0.000133,0.000126,0.000104,0.000079,0.000076,0.000050,0.000055,0.000033,0.000038,0.000030,0.000027,0.000018,0.000004,0.000011,0.000021,0.000018,0.000018,0.000020,0.000021,0.000026,0.000024,0.000027,0.000026,0.000136,0.000162,0.000215
166,,,,,,,,,,,,,,0.000008,0.000109,0.000088,0.000079,0.000085,0.000093,0.000078,0.000065,0.000065,0.000072,0.000101,0.000135,0.000190,0.000251,0.000289,0.000347,0.000325,0.000325,0.000147,0.000211,0.000185,0.000144,0.000100,0.000071,0.000024,0.000043,0.000047,0.000046,0.000036,0.000031,0.000033,0.000035,0.000030,0.000012,0.000069,0.000061,0.000069
167,,,,,,,,,,,,,,0.000009,0.000115,0.000113,0.000137,0.000191,0.000233,0.000213,0.000169,0.000187,0.000208,0.000202,0.000179,0.000206,0.000260,0.000237,0.000225,0.000174,0.000161,0.000086,0.000164,0.000160,0.000154,0.000121,0.000067,0.000029,0.000046,0.000047,0.000034,0.000025,0.000026,0.000013,0.000008,0.000019,0.000063,0.000584,0.000717,0.000724
168,,,,,,,,,,,,,,0.000003,0.000042,0.000037,0.000028,0.000023,0.000017,0.000006,0.000012,0.000013,0.000007,0.000005,0.000010,0.000017,0.000038,0.000035,0.000063,0.000108,0.000143,0.000219,0.000354,0.000367,0.000384,0.000319,0.000223,0.000061,0.000147,0.000183,0.000164,0.000133,0.000116,0.000118,0.000152,0.000105,0.000030,0.000087,0.000098,0.000116
169,,,,,,,,,,,,,,0.000003,0.000077,0.000091,0.000115,0.000166,0.000218,0.000286,0.000422,0.000526,0.000744,0.000668,0.000768,0.000713,0.000725,0.000664,0.000663,0.000639,0.000452,0.000250,0.000261,0.000246,0.000188,0.000156,0.000105,0.000018,0.000052,0.000059,0.000055,0.000039,0.000026,0.000019,0.000014,0.000010,0.000003,0.000021,0.000054,0.000082
170,,,,,,,,,,,,,,0.000001,0.000033,0.000077,0.000199,0.000462,0.000808,0.001021,0.001088,0.001273,0.001534,0.001649,0.001749,0.001734,0.001546,0.001427,0.001350,0.001125,0.001011,0.000402,0.000713,0.000674,0.000568,0.000516,0.000357,0.000059,0.000200,0.000259,0.000225,0.000167,0.000125,0.000097,0.000062,0.000034,0.000005,0.000024,0.000042,0.000038
171,,,,,,,,,,,,,,0.000004,0.000062,0.000048,0.000053,0.000062,0.000078,0.000093,0.000077,0.000089,0.000089,0.000094,0.000079,0.000075,0.000068,0.000060,0.000052,0.000053,0.000039,0.000052,0.000026,0.000029,0.000032,0.000025,0.000020,0.000018,0.000023,0.000028,0.000043,0.000069,0.000099,0.000130,0.000129,0.000102,0.000032,0.000210,0.000279,0.000283
172,,,,,,,,,,,,,,0.000014,0.000503,0.000583,0.000659,0.000806,0.000775,0.000590,0.000363,0.000333,0.000316,0.000292,0.000263,0.000251,0.000214,0.000225,0.000244,0.000163,0.000166,0.000099,0.000164,0.000171,0.000173,0.000163,0.000125,0.000023,0.000047,0.000066,0.000074,0.000064,0.000059,0.000049,0.000031,0.000021,0.000001,0.000009,0.000026,0.000041
173,,,,,,,,,,,,,,0.000007,0.000148,0.000120,0.000095,0.000105,0.000117,0.000089,0.000064,0.000067,0.000079,0.000105,0.000152,0.000234,0.000315,0.000451,0.000657,0.000825,0.001046,0.000658,0.001243,0.001290,0.001154,0.000971,0.000576,0.000073,0.000231,0.000259,0.000213,0.000153,0.000114,0.000085,0.000075,0.000024,0.000005,0.000078,0.000253,0.000506
174,,,,,,,,,,,,,,0.000003,0.000060,0.000056,0.000064,0.000076,0.000082,0.000070,0.000062,0.000048,0.000060,0.000062,0.000066,0.000078,0.000070,0.000064,0.000064,0.000056,0.000067,0.000052,0.000098,0.000127,0.000186,0.000325,0.000522,0.000298,0.000478,0.000569,0.000646,0.000569,0.000412,0.000301,0.000165,0.000095,0.000008,0.000072,0.000097,0.000112
175,,,,,,,,,,,,,,0.000014,0.000361,0.000294,0.000283,0.000298,0.000250,0.000177,0.000104,0.000093,0.000088,0.000078,0.000064,0.000064,0.000068,0.000067,0.000074,0.000083,0.000099,0.000050,0.000086,0.000074,0.000067,0.000054,0.000044,0.000010,0.000012,0.000024,0.000029,0.000030,0.000036,0.000034,0.000030,0.000023,0.000003,0.000012,0.000032,0.000048
176,,,,,,,,,,,,,,0.000004,0.000070,0.000081,0.000101,0.000124,0.000133,0.000119,0.000087,0.000085,0.000096,0.000089,0.000092,0.000096,0.000093,0.000088,0.000094,0.000078,0.000083,0.000053,0.000135,0.000231,0.000435,0.000627,0.000677,0.000134,0.000123,0.000071,0.000063,0.000053,0.000040,0.000029,0.000028,0.000051,0.000026,0.000163,0.000235,0.000252
177,,,,,,,,,,,,,,0.000002,0.000036,0.000035,0.000044,0.000062,0.000086,0.000101,0.000116,0.000116,0.000114,0.000104,0.000103,0.000083,0.000061,0.000041,0.000047,0.000034,0.000032,0.000023,0.000031,0.000034,0.000037,0.000031,0.000034,0.000018,0.000033,0.000045,0.000075,0.000108,0.000157,0.000224,0.000241,0.000218,0.000030,0.000129,0.000111,0.000082
178,,,,,,,,,,,,,,0.000020,0.000321,0.000320,0.000377,0.000427,0.000450,0.000341,0.000241,0.000216,0.000206,0.000185,0.000176,0.000155,0.000128,0.000114,0.000111,0.000090,0.000082,0.000038,0.000063,0.000062,0.000074,0.000081,0.000075,0.000027,0.000054,0.000056,0.000054,0.000039,0.000029,0.000025,0.000021,0.000013,0.000004,0.000014,0.000054,0.000140
179,,,,,,,,,,,,,,0.000020,0.000234,0.000218,0.000224,0.000234,0.000189,0.000154,0.000081,0.000083,0.000084,0.000070,0.000069,0.000073,0.000077,0.000079,0.000082,0.000091,0.000130,0.000118,0.000369,0.000323,0.000320,0.000325,0.000288,0.000066,0.000145,0.000165,0.000132,0.000098,0.000071,0.000059,0.000047,0.000057,0.000014,0.000047,0.000101,0.000194
180,,,,,,,,,,,,,,0.000002,0.000049,0.000056,0.000099,0.000113,0.000128,0.000110,0.000077,0.000113,0.000116,0.000080,0.000073,0.000071,0.000071,0.000060,0.000062,0.000074,0.000087,0.000051,0.000068,0.000067,0.000068,0.000074,0.000092,0.000096,0.000102,0.000128,0.000096,0.000065,0.000059,0.000065,0.000085,0.000111,0.000025,0.000062,0.000081,0.000104
181,,,,,,,,,,,,,,0.000006,0.000148,0.000123,0.000118,0.000136,0.000133,0.000101,0.000078,0.000072,0.000079,0.000073,0.000063,0.000061,0.000061,0.000060,0.000064,0.000058,0.000063,0.000038,0.000045,0.000044,0.000042,0.000048,0.000031,0.000037,0.000055,0.000059,0.000057,0.000067,0.000067,0.000054,0.000039,0.000031,0.000013,0.000181,0.000604,0.000767
182,,,,,,,,,,,,,,0.000001,0.000041,0.000061,0.000157,0.000207,0.000264,0.000276,0.000271,0.000349,0.000457,0.000604,0.000739,0.000863,0.000892,0.000979,0.001032,0.000842,0.000801,0.000354,0.000556,0.000485,0.000390,0.000324,0.000201,0.000030,0.000103,0.000127,0.000120,0.000099,0.000086,0.000071,0.000047,0.000036,0.000003,0.000024,0.000041,0.000061
183,,,,,,,,,,,,,,0.000013,0.000470,0.000406,0.000324,0.000352,0.000357,0.000298,0.000218,0.000196,0.000208,0.000254,0.000267,0.000250,0.000243,0.000219,0.000189,0.000177,0.000179,0.000111,0.000176,0.000164,0.000157,0.000151,0.000171,0.000120,0.000140,0.000186,0.000206,0.000166,0.000137,0.000099,0.000056,0.000029,0.000004,0.000017,0.000024,0.000035
184,,,,,,,,,,,,,,0.000003,0.000078,0.000074,0.000086,0.000109,0.000128,0.000141,0.000127,0.000180,0.000252,0.000349,0.000414,0.000548,0.000653,0.000761,0.000879,0.000917,0.001058,0.000528,0.001004,0.000978,0.000783,0.000709,0.000456,0.000069,0.000215,0.000263,0.000246,0.000196,0.000161,0.000129,0.000080,0.000049,0.000004,0.000011,0.000011,0.000017
185,,,,,,,,,,,,,,0.000023,0.000384,0.000330,0.000291,0.000311,0.000261,0.000194,0.000115,0.000102,0.000110,0.000104,0.000080,0.000082,0.000084,0.000072,0.000062,0.000056,0.000059,0.000035,0.000061,0.000058,0.000067,0.000071,0.000067,0.000016,0.000043,0.000065,0.000074,0.000074,0.000082,0.000112,0.000079,0.000053,0.000006,0.000102,0.000317,0.000604
186,,,,,,,,,,,,,,0.000006,0.000434,0.000558,0.000610,0.000775,0.000847,0.000643,0.000442,0.000386,0.000378,0.000361,0.000318,0.000291,0.000244,0.000223,0.000222,0.000200,0.000191,0.000104,0.000205,0.000206,0.000179,0.000129,0.000110,0.000044,0.000124,0.000164,0.000217,0.000222,0.000230,0.000209,0.000132,0.000063,0.000008,0.000037,0.000074,0.000082
187,,,,,,,,,,,,,,0.000003,0.000052,0.000047,0.000054,0.000064,0.000063,0.000048,0.000031,0.000025,0.000031,0.000031,0.000035,0.000036,0.000056,0.000073,0.000096,0.000114,0.000188,0.000137,0.000374,0.000489,0.000637,0.000729,0.000768,0.000190,0.000161,0.000110,0.000100,0.000096,0.000113,0.000145,0.000141,0.000135,0.000033,0.000111,0.000192,0.000197
188,,,,,,,,,,,,,,0.000002,0.000042,0.000040,0.000040,0.000035,0.000029,0.000029,0.000027,0.000021,0.000034,0.000042,0.000049,0.000055,0.000050,0.000052,0.000047,0.000050,0.000053,0.000037,0.000057,0.000068,0.000085,0.000117,0.000142,0.000047,0.000212,0.000490,0.000699,0.000711,0.000631,0.000467,0.000250,0.000141,0.000017,0.000039,0.000046,0.000045
189,,,,,,,,,,,,,,0.000006,0.000083,0.000071,0.000068,0.000074,0.000074,0.000067,0.000052,0.000053,0.000046,0.000043,0.000038,0.000039,0.000050,0.000070,0.000097,0.000112,0.000139,0.000114,0.000198,0.000230,0.000250,0.000313,0.000449,0.000240,0.000358,0.000318,0.000311,0.000231,0.000170,0.000137,0.000113,0.000098,0.000011,0.000062,0.000070,0.000082
190,,,,,,,,,,,,,,0.000002,0.000037,0.000052,0.000100,0.000205,0.000341,0.000450,0.000443,0.000594,0.000819,0.000992,0.001126,0.001222,0.001106,0.001160,0.001068,0.000820,0.000773,0.000314,0.000495,0.000421,0.000329,0.000262,0.000165,0.000033,0.000108,0.000129,0.000106,0.000078,0.000059,0.000049,0.000029,0.000021,0.000004,0.000031,0.000039,0.000055
191,,,,,,,,,,,,,,0.000001,-0.000002,0.000009,0.000039,0.000103,0.000176,0.000250,0.000294,0.000358,0.000470,0.000547,0.000599,0.000627,0.000610,0.000556,0.000515,0.000451,0.000441,0.000228,0.000390,0.000382,0.000329,0.000272,0.000184,0.000036,0.000152,0.000264,0.000337,0.000349,0.000372,0.000366,0.000311,0.000227,0.000029,0.000064,0.000087,0.000095
192,,,,,,,,,,,,,,0.000018,0.000588,0.000629,0.000614,0.000681,0.000604,0.000422,0.000252,0.000203,0.000179,0.000157,0.000143,0.000122,0.000108,0.000106,0.000099,0.000095,0.000087,0.000104,0.000076,0.000067,0.000049,0.000037,0.000021,0.000019,0.000023,0.000020,0.000024,0.000020,0.000031,0.000042,0.000043,0.000041,0.000014,0.000070,0.000089,0.000100
193,,,,,,,,,,,,,,0.000012,0.000260,0.000239,0.000259,0.000308,0.000329,0.000270,0.000196,0.000245,0.000291,0.000353,0.000413,0.000497,0.000610,0.000634,0.000732,0.000732,0.000898,0.000460,0.000858,0.000785,0.000741,0.000629,0.000463,0.000097,0.000121,0.000066,0.000056,0.000043,0.000033,0.000013,0.000012,0.000004,0.000004,0.000038,0.000065,0.000092
194,,,,,,,,,,,,,,0.000002,0.000045,0.000043,0.000050,0.000054,0.000052,0.000057,0.000051,0.000058,0.000092,0.000141,0.000197,0.000299,0.000464,0.000593,0.000898,0.001235,0.001404,0.001111,0.001468,0.001406,0.001195,0.000924,0.000535,0.000099,0.000223,0.000263,0.000222,0.000156,0.000113,0.000079,0.000041,0.000016,0.000005,0.000019,0.000027,0.000054
195,,,,,,,,,,,,,,0.000002,0.000046,0.000051,0.000054,0.000064,0.000063,0.000058,0.000040,0.000041,0.000041,0.000039,0.000041,0.000035,0.000036,0.000041,0.000048,0.000038,0.000048,0.000036,0.000057,0.000056,0.000050,0.000051,0.000054,0.000025,0.000094,0.000239,0.000439,0.000513,0.000553,0.000522,0.000324,0.000169,0.000017,0.000089,0.000076,0.000074
196,,,,,,,,,,,,,,0.000005,0.000100,0.000083,0.000083,0.000129,0.000163,0.000221,0.000274,0.000354,0.000478,0.000503,0.000594,0.000640,0.000689,0.000704,0.000713,0.000617,0.000653,0.000312,0.000504,0.000438,0.000373,0.000317,0.000216,0.000051,0.000125,0.000146,0.000135,0.000121,0.000115,0.000102,0.000061,0.000029,0.000007,0.000111,0.000252,0.000312
197,,,,,,,,,,,,,,0.000001,0.000032,0.000040,0.000060,0.000114,0.000197,0.000280,0.000403,0.000472,0.000631,0.000799,0.000946,0.000993,0.001055,0.000988,0.000984,0.000894,0.000853,0.000384,0.000632,0.000608,0.000553,0.000475,0.000346,0.000088,0.000175,0.000171,0.000146,0.000116,0.000090,0.000071,0.000049,0.000037,0.000005,0.000020,0.000040,0.000051
198,,,,,,,,,,,,,,0.000012,0.000265,0.000241,0.000219,0.000241,0.000208,0.000158,0.000114,0.000102,0.000105,0.000099,0.000098,0.000090,0.000077,0.000082,0.000100,0.000108,0.000120,0.000476,0.000198,0.000163,0.000140,0.000104,0.000056,0.000061,0.000183,0.000161,0.000102,0.000069,0.000046,0.000028,0.000017,0.000008,0.000009,0.000047,0.000081,0.000107
199,,,,,,,,,,,,,,0.000003,0.000112,0.000114,0.000144,0.000194,0.000186,0.000184,0.000129,0.000136,0.000139,0.000147,0.000186,0.000215,0.000223,0.000296,0.000335,0.000382,0.000494,0.000280,0.000579,0.000570,0.000538,0.000479,0.000345,0.000074,0.000088,0.000068,0.000059,0.000048,0.000034,0.000030,0.000020,0.000011,0.000003,0.000015,0.000023,0.000015
200,,,,,,,,,,,,,,0.000002,0.000058,0.000062,0.000075,0.000093,0.000096,0.000080,0.000057,0.000063,0.000066,0.000071,0.000079,0.000084,0.000082,0.000085,0.000093,0.000081,0.000088,0.000513,0.000095,0.000082,0.000073,0.000061,0.000041,0.000020,0.000034,0.000034,0.000025,0.000017,0.000019,0.000008,0.000005,0.000002,0.000003,0.000025,0.000041,0.000053
201,,,,,,,,,,,,,,0.000003,0.000068,0.000061,0.000062,0.000075,0.000069,0.000068,0.000057,0.000051,0.000051,0.000051,0.000041,0.000046,0.000056,0.000058,0.000044,0.000043,0.000040,0.000034,0.000047,0.000051,0.000051,0.000054,0.000062,0.000027,0.000120,0.000267,0.000411,0.000536,0.000658,0.000624,0.000441,0.000318,0.000036,0.000086,0.000090,0.000100
202,,,,,,,,,,,,,,0.000001,0.000042,0.000027,0.000027,0.000030,0.000038,0.000043,0.000048,0.000068,0.000107,0.000171,0.000286,0.000466,0.000643,0.000908,0.001233,0.001401,0.001683,0.000888,0.001613,0.001549,0.001248,0.001049,0.000628,0.000088,0.000255,0.000326,0.000294,0.000230,0.000185,0.000143,0.000084,0.000047,0.000008,0.000034,0.000055,0.000054
203,,,,,,,,,,,,,,0.000002,0.000032,0.000029,0.000030,0.000030,0.000030,0.000029,0.000036,0.000028,0.000028,0.000032,0.000035,0.000039,0.000034,0.000047,0.000053,0.000062,0.000077,0.000052,0.000092,0.000087,0.000079,0.000084,0.000078,0.000029,0.000060,0.000110,0.000193,0.000286,0.000375,0.000407,0.000292,0.000173,0.000019,0.000030,0.000056,0.000062
204,,,,,,,,,,,,,,0.000019,0.000530,0.000452,0.000383,0.000405,0.000404,0.000316,0.000199,0.000164,0.000165,0.000175,0.000173,0.000181,0.000167,0.000183,0.000198,0.000198,0.000204,0.000107,0.000199,0.000210,0.000189,0.000166,0.000104,0.000020,0.000059,0.000066,0.000065,0.000055,0.000043,0.000033,0.000021,0.000012,0.000004,0.000065,0.000077,0.000076
205,,,,,,,,,,,,,,0.000006,0.000111,0.000098,0.000099,0.000112,0.000108,0.000082,0.000066,0.000061,0.000066,0.000060,0.000057,0.000056,0.000053,0.000056,0.000050,0.000054,0.000046,0.000030,0.000041,0.000039,0.000047,0.000043,0.000039,0.000030,0.000082,0.000099,0.000096,0.000090,0.000083,0.000064,0.000037,0.000025,0.000013,0.000140,0.000190,0.000225
206,,,,,,,,,,,,,,0.000008,0.000199,0.000298,0.000578,0.001078,0.001583,0.001626,0.001393,0.001367,0.001327,0.001146,0.001013,0.000838,0.000663,0.000570,0.000450,0.000368,0.000324,0.000136,0.000215,0.000192,0.000160,0.000136,0.000097,0.000014,0.000038,0.000040,0.000038,0.000027,0.000018,0.000016,0.000017,0.000028,0.000007,0.000039,0.000115,0.000206
207,,,,,,,,,,,,,,0.000003,0.000063,0.000059,0.000062,0.000067,0.000048,0.000039,0.000036,0.000025,0.000036,0.000031,0.000033,0.000025,0.000023,0.000024,0.000023,0.000020,0.000032,0.000047,0.000051,0.000066,0.000104,0.000149,0.000240,0.000242,0.000441,0.000296,0.000193,0.000143,0.000127,0.000125,0.000089,0.000078,0.000018,0.000084,0.000174,0.000197
208,,,,,,,,,,,,,,0.000006,0.000115,0.000107,0.000110,0.000148,0.000153,0.000135,0.000128,0.000123,0.000125,0.000134,0.000147,0.000177,0.000250,0.000335,0.000399,0.000414,0.000504,0.000463,0.000642,0.000725,0.000797,0.000849,0.000783,0.000130,0.000128,0.000081,0.000076,0.000066,0.000064,0.000054,0.000025,0.000014,0.000002,0.000041,0.000244,0.000489
209,,,,,,,,,,,,,,0.000002,0.000052,0.000047,0.000038,0.000052,0.000068,0.000072,0.000068,0.000067,0.000088,0.000095,0.000106,0.000105,0.000101,0.000093,0.000081,0.000061,0.000056,0.000022,0.000030,0.000029,0.000037,0.000066,0.000101,0.000046,0.000156,0.000270,0.000355,0.000344,0.000336,0.000306,0.000245,0.000209,0.000032,0.000069,0.000085,0.000081
210,,,,,,,,,,,,,,0.000002,0.000049,0.000076,0.000150,0.000325,0.000550,0.000692,0.000777,0.000927,0.001220,0.001432,0.001624,0.001808,0.001857,0.001962,0.002034,0.001963,0.001911,0.000930,0.001465,0.001301,0.001017,0.000855,0.000543,0.000088,0.000239,0.000302,0.000274,0.000210,0.000152,0.000120,0.000074,0.000049,0.000004,0.000028,0.000076,0.000132
211,,,,,,,,,,,,,,0.000006,0.000174,0.000174,0.000164,0.000180,0.000162,0.000112,0.000078,0.000072,0.000059,0.000058,0.000060,0.000060,0.000058,0.000052,0.000049,0.000055,0.000046,0.000170,0.000039,0.000036,0.000036,0.000031,0.000028,0.000031,0.000040,0.000025,0.000033,0.000039,0.000069,0.000112,0.000130,0.000122,0.000031,0.000099,0.000115,0.000100
212,,,,,,,,,,,,,,0.000016,0.000327,0.000278,0.000255,0.000282,0.000284,0.000222,0.000151,0.000154,0.000178,0.000201,0.000215,0.000234,0.000228,0.000232,0.000237,0.000228,0.000247,0.000122,0.000236,0.000245,0.000240,0.000241,0.000209,0.000099,0.000114,0.000170,0.000173,0.000146,0.000122,0.000108,0.000075,0.000049,0.000003,0.000021,0.000028,0.000046
213,,,,,,,,,,,,,,0.000002,0.000061,0.000096,0.000149,0.000215,0.000248,0.000212,0.000142,0.000130,0.000124,0.000132,0.000125,0.000116,0.000102,0.000105,0.000102,0.000090,0.000114,0.000058,0.000118,0.000153,0.000178,0.000209,0.000224,0.000059,0.000118,0.000128,0.000122,0.000103,0.000110,0.000087,0.000064,0.000052,0.000017,0.000096,0.000105,0.000095
214,,,,,,,,,,,,,,0.000002,0.000035,0.000039,0.000038,0.000043,0.000050,0.000040,0.000050,0.000043,0.000034,0.000036,0.000038,0.000043,0.000051,0.000041,0.000052,0.000059,0.000097,0.000095,0.000264,0.000474,0.000701,0.000999,0.000944,0.000174,0.000687,0.000941,0.000815,0.000592,0.000409,0.000292,0.000152,0.000076,0.000008,0.000031,0.000057,0.000060
215,,,,,,,,,,,,,,0.000007,0.000164,0.000140,0.000128,0.000160,0.000150,0.000132,0.000092,0.000091,0.000102,0.000111,0.000092,0.000107,0.000111,0.000109,0.000107,0.000110,0.000117,0.000059,0.000110,0.000105,0.000098,0.000098,0.000072,0.000013,0.000040,0.000067,0.000090,0.000102,0.000110,0.000111,0.000084,0.000058,0.000008,0.000085,0.000237,0.000308
216,,,,,,,,,,,,,,0.000003,0.000056,0.000065,0.000087,0.000110,0.000120,0.000099,0.000070,0.000058,0.000058,0.000062,0.000055,0.000056,0.000046,0.000043,0.000052,0.000055,0.000084,0.000050,0.000130,0.000143,0.000160,0.000150,0.000112,0.000015,0.000034,0.000054,0.000072,0.000081,0.000093,0.000094,0.000112,0.000145,0.000031,0.000155,0.000248,0.000236
217,,,,,,,,,,,,,,0.000003,0.000070,0.000056,0.000052,0.000049,0.000047,0.000035,0.000029,0.000033,0.000038,0.000039,0.000038,0.000035,0.000032,0.000034,0.000039,0.000029,0.000042,0.000033,0.000048,0.000069,0.000107,0.000183,0.000230,0.000062,0.000328,0.000641,0.000751,0.000663,0.000547,0.000453,0.000221,0.000103,0.000010,0.000031,0.000053,0.000068
218,,,,,,,,,,,,,,0.000004,0.000273,0.000422,0.000640,0.001061,0.001353,0.001377,0.001253,0.001224,0.001306,0.001320,0.001218,0.001168,0.000970,0.000859,0.000764,0.000615,0.000555,0.000219,0.000378,0.000368,0.000324,0.000292,0.000210,0.000033,0.000107,0.000151,0.000153,0.000140,0.000126,0.000126,0.000085,0.000057,0.000003,0.000028,0.000041,0.000056
219,,,,,,,,,,,,,,0.000015,0.000392,0.000310,0.000264,0.000288,0.000267,0.000216,0.000150,0.000115,0.000119,0.000113,0.000101,0.000093,0.000071,0.000061,0.000059,0.000040,0.000034,0.000037,0.000032,0.000030,0.000033,0.000041,0.000033,0.000056,0.000228,0.000209,0.000116,0.000082,0.000071,0.000049,0.000042,0.000037,0.000007,0.000100,0.000133,0.000156
220,,,,,,,,,,,,,,0.000002,0.000056,0.000083,0.000190,0.000405,0.000502,0.000516,0.000346,0.000388,0.000395,0.000436,0.000407,0.000429,0.000421,0.000373,0.000335,0.000290,0.000278,0.000113,0.000214,0.000189,0.000153,0.000132,0.000107,0.000026,0.000058,0.000076,0.000075,0.000065,0.000063,0.000055,0.000040,0.000026,0.000004,0.000031,0.000070,0.000104
221,,,,,,,,,,,,,,0.000001,0.000022,0.000020,0.000021,0.000027,0.000028,0.000026,0.000022,0.000033,0.000039,0.000046,0.000053,0.000064,0.000055,0.000048,0.000042,0.000096,0.000081,0.000080,0.000221,0.000362,0.000576,0.000639,0.000580,0.000195,0.000352,0.000443,0.000371,0.000286,0.000287,0.000230,0.000119,0.000073,0.000009,0.000038,0.000065,0.000076
222,,,,,,,,,,,,,,0.000004,0.000261,0.000326,0.000503,0.000735,0.000780,0.000642,0.000375,0.000389,0.000356,0.000355,0.000299,0.000301,0.000305,0.000316,0.000402,0.000499,0.000637,0.000377,0.000530,0.000460,0.000357,0.000270,0.000166,0.000034,0.000084,0.000082,0.000074,0.000049,0.000039,0.000026,0.000018,0.000013,0.000005,0.000028,0.000055,0.000086
223,,,,,,,,,,,,,,0.000003,0.000067,0.000068,0.000078,0.000135,0.000201,0.000192,0.000159,0.000164,0.000187,0.000225,0.000212,0.000222,0.000290,0.000278,0.000243,0.000218,0.000238,0.000147,0.000198,0.000152,0.000112,0.000086,0.000050,0.000014,0.000047,0.000094,0.000130,0.000142,0.000159,0.000172,0.000153,0.000114,0.000029,0.000202,0.000400,0.000502
224,,,,,,,,,,,,,,0.000005,0.000112,0.000117,0.000137,0.000163,0.000162,0.000132,0.000086,0.000088,0.000095,0.000100,0.000107,0.000118,0.000123,0.000127,0.000126,0.000117,0.000117,0.000065,0.000272,0.000238,0.000192,0.000174,0.000143,0.000027,0.000089,0.000141,0.000163,0.000153,0.000208,0.000170,0.000102,0.000066,0.000006,0.000019,0.000046,0.000077
225,,,,,,,,,,,,,,0.000003,0.000059,0.000046,0.000052,0.000062,0.000071,0.000088,0.000091,0.000150,0.000175,0.000186,0.000197,0.000187,0.000198,0.000215,0.000328,0.000201,0.000176,0.000079,0.000105,0.000112,0.000105,0.000098,0.000076,0.000027,0.000077,0.000088,0.000071,0.000057,0.000078,0.000104,0.000115,0.000172,0.000036,0.000101,0.000154,0.000175
226,,,,,,,,,,,,,,0.000008,0.000223,0.000196,0.000197,0.000208,0.000186,0.000134,0.000100,0.000081,0.000070,0.000062,0.000054,0.000052,0.000058,0.000065,0.000059,0.000096,0.000168,0.000521,0.000552,0.000717,0.000799,0.000762,0.000501,0.000095,0.000236,0.000317,0.000299,0.000256,0.000222,0.000189,0.000108,0.000053,0.000007,0.000062,0.000222,0.000464
227,,,,,,,,,,,,,,0.000005,0.000086,0.000090,0.000098,0.000125,0.000128,0.000101,0.000066,0.000058,0.000055,0.000042,0.000033,0.000046,0.000060,0.000070,0.000088,0.000101,0.000148,0.000086,0.000147,0.000143,0.000137,0.000111,0.000095,0.000067,0.000058,0.000034,0.000025,0.000021,0.000031,0.000029,0.000022,0.000033,0.000029,0.000161,0.000332,0.000394
228,,,,,,,,,,,,,,0.000004,0.000086,0.000085,0.000097,0.000119,0.000137,0.000148,0.000170,0.000264,0.000394,0.000489,0.000624,0.000736,0.000764,0.000918,0.001085,0.000903,0.000823,0.000374,0.000593,0.000560,0.000433,0.000380,0.000248,0.000043,0.000116,0.000156,0.000149,0.000120,0.000118,0.000138,0.000069,0.000038,0.000003,0.000036,0.000033,0.000039
229,,,,,,,,,,,,,,0.000001,0.000016,0.000007,0.000002,0.000008,0.000033,0.000058,0.000092,0.000145,0.000217,0.000258,0.000336,0.000371,0.000414,0.000559,0.000630,0.000661,0.000756,0.000665,0.000831,0.000782,0.000716,0.000562,0.000357,0.000052,0.000145,0.000183,0.000176,0.000127,0.000103,0.000085,0.000061,0.000043,0.000006,0.000024,0.000035,0.000050
230,,,,,,,,,,,,,,0.000026,0.000368,0.000308,0.000303,0.000307,0.000280,0.000221,0.000147,0.000109,0.000117,0.000094,0.000090,0.000075,0.000066,0.000062,0.000061,0.000051,0.000058,0.000036,0.000057,0.000048,0.000046,0.000042,0.000033,0.000019,0.000027,0.000027,0.000026,0.000018,0.000016,0.000011,0.000008,0.000010,0.000011,0.000068,0.000107,0.000176
231,,,,,,,,,,,,,,0.000006,0.000089,0.000084,0.000086,0.000091,0.000072,0.000057,0.000042,0.000035,0.000035,0.000032,0.000033,0.000031,0.000038,0.000040,0.000046,0.000043,0.000049,0.000052,0.000103,0.000080,0.000084,0.000101,0.000137,0.000117,0.000160,0.000147,0.000114,0.000085,0.000069,0.000069,0.000089,0.000163,0.000037,0.000127,0.000166,0.000164
232,,,,,,,,,,,,,,0.000003,0.000076,0.000064,0.000068,0.000077,0.000070,0.000075,0.000050,0.000053,0.000051,0.000047,0.000047,0.000053,0.000048,0.000037,0.000039,0.000025,0.000031,0.000051,0.000049,0.000058,0.000078,0.000109,0.000152,0.000169,0.000201,0.000153,0.000130,0.000098,0.000128,0.000106,0.000075,0.000027,0.000006,0.000046,0.000116,0.000176
233,,,,,,,,,,,,,,0.000002,0.000059,0.000061,0.000074,0.000087,0.000086,0.000069,0.000043,0.000042,0.000049,0.000042,0.000043,0.000046,0.000042,0.000043,0.000051,0.000046,0.000051,0.000027,0.000038,0.000035,0.000028,0.000017,0.000013,0.000009,0.000012,0.000031,0.000062,0.000107,0.000142,0.000187,0.000169,0.000158,0.000033,0.000082,0.000090,0.000098
234,,,,,,,,,,,,,,0.000002,0.000073,0.000081,0.000100,0.000147,0.000182,0.000191,0.000149,0.000183,0.000229,0.000317,0.000437,0.000621,0.000824,0.001075,0.001350,0.001460,0.001464,0.000733,0.001142,0.001087,0.000867,0.000706,0.000438,0.000068,0.000208,0.000263,0.000231,0.000181,0.000137,0.000108,0.000068,0.000036,0.000002,0.000014,0.000056,0.000069
235,,,,,,,,,,,,,,0.000004,0.000076,0.000064,0.000050,0.000058,0.000050,0.000045,0.000037,0.000035,0.000048,0.000051,0.000059,0.000067,0.000067,0.000083,0.000087,0.000084,0.000094,0.000054,0.000090,0.000091,0.000087,0.000097,0.000092,0.000026,0.000052,0.000080,0.000097,0.000118,0.000125,0.000116,0.000074,0.000043,0.000005,0.000079,0.000162,0.000184
236,,,,,,,,,,,,,,0.000004,0.000055,0.000034,0.000028,0.000019,0.000020,0.000021,0.000035,0.000043,0.000045,0.000041,0.000037,0.000039,0.000031,0.000031,0.000027,0.000172,0.000080,0.000097,0.000075,0.000080,0.000095,0.000089,0.000069,0.000036,0.000066,0.000073,0.000069,0.000070,0.000073,0.000059,0.000041,0.000031,0.000023,0.000131,0.000150,0.000166
237,,,,,,,,,,,,,,0.000005,0.000078,0.000138,0.000312,0.000646,0.000950,0.001023,0.000916,0.001005,0.001124,0.001157,0.001144,0.001087,0.001010,0.000839,0.000679,0.000506,0.000475,0.000204,0.000349,0.000343,0.000286,0.000237,0.000169,0.000035,0.000102,0.000123,0.000097,0.000074,0.000061,0.000058,0.000039,0.000020,0.000003,0.000099,0.000260,0.000466
238,,,,,,,,,,,,,,0.000005,0.000172,0.000223,0.000288,0.000413,0.000466,0.000452,0.000380,0.000405,0.000429,0.000485,0.000522,0.000601,0.000687,0.000776,0.000963,0.001076,0.001073,0.000477,0.000867,0.000782,0.000673,0.000579,0.000410,0.000062,0.000191,0.000258,0.000265,0.000226,0.000170,0.000133,0.000077,0.000043,0.000003,0.000027,0.000078,0.000124
239,,,,,,,,,,,,,,0.000002,0.000049,0.000086,0.000299,0.000307,0.000255,0.000165,0.000102,0.000077,0.000078,0.000072,0.000070,0.000066,0.000059,0.000044,0.000033,0.000039,0.000034,0.000036,0.000029,0.000032,0.000035,0.000068,0.000097,0.000041,0.000193,0.000406,0.000542,0.000516,0.000435,0.000327,0.000158,0.000069,0.000008,0.000023,0.000031,0.000032
240,,,,,,,,,,,,,,0.000006,0.000108,0.000106,0.000140,0.000156,0.000152,0.000105,0.000064,0.000071,0.000073,0.000079,0.000070,0.000075,0.000066,0.000071,0.000083,0.000071,0.000079,0.000038,0.000045,0.000043,0.000038,0.000037,0.000028,0.000010,0.000031,0.000040,0.000059,0.000063,0.000062,0.000063,0.000069,0.000069,0.000035,0.000216,0.000239,0.000236
241,,,,,,,,,,,,,,0.000001,0.000022,0.000018,0.000053,0.000114,0.000171,0.000220,0.000244,0.000329,0.000312,0.000307,0.000310,0.000297,0.000296,0.000294,0.000412,0.000581,0.000575,0.000587,0.000688,0.000707,0.000671,0.000553,0.000373,0.000073,0.000183,0.000201,0.000180,0.000146,0.000122,0.000106,0.000077,0.000059,0.000008,0.000021,0.000034,0.000035
242,,,,,,,,,,,,,,0.000003,0.000085,0.000140,0.000214,0.000302,0.000346,0.000290,0.000190,0.000150,0.000131,0.000111,0.000098,0.000083,0.000055,0.000052,0.000042,0.000016,0.000004,0.000032,-0.000003,0.000001,0.000045,0.000132,0.000304,0.000223,0.000391,0.000369,0.000362,0.000334,0.000336,0.000328,0.000255,0.000246,0.000054,0.000209,0.000294,0.000324
243,,,,,,,,,,,,,,0.000023,0.000277,0.000251,0.000269,0.000302,0.000271,0.000233,0.000167,0.000129,0.000125,0.000115,0.000118,0.000117,0.000105,0.000102,0.000118,0.000106,0.000109,0.000057,0.000095,0.000095,0.000088,0.000079,0.000058,0.000017,0.000045,0.000059,0.000052,0.000047,0.000038,0.000035,0.000021,0.000015,0.000002,0.000028,0.000061,0.000151
244,,,,,,,,,,,,,,0.000002,0.000067,0.000070,0.000101,0.000166,0.000266,0.000354,0.000403,0.000552,0.000759,0.000977,0.001209,0.001351,0.001282,0.001331,0.001261,0.001000,0.000895,0.000371,0.000539,0.000467,0.000346,0.000294,0.000185,0.000035,0.000095,0.000110,0.000097,0.000072,0.000058,0.000049,0.000027,0.000016,0.000002,0.000017,0.000040,0.000051
245,,,,,,,,,,,,,,0.000008,0.000115,0.000100,0.000095,0.000106,0.000087,0.000086,0.000049,0.000049,0.000044,0.000055,0.000063,0.000064,0.000056,0.000053,0.000055,0.000053,0.000063,0.000059,0.000054,0.000058,0.000068,0.000083,0.000070,0.000025,0.000038,0.000038,0.000037,0.000034,0.000034,0.000033,0.000026,0.000020,0.000006,0.000054,0.000110,0.000207
246,,,,,,,,,,,,,,0.000005,0.000112,0.000090,0.000081,0.000104,0.000128,0.000122,0.000122,0.000139,0.000148,0.000158,0.000152,0.000140,0.000123,0.000111,0.000089,0.000053,0.000050,0.000033,0.000035,0.000037,0.000045,0.000051,0.000043,0.000019,0.000032,0.000043,0.000050,0.000059,0.000071,0.000075,0.000061,0.000039,0.000007,0.000062,0.000412,0.000813
247,,,,,,,,,,,,,,0.000003,0.000065,0.000070,0.000083,0.000124,0.000171,0.000244,0.000284,0.000272,0.000368,0.000466,0.000527,0.000632,0.000802,0.000758,0.000659,0.000539,0.000465,0.000211,0.000272,0.000232,0.000166,0.000145,0.000087,0.000017,0.000040,0.000054,0.000045,0.000046,0.000057,0.000067,0.000048,0.000030,0.000004,0.000079,0.000085,0.000093
248,,,,,,,,,,,,,,0.000015,0.000455,0.000388,0.000339,0.000325,0.000316,0.000253,0.000189,0.000174,0.000169,0.000132,0.000115,0.000091,0.000061,0.000075,0.000078,0.000091,0.000132,0.000098,0.000282,0.000427,0.000516,0.000654,0.000555,0.000095,0.000349,0.000460,0.000380,0.000271,0.000197,0.000160,0.000099,0.000059,0.000004,0.000007,0.000018,0.000028
249,,,,,,,,,,,,,,0.000003,0.000066,0.000052,0.000053,0.000065,0.000075,0.000061,0.000047,0.000035,0.000028,0.000017,0.000017,0.000027,0.000032,0.000041,0.000045,0.000040,0.000048,0.000049,0.000101,0.000115,0.000143,0.000184,0.000167,0.000040,0.000095,0.000140,0.000160,0.000167,0.000158,0.000178,0.000190,0.000195,0.000034,0.000181,0.000232,0.000214
250,,,,,,,,,,,,,,0.000002,0.000066,0.000050,0.000032,0.000040,0.000038,0.000038,0.000026,0.000016,0.000020,0.000028,0.000035,0.000040,0.000061,0.000083,0.000096,0.000094,0.000116,0.000076,0.000114,0.000096,0.000113,0.000149,0.000191,0.000068,0.000196,0.000340,0.000458,0.000471,0.000458,0.000430,0.000249,0.000133,0.000016,0.000052,0.000142,0.000303
251,,,,,,,,,,,,,,0.000007,0.000125,0.000115,0.000121,0.000154,0.000149,0.000125,0.000085,0.000093,0.000098,0.000093,0.000095,0.000097,0.000096,0.000093,0.000100,0.000096,0.000099,0.000047,0.000076,0.000065,0.000056,0.000058,0.000160,0.000164,0.000244,0.000165,0.000092,0.000064,0.000051,0.000034,0.000019,0.000012,0.000017,0.000204,0.000271,0.000315
252,,,,,,,,,,,,,,0.000023,0.000374,0.000353,0.000374,0.000420,0.000404,0.000330,0.000241,0.000215,0.000226,0.000223,0.000215,0.000210,0.000189,0.000173,0.000171,0.000146,0.000149,0.000070,0.000132,0.000125,0.000107,0.000102,0.000080,0.000023,0.000042,0.000055,0.000053,0.000044,0.000039,0.000031,0.000021,0.000014,0.000002,0.000020,0.000070,0.000163
253,,,,,,,,,,,,,,0.000010,0.000243,0.000223,0.000204,0.000225,0.000222,0.000194,0.000133,0.000113,0.000113,0.000112,0.000127,0.000136,0.000131,0.000132,0.000133,0.000108,0.000122,0.000058,0.000085,0.000083,0.000075,0.000073,0.000065,0.000016,0.000034,0.000048,0.000046,0.000044,0.000036,0.000029,0.000024,0.000021,0.000002,0.000036,0.000067,0.000090
254,,,,,,,,,,,,,,0.000014,0.000462,0.000445,0.000384,0.000461,0.000444,0.000336,0.000213,0.000198,0.000175,0.000173,0.000163,0.000142,0.000131,0.000121,0.000124,0.000089,0.000096,0.000044,0.000077,0.000082,0.000073,0.000074,0.000057,0.000014,0.000038,0.000063,0.000081,0.000079,0.000084,0.000082,0.000062,0.000042,0.000004,0.000033,0.000088,0.000122
255,,,,,,,,,,,,,,0.000004,0.000047,0.000034,0.000034,0.000042,0.000046,0.000051,0.000088,0.000065,0.000075,0.000082,0.000080,0.000086,0.000078,0.000081,0.000097,0.000096,0.000120,0.000068,0.000119,0.000131,0.000136,0.000126,0.000081,0.000017,0.000067,0.000108,0.000124,0.000138,0.000195,0.000209,0.000171,0.000147,0.000023,0.000104,0.000179,0.000224
256,,,,,,,,,,,,,,0.000004,0.000079,0.000068,0.000069,0.000079,0.000095,0.000078,0.000070,0.000059,0.000066,0.000060,0.000062,0.000054,0.000042,0.000041,0.000029,0.000028,0.000039,0.000030,0.000048,0.000046,0.000040,0.000035,0.000035,0.000023,0.000031,0.000037,0.000051,0.000070,0.000080,0.000095,0.000089,0.000090,0.000028,0.000109,0.000384,0.000484
257,,,,,,,,,,,,,,0.000008,0.000315,0.000268,0.000236,0.000236,0.000218,0.000159,0.000107,0.000089,0.000097,0.000086,0.000081,0.000085,0.000085,0.000093,0.000094,0.000081,0.000085,0.000050,0.000077,0.000060,0.000053,0.000050,0.000048,0.000013,0.000041,0.000066,0.000079,0.000084,0.000084,0.000086,0.000068,0.000039,0.000006,0.000037,0.000052,0.000052
258,,,,,,,,,,,,,,0.000010,0.000424,0.000381,0.000326,0.000305,0.000300,0.000238,0.000161,0.000137,0.000162,0.000147,0.000161,0.000163,0.000142,0.000135,0.000131,0.000108,0.000105,0.000064,0.000069,0.000060,0.000053,0.000070,0.000121,0.000072,0.000074,0.000046,0.000039,0.000036,0.000084,0.000047,0.000029,0.000022,0.000006,0.000043,0.000078,0.000105
259,,,,,,,,,,,,,,0.000007,0.000223,0.000247,0.000382,0.000664,0.000911,0.000989,0.000879,0.000889,0.001015,0.001135,0.001224,0.001291,0.001250,0.001239,0.001247,0.000997,0.001098,0.000510,0.000898,0.000799,0.000664,0.000521,0.000340,0.000053,0.000070,0.000049,0.000033,0.000028,0.000027,0.000023,0.000030,0.000033,0.000018,0.000125,0.000211,0.000228
260,,,,,,,,,,,,,,0.000008,0.000272,0.000255,0.000237,0.000256,0.000276,0.000211,0.000144,0.000129,0.000140,0.000139,0.000140,0.000139,0.000114,0.000101,0.000109,0.000097,0.000099,0.000059,0.000090,0.000090,0.000075,0.000065,0.000056,0.000018,0.000035,0.000048,0.000052,0.000044,0.000032,0.000025,0.000022,0.000017,0.000006,0.000023,0.000041,0.000060
261,,,,,,,,,,,,,,0.000008,0.000226,0.000277,0.000353,0.000384,0.000359,0.000271,0.000162,0.000134,0.000136,0.000121,0.000108,0.000104,0.000087,0.000089,0.000093,0.000089,0.000111,0.000066,0.000094,0.000091,0.000083,0.000077,0.000053,0.000012,0.000024,0.000028,0.000024,0.000024,0.000016,0.000011,0.000013,0.000013,0.000010,0.000181,0.000219,0.000226
262,,,,,,,,,,,,,,0.000019,0.000339,0.000305,0.000289,0.000353,0.000307,0.000244,0.000168,0.000164,0.000149,0.000140,0.000144,0.000153,0.000153,0.000139,0.000142,0.000116,0.000147,0.000073,0.000135,0.000113,0.000106,0.000076,0.000053,0.000011,0.000029,0.000038,0.000037,0.000038,0.000038,0.000040,0.000030,0.000022,0.000003,0.000095,0.000290,0.000667
263,,,,,,,,,,,,,,0.000004,0.000098,0.000106,0.000140,0.000167,0.000176,0.000149,0.000120,0.000116,0.000107,0.000106,0.000094,0.000099,0.000094,0.000085,0.000083,0.000083,0.000084,0.000043,0.000061,0.000051,0.000045,0.000035,0.000023,0.000015,0.000031,0.000040,0.000040,0.000027,0.000025,0.000015,0.000008,0.000006,0.000008,0.000078,0.000118,0.000180
264,,,,,,,,,,,,,,0.000003,0.000091,0.000096,0.000106,0.000130,0.000138,0.000118,0.000090,0.000090,0.000103,0.000108,0.000106,0.000107,0.000095,0.000097,0.000102,0.000107,0.000121,0.000444,0.000159,0.000130,0.000112,0.000096,0.000068,0.000020,0.000030,0.000038,0.000037,0.000029,0.000032,0.000028,0.000020,0.000012,0.000003,0.000014,0.000019,0.000042
265,,,,,,,,,,,,,,0.000005,0.000156,0.000146,0.000158,0.000159,0.000153,0.000120,0.000087,0.000081,0.000072,0.000068,0.000080,0.000080,0.000084,0.000092,0.000096,0.000091,0.000086,0.000053,0.000078,0.000082,0.000073,0.000070,0.000048,0.000086,0.000143,0.000109,0.000071,0.000067,0.000055,0.000055,0.000030,0.000014,0.000007,0.000045,0.000088,0.000115
266,,,,,,,,,,,,,,0.000003,0.000066,0.000054,0.000052,0.000071,0.000069,0.000066,0.000053,0.000066,0.000072,0.000076,0.000070,0.000067,0.000089,0.000102,0.000071,0.000074,0.000070,0.000089,0.000082,0.000091,0.000088,0.000097,0.000093,0.000034,0.000058,0.000072,0.000075,0.000061,0.000072,0.000064,0.000045,0.000035,0.000016,0.000077,0.000169,0.000220
267,,,,,,,,,,,,,,0.000002,0.000096,0.000115,0.000135,0.000145,0.000141,0.000104,0.000059,0.000050,0.000042,0.000028,0.000025,0.000017,0.000009,0.000012,0.000009,0.000011,0.000017,0.000029,0.000037,0.000050,0.000063,0.000091,0.000115,0.000036,0.000174,0.000350,0.000467,0.000500,0.000517,0.000391,0.000231,0.000123,0.000016,0.000033,0.000055,0.000080
268,,,,,,,,,,,,,,0.000007,0.000160,0.000135,0.000112,0.000133,0.000140,0.000111,0.000083,0.000070,0.000070,0.000070,0.000066,0.000062,0.000058,0.000055,0.000048,0.000041,0.000044,0.000028,0.000047,0.000046,0.000049,0.000057,0.000042,0.000056,0.000051,0.000072,0.000078,0.000065,0.000061,0.000070,0.000059,0.000048,0.000007,0.000070,0.000375,0.000595
269,,,,,,,,,,,,,,0.000005,0.000085,0.000092,0.000112,0.000176,0.000260,0.000257,0.000153,0.000161,0.000176,0.000191,0.000211,0.000248,0.000243,0.000230,0.000227,0.000212,0.000213,0.000098,0.000164,0.000157,0.000128,0.000093,0.000063,0.000023,0.000050,0.000046,0.000046,0.000040,0.000038,0.000041,0.000039,0.000042,0.000010,0.000045,0.000069,0.000133
270,,,,,,,,,,,,,,0.000003,0.000079,0.000079,0.000094,0.000111,0.000121,0.000113,0.000082,0.000078,0.000085,0.000090,0.000094,0.000109,0.000112,0.000132,0.000154,0.000187,0.000256,0.000137,0.000280,0.000278,0.000256,0.000238,0.000198,0.000039,0.000095,0.000164,0.000196,0.000154,0.000106,0.000080,0.000054,0.000034,0.000003,0.000015,0.000027,0.000035
271,,,,,,,,,,,,,,0.000001,0.000029,0.000022,0.000030,0.000040,0.000062,0.000066,0.000069,0.000100,0.000135,0.000182,0.000241,0.000305,0.000371,0.000454,0.000537,0.000545,0.000663,0.000332,0.000629,0.000587,0.000575,0.000535,0.000445,0.000085,0.000143,0.000164,0.000174,0.000148,0.000121,0.000099,0.000063,0.000045,0.000008,0.000030,0.000041,0.000042
272,,,,,,,,,,,,,,0.000003,0.000063,0.000049,0.000034,0.000037,0.000033,0.000030,0.000029,0.000033,0.000039,0.000038,0.000033,0.000037,0.000033,0.000029,0.000027,0.000060,0.000042,0.000088,0.000057,0.000055,0.000064,0.000055,0.000052,0.000036,0.000044,0.000047,0.000050,0.000062,0.000067,0.000074,0.000082,0.000120,0.000046,0.000121,0.000247,0.000301
273,,,,,,,,,,,,,,0.000002,0.000063,0.000067,0.000077,0.000094,0.000083,0.000075,0.000045,0.000046,0.000034,0.000023,0.000022,0.000016,0.000014,0.000011,0.000006,0.000002,0.000002,0.000010,0.000022,0.000060,0.000119,0.000212,0.000257,0.000074,0.000306,0.000523,0.000559,0.000479,0.000376,0.000277,0.000154,0.000089,0.000012,0.000044,0.000084,0.000085
274,,,,,,,,,,,,,,0.000003,0.000073,0.000086,0.000134,0.000271,0.000450,0.000590,0.000661,0.000869,0.001123,0.001371,0.001529,0.001580,0.001502,0.001415,0.001352,0.001110,0.001131,0.000512,0.000888,0.000799,0.000676,0.000592,0.000427,0.000069,0.000177,0.000176,0.000152,0.000111,0.000077,0.000047,0.000030,0.000026,0.000004,0.000031,0.000047,0.000074
275,,,,,,,,,,,,,,0.000004,0.000085,0.000089,0.000100,0.000114,0.000120,0.000104,0.000086,0.000120,0.000131,0.000109,0.000105,0.000112,0.000109,0.000096,0.000083,0.000068,0.000083,0.000045,0.000087,0.000092,0.000089,0.000083,0.000080,0.000148,0.000068,0.000073,0.000062,0.000055,0.000046,0.000039,0.000024,0.000017,0.000004,0.000027,0.000062,0.000087
276,,,,,,,,,,,,,,0.000001,0.000039,0.000039,0.000042,0.000077,0.000145,0.000202,0.000178,0.000228,0.000287,0.000255,0.000249,0.000263,0.000257,0.000254,0.000277,0.000323,0.000300,0.000411,0.000266,0.000245,0.000190,0.000158,0.000120,0.000042,0.000086,0.000081,0.000077,0.000064,0.000050,0.000042,0.000028,0.000023,0.000008,0.000059,0.000061,0.000064
277,,,,,,,,,,,,,,0.000002,0.000025,0.000028,0.000066,0.000077,0.000077,0.000072,0.000164,0.000074,0.000069,0.000064,0.000080,0.000093,0.000094,0.000074,0.000077,0.000065,0.000077,0.000048,0.000055,0.000043,0.000034,0.000037,0.000042,0.000016,0.000040,0.000089,0.000139,0.000174,0.000218,0.000197,0.000142,0.000108,0.000021,0.000057,0.000091,0.000095
278,,,,,,,,,,,,,,0.000002,0.000046,0.000040,0.000038,0.000046,0.000054,0.000065,0.000065,0.000076,0.000090,0.000083,0.000085,0.000087,0.000083,0.000078,0.000069,0.000060,0.000075,0.000052,0.000084,0.000080,0.000072,0.000055,0.000036,0.000017,0.000043,0.000069,0.000108,0.000153,0.000191,0.000183,0.000159,0.000168,0.000033,0.000085,0.000098,0.000098
279,,,,,,,,,,,,,,0.000008,0.000147,0.000128,0.000124,0.000135,0.000128,0.000110,0.000081,0.000074,0.000072,0.000067,0.000070,0.000073,0.000062,0.000057,0.000059,0.000056,0.000054,0.000033,0.000036,0.000034,0.000045,0.000049,0.000050,0.000010,0.000031,0.000045,0.000046,0.000042,0.000045,0.000037,0.000030,0.000023,0.000018,0.000221,0.000301,0.000327
280,,,,,,,,,,,,,,0.000002,0.000043,0.000039,0.000046,0.000056,0.000058,0.000055,0.000033,0.000029,0.000036,0.000035,0.000041,0.000047,0.000052,0.000061,0.000066,0.000071,0.000081,0.000054,0.000075,0.000087,0.000115,0.000173,0.000200,0.000112,0.000113,0.000170,0.000195,0.000134,0.000099,0.000075,0.000047,0.000031,0.000004,0.000024,0.000042,0.000056
281,,,,,,,,,,,,,,0.000013,0.000200,0.000195,0.000262,0.000278,0.000251,0.000197,0.000148,0.000141,0.000128,0.000091,0.000075,0.000073,0.000080,0.000064,0.000075,0.000080,0.000079,0.000057,0.000102,0.000105,0.000112,0.000108,0.000085,0.000028,0.000060,0.000065,0.000059,0.000041,0.000034,0.000025,0.000017,0.000013,0.000005,0.000043,0.000090,0.000188
282,,,,,,,,,,,,,,0.000003,0.000050,0.000045,0.000054,0.000067,0.000070,0.000064,0.000053,0.000044,0.000055,0.000054,0.000057,0.000061,0.000059,0.000063,0.000069,0.000076,0.000071,0.000227,0.000059,0.000041,0.000034,0.000027,0.000020,0.000086,0.000024,0.000030,0.000027,0.000027,0.000023,0.000017,0.000012,0.000009,0.000005,0.000034,0.000067,0.000128
283,,,,,,,,,,,,,,0.000003,0.000055,0.000050,0.000046,0.000054,0.000055,0.000053,0.000047,0.000049,0.000045,0.000042,0.000044,0.000046,0.000048,0.000045,0.000049,0.000043,0.000060,0.000038,0.000078,0.000083,0.000111,0.000140,0.000167,0.000092,0.000299,0.000374,0.000315,0.000263,0.000222,0.000201,0.000145,0.000101,0.000017,0.000123,0.000226,0.000272
284,,,,,,,,,,,,,,0.000004,0.000109,0.000088,0.000082,0.000084,0.000084,0.000078,0.000075,0.000074,0.000066,0.000049,0.000037,0.000037,0.000039,0.000038,0.000035,0.000040,0.000043,0.000064,0.000055,0.000052,0.000076,0.000070,0.000057,0.000142,0.000049,0.000048,0.000042,0.000037,0.000039,0.000035,0.000025,0.000018,0.000006,0.000052,0.000113,0.000192
285,,,,,,,,,,,,,,0.000003,0.000075,0.000069,0.000062,0.000069,0.000070,0.000100,0.000067,0.000059,0.000071,0.000069,0.000084,0.000094,0.000100,0.000104,0.000117,0.000105,0.000106,0.000183,0.000140,0.000105,0.000093,0.000082,0.000073,0.000080,0.000296,0.000328,0.000239,0.000189,0.000167,0.000130,0.000073,0.000042,0.000005,0.000032,0.000067,0.000073
286,,,,,,,,,,,,,,0.000018,0.000396,0.000424,0.000468,0.000542,0.000533,0.000416,0.000285,0.000282,0.000304,0.000313,0.000333,0.000356,0.000347,0.000370,0.000403,0.000360,0.000380,0.000182,0.000291,0.000264,0.000227,0.000184,0.000127,0.000038,0.000107,0.000147,0.000140,0.000134,0.000117,0.000103,0.000065,0.000036,0.000009,0.000118,0.000252,0.000371
287,,,,,,,,,,,,,,0.000007,0.000381,0.000508,0.000724,0.000992,0.001079,0.000893,0.000538,0.000434,0.000405,0.000378,0.000309,0.000285,0.000242,0.000241,0.000231,0.000208,0.000236,0.000121,0.000223,0.000215,0.000213,0.000192,0.000156,0.000030,0.000040,0.000042,0.000045,0.000043,0.000046,0.000057,0.000050,0.000042,0.000004,0.000023,0.000048,0.000084
288,,,,,,,,,,,,,,0.000002,0.000075,0.000080,0.000076,0.000106,0.000105,0.000089,0.000070,0.000060,0.000063,0.000064,0.000069,0.000069,0.000069,0.000067,0.000063,0.000058,0.000076,0.000052,0.000072,0.000084,0.000085,0.000084,0.000073,0.000080,0.000345,0.000361,0.000239,0.000191,0.000151,0.000122,0.000075,0.000055,0.000009,0.000054,0.000096,0.000112
289,,,,,,,,,,,,,,0.000003,0.000098,0.000136,0.000240,0.000416,0.000626,0.000722,0.000893,0.000826,0.000928,0.000981,0.001047,0.000976,0.000912,0.000852,0.000759,0.000528,0.000496,0.000213,0.000350,0.000326,0.000286,0.000242,0.000155,0.000027,0.000067,0.000077,0.000068,0.000059,0.000045,0.000032,0.000024,0.000017,0.000003,0.000025,0.000048,0.000060
290,,,,,,,,,,,,,,0.000003,0.000099,0.000102,0.000108,0.000133,0.000158,0.000163,0.000142,0.000214,0.000317,0.000467,0.000609,0.000794,0.000862,0.000968,0.001011,0.000882,0.000886,0.000384,0.000611,0.000529,0.000438,0.000362,0.000249,0.000039,0.000095,0.000100,0.000089,0.000072,0.000061,0.000048,0.000033,0.000022,0.000003,0.000022,0.000033,0.000044
291,,,,,,,,,,,,,,0.000003,0.000055,0.000051,0.000054,0.000058,0.000061,0.000052,0.000036,0.000029,0.000024,0.000026,0.000025,0.000028,0.000037,0.000061,0.000105,0.000182,0.000288,0.000346,0.000450,0.000432,0.000353,0.000323,0.000230,0.000034,0.000105,0.000168,0.000180,0.000153,0.000132,0.000107,0.000066,0.000042,0.000003,0.000018,0.000034,0.000045
292,,,,,,,,,,,,,,0.000002,0.000045,0.000039,0.000049,0.000038,0.000027,0.000015,0.000013,0.000011,0.000007,0.000006,0.000015,0.000026,0.000031,0.000037,0.000040,0.000046,0.000055,0.000052,0.000056,0.000054,0.000056,0.000056,0.000050,0.000032,0.000065,0.000063,0.000058,0.000058,0.000061,0.000078,0.000084,0.000072,0.000017,0.000086,0.000098,0.000086
293,,,,,,,,,,,,,,0.000003,0.000068,0.000079,0.000096,0.000111,0.000119,0.000105,0.000073,0.000064,0.000065,0.000074,0.000086,0.000100,0.000091,0.000094,0.000085,0.000072,0.000074,0.000046,0.000067,0.000074,0.000104,0.000181,0.000343,0.000291,0.000365,0.000204,0.000129,0.000103,0.000085,0.000076,0.000055,0.000044,0.000005,0.000040,0.000078,0.000089
294,,,,,,,,,,,,,,0.000005,0.000093,0.000086,0.000091,0.000102,0.000094,0.000068,0.000053,0.000047,0.000047,0.000049,0.000049,0.000058,0.000050,0.000056,0.000061,0.000065,0.000085,0.000073,0.000074,0.000064,0.000081,0.000091,0.000104,0.000140,0.000414,0.000360,0.000205,0.000126,0.000092,0.000063,0.000034,0.000020,0.000016,0.000129,0.000182,0.000218
295,,,,,,,,,,,,,,0.000019,0.000382,0.000370,0.000353,0.000432,0.000415,0.000329,0.000234,0.000201,0.000183,0.000165,0.000159,0.000148,0.000145,0.000123,0.000121,0.000102,0.000096,0.000055,0.000068,0.000051,0.000057,0.000036,0.000033,0.000019,0.000052,0.000059,0.000053,0.000040,0.000028,0.000016,0.000011,0.000005,0.000008,0.000133,0.000359,0.000755
296,,,,,,,,,,,,,,0.000005,0.000085,0.000092,0.000107,0.000120,0.000104,0.000077,0.000074,0.000070,0.000072,0.000075,0.000088,0.000092,0.000087,0.000080,0.000089,0.000083,0.000082,0.000049,0.000062,0.000051,0.000045,0.000031,0.000027,0.000011,0.000033,0.000057,0.000085,0.000096,0.000096,0.000090,0.000085,0.000091,0.000031,0.000271,0.000350,0.000382
297,,,,,,,,,,,,,,0.000003,0.000105,0.000123,0.000153,0.000197,0.000213,0.000203,0.000148,0.000147,0.000151,0.000149,0.000146,0.000135,0.000118,0.000114,0.000108,0.000092,0.000105,0.000051,0.000105,0.000107,0.000127,0.000139,0.000152,0.000039,0.000039,0.000033,0.000101,0.000140,0.000199,0.000255,0.000280,0.000239,0.000024,0.000089,0.000112,0.000115
298,,,,,,,,,,,,,,0.000008,0.000114,0.000133,0.000241,0.000300,0.000305,0.000227,0.000151,0.000119,0.000114,0.000104,0.000091,0.000094,0.000087,0.000065,0.000071,0.000073,0.000074,0.000042,0.000067,0.000059,0.000072,0.000065,0.000070,0.000022,0.000093,0.000148,0.000146,0.000128,0.000105,0.000090,0.000046,0.000027,0.000012,0.000330,0.000588,0.000762
299,,,,,,,,,,,,,,0.000004,0.000128,0.000152,0.000207,0.000308,0.000416,0.000479,0.000600,0.000545,0.000584,0.000532,0.000501,0.000446,0.000402,0.000333,0.000297,0.000239,0.000238,0.000113,0.000173,0.000154,0.000132,0.000111,0.000072,0.000020,0.000062,0.000083,0.000090,0.000051,0.000031,0.000023,0.000015,0.000008,0.000002,0.000053,0.000096,0.000131
300,,,,,,,,,,,,,,0.000005,0.000173,0.000188,0.000209,0.000259,0.000273,0.000234,0.000162,0.000159,0.000162,0.000171,0.000185,0.000210,0.000220,0.000223,0.000254,0.000270,0.000346,0.000184,0.000339,0.000314,0.000263,0.000184,0.000116,0.000028,0.000064,0.000062,0.000052,0.000035,0.000032,0.000034,0.000028,0.000018,0.000003,0.000051,0.000079,0.000102
301,,,,,,,,,,,,,,0.000001,0.000009,0.000002,0.000011,0.000049,0.000119,0.000191,0.000238,0.000335,0.000453,0.000609,0.000722,0.000858,0.000935,0.001023,0.001072,0.001026,0.001097,0.000516,0.000855,0.000793,0.000653,0.000571,0.000407,0.000075,0.000139,0.000156,0.000140,0.000111,0.000097,0.000081,0.000056,0.000034,0.000006,0.000024,0.000043,0.000037
302,,,,,,,,,,,,,,0.000006,0.000128,0.000113,0.000129,0.000134,0.000139,0.000115,0.000091,0.000120,0.000143,0.000120,0.000115,0.000102,0.000090,0.000091,0.000078,0.000067,0.000069,0.000037,0.000066,0.000070,0.000065,0.000064,0.000056,0.000075,0.000185,0.000217,0.000172,0.000090,0.000058,0.000031,0.000025,0.000016,0.000005,0.000030,0.000047,0.000060
303,,,,,,,,,,,,,,0.000005,0.000339,0.000550,0.000922,0.001262,0.001412,0.001185,0.000729,0.000596,0.000507,0.000411,0.000346,0.000307,0.000239,0.000243,0.000278,0.000344,0.000533,0.000376,0.001111,0.001438,0.001436,0.001374,0.000862,0.000103,0.000337,0.000402,0.000319,0.000238,0.000169,0.000119,0.000069,0.000030,0.000002,0.000031,0.000086,0.000114
304,,,,,,,,,,,,,,0.000002,0.000014,0.000007,0.000009,0.000031,0.000075,0.000115,0.000248,0.000253,0.000357,0.000383,0.000411,0.000451,0.000445,0.000378,0.000316,0.000252,0.000248,0.000129,0.000231,0.000219,0.000221,0.000302,0.000551,0.000327,0.000415,0.000269,0.000188,0.000141,0.000128,0.000123,0.000097,0.000084,0.000014,0.000046,0.000090,0.000084
305,,,,,,,,,,,,,,0.000002,0.000030,0.000022,0.000017,0.000038,0.000048,0.000057,0.000055,0.000047,0.000056,0.000061,0.000057,0.000056,0.000062,0.000054,0.000065,0.000072,0.000093,0.000068,0.000117,0.000136,0.000162,0.000219,0.000299,0.000145,0.000191,0.000166,0.000167,0.000175,0.000235,0.000212,0.000155,0.000165,0.000025,0.000083,0.000131,0.000132
306,,,,,,,,,,,,,,0.000003,0.000060,0.000061,0.000067,0.000082,0.000095,0.000080,0.000069,0.000081,0.000082,0.000086,0.000084,0.000085,0.000070,0.000066,0.000061,0.000047,0.000044,0.000033,0.000026,0.000027,0.000034,0.000027,0.000023,0.000018,0.000039,0.000040,0.000039,0.000040,0.000048,0.000059,0.000073,0.000076,0.000025,0.000071,0.000083,0.000106
307,,,,,,,,,,,,,,0.000006,0.000153,0.000141,0.000138,0.000163,0.000169,0.000135,0.000090,0.000087,0.000078,0.000077,0.000074,0.000083,0.000083,0.000083,0.000095,0.000102,0.000113,0.000058,0.000090,0.000084,0.000062,0.000047,0.000028,0.000014,0.000036,0.000049,0.000071,0.000079,0.000084,0.000081,0.000080,0.000113,0.000024,0.000152,0.000139,0.000131
308,,,,,,,,,,,,,,0.000002,0.000047,0.000043,0.000034,0.000049,0.000076,0.000065,0.000052,0.000050,0.000044,0.000050,0.000060,0.000061,0.000082,0.000103,0.000132,0.000155,0.000234,0.000231,0.000500,0.000688,0.000872,0.001032,0.000875,0.000170,0.000393,0.000428,0.000340,0.000242,0.000180,0.000142,0.000078,0.000048,0.000010,0.000050,0.000169,0.000303
309,,,,,,,,,,,,,,0.000002,0.000048,0.000045,0.000056,0.000063,0.000062,0.000050,0.000043,0.000042,0.000045,0.000049,0.000066,0.000089,0.000148,0.000228,0.000405,0.000655,0.000868,0.000738,0.001033,0.001031,0.000894,0.000687,0.000401,0.000065,0.000158,0.000189,0.000148,0.000092,0.000066,0.000038,0.000016,0.000007,0.000005,0.000034,0.000043,0.000059
310,,,,,,,,,,,,,,0.000002,0.000049,0.000058,0.000077,0.000099,0.000115,0.000096,0.000070,0.000053,0.000057,0.000053,0.000056,0.000047,0.000044,0.000046,0.000051,0.000044,0.000052,0.000080,0.000047,0.000043,0.000040,0.000039,0.000034,0.000034,0.000068,0.000082,0.000106,0.000144,0.000153,0.000158,0.000127,0.000099,0.000014,0.000056,0.000069,0.000075
311,,,,,,,,,,,,,,0.000002,0.000038,0.000041,0.000045,0.000049,0.000049,0.000049,0.000033,0.000029,0.000025,0.000022,0.000025,0.000025,0.000024,0.000028,0.000045,0.000051,0.000067,0.000037,0.000060,0.000055,0.000062,0.000066,0.000059,0.000019,0.000053,0.000106,0.000171,0.000239,0.000321,0.000414,0.000369,0.000283,0.000022,0.000063,0.000074,0.000061
312,,,,,,,,,,,,,,0.000003,0.000121,0.000117,0.000098,0.000092,0.000096,0.000079,0.000068,0.000068,0.000075,0.000070,0.000083,0.000097,0.000097,0.000112,0.000113,0.000094,0.000117,0.000074,0.000142,0.000147,0.000154,0.000177,0.000185,0.000100,0.000118,0.000108,0.000120,0.000120,0.000130,0.000132,0.000093,0.000052,0.000009,0.000020,0.000032,0.000057
313,,,,,,,,,,,,,,0.000001,0.000028,0.000018,0.000014,0.000024,0.000043,0.000056,0.000055,0.000073,0.000103,0.000144,0.000200,0.000286,0.000369,0.000500,0.000670,0.000767,0.000989,0.000629,0.001157,0.001244,0.001112,0.001029,0.000702,0.000107,0.000285,0.000325,0.000279,0.000217,0.000165,0.000122,0.000073,0.000050,0.000007,0.000027,0.000031,0.000021
314,,,,,,,,,,,,,,0.000002,0.000068,0.000126,0.000274,0.000567,0.000942,0.001165,0.001276,0.001402,0.001597,0.001762,0.001817,0.001794,0.001657,0.001513,0.001376,0.001137,0.001045,0.000458,0.000791,0.000747,0.000679,0.000606,0.000445,0.000075,0.000189,0.000229,0.000224,0.000181,0.000144,0.000121,0.000082,0.000058,0.000005,0.000011,0.000024,0.000027
315,,,,,,,,,,,,,,0.000004,0.000075,0.000070,0.000064,0.000072,0.000075,0.000066,0.000060,0.000074,0.000081,0.000087,0.000098,0.000100,0.000095,0.000081,0.000089,0.000078,0.000087,0.000053,0.000110,0.000125,0.000168,0.000154,0.000135,0.000036,0.000093,0.000102,0.000096,0.000055,0.000029,0.000018,0.000013,0.000011,0.000008,0.000078,0.000152,0.000214
316,,,,,,,,,,,,,,0.000002,0.000069,0.000107,0.000235,0.000504,0.000749,0.000888,0.000809,0.000937,0.001054,0.001111,0.001117,0.001073,0.001035,0.000915,0.000814,0.000547,0.000485,0.000194,0.000294,0.000267,0.000224,0.000199,0.000150,0.000032,0.000064,0.000072,0.000062,0.000047,0.000041,0.000039,0.000024,0.000015,0.000005,0.000032,0.000053,0.000060
317,,,,,,,,,,,,,,0.000001,0.000042,0.000041,0.000045,0.000067,0.000085,0.000087,0.000080,0.000113,0.000160,0.000225,0.000264,0.000304,0.000326,0.000331,0.000306,0.000274,0.000303,0.000191,0.000226,0.000167,0.000124,0.000117,0.000093,0.000014,0.000049,0.000078,0.000088,0.000084,0.000090,0.000086,0.000055,0.000038,0.000005,0.000035,0.000040,0.000038
318,,,,,,,,,,,,,,0.000005,0.000221,0.000337,0.000547,0.000840,0.001021,0.000903,0.000643,0.000500,0.000441,0.000370,0.000318,0.000289,0.000229,0.000222,0.000203,0.000169,0.000164,0.000081,0.000125,0.000126,0.000106,0.000092,0.000064,0.000025,0.000073,0.000113,0.000120,0.000133,0.000128,0.000094,0.000054,0.000025,0.000005,0.000079,0.000147,0.000161
319,,,,,,,,,,,,,,0.000015,0.000281,0.000268,0.000289,0.000380,0.000441,0.000392,0.000273,0.000219,0.000195,0.000168,0.000144,0.000118,0.000104,0.000073,0.000063,0.000042,0.000043,0.000015,0.000038,0.000043,0.000071,0.000099,0.000123,0.000034,0.000169,0.000283,0.000343,0.000335,0.000312,0.000292,0.000187,0.000099,0.000005,0.000025,0.000157,0.000382
320,,,,,,,,,,,,,,0.000001,0.000034,0.000031,0.000037,0.000056,0.000080,0.000100,0.000107,0.000165,0.000277,0.000447,0.000599,0.000770,0.000808,0.000816,0.000832,0.000670,0.000582,0.000246,0.000369,0.000332,0.000258,0.000228,0.000150,0.000030,0.000071,0.000087,0.000078,0.000061,0.000046,0.000038,0.000024,0.000016,0.000004,0.000028,0.000036,0.000052
321,,,,,,,,,,,,,,0.000010,0.000131,0.000113,0.000113,0.000130,0.000117,0.000095,0.000070,0.000074,0.000075,0.000072,0.000066,0.000070,0.000081,0.000065,0.000070,0.000056,0.000065,0.000033,0.000055,0.000040,0.000051,0.000041,0.000041,0.000025,0.000062,0.000065,0.000057,0.000050,0.000040,0.000037,0.000025,0.000020,0.000018,0.000373,0.000752,0.001025
322,,,,,,,,,,,,,,0.000014,0.000412,0.000353,0.000303,0.000353,0.000331,0.000265,0.000192,0.000186,0.000163,0.000152,0.000133,0.000128,0.000116,0.000103,0.000103,0.000091,0.000110,0.000061,0.000140,0.000192,0.000217,0.000255,0.000198,0.000041,0.000133,0.000206,0.000226,0.000201,0.000170,0.000150,0.000094,0.000058,0.000006,0.000067,0.000149,0.000174
323,,,,,,,,,,,,,,0.000002,0.000048,0.000044,0.000058,0.000058,0.000055,0.000039,0.000033,0.000031,0.000041,0.000043,0.000049,0.000054,0.000049,0.000056,0.000069,0.000074,0.000103,0.000059,0.000099,0.000086,0.000078,0.000081,0.000073,0.000069,0.000303,0.000344,0.000248,0.000185,0.000141,0.000103,0.000061,0.000044,0.000007,0.000040,0.000069,0.000083
324,,,,,,,,,,,,,,0.000003,0.000071,0.000066,0.000069,0.000085,0.000078,0.000072,0.000058,0.000051,0.000053,0.000047,0.000033,0.000033,0.000033,0.000038,0.000039,0.000039,0.000034,0.000042,0.000036,0.000029,0.000021,0.000029,0.000056,0.000031,0.000092,0.000172,0.000187,0.000157,0.000125,0.000105,0.000075,0.000086,0.000028,0.000114,0.000139,0.000143
325,,,,,,,,,,,,,,0.000004,0.000076,0.000057,0.000048,0.000040,0.000032,0.000028,0.000025,0.000025,0.000029,0.000032,0.000029,0.000027,0.000037,0.000043,0.000063,0.000068,0.000105,0.000106,0.000248,0.000393,0.000489,0.000559,0.000453,0.000080,0.000262,0.000343,0.000293,0.000222,0.000169,0.000124,0.000078,0.000061,0.000009,0.000032,0.000038,0.000049
326,,,,,,,,,,,,,,0.000010,0.000201,0.000244,0.000370,0.000443,0.000455,0.000338,0.000210,0.000180,0.000168,0.000162,0.000158,0.000184,0.000192,0.000240,0.000313,0.000362,0.000493,0.000302,0.000554,0.000541,0.000493,0.000469,0.000468,0.000194,0.000290,0.000242,0.000183,0.000114,0.000080,0.000051,0.000026,0.000012,0.000001,0.000021,0.000050,0.000091
327,,,,,,,,,,,,,,0.000005,0.000077,0.000074,0.000087,0.000136,0.000192,0.000250,0.000363,0.000404,0.000476,0.000524,0.000607,0.000611,0.000599,0.000582,0.000553,0.000433,0.000470,0.000219,0.000383,0.000378,0.000347,0.000345,0.000252,0.000049,0.000188,0.000241,0.000219,0.000159,0.000107,0.000066,0.000030,0.000012,0.000001,0.000031,0.000102,0.000183
328,,,,,,,,,,,,,,0.000003,0.000095,0.000092,0.000093,0.000121,0.000136,0.000121,0.000089,0.000077,0.000081,0.000076,0.000080,0.000067,0.000065,0.000074,0.000062,0.000064,0.000063,0.000048,0.000065,0.000082,0.000119,0.000197,0.000339,0.000245,0.000232,0.000119,0.000084,0.000062,0.000052,0.000044,0.000024,0.000016,0.000003,0.000040,0.000146,0.000212
329,,,,,,,,,,,,,,0.000008,0.000187,0.000176,0.000184,0.000199,0.000211,0.000189,0.000120,0.000115,0.000109,0.000120,0.000120,0.000122,0.000119,0.000100,0.000093,0.000080,0.000084,0.000055,0.000082,0.000071,0.000066,0.000050,0.000035,0.000018,0.000039,0.000036,0.000024,0.000018,0.000013,0.000014,0.000011,0.000012,0.000006,0.000042,0.000080,0.000097
330,,,,,,,,,,,,,,0.000007,0.000203,0.000252,0.000297,0.000361,0.000339,0.000276,0.000231,0.000191,0.000187,0.000151,0.000154,0.000142,0.000134,0.000119,0.000120,0.000095,0.000091,0.000072,0.000079,0.000092,0.000123,0.000106,0.000079,0.000083,0.000088,0.000087,0.000063,0.000053,0.000046,0.000027,0.000013,0.000006,0.000012,0.000188,0.000450,0.000522
331,,,,,,,,,,,,,,0.000006,0.000185,0.000191,0.000213,0.000260,0.000263,0.000209,0.000137,0.000128,0.000132,0.000132,0.000137,0.000150,0.000151,0.000141,0.000139,0.000117,0.000118,0.000055,0.000078,0.000071,0.000063,0.000058,0.000048,0.000104,0.000056,0.000065,0.000061,0.000049,0.000044,0.000040,0.000031,0.000023,0.000002,0.000026,0.000054,0.000078
332,,,,,,,,,,,,,,0.000003,0.000066,0.000091,0.000172,0.000334,0.000507,0.000597,0.000602,0.000524,0.000532,0.000543,0.000495,0.000433,0.000377,0.000343,0.000345,0.000329,0.000419,0.000230,0.000473,0.000459,0.000417,0.000351,0.000243,0.000056,0.000060,0.000043,0.000037,0.000030,0.000023,0.000021,0.000011,0.000010,0.000006,0.000087,0.000151,0.000188
333,,,,,,,,,,,,,,0.000009,0.000258,0.000203,0.000168,0.000215,0.000213,0.000179,0.000134,0.000117,0.000124,0.000123,0.000118,0.000113,0.000112,0.000114,0.000156,0.000168,0.000255,0.000374,0.000310,0.000312,0.000287,0.000250,0.000165,0.000037,0.000091,0.000114,0.000085,0.000071,0.000059,0.000045,0.000029,0.000022,0.000004,0.000038,0.000056,0.000084
334,,,,,,,,,,,,,,0.000007,0.000100,0.000093,0.000094,0.000112,0.000113,0.000097,0.000059,0.000063,0.000056,0.000050,0.000040,0.000041,0.000046,0.000053,0.000105,0.000109,0.000149,0.000122,0.000235,0.000261,0.000267,0.000241,0.000180,0.000049,0.000109,0.000100,0.000084,0.000065,0.000046,0.000036,0.000020,0.000011,0.000003,0.000024,0.000054,0.000114
335,,,,,,,,,,,,,,0.000012,0.000328,0.000278,0.000226,0.000226,0.000210,0.000168,0.000124,0.000107,0.000109,0.000108,0.000099,0.000099,0.000096,0.000097,0.000086,0.000083,0.000070,0.000049,0.000059,0.000055,0.000056,0.000046,0.000037,0.000070,0.000033,0.000032,0.000033,0.000026,0.000022,0.000020,0.000013,0.000008,0.000006,0.000033,0.000052,0.000084
336,,,,,,,,,,,,,,0.000002,0.000055,0.000047,0.000045,0.000054,0.000051,0.000041,0.000038,0.000047,0.000053,0.000052,0.000059,0.000062,0.000065,0.000082,0.000095,0.000083,0.000112,0.000068,0.000182,0.000223,0.000230,0.000217,0.000153,0.000029,0.000069,0.000096,0.000105,0.000110,0.000103,0.000108,0.000103,0.000110,0.000019,0.000052,0.000089,0.000092
337,,,,,,,,,,,,,,0.000003,0.000108,0.000119,0.000137,0.000157,0.000143,0.000109,0.000078,0.000051,0.000050,0.000035,0.000031,0.000013,0.000004,-0.000006,0.000002,-0.000005,0.000001,0.000011,0.000003,0.000009,0.000023,0.000030,0.000034,0.000031,0.000087,0.000107,0.000093,0.000089,0.000089,0.000084,0.000063,0.000053,0.000018,0.000101,0.000175,0.000199
338,,,,,,,,,,,,,,0.000005,0.000131,0.000135,0.000142,0.000172,0.000166,0.000140,0.000119,0.000103,0.000122,0.000114,0.000110,0.000115,0.000119,0.000116,0.000113,0.000094,0.000090,0.000044,0.000072,0.000068,0.000065,0.000065,0.000051,0.000017,0.000043,0.000042,0.000043,0.000049,0.000058,0.000063,0.000046,0.000028,0.000005,0.000082,0.000178,0.000216
339,,,,,,,,,,,,,,0.000010,0.000169,0.000158,0.000189,0.000211,0.000194,0.000152,0.000092,0.000088,0.000098,0.000084,0.000084,0.000078,0.000072,0.000075,0.000071,0.000071,0.000085,0.000053,0.000098,0.000116,0.000128,0.000143,0.000112,0.000029,0.000089,0.000146,0.000158,0.000163,0.000118,0.000082,0.000051,0.000038,0.000012,0.000062,0.000161,0.000241
340,,,,,,,,,,,,,,0.000004,0.000180,0.000243,0.000338,0.000499,0.000621,0.000695,0.000863,0.000844,0.000991,0.000909,0.000893,0.000812,0.000777,0.000662,0.000536,0.000463,0.000389,0.000165,0.000279,0.000266,0.000239,0.000218,0.000139,0.000024,0.000073,0.000099,0.000090,0.000071,0.000063,0.000049,0.000025,0.000013,0.000002,0.000027,0.000045,0.000062
341,,,,,,,,,,,,,,0.000002,0.000044,0.000039,0.000048,0.000077,0.000100,0.000113,0.000085,0.000116,0.000142,0.000147,0.000149,0.000145,0.000139,0.000144,0.000154,0.000140,0.000138,0.000077,0.000119,0.000101,0.000085,0.000079,0.000066,0.000017,0.000042,0.000075,0.000097,0.000122,0.000151,0.000144,0.000142,0.000103,0.000015,0.000047,0.000061,0.000069
342,,,,,,,,,,,,,,0.000009,0.000181,0.000197,0.000288,0.000489,0.000707,0.000758,0.000642,0.000687,0.000706,0.000660,0.000605,0.000515,0.000399,0.000338,0.000300,0.000235,0.000206,0.000114,0.000158,0.000141,0.000125,0.000097,0.000051,0.000020,0.000044,0.000040,0.000030,0.000025,0.000016,0.000003,0.000003,0.000004,0.000007,0.000158,0.000420,0.000787
343,,,,,,,,,,,,,,0.000004,0.000070,0.000062,0.000059,0.000070,0.000074,0.000077,0.000052,0.000066,0.000075,0.000080,0.000099,0.000107,0.000098,0.000105,0.000121,0.000114,0.000120,0.000081,0.000144,0.000139,0.000152,0.000161,0.000200,0.000208,0.000252,0.000179,0.000114,0.000068,0.000046,0.000030,0.000019,0.000022,0.000005,0.000031,0.000078,0.000120
344,,,,,,,,,,,,,,0.000008,0.000314,0.000307,0.000274,0.000341,0.000333,0.000237,0.000157,0.000141,0.000139,0.000136,0.000115,0.000119,0.000126,0.000125,0.000134,0.000126,0.000145,0.000072,0.000131,0.000130,0.000125,0.000110,0.000082,0.000023,0.000063,0.000094,0.000113,0.000091,0.000086,0.000072,0.000035,0.000018,0.000008,0.000098,0.000130,0.000177
345,,,,,,,,,,,,,,0.000003,0.000053,0.000048,0.000050,0.000066,0.000069,0.000066,0.000055,0.000043,0.000038,0.000033,0.000033,0.000025,0.000024,0.000038,0.000046,0.000054,0.000065,0.000303,0.000068,0.000072,0.000072,0.000080,0.000094,0.000100,0.000102,0.000074,0.000067,0.000057,0.000082,0.000074,0.000067,0.000061,0.000014,0.000061,0.000100,0.000100
346,,,,,,,,,,,,,,0.000004,0.000085,0.000076,0.000079,0.000092,0.000093,0.000080,0.000055,0.000050,0.000063,0.000054,0.000059,0.000057,0.000046,0.000049,0.000058,0.000057,0.000054,0.000028,0.000045,0.000044,0.000046,0.000046,0.000039,0.000027,0.000053,0.000042,0.000033,0.000028,0.000028,0.000028,0.000023,0.000024,0.000009,0.000103,0.000151,0.000207
347,,,,,,,,,,,,,,0.000003,0.000079,0.000059,0.000052,0.000047,0.000046,0.000046,0.000049,0.000041,0.000039,0.000042,0.000043,0.000037,0.000039,0.000047,0.000061,0.000075,0.000082,0.000369,0.000106,0.000106,0.000109,0.000093,0.000075,0.000127,0.000066,0.000071,0.000070,0.000061,0.000053,0.000042,0.000025,0.000018,0.000008,0.000036,0.000071,0.000092
348,,,,,,,,,,,,,,0.000002,0.000081,0.000080,0.000089,0.000118,0.000149,0.000127,0.000106,0.000096,0.000114,0.000136,0.000160,0.000194,0.000204,0.000207,0.000210,0.000187,0.000181,0.000091,0.000142,0.000131,0.000120,0.000120,0.000108,0.000044,0.000170,0.000284,0.000307,0.000213,0.000136,0.000078,0.000036,0.000019,0.000005,0.000080,0.000072,0.000092
349,,,,,,,,,,,,,,0.000002,0.000061,0.000058,0.000058,0.000098,0.000154,0.000225,0.000332,0.000365,0.000425,0.000477,0.000481,0.000464,0.000391,0.000346,0.000280,0.000209,0.000192,0.000086,0.000143,0.000131,0.000129,0.000119,0.000103,0.000032,0.000084,0.000142,0.000178,0.000120,0.000098,0.000069,0.000038,0.000021,0.000006,0.000028,0.000033,0.000034
350,,,,,,,,,,,,,,0.000004,0.000120,0.000094,0.000060,0.000077,0.000087,0.000074,0.000057,0.000060,0.000061,0.000058,0.000055,0.000060,0.000058,0.000062,0.000052,0.000048,0.000058,0.000064,0.000075,0.000075,0.000082,0.000079,0.000098,0.000090,0.000161,0.000176,0.000176,0.000106,0.000089,0.000076,0.000054,0.000046,0.000011,0.000057,0.000088,0.000134
351,,,,,,,,,,,,,,0.000003,0.000075,0.000094,0.000138,0.000175,0.000173,0.000124,0.000060,0.000044,0.000047,0.000023,0.000006,-0.000004,0.000001,0.000006,0.000016,0.000016,0.000038,0.000244,0.000060,0.000068,0.000078,0.000074,0.000063,0.000035,0.000083,0.000152,0.000221,0.000246,0.000230,0.000215,0.000129,0.000077,0.000013,0.000042,0.000055,0.000085
352,,,,,,,,,,,,,,0.000003,0.000073,0.000077,0.000101,0.000176,0.000261,0.000314,0.000263,0.000370,0.000466,0.000570,0.000597,0.000645,0.000612,0.000525,0.000496,0.000407,0.000393,0.000157,0.000238,0.000209,0.000147,0.000120,0.000076,0.000017,0.000046,0.000062,0.000065,0.000047,0.000033,0.000030,0.000022,0.000017,0.000004,0.000052,0.000086,0.000125
353,,,,,,,,,,,,,,0.000010,0.000094,0.000075,0.000071,0.000092,0.000104,0.000152,0.000226,0.000342,0.000478,0.000596,0.000753,0.000865,0.000892,0.000937,0.000967,0.000779,0.000755,0.000338,0.000525,0.000455,0.000361,0.000291,0.000200,0.000062,0.000110,0.000085,0.000059,0.000045,0.000035,0.000029,0.000023,0.000012,0.000009,0.000221,0.000463,0.000708
354,,,,,,,,,,,,,,0.000007,0.000096,0.000080,0.000071,0.000080,0.000064,0.000057,0.000048,0.000031,0.000036,0.000033,0.000039,0.000044,0.000046,0.000049,0.000064,0.000055,0.000055,0.000049,0.000050,0.000049,0.000048,0.000041,0.000038,0.000026,0.000041,0.000039,0.000043,0.000030,0.000027,0.000017,0.000015,0.000010,0.000017,0.000253,0.000420,0.000487
355,,,,,,,,,,,,,,0.000002,0.000038,0.000032,0.000030,0.000033,0.000025,0.000021,0.000022,0.000024,0.000030,0.000028,0.000027,0.000029,0.000032,0.000034,0.000044,0.000036,0.000034,0.000032,0.000037,0.000035,0.000039,0.000036,0.000035,0.000032,0.000064,0.000066,0.000065,0.000056,0.000056,0.000064,0.000087,0.000110,0.000033,0.000095,0.000115,0.000113
356,,,,,,,,,,,,,,0.000003,0.000183,0.000355,0.000610,0.001031,0.001264,0.001155,0.000824,0.000689,0.000661,0.000586,0.000522,0.000466,0.000370,0.000346,0.000441,0.000294,0.000286,0.000116,0.000211,0.000190,0.000177,0.000155,0.000107,0.000033,0.000063,0.000069,0.000067,0.000059,0.000046,0.000056,0.000050,0.000051,0.000006,0.000039,0.000026,0.000022
357,,,,,,,,,,,,,,0.000015,0.000369,0.000315,0.000275,0.000302,0.000316,0.000242,0.000191,0.000165,0.000171,0.000163,0.000159,0.000143,0.000128,0.000114,0.000106,0.000085,0.000085,0.000064,0.000080,0.000074,0.000069,0.000069,0.000048,0.000018,0.000059,0.000057,0.000053,0.000040,0.000028,0.000019,0.000011,0.000008,0.000005,0.000031,0.000052,0.000069
358,,,,,,,,,,,,,,0.000004,0.000110,0.000104,0.000103,0.000103,0.000103,0.000085,0.000059,0.000064,0.000071,0.000077,0.000085,0.000086,0.000083,0.000098,0.000133,0.000181,0.000275,0.000253,0.000614,0.000845,0.000942,0.000955,0.000643,0.000083,0.000262,0.000307,0.000239,0.000166,0.000113,0.000080,0.000049,0.000027,0.000005,0.000014,0.000013,0.000033
359,,,,,,,,,,,,,,0.000009,0.000149,0.000108,0.000101,0.000111,0.000123,0.000101,0.000068,0.000068,0.000062,0.000048,0.000047,0.000032,0.000025,0.000032,0.000042,0.000039,0.000041,0.000031,0.000044,0.000070,0.000113,0.000132,0.000118,0.000043,0.000085,0.000091,0.000108,0.000140,0.000176,0.000202,0.000216,0.000197,0.000029,0.000221,0.000715,0.000962
360,,,,,,,,,,,,,,0.000002,0.000054,0.000065,0.000083,0.000121,0.000151,0.000143,0.000137,0.000129,0.000138,0.000142,0.000145,0.000141,0.000123,0.000126,0.000112,0.000097,0.000100,0.000049,0.000090,0.000105,0.000101,0.000098,0.000075,0.000014,0.000040,0.000068,0.000102,0.000110,0.000116,0.000115,0.000098,0.000109,0.000028,0.000100,0.000291,0.000411
361,,,,,,,,,,,,,,0.000004,0.000170,0.000224,0.000292,0.000430,0.000496,0.000480,0.000384,0.000351,0.000319,0.000310,0.000295,0.000264,0.000228,0.000238,0.000229,0.000219,0.000231,0.000127,0.000307,0.000280,0.000266,0.000239,0.000193,0.000031,0.000091,0.000139,0.000154,0.000132,0.000101,0.000076,0.000047,0.000024,0.000004,0.000028,0.000064,0.000104
362,,,,,,,,,,,,,,0.000010,0.000204,0.000192,0.000198,0.000219,0.000233,0.000178,0.000119,0.000164,0.000147,0.000146,0.000137,0.000130,0.000116,0.000116,0.000147,0.000199,0.000205,0.000152,0.000232,0.000216,0.000204,0.000166,0.000140,0.000052,0.000073,0.000044,0.000036,0.000033,0.000041,0.000047,0.000037,0.000034,0.000008,0.000033,0.000052,0.000031
363,,,,,,,,,,,,,,0.000004,0.000204,0.000231,0.000265,0.000330,0.000342,0.000260,0.000163,0.000143,0.000132,0.000131,0.000128,0.000127,0.000122,0.000112,0.000104,0.000090,0.000103,0.000067,0.000123,0.000126,0.000147,0.000159,0.000162,0.000035,0.000197,0.000426,0.000599,0.000600,0.000516,0.000344,0.000156,0.000068,0.000005,0.000024,0.000038,0.000045
364,,,,,,,,,,,,,,0.000005,0.000112,0.000126,0.000243,0.000264,0.000264,0.000185,0.000119,0.000117,0.000123,0.000127,0.000126,0.000132,0.000125,0.000118,0.000124,0.000098,0.000112,0.000071,0.000112,0.000099,0.000088,0.000089,0.000070,0.000023,0.000049,0.000056,0.000046,0.000041,0.000046,0.000040,0.000027,0.000015,0.000002,0.000086,0.000148,0.000221
365,,,,,,,,,,,,,,0.000009,0.000202,0.000196,0.000206,0.000253,0.000243,0.000212,0.000159,0.000147,0.000152,0.000130,0.000124,0.000127,0.000122,0.000128,0.000144,0.000147,0.000155,0.000110,0.000162,0.000148,0.000135,0.000130,0.000084,0.000037,0.000076,0.000068,0.000054,0.000038,0.000025,0.000013,0.000006,0.000005,0.000012,0.000097,0.000187,0.000246
366,,,,,,,,,,,,,,0.000017,0.000330,0.000336,0.000355,0.000420,0.000387,0.000305,0.000228,0.000185,0.000180,0.000162,0.000164,0.000164,0.000178,0.000159,0.000162,0.000135,0.000145,0.000073,0.000125,0.000124,0.000137,0.000117,0.000067,0.000020,0.000059,0.000071,0.000065,0.000049,0.000030,0.000021,0.000012,0.000007,0.000004,0.000128,0.000442,0.000927
367,,,,,,,,,,,,,,0.000007,0.000283,0.000432,0.000668,0.001024,0.001300,0.001186,0.000929,0.000774,0.000803,0.000774,0.000719,0.000687,0.000601,0.000539,0.000492,0.000404,0.000387,0.000184,0.000304,0.000295,0.000258,0.000229,0.000157,0.000032,0.000087,0.000113,0.000103,0.000085,0.000066,0.000044,0.000024,0.000010,0.000002,0.000038,0.000077,0.000112
368,,,,,,,,,,,,,,0.000006,0.000158,0.000155,0.000169,0.000231,0.000257,0.000255,0.000210,0.000218,0.000256,0.000259,0.000254,0.000245,0.000220,0.000197,0.000172,0.000149,0.000170,0.000086,0.000148,0.000140,0.000135,0.000148,0.000135,0.000059,0.000081,0.000110,0.000110,0.000103,0.000093,0.000075,0.000046,0.000027,0.000003,0.000039,0.000070,0.000086
369,,,,,,,,,,,,,,0.000002,0.000051,0.000057,0.000080,0.000114,0.000153,0.000159,0.000363,0.000187,0.000223,0.000138,0.000150,0.000152,0.000173,0.000182,0.000121,0.000094,0.000099,0.000069,0.000096,0.000128,0.000149,0.000173,0.000147,0.000038,0.000124,0.000200,0.000218,0.000189,0.000167,0.000132,0.000097,0.000077,0.000010,0.000040,0.000080,0.000093
370,,,,,,,,,,,,,,0.000002,0.000082,0.000090,0.000108,0.000148,0.000158,0.000141,0.000107,0.000109,0.000121,0.000133,0.000147,0.000163,0.000171,0.000204,0.000251,0.000286,0.000388,0.000471,0.000679,0.000851,0.000850,0.000838,0.000556,0.000076,0.000250,0.000286,0.000216,0.000145,0.000093,0.000063,0.000032,0.000015,0.000003,0.000026,0.000045,0.000061
371,,,,,,,,,,,,,,0.000025,0.000394,0.000342,0.000336,0.000349,0.000300,0.000234,0.000152,0.000133,0.000137,0.000126,0.000130,0.000132,0.000124,0.000124,0.000116,0.000104,0.000124,0.000079,0.000123,0.000118,0.000102,0.000078,0.000061,0.000021,0.000041,0.000055,0.000054,0.000051,0.000049,0.000045,0.000024,0.000013,0.000006,0.000047,0.000089,0.000155
372,,,,,,,,,,,,,,0.000002,0.000029,0.000025,0.000051,0.000085,0.000151,0.000210,0.000294,0.000258,0.000290,0.000265,0.000296,0.000235,0.000176,0.000144,0.000128,0.000105,0.000101,0.000066,0.000089,0.000084,0.000075,0.000063,0.000040,0.000016,0.000024,0.000034,0.000033,0.000028,0.000024,0.000021,0.000020,0.000017,0.000009,0.000063,0.000075,0.000091
373,,,,,,,,,,,,,,0.000003,0.000086,0.000091,0.000100,0.000108,0.000085,0.000056,0.000029,0.000024,0.000020,0.000005,0.000002,-0.000003,0.000006,0.000018,0.000037,0.000034,0.000040,0.000025,0.000044,0.000050,0.000059,0.000088,0.000134,0.000057,0.000131,0.000207,0.000254,0.000263,0.000270,0.000273,0.000232,0.000224,0.000043,0.000094,0.000113,0.000122
374,,,,,,,,,,,,,,0.000003,0.000073,0.000076,0.000106,0.000136,0.000142,0.000116,0.000079,0.000070,0.000068,0.000080,0.000084,0.000091,0.000093,0.000083,0.000085,0.000069,0.000066,0.000060,0.000038,0.000026,0.000022,0.000017,0.000025,0.000045,0.000047,0.000062,0.000076,0.000092,0.000094,0.000111,0.000112,0.000106,0.000021,0.000106,0.000178,0.000223
375,,,,,,,,,,,,,,0.000009,0.000248,0.000222,0.000220,0.000271,0.000231,0.000200,0.000131,0.000142,0.000157,0.000162,0.000148,0.000159,0.000159,0.000135,0.000129,0.000115,0.000112,0.000053,0.000084,0.000074,0.000066,0.000062,0.000055,0.000015,0.000033,0.000051,0.000058,0.000055,0.000047,0.000037,0.000025,0.000016,0.000004,0.000034,0.000069,0.000102
376,,,,,,,,,,,,,,0.000002,0.000030,0.000025,0.000064,0.000106,0.000140,0.000135,0.000095,0.000095,0.000093,0.000090,0.000087,0.000083,0.000082,0.000074,0.000070,0.000057,0.000069,0.000061,0.000121,0.000151,0.000185,0.000219,0.000234,0.000162,0.000328,0.000263,0.000198,0.000148,0.000125,0.000112,0.000077,0.000056,0.000011,0.000047,0.000076,0.000088
377,,,,,,,,,,,,,,0.000009,0.000217,0.000188,0.000177,0.000202,0.000182,0.000132,0.000077,0.000069,0.000091,0.000094,0.000084,0.000100,0.000092,0.000082,0.000085,0.000074,0.000093,0.000058,0.000086,0.000093,0.000117,0.000126,0.000107,0.000024,0.000059,0.000079,0.000080,0.000076,0.000091,0.000094,0.000069,0.000051,0.000010,0.000168,0.000293,0.000347
378,,,,,,,,,,,,,,0.000011,0.000179,0.000165,0.000170,0.000210,0.000197,0.000164,0.000119,0.000110,0.000119,0.000116,0.000116,0.000121,0.000119,0.000114,0.000122,0.000093,0.000102,0.000053,0.000080,0.000069,0.000079,0.000073,0.000062,0.000020,0.000042,0.000031,0.000025,0.000021,0.000020,0.000011,0.000003,0.000002,0.000018,0.000408,0.000634,0.000792
379,,,,,,,,,,,,,,0.000006,0.000161,0.000159,0.000174,0.000178,0.000182,0.000154,0.000097,0.000090,0.000088,0.000078,0.000079,0.000070,0.000054,0.000068,0.000079,0.000068,0.000084,0.000056,0.000071,0.000068,0.000061,0.000060,0.000042,0.000022,0.000043,0.000054,0.000048,0.000044,0.000035,0.000027,0.000015,0.000011,0.000006,0.000034,0.000056,0.000070
380,,,,,,,,,,,,,,0.000003,0.000066,0.000081,0.000100,0.000124,0.000130,0.000101,0.000069,0.000109,0.000149,0.000144,0.000156,0.000177,0.000251,0.000291,0.000359,0.000609,0.000447,0.000588,0.000343,0.000305,0.000228,0.000189,0.000113,0.000023,0.000054,0.000065,0.000061,0.000059,0.000092,0.000076,0.000048,0.000032,0.000005,0.000039,0.000066,0.000091
381,,,,,,,,,,,,,,0.000006,0.000184,0.000152,0.000163,0.000176,0.000189,0.000155,0.000109,0.000110,0.000111,0.000112,0.000109,0.000123,0.000128,0.000135,0.000150,0.000122,0.000141,0.000079,0.000134,0.000145,0.000188,0.000239,0.000258,0.000059,0.000111,0.000084,0.000080,0.000078,0.000066,0.000056,0.000031,0.000023,0.000003,0.000054,0.000362,0.000567
382,,,,,,,,,,,,,,0.000002,0.000045,0.000041,0.000042,0.000053,0.000078,0.000080,0.000082,0.000095,0.000102,0.000103,0.000110,0.000129,0.000122,0.000137,0.000154,0.000166,0.000229,0.000168,0.000488,0.000727,0.000879,0.000952,0.000696,0.000116,0.000356,0.000396,0.000316,0.000230,0.000164,0.000123,0.000075,0.000048,0.000007,0.000028,0.000034,0.000029
383,,,,,,,,,,,,,,0.000013,0.000237,0.000204,0.000182,0.000199,0.000128,0.000110,0.000082,0.000063,0.000070,0.000064,0.000072,0.000079,0.000088,0.000106,0.000120,0.000135,0.000158,0.000089,0.000148,0.000144,0.000132,0.000126,0.000091,0.000028,0.000048,0.000062,0.000055,0.000051,0.000049,0.000040,0.000026,0.000023,0.000007,0.000044,0.000153,0.000290
384,,,,,,,,,,,,,,0.000009,0.000102,0.000077,0.000069,0.000088,0.000085,0.000081,0.000053,0.000059,0.000052,0.000046,0.000046,0.000036,0.000040,0.000038,0.000051,0.000066,0.000072,0.000049,0.000074,0.000074,0.000112,0.000152,0.000243,0.000067,0.000101,0.000135,0.000164,0.000179,0.000193,0.000179,0.000137,0.000090,0.000022,0.000353,0.000603,0.000834
385,,,,,,,,,,,,,,0.000005,0.000147,0.000145,0.000170,0.000186,0.000221,0.000188,0.000128,0.000129,0.000148,0.000167,0.000188,0.000218,0.000227,0.000243,0.000245,0.000213,0.000213,0.000103,0.000173,0.000174,0.000174,0.000189,0.000148,0.000046,0.000047,0.000051,0.000047,0.000040,0.000038,0.000031,0.000025,0.000023,0.000003,0.000035,0.000050,0.000056
386,,,,,,,,,,,,,,0.000003,0.000079,0.000089,0.000155,0.000154,0.000123,0.000089,0.000064,0.000060,0.000069,0.000077,0.000068,0.000059,0.000057,0.000057,0.000056,0.000059,0.000054,0.000048,0.000059,0.000064,0.000067,0.000064,0.000051,0.000030,0.000044,0.000061,0.000125,0.000107,0.000105,0.000102,0.000085,0.000067,0.000012,0.000044,0.000047,0.000049
387,,,,,,,,,,,,,,0.000003,0.000088,0.000092,0.000096,0.000130,0.000130,0.000111,0.000081,0.000073,0.000078,0.000076,0.000063,0.000068,0.000063,0.000074,0.000078,0.000071,0.000068,0.000051,0.000079,0.000071,0.000064,0.000059,0.000050,0.000035,0.000178,0.000272,0.000199,0.000145,0.000112,0.000074,0.000041,0.000023,0.000005,0.000047,0.000099,0.000124
388,,,,,,,,,,,,,,0.000004,0.000094,0.000083,0.000073,0.000094,0.000093,0.000083,0.000071,0.000069,0.000074,0.000075,0.000079,0.000083,0.000072,0.000070,0.000064,0.000044,0.000047,0.000024,0.000033,0.000031,0.000031,0.000028,0.000018,0.000021,0.000070,0.000091,0.000092,0.000100,0.000105,0.000098,0.000070,0.000045,0.000008,0.000093,0.000185,0.000217
389,,,,,,,,,,,,,,0.000005,0.000046,0.000026,0.000032,0.000029,0.000015,0.000029,0.000025,0.000052,0.000092,0.000146,0.000196,0.000264,0.000288,0.000343,0.000358,0.000334,0.000357,0.000258,0.000344,0.000355,0.000325,0.000291,0.000201,0.000045,0.000109,0.000149,0.000164,0.000168,0.000175,0.000167,0.000172,0.000179,0.000047,0.000177,0.000270,0.000268
390,,,,,,,,,,,,,,0.000003,0.000076,0.000082,0.000108,0.000179,0.000239,0.000280,0.000347,0.000237,0.000233,0.000231,0.000233,0.000217,0.000203,0.000221,0.000246,0.000184,0.000188,0.000084,0.000144,0.000145,0.000146,0.000155,0.000143,0.000027,0.000077,0.000125,0.000159,0.000165,0.000178,0.000172,0.000117,0.000096,0.000011,0.000051,0.000101,0.000115
391,,,,,,,,,,,,,,0.000003,0.000074,0.000066,0.000072,0.000082,0.000084,0.000073,0.000049,0.000053,0.000065,0.000082,0.000093,0.000098,0.000084,0.000074,0.000064,0.000063,0.000069,0.000042,0.000080,0.000101,0.000124,0.000160,0.000191,0.000131,0.000187,0.000181,0.000137,0.000097,0.000075,0.000057,0.000035,0.000024,0.000004,0.000023,0.000038,0.000057
392,,,,,,,,,,,,,,0.000003,0.000053,0.000053,0.000084,0.000097,0.000094,0.000076,0.000046,0.000056,0.000056,0.000059,0.000054,0.000067,0.000070,0.000073,0.000060,0.000057,0.000065,0.000026,0.000055,0.000056,0.000063,0.000061,0.000062,0.000012,0.000050,0.000110,0.000164,0.000214,0.000268,0.000314,0.000252,0.000158,0.000011,0.000062,0.000087,0.000110
393,,,,,,,,,,,,,,0.000001,0.000028,0.000030,0.000034,0.000050,0.000052,0.000057,0.000058,0.000076,0.000129,0.000198,0.000271,0.000378,0.000452,0.000543,0.000653,0.000606,0.000654,0.000298,0.000491,0.000403,0.000315,0.000246,0.000165,0.000031,0.000074,0.000079,0.000070,0.000053,0.000051,0.000043,0.000028,0.000022,0.000008,0.000068,0.000075,0.000096
394,,,,,,,,,,,,,,0.000008,0.000249,0.000240,0.000233,0.000239,0.000224,0.000182,0.000120,0.000121,0.000128,0.000134,0.000149,0.000164,0.000153,0.000160,0.000163,0.000140,0.000143,0.000063,0.000113,0.000116,0.000110,0.000119,0.000117,0.000021,0.000109,0.000207,0.000246,0.000176,0.000143,0.000097,0.000057,0.000032,0.000003,0.000019,0.000051,0.000089
395,,,,,,,,,,,,,,0.000003,0.000093,0.000107,0.000139,0.000185,0.000203,0.000161,0.000109,0.000110,0.000113,0.000114,0.000124,0.000134,0.000129,0.000128,0.000139,0.000134,0.000136,0.000077,0.000128,0.000130,0.000129,0.000144,0.000221,0.000191,0.000206,0.000114,0.000081,0.000078,0.000073,0.000079,0.000064,0.000051,0.000005,0.000035,0.000068,0.000078
396,,,,,,,,,,,,,,0.000003,0.000065,0.000052,0.000045,0.000057,0.000070,0.000069,0.000065,0.000054,0.000061,0.000058,0.000062,0.000074,0.000079,0.000065,0.000067,0.000057,0.000067,0.000041,0.000055,0.000053,0.000041,0.000028,0.000024,0.000018,0.000039,0.000043,0.000061,0.000067,0.000066,0.000055,0.000046,0.000052,0.000016,0.000069,0.000105,0.000123
397,,,,,,,,,,,,,,0.000007,0.000130,0.000121,0.000117,0.000149,0.000136,0.000122,0.000092,0.000086,0.000103,0.000103,0.000105,0.000112,0.000119,0.000143,0.000159,0.000159,0.000218,0.000134,0.000254,0.000259,0.000254,0.000246,0.000214,0.000050,0.000076,0.000084,0.000087,0.000081,0.000084,0.000087,0.000068,0.000042,0.000005,0.000163,0.000282,0.000335
398,,,,,,,,,,,,,,0.000002,0.000105,0.000196,0.000484,0.000710,0.000864,0.000688,0.000474,0.000386,0.000322,0.000274,0.000250,0.000239,0.000198,0.000173,0.000161,0.000137,0.000128,0.000074,0.000111,0.000126,0.000119,0.000116,0.000104,0.000030,0.000060,0.000103,0.000142,0.000146,0.000084,0.000046,0.000026,0.000017,0.000004,0.000025,0.000036,0.000046
399,,,,,,,,,,,,,,0.000008,0.000139,0.000142,0.000185,0.000243,0.000264,0.000238,0.000175,0.000195,0.000202,0.000189,0.000170,0.000165,0.000161,0.000163,0.000176,0.000206,0.000285,0.000225,0.000537,0.000629,0.000615,0.000564,0.000342,0.000053,0.000138,0.000152,0.000131,0.000117,0.000116,0.000062,0.000031,0.000013,0.000005,0.000053,0.000089,0.000105
400,,,,,,,,,,,,,,0.000005,0.000065,0.000058,0.000059,0.000067,0.000058,0.000051,0.000058,0.000051,0.000060,0.000057,0.000059,0.000062,0.000067,0.000061,0.000065,0.000058,0.000056,0.000032,0.000057,0.000061,0.000070,0.000075,0.000085,0.000029,0.000053,0.000060,0.000055,0.000043,0.000037,0.000024,0.000023,0.000021,0.000009,0.000243,0.000516,0.000614
401,,,,,,,,,,,,,,0.000003,0.000083,0.000083,0.000084,0.000106,0.000106,0.000092,0.000078,0.000075,0.000081,0.000096,0.000099,0.000103,0.000093,0.000100,0.000089,0.000074,0.000085,0.000046,0.000085,0.000076,0.000075,0.000062,0.000051,0.000024,0.000126,0.000334,0.000502,0.000546,0.000491,0.000350,0.000150,0.000051,0.000004,0.000039,0.000078,0.000104
402,,,,,,,,,,,,,,0.000003,0.000108,0.000101,0.000128,0.000202,0.000281,0.000300,0.000243,0.000286,0.000327,0.000359,0.000367,0.000370,0.000327,0.000302,0.000294,0.000259,0.000253,0.000297,0.000180,0.000152,0.000128,0.000113,0.000089,0.000020,0.000040,0.000038,0.000039,0.000036,0.000030,0.000037,0.000034,0.000023,0.000003,0.000030,0.000054,0.000093
403,,,,,,,,,,,,,,0.000005,0.000095,0.000085,0.000084,0.000102,0.000103,0.000078,0.000056,0.000057,0.000074,0.000072,0.000068,0.000072,0.000085,0.000086,0.000084,0.000076,0.000084,0.000051,0.000083,0.000088,0.000092,0.000085,0.000052,0.000019,0.000059,0.000079,0.000083,0.000088,0.000089,0.000069,0.000047,0.000028,0.000005,0.000071,0.000139,0.000171
404,,,,,,,,,,,,,,0.000002,0.000055,0.000073,0.000116,0.000194,0.000275,0.000313,0.000481,0.000272,0.000285,0.000287,0.000255,0.000219,0.000182,0.000161,0.000143,0.000118,0.000106,0.000073,0.000082,0.000077,0.000071,0.000067,0.000047,0.000036,0.000030,0.000039,0.000038,0.000027,0.000023,0.000013,0.000007,0.000005,0.000004,0.000039,0.000070,0.000095
405,,,,,,,,,,,,,,0.000003,0.000061,0.000065,0.000080,0.000094,0.000085,0.000076,0.000052,0.000051,0.000058,0.000064,0.000058,0.000068,0.000068,0.000066,0.000076,0.000068,0.000067,0.000048,0.000069,0.000073,0.000065,0.000066,0.000065,0.000022,0.000057,0.000071,0.000104,0.000136,0.000147,0.000164,0.000151,0.000109,0.000018,0.000077,0.000105,0.000153
406,,,,,,,,,,,,,,0.000007,0.000121,0.000104,0.000094,0.000113,0.000109,0.000091,0.000063,0.000063,0.000071,0.000074,0.000053,0.000044,0.000043,0.000040,0.000025,0.000025,0.000024,0.000018,0.000038,0.000040,0.000047,0.000050,0.000034,0.000016,0.000026,0.000032,0.000026,0.000025,0.000028,0.000023,0.000017,0.000012,0.000004,0.000039,0.000101,0.000180
407,,,,,,,,,,,,,,0.000002,0.000026,0.000024,0.000022,0.000043,0.000052,0.000044,0.000043,0.000048,0.000070,0.000080,0.000103,0.000120,0.000160,0.000182,0.000225,0.000333,0.000436,0.000282,0.000613,0.000660,0.000691,0.000694,0.000541,0.000092,0.000245,0.000308,0.000280,0.000211,0.000155,0.000122,0.000088,0.000055,0.000009,0.000032,0.000058,0.000078
408,,,,,,,,,,,,,,0.000007,0.000335,0.000329,0.000325,0.000358,0.000350,0.000241,0.000137,0.000114,0.000096,0.000083,0.000062,0.000048,0.000033,0.000027,0.000030,0.000032,0.000033,0.000033,0.000043,0.000050,0.000054,0.000060,0.000053,0.000014,0.000041,0.000075,0.000114,0.000147,0.000186,0.000217,0.000189,0.000143,0.000015,0.000039,0.000053,0.000048
409,,,,,,,,,,,,,,0.000002,0.000051,0.000056,0.000080,0.000095,0.000105,0.000097,0.000076,0.000076,0.000098,0.000121,0.000134,0.000160,0.000198,0.000234,0.000276,0.000292,0.000395,0.000234,0.000481,0.000490,0.000477,0.000435,0.000358,0.000068,0.000084,0.000072,0.000067,0.000063,0.000050,0.000048,0.000032,0.000021,0.000003,0.000020,0.000025,0.000050
410,,,,,,,,,,,,,,0.000006,0.000111,0.000099,0.000090,0.000107,0.000093,0.000074,0.000057,0.000060,0.000078,0.000069,0.000060,0.000066,0.000072,0.000068,0.000081,0.000070,0.000069,0.000043,0.000066,0.000066,0.000063,0.000054,0.000037,0.000018,0.000039,0.000044,0.000039,0.000035,0.000030,0.000036,0.000026,0.000026,0.000014,0.000114,0.000202,0.000263
411,,,,,,,,,,,,,,0.000003,0.000084,0.000089,0.000109,0.000136,0.000147,0.000114,0.000089,0.000076,0.000080,0.000075,0.000080,0.000099,0.000098,0.000098,0.000099,0.000081,0.000091,0.000053,0.000069,0.000061,0.000054,0.000058,0.000066,0.000103,0.000266,0.000231,0.000136,0.000101,0.000082,0.000050,0.000029,0.000016,0.000004,0.000061,0.000101,0.000122
412,,,,,,,,,,,,,,0.000012,0.000316,0.000290,0.000280,0.000299,0.000284,0.000229,0.000151,0.000128,0.000129,0.000136,0.000140,0.000136,0.000115,0.000123,0.000129,0.000135,0.000149,0.000108,0.000225,0.000281,0.000299,0.000301,0.000209,0.000037,0.000099,0.000109,0.000092,0.000059,0.000039,0.000030,0.000018,0.000007,0.000003,0.000024,0.000027,0.000052
413,,,,,,,,,,,,,,0.000006,0.000075,0.000057,0.000056,0.000056,0.000051,0.000047,0.000030,0.000024,0.000015,0.000019,0.000029,0.000025,0.000022,0.000016,0.000012,0.000021,0.000016,0.000031,0.000087,0.000192,0.000367,0.000579,0.000687,0.000234,0.000533,0.000710,0.000625,0.000430,0.000297,0.000208,0.000105,0.000050,0.000009,0.000096,0.000150,0.000183
414,,,,,,,,,,,,,,0.000005,0.000250,0.000246,0.000220,0.000283,0.000267,0.000195,0.000134,0.000124,0.000121,0.000126,0.000111,0.000113,0.000110,0.000109,0.000119,0.000097,0.000102,0.000074,0.000082,0.000074,0.000061,0.000054,0.000037,0.000011,0.000027,0.000036,0.000039,0.000039,0.000050,0.000016,0.000011,0.000010,0.000006,0.000058,0.000094,0.000116
415,,,,,,,,,,,,,,0.000006,0.000198,0.000201,0.000172,0.000179,0.000192,0.000165,0.000116,0.000098,0.000112,0.000094,0.000095,0.000100,0.000102,0.000113,0.000111,0.000114,0.000135,0.000091,0.000185,0.000211,0.000275,0.000356,0.000460,0.000137,0.000113,0.000047,0.000055,0.000057,0.000063,0.000070,0.000071,0.000056,0.000014,0.000125,0.000149,0.000156
416,,,,,,,,,,,,,,0.000003,0.000045,0.000034,0.000038,0.000035,0.000046,0.000047,0.000044,0.000066,0.000099,0.000101,0.000113,0.000121,0.000138,0.000178,0.000239,0.000224,0.000245,0.000143,0.000195,0.000180,0.000170,0.000151,0.000114,0.000044,0.000087,0.000114,0.000194,0.000127,0.000101,0.000086,0.000055,0.000040,0.000005,0.000041,0.000060,0.000081
417,,,,,,,,,,,,,,0.000010,0.000398,0.000533,0.000699,0.000929,0.000913,0.000747,0.000510,0.000445,0.000408,0.000370,0.000321,0.000309,0.000289,0.000270,0.000276,0.000292,0.000350,0.000197,0.000316,0.000244,0.000187,0.000128,0.000079,0.000025,0.000049,0.000061,0.000082,0.000081,0.000087,0.000081,0.000072,0.000048,0.000007,0.000020,0.000031,0.000043
418,,,,,,,,,,,,,,0.000008,0.000152,0.000133,0.000115,0.000124,0.000101,0.000082,0.000057,0.000049,0.000057,0.000051,0.000049,0.000052,0.000042,0.000045,0.000042,0.000040,0.000043,0.000037,0.000044,0.000041,0.000039,0.000043,0.000042,0.000017,0.000034,0.000046,0.000046,0.000043,0.000054,0.000046,0.000061,0.000067,0.000017,0.000080,0.000129,0.000117
419,,,,,,,,,,,,,,0.000014,0.000349,0.000300,0.000268,0.000303,0.000313,0.000286,0.000232,0.000243,0.000274,0.000306,0.000318,0.000319,0.000285,0.000268,0.000261,0.000245,0.000229,0.000101,0.000147,0.000135,0.000102,0.000092,0.000060,0.000012,0.000023,0.000025,0.000032,0.000031,0.000033,0.000040,0.000034,0.000026,0.000003,0.000038,0.000073,0.000091
420,,,,,,,,,,,,,,0.000002,0.000053,0.000061,0.000064,0.000087,0.000091,0.000081,0.000059,0.000064,0.000058,0.000057,0.000065,0.000067,0.000066,0.000065,0.000080,0.000072,0.000071,0.000043,0.000085,0.000098,0.000139,0.000206,0.000267,0.000066,0.000296,0.000444,0.000415,0.000290,0.000182,0.000113,0.000055,0.000027,0.000004,0.000029,0.000055,0.000056
421,,,,,,,,,,,,,,0.000008,0.000145,0.000154,0.000184,0.000237,0.000238,0.000210,0.000139,0.000142,0.000142,0.000144,0.000133,0.000143,0.000143,0.000131,0.000139,0.000121,0.000131,0.000071,0.000111,0.000089,0.000072,0.000064,0.000047,0.000008,0.000052,0.000083,0.000086,0.000070,0.000061,0.000044,0.000033,0.000020,0.000018,0.000235,0.000313,0.000393
422,,,,,,,,,,,,,,0.000005,0.000123,0.000130,0.000150,0.000191,0.000202,0.000172,0.000121,0.000118,0.000128,0.000142,0.000149,0.000160,0.000165,0.000165,0.000186,0.000197,0.000277,0.000204,0.000489,0.000702,0.000835,0.000935,0.000713,0.000107,0.000339,0.000389,0.000300,0.000214,0.000158,0.000112,0.000064,0.000034,0.000002,0.000025,0.000050,0.000086
423,,,,,,,,,,,,,,0.000003,0.000048,0.000047,0.000056,0.000065,0.000076,0.000074,0.000063,0.000049,0.000055,0.000055,0.000059,0.000081,0.000084,0.000079,0.000086,0.000165,0.000112,0.000069,0.000119,0.000137,0.000163,0.000205,0.000288,0.000114,0.000122,0.000059,0.000043,0.000038,0.000032,0.000024,0.000013,0.000006,0.000005,0.000052,0.000074,0.000097
424,,,,,,,,,,,,,,0.000002,0.000038,0.000029,0.000024,0.000028,0.000033,0.000033,0.000034,0.000028,0.000028,0.000036,0.000035,0.000039,0.000048,0.000053,0.000078,0.000144,0.000195,0.000193,0.000444,0.000561,0.000633,0.000607,0.000442,0.000073,0.000226,0.000270,0.000224,0.000151,0.000111,0.000078,0.000044,0.000024,0.000003,0.000012,0.000033,0.000057
425,,,,,,,,,,,,,,0.000005,0.000149,0.000171,0.000215,0.000274,0.000277,0.000227,0.000172,0.000138,0.000161,0.000185,0.000186,0.000197,0.000188,0.000188,0.000210,0.000192,0.000233,0.000137,0.000273,0.000298,0.000279,0.000253,0.000168,0.000028,0.000095,0.000129,0.000114,0.000101,0.000086,0.000067,0.000040,0.000021,0.000004,0.000077,0.000248,0.000384
426,,,,,,,,,,,,,,0.000003,0.000084,0.000080,0.000093,0.000127,0.000173,0.000227,0.000344,0.000343,0.000401,0.000401,0.000473,0.000446,0.000504,0.000430,0.000318,0.000257,0.000256,0.000103,0.000196,0.000162,0.000129,0.000110,0.000074,0.000019,0.000047,0.000063,0.000068,0.000063,0.000057,0.000050,0.000029,0.000016,0.000003,0.000020,0.000050,0.000085
427,,,,,,,,,,,,,,0.000008,0.000209,0.000214,0.000270,0.000283,0.000278,0.000203,0.000119,0.000130,0.000139,0.000146,0.000140,0.000133,0.000120,0.000113,0.000118,0.000113,0.000107,0.000052,0.000076,0.000066,0.000056,0.000039,0.000031,0.000038,0.000025,0.000032,0.000039,0.000040,0.000031,0.000026,0.000036,0.000060,0.000010,0.000057,0.000126,0.000206
428,,,,,,,,,,,,,,0.000005,0.000118,0.000113,0.000118,0.000139,0.000145,0.000115,0.000090,0.000071,0.000089,0.000092,0.000102,0.000109,0.000095,0.000096,0.000107,0.000105,0.000097,0.000067,0.000088,0.000083,0.000084,0.000064,0.000041,0.000030,0.000108,0.000134,0.000140,0.000135,0.000114,0.000086,0.000052,0.000029,0.000007,0.000098,0.000183,0.000210
429,,,,,,,,,,,,,,0.000003,0.000133,0.000174,0.000234,0.000379,0.000479,0.000505,0.000473,0.000535,0.000541,0.000552,0.000527,0.000414,0.000345,0.000271,0.000235,0.000185,0.000178,0.000095,0.000144,0.000127,0.000116,0.000113,0.000085,0.000022,0.000051,0.000067,0.000060,0.000043,0.000037,0.000027,0.000015,0.000009,0.000004,0.000033,0.000036,0.000062
430,,,,,,,,,,,,,,0.000004,0.000109,0.000107,0.000123,0.000148,0.000149,0.000128,0.000103,0.000101,0.000104,0.000106,0.000119,0.000122,0.000111,0.000114,0.000108,0.000081,0.000083,0.000082,0.000079,0.000077,0.000069,0.000048,0.000032,0.000034,0.000047,0.000036,0.000026,0.000020,0.000018,0.000008,0.000007,0.000008,0.000014,0.000076,0.000114,0.000163
431,,,,,,,,,,,,,,0.000003,0.000044,0.000047,0.000056,0.000066,0.000069,0.000065,0.000052,0.000049,0.000063,0.000070,0.000075,0.000083,0.000075,0.000077,0.000082,0.000068,0.000075,0.000045,0.000063,0.000057,0.000062,0.000098,0.000215,0.000159,0.000382,0.000275,0.000167,0.000117,0.000086,0.000069,0.000045,0.000035,0.000007,0.000038,0.000066,0.000067
432,,,,,,,,,,,,,,0.000002,0.000046,0.000046,0.000049,0.000072,0.000094,0.000110,0.000106,0.000135,0.000171,0.000194,0.000227,0.000244,0.000219,0.000237,0.000204,0.000153,0.000126,0.000054,0.000058,0.000052,0.000070,0.000102,0.000109,0.000051,0.000188,0.000254,0.000234,0.000230,0.000228,0.000247,0.000209,0.000166,0.000017,0.000050,0.000094,0.000142
433,,,,,,,,,,,,,,0.000003,0.000052,0.000052,0.000056,0.000068,0.000062,0.000049,0.000028,0.000036,0.000033,0.000040,0.000035,0.000037,0.000055,0.000066,0.000066,0.000092,0.000137,0.000141,0.000439,0.000641,0.000781,0.000830,0.000612,0.000087,0.000272,0.000306,0.000252,0.000175,0.000131,0.000098,0.000056,0.000031,0.000003,0.000019,0.000039,0.000058
434,,,,,,,,,,,,,,0.000002,0.000055,0.000061,0.000064,0.000069,0.000080,0.000065,0.000050,0.000050,0.000067,0.000087,0.000102,0.000125,0.000130,0.000137,0.000137,0.000129,0.000139,0.000083,0.000169,0.000215,0.000295,0.000360,0.000346,0.000075,0.000078,0.000055,0.000055,0.000051,0.000044,0.000043,0.000043,0.000054,0.000012,0.000042,0.000066,0.000062
435,,,,,,,,,,,,,,0.000005,0.000101,0.000101,0.000107,0.000129,0.000116,0.000088,0.000063,0.000054,0.000064,0.000066,0.000063,0.000063,0.000052,0.000042,0.000041,0.000030,0.000025,0.000015,0.000024,0.000026,0.000027,0.000035,0.000037,0.000015,0.000035,0.000044,0.000042,0.000036,0.000038,0.000035,0.000023,0.000018,0.000004,0.000080,0.000375,0.000539
436,,,,,,,,,,,,,,0.000003,0.000076,0.000101,0.000171,0.000316,0.000453,0.000519,0.000469,0.000531,0.000607,0.000669,0.000721,0.000739,0.000678,0.000685,0.000656,0.000545,0.000538,0.000232,0.000399,0.000367,0.000295,0.000251,0.000166,0.000027,0.000082,0.000100,0.000093,0.000072,0.000047,0.000034,0.000019,0.000010,0.000001,0.000031,0.000048,0.000078
437,,,,,,,,,,,,,,0.000003,0.000052,0.000081,0.000282,0.000285,0.000261,0.000171,0.000093,0.000092,0.000098,0.000079,0.000076,0.000085,0.000080,0.000071,0.000059,0.000075,0.000078,0.000082,0.000068,0.000060,0.000068,0.000070,0.000076,0.000053,0.000120,0.000173,0.000191,0.000167,0.000139,0.000099,0.000053,0.000032,0.000014,0.000080,0.000096,0.000112
438,,,,,,,,,,,,,,0.000002,0.000056,0.000047,0.000047,0.000050,0.000048,0.000041,0.000041,0.000038,0.000039,0.000041,0.000038,0.000041,0.000043,0.000049,0.000055,0.000055,0.000054,0.000053,0.000052,0.000050,0.000049,0.000049,0.000037,0.000024,0.000041,0.000052,0.000062,0.000054,0.000049,0.000047,0.000038,0.000034,0.000010,0.000068,0.000073,0.000075
439,,,,,,,,,,,,,,0.000004,0.000107,0.000104,0.000101,0.000117,0.000113,0.000081,0.000052,0.000052,0.000056,0.000069,0.000083,0.000092,0.000112,0.000124,0.000154,0.000143,0.000178,0.000085,0.000158,0.000148,0.000134,0.000097,0.000077,0.000016,0.000033,0.000043,0.000047,0.000040,0.000041,0.000045,0.000043,0.000036,0.000004,0.000036,0.000062,0.000071
440,,,,,,,,,,,,,,0.000004,0.000084,0.000074,0.000088,0.000102,0.000101,0.000070,0.000053,0.000043,0.000053,0.000052,0.000043,0.000042,0.000056,0.000056,0.000058,0.000052,0.000049,0.000033,0.000056,0.000062,0.000079,0.000122,0.000146,0.000055,0.000196,0.000329,0.000355,0.000266,0.000196,0.000131,0.000067,0.000045,0.000008,0.000076,0.000084,0.000067
441,,,,,,,,,,,,,,0.000008,0.000185,0.000171,0.000175,0.000175,0.000168,0.000113,0.000087,0.000079,0.000071,0.000071,0.000066,0.000058,0.000063,0.000057,0.000069,0.000057,0.000055,0.000047,0.000045,0.000051,0.000054,0.000063,0.000050,0.000033,0.000055,0.000057,0.000058,0.000043,0.000050,0.000059,0.000065,0.000112,0.000021,0.000060,0.000091,0.000129
442,,,,,,,,,,,,,,0.000003,0.000273,0.000437,0.000723,0.001093,0.001334,0.001271,0.000880,0.000731,0.000660,0.000566,0.000489,0.000436,0.000337,0.000313,0.000278,0.000218,0.000210,0.000098,0.000164,0.000145,0.000127,0.000124,0.000092,0.000018,0.000050,0.000074,0.000078,0.000075,0.000072,0.000054,0.000042,0.000033,0.000004,0.000015,0.000031,0.000035
443,,,,,,,,,,,,,,0.000002,0.000040,0.000042,0.000054,0.000069,0.000075,0.000078,0.000071,0.000060,0.000070,0.000079,0.000077,0.000078,0.000081,0.000085,0.000107,0.000115,0.000132,0.000096,0.000188,0.000234,0.000225,0.000232,0.000176,0.000052,0.000128,0.000177,0.000175,0.000175,0.000139,0.000085,0.000048,0.000025,0.000008,0.000041,0.000063,0.000081
444,,,,,,,,,,,,,,0.000003,0.000118,0.000130,0.000165,0.000285,0.000411,0.000452,0.000367,0.000504,0.000601,0.000662,0.000629,0.000626,0.000557,0.000581,0.000537,0.000488,0.000552,0.000279,0.000453,0.000406,0.000339,0.000285,0.000202,0.000034,0.000071,0.000065,0.000068,0.000070,0.000070,0.000066,0.000061,0.000044,0.000004,0.000038,0.000060,0.000078
445,,,,,,,,,,,,,,0.000013,0.000216,0.000192,0.000195,0.000203,0.000187,0.000142,0.000097,0.000074,0.000078,0.000072,0.000064,0.000070,0.000070,0.000066,0.000055,0.000042,0.000043,0.000029,0.000047,0.000046,0.000056,0.000064,0.000064,0.000012,0.000039,0.000059,0.000055,0.000042,0.000036,0.000034,0.000032,0.000033,0.000007,0.000074,0.000146,0.000218
446,,,,,,,,,,,,,,0.000002,0.000049,0.000059,0.000072,0.000092,0.000097,0.000082,0.000066,0.000057,0.000064,0.000070,0.000072,0.000078,0.000073,0.000075,0.000092,0.000099,0.000130,0.000067,0.000145,0.000143,0.000123,0.000137,0.000162,0.000022,0.000064,0.000103,0.000113,0.000088,0.000064,0.000051,0.000039,0.000027,0.000004,0.000023,0.000035,0.000053
447,,,,,,,,,,,,,,0.000009,0.000122,0.000097,0.000089,0.000102,0.000099,0.000077,0.000059,0.000077,0.000079,0.000079,0.000068,0.000077,0.000111,0.000152,0.000156,0.000093,0.000108,0.000066,0.000110,0.000102,0.000111,0.000098,0.000078,0.000017,0.000056,0.000082,0.000082,0.000082,0.000084,0.000067,0.000049,0.000035,0.000009,0.000282,0.000851,0.001232
448,,,,,,,,,,,,,,0.000003,0.000066,0.000049,0.000042,0.000058,0.000069,0.000074,0.000090,0.000115,0.000194,0.000284,0.000372,0.000489,0.000538,0.000573,0.000668,0.000569,0.000594,0.000295,0.000456,0.000400,0.000344,0.000286,0.000189,0.000031,0.000090,0.000112,0.000102,0.000082,0.000070,0.000059,0.000043,0.000033,0.000006,0.000026,0.000079,0.000136
449,,,,,,,,,,,,,,0.000002,0.000078,0.000117,0.000163,0.000239,0.000282,0.000251,0.000184,0.000176,0.000191,0.000198,0.000195,0.000207,0.000196,0.000199,0.000197,0.000184,0.000197,0.000084,0.000169,0.000154,0.000151,0.000152,0.000154,0.000032,0.000133,0.000281,0.000396,0.000423,0.000416,0.000396,0.000261,0.000149,0.000009,0.000031,0.000072,0.000081
450,,,,,,,,,,,,,,0.000002,0.000043,0.000036,0.000045,0.000052,0.000059,0.000055,0.000059,0.000041,0.000046,0.000044,0.000048,0.000045,0.000040,0.000043,0.000050,0.000043,0.000042,0.000043,0.000055,0.000053,0.000067,0.000105,0.000287,0.000161,0.000120,0.000074,0.000059,0.000045,0.000041,0.000039,0.000032,0.000026,0.000010,0.000069,0.000125,0.000137
451,,,,,,,,,,,,,,0.000003,0.000103,0.000124,0.000228,0.000275,0.000311,0.000264,0.000201,0.000216,0.000232,0.000246,0.000275,0.000325,0.000327,0.000352,0.000365,0.000321,0.000340,0.000173,0.000237,0.000205,0.000160,0.000136,0.000097,0.000027,0.000060,0.000090,0.000122,0.000104,0.000090,0.000066,0.000032,0.000012,0.000002,0.000028,0.000053,0.000071
452,,,,,,,,,,,,,,0.000005,0.000087,0.000067,0.000071,0.000089,0.000085,0.000071,0.000058,0.000058,0.000057,0.000057,0.000064,0.000067,0.000070,0.000090,0.000108,0.000163,0.000299,0.000294,0.000738,0.000979,0.001006,0.000897,0.000540,0.000074,0.000205,0.000215,0.000162,0.000112,0.000078,0.000050,0.000029,0.000013,0.000003,0.000026,0.000055,0.000077
453,,,,,,,,,,,,,,0.000003,0.000076,0.000073,0.000075,0.000094,0.000089,0.000082,0.000077,0.000088,0.000122,0.000171,0.000259,0.000376,0.000438,0.000551,0.000650,0.000596,0.000608,0.000265,0.000434,0.000385,0.000292,0.000245,0.000150,0.000029,0.000090,0.000122,0.000119,0.000106,0.000097,0.000084,0.000056,0.000034,0.000007,0.000062,0.000146,0.000183
454,,,,,,,,,,,,,,0.000003,0.000057,0.000059,0.000068,0.000090,0.000092,0.000088,0.000064,0.000078,0.000083,0.000081,0.000085,0.000099,0.000109,0.000107,0.000123,0.000122,0.000141,0.000077,0.000129,0.000126,0.000127,0.000123,0.000101,0.000023,0.000049,0.000059,0.000054,0.000048,0.000038,0.000038,0.000029,0.000026,0.000010,0.000072,0.000096,0.000124
455,,,,,,,,,,,,,,0.000014,0.000362,0.000323,0.000303,0.000347,0.000357,0.000273,0.000195,0.000188,0.000205,0.000196,0.000183,0.000194,0.000178,0.000163,0.000144,0.000132,0.000143,0.000086,0.000161,0.000182,0.000190,0.000176,0.000111,0.000020,0.000052,0.000067,0.000065,0.000049,0.000038,0.000022,0.000013,0.000009,0.000002,0.000023,0.000061,0.000085
456,,,,,,,,,,,,,,0.000005,0.000123,0.000126,0.000130,0.000167,0.000184,0.000185,0.000141,0.000173,0.000197,0.000199,0.000201,0.000224,0.000222,0.000197,0.000186,0.000163,0.000175,0.000091,0.000147,0.000131,0.000117,0.000108,0.000081,0.000020,0.000058,0.000071,0.000058,0.000049,0.000036,0.000033,0.000024,0.000017,0.000002,0.000023,0.000053,0.000088
457,,,,,,,,,,,,,,0.000004,0.000081,0.000102,0.000278,0.000238,0.000214,0.000126,0.000074,0.000069,0.000062,0.000062,0.000058,0.000046,0.000042,0.000031,0.000030,0.000018,0.000016,0.000042,0.000045,0.000060,0.000098,0.000140,0.000178,0.000098,0.000095,0.000069,0.000070,0.000063,0.000056,0.000060,0.000059,0.000039,0.000015,0.000071,0.000106,0.000139
458,,,,,,,,,,,,,,0.000002,0.000107,0.000173,0.000320,0.000378,0.000352,0.000260,0.000162,0.000149,0.000137,0.000126,0.000117,0.000109,0.000098,0.000097,0.000098,0.000095,0.000094,0.000072,0.000089,0.000075,0.000064,0.000053,0.000041,0.000021,0.000049,0.000080,0.000070,0.000062,0.000049,0.000035,0.000018,0.000014,0.000004,0.000023,0.000036,0.000040
459,,,,,,,,,,,,,,0.000014,0.000322,0.000279,0.000273,0.000294,0.000290,0.000221,0.000153,0.000134,0.000139,0.000142,0.000131,0.000121,0.000115,0.000112,0.000123,0.000096,0.000114,0.000059,0.000104,0.000102,0.000093,0.000084,0.000058,0.000016,0.000049,0.000063,0.000059,0.000045,0.000042,0.000039,0.000026,0.000018,0.000003,0.000033,0.000063,0.000089
460,,,,,,,,,,,,,,0.000001,-0.000015,-0.000012,0.000027,0.000116,0.000262,0.000390,0.000469,0.000587,0.000767,0.000893,0.000974,0.000997,0.000940,0.000833,0.000736,0.000594,0.000546,0.000274,0.000419,0.000411,0.000342,0.000285,0.000190,0.000035,0.000133,0.000219,0.000262,0.000261,0.000269,0.000262,0.000218,0.000151,0.000018,0.000051,0.000100,0.000142
461,,,,,,,,,,,,,,0.000009,0.000589,0.000888,0.001165,0.001465,0.001420,0.001078,0.000619,0.000497,0.000445,0.000406,0.000371,0.000356,0.000309,0.000308,0.000283,0.000233,0.000228,0.000103,0.000162,0.000148,0.000118,0.000104,0.000071,0.000017,0.000033,0.000038,0.000035,0.000034,0.000025,0.000025,0.000025,0.000021,0.000004,0.000017,0.000045,0.000068
462,,,,,,,,,,,,,,0.000005,0.000167,0.000161,0.000154,0.000168,0.000142,0.000121,0.000087,0.000057,0.000060,0.000064,0.000064,0.000079,0.000092,0.000101,0.000108,0.000117,0.000125,0.000069,0.000104,0.000103,0.000114,0.000152,0.000204,0.000091,0.000180,0.000174,0.000178,0.000114,0.000069,0.000032,0.000015,0.000014,0.000008,0.000033,0.000060,0.000070
463,,,,,,,,,,,,,,0.000002,0.000056,0.000062,0.000075,0.000090,0.000100,0.000092,0.000074,0.000087,0.000123,0.000175,0.000249,0.000348,0.000408,0.000465,0.000553,0.000600,0.000574,0.000262,0.000466,0.000355,0.000278,0.000217,0.000146,0.000025,0.000059,0.000077,0.000064,0.000055,0.000049,0.000039,0.000025,0.000016,0.000003,0.000023,0.000036,0.000040
464,,,,,,,,,,,,,,0.000002,0.000047,0.000058,0.000086,0.000113,0.000125,0.000116,0.000081,0.000088,0.000103,0.000114,0.000120,0.000131,0.000127,0.000143,0.000159,0.000148,0.000158,0.000082,0.000163,0.000163,0.000178,0.000207,0.000195,0.000042,0.000220,0.000428,0.000529,0.000494,0.000395,0.000303,0.000150,0.000071,0.000005,0.000028,0.000041,0.000062
465,,,,,,,,,,,,,,0.000003,0.000066,0.000078,0.000110,0.000151,0.000209,0.000254,0.000359,0.000330,0.000427,0.000456,0.000540,0.000558,0.000506,0.000497,0.000386,0.000258,0.000228,0.000100,0.000165,0.000153,0.000132,0.000113,0.000093,0.000035,0.000069,0.000084,0.000141,0.000062,0.000042,0.000021,0.000012,0.000010,0.000004,0.000024,0.000053,0.000063
466,,,,,,,,,,,,,,0.000005,0.000162,0.000153,0.000162,0.000202,0.000214,0.000207,0.000149,0.000272,0.000252,0.000302,0.000332,0.000371,0.000421,0.000400,0.000411,0.000347,0.000372,0.000167,0.000278,0.000246,0.000227,0.000191,0.000148,0.000025,0.000058,0.000068,0.000062,0.000065,0.000058,0.000049,0.000035,0.000023,0.000003,0.000023,0.000031,0.000048
467,,,,,,,,,,,,,,0.000003,0.000062,0.000064,0.000072,0.000098,0.000100,0.000086,0.000067,0.000057,0.000060,0.000063,0.000075,0.000075,0.000070,0.000061,0.000071,0.000070,0.000089,0.000049,0.000091,0.000081,0.000086,0.000081,0.000080,0.000021,0.000043,0.000052,0.000046,0.000040,0.000041,0.000045,0.000037,0.000025,0.000006,0.000091,0.000141,0.000151
468,,,,,,,,,,,,,,0.000005,0.000159,0.000174,0.000228,0.000359,0.000481,0.000530,0.000442,0.000444,0.000507,0.000557,0.000591,0.000631,0.000624,0.000660,0.000659,0.000591,0.000618,0.000290,0.000410,0.000340,0.000273,0.000218,0.000134,0.000023,0.000071,0.000077,0.000063,0.000045,0.000034,0.000025,0.000013,0.000010,0.000001,0.000022,0.000053,0.000120
469,,,,,,,,,,,,,,0.000007,0.000176,0.000156,0.000157,0.000187,0.000193,0.000168,0.000119,0.000130,0.000142,0.000153,0.000164,0.000167,0.000164,0.000153,0.000153,0.000152,0.000188,0.000090,0.000120,0.000094,0.000085,0.000099,0.000084,0.000033,0.000095,0.000135,0.000129,0.000130,0.000112,0.000086,0.000050,0.000032,0.000004,0.000033,0.000067,0.000084
470,,,,,,,,,,,,,,0.000003,0.000074,0.000075,0.000076,0.000083,0.000087,0.000069,0.000063,0.000061,0.000059,0.000069,0.000075,0.000081,0.000079,0.000090,0.000094,0.000092,0.000146,0.000131,0.000215,0.000181,0.000147,0.000146,0.000110,0.000026,0.000086,0.000114,0.000099,0.000056,0.000032,0.000016,0.000011,0.000010,0.000006,0.000091,0.000098,0.000091
471,,,,,,,,,,,,,,0.000006,0.000209,0.000264,0.000342,0.000447,0.000462,0.000370,0.000242,0.000194,0.000176,0.000161,0.000153,0.000144,0.000128,0.000126,0.000128,0.000116,0.000114,0.000065,0.000094,0.000090,0.000084,0.000075,0.000045,0.000016,0.000036,0.000035,0.000030,0.000021,0.000014,0.000006,0.000004,0.000002,0.000012,0.000157,0.000230,0.000258
472,,,,,,,,,,,,,,0.000016,0.000222,0.000195,0.000198,0.000199,0.000176,0.000129,0.000076,0.000062,0.000062,0.000061,0.000056,0.000051,0.000050,0.000052,0.000054,0.000052,0.000060,0.000034,0.000065,0.000087,0.000114,0.000136,0.000108,0.000033,0.000098,0.000118,0.000105,0.000081,0.000055,0.000036,0.000021,0.000017,0.000005,0.000031,0.000047,0.000076
473,,,,,,,,,,,,,,0.000002,0.000063,0.000070,0.000087,0.000114,0.000116,0.000099,0.000068,0.000081,0.000084,0.000092,0.000101,0.000111,0.000102,0.000098,0.000107,0.000117,0.000143,0.000097,0.000238,0.000268,0.000278,0.000291,0.000256,0.000064,0.000161,0.000257,0.000373,0.000464,0.000523,0.000549,0.000348,0.000173,0.000013,0.000029,0.000056,0.000056
474,,,,,,,,,,,,,,0.000004,0.000074,0.000067,0.000059,0.000058,0.000053,0.000040,0.000041,0.000025,0.000023,0.000018,0.000014,0.000012,0.000008,0.000002,0.000007,0.000021,0.000017,0.000029,0.000061,0.000067,0.000079,0.000089,0.000097,0.000043,0.000100,0.000133,0.000158,0.000206,0.000256,0.000230,0.000194,0.000153,0.000029,0.000097,0.000143,0.000167
475,,,,,,,,,,,,,,0.000003,0.000114,0.000163,0.000234,0.000333,0.000398,0.000401,0.000329,0.000309,0.000365,0.000340,0.000365,0.000365,0.000373,0.000330,0.000293,0.000241,0.000218,0.000115,0.000161,0.000140,0.000105,0.000091,0.000061,0.000015,0.000045,0.000047,0.000037,0.000027,0.000029,0.000027,0.000019,0.000015,0.000006,0.000101,0.000243,0.000274
476,,,,,,,,,,,,,,0.000002,0.000051,0.000042,0.000040,0.000032,0.000031,0.000023,0.000028,0.000033,0.000042,0.000043,0.000050,0.000057,0.000060,0.000061,0.000069,0.000058,0.000062,0.000051,0.000060,0.000067,0.000082,0.000101,0.000103,0.000045,0.000184,0.000091,0.000077,0.000064,0.000057,0.000049,0.000033,0.000026,0.000005,0.000026,0.000066,0.000087
477,,,,,,,,,,,,,,0.000008,0.000136,0.000150,0.000177,0.000224,0.000218,0.000186,0.000115,0.000119,0.000140,0.000143,0.000142,0.000154,0.000146,0.000133,0.000134,0.000109,0.000113,0.000044,0.000058,0.000030,0.000023,0.000014,0.000021,0.000017,0.000035,0.000030,0.000025,0.000026,0.000030,0.000031,0.000031,0.000035,0.000035,0.000411,0.000525,0.000626
478,,,,,,,,,,,,,,0.000004,0.000081,0.000080,0.000084,0.000112,0.000147,0.000121,0.000079,0.000083,0.000086,0.000092,0.000095,0.000094,0.000081,0.000075,0.000081,0.000068,0.000069,0.000161,0.000075,0.000059,0.000059,0.000046,0.000040,0.000019,0.000024,0.000022,0.000025,0.000028,0.000028,0.000020,0.000015,0.000015,0.000008,0.000084,0.000120,0.000190
479,,,,,,,,,,,,,,0.000008,0.000231,0.000203,0.000203,0.000237,0.000261,0.000231,0.000176,0.000194,0.000200,0.000199,0.000225,0.000212,0.000191,0.000202,0.000231,0.000193,0.000200,0.000096,0.000171,0.000161,0.000153,0.000143,0.000102,0.000019,0.000049,0.000075,0.000087,0.000103,0.000107,0.000064,0.000040,0.000026,0.000002,0.000030,0.000063,0.000089
480,,,,,,,,,,,,,,0.000004,0.000160,0.000152,0.000159,0.000199,0.000219,0.000192,0.000144,0.000155,0.000168,0.000171,0.000174,0.000171,0.000142,0.000140,0.000137,0.000115,0.000115,0.000056,0.000087,0.000073,0.000066,0.000059,0.000047,0.000012,0.000044,0.000080,0.000083,0.000082,0.000070,0.000067,0.000045,0.000026,0.000007,0.000062,0.000080,0.000088
481,,,,,,,,,,,,,,0.000004,0.000078,0.000070,0.000060,0.000057,0.000055,0.000030,0.000024,0.000023,0.000023,0.000017,0.000014,0.000013,0.000006,0.000020,0.000032,0.000039,0.000069,0.000086,0.000212,0.000283,0.000361,0.000385,0.000315,0.000065,0.000143,0.000150,0.000123,0.000096,0.000085,0.000051,0.000035,0.000032,0.000011,0.000054,0.000146,0.000209
482,,,,,,,,,,,,,,0.000005,0.000100,0.000079,0.000063,0.000081,0.000074,0.000071,0.000062,0.000053,0.000047,0.000056,0.000054,0.000054,0.000054,0.000065,0.000071,0.000082,0.000095,0.000076,0.000145,0.000173,0.000194,0.000199,0.000156,0.000038,0.000085,0.000101,0.000093,0.000083,0.000073,0.000055,0.000055,0.000035,0.000011,0.000081,0.000239,0.000355
483,,,,,,,,,,,,,,0.000005,0.000165,0.000196,0.000220,0.000299,0.000353,0.000333,0.000288,0.000304,0.000369,0.000388,0.000371,0.000382,0.000388,0.000497,0.000467,0.000432,0.000383,0.000198,0.000244,0.000201,0.000156,0.000135,0.000078,0.000020,0.000038,0.000045,0.000033,0.000026,0.000025,0.000023,0.000020,0.000013,0.000005,0.000050,0.000166,0.000347
484,,,,,,,,,,,,,,0.000014,0.000206,0.000189,0.000187,0.000221,0.000203,0.000173,0.000127,0.000123,0.000124,0.000110,0.000112,0.000118,0.000117,0.000109,0.000117,0.000091,0.000098,0.000050,0.000082,0.000078,0.000074,0.000058,0.000039,0.000019,0.000042,0.000050,0.000040,0.000025,0.000026,0.000023,0.000022,0.000018,0.000008,0.000093,0.000258,0.000424
485,,,,,,,,,,,,,,0.000002,0.000056,0.000056,0.000067,0.000082,0.000088,0.000072,0.000054,0.000053,0.000062,0.000071,0.000071,0.000076,0.000080,0.000075,0.000069,0.000060,0.000064,0.000039,0.000064,0.000057,0.000051,0.000034,0.000027,0.000008,0.000031,0.000040,0.000047,0.000053,0.000078,0.000123,0.000118,0.000103,0.000012,0.000053,0.000077,0.000092
486,,,,,,,,,,,,,,0.000013,0.000156,0.000154,0.000186,0.000238,0.000273,0.000272,0.000212,0.000217,0.000231,0.000238,0.000236,0.000245,0.000217,0.000208,0.000200,0.000196,0.000204,0.000108,0.000156,0.000128,0.000112,0.000115,0.000084,0.000037,0.000121,0.000112,0.000088,0.000076,0.000059,0.000045,0.000025,0.000014,0.000002,0.000038,0.000113,0.000232
487,,,,,,,,,,,,,,0.000002,0.000064,0.000074,0.000090,0.000117,0.000128,0.000108,0.000066,0.000068,0.000064,0.000057,0.000048,0.000051,0.000047,0.000045,0.000040,0.000045,0.000045,0.000025,0.000055,0.000054,0.000054,0.000055,0.000047,0.000013,0.000029,0.000043,0.000057,0.000063,0.000082,0.000090,0.000072,0.000059,0.000012,0.000065,0.000154,0.000193
488,,,,,,,,,,,,,,0.000007,0.000127,0.000120,0.000128,0.000151,0.000148,0.000119,0.000111,0.000087,0.000092,0.000092,0.000095,0.000088,0.000085,0.000081,0.000085,0.000071,0.000071,0.000050,0.000051,0.000032,0.000032,0.000022,0.000017,0.000029,0.000042,0.000047,0.000057,0.000056,0.000055,0.000044,0.000042,0.000047,0.000028,0.000263,0.000294,0.000320
489,,,,,,,,,,,,,,0.000006,0.000183,0.000145,0.000144,0.000161,0.000143,0.000111,0.000073,0.000066,0.000079,0.000091,0.000089,0.000098,0.000110,0.000121,0.000134,0.000145,0.000182,0.000116,0.000180,0.000147,0.000128,0.000096,0.000077,0.000028,0.000056,0.000088,0.000098,0.000110,0.000108,0.000094,0.000063,0.000042,0.000006,0.000043,0.000069,0.000091
490,,,,,,,,,,,,,,0.000001,0.000017,0.000019,0.000055,0.000116,0.000216,0.000254,0.000224,0.000295,0.000421,0.000519,0.000590,0.000634,0.000594,0.000614,0.000586,0.000511,0.000491,0.000252,0.000384,0.000347,0.000296,0.000267,0.000192,0.000043,0.000112,0.000168,0.000188,0.000186,0.000222,0.000267,0.000217,0.000196,0.000028,0.000084,0.000175,0.000213
491,,,,,,,,,,,,,,0.000017,0.000298,0.000295,0.000339,0.000399,0.000421,0.000359,0.000279,0.000250,0.000273,0.000293,0.000300,0.000304,0.000286,0.000276,0.000272,0.000237,0.000234,0.000111,0.000176,0.000176,0.000158,0.000151,0.000108,0.000018,0.000058,0.000080,0.000072,0.000057,0.000045,0.000042,0.000023,0.000010,0.000002,0.000031,0.000066,0.000094
492,,,,,,,,,,,,,,0.000003,0.000095,0.000091,0.000094,0.000112,0.000112,0.000103,0.000081,0.000082,0.000084,0.000098,0.000114,0.000131,0.000140,0.000147,0.000157,0.000147,0.000170,0.000080,0.000147,0.000139,0.000132,0.000139,0.000129,0.000037,0.000161,0.000277,0.000326,0.000278,0.000205,0.000149,0.000066,0.000028,0.000004,0.000027,0.000042,0.000064
493,,,,,,,,,,,,,,0.000004,0.000131,0.000141,0.000163,0.000207,0.000230,0.000184,0.000109,0.000121,0.000131,0.000135,0.000131,0.000136,0.000137,0.000124,0.000120,0.000116,0.000129,0.000067,0.000110,0.000094,0.000080,0.000063,0.000047,0.000009,0.000028,0.000045,0.000050,0.000044,0.000044,0.000055,0.000064,0.000073,0.000014,0.000080,0.000137,0.000156
494,,,,,,,,,,,,,,0.000007,0.000181,0.000181,0.000203,0.000225,0.000231,0.000174,0.000132,0.000142,0.000136,0.000147,0.000156,0.000175,0.000170,0.000176,0.000163,0.000123,0.000112,0.000057,0.000077,0.000073,0.000066,0.000058,0.000040,0.000015,0.000049,0.000060,0.000052,0.000036,0.000029,0.000021,0.000015,0.000010,0.000012,0.000152,0.000203,0.000256
495,,,,,,,,,,,,,,0.000004,0.000067,0.000063,0.000073,0.000089,0.000102,0.000080,0.000068,0.000048,0.000051,0.000043,0.000049,0.000049,0.000054,0.000049,0.000047,0.000047,0.000054,0.000058,0.000073,0.000076,0.000078,0.000082,0.000078,0.000031,0.000065,0.000093,0.000098,0.000086,0.000064,0.000033,0.000024,0.000018,0.000011,0.000092,0.000193,0.000260
496,,,,,,,,,,,,,,0.000003,0.000064,0.000070,0.000102,0.000177,0.000252,0.000279,0.000252,0.000334,0.000438,0.000548,0.000647,0.000725,0.000723,0.000738,0.000704,0.000647,0.000637,0.000261,0.000401,0.000322,0.000240,0.000185,0.000118,0.000022,0.000071,0.000105,0.000104,0.000084,0.000073,0.000047,0.000025,0.000011,0.000003,0.000036,0.000078,0.000112
497,,,,,,,,,,,,,,0.000004,0.000139,0.000139,0.000114,0.000125,0.000123,0.000106,0.000089,0.000080,0.000087,0.000083,0.000081,0.000074,0.000066,0.000060,0.000059,0.000054,0.000048,0.000023,0.000032,0.000035,0.000038,0.000026,0.000021,0.000024,0.000039,0.000053,0.000054,0.000045,0.000044,0.000033,0.000024,0.000018,0.000010,0.000070,0.000097,0.000108
498,,,,,,,,,,,,,,0.000010,0.000210,0.000179,0.000190,0.000177,0.000155,0.000119,0.000078,0.000071,0.000058,0.000060,0.000058,0.000073,0.000069,0.000083,0.000085,0.000058,0.000057,0.000035,0.000073,0.000088,0.000100,0.000110,0.000126,0.000046,0.000057,0.000048,0.000047,0.000042,0.000039,0.000035,0.000030,0.000021,0.000004,0.000066,0.000107,0.000161
499,,,,,,,,,,,,,,0.000003,0.000099,0.000122,0.000160,0.000210,0.000222,0.000183,0.000127,0.000115,0.000105,0.000108,0.000107,0.000109,0.000098,0.000099,0.000098,0.000088,0.000094,0.000045,0.000081,0.000080,0.000072,0.000077,0.000067,0.000015,0.000063,0.000128,0.000201,0.000276,0.000325,0.000339,0.000204,0.000093,0.000005,0.000024,0.000037,0.000069
500,,,,,,,,,,,,,,0.000005,0.000092,0.000072,0.000068,0.000071,0.000058,0.000050,0.000042,0.000045,0.000058,0.000052,0.000045,0.000043,0.000046,0.000054,0.000049,0.000038,0.000051,0.000101,0.000050,0.000044,0.000048,0.000058,0.000056,0.000023,0.000062,0.000076,0.000085,0.000086,0.000089,0.000079,0.000055,0.000037,0.000007,0.000078,0.000171,0.000205
501,,,,,,,,,,,,,,0.000003,0.000112,0.000127,0.000135,0.000167,0.000168,0.000121,0.000083,0.000085,0.000110,0.000118,0.000104,0.000101,0.000084,0.000079,0.000084,0.000072,0.000090,0.000047,0.000080,0.000059,0.000045,0.000038,0.000051,0.000013,0.000015,0.000032,0.000043,0.000048,0.000041,0.000056,0.000047,0.000045,0.000014,0.000099,0.000151,0.000199
502,,,,,,,,,,,,,,0.000002,0.000037,0.000044,0.000070,0.000116,0.000149,0.000167,0.000183,0.000195,0.000275,0.000298,0.000366,0.000462,0.000540,0.000692,0.000812,0.000712,0.000737,0.000365,0.000605,0.000590,0.000492,0.000435,0.000277,0.000049,0.000148,0.000185,0.000167,0.000126,0.000101,0.000081,0.000060,0.000045,0.000007,0.000066,0.000144,0.000178
503,,,,,,,,,,,,,,0.000004,0.000104,0.000101,0.000128,0.000212,0.000277,0.000278,0.000186,0.000191,0.000181,0.000179,0.000175,0.000181,0.000159,0.000146,0.000124,0.000105,0.000102,0.000057,0.000070,0.000068,0.000062,0.000053,0.000040,0.000023,0.000047,0.000052,0.000044,0.000035,0.000026,0.000025,0.000017,0.000009,0.000007,0.000052,0.000090,0.000131
504,,,,,,,,,,,,,,0.000003,0.000047,0.000046,0.000048,0.000055,0.000053,0.000042,0.000040,0.000026,0.000021,0.000009,0.000005,0.000011,0.000015,0.000015,0.000025,0.000031,0.000038,0.000038,0.000043,0.000048,0.000066,0.000084,0.000094,0.000037,0.000080,0.000100,0.000087,0.000070,0.000058,0.000057,0.000041,0.000034,0.000009,0.000061,0.000104,0.000123
505,,,,,,,,,,,,,,0.000003,0.000061,0.000060,0.000057,0.000077,0.000098,0.000095,0.000073,0.000066,0.000071,0.000077,0.000095,0.000093,0.000089,0.000077,0.000084,0.000088,0.000092,0.000077,0.000079,0.000067,0.000077,0.000089,0.000135,0.000116,0.000109,0.000068,0.000093,0.000078,0.000064,0.000059,0.000057,0.000049,0.000016,0.000068,0.000108,0.000145
506,,,,,,,,,,,,,,0.000006,0.000146,0.000144,0.000149,0.000169,0.000170,0.000142,0.000108,0.000098,0.000100,0.000095,0.000098,0.000109,0.000111,0.000106,0.000117,0.000104,0.000109,0.000069,0.000100,0.000092,0.000076,0.000063,0.000043,0.000018,0.000029,0.000033,0.000029,0.000029,0.000022,0.000006,0.000002,0.000003,0.000009,0.000070,0.000105,0.000153
507,,,,,,,,,,,,,,0.000002,0.000070,0.000106,0.000257,0.000244,0.000228,0.000162,0.000094,0.000091,0.000091,0.000096,0.000096,0.000105,0.000098,0.000090,0.000097,0.000077,0.000088,0.000045,0.000088,0.000086,0.000082,0.000088,0.000093,0.000088,0.000191,0.000115,0.000093,0.000081,0.000070,0.000073,0.000054,0.000035,0.000003,0.000020,0.000032,0.000062
508,,,,,,,,,,,,,,0.000002,0.000042,0.000041,0.000041,0.000049,0.000061,0.000057,0.000048,0.000038,0.000046,0.000039,0.000044,0.000048,0.000042,0.000046,0.000056,0.000068,0.000076,0.000054,0.000095,0.000099,0.000115,0.000155,0.000216,0.000171,0.000299,0.000174,0.000117,0.000086,0.000077,0.000074,0.000061,0.000045,0.000005,0.000026,0.000044,0.000049
509,,,,,,,,,,,,,,0.000002,0.000049,0.000055,0.000063,0.000070,0.000077,0.000066,0.000044,0.000052,0.000050,0.000049,0.000045,0.000048,0.000053,0.000061,0.000063,0.000060,0.000054,0.000027,0.000043,0.000060,0.000093,0.000168,0.000203,0.000051,0.000256,0.000439,0.000437,0.000338,0.000240,0.000163,0.000087,0.000048,0.000008,0.000107,0.000084,0.000077
510,,,,,,,,,,,,,,0.000003,0.000071,0.000060,0.000048,0.000049,0.000040,0.000026,0.000033,0.000024,0.000021,0.000019,0.000024,0.000025,0.000027,0.000036,0.000029,0.000071,0.000058,0.000043,0.000104,0.000164,0.000219,0.000273,0.000239,0.000080,0.000175,0.000229,0.000180,0.000124,0.000087,0.000063,0.000039,0.000033,0.000025,0.000160,0.000204,0.000175
511,,,,,,,,,,,,,,0.000002,0.000036,0.000038,0.000047,0.000066,0.000071,0.000063,0.000049,0.000052,0.000055,0.000053,0.000058,0.000060,0.000071,0.000068,0.000065,0.000064,0.000069,0.000077,0.000074,0.000119,0.000159,0.000165,0.000166,0.000108,0.000128,0.000119,0.000098,0.000073,0.000056,0.000043,0.000033,0.000026,0.000005,0.000028,0.000047,0.000060
512,,,,,,,,,,,,,,0.000009,0.000200,0.000193,0.000195,0.000231,0.000217,0.000175,0.000110,0.000120,0.000127,0.000129,0.000126,0.000124,0.000112,0.000107,0.000110,0.000096,0.000105,0.000063,0.000103,0.000101,0.000104,0.000091,0.000063,0.000027,0.000093,0.000121,0.000097,0.000079,0.000067,0.000056,0.000032,0.000014,0.000005,0.000107,0.000247,0.000423
513,,,,,,,,,,,,,,0.000002,0.000060,0.000106,0.000200,0.000316,0.000389,0.000363,0.000248,0.000218,0.000243,0.000279,0.000324,0.000410,0.000580,0.000647,0.000752,0.000703,0.000701,0.000307,0.000434,0.000359,0.000274,0.000231,0.000149,0.000030,0.000070,0.000078,0.000076,0.000075,0.000079,0.000085,0.000063,0.000043,0.000005,0.000026,0.000040,0.000046
514,,,,,,,,,,,,,,0.000003,0.000070,0.000064,0.000061,0.000067,0.000068,0.000041,0.000033,0.000033,0.000036,0.000039,0.000047,0.000050,0.000051,0.000052,0.000063,0.000061,0.000057,0.000052,0.000079,0.000082,0.000083,0.000076,0.000063,0.000035,0.000060,0.000064,0.000059,0.000049,0.000055,0.000047,0.000037,0.000049,0.000014,0.000055,0.000097,0.000159
515,,,,,,,,,,,,,,0.000005,0.000187,0.000217,0.000221,0.000237,0.000199,0.000136,0.000085,0.000068,0.000064,0.000061,0.000060,0.000068,0.000085,0.000104,0.000126,0.000143,0.000223,0.000222,0.000403,0.000418,0.000365,0.000291,0.000168,0.000033,0.000079,0.000085,0.000081,0.000064,0.000053,0.000041,0.000030,0.000028,0.000013,0.000100,0.000173,0.000367
516,,,,,,,,,,,,,,0.000003,0.000075,0.000081,0.000110,0.000125,0.000121,0.000106,0.000082,0.000076,0.000083,0.000090,0.000094,0.000105,0.000105,0.000097,0.000099,0.000088,0.000075,0.000049,0.000040,0.000025,0.000025,0.000039,0.000075,0.000048,0.000051,0.000044,0.000070,0.000090,0.000104,0.000123,0.000100,0.000079,0.000021,0.000075,0.000111,0.000145
517,,,,,,,,,,,,,,0.000003,0.000075,0.000088,0.000102,0.000143,0.000144,0.000120,0.000077,0.000077,0.000076,0.000072,0.000077,0.000074,0.000081,0.000076,0.000084,0.000075,0.000084,0.000038,0.000069,0.000051,0.000043,0.000033,0.000026,0.000009,0.000041,0.000092,0.000143,0.000194,0.000241,0.000268,0.000214,0.000140,0.000016,0.000086,0.000126,0.000153
518,,,,,,,,,,,,,,0.000002,0.000063,0.000081,0.000106,0.000134,0.000144,0.000113,0.000096,0.000093,0.000094,0.000085,0.000081,0.000083,0.000092,0.000116,0.000220,0.000196,0.000177,0.000083,0.000111,0.000099,0.000096,0.000069,0.000052,0.000018,0.000047,0.000056,0.000051,0.000045,0.000046,0.000040,0.000027,0.000016,0.000006,0.000046,0.000081,0.000119
519,,,,,,,,,,,,,,0.000002,0.000118,0.000147,0.000182,0.000208,0.000198,0.000155,0.000106,0.000092,0.000095,0.000090,0.000089,0.000090,0.000080,0.000085,0.000077,0.000063,0.000078,0.000047,0.000087,0.000084,0.000074,0.000066,0.000041,0.000015,0.000036,0.000048,0.000051,0.000056,0.000056,0.000054,0.000047,0.000038,0.000006,0.000021,0.000036,0.000048
520,,,,,,,,,,,,,,0.000006,0.000193,0.000157,0.000129,0.000143,0.000149,0.000115,0.000070,0.000082,0.000079,0.000074,0.000080,0.000076,0.000084,0.000081,0.000074,0.000081,0.000088,0.000054,0.000111,0.000098,0.000086,0.000085,0.000058,0.000036,0.000047,0.000055,0.000057,0.000040,0.000032,0.000033,0.000025,0.000019,0.000005,0.000037,0.000153,0.000352
521,,,,,,,,,,,,,,0.000002,0.000043,0.000042,0.000049,0.000061,0.000072,0.000077,0.000071,0.000066,0.000075,0.000071,0.000069,0.000070,0.000073,0.000067,0.000081,0.000063,0.000061,0.000045,0.000037,0.000033,0.000042,0.000059,0.000078,0.000030,0.000098,0.000184,0.000265,0.000279,0.000224,0.000157,0.000089,0.000064,0.000012,0.000049,0.000073,0.000084
522,,,,,,,,,,,,,,0.000002,0.000018,0.000018,0.000025,0.000033,0.000045,0.000038,0.000033,0.000029,0.000038,0.000061,0.000077,0.000078,0.000078,0.000101,0.000115,0.000139,0.000194,0.000128,0.000280,0.000311,0.000347,0.000365,0.000349,0.000087,0.000108,0.000095,0.000092,0.000067,0.000054,0.000048,0.000031,0.000024,0.000007,0.000083,0.000122,0.000120
523,,,,,,,,,,,,,,0.000003,0.000074,0.000067,0.000072,0.000073,0.000075,0.000061,0.000060,0.000047,0.000050,0.000047,0.000050,0.000059,0.000063,0.000067,0.000072,0.000070,0.000076,0.000048,0.000082,0.000076,0.000082,0.000063,0.000045,0.000016,0.000021,0.000015,0.000015,0.000013,0.000019,0.000025,0.000024,0.000020,0.000006,0.000061,0.000122,0.000133
524,,,,,,,,,,,,,,0.000003,0.000069,0.000074,0.000086,0.000105,0.000117,0.000103,0.000087,0.000102,0.000121,0.000153,0.000169,0.000193,0.000200,0.000216,0.000230,0.000192,0.000201,0.000107,0.000168,0.000163,0.000147,0.000143,0.000114,0.000022,0.000067,0.000074,0.000075,0.000067,0.000069,0.000058,0.000042,0.000041,0.000007,0.000055,0.000205,0.000213
525,,,,,,,,,,,,,,0.000004,0.000090,0.000095,0.000111,0.000147,0.000159,0.000147,0.000112,0.000119,0.000135,0.000147,0.000149,0.000150,0.000147,0.000116,0.000112,0.000093,0.000096,0.000043,0.000078,0.000079,0.000061,0.000051,0.000028,0.000011,0.000043,0.000066,0.000086,0.000099,0.000116,0.000114,0.000078,0.000079,0.000015,0.000051,0.000100,0.000168
526,,,,,,,,,,,,,,0.000003,0.000052,0.000044,0.000037,0.000042,0.000043,0.000040,0.000035,0.000042,0.000046,0.000045,0.000046,0.000045,0.000044,0.000050,0.000051,0.000064,0.000099,0.000083,0.000147,0.000172,0.000237,0.000325,0.000418,0.000172,0.000279,0.000193,0.000153,0.000134,0.000109,0.000095,0.000068,0.000049,0.000011,0.000064,0.000112,0.000136
527,,,,,,,,,,,,,,0.000004,0.000121,0.000133,0.000208,0.000225,0.000222,0.000172,0.000109,0.000112,0.000108,0.000118,0.000123,0.000143,0.000162,0.000190,0.000297,0.000259,0.000291,0.000224,0.000252,0.000202,0.000166,0.000126,0.000076,0.000022,0.000051,0.000064,0.000064,0.000050,0.000042,0.000033,0.000021,0.000011,0.000003,0.000020,0.000049,0.000075
528,,,,,,,,,,,,,,0.000004,0.000090,0.000082,0.000094,0.000110,0.000107,0.000088,0.000068,0.000057,0.000064,0.000063,0.000066,0.000068,0.000068,0.000072,0.000076,0.000051,0.000052,0.000031,0.000048,0.000052,0.000060,0.000057,0.000052,0.000026,0.000026,0.000026,0.000031,0.000027,0.000017,0.000019,0.000018,0.000018,0.000007,0.000032,0.000057,0.000081
529,,,,,,,,,,,,,,0.000002,0.000083,0.000100,0.000122,0.000168,0.000188,0.000157,0.000117,0.000117,0.000138,0.000149,0.000161,0.000168,0.000169,0.000180,0.000187,0.000171,0.000169,0.000089,0.000130,0.000116,0.000093,0.000080,0.000055,0.000017,0.000043,0.000050,0.000043,0.000038,0.000036,0.000031,0.000019,0.000013,0.000004,0.000039,0.000070,0.000081
530,,,,,,,,,,,,,,0.000010,0.000126,0.000120,0.000128,0.000164,0.000148,0.000125,0.000084,0.000083,0.000081,0.000075,0.000086,0.000076,0.000075,0.000082,0.000091,0.000080,0.000104,0.000047,0.000069,0.000063,0.000071,0.000062,0.000052,0.000016,0.000054,0.000104,0.000149,0.000152,0.000137,0.000108,0.000059,0.000034,0.000006,0.000111,0.000270,0.000512
531,,,,,,,,,,,,,,0.000003,0.000082,0.000090,0.000150,0.000177,0.000175,0.000136,0.000087,0.000082,0.000087,0.000070,0.000053,0.000046,0.000034,0.000032,0.000039,0.000028,0.000030,0.000021,0.000036,0.000034,0.000040,0.000058,0.000066,0.000026,0.000083,0.000118,0.000109,0.000081,0.000064,0.000045,0.000023,0.000015,0.000004,0.000047,0.000093,0.000118
532,,,,,,,,,,,,,,0.000002,0.000058,0.000060,0.000064,0.000072,0.000076,0.000058,0.000043,0.000056,0.000067,0.000072,0.000074,0.000082,0.000089,0.000083,0.000090,0.000072,0.000071,0.000038,0.000059,0.000049,0.000039,0.000035,0.000022,0.000009,0.000025,0.000024,0.000025,0.000032,0.000057,0.000098,0.000141,0.000152,0.000020,0.000056,0.000044,0.000048
533,,,,,,,,,,,,,,0.000013,0.000495,0.000604,0.000794,0.000901,0.000865,0.000627,0.000357,0.000288,0.000255,0.000235,0.000214,0.000199,0.000164,0.000143,0.000115,0.000080,0.000074,0.000030,0.000071,0.000061,0.000047,0.000032,0.000018,0.000012,0.000043,0.000082,0.000108,0.000135,0.000141,0.000141,0.000103,0.000064,0.000013,0.000067,0.000080,0.000089
534,,,,,,,,,,,,,,0.000002,0.000058,0.000060,0.000073,0.000086,0.000104,0.000105,0.000092,0.000107,0.000125,0.000156,0.000179,0.000195,0.000197,0.000196,0.000202,0.000162,0.000162,0.000074,0.000115,0.000097,0.000078,0.000071,0.000056,0.000013,0.000037,0.000044,0.000038,0.000025,0.000020,0.000025,0.000017,0.000012,0.000003,0.000031,0.000066,0.000062
535,,,,,,,,,,,,,,0.000008,0.000195,0.000173,0.000158,0.000179,0.000168,0.000133,0.000094,0.000095,0.000084,0.000077,0.000072,0.000061,0.000053,0.000046,0.000050,0.000045,0.000049,0.000034,0.000051,0.000058,0.000060,0.000056,0.000046,0.000019,0.000039,0.000051,0.000073,0.000060,0.000046,0.000037,0.000021,0.000015,0.000004,0.000035,0.000063,0.000099
536,,,,,,,,,,,,,,0.000003,0.000104,0.000114,0.000153,0.000181,0.000176,0.000138,0.000092,0.000099,0.000099,0.000097,0.000094,0.000100,0.000107,0.000108,0.000115,0.000104,0.000116,0.000084,0.000096,0.000079,0.000072,0.000059,0.000044,0.000051,0.000067,0.000072,0.000063,0.000047,0.000042,0.000036,0.000018,0.000014,0.000005,0.000044,0.000116,0.000109
537,,,,,,,,,,,,,,0.000003,0.000087,0.000094,0.000113,0.000146,0.000156,0.000136,0.000106,0.000127,0.000156,0.000153,0.000207,0.000227,0.000287,0.000290,0.000380,0.000417,0.000317,0.000133,0.000165,0.000141,0.000118,0.000090,0.000074,0.000012,0.000046,0.000059,0.000059,0.000055,0.000049,0.000033,0.000030,0.000024,0.000003,0.000053,0.000087,0.000115
538,,,,,,,,,,,,,,0.000005,0.000138,0.000124,0.000119,0.000136,0.000122,0.000099,0.000062,0.000069,0.000075,0.000075,0.000071,0.000061,0.000059,0.000053,0.000048,0.000038,0.000046,0.000040,0.000054,0.000062,0.000070,0.000071,0.000056,0.000024,0.000042,0.000055,0.000057,0.000054,0.000052,0.000052,0.000038,0.000030,0.000003,0.000025,0.000043,0.000062
539,,,,,,,,,,,,,,0.000004,0.000108,0.000126,0.000163,0.000223,0.000262,0.000253,0.000201,0.000255,0.000321,0.000412,0.000440,0.000461,0.000478,0.000489,0.000511,0.000494,0.000535,0.000253,0.000421,0.000363,0.000291,0.000229,0.000154,0.000035,0.000082,0.000094,0.000074,0.000052,0.000043,0.000031,0.000019,0.000010,0.000003,0.000044,0.000076,0.000111
540,,,,,,,,,,,,,,0.000003,0.000062,0.000058,0.000064,0.000077,0.000082,0.000062,0.000055,0.000038,0.000037,0.000039,0.000031,0.000028,0.000023,0.000035,0.000049,0.000049,0.000060,0.000052,0.000071,0.000084,0.000088,0.000086,0.000093,0.000066,0.000155,0.000108,0.000076,0.000064,0.000063,0.000058,0.000044,0.000037,0.000008,0.000053,0.000075,0.000105
541,,,,,,,,,,,,,,0.000003,0.000055,0.000050,0.000046,0.000055,0.000050,0.000042,0.000073,0.000027,0.000036,0.000037,0.000041,0.000042,0.000045,0.000055,0.000052,0.000146,0.000077,0.000081,0.000079,0.000092,0.000112,0.000128,0.000119,0.000119,0.000105,0.000096,0.000069,0.000043,0.000027,0.000019,0.000012,0.000010,0.000010,0.000070,0.000090,0.000092
542,,,,,,,,,,,,,,0.000002,0.000051,0.000051,0.000059,0.000092,0.000118,0.000123,0.000103,0.000116,0.000119,0.000131,0.000138,0.000149,0.000133,0.000131,0.000128,0.000118,0.000114,0.000052,0.000089,0.000089,0.000088,0.000094,0.000091,0.000026,0.000066,0.000079,0.000101,0.000110,0.000119,0.000131,0.000101,0.000066,0.000007,0.000078,0.000112,0.000098
543,,,,,,,,,,,,,,0.000004,0.000082,0.000091,0.000109,0.000132,0.000138,0.000114,0.000076,0.000083,0.000082,0.000092,0.000097,0.000108,0.000106,0.000104,0.000110,0.000096,0.000104,0.000058,0.000077,0.000073,0.000070,0.000066,0.000051,0.000012,0.000034,0.000039,0.000036,0.000026,0.000021,0.000015,0.000011,0.000008,0.000007,0.000056,0.000094,0.000128
544,,,,,,,,,,,,,,0.000004,0.000084,0.000088,0.000102,0.000124,0.000133,0.000116,0.000082,0.000074,0.000091,0.000094,0.000110,0.000123,0.000121,0.000136,0.000144,0.000146,0.000166,0.000085,0.000158,0.000176,0.000183,0.000169,0.000136,0.000030,0.000070,0.000081,0.000067,0.000050,0.000039,0.000028,0.000023,0.000018,0.000002,0.000029,0.000044,0.000052
545,,,,,,,,,,,,,,0.000003,0.000048,0.000041,0.000048,0.000053,0.000056,0.000056,0.000046,0.000050,0.000079,0.000091,0.000086,0.000080,0.000093,0.000084,0.000070,0.000101,0.000120,0.000082,0.000141,0.000134,0.000119,0.000105,0.000084,0.000040,0.000113,0.000177,0.000187,0.000159,0.000123,0.000096,0.000053,0.000034,0.000015,0.000077,0.000097,0.000095
546,,,,,,,,,,,,,,0.000003,0.000064,0.000067,0.000073,0.000092,0.000104,0.000099,0.000110,0.000135,0.000190,0.000196,0.000242,0.000319,0.000352,0.000457,0.000622,0.000676,0.000666,0.000331,0.000506,0.000489,0.000405,0.000366,0.000257,0.000044,0.000122,0.000160,0.000145,0.000104,0.000076,0.000053,0.000032,0.000018,0.000003,0.000037,0.000073,0.000098
547,,,,,,,,,,,,,,0.000002,0.000042,0.000044,0.000045,0.000063,0.000065,0.000061,0.000052,0.000050,0.000064,0.000061,0.000071,0.000077,0.000078,0.000074,0.000074,0.000095,0.000077,0.000064,0.000070,0.000077,0.000077,0.000079,0.000072,0.000086,0.000046,0.000045,0.000046,0.000040,0.000045,0.000038,0.000027,0.000018,0.000005,0.000039,0.000059,0.000077
548,,,,,,,,,,,,,,0.000003,0.000082,0.000083,0.000107,0.000122,0.000107,0.000101,0.000069,0.000064,0.000051,0.000053,0.000053,0.000059,0.000064,0.000059,0.000065,0.000057,0.000066,0.000033,0.000054,0.000061,0.000053,0.000044,0.000040,0.000018,0.000060,0.000087,0.000099,0.000082,0.000066,0.000058,0.000057,0.000068,0.000023,0.000130,0.000140,0.000151
549,,,,,,,,,,,,,,0.000003,0.000099,0.000125,0.000170,0.000242,0.000262,0.000234,0.000183,0.000119,0.000124,0.000118,0.000119,0.000107,0.000107,0.000101,0.000097,0.000085,0.000081,0.000061,0.000074,0.000069,0.000086,0.000092,0.000091,0.000067,0.000064,0.000071,0.000062,0.000045,0.000038,0.000041,0.000026,0.000016,0.000006,0.000054,0.000107,0.000124
550,,,,,,,,,,,,,,0.000009,0.000199,0.000194,0.000200,0.000224,0.000235,0.000182,0.000143,0.000130,0.000121,0.000109,0.000107,0.000094,0.000082,0.000069,0.000057,0.000049,0.000042,0.000031,0.000052,0.000058,0.000074,0.000108,0.000155,0.000087,0.000171,0.000125,0.000104,0.000077,0.000058,0.000038,0.000025,0.000019,0.000004,0.000046,0.000108,0.000236
551,,,,,,,,,,,,,,0.000002,0.000042,0.000041,0.000051,0.000057,0.000049,0.000049,0.000047,0.000051,0.000035,0.000032,0.000025,0.000040,0.000038,0.000060,0.000107,0.000176,0.000237,0.000211,0.000536,0.000736,0.000880,0.000982,0.000763,0.000126,0.000447,0.000646,0.000668,0.000626,0.000593,0.000522,0.000334,0.000184,0.000014,0.000030,0.000055,0.000063
552,,,,,,,,,,,,,,0.000011,0.000155,0.000135,0.000129,0.000155,0.000145,0.000120,0.000081,0.000079,0.000075,0.000065,0.000063,0.000063,0.000055,0.000047,0.000059,0.000060,0.000065,0.000038,0.000064,0.000063,0.000095,0.000135,0.000209,0.000108,0.000142,0.000070,0.000044,0.000032,0.000027,0.000021,0.000019,0.000018,0.000005,0.000193,0.000441,0.000681
553,,,,,,,,,,,,,,0.000006,0.000172,0.000197,0.000235,0.000307,0.000341,0.000304,0.000285,0.000290,0.000327,0.000337,0.000362,0.000370,0.000436,0.000441,0.000401,0.000315,0.000321,0.000145,0.000240,0.000219,0.000178,0.000146,0.000092,0.000024,0.000076,0.000090,0.000075,0.000047,0.000029,0.000015,0.000002,0.000000,0.000003,0.000041,0.000078,0.000113
554,,,,,,,,,,,,,,0.000003,0.000077,0.000078,0.000083,0.000119,0.000131,0.000129,0.000124,0.000139,0.000152,0.000167,0.000191,0.000195,0.000189,0.000202,0.000208,0.000186,0.000195,0.000106,0.000205,0.000223,0.000227,0.000234,0.000192,0.000035,0.000104,0.000150,0.000156,0.000177,0.000159,0.000116,0.000069,0.000046,0.000007,0.000038,0.000074,0.000104
555,,,,,,,,,,,,,,0.000002,0.000046,0.000057,0.000070,0.000087,0.000105,0.000092,0.000076,0.000080,0.000088,0.000093,0.000098,0.000100,0.000092,0.000097,0.000113,0.000124,0.000128,0.000097,0.000141,0.000152,0.000162,0.000164,0.000136,0.000082,0.000082,0.000097,0.000088,0.000063,0.000047,0.000041,0.000022,0.000013,0.000002,0.000012,0.000017,0.000028
556,,,,,,,,,,,,,,0.000017,0.000264,0.000243,0.000231,0.000244,0.000219,0.000171,0.000112,0.000110,0.000127,0.000112,0.000110,0.000116,0.000103,0.000100,0.000095,0.000077,0.000086,0.000043,0.000075,0.000058,0.000057,0.000032,0.000026,0.000017,0.000034,0.000041,0.000036,0.000032,0.000035,0.000049,0.000046,0.000036,0.000006,0.000074,0.000205,0.000396
557,,,,,,,,,,,,,,0.000003,0.000053,0.000047,0.000053,0.000070,0.000074,0.000073,0.000054,0.000044,0.000039,0.000044,0.000041,0.000046,0.000054,0.000067,0.000055,0.000053,0.000059,0.000047,0.000111,0.000150,0.000172,0.000213,0.000254,0.000131,0.000211,0.000113,0.000081,0.000066,0.000055,0.000047,0.000031,0.000021,0.000005,0.000030,0.000049,0.000071
558,,,,,,,,,,,,,,0.000005,0.000187,0.000162,0.000138,0.000151,0.000131,0.000134,0.000100,0.000093,0.000096,0.000079,0.000073,0.000067,0.000050,0.000047,0.000035,0.000032,0.000034,0.000028,0.000020,0.000025,0.000036,0.000055,0.000075,0.000035,0.000062,0.000093,0.000113,0.000113,0.000116,0.000122,0.000103,0.000085,0.000013,0.000041,0.000068,0.000101
559,,,,,,,,,,,,,,0.000018,0.000315,0.000297,0.000316,0.000389,0.000353,0.000301,0.000220,0.000177,0.000196,0.000196,0.000182,0.000195,0.000178,0.000176,0.000175,0.000150,0.000176,0.000107,0.000167,0.000166,0.000157,0.000144,0.000105,0.000021,0.000057,0.000077,0.000073,0.000066,0.000058,0.000053,0.000032,0.000017,0.000003,0.000036,0.000078,0.000139
560,,,,,,,,,,,,,,0.000006,0.000206,0.000243,0.000331,0.000434,0.000478,0.000416,0.000352,0.000374,0.000337,0.000336,0.000356,0.000343,0.000308,0.000382,0.000430,0.000321,0.000360,0.000183,0.000302,0.000270,0.000229,0.000186,0.000130,0.000026,0.000059,0.000068,0.000058,0.000052,0.000049,0.000048,0.000043,0.000027,0.000002,0.000047,0.000121,0.000143
561,,,,,,,,,,,,,,0.000002,0.000044,0.000067,0.000178,0.000189,0.000167,0.000114,0.000072,0.000085,0.000096,0.000104,0.000104,0.000107,0.000111,0.000109,0.000105,0.000085,0.000084,0.000047,0.000071,0.000069,0.000070,0.000066,0.000048,0.000010,0.000018,0.000040,0.000064,0.000067,0.000077,0.000084,0.000068,0.000045,0.000004,0.000026,0.000048,0.000072
562,,,,,,,,,,,,,,0.000007,0.000146,0.000135,0.000137,0.000143,0.000144,0.000124,0.000098,0.000098,0.000104,0.000103,0.000102,0.000111,0.000094,0.000095,0.000095,0.000065,0.000074,0.000043,0.000056,0.000057,0.000060,0.000048,0.000035,0.000033,0.000058,0.000058,0.000049,0.000044,0.000037,0.000026,0.000016,0.000016,0.000011,0.000075,0.000105,0.000114
563,,,,,,,,,,,,,,0.000002,0.000042,0.000041,0.000038,0.000051,0.000077,0.000080,0.000083,0.000088,0.000107,0.000099,0.000090,0.000099,0.000098,0.000099,0.000106,0.000108,0.000109,0.000130,0.000114,0.000115,0.000108,0.000099,0.000089,0.000035,0.000067,0.000074,0.000078,0.000070,0.000065,0.000067,0.000061,0.000053,0.000015,0.000068,0.000083,0.000084
564,,,,,,,,,,,,,,0.000003,0.000064,0.000061,0.000060,0.000073,0.000080,0.000088,0.000083,0.000085,0.000101,0.000119,0.000128,0.000153,0.000163,0.000172,0.000193,0.000167,0.000169,0.000098,0.000157,0.000163,0.000162,0.000157,0.000138,0.000026,0.000076,0.000112,0.000133,0.000128,0.000116,0.000128,0.000103,0.000071,0.000006,0.000033,0.000044,0.000046
565,,,,,,,,,,,,,,0.000002,0.000054,0.000049,0.000053,0.000057,0.000066,0.000058,0.000055,0.000054,0.000048,0.000043,0.000033,0.000034,0.000042,0.000044,0.000059,0.000049,0.000055,0.000036,0.000061,0.000064,0.000062,0.000064,0.000053,0.000031,0.000100,0.000198,0.000310,0.000383,0.000373,0.000267,0.000121,0.000049,0.000007,0.000059,0.000070,0.000096
566,,,,,,,,,,,,,,0.000003,0.000080,0.000080,0.000094,0.000121,0.000125,0.000113,0.000102,0.000110,0.000124,0.000122,0.000115,0.000119,0.000115,0.000174,0.000224,0.000127,0.000116,0.000060,0.000078,0.000078,0.000079,0.000081,0.000066,0.000013,0.000027,0.000037,0.000043,0.000048,0.000055,0.000061,0.000055,0.000048,0.000010,0.000108,0.000115,0.000120
567,,,,,,,,,,,,,,0.000005,0.000317,0.000512,0.000795,0.001139,0.001301,0.001067,0.000826,0.000647,0.000591,0.000509,0.000449,0.000423,0.000375,0.000316,0.000339,0.000282,0.000264,0.000129,0.000207,0.000179,0.000159,0.000135,0.000101,0.000038,0.000059,0.000057,0.000060,0.000040,0.000041,0.000021,0.000015,0.000011,0.000005,0.000031,0.000043,0.000072
568,,,,,,,,,,,,,,0.000006,0.000141,0.000131,0.000118,0.000130,0.000125,0.000101,0.000076,0.000063,0.000058,0.000058,0.000056,0.000057,0.000058,0.000061,0.000065,0.000069,0.000084,0.000053,0.000082,0.000073,0.000069,0.000061,0.000043,0.000014,0.000030,0.000038,0.000043,0.000037,0.000036,0.000035,0.000023,0.000018,0.000003,0.000031,0.000075,0.000104
569,,,,,,,,,,,,,,0.000004,0.000078,0.000063,0.000047,0.000054,0.000053,0.000044,0.000067,0.000048,0.000055,0.000053,0.000064,0.000060,0.000054,0.000066,0.000072,0.000068,0.000085,0.000053,0.000077,0.000089,0.000077,0.000077,0.000070,0.000043,0.000125,0.000185,0.000165,0.000152,0.000117,0.000082,0.000040,0.000020,0.000007,0.000061,0.000092,0.000098
570,,,,,,,,,,,,,,0.000003,0.000120,0.000103,0.000110,0.000128,0.000149,0.000123,0.000084,0.000076,0.000072,0.000071,0.000070,0.000078,0.000082,0.000083,0.000091,0.000083,0.000115,0.000092,0.000127,0.000116,0.000106,0.000088,0.000059,0.000027,0.000065,0.000068,0.000065,0.000045,0.000041,0.000044,0.000041,0.000040,0.000008,0.000037,0.000061,0.000075
571,,,,,,,,,,,,,,0.000004,0.000082,0.000080,0.000091,0.000095,0.000089,0.000072,0.000052,0.000055,0.000056,0.000055,0.000058,0.000057,0.000054,0.000047,0.000059,0.000057,0.000064,0.000040,0.000073,0.000070,0.000074,0.000075,0.000070,0.000021,0.000060,0.000081,0.000082,0.000061,0.000048,0.000036,0.000020,0.000012,0.000002,0.000025,0.000050,0.000062
572,,,,,,,,,,,,,,0.000010,0.000185,0.000167,0.000171,0.000204,0.000196,0.000159,0.000102,0.000115,0.000110,0.000095,0.000088,0.000086,0.000089,0.000075,0.000080,0.000063,0.000077,0.000044,0.000079,0.000083,0.000082,0.000066,0.000047,0.000014,0.000021,0.000019,0.000014,0.000013,0.000017,0.000013,0.000016,0.000018,0.000005,0.000077,0.000302,0.000606
573,,,,,,,,,,,,,,0.000003,0.000094,0.000086,0.000087,0.000107,0.000103,0.000073,0.000045,0.000045,0.000037,0.000047,0.000045,0.000049,0.000049,0.000047,0.000050,0.000055,0.000056,0.000028,0.000058,0.000059,0.000065,0.000055,0.000041,0.000017,0.000033,0.000068,0.000103,0.000117,0.000129,0.000151,0.000156,0.000126,0.000022,0.000062,0.000108,0.000122
574,,,,,,,,,,,,,,0.000013,0.000175,0.000167,0.000177,0.000212,0.000193,0.000152,0.000104,0.000098,0.000095,0.000097,0.000100,0.000106,0.000102,0.000102,0.000102,0.000096,0.000107,0.000055,0.000097,0.000097,0.000088,0.000084,0.000075,0.000012,0.000039,0.000055,0.000055,0.000046,0.000049,0.000047,0.000037,0.000026,0.000002,0.000033,0.000094,0.000200
575,,,,,,,,,,,,,,0.000006,0.000156,0.000128,0.000122,0.000152,0.000147,0.000123,0.000094,0.000082,0.000071,0.000083,0.000108,0.000116,0.000129,0.000160,0.000178,0.000173,0.000167,0.000100,0.000189,0.000218,0.000247,0.000280,0.000225,0.000090,0.000143,0.000166,0.000126,0.000076,0.000049,0.000033,0.000022,0.000016,0.000003,0.000042,0.000078,0.000121
576,,,,,,,,,,,,,,0.000003,0.000106,0.000116,0.000178,0.000160,0.000140,0.000087,0.000045,0.000039,0.000042,0.000039,0.000036,0.000044,0.000042,0.000042,0.000051,0.000038,0.000051,0.000045,0.000051,0.000060,0.000064,0.000071,0.000091,0.000107,0.000153,0.000092,0.000065,0.000045,0.000039,0.000033,0.000025,0.000020,0.000006,0.000033,0.000091,0.000128
577,,,,,,,,,,,,,,0.000003,0.000050,0.000037,0.000037,0.000041,0.000041,0.000037,0.000029,0.000041,0.000046,0.000041,0.000038,0.000044,0.000046,0.000048,0.000060,0.000049,0.000069,0.000268,0.000088,0.000076,0.000077,0.000084,0.000084,0.000029,0.000065,0.000109,0.000123,0.000116,0.000137,0.000095,0.000059,0.000036,0.000006,0.000039,0.000068,0.000082
578,,,,,,,,,,,,,,0.000001,0.000023,0.000013,0.000009,0.000010,0.000034,0.000057,0.000077,0.000104,0.000132,0.000164,0.000196,0.000225,0.000213,0.000219,0.000209,0.000183,0.000205,0.000186,0.000354,0.000361,0.000332,0.000300,0.000206,0.000066,0.000121,0.000127,0.000115,0.000104,0.000090,0.000085,0.000070,0.000046,0.000010,0.000026,0.000042,0.000044
579,,,,,,,,,,,,,,0.000003,0.000074,0.000065,0.000069,0.000082,0.000087,0.000090,0.000075,0.000067,0.000067,0.000068,0.000068,0.000080,0.000078,0.000077,0.000068,0.000062,0.000060,0.000048,0.000050,0.000038,0.000038,0.000038,0.000034,0.000023,0.000034,0.000043,0.000043,0.000042,0.000051,0.000063,0.000072,0.000070,0.000021,0.000090,0.000093,0.000099
580,,,,,,,,,,,,,,0.000004,0.000289,0.000434,0.000560,0.000712,0.000737,0.000628,0.000513,0.000404,0.000406,0.000372,0.000365,0.000348,0.000320,0.000302,0.000285,0.000232,0.000239,0.000108,0.000173,0.000152,0.000129,0.000113,0.000069,0.000018,0.000050,0.000063,0.000066,0.000052,0.000046,0.000035,0.000019,0.000011,0.000003,0.000047,0.000129,0.000184
581,,,,,,,,,,,,,,0.000003,0.000077,0.000069,0.000081,0.000090,0.000099,0.000085,0.000063,0.000071,0.000080,0.000080,0.000086,0.000088,0.000083,0.000074,0.000070,0.000066,0.000068,0.000045,0.000053,0.000043,0.000030,0.000018,0.000007,0.000048,0.000071,0.000045,0.000038,0.000031,0.000027,0.000025,0.000018,0.000011,0.000007,0.000037,0.000054,0.000067
582,,,,,,,,,,,,,,0.000018,0.000275,0.000259,0.000287,0.000348,0.000359,0.000307,0.000224,0.000226,0.000235,0.000226,0.000222,0.000214,0.000200,0.000193,0.000192,0.000172,0.000208,0.000138,0.000270,0.000296,0.000284,0.000249,0.000148,0.000031,0.000081,0.000083,0.000065,0.000056,0.000049,0.000025,0.000015,0.000006,0.000007,0.000086,0.000145,0.000190
583,,,,,,,,,,,,,,0.000003,0.000073,0.000067,0.000066,0.000068,0.000073,0.000060,0.000050,0.000046,0.000046,0.000049,0.000047,0.000050,0.000046,0.000047,0.000051,0.000045,0.000055,0.000042,0.000042,0.000055,0.000110,0.000195,0.000235,0.000064,0.000243,0.000316,0.000237,0.000157,0.000109,0.000087,0.000050,0.000033,0.000007,0.000017,0.000026,0.000045
584,,,,,,,,,,,,,,0.000002,0.000051,0.000060,0.000075,0.000127,0.000201,0.000259,0.000316,0.000362,0.000441,0.000500,0.000592,0.000590,0.000599,0.000582,0.000539,0.000387,0.000364,0.000149,0.000236,0.000206,0.000166,0.000151,0.000105,0.000031,0.000054,0.000075,0.000073,0.000060,0.000044,0.000033,0.000024,0.000020,0.000004,0.000026,0.000042,0.000054
585,,,,,,,,,,,,,,0.000003,0.000131,0.000170,0.000222,0.000270,0.000301,0.000274,0.000255,0.000260,0.000309,0.000292,0.000307,0.000299,0.000263,0.000277,0.000246,0.000150,0.000143,0.000075,0.000110,0.000112,0.000104,0.000100,0.000070,0.000019,0.000049,0.000064,0.000066,0.000051,0.000053,0.000047,0.000032,0.000019,0.000003,0.000046,0.000083,0.000085
586,,,,,,,,,,,,,,0.000002,0.000059,0.000063,0.000066,0.000090,0.000098,0.000078,0.000069,0.000068,0.000079,0.000087,0.000090,0.000103,0.000106,0.000130,0.000150,0.000193,0.000273,0.000190,0.000354,0.000358,0.000331,0.000282,0.000192,0.000040,0.000062,0.000052,0.000042,0.000035,0.000031,0.000024,0.000014,0.000005,0.000006,0.000046,0.000055,0.000068
587,,,,,,,,,,,,,,0.000003,0.000056,0.000055,0.000063,0.000082,0.000085,0.000085,0.000069,0.000065,0.000075,0.000078,0.000076,0.000090,0.000097,0.000096,0.000108,0.000111,0.000137,0.000089,0.000186,0.000218,0.000223,0.000198,0.000157,0.000029,0.000079,0.000098,0.000099,0.000074,0.000061,0.000056,0.000034,0.000024,0.000004,0.000029,0.000058,0.000077
588,,,,,,,,,,,,,,0.000004,0.000074,0.000060,0.000056,0.000059,0.000056,0.000050,0.000034,0.000037,0.000040,0.000051,0.000055,0.000070,0.000071,0.000072,0.000082,0.000068,0.000066,0.000029,0.000040,0.000028,0.000048,0.000082,0.000114,0.000047,0.000159,0.000279,0.000288,0.000229,0.000182,0.000142,0.000081,0.000047,0.000008,0.000024,0.000030,0.000044
589,,,,,,,,,,,,,,0.000003,0.000100,0.000121,0.000154,0.000200,0.000207,0.000208,0.000206,0.000293,0.000350,0.000337,0.000356,0.000385,0.000358,0.000269,0.000240,0.000261,0.000184,0.000080,0.000113,0.000103,0.000080,0.000069,0.000056,0.000029,0.000049,0.000047,0.000044,0.000034,0.000033,0.000029,0.000017,0.000013,0.000007,0.000127,0.000254,0.000281
590,,,,,,,,,,,,,,0.000004,0.000091,0.000094,0.000105,0.000128,0.000127,0.000103,0.000080,0.000076,0.000071,0.000073,0.000075,0.000087,0.000092,0.000090,0.000091,0.000080,0.000097,0.000046,0.000087,0.000083,0.000087,0.000077,0.000057,0.000010,0.000032,0.000042,0.000041,0.000038,0.000038,0.000039,0.000034,0.000022,0.000008,0.000067,0.000118,0.000186
591,,,,,,,,,,,,,,0.000003,0.000112,0.000099,0.000080,0.000076,0.000081,0.000067,0.000043,0.000045,0.000049,0.000047,0.000057,0.000062,0.000056,0.000051,0.000044,0.000047,0.000055,0.000058,0.000058,0.000067,0.000070,0.000077,0.000067,0.000029,0.000050,0.000061,0.000057,0.000047,0.000046,0.000036,0.000025,0.000021,0.000005,0.000023,0.000050,0.000054
592,,,,,,,,,,,,,,0.000003,0.000052,0.000049,0.000062,0.000111,0.000143,0.000151,0.000145,0.000162,0.000186,0.000210,0.000207,0.000210,0.000193,0.000171,0.000166,0.000156,0.000142,0.000076,0.000120,0.000112,0.000102,0.000102,0.000086,0.000036,0.000074,0.000068,0.000062,0.000053,0.000039,0.000022,0.000019,0.000014,0.000008,0.000032,0.000070,0.000083
593,,,,,,,,,,,,,,0.000003,0.000066,0.000071,0.000084,0.000093,0.000097,0.000079,0.000067,0.000060,0.000059,0.000057,0.000054,0.000054,0.000046,0.000048,0.000059,0.000050,0.000059,0.000032,0.000057,0.000060,0.000065,0.000075,0.000078,0.000057,0.000072,0.000071,0.000073,0.000068,0.000072,0.000076,0.000054,0.000038,0.000006,0.000039,0.000042,0.000032
594,,,,,,,,,,,,,,0.000004,0.000099,0.000106,0.000115,0.000150,0.000153,0.000131,0.000118,0.000124,0.000145,0.000143,0.000140,0.000150,0.000143,0.000133,0.000134,0.000119,0.000118,0.000058,0.000086,0.000077,0.000067,0.000059,0.000044,0.000019,0.000057,0.000050,0.000042,0.000046,0.000044,0.000034,0.000023,0.000015,0.000005,0.000108,0.000148,0.000194
595,,,,,,,,,,,,,,0.000004,0.000116,0.000130,0.000156,0.000197,0.000204,0.000154,0.000114,0.000105,0.000100,0.000088,0.000085,0.000077,0.000068,0.000068,0.000080,0.000076,0.000076,0.000046,0.000059,0.000060,0.000057,0.000063,0.000047,0.000019,0.000057,0.000097,0.000106,0.000118,0.000168,0.000129,0.000084,0.000052,0.000005,0.000039,0.000071,0.000086
596,,,,,,,,,,,,,,0.000012,0.000212,0.000186,0.000194,0.000270,0.000344,0.000345,0.000288,0.000341,0.000406,0.000448,0.000481,0.000527,0.000506,0.000522,0.000508,0.000434,0.000457,0.000265,0.000411,0.000416,0.000385,0.000333,0.000213,0.000034,0.000110,0.000160,0.000166,0.000140,0.000121,0.000104,0.000063,0.000028,0.000003,0.000104,0.000344,0.000700
597,,,,,,,,,,,,,,0.000005,0.000121,0.000126,0.000146,0.000181,0.000194,0.000170,0.000099,0.000106,0.000120,0.000123,0.000121,0.000139,0.000129,0.000131,0.000137,0.000126,0.000147,0.000073,0.000128,0.000133,0.000122,0.000125,0.000102,0.000016,0.000054,0.000077,0.000080,0.000079,0.000065,0.000067,0.000056,0.000054,0.000009,0.000100,0.000260,0.000358
598,,,,,,,,,,,,,,0.000004,0.000083,0.000082,0.000078,0.000099,0.000086,0.000072,0.000061,0.000054,0.000060,0.000063,0.000073,0.000062,0.000063,0.000058,0.000044,0.000046,0.000049,0.000039,0.000029,0.000022,0.000024,0.000032,0.000038,0.000050,0.000168,0.000239,0.000284,0.000326,0.000329,0.000313,0.000225,0.000147,0.000026,0.000125,0.000183,0.000204
599,,,,,,,,,,,,,,0.000001,0.000031,0.000056,0.000128,0.000214,0.000319,0.000342,0.000314,0.000296,0.000313,0.000298,0.000310,0.000300,0.000275,0.000272,0.000270,0.000244,0.000289,0.000174,0.000363,0.000401,0.000402,0.000354,0.000233,0.000041,0.000071,0.000077,0.000080,0.000073,0.000060,0.000042,0.000029,0.000024,0.000007,0.000023,0.000041,0.000052
600,,,,,,,,,,,,,,0.000005,0.000068,0.000069,0.000078,0.000094,0.000098,0.000079,0.000065,0.000053,0.000063,0.000054,0.000052,0.000050,0.000052,0.000050,0.000050,0.000039,0.000043,0.000026,0.000045,0.000050,0.000054,0.000058,0.000052,0.000020,0.000057,0.000095,0.000092,0.000079,0.000074,0.000073,0.000072,0.000088,0.000039,0.000206,0.000296,0.000324
601,,,,,,,,,,,,,,0.000005,0.000081,0.000054,0.000052,0.000059,0.000056,0.000051,0.000041,0.000052,0.000069,0.000088,0.000099,0.000115,0.000118,0.000121,0.000136,0.000138,0.000161,0.000095,0.000190,0.000194,0.000184,0.000168,0.000110,0.000036,0.000099,0.000133,0.000130,0.000103,0.000075,0.000050,0.000043,0.000019,0.000008,0.000038,0.000050,0.000063
602,,,,,,,,,,,,,,0.000005,0.000134,0.000123,0.000126,0.000160,0.000154,0.000143,0.000105,0.000115,0.000119,0.000141,0.000117,0.000136,0.000138,0.000129,0.000116,0.000107,0.000107,0.000069,0.000178,0.000207,0.000178,0.000170,0.000111,0.000037,0.000080,0.000082,0.000064,0.000053,0.000039,0.000022,0.000014,0.000014,0.000004,0.000023,0.000056,0.000098
603,,,,,,,,,,,,,,0.000004,0.000062,0.000064,0.000089,0.000115,0.000131,0.000128,0.000114,0.000123,0.000160,0.000199,0.000217,0.000186,0.000164,0.000147,0.000128,0.000107,0.000116,0.000070,0.000094,0.000064,0.000061,0.000053,0.000042,0.000012,0.000023,0.000029,0.000024,0.000016,0.000016,0.000016,0.000018,0.000014,0.000014,0.000099,0.000150,0.000184
604,,,,,,,,,,,,,,0.000005,0.000156,0.000159,0.000162,0.000194,0.000228,0.000232,0.000218,0.000254,0.000339,0.000410,0.000475,0.000560,0.000563,0.000579,0.000571,0.000535,0.000526,0.000238,0.000434,0.000413,0.000352,0.000321,0.000229,0.000039,0.000122,0.000174,0.000166,0.000139,0.000119,0.000124,0.000087,0.000058,0.000004,0.000017,0.000057,0.000052
605,,,,,,,,,,,,,,0.000004,0.000100,0.000094,0.000093,0.000110,0.000127,0.000111,0.000079,0.000077,0.000088,0.000096,0.000099,0.000106,0.000105,0.000097,0.000091,0.000073,0.000069,0.000043,0.000073,0.000080,0.000081,0.000080,0.000068,0.000017,0.000055,0.000073,0.000070,0.000059,0.000058,0.000067,0.000034,0.000028,0.000006,0.000050,0.000073,0.000090
606,,,,,,,,,,,,,,0.000003,0.000062,0.000055,0.000057,0.000067,0.000066,0.000066,0.000053,0.000048,0.000053,0.000039,0.000043,0.000042,0.000048,0.000048,0.000046,0.000032,0.000032,0.000099,0.000031,0.000034,0.000043,0.000046,0.000049,0.000048,0.000105,0.000126,0.000097,0.000075,0.000054,0.000047,0.000033,0.000025,0.000004,0.000030,0.000054,0.000071
607,,,,,,,,,,,,,,0.000002,0.000044,0.000050,0.000061,0.000096,0.000116,0.000119,0.000118,0.000150,0.000188,0.000220,0.000260,0.000303,0.000301,0.000335,0.000362,0.000291,0.000293,0.000144,0.000218,0.000190,0.000162,0.000147,0.000102,0.000053,0.000083,0.000079,0.000068,0.000058,0.000045,0.000035,0.000020,0.000012,0.000004,0.000021,0.000025,0.000041
608,,,,,,,,,,,,,,0.000002,0.000050,0.000055,0.000060,0.000079,0.000091,0.000087,0.000077,0.000086,0.000099,0.000112,0.000123,0.000130,0.000143,0.000138,0.000130,0.000113,0.000106,0.000049,0.000096,0.000097,0.000090,0.000097,0.000086,0.000025,0.000051,0.000078,0.000092,0.000080,0.000075,0.000068,0.000052,0.000039,0.000007,0.000045,0.000226,0.000370
609,,,,,,,,,,,,,,0.000012,0.000184,0.000154,0.000140,0.000171,0.000168,0.000151,0.000093,0.000110,0.000119,0.000121,0.000139,0.000154,0.000184,0.000198,0.000225,0.000228,0.000243,0.000137,0.000205,0.000186,0.000164,0.000126,0.000073,0.000020,0.000038,0.000042,0.000040,0.000043,0.000036,0.000027,0.000019,0.000012,0.000003,0.000069,0.000238,0.000552
610,,,,,,,,,,,,,,0.000006,0.000110,0.000095,0.000096,0.000105,0.000107,0.000090,0.000060,0.000061,0.000083,0.000094,0.000109,0.000104,0.000100,0.000107,0.000105,0.000106,0.000117,0.000070,0.000108,0.000110,0.000104,0.000086,0.000064,0.000033,0.000169,0.000333,0.000392,0.000301,0.000212,0.000127,0.000070,0.000050,0.000010,0.000024,0.000027,0.000034
611,,,,,,,,,,,,,,0.000009,0.000223,0.000220,0.000223,0.000243,0.000231,0.000174,0.000108,0.000098,0.000096,0.000092,0.000088,0.000089,0.000094,0.000096,0.000103,0.000133,0.000150,0.000086,0.000186,0.000161,0.000159,0.000134,0.000094,0.000017,0.000045,0.000057,0.000055,0.000055,0.000049,0.000038,0.000027,0.000020,0.000003,0.000009,0.000030,0.000040
612,,,,,,,,,,,,,,0.000017,0.000204,0.000162,0.000167,0.000236,0.000296,0.000349,0.000345,0.000463,0.000636,0.000738,0.000830,0.000897,0.000839,0.000780,0.000710,0.000548,0.000484,0.000196,0.000300,0.000257,0.000205,0.000171,0.000116,0.000019,0.000048,0.000062,0.000067,0.000062,0.000062,0.000054,0.000039,0.000028,0.000003,0.000107,0.000362,0.000682
613,,,,,,,,,,,,,,0.000006,0.000103,0.000101,0.000114,0.000136,0.000135,0.000106,0.000081,0.000066,0.000076,0.000080,0.000077,0.000080,0.000082,0.000078,0.000075,0.000067,0.000088,0.000053,0.000114,0.000099,0.000092,0.000079,0.000069,0.000028,0.000050,0.000062,0.000078,0.000066,0.000057,0.000057,0.000074,0.000044,0.000004,0.000031,0.000062,0.000094
614,,,,,,,,,,,,,,0.000006,0.000092,0.000075,0.000070,0.000079,0.000078,0.000068,0.000045,0.000044,0.000044,0.000041,0.000033,0.000036,0.000038,0.000039,0.000032,0.000019,0.000022,0.000058,0.000047,0.000062,0.000103,0.000120,0.000113,0.000047,0.000110,0.000096,0.000068,0.000043,0.000032,0.000028,0.000021,0.000012,0.000007,0.000117,0.000218,0.000348
615,,,,,,,,,,,,,,0.000011,0.000253,0.000217,0.000216,0.000220,0.000196,0.000160,0.000098,0.000107,0.000096,0.000096,0.000086,0.000084,0.000084,0.000097,0.000138,0.000129,0.000134,0.000081,0.000140,0.000137,0.000137,0.000113,0.000070,0.000017,0.000049,0.000064,0.000060,0.000053,0.000041,0.000034,0.000032,0.000022,0.000003,0.000031,0.000057,0.000073
616,,,,,,,,,,,,,,0.000003,0.000073,0.000066,0.000066,0.000076,0.000078,0.000068,0.000071,0.000049,0.000055,0.000055,0.000063,0.000061,0.000059,0.000065,0.000066,0.000061,0.000058,0.000055,0.000075,0.000082,0.000111,0.000164,0.000181,0.000095,0.000097,0.000111,0.000091,0.000066,0.000053,0.000041,0.000027,0.000021,0.000007,0.000055,0.000092,0.000104
617,,,,,,,,,,,,,,0.000009,0.000244,0.000213,0.000200,0.000228,0.000247,0.000191,0.000163,0.000116,0.000104,0.000088,0.000094,0.000094,0.000093,0.000092,0.000105,0.000106,0.000107,0.000069,0.000109,0.000102,0.000102,0.000080,0.000066,0.000030,0.000065,0.000097,0.000090,0.000065,0.000047,0.000021,0.000011,0.000008,0.000007,0.000052,0.000117,0.000229
618,,,,,,,,,,,,,,0.000002,0.000070,0.000080,0.000089,0.000131,0.000165,0.000212,0.000280,0.000293,0.000336,0.000381,0.000446,0.000431,0.000384,0.000371,0.000347,0.000254,0.000257,0.000128,0.000215,0.000240,0.000221,0.000220,0.000175,0.000035,0.000066,0.000096,0.000088,0.000067,0.000046,0.000036,0.000024,0.000016,0.000004,0.000019,0.000042,0.000056
619,,,,,,,,,,,,,,0.000003,0.000081,0.000082,0.000087,0.000088,0.000079,0.000064,0.000057,0.000052,0.000058,0.000066,0.000067,0.000065,0.000062,0.000054,0.000068,0.000056,0.000063,0.000045,0.000063,0.000067,0.000060,0.000046,0.000024,0.000017,0.000040,0.000048,0.000040,0.000036,0.000021,0.000014,0.000008,0.000005,0.000006,0.000033,0.000052,0.000080
620,,,,,,,,,,,,,,0.000009,0.000231,0.000196,0.000166,0.000182,0.000187,0.000161,0.000123,0.000113,0.000118,0.000134,0.000164,0.000192,0.000211,0.000246,0.000263,0.000243,0.000219,0.000097,0.000159,0.000151,0.000141,0.000140,0.000099,0.000038,0.000070,0.000065,0.000057,0.000039,0.000029,0.000013,0.000011,0.000008,0.000005,0.000100,0.000184,0.000319
621,,,,,,,,,,,,,,0.000005,0.000150,0.000150,0.000142,0.000154,0.000138,0.000123,0.000088,0.000069,0.000080,0.000079,0.000085,0.000101,0.000110,0.000123,0.000142,0.000168,0.000169,0.000105,0.000141,0.000124,0.000125,0.000141,0.000177,0.000083,0.000140,0.000130,0.000129,0.000084,0.000054,0.000024,0.000013,0.000011,0.000015,0.000058,0.000084,0.000099
622,,,,,,,,,,,,,,0.000003,0.000056,0.000053,0.000061,0.000060,0.000054,0.000040,0.000035,0.000031,0.000034,0.000033,0.000036,0.000039,0.000042,0.000040,0.000052,0.000052,0.000058,0.000038,0.000071,0.000069,0.000071,0.000072,0.000061,0.000024,0.000036,0.000052,0.000056,0.000051,0.000042,0.000029,0.000018,0.000010,0.000007,0.000034,0.000052,0.000066
623,,,,,,,,,,,,,,0.000004,0.000120,0.000123,0.000137,0.000170,0.000180,0.000154,0.000098,0.000157,0.000168,0.000158,0.000151,0.000145,0.000179,0.000175,0.000164,0.000340,0.000217,0.000192,0.000153,0.000155,0.000136,0.000145,0.000118,0.000020,0.000063,0.000097,0.000114,0.000118,0.000122,0.000112,0.000075,0.000054,0.000005,0.000037,0.000070,0.000101
624,,,,,,,,,,,,,,0.000003,0.000062,0.000058,0.000060,0.000075,0.000080,0.000082,0.000065,0.000063,0.000057,0.000055,0.000063,0.000066,0.000061,0.000054,0.000057,0.000060,0.000060,0.000051,0.000074,0.000074,0.000083,0.000076,0.000067,0.000053,0.000090,0.000107,0.000100,0.000087,0.000064,0.000036,0.000021,0.000014,0.000008,0.000039,0.000064,0.000087
625,,,,,,,,,,,,,,0.000003,0.000088,0.000131,0.000218,0.000397,0.000591,0.000609,0.000508,0.000555,0.000554,0.000539,0.000462,0.000409,0.000334,0.000265,0.000255,0.000197,0.000185,0.000091,0.000148,0.000133,0.000114,0.000092,0.000068,0.000017,0.000049,0.000058,0.000041,0.000031,0.000029,0.000035,0.000027,0.000021,0.000004,0.000029,0.000049,0.000094
626,,,,,,,,,,,,,,0.000008,0.000096,0.000082,0.000090,0.000096,0.000080,0.000064,0.000049,0.000040,0.000039,0.000028,0.000029,0.000032,0.000033,0.000029,0.000036,0.000033,0.000034,0.000027,0.000037,0.000032,0.000037,0.000033,0.000035,0.000029,0.000055,0.000046,0.000046,0.000056,0.000069,0.000084,0.000094,0.000072,0.000017,0.000103,0.000175,0.000312
627,,,,,,,,,,,,,,0.000006,0.000224,0.000248,0.000253,0.000296,0.000282,0.000196,0.000140,0.000137,0.000167,0.000154,0.000165,0.000170,0.000161,0.000152,0.000166,0.000148,0.000163,0.000099,0.000197,0.000250,0.000321,0.000377,0.000333,0.000085,0.000150,0.000176,0.000146,0.000091,0.000068,0.000036,0.000009,0.000011,0.000004,0.000101,0.000386,0.000516
628,,,,,,,,,,,,,,0.000010,0.000186,0.000153,0.000133,0.000135,0.000113,0.000095,0.000073,0.000073,0.000072,0.000082,0.000089,0.000071,0.000065,0.000056,0.000043,0.000040,0.000042,0.000022,0.000054,0.000064,0.000069,0.000071,0.000057,0.000014,0.000045,0.000055,0.000052,0.000051,0.000052,0.000047,0.000041,0.000030,0.000006,0.000027,0.000048,0.000070
629,,,,,,,,,,,,,,0.000003,0.000105,0.000107,0.000114,0.000116,0.000100,0.000074,0.000047,0.000046,0.000040,0.000032,0.000022,0.000023,0.000036,0.000049,0.000171,0.000139,0.000127,0.000068,0.000101,0.000102,0.000100,0.000087,0.000063,0.000018,0.000043,0.000059,0.000064,0.000048,0.000040,0.000036,0.000029,0.000023,0.000008,0.000037,0.000025,0.000031
630,,,,,,,,,,,,,,0.000004,0.000099,0.000109,0.000139,0.000159,0.000159,0.000149,0.000120,0.000120,0.000127,0.000126,0.000134,0.000134,0.000137,0.000127,0.000139,0.000140,0.000149,0.000080,0.000138,0.000155,0.000160,0.000197,0.000199,0.000047,0.000262,0.000472,0.000488,0.000345,0.000224,0.000125,0.000049,0.000013,0.000004,0.000067,0.000108,0.000149
631,,,,,,,,,,,,,,0.000005,0.000116,0.000093,0.000087,0.000079,0.000082,0.000065,0.000069,0.000073,0.000073,0.000075,0.000071,0.000056,0.000054,0.000046,0.000047,0.000042,0.000052,0.000049,0.000068,0.000074,0.000077,0.000079,0.000049,0.000026,0.000052,0.000051,0.000040,0.000038,0.000031,0.000021,0.000015,0.000013,0.000008,0.000045,0.000142,0.000242
632,,,,,,,,,,,,,,0.000002,0.000060,0.000072,0.000086,0.000109,0.000114,0.000093,0.000067,0.000072,0.000077,0.000082,0.000085,0.000098,0.000097,0.000099,0.000105,0.000106,0.000114,0.000054,0.000085,0.000069,0.000050,0.000047,0.000051,0.000017,0.000049,0.000063,0.000061,0.000063,0.000053,0.000034,0.000033,0.000033,0.000008,0.000057,0.000104,0.000097
633,,,,,,,,,,,,,,0.000004,0.000110,0.000102,0.000102,0.000115,0.000109,0.000097,0.000097,0.000072,0.000082,0.000093,0.000089,0.000081,0.000066,0.000078,0.000078,0.000071,0.000074,0.000057,0.000058,0.000051,0.000060,0.000073,0.000089,0.000052,0.000117,0.000178,0.000186,0.000143,0.000120,0.000083,0.000045,0.000024,0.000006,0.000074,0.000063,0.000095
634,,,,,,,,,,,,,,0.000002,0.000048,0.000046,0.000045,0.000054,0.000061,0.000051,0.000046,0.000053,0.000053,0.000051,0.000051,0.000058,0.000050,0.000050,0.000056,0.000051,0.000059,0.000046,0.000064,0.000071,0.000061,0.000051,0.000038,0.000021,0.000037,0.000042,0.000044,0.000052,0.000052,0.000078,0.000079,0.000078,0.000013,0.000047,0.000068,0.000086
635,,,,,,,,,,,,,,0.000003,0.000306,0.000422,0.000504,0.000587,0.000598,0.000490,0.000427,0.000415,0.000479,0.000457,0.000459,0.000444,0.000430,0.000400,0.000362,0.000307,0.000308,0.000142,0.000243,0.000227,0.000199,0.000163,0.000118,0.000024,0.000052,0.000068,0.000071,0.000054,0.000050,0.000045,0.000032,0.000019,0.000004,0.000029,0.000036,0.000037
636,,,,,,,,,,,,,,0.000002,0.000032,0.000041,0.000060,0.000090,0.000098,0.000095,0.000071,0.000102,0.000126,0.000153,0.000156,0.000181,0.000196,0.000207,0.000200,0.000188,0.000214,0.000107,0.000183,0.000162,0.000146,0.000144,0.000125,0.000030,0.000065,0.000095,0.000102,0.000085,0.000070,0.000061,0.000042,0.000031,0.000004,0.000032,0.000047,0.000053
637,,,,,,,,,,,,,,0.000005,0.000145,0.000170,0.000214,0.000265,0.000269,0.000206,0.000147,0.000110,0.000105,0.000107,0.000107,0.000110,0.000104,0.000103,0.000114,0.000108,0.000120,0.000080,0.000110,0.000107,0.000099,0.000088,0.000061,0.000023,0.000048,0.000056,0.000047,0.000037,0.000037,0.000026,0.000016,0.000009,0.000004,0.000041,0.000064,0.000096
638,,,,,,,,,,,,,,0.000004,0.000088,0.000067,0.000051,0.000063,0.000074,0.000081,0.000072,0.000070,0.000093,0.000095,0.000088,0.000095,0.000096,0.000106,0.000092,0.000080,0.000058,0.000091,0.000060,0.000063,0.000066,0.000066,0.000063,0.000029,0.000045,0.000051,0.000063,0.000067,0.000064,0.000053,0.000040,0.000033,0.000012,0.000134,0.000292,0.000433
639,,,,,,,,,,,,,,0.000006,0.000190,0.000202,0.000227,0.000337,0.000462,0.000514,0.000639,0.000542,0.000573,0.000560,0.000533,0.000504,0.000454,0.000407,0.000364,0.000315,0.000314,0.000169,0.000263,0.000256,0.000251,0.000233,0.000185,0.000035,0.000090,0.000119,0.000110,0.000089,0.000067,0.000055,0.000032,0.000022,0.000002,0.000010,0.000027,0.000064
640,,,,,,,,,,,,,,0.000002,0.000071,0.000099,0.000145,0.000250,0.000357,0.000437,0.000425,0.000358,0.000404,0.000408,0.000420,0.000395,0.000366,0.000418,0.000398,0.000297,0.000302,0.000188,0.000256,0.000244,0.000218,0.000191,0.000136,0.000028,0.000069,0.000101,0.000127,0.000108,0.000094,0.000078,0.000054,0.000038,0.000004,0.000015,0.000035,0.000054
641,,,,,,,,,,,,,,0.000003,0.000091,0.000097,0.000116,0.000153,0.000167,0.000155,0.000120,0.000128,0.000138,0.000150,0.000174,0.000227,0.000285,0.000371,0.000518,0.000604,0.000809,0.000481,0.000891,0.000892,0.000705,0.000548,0.000314,0.000043,0.000119,0.000130,0.000106,0.000083,0.000063,0.000041,0.000021,0.000015,0.000003,0.000028,0.000063,0.000096
642,,,,,,,,,,,,,,0.000002,0.000041,0.000047,0.000053,0.000070,0.000082,0.000086,0.000070,0.000076,0.000090,0.000097,0.000102,0.000112,0.000107,0.000117,0.000116,0.000103,0.000112,0.000065,0.000107,0.000111,0.000111,0.000122,0.000106,0.000022,0.000084,0.000129,0.000173,0.000165,0.000157,0.000134,0.000080,0.000051,0.000003,0.000027,0.000047,0.000066
643,,,,,,,,,,,,,,0.000003,0.000065,0.000069,0.000080,0.000100,0.000114,0.000117,0.000102,0.000106,0.000103,0.000098,0.000102,0.000109,0.000097,0.000090,0.000099,0.000092,0.000097,0.000058,0.000099,0.000092,0.000091,0.000087,0.000067,0.000019,0.000059,0.000089,0.000090,0.000059,0.000035,0.000019,0.000016,0.000016,0.000005,0.000047,0.000065,0.000079
644,,,,,,,,,,,,,,0.000004,0.000148,0.000136,0.000115,0.000107,0.000098,0.000077,0.000088,0.000062,0.000071,0.000065,0.000073,0.000068,0.000081,0.000098,0.000086,0.000080,0.000079,0.000099,0.000069,0.000068,0.000068,0.000060,0.000046,0.000029,0.000049,0.000056,0.000058,0.000068,0.000055,0.000044,0.000032,0.000019,0.000005,0.000025,0.000041,0.000055
645,,,,,,,,,,,,,,0.000004,0.000092,0.000090,0.000093,0.000108,0.000107,0.000093,0.000069,0.000070,0.000067,0.000057,0.000064,0.000068,0.000061,0.000059,0.000073,0.000061,0.000065,0.000045,0.000084,0.000111,0.000149,0.000210,0.000223,0.000050,0.000237,0.000360,0.000322,0.000221,0.000148,0.000104,0.000059,0.000032,0.000003,0.000021,0.000044,0.000061
646,,,,,,,,,,,,,,0.000003,0.000118,0.000140,0.000152,0.000191,0.000196,0.000177,0.000116,0.000129,0.000135,0.000146,0.000133,0.000140,0.000137,0.000124,0.000130,0.000126,0.000162,0.000102,0.000144,0.000153,0.000182,0.000248,0.000284,0.000064,0.000046,0.000026,0.000031,0.000042,0.000038,0.000033,0.000029,0.000030,0.000013,0.000069,0.000090,0.000103
647,,,,,,,,,,,,,,0.000001,0.000036,0.000039,0.000047,0.000064,0.000078,0.000074,0.000055,0.000082,0.000086,0.000099,0.000119,0.000151,0.000180,0.000184,0.000192,0.000182,0.000191,0.000106,0.000153,0.000131,0.000101,0.000069,0.000030,0.000015,0.000036,0.000083,0.000151,0.000232,0.000265,0.000262,0.000147,0.000058,0.000007,0.000030,0.000033,0.000035
648,,,,,,,,,,,,,,0.000001,0.000044,0.000051,0.000065,0.000097,0.000127,0.000135,0.000119,0.000143,0.000181,0.000242,0.000298,0.000324,0.000298,0.000289,0.000276,0.000231,0.000196,0.000091,0.000130,0.000129,0.000122,0.000119,0.000097,0.000020,0.000058,0.000078,0.000075,0.000076,0.000085,0.000077,0.000064,0.000062,0.000013,0.000074,0.000139,0.000125
649,,,,,,,,,,,,,,0.000003,0.000043,0.000038,0.000036,0.000040,0.000030,0.000024,0.000025,0.000017,0.000017,0.000014,0.000021,0.000021,0.000026,0.000021,0.000023,0.000023,0.000029,0.000032,0.000031,0.000032,0.000044,0.000046,0.000040,0.000017,0.000041,0.000059,0.000073,0.000081,0.000091,0.000108,0.000091,0.000074,0.000010,0.000086,0.000126,0.000140
650,,,,,,,,,,,,,,0.000007,0.000159,0.000141,0.000127,0.000142,0.000131,0.000107,0.000066,0.000058,0.000053,0.000051,0.000050,0.000054,0.000051,0.000038,0.000043,0.000043,0.000047,0.000039,0.000051,0.000054,0.000067,0.000074,0.000062,0.000021,0.000034,0.000041,0.000036,0.000033,0.000030,0.000024,0.000022,0.000018,0.000004,0.000021,0.000040,0.000041
651,,,,,,,,,,,,,,0.000009,0.000118,0.000103,0.000108,0.000116,0.000099,0.000085,0.000062,0.000065,0.000073,0.000059,0.000055,0.000048,0.000053,0.000057,0.000045,0.000036,0.000042,0.000037,0.000047,0.000051,0.000060,0.000061,0.000058,0.000019,0.000038,0.000055,0.000067,0.000067,0.000070,0.000059,0.000041,0.000034,0.000008,0.000087,0.000251,0.000461
652,,,,,,,,,,,,,,0.000012,0.000401,0.000373,0.000352,0.000376,0.000363,0.000317,0.000197,0.000184,0.000201,0.000220,0.000244,0.000277,0.000294,0.000327,0.000322,0.000277,0.000285,0.000131,0.000194,0.000176,0.000154,0.000128,0.000089,0.000021,0.000053,0.000064,0.000067,0.000065,0.000049,0.000040,0.000022,0.000015,0.000002,0.000034,0.000069,0.000107
653,,,,,,,,,,,,,,0.000003,0.000096,0.000074,0.000068,0.000083,0.000068,0.000047,0.000072,0.000038,0.000031,0.000023,0.000041,0.000041,0.000058,0.000060,0.000054,0.000089,0.000096,0.000248,0.000227,0.000232,0.000246,0.000222,0.000164,0.000034,0.000100,0.000125,0.000106,0.000080,0.000066,0.000046,0.000032,0.000024,0.000007,0.000025,0.000033,0.000027
654,,,,,,,,,,,,,,0.000005,0.000097,0.000086,0.000082,0.000082,0.000060,0.000029,0.000011,0.000011,-0.000001,-0.000007,-0.000006,-0.000004,0.000002,0.000010,0.000023,0.000039,0.000098,0.000133,0.000212,0.000229,0.000258,0.000263,0.000229,0.000091,0.000146,0.000167,0.000151,0.000123,0.000104,0.000083,0.000062,0.000046,0.000010,0.000029,0.000043,0.000075
655,,,,,,,,,,,,,,0.000003,0.000108,0.000132,0.000179,0.000233,0.000260,0.000218,0.000136,0.000125,0.000118,0.000097,0.000096,0.000096,0.000087,0.000092,0.000088,0.000084,0.000127,0.000082,0.000181,0.000233,0.000258,0.000275,0.000206,0.000031,0.000102,0.000144,0.000145,0.000117,0.000094,0.000075,0.000053,0.000028,0.000004,0.000072,0.000284,0.000357
656,,,,,,,,,,,,,,0.000004,0.000105,0.000118,0.000207,0.000228,0.000248,0.000202,0.000148,0.000144,0.000158,0.000159,0.000157,0.000172,0.000161,0.000151,0.000157,0.000148,0.000159,0.000078,0.000142,0.000130,0.000116,0.000092,0.000067,0.000019,0.000065,0.000074,0.000069,0.000057,0.000049,0.000030,0.000019,0.000013,0.000003,0.000048,0.000087,0.000111
657,,,,,,,,,,,,,,0.000003,0.000081,0.000079,0.000089,0.000116,0.000122,0.000120,0.000088,0.000088,0.000103,0.000108,0.000106,0.000108,0.000106,0.000105,0.000111,0.000118,0.000119,0.000059,0.000171,0.000164,0.000158,0.000131,0.000106,0.000020,0.000049,0.000058,0.000059,0.000052,0.000047,0.000039,0.000024,0.000017,0.000003,0.000070,0.000067,0.000082
658,,,,,,,,,,,,,,0.000003,0.000099,0.000125,0.000230,0.000243,0.000220,0.000155,0.000100,0.000109,0.000098,0.000098,0.000094,0.000097,0.000088,0.000087,0.000081,0.000081,0.000073,0.000032,0.000063,0.000062,0.000058,0.000061,0.000043,0.000017,0.000047,0.000060,0.000067,0.000066,0.000065,0.000058,0.000039,0.000019,0.000003,0.000014,0.000025,0.000035
659,,,,,,,,,,,,,,0.000004,0.000093,0.000086,0.000089,0.000093,0.000078,0.000057,0.000041,0.000032,0.000032,0.000027,0.000028,0.000025,0.000038,0.000036,0.000041,0.000042,0.000036,0.000034,0.000040,0.000048,0.000068,0.000108,0.000148,0.000061,0.000107,0.000100,0.000105,0.000117,0.000122,0.000123,0.000107,0.000100,0.000024,0.000125,0.000169,0.000166
660,,,,,,,,,,,,,,0.000002,0.000028,0.000028,0.000037,0.000048,0.000062,0.000074,0.000067,0.000069,0.000091,0.000123,0.000154,0.000178,0.000214,0.000264,0.000318,0.000309,0.000333,0.000182,0.000250,0.000240,0.000215,0.000194,0.000152,0.000039,0.000062,0.000079,0.000075,0.000065,0.000062,0.000052,0.000036,0.000028,0.000005,0.000036,0.000061,0.000059
661,,,,,,,,,,,,,,0.000003,0.000069,0.000054,0.000052,0.000074,0.000074,0.000064,0.000052,0.000052,0.000060,0.000059,0.000062,0.000052,0.000061,0.000065,0.000070,0.000082,0.000083,0.000057,0.000081,0.000087,0.000084,0.000084,0.000061,0.000039,0.000068,0.000088,0.000100,0.000131,0.000157,0.000117,0.000096,0.000077,0.000019,0.000095,0.000132,0.000155
662,,,,,,,,,,,,,,0.000003,0.000100,0.000108,0.000138,0.000218,0.000297,0.000294,0.000273,0.000259,0.000285,0.000289,0.000282,0.000248,0.000217,0.000199,0.000197,0.000148,0.000148,0.000061,0.000103,0.000081,0.000068,0.000075,0.000092,0.000020,0.000044,0.000069,0.000083,0.000075,0.000075,0.000078,0.000056,0.000040,0.000003,0.000040,0.000081,0.000116
663,,,,,,,,,,,,,,0.000004,0.000121,0.000137,0.000154,0.000214,0.000247,0.000248,0.000198,0.000221,0.000264,0.000294,0.000297,0.000315,0.000308,0.000306,0.000316,0.000277,0.000274,0.000122,0.000189,0.000169,0.000137,0.000124,0.000108,0.000018,0.000059,0.000078,0.000078,0.000062,0.000057,0.000059,0.000046,0.000031,0.000002,0.000042,0.000078,0.000096
664,,,,,,,,,,,,,,0.000002,0.000052,0.000049,0.000061,0.000082,0.000090,0.000085,0.000069,0.000088,0.000092,0.000105,0.000114,0.000117,0.000117,0.000116,0.000127,0.000113,0.000122,0.000065,0.000097,0.000078,0.000072,0.000052,0.000040,0.000012,0.000022,0.000034,0.000043,0.000045,0.000042,0.000044,0.000045,0.000051,0.000013,0.000074,0.000095,0.000110
665,,,,,,,,,,,,,,0.000003,0.000074,0.000081,0.000121,0.000144,0.000148,0.000127,0.000096,0.000082,0.000091,0.000081,0.000070,0.000077,0.000068,0.000075,0.000094,0.000069,0.000045,0.000222,0.000044,0.000035,0.000047,0.000048,0.000072,0.000083,0.000081,0.000056,0.000063,0.000073,0.000086,0.000085,0.000068,0.000062,0.000012,0.000064,0.000095,0.000121
666,,,,,,,,,,,,,,0.000003,0.000077,0.000075,0.000081,0.000102,0.000119,0.000151,0.000297,0.000158,0.000203,0.000145,0.000133,0.000130,0.000128,0.000122,0.000111,0.000159,0.000113,0.000234,0.000101,0.000089,0.000079,0.000071,0.000056,0.000036,0.000059,0.000057,0.000057,0.000040,0.000031,0.000018,0.000009,0.000004,0.000006,0.000042,0.000068,0.000090
667,,,,,,,,,,,,,,0.000004,0.000172,0.000174,0.000191,0.000232,0.000237,0.000190,0.000140,0.000124,0.000111,0.000096,0.000077,0.000055,0.000035,0.000020,0.000030,0.000030,0.000031,0.000036,0.000039,0.000041,0.000034,0.000035,0.000031,0.000017,0.000037,0.000045,0.000048,0.000049,0.000055,0.000063,0.000048,0.000039,0.000006,0.000025,0.000047,0.000071
668,,,,,,,,,,,,,,0.000003,0.000058,0.000060,0.000068,0.000069,0.000069,0.000050,0.000036,0.000037,0.000050,0.000058,0.000086,0.000123,0.000160,0.000210,0.000251,0.000300,0.000321,0.000189,0.000379,0.000437,0.000422,0.000377,0.000245,0.000045,0.000119,0.000147,0.000133,0.000096,0.000068,0.000051,0.000028,0.000016,0.000004,0.000027,0.000050,0.000074
669,,,,,,,,,,,,,,0.000004,0.000069,0.000070,0.000075,0.000095,0.000103,0.000100,0.000072,0.000069,0.000074,0.000074,0.000069,0.000080,0.000074,0.000084,0.000083,0.000068,0.000083,0.000044,0.000094,0.000100,0.000094,0.000097,0.000072,0.000024,0.000056,0.000065,0.000061,0.000062,0.000061,0.000056,0.000044,0.000034,0.000006,0.000070,0.000086,0.000162
670,,,,,,,,,,,,,,0.000007,0.000111,0.000102,0.000094,0.000103,0.000104,0.000088,0.000069,0.000069,0.000076,0.000080,0.000084,0.000089,0.000080,0.000067,0.000057,0.000051,0.000047,0.000032,0.000041,0.000036,0.000038,0.000045,0.000040,0.000017,0.000037,0.000059,0.000103,0.000111,0.000071,0.000040,0.000019,0.000005,0.000005,0.000031,0.000049,0.000066
671,,,,,,,,,,,,,,0.000005,0.000114,0.000094,0.000090,0.000094,0.000077,0.000059,0.000035,0.000038,0.000042,0.000037,0.000042,0.000035,0.000046,0.000057,0.000056,0.000056,0.000052,0.000047,0.000054,0.000064,0.000069,0.000068,0.000065,0.000024,0.000049,0.000069,0.000088,0.000095,0.000099,0.000105,0.000096,0.000091,0.000015,0.000062,0.000099,0.000117
672,,,,,,,,,,,,,,0.000004,0.000093,0.000081,0.000088,0.000088,0.000073,0.000057,0.000056,0.000061,0.000069,0.000049,0.000061,0.000082,0.000110,0.000117,0.000150,0.000150,0.000171,0.000157,0.000122,0.000107,0.000091,0.000088,0.000076,0.000060,0.000069,0.000060,0.000055,0.000047,0.000042,0.000043,0.000041,0.000034,0.000016,0.000053,0.000090,0.000133
673,,,,,,,,,,,,,,0.000005,0.000130,0.000154,0.000202,0.000285,0.000335,0.000323,0.000304,0.000253,0.000263,0.000235,0.000241,0.000215,0.000208,0.000198,0.000184,0.000121,0.000113,0.000051,0.000089,0.000088,0.000076,0.000068,0.000059,0.000051,0.000224,0.000231,0.000160,0.000125,0.000103,0.000072,0.000037,0.000019,0.000003,0.000046,0.000103,0.000140
674,,,,,,,,,,,,,,0.000007,0.000160,0.000160,0.000181,0.000230,0.000242,0.000213,0.000160,0.000158,0.000172,0.000182,0.000193,0.000205,0.000197,0.000200,0.000208,0.000168,0.000172,0.000113,0.000163,0.000150,0.000124,0.000095,0.000049,0.000017,0.000041,0.000045,0.000042,0.000031,0.000032,0.000018,0.000012,0.000007,0.000017,0.000211,0.000242,0.000325
675,,,,,,,,,,,,,,0.000015,0.000321,0.000331,0.000373,0.000447,0.000439,0.000368,0.000278,0.000244,0.000249,0.000250,0.000243,0.000248,0.000234,0.000243,0.000269,0.000239,0.000281,0.000151,0.000283,0.000278,0.000280,0.000269,0.000213,0.000050,0.000112,0.000139,0.000127,0.000095,0.000075,0.000058,0.000030,0.000018,0.000002,0.000037,0.000175,0.000301
676,,,,,,,,,,,,,,0.000002,0.000034,0.000044,0.000131,0.000155,0.000145,0.000123,0.000099,0.000096,0.000097,0.000101,0.000098,0.000099,0.000094,0.000088,0.000077,0.000070,0.000070,0.000035,0.000063,0.000066,0.000068,0.000080,0.000110,0.000043,0.000054,0.000056,0.000069,0.000071,0.000080,0.000120,0.000151,0.000156,0.000022,0.000059,0.000095,0.000114
677,,,,,,,,,,,,,,0.000003,0.000089,0.000104,0.000138,0.000198,0.000226,0.000208,0.000154,0.000158,0.000150,0.000145,0.000145,0.000135,0.000124,0.000115,0.000103,0.000090,0.000093,0.000071,0.000133,0.000117,0.000118,0.000092,0.000077,0.000023,0.000049,0.000071,0.000073,0.000073,0.000068,0.000050,0.000034,0.000021,0.000006,0.000031,0.000068,0.000089
678,,,,,,,,,,,,,,0.000002,0.000040,0.000021,0.000025,0.000025,0.000035,0.000046,0.000044,0.000054,0.000063,0.000063,0.000073,0.000080,0.000073,0.000063,0.000058,0.000060,0.000055,0.000039,0.000054,0.000064,0.000063,0.000064,0.000053,0.000031,0.000057,0.000069,0.000071,0.000066,0.000060,0.000052,0.000038,0.000026,0.000009,0.000054,0.000062,0.000115
679,,,,,,,,,,,,,,0.000007,0.000125,0.000114,0.000115,0.000126,0.000116,0.000110,0.000088,0.000104,0.000146,0.000211,0.000291,0.000380,0.000445,0.000517,0.000610,0.000588,0.000616,0.000299,0.000556,0.000575,0.000590,0.000603,0.000472,0.000073,0.000227,0.000279,0.000226,0.000168,0.000118,0.000090,0.000053,0.000034,0.000003,0.000019,0.000055,0.000137
680,,,,,,,,,,,,,,0.000002,0.000058,0.000074,0.000106,0.000146,0.000187,0.000227,0.000307,0.000319,0.000357,0.000363,0.000358,0.000310,0.000266,0.000210,0.000180,0.000138,0.000141,0.000067,0.000122,0.000112,0.000098,0.000091,0.000073,0.000027,0.000059,0.000070,0.000054,0.000046,0.000044,0.000033,0.000028,0.000021,0.000003,0.000020,0.000050,0.000061
681,,,,,,,,,,,,,,0.000005,0.000109,0.000084,0.000066,0.000068,0.000076,0.000055,0.000059,0.000060,0.000071,0.000076,0.000064,0.000069,0.000075,0.000069,0.000071,0.000067,0.000069,0.000065,0.000095,0.000107,0.000112,0.000115,0.000102,0.000058,0.000072,0.000075,0.000068,0.000054,0.000054,0.000052,0.000048,0.000043,0.000015,0.000069,0.000149,0.000264
682,,,,,,,,,,,,,,0.000003,0.000066,0.000065,0.000074,0.000076,0.000061,0.000051,0.000054,0.000054,0.000049,0.000037,0.000041,0.000038,0.000032,0.000034,0.000043,0.000046,0.000061,0.000054,0.000074,0.000084,0.000088,0.000078,0.000062,0.000024,0.000040,0.000047,0.000052,0.000044,0.000041,0.000029,0.000018,0.000015,0.000007,0.000067,0.000086,0.000110
683,,,,,,,,,,,,,,0.000008,0.000217,0.000206,0.000196,0.000220,0.000202,0.000158,0.000117,0.000095,0.000095,0.000085,0.000083,0.000076,0.000072,0.000053,0.000059,0.000048,0.000050,0.000034,0.000045,0.000039,0.000038,0.000047,0.000042,0.000023,0.000062,0.000069,0.000055,0.000059,0.000049,0.000043,0.000050,0.000062,0.000029,0.000156,0.000166,0.000170
684,,,,,,,,,,,,,,0.000002,0.000058,0.000084,0.000174,0.000318,0.000448,0.000503,0.000416,0.000522,0.000577,0.000593,0.000535,0.000515,0.000460,0.000441,0.000387,0.000311,0.000314,0.000143,0.000220,0.000192,0.000164,0.000149,0.000118,0.000032,0.000074,0.000089,0.000080,0.000048,0.000035,0.000034,0.000017,0.000012,0.000004,0.000029,0.000062,0.000077
685,,,,,,,,,,,,,,0.000010,0.000212,0.000177,0.000167,0.000173,0.000163,0.000124,0.000085,0.000079,0.000082,0.000090,0.000082,0.000079,0.000069,0.000059,0.000065,0.000052,0.000050,0.000026,0.000038,0.000038,0.000037,0.000029,0.000022,0.000010,0.000021,0.000016,0.000024,0.000031,0.000035,0.000033,0.000021,0.000015,0.000003,0.000013,0.000021,0.000031
686,,,,,,,,,,,,,,0.000004,0.000060,0.000041,0.000042,0.000048,0.000062,0.000051,0.000049,0.000062,0.000076,0.000092,0.000092,0.000096,0.000112,0.000130,0.000126,0.000069,0.000052,0.000032,0.000036,0.000022,0.000036,0.000053,0.000071,0.000029,0.000099,0.000178,0.000199,0.000171,0.000137,0.000130,0.000081,0.000065,0.000016,0.000120,0.000216,0.000309
687,,,,,,,,,,,,,,0.000003,0.000067,0.000066,0.000077,0.000093,0.000096,0.000090,0.000098,0.000078,0.000103,0.000113,0.000118,0.000143,0.000220,0.000215,0.000136,0.000117,0.000113,0.000064,0.000117,0.000112,0.000117,0.000114,0.000095,0.000024,0.000078,0.000095,0.000099,0.000116,0.000127,0.000097,0.000057,0.000034,0.000003,0.000041,0.000066,0.000092
688,,,,,,,,,,,,,,0.000007,0.000139,0.000148,0.000162,0.000198,0.000199,0.000158,0.000129,0.000110,0.000112,0.000103,0.000099,0.000116,0.000121,0.000132,0.000140,0.000116,0.000119,0.000052,0.000093,0.000086,0.000086,0.000066,0.000046,0.000013,0.000055,0.000090,0.000091,0.000093,0.000084,0.000067,0.000041,0.000030,0.000016,0.000204,0.000295,0.000392
689,,,,,,,,,,,,,,0.000001,0.000038,0.000043,0.000060,0.000092,0.000105,0.000090,0.000064,0.000055,0.000058,0.000060,0.000059,0.000057,0.000052,0.000056,0.000063,0.000065,0.000073,0.000042,0.000090,0.000098,0.000133,0.000145,0.000120,0.000056,0.000079,0.000090,0.000084,0.000076,0.000068,0.000056,0.000043,0.000034,0.000008,0.000018,0.000032,0.000041
690,,,,,,,,,,,,,,0.000002,0.000060,0.000068,0.000081,0.000107,0.000112,0.000111,0.000091,0.000083,0.000081,0.000099,0.000108,0.000120,0.000117,0.000115,0.000124,0.000120,0.000114,0.000070,0.000097,0.000097,0.000087,0.000085,0.000061,0.000014,0.000031,0.000032,0.000029,0.000028,0.000024,0.000017,0.000019,0.000024,0.000011,0.000053,0.000129,0.000156
691,,,,,,,,,,,,,,0.000003,0.000086,0.000128,0.000231,0.000426,0.000613,0.000662,0.000560,0.000501,0.000469,0.000407,0.000346,0.000295,0.000241,0.000210,0.000187,0.000135,0.000125,0.000074,0.000112,0.000106,0.000092,0.000086,0.000058,0.000028,0.000050,0.000050,0.000045,0.000033,0.000033,0.000029,0.000021,0.000015,0.000006,0.000033,0.000060,0.000099
692,,,,,,,,,,,,,,0.000009,0.000208,0.000180,0.000184,0.000224,0.000220,0.000193,0.000140,0.000145,0.000159,0.000162,0.000157,0.000149,0.000142,0.000129,0.000124,0.000102,0.000103,0.000082,0.000098,0.000091,0.000094,0.000080,0.000048,0.000020,0.000066,0.000069,0.000057,0.000048,0.000037,0.000034,0.000030,0.000023,0.000006,0.000082,0.000136,0.000192
693,,,,,,,,,,,,,,0.000014,0.000343,0.000356,0.000400,0.000475,0.000496,0.000405,0.000282,0.000243,0.000249,0.000242,0.000233,0.000224,0.000212,0.000214,0.000230,0.000219,0.000243,0.000128,0.000252,0.000261,0.000257,0.000259,0.000213,0.000041,0.000156,0.000295,0.000394,0.000390,0.000315,0.000203,0.000092,0.000045,0.000003,0.000079,0.000146,0.000222
694,,,,,,,,,,,,,,0.000003,0.000061,0.000062,0.000071,0.000075,0.000081,0.000066,0.000060,0.000067,0.000076,0.000078,0.000077,0.000076,0.000067,0.000060,0.000056,0.000044,0.000056,0.000031,0.000052,0.000042,0.000033,0.000018,0.000015,0.000010,0.000025,0.000034,0.000033,0.000028,0.000027,0.000034,0.000058,0.000080,0.000031,0.000120,0.000148,0.000174
695,,,,,,,,,,,,,,0.000005,0.000106,0.000092,0.000099,0.000119,0.000122,0.000097,0.000068,0.000068,0.000056,0.000055,0.000060,0.000053,0.000046,0.000042,0.000036,0.000020,0.000013,0.000008,0.000016,0.000013,0.000015,0.000014,0.000009,0.000016,0.000022,0.000021,0.000027,0.000048,0.000064,0.000069,0.000068,0.000060,0.000015,0.000086,0.000147,0.000238
696,,,,,,,,,,,,,,0.000003,0.000094,0.000082,0.000098,0.000099,0.000079,0.000067,0.000054,0.000069,0.000084,0.000099,0.000115,0.000157,0.000193,0.000203,0.000303,0.000330,0.000326,0.000204,0.000271,0.000212,0.000183,0.000138,0.000095,0.000022,0.000045,0.000060,0.000059,0.000056,0.000057,0.000048,0.000037,0.000030,0.000005,0.000034,0.000075,0.000096
697,,,,,,,,,,,,,,0.000001,0.000043,0.000057,0.000067,0.000073,0.000077,0.000070,0.000056,0.000061,0.000067,0.000064,0.000063,0.000065,0.000066,0.000066,0.000079,0.000063,0.000068,0.000052,0.000094,0.000104,0.000124,0.000139,0.000146,0.000060,0.000070,0.000106,0.000145,0.000164,0.000197,0.000170,0.000127,0.000096,0.000013,0.000060,0.000077,0.000077
698,,,,,,,,,,,,,,0.000008,0.000162,0.000160,0.000174,0.000203,0.000193,0.000153,0.000105,0.000115,0.000116,0.000115,0.000114,0.000116,0.000102,0.000088,0.000086,0.000089,0.000093,0.000080,0.000112,0.000135,0.000151,0.000167,0.000137,0.000024,0.000079,0.000113,0.000111,0.000132,0.000156,0.000169,0.000131,0.000073,0.000004,0.000034,0.000067,0.000106
699,,,,,,,,,,,,,,0.000012,0.000235,0.000251,0.000283,0.000348,0.000351,0.000278,0.000189,0.000160,0.000162,0.000160,0.000144,0.000145,0.000135,0.000127,0.000120,0.000101,0.000111,0.000055,0.000092,0.000081,0.000070,0.000052,0.000037,0.000016,0.000037,0.000046,0.000056,0.000048,0.000044,0.000041,0.000039,0.000027,0.000003,0.000026,0.000083,0.000174
700,,,,,,,,,,,,,,0.000004,0.000104,0.000102,0.000112,0.000132,0.000118,0.000098,0.000074,0.000065,0.000071,0.000063,0.000054,0.000053,0.000042,0.000044,0.000046,0.000054,0.000063,0.000048,0.000067,0.000061,0.000056,0.000050,0.000033,0.000014,0.000034,0.000035,0.000041,0.000040,0.000036,0.000027,0.000026,0.000020,0.000007,0.000045,0.000067,0.000088
701,,,,,,,,,,,,,,0.000002,0.000046,0.000062,0.000089,0.000147,0.000160,0.000150,0.000096,0.000089,0.000082,0.000080,0.000076,0.000090,0.000090,0.000083,0.000075,0.000066,0.000089,0.000112,0.000130,0.000115,0.000109,0.000086,0.000066,0.000022,0.000042,0.000059,0.000089,0.000123,0.000155,0.000143,0.000121,0.000088,0.000021,0.000159,0.000148,0.000138
702,,,,,,,,,,,,,,0.000003,0.000077,0.000067,0.000078,0.000090,0.000090,0.000082,0.000065,0.000085,0.000105,0.000137,0.000164,0.000193,0.000199,0.000208,0.000207,0.000165,0.000157,0.000073,0.000092,0.000065,0.000046,0.000036,0.000029,0.000017,0.000030,0.000025,0.000028,0.000030,0.000029,0.000031,0.000026,0.000031,0.000009,0.000052,0.000078,0.000130
703,,,,,,,,,,,,,,0.000005,0.000143,0.000153,0.000166,0.000204,0.000209,0.000164,0.000111,0.000118,0.000132,0.000118,0.000118,0.000114,0.000123,0.000127,0.000106,0.000099,0.000114,0.000079,0.000102,0.000114,0.000117,0.000116,0.000102,0.000042,0.000062,0.000080,0.000084,0.000085,0.000074,0.000085,0.000089,0.000068,0.000012,0.000083,0.000080,0.000116
704,,,,,,,,,,,,,,0.000003,0.000069,0.000071,0.000085,0.000103,0.000096,0.000101,0.000075,0.000072,0.000075,0.000081,0.000093,0.000093,0.000083,0.000081,0.000080,0.000073,0.000074,0.000054,0.000053,0.000059,0.000070,0.000081,0.000081,0.000023,0.000052,0.000050,0.000054,0.000053,0.000055,0.000047,0.000037,0.000024,0.000006,0.000029,0.000046,0.000060
705,,,,,,,,,,,,,,0.000003,0.000095,0.000090,0.000094,0.000123,0.000121,0.000102,0.000075,0.000079,0.000085,0.000087,0.000080,0.000075,0.000076,0.000078,0.000081,0.000068,0.000078,0.000048,0.000068,0.000065,0.000059,0.000062,0.000063,0.000024,0.000056,0.000065,0.000060,0.000053,0.000035,0.000026,0.000016,0.000009,0.000003,0.000034,0.000053,0.000095
706,,,,,,,,,,,,,,0.000003,0.000167,0.000237,0.000317,0.000468,0.000518,0.000410,0.000278,0.000252,0.000223,0.000216,0.000194,0.000181,0.000147,0.000140,0.000156,0.000130,0.000127,0.000084,0.000116,0.000110,0.000099,0.000102,0.000094,0.000036,0.000053,0.000052,0.000054,0.000047,0.000050,0.000049,0.000028,0.000020,0.000003,0.000023,0.000033,0.000054
707,,,,,,,,,,,,,,0.000002,0.000082,0.000084,0.000091,0.000118,0.000127,0.000100,0.000075,0.000079,0.000087,0.000082,0.000083,0.000082,0.000075,0.000081,0.000090,0.000111,0.000126,0.000074,0.000117,0.000115,0.000102,0.000094,0.000067,0.000063,0.000041,0.000053,0.000054,0.000046,0.000043,0.000034,0.000024,0.000020,0.000003,0.000028,0.000034,0.000054
708,,,,,,,,,,,,,,0.000003,0.000060,0.000051,0.000049,0.000043,0.000033,0.000031,0.000032,0.000034,0.000063,0.000059,0.000057,0.000063,0.000057,0.000056,0.000065,0.000056,0.000065,0.000046,0.000082,0.000099,0.000117,0.000114,0.000103,0.000071,0.000100,0.000075,0.000069,0.000062,0.000053,0.000042,0.000033,0.000025,0.000007,0.000026,0.000038,0.000047
709,,,,,,,,,,,,,,0.000004,0.000109,0.000124,0.000156,0.000192,0.000191,0.000170,0.000110,0.000104,0.000110,0.000107,0.000115,0.000102,0.000095,0.000091,0.000099,0.000104,0.000097,0.000056,0.000099,0.000126,0.000187,0.000296,0.000332,0.000077,0.000344,0.000521,0.000422,0.000255,0.000145,0.000072,0.000023,0.000007,0.000004,0.000024,0.000051,0.000068
710,,,,,,,,,,,,,,0.000006,0.000109,0.000116,0.000145,0.000167,0.000167,0.000142,0.000124,0.000099,0.000094,0.000091,0.000099,0.000107,0.000099,0.000085,0.000088,0.000070,0.000084,0.000049,0.000065,0.000058,0.000052,0.000045,0.000037,0.000054,0.000046,0.000070,0.000128,0.000165,0.000206,0.000159,0.000091,0.000045,0.000006,0.000039,0.000061,0.000081
711,,,,,,,,,,,,,,0.000005,0.000145,0.000112,0.000100,0.000094,0.000098,0.000087,0.000070,0.000050,0.000039,0.000034,0.000032,0.000030,0.000039,0.000046,0.000077,0.000090,0.000123,0.000106,0.000191,0.000209,0.000222,0.000219,0.000151,0.000068,0.000159,0.000161,0.000147,0.000118,0.000085,0.000066,0.000050,0.000040,0.000010,0.000062,0.000081,0.000098
712,,,,,,,,,,,,,,0.000003,0.000076,0.000073,0.000079,0.000082,0.000074,0.000061,0.000052,0.000054,0.000057,0.000060,0.000066,0.000071,0.000061,0.000074,0.000078,0.000080,0.000074,0.000059,0.000075,0.000073,0.000080,0.000070,0.000053,0.000034,0.000048,0.000057,0.000076,0.000096,0.000078,0.000038,0.000025,0.000020,0.000012,0.000076,0.000116,0.000164
713,,,,,,,,,,,,,,0.000002,0.000037,0.000031,0.000034,0.000041,0.000043,0.000039,0.000027,0.000031,0.000041,0.000046,0.000050,0.000053,0.000051,0.000050,0.000058,0.000047,0.000051,0.000043,0.000047,0.000051,0.000102,0.000069,0.000047,0.000045,0.000040,0.000049,0.000061,0.000054,0.000046,0.000034,0.000022,0.000018,0.000005,0.000026,0.000050,0.000085
714,,,,,,,,,,,,,,0.000004,0.000062,0.000053,0.000066,0.000061,0.000043,0.000035,0.000029,0.000023,0.000034,0.000023,0.000021,0.000016,0.000015,0.000013,0.000011,0.000014,0.000019,0.000039,0.000063,0.000102,0.000134,0.000134,0.000099,0.000034,0.000067,0.000077,0.000065,0.000056,0.000069,0.000077,0.000080,0.000085,0.000020,0.000178,0.000275,0.000330
715,,,,,,,,,,,,,,0.000005,0.000337,0.000518,0.000647,0.000789,0.000726,0.000530,0.000334,0.000268,0.000222,0.000187,0.000163,0.000145,0.000133,0.000127,0.000115,0.000093,0.000099,0.000049,0.000088,0.000088,0.000086,0.000083,0.000055,0.000024,0.000051,0.000057,0.000057,0.000047,0.000040,0.000030,0.000023,0.000016,0.000005,0.000045,0.000085,0.000148
716,,,,,,,,,,,,,,0.000004,0.000097,0.000098,0.000116,0.000157,0.000194,0.000187,0.000136,0.000136,0.000146,0.000147,0.000152,0.000147,0.000135,0.000125,0.000133,0.000136,0.000154,0.000117,0.000163,0.000174,0.000174,0.000148,0.000096,0.000030,0.000062,0.000057,0.000052,0.000043,0.000034,0.000024,0.000015,0.000009,0.000006,0.000089,0.000379,0.000488
717,,,,,,,,,,,,,,0.000002,0.000061,0.000059,0.000062,0.000073,0.000065,0.000058,0.000046,0.000046,0.000049,0.000048,0.000053,0.000057,0.000056,0.000058,0.000056,0.000054,0.000059,0.000044,0.000059,0.000073,0.000083,0.000081,0.000070,0.000023,0.000054,0.000051,0.000057,0.000042,0.000035,0.000026,0.000016,0.000018,0.000006,0.000028,0.000044,0.000054
718,,,,,,,,,,,,,,0.000005,0.000100,0.000094,0.000090,0.000101,0.000105,0.000087,0.000063,0.000055,0.000059,0.000066,0.000064,0.000074,0.000071,0.000071,0.000061,0.000056,0.000040,0.000025,0.000020,0.000015,0.000018,0.000026,0.000027,0.000016,0.000038,0.000055,0.000059,0.000057,0.000113,0.000081,0.000052,0.000035,0.000006,0.000049,0.000078,0.000101
719,,,,,,,,,,,,,,0.000002,0.000051,0.000050,0.000059,0.000072,0.000069,0.000061,0.000048,0.000036,0.000039,0.000039,0.000041,0.000041,0.000035,0.000031,0.000031,0.000034,0.000040,0.000025,0.000050,0.000051,0.000050,0.000035,0.000017,0.000012,0.000026,0.000023,0.000024,0.000029,0.000046,0.000066,0.000074,0.000074,0.000017,0.000059,0.000082,0.000111
720,,,,,,,,,,,,,,0.000002,0.000051,0.000051,0.000060,0.000079,0.000108,0.000126,0.000133,0.000133,0.000173,0.000199,0.000237,0.000252,0.000260,0.000248,0.000223,0.000179,0.000172,0.000101,0.000145,0.000139,0.000122,0.000112,0.000098,0.000040,0.000071,0.000088,0.000079,0.000046,0.000030,0.000019,0.000012,0.000009,0.000006,0.000022,0.000034,0.000057
721,,,,,,,,,,,,,,0.000004,0.000084,0.000076,0.000083,0.000097,0.000097,0.000091,0.000082,0.000089,0.000095,0.000090,0.000088,0.000091,0.000099,0.000087,0.000098,0.000111,0.000096,0.000058,0.000096,0.000121,0.000143,0.000168,0.000137,0.000064,0.000143,0.000192,0.000163,0.000099,0.000057,0.000022,0.000012,0.000004,0.000005,0.000019,0.000039,0.000059
722,,,,,,,,,,,,,,0.000005,0.000108,0.000101,0.000109,0.000115,0.000098,0.000067,0.000061,0.000049,0.000059,0.000052,0.000073,0.000085,0.000104,0.000129,0.000180,0.000163,0.000163,0.000318,0.000142,0.000104,0.000077,0.000054,0.000039,0.000079,0.000037,0.000035,0.000035,0.000040,0.000045,0.000032,0.000029,0.000024,0.000016,0.000100,0.000138,0.000183
723,,,,,,,,,,,,,,0.000002,0.000043,0.000034,0.000030,0.000031,0.000027,0.000029,0.000040,0.000036,0.000056,0.000073,0.000098,0.000127,0.000184,0.000208,0.000239,0.000233,0.000229,0.000116,0.000163,0.000151,0.000148,0.000150,0.000105,0.000051,0.000091,0.000088,0.000071,0.000072,0.000122,0.000057,0.000031,0.000020,0.000006,0.000021,0.000036,0.000048
724,,,,,,,,,,,,,,0.000002,0.000052,0.000052,0.000057,0.000066,0.000075,0.000070,0.000058,0.000061,0.000070,0.000077,0.000086,0.000092,0.000098,0.000112,0.000103,0.000098,0.000112,0.000061,0.000130,0.000146,0.000145,0.000160,0.000139,0.000033,0.000075,0.000098,0.000107,0.000086,0.000082,0.000071,0.000050,0.000035,0.000005,0.000017,0.000033,0.000033
725,,,,,,,,,,,,,,0.000003,0.000081,0.000133,0.000278,0.000463,0.000624,0.000628,0.000505,0.000491,0.000513,0.000520,0.000469,0.000456,0.000396,0.000371,0.000343,0.000298,0.000291,0.000136,0.000222,0.000204,0.000178,0.000147,0.000097,0.000029,0.000068,0.000076,0.000064,0.000042,0.000027,0.000011,0.000004,0.000002,0.000005,0.000038,0.000063,0.000099
726,,,,,,,,,,,,,,0.000008,0.000167,0.000154,0.000151,0.000180,0.000163,0.000142,0.000121,0.000110,0.000118,0.000136,0.000155,0.000142,0.000120,0.000146,0.000158,0.000126,0.000113,0.000082,0.000091,0.000071,0.000057,0.000048,0.000037,0.000022,0.000042,0.000050,0.000050,0.000042,0.000033,0.000025,0.000016,0.000008,0.000006,0.000028,0.000056,0.000076
727,,,,,,,,,,,,,,0.000004,0.000130,0.000130,0.000121,0.000132,0.000127,0.000106,0.000071,0.000072,0.000081,0.000092,0.000096,0.000100,0.000113,0.000143,0.000166,0.000150,0.000163,0.000092,0.000162,0.000155,0.000153,0.000152,0.000126,0.000026,0.000072,0.000097,0.000099,0.000087,0.000086,0.000073,0.000049,0.000035,0.000002,0.000013,0.000034,0.000048
728,,,,,,,,,,,,,,0.000002,0.000034,0.000032,0.000038,0.000050,0.000052,0.000047,0.000058,0.000056,0.000066,0.000087,0.000100,0.000089,0.000079,0.000083,0.000074,0.000056,0.000062,0.000038,0.000075,0.000072,0.000071,0.000080,0.000076,0.000019,0.000051,0.000101,0.000119,0.000112,0.000139,0.000134,0.000129,0.000107,0.000012,0.000055,0.000070,0.000106
729,,,,,,,,,,,,,,0.000008,0.000226,0.000211,0.000199,0.000215,0.000217,0.000180,0.000136,0.000126,0.000126,0.000127,0.000118,0.000102,0.000093,0.000085,0.000075,0.000061,0.000056,0.000046,0.000050,0.000054,0.000059,0.000062,0.000050,0.000022,0.000040,0.000043,0.000044,0.000037,0.000033,0.000021,0.000011,0.000008,0.000003,0.000012,0.000030,0.000039
730,,,,,,,,,,,,,,0.000007,0.000175,0.000146,0.000134,0.000149,0.000150,0.000114,0.000083,0.000068,0.000069,0.000078,0.000083,0.000077,0.000078,0.000071,0.000079,0.000073,0.000097,0.000081,0.000159,0.000196,0.000201,0.000204,0.000145,0.000038,0.000067,0.000064,0.000052,0.000048,0.000054,0.000034,0.000015,0.000015,0.000005,0.000036,0.000052,0.000083
731,,,,,,,,,,,,,,0.000003,0.000098,0.000109,0.000130,0.000183,0.000226,0.000216,0.000171,0.000185,0.000205,0.000216,0.000221,0.000230,0.000209,0.000189,0.000180,0.000163,0.000177,0.000094,0.000163,0.000154,0.000152,0.000157,0.000141,0.000031,0.000071,0.000092,0.000088,0.000072,0.000053,0.000048,0.000039,0.000027,0.000002,0.000036,0.000065,0.000088
732,,,,,,,,,,,,,,0.000004,0.000118,0.000122,0.000162,0.000216,0.000272,0.000292,0.000248,0.000326,0.000385,0.000426,0.000456,0.000503,0.000531,0.000583,0.000611,0.000488,0.000527,0.000263,0.000376,0.000338,0.000282,0.000250,0.000180,0.000030,0.000093,0.000119,0.000108,0.000089,0.000075,0.000057,0.000032,0.000016,0.000002,0.000032,0.000083,0.000141
733,,,,,,,,,,,,,,0.000003,0.000065,0.000065,0.000070,0.000088,0.000094,0.000078,0.000054,0.000050,0.000053,0.000051,0.000054,0.000058,0.000060,0.000065,0.000082,0.000093,0.000105,0.000064,0.000164,0.000213,0.000242,0.000233,0.000170,0.000025,0.000084,0.000107,0.000102,0.000090,0.000102,0.000102,0.000085,0.000059,0.000004,0.000022,0.000054,0.000082
734,,,,,,,,,,,,,,0.000004,0.000077,0.000063,0.000062,0.000078,0.000094,0.000098,0.000091,0.000102,0.000120,0.000120,0.000131,0.000145,0.000151,0.000147,0.000128,0.000109,0.000096,0.000067,0.000065,0.000078,0.000076,0.000070,0.000055,0.000041,0.000064,0.000051,0.000048,0.000041,0.000032,0.000021,0.000016,0.000016,0.000015,0.000090,0.000158,0.000222
735,,,,,,,,,,,,,,0.000002,0.000044,0.000042,0.000048,0.000058,0.000069,0.000087,0.000100,0.000102,0.000148,0.000196,0.000226,0.000299,0.000389,0.000412,0.000488,0.000562,0.000590,0.000369,0.000508,0.000461,0.000377,0.000304,0.000197,0.000032,0.000103,0.000119,0.000105,0.000093,0.000085,0.000079,0.000060,0.000043,0.000005,0.000024,0.000070,0.000088
736,,,,,,,,,,,,,,0.000004,0.000058,0.000063,0.000111,0.000235,0.000336,0.000351,0.000277,0.000226,0.000223,0.000215,0.000203,0.000198,0.000177,0.000169,0.000154,0.000128,0.000130,0.000063,0.000100,0.000093,0.000093,0.000087,0.000071,0.000018,0.000045,0.000063,0.000065,0.000051,0.000041,0.000039,0.000027,0.000015,0.000002,0.000059,0.000235,0.000286
737,,,,,,,,,,,,,,0.000007,0.000194,0.000155,0.000120,0.000140,0.000138,0.000116,0.000109,0.000092,0.000095,0.000099,0.000112,0.000124,0.000136,0.000163,0.000169,0.000161,0.000163,0.000083,0.000139,0.000130,0.000125,0.000113,0.000110,0.000035,0.000048,0.000052,0.000060,0.000059,0.000058,0.000054,0.000042,0.000043,0.000010,0.000033,0.000043,0.000049
738,,,,,,,,,,,,,,0.000002,0.000038,0.000045,0.000068,0.000096,0.000109,0.000090,0.000054,0.000055,0.000052,0.000051,0.000052,0.000053,0.000059,0.000059,0.000051,0.000055,0.000060,0.000045,0.000069,0.000075,0.000102,0.000085,0.000062,0.000037,0.000055,0.000068,0.000099,0.000109,0.000132,0.000194,0.000234,0.000229,0.000040,0.000097,0.000110,0.000094
739,,,,,,,,,,,,,,0.000007,0.000112,0.000120,0.000136,0.000182,0.000217,0.000205,0.000172,0.000154,0.000165,0.000152,0.000147,0.000153,0.000141,0.000129,0.000126,0.000113,0.000116,0.000052,0.000089,0.000078,0.000077,0.000063,0.000055,0.000015,0.000035,0.000047,0.000044,0.000035,0.000025,0.000019,0.000015,0.000011,0.000004,0.000180,0.000391,0.000601
740,,,,,,,,,,,,,,0.000004,0.000075,0.000079,0.000094,0.000122,0.000143,0.000122,0.000109,0.000097,0.000106,0.000101,0.000089,0.000087,0.000074,0.000070,0.000072,0.000060,0.000062,0.000025,0.000036,0.000032,0.000029,0.000015,0.000001,0.000013,0.000045,0.000057,0.000055,0.000045,0.000050,0.000037,0.000032,0.000042,0.000014,0.000160,0.000191,0.000235
741,,,,,,,,,,,,,,0.000002,0.000069,0.000086,0.000174,0.000164,0.000132,0.000106,0.000070,0.000077,0.000080,0.000068,0.000060,0.000054,0.000048,0.000055,0.000049,0.000051,0.000068,0.000058,0.000065,0.000071,0.000080,0.000096,0.000093,0.000040,0.000115,0.000171,0.000189,0.000164,0.000143,0.000121,0.000057,0.000033,0.000008,0.000070,0.000084,0.000112
742,,,,,,,,,,,,,,0.000002,0.000036,0.000035,0.000037,0.000064,0.000104,0.000133,0.000167,0.000192,0.000255,0.000307,0.000338,0.000357,0.000337,0.000318,0.000317,0.000256,0.000254,0.000145,0.000191,0.000174,0.000150,0.000132,0.000092,0.000027,0.000060,0.000071,0.000059,0.000046,0.000036,0.000034,0.000017,0.000008,0.000003,0.000013,0.000016,0.000025
743,,,,,,,,,,,,,,0.000003,0.000059,0.000058,0.000060,0.000076,0.000075,0.000067,0.000045,0.000046,0.000037,0.000031,0.000037,0.000033,0.000032,0.000020,0.000028,0.000031,0.000039,0.000031,0.000048,0.000069,0.000090,0.000114,0.000108,0.000031,0.000121,0.000202,0.000264,0.000258,0.000230,0.000222,0.000154,0.000121,0.000018,0.000076,0.000130,0.000126
744,,,,,,,,,,,,,,0.000005,0.000110,0.000098,0.000108,0.000138,0.000146,0.000134,0.000108,0.000110,0.000122,0.000119,0.000125,0.000137,0.000134,0.000125,0.000119,0.000112,0.000102,0.000188,0.000081,0.000054,0.000038,0.000019,0.000013,0.000040,0.000053,0.000047,0.000033,0.000032,0.000027,0.000011,0.000007,0.000003,0.000012,0.000072,0.000148,0.000208
745,,,,,,,,,,,,,,0.000006,0.000211,0.000192,0.000204,0.000222,0.000217,0.000168,0.000121,0.000109,0.000111,0.000111,0.000108,0.000105,0.000106,0.000104,0.000119,0.000102,0.000115,0.000076,0.000107,0.000109,0.000103,0.000092,0.000080,0.000032,0.000060,0.000104,0.000117,0.000061,0.000049,0.000030,0.000019,0.000011,0.000003,0.000020,0.000029,0.000042
746,,,,,,,,,,,,,,0.000008,0.000277,0.000250,0.000235,0.000244,0.000232,0.000174,0.000106,0.000091,0.000090,0.000080,0.000074,0.000073,0.000067,0.000079,0.000123,0.000226,0.000285,0.000544,0.000338,0.000337,0.000339,0.000310,0.000224,0.000050,0.000129,0.000160,0.000141,0.000115,0.000092,0.000076,0.000051,0.000033,0.000004,0.000018,0.000032,0.000011
747,,,,,,,,,,,,,,0.000010,0.000235,0.000273,0.000337,0.000453,0.000483,0.000411,0.000300,0.000301,0.000303,0.000294,0.000297,0.000300,0.000285,0.000264,0.000258,0.000210,0.000214,0.000107,0.000169,0.000145,0.000134,0.000133,0.000105,0.000034,0.000071,0.000058,0.000035,0.000022,0.000016,0.000010,0.000005,0.000006,0.000015,0.000202,0.000277,0.000328
748,,,,,,,,,,,,,,0.000003,0.000082,0.000089,0.000111,0.000138,0.000160,0.000166,0.000158,0.000181,0.000228,0.000275,0.000305,0.000303,0.000277,0.000254,0.000232,0.000188,0.000192,0.000092,0.000146,0.000137,0.000115,0.000105,0.000070,0.000021,0.000053,0.000057,0.000052,0.000048,0.000045,0.000045,0.000026,0.000014,0.000002,0.000015,0.000031,0.000049
749,,,,,,,,,,,,,,0.000003,0.000097,0.000103,0.000111,0.000132,0.000127,0.000092,0.000047,0.000041,0.000047,0.000043,0.000057,0.000067,0.000077,0.000076,0.000093,0.000102,0.000161,0.000109,0.000170,0.000180,0.000165,0.000149,0.000118,0.000032,0.000056,0.000051,0.000055,0.000054,0.000058,0.000058,0.000038,0.000029,0.000007,0.000035,0.000044,0.000045
750,,,,,,,,,,,,,,0.000011,0.000149,0.000130,0.000132,0.000137,0.000118,0.000110,0.000087,0.000071,0.000081,0.000081,0.000086,0.000092,0.000091,0.000097,0.000092,0.000087,0.000095,0.000053,0.000081,0.000082,0.000090,0.000092,0.000077,0.000018,0.000052,0.000076,0.000089,0.000082,0.000067,0.000048,0.000029,0.000020,0.000003,0.000026,0.000043,0.000056
751,,,,,,,,,,,,,,0.000002,0.000062,0.000071,0.000084,0.000107,0.000121,0.000105,0.000075,0.000080,0.000078,0.000080,0.000079,0.000076,0.000077,0.000083,0.000106,0.000120,0.000186,0.000153,0.000358,0.000422,0.000408,0.000376,0.000237,0.000033,0.000112,0.000148,0.000135,0.000108,0.000084,0.000071,0.000047,0.000028,0.000002,0.000026,0.000050,0.000080
752,,,,,,,,,,,,,,0.000007,0.000202,0.000243,0.000394,0.000666,0.000927,0.000905,0.000733,0.000683,0.000672,0.000588,0.000513,0.000418,0.000327,0.000281,0.000219,0.000170,0.000143,0.000057,0.000088,0.000086,0.000072,0.000061,0.000046,0.000017,0.000039,0.000037,0.000031,0.000022,0.000014,0.000008,0.000009,0.000016,0.000007,0.000059,0.000153,0.000224
753,,,,,,,,,,,,,,0.000009,0.000333,0.000321,0.000310,0.000356,0.000349,0.000307,0.000252,0.000245,0.000274,0.000288,0.000304,0.000308,0.000297,0.000308,0.000332,0.000290,0.000321,0.000160,0.000295,0.000319,0.000313,0.000324,0.000285,0.000046,0.000162,0.000270,0.000271,0.000263,0.000247,0.000216,0.000150,0.000103,0.000007,0.000056,0.000105,0.000101
754,,,,,,,,,,,,,,0.000016,0.000217,0.000188,0.000187,0.000215,0.000196,0.000169,0.000107,0.000117,0.000121,0.000115,0.000109,0.000117,0.000107,0.000100,0.000114,0.000100,0.000108,0.000063,0.000107,0.000099,0.000112,0.000089,0.000066,0.000034,0.000064,0.000082,0.000080,0.000069,0.000055,0.000035,0.000020,0.000008,0.000005,0.000058,0.000173,0.000327
755,,,,,,,,,,,,,,0.000003,0.000056,0.000050,0.000056,0.000060,0.000057,0.000051,0.000038,0.000026,0.000029,0.000044,0.000049,0.000062,0.000081,0.000099,0.000132,0.000148,0.000159,0.000109,0.000136,0.000117,0.000090,0.000072,0.000044,0.000023,0.000030,0.000045,0.000061,0.000054,0.000049,0.000046,0.000032,0.000020,0.000007,0.000027,0.000040,0.000047
756,,,,,,,,,,,,,,0.000007,0.000201,0.000230,0.000273,0.000367,0.000389,0.000327,0.000225,0.000204,0.000215,0.000222,0.000221,0.000242,0.000240,0.000245,0.000268,0.000247,0.000281,0.000131,0.000241,0.000248,0.000243,0.000218,0.000165,0.000030,0.000090,0.000132,0.000129,0.000114,0.000104,0.000083,0.000044,0.000022,0.000002,0.000072,0.000131,0.000195
757,,,,,,,,,,,,,,0.000002,0.000063,0.000058,0.000069,0.000074,0.000082,0.000080,0.000075,0.000065,0.000066,0.000072,0.000073,0.000074,0.000085,0.000101,0.000134,0.000177,0.000215,0.000196,0.000251,0.000250,0.000224,0.000178,0.000115,0.000039,0.000073,0.000091,0.000089,0.000078,0.000058,0.000038,0.000023,0.000010,0.000004,0.000021,0.000038,0.000058
758,,,,,,,,,,,,,,0.000002,0.000058,0.000075,0.000115,0.000192,0.000254,0.000278,0.000249,0.000287,0.000378,0.000470,0.000568,0.000690,0.000726,0.000802,0.000819,0.000690,0.000657,0.000280,0.000447,0.000405,0.000318,0.000269,0.000163,0.000042,0.000083,0.000108,0.000095,0.000071,0.000060,0.000052,0.000030,0.000017,0.000003,0.000027,0.000037,0.000055
759,,,,,,,,,,,,,,0.000004,0.000080,0.000073,0.000067,0.000079,0.000075,0.000058,0.000045,0.000044,0.000048,0.000044,0.000043,0.000051,0.000056,0.000053,0.000054,0.000056,0.000068,0.000052,0.000081,0.000069,0.000070,0.000066,0.000056,0.000034,0.000050,0.000087,0.000103,0.000099,0.000102,0.000104,0.000077,0.000089,0.000014,0.000055,0.000100,0.000124
760,,,,,,,,,,,,,,0.000004,0.000162,0.000147,0.000135,0.000168,0.000183,0.000167,0.000100,0.000096,0.000106,0.000096,0.000092,0.000085,0.000073,0.000071,0.000072,0.000069,0.000077,0.000150,0.000069,0.000069,0.000067,0.000063,0.000060,0.000018,0.000027,0.000042,0.000057,0.000054,0.000053,0.000052,0.000039,0.000027,0.000003,0.000014,0.000034,0.000054
761,,,,,,,,,,,,,,0.000005,0.000134,0.000127,0.000130,0.000161,0.000166,0.000143,0.000105,0.000093,0.000098,0.000093,0.000097,0.000105,0.000112,0.000113,0.000127,0.000115,0.000153,0.000097,0.000169,0.000169,0.000166,0.000136,0.000093,0.000023,0.000053,0.000059,0.000056,0.000053,0.000048,0.000044,0.000036,0.000034,0.000005,0.000054,0.000103,0.000128
762,,,,,,,,,,,,,,0.000003,0.000076,0.000064,0.000062,0.000053,0.000035,0.000024,0.000008,0.000002,0.000004,0.000013,0.000015,0.000019,0.000030,0.000038,0.000068,0.000089,0.000148,0.000119,0.000286,0.000392,0.000416,0.000435,0.000317,0.000068,0.000204,0.000264,0.000250,0.000208,0.000172,0.000150,0.000093,0.000053,0.000009,0.000050,0.000074,0.000086
763,,,,,,,,,,,,,,0.000001,0.000030,0.000028,0.000025,0.000032,0.000035,0.000036,0.000045,0.000040,0.000050,0.000055,0.000061,0.000079,0.000094,0.000102,0.000119,0.000145,0.000180,0.000152,0.000383,0.000449,0.000491,0.000459,0.000339,0.000053,0.000137,0.000167,0.000162,0.000125,0.000093,0.000084,0.000054,0.000031,0.000006,0.000037,0.000064,0.000084
764,,,,,,,,,,,,,,0.000002,0.000089,0.000145,0.000228,0.000307,0.000343,0.000296,0.000196,0.000172,0.000157,0.000142,0.000135,0.000137,0.000103,0.000101,0.000107,0.000093,0.000088,0.000050,0.000070,0.000062,0.000062,0.000055,0.000040,0.000017,0.000028,0.000043,0.000040,0.000032,0.000037,0.000035,0.000023,0.000019,0.000005,0.000023,0.000039,0.000061
765,,,,,,,,,,,,,,0.000008,0.000109,0.000120,0.000158,0.000223,0.000253,0.000238,0.000207,0.000214,0.000221,0.000213,0.000203,0.000192,0.000161,0.000144,0.000132,0.000104,0.000098,0.000059,0.000083,0.000074,0.000060,0.000054,0.000037,0.000035,0.000125,0.000181,0.000186,0.000140,0.000103,0.000067,0.000041,0.000019,0.000019,0.000331,0.000474,0.000541
766,,,,,,,,,,,,,,0.000003,0.000093,0.000124,0.000166,0.000225,0.000250,0.000219,0.000146,0.000134,0.000129,0.000127,0.000118,0.000104,0.000088,0.000091,0.000094,0.000086,0.000096,0.000046,0.000095,0.000109,0.000136,0.000165,0.000177,0.000038,0.000146,0.000234,0.000248,0.000206,0.000164,0.000138,0.000087,0.000058,0.000005,0.000035,0.000059,0.000068
767,,,,,,,,,,,,,,0.000004,0.000072,0.000082,0.000105,0.000127,0.000143,0.000112,0.000077,0.000075,0.000088,0.000082,0.000084,0.000092,0.000102,0.000098,0.000108,0.000096,0.000109,0.000052,0.000080,0.000067,0.000058,0.000049,0.000041,0.000036,0.000163,0.000155,0.000094,0.000064,0.000049,0.000031,0.000024,0.000014,0.000011,0.000163,0.000201,0.000212
768,,,,,,,,,,,,,,0.000005,0.000113,0.000134,0.000156,0.000214,0.000226,0.000199,0.000140,0.000147,0.000161,0.000180,0.000187,0.000198,0.000196,0.000199,0.000215,0.000194,0.000208,0.000106,0.000169,0.000158,0.000144,0.000140,0.000106,0.000023,0.000072,0.000108,0.000116,0.000105,0.000114,0.000113,0.000084,0.000056,0.000004,0.000069,0.000093,0.000132
769,,,,,,,,,,,,,,0.000005,0.000127,0.000136,0.000172,0.000232,0.000280,0.000274,0.000222,0.000222,0.000231,0.000235,0.000229,0.000227,0.000203,0.000188,0.000180,0.000177,0.000187,0.000132,0.000267,0.000240,0.000233,0.000181,0.000131,0.000026,0.000068,0.000071,0.000061,0.000052,0.000041,0.000036,0.000023,0.000012,0.000002,0.000025,0.000052,0.000080
770,,,,,,,,,,,,,,0.000004,0.000067,0.000051,0.000049,0.000048,0.000051,0.000052,0.000066,0.000046,0.000056,0.000051,0.000057,0.000053,0.000047,0.000050,0.000040,0.000034,0.000032,0.000049,0.000036,0.000044,0.000057,0.000077,0.000079,0.000055,0.000086,0.000107,0.000115,0.000101,0.000105,0.000091,0.000054,0.000029,0.000008,0.000033,0.000047,0.000046
771,,,,,,,,,,,,,,0.000002,0.000055,0.000059,0.000072,0.000087,0.000086,0.000078,0.000066,0.000077,0.000085,0.000097,0.000098,0.000089,0.000095,0.000078,0.000061,0.000053,0.000049,0.000041,0.000018,0.000015,0.000016,0.000022,0.000028,0.000014,0.000026,0.000037,0.000040,0.000046,0.000049,0.000049,0.000039,0.000030,0.000005,0.000036,0.000061,0.000078
772,,,,,,,,,,,,,,0.000009,0.000234,0.000218,0.000203,0.000197,0.000179,0.000131,0.000088,0.000077,0.000079,0.000077,0.000066,0.000075,0.000082,0.000076,0.000074,0.000070,0.000069,0.000040,0.000054,0.000046,0.000044,0.000048,0.000041,0.000020,0.000043,0.000048,0.000051,0.000046,0.000045,0.000045,0.000036,0.000029,0.000006,0.000022,0.000045,0.000076
773,,,,,,,,,,,,,,0.000005,0.000158,0.000153,0.000136,0.000152,0.000157,0.000136,0.000089,0.000086,0.000088,0.000088,0.000081,0.000080,0.000068,0.000064,0.000060,0.000055,0.000056,0.000035,0.000058,0.000055,0.000054,0.000053,0.000060,0.000016,0.000043,0.000063,0.000062,0.000063,0.000063,0.000063,0.000048,0.000039,0.000004,0.000029,0.000038,0.000047
774,,,,,,,,,,,,,,0.000005,0.000165,0.000203,0.000250,0.000340,0.000375,0.000338,0.000257,0.000240,0.000247,0.000255,0.000239,0.000230,0.000202,0.000199,0.000197,0.000177,0.000178,0.000087,0.000154,0.000170,0.000194,0.000269,0.000340,0.000095,0.000163,0.000079,0.000064,0.000050,0.000040,0.000029,0.000015,0.000007,0.000002,0.000030,0.000062,0.000099
775,,,,,,,,,,,,,,0.000002,0.000047,0.000036,0.000040,0.000039,0.000036,0.000040,0.000074,0.000055,0.000074,0.000085,0.000107,0.000108,0.000127,0.000122,0.000145,0.000117,0.000118,0.000068,0.000099,0.000102,0.000101,0.000111,0.000110,0.000066,0.000170,0.000134,0.000089,0.000075,0.000064,0.000056,0.000042,0.000030,0.000006,0.000025,0.000041,0.000046
776,,,,,,,,,,,,,,0.000003,0.000073,0.000085,0.000117,0.000162,0.000187,0.000194,0.000305,0.000239,0.000273,0.000231,0.000253,0.000216,0.000226,0.000208,0.000209,0.000133,0.000109,0.000052,0.000083,0.000087,0.000083,0.000068,0.000051,0.000023,0.000061,0.000075,0.000054,0.000039,0.000028,0.000018,0.000011,0.000008,0.000003,0.000040,0.000074,0.000111
777,,,,,,,,,,,,,,0.000004,0.000085,0.000076,0.000079,0.000089,0.000084,0.000074,0.000080,0.000078,0.000089,0.000098,0.000105,0.000113,0.000111,0.000110,0.000109,0.000087,0.000093,0.000052,0.000107,0.000117,0.000137,0.000185,0.000268,0.000105,0.000102,0.000073,0.000060,0.000053,0.000048,0.000046,0.000029,0.000016,0.000003,0.000025,0.000054,0.000073
778,,,,,,,,,,,,,,0.000003,0.000073,0.000072,0.000073,0.000086,0.000099,0.000098,0.000089,0.000078,0.000080,0.000078,0.000091,0.000104,0.000103,0.000111,0.000121,0.000117,0.000139,0.000075,0.000130,0.000132,0.000118,0.000102,0.000069,0.000024,0.000048,0.000071,0.000083,0.000079,0.000072,0.000067,0.000047,0.000031,0.000004,0.000028,0.000051,0.000062
779,,,,,,,,,,,,,,0.000003,0.000156,0.000112,0.000111,0.000141,0.000142,0.000117,0.000102,0.000087,0.000094,0.000092,0.000090,0.000096,0.000099,0.000092,0.000099,0.000094,0.000096,0.000065,0.000081,0.000069,0.000066,0.000063,0.000049,0.000023,0.000046,0.000053,0.000049,0.000043,0.000039,0.000030,0.000021,0.000018,0.000006,0.000041,0.000064,0.000091
780,,,,,,,,,,,,,,0.000007,0.000171,0.000161,0.000153,0.000173,0.000173,0.000148,0.000098,0.000088,0.000104,0.000114,0.000114,0.000120,0.000110,0.000118,0.000112,0.000093,0.000104,0.000049,0.000092,0.000089,0.000095,0.000103,0.000096,0.000020,0.000050,0.000075,0.000080,0.000071,0.000067,0.000066,0.000045,0.000033,0.000003,0.000012,0.000036,0.000035
781,,,,,,,,,,,,,,0.000006,0.000343,0.000487,0.000655,0.000897,0.000995,0.000847,0.000569,0.000521,0.000510,0.000502,0.000463,0.000438,0.000372,0.000365,0.000352,0.000289,0.000289,0.000124,0.000209,0.000175,0.000150,0.000142,0.000118,0.000047,0.000148,0.000141,0.000102,0.000077,0.000057,0.000045,0.000025,0.000014,0.000002,0.000060,0.000139,0.000234
782,,,,,,,,,,,,,,0.000003,0.000071,0.000060,0.000067,0.000070,0.000067,0.000054,0.000052,0.000053,0.000063,0.000064,0.000068,0.000065,0.000063,0.000074,0.000073,0.000071,0.000062,0.000055,0.000063,0.000063,0.000068,0.000072,0.000070,0.000032,0.000048,0.000058,0.000063,0.000052,0.000041,0.000039,0.000034,0.000033,0.000012,0.000045,0.000071,0.000073
783,,,,,,,,,,,,,,0.000005,0.000098,0.000105,0.000123,0.000143,0.000159,0.000177,0.000183,0.000248,0.000298,0.000364,0.000373,0.000335,0.000321,0.000259,0.000203,0.000157,0.000134,0.000066,0.000097,0.000078,0.000064,0.000061,0.000032,0.000035,0.000044,0.000061,0.000067,0.000061,0.000070,0.000071,0.000043,0.000024,0.000006,0.000049,0.000078,0.000110
784,,,,,,,,,,,,,,0.000003,0.000101,0.000098,0.000100,0.000133,0.000137,0.000115,0.000092,0.000096,0.000103,0.000103,0.000104,0.000098,0.000088,0.000078,0.000077,0.000060,0.000055,0.000070,0.000056,0.000051,0.000050,0.000050,0.000038,0.000028,0.000048,0.000040,0.000040,0.000033,0.000032,0.000029,0.000020,0.000013,0.000004,0.000022,0.000040,0.000059
785,,,,,,,,,,,,,,0.000004,0.000174,0.000216,0.000277,0.000411,0.000474,0.000442,0.000345,0.000331,0.000347,0.000348,0.000301,0.000301,0.000252,0.000230,0.000214,0.000201,0.000203,0.000118,0.000200,0.000191,0.000155,0.000132,0.000086,0.000015,0.000041,0.000061,0.000069,0.000075,0.000068,0.000072,0.000053,0.000038,0.000006,0.000032,0.000045,0.000061
786,,,,,,,,,,,,,,0.000002,0.000050,0.000069,0.000183,0.000214,0.000190,0.000152,0.000100,0.000095,0.000087,0.000085,0.000083,0.000090,0.000076,0.000079,0.000074,0.000068,0.000069,0.000039,0.000058,0.000049,0.000040,0.000030,0.000022,0.000013,0.000019,0.000031,0.000028,0.000024,0.000024,0.000035,0.000046,0.000048,0.000011,0.000041,0.000067,0.000096
787,,,,,,,,,,,,,,0.000005,0.000116,0.000123,0.000156,0.000192,0.000190,0.000160,0.000103,0.000094,0.000108,0.000116,0.000114,0.000122,0.000106,0.000106,0.000102,0.000089,0.000105,0.000056,0.000110,0.000109,0.000109,0.000103,0.000079,0.000017,0.000061,0.000083,0.000077,0.000062,0.000077,0.000066,0.000042,0.000023,0.000002,0.000047,0.000096,0.000152
788,,,,,,,,,,,,,,0.000002,0.000051,0.000057,0.000058,0.000069,0.000071,0.000058,0.000038,0.000060,0.000078,0.000094,0.000112,0.000121,0.000117,0.000107,0.000099,0.000081,0.000085,0.000045,0.000076,0.000067,0.000062,0.000059,0.000051,0.000016,0.000042,0.000054,0.000050,0.000041,0.000036,0.000027,0.000019,0.000012,0.000002,0.000020,0.000046,0.000061
789,,,,,,,,,,,,,,0.000004,0.000082,0.000057,0.000052,0.000085,0.000109,0.000116,0.000125,0.000121,0.000130,0.000127,0.000113,0.000110,0.000094,0.000087,0.000102,0.000089,0.000124,0.000174,0.000155,0.000163,0.000171,0.000163,0.000132,0.000033,0.000069,0.000092,0.000088,0.000081,0.000078,0.000064,0.000043,0.000033,0.000007,0.000077,0.000102,0.000134
790,,,,,,,,,,,,,,0.000004,0.000114,0.000118,0.000134,0.000166,0.000174,0.000143,0.000098,0.000092,0.000102,0.000101,0.000090,0.000088,0.000083,0.000078,0.000076,0.000064,0.000089,0.000053,0.000145,0.000226,0.000323,0.000467,0.000438,0.000091,0.000324,0.000400,0.000300,0.000192,0.000110,0.000065,0.000033,0.000012,0.000004,0.000048,0.000077,0.000110
791,,,,,,,,,,,,,,0.000002,0.000122,0.000204,0.000312,0.000439,0.000480,0.000374,0.000235,0.000207,0.000170,0.000144,0.000133,0.000113,0.000110,0.000116,0.000114,0.000138,0.000142,0.000114,0.000147,0.000152,0.000153,0.000129,0.000096,0.000030,0.000067,0.000072,0.000065,0.000053,0.000049,0.000040,0.000025,0.000017,0.000002,0.000021,0.000047,0.000070
792,,,,,,,,,,,,,,0.000012,0.000150,0.000137,0.000131,0.000156,0.000135,0.000097,0.000073,0.000056,0.000075,0.000067,0.000071,0.000076,0.000080,0.000083,0.000103,0.000095,0.000106,0.000063,0.000095,0.000093,0.000085,0.000064,0.000044,0.000021,0.000046,0.000051,0.000039,0.000030,0.000026,0.000017,0.000015,0.000014,0.000005,0.000066,0.000196,0.000410
793,,,,,,,,,,,,,,0.000007,0.000133,0.000148,0.000191,0.000288,0.000352,0.000387,0.000360,0.000408,0.000451,0.000442,0.000417,0.000406,0.000341,0.000308,0.000287,0.000234,0.000237,0.000102,0.000184,0.000155,0.000134,0.000122,0.000084,0.000018,0.000058,0.000069,0.000066,0.000056,0.000047,0.000042,0.000025,0.000017,0.000002,0.000063,0.000172,0.000323
794,,,,,,,,,,,,,,0.000006,0.000166,0.000189,0.000231,0.000297,0.000321,0.000292,0.000208,0.000245,0.000258,0.000298,0.000320,0.000354,0.000389,0.000427,0.000455,0.000437,0.000512,0.000259,0.000426,0.000363,0.000326,0.000260,0.000178,0.000037,0.000076,0.000067,0.000056,0.000052,0.000060,0.000053,0.000041,0.000031,0.000003,0.000065,0.000129,0.000173
795,,,,,,,,,,,,,,0.000003,0.000069,0.000082,0.000142,0.000139,0.000131,0.000094,0.000063,0.000049,0.000049,0.000048,0.000056,0.000057,0.000052,0.000046,0.000055,0.000049,0.000056,0.000058,0.000062,0.000077,0.000124,0.000245,0.000389,0.000137,0.000147,0.000066,0.000060,0.000060,0.000066,0.000057,0.000043,0.000038,0.000011,0.000035,0.000057,0.000070
796,,,,,,,,,,,,,,0.000004,0.000101,0.000104,0.000128,0.000163,0.000183,0.000157,0.000127,0.000121,0.000127,0.000129,0.000144,0.000152,0.000144,0.000140,0.000132,0.000120,0.000137,0.000083,0.000163,0.000157,0.000153,0.000163,0.000141,0.000030,0.000090,0.000107,0.000101,0.000081,0.000069,0.000060,0.000045,0.000036,0.000005,0.000102,0.000128,0.000150
797,,,,,,,,,,,,,,0.000013,0.000344,0.000310,0.000286,0.000316,0.000303,0.000247,0.000164,0.000163,0.000164,0.000167,0.000161,0.000173,0.000161,0.000157,0.000173,0.000133,0.000138,0.000070,0.000108,0.000104,0.000084,0.000079,0.000049,0.000010,0.000033,0.000049,0.000044,0.000037,0.000031,0.000021,0.000012,0.000008,0.000004,0.000057,0.000095,0.000127
798,,,,,,,,,,,,,,0.000004,0.000091,0.000081,0.000077,0.000094,0.000089,0.000086,0.000065,0.000068,0.000084,0.000088,0.000088,0.000095,0.000097,0.000097,0.000095,0.000083,0.000087,0.000168,0.000076,0.000065,0.000054,0.000041,0.000019,0.000057,0.000056,0.000044,0.000033,0.000029,0.000022,0.000016,0.000014,0.000011,0.000008,0.000147,0.000242,0.000300
799,,,,,,,,,,,,,,0.000002,0.000054,0.000054,0.000067,0.000082,0.000085,0.000086,0.000066,0.000064,0.000069,0.000064,0.000055,0.000055,0.000061,0.000060,0.000054,0.000067,0.000080,0.000050,0.000096,0.000113,0.000110,0.000100,0.000064,0.000020,0.000053,0.000064,0.000058,0.000042,0.000033,0.000024,0.000028,0.000019,0.000009,0.000041,0.000079,0.000083
800,,,,,,,,,,,,,,0.000004,0.000109,0.000108,0.000121,0.000137,0.000134,0.000105,0.000074,0.000063,0.000066,0.000072,0.000078,0.000085,0.000083,0.000097,0.000109,0.000103,0.000124,0.000067,0.000114,0.000103,0.000086,0.000065,0.000035,0.000011,0.000031,0.000033,0.000034,0.000033,0.000025,0.000020,0.000018,0.000027,0.000005,0.000041,0.000054,0.000076
801,,,,,,,,,,,,,,0.000004,0.000097,0.000098,0.000106,0.000132,0.000133,0.000101,0.000073,0.000070,0.000085,0.000085,0.000093,0.000099,0.000099,0.000088,0.000112,0.000103,0.000110,0.000158,0.000159,0.000159,0.000158,0.000144,0.000117,0.000030,0.000096,0.000156,0.000126,0.000072,0.000059,0.000054,0.000039,0.000029,0.000005,0.000069,0.000131,0.000158
802,,,,,,,,,,,,,,0.000004,0.000119,0.000124,0.000142,0.000171,0.000167,0.000134,0.000090,0.000077,0.000081,0.000073,0.000075,0.000077,0.000072,0.000072,0.000074,0.000060,0.000060,0.000043,0.000056,0.000051,0.000051,0.000042,0.000038,0.000012,0.000040,0.000084,0.000127,0.000156,0.000145,0.000118,0.000057,0.000021,0.000004,0.000026,0.000057,0.000077
803,,,,,,,,,,,,,,0.000003,0.000083,0.000077,0.000086,0.000096,0.000090,0.000076,0.000052,0.000035,0.000031,0.000030,0.000035,0.000042,0.000040,0.000041,0.000051,0.000046,0.000044,0.000036,0.000042,0.000041,0.000049,0.000063,0.000066,0.000033,0.000118,0.000203,0.000192,0.000117,0.000083,0.000056,0.000032,0.000019,0.000007,0.000040,0.000067,0.000110
804,,,,,,,,,,,,,,0.000003,0.000109,0.000117,0.000131,0.000168,0.000176,0.000144,0.000093,0.000081,0.000089,0.000084,0.000085,0.000086,0.000081,0.000084,0.000088,0.000078,0.000104,0.000068,0.000130,0.000150,0.000162,0.000180,0.000162,0.000054,0.000111,0.000121,0.000116,0.000104,0.000083,0.000065,0.000043,0.000028,0.000002,0.000030,0.000059,0.000085
805,,,,,,,,,,,,,,0.000003,0.000078,0.000077,0.000082,0.000089,0.000098,0.000088,0.000057,0.000057,0.000070,0.000086,0.000091,0.000101,0.000106,0.000103,0.000107,0.000117,0.000153,0.000080,0.000155,0.000161,0.000152,0.000147,0.000129,0.000027,0.000067,0.000119,0.000147,0.000148,0.000143,0.000113,0.000091,0.000066,0.000006,0.000024,0.000038,0.000052
806,,,,,,,,,,,,,,0.000006,0.000162,0.000144,0.000145,0.000178,0.000190,0.000175,0.000143,0.000140,0.000148,0.000139,0.000133,0.000132,0.000106,0.000098,0.000095,0.000076,0.000079,0.000052,0.000072,0.000066,0.000061,0.000045,0.000029,0.000019,0.000028,0.000036,0.000036,0.000032,0.000028,0.000022,0.000018,0.000017,0.000006,0.000031,0.000060,0.000099
807,,,,,,,,,,,,,,0.000005,0.000177,0.000182,0.000210,0.000255,0.000240,0.000187,0.000118,0.000115,0.000106,0.000096,0.000101,0.000100,0.000095,0.000089,0.000108,0.000092,0.000099,0.000063,0.000114,0.000090,0.000087,0.000078,0.000067,0.000020,0.000056,0.000061,0.000048,0.000039,0.000030,0.000026,0.000014,0.000009,0.000004,0.000018,0.000034,0.000055
808,,,,,,,,,,,,,,0.000002,0.000082,0.000071,0.000071,0.000096,0.000109,0.000090,0.000062,0.000055,0.000068,0.000073,0.000072,0.000063,0.000062,0.000059,0.000063,0.000061,0.000082,0.000057,0.000125,0.000141,0.000176,0.000204,0.000181,0.000042,0.000105,0.000127,0.000127,0.000108,0.000102,0.000102,0.000067,0.000063,0.000007,0.000034,0.000060,0.000087
809,,,,,,,,,,,,,,0.000006,0.000111,0.000099,0.000105,0.000130,0.000127,0.000115,0.000080,0.000072,0.000077,0.000062,0.000061,0.000067,0.000067,0.000064,0.000069,0.000056,0.000055,0.000031,0.000039,0.000033,0.000041,0.000041,0.000035,0.000019,0.000028,0.000039,0.000052,0.000081,0.000117,0.000166,0.000187,0.000203,0.000047,0.000241,0.000283,0.000332
810,,,,,,,,,,,,,,0.000002,0.000042,0.000039,0.000042,0.000049,0.000054,0.000053,0.000052,0.000055,0.000063,0.000064,0.000058,0.000061,0.000055,0.000052,0.000045,0.000038,0.000032,0.000019,0.000016,0.000016,0.000016,0.000020,0.000024,0.000022,0.000047,0.000054,0.000057,0.000050,0.000047,0.000042,0.000028,0.000022,0.000008,0.000044,0.000068,0.000079
811,,,,,,,,,,,,,,0.000004,0.000066,0.000059,0.000056,0.000059,0.000050,0.000048,0.000049,0.000037,0.000043,0.000044,0.000042,0.000038,0.000030,0.000026,0.000027,0.000025,0.000024,0.000057,0.000030,0.000036,0.000046,0.000051,0.000049,0.000036,0.000083,0.000158,0.000195,0.000177,0.000149,0.000104,0.000066,0.000038,0.000016,0.000132,0.000180,0.000223
812,,,,,,,,,,,,,,0.000003,0.000070,0.000074,0.000091,0.000115,0.000120,0.000110,0.000081,0.000078,0.000097,0.000126,0.000156,0.000210,0.000263,0.000324,0.000404,0.000432,0.000435,0.000216,0.000377,0.000379,0.000370,0.000329,0.000211,0.000040,0.000113,0.000123,0.000102,0.000073,0.000056,0.000034,0.000024,0.000011,0.000004,0.000029,0.000051,0.000079
813,,,,,,,,,,,,,,0.000002,0.000059,0.000076,0.000116,0.000186,0.000235,0.000258,0.000289,0.000249,0.000272,0.000272,0.000294,0.000304,0.000275,0.000284,0.000259,0.000192,0.000186,0.000088,0.000149,0.000137,0.000119,0.000123,0.000099,0.000026,0.000051,0.000066,0.000068,0.000054,0.000058,0.000061,0.000052,0.000042,0.000006,0.000036,0.000077,0.000096
814,,,,,,,,,,,,,,0.000003,0.000175,0.000280,0.000437,0.000510,0.000493,0.000370,0.000230,0.000189,0.000190,0.000174,0.000167,0.000166,0.000145,0.000154,0.000159,0.000138,0.000136,0.000065,0.000106,0.000100,0.000088,0.000081,0.000062,0.000019,0.000041,0.000059,0.000054,0.000041,0.000029,0.000021,0.000016,0.000012,0.000003,0.000014,0.000030,0.000036
815,,,,,,,,,,,,,,0.000005,0.000102,0.000087,0.000077,0.000083,0.000068,0.000059,0.000062,0.000047,0.000049,0.000053,0.000053,0.000057,0.000048,0.000039,0.000047,0.000053,0.000055,0.000167,0.000070,0.000074,0.000085,0.000088,0.000074,0.000040,0.000045,0.000047,0.000043,0.000038,0.000030,0.000025,0.000017,0.000013,0.000006,0.000048,0.000056,0.000070
816,,,,,,,,,,,,,,0.000004,0.000082,0.000091,0.000106,0.000134,0.000146,0.000124,0.000088,0.000083,0.000094,0.000107,0.000109,0.000132,0.000144,0.000170,0.000189,0.000190,0.000241,0.000133,0.000287,0.000269,0.000231,0.000195,0.000145,0.000032,0.000076,0.000095,0.000088,0.000069,0.000047,0.000028,0.000011,0.000011,0.000005,0.000037,0.000066,0.000099
817,,,,,,,,,,,,,,0.000007,0.000177,0.000177,0.000190,0.000229,0.000234,0.000191,0.000129,0.000135,0.000153,0.000173,0.000203,0.000261,0.000313,0.000396,0.000483,0.000517,0.000637,0.000320,0.000540,0.000446,0.000342,0.000256,0.000152,0.000025,0.000076,0.000090,0.000093,0.000092,0.000085,0.000066,0.000036,0.000015,0.000001,0.000043,0.000086,0.000120
818,,,,,,,,,,,,,,0.000005,0.000135,0.000117,0.000123,0.000142,0.000145,0.000118,0.000095,0.000076,0.000090,0.000086,0.000078,0.000075,0.000062,0.000073,0.000066,0.000055,0.000062,0.000047,0.000075,0.000083,0.000092,0.000085,0.000063,0.000023,0.000059,0.000054,0.000051,0.000038,0.000033,0.000023,0.000018,0.000021,0.000006,0.000030,0.000047,0.000056
819,,,,,,,,,,,,,,0.000007,0.000360,0.000458,0.000565,0.000748,0.000839,0.000728,0.000612,0.000521,0.000529,0.000508,0.000468,0.000449,0.000389,0.000377,0.000369,0.000317,0.000256,0.000099,0.000159,0.000139,0.000117,0.000093,0.000059,0.000022,0.000034,0.000036,0.000044,0.000042,0.000044,0.000068,0.000053,0.000047,0.000011,0.000026,0.000039,0.000039
820,,,,,,,,,,,,,,0.000006,0.000191,0.000166,0.000157,0.000185,0.000173,0.000145,0.000103,0.000079,0.000085,0.000084,0.000077,0.000082,0.000079,0.000085,0.000081,0.000075,0.000082,0.000049,0.000079,0.000078,0.000075,0.000062,0.000036,0.000016,0.000029,0.000036,0.000037,0.000040,0.000044,0.000037,0.000028,0.000023,0.000003,0.000033,0.000060,0.000078
821,,,,,,,,,,,,,,0.000004,0.000146,0.000127,0.000122,0.000146,0.000193,0.000208,0.000170,0.000213,0.000253,0.000276,0.000255,0.000250,0.000220,0.000235,0.000209,0.000191,0.000223,0.000137,0.000223,0.000213,0.000187,0.000165,0.000123,0.000033,0.000061,0.000071,0.000079,0.000076,0.000075,0.000073,0.000055,0.000040,0.000005,0.000024,0.000043,0.000069
822,,,,,,,,,,,,,,0.000003,0.000067,0.000060,0.000061,0.000069,0.000072,0.000065,0.000060,0.000060,0.000068,0.000070,0.000076,0.000082,0.000087,0.000098,0.000102,0.000094,0.000110,0.000058,0.000108,0.000117,0.000117,0.000114,0.000091,0.000025,0.000053,0.000071,0.000070,0.000064,0.000069,0.000069,0.000050,0.000037,0.000005,0.000033,0.000055,0.000072
823,,,,,,,,,,,,,,0.000002,0.000039,0.000041,0.000055,0.000074,0.000082,0.000081,0.000087,0.000092,0.000094,0.000103,0.000108,0.000118,0.000123,0.000127,0.000132,0.000106,0.000124,0.000060,0.000113,0.000105,0.000107,0.000104,0.000090,0.000019,0.000067,0.000100,0.000113,0.000109,0.000090,0.000083,0.000054,0.000040,0.000005,0.000027,0.000040,0.000045
824,,,,,,,,,,,,,,0.000001,0.000015,0.000023,0.000039,0.000063,0.000086,0.000089,0.000095,0.000098,0.000118,0.000112,0.000120,0.000120,0.000123,0.000113,0.000111,0.000090,0.000078,0.000037,0.000060,0.000062,0.000060,0.000065,0.000069,0.000024,0.000040,0.000052,0.000063,0.000061,0.000061,0.000062,0.000048,0.000038,0.000009,0.000031,0.000043,0.000047
825,,,,,,,,,,,,,,0.000003,0.000059,0.000066,0.000074,0.000087,0.000101,0.000093,0.000085,0.000081,0.000090,0.000098,0.000129,0.000152,0.000171,0.000188,0.000210,0.000194,0.000193,0.000105,0.000147,0.000130,0.000111,0.000098,0.000090,0.000038,0.000080,0.000078,0.000061,0.000040,0.000034,0.000025,0.000018,0.000011,0.000004,0.000044,0.000065,0.000095
826,,,,,,,,,,,,,,0.000003,0.000087,0.000090,0.000112,0.000146,0.000159,0.000132,0.000090,0.000100,0.000104,0.000108,0.000116,0.000138,0.000149,0.000195,0.000250,0.000273,0.000360,0.000198,0.000375,0.000408,0.000420,0.000460,0.000387,0.000068,0.000243,0.000319,0.000259,0.000183,0.000121,0.000091,0.000056,0.000029,0.000002,0.000026,0.000054,0.000076
827,,,,,,,,,,,,,,0.000005,0.000102,0.000098,0.000114,0.000159,0.000184,0.000187,0.000148,0.000174,0.000226,0.000276,0.000346,0.000426,0.000470,0.000536,0.000593,0.000515,0.000534,0.000228,0.000412,0.000389,0.000306,0.000257,0.000159,0.000028,0.000077,0.000096,0.000087,0.000072,0.000061,0.000052,0.000033,0.000022,0.000003,0.000023,0.000044,0.000066
828,,,,,,,,,,,,,,0.000002,0.000042,0.000032,0.000032,0.000043,0.000044,0.000047,0.000060,0.000069,0.000081,0.000112,0.000142,0.000165,0.000162,0.000173,0.000165,0.000149,0.000154,0.000108,0.000133,0.000115,0.000112,0.000119,0.000111,0.000031,0.000062,0.000097,0.000105,0.000081,0.000073,0.000067,0.000052,0.000045,0.000006,0.000023,0.000032,0.000034
829,,,,,,,,,,,,,,0.000003,0.000072,0.000066,0.000062,0.000063,0.000056,0.000054,0.000045,0.000038,0.000042,0.000039,0.000048,0.000046,0.000051,0.000056,0.000066,0.000074,0.000070,0.000049,0.000085,0.000096,0.000112,0.000121,0.000110,0.000048,0.000056,0.000063,0.000054,0.000037,0.000041,0.000034,0.000021,0.000019,0.000006,0.000067,0.000100,0.000113
830,,,,,,,,,,,,,,0.000003,0.000093,0.000097,0.000109,0.000137,0.000141,0.000120,0.000088,0.000095,0.000097,0.000102,0.000094,0.000097,0.000096,0.000098,0.000112,0.000110,0.000139,0.000078,0.000155,0.000160,0.000162,0.000199,0.000202,0.000052,0.000233,0.000334,0.000290,0.000188,0.000117,0.000071,0.000034,0.000014,0.000003,0.000038,0.000054,0.000060
831,,,,,,,,,,,,,,0.000007,0.000142,0.000125,0.000116,0.000157,0.000152,0.000129,0.000091,0.000081,0.000074,0.000079,0.000087,0.000084,0.000074,0.000071,0.000079,0.000078,0.000083,0.000055,0.000071,0.000076,0.000079,0.000076,0.000094,0.000039,0.000046,0.000035,0.000035,0.000038,0.000036,0.000031,0.000018,0.000015,0.000012,0.000153,0.000200,0.000225
832,,,,,,,,,,,,,,0.000001,0.000025,0.000032,0.000052,0.000084,0.000122,0.000123,0.000102,0.000104,0.000115,0.000113,0.000124,0.000135,0.000132,0.000140,0.000158,0.000157,0.000179,0.000100,0.000194,0.000211,0.000203,0.000205,0.000148,0.000033,0.000076,0.000099,0.000098,0.000088,0.000073,0.000065,0.000042,0.000026,0.000005,0.000031,0.000044,0.000052
833,,,,,,,,,,,,,,0.000003,0.000048,0.000080,0.000160,0.000206,0.000230,0.000186,0.000138,0.000135,0.000135,0.000145,0.000143,0.000144,0.000134,0.000227,0.000219,0.000152,0.000151,0.000082,0.000145,0.000156,0.000157,0.000155,0.000108,0.000017,0.000052,0.000060,0.000053,0.000049,0.000053,0.000061,0.000057,0.000050,0.000008,0.000112,0.000199,0.000223
834,,,,,,,,,,,,,,0.000005,0.000164,0.000157,0.000145,0.000160,0.000152,0.000129,0.000087,0.000096,0.000091,0.000077,0.000070,0.000062,0.000053,0.000043,0.000055,0.000059,0.000062,0.000053,0.000076,0.000063,0.000053,0.000047,0.000030,0.000026,0.000049,0.000056,0.000064,0.000064,0.000054,0.000040,0.000021,0.000012,0.000007,0.000037,0.000083,0.000180
835,,,,,,,,,,,,,,0.000003,0.000065,0.000069,0.000085,0.000100,0.000096,0.000079,0.000070,0.000063,0.000062,0.000071,0.000084,0.000099,0.000118,0.000149,0.000221,0.000305,0.000400,0.000310,0.000537,0.000629,0.000624,0.000572,0.000376,0.000055,0.000149,0.000166,0.000126,0.000077,0.000048,0.000025,0.000008,0.000003,0.000004,0.000034,0.000053,0.000064
836,,,,,,,,,,,,,,0.000005,0.000103,0.000099,0.000112,0.000134,0.000142,0.000133,0.000127,0.000136,0.000143,0.000149,0.000153,0.000160,0.000147,0.000159,0.000161,0.000149,0.000161,0.000087,0.000135,0.000122,0.000099,0.000080,0.000059,0.000019,0.000055,0.000072,0.000083,0.000075,0.000064,0.000056,0.000041,0.000034,0.000006,0.000033,0.000042,0.000050
837,,,,,,,,,,,,,,0.000004,0.000106,0.000111,0.000125,0.000148,0.000151,0.000116,0.000079,0.000085,0.000084,0.000088,0.000087,0.000100,0.000106,0.000103,0.000094,0.000074,0.000082,0.000064,0.000098,0.000098,0.000099,0.000094,0.000073,0.000018,0.000039,0.000056,0.000066,0.000071,0.000075,0.000071,0.000047,0.000033,0.000005,0.000053,0.000114,0.000127
838,,,,,,,,,,,,,,0.000002,0.000038,0.000055,0.000101,0.000194,0.000295,0.000346,0.000330,0.000328,0.000346,0.000368,0.000358,0.000326,0.000295,0.000280,0.000245,0.000213,0.000190,0.000114,0.000158,0.000152,0.000139,0.000120,0.000086,0.000020,0.000051,0.000056,0.000047,0.000062,0.000071,0.000042,0.000028,0.000020,0.000005,0.000034,0.000049,0.000056
839,,,,,,,,,,,,,,0.000005,0.000080,0.000080,0.000086,0.000111,0.000111,0.000092,0.000058,0.000049,0.000051,0.000042,0.000033,0.000026,0.000027,0.000013,0.000016,0.000025,0.000030,0.000028,0.000040,0.000038,0.000041,0.000039,0.000035,0.000018,0.000034,0.000052,0.000068,0.000076,0.000085,0.000096,0.000081,0.000058,0.000011,0.000109,0.000227,0.000311
840,,,,,,,,,,,,,,0.000002,0.000056,0.000052,0.000055,0.000041,0.000041,0.000047,0.000045,0.000054,0.000065,0.000070,0.000061,0.000063,0.000062,0.000053,0.000044,0.000030,0.000028,0.000023,0.000039,0.000046,0.000057,0.000065,0.000068,0.000049,0.000115,0.000121,0.000116,0.000102,0.000092,0.000090,0.000051,0.000034,0.000005,0.000027,0.000052,0.000061
841,,,,,,,,,,,,,,0.000003,0.000072,0.000076,0.000085,0.000105,0.000104,0.000097,0.000083,0.000072,0.000072,0.000074,0.000076,0.000077,0.000081,0.000087,0.000093,0.000088,0.000102,0.000062,0.000118,0.000115,0.000117,0.000139,0.000111,0.000024,0.000062,0.000071,0.000064,0.000049,0.000040,0.000031,0.000018,0.000010,0.000003,0.000027,0.000055,0.000076
842,,,,,,,,,,,,,,0.000003,0.000063,0.000063,0.000074,0.000091,0.000093,0.000085,0.000065,0.000048,0.000062,0.000066,0.000074,0.000089,0.000106,0.000105,0.000097,0.000079,0.000083,0.000053,0.000072,0.000070,0.000069,0.000072,0.000059,0.000021,0.000033,0.000045,0.000055,0.000054,0.000058,0.000056,0.000040,0.000029,0.000005,0.000016,0.000039,0.000064
843,,,,,,,,,,,,,,0.000004,0.000081,0.000079,0.000106,0.000162,0.000213,0.000239,0.000222,0.000252,0.000324,0.000370,0.000407,0.000431,0.000391,0.000406,0.000378,0.000302,0.000287,0.000138,0.000188,0.000172,0.000136,0.000112,0.000073,0.000034,0.000063,0.000071,0.000069,0.000044,0.000030,0.000018,0.000003,0.000005,0.000008,0.000078,0.000087,0.000116
844,,,,,,,,,,,,,,0.000003,0.000064,0.000069,0.000087,0.000101,0.000110,0.000092,0.000069,0.000054,0.000050,0.000051,0.000044,0.000040,0.000036,0.000029,0.000030,0.000020,0.000031,0.000027,0.000043,0.000050,0.000059,0.000068,0.000061,0.000032,0.000060,0.000070,0.000075,0.000065,0.000061,0.000057,0.000038,0.000026,0.000003,0.000025,0.000060,0.000070
845,,,,,,,,,,,,,,0.000002,0.000087,0.000118,0.000204,0.000351,0.000464,0.000462,0.000355,0.000331,0.000329,0.000313,0.000283,0.000263,0.000219,0.000188,0.000155,0.000118,0.000124,0.000057,0.000099,0.000086,0.000073,0.000067,0.000058,0.000015,0.000042,0.000063,0.000077,0.000084,0.000081,0.000067,0.000037,0.000025,0.000004,0.000018,0.000044,0.000049
846,,,,,,,,,,,,,,0.000002,0.000054,0.000053,0.000060,0.000070,0.000074,0.000077,0.000081,0.000063,0.000062,0.000072,0.000073,0.000078,0.000079,0.000085,0.000096,0.000094,0.000106,0.000067,0.000111,0.000116,0.000117,0.000121,0.000104,0.000027,0.000064,0.000067,0.000067,0.000062,0.000051,0.000047,0.000031,0.000021,0.000003,0.000014,0.000024,0.000039
847,,,,,,,,,,,,,,0.000003,0.000095,0.000105,0.000123,0.000155,0.000185,0.000178,0.000134,0.000136,0.000146,0.000158,0.000178,0.000183,0.000167,0.000148,0.000144,0.000127,0.000136,0.000064,0.000094,0.000089,0.000082,0.000078,0.000063,0.000015,0.000043,0.000060,0.000062,0.000051,0.000050,0.000044,0.000030,0.000021,0.000003,0.000030,0.000045,0.000047
848,,,,,,,,,,,,,,0.000005,0.000136,0.000136,0.000148,0.000176,0.000180,0.000142,0.000092,0.000098,0.000111,0.000107,0.000105,0.000121,0.000112,0.000110,0.000116,0.000093,0.000090,0.000050,0.000081,0.000069,0.000055,0.000045,0.000042,0.000016,0.000034,0.000044,0.000039,0.000026,0.000019,0.000016,0.000014,0.000010,0.000004,0.000041,0.000064,0.000093
849,,,,,,,,,,,,,,0.000007,0.000226,0.000205,0.000204,0.000251,0.000243,0.000200,0.000125,0.000119,0.000115,0.000129,0.000133,0.000139,0.000137,0.000144,0.000161,0.000133,0.000147,0.000077,0.000140,0.000151,0.000142,0.000134,0.000096,0.000021,0.000066,0.000098,0.000094,0.000077,0.000067,0.000061,0.000040,0.000025,0.000002,0.000023,0.000054,0.000070
850,,,,,,,,,,,,,,0.000002,0.000052,0.000056,0.000089,0.000121,0.000140,0.000134,0.000107,0.000120,0.000130,0.000148,0.000152,0.000158,0.000159,0.000156,0.000163,0.000158,0.000145,0.000122,0.000152,0.000149,0.000146,0.000138,0.000101,0.000048,0.000071,0.000057,0.000056,0.000042,0.000032,0.000017,0.000015,0.000012,0.000009,0.000060,0.000099,0.000125
851,,,,,,,,,,,,,,0.000002,0.000047,0.000061,0.000097,0.000178,0.000259,0.000307,0.000398,0.000337,0.000399,0.000380,0.000390,0.000371,0.000357,0.000332,0.000343,0.000348,0.000282,0.000146,0.000231,0.000222,0.000190,0.000169,0.000124,0.000061,0.000074,0.000075,0.000072,0.000054,0.000040,0.000035,0.000024,0.000019,0.000006,0.000084,0.000093,0.000109
852,,,,,,,,,,,,,,0.000003,0.000072,0.000064,0.000102,0.000129,0.000140,0.000123,0.000101,0.000088,0.000079,0.000083,0.000092,0.000082,0.000085,0.000087,0.000089,0.000089,0.000104,0.000088,0.000213,0.000280,0.000370,0.000405,0.000334,0.000135,0.000239,0.000186,0.000135,0.000107,0.000094,0.000083,0.000054,0.000036,0.000008,0.000040,0.000057,0.000073
853,,,,,,,,,,,,,,0.000005,0.000175,0.000187,0.000208,0.000268,0.000273,0.000226,0.000148,0.000151,0.000159,0.000167,0.000164,0.000165,0.000166,0.000161,0.000164,0.000149,0.000168,0.000083,0.000189,0.000177,0.000167,0.000145,0.000102,0.000028,0.000066,0.000066,0.000050,0.000037,0.000033,0.000041,0.000075,0.000087,0.000010,0.000050,0.000100,0.000127
854,,,,,,,,,,,,,,0.000001,0.000037,0.000024,0.000031,0.000057,0.000103,0.000111,0.000114,0.000135,0.000167,0.000190,0.000235,0.000306,0.000350,0.000406,0.000488,0.000494,0.000556,0.000274,0.000468,0.000439,0.000356,0.000309,0.000203,0.000030,0.000088,0.000140,0.000172,0.000186,0.000199,0.000190,0.000142,0.000096,0.000010,0.000039,0.000063,0.000059
855,,,,,,,,,,,,,,0.000003,0.000064,0.000048,0.000044,0.000051,0.000053,0.000057,0.000043,0.000037,0.000047,0.000044,0.000051,0.000055,0.000052,0.000054,0.000056,0.000058,0.000065,0.000055,0.000083,0.000088,0.000085,0.000091,0.000078,0.000026,0.000040,0.000066,0.000065,0.000057,0.000056,0.000043,0.000036,0.000029,0.000006,0.000045,0.000073,0.000080
856,,,,,,,,,,,,,,0.000006,0.000159,0.000191,0.000340,0.000378,0.000353,0.000245,0.000130,0.000127,0.000129,0.000105,0.000094,0.000084,0.000076,0.000060,0.000055,0.000048,0.000049,0.000040,0.000064,0.000074,0.000109,0.000179,0.000313,0.000233,0.000310,0.000166,0.000120,0.000083,0.000072,0.000061,0.000047,0.000034,0.000010,0.000138,0.000273,0.000339
857,,,,,,,,,,,,,,0.000003,0.000076,0.000090,0.000117,0.000157,0.000167,0.000141,0.000114,0.000087,0.000090,0.000096,0.000108,0.000109,0.000107,0.000108,0.000111,0.000098,0.000107,0.000060,0.000085,0.000094,0.000122,0.000194,0.000213,0.000050,0.000220,0.000316,0.000265,0.000171,0.000103,0.000064,0.000031,0.000016,0.000003,0.000047,0.000078,0.000122
858,,,,,,,,,,,,,,0.000003,0.000095,0.000097,0.000111,0.000149,0.000178,0.000158,0.000119,0.000126,0.000129,0.000134,0.000122,0.000128,0.000125,0.000119,0.000118,0.000118,0.000116,0.000058,0.000102,0.000099,0.000091,0.000084,0.000069,0.000015,0.000040,0.000068,0.000085,0.000068,0.000052,0.000038,0.000028,0.000021,0.000002,0.000047,0.000063,0.000084
859,,,,,,,,,,,,,,0.000004,0.000068,0.000075,0.000097,0.000148,0.000144,0.000140,0.000077,0.000104,0.000113,0.000115,0.000081,0.000096,0.000090,0.000088,0.000070,0.000073,0.000080,0.000059,0.000090,0.000098,0.000094,0.000093,0.000099,0.000045,0.000070,0.000070,0.000074,0.000072,0.000071,0.000057,0.000039,0.000029,0.000010,0.000041,0.000052,0.000077
860,,,,,,,,,,,,,,0.000005,0.000138,0.000116,0.000099,0.000099,0.000089,0.000075,0.000057,0.000053,0.000057,0.000053,0.000050,0.000047,0.000047,0.000057,0.000063,0.000063,0.000064,0.000049,0.000070,0.000070,0.000067,0.000054,0.000040,0.000033,0.000090,0.000105,0.000099,0.000083,0.000062,0.000045,0.000025,0.000016,0.000005,0.000038,0.000068,0.000093
861,,,,,,,,,,,,,,0.000004,0.000103,0.000100,0.000101,0.000119,0.000132,0.000126,0.000100,0.000096,0.000107,0.000116,0.000111,0.000107,0.000104,0.000096,0.000090,0.000092,0.000101,0.000058,0.000112,0.000109,0.000098,0.000094,0.000063,0.000017,0.000048,0.000068,0.000066,0.000059,0.000051,0.000037,0.000017,0.000011,0.000004,0.000039,0.000069,0.000079
862,,,,,,,,,,,,,,0.000012,0.000181,0.000172,0.000176,0.000209,0.000214,0.000205,0.000192,0.000231,0.000304,0.000348,0.000413,0.000461,0.000475,0.000497,0.000534,0.000461,0.000492,0.000252,0.000379,0.000321,0.000277,0.000236,0.000194,0.000128,0.000231,0.000169,0.000103,0.000074,0.000050,0.000030,0.000017,0.000004,0.000014,0.000275,0.000522,0.000747
863,,,,,,,,,,,,,,0.000004,0.000107,0.000092,0.000089,0.000096,0.000094,0.000081,0.000071,0.000068,0.000064,0.000071,0.000076,0.000075,0.000070,0.000080,0.000086,0.000065,0.000066,0.000049,0.000072,0.000070,0.000066,0.000056,0.000042,0.000016,0.000033,0.000048,0.000058,0.000056,0.000050,0.000037,0.000020,0.000011,0.000004,0.000026,0.000042,0.000064
864,,,,,,,,,,,,,,0.000006,0.000182,0.000211,0.000252,0.000310,0.000293,0.000218,0.000269,0.000142,0.000127,0.000131,0.000153,0.000155,0.000157,0.000147,0.000139,0.000119,0.000133,0.000096,0.000118,0.000102,0.000095,0.000088,0.000074,0.000025,0.000043,0.000052,0.000057,0.000052,0.000047,0.000041,0.000019,0.000014,0.000006,0.000061,0.000125,0.000187
865,,,,,,,,,,,,,,0.000004,0.000134,0.000130,0.000127,0.000138,0.000135,0.000104,0.000098,0.000083,0.000084,0.000079,0.000087,0.000078,0.000076,0.000080,0.000082,0.000071,0.000079,0.000047,0.000080,0.000077,0.000062,0.000060,0.000048,0.000047,0.000124,0.000093,0.000058,0.000058,0.000054,0.000054,0.000040,0.000033,0.000008,0.000038,0.000071,0.000076
866,,,,,,,,,,,,,,0.000007,0.000109,0.000110,0.000121,0.000169,0.000175,0.000159,0.000119,0.000106,0.000117,0.000120,0.000112,0.000114,0.000117,0.000110,0.000121,0.000107,0.000116,0.000067,0.000122,0.000130,0.000174,0.000222,0.000267,0.000056,0.000086,0.000065,0.000059,0.000049,0.000047,0.000044,0.000028,0.000016,0.000008,0.000213,0.000426,0.000577
867,,,,,,,,,,,,,,0.000004,0.000107,0.000104,0.000104,0.000104,0.000091,0.000069,0.000068,0.000054,0.000064,0.000064,0.000072,0.000067,0.000058,0.000056,0.000062,0.000054,0.000050,0.000086,0.000113,0.000164,0.000221,0.000260,0.000251,0.000066,0.000073,0.000041,0.000032,0.000035,0.000026,0.000012,0.000007,0.000007,0.000010,0.000055,0.000083,0.000127
868,,,,,,,,,,,,,,0.000002,0.000042,0.000036,0.000040,0.000053,0.000067,0.000063,0.000069,0.000058,0.000078,0.000082,0.000087,0.000103,0.000098,0.000098,0.000105,0.000109,0.000130,0.000083,0.000153,0.000182,0.000186,0.000177,0.000121,0.000033,0.000055,0.000061,0.000059,0.000052,0.000051,0.000037,0.000024,0.000023,0.000007,0.000036,0.000064,0.000068
869,,,,,,,,,,,,,,0.000008,0.000214,0.000230,0.000267,0.000373,0.000424,0.000392,0.000313,0.000325,0.000371,0.000425,0.000444,0.000487,0.000478,0.000437,0.000445,0.000365,0.000394,0.000182,0.000306,0.000287,0.000248,0.000215,0.000140,0.000026,0.000094,0.000141,0.000145,0.000126,0.000104,0.000094,0.000059,0.000030,0.000003,0.000097,0.000168,0.000243
870,,,,,,,,,,,,,,0.000004,0.000095,0.000087,0.000098,0.000104,0.000100,0.000081,0.000058,0.000051,0.000047,0.000049,0.000049,0.000036,0.000031,0.000045,0.000049,0.000037,0.000046,0.000038,0.000062,0.000069,0.000070,0.000070,0.000067,0.000018,0.000043,0.000085,0.000111,0.000107,0.000109,0.000108,0.000104,0.000086,0.000012,0.000058,0.000096,0.000111
871,,,,,,,,,,,,,,0.000006,0.000164,0.000168,0.000167,0.000190,0.000187,0.000147,0.000095,0.000085,0.000084,0.000089,0.000090,0.000081,0.000075,0.000074,0.000080,0.000072,0.000082,0.000049,0.000084,0.000089,0.000096,0.000094,0.000076,0.000017,0.000056,0.000053,0.000053,0.000045,0.000049,0.000048,0.000034,0.000020,0.000002,0.000039,0.000080,0.000124
872,,,,,,,,,,,,,,0.000004,0.000113,0.000124,0.000143,0.000165,0.000167,0.000121,0.000083,0.000087,0.000104,0.000112,0.000130,0.000152,0.000163,0.000245,0.000352,0.000164,0.000168,0.000093,0.000142,0.000138,0.000140,0.000104,0.000062,0.000029,0.000059,0.000071,0.000058,0.000052,0.000042,0.000035,0.000032,0.000025,0.000009,0.000142,0.000238,0.000254
873,,,,,,,,,,,,,,0.000010,0.000166,0.000152,0.000162,0.000172,0.000167,0.000149,0.000101,0.000109,0.000120,0.000131,0.000127,0.000145,0.000144,0.000140,0.000146,0.000136,0.000139,0.000070,0.000119,0.000113,0.000103,0.000095,0.000058,0.000025,0.000070,0.000052,0.000035,0.000033,0.000024,0.000018,0.000008,0.000005,0.000004,0.000041,0.000059,0.000091
874,,,,,,,,,,,,,,0.000004,0.000110,0.000122,0.000142,0.000183,0.000192,0.000175,0.000122,0.000127,0.000138,0.000141,0.000142,0.000138,0.000142,0.000138,0.000140,0.000144,0.000145,0.000061,0.000108,0.000090,0.000081,0.000081,0.000101,0.000041,0.000075,0.000076,0.000075,0.000078,0.000080,0.000079,0.000058,0.000043,0.000005,0.000054,0.000057,0.000061
875,,,,,,,,,,,,,,0.000002,0.000045,0.000039,0.000030,0.000026,0.000020,0.000018,0.000024,0.000020,0.000024,0.000024,0.000037,0.000043,0.000046,0.000037,0.000045,0.000045,0.000056,0.000047,0.000117,0.000155,0.000237,0.000331,0.000410,0.000169,0.000422,0.000539,0.000571,0.000511,0.000444,0.000399,0.000254,0.000160,0.000019,0.000064,0.000082,0.000074
876,,,,,,,,,,,,,,0.000002,0.000055,0.000045,0.000052,0.000078,0.000102,0.000102,0.000085,0.000163,0.000246,0.000201,0.000208,0.000211,0.000211,0.000196,0.000160,0.000137,0.000127,0.000063,0.000111,0.000108,0.000110,0.000117,0.000107,0.000031,0.000061,0.000077,0.000074,0.000068,0.000063,0.000067,0.000050,0.000042,0.000005,0.000021,0.000036,0.000046
877,,,,,,,,,,,,,,0.000004,0.000081,0.000074,0.000068,0.000079,0.000089,0.000072,0.000055,0.000054,0.000060,0.000077,0.000065,0.000085,0.000112,0.000117,0.000154,0.000159,0.000218,0.000145,0.000277,0.000329,0.000331,0.000342,0.000268,0.000076,0.000162,0.000150,0.000122,0.000082,0.000061,0.000037,0.000024,0.000012,0.000004,0.000058,0.000134,0.000209
878,,,,,,,,,,,,,,0.000003,0.000142,0.000206,0.000281,0.000367,0.000395,0.000301,0.000209,0.000146,0.000157,0.000155,0.000160,0.000176,0.000182,0.000183,0.000216,0.000257,0.000328,0.000226,0.000391,0.000388,0.000395,0.000341,0.000220,0.000041,0.000118,0.000139,0.000122,0.000103,0.000084,0.000057,0.000035,0.000027,0.000004,0.000016,0.000033,0.000035
879,,,,,,,,,,,,,,0.000002,0.000071,0.000071,0.000078,0.000101,0.000097,0.000085,0.000071,0.000068,0.000071,0.000080,0.000076,0.000068,0.000066,0.000067,0.000073,0.000063,0.000064,0.000042,0.000067,0.000063,0.000055,0.000047,0.000038,0.000025,0.000049,0.000069,0.000084,0.000095,0.000094,0.000081,0.000053,0.000034,0.000006,0.000034,0.000065,0.000073
880,,,,,,,,,,,,,,0.000003,0.000079,0.000081,0.000091,0.000117,0.000129,0.000108,0.000079,0.000071,0.000078,0.000077,0.000074,0.000077,0.000076,0.000074,0.000085,0.000082,0.000094,0.000058,0.000086,0.000085,0.000079,0.000086,0.000081,0.000029,0.000075,0.000081,0.000082,0.000078,0.000071,0.000063,0.000040,0.000026,0.000003,0.000029,0.000048,0.000068
881,,,,,,,,,,,,,,0.000005,0.000149,0.000132,0.000130,0.000163,0.000174,0.000184,0.000169,0.000169,0.000184,0.000189,0.000215,0.000197,0.000218,0.000197,0.000167,0.000153,0.000162,0.000080,0.000138,0.000120,0.000100,0.000081,0.000046,0.000018,0.000038,0.000048,0.000054,0.000056,0.000054,0.000046,0.000030,0.000021,0.000004,0.000026,0.000040,0.000053
882,,,,,,,,,,,,,,0.000004,0.000129,0.000129,0.000135,0.000152,0.000159,0.000137,0.000107,0.000096,0.000104,0.000104,0.000115,0.000117,0.000092,0.000100,0.000095,0.000093,0.000103,0.000057,0.000087,0.000093,0.000085,0.000082,0.000055,0.000020,0.000047,0.000053,0.000052,0.000041,0.000037,0.000028,0.000018,0.000017,0.000005,0.000037,0.000067,0.000081
883,,,,,,,,,,,,,,0.000003,0.000099,0.000118,0.000175,0.000225,0.000234,0.000195,0.000121,0.000082,0.000076,0.000066,0.000048,0.000035,0.000030,0.000025,0.000022,0.000019,0.000019,0.000039,0.000033,0.000042,0.000051,0.000060,0.000080,0.000071,0.000074,0.000066,0.000061,0.000055,0.000046,0.000043,0.000028,0.000019,0.000007,0.000020,0.000047,0.000075
884,,,,,,,,,,,,,,0.000002,0.000048,0.000051,0.000064,0.000075,0.000078,0.000067,0.000049,0.000048,0.000050,0.000055,0.000054,0.000057,0.000046,0.000046,0.000044,0.000043,0.000046,0.000149,0.000055,0.000053,0.000044,0.000040,0.000031,0.000032,0.000040,0.000027,0.000025,0.000022,0.000024,0.000020,0.000013,0.000010,0.000004,0.000026,0.000068,0.000082
885,,,,,,,,,,,,,,0.000003,0.000057,0.000048,0.000049,0.000069,0.000077,0.000067,0.000051,0.000053,0.000055,0.000057,0.000054,0.000051,0.000044,0.000039,0.000040,0.000045,0.000070,0.000042,0.000098,0.000118,0.000125,0.000118,0.000089,0.000019,0.000053,0.000091,0.000141,0.000179,0.000180,0.000175,0.000109,0.000059,0.000005,0.000023,0.000040,0.000056
886,,,,,,,,,,,,,,0.000003,0.000062,0.000075,0.000137,0.000229,0.000353,0.000369,0.000297,0.000321,0.000330,0.000327,0.000325,0.000314,0.000282,0.000252,0.000227,0.000193,0.000172,0.000078,0.000117,0.000108,0.000090,0.000082,0.000062,0.000012,0.000036,0.000043,0.000039,0.000035,0.000031,0.000027,0.000020,0.000011,0.000003,0.000037,0.000076,0.000110
887,,,,,,,,,,,,,,0.000004,0.000091,0.000105,0.000138,0.000179,0.000183,0.000151,0.000097,0.000100,0.000102,0.000101,0.000097,0.000108,0.000099,0.000087,0.000089,0.000087,0.000093,0.000078,0.000115,0.000091,0.000102,0.000102,0.000084,0.000046,0.000073,0.000128,0.000152,0.000153,0.000146,0.000143,0.000103,0.000058,0.000008,0.000098,0.000136,0.000158
888,,,,,,,,,,,,,,0.000001,0.000033,0.000031,0.000028,0.000033,0.000036,0.000045,0.000046,0.000056,0.000069,0.000081,0.000096,0.000119,0.000150,0.000183,0.000217,0.000228,0.000275,0.000151,0.000276,0.000251,0.000247,0.000239,0.000218,0.000054,0.000140,0.000228,0.000254,0.000220,0.000169,0.000131,0.000077,0.000055,0.000013,0.000036,0.000054,0.000048
889,,,,,,,,,,,,,,0.000003,0.000082,0.000071,0.000073,0.000091,0.000098,0.000089,0.000067,0.000052,0.000051,0.000055,0.000053,0.000052,0.000045,0.000042,0.000041,0.000036,0.000039,0.000029,0.000045,0.000049,0.000050,0.000053,0.000046,0.000014,0.000046,0.000064,0.000065,0.000060,0.000053,0.000039,0.000019,0.000008,0.000003,0.000027,0.000041,0.000060
890,,,,,,,,,,,,,,0.000004,0.000104,0.000079,0.000072,0.000085,0.000090,0.000089,0.000077,0.000085,0.000105,0.000111,0.000117,0.000114,0.000107,0.000107,0.000104,0.000078,0.000084,0.000047,0.000075,0.000074,0.000090,0.000089,0.000069,0.000024,0.000070,0.000062,0.000041,0.000033,0.000031,0.000021,0.000015,0.000023,0.000008,0.000047,0.000078,0.000102
891,,,,,,,,,,,,,,0.000003,0.000089,0.000095,0.000114,0.000139,0.000142,0.000116,0.000082,0.000078,0.000086,0.000095,0.000109,0.000113,0.000107,0.000107,0.000107,0.000083,0.000093,0.000049,0.000091,0.000082,0.000094,0.000110,0.000120,0.000044,0.000086,0.000081,0.000075,0.000073,0.000075,0.000080,0.000072,0.000056,0.000005,0.000041,0.000062,0.000076
892,,,,,,,,,,,,,,0.000009,0.000299,0.000342,0.000471,0.000535,0.000539,0.000414,0.000240,0.000197,0.000181,0.000163,0.000149,0.000147,0.000124,0.000107,0.000083,0.000059,0.000051,0.000022,0.000048,0.000043,0.000034,0.000033,0.000028,0.000012,0.000033,0.000066,0.000092,0.000103,0.000097,0.000093,0.000057,0.000029,0.000005,0.000037,0.000046,0.000060
893,,,,,,,,,,,,,,0.000003,0.000106,0.000149,0.000203,0.000311,0.000378,0.000339,0.000268,0.000255,0.000236,0.000212,0.000180,0.000161,0.000123,0.000106,0.000095,0.000080,0.000070,0.000032,0.000050,0.000042,0.000037,0.000040,0.000044,0.000010,0.000040,0.000069,0.000076,0.000068,0.000056,0.000062,0.000058,0.000052,0.000009,0.000070,0.000205,0.000277
894,,,,,,,,,,,,,,0.000004,0.000069,0.000064,0.000072,0.000087,0.000080,0.000069,0.000060,0.000052,0.000059,0.000046,0.000041,0.000039,0.000035,0.000036,0.000036,0.000025,0.000028,0.000046,0.000036,0.000036,0.000042,0.000040,0.000027,0.000026,0.000054,0.000055,0.000057,0.000055,0.000054,0.000041,0.000021,0.000013,0.000009,0.000126,0.000194,0.000251
895,,,,,,,,,,,,,,0.000005,0.000106,0.000107,0.000130,0.000162,0.000170,0.000154,0.000116,0.000114,0.000124,0.000132,0.000149,0.000171,0.000184,0.000175,0.000180,0.000160,0.000171,0.000092,0.000155,0.000140,0.000129,0.000116,0.000086,0.000027,0.000052,0.000048,0.000033,0.000026,0.000025,0.000018,0.000011,0.000007,0.000007,0.000096,0.000149,0.000187
896,,,,,,,,,,,,,,0.000002,0.000058,0.000069,0.000086,0.000130,0.000139,0.000138,0.000117,0.000150,0.000219,0.000254,0.000277,0.000282,0.000255,0.000259,0.000280,0.000246,0.000249,0.000132,0.000252,0.000244,0.000240,0.000240,0.000210,0.000055,0.000068,0.000052,0.000044,0.000041,0.000036,0.000035,0.000023,0.000021,0.000006,0.000033,0.000063,0.000084
897,,,,,,,,,,,,,,0.000003,0.000094,0.000093,0.000109,0.000123,0.000108,0.000083,0.000073,0.000083,0.000105,0.000130,0.000148,0.000154,0.000162,0.000165,0.000176,0.000167,0.000174,0.000098,0.000147,0.000134,0.000113,0.000087,0.000060,0.000020,0.000051,0.000061,0.000047,0.000033,0.000027,0.000015,0.000012,0.000007,0.000004,0.000037,0.000057,0.000079
898,,,,,,,,,,,,,,0.000002,0.000052,0.000064,0.000092,0.000163,0.000208,0.000189,0.000114,0.000133,0.000136,0.000150,0.000145,0.000170,0.000173,0.000165,0.000176,0.000208,0.000223,0.000104,0.000148,0.000122,0.000097,0.000085,0.000077,0.000022,0.000071,0.000119,0.000115,0.000085,0.000060,0.000050,0.000036,0.000026,0.000005,0.000029,0.000048,0.000043
899,,,,,,,,,,,,,,0.000002,0.000078,0.000101,0.000135,0.000179,0.000197,0.000181,0.000144,0.000161,0.000173,0.000205,0.000222,0.000251,0.000294,0.000328,0.000395,0.000443,0.000427,0.000187,0.000300,0.000257,0.000214,0.000181,0.000127,0.000028,0.000114,0.000191,0.000217,0.000198,0.000141,0.000111,0.000058,0.000033,0.000003,0.000022,0.000034,0.000045
900,,,,,,,,,,,,,,0.000003,0.000084,0.000081,0.000085,0.000083,0.000090,0.000066,0.000045,0.000039,0.000040,0.000050,0.000055,0.000061,0.000069,0.000069,0.000070,0.000069,0.000093,0.000046,0.000081,0.000078,0.000081,0.000086,0.000091,0.000069,0.000206,0.000162,0.000120,0.000107,0.000109,0.000100,0.000081,0.000064,0.000010,0.000075,0.000127,0.000187
901,,,,,,,,,,,,,,0.000006,0.000088,0.000075,0.000075,0.000094,0.000097,0.000088,0.000083,0.000071,0.000066,0.000052,0.000044,0.000047,0.000046,0.000047,0.000041,0.000061,0.000054,0.000043,0.000032,0.000033,0.000041,0.000042,0.000038,0.000034,0.000059,0.000053,0.000049,0.000048,0.000046,0.000039,0.000039,0.000036,0.000014,0.000239,0.000312,0.000390
902,,,,,,,,,,,,,,0.000002,0.000044,0.000049,0.000067,0.000095,0.000124,0.000113,0.000107,0.000094,0.000107,0.000120,0.000134,0.000135,0.000135,0.000134,0.000126,0.000112,0.000129,0.000065,0.000113,0.000110,0.000096,0.000100,0.000086,0.000017,0.000043,0.000067,0.000077,0.000077,0.000070,0.000072,0.000053,0.000040,0.000009,0.000041,0.000073,0.000094
903,,,,,,,,,,,,,,0.000003,0.000078,0.000070,0.000072,0.000089,0.000088,0.000071,0.000051,0.000055,0.000061,0.000058,0.000047,0.000050,0.000054,0.000043,0.000043,0.000035,0.000040,0.000027,0.000052,0.000053,0.000066,0.000079,0.000088,0.000023,0.000081,0.000100,0.000088,0.000070,0.000079,0.000101,0.000093,0.000080,0.000012,0.000033,0.000040,0.000061
904,,,,,,,,,,,,,,0.000003,0.000088,0.000094,0.000117,0.000173,0.000202,0.000218,0.000206,0.000222,0.000239,0.000277,0.000266,0.000289,0.000260,0.000249,0.000219,0.000190,0.000185,0.000101,0.000140,0.000133,0.000123,0.000107,0.000070,0.000020,0.000041,0.000044,0.000045,0.000041,0.000040,0.000036,0.000024,0.000014,0.000005,0.000038,0.000077,0.000102
905,,,,,,,,,,,,,,0.000005,0.000123,0.000125,0.000146,0.000178,0.000186,0.000165,0.000133,0.000120,0.000140,0.000155,0.000166,0.000173,0.000193,0.000189,0.000197,0.000176,0.000205,0.000111,0.000178,0.000180,0.000177,0.000163,0.000132,0.000022,0.000051,0.000074,0.000086,0.000080,0.000077,0.000051,0.000028,0.000019,0.000002,0.000031,0.000084,0.000210
906,,,,,,,,,,,,,,0.000004,0.000113,0.000107,0.000112,0.000144,0.000157,0.000141,0.000127,0.000120,0.000142,0.000151,0.000154,0.000155,0.000162,0.000155,0.000149,0.000135,0.000147,0.000072,0.000127,0.000142,0.000162,0.000174,0.000138,0.000034,0.000114,0.000141,0.000117,0.000087,0.000066,0.000043,0.000033,0.000022,0.000006,0.000037,0.000063,0.000086
907,,,,,,,,,,,,,,0.000004,0.000123,0.000140,0.000192,0.000255,0.000271,0.000226,0.000141,0.000132,0.000132,0.000133,0.000126,0.000118,0.000105,0.000109,0.000110,0.000101,0.000102,0.000055,0.000086,0.000083,0.000068,0.000053,0.000026,0.000015,0.000033,0.000033,0.000032,0.000027,0.000020,0.000010,0.000010,0.000009,0.000003,0.000032,0.000068,0.000092
908,,,,,,,,,,,,,,0.000003,0.000055,0.000039,0.000056,0.000055,0.000061,0.000063,0.000073,0.000066,0.000071,0.000067,0.000069,0.000062,0.000063,0.000053,0.000056,0.000063,0.000070,0.000108,0.000095,0.000119,0.000139,0.000155,0.000152,0.000063,0.000095,0.000097,0.000097,0.000093,0.000091,0.000083,0.000059,0.000046,0.000012,0.000018,0.000030,0.000037
909,,,,,,,,,,,,,,0.000003,0.000086,0.000084,0.000086,0.000092,0.000091,0.000077,0.000064,0.000050,0.000055,0.000054,0.000051,0.000054,0.000055,0.000063,0.000072,0.000066,0.000069,0.000043,0.000054,0.000048,0.000041,0.000028,0.000018,0.000014,0.000031,0.000029,0.000027,0.000025,0.000021,0.000017,0.000013,0.000007,0.000006,0.000043,0.000071,0.000102
910,,,,,,,,,,,,,,0.000004,0.000068,0.000059,0.000063,0.000075,0.000078,0.000065,0.000050,0.000048,0.000056,0.000062,0.000064,0.000067,0.000060,0.000064,0.000059,0.000065,0.000077,0.000042,0.000098,0.000113,0.000138,0.000167,0.000179,0.000039,0.000070,0.000062,0.000055,0.000045,0.000050,0.000050,0.000039,0.000032,0.000003,0.000075,0.000139,0.000177
911,,,,,,,,,,,,,,0.000004,0.000206,0.000286,0.000423,0.000593,0.000624,0.000501,0.000315,0.000260,0.000237,0.000225,0.000212,0.000207,0.000193,0.000187,0.000187,0.000163,0.000174,0.000085,0.000143,0.000128,0.000115,0.000104,0.000070,0.000022,0.000052,0.000066,0.000055,0.000044,0.000035,0.000026,0.000016,0.000012,0.000002,0.000030,0.000070,0.000098
912,,,,,,,,,,,,,,0.000005,0.000133,0.000146,0.000171,0.000224,0.000215,0.000163,0.000107,0.000094,0.000097,0.000102,0.000089,0.000100,0.000101,0.000109,0.000110,0.000113,0.000132,0.000070,0.000115,0.000115,0.000110,0.000116,0.000109,0.000021,0.000092,0.000179,0.000194,0.000147,0.000103,0.000072,0.000037,0.000022,0.000002,0.000031,0.000046,0.000065
913,,,,,,,,,,,,,,0.000002,0.000051,0.000049,0.000063,0.000079,0.000086,0.000081,0.000059,0.000052,0.000063,0.000074,0.000077,0.000092,0.000094,0.000085,0.000081,0.000075,0.000083,0.000046,0.000101,0.000112,0.000099,0.000091,0.000063,0.000026,0.000052,0.000054,0.000045,0.000040,0.000037,0.000032,0.000026,0.000019,0.000003,0.000025,0.000044,0.000043
914,,,,,,,,,,,,,,0.000003,0.000083,0.000080,0.000087,0.000089,0.000096,0.000090,0.000067,0.000062,0.000093,0.000104,0.000120,0.000129,0.000157,0.000174,0.000222,0.000266,0.000371,0.000255,0.000532,0.000664,0.000707,0.000723,0.000568,0.000097,0.000300,0.000382,0.000346,0.000274,0.000216,0.000179,0.000114,0.000073,0.000009,0.000028,0.000043,0.000059
915,,,,,,,,,,,,,,0.000007,0.000188,0.000195,0.000212,0.000265,0.000267,0.000229,0.000159,0.000157,0.000173,0.000189,0.000188,0.000198,0.000199,0.000188,0.000200,0.000172,0.000199,0.000097,0.000187,0.000181,0.000166,0.000148,0.000103,0.000016,0.000058,0.000074,0.000069,0.000064,0.000051,0.000044,0.000033,0.000019,0.000002,0.000055,0.000134,0.000190
916,,,,,,,,,,,,,,0.000012,0.000229,0.000207,0.000213,0.000223,0.000212,0.000175,0.000115,0.000104,0.000107,0.000104,0.000101,0.000115,0.000137,0.000082,0.000053,0.000057,0.000068,0.000038,0.000072,0.000074,0.000072,0.000080,0.000079,0.000040,0.000059,0.000063,0.000074,0.000077,0.000087,0.000068,0.000046,0.000031,0.000003,0.000023,0.000065,0.000089
917,,,,,,,,,,,,,,0.000003,0.000122,0.000186,0.000325,0.000422,0.000450,0.000378,0.000250,0.000222,0.000227,0.000233,0.000235,0.000265,0.000267,0.000279,0.000313,0.000292,0.000312,0.000158,0.000316,0.000344,0.000316,0.000296,0.000196,0.000030,0.000106,0.000140,0.000118,0.000089,0.000067,0.000048,0.000027,0.000013,0.000002,0.000046,0.000117,0.000166
918,,,,,,,,,,,,,,0.000003,0.000144,0.000168,0.000212,0.000249,0.000249,0.000194,0.000125,0.000101,0.000105,0.000103,0.000099,0.000106,0.000092,0.000093,0.000103,0.000090,0.000114,0.000056,0.000103,0.000107,0.000116,0.000117,0.000110,0.000020,0.000092,0.000182,0.000227,0.000230,0.000215,0.000189,0.000114,0.000062,0.000003,0.000018,0.000036,0.000059
919,,,,,,,,,,,,,,0.000010,0.000239,0.000219,0.000210,0.000228,0.000217,0.000177,0.000117,0.000102,0.000094,0.000093,0.000084,0.000076,0.000072,0.000074,0.000066,0.000052,0.000057,0.000027,0.000058,0.000055,0.000058,0.000061,0.000053,0.000013,0.000051,0.000092,0.000096,0.000080,0.000068,0.000048,0.000028,0.000013,0.000002,0.000030,0.000065,0.000097
920,,,,,,,,,,,,,,0.000004,0.000165,0.000206,0.000243,0.000286,0.000289,0.000210,0.000138,0.000127,0.000127,0.000122,0.000111,0.000101,0.000088,0.000080,0.000082,0.000067,0.000073,0.000039,0.000049,0.000032,0.000026,0.000022,0.000019,0.000013,0.000034,0.000028,0.000026,0.000025,0.000028,0.000023,0.000015,0.000009,0.000004,0.000032,0.000051,0.000079
921,,,,,,,,,,,,,,0.000008,0.000212,0.000200,0.000196,0.000235,0.000239,0.000199,0.000131,0.000137,0.000143,0.000143,0.000154,0.000162,0.000161,0.000158,0.000157,0.000136,0.000149,0.000078,0.000136,0.000144,0.000143,0.000134,0.000098,0.000024,0.000054,0.000060,0.000055,0.000048,0.000053,0.000036,0.000021,0.000010,0.000003,0.000072,0.000113,0.000145
922,,,,,,,,,,,,,,0.000003,0.000075,0.000056,0.000048,0.000051,0.000050,0.000062,0.000071,0.000091,0.000118,0.000148,0.000184,0.000237,0.000261,0.000321,0.000363,0.000361,0.000423,0.000214,0.000401,0.000369,0.000307,0.000303,0.000242,0.000055,0.000206,0.000345,0.000372,0.000316,0.000242,0.000177,0.000088,0.000040,0.000007,0.000024,0.000028,0.000041
923,,,,,,,,,,,,,,0.000004,0.000107,0.000097,0.000108,0.000130,0.000138,0.000121,0.000093,0.000098,0.000117,0.000120,0.000115,0.000096,0.000076,0.000066,0.000080,0.000075,0.000098,0.000063,0.000113,0.000120,0.000111,0.000122,0.000098,0.000032,0.000067,0.000086,0.000096,0.000101,0.000118,0.000091,0.000060,0.000035,0.000006,0.000060,0.000118,0.000166
924,,,,,,,,,,,,,,0.000008,0.000182,0.000152,0.000132,0.000140,0.000136,0.000122,0.000088,0.000094,0.000104,0.000092,0.000117,0.000129,0.000134,0.000175,0.000205,0.000134,0.000115,0.000087,0.000075,0.000064,0.000044,0.000026,0.000008,0.000065,0.000065,0.000048,0.000066,0.000089,0.000096,0.000060,0.000039,0.000038,0.000023,0.000153,0.000201,0.000264
925,,,,,,,,,,,,,,0.000002,0.000042,0.000045,0.000050,0.000062,0.000071,0.000060,0.000045,0.000043,0.000050,0.000054,0.000063,0.000062,0.000063,0.000065,0.000065,0.000071,0.000085,0.000059,0.000133,0.000159,0.000138,0.000121,0.000095,0.000017,0.000047,0.000073,0.000090,0.000081,0.000079,0.000071,0.000050,0.000037,0.000006,0.000039,0.000087,0.000105
926,,,,,,,,,,,,,,0.000003,0.000074,0.000083,0.000099,0.000113,0.000131,0.000122,0.000117,0.000090,0.000092,0.000092,0.000099,0.000115,0.000106,0.000097,0.000107,0.000095,0.000093,0.000058,0.000084,0.000083,0.000075,0.000072,0.000065,0.000027,0.000055,0.000056,0.000055,0.000055,0.000050,0.000023,0.000014,0.000010,0.000008,0.000105,0.000100,0.000110
927,,,,,,,,,,,,,,0.000005,0.000089,0.000088,0.000107,0.000121,0.000138,0.000120,0.000103,0.000084,0.000093,0.000096,0.000098,0.000089,0.000090,0.000092,0.000092,0.000091,0.000091,0.000052,0.000074,0.000062,0.000053,0.000039,0.000023,0.000015,0.000035,0.000048,0.000049,0.000052,0.000053,0.000046,0.000025,0.000011,0.000003,0.000030,0.000067,0.000091
928,,,,,,,,,,,,,,0.000003,0.000089,0.000089,0.000103,0.000129,0.000144,0.000135,0.000111,0.000089,0.000093,0.000100,0.000105,0.000108,0.000103,0.000099,0.000108,0.000097,0.000106,0.000065,0.000113,0.000113,0.000093,0.000090,0.000072,0.000019,0.000057,0.000068,0.000072,0.000063,0.000058,0.000049,0.000035,0.000029,0.000006,0.000057,0.000094,0.000107
929,,,,,,,,,,,,,,0.000006,0.000165,0.000176,0.000229,0.000275,0.000308,0.000267,0.000223,0.000221,0.000244,0.000241,0.000245,0.000245,0.000220,0.000218,0.000212,0.000188,0.000200,0.000106,0.000202,0.000220,0.000236,0.000265,0.000257,0.000071,0.000182,0.000212,0.000186,0.000166,0.000135,0.000104,0.000062,0.000043,0.000006,0.000036,0.000103,0.000180
930,,,,,,,,,,,,,,0.000002,0.000062,0.000076,0.000096,0.000154,0.000219,0.000173,0.000108,0.000091,0.000092,0.000092,0.000093,0.000085,0.000076,0.000082,0.000088,0.000093,0.000099,0.000090,0.000101,0.000082,0.000079,0.000085,0.000083,0.000046,0.000041,0.000047,0.000046,0.000043,0.000041,0.000041,0.000036,0.000030,0.000005,0.000046,0.000085,0.000109
931,,,,,,,,,,,,,,0.000004,0.000218,0.000274,0.000310,0.000356,0.000325,0.000251,0.000142,0.000107,0.000107,0.000110,0.000108,0.000101,0.000088,0.000081,0.000083,0.000076,0.000073,0.000042,0.000069,0.000087,0.000087,0.000087,0.000061,0.000023,0.000052,0.000064,0.000042,0.000033,0.000031,0.000019,0.000015,0.000013,0.000005,0.000032,0.000045,0.000052
932,,,,,,,,,,,,,,0.000005,0.000132,0.000167,0.000283,0.000357,0.000392,0.000330,0.000218,0.000224,0.000230,0.000225,0.000222,0.000214,0.000188,0.000178,0.000175,0.000155,0.000163,0.000078,0.000139,0.000132,0.000118,0.000106,0.000091,0.000015,0.000049,0.000073,0.000073,0.000058,0.000051,0.000046,0.000035,0.000022,0.000003,0.000079,0.000080,0.000113
933,,,,,,,,,,,,,,0.000003,0.000083,0.000072,0.000059,0.000068,0.000066,0.000065,0.000063,0.000067,0.000084,0.000090,0.000098,0.000100,0.000091,0.000092,0.000090,0.000077,0.000082,0.000039,0.000079,0.000082,0.000091,0.000098,0.000087,0.000018,0.000050,0.000081,0.000102,0.000084,0.000079,0.000072,0.000054,0.000042,0.000005,0.000022,0.000046,0.000064
934,,,,,,,,,,,,,,0.000009,0.000210,0.000198,0.000215,0.000260,0.000290,0.000258,0.000190,0.000193,0.000195,0.000197,0.000211,0.000210,0.000208,0.000203,0.000194,0.000169,0.000183,0.000087,0.000137,0.000124,0.000103,0.000092,0.000074,0.000017,0.000058,0.000079,0.000093,0.000087,0.000108,0.000071,0.000041,0.000027,0.000003,0.000049,0.000106,0.000166
935,,,,,,,,,,,,,,0.000003,0.000063,0.000080,0.000120,0.000168,0.000204,0.000188,0.000153,0.000126,0.000143,0.000151,0.000159,0.000172,0.000185,0.000179,0.000178,0.000151,0.000163,0.000084,0.000134,0.000117,0.000106,0.000112,0.000082,0.000019,0.000040,0.000056,0.000064,0.000058,0.000052,0.000053,0.000039,0.000021,0.000004,0.000034,0.000052,0.000074
936,,,,,,,,,,,,,,0.000003,0.000088,0.000089,0.000100,0.000125,0.000122,0.000106,0.000077,0.000072,0.000078,0.000078,0.000073,0.000070,0.000066,0.000065,0.000072,0.000071,0.000083,0.000044,0.000063,0.000059,0.000056,0.000062,0.000053,0.000010,0.000035,0.000045,0.000049,0.000043,0.000036,0.000034,0.000028,0.000017,0.000003,0.000030,0.000061,0.000075
937,,,,,,,,,,,,,,0.000004,0.000071,0.000071,0.000081,0.000095,0.000091,0.000077,0.000064,0.000053,0.000050,0.000042,0.000041,0.000036,0.000037,0.000034,0.000050,0.000043,0.000053,0.000095,0.000065,0.000065,0.000074,0.000075,0.000059,0.000026,0.000040,0.000033,0.000029,0.000023,0.000021,0.000019,0.000013,0.000010,0.000008,0.000046,0.000075,0.000106
938,,,,,,,,,,,,,,0.000002,0.000074,0.000071,0.000081,0.000103,0.000103,0.000099,0.000059,0.000063,0.000063,0.000060,0.000061,0.000068,0.000063,0.000066,0.000066,0.000065,0.000073,0.000043,0.000072,0.000072,0.000075,0.000072,0.000058,0.000025,0.000067,0.000076,0.000078,0.000069,0.000074,0.000057,0.000032,0.000016,0.000003,0.000022,0.000034,0.000057
939,,,,,,,,,,,,,,0.000009,0.000152,0.000153,0.000156,0.000183,0.000165,0.000133,0.000099,0.000097,0.000093,0.000095,0.000092,0.000092,0.000087,0.000083,0.000092,0.000075,0.000085,0.000044,0.000080,0.000090,0.000095,0.000092,0.000073,0.000022,0.000043,0.000047,0.000044,0.000036,0.000026,0.000021,0.000017,0.000016,0.000004,0.000030,0.000060,0.000108
940,,,,,,,,,,,,,,0.000004,0.000101,0.000103,0.000117,0.000137,0.000141,0.000109,0.000070,0.000071,0.000073,0.000084,0.000097,0.000095,0.000093,0.000097,0.000116,0.000109,0.000121,0.000069,0.000114,0.000113,0.000101,0.000088,0.000069,0.000015,0.000045,0.000056,0.000049,0.000034,0.000027,0.000024,0.000023,0.000022,0.000008,0.000042,0.000076,0.000105
941,,,,,,,,,,,,,,0.000010,0.000148,0.000135,0.000120,0.000139,0.000133,0.000116,0.000079,0.000076,0.000066,0.000064,0.000065,0.000064,0.000074,0.000057,0.000057,0.000059,0.000062,0.000036,0.000056,0.000059,0.000067,0.000063,0.000050,0.000022,0.000049,0.000058,0.000062,0.000055,0.000053,0.000048,0.000038,0.000031,0.000006,0.000070,0.000156,0.000327
942,,,,,,,,,,,,,,0.000005,0.000108,0.000106,0.000115,0.000145,0.000149,0.000132,0.000094,0.000106,0.000115,0.000119,0.000125,0.000124,0.000125,0.000121,0.000120,0.000111,0.000132,0.000065,0.000117,0.000109,0.000099,0.000087,0.000070,0.000019,0.000044,0.000075,0.000082,0.000073,0.000071,0.000070,0.000054,0.000034,0.000004,0.000058,0.000110,0.000189
943,,,,,,,,,,,,,,0.000002,0.000044,0.000046,0.000055,0.000066,0.000063,0.000059,0.000049,0.000062,0.000077,0.000080,0.000073,0.000067,0.000071,0.000061,0.000054,0.000056,0.000065,0.000034,0.000066,0.000071,0.000077,0.000093,0.000095,0.000039,0.000143,0.000243,0.000269,0.000247,0.000204,0.000174,0.000106,0.000065,0.000017,0.000094,0.000116,0.000118
944,,,,,,,,,,,,,,0.000006,0.000100,0.000074,0.000058,0.000062,0.000055,0.000055,0.000047,0.000036,0.000030,0.000028,0.000019,0.000014,0.000019,0.000030,0.000036,0.000052,0.000086,0.000089,0.000156,0.000178,0.000197,0.000210,0.000174,0.000044,0.000092,0.000110,0.000105,0.000085,0.000070,0.000062,0.000049,0.000035,0.000008,0.000038,0.000111,0.000153
945,,,,,,,,,,,,,,0.000007,0.000132,0.000123,0.000130,0.000130,0.000113,0.000092,0.000070,0.000074,0.000078,0.000077,0.000081,0.000094,0.000083,0.000070,0.000076,0.000061,0.000057,0.000042,0.000055,0.000049,0.000054,0.000055,0.000054,0.000022,0.000040,0.000049,0.000043,0.000043,0.000046,0.000046,0.000032,0.000024,0.000006,0.000027,0.000060,0.000076
946,,,,,,,,,,,,,,0.000002,0.000041,0.000051,0.000083,0.000128,0.000163,0.000164,0.000145,0.000123,0.000130,0.000124,0.000118,0.000118,0.000118,0.000106,0.000109,0.000090,0.000084,0.000051,0.000080,0.000075,0.000072,0.000073,0.000067,0.000027,0.000053,0.000070,0.000066,0.000044,0.000030,0.000019,0.000017,0.000009,0.000006,0.000029,0.000052,0.000078
947,,,,,,,,,,,,,,0.000003,0.000095,0.000105,0.000129,0.000172,0.000198,0.000183,0.000169,0.000176,0.000205,0.000233,0.000257,0.000272,0.000262,0.000267,0.000279,0.000248,0.000258,0.000124,0.000206,0.000213,0.000200,0.000194,0.000156,0.000030,0.000121,0.000183,0.000183,0.000145,0.000112,0.000075,0.000041,0.000023,0.000002,0.000019,0.000045,0.000065
948,,,,,,,,,,,,,,0.000003,0.000056,0.000049,0.000050,0.000050,0.000053,0.000036,0.000042,0.000035,0.000034,0.000032,0.000030,0.000031,0.000037,0.000044,0.000057,0.000047,0.000063,0.000048,0.000072,0.000075,0.000078,0.000093,0.000087,0.000031,0.000065,0.000078,0.000088,0.000084,0.000084,0.000082,0.000069,0.000057,0.000010,0.000075,0.000117,0.000125
949,,,,,,,,,,,,,,0.000006,0.000294,0.000402,0.000473,0.000557,0.000530,0.000394,0.000259,0.000229,0.000241,0.000233,0.000245,0.000236,0.000233,0.000247,0.000258,0.000216,0.000215,0.000097,0.000157,0.000144,0.000129,0.000113,0.000085,0.000019,0.000055,0.000067,0.000063,0.000044,0.000031,0.000021,0.000010,0.000002,0.000003,0.000050,0.000103,0.000157
950,,,,,,,,,,,,,,0.000004,0.000128,0.000143,0.000174,0.000219,0.000249,0.000237,0.000199,0.000236,0.000298,0.000386,0.000468,0.000543,0.000558,0.000589,0.000614,0.000516,0.000491,0.000212,0.000345,0.000306,0.000247,0.000222,0.000141,0.000024,0.000077,0.000097,0.000105,0.000108,0.000094,0.000097,0.000071,0.000046,0.000003,0.000041,0.000072,0.000105
951,,,,,,,,,,,,,,0.000002,0.000064,0.000073,0.000093,0.000117,0.000138,0.000134,0.000092,0.000096,0.000099,0.000102,0.000103,0.000122,0.000121,0.000113,0.000111,0.000081,0.000078,0.000034,0.000063,0.000062,0.000070,0.000063,0.000060,0.000020,0.000048,0.000068,0.000091,0.000125,0.000166,0.000206,0.000207,0.000184,0.000018,0.000027,0.000053,0.000055
952,,,,,,,,,,,,,,0.000003,0.000058,0.000066,0.000076,0.000094,0.000099,0.000091,0.000077,0.000068,0.000079,0.000086,0.000091,0.000103,0.000108,0.000108,0.000133,0.000132,0.000137,0.000065,0.000113,0.000109,0.000094,0.000085,0.000063,0.000016,0.000046,0.000047,0.000040,0.000033,0.000029,0.000026,0.000020,0.000017,0.000004,0.000033,0.000065,0.000080
953,,,,,,,,,,,,,,0.000002,0.000051,0.000057,0.000071,0.000093,0.000093,0.000087,0.000073,0.000061,0.000072,0.000075,0.000072,0.000074,0.000068,0.000070,0.000081,0.000079,0.000082,0.000049,0.000068,0.000071,0.000068,0.000069,0.000061,0.000025,0.000050,0.000057,0.000066,0.000061,0.000055,0.000047,0.000036,0.000026,0.000007,0.000060,0.000071,0.000074
954,,,,,,,,,,,,,,0.000003,0.000086,0.000103,0.000133,0.000209,0.000251,0.000258,0.000206,0.000266,0.000276,0.000296,0.000285,0.000290,0.000272,0.000258,0.000229,0.000185,0.000193,0.000093,0.000129,0.000131,0.000117,0.000104,0.000073,0.000015,0.000043,0.000054,0.000058,0.000062,0.000066,0.000063,0.000044,0.000030,0.000004,0.000061,0.000084,0.000109
955,,,,,,,,,,,,,,0.000003,0.000072,0.000081,0.000091,0.000113,0.000115,0.000091,0.000080,0.000068,0.000084,0.000094,0.000098,0.000099,0.000095,0.000099,0.000095,0.000075,0.000079,0.000050,0.000066,0.000076,0.000076,0.000082,0.000072,0.000028,0.000048,0.000067,0.000067,0.000067,0.000066,0.000059,0.000043,0.000032,0.000006,0.000050,0.000073,0.000091
956,,,,,,,,,,,,,,0.000005,0.000135,0.000131,0.000151,0.000204,0.000217,0.000183,0.000131,0.000139,0.000155,0.000189,0.000184,0.000187,0.000162,0.000138,0.000136,0.000125,0.000166,0.000107,0.000177,0.000163,0.000158,0.000162,0.000129,0.000028,0.000085,0.000101,0.000098,0.000081,0.000070,0.000064,0.000043,0.000027,0.000002,0.000051,0.000136,0.000212
957,,,,,,,,,,,,,,0.000004,0.000112,0.000094,0.000085,0.000084,0.000084,0.000065,0.000058,0.000057,0.000062,0.000057,0.000054,0.000064,0.000058,0.000063,0.000075,0.000060,0.000056,0.000042,0.000091,0.000105,0.000123,0.000112,0.000071,0.000033,0.000129,0.000132,0.000108,0.000089,0.000074,0.000058,0.000042,0.000032,0.000005,0.000038,0.000092,0.000130
958,,,,,,,,,,,,,,0.000004,0.000073,0.000067,0.000064,0.000068,0.000063,0.000060,0.000055,0.000068,0.000093,0.000116,0.000155,0.000189,0.000207,0.000230,0.000275,0.000230,0.000229,0.000109,0.000179,0.000164,0.000141,0.000118,0.000083,0.000021,0.000044,0.000045,0.000042,0.000034,0.000029,0.000032,0.000021,0.000016,0.000003,0.000026,0.000041,0.000070
959,,,,,,,,,,,,,,0.000005,0.000111,0.000113,0.000117,0.000120,0.000111,0.000083,0.000054,0.000039,0.000046,0.000055,0.000053,0.000045,0.000041,0.000039,0.000041,0.000040,0.000044,0.000037,0.000058,0.000069,0.000078,0.000086,0.000069,0.000017,0.000072,0.000065,0.000065,0.000055,0.000049,0.000046,0.000034,0.000025,0.000003,0.000023,0.000035,0.000057
960,,,,,,,,,,,,,,0.000003,0.000066,0.000062,0.000074,0.000086,0.000079,0.000065,0.000044,0.000036,0.000049,0.000060,0.000066,0.000071,0.000070,0.000078,0.000060,0.000039,0.000040,0.000027,0.000041,0.000043,0.000055,0.000085,0.000127,0.000076,0.000131,0.000124,0.000132,0.000117,0.000100,0.000090,0.000063,0.000039,0.000006,0.000044,0.000070,0.000089
961,,,,,,,,,,,,,,0.000003,0.000096,0.000105,0.000120,0.000144,0.000142,0.000129,0.000095,0.000108,0.000116,0.000136,0.000151,0.000179,0.000182,0.000203,0.000224,0.000190,0.000203,0.000092,0.000154,0.000137,0.000114,0.000097,0.000069,0.000015,0.000044,0.000054,0.000059,0.000049,0.000045,0.000040,0.000029,0.000021,0.000003,0.000046,0.000079,0.000105
962,,,,,,,,,,,,,,0.000007,0.000168,0.000163,0.000171,0.000203,0.000225,0.000191,0.000125,0.000122,0.000122,0.000131,0.000130,0.000131,0.000113,0.000122,0.000128,0.000123,0.000128,0.000065,0.000109,0.000102,0.000092,0.000078,0.000052,0.000017,0.000052,0.000055,0.000054,0.000048,0.000038,0.000025,0.000014,0.000008,0.000003,0.000025,0.000045,0.000060
963,,,,,,,,,,,,,,0.000004,0.000064,0.000063,0.000067,0.000069,0.000065,0.000055,0.000050,0.000041,0.000052,0.000045,0.000044,0.000046,0.000032,0.000021,0.000031,0.000033,0.000035,0.000026,0.000042,0.000043,0.000050,0.000038,0.000038,0.000026,0.000039,0.000041,0.000045,0.000043,0.000045,0.000035,0.000025,0.000026,0.000015,0.000136,0.000170,0.000204
964,,,,,,,,,,,,,,0.000003,0.000081,0.000075,0.000082,0.000098,0.000106,0.000097,0.000079,0.000071,0.000078,0.000077,0.000070,0.000081,0.000092,0.000097,0.000098,0.000100,0.000125,0.000070,0.000136,0.000121,0.000109,0.000100,0.000073,0.000024,0.000046,0.000036,0.000029,0.000030,0.000022,0.000018,0.000013,0.000018,0.000008,0.000038,0.000076,0.000104
965,,,,,,,,,,,,,,0.000006,0.000152,0.000179,0.000206,0.000275,0.000292,0.000229,0.000164,0.000154,0.000174,0.000174,0.000182,0.000200,0.000196,0.000201,0.000219,0.000202,0.000221,0.000112,0.000192,0.000180,0.000163,0.000152,0.000113,0.000022,0.000065,0.000078,0.000076,0.000071,0.000054,0.000045,0.000036,0.000021,0.000003,0.000055,0.000111,0.000164
966,,,,,,,,,,,,,,0.000004,0.000129,0.000159,0.000233,0.000276,0.000277,0.000207,0.000135,0.000138,0.000140,0.000142,0.000145,0.000154,0.000139,0.000140,0.000147,0.000130,0.000141,0.000070,0.000105,0.000104,0.000105,0.000096,0.000085,0.000068,0.000168,0.000115,0.000071,0.000056,0.000053,0.000051,0.000038,0.000028,0.000002,0.000047,0.000077,0.000141
967,,,,,,,,,,,,,,0.000002,0.000026,0.000002,-0.000004,-0.000014,-0.000001,0.000026,0.000051,0.000050,0.000053,0.000061,0.000074,0.000076,0.000078,0.000106,0.000203,0.000178,0.000236,0.000293,0.000423,0.000449,0.000432,0.000373,0.000254,0.000058,0.000111,0.000121,0.000122,0.000110,0.000104,0.000090,0.000070,0.000048,0.000013,0.000044,0.000055,0.000044
968,,,,,,,,,,,,,,0.000002,0.000074,0.000080,0.000089,0.000111,0.000118,0.000104,0.000078,0.000083,0.000087,0.000091,0.000098,0.000107,0.000101,0.000095,0.000106,0.000091,0.000095,0.000164,0.000082,0.000070,0.000064,0.000055,0.000041,0.000029,0.000045,0.000047,0.000045,0.000038,0.000037,0.000029,0.000017,0.000008,0.000003,0.000037,0.000060,0.000076
969,,,,,,,,,,,,,,0.000004,0.000126,0.000122,0.000128,0.000140,0.000135,0.000111,0.000087,0.000083,0.000092,0.000106,0.000131,0.000164,0.000167,0.000177,0.000199,0.000174,0.000179,0.000102,0.000146,0.000151,0.000140,0.000145,0.000109,0.000034,0.000069,0.000087,0.000087,0.000093,0.000089,0.000069,0.000045,0.000028,0.000003,0.000035,0.000080,0.000102
970,,,,,,,,,,,,,,0.000005,0.000138,0.000148,0.000157,0.000197,0.000201,0.000178,0.000128,0.000139,0.000144,0.000160,0.000170,0.000176,0.000189,0.000221,0.000233,0.000200,0.000233,0.000121,0.000207,0.000183,0.000175,0.000158,0.000108,0.000040,0.000198,0.000213,0.000145,0.000119,0.000106,0.000083,0.000049,0.000032,0.000003,0.000062,0.000100,0.000142
971,,,,,,,,,,,,,,0.000003,0.000063,0.000062,0.000063,0.000073,0.000074,0.000072,0.000058,0.000045,0.000051,0.000065,0.000075,0.000077,0.000071,0.000084,0.000084,0.000079,0.000079,0.000047,0.000089,0.000090,0.000089,0.000086,0.000075,0.000015,0.000041,0.000057,0.000054,0.000058,0.000056,0.000054,0.000038,0.000028,0.000003,0.000016,0.000033,0.000045
972,,,,,,,,,,,,,,0.000009,0.000293,0.000339,0.000407,0.000492,0.000469,0.000363,0.000219,0.000189,0.000184,0.000162,0.000145,0.000153,0.000135,0.000178,0.000218,0.000111,0.000109,0.000055,0.000076,0.000073,0.000078,0.000076,0.000060,0.000014,0.000033,0.000040,0.000052,0.000048,0.000049,0.000040,0.000026,0.000018,0.000002,0.000014,0.000025,0.000051
973,,,,,,,,,,,,,,0.000003,0.000092,0.000111,0.000177,0.000217,0.000215,0.000164,0.000160,0.000151,0.000132,0.000124,0.000121,0.000123,0.000124,0.000114,0.000112,0.000135,0.000119,0.000125,0.000113,0.000098,0.000083,0.000068,0.000044,0.000032,0.000065,0.000078,0.000070,0.000057,0.000050,0.000039,0.000024,0.000017,0.000006,0.000041,0.000063,0.000084
974,,,,,,,,,,,,,,0.000004,0.000075,0.000067,0.000055,0.000064,0.000071,0.000062,0.000051,0.000056,0.000060,0.000063,0.000068,0.000076,0.000073,0.000095,0.000132,0.000166,0.000213,0.000129,0.000269,0.000269,0.000212,0.000159,0.000091,0.000019,0.000043,0.000048,0.000042,0.000039,0.000037,0.000032,0.000017,0.000009,0.000003,0.000029,0.000112,0.000229
975,,,,,,,,,,,,,,0.000002,0.000028,0.000019,0.000017,0.000021,0.000035,0.000044,0.000050,0.000066,0.000096,0.000125,0.000165,0.000190,0.000223,0.000218,0.000246,0.000232,0.000239,0.000109,0.000173,0.000163,0.000150,0.000139,0.000111,0.000030,0.000069,0.000082,0.000078,0.000066,0.000051,0.000050,0.000034,0.000027,0.000006,0.000027,0.000039,0.000057
976,,,,,,,,,,,,,,0.000004,0.000104,0.000103,0.000116,0.000134,0.000132,0.000109,0.000089,0.000077,0.000085,0.000091,0.000095,0.000097,0.000091,0.000105,0.000109,0.000089,0.000093,0.000059,0.000089,0.000093,0.000086,0.000069,0.000047,0.000019,0.000043,0.000048,0.000043,0.000025,0.000020,0.000016,0.000013,0.000008,0.000007,0.000063,0.000090,0.000130
977,,,,,,,,,,,,,,0.000003,0.000076,0.000067,0.000063,0.000082,0.000087,0.000084,0.000084,0.000064,0.000057,0.000056,0.000070,0.000083,0.000104,0.000116,0.000135,0.000131,0.000154,0.000095,0.000147,0.000143,0.000125,0.000104,0.000070,0.000025,0.000042,0.000057,0.000061,0.000053,0.000052,0.000043,0.000020,0.000018,0.000006,0.000032,0.000062,0.000087
978,,,,,,,,,,,,,,0.000007,0.000165,0.000174,0.000191,0.000254,0.000267,0.000245,0.000185,0.000187,0.000210,0.000214,0.000206,0.000214,0.000208,0.000251,0.000236,0.000230,0.000203,0.000115,0.000143,0.000123,0.000100,0.000088,0.000057,0.000026,0.000033,0.000038,0.000022,0.000015,0.000011,0.000011,0.000010,0.000006,0.000007,0.000066,0.000147,0.000258
979,,,,,,,,,,,,,,0.000005,0.000110,0.000119,0.000152,0.000212,0.000265,0.000279,0.000248,0.000255,0.000282,0.000276,0.000263,0.000258,0.000233,0.000231,0.000217,0.000180,0.000161,0.000064,0.000112,0.000104,0.000101,0.000095,0.000083,0.000031,0.000061,0.000070,0.000062,0.000047,0.000036,0.000034,0.000014,0.000012,0.000003,0.000023,0.000055,0.000090
980,,,,,,,,,,,,,,0.000004,0.000093,0.000079,0.000077,0.000083,0.000084,0.000074,0.000056,0.000048,0.000055,0.000050,0.000045,0.000034,0.000032,0.000039,0.000040,0.000057,0.000058,0.000183,0.000071,0.000067,0.000062,0.000059,0.000051,0.000070,0.000055,0.000050,0.000047,0.000046,0.000046,0.000041,0.000028,0.000023,0.000007,0.000036,0.000070,0.000085
981,,,,,,,,,,,,,,0.000005,0.000136,0.000148,0.000178,0.000249,0.000287,0.000271,0.000205,0.000208,0.000222,0.000222,0.000216,0.000206,0.000185,0.000187,0.000180,0.000154,0.000168,0.000075,0.000119,0.000100,0.000092,0.000078,0.000058,0.000013,0.000040,0.000055,0.000048,0.000040,0.000041,0.000034,0.000032,0.000030,0.000003,0.000064,0.000135,0.000198
982,,,,,,,,,,,,,,0.000006,0.000176,0.000167,0.000151,0.000156,0.000165,0.000127,0.000094,0.000100,0.000110,0.000101,0.000103,0.000104,0.000096,0.000104,0.000108,0.000095,0.000095,0.000056,0.000093,0.000103,0.000101,0.000115,0.000090,0.000020,0.000059,0.000080,0.000076,0.000056,0.000038,0.000031,0.000020,0.000014,0.000003,0.000042,0.000081,0.000091
983,,,,,,,,,,,,,,0.000006,0.000107,0.000083,0.000082,0.000095,0.000095,0.000084,0.000070,0.000062,0.000059,0.000066,0.000073,0.000079,0.000083,0.000075,0.000069,0.000060,0.000060,0.000039,0.000060,0.000062,0.000064,0.000069,0.000069,0.000037,0.000047,0.000058,0.000064,0.000068,0.000058,0.000047,0.000033,0.000026,0.000006,0.000022,0.000068,0.000091
984,,,,,,,,,,,,,,0.000003,0.000168,0.000227,0.000311,0.000303,0.000248,0.000173,0.000104,0.000072,0.000079,0.000049,0.000039,0.000046,0.000046,0.000050,0.000049,0.000029,0.000029,0.000029,0.000043,0.000052,0.000064,0.000084,0.000131,0.000082,0.000085,0.000048,0.000046,0.000047,0.000052,0.000064,0.000071,0.000076,0.000021,0.000092,0.000124,0.000144
985,,,,,,,,,,,,,,0.000004,0.000157,0.000170,0.000215,0.000284,0.000311,0.000263,0.000210,0.000170,0.000170,0.000155,0.000144,0.000138,0.000106,0.000102,0.000085,0.000072,0.000079,0.000048,0.000072,0.000076,0.000082,0.000086,0.000071,0.000020,0.000062,0.000078,0.000075,0.000063,0.000056,0.000044,0.000026,0.000019,0.000003,0.000027,0.000073,0.000099
986,,,,,,,,,,,,,,0.000002,0.000040,0.000052,0.000085,0.000118,0.000126,0.000101,0.000076,0.000079,0.000082,0.000095,0.000106,0.000117,0.000122,0.000120,0.000120,0.000089,0.000088,0.000044,0.000053,0.000048,0.000037,0.000025,0.000015,0.000027,0.000080,0.000100,0.000087,0.000083,0.000070,0.000070,0.000061,0.000050,0.000008,0.000052,0.000075,0.000097
987,,,,,,,,,,,,,,0.000003,0.000060,0.000064,0.000068,0.000090,0.000099,0.000086,0.000069,0.000075,0.000091,0.000094,0.000093,0.000100,0.000091,0.000088,0.000093,0.000086,0.000094,0.000047,0.000089,0.000087,0.000082,0.000062,0.000037,0.000010,0.000028,0.000029,0.000029,0.000030,0.000035,0.000036,0.000035,0.000028,0.000004,0.000031,0.000065,0.000078
988,,,,,,,,,,,,,,0.000004,0.000080,0.000081,0.000096,0.000113,0.000131,0.000107,0.000080,0.000086,0.000103,0.000115,0.000112,0.000126,0.000128,0.000137,0.000162,0.000129,0.000147,0.000081,0.000127,0.000124,0.000113,0.000114,0.000090,0.000018,0.000051,0.000063,0.000057,0.000055,0.000043,0.000039,0.000028,0.000021,0.000003,0.000053,0.000084,0.000127
989,,,,,,,,,,,,,,0.000001,0.000032,0.000032,0.000042,0.000056,0.000065,0.000055,0.000044,0.000051,0.000068,0.000078,0.000081,0.000095,0.000105,0.000120,0.000126,0.000131,0.000124,0.000069,0.000117,0.000142,0.000177,0.000223,0.000210,0.000049,0.000154,0.000198,0.000170,0.000121,0.000088,0.000060,0.000031,0.000016,0.000005,0.000031,0.000049,0.000061
990,,,,,,,,,,,,,,0.000004,0.000069,0.000067,0.000078,0.000112,0.000117,0.000110,0.000086,0.000084,0.000105,0.000125,0.000139,0.000155,0.000150,0.000148,0.000141,0.000135,0.000135,0.000069,0.000107,0.000095,0.000088,0.000080,0.000065,0.000030,0.000057,0.000090,0.000089,0.000079,0.000070,0.000057,0.000035,0.000026,0.000003,0.000021,0.000057,0.000068
991,,,,,,,,,,,,,,0.000003,0.000084,0.000078,0.000083,0.000091,0.000089,0.000084,0.000076,0.000069,0.000067,0.000083,0.000110,0.000112,0.000099,0.000097,0.000098,0.000077,0.000077,0.000065,0.000093,0.000103,0.000096,0.000100,0.000087,0.000035,0.000063,0.000095,0.000099,0.000098,0.000105,0.000065,0.000037,0.000020,0.000008,0.000085,0.000066,0.000077
992,,,,,,,,,,,,,,0.000002,0.000054,0.000051,0.000054,0.000065,0.000076,0.000066,0.000064,0.000062,0.000070,0.000074,0.000072,0.000078,0.000085,0.000082,0.000101,0.000095,0.000096,0.000057,0.000089,0.000080,0.000082,0.000072,0.000060,0.000030,0.000076,0.000119,0.000142,0.000120,0.000117,0.000083,0.000055,0.000032,0.000010,0.000067,0.000095,0.000116
993,,,,,,,,,,,,,,0.000002,0.000050,0.000061,0.000087,0.000125,0.000155,0.000156,0.000117,0.000126,0.000133,0.000130,0.000135,0.000132,0.000117,0.000103,0.000106,0.000091,0.000094,0.000051,0.000086,0.000084,0.000097,0.000102,0.000088,0.000023,0.000059,0.000069,0.000064,0.000064,0.000050,0.000041,0.000026,0.000018,0.000004,0.000035,0.000039,0.000054
994,,,,,,,,,,,,,,0.000006,0.000208,0.000200,0.000209,0.000245,0.000246,0.000202,0.000139,0.000118,0.000114,0.000134,0.000127,0.000132,0.000134,0.000139,0.000141,0.000153,0.000180,0.000107,0.000209,0.000211,0.000202,0.000191,0.000144,0.000027,0.000082,0.000108,0.000092,0.000073,0.000061,0.000051,0.000034,0.000020,0.000001,0.000027,0.000053,0.000075
995,,,,,,,,,,,,,,0.000004,0.000079,0.000095,0.000156,0.000253,0.000340,0.000377,0.000355,0.000404,0.000453,0.000456,0.000423,0.000391,0.000359,0.000338,0.000306,0.000265,0.000244,0.000109,0.000176,0.000157,0.000136,0.000115,0.000082,0.000045,0.000119,0.000139,0.000118,0.000067,0.000039,0.000027,0.000009,0.000005,0.000008,0.000041,0.000079,0.000106
996,,,,,,,,,,,,,,0.000009,0.000182,0.000163,0.000157,0.000181,0.000162,0.000138,0.000102,0.000088,0.000085,0.000075,0.000074,0.000074,0.000076,0.000075,0.000085,0.000079,0.000082,0.000181,0.000128,0.000131,0.000119,0.000106,0.000067,0.000033,0.000086,0.000078,0.000052,0.000035,0.000028,0.000017,0.000006,0.000006,0.000006,0.000036,0.000074,0.000103
997,,,,,,,,,,,,,,0.000001,0.000052,0.000047,0.000054,0.000064,0.000066,0.000058,0.000046,0.000046,0.000048,0.000049,0.000062,0.000067,0.000060,0.000066,0.000068,0.000064,0.000073,0.000051,0.000071,0.000075,0.000072,0.000072,0.000054,0.000016,0.000038,0.000060,0.000056,0.000049,0.000048,0.000053,0.000040,0.000030,0.000004,0.000018,0.000034,0.000033
998,,,,,,,,,,,,,,0.000002,0.000059,0.000070,0.000092,0.000108,0.000102,0.000093,0.000070,0.000058,0.000065,0.000072,0.000083,0.000102,0.000102,0.000109,0.000118,0.000114,0.000134,0.000099,0.000199,0.000224,0.000224,0.000230,0.000199,0.000027,0.000080,0.000110,0.000109,0.000105,0.000102,0.000097,0.000082,0.000063,0.000005,0.000037,0.000067,0.000080
999,,,,,,,,,,,,,,0.000002,0.000067,0.000088,0.000112,0.000187,0.000211,0.000191,0.000131,0.000139,0.000129,0.000131,0.000135,0.000136,0.000131,0.000121,0.000129,0.000115,0.000133,0.000078,0.000146,0.000171,0.000189,0.000213,0.000195,0.000043,0.000089,0.000131,0.000155,0.000143,0.000135,0.000134,0.000100,0.000081,0.000008,0.000035,0.000063,0.000058
1000,,,,,,,,,,,,,,0.000005,0.000166,0.000174,0.000191,0.000227,0.000235,0.000207,0.000149,0.000140,0.000151,0.000154,0.000158,0.000177,0.000183,0.000198,0.000223,0.000244,0.000303,0.000160,0.000296,0.000273,0.000228,0.000164,0.000105,0.000028,0.000063,0.000061,0.000051,0.000047,0.000050,0.000056,0.000047,0.000032,0.000006,0.000049,0.000082,0.000096
1001,,,,,,,,,,,,,,0.000004,0.000133,0.000150,0.000204,0.000288,0.000331,0.000293,0.000184,0.000195,0.000205,0.000199,0.000201,0.000210,0.000200,0.000201,0.000206,0.000196,0.000204,0.000182,0.000186,0.000160,0.000138,0.000109,0.000077,0.000017,0.000034,0.000039,0.000044,0.000041,0.000040,0.000037,0.000027,0.000019,0.000001,0.000014,0.000045,0.000086
1002,,,,,,,,,,,,,,0.000003,0.000087,0.000126,0.000200,0.000332,0.000400,0.000372,0.000226,0.000211,0.000201,0.000174,0.000154,0.000165,0.000159,0.000148,0.000150,0.000140,0.000159,0.000092,0.000147,0.000127,0.000105,0.000081,0.000065,0.000014,0.000027,0.000036,0.000047,0.000053,0.000058,0.000046,0.000038,0.000028,0.000006,0.000041,0.000065,0.000067
1003,,,,,,,,,,,,,,0.000002,0.000071,0.000065,0.000073,0.000097,0.000090,0.000081,0.000062,0.000053,0.000049,0.000073,0.000081,0.000097,0.000092,0.000098,0.000091,0.000103,0.000089,0.000053,0.000077,0.000089,0.000101,0.000113,0.000112,0.000030,0.000059,0.000068,0.000077,0.000082,0.000092,0.000097,0.000075,0.000053,0.000006,0.000025,0.000049,0.000061
1004,,,,,,,,,,,,,,0.000004,0.000103,0.000086,0.000081,0.000091,0.000084,0.000082,0.000067,0.000062,0.000061,0.000066,0.000064,0.000065,0.000067,0.000061,0.000068,0.000048,0.000056,0.000036,0.000078,0.000094,0.000114,0.000143,0.000127,0.000049,0.000116,0.000118,0.000094,0.000065,0.000042,0.000021,0.000013,0.000015,0.000007,0.000031,0.000084,0.000132
1005,,,,,,,,,,,,,,0.000003,0.000077,0.000073,0.000090,0.000100,0.000109,0.000095,0.000062,0.000065,0.000072,0.000084,0.000102,0.000102,0.000099,0.000109,0.000119,0.000112,0.000123,0.000090,0.000121,0.000114,0.000108,0.000092,0.000069,0.000055,0.000168,0.000181,0.000138,0.000083,0.000062,0.000043,0.000030,0.000021,0.000006,0.000043,0.000076,0.000100
1006,,,,,,,,,,,,,,0.000004,0.000097,0.000098,0.000113,0.000146,0.000140,0.000116,0.000092,0.000082,0.000091,0.000099,0.000106,0.000115,0.000111,0.000104,0.000103,0.000087,0.000102,0.000055,0.000088,0.000083,0.000080,0.000068,0.000051,0.000018,0.000028,0.000038,0.000041,0.000041,0.000041,0.000036,0.000028,0.000021,0.000006,0.000090,0.000115,0.000157
1007,,,,,,,,,,,,,,0.000004,0.000109,0.000115,0.000145,0.000203,0.000240,0.000247,0.000238,0.000295,0.000383,0.000469,0.000580,0.000697,0.000752,0.000816,0.000882,0.000766,0.000788,0.000363,0.000568,0.000512,0.000397,0.000316,0.000180,0.000030,0.000073,0.000079,0.000066,0.000051,0.000047,0.000035,0.000018,0.000009,0.000003,0.000038,0.000066,0.000087
1008,,,,,,,,,,,,,,0.000003,0.000072,0.000055,0.000041,0.000039,0.000038,0.000048,0.000038,0.000038,0.000044,0.000034,0.000027,0.000020,0.000024,0.000024,0.000031,0.000029,0.000034,0.000038,0.000053,0.000070,0.000092,0.000084,0.000081,0.000048,0.000177,0.000223,0.000163,0.000129,0.000104,0.000083,0.000053,0.000035,0.000008,0.000046,0.000078,0.000080
1009,,,,,,,,,,,,,,0.000002,0.000048,0.000053,0.000068,0.000099,0.000129,0.000153,0.000139,0.000177,0.000233,0.000276,0.000327,0.000358,0.000350,0.000340,0.000337,0.000300,0.000298,0.000146,0.000208,0.000165,0.000144,0.000144,0.000112,0.000021,0.000041,0.000065,0.000057,0.000028,0.000023,0.000013,0.000017,0.000029,0.000014,0.000070,0.000119,0.000142
1010,,,,,,,,,,,,,,0.000002,0.000074,0.000082,0.000097,0.000129,0.000150,0.000147,0.000118,0.000134,0.000156,0.000176,0.000222,0.000263,0.000284,0.000317,0.000348,0.000329,0.000354,0.000171,0.000284,0.000248,0.000203,0.000164,0.000100,0.000019,0.000037,0.000035,0.000024,0.000019,0.000018,0.000023,0.000015,0.000011,0.000002,0.000028,0.000046,0.000058
1011,,,,,,,,,,,,,,0.000001,0.000029,0.000030,0.000036,0.000049,0.000075,0.000087,0.000108,0.000111,0.000137,0.000144,0.000153,0.000166,0.000148,0.000157,0.000156,0.000133,0.000127,0.000080,0.000098,0.000087,0.000081,0.000076,0.000052,0.000024,0.000040,0.000049,0.000047,0.000052,0.000055,0.000053,0.000052,0.000049,0.000014,0.000041,0.000049,0.000052
1012,,,,,,,,,,,,,,0.000003,0.000111,0.000104,0.000095,0.000098,0.000104,0.000087,0.000051,0.000053,0.000051,0.000039,0.000026,0.000020,0.000022,0.000018,0.000014,0.000018,0.000016,0.000013,0.000028,0.000051,0.000100,0.000160,0.000178,0.000044,0.000160,0.000250,0.000249,0.000231,0.000216,0.000191,0.000128,0.000086,0.000011,0.000058,0.000072,0.000076
1013,,,,,,,,,,,,,,0.000005,0.000116,0.000110,0.000121,0.000147,0.000169,0.000142,0.000119,0.000107,0.000113,0.000111,0.000121,0.000128,0.000122,0.000138,0.000159,0.000176,0.000193,0.000130,0.000180,0.000156,0.000129,0.000105,0.000070,0.000018,0.000044,0.000066,0.000076,0.000084,0.000094,0.000101,0.000070,0.000038,0.000003,0.000039,0.000033,0.000048
1014,,,,,,,,,,,,,,0.000007,0.000173,0.000150,0.000135,0.000142,0.000139,0.000127,0.000107,0.000154,0.000220,0.000300,0.000371,0.000468,0.000511,0.000612,0.000722,0.000707,0.000770,0.000378,0.000582,0.000502,0.000362,0.000274,0.000151,0.000024,0.000073,0.000089,0.000069,0.000056,0.000047,0.000038,0.000021,0.000012,0.000003,0.000035,0.000056,0.000076
1015,,,,,,,,,,,,,,0.000008,0.000489,0.000577,0.000586,0.000643,0.000576,0.000414,0.000270,0.000231,0.000230,0.000212,0.000200,0.000194,0.000184,0.000173,0.000191,0.000191,0.000201,0.000116,0.000220,0.000217,0.000210,0.000196,0.000148,0.000041,0.000086,0.000102,0.000092,0.000064,0.000050,0.000029,0.000004,0.000004,0.000004,0.000037,0.000139,0.000203
1016,,,,,,,,,,,,,,0.000006,0.000137,0.000125,0.000121,0.000153,0.000152,0.000133,0.000093,0.000079,0.000081,0.000084,0.000090,0.000090,0.000083,0.000073,0.000076,0.000073,0.000085,0.000047,0.000059,0.000049,0.000043,0.000034,0.000044,0.000020,0.000051,0.000060,0.000059,0.000060,0.000053,0.000047,0.000038,0.000025,0.000004,0.000039,0.000075,0.000110
1017,,,,,,,,,,,,,,0.000004,0.000090,0.000096,0.000105,0.000132,0.000132,0.000126,0.000097,0.000091,0.000100,0.000113,0.000114,0.000119,0.000114,0.000105,0.000101,0.000092,0.000097,0.000046,0.000083,0.000074,0.000070,0.000062,0.000046,0.000041,0.000159,0.000171,0.000116,0.000083,0.000052,0.000036,0.000027,0.000025,0.000004,0.000054,0.000100,0.000151
1018,,,,,,,,,,,,,,0.000003,0.000085,0.000089,0.000098,0.000112,0.000123,0.000111,0.000104,0.000082,0.000087,0.000091,0.000098,0.000094,0.000081,0.000084,0.000089,0.000084,0.000080,0.000045,0.000082,0.000081,0.000071,0.000065,0.000041,0.000013,0.000044,0.000046,0.000042,0.000034,0.000028,0.000026,0.000017,0.000011,0.000002,0.000028,0.000052,0.000076
1019,,,,,,,,,,,,,,0.000003,0.000065,0.000062,0.000059,0.000056,0.000053,0.000048,0.000038,0.000036,0.000043,0.000049,0.000045,0.000051,0.000045,0.000041,0.000041,0.000032,0.000040,0.000028,0.000046,0.000052,0.000050,0.000043,0.000027,0.000024,0.000047,0.000051,0.000055,0.000048,0.000040,0.000041,0.000043,0.000033,0.000007,0.000033,0.000064,0.000080
1020,,,,,,,,,,,,,,0.000007,0.000175,0.000153,0.000148,0.000157,0.000159,0.000126,0.000070,0.000075,0.000081,0.000089,0.000088,0.000080,0.000065,0.000070,0.000066,0.000057,0.000050,0.000041,0.000063,0.000070,0.000078,0.000084,0.000074,0.000019,0.000044,0.000071,0.000069,0.000069,0.000056,0.000053,0.000039,0.000026,0.000005,0.000032,0.000062,0.000073
1021,,,,,,,,,,,,,,0.000002,0.000052,0.000061,0.000086,0.000105,0.000112,0.000098,0.000080,0.000075,0.000081,0.000091,0.000102,0.000108,0.000105,0.000104,0.000113,0.000093,0.000092,0.000040,0.000070,0.000061,0.000042,0.000034,0.000032,0.000014,0.000037,0.000048,0.000067,0.000096,0.000122,0.000116,0.000096,0.000081,0.000013,0.000044,0.000056,0.000076
1022,,,,,,,,,,,,,,0.000003,0.000073,0.000072,0.000079,0.000107,0.000107,0.000091,0.000064,0.000071,0.000078,0.000082,0.000090,0.000087,0.000099,0.000088,0.000090,0.000085,0.000088,0.000050,0.000067,0.000061,0.000057,0.000051,0.000027,0.000021,0.000058,0.000069,0.000062,0.000057,0.000053,0.000045,0.000033,0.000026,0.000007,0.000115,0.000178,0.000231
1023,,,,,,,,,,,,,,0.000003,0.000079,0.000087,0.000104,0.000127,0.000138,0.000119,0.000093,0.000101,0.000111,0.000118,0.000133,0.000156,0.000170,0.000185,0.000208,0.000222,0.000256,0.000185,0.000288,0.000256,0.000280,0.000194,0.000126,0.000044,0.000060,0.000057,0.000049,0.000036,0.000037,0.000025,0.000019,0.000012,0.000004,0.000044,0.000074,0.000110
1024,,,,,,,,,,,,,,0.000007,0.000153,0.000136,0.000127,0.000125,0.000131,0.000134,0.000117,0.000163,0.000186,0.000198,0.000219,0.000241,0.000256,0.000280,0.000297,0.000230,0.000223,0.000103,0.000150,0.000135,0.000115,0.000141,0.000149,0.000053,0.000139,0.000202,0.000182,0.000121,0.000068,0.000040,0.000016,0.000012,0.000005,0.000037,0.000053,0.000078
1025,,,,,,,,,,,,,,0.000012,0.000276,0.000233,0.000220,0.000238,0.000225,0.000170,0.000130,0.000120,0.000119,0.000121,0.000100,0.000089,0.000084,0.000081,0.000076,0.000060,0.000058,0.000040,0.000064,0.000061,0.000060,0.000057,0.000059,0.000032,0.000056,0.000049,0.000047,0.000041,0.000034,0.000030,0.000018,0.000009,0.000007,0.000048,0.000086,0.000110
1026,,,,,,,,,,,,,,0.000002,0.000073,0.000094,0.000139,0.000213,0.000264,0.000257,0.000201,0.000151,0.000152,0.000148,0.000137,0.000139,0.000129,0.000131,0.000134,0.000117,0.000128,0.000076,0.000126,0.000127,0.000126,0.000116,0.000085,0.000019,0.000032,0.000044,0.000036,0.000036,0.000035,0.000038,0.000028,0.000018,0.000004,0.000027,0.000052,0.000066
1027,,,,,,,,,,,,,,0.000002,0.000086,0.000100,0.000127,0.000146,0.000134,0.000101,0.000065,0.000049,0.000052,0.000036,0.000037,0.000031,0.000026,0.000014,0.000016,0.000014,0.000022,0.000023,0.000034,0.000034,0.000038,0.000040,0.000037,0.000030,0.000091,0.000104,0.000085,0.000064,0.000059,0.000051,0.000038,0.000038,0.000013,0.000062,0.000098,0.000113
1028,,,,,,,,,,,,,,0.000003,0.000056,0.000055,0.000059,0.000064,0.000063,0.000059,0.000053,0.000051,0.000048,0.000051,0.000068,0.000068,0.000056,0.000054,0.000065,0.000054,0.000053,0.000035,0.000050,0.000048,0.000050,0.000045,0.000041,0.000022,0.000031,0.000040,0.000050,0.000053,0.000050,0.000046,0.000031,0.000023,0.000007,0.000056,0.000084,0.000100
1029,,,,,,,,,,,,,,0.000005,0.000156,0.000125,0.000124,0.000152,0.000147,0.000122,0.000086,0.000076,0.000072,0.000082,0.000094,0.000086,0.000075,0.000078,0.000084,0.000086,0.000088,0.000054,0.000110,0.000122,0.000131,0.000144,0.000126,0.000053,0.000096,0.000108,0.000085,0.000062,0.000054,0.000038,0.000024,0.000021,0.000003,0.000022,0.000053,0.000071
1030,,,,,,,,,,,,,,0.000005,0.000212,0.000251,0.000317,0.000350,0.000333,0.000254,0.000159,0.000134,0.000133,0.000130,0.000126,0.000147,0.000150,0.000164,0.000183,0.000184,0.000206,0.000102,0.000179,0.000169,0.000150,0.000126,0.000099,0.000026,0.000052,0.000059,0.000054,0.000056,0.000053,0.000042,0.000031,0.000026,0.000004,0.000022,0.000044,0.000074
1031,,,,,,,,,,,,,,0.000002,0.000061,0.000066,0.000073,0.000090,0.000097,0.000087,0.000067,0.000071,0.000076,0.000084,0.000092,0.000109,0.000116,0.000117,0.000134,0.000126,0.000151,0.000082,0.000130,0.000117,0.000114,0.000112,0.000100,0.000022,0.000061,0.000099,0.000118,0.000128,0.000132,0.000141,0.000134,0.000110,0.000007,0.000042,0.000067,0.000089
1032,,,,,,,,,,,,,,0.000003,0.000068,0.000068,0.000067,0.000101,0.000115,0.000112,0.000091,0.000101,0.000104,0.000094,0.000075,0.000080,0.000080,0.000091,0.000102,0.000104,0.000121,0.000071,0.000119,0.000130,0.000130,0.000140,0.000120,0.000033,0.000080,0.000114,0.000127,0.000113,0.000090,0.000071,0.000050,0.000034,0.000005,0.000013,0.000024,0.000051
1033,,,,,,,,,,,,,,0.000003,0.000069,0.000071,0.000089,0.000116,0.000116,0.000099,0.000075,0.000063,0.000060,0.000073,0.000079,0.000085,0.000082,0.000087,0.000090,0.000087,0.000095,0.000066,0.000119,0.000121,0.000121,0.000126,0.000131,0.000065,0.000123,0.000066,0.000045,0.000039,0.000030,0.000025,0.000017,0.000012,0.000004,0.000051,0.000094,0.000130
1034,,,,,,,,,,,,,,0.000003,0.000080,0.000080,0.000091,0.000128,0.000142,0.000131,0.000111,0.000092,0.000111,0.000118,0.000135,0.000158,0.000178,0.000175,0.000193,0.000184,0.000226,0.000130,0.000229,0.000226,0.000208,0.000203,0.000149,0.000030,0.000129,0.000177,0.000178,0.000156,0.000137,0.000118,0.000084,0.000060,0.000005,0.000034,0.000059,0.000081
1035,,,,,,,,,,,,,,0.000003,0.000140,0.000204,0.000322,0.000483,0.000580,0.000579,0.000450,0.000317,0.000300,0.000266,0.000237,0.000228,0.000201,0.000196,0.000215,0.000165,0.000162,0.000081,0.000133,0.000137,0.000145,0.000165,0.000166,0.000033,0.000146,0.000245,0.000251,0.000182,0.000137,0.000109,0.000058,0.000030,0.000004,0.000034,0.000055,0.000075
1036,,,,,,,,,,,,,,0.000003,0.000084,0.000072,0.000065,0.000086,0.000098,0.000087,0.000080,0.000068,0.000068,0.000070,0.000068,0.000076,0.000080,0.000086,0.000103,0.000108,0.000123,0.000077,0.000178,0.000224,0.000263,0.000279,0.000221,0.000038,0.000126,0.000149,0.000132,0.000114,0.000088,0.000070,0.000044,0.000026,0.000005,0.000024,0.000025,0.000036
1037,,,,,,,,,,,,,,0.000009,0.000306,0.000265,0.000235,0.000227,0.000225,0.000175,0.000115,0.000114,0.000115,0.000095,0.000092,0.000091,0.000068,0.000071,0.000085,0.000081,0.000088,0.000047,0.000092,0.000108,0.000117,0.000149,0.000235,0.000101,0.000113,0.000087,0.000076,0.000062,0.000075,0.000045,0.000027,0.000017,0.000003,0.000026,0.000061,0.000114
1038,,,,,,,,,,,,,,0.000002,0.000039,0.000043,0.000041,0.000043,0.000044,0.000042,0.000039,0.000042,0.000049,0.000043,0.000047,0.000044,0.000030,0.000032,0.000046,0.000075,0.000075,0.000094,0.000134,0.000185,0.000272,0.000284,0.000248,0.000105,0.000171,0.000211,0.000208,0.000207,0.000228,0.000198,0.000120,0.000083,0.000017,0.000062,0.000102,0.000117
1039,,,,,,,,,,,,,,0.000004,0.000094,0.000093,0.000104,0.000129,0.000130,0.000104,0.000066,0.000079,0.000093,0.000088,0.000087,0.000102,0.000124,0.000151,0.000192,0.000248,0.000358,0.000273,0.000659,0.000828,0.000878,0.000817,0.000524,0.000070,0.000224,0.000270,0.000223,0.000164,0.000119,0.000091,0.000058,0.000037,0.000005,0.000025,0.000056,0.000068
1040,,,,,,,,,,,,,,0.000005,0.000083,0.000083,0.000085,0.000101,0.000100,0.000097,0.000085,0.000092,0.000091,0.000106,0.000108,0.000118,0.000149,0.000237,0.000203,0.000154,0.000173,0.000118,0.000193,0.000212,0.000223,0.000228,0.000192,0.000032,0.000050,0.000053,0.000045,0.000050,0.000055,0.000040,0.000025,0.000014,0.000003,0.000110,0.000346,0.000521
1041,,,,,,,,,,,,,,0.000003,0.000099,0.000075,0.000061,0.000051,0.000047,0.000045,0.000124,0.000079,0.000084,0.000085,0.000094,0.000092,0.000094,0.000120,0.000119,0.000108,0.000101,0.000214,0.000091,0.000089,0.000098,0.000088,0.000074,0.000038,0.000078,0.000094,0.000096,0.000083,0.000074,0.000056,0.000038,0.000025,0.000009,0.000024,0.000031,0.000029
1042,,,,,,,,,,,,,,0.000003,0.000020,0.000003,0.000026,0.000058,0.000141,0.000229,0.000371,0.000452,0.000564,0.000649,0.000705,0.000746,0.000733,0.000716,0.000699,0.000564,0.000533,0.000277,0.000387,0.000347,0.000268,0.000211,0.000129,0.000064,0.000101,0.000072,0.000057,0.000045,0.000047,0.000034,0.000023,0.000030,0.000014,0.000077,0.000095,0.000117
1043,,,,,,,,,,,,,,0.000004,0.000095,0.000096,0.000104,0.000123,0.000148,0.000141,0.000118,0.000111,0.000123,0.000132,0.000139,0.000160,0.000178,0.000201,0.000217,0.000190,0.000221,0.000113,0.000223,0.000241,0.000231,0.000220,0.000165,0.000027,0.000080,0.000108,0.000110,0.000094,0.000074,0.000067,0.000047,0.000036,0.000003,0.000022,0.000052,0.000083
1044,,,,,,,,,,,,,,0.000002,0.000071,0.000063,0.000055,0.000058,0.000055,0.000035,0.000040,0.000033,0.000051,0.000052,0.000058,0.000070,0.000082,0.000084,0.000110,0.000092,0.000097,0.000050,0.000074,0.000078,0.000080,0.000078,0.000064,0.000019,0.000038,0.000042,0.000039,0.000036,0.000036,0.000036,0.000030,0.000025,0.000005,0.000031,0.000057,0.000069
1045,,,,,,,,,,,,,,0.000003,0.000053,0.000047,0.000046,0.000049,0.000048,0.000035,0.000025,0.000020,0.000026,0.000033,0.000032,0.000039,0.000039,0.000036,0.000043,0.000042,0.000051,0.000040,0.000068,0.000078,0.000083,0.000084,0.000069,0.000020,0.000052,0.000062,0.000062,0.000056,0.000056,0.000051,0.000033,0.000026,0.000004,0.000025,0.000053,0.000061
1046,,,,,,,,,,,,,,0.000005,0.000064,0.000055,0.000067,0.000106,0.000140,0.000136,0.000120,0.000114,0.000130,0.000151,0.000165,0.000180,0.000187,0.000205,0.000206,0.000181,0.000186,0.000087,0.000145,0.000132,0.000125,0.000116,0.000095,0.000017,0.000038,0.000054,0.000060,0.000052,0.000061,0.000058,0.000037,0.000023,0.000005,0.000086,0.000234,0.000376
1047,,,,,,,,,,,,,,0.000002,0.000062,0.000069,0.000081,0.000102,0.000104,0.000088,0.000062,0.000071,0.000091,0.000102,0.000102,0.000118,0.000130,0.000136,0.000159,0.000147,0.000170,0.000083,0.000140,0.000132,0.000134,0.000134,0.000114,0.000024,0.000051,0.000054,0.000055,0.000073,0.000087,0.000098,0.000095,0.000097,0.000012,0.000067,0.000077,0.000091
1048,,,,,,,,,,,,,,0.000004,0.000222,0.000277,0.000327,0.000408,0.000453,0.000432,0.000434,0.000444,0.000545,0.000583,0.000630,0.000650,0.000640,0.000599,0.000553,0.000446,0.000440,0.000189,0.000304,0.000265,0.000221,0.000188,0.000129,0.000026,0.000063,0.000085,0.000075,0.000059,0.000050,0.000038,0.000021,0.000009,0.000002,0.000032,0.000052,0.000082
1049,,,,,,,,,,,,,,0.000003,0.000098,0.000105,0.000124,0.000158,0.000165,0.000131,0.000099,0.000111,0.000132,0.000136,0.000131,0.000133,0.000114,0.000130,0.000148,0.000146,0.000164,0.000107,0.000179,0.000197,0.000207,0.000237,0.000248,0.000041,0.000119,0.000182,0.000218,0.000180,0.000144,0.000115,0.000074,0.000051,0.000007,0.000030,0.000049,0.000064
1050,,,,,,,,,,,,,,0.000011,0.000295,0.000274,0.000233,0.000231,0.000226,0.000178,0.000128,0.000093,0.000092,0.000087,0.000093,0.000094,0.000092,0.000086,0.000087,0.000102,0.000112,0.000097,0.000129,0.000140,0.000140,0.000136,0.000127,0.000034,0.000085,0.000117,0.000136,0.000137,0.000135,0.000121,0.000074,0.000049,0.000005,0.000011,0.000020,0.000018
1051,,,,,,,,,,,,,,0.000005,0.000130,0.000114,0.000117,0.000119,0.000120,0.000104,0.000087,0.000078,0.000085,0.000088,0.000096,0.000098,0.000090,0.000094,0.000076,0.000074,0.000077,0.000046,0.000079,0.000079,0.000076,0.000063,0.000044,0.000025,0.000048,0.000047,0.000047,0.000040,0.000035,0.000033,0.000026,0.000020,0.000006,0.000036,0.000061,0.000078
1052,,,,,,,,,,,,,,0.000002,0.000067,0.000067,0.000076,0.000091,0.000089,0.000069,0.000039,0.000043,0.000047,0.000041,0.000038,0.000037,0.000033,0.000032,0.000044,0.000045,0.000054,0.000036,0.000069,0.000079,0.000082,0.000080,0.000069,0.000024,0.000055,0.000072,0.000091,0.000090,0.000086,0.000090,0.000064,0.000054,0.000006,0.000022,0.000049,0.000055
1053,,,,,,,,,,,,,,0.000004,0.000102,0.000122,0.000147,0.000184,0.000195,0.000171,0.000113,0.000115,0.000135,0.000133,0.000131,0.000145,0.000138,0.000186,0.000227,0.000144,0.000156,0.000082,0.000145,0.000149,0.000143,0.000138,0.000101,0.000021,0.000069,0.000093,0.000085,0.000078,0.000058,0.000044,0.000025,0.000014,0.000003,0.000037,0.000072,0.000109
1054,,,,,,,,,,,,,,0.000003,0.000079,0.000083,0.000098,0.000124,0.000140,0.000123,0.000093,0.000097,0.000118,0.000135,0.000159,0.000183,0.000199,0.000200,0.000191,0.000164,0.000176,0.000077,0.000146,0.000143,0.000132,0.000116,0.000093,0.000022,0.000057,0.000076,0.000077,0.000080,0.000075,0.000064,0.000042,0.000029,0.000003,0.000031,0.000051,0.000084
1055,,,,,,,,,,,,,,0.000012,0.000246,0.000224,0.000243,0.000277,0.000291,0.000233,0.000150,0.000145,0.000156,0.000164,0.000164,0.000169,0.000170,0.000161,0.000154,0.000143,0.000132,0.000058,0.000099,0.000101,0.000097,0.000093,0.000064,0.000022,0.000053,0.000050,0.000041,0.000039,0.000032,0.000022,0.000016,0.000011,0.000004,0.000039,0.000080,0.000127
1056,,,,,,,,,,,,,,0.000003,0.000082,0.000088,0.000107,0.000122,0.000128,0.000103,0.000084,0.000081,0.000097,0.000106,0.000122,0.000140,0.000143,0.000149,0.000156,0.000142,0.000158,0.000095,0.000159,0.000167,0.000157,0.000166,0.000136,0.000045,0.000095,0.000105,0.000093,0.000068,0.000055,0.000038,0.000021,0.000015,0.000003,0.000028,0.000053,0.000086
1057,,,,,,,,,,,,,,0.000005,0.000094,0.000087,0.000092,0.000116,0.000112,0.000094,0.000068,0.000062,0.000067,0.000074,0.000086,0.000098,0.000118,0.000146,0.000166,0.000188,0.000242,0.000118,0.000197,0.000158,0.000123,0.000089,0.000053,0.000012,0.000030,0.000031,0.000039,0.000042,0.000049,0.000045,0.000034,0.000022,0.000004,0.000052,0.000130,0.000197
1058,,,,,,,,,,,,,,0.000008,0.000154,0.000158,0.000174,0.000204,0.000204,0.000178,0.000124,0.000109,0.000116,0.000121,0.000120,0.000124,0.000119,0.000117,0.000123,0.000108,0.000125,0.000061,0.000108,0.000104,0.000099,0.000090,0.000067,0.000014,0.000046,0.000065,0.000060,0.000056,0.000057,0.000059,0.000040,0.000031,0.000002,0.000039,0.000082,0.000141
1059,,,,,,,,,,,,,,0.000003,0.000079,0.000074,0.000078,0.000097,0.000110,0.000098,0.000086,0.000080,0.000088,0.000099,0.000112,0.000112,0.000109,0.000097,0.000088,0.000071,0.000069,0.000040,0.000054,0.000047,0.000040,0.000040,0.000024,0.000023,0.000043,0.000041,0.000042,0.000044,0.000037,0.000022,0.000018,0.000015,0.000007,0.000037,0.000055,0.000061
1060,,,,,,,,,,,,,,0.000002,0.000047,0.000046,0.000040,0.000048,0.000059,0.000048,0.000047,0.000038,0.000044,0.000043,0.000048,0.000050,0.000046,0.000039,0.000041,0.000043,0.000052,0.000044,0.000083,0.000106,0.000103,0.000107,0.000081,0.000029,0.000054,0.000067,0.000066,0.000065,0.000066,0.000059,0.000045,0.000029,0.000008,0.000044,0.000058,0.000084
1061,,,,,,,,,,,,,,0.000002,0.000052,0.000046,0.000046,0.000056,0.000064,0.000071,0.000054,0.000060,0.000070,0.000074,0.000092,0.000094,0.000087,0.000084,0.000093,0.000090,0.000089,0.000085,0.000094,0.000109,0.000130,0.000174,0.000205,0.000076,0.000114,0.000090,0.000076,0.000061,0.000045,0.000035,0.000028,0.000021,0.000008,0.000030,0.000051,0.000067
1062,,,,,,,,,,,,,,0.000004,0.000091,0.000081,0.000088,0.000089,0.000086,0.000080,0.000054,0.000049,0.000056,0.000051,0.000049,0.000046,0.000035,0.000040,0.000052,0.000058,0.000059,0.000046,0.000050,0.000055,0.000071,0.000069,0.000056,0.000025,0.000053,0.000062,0.000062,0.000061,0.000057,0.000056,0.000041,0.000027,0.000005,0.000031,0.000058,0.000074
1063,,,,,,,,,,,,,,0.000003,0.000105,0.000125,0.000148,0.000186,0.000186,0.000157,0.000098,0.000083,0.000081,0.000085,0.000089,0.000096,0.000094,0.000104,0.000100,0.000096,0.000099,0.000053,0.000125,0.000152,0.000179,0.000192,0.000154,0.000036,0.000041,0.000046,0.000034,0.000030,0.000027,0.000023,0.000023,0.000025,0.000013,0.000078,0.000130,0.000165
1064,,,,,,,,,,,,,,0.000002,0.000075,0.000072,0.000074,0.000089,0.000103,0.000092,0.000071,0.000063,0.000066,0.000062,0.000057,0.000066,0.000077,0.000076,0.000083,0.000082,0.000089,0.000067,0.000083,0.000091,0.000085,0.000081,0.000059,0.000014,0.000032,0.000052,0.000052,0.000053,0.000053,0.000042,0.000027,0.000021,0.000005,0.000033,0.000055,0.000058
1065,,,,,,,,,,,,,,0.000003,0.000073,0.000068,0.000069,0.000083,0.000076,0.000074,0.000050,0.000053,0.000064,0.000072,0.000080,0.000074,0.000067,0.000069,0.000062,0.000056,0.000067,0.000043,0.000073,0.000075,0.000088,0.000108,0.000123,0.000073,0.000131,0.000149,0.000131,0.000095,0.000070,0.000054,0.000032,0.000023,0.000004,0.000027,0.000050,0.000057
1066,,,,,,,,,,,,,,0.000002,0.000051,0.000052,0.000058,0.000065,0.000063,0.000060,0.000043,0.000036,0.000046,0.000058,0.000068,0.000069,0.000068,0.000070,0.000067,0.000063,0.000066,0.000043,0.000072,0.000082,0.000094,0.000108,0.000097,0.000028,0.000100,0.000188,0.000251,0.000244,0.000216,0.000156,0.000079,0.000040,0.000004,0.000017,0.000037,0.000055
1067,,,,,,,,,,,,,,0.000004,0.000081,0.000080,0.000093,0.000112,0.000109,0.000102,0.000078,0.000082,0.000103,0.000119,0.000147,0.000151,0.000136,0.000124,0.000111,0.000102,0.000107,0.000062,0.000092,0.000091,0.000080,0.000074,0.000064,0.000028,0.000062,0.000078,0.000069,0.000055,0.000051,0.000042,0.000026,0.000017,0.000007,0.000036,0.000071,0.000086
